time,Open,High,Low,Close,Volume,spread,real_volume
2025-06-03 12:45:00,0.64609,0.6461,0.64567,0.64589,534,0,0
2025-06-03 13:00:00,0.64589,0.64591,0.64564,0.64584,490,0,0
2025-06-03 13:15:00,0.64584,0.64605,0.64572,0.64605,418,0,0
2025-06-03 13:30:00,0.64605,0.64647,0.64576,0.64629,668,0,0
2025-06-03 13:45:00,0.64629,0.6463,0.64553,0.64571,654,0,0
2025-06-03 14:00:00,0.64571,0.64578,0.6454,0.64561,502,0,0
2025-06-03 14:15:00,0.64561,0.64561,0.64539,0.64553,375,0,0
2025-06-03 14:30:00,0.64553,0.646,0.64553,0.64592,384,0,0
2025-06-03 14:45:00,0.64592,0.64598,0.64557,0.6457,416,0,0
2025-06-03 15:00:00,0.6457,0.646,0.64528,0.64534,642,0,0
2025-06-03 15:15:00,0.64535,0.64536,0.64502,0.64524,490,0,0
2025-06-03 15:30:00,0.64523,0.64572,0.64485,0.6454,678,0,0
2025-06-03 15:45:00,0.6454,0.64549,0.64508,0.64522,608,0,0
2025-06-03 16:00:00,0.64522,0.64613,0.64515,0.64605,614,0,0
2025-06-03 16:15:00,0.64605,0.64605,0.6454,0.64545,604,0,0
2025-06-03 16:30:00,0.64545,0.64611,0.64524,0.64598,886,0,0
2025-06-03 16:45:00,0.64599,0.64602,0.64528,0.64542,880,0,0
2025-06-03 17:00:00,0.64542,0.64591,0.6447,0.6458,1380,0,0
2025-06-03 17:15:00,0.6458,0.64703,0.64571,0.64699,1075,0,0
2025-06-03 17:30:00,0.64699,0.64721,0.64659,0.64689,966,0,0
2025-06-03 17:45:00,0.6469,0.64693,0.64638,0.64678,816,0,0
2025-06-03 18:00:00,0.64679,0.64699,0.64606,0.64614,904,0,0
2025-06-03 18:15:00,0.64614,0.64633,0.64593,0.64627,762,0,0
2025-06-03 18:30:00,0.64627,0.64649,0.64606,0.64616,536,0,0
2025-06-03 18:45:00,0.64616,0.6466,0.64589,0.64611,593,0,0
2025-06-03 19:00:00,0.64611,0.64647,0.6461,0.6463,514,0,0
2025-06-03 19:15:00,0.64631,0.64633,0.64598,0.64603,537,0,0
2025-06-03 19:30:00,0.64603,0.64604,0.64557,0.6457,525,0,0
2025-06-03 19:45:00,0.64571,0.64606,0.64564,0.64597,455,0,0
2025-06-03 20:00:00,0.64597,0.64657,0.64595,0.64652,484,0,0
2025-06-03 20:15:00,0.64652,0.64702,0.6463,0.64688,399,0,0
2025-06-03 20:30:00,0.64688,0.64703,0.6468,0.64701,268,0,0
2025-06-03 20:45:00,0.64701,0.64702,0.64671,0.64685,322,0,0
2025-06-03 21:00:00,0.64685,0.64685,0.64629,0.64636,467,0,0
2025-06-03 21:15:00,0.64636,0.64653,0.64629,0.64649,339,0,0
2025-06-03 21:30:00,0.64649,0.6466,0.64637,0.64649,333,0,0
2025-06-03 21:45:00,0.64649,0.64689,0.64645,0.64682,440,0,0
2025-06-03 22:00:00,0.64682,0.64692,0.64667,0.64671,217,0,0
2025-06-03 22:15:00,0.64671,0.64671,0.64656,0.6466,220,0,0
2025-06-03 22:30:00,0.6466,0.64677,0.64653,0.64663,223,0,0
2025-06-03 22:45:00,0.64663,0.64663,0.64625,0.64638,254,0,0
2025-06-03 23:00:00,0.64638,0.64654,0.64625,0.64654,150,0,0
2025-06-03 23:15:00,0.64654,0.64655,0.6464,0.64648,73,0,0
2025-06-03 23:30:00,0.64648,0.64672,0.64647,0.6467,84,0,0
2025-06-03 23:45:00,0.6467,0.64671,0.64618,0.6462,152,5,0
2025-06-04 00:00:00,0.64611,0.64611,0.64455,0.64493,89,20,0
2025-06-04 00:15:00,0.64493,0.64592,0.64491,0.64592,130,111,0
2025-06-04 00:30:00,0.64592,0.64624,0.64562,0.64624,101,74,0
2025-06-04 00:45:00,0.64624,0.64627,0.64608,0.64618,70,59,0
2025-06-04 01:00:00,0.64618,0.64654,0.64599,0.64653,135,0,0
2025-06-04 01:15:00,0.64653,0.64671,0.64648,0.64656,194,0,0
2025-06-04 01:30:00,0.64656,0.64662,0.64631,0.64641,116,0,0
2025-06-04 01:45:00,0.64641,0.64647,0.64628,0.64631,77,0,0
2025-06-04 02:00:00,0.64631,0.64643,0.64624,0.6464,128,0,0
2025-06-04 02:15:00,0.6464,0.64643,0.64612,0.64629,119,0,0
2025-06-04 02:30:00,0.64629,0.64647,0.64626,0.64646,115,0,0
2025-06-04 02:45:00,0.64646,0.64667,0.64639,0.64646,272,0,0
2025-06-04 03:00:00,0.64646,0.64666,0.64575,0.64581,540,0,0
2025-06-04 03:15:00,0.64581,0.64624,0.64575,0.64606,392,0,0
2025-06-04 03:30:00,0.64607,0.64619,0.64587,0.646,406,0,0
2025-06-04 03:45:00,0.64601,0.64655,0.64593,0.64608,537,0,0
2025-06-04 04:00:00,0.64608,0.6464,0.64538,0.64636,703,0,0
2025-06-04 04:15:00,0.64636,0.64659,0.64609,0.64617,520,0,0
2025-06-04 04:30:00,0.64616,0.64747,0.64536,0.6468,1067,0,0
2025-06-04 04:45:00,0.6468,0.64745,0.64677,0.64732,781,0,0
2025-06-04 05:00:00,0.64732,0.64802,0.64715,0.64748,713,0,0
2025-06-04 05:15:00,0.64748,0.64756,0.6469,0.64693,483,0,0
2025-06-04 05:30:00,0.64693,0.64695,0.64625,0.64637,402,0,0
2025-06-04 05:45:00,0.64637,0.6466,0.64621,0.64637,355,0,0
2025-06-04 06:00:00,0.64637,0.64669,0.64621,0.64638,442,0,0
2025-06-04 06:15:00,0.64638,0.64638,0.64609,0.64625,312,0,0
2025-06-04 06:30:00,0.64625,0.64627,0.6459,0.64602,413,0,0
2025-06-04 06:45:00,0.64602,0.64652,0.64599,0.64635,442,0,0
2025-06-04 07:00:00,0.64635,0.64675,0.64594,0.64646,479,0,0
2025-06-04 07:15:00,0.64646,0.64649,0.646,0.64641,379,0,0
2025-06-04 07:30:00,0.64641,0.64644,0.6459,0.6461,307,0,0
2025-06-04 07:45:00,0.6461,0.64612,0.64553,0.64563,356,0,0
2025-06-04 08:00:00,0.64563,0.64589,0.64554,0.64571,343,0,0
2025-06-04 08:15:00,0.64571,0.64571,0.6454,0.64555,267,0,0
2025-06-04 08:30:00,0.64554,0.64586,0.64505,0.64586,539,0,0
2025-06-04 08:45:00,0.64586,0.64603,0.64558,0.64563,487,0,0
2025-06-04 09:00:00,0.64563,0.64599,0.64531,0.64592,736,0,0
2025-06-04 09:15:00,0.64592,0.64611,0.64554,0.64592,660,0,0
2025-06-04 09:30:00,0.64592,0.64633,0.64589,0.64625,669,0,0
2025-06-04 09:45:00,0.64625,0.64638,0.64598,0.64627,653,0,0
2025-06-04 10:00:00,0.64627,0.64657,0.64611,0.64632,665,0,0
2025-06-04 10:15:00,0.64631,0.64703,0.64629,0.64702,452,0,0
2025-06-04 10:30:00,0.64702,0.64746,0.64669,0.64695,688,0,0
2025-06-04 10:45:00,0.64695,0.64701,0.64616,0.64619,695,0,0
2025-06-04 11:00:00,0.64619,0.64654,0.64591,0.64649,548,0,0
2025-06-04 11:15:00,0.64649,0.64694,0.64648,0.64688,534,0,0
2025-06-04 11:30:00,0.64689,0.64747,0.64688,0.64736,578,0,0
2025-06-04 11:45:00,0.64736,0.64763,0.64736,0.64746,445,0,0
2025-06-04 12:00:00,0.64746,0.64755,0.6472,0.64733,423,0,0
2025-06-04 12:15:00,0.64733,0.6477,0.64714,0.64767,496,0,0
2025-06-04 12:30:00,0.64767,0.64801,0.64751,0.64764,582,0,0
2025-06-04 12:45:00,0.64764,0.64775,0.64743,0.6475,414,0,0
2025-06-04 13:00:00,0.6475,0.64786,0.64744,0.6478,602,0,0
2025-06-04 13:15:00,0.6478,0.64812,0.64746,0.64751,454,0,0
2025-06-04 13:30:00,0.64751,0.64755,0.64732,0.64745,368,0,0
2025-06-04 13:45:00,0.64745,0.64766,0.64742,0.64764,480,0,0
2025-06-04 14:00:00,0.64764,0.64778,0.64747,0.64771,372,0,0
2025-06-04 14:15:00,0.64771,0.64783,0.6476,0.64762,418,0,0
2025-06-04 14:30:00,0.64762,0.64843,0.64757,0.6484,497,0,0
2025-06-04 14:45:00,0.6484,0.64867,0.64831,0.64832,456,0,0
2025-06-04 15:00:00,0.64832,0.64871,0.64832,0.64842,442,0,0
2025-06-04 15:15:00,0.64842,0.6494,0.64842,0.64882,1236,0,0
2025-06-04 15:30:00,0.64882,0.64898,0.6486,0.64883,816,0,0
2025-06-04 15:45:00,0.64883,0.64934,0.64881,0.64923,679,0,0
2025-06-04 16:00:00,0.64924,0.64943,0.64882,0.64898,630,0,0
2025-06-04 16:15:00,0.64898,0.64932,0.64878,0.64906,552,0,0
2025-06-04 16:30:00,0.64906,0.64938,0.64888,0.64926,775,0,0
2025-06-04 16:45:00,0.64927,0.64937,0.64882,0.64888,964,0,0
2025-06-04 17:00:00,0.64886,0.65006,0.64885,0.64994,1500,0,0
2025-06-04 17:15:00,0.64996,0.65011,0.64956,0.64982,1000,0,0
2025-06-04 17:30:00,0.64982,0.65014,0.64953,0.65002,807,0,0
2025-06-04 17:45:00,0.65002,0.65017,0.64965,0.65006,781,0,0
2025-06-04 18:00:00,0.65006,0.65006,0.6493,0.64935,755,0,0
2025-06-04 18:15:00,0.64935,0.64948,0.64884,0.64904,681,0,0
2025-06-04 18:30:00,0.64904,0.64933,0.64887,0.6491,723,0,0
2025-06-04 18:45:00,0.64911,0.64978,0.64911,0.64975,661,0,0
2025-06-04 19:00:00,0.64975,0.64998,0.64963,0.64969,614,0,0
2025-06-04 19:15:00,0.64969,0.64985,0.64955,0.64984,401,0,0
2025-06-04 19:30:00,0.64985,0.6502,0.64983,0.65,471,0,0
2025-06-04 19:45:00,0.65,0.65043,0.64992,0.65035,387,0,0
2025-06-04 20:00:00,0.65035,0.65036,0.65015,0.65027,357,0,0
2025-06-04 20:15:00,0.65027,0.6503,0.65006,0.65012,367,0,0
2025-06-04 20:30:00,0.65012,0.65035,0.6501,0.65034,371,0,0
2025-06-04 20:45:00,0.65034,0.65046,0.65013,0.6502,426,0,0
2025-06-04 21:00:00,0.65019,0.65032,0.64987,0.65024,461,0,0
2025-06-04 21:15:00,0.65024,0.65027,0.65008,0.65019,281,0,0
2025-06-04 21:30:00,0.65019,0.65021,0.64989,0.64999,273,0,0
2025-06-04 21:45:00,0.64999,0.65003,0.64983,0.64986,368,0,0
2025-06-04 22:00:00,0.64986,0.65,0.64973,0.64987,254,0,0
2025-06-04 22:15:00,0.64987,0.64988,0.64952,0.64962,232,0,0
2025-06-04 22:30:00,0.64962,0.64972,0.64947,0.64949,263,0,0
2025-06-04 22:45:00,0.64949,0.64958,0.64922,0.64922,340,0,0
2025-06-04 23:00:00,0.64922,0.64932,0.64916,0.64931,150,0,0
2025-06-04 23:15:00,0.64931,0.64934,0.64911,0.6493,138,0,0
2025-06-04 23:30:00,0.6493,0.64949,0.6493,0.64942,147,0,0
2025-06-04 23:45:00,0.64942,0.6495,0.64916,0.64917,192,5,0
2025-06-05 00:00:00,0.64916,0.64916,0.64787,0.64841,102,22,0
2025-06-05 00:15:00,0.64841,0.64905,0.64841,0.64894,80,64,0
2025-06-05 00:30:00,0.64894,0.6491,0.64867,0.64871,50,55,0
2025-06-05 00:45:00,0.64871,0.6488,0.64865,0.64866,71,44,0
2025-06-05 01:00:00,0.64866,0.64927,0.64866,0.64927,129,0,0
2025-06-05 01:15:00,0.64927,0.64937,0.64922,0.64936,109,0,0
2025-06-05 01:30:00,0.64936,0.64942,0.64926,0.64936,107,0,0
2025-06-05 01:45:00,0.64936,0.64949,0.64919,0.64921,166,0,0
2025-06-05 02:00:00,0.64921,0.64939,0.6492,0.6493,155,0,0
2025-06-05 02:15:00,0.6493,0.64952,0.64923,0.64928,166,0,0
2025-06-05 02:30:00,0.64928,0.64931,0.64906,0.64906,176,0,0
2025-06-05 02:45:00,0.64906,0.6492,0.64892,0.64896,207,0,0
2025-06-05 03:00:00,0.64896,0.64978,0.64894,0.64978,581,0,0
2025-06-05 03:15:00,0.64978,0.65019,0.64945,0.65009,389,0,0
2025-06-05 03:30:00,0.65009,0.65035,0.64993,0.65017,475,0,0
2025-06-05 03:45:00,0.65017,0.6503,0.65005,0.65017,532,0,0
2025-06-05 04:00:00,0.65017,0.65094,0.65014,0.65037,596,0,0
2025-06-05 04:15:00,0.65037,0.65046,0.64985,0.65025,628,0,0
2025-06-05 04:30:00,0.65025,0.6504,0.64978,0.64991,616,0,0
2025-06-05 04:45:00,0.6499,0.64997,0.64975,0.64988,605,0,0
2025-06-05 05:00:00,0.64987,0.64998,0.64928,0.64946,542,0,0
2025-06-05 05:15:00,0.64946,0.6496,0.64923,0.64954,369,0,0
2025-06-05 05:30:00,0.64954,0.64981,0.64904,0.64933,408,0,0
2025-06-05 05:45:00,0.64933,0.64965,0.64923,0.64962,397,0,0
2025-06-05 06:00:00,0.64962,0.6497,0.64933,0.64939,424,0,0
2025-06-05 06:15:00,0.64939,0.64977,0.64933,0.64969,372,0,0
2025-06-05 06:30:00,0.64969,0.64986,0.64929,0.64947,575,0,0
2025-06-05 06:45:00,0.64947,0.64954,0.6486,0.64878,611,0,0
2025-06-05 07:00:00,0.64878,0.64914,0.64867,0.64895,512,0,0
2025-06-05 07:15:00,0.64895,0.64916,0.64872,0.64905,395,0,0
2025-06-05 07:30:00,0.64905,0.6493,0.64892,0.64927,327,0,0
2025-06-05 07:45:00,0.64927,0.64931,0.64894,0.64931,226,0,0
2025-06-05 08:00:00,0.64931,0.64935,0.64888,0.64917,411,0,0
2025-06-05 08:15:00,0.64917,0.64928,0.64903,0.64922,349,0,0
2025-06-05 08:30:00,0.64921,0.64943,0.64903,0.64935,411,0,0
2025-06-05 08:45:00,0.64935,0.64936,0.64891,0.64898,403,0,0
2025-06-05 09:00:00,0.64898,0.6497,0.64876,0.64968,535,0,0
2025-06-05 09:15:00,0.64968,0.64994,0.64949,0.64973,393,0,0
2025-06-05 09:30:00,0.64973,0.64981,0.64917,0.64945,524,0,0
2025-06-05 09:45:00,0.64945,0.64964,0.64932,0.64941,506,0,0
2025-06-05 10:00:00,0.64941,0.65066,0.64925,0.65062,595,0,0
2025-06-05 10:15:00,0.65062,0.65087,0.65021,0.65051,601,0,0
2025-06-05 10:30:00,0.65051,0.6508,0.65024,0.65035,440,0,0
2025-06-05 10:45:00,0.65035,0.65046,0.64999,0.65007,500,0,0
2025-06-05 11:00:00,0.65007,0.65043,0.65007,0.65014,718,0,0
2025-06-05 11:15:00,0.65014,0.65016,0.64977,0.64997,399,0,0
2025-06-05 11:30:00,0.64997,0.65028,0.64994,0.65023,343,0,0
2025-06-05 11:45:00,0.65023,0.65058,0.65021,0.65052,401,0,0
2025-06-05 12:00:00,0.65052,0.65093,0.65046,0.65087,515,0,0
2025-06-05 12:15:00,0.65087,0.65139,0.65065,0.65131,514,0,0
2025-06-05 12:30:00,0.65131,0.65136,0.65105,0.6512,605,0,0
2025-06-05 12:45:00,0.6512,0.65124,0.65094,0.65101,537,0,0
2025-06-05 13:00:00,0.65101,0.65138,0.65096,0.65126,506,0,0
2025-06-05 13:15:00,0.65126,0.65144,0.65115,0.65136,370,0,0
2025-06-05 13:30:00,0.65136,0.65149,0.65121,0.65131,401,0,0
2025-06-05 13:45:00,0.65131,0.65132,0.65104,0.65107,391,0,0
2025-06-05 14:00:00,0.65107,0.6514,0.65102,0.65118,498,0,0
2025-06-05 14:15:00,0.65118,0.65127,0.65076,0.65077,489,0,0
2025-06-05 14:30:00,0.65077,0.65091,0.6506,0.65086,518,0,0
2025-06-05 14:45:00,0.65086,0.65113,0.65076,0.65092,451,0,0
2025-06-05 15:00:00,0.65091,0.65102,0.65075,0.6508,458,0,0
2025-06-05 15:15:00,0.6508,0.65168,0.65045,0.65151,1071,0,0
2025-06-05 15:30:00,0.65151,0.65197,0.6515,0.6518,1160,0,0
2025-06-05 15:45:00,0.6518,0.6526,0.65151,0.65179,1540,0,0
2025-06-05 16:00:00,0.65179,0.65275,0.65137,0.65272,1237,0,0
2025-06-05 16:15:00,0.65273,0.65379,0.65247,0.65358,1278,0,0
2025-06-05 16:30:00,0.65358,0.6538,0.65338,0.65364,1252,0,0
2025-06-05 16:45:00,0.65364,0.65367,0.65251,0.65265,1219,0,0
2025-06-05 17:00:00,0.65265,0.65268,0.65165,0.65205,1154,0,0
2025-06-05 17:15:00,0.65205,0.65246,0.65177,0.65237,827,0,0
2025-06-05 17:30:00,0.65237,0.65273,0.65207,0.65261,1111,0,0
2025-06-05 17:45:00,0.65261,0.6531,0.65224,0.65241,1413,0,0
2025-06-05 18:00:00,0.65241,0.65256,0.65183,0.65209,1068,0,0
2025-06-05 18:15:00,0.6521,0.65262,0.65191,0.6524,857,0,0
2025-06-05 18:30:00,0.6524,0.65245,0.65137,0.6514,829,0,0
2025-06-05 18:45:00,0.6514,0.6517,0.65109,0.65157,804,0,0
2025-06-05 19:00:00,0.65157,0.65176,0.65128,0.65157,656,0,0
2025-06-05 19:15:00,0.65157,0.65165,0.65125,0.65136,660,0,0
2025-06-05 19:30:00,0.65136,0.65155,0.6512,0.6513,422,0,0
2025-06-05 19:45:00,0.6513,0.65146,0.65106,0.65141,729,0,0
2025-06-05 20:00:00,0.65141,0.65158,0.65116,0.65137,420,0,0
2025-06-05 20:15:00,0.65137,0.6517,0.65137,0.65165,394,0,0
2025-06-05 20:30:00,0.65165,0.65181,0.65143,0.65158,378,0,0
2025-06-05 20:45:00,0.65158,0.65167,0.65127,0.65165,403,0,0
2025-06-05 21:00:00,0.65165,0.65166,0.65097,0.65105,502,0,0
2025-06-05 21:15:00,0.65105,0.65133,0.65075,0.6512,441,0,0
2025-06-05 21:30:00,0.6512,0.65137,0.651,0.65104,456,0,0
2025-06-05 21:45:00,0.65104,0.65116,0.65078,0.65105,494,0,0
2025-06-05 22:00:00,0.65105,0.65124,0.6507,0.65072,544,0,0
2025-06-05 22:15:00,0.65072,0.65094,0.65032,0.65079,716,0,0
2025-06-05 22:30:00,0.65079,0.65093,0.65062,0.65068,540,0,0
2025-06-05 22:45:00,0.65068,0.65091,0.65056,0.65073,396,0,0
2025-06-05 23:00:00,0.65073,0.65107,0.6506,0.65105,248,0,0
2025-06-05 23:15:00,0.65105,0.65105,0.6508,0.65081,200,0,0
2025-06-05 23:30:00,0.65081,0.65082,0.65063,0.65076,137,0,0
2025-06-05 23:45:00,0.65076,0.65088,0.65047,0.65053,96,5,0
2025-06-06 00:00:00,0.65048,0.65048,0.64971,0.65026,47,26,0
2025-06-06 00:15:00,0.65026,0.65036,0.6499,0.65007,52,83,0
2025-06-06 00:30:00,0.65007,0.65034,0.65005,0.65034,138,59,0
2025-06-06 00:45:00,0.65034,0.65034,0.65014,0.65027,118,43,0
2025-06-06 01:00:00,0.65027,0.65057,0.65017,0.65057,137,0,0
2025-06-06 01:15:00,0.65057,0.65075,0.6505,0.6505,153,0,0
2025-06-06 01:30:00,0.6505,0.65073,0.65048,0.65073,143,0,0
2025-06-06 01:45:00,0.65073,0.65091,0.65071,0.65091,217,0,0
2025-06-06 02:00:00,0.65091,0.65111,0.6508,0.65104,196,0,0
2025-06-06 02:15:00,0.65104,0.65104,0.6507,0.65072,134,0,0
2025-06-06 02:30:00,0.65072,0.65088,0.65072,0.65087,126,0,0
2025-06-06 02:45:00,0.65087,0.65118,0.65085,0.65102,310,0,0
2025-06-06 03:00:00,0.65102,0.65172,0.651,0.65163,583,0,0
2025-06-06 03:15:00,0.65163,0.65168,0.65116,0.65129,385,0,0
2025-06-06 03:30:00,0.65129,0.65135,0.65111,0.65121,359,0,0
2025-06-06 03:45:00,0.65121,0.65136,0.65089,0.65099,495,0,0
2025-06-06 04:00:00,0.65099,0.65136,0.65064,0.65122,463,0,0
2025-06-06 04:15:00,0.65122,0.65137,0.65098,0.65125,522,0,0
2025-06-06 04:30:00,0.65125,0.65133,0.65049,0.65084,672,0,0
2025-06-06 04:45:00,0.65084,0.65105,0.65023,0.65035,544,0,0
2025-06-06 05:00:00,0.65035,0.65038,0.64957,0.65006,567,0,0
2025-06-06 05:15:00,0.65006,0.65007,0.64939,0.64959,493,0,0
2025-06-06 05:30:00,0.64959,0.64959,0.64928,0.64951,424,0,0
2025-06-06 05:45:00,0.64951,0.64988,0.64944,0.64957,411,0,0
2025-06-06 06:00:00,0.64957,0.64989,0.64953,0.64985,489,0,0
2025-06-06 06:15:00,0.64985,0.65007,0.64977,0.64992,472,0,0
2025-06-06 06:30:00,0.64992,0.6501,0.64974,0.65004,368,0,0
2025-06-06 06:45:00,0.65005,0.65024,0.65,0.65009,294,0,0
2025-06-06 07:00:00,0.65009,0.65022,0.64999,0.65004,334,0,0
2025-06-06 07:15:00,0.65004,0.65031,0.65004,0.65026,302,0,0
2025-06-06 07:30:00,0.65026,0.65038,0.65013,0.65026,322,0,0
2025-06-06 07:45:00,0.65026,0.6505,0.65024,0.65039,250,0,0
2025-06-06 08:00:00,0.65039,0.65039,0.65007,0.65007,320,0,0
2025-06-06 08:15:00,0.65007,0.65018,0.64972,0.64977,287,0,0
2025-06-06 08:30:00,0.64977,0.65,0.64964,0.6498,309,0,0
2025-06-06 08:45:00,0.6498,0.65014,0.64965,0.65004,352,0,0
2025-06-06 09:00:00,0.65004,0.65006,0.64942,0.64969,346,0,0
2025-06-06 09:15:00,0.64969,0.6498,0.64932,0.64976,518,0,0
2025-06-06 09:30:00,0.64976,0.64988,0.64943,0.64955,453,0,0
2025-06-06 09:45:00,0.64956,0.64989,0.64953,0.64963,509,0,0
2025-06-06 10:00:00,0.64963,0.65031,0.64948,0.65011,483,0,0
2025-06-06 10:15:00,0.65011,0.65015,0.64957,0.64968,565,0,0
2025-06-06 10:30:00,0.64968,0.65023,0.64946,0.65023,681,0,0
2025-06-06 10:45:00,0.65023,0.65043,0.64993,0.64996,779,0,0
2025-06-06 11:00:00,0.64996,0.64996,0.64933,0.64942,673,0,0
2025-06-06 11:15:00,0.64942,0.64963,0.64913,0.64921,463,0,0
2025-06-06 11:30:00,0.64923,0.64933,0.64887,0.64917,437,0,0
2025-06-06 11:45:00,0.64916,0.64916,0.64871,0.64896,607,0,0
2025-06-06 12:00:00,0.64897,0.649,0.6486,0.6488,502,0,0
2025-06-06 12:15:00,0.6488,0.64909,0.64878,0.64889,403,0,0
2025-06-06 12:30:00,0.64889,0.64925,0.64885,0.64908,442,0,0
2025-06-06 12:45:00,0.64908,0.64926,0.6489,0.64895,429,0,0
2025-06-06 13:00:00,0.64895,0.64914,0.64891,0.64907,396,0,0
2025-06-06 13:15:00,0.64907,0.6492,0.64889,0.64912,448,0,0
2025-06-06 13:30:00,0.64912,0.64942,0.64911,0.64931,392,0,0
2025-06-06 13:45:00,0.64931,0.64951,0.64927,0.64936,322,0,0
2025-06-06 14:00:00,0.64936,0.64956,0.64932,0.64933,377,0,0
2025-06-06 14:15:00,0.64933,0.64957,0.64927,0.64939,361,0,0
2025-06-06 14:30:00,0.64939,0.64979,0.64936,0.64959,428,0,0
2025-06-06 14:45:00,0.64959,0.64966,0.64915,0.64917,456,0,0
2025-06-06 15:00:00,0.64917,0.6493,0.64832,0.64842,577,0,0
2025-06-06 15:15:00,0.64842,0.64934,0.64841,0.64905,711,0,0
2025-06-06 15:30:00,0.64895,0.65069,0.64808,0.64978,2480,0,0
2025-06-06 15:45:00,0.64978,0.65011,0.6492,0.64925,1695,0,0
2025-06-06 16:00:00,0.64925,0.64975,0.64878,0.64948,1369,0,0
2025-06-06 16:15:00,0.64948,0.64976,0.64794,0.64827,1297,0,0
2025-06-06 16:30:00,0.64828,0.64938,0.64815,0.64908,1428,0,0
2025-06-06 16:45:00,0.64908,0.64984,0.64878,0.64906,1198,0,0
2025-06-06 17:00:00,0.6491,0.64958,0.6486,0.64937,1424,0,0
2025-06-06 17:15:00,0.64937,0.65028,0.64911,0.65016,1226,0,0
2025-06-06 17:30:00,0.65015,0.65034,0.64946,0.64956,1064,0,0
2025-06-06 17:45:00,0.64956,0.64958,0.64834,0.64865,1075,0,0
2025-06-06 18:00:00,0.64866,0.64894,0.64842,0.64871,1005,0,0
2025-06-06 18:15:00,0.64871,0.64904,0.64824,0.64892,928,0,0
2025-06-06 18:30:00,0.64892,0.64957,0.64889,0.64957,747,0,0
2025-06-06 18:45:00,0.64957,0.64977,0.64937,0.64956,610,0,0
2025-06-06 19:00:00,0.64956,0.64975,0.64935,0.64936,693,0,0
2025-06-06 19:15:00,0.64937,0.64966,0.64931,0.64931,564,0,0
2025-06-06 19:30:00,0.64931,0.64952,0.64914,0.64948,564,0,0
2025-06-06 19:45:00,0.64948,0.64949,0.6487,0.64886,558,0,0
2025-06-06 20:00:00,0.64886,0.64946,0.64886,0.64946,542,0,0
2025-06-06 20:15:00,0.64946,0.64969,0.64906,0.64927,612,0,0
2025-06-06 20:30:00,0.64927,0.64943,0.64901,0.64918,551,0,0
2025-06-06 20:45:00,0.64918,0.64951,0.64917,0.6494,433,0,0
2025-06-06 21:00:00,0.6494,0.64969,0.64938,0.64948,597,0,0
2025-06-06 21:15:00,0.64948,0.64975,0.64947,0.64955,437,0,0
2025-06-06 21:30:00,0.64955,0.64994,0.64953,0.64975,773,0,0
2025-06-06 21:45:00,0.64975,0.64976,0.64953,0.6497,343,0,0
2025-06-06 22:00:00,0.6497,0.6499,0.64969,0.64982,277,0,0
2025-06-06 22:15:00,0.64982,0.64992,0.64963,0.64968,242,0,0
2025-06-06 22:30:00,0.64968,0.64983,0.64963,0.64974,314,0,0
2025-06-06 22:45:00,0.64974,0.64979,0.64951,0.64964,337,0,0
2025-06-06 23:00:00,0.64964,0.64979,0.64951,0.64975,208,0,0
2025-06-06 23:15:00,0.64975,0.64997,0.64972,0.64975,155,0,0
2025-06-06 23:30:00,0.64975,0.64978,0.64929,0.64929,142,0,0
2025-06-06 23:45:00,0.64929,0.64934,0.64918,0.64927,297,2,0
2025-06-09 00:00:00,0.64913,0.64941,0.64913,0.64939,44,69,0
2025-06-09 00:15:00,0.64939,0.64942,0.64938,0.64938,30,68,0
2025-06-09 00:30:00,0.64938,0.64957,0.64936,0.64951,68,57,0
2025-06-09 00:45:00,0.64951,0.64962,0.64943,0.64961,43,45,0
2025-06-09 01:00:00,0.64961,0.64978,0.64949,0.64959,271,0,0
2025-06-09 01:15:00,0.64959,0.64968,0.64953,0.64967,193,0,0
2025-06-09 01:30:00,0.64967,0.64988,0.64961,0.64963,179,0,0
2025-06-09 01:45:00,0.64963,0.64993,0.64958,0.64988,160,0,0
2025-06-09 02:00:00,0.64988,0.65008,0.64982,0.64993,179,0,0
2025-06-09 02:15:00,0.64993,0.65016,0.64979,0.65011,147,0,0
2025-06-09 02:30:00,0.65011,0.65011,0.64965,0.6497,132,0,0
2025-06-09 02:45:00,0.6497,0.65002,0.64967,0.64988,168,0,0
2025-06-09 03:00:00,0.64988,0.65005,0.64962,0.64964,381,0,0
2025-06-09 03:15:00,0.64964,0.64975,0.6494,0.64968,406,0,0
2025-06-09 03:30:00,0.64968,0.65026,0.64968,0.65003,359,0,0
2025-06-09 03:45:00,0.65003,0.6504,0.64974,0.64989,467,0,0
2025-06-09 04:00:00,0.64989,0.65074,0.64986,0.65066,462,0,0
2025-06-09 04:15:00,0.65066,0.6512,0.65061,0.65092,423,0,0
2025-06-09 04:30:00,0.65092,0.65103,0.65057,0.65101,486,0,0
2025-06-09 04:45:00,0.65101,0.65142,0.65099,0.65127,534,0,0
2025-06-09 05:00:00,0.65127,0.65183,0.65117,0.65156,592,0,0
2025-06-09 05:15:00,0.65156,0.65177,0.65131,0.65148,471,0,0
2025-06-09 05:30:00,0.65148,0.65165,0.65095,0.651,328,0,0
2025-06-09 05:45:00,0.651,0.6513,0.65089,0.65094,353,0,0
2025-06-09 06:00:00,0.65094,0.65114,0.65085,0.6511,381,0,0
2025-06-09 06:15:00,0.6511,0.65114,0.65093,0.65105,293,0,0
2025-06-09 06:30:00,0.65105,0.65147,0.65104,0.65119,329,0,0
2025-06-09 06:45:00,0.65119,0.65133,0.65116,0.65118,296,0,0
2025-06-09 07:00:00,0.65118,0.65139,0.65112,0.65121,216,0,0
2025-06-09 07:15:00,0.65121,0.65137,0.65115,0.65117,167,0,0
2025-06-09 07:30:00,0.65117,0.65136,0.65099,0.65125,263,0,0
2025-06-09 07:45:00,0.65125,0.6515,0.65113,0.65144,293,0,0
2025-06-09 08:00:00,0.65144,0.65171,0.65144,0.65168,318,0,0
2025-06-09 08:15:00,0.65168,0.65182,0.65165,0.65173,309,0,0
2025-06-09 08:30:00,0.65173,0.65173,0.65092,0.65099,385,0,0
2025-06-09 08:45:00,0.65099,0.65149,0.65096,0.65134,309,0,0
2025-06-09 09:00:00,0.65134,0.65135,0.65098,0.65119,503,0,0
2025-06-09 09:15:00,0.65119,0.65151,0.65108,0.65129,440,0,0
2025-06-09 09:30:00,0.65129,0.65166,0.6511,0.65155,438,0,0
2025-06-09 09:45:00,0.65155,0.65191,0.65153,0.65175,419,0,0
2025-06-09 10:00:00,0.65175,0.652,0.6517,0.65175,586,0,0
2025-06-09 10:15:00,0.65175,0.65192,0.65155,0.65177,412,0,0
2025-06-09 10:30:00,0.65177,0.65196,0.65168,0.6519,393,0,0
2025-06-09 10:45:00,0.6519,0.65197,0.65157,0.65189,498,0,0
2025-06-09 11:00:00,0.65189,0.65248,0.6518,0.65238,474,0,0
2025-06-09 11:15:00,0.65238,0.6528,0.65214,0.6528,442,0,0
2025-06-09 11:30:00,0.6528,0.65341,0.65274,0.65315,622,0,0
2025-06-09 11:45:00,0.65315,0.65323,0.65266,0.65271,616,0,0
2025-06-09 12:00:00,0.65271,0.65308,0.65265,0.65308,513,0,0
2025-06-09 12:15:00,0.65308,0.65309,0.65273,0.65281,317,0,0
2025-06-09 12:30:00,0.65281,0.65308,0.65274,0.65306,362,0,0
2025-06-09 12:45:00,0.65306,0.65319,0.65273,0.65274,364,0,0
2025-06-09 13:00:00,0.65274,0.65308,0.65265,0.65304,366,0,0
2025-06-09 13:15:00,0.65304,0.6531,0.6528,0.65286,352,0,0
2025-06-09 13:30:00,0.65287,0.65299,0.65248,0.65248,373,0,0
2025-06-09 13:45:00,0.65248,0.65249,0.65229,0.65236,382,0,0
2025-06-09 14:00:00,0.65236,0.65267,0.6523,0.65249,351,0,0
2025-06-09 14:15:00,0.65249,0.6526,0.65224,0.65235,595,0,0
2025-06-09 14:30:00,0.65235,0.65243,0.65179,0.65186,661,0,0
2025-06-09 14:45:00,0.65186,0.6521,0.65167,0.65191,499,0,0
2025-06-09 15:00:00,0.65191,0.65194,0.65137,0.65151,539,0,0
2025-06-09 15:15:00,0.65151,0.65168,0.65139,0.65158,430,0,0
2025-06-09 15:30:00,0.65158,0.65185,0.65142,0.65149,507,0,0
2025-06-09 15:45:00,0.65149,0.65149,0.65096,0.65127,457,0,0
2025-06-09 16:00:00,0.65127,0.65138,0.65078,0.6509,579,0,0
2025-06-09 16:15:00,0.6509,0.65103,0.65059,0.65094,466,0,0
2025-06-09 16:30:00,0.65094,0.65111,0.65071,0.65093,791,0,0
2025-06-09 16:45:00,0.65093,0.65115,0.65079,0.65093,664,0,0
2025-06-09 17:00:00,0.65093,0.6517,0.65092,0.65167,584,0,0
2025-06-09 17:15:00,0.65167,0.6517,0.65131,0.65148,524,0,0
2025-06-09 17:30:00,0.65148,0.6517,0.65091,0.65156,804,0,0
2025-06-09 17:45:00,0.65156,0.65219,0.65148,0.65187,813,0,0
2025-06-09 18:00:00,0.65186,0.65219,0.6518,0.65212,613,0,0
2025-06-09 18:15:00,0.65212,0.65245,0.6521,0.65245,444,0,0
2025-06-09 18:30:00,0.65245,0.65266,0.65231,0.65253,460,0,0
2025-06-09 18:45:00,0.65253,0.65263,0.65243,0.6525,415,0,0
2025-06-09 19:00:00,0.65249,0.65253,0.65218,0.65221,414,0,0
2025-06-09 19:15:00,0.65221,0.65242,0.65215,0.65237,295,0,0
2025-06-09 19:30:00,0.65237,0.65239,0.65213,0.65218,263,0,0
2025-06-09 19:45:00,0.65218,0.65254,0.65215,0.65223,339,0,0
2025-06-09 20:00:00,0.65224,0.65227,0.65193,0.65213,305,0,0
2025-06-09 20:15:00,0.65213,0.65245,0.6521,0.65231,285,0,0
2025-06-09 20:30:00,0.65232,0.6524,0.65201,0.65238,307,0,0
2025-06-09 20:45:00,0.65237,0.65245,0.65215,0.65218,287,0,0
2025-06-09 21:00:00,0.65218,0.65238,0.6521,0.6523,305,0,0
2025-06-09 21:15:00,0.6523,0.65255,0.65219,0.65255,278,0,0
2025-06-09 21:30:00,0.65255,0.65272,0.65241,0.6525,299,0,0
2025-06-09 21:45:00,0.6525,0.65265,0.65247,0.6525,285,0,0
2025-06-09 22:00:00,0.6525,0.65255,0.65235,0.65243,200,0,0
2025-06-09 22:15:00,0.65243,0.65247,0.65211,0.65215,252,0,0
2025-06-09 22:30:00,0.65215,0.65215,0.65194,0.65196,159,0,0
2025-06-09 22:45:00,0.65196,0.65208,0.6519,0.6519,262,0,0
2025-06-09 23:00:00,0.6519,0.65192,0.65175,0.65178,181,0,0
2025-06-09 23:15:00,0.65178,0.65178,0.65154,0.65161,146,0,0
2025-06-09 23:30:00,0.65161,0.65177,0.65153,0.65173,129,0,0
2025-06-09 23:45:00,0.65173,0.65173,0.65152,0.65161,104,5,0
2025-06-10 00:00:00,0.65154,0.65154,0.65066,0.65089,48,16,0
2025-06-10 00:15:00,0.65089,0.65149,0.65088,0.65138,148,67,0
2025-06-10 00:30:00,0.65138,0.65138,0.65118,0.65137,237,46,0
2025-06-10 00:45:00,0.65137,0.65144,0.65137,0.65139,42,48,0
2025-06-10 01:00:00,0.65139,0.65181,0.65139,0.65176,108,0,0
2025-06-10 01:15:00,0.65176,0.65179,0.65164,0.65168,126,0,0
2025-06-10 01:30:00,0.65168,0.65168,0.65155,0.65158,139,0,0
2025-06-10 01:45:00,0.65158,0.65175,0.6515,0.65175,135,0,0
2025-06-10 02:00:00,0.65175,0.65175,0.65143,0.65154,116,0,0
2025-06-10 02:15:00,0.65154,0.6518,0.65154,0.65179,161,0,0
2025-06-10 02:30:00,0.65179,0.65185,0.6516,0.65161,91,0,0
2025-06-10 02:45:00,0.65161,0.65193,0.65157,0.65165,282,0,0
2025-06-10 03:00:00,0.65165,0.65199,0.6515,0.65193,481,0,0
2025-06-10 03:15:00,0.65193,0.6522,0.65189,0.65216,356,0,0
2025-06-10 03:30:00,0.65216,0.65216,0.6517,0.6518,325,0,0
2025-06-10 03:45:00,0.6518,0.6519,0.65154,0.65177,435,0,0
2025-06-10 04:00:00,0.65177,0.65249,0.65175,0.65202,494,0,0
2025-06-10 04:15:00,0.65203,0.65246,0.65181,0.6521,522,0,0
2025-06-10 04:30:00,0.6521,0.65222,0.65133,0.65171,678,0,0
2025-06-10 04:45:00,0.65171,0.65176,0.65082,0.65115,679,0,0
2025-06-10 05:00:00,0.65115,0.65115,0.65015,0.65103,830,0,0
2025-06-10 05:15:00,0.65103,0.65133,0.65089,0.65091,528,0,0
2025-06-10 05:30:00,0.65091,0.6518,0.65086,0.6515,571,0,0
2025-06-10 05:45:00,0.6515,0.65197,0.65145,0.65186,547,0,0
2025-06-10 06:00:00,0.65186,0.65215,0.65163,0.6519,578,0,0
2025-06-10 06:15:00,0.6519,0.65262,0.65159,0.65257,503,0,0
2025-06-10 06:30:00,0.65257,0.65282,0.65225,0.65254,562,0,0
2025-06-10 06:45:00,0.65254,0.65291,0.65241,0.65282,487,0,0
2025-06-10 07:00:00,0.65282,0.65299,0.65253,0.65286,415,0,0
2025-06-10 07:15:00,0.65286,0.65293,0.65223,0.65225,444,0,0
2025-06-10 07:30:00,0.65225,0.65233,0.65208,0.65214,355,0,0
2025-06-10 07:45:00,0.65213,0.65236,0.65205,0.6521,338,0,0
2025-06-10 08:00:00,0.65212,0.65247,0.65205,0.65212,381,0,0
2025-06-10 08:15:00,0.65212,0.65219,0.65045,0.65067,902,0,0
2025-06-10 08:30:00,0.65067,0.65138,0.6504,0.65134,1265,0,0
2025-06-10 08:45:00,0.65135,0.65136,0.65059,0.65087,891,0,0
2025-06-10 09:00:00,0.65087,0.65092,0.65009,0.65046,1005,0,0
2025-06-10 09:15:00,0.65046,0.65154,0.65037,0.65113,860,0,0
2025-06-10 09:30:00,0.65113,0.65145,0.65103,0.65142,910,0,0
2025-06-10 09:45:00,0.65142,0.65142,0.6499,0.6499,825,0,0
2025-06-10 10:00:00,0.64989,0.65038,0.64899,0.64934,1236,0,0
2025-06-10 10:15:00,0.64934,0.6498,0.64916,0.64956,911,0,0
2025-06-10 10:30:00,0.64957,0.64996,0.64949,0.64956,803,0,0
2025-06-10 10:45:00,0.64955,0.65024,0.64942,0.65006,813,0,0
2025-06-10 11:00:00,0.65006,0.65066,0.65003,0.65027,631,0,0
2025-06-10 11:15:00,0.65027,0.65061,0.65015,0.65048,526,0,0
2025-06-10 11:30:00,0.65048,0.65116,0.65046,0.65091,475,0,0
2025-06-10 11:45:00,0.65091,0.65152,0.65086,0.65146,433,0,0
2025-06-10 12:00:00,0.65146,0.6516,0.65096,0.65151,557,0,0
2025-06-10 12:15:00,0.65154,0.65157,0.65089,0.65109,543,0,0
2025-06-10 12:30:00,0.65109,0.65167,0.65108,0.65137,550,0,0
2025-06-10 12:45:00,0.65137,0.65177,0.65132,0.65166,630,0,0
2025-06-10 13:00:00,0.65166,0.65197,0.65153,0.65162,597,0,0
2025-06-10 13:15:00,0.65161,0.6521,0.65155,0.65194,471,0,0
2025-06-10 13:30:00,0.65194,0.65201,0.65159,0.65164,487,0,0
2025-06-10 13:45:00,0.65164,0.65175,0.65132,0.65137,583,0,0
2025-06-10 14:00:00,0.65137,0.65176,0.6513,0.65175,689,0,0
2025-06-10 14:15:00,0.65175,0.65186,0.65151,0.65166,565,0,0
2025-06-10 14:30:00,0.65166,0.65207,0.6516,0.65183,521,0,0
2025-06-10 14:45:00,0.65183,0.65217,0.65171,0.65198,456,0,0
2025-06-10 15:00:00,0.65198,0.65232,0.65175,0.65194,728,0,0
2025-06-10 15:15:00,0.65194,0.65211,0.65179,0.65199,590,0,0
2025-06-10 15:30:00,0.65199,0.6522,0.65177,0.65195,724,0,0
2025-06-10 15:45:00,0.65195,0.65215,0.65165,0.65165,695,0,0
2025-06-10 16:00:00,0.65165,0.65276,0.65157,0.65243,720,0,0
2025-06-10 16:15:00,0.65243,0.65292,0.65234,0.65291,661,0,0
2025-06-10 16:30:00,0.65291,0.65295,0.65255,0.65279,789,0,0
2025-06-10 16:45:00,0.65279,0.65322,0.65275,0.65316,699,0,0
2025-06-10 17:00:00,0.65316,0.65331,0.65263,0.6527,857,0,0
2025-06-10 17:15:00,0.6527,0.65315,0.65245,0.65309,690,0,0
2025-06-10 17:30:00,0.65309,0.65327,0.65274,0.65325,707,0,0
2025-06-10 17:45:00,0.65325,0.65326,0.65239,0.65261,814,0,0
2025-06-10 18:00:00,0.6526,0.6526,0.65226,0.65239,643,0,0
2025-06-10 18:15:00,0.65239,0.65243,0.65208,0.65215,649,0,0
2025-06-10 18:30:00,0.65215,0.65217,0.65156,0.6521,639,0,0
2025-06-10 18:45:00,0.65209,0.65221,0.65195,0.65206,499,0,0
2025-06-10 19:00:00,0.65206,0.65211,0.65161,0.65181,400,0,0
2025-06-10 19:15:00,0.65181,0.65191,0.6516,0.6519,389,0,0
2025-06-10 19:30:00,0.6519,0.65218,0.6517,0.65215,303,0,0
2025-06-10 19:45:00,0.65215,0.65226,0.65201,0.65212,335,0,0
2025-06-10 20:00:00,0.65212,0.65218,0.65187,0.65193,419,0,0
2025-06-10 20:15:00,0.65193,0.65198,0.65164,0.65178,419,0,0
2025-06-10 20:30:00,0.65178,0.65205,0.65171,0.652,443,0,0
2025-06-10 20:45:00,0.652,0.65212,0.65187,0.65187,329,0,0
2025-06-10 21:00:00,0.65187,0.65187,0.65151,0.65172,541,0,0
2025-06-10 21:15:00,0.65172,0.65181,0.65156,0.65176,322,0,0
2025-06-10 21:30:00,0.65176,0.65195,0.6517,0.6519,325,0,0
2025-06-10 21:45:00,0.6519,0.65198,0.6517,0.65195,294,0,0
2025-06-10 22:00:00,0.65195,0.65226,0.6519,0.65221,346,0,0
2025-06-10 22:15:00,0.65221,0.65244,0.65214,0.6522,304,0,0
2025-06-10 22:30:00,0.6522,0.65237,0.6521,0.65235,279,0,0
2025-06-10 22:45:00,0.65235,0.65251,0.65216,0.65239,341,0,0
2025-06-10 23:00:00,0.65239,0.65251,0.65232,0.6525,246,0,0
2025-06-10 23:15:00,0.6525,0.65252,0.65198,0.65216,223,0,0
2025-06-10 23:30:00,0.65216,0.65217,0.65194,0.65214,157,0,0
2025-06-10 23:45:00,0.65214,0.6523,0.65214,0.65216,134,5,0
2025-06-11 00:00:00,0.65206,0.65206,0.65163,0.6517,56,20,0
2025-06-11 00:15:00,0.6517,0.65178,0.65162,0.65178,39,116,0
2025-06-11 00:30:00,0.65178,0.65208,0.65178,0.6519,117,70,0
2025-06-11 00:45:00,0.6519,0.65217,0.65189,0.65193,171,52,0
2025-06-11 01:00:00,0.65193,0.65245,0.65186,0.65239,117,0,0
2025-06-11 01:15:00,0.65239,0.65247,0.65236,0.6524,91,0,0
2025-06-11 01:30:00,0.6524,0.65245,0.65223,0.65233,196,0,0
2025-06-11 01:45:00,0.65233,0.65269,0.65233,0.65261,183,0,0
2025-06-11 02:00:00,0.65261,0.65312,0.65247,0.65303,464,0,0
2025-06-11 02:15:00,0.65303,0.65315,0.65265,0.65299,390,0,0
2025-06-11 02:30:00,0.65299,0.65317,0.65285,0.65296,285,0,0
2025-06-11 02:45:00,0.65296,0.65301,0.65266,0.65288,323,0,0
2025-06-11 03:00:00,0.65288,0.65292,0.65222,0.65247,755,0,0
2025-06-11 03:15:00,0.65247,0.65289,0.65166,0.65187,717,0,0
2025-06-11 03:30:00,0.65187,0.65241,0.65143,0.65164,645,0,0
2025-06-11 03:45:00,0.65164,0.65174,0.65126,0.65139,541,0,0
2025-06-11 04:00:00,0.65139,0.65208,0.65136,0.65177,557,0,0
2025-06-11 04:15:00,0.65177,0.65189,0.65116,0.65144,592,0,0
2025-06-11 04:30:00,0.65144,0.65144,0.6509,0.65116,679,0,0
2025-06-11 04:45:00,0.65116,0.6512,0.65009,0.65027,617,0,0
2025-06-11 05:00:00,0.65027,0.65086,0.65017,0.65052,687,0,0
2025-06-11 05:15:00,0.65052,0.65076,0.65042,0.65052,491,0,0
2025-06-11 05:30:00,0.65051,0.65062,0.65032,0.65059,461,0,0
2025-06-11 05:45:00,0.65059,0.65063,0.65034,0.6504,399,0,0
2025-06-11 06:00:00,0.6504,0.6504,0.6497,0.65026,458,0,0
2025-06-11 06:15:00,0.65026,0.65062,0.65018,0.65049,289,0,0
2025-06-11 06:30:00,0.65049,0.6513,0.65049,0.65129,322,0,0
2025-06-11 06:45:00,0.65129,0.65148,0.65109,0.65148,295,0,0
2025-06-11 07:00:00,0.65148,0.65148,0.65116,0.65134,313,0,0
2025-06-11 07:15:00,0.65134,0.65162,0.65131,0.65138,326,0,0
2025-06-11 07:30:00,0.65138,0.65144,0.65119,0.6512,311,0,0
2025-06-11 07:45:00,0.6512,0.65135,0.65098,0.65112,283,0,0
2025-06-11 08:00:00,0.65112,0.65138,0.65108,0.65128,251,0,0
2025-06-11 08:15:00,0.65128,0.65161,0.65112,0.65151,257,0,0
2025-06-11 08:30:00,0.65151,0.6516,0.65138,0.65152,295,0,0
2025-06-11 08:45:00,0.65152,0.65183,0.65147,0.65168,485,0,0
2025-06-11 09:00:00,0.65168,0.65178,0.65125,0.65138,394,0,0
2025-06-11 09:15:00,0.65138,0.65153,0.6508,0.65093,459,0,0
2025-06-11 09:30:00,0.65093,0.65166,0.65091,0.65153,535,0,0
2025-06-11 09:45:00,0.65153,0.65166,0.65108,0.65133,535,0,0
2025-06-11 10:00:00,0.65134,0.65152,0.65075,0.65112,578,0,0
2025-06-11 10:15:00,0.65112,0.65144,0.65111,0.65125,467,0,0
2025-06-11 10:30:00,0.65125,0.65139,0.65085,0.65111,598,0,0
2025-06-11 10:45:00,0.65111,0.65175,0.65111,0.65117,745,0,0
2025-06-11 11:00:00,0.65117,0.65154,0.65098,0.65111,727,0,0
2025-06-11 11:15:00,0.65111,0.65132,0.65099,0.65131,424,0,0
2025-06-11 11:30:00,0.65131,0.65141,0.65101,0.65135,414,0,0
2025-06-11 11:45:00,0.65137,0.65137,0.6508,0.65099,625,0,0
2025-06-11 12:00:00,0.65099,0.65132,0.65089,0.65122,830,0,0
2025-06-11 12:15:00,0.65122,0.65166,0.65099,0.65156,597,0,0
2025-06-11 12:30:00,0.65156,0.65194,0.65141,0.65152,532,0,0
2025-06-11 12:45:00,0.65152,0.65152,0.65127,0.65136,374,0,0
2025-06-11 13:00:00,0.65136,0.65151,0.65115,0.65144,468,0,0
2025-06-11 13:15:00,0.65144,0.6515,0.65098,0.65103,425,0,0
2025-06-11 13:30:00,0.65103,0.65128,0.65091,0.65126,341,0,0
2025-06-11 13:45:00,0.65126,0.65131,0.65093,0.65097,513,0,0
2025-06-11 14:00:00,0.65097,0.65105,0.65072,0.65072,424,0,0
2025-06-11 14:15:00,0.65072,0.65081,0.65042,0.65055,416,0,0
2025-06-11 14:30:00,0.65055,0.6507,0.65048,0.65057,388,0,0
2025-06-11 14:45:00,0.65057,0.65062,0.65031,0.65058,469,0,0
2025-06-11 15:00:00,0.65059,0.65135,0.65023,0.65027,984,0,0
2025-06-11 15:15:00,0.65027,0.65061,0.65006,0.65042,555,0,0
2025-06-11 15:30:00,0.65036,0.65459,0.65027,0.65365,2283,0,0
2025-06-11 15:45:00,0.65365,0.65393,0.65279,0.65288,1430,0,0
2025-06-11 16:00:00,0.65288,0.65301,0.65161,0.6525,1392,0,0
2025-06-11 16:15:00,0.6525,0.6525,0.65123,0.65123,996,0,0
2025-06-11 16:30:00,0.65123,0.65176,0.65094,0.65145,1201,0,0
2025-06-11 16:45:00,0.65145,0.65195,0.65111,0.65185,1007,0,0
2025-06-11 17:00:00,0.65187,0.65235,0.65176,0.65207,858,0,0
2025-06-11 17:15:00,0.65207,0.65259,0.65191,0.65222,847,0,0
2025-06-11 17:30:00,0.65221,0.65248,0.65207,0.65248,800,0,0
2025-06-11 17:45:00,0.65248,0.65257,0.65171,0.65184,739,0,0
2025-06-11 18:00:00,0.65184,0.65209,0.6517,0.65196,666,0,0
2025-06-11 18:15:00,0.65196,0.65202,0.65171,0.65178,489,0,0
2025-06-11 18:30:00,0.65178,0.65217,0.65159,0.65212,518,0,0
2025-06-11 18:45:00,0.65212,0.65216,0.65179,0.652,533,0,0
2025-06-11 19:00:00,0.652,0.65219,0.65152,0.65174,498,0,0
2025-06-11 19:15:00,0.65174,0.65206,0.65157,0.65204,457,0,0
2025-06-11 19:30:00,0.65204,0.65226,0.65192,0.65214,358,0,0
2025-06-11 19:45:00,0.65214,0.65239,0.65202,0.65221,335,0,0
2025-06-11 20:00:00,0.65221,0.65273,0.65213,0.65266,371,0,0
2025-06-11 20:15:00,0.65266,0.65297,0.65253,0.65275,297,0,0
2025-06-11 20:30:00,0.65275,0.65277,0.6521,0.65227,408,0,0
2025-06-11 20:45:00,0.65227,0.65228,0.65185,0.6519,359,0,0
2025-06-11 21:00:00,0.6519,0.65204,0.65101,0.65101,696,0,0
2025-06-11 21:15:00,0.65102,0.65102,0.65034,0.65047,823,0,0
2025-06-11 21:30:00,0.65047,0.65097,0.6503,0.65068,712,0,0
2025-06-11 21:45:00,0.65068,0.65097,0.65059,0.65079,609,0,0
2025-06-11 22:00:00,0.6508,0.65082,0.65017,0.6502,388,0,0
2025-06-11 22:15:00,0.6502,0.65027,0.6496,0.64969,366,0,0
2025-06-11 22:30:00,0.64969,0.65,0.64967,0.64994,281,0,0
2025-06-11 22:45:00,0.64994,0.64998,0.64964,0.64998,342,0,0
2025-06-11 23:00:00,0.64998,0.65023,0.64972,0.64993,211,0,0
2025-06-11 23:15:00,0.64993,0.65023,0.64992,0.65016,141,0,0
2025-06-11 23:30:00,0.65016,0.6503,0.65012,0.65015,160,0,0
2025-06-11 23:45:00,0.65015,0.65024,0.65001,0.65004,188,6,0
2025-06-12 00:00:00,0.65,0.65003,0.64886,0.64971,61,18,0
2025-06-12 00:15:00,0.64971,0.64996,0.64971,0.64996,51,64,0
2025-06-12 00:30:00,0.64996,0.65018,0.64996,0.6501,111,30,0
2025-06-12 00:45:00,0.6501,0.65012,0.65003,0.65004,47,36,0
2025-06-12 01:00:00,0.65004,0.6504,0.6499,0.65034,147,0,0
2025-06-12 01:15:00,0.65034,0.65059,0.65024,0.65039,139,0,0
2025-06-12 01:30:00,0.65039,0.65068,0.65037,0.65066,220,0,0
2025-06-12 01:45:00,0.65066,0.65085,0.65036,0.65077,302,0,0
2025-06-12 02:00:00,0.65077,0.6511,0.65055,0.65069,321,0,0
2025-06-12 02:15:00,0.65069,0.65071,0.6505,0.6505,144,0,0
2025-06-12 02:30:00,0.6505,0.65111,0.65041,0.65099,325,0,0
2025-06-12 02:45:00,0.65099,0.65109,0.65081,0.65088,312,0,0
2025-06-12 03:00:00,0.65088,0.6511,0.65061,0.65062,698,0,0
2025-06-12 03:15:00,0.65062,0.65076,0.65035,0.65061,635,0,0
2025-06-12 03:30:00,0.65061,0.6508,0.65037,0.65072,583,0,0
2025-06-12 03:45:00,0.65072,0.65091,0.65026,0.65033,614,0,0
2025-06-12 04:00:00,0.65033,0.65088,0.65025,0.65054,617,0,0
2025-06-12 04:15:00,0.65054,0.65073,0.65,0.65001,789,0,0
2025-06-12 04:30:00,0.65001,0.65017,0.64838,0.64857,851,0,0
2025-06-12 04:45:00,0.64857,0.6493,0.64852,0.64927,722,0,0
2025-06-12 05:00:00,0.64927,0.64936,0.64849,0.64891,598,0,0
2025-06-12 05:15:00,0.6489,0.64937,0.64874,0.6488,551,0,0
2025-06-12 05:30:00,0.6488,0.64901,0.64859,0.64881,480,0,0
2025-06-12 05:45:00,0.6488,0.64926,0.64848,0.64925,443,0,0
2025-06-12 06:00:00,0.64925,0.64943,0.64907,0.64936,366,0,0
2025-06-12 06:15:00,0.64932,0.65022,0.64927,0.6502,428,0,0
2025-06-12 06:30:00,0.6502,0.65071,0.65012,0.65063,491,0,0
2025-06-12 06:45:00,0.65063,0.65075,0.6502,0.65024,561,0,0
2025-06-12 07:00:00,0.65024,0.65041,0.64956,0.6497,390,0,0
2025-06-12 07:15:00,0.6497,0.64998,0.64964,0.64965,343,0,0
2025-06-12 07:30:00,0.64965,0.64977,0.64944,0.64971,234,0,0
2025-06-12 07:45:00,0.64971,0.64986,0.64943,0.64945,354,0,0
2025-06-12 08:00:00,0.64945,0.64979,0.64923,0.64955,387,0,0
2025-06-12 08:15:00,0.64955,0.65027,0.6495,0.65022,370,0,0
2025-06-12 08:30:00,0.65022,0.65024,0.6499,0.6501,341,0,0
2025-06-12 08:45:00,0.6501,0.65046,0.65005,0.65033,583,0,0
2025-06-12 09:00:00,0.65033,0.65041,0.64951,0.64979,829,0,0
2025-06-12 09:15:00,0.64979,0.6502,0.64959,0.65007,753,0,0
2025-06-12 09:30:00,0.65007,0.65053,0.65004,0.65012,638,0,0
2025-06-12 09:45:00,0.65012,0.65021,0.64975,0.64984,547,0,0
2025-06-12 10:00:00,0.64984,0.64989,0.64919,0.64919,874,0,0
2025-06-12 10:15:00,0.64919,0.64972,0.64882,0.64921,667,0,0
2025-06-12 10:30:00,0.64921,0.6494,0.64773,0.6479,726,0,0
2025-06-12 10:45:00,0.6479,0.64845,0.64775,0.64821,907,0,0
2025-06-12 11:00:00,0.64821,0.64877,0.64811,0.64875,851,0,0
2025-06-12 11:15:00,0.64875,0.64904,0.64842,0.64849,641,0,0
2025-06-12 11:30:00,0.64849,0.64938,0.64826,0.6493,691,0,0
2025-06-12 11:45:00,0.6493,0.65024,0.6493,0.65016,650,0,0
2025-06-12 12:00:00,0.65016,0.65051,0.64988,0.65046,680,0,0
2025-06-12 12:15:00,0.65046,0.65062,0.65005,0.65008,710,0,0
2025-06-12 12:30:00,0.65008,0.65018,0.64955,0.64956,551,0,0
2025-06-12 12:45:00,0.64956,0.65034,0.64948,0.6499,859,0,0
2025-06-12 13:00:00,0.6499,0.65072,0.64965,0.65068,784,0,0
2025-06-12 13:15:00,0.65068,0.6515,0.65068,0.65148,931,0,0
2025-06-12 13:30:00,0.65148,0.65179,0.65116,0.6512,771,0,0
2025-06-12 13:45:00,0.6512,0.65187,0.65119,0.65166,755,0,0
2025-06-12 14:00:00,0.65166,0.65195,0.65137,0.65138,568,0,0
2025-06-12 14:15:00,0.65138,0.65174,0.65121,0.65145,612,0,0
2025-06-12 14:30:00,0.65145,0.65201,0.6513,0.65157,632,0,0
2025-06-12 14:45:00,0.65157,0.65169,0.65122,0.65149,562,0,0
2025-06-12 15:00:00,0.65149,0.65182,0.65136,0.6516,680,0,0
2025-06-12 15:15:00,0.6516,0.65239,0.65138,0.65138,645,0,0
2025-06-12 15:30:00,0.65137,0.65336,0.65128,0.65334,1440,0,0
2025-06-12 15:45:00,0.65334,0.65337,0.65254,0.65266,1161,0,0
2025-06-12 16:00:00,0.65267,0.6529,0.65194,0.65207,1131,0,0
2025-06-12 16:15:00,0.65207,0.65212,0.65162,0.6519,860,0,0
2025-06-12 16:30:00,0.6519,0.65264,0.65163,0.65263,1026,0,0
2025-06-12 16:45:00,0.65263,0.65264,0.65169,0.65186,1040,0,0
2025-06-12 17:00:00,0.65186,0.65269,0.65176,0.65257,1024,0,0
2025-06-12 17:15:00,0.65257,0.65261,0.65219,0.65225,922,0,0
2025-06-12 17:30:00,0.65227,0.65263,0.65225,0.65243,756,0,0
2025-06-12 17:45:00,0.65243,0.65283,0.65243,0.65274,741,0,0
2025-06-12 18:00:00,0.65273,0.65284,0.65247,0.65266,793,0,0
2025-06-12 18:15:00,0.65266,0.65306,0.6519,0.65222,1060,0,0
2025-06-12 18:30:00,0.65223,0.65268,0.65223,0.65246,673,0,0
2025-06-12 18:45:00,0.65246,0.65269,0.65221,0.65232,632,0,0
2025-06-12 19:00:00,0.65232,0.6528,0.65223,0.6527,649,0,0
2025-06-12 19:15:00,0.6527,0.65292,0.65254,0.65274,455,0,0
2025-06-12 19:30:00,0.65274,0.65282,0.65255,0.65273,454,0,0
2025-06-12 19:45:00,0.65273,0.65276,0.6523,0.65275,504,0,0
2025-06-12 20:00:00,0.65275,0.65297,0.65244,0.6526,469,0,0
2025-06-12 20:15:00,0.6526,0.65261,0.6522,0.65239,392,0,0
2025-06-12 20:30:00,0.65239,0.65286,0.65238,0.65278,297,0,0
2025-06-12 20:45:00,0.65278,0.65297,0.6527,0.65279,350,0,0
2025-06-12 21:00:00,0.65279,0.6529,0.65265,0.65285,321,0,0
2025-06-12 21:15:00,0.65285,0.65294,0.65275,0.65281,207,0,0
2025-06-12 21:30:00,0.65282,0.65287,0.65266,0.65275,312,0,0
2025-06-12 21:45:00,0.65275,0.65295,0.65266,0.65295,225,0,0
2025-06-12 22:00:00,0.65295,0.65295,0.65279,0.65287,250,0,0
2025-06-12 22:15:00,0.65287,0.65291,0.65271,0.65279,174,0,0
2025-06-12 22:30:00,0.65279,0.65287,0.6527,0.65278,244,0,0
2025-06-12 22:45:00,0.65278,0.65288,0.65262,0.65283,285,0,0
2025-06-12 23:00:00,0.65282,0.65312,0.65276,0.65309,142,0,0
2025-06-12 23:15:00,0.65309,0.65316,0.6529,0.65292,133,0,0
2025-06-12 23:30:00,0.65292,0.65305,0.65288,0.65293,127,0,0
2025-06-12 23:45:00,0.65293,0.65321,0.65276,0.65318,237,6,0
2025-06-13 00:00:00,0.65317,0.65317,0.6526,0.65265,45,22,0
2025-06-13 00:15:00,0.65265,0.6528,0.65265,0.6528,25,60,0
2025-06-13 00:30:00,0.6528,0.65308,0.6528,0.65307,53,35,0
2025-06-13 00:45:00,0.65307,0.65307,0.65272,0.65273,36,35,0
2025-06-13 01:00:00,0.65273,0.65334,0.65273,0.65331,83,0,0
2025-06-13 01:15:00,0.65331,0.65331,0.65312,0.65312,105,0,0
2025-06-13 01:30:00,0.65312,0.65319,0.65311,0.65315,97,0,0
2025-06-13 01:45:00,0.65315,0.65316,0.65306,0.65309,81,0,0
2025-06-13 02:00:00,0.65309,0.65321,0.65291,0.65309,197,0,0
2025-06-13 02:15:00,0.65308,0.65321,0.65305,0.65315,127,0,0
2025-06-13 02:30:00,0.65315,0.65327,0.65299,0.65301,174,0,0
2025-06-13 02:45:00,0.65301,0.65312,0.65271,0.65271,353,0,0
2025-06-13 03:00:00,0.65271,0.65271,0.64945,0.64972,2203,0,0
2025-06-13 03:15:00,0.64973,0.65034,0.64856,0.64937,1902,0,0
2025-06-13 03:30:00,0.64937,0.64959,0.64685,0.64733,1883,0,0
2025-06-13 03:45:00,0.64731,0.64826,0.64724,0.64772,1752,0,0
2025-06-13 04:00:00,0.64772,0.64786,0.64563,0.64717,1579,0,0
2025-06-13 04:15:00,0.64718,0.64774,0.6464,0.64736,1291,0,0
2025-06-13 04:30:00,0.64736,0.6476,0.64652,0.64757,1230,0,0
2025-06-13 04:45:00,0.64756,0.64883,0.64751,0.64831,1204,0,0
2025-06-13 05:00:00,0.64831,0.64901,0.64812,0.64898,891,0,0
2025-06-13 05:15:00,0.64898,0.64975,0.64848,0.64877,1099,0,0
2025-06-13 05:30:00,0.64877,0.64918,0.64737,0.64754,1095,0,0
2025-06-13 05:45:00,0.64754,0.64846,0.64754,0.64796,1014,0,0
2025-06-13 06:00:00,0.64796,0.64847,0.64763,0.64766,948,0,0
2025-06-13 06:15:00,0.64766,0.64814,0.64722,0.64779,747,0,0
2025-06-13 06:30:00,0.64779,0.64832,0.64719,0.64807,793,0,0
2025-06-13 06:45:00,0.64807,0.6487,0.64782,0.64811,677,0,0
2025-06-13 07:00:00,0.64811,0.64826,0.64759,0.64764,506,0,0
2025-06-13 07:15:00,0.64764,0.64764,0.647,0.64706,476,0,0
2025-06-13 07:30:00,0.64706,0.64758,0.647,0.64743,537,0,0
2025-06-13 07:45:00,0.64743,0.64773,0.64674,0.64698,564,0,0
2025-06-13 08:00:00,0.64698,0.64832,0.64662,0.64792,733,0,0
2025-06-13 08:15:00,0.64791,0.64795,0.64699,0.64702,621,0,0
2025-06-13 08:30:00,0.64702,0.64787,0.64676,0.64733,712,0,0
2025-06-13 08:45:00,0.64733,0.64774,0.6473,0.64733,530,0,0
2025-06-13 09:00:00,0.64733,0.64854,0.64727,0.64775,1179,0,0
2025-06-13 09:15:00,0.64775,0.64793,0.6473,0.64735,740,0,0
2025-06-13 09:30:00,0.64736,0.64773,0.64684,0.64707,915,0,0
2025-06-13 09:45:00,0.64707,0.64773,0.64666,0.64752,989,0,0
2025-06-13 10:00:00,0.64752,0.64851,0.64734,0.64811,1302,0,0
2025-06-13 10:15:00,0.64811,0.6482,0.64712,0.6477,1179,0,0
2025-06-13 10:30:00,0.6477,0.64892,0.6477,0.6489,847,0,0
2025-06-13 10:45:00,0.6489,0.64897,0.64794,0.64821,1070,0,0
2025-06-13 11:00:00,0.64821,0.64941,0.64804,0.64935,1058,0,0
2025-06-13 11:15:00,0.64934,0.64963,0.64898,0.64948,718,0,0
2025-06-13 11:30:00,0.64948,0.64949,0.64834,0.64847,927,0,0
2025-06-13 11:45:00,0.64847,0.64902,0.64839,0.64894,761,0,0
2025-06-13 12:00:00,0.64893,0.64919,0.64848,0.64852,851,0,0
2025-06-13 12:15:00,0.64852,0.64867,0.64816,0.64819,876,0,0
2025-06-13 12:30:00,0.64819,0.64851,0.64787,0.64796,773,0,0
2025-06-13 12:45:00,0.64796,0.64843,0.64788,0.64822,689,0,0
2025-06-13 13:00:00,0.64822,0.64838,0.64771,0.64815,773,0,0
2025-06-13 13:15:00,0.64814,0.64822,0.64743,0.64762,882,0,0
2025-06-13 13:30:00,0.64762,0.64766,0.64655,0.64681,893,0,0
2025-06-13 13:45:00,0.64681,0.64687,0.64625,0.64673,979,0,0
2025-06-13 14:00:00,0.64673,0.647,0.64653,0.64669,847,0,0
2025-06-13 14:15:00,0.64669,0.64726,0.6466,0.64716,763,0,0
2025-06-13 14:30:00,0.64716,0.64804,0.64709,0.64804,633,0,0
2025-06-13 14:45:00,0.64802,0.64824,0.64721,0.64754,584,0,0
2025-06-13 15:00:00,0.64754,0.64809,0.64729,0.64761,601,0,0
2025-06-13 15:15:00,0.64762,0.64793,0.64728,0.64766,668,0,0
2025-06-13 15:30:00,0.64766,0.6481,0.64746,0.64753,645,0,0
2025-06-13 15:45:00,0.64753,0.64795,0.64733,0.6479,638,0,0
2025-06-13 16:00:00,0.64789,0.64794,0.64688,0.64707,707,0,0
2025-06-13 16:15:00,0.64707,0.64735,0.64683,0.64725,642,0,0
2025-06-13 16:30:00,0.64725,0.64854,0.64699,0.64841,1142,0,0
2025-06-13 16:45:00,0.64841,0.64851,0.648,0.64836,842,0,0
2025-06-13 17:00:00,0.64836,0.64959,0.64834,0.64957,1131,0,0
2025-06-13 17:15:00,0.64957,0.6501,0.64925,0.64966,1111,0,0
2025-06-13 17:30:00,0.64966,0.65025,0.64934,0.64989,893,0,0
2025-06-13 17:45:00,0.64989,0.65009,0.64961,0.64992,1053,0,0
2025-06-13 18:00:00,0.64992,0.65024,0.64968,0.65023,876,0,0
2025-06-13 18:15:00,0.65023,0.65126,0.65023,0.65102,822,0,0
2025-06-13 18:30:00,0.65102,0.65153,0.65102,0.65124,669,0,0
2025-06-13 18:45:00,0.65124,0.65152,0.65088,0.65111,650,0,0
2025-06-13 19:00:00,0.65111,0.65144,0.65106,0.65135,516,0,0
2025-06-13 19:15:00,0.65135,0.65183,0.65134,0.65161,438,0,0
2025-06-13 19:30:00,0.6516,0.65196,0.65136,0.65141,518,0,0
2025-06-13 19:45:00,0.65141,0.65147,0.65106,0.65131,487,0,0
2025-06-13 20:00:00,0.65132,0.65135,0.65088,0.65092,586,0,0
2025-06-13 20:15:00,0.65093,0.65095,0.65047,0.65058,530,0,0
2025-06-13 20:30:00,0.65058,0.65067,0.64984,0.64989,542,0,0
2025-06-13 20:45:00,0.64989,0.65038,0.64979,0.6502,442,0,0
2025-06-13 21:00:00,0.6502,0.65046,0.64959,0.64972,698,0,0
2025-06-13 21:15:00,0.64972,0.64978,0.6491,0.64918,540,0,0
2025-06-13 21:30:00,0.64918,0.6493,0.64827,0.64845,815,0,0
2025-06-13 21:45:00,0.64845,0.64917,0.64844,0.64905,742,0,0
2025-06-13 22:00:00,0.64904,0.6493,0.6488,0.64923,618,0,0
2025-06-13 22:15:00,0.64923,0.64935,0.64871,0.64885,387,0,0
2025-06-13 22:30:00,0.64885,0.64912,0.64884,0.64895,278,0,0
2025-06-13 22:45:00,0.64895,0.64936,0.64866,0.64935,571,0,0
2025-06-13 23:00:00,0.64935,0.64945,0.64887,0.64906,425,0,0
2025-06-13 23:15:00,0.64906,0.6491,0.64883,0.64885,246,0,0
2025-06-13 23:30:00,0.64885,0.64915,0.64853,0.64913,317,0,0
2025-06-13 23:45:00,0.64913,0.64917,0.6486,0.64884,440,2,0
2025-06-16 00:00:00,0.64735,0.64822,0.64711,0.64816,50,124,0
2025-06-16 00:15:00,0.64816,0.64818,0.64794,0.64801,63,99,0
2025-06-16 00:30:00,0.64801,0.64891,0.64753,0.64884,117,52,0
2025-06-16 00:45:00,0.64884,0.64893,0.64809,0.64815,66,52,0
2025-06-16 01:00:00,0.64815,0.64831,0.64771,0.64804,645,20,0
2025-06-16 01:15:00,0.64804,0.64864,0.64803,0.64854,799,0,0
2025-06-16 01:30:00,0.64854,0.64902,0.64848,0.64901,401,0,0
2025-06-16 01:45:00,0.64901,0.64946,0.64875,0.64876,472,0,0
2025-06-16 02:00:00,0.64876,0.64885,0.64823,0.64828,404,0,0
2025-06-16 02:15:00,0.64828,0.64859,0.64821,0.64855,243,0,0
2025-06-16 02:30:00,0.64855,0.64901,0.64855,0.64892,212,0,0
2025-06-16 02:45:00,0.64892,0.64925,0.64877,0.64919,337,0,0
2025-06-16 03:00:00,0.64919,0.64958,0.64891,0.64928,781,1,0
2025-06-16 03:15:00,0.64928,0.64963,0.64886,0.64937,522,0,0
2025-06-16 03:30:00,0.64937,0.64966,0.64922,0.64941,573,0,0
2025-06-16 03:45:00,0.64941,0.64943,0.64886,0.64905,683,0,0
2025-06-16 04:00:00,0.64904,0.64905,0.64843,0.64877,788,0,0
2025-06-16 04:15:00,0.64877,0.64878,0.64802,0.64803,584,0,0
2025-06-16 04:30:00,0.64803,0.64841,0.64764,0.64796,834,0,0
2025-06-16 04:45:00,0.64796,0.64822,0.6476,0.64818,621,0,0
2025-06-16 05:00:00,0.64818,0.64857,0.64771,0.64824,668,0,0
2025-06-16 05:15:00,0.64824,0.6487,0.64819,0.64844,875,0,0
2025-06-16 05:30:00,0.64844,0.64846,0.648,0.64815,436,0,0
2025-06-16 05:45:00,0.64815,0.64837,0.64775,0.64779,697,0,0
2025-06-16 06:00:00,0.64779,0.64818,0.64719,0.64743,739,0,0
2025-06-16 06:15:00,0.64743,0.64745,0.64665,0.64716,737,0,0
2025-06-16 06:30:00,0.64716,0.64739,0.64682,0.64727,653,0,0
2025-06-16 06:45:00,0.64727,0.6474,0.64698,0.64739,576,0,0
2025-06-16 07:00:00,0.64739,0.64787,0.64739,0.64765,535,0,0
2025-06-16 07:15:00,0.64765,0.64831,0.64756,0.64826,404,0,0
2025-06-16 07:30:00,0.64826,0.64838,0.64783,0.64795,320,0,0
2025-06-16 07:45:00,0.64795,0.64813,0.64764,0.6481,526,0,0
2025-06-16 08:00:00,0.6481,0.6491,0.64809,0.64883,666,0,0
2025-06-16 08:15:00,0.64883,0.64961,0.64859,0.64943,697,0,0
2025-06-16 08:30:00,0.64943,0.64977,0.64942,0.64959,505,0,0
2025-06-16 08:45:00,0.64959,0.64997,0.6494,0.64984,564,0,0
2025-06-16 09:00:00,0.64983,0.65014,0.6495,0.64983,677,0,0
2025-06-16 09:15:00,0.64983,0.64992,0.64905,0.64921,779,0,0
2025-06-16 09:30:00,0.64921,0.64993,0.64911,0.6499,765,0,0
2025-06-16 09:45:00,0.6499,0.65081,0.64981,0.65039,998,0,0
2025-06-16 10:00:00,0.65034,0.65062,0.65009,0.65043,1146,0,0
2025-06-16 10:15:00,0.65043,0.65115,0.65037,0.65111,903,0,0
2025-06-16 10:30:00,0.65111,0.65135,0.65088,0.65096,639,0,0
2025-06-16 10:45:00,0.65096,0.65125,0.65065,0.65073,638,0,0
2025-06-16 11:00:00,0.65073,0.65082,0.65043,0.65076,608,0,0
2025-06-16 11:15:00,0.65076,0.65096,0.65052,0.65081,436,0,0
2025-06-16 11:30:00,0.65081,0.65111,0.65072,0.65106,465,0,0
2025-06-16 11:45:00,0.65105,0.6516,0.65084,0.65124,578,0,0
2025-06-16 12:00:00,0.65124,0.65153,0.65104,0.65108,676,0,0
2025-06-16 12:15:00,0.65108,0.65148,0.65104,0.65142,639,0,0
2025-06-16 12:30:00,0.65141,0.65149,0.65128,0.6513,521,0,0
2025-06-16 12:45:00,0.6513,0.65164,0.65115,0.65161,458,0,0
2025-06-16 13:00:00,0.65161,0.65183,0.65143,0.65148,586,0,0
2025-06-16 13:15:00,0.65148,0.65163,0.65135,0.6516,512,0,0
2025-06-16 13:30:00,0.6516,0.65215,0.65158,0.6521,493,0,0
2025-06-16 13:45:00,0.6521,0.65214,0.65151,0.65162,586,0,0
2025-06-16 14:00:00,0.65162,0.65199,0.65158,0.65198,455,0,0
2025-06-16 14:15:00,0.65198,0.65225,0.65191,0.65192,397,0,0
2025-06-16 14:30:00,0.65192,0.65194,0.65143,0.65162,628,0,0
2025-06-16 14:45:00,0.65162,0.65256,0.65162,0.65244,571,0,0
2025-06-16 15:00:00,0.65244,0.65281,0.6523,0.65263,766,0,0
2025-06-16 15:15:00,0.65263,0.65279,0.65202,0.6521,787,0,0
2025-06-16 15:30:00,0.6521,0.65256,0.65198,0.65232,738,0,0
2025-06-16 15:45:00,0.65232,0.65289,0.65211,0.65275,679,0,0
2025-06-16 16:00:00,0.65275,0.65315,0.65254,0.65312,844,0,0
2025-06-16 16:15:00,0.65312,0.65356,0.65307,0.65353,658,0,0
2025-06-16 16:30:00,0.65353,0.65409,0.65336,0.65366,1109,0,0
2025-06-16 16:45:00,0.65366,0.65443,0.65357,0.65425,1338,0,0
2025-06-16 17:00:00,0.65427,0.65519,0.65421,0.65501,1299,0,0
2025-06-16 17:15:00,0.65501,0.65513,0.65438,0.65463,996,0,0
2025-06-16 17:30:00,0.6546,0.65484,0.65385,0.65389,1038,0,0
2025-06-16 17:45:00,0.6539,0.65414,0.65348,0.65401,1071,0,0
2025-06-16 18:00:00,0.65401,0.65424,0.65379,0.65401,798,0,0
2025-06-16 18:15:00,0.65401,0.65401,0.65338,0.65355,685,0,0
2025-06-16 18:30:00,0.65355,0.65399,0.65322,0.65391,755,0,0
2025-06-16 18:45:00,0.65391,0.654,0.65336,0.6535,778,0,0
2025-06-16 19:00:00,0.6535,0.65435,0.6535,0.65432,609,0,0
2025-06-16 19:15:00,0.65432,0.65459,0.65408,0.65445,393,0,0
2025-06-16 19:30:00,0.65445,0.65462,0.65402,0.65426,496,0,0
2025-06-16 19:45:00,0.65426,0.6548,0.65422,0.65456,393,0,0
2025-06-16 20:00:00,0.65456,0.65466,0.65392,0.65406,491,0,0
2025-06-16 20:15:00,0.65406,0.65442,0.65405,0.65438,396,0,0
2025-06-16 20:30:00,0.65438,0.65452,0.65403,0.65407,472,0,0
2025-06-16 20:45:00,0.65407,0.65422,0.65387,0.65391,506,0,0
2025-06-16 21:00:00,0.6539,0.65405,0.65379,0.65392,456,0,0
2025-06-16 21:15:00,0.65392,0.65404,0.65377,0.65384,337,0,0
2025-06-16 21:30:00,0.65384,0.65399,0.65373,0.65383,307,0,0
2025-06-16 21:45:00,0.65383,0.65383,0.65351,0.65364,389,0,0
2025-06-16 22:00:00,0.65364,0.65366,0.6534,0.65343,311,0,0
2025-06-16 22:15:00,0.65343,0.65346,0.65294,0.65296,350,0,0
2025-06-16 22:30:00,0.65296,0.65315,0.65276,0.65277,180,0,0
2025-06-16 22:45:00,0.65277,0.65287,0.65218,0.65227,259,0,0
2025-06-16 23:00:00,0.65227,0.65278,0.65222,0.65253,234,0,0
2025-06-16 23:15:00,0.65253,0.65254,0.65237,0.65254,104,0,0
2025-06-16 23:30:00,0.65254,0.65257,0.65232,0.6524,127,0,0
2025-06-16 23:45:00,0.6524,0.65243,0.65218,0.65232,168,5,0
2025-06-17 00:00:00,0.65229,0.65229,0.65124,0.65156,315,14,0
2025-06-17 00:15:00,0.65156,0.65178,0.65156,0.65177,83,60,0
2025-06-17 00:30:00,0.65177,0.65208,0.65167,0.65185,115,48,0
2025-06-17 00:45:00,0.65185,0.65234,0.65179,0.65232,77,60,0
2025-06-17 01:00:00,0.65232,0.6524,0.65204,0.6524,583,0,0
2025-06-17 01:15:00,0.6524,0.65246,0.65225,0.65229,179,0,0
2025-06-17 01:30:00,0.65229,0.65236,0.65163,0.65178,344,0,0
2025-06-17 01:45:00,0.65178,0.65191,0.6516,0.65179,258,0,0
2025-06-17 02:00:00,0.65179,0.65252,0.6517,0.6524,306,0,0
2025-06-17 02:15:00,0.6524,0.65256,0.65201,0.65201,228,0,0
2025-06-17 02:30:00,0.65201,0.65206,0.65164,0.65164,257,0,0
2025-06-17 02:45:00,0.65164,0.6518,0.6507,0.6511,497,0,0
2025-06-17 03:00:00,0.65113,0.65128,0.65026,0.65087,1090,0,0
2025-06-17 03:15:00,0.65087,0.65115,0.65061,0.65102,762,0,0
2025-06-17 03:30:00,0.65101,0.65101,0.65055,0.65075,642,0,0
2025-06-17 03:45:00,0.65075,0.65143,0.65069,0.65137,859,0,0
2025-06-17 04:00:00,0.65137,0.65151,0.65094,0.6512,670,0,0
2025-06-17 04:15:00,0.6512,0.65179,0.65106,0.65149,641,0,0
2025-06-17 04:30:00,0.65149,0.65203,0.65127,0.65196,608,0,0
2025-06-17 04:45:00,0.65195,0.65254,0.65187,0.65224,573,0,0
2025-06-17 05:00:00,0.65224,0.6524,0.65169,0.6521,615,0,0
2025-06-17 05:15:00,0.6521,0.65238,0.65193,0.65224,647,0,0
2025-06-17 05:30:00,0.65224,0.65245,0.65164,0.65186,879,0,0
2025-06-17 05:45:00,0.65186,0.65297,0.65166,0.65294,1088,0,0
2025-06-17 06:00:00,0.65294,0.65309,0.65265,0.6529,1070,0,0
2025-06-17 06:15:00,0.6529,0.65303,0.65235,0.65297,661,0,0
2025-06-17 06:30:00,0.65297,0.65325,0.65282,0.65318,953,0,0
2025-06-17 06:45:00,0.65318,0.65326,0.65285,0.65316,554,0,0
2025-06-17 07:00:00,0.65316,0.65326,0.65292,0.65325,614,0,0
2025-06-17 07:15:00,0.65321,0.65361,0.65313,0.65326,612,0,0
2025-06-17 07:30:00,0.65326,0.65353,0.65305,0.65336,628,0,0
2025-06-17 07:45:00,0.65336,0.65376,0.65331,0.65354,545,0,0
2025-06-17 08:00:00,0.65354,0.65382,0.65348,0.65369,522,0,0
2025-06-17 08:15:00,0.65369,0.65377,0.65297,0.65357,602,0,0
2025-06-17 08:30:00,0.65357,0.65363,0.65315,0.65326,645,0,0
2025-06-17 08:45:00,0.65326,0.65336,0.65289,0.6531,511,0,0
2025-06-17 09:00:00,0.6531,0.65345,0.65268,0.65334,655,0,0
2025-06-17 09:15:00,0.65334,0.65369,0.65327,0.65356,539,0,0
2025-06-17 09:30:00,0.65356,0.65432,0.65349,0.65424,798,0,0
2025-06-17 09:45:00,0.65424,0.65438,0.65336,0.6536,938,0,0
2025-06-17 10:00:00,0.6536,0.65413,0.65318,0.65344,1123,0,0
2025-06-17 10:15:00,0.65344,0.65381,0.65321,0.65353,1017,0,0
2025-06-17 10:30:00,0.65353,0.65367,0.65306,0.65335,734,0,0
2025-06-17 10:45:00,0.65335,0.65424,0.65331,0.65386,814,0,0
2025-06-17 11:00:00,0.65386,0.65416,0.65375,0.65403,758,0,0
2025-06-17 11:15:00,0.65403,0.65412,0.65381,0.65393,524,0,0
2025-06-17 11:30:00,0.65393,0.65417,0.65356,0.65365,535,0,0
2025-06-17 11:45:00,0.65365,0.65372,0.65319,0.65336,782,0,0
2025-06-17 12:00:00,0.65336,0.65415,0.65302,0.65337,940,0,0
2025-06-17 12:15:00,0.65337,0.65343,0.65299,0.6532,830,0,0
2025-06-17 12:30:00,0.6532,0.65331,0.65286,0.65308,647,0,0
2025-06-17 12:45:00,0.65308,0.65338,0.65268,0.65281,633,0,0
2025-06-17 13:00:00,0.65281,0.65347,0.6528,0.65336,454,0,0
2025-06-17 13:15:00,0.65336,0.65347,0.6532,0.65323,401,0,0
2025-06-17 13:30:00,0.65323,0.65365,0.65322,0.65333,450,0,0
2025-06-17 13:45:00,0.65333,0.65369,0.65333,0.65361,434,0,0
2025-06-17 14:00:00,0.65361,0.65423,0.65355,0.65418,494,0,0
2025-06-17 14:15:00,0.65418,0.6542,0.65367,0.65377,513,0,0
2025-06-17 14:30:00,0.65377,0.65413,0.65373,0.65386,703,0,0
2025-06-17 14:45:00,0.65386,0.65389,0.65331,0.65369,658,0,0
2025-06-17 15:00:00,0.65368,0.65401,0.65354,0.65387,573,0,0
2025-06-17 15:15:00,0.65387,0.65409,0.65345,0.65345,524,0,0
2025-06-17 15:30:00,0.65344,0.6539,0.65297,0.65301,1364,1,0
2025-06-17 15:45:00,0.65301,0.65305,0.65199,0.65218,1037,0,0
2025-06-17 16:00:00,0.65218,0.65296,0.65214,0.65287,913,0,0
2025-06-17 16:15:00,0.65287,0.65351,0.65282,0.65315,761,0,0
2025-06-17 16:30:00,0.65315,0.6537,0.6528,0.65351,768,0,0
2025-06-17 16:45:00,0.65351,0.65382,0.65304,0.65345,958,0,0
2025-06-17 17:00:00,0.65345,0.65355,0.65312,0.65332,972,0,0
2025-06-17 17:15:00,0.65333,0.65333,0.65156,0.65185,1261,0,0
2025-06-17 17:30:00,0.65185,0.65201,0.6505,0.65053,1363,0,0
2025-06-17 17:45:00,0.65054,0.6513,0.65054,0.65084,1172,0,0
2025-06-17 18:00:00,0.65084,0.6512,0.65056,0.65114,953,0,0
2025-06-17 18:15:00,0.65114,0.65119,0.65027,0.6503,677,0,0
2025-06-17 18:30:00,0.6503,0.65103,0.65024,0.65092,681,0,0
2025-06-17 18:45:00,0.65092,0.65134,0.65076,0.65132,612,0,0
2025-06-17 19:00:00,0.65131,0.65194,0.65128,0.65161,747,0,0
2025-06-17 19:15:00,0.6516,0.65181,0.65088,0.6509,621,0,0
2025-06-17 19:30:00,0.6509,0.65129,0.65051,0.65055,449,0,0
2025-06-17 19:45:00,0.65056,0.65083,0.6492,0.64936,988,0,0
2025-06-17 20:00:00,0.64936,0.64974,0.64913,0.64934,714,0,0
2025-06-17 20:15:00,0.64934,0.64943,0.64854,0.64893,924,0,0
2025-06-17 20:30:00,0.64893,0.64919,0.64828,0.64831,660,0,0
2025-06-17 20:45:00,0.64831,0.64836,0.64718,0.6476,1064,0,0
2025-06-17 21:00:00,0.6476,0.64792,0.64735,0.64735,627,0,0
2025-06-17 21:15:00,0.64735,0.64761,0.64671,0.64684,699,0,0
2025-06-17 21:30:00,0.64684,0.64745,0.64676,0.64711,624,0,0
2025-06-17 21:45:00,0.64711,0.64722,0.64661,0.64716,861,0,0
2025-06-17 22:00:00,0.64715,0.64728,0.64694,0.64712,445,0,0
2025-06-17 22:15:00,0.64712,0.64757,0.64712,0.64745,346,0,0
2025-06-17 22:30:00,0.64745,0.64752,0.64716,0.64743,407,0,0
2025-06-17 22:45:00,0.64743,0.64764,0.64733,0.64742,406,0,0
2025-06-17 23:00:00,0.64742,0.64759,0.6472,0.64733,270,0,0
2025-06-17 23:15:00,0.64733,0.64751,0.6471,0.64739,258,0,0
2025-06-17 23:30:00,0.64739,0.64741,0.64713,0.64718,272,0,0
2025-06-17 23:45:00,0.64718,0.64774,0.64718,0.64756,495,5,0
2025-06-18 00:00:00,0.64737,0.6477,0.64629,0.6472,145,34,0
2025-06-18 00:15:00,0.6472,0.64786,0.64717,0.64752,129,49,0
2025-06-18 00:30:00,0.64752,0.64764,0.64735,0.64761,58,34,0
2025-06-18 00:45:00,0.64761,0.64761,0.64742,0.64745,109,39,0
2025-06-18 01:00:00,0.64745,0.6477,0.64719,0.64744,212,0,0
2025-06-18 01:15:00,0.64744,0.64747,0.6473,0.64739,161,0,0
2025-06-18 01:30:00,0.64739,0.64739,0.64703,0.64706,225,0,0
2025-06-18 01:45:00,0.64706,0.64707,0.64686,0.6469,204,0,0
2025-06-18 02:00:00,0.6469,0.64713,0.64685,0.64699,179,0,0
2025-06-18 02:15:00,0.64699,0.6472,0.64688,0.6472,231,0,0
2025-06-18 02:30:00,0.6472,0.64732,0.647,0.6473,227,0,0
2025-06-18 02:45:00,0.6473,0.64812,0.6473,0.64806,518,0,0
2025-06-18 03:00:00,0.64806,0.64862,0.64776,0.64822,1320,0,0
2025-06-18 03:15:00,0.64822,0.64847,0.6477,0.64843,805,0,0
2025-06-18 03:30:00,0.64843,0.64873,0.64812,0.6487,676,0,0
2025-06-18 03:45:00,0.6487,0.64882,0.64824,0.64824,989,0,0
2025-06-18 04:00:00,0.64824,0.64907,0.64824,0.64859,927,0,0
2025-06-18 04:15:00,0.64859,0.64917,0.64837,0.649,860,0,0
2025-06-18 04:30:00,0.649,0.64938,0.64855,0.64862,872,0,0
2025-06-18 04:45:00,0.64861,0.64912,0.6483,0.6486,849,0,0
2025-06-18 05:00:00,0.6486,0.6486,0.64807,0.64834,710,0,0
2025-06-18 05:15:00,0.64829,0.64913,0.64825,0.64904,751,0,0
2025-06-18 05:30:00,0.64904,0.64916,0.64857,0.64896,543,0,0
2025-06-18 05:45:00,0.64896,0.6491,0.6487,0.64885,623,0,0
2025-06-18 06:00:00,0.64883,0.64924,0.64879,0.64915,383,0,0
2025-06-18 06:15:00,0.64917,0.6493,0.64881,0.64886,442,0,0
2025-06-18 06:30:00,0.64886,0.64933,0.64883,0.64921,400,0,0
2025-06-18 06:45:00,0.64921,0.64926,0.64893,0.64916,293,0,0
2025-06-18 07:00:00,0.64916,0.64942,0.64901,0.64916,328,0,0
2025-06-18 07:15:00,0.64916,0.64941,0.64914,0.64934,374,0,0
2025-06-18 07:30:00,0.64934,0.64997,0.64928,0.64995,432,0,0
2025-06-18 07:45:00,0.64995,0.65057,0.64983,0.65038,367,0,0
2025-06-18 08:00:00,0.65037,0.65063,0.64994,0.65002,466,0,0
2025-06-18 08:15:00,0.65002,0.65031,0.65002,0.65029,431,0,0
2025-06-18 08:30:00,0.65029,0.65056,0.65013,0.65049,448,0,0
2025-06-18 08:45:00,0.65049,0.65055,0.65005,0.65021,531,0,0
2025-06-18 09:00:00,0.65021,0.65059,0.64996,0.65056,800,0,0
2025-06-18 09:15:00,0.65056,0.65108,0.65046,0.65096,782,0,0
2025-06-18 09:30:00,0.65096,0.65136,0.65061,0.65079,745,0,0
2025-06-18 09:45:00,0.65079,0.65103,0.6506,0.65067,629,0,0
2025-06-18 10:00:00,0.65067,0.65115,0.65026,0.65028,864,0,0
2025-06-18 10:15:00,0.65028,0.65049,0.65005,0.65021,722,0,0
2025-06-18 10:30:00,0.65021,0.65036,0.64992,0.64996,642,0,0
2025-06-18 10:45:00,0.64996,0.64998,0.64963,0.64978,617,0,0
2025-06-18 11:00:00,0.64978,0.65033,0.6496,0.65005,667,0,0
2025-06-18 11:15:00,0.65005,0.65008,0.64933,0.64951,785,0,0
2025-06-18 11:30:00,0.64951,0.64977,0.64933,0.64964,643,0,0
2025-06-18 11:45:00,0.64964,0.65,0.64955,0.64979,572,0,0
2025-06-18 12:00:00,0.64979,0.64994,0.6495,0.64978,590,0,0
2025-06-18 12:15:00,0.64978,0.65017,0.64974,0.65015,512,0,0
2025-06-18 12:30:00,0.65015,0.65025,0.6499,0.65006,454,0,0
2025-06-18 12:45:00,0.65006,0.6501,0.64948,0.64998,659,0,0
2025-06-18 13:00:00,0.64998,0.65017,0.64988,0.64996,692,0,0
2025-06-18 13:15:00,0.64996,0.65014,0.64982,0.64991,504,0,0
2025-06-18 13:30:00,0.64991,0.64991,0.64944,0.64963,616,0,0
2025-06-18 13:45:00,0.64963,0.64963,0.64871,0.64881,683,0,0
2025-06-18 14:00:00,0.64881,0.64946,0.64878,0.64943,468,0,0
2025-06-18 14:15:00,0.64943,0.6495,0.64919,0.64928,402,0,0
2025-06-18 14:30:00,0.64928,0.6498,0.64927,0.64962,403,0,0
2025-06-18 14:45:00,0.64962,0.65017,0.64962,0.65008,446,0,0
2025-06-18 15:00:00,0.65008,0.65041,0.64986,0.65023,737,0,0
2025-06-18 15:15:00,0.65023,0.65061,0.65,0.65009,673,0,0
2025-06-18 15:30:00,0.65009,0.65049,0.64987,0.64989,569,0,0
2025-06-18 15:45:00,0.64989,0.65013,0.64968,0.64994,585,0,0
2025-06-18 16:00:00,0.64993,0.65052,0.64975,0.65023,598,0,0
2025-06-18 16:15:00,0.65023,0.65037,0.65008,0.6503,509,0,0
2025-06-18 16:30:00,0.6503,0.6503,0.64941,0.64987,1131,1,0
2025-06-18 16:45:00,0.64987,0.65063,0.64986,0.64991,1014,0,0
2025-06-18 17:00:00,0.64991,0.65203,0.64975,0.6518,1635,0,0
2025-06-18 17:15:00,0.6518,0.65184,0.65024,0.65057,1376,0,0
2025-06-18 17:30:00,0.65056,0.65144,0.65053,0.65134,1145,0,0
2025-06-18 17:45:00,0.65134,0.65198,0.65115,0.65156,1053,0,0
2025-06-18 18:00:00,0.65156,0.65212,0.65148,0.65176,901,0,0
2025-06-18 18:15:00,0.65175,0.65217,0.65147,0.65217,790,0,0
2025-06-18 18:30:00,0.65217,0.65235,0.6518,0.65192,707,0,0
2025-06-18 18:45:00,0.65192,0.65226,0.65179,0.65182,633,0,0
2025-06-18 19:00:00,0.65182,0.65243,0.65181,0.65213,599,0,0
2025-06-18 19:15:00,0.65213,0.65213,0.65173,0.65174,427,0,0
2025-06-18 19:30:00,0.65174,0.65193,0.65154,0.65164,520,0,0
2025-06-18 19:45:00,0.65164,0.65169,0.65143,0.65147,368,0,0
2025-06-18 20:00:00,0.65147,0.65183,0.65142,0.65168,409,0,0
2025-06-18 20:15:00,0.65168,0.65178,0.65129,0.65135,362,0,0
2025-06-18 20:30:00,0.65135,0.65135,0.6508,0.65113,542,0,0
2025-06-18 20:45:00,0.65113,0.65145,0.65092,0.65106,412,0,0
2025-06-18 21:00:00,0.65106,0.65373,0.65106,0.6525,2643,0,0
2025-06-18 21:15:00,0.6525,0.65274,0.65167,0.65231,1880,0,0
2025-06-18 21:30:00,0.65231,0.65271,0.65134,0.65166,1990,0,0
2025-06-18 21:45:00,0.65166,0.65173,0.64996,0.65004,1776,0,0
2025-06-18 22:00:00,0.65005,0.65093,0.64941,0.6509,1844,0,0
2025-06-18 22:15:00,0.6509,0.65112,0.64946,0.64962,1399,0,0
2025-06-18 22:30:00,0.64962,0.65086,0.64945,0.65047,1015,0,0
2025-06-18 22:45:00,0.65047,0.65052,0.6501,0.65043,744,0,0
2025-06-18 23:00:00,0.65043,0.65078,0.65036,0.65076,307,0,0
2025-06-18 23:15:00,0.65076,0.65096,0.6507,0.65081,211,0,0
2025-06-18 23:30:00,0.65081,0.65102,0.65077,0.65085,202,0,0
2025-06-18 23:45:00,0.65085,0.65094,0.65076,0.65083,196,5,0
2025-06-19 00:00:00,0.6508,0.6508,0.64942,0.65019,69,14,0
2025-06-19 00:15:00,0.65019,0.65042,0.64985,0.65042,30,73,0
2025-06-19 00:30:00,0.65042,0.65048,0.6498,0.65024,146,51,0
2025-06-19 00:45:00,0.65024,0.65059,0.65016,0.65046,72,48,0
2025-06-19 01:00:00,0.65046,0.65107,0.65038,0.65091,129,0,0
2025-06-19 01:15:00,0.65091,0.65111,0.65089,0.65108,98,0,0
2025-06-19 01:30:00,0.65108,0.6511,0.6507,0.65092,151,0,0
2025-06-19 01:45:00,0.65093,0.65099,0.65048,0.6508,196,0,0
2025-06-19 02:00:00,0.6508,0.65105,0.65068,0.65096,138,0,0
2025-06-19 02:15:00,0.65096,0.65097,0.65052,0.65056,177,0,0
2025-06-19 02:30:00,0.65056,0.65097,0.65052,0.65064,194,0,0
2025-06-19 02:45:00,0.65064,0.65094,0.65061,0.65063,295,1,0
2025-06-19 03:00:00,0.65063,0.65093,0.6503,0.65038,840,0,0
2025-06-19 03:15:00,0.65038,0.65058,0.65016,0.65056,578,0,0
2025-06-19 03:30:00,0.65056,0.6506,0.64995,0.6502,378,0,0
2025-06-19 03:45:00,0.6502,0.65022,0.64958,0.64977,574,0,0
2025-06-19 04:00:00,0.64977,0.64984,0.64798,0.6488,1402,0,0
2025-06-19 04:15:00,0.6488,0.64926,0.64876,0.64894,692,0,0
2025-06-19 04:30:00,0.6489,0.64972,0.64819,0.64925,1177,0,0
2025-06-19 04:45:00,0.64925,0.64928,0.64821,0.6483,864,0,0
2025-06-19 05:00:00,0.6483,0.6487,0.64809,0.64847,911,0,0
2025-06-19 05:15:00,0.64846,0.64881,0.64773,0.64776,601,0,0
2025-06-19 05:30:00,0.64776,0.64826,0.64753,0.64816,792,0,0
2025-06-19 05:45:00,0.64816,0.64831,0.64807,0.6482,610,0,0
2025-06-19 06:00:00,0.6482,0.64901,0.64813,0.64901,544,0,0
2025-06-19 06:15:00,0.64901,0.64922,0.64879,0.64914,579,0,0
2025-06-19 06:30:00,0.64914,0.64941,0.64892,0.64902,621,0,0
2025-06-19 06:45:00,0.64902,0.64939,0.64893,0.64921,648,0,0
2025-06-19 07:00:00,0.64921,0.64934,0.64876,0.64927,786,0,0
2025-06-19 07:15:00,0.64927,0.64932,0.64891,0.64905,377,0,0
2025-06-19 07:30:00,0.64905,0.64905,0.64848,0.64881,411,0,0
2025-06-19 07:45:00,0.64881,0.64911,0.64879,0.64889,266,0,0
2025-06-19 08:00:00,0.64889,0.64894,0.64782,0.64801,508,0,0
2025-06-19 08:15:00,0.64801,0.64823,0.64775,0.6478,549,0,0
2025-06-19 08:30:00,0.6478,0.64791,0.64756,0.64774,491,0,0
2025-06-19 08:45:00,0.64774,0.64775,0.64628,0.64674,868,0,0
2025-06-19 09:00:00,0.64674,0.64693,0.64613,0.64654,951,0,0
2025-06-19 09:15:00,0.64654,0.64668,0.64618,0.6464,753,0,0
2025-06-19 09:30:00,0.6464,0.64681,0.64603,0.64649,767,0,0
2025-06-19 09:45:00,0.64649,0.64724,0.64637,0.64713,804,0,0
2025-06-19 10:00:00,0.64713,0.64713,0.64634,0.64662,867,0,0
2025-06-19 10:15:00,0.64662,0.64759,0.64662,0.64755,703,0,0
2025-06-19 10:30:00,0.64754,0.64767,0.6469,0.64696,880,0,0
2025-06-19 10:45:00,0.64696,0.64707,0.64615,0.64641,874,0,0
2025-06-19 11:00:00,0.64641,0.64713,0.64625,0.64687,918,0,0
2025-06-19 11:15:00,0.64687,0.64773,0.64685,0.64756,760,0,0
2025-06-19 11:30:00,0.64757,0.64767,0.6473,0.64738,828,0,0
2025-06-19 11:45:00,0.64738,0.64786,0.6473,0.6475,613,0,0
2025-06-19 12:00:00,0.6475,0.64791,0.647,0.64722,775,0,0
2025-06-19 12:15:00,0.64722,0.6473,0.64688,0.64713,704,0,0
2025-06-19 12:30:00,0.64716,0.6472,0.64658,0.64663,654,0,0
2025-06-19 12:45:00,0.64663,0.64705,0.64656,0.64656,501,0,0
2025-06-19 13:00:00,0.64656,0.6469,0.64641,0.6469,397,0,0
2025-06-19 13:15:00,0.6469,0.64732,0.64681,0.6471,380,0,0
2025-06-19 13:30:00,0.6471,0.6471,0.64669,0.64703,510,0,0
2025-06-19 13:45:00,0.64703,0.64721,0.64623,0.64635,558,0,0
2025-06-19 14:00:00,0.64635,0.64636,0.64573,0.64597,665,0,0
2025-06-19 14:15:00,0.64597,0.64709,0.64591,0.64702,546,0,0
2025-06-19 14:30:00,0.64702,0.64733,0.64652,0.64688,518,0,0
2025-06-19 14:45:00,0.64688,0.64704,0.64664,0.64679,464,0,0
2025-06-19 15:00:00,0.64679,0.64709,0.64656,0.64689,649,0,0
2025-06-19 15:15:00,0.64689,0.6469,0.64623,0.6464,507,0,0
2025-06-19 15:30:00,0.6464,0.6465,0.64595,0.64601,535,0,0
2025-06-19 15:45:00,0.64601,0.64644,0.64583,0.64623,590,0,0
2025-06-19 16:00:00,0.64623,0.64674,0.64613,0.64667,515,0,0
2025-06-19 16:15:00,0.64667,0.64701,0.64654,0.64664,526,0,0
2025-06-19 16:30:00,0.64664,0.64665,0.64575,0.64584,981,0,0
2025-06-19 16:45:00,0.64584,0.64629,0.64583,0.64586,801,0,0
2025-06-19 17:00:00,0.64586,0.64636,0.6457,0.6457,739,0,0
2025-06-19 17:15:00,0.6457,0.64598,0.64474,0.64477,834,0,0
2025-06-19 17:30:00,0.64477,0.64539,0.64457,0.64506,816,0,0
2025-06-19 17:45:00,0.64506,0.64557,0.64468,0.64536,1039,0,0
2025-06-19 18:00:00,0.64536,0.64569,0.64526,0.64556,654,0,0
2025-06-19 18:15:00,0.64556,0.64576,0.64529,0.64529,297,0,0
2025-06-19 18:30:00,0.64529,0.64582,0.64529,0.64578,253,0,0
2025-06-19 18:45:00,0.64578,0.64582,0.64536,0.64544,333,0,0
2025-06-19 19:00:00,0.64541,0.64543,0.64515,0.64525,250,0,0
2025-06-19 19:15:00,0.64525,0.64555,0.64523,0.64539,366,0,0
2025-06-19 19:30:00,0.64539,0.64546,0.64513,0.64545,261,0,0
2025-06-19 19:45:00,0.64545,0.64547,0.64523,0.64527,250,0,0
2025-06-19 20:00:00,0.64527,0.64586,0.64526,0.64584,129,0,0
2025-06-19 20:15:00,0.64584,0.6459,0.64557,0.64563,153,0,0
2025-06-19 20:30:00,0.64563,0.64648,0.64563,0.64648,282,0,0
2025-06-19 20:45:00,0.64648,0.6473,0.64647,0.64719,212,0,0
2025-06-19 21:00:00,0.64719,0.64741,0.64701,0.64725,320,0,0
2025-06-19 21:15:00,0.64725,0.64728,0.6471,0.64726,216,0,0
2025-06-19 21:30:00,0.64726,0.64739,0.64717,0.64722,200,0,0
2025-06-19 21:45:00,0.64722,0.64736,0.64721,0.6473,139,0,0
2025-06-19 22:00:00,0.6473,0.64753,0.64724,0.64742,135,0,0
2025-06-19 22:15:00,0.64742,0.64769,0.64742,0.64767,175,0,0
2025-06-19 22:30:00,0.64767,0.64773,0.64751,0.64756,146,0,0
2025-06-19 22:45:00,0.64756,0.64787,0.64747,0.64776,172,0,0
2025-06-19 23:00:00,0.64776,0.64776,0.6474,0.64747,97,0,0
2025-06-19 23:15:00,0.64747,0.64775,0.64746,0.64775,85,0,0
2025-06-19 23:30:00,0.64776,0.64795,0.6477,0.64788,153,0,0
2025-06-19 23:45:00,0.64788,0.64807,0.64778,0.64798,194,5,0
2025-06-20 00:00:00,0.64797,0.64797,0.64579,0.64631,96,36,0
2025-06-20 00:15:00,0.64631,0.64677,0.64615,0.64677,63,136,0
2025-06-20 00:30:00,0.64677,0.6474,0.64674,0.6474,100,65,0
2025-06-20 00:45:00,0.6474,0.64756,0.64731,0.64731,69,56,0
2025-06-20 01:00:00,0.64731,0.64842,0.64724,0.64819,309,0,0
2025-06-20 01:15:00,0.64819,0.6483,0.64801,0.64802,255,0,0
2025-06-20 01:30:00,0.64802,0.64816,0.64791,0.64806,217,0,0
2025-06-20 01:45:00,0.64806,0.64823,0.64804,0.64817,228,0,0
2025-06-20 02:00:00,0.64817,0.64837,0.64817,0.64834,200,0,0
2025-06-20 02:15:00,0.64834,0.64862,0.64827,0.64835,194,0,0
2025-06-20 02:30:00,0.64835,0.64852,0.64823,0.6485,254,0,0
2025-06-20 02:45:00,0.6485,0.64865,0.64838,0.64857,270,0,0
2025-06-20 03:00:00,0.64856,0.64942,0.64849,0.64941,808,0,0
2025-06-20 03:15:00,0.64941,0.64942,0.64851,0.64858,734,0,0
2025-06-20 03:30:00,0.6486,0.6489,0.64843,0.64884,589,0,0
2025-06-20 03:45:00,0.64884,0.64907,0.64861,0.64871,564,0,0
2025-06-20 04:00:00,0.6487,0.64896,0.64766,0.6477,968,0,0
2025-06-20 04:15:00,0.6477,0.64844,0.64766,0.64821,869,0,0
2025-06-20 04:30:00,0.6482,0.64834,0.64753,0.64774,763,0,0
2025-06-20 04:45:00,0.64774,0.64831,0.64757,0.6476,673,0,0
2025-06-20 05:00:00,0.6476,0.648,0.64743,0.64783,550,0,0
2025-06-20 05:15:00,0.64783,0.64811,0.64748,0.64807,366,0,0
2025-06-20 05:30:00,0.64807,0.64849,0.64799,0.64839,526,0,0
2025-06-20 05:45:00,0.64838,0.64858,0.64826,0.64847,470,0,0
2025-06-20 06:00:00,0.64847,0.64901,0.64836,0.64897,580,0,0
2025-06-20 06:15:00,0.64897,0.649,0.64871,0.64883,538,0,0
2025-06-20 06:30:00,0.64883,0.64923,0.64879,0.64918,502,0,0
2025-06-20 06:45:00,0.64918,0.64932,0.64891,0.64919,604,0,0
2025-06-20 07:00:00,0.64919,0.64945,0.64898,0.64944,449,0,0
2025-06-20 07:15:00,0.64944,0.64947,0.6491,0.64916,344,0,0
2025-06-20 07:30:00,0.64916,0.6493,0.64905,0.64927,338,0,0
2025-06-20 07:45:00,0.64927,0.64954,0.64915,0.64921,289,0,0
2025-06-20 08:00:00,0.64921,0.64943,0.64908,0.64913,336,0,0
2025-06-20 08:15:00,0.64913,0.6493,0.64887,0.64902,450,0,0
2025-06-20 08:30:00,0.64902,0.64915,0.64869,0.64886,484,0,0
2025-06-20 08:45:00,0.64886,0.6493,0.64878,0.64925,507,0,0
2025-06-20 09:00:00,0.64925,0.64931,0.64854,0.64908,777,0,0
2025-06-20 09:15:00,0.64908,0.64909,0.64828,0.64839,725,0,0
2025-06-20 09:30:00,0.64839,0.64844,0.64745,0.64785,732,0,0
2025-06-20 09:45:00,0.64785,0.64822,0.64753,0.6476,823,0,0
2025-06-20 10:00:00,0.6476,0.64801,0.64726,0.64798,762,0,0
2025-06-20 10:15:00,0.64798,0.64837,0.6479,0.64825,603,0,0
2025-06-20 10:30:00,0.64825,0.64838,0.648,0.64826,574,0,0
2025-06-20 10:45:00,0.64826,0.64858,0.64815,0.64855,632,0,0
2025-06-20 11:00:00,0.64854,0.64875,0.64835,0.64865,632,0,0
2025-06-20 11:15:00,0.64865,0.64873,0.64824,0.6483,756,0,0
2025-06-20 11:30:00,0.6483,0.6487,0.64806,0.64865,625,0,0
2025-06-20 11:45:00,0.64865,0.649,0.6485,0.64875,546,0,0
2025-06-20 12:00:00,0.64875,0.64939,0.6487,0.64929,464,0,0
2025-06-20 12:15:00,0.64929,0.64937,0.64903,0.64903,457,0,0
2025-06-20 12:30:00,0.64903,0.64937,0.64884,0.64924,423,0,0
2025-06-20 12:45:00,0.64924,0.64954,0.64917,0.6493,493,0,0
2025-06-20 13:00:00,0.6493,0.64941,0.64892,0.64928,476,0,0
2025-06-20 13:15:00,0.64928,0.6493,0.64886,0.64891,287,0,0
2025-06-20 13:30:00,0.64891,0.64899,0.64849,0.64897,471,0,0
2025-06-20 13:45:00,0.64897,0.64906,0.64868,0.64885,317,0,0
2025-06-20 14:00:00,0.64885,0.6489,0.64853,0.64864,321,0,0
2025-06-20 14:15:00,0.64864,0.64876,0.64839,0.64844,307,0,0
2025-06-20 14:30:00,0.64844,0.64849,0.64816,0.64842,397,0,0
2025-06-20 14:45:00,0.64841,0.64941,0.64839,0.64885,995,0,0
2025-06-20 15:00:00,0.64885,0.64897,0.64851,0.64882,609,0,0
2025-06-20 15:15:00,0.64882,0.64905,0.64868,0.64887,537,0,0
2025-06-20 15:30:00,0.64888,0.64956,0.64863,0.64919,1229,0,0
2025-06-20 15:45:00,0.64919,0.6492,0.64863,0.64897,857,0,0
2025-06-20 16:00:00,0.64899,0.64912,0.64858,0.64896,783,0,0
2025-06-20 16:15:00,0.64896,0.64907,0.64866,0.64891,625,0,0
2025-06-20 16:30:00,0.64891,0.64891,0.6479,0.64803,874,0,0
2025-06-20 16:45:00,0.64804,0.64814,0.64718,0.64733,847,0,0
2025-06-20 17:00:00,0.64733,0.64764,0.6469,0.64737,1007,0,0
2025-06-20 17:15:00,0.64738,0.64741,0.64656,0.64679,828,0,0
2025-06-20 17:30:00,0.64679,0.64679,0.64591,0.64625,896,0,0
2025-06-20 17:45:00,0.64625,0.6467,0.64587,0.64661,1264,0,0
2025-06-20 18:00:00,0.64661,0.64694,0.64627,0.64666,1152,0,0
2025-06-20 18:15:00,0.64666,0.64685,0.64614,0.64619,765,0,0
2025-06-20 18:30:00,0.64618,0.64635,0.64567,0.6457,742,0,0
2025-06-20 18:45:00,0.6457,0.64575,0.6452,0.64537,593,0,0
2025-06-20 19:00:00,0.64537,0.64596,0.64535,0.64565,527,0,0
2025-06-20 19:15:00,0.64565,0.64603,0.64544,0.64593,448,0,0
2025-06-20 19:30:00,0.64592,0.64615,0.6459,0.64608,472,0,0
2025-06-20 19:45:00,0.64608,0.64617,0.64576,0.64587,461,0,0
2025-06-20 20:00:00,0.64587,0.64605,0.64572,0.64583,328,0,0
2025-06-20 20:15:00,0.64583,0.64599,0.64548,0.64549,390,0,0
2025-06-20 20:30:00,0.64549,0.64562,0.64516,0.64526,469,0,0
2025-06-20 20:45:00,0.64526,0.64567,0.64522,0.64565,426,0,0
2025-06-20 21:00:00,0.64565,0.64575,0.6454,0.64555,474,0,0
2025-06-20 21:15:00,0.64555,0.6459,0.64549,0.64585,507,0,0
2025-06-20 21:30:00,0.64585,0.64598,0.64554,0.64563,549,0,0
2025-06-20 21:45:00,0.64563,0.64576,0.6454,0.64544,414,0,0
2025-06-20 22:00:00,0.64544,0.64561,0.64533,0.64555,272,0,0
2025-06-20 22:15:00,0.64555,0.6456,0.64537,0.64541,255,0,0
2025-06-20 22:30:00,0.64541,0.64542,0.6451,0.64511,121,0,0
2025-06-20 22:45:00,0.64513,0.64515,0.6448,0.64489,267,0,0
2025-06-20 23:00:00,0.64489,0.64526,0.64484,0.64521,267,0,0
2025-06-20 23:15:00,0.64521,0.64521,0.64487,0.64495,139,0,0
2025-06-20 23:30:00,0.64495,0.64502,0.64485,0.64486,143,0,0
2025-06-20 23:45:00,0.64486,0.64516,0.64467,0.64467,486,7,0
2025-06-23 00:00:00,0.64215,0.64275,0.64215,0.64275,65,68,0
2025-06-23 00:15:00,0.64275,0.64305,0.64275,0.64299,49,54,0
2025-06-23 00:30:00,0.64299,0.64305,0.64225,0.6425,115,41,0
2025-06-23 00:45:00,0.6425,0.6425,0.64211,0.64227,122,46,0
2025-06-23 01:00:00,0.64227,0.64402,0.64132,0.64353,1033,0,0
2025-06-23 01:15:00,0.64353,0.6439,0.64329,0.6434,603,0,0
2025-06-23 01:30:00,0.6434,0.64425,0.64318,0.64419,456,0,0
2025-06-23 01:45:00,0.64419,0.64423,0.64388,0.644,444,0,0
2025-06-23 02:00:00,0.64399,0.64439,0.64394,0.64415,485,0,0
2025-06-23 02:15:00,0.64415,0.6448,0.64415,0.6446,440,0,0
2025-06-23 02:30:00,0.6446,0.64489,0.64437,0.64439,405,0,0
2025-06-23 02:45:00,0.64439,0.64469,0.64427,0.64458,379,0,0
2025-06-23 03:00:00,0.64458,0.64466,0.64358,0.64362,980,0,0
2025-06-23 03:15:00,0.64362,0.64378,0.64331,0.64353,776,0,0
2025-06-23 03:30:00,0.64353,0.64353,0.64275,0.64315,895,0,0
2025-06-23 03:45:00,0.64315,0.64366,0.64303,0.64366,719,0,0
2025-06-23 04:00:00,0.64366,0.64426,0.64331,0.64354,1131,0,0
2025-06-23 04:15:00,0.64355,0.64355,0.64202,0.64214,1020,0,0
2025-06-23 04:30:00,0.64214,0.64298,0.64207,0.64279,899,0,0
2025-06-23 04:45:00,0.64279,0.6431,0.64193,0.64265,831,0,0
2025-06-23 05:00:00,0.64265,0.64319,0.64237,0.64282,1010,0,0
2025-06-23 05:15:00,0.64282,0.64301,0.64209,0.64252,724,0,0
2025-06-23 05:30:00,0.64252,0.64262,0.64184,0.64185,661,0,0
2025-06-23 05:45:00,0.64185,0.64198,0.64108,0.64124,598,0,0
2025-06-23 06:00:00,0.64124,0.64151,0.64042,0.64067,790,0,0
2025-06-23 06:15:00,0.64067,0.64086,0.64,0.64011,908,0,0
2025-06-23 06:30:00,0.64012,0.64063,0.64,0.64018,618,0,0
2025-06-23 06:45:00,0.64018,0.64034,0.63978,0.64033,607,0,0
2025-06-23 07:00:00,0.64033,0.64088,0.64031,0.64048,525,0,0
2025-06-23 07:15:00,0.64049,0.64095,0.64041,0.64048,464,0,0
2025-06-23 07:30:00,0.64049,0.64065,0.63998,0.64011,583,0,0
2025-06-23 07:45:00,0.64011,0.64052,0.64003,0.64048,379,0,0
2025-06-23 08:00:00,0.64048,0.64087,0.64042,0.64051,568,0,0
2025-06-23 08:15:00,0.64051,0.64082,0.64016,0.64042,547,0,0
2025-06-23 08:30:00,0.64042,0.64079,0.64025,0.64069,704,1,0
2025-06-23 08:45:00,0.64069,0.64124,0.64057,0.64124,877,0,0
2025-06-23 09:00:00,0.64124,0.64178,0.64112,0.64147,1105,0,0
2025-06-23 09:15:00,0.64147,0.64173,0.64099,0.64113,978,0,0
2025-06-23 09:30:00,0.64113,0.64152,0.64106,0.64148,784,0,0
2025-06-23 09:45:00,0.64148,0.64223,0.64144,0.64212,941,0,0
2025-06-23 10:00:00,0.64212,0.6426,0.64192,0.64198,1103,0,0
2025-06-23 10:15:00,0.64198,0.64255,0.64175,0.64234,949,0,0
2025-06-23 10:30:00,0.64234,0.64277,0.64219,0.64251,938,0,0
2025-06-23 10:45:00,0.6425,0.64272,0.64191,0.64206,650,0,0
2025-06-23 11:00:00,0.64206,0.64216,0.64178,0.64189,815,0,0
2025-06-23 11:15:00,0.64189,0.64208,0.64166,0.64198,589,0,0
2025-06-23 11:30:00,0.64198,0.64208,0.64109,0.64109,645,0,0
2025-06-23 11:45:00,0.64112,0.64115,0.6401,0.64023,952,0,0
2025-06-23 12:00:00,0.64023,0.64031,0.6391,0.63945,972,0,0
2025-06-23 12:15:00,0.63945,0.63964,0.6382,0.6383,1060,0,0
2025-06-23 12:30:00,0.6383,0.63889,0.63794,0.63818,1200,0,0
2025-06-23 12:45:00,0.63818,0.63877,0.63796,0.638,772,0,0
2025-06-23 13:00:00,0.638,0.63828,0.63759,0.6381,945,0,0
2025-06-23 13:15:00,0.6381,0.63838,0.6378,0.63804,656,0,0
2025-06-23 13:30:00,0.63804,0.63853,0.63784,0.63828,709,0,0
2025-06-23 13:45:00,0.63828,0.63833,0.63783,0.63794,627,0,0
2025-06-23 14:00:00,0.63794,0.63827,0.63762,0.63815,706,0,0
2025-06-23 14:15:00,0.63815,0.63827,0.63778,0.63805,461,0,0
2025-06-23 14:30:00,0.63805,0.63807,0.63726,0.6376,626,0,0
2025-06-23 14:45:00,0.6376,0.63879,0.63742,0.63875,730,0,0
2025-06-23 15:00:00,0.63875,0.639,0.63843,0.63875,986,0,0
2025-06-23 15:15:00,0.63876,0.63894,0.63833,0.63849,799,0,0
2025-06-23 15:30:00,0.63849,0.63849,0.63802,0.63846,783,0,0
2025-06-23 15:45:00,0.63847,0.63919,0.63836,0.63911,689,0,0
2025-06-23 16:00:00,0.63911,0.63933,0.63884,0.63898,995,0,0
2025-06-23 16:15:00,0.63898,0.63903,0.63852,0.63879,759,0,0
2025-06-23 16:30:00,0.6388,0.63979,0.63853,0.63973,1217,0,0
2025-06-23 16:45:00,0.63973,0.64071,0.63955,0.64039,1405,0,0
2025-06-23 17:00:00,0.64039,0.64265,0.64038,0.64248,1985,0,0
2025-06-23 17:15:00,0.64253,0.64315,0.64227,0.64255,1423,0,0
2025-06-23 17:30:00,0.64255,0.64298,0.64216,0.64296,1325,0,0
2025-06-23 17:45:00,0.64296,0.64336,0.6423,0.64304,1285,0,0
2025-06-23 18:00:00,0.64304,0.64371,0.64292,0.64345,1061,0,0
2025-06-23 18:15:00,0.64345,0.64389,0.64345,0.6437,776,0,0
2025-06-23 18:30:00,0.6437,0.64395,0.64309,0.64322,998,0,0
2025-06-23 18:45:00,0.64322,0.64324,0.64202,0.64213,1030,0,0
2025-06-23 19:00:00,0.64213,0.64253,0.64199,0.6423,910,0,0
2025-06-23 19:15:00,0.6423,0.64257,0.64207,0.64224,633,0,0
2025-06-23 19:30:00,0.64224,0.64276,0.64076,0.64275,1423,0,0
2025-06-23 19:45:00,0.64274,0.64342,0.64208,0.64213,1550,0,0
2025-06-23 20:00:00,0.64214,0.64348,0.64188,0.6433,1338,0,0
2025-06-23 20:15:00,0.6433,0.64474,0.64323,0.64464,1130,0,0
2025-06-23 20:30:00,0.64464,0.64532,0.64459,0.64505,1232,0,0
2025-06-23 20:45:00,0.64505,0.64524,0.64474,0.64507,770,0,0
2025-06-23 21:00:00,0.64507,0.64555,0.64507,0.64537,674,0,0
2025-06-23 21:15:00,0.64537,0.6456,0.64513,0.6452,783,0,0
2025-06-23 21:30:00,0.6452,0.64565,0.64474,0.64544,650,0,0
2025-06-23 21:45:00,0.64544,0.64576,0.64523,0.64553,584,0,0
2025-06-23 22:00:00,0.64553,0.64582,0.64545,0.64568,362,0,0
2025-06-23 22:15:00,0.64568,0.64571,0.64531,0.6454,254,0,0
2025-06-23 22:30:00,0.6454,0.64567,0.6453,0.64538,244,0,0
2025-06-23 22:45:00,0.64537,0.64569,0.64522,0.64565,265,0,0
2025-06-23 23:00:00,0.64564,0.64598,0.64542,0.64591,210,0,0
2025-06-23 23:15:00,0.64591,0.64619,0.64579,0.64614,192,0,0
2025-06-23 23:30:00,0.64614,0.64633,0.64601,0.6461,161,0,0
2025-06-23 23:45:00,0.6461,0.6461,0.64569,0.64591,199,5,0
2025-06-24 00:00:00,0.64584,0.64584,0.64282,0.64547,29,18,0
2025-06-24 00:15:00,0.64547,0.64574,0.64547,0.64561,23,47,0
2025-06-24 00:30:00,0.64561,0.64569,0.64561,0.64561,21,51,0
2025-06-24 00:45:00,0.64561,0.64567,0.64557,0.64559,21,51,0
2025-06-24 01:00:00,0.64559,0.64702,0.64552,0.64699,501,0,0
2025-06-24 01:15:00,0.64699,0.64758,0.6469,0.64757,648,0,0
2025-06-24 01:30:00,0.64757,0.64773,0.64693,0.64693,467,0,0
2025-06-24 01:45:00,0.64693,0.64736,0.64677,0.6473,285,0,0
2025-06-24 02:00:00,0.6473,0.64749,0.64683,0.64748,404,0,0
2025-06-24 02:15:00,0.64747,0.64848,0.64743,0.64829,626,0,0
2025-06-24 02:30:00,0.64833,0.64868,0.64799,0.6485,438,0,0
2025-06-24 02:45:00,0.6485,0.64866,0.64759,0.6477,509,0,0
2025-06-24 03:00:00,0.6477,0.64812,0.64751,0.64781,979,0,0
2025-06-24 03:15:00,0.64781,0.64795,0.64719,0.64778,912,0,0
2025-06-24 03:30:00,0.64778,0.64817,0.64752,0.64803,831,0,0
2025-06-24 03:45:00,0.64803,0.64837,0.6471,0.64803,1325,0,0
2025-06-24 04:00:00,0.64803,0.64865,0.64752,0.64852,1101,0,0
2025-06-24 04:15:00,0.64852,0.64862,0.64796,0.64825,610,0,0
2025-06-24 04:30:00,0.64825,0.64844,0.64767,0.64802,796,0,0
2025-06-24 04:45:00,0.64802,0.64831,0.64777,0.64804,852,0,0
2025-06-24 05:00:00,0.64805,0.64823,0.64756,0.64819,856,0,0
2025-06-24 05:15:00,0.64818,0.64832,0.64785,0.6483,599,0,0
2025-06-24 05:30:00,0.64829,0.64902,0.64829,0.64901,460,0,0
2025-06-24 05:45:00,0.64901,0.64929,0.64875,0.64923,654,0,0
2025-06-24 06:00:00,0.64923,0.64969,0.64905,0.64944,501,0,0
2025-06-24 06:15:00,0.64944,0.64956,0.64874,0.64897,632,0,0
2025-06-24 06:30:00,0.64897,0.64923,0.64873,0.649,456,0,0
2025-06-24 06:45:00,0.649,0.6496,0.64897,0.64908,487,0,0
2025-06-24 07:00:00,0.64908,0.64909,0.64856,0.64875,723,0,0
2025-06-24 07:15:00,0.64875,0.64918,0.64863,0.64914,706,0,0
2025-06-24 07:30:00,0.64914,0.6497,0.6491,0.64951,528,0,0
2025-06-24 07:45:00,0.64951,0.64981,0.64943,0.64959,383,0,0
2025-06-24 08:00:00,0.64959,0.64959,0.6491,0.64911,450,0,0
2025-06-24 08:15:00,0.64911,0.64941,0.6491,0.64923,304,0,0
2025-06-24 08:30:00,0.64923,0.6496,0.64909,0.64948,536,0,0
2025-06-24 08:45:00,0.64948,0.64979,0.64913,0.64962,593,0,0
2025-06-24 09:00:00,0.64962,0.65004,0.64938,0.6497,1040,0,0
2025-06-24 09:15:00,0.6497,0.65134,0.6497,0.65076,1146,0,0
2025-06-24 09:30:00,0.65076,0.65109,0.65051,0.65097,799,0,0
2025-06-24 09:45:00,0.65097,0.65123,0.65055,0.651,952,0,0
2025-06-24 10:00:00,0.651,0.6513,0.65065,0.65087,1381,0,0
2025-06-24 10:15:00,0.65087,0.65116,0.65036,0.65075,977,0,0
2025-06-24 10:30:00,0.65075,0.65081,0.64952,0.6498,1650,0,0
2025-06-24 10:45:00,0.6498,0.64982,0.6488,0.64933,1351,0,0
2025-06-24 11:00:00,0.64932,0.64996,0.64929,0.64976,1007,0,0
2025-06-24 11:15:00,0.64976,0.65056,0.64931,0.65009,1313,0,0
2025-06-24 11:30:00,0.65009,0.65029,0.64988,0.65014,1185,0,0
2025-06-24 11:45:00,0.65014,0.6505,0.65012,0.6503,555,0,0
2025-06-24 12:00:00,0.6503,0.6511,0.65027,0.6511,623,0,0
2025-06-24 12:15:00,0.6511,0.65156,0.65095,0.65124,644,0,0
2025-06-24 12:30:00,0.65124,0.65147,0.65118,0.65141,514,0,0
2025-06-24 12:45:00,0.65141,0.65151,0.65093,0.65097,627,0,0
2025-06-24 13:00:00,0.65097,0.65105,0.65062,0.65075,697,0,0
2025-06-24 13:15:00,0.65075,0.65095,0.65065,0.65093,523,0,0
2025-06-24 13:30:00,0.65093,0.65105,0.65078,0.65089,419,0,0
2025-06-24 13:45:00,0.65089,0.65109,0.65079,0.65081,443,0,0
2025-06-24 14:00:00,0.65081,0.65108,0.65067,0.65108,518,0,0
2025-06-24 14:15:00,0.65109,0.65124,0.65075,0.65123,547,0,0
2025-06-24 14:30:00,0.65124,0.65159,0.65098,0.65103,601,0,0
2025-06-24 14:45:00,0.65103,0.65117,0.65071,0.65086,777,0,0
2025-06-24 15:00:00,0.65087,0.65119,0.65052,0.65065,670,0,0
2025-06-24 15:15:00,0.65065,0.65071,0.65022,0.65034,686,0,0
2025-06-24 15:30:00,0.65034,0.65077,0.65004,0.65066,958,0,0
2025-06-24 15:45:00,0.65066,0.65067,0.65016,0.65035,799,0,0
2025-06-24 16:00:00,0.65035,0.65065,0.6496,0.64975,913,0,0
2025-06-24 16:15:00,0.64975,0.64982,0.64924,0.64948,1102,0,0
2025-06-24 16:30:00,0.64945,0.6497,0.64873,0.64874,1187,0,0
2025-06-24 16:45:00,0.64872,0.64932,0.6487,0.64905,877,0,0
2025-06-24 17:00:00,0.64906,0.65038,0.64905,0.65034,1098,0,0
2025-06-24 17:15:00,0.65034,0.65194,0.65034,0.65163,1651,0,0
2025-06-24 17:30:00,0.65163,0.65178,0.65117,0.65173,1423,1,0
2025-06-24 17:45:00,0.65173,0.65179,0.65068,0.65069,1408,0,0
2025-06-24 18:00:00,0.65069,0.65141,0.6505,0.65125,1237,0,0
2025-06-24 18:15:00,0.65125,0.65176,0.65099,0.65106,802,0,0
2025-06-24 18:30:00,0.65106,0.65115,0.65026,0.65028,629,0,0
2025-06-24 18:45:00,0.65028,0.65035,0.64971,0.64976,836,0,0
2025-06-24 19:00:00,0.64976,0.64985,0.64938,0.64976,504,0,0
2025-06-24 19:15:00,0.64976,0.65022,0.64963,0.65019,438,0,0
2025-06-24 19:30:00,0.65019,0.65041,0.6501,0.65029,387,0,0
2025-06-24 19:45:00,0.65029,0.65056,0.65002,0.65055,417,0,0
2025-06-24 20:00:00,0.65055,0.6506,0.65036,0.65049,362,0,0
2025-06-24 20:15:00,0.65049,0.65084,0.65049,0.65068,388,0,0
2025-06-24 20:30:00,0.65068,0.65098,0.65065,0.65092,354,0,0
2025-06-24 20:45:00,0.65092,0.65094,0.65069,0.65073,288,0,0
2025-06-24 21:00:00,0.65073,0.65085,0.65054,0.65074,471,0,0
2025-06-24 21:15:00,0.65074,0.65085,0.65048,0.65061,272,0,0
2025-06-24 21:30:00,0.65061,0.65064,0.65033,0.65052,296,0,0
2025-06-24 21:45:00,0.65052,0.65059,0.65037,0.65047,253,0,0
2025-06-24 22:00:00,0.65047,0.65063,0.65033,0.65037,329,0,0
2025-06-24 22:15:00,0.65037,0.6506,0.65017,0.65037,261,0,0
2025-06-24 22:30:00,0.65037,0.6504,0.65012,0.65012,233,0,0
2025-06-24 22:45:00,0.65012,0.65015,0.64971,0.64976,249,0,0
2025-06-24 23:00:00,0.64976,0.65001,0.64927,0.64928,312,0,0
2025-06-24 23:15:00,0.64928,0.64933,0.64895,0.64915,244,0,0
2025-06-24 23:30:00,0.64915,0.64916,0.64879,0.6489,128,0,0
2025-06-24 23:45:00,0.6489,0.64901,0.64881,0.6489,175,5,0
2025-06-25 00:00:00,0.6488,0.64905,0.64807,0.64879,78,28,0
2025-06-25 00:15:00,0.64879,0.64883,0.64878,0.64879,47,50,0
2025-06-25 00:30:00,0.64879,0.64882,0.64874,0.64876,56,48,0
2025-06-25 00:45:00,0.64876,0.6488,0.64866,0.64869,52,45,0
2025-06-25 01:00:00,0.64869,0.64903,0.64868,0.64887,144,0,0
2025-06-25 01:15:00,0.64887,0.64903,0.64882,0.64896,193,0,0
2025-06-25 01:30:00,0.64896,0.64906,0.64879,0.64883,115,0,0
2025-06-25 01:45:00,0.64883,0.64901,0.64883,0.64889,127,0,0
2025-06-25 02:00:00,0.64889,0.64909,0.64889,0.64899,136,0,0
2025-06-25 02:15:00,0.64899,0.64907,0.64889,0.6489,100,0,0
2025-06-25 02:30:00,0.6489,0.64925,0.64889,0.64919,169,0,0
2025-06-25 02:45:00,0.64919,0.64954,0.64914,0.64952,339,0,0
2025-06-25 03:00:00,0.64952,0.64988,0.64943,0.64948,578,0,0
2025-06-25 03:15:00,0.64949,0.64958,0.64922,0.64932,419,0,0
2025-06-25 03:30:00,0.64932,0.64943,0.6491,0.64931,443,0,0
2025-06-25 03:45:00,0.64931,0.65007,0.64929,0.64981,543,0,0
2025-06-25 04:00:00,0.64981,0.65048,0.6497,0.65037,715,0,0
2025-06-25 04:15:00,0.65037,0.65052,0.64983,0.64986,680,0,0
2025-06-25 04:30:00,0.64986,0.65075,0.64891,0.65074,1218,0,0
2025-06-25 04:45:00,0.65073,0.65079,0.65015,0.65044,871,0,0
2025-06-25 05:00:00,0.65044,0.65048,0.64986,0.65001,885,0,0
2025-06-25 05:15:00,0.65001,0.65014,0.64979,0.64997,534,0,0
2025-06-25 05:30:00,0.64997,0.65034,0.64978,0.65029,454,0,0
2025-06-25 05:45:00,0.65029,0.65054,0.65008,0.65051,506,0,0
2025-06-25 06:00:00,0.6505,0.65079,0.65017,0.65059,565,0,0
2025-06-25 06:15:00,0.65059,0.65065,0.65003,0.65056,364,0,0
2025-06-25 06:30:00,0.65056,0.65074,0.65033,0.65068,256,0,0
2025-06-25 06:45:00,0.65068,0.65069,0.64977,0.64981,708,0,0
2025-06-25 07:00:00,0.64981,0.64998,0.64963,0.64998,338,0,0
2025-06-25 07:15:00,0.64998,0.65002,0.64974,0.64974,319,0,0
2025-06-25 07:30:00,0.64974,0.64979,0.64941,0.64943,462,0,0
2025-06-25 07:45:00,0.64943,0.64996,0.6494,0.64993,305,0,0
2025-06-25 08:00:00,0.64993,0.64993,0.64926,0.64958,356,0,0
2025-06-25 08:15:00,0.64958,0.6496,0.64928,0.64953,578,0,0
2025-06-25 08:30:00,0.64953,0.64995,0.64925,0.6499,523,0,0
2025-06-25 08:45:00,0.6499,0.65007,0.64974,0.64989,470,0,0
2025-06-25 09:00:00,0.64989,0.64995,0.6495,0.64984,600,0,0
2025-06-25 09:15:00,0.64984,0.65008,0.64945,0.64986,569,0,0
2025-06-25 09:30:00,0.64986,0.65017,0.64957,0.65017,543,0,0
2025-06-25 09:45:00,0.65017,0.65025,0.6496,0.64965,836,0,0
2025-06-25 10:00:00,0.64966,0.64994,0.64929,0.6498,725,0,0
2025-06-25 10:15:00,0.6498,0.65031,0.64969,0.65031,732,0,0
2025-06-25 10:30:00,0.65033,0.65068,0.65014,0.65058,734,0,0
2025-06-25 10:45:00,0.65058,0.65061,0.64946,0.64968,930,0,0
2025-06-25 11:00:00,0.64968,0.64983,0.64937,0.6496,746,0,0
2025-06-25 11:15:00,0.64958,0.64962,0.64928,0.64952,673,0,0
2025-06-25 11:30:00,0.64951,0.64985,0.64932,0.64981,595,0,0
2025-06-25 11:45:00,0.64981,0.64993,0.64969,0.64972,488,0,0
2025-06-25 12:00:00,0.64972,0.64972,0.64893,0.64896,777,0,0
2025-06-25 12:15:00,0.64896,0.64942,0.64885,0.64901,482,0,0
2025-06-25 12:30:00,0.64901,0.64945,0.64901,0.6494,331,0,0
2025-06-25 12:45:00,0.6494,0.64957,0.64931,0.64951,596,0,0
2025-06-25 13:00:00,0.64952,0.6496,0.64911,0.64935,473,0,0
2025-06-25 13:15:00,0.64935,0.64966,0.64932,0.64961,332,0,0
2025-06-25 13:30:00,0.64962,0.64963,0.6494,0.64951,293,0,0
2025-06-25 13:45:00,0.64951,0.64961,0.64933,0.64955,344,0,0
2025-06-25 14:00:00,0.64955,0.64989,0.64951,0.64978,430,0,0
2025-06-25 14:15:00,0.64978,0.64993,0.64946,0.64962,567,0,0
2025-06-25 14:30:00,0.64962,0.64971,0.64933,0.64954,508,0,0
2025-06-25 14:45:00,0.64954,0.64975,0.64943,0.64971,522,0,0
2025-06-25 15:00:00,0.6497,0.64973,0.64942,0.64955,557,0,0
2025-06-25 15:15:00,0.64955,0.6497,0.64944,0.64947,645,0,0
2025-06-25 15:30:00,0.64947,0.64956,0.64911,0.64925,842,0,0
2025-06-25 15:45:00,0.64925,0.64926,0.64889,0.64917,641,0,0
2025-06-25 16:00:00,0.64917,0.64936,0.64878,0.64913,714,0,0
2025-06-25 16:15:00,0.64914,0.64949,0.64897,0.64923,523,0,0
2025-06-25 16:30:00,0.64923,0.64931,0.64873,0.64904,842,0,0
2025-06-25 16:45:00,0.64904,0.64928,0.64844,0.64861,952,0,0
2025-06-25 17:00:00,0.64862,0.64958,0.64858,0.6488,922,0,0
2025-06-25 17:15:00,0.64881,0.64926,0.64874,0.64913,1084,1,0
2025-06-25 17:30:00,0.64913,0.64979,0.6488,0.64965,900,0,0
2025-06-25 17:45:00,0.64966,0.6497,0.64886,0.64933,1177,0,0
2025-06-25 18:00:00,0.64933,0.64952,0.64898,0.64918,807,0,0
2025-06-25 18:15:00,0.64918,0.64922,0.64888,0.64921,431,0,0
2025-06-25 18:30:00,0.64921,0.64933,0.64892,0.6493,485,0,0
2025-06-25 18:45:00,0.6493,0.6493,0.64892,0.6491,595,0,0
2025-06-25 19:00:00,0.6491,0.64991,0.64907,0.6499,592,0,0
2025-06-25 19:15:00,0.6499,0.65022,0.64977,0.65008,409,0,0
2025-06-25 19:30:00,0.65008,0.6504,0.65007,0.65024,443,0,0
2025-06-25 19:45:00,0.65024,0.65038,0.65014,0.65026,343,0,0
2025-06-25 20:00:00,0.65026,0.65027,0.64976,0.64987,749,0,0
2025-06-25 20:15:00,0.64987,0.65037,0.64986,0.65029,517,0,0
2025-06-25 20:30:00,0.65029,0.65038,0.64982,0.65031,787,0,0
2025-06-25 20:45:00,0.65031,0.6506,0.65019,0.65033,570,0,0
2025-06-25 21:00:00,0.65033,0.65055,0.65021,0.65026,520,0,0
2025-06-25 21:15:00,0.65026,0.65051,0.65024,0.65043,479,0,0
2025-06-25 21:30:00,0.65043,0.6509,0.65043,0.65081,507,0,0
2025-06-25 21:45:00,0.65081,0.65107,0.6508,0.65097,482,0,0
2025-06-25 22:00:00,0.65097,0.65139,0.65097,0.65139,383,0,0
2025-06-25 22:15:00,0.65139,0.65151,0.65123,0.65131,196,0,0
2025-06-25 22:30:00,0.65131,0.65134,0.65105,0.6513,269,0,0
2025-06-25 22:45:00,0.6513,0.65131,0.65096,0.65107,237,0,0
2025-06-25 23:00:00,0.65107,0.6512,0.65085,0.65087,185,0,0
2025-06-25 23:15:00,0.65087,0.65095,0.65078,0.6508,145,0,0
2025-06-25 23:30:00,0.6508,0.65119,0.65079,0.65119,165,0,0
2025-06-25 23:45:00,0.65119,0.65134,0.65095,0.65131,320,5,0
2025-06-26 00:00:00,0.65126,0.65126,0.6503,0.65053,24,12,0
2025-06-26 00:15:00,0.65053,0.65065,0.65026,0.65026,24,93,0
2025-06-26 00:30:00,0.65026,0.65073,0.65021,0.65063,159,33,0
2025-06-26 00:45:00,0.65063,0.65065,0.65051,0.65053,50,42,0
2025-06-26 01:00:00,0.65053,0.6511,0.65051,0.65108,232,0,0
2025-06-26 01:15:00,0.65108,0.65109,0.65095,0.65098,123,0,0
2025-06-26 01:30:00,0.65098,0.65121,0.65083,0.65117,141,0,0
2025-06-26 01:45:00,0.65117,0.65134,0.65113,0.65132,83,0,0
2025-06-26 02:00:00,0.65132,0.65189,0.65127,0.65184,274,0,0
2025-06-26 02:15:00,0.65185,0.65194,0.65156,0.65178,245,0,0
2025-06-26 02:30:00,0.65178,0.65226,0.65178,0.652,269,0,0
2025-06-26 02:45:00,0.652,0.65232,0.65184,0.65211,273,0,0
2025-06-26 03:00:00,0.65211,0.65237,0.65197,0.65233,628,0,0
2025-06-26 03:15:00,0.65233,0.65246,0.65218,0.65236,445,0,0
2025-06-26 03:30:00,0.65236,0.65242,0.65211,0.65214,325,0,0
2025-06-26 03:45:00,0.65214,0.65225,0.65196,0.65199,448,0,0
2025-06-26 04:00:00,0.65199,0.65199,0.65114,0.65135,683,0,0
2025-06-26 04:15:00,0.65134,0.6515,0.65101,0.65141,657,0,0
2025-06-26 04:30:00,0.65141,0.65202,0.65121,0.65183,624,0,0
2025-06-26 04:45:00,0.65183,0.65221,0.65163,0.65207,594,0,0
2025-06-26 05:00:00,0.65206,0.6522,0.65177,0.65198,553,0,0
2025-06-26 05:15:00,0.65198,0.65249,0.65184,0.65249,516,0,0
2025-06-26 05:30:00,0.65249,0.65294,0.65228,0.65289,477,0,0
2025-06-26 05:45:00,0.65289,0.65328,0.65274,0.65296,783,0,0
2025-06-26 06:00:00,0.65296,0.65362,0.65293,0.65303,826,0,0
2025-06-26 06:15:00,0.65303,0.65355,0.65297,0.65331,530,0,0
2025-06-26 06:30:00,0.65331,0.65339,0.65275,0.65321,648,0,0
2025-06-26 06:45:00,0.65321,0.65335,0.65307,0.65327,386,0,0
2025-06-26 07:00:00,0.65327,0.65329,0.65229,0.6524,794,0,0
2025-06-26 07:15:00,0.6524,0.65258,0.65222,0.65251,467,0,0
2025-06-26 07:30:00,0.65251,0.65261,0.65236,0.6524,404,0,0
2025-06-26 07:45:00,0.6524,0.65241,0.65211,0.65227,268,0,0
2025-06-26 08:00:00,0.65227,0.65227,0.65182,0.65215,427,0,0
2025-06-26 08:15:00,0.65215,0.65261,0.65215,0.6526,278,0,0
2025-06-26 08:30:00,0.6526,0.65264,0.65187,0.65189,440,0,0
2025-06-26 08:45:00,0.65189,0.65284,0.65186,0.65274,602,0,0
2025-06-26 09:00:00,0.65275,0.65287,0.65215,0.65255,903,0,0
2025-06-26 09:15:00,0.65255,0.65292,0.6523,0.65242,787,0,0
2025-06-26 09:30:00,0.65242,0.65298,0.65232,0.65282,973,0,0
2025-06-26 09:45:00,0.65282,0.65323,0.65272,0.65321,964,0,0
2025-06-26 10:00:00,0.65319,0.65345,0.65304,0.6534,821,0,0
2025-06-26 10:15:00,0.6534,0.65383,0.65322,0.6533,954,0,0
2025-06-26 10:30:00,0.6533,0.65341,0.65264,0.65315,803,0,0
2025-06-26 10:45:00,0.65315,0.65354,0.65313,0.65335,733,0,0
2025-06-26 11:00:00,0.65335,0.65429,0.65317,0.65428,889,0,0
2025-06-26 11:15:00,0.65429,0.65472,0.65404,0.65462,820,0,0
2025-06-26 11:30:00,0.65462,0.655,0.6545,0.65491,818,0,0
2025-06-26 11:45:00,0.65491,0.65499,0.65436,0.65445,997,0,0
2025-06-26 12:00:00,0.65445,0.65455,0.65397,0.65397,954,0,0
2025-06-26 12:15:00,0.65396,0.65412,0.65289,0.65327,1175,0,0
2025-06-26 12:30:00,0.65327,0.65405,0.65325,0.65401,1046,0,0
2025-06-26 12:45:00,0.65401,0.65429,0.65373,0.65383,650,0,0
2025-06-26 13:00:00,0.65383,0.65397,0.65334,0.65368,692,0,0
2025-06-26 13:15:00,0.65369,0.65431,0.65361,0.65425,493,0,0
2025-06-26 13:30:00,0.65425,0.65437,0.65376,0.65386,521,0,0
2025-06-26 13:45:00,0.65386,0.65421,0.65373,0.65377,608,0,0
2025-06-26 14:00:00,0.65377,0.65386,0.65328,0.65349,740,0,0
2025-06-26 14:15:00,0.65349,0.65351,0.6531,0.65338,715,0,0
2025-06-26 14:30:00,0.65338,0.65367,0.65291,0.65295,573,0,0
2025-06-26 14:45:00,0.65295,0.6534,0.65289,0.65322,564,0,0
2025-06-26 15:00:00,0.65322,0.65348,0.65304,0.65326,844,0,0
2025-06-26 15:15:00,0.65326,0.65414,0.65324,0.65388,594,0,0
2025-06-26 15:30:00,0.65382,0.65429,0.6531,0.65427,1566,1,0
2025-06-26 15:45:00,0.65427,0.65447,0.65377,0.65408,1140,0,0
2025-06-26 16:00:00,0.65408,0.65443,0.65355,0.65418,1151,0,0
2025-06-26 16:15:00,0.65418,0.65474,0.65356,0.65454,991,0,0
2025-06-26 16:30:00,0.65454,0.65463,0.65375,0.6544,1300,0,0
2025-06-26 16:45:00,0.6544,0.6552,0.65428,0.65504,1309,0,0
2025-06-26 17:00:00,0.65504,0.65516,0.65446,0.65502,1107,0,0
2025-06-26 17:15:00,0.65502,0.65586,0.65499,0.6552,1456,0,0
2025-06-26 17:30:00,0.65519,0.65561,0.65468,0.65544,1281,0,0
2025-06-26 17:45:00,0.65543,0.65583,0.65471,0.65478,1397,0,0
2025-06-26 18:00:00,0.65478,0.65539,0.65453,0.65474,1188,0,0
2025-06-26 18:15:00,0.65474,0.65502,0.65449,0.65449,949,0,0
2025-06-26 18:30:00,0.65449,0.65513,0.65448,0.65489,815,0,0
2025-06-26 18:45:00,0.65489,0.65538,0.65472,0.65534,659,0,0
2025-06-26 19:00:00,0.65534,0.65546,0.6552,0.65546,458,0,0
2025-06-26 19:15:00,0.65546,0.65571,0.65491,0.65564,614,0,0
2025-06-26 19:30:00,0.65565,0.65621,0.65559,0.65607,619,0,0
2025-06-26 19:45:00,0.65608,0.65627,0.65545,0.65553,544,0,0
2025-06-26 20:00:00,0.65553,0.65594,0.65545,0.65575,707,0,0
2025-06-26 20:15:00,0.65576,0.65606,0.65559,0.656,481,0,0
2025-06-26 20:30:00,0.656,0.65625,0.65576,0.65625,545,0,0
2025-06-26 20:45:00,0.65625,0.6564,0.65607,0.65612,472,0,0
2025-06-26 21:00:00,0.65612,0.65617,0.65594,0.65599,490,0,0
2025-06-26 21:15:00,0.65599,0.65623,0.65584,0.65587,413,0,0
2025-06-26 21:30:00,0.65587,0.65595,0.65561,0.65569,491,0,0
2025-06-26 21:45:00,0.65569,0.6561,0.6556,0.65588,384,0,0
2025-06-26 22:00:00,0.65588,0.65589,0.65514,0.65518,351,0,0
2025-06-26 22:15:00,0.65518,0.65522,0.65485,0.65506,339,0,0
2025-06-26 22:30:00,0.65506,0.65519,0.65497,0.65504,276,0,0
2025-06-26 22:45:00,0.65504,0.6552,0.65479,0.65507,448,0,0
2025-06-26 23:00:00,0.65506,0.65512,0.65458,0.6547,320,0,0
2025-06-26 23:15:00,0.6547,0.65474,0.65456,0.65464,140,0,0
2025-06-26 23:30:00,0.65465,0.65468,0.65449,0.65467,108,0,0
2025-06-26 23:45:00,0.65467,0.65467,0.65449,0.6546,121,5,0
2025-06-27 00:00:00,0.65454,0.65454,0.65379,0.65415,32,14,0
2025-06-27 00:15:00,0.65415,0.65444,0.65397,0.65433,151,60,0
2025-06-27 00:30:00,0.65433,0.65435,0.65419,0.65429,38,49,0
2025-06-27 00:45:00,0.65429,0.65437,0.65423,0.65436,38,38,0
2025-06-27 01:00:00,0.65436,0.65471,0.65435,0.65468,192,0,0
2025-06-27 01:15:00,0.65468,0.65481,0.65463,0.65477,179,0,0
2025-06-27 01:30:00,0.65477,0.65481,0.6543,0.65435,245,0,0
2025-06-27 01:45:00,0.65435,0.65465,0.65431,0.65451,89,0,0
2025-06-27 02:00:00,0.65451,0.65478,0.6545,0.65476,133,0,0
2025-06-27 02:15:00,0.65476,0.6549,0.65466,0.65484,125,0,0
2025-06-27 02:30:00,0.65484,0.65492,0.65461,0.65487,284,0,0
2025-06-27 02:45:00,0.65487,0.65494,0.65455,0.65467,279,0,0
2025-06-27 03:00:00,0.65468,0.65538,0.65464,0.65506,642,0,0
2025-06-27 03:15:00,0.65506,0.65526,0.65482,0.65512,381,0,0
2025-06-27 03:30:00,0.65512,0.65528,0.65485,0.65492,428,0,0
2025-06-27 03:45:00,0.65492,0.6555,0.65485,0.65543,634,0,0
2025-06-27 04:00:00,0.65542,0.65543,0.65485,0.65504,632,0,0
2025-06-27 04:15:00,0.65504,0.65541,0.65461,0.65507,585,0,0
2025-06-27 04:30:00,0.65507,0.65512,0.6545,0.65489,854,0,0
2025-06-27 04:45:00,0.65491,0.65587,0.65487,0.65571,1014,0,0
2025-06-27 05:00:00,0.65571,0.65586,0.65551,0.65574,618,0,0
2025-06-27 05:15:00,0.65574,0.65591,0.65529,0.65537,511,0,0
2025-06-27 05:30:00,0.65537,0.65552,0.6552,0.65542,513,0,0
2025-06-27 05:45:00,0.65542,0.65566,0.65536,0.65547,565,0,0
2025-06-27 06:00:00,0.65547,0.65611,0.65544,0.65595,605,0,0
2025-06-27 06:15:00,0.65595,0.65603,0.65553,0.65571,460,0,0
2025-06-27 06:30:00,0.65571,0.65573,0.65518,0.65528,461,0,0
2025-06-27 06:45:00,0.65528,0.65534,0.65474,0.65483,677,0,0
2025-06-27 07:00:00,0.65485,0.65486,0.65442,0.6545,324,0,0
2025-06-27 07:15:00,0.6545,0.65472,0.65445,0.65453,243,0,0
2025-06-27 07:30:00,0.65453,0.65476,0.65442,0.65444,267,0,0
2025-06-27 07:45:00,0.65444,0.65457,0.6542,0.6542,277,0,0
2025-06-27 08:00:00,0.6542,0.65447,0.65395,0.65424,417,0,0
2025-06-27 08:15:00,0.65424,0.6545,0.65403,0.65444,389,0,0
2025-06-27 08:30:00,0.65444,0.65459,0.65412,0.65447,605,0,0
2025-06-27 08:45:00,0.65447,0.65464,0.65406,0.65427,476,0,0
2025-06-27 09:00:00,0.65426,0.65468,0.65398,0.65458,588,0,0
2025-06-27 09:15:00,0.65458,0.655,0.65451,0.65465,540,0,0
2025-06-27 09:30:00,0.65465,0.65513,0.65457,0.6548,710,0,0
2025-06-27 09:45:00,0.6548,0.6554,0.6548,0.6554,964,0,0
2025-06-27 10:00:00,0.6554,0.65609,0.65531,0.65609,910,0,0
2025-06-27 10:15:00,0.65609,0.65609,0.65518,0.65531,706,0,0
2025-06-27 10:30:00,0.65531,0.65564,0.65508,0.65514,631,0,0
2025-06-27 10:45:00,0.65515,0.65535,0.65476,0.65493,755,0,0
2025-06-27 11:00:00,0.65493,0.65545,0.65467,0.65541,706,0,0
2025-06-27 11:15:00,0.65541,0.65571,0.65524,0.65525,569,0,0
2025-06-27 11:30:00,0.65525,0.65549,0.65509,0.65525,606,0,0
2025-06-27 11:45:00,0.65525,0.65555,0.65504,0.6551,555,0,0
2025-06-27 12:00:00,0.65512,0.65516,0.65453,0.65455,577,0,0
2025-06-27 12:15:00,0.65455,0.65476,0.65434,0.65452,663,0,0
2025-06-27 12:30:00,0.65452,0.65456,0.65424,0.65436,636,0,0
2025-06-27 12:45:00,0.65436,0.65446,0.65399,0.6542,496,0,0
2025-06-27 13:00:00,0.65419,0.65428,0.65357,0.65373,660,0,0
2025-06-27 13:15:00,0.65373,0.65385,0.65308,0.65309,617,0,0
2025-06-27 13:30:00,0.65309,0.65332,0.65291,0.65307,576,0,0
2025-06-27 13:45:00,0.65307,0.65342,0.65306,0.65338,462,0,0
2025-06-27 14:00:00,0.65338,0.65357,0.65335,0.65342,522,0,0
2025-06-27 14:15:00,0.65342,0.65365,0.65324,0.65363,442,0,0
2025-06-27 14:30:00,0.65363,0.65384,0.65336,0.65378,644,0,0
2025-06-27 14:45:00,0.65378,0.65388,0.65358,0.65382,681,0,0
2025-06-27 15:00:00,0.65382,0.65386,0.6533,0.65367,700,0,0
2025-06-27 15:15:00,0.65367,0.65413,0.65354,0.65358,695,0,0
2025-06-27 15:30:00,0.65358,0.65472,0.65346,0.6544,1478,0,0
2025-06-27 15:45:00,0.6544,0.65495,0.65429,0.65453,1173,0,0
2025-06-27 16:00:00,0.65453,0.65479,0.65399,0.65402,1243,0,0
2025-06-27 16:15:00,0.65402,0.65438,0.65361,0.65365,906,0,0
2025-06-27 16:30:00,0.65365,0.65368,0.65272,0.65315,1245,0,0
2025-06-27 16:45:00,0.65315,0.65327,0.65266,0.65271,748,0,0
2025-06-27 17:00:00,0.65273,0.65369,0.65262,0.65302,904,0,0
2025-06-27 17:15:00,0.65302,0.65314,0.6523,0.65275,815,0,0
2025-06-27 17:30:00,0.65275,0.65297,0.65229,0.65262,1041,0,0
2025-06-27 17:45:00,0.65262,0.6529,0.65234,0.65271,1185,0,0
2025-06-27 18:00:00,0.65272,0.65338,0.65235,0.65316,845,0,0
2025-06-27 18:15:00,0.65316,0.65351,0.6529,0.65331,570,0,0
2025-06-27 18:30:00,0.65331,0.65386,0.65314,0.65374,778,0,0
2025-06-27 18:45:00,0.65376,0.65376,0.65333,0.65334,707,0,0
2025-06-27 19:00:00,0.65332,0.65377,0.65309,0.65361,477,1,0
2025-06-27 19:15:00,0.65361,0.65387,0.65329,0.6538,555,0,0
2025-06-27 19:30:00,0.6538,0.6538,0.65353,0.65367,500,0,0
2025-06-27 19:45:00,0.65367,0.65372,0.65323,0.65347,542,0,0
2025-06-27 20:00:00,0.65347,0.65355,0.65329,0.65335,398,0,0
2025-06-27 20:15:00,0.65335,0.65345,0.65308,0.65314,493,0,0
2025-06-27 20:30:00,0.65314,0.65325,0.65259,0.6527,490,0,0
2025-06-27 20:45:00,0.6527,0.65274,0.65108,0.65196,1708,1,0
2025-06-27 21:00:00,0.65195,0.65223,0.6512,0.65153,1090,0,0
2025-06-27 21:15:00,0.65153,0.65194,0.65145,0.65155,942,0,0
2025-06-27 21:30:00,0.65155,0.65157,0.65083,0.65113,871,0,0
2025-06-27 21:45:00,0.65114,0.65188,0.65114,0.65177,722,0,0
2025-06-27 22:00:00,0.65177,0.65238,0.65174,0.65207,523,0,0
2025-06-27 22:15:00,0.65207,0.65216,0.65191,0.65216,299,0,0
2025-06-27 22:30:00,0.65216,0.6525,0.65198,0.65238,313,0,0
2025-06-27 22:45:00,0.65238,0.65252,0.65215,0.65249,447,0,0
2025-06-27 23:00:00,0.65249,0.65277,0.65245,0.65273,267,0,0
2025-06-27 23:15:00,0.65273,0.65295,0.65273,0.65291,191,0,0
2025-06-27 23:30:00,0.65291,0.65299,0.65284,0.65291,118,0,0
2025-06-27 23:45:00,0.65291,0.65329,0.6528,0.65289,237,5,0
2025-06-30 00:00:00,0.65334,0.65348,0.65326,0.65348,33,51,0
2025-06-30 00:15:00,0.65348,0.65354,0.65329,0.6535,21,52,0
2025-06-30 00:30:00,0.6535,0.65357,0.65341,0.65353,53,50,0
2025-06-30 00:45:00,0.65353,0.65362,0.65349,0.65353,47,46,0
2025-06-30 01:00:00,0.65353,0.65366,0.65308,0.65351,512,0,0
2025-06-30 01:15:00,0.65351,0.65366,0.65318,0.65323,321,0,0
2025-06-30 01:30:00,0.65323,0.65363,0.65323,0.65361,205,0,0
2025-06-30 01:45:00,0.65361,0.6537,0.65338,0.65348,178,0,0
2025-06-30 02:00:00,0.65348,0.65381,0.65331,0.65369,221,0,0
2025-06-30 02:15:00,0.65369,0.65381,0.65336,0.65339,147,0,0
2025-06-30 02:30:00,0.65339,0.65353,0.65324,0.6534,175,0,0
2025-06-30 02:45:00,0.6534,0.65355,0.65313,0.6532,204,0,0
2025-06-30 03:00:00,0.6532,0.65377,0.65311,0.65376,542,0,0
2025-06-30 03:15:00,0.65375,0.6538,0.65347,0.65361,651,0,0
2025-06-30 03:30:00,0.65361,0.65374,0.6533,0.65339,540,0,0
2025-06-30 03:45:00,0.65339,0.65347,0.65272,0.65299,748,0,0
2025-06-30 04:00:00,0.653,0.65343,0.65274,0.65326,522,0,0
2025-06-30 04:15:00,0.65326,0.65397,0.65322,0.65384,755,0,0
2025-06-30 04:30:00,0.65384,0.65435,0.65369,0.65405,634,0,0
2025-06-30 04:45:00,0.65405,0.65421,0.65319,0.65336,712,0,0
2025-06-30 05:00:00,0.65336,0.65393,0.65318,0.65365,869,0,0
2025-06-30 05:15:00,0.65364,0.65401,0.65349,0.65355,914,0,0
2025-06-30 05:30:00,0.65355,0.65367,0.65316,0.65326,432,0,0
2025-06-30 05:45:00,0.65326,0.6535,0.65306,0.65327,509,0,0
2025-06-30 06:00:00,0.65327,0.65358,0.65317,0.65342,333,0,0
2025-06-30 06:15:00,0.65342,0.65361,0.65332,0.65335,303,0,0
2025-06-30 06:30:00,0.65335,0.65345,0.65302,0.6531,343,0,0
2025-06-30 06:45:00,0.6531,0.65348,0.65309,0.65324,305,0,0
2025-06-30 07:00:00,0.65324,0.6537,0.65316,0.65361,351,0,0
2025-06-30 07:15:00,0.65361,0.65381,0.65345,0.6537,280,0,0
2025-06-30 07:30:00,0.6537,0.65393,0.65356,0.65391,468,0,0
2025-06-30 07:45:00,0.65391,0.65445,0.65387,0.65431,380,0,0
2025-06-30 08:00:00,0.65432,0.65506,0.65422,0.65482,517,0,0
2025-06-30 08:15:00,0.65482,0.65516,0.65481,0.65502,391,0,0
2025-06-30 08:30:00,0.65502,0.65528,0.65486,0.65497,469,0,0
2025-06-30 08:45:00,0.65497,0.65508,0.65468,0.655,422,0,0
2025-06-30 09:00:00,0.655,0.65502,0.65457,0.65467,726,0,0
2025-06-30 09:15:00,0.65464,0.65495,0.65439,0.65472,670,0,0
2025-06-30 09:30:00,0.65472,0.65475,0.65435,0.65448,865,0,0
2025-06-30 09:45:00,0.65448,0.65473,0.65414,0.65464,982,0,0
2025-06-30 10:00:00,0.65464,0.65465,0.6538,0.65401,873,0,0
2025-06-30 10:15:00,0.65401,0.6541,0.65344,0.65351,812,0,0
2025-06-30 10:30:00,0.65351,0.65396,0.65341,0.65353,817,0,0
2025-06-30 10:45:00,0.65353,0.65356,0.65321,0.65338,513,0,0
2025-06-30 11:00:00,0.65338,0.65372,0.65328,0.65345,704,0,0
2025-06-30 11:15:00,0.65345,0.65366,0.65325,0.65351,520,0,0
2025-06-30 11:30:00,0.65352,0.65381,0.65344,0.65373,605,0,0
2025-06-30 11:45:00,0.65373,0.65387,0.65355,0.65378,670,0,0
2025-06-30 12:00:00,0.65378,0.65387,0.65362,0.65382,554,0,0
2025-06-30 12:15:00,0.65382,0.654,0.65374,0.65379,546,0,0
2025-06-30 12:30:00,0.65379,0.65379,0.65283,0.65303,597,0,0
2025-06-30 12:45:00,0.65303,0.65306,0.65244,0.65248,597,0,0
2025-06-30 13:00:00,0.65248,0.65269,0.65228,0.65266,522,0,0
2025-06-30 13:15:00,0.65266,0.65309,0.65251,0.65295,391,0,0
2025-06-30 13:30:00,0.65295,0.65297,0.65249,0.65253,476,0,0
2025-06-30 13:45:00,0.65253,0.6531,0.65252,0.65305,447,0,0
2025-06-30 14:00:00,0.65305,0.65331,0.65301,0.65327,396,0,0
2025-06-30 14:15:00,0.65327,0.65358,0.65318,0.65341,282,0,0
2025-06-30 14:30:00,0.65341,0.65347,0.653,0.65315,338,0,0
2025-06-30 14:45:00,0.65315,0.65335,0.6531,0.65316,370,0,0
2025-06-30 15:00:00,0.65316,0.65325,0.65274,0.65298,512,0,0
2025-06-30 15:15:00,0.65298,0.65301,0.65269,0.65284,534,0,0
2025-06-30 15:30:00,0.65283,0.65324,0.65272,0.6532,623,0,0
2025-06-30 15:45:00,0.6532,0.6533,0.65291,0.65316,509,0,0
2025-06-30 16:00:00,0.65316,0.65355,0.65305,0.65355,571,0,0
2025-06-30 16:15:00,0.65355,0.65393,0.65341,0.65367,547,0,0
2025-06-30 16:30:00,0.65367,0.65412,0.65336,0.65407,691,0,0
2025-06-30 16:45:00,0.65407,0.65443,0.65324,0.65443,1128,0,0
2025-06-30 17:00:00,0.65443,0.65461,0.6539,0.6543,1097,0,0
2025-06-30 17:15:00,0.6543,0.65478,0.65411,0.65477,886,0,0
2025-06-30 17:30:00,0.65477,0.65555,0.65477,0.65541,912,0,0
2025-06-30 17:45:00,0.65541,0.65574,0.65477,0.6553,1600,0,0
2025-06-30 18:00:00,0.6553,0.65563,0.65481,0.65563,1183,0,0
2025-06-30 18:15:00,0.65563,0.65601,0.65548,0.65561,791,0,0
2025-06-30 18:30:00,0.65561,0.65649,0.6556,0.65618,918,0,0
2025-06-30 18:45:00,0.65618,0.65727,0.65609,0.65726,893,0,0
2025-06-30 19:00:00,0.65726,0.65727,0.65664,0.6568,874,0,0
2025-06-30 19:15:00,0.6568,0.65698,0.65649,0.65666,604,0,0
2025-06-30 19:30:00,0.65666,0.65689,0.6564,0.65684,594,0,0
2025-06-30 19:45:00,0.65684,0.65726,0.65681,0.65725,504,0,0
2025-06-30 20:00:00,0.65725,0.65765,0.65717,0.65724,509,0,0
2025-06-30 20:15:00,0.65724,0.65767,0.65724,0.65748,408,0,0
2025-06-30 20:30:00,0.65748,0.65757,0.65697,0.65704,599,0,0
2025-06-30 20:45:00,0.65704,0.6572,0.65679,0.65697,521,0,0
2025-06-30 21:00:00,0.65697,0.65746,0.65693,0.65736,673,0,0
2025-06-30 21:15:00,0.65736,0.65778,0.6573,0.65778,427,0,0
2025-06-30 21:30:00,0.65778,0.65789,0.6577,0.65786,380,0,0
2025-06-30 21:45:00,0.65786,0.65798,0.65771,0.65786,364,0,0
2025-06-30 22:00:00,0.65785,0.65797,0.65775,0.6578,372,0,0
2025-06-30 22:15:00,0.6578,0.65796,0.6577,0.6579,318,0,0
2025-06-30 22:30:00,0.6579,0.65798,0.65787,0.65797,281,0,0
2025-06-30 22:45:00,0.65797,0.65822,0.65791,0.65805,418,0,0
2025-06-30 23:00:00,0.65806,0.65824,0.65798,0.6581,273,0,0
2025-06-30 23:15:00,0.6581,0.65828,0.65804,0.65826,131,0,0
2025-06-30 23:30:00,0.65826,0.6583,0.65818,0.65823,113,0,0
2025-06-30 23:45:00,0.65823,0.65828,0.65801,0.65808,250,5,0
2025-07-01 00:00:00,0.65796,0.65796,0.65694,0.65729,35,22,0
2025-07-01 00:15:00,0.65729,0.65732,0.65692,0.65724,30,55,0
2025-07-01 00:30:00,0.65724,0.65791,0.65724,0.6579,49,41,0
2025-07-01 00:45:00,0.6579,0.65793,0.65772,0.65776,71,38,0
2025-07-01 01:00:00,0.65774,0.65833,0.65772,0.65828,213,0,0
2025-07-01 01:15:00,0.65828,0.6584,0.65826,0.65835,116,0,0
2025-07-01 01:30:00,0.65835,0.65838,0.65805,0.65827,185,0,0
2025-07-01 01:45:00,0.65827,0.65836,0.65814,0.65821,111,0,0
2025-07-01 02:00:00,0.65821,0.6583,0.65807,0.65824,141,0,0
2025-07-01 02:15:00,0.65824,0.65825,0.65782,0.65791,172,0,0
2025-07-01 02:30:00,0.65791,0.65795,0.65774,0.65781,231,0,0
2025-07-01 02:45:00,0.65781,0.65785,0.65757,0.65762,214,0,0
2025-07-01 03:00:00,0.65762,0.65793,0.65756,0.6577,464,0,0
2025-07-01 03:15:00,0.6577,0.65778,0.65745,0.65772,259,0,0
2025-07-01 03:30:00,0.65773,0.65795,0.65754,0.65759,342,0,0
2025-07-01 03:45:00,0.65759,0.65778,0.65748,0.65758,303,0,0
2025-07-01 04:00:00,0.65758,0.65758,0.6569,0.65716,406,0,0
2025-07-01 04:15:00,0.65716,0.65747,0.65688,0.65713,710,0,0
2025-07-01 04:30:00,0.65713,0.65715,0.65566,0.65589,585,0,0
2025-07-01 04:45:00,0.65589,0.65626,0.65574,0.6559,551,0,0
2025-07-01 05:00:00,0.6559,0.65609,0.65539,0.65594,558,0,0
2025-07-01 05:15:00,0.65594,0.65642,0.65583,0.65628,395,0,0
2025-07-01 05:30:00,0.65628,0.65643,0.65599,0.65604,375,0,0
2025-07-01 05:45:00,0.65604,0.65682,0.65603,0.65679,419,0,0
2025-07-01 06:00:00,0.65679,0.65716,0.65651,0.65684,449,0,0
2025-07-01 06:15:00,0.65684,0.65707,0.65676,0.65687,367,0,0
2025-07-01 06:30:00,0.65687,0.65697,0.65667,0.65685,279,0,0
2025-07-01 06:45:00,0.65685,0.65723,0.65655,0.65679,324,0,0
2025-07-01 07:00:00,0.65679,0.65727,0.65649,0.65727,506,0,0
2025-07-01 07:15:00,0.65727,0.65763,0.65718,0.65734,400,0,0
2025-07-01 07:30:00,0.65734,0.65735,0.65679,0.65681,401,0,0
2025-07-01 07:45:00,0.65681,0.65731,0.6568,0.65727,389,0,0
2025-07-01 08:00:00,0.65727,0.65778,0.65713,0.65768,435,0,0
2025-07-01 08:15:00,0.65768,0.65783,0.65724,0.65779,441,0,0
2025-07-01 08:30:00,0.65779,0.65806,0.65759,0.65779,499,0,0
2025-07-01 08:45:00,0.65779,0.65801,0.65752,0.65784,608,0,0
2025-07-01 09:00:00,0.65786,0.65791,0.65709,0.65732,799,0,0
2025-07-01 09:15:00,0.65732,0.65761,0.65714,0.65727,815,0,0
2025-07-01 09:30:00,0.65727,0.65768,0.6571,0.65761,557,0,0
2025-07-01 09:45:00,0.65761,0.6579,0.6574,0.65774,557,0,0
2025-07-01 10:00:00,0.65774,0.65829,0.65757,0.6582,971,0,0
2025-07-01 10:15:00,0.65821,0.6585,0.65805,0.65844,828,0,0
2025-07-01 10:30:00,0.65844,0.65849,0.6579,0.65844,731,0,0
2025-07-01 10:45:00,0.65844,0.65874,0.6582,0.65873,558,0,0
2025-07-01 11:00:00,0.65873,0.65878,0.65786,0.65787,854,0,0
2025-07-01 11:15:00,0.65787,0.6587,0.65787,0.6587,726,0,0
2025-07-01 11:30:00,0.6587,0.65899,0.65837,0.65874,707,0,0
2025-07-01 11:45:00,0.65874,0.65905,0.6587,0.65871,685,0,0
2025-07-01 12:00:00,0.65871,0.65871,0.65803,0.65816,663,0,0
2025-07-01 12:15:00,0.65815,0.65886,0.65814,0.65871,851,0,0
2025-07-01 12:30:00,0.65871,0.65899,0.65853,0.65862,703,0,0
2025-07-01 12:45:00,0.65862,0.65879,0.65833,0.65839,532,0,0
2025-07-01 13:00:00,0.65839,0.65897,0.65835,0.65885,486,0,0
2025-07-01 13:15:00,0.65885,0.65888,0.65853,0.65866,416,0,0
2025-07-01 13:30:00,0.65866,0.65891,0.6586,0.65891,446,0,0
2025-07-01 13:45:00,0.6589,0.65896,0.65849,0.65849,435,0,0
2025-07-01 14:00:00,0.65849,0.65869,0.65822,0.65831,754,0,0
2025-07-01 14:15:00,0.65831,0.65841,0.65812,0.6583,422,0,0
2025-07-01 14:30:00,0.6583,0.65855,0.65813,0.65854,488,0,0
2025-07-01 14:45:00,0.65854,0.65863,0.65802,0.65855,611,0,0
2025-07-01 15:00:00,0.65855,0.65877,0.65798,0.65819,755,0,0
2025-07-01 15:15:00,0.65819,0.65845,0.65756,0.65767,740,0,0
2025-07-01 15:30:00,0.65768,0.65777,0.65736,0.65741,714,0,0
2025-07-01 15:45:00,0.65741,0.65768,0.65725,0.65734,613,0,0
2025-07-01 16:00:00,0.65734,0.65787,0.65724,0.65746,699,0,0
2025-07-01 16:15:00,0.65746,0.6576,0.65688,0.65708,720,0,0
2025-07-01 16:30:00,0.65708,0.6576,0.65678,0.65713,883,0,0
2025-07-01 16:45:00,0.65714,0.65785,0.6567,0.65722,1443,0,0
2025-07-01 17:00:00,0.65722,0.65737,0.65625,0.65713,1958,0,0
2025-07-01 17:15:00,0.65715,0.65805,0.65689,0.65755,1181,0,0
2025-07-01 17:30:00,0.65755,0.65802,0.65645,0.65713,1239,1,0
2025-07-01 17:45:00,0.65713,0.6574,0.65666,0.65722,1625,0,0
2025-07-01 18:00:00,0.65723,0.65732,0.65628,0.65645,1225,0,0
2025-07-01 18:15:00,0.65645,0.65687,0.65617,0.65654,990,0,0
2025-07-01 18:30:00,0.65654,0.65701,0.65629,0.65657,949,0,0
2025-07-01 18:45:00,0.65658,0.65716,0.65657,0.65706,846,0,0
2025-07-01 19:00:00,0.65706,0.65719,0.65651,0.65714,682,0,0
2025-07-01 19:15:00,0.65713,0.6572,0.65661,0.65668,539,0,0
2025-07-01 19:30:00,0.65668,0.657,0.65662,0.65685,474,0,0
2025-07-01 19:45:00,0.65685,0.65689,0.65652,0.65673,487,0,0
2025-07-01 20:00:00,0.65673,0.65694,0.65657,0.65684,496,0,0
2025-07-01 20:15:00,0.65684,0.6573,0.65661,0.65714,572,0,0
2025-07-01 20:30:00,0.65714,0.65758,0.65714,0.65737,234,0,0
2025-07-01 20:45:00,0.65737,0.65761,0.65734,0.65758,215,0,0
2025-07-01 21:00:00,0.65758,0.65763,0.65743,0.65747,195,0,0
2025-07-01 21:15:00,0.65747,0.65752,0.65711,0.65723,268,0,0
2025-07-01 21:30:00,0.65723,0.65735,0.65712,0.65728,291,0,0
2025-07-01 21:45:00,0.65728,0.65743,0.65715,0.65738,394,0,0
2025-07-01 22:00:00,0.65738,0.65753,0.65683,0.65747,441,1,0
2025-07-01 22:15:00,0.65747,0.65752,0.65731,0.65737,273,0,0
2025-07-01 22:30:00,0.65737,0.65753,0.65725,0.65753,261,0,0
2025-07-01 22:45:00,0.65753,0.65768,0.6574,0.65763,362,0,0
2025-07-01 23:00:00,0.65763,0.65803,0.65761,0.6578,239,0,0
2025-07-01 23:15:00,0.6578,0.65809,0.65771,0.65809,63,0,0
2025-07-01 23:30:00,0.65809,0.65818,0.65798,0.65816,185,0,0
2025-07-01 23:45:00,0.65816,0.65835,0.65803,0.6582,267,5,0
2025-07-02 00:00:00,0.65816,0.65816,0.65598,0.65772,32,24,0
2025-07-02 00:15:00,0.65772,0.65789,0.65743,0.6575,166,49,0
2025-07-02 00:30:00,0.6575,0.6575,0.65742,0.65748,58,62,0
2025-07-02 00:45:00,0.65748,0.6576,0.65743,0.6576,23,52,0
2025-07-02 01:00:00,0.6576,0.65817,0.6576,0.65801,105,0,0
2025-07-02 01:15:00,0.65801,0.65807,0.65789,0.65802,82,0,0
2025-07-02 01:30:00,0.65802,0.65829,0.65802,0.65827,100,0,0
2025-07-02 01:45:00,0.65827,0.65829,0.65806,0.6581,104,0,0
2025-07-02 02:00:00,0.6581,0.65818,0.65792,0.65793,78,0,0
2025-07-02 02:15:00,0.65793,0.65804,0.65786,0.65799,113,0,0
2025-07-02 02:30:00,0.65799,0.65812,0.65788,0.65809,165,0,0
2025-07-02 02:45:00,0.65809,0.65811,0.65795,0.65796,159,0,0
2025-07-02 03:00:00,0.65796,0.65814,0.65772,0.65789,634,0,0
2025-07-02 03:15:00,0.65789,0.65817,0.65787,0.65807,247,0,0
2025-07-02 03:30:00,0.65807,0.65822,0.65797,0.65803,332,0,0
2025-07-02 03:45:00,0.65803,0.65822,0.6579,0.65819,480,0,0
2025-07-02 04:00:00,0.65819,0.6583,0.65781,0.65798,472,0,0
2025-07-02 04:15:00,0.65798,0.65826,0.65787,0.65813,423,0,0
2025-07-02 04:30:00,0.65814,0.65817,0.65759,0.65766,521,0,0
2025-07-02 04:45:00,0.65766,0.65783,0.65665,0.65696,710,0,0
2025-07-02 05:00:00,0.65696,0.65706,0.65649,0.65669,632,0,0
2025-07-02 05:15:00,0.65669,0.65701,0.65665,0.65696,495,0,0
2025-07-02 05:30:00,0.65696,0.6571,0.65695,0.65701,258,0,0
2025-07-02 05:45:00,0.65701,0.65745,0.65697,0.65735,313,0,0
2025-07-02 06:00:00,0.65735,0.65749,0.6572,0.65737,397,0,0
2025-07-02 06:15:00,0.65737,0.6575,0.65722,0.65746,525,0,0
2025-07-02 06:30:00,0.65746,0.6576,0.65737,0.65754,347,0,0
2025-07-02 06:45:00,0.65754,0.65805,0.6575,0.65798,400,0,0
2025-07-02 07:00:00,0.65798,0.65828,0.65777,0.65818,275,0,0
2025-07-02 07:15:00,0.65818,0.65834,0.65815,0.65822,391,0,0
2025-07-02 07:30:00,0.65822,0.65827,0.65794,0.65814,396,0,0
2025-07-02 07:45:00,0.65814,0.65828,0.65802,0.65807,386,0,0
2025-07-02 08:00:00,0.65806,0.65809,0.65754,0.65775,406,0,0
2025-07-02 08:15:00,0.65775,0.65783,0.65751,0.65769,430,0,0
2025-07-02 08:30:00,0.65769,0.65797,0.65763,0.65792,283,0,0
2025-07-02 08:45:00,0.65792,0.65792,0.65745,0.65761,516,0,0
2025-07-02 09:00:00,0.65761,0.6577,0.65725,0.65767,595,0,0
2025-07-02 09:15:00,0.65767,0.65777,0.65741,0.65774,344,0,0
2025-07-02 09:30:00,0.65774,0.65787,0.65718,0.65727,497,0,0
2025-07-02 09:45:00,0.65726,0.65727,0.65683,0.65707,589,0,0
2025-07-02 10:00:00,0.65707,0.65723,0.65624,0.65721,920,0,0
2025-07-02 10:15:00,0.65721,0.65722,0.65669,0.65672,720,0,0
2025-07-02 10:30:00,0.65672,0.65702,0.6565,0.65678,588,0,0
2025-07-02 10:45:00,0.65678,0.65688,0.65621,0.65622,568,0,0
2025-07-02 11:00:00,0.65622,0.65649,0.65596,0.65631,577,0,0
2025-07-02 11:15:00,0.65631,0.65646,0.65613,0.65639,552,0,0
2025-07-02 11:30:00,0.65639,0.65653,0.6562,0.65649,606,0,0
2025-07-02 11:45:00,0.65648,0.65659,0.65628,0.65638,423,0,0
2025-07-02 12:00:00,0.65638,0.65659,0.65616,0.65624,449,0,0
2025-07-02 12:15:00,0.65624,0.65646,0.65612,0.6563,540,0,0
2025-07-02 12:30:00,0.6563,0.65656,0.6563,0.65654,369,0,0
2025-07-02 12:45:00,0.65654,0.65654,0.65628,0.6564,435,0,0
2025-07-02 13:00:00,0.6564,0.65683,0.65629,0.65676,581,0,0
2025-07-02 13:15:00,0.65676,0.65682,0.65659,0.65669,507,0,0
2025-07-02 13:30:00,0.65669,0.65707,0.6566,0.657,282,0,0
2025-07-02 13:45:00,0.657,0.65702,0.65645,0.65647,599,0,0
2025-07-02 14:00:00,0.65647,0.65687,0.65635,0.65685,417,0,0
2025-07-02 14:15:00,0.65685,0.65693,0.65657,0.6566,394,0,0
2025-07-02 14:30:00,0.6566,0.65665,0.65609,0.65621,691,0,0
2025-07-02 14:45:00,0.65621,0.65624,0.65525,0.65536,725,0,0
2025-07-02 15:00:00,0.65536,0.6557,0.65508,0.65508,938,0,0
2025-07-02 15:15:00,0.65508,0.65714,0.65508,0.65648,1763,0,0
2025-07-02 15:30:00,0.65648,0.65648,0.65434,0.6549,1517,0,0
2025-07-02 15:45:00,0.6549,0.65542,0.65477,0.65509,1239,0,0
2025-07-02 16:00:00,0.65509,0.65649,0.65508,0.65608,1223,0,0
2025-07-02 16:15:00,0.65608,0.65616,0.65496,0.65524,1188,0,0
2025-07-02 16:30:00,0.65524,0.65571,0.65474,0.6556,1293,0,0
2025-07-02 16:45:00,0.65559,0.6556,0.65456,0.65498,1288,0,0
2025-07-02 17:00:00,0.65498,0.65515,0.65463,0.65469,1053,0,0
2025-07-02 17:15:00,0.65468,0.65532,0.65465,0.65513,885,0,0
2025-07-02 17:30:00,0.65514,0.65577,0.65514,0.65531,867,0,0
2025-07-02 17:45:00,0.6553,0.65637,0.65526,0.65631,1173,0,0
2025-07-02 18:00:00,0.65631,0.65696,0.65613,0.65685,992,0,0
2025-07-02 18:15:00,0.65684,0.65724,0.65684,0.65698,750,0,0
2025-07-02 18:30:00,0.65698,0.65723,0.65678,0.65682,657,0,0
2025-07-02 18:45:00,0.65682,0.65716,0.65674,0.65708,657,0,0
2025-07-02 19:00:00,0.65708,0.65747,0.65683,0.65723,530,0,0
2025-07-02 19:15:00,0.65723,0.65749,0.65719,0.6573,481,0,0
2025-07-02 19:30:00,0.65732,0.65751,0.65722,0.65729,504,0,0
2025-07-02 19:45:00,0.65729,0.65751,0.65727,0.65741,317,0,0
2025-07-02 20:00:00,0.65741,0.65809,0.65738,0.6579,511,0,0
2025-07-02 20:15:00,0.6579,0.65796,0.65753,0.65766,497,0,0
2025-07-02 20:30:00,0.65766,0.65794,0.65766,0.65772,390,0,0
2025-07-02 20:45:00,0.65772,0.65785,0.65758,0.65762,372,0,0
2025-07-02 21:00:00,0.65762,0.65802,0.65755,0.65801,402,0,0
2025-07-02 21:15:00,0.65801,0.65816,0.65788,0.6581,268,0,0
2025-07-02 21:30:00,0.6581,0.65821,0.65795,0.65819,311,0,0
2025-07-02 21:45:00,0.65819,0.65828,0.65803,0.65827,526,0,0
2025-07-02 22:00:00,0.65827,0.65841,0.65819,0.65833,262,0,0
2025-07-02 22:15:00,0.6583,0.65851,0.65826,0.65842,186,0,0
2025-07-02 22:30:00,0.65842,0.65864,0.65839,0.65857,213,0,0
2025-07-02 22:45:00,0.65857,0.65887,0.65848,0.65881,206,0,0
2025-07-02 23:00:00,0.65881,0.65881,0.65853,0.6587,167,0,0
2025-07-02 23:15:00,0.6587,0.65875,0.65848,0.65865,120,0,0
2025-07-02 23:30:00,0.65865,0.65874,0.65854,0.65865,89,0,0
2025-07-02 23:45:00,0.65865,0.65866,0.65833,0.65835,193,5,0
2025-07-03 00:00:00,0.65835,0.65835,0.65793,0.65802,22,11,0
2025-07-03 00:15:00,0.65802,0.65802,0.65789,0.65792,25,50,0
2025-07-03 00:30:00,0.65792,0.65822,0.65789,0.65808,113,36,0
2025-07-03 00:45:00,0.65808,0.65826,0.65808,0.65815,120,27,0
2025-07-03 01:00:00,0.65815,0.65873,0.65815,0.65873,200,0,0
2025-07-03 01:15:00,0.65873,0.65873,0.65856,0.65871,125,0,0
2025-07-03 01:30:00,0.65871,0.65879,0.65867,0.65872,147,0,0
2025-07-03 01:45:00,0.65872,0.65877,0.65862,0.65869,128,0,0
2025-07-03 02:00:00,0.65869,0.65869,0.65847,0.65848,184,0,0
2025-07-03 02:15:00,0.65848,0.65856,0.65836,0.65843,132,0,0
2025-07-03 02:30:00,0.65843,0.65848,0.65835,0.65837,152,0,0
2025-07-03 02:45:00,0.65837,0.65847,0.65821,0.65822,250,0,0
2025-07-03 03:00:00,0.65822,0.65846,0.65806,0.65825,528,0,0
2025-07-03 03:15:00,0.65825,0.65867,0.65778,0.65788,667,0,0
2025-07-03 03:30:00,0.65788,0.65805,0.65755,0.65789,482,0,0
2025-07-03 03:45:00,0.65789,0.65811,0.65767,0.658,493,0,0
2025-07-03 04:00:00,0.658,0.65811,0.65749,0.6576,609,0,0
2025-07-03 04:15:00,0.6576,0.65804,0.65753,0.65793,549,0,0
2025-07-03 04:30:00,0.65793,0.65793,0.65737,0.65756,564,0,0
2025-07-03 04:45:00,0.65756,0.65772,0.65747,0.65763,406,0,0
2025-07-03 05:00:00,0.65763,0.65763,0.65682,0.65702,573,0,0
2025-07-03 05:15:00,0.65702,0.65704,0.65659,0.65669,399,0,0
2025-07-03 05:30:00,0.65669,0.65716,0.65653,0.65701,455,0,0
2025-07-03 05:45:00,0.65701,0.65725,0.6569,0.65703,403,0,0
2025-07-03 06:00:00,0.65702,0.65734,0.65694,0.65725,333,0,0
2025-07-03 06:15:00,0.65725,0.65738,0.65705,0.65713,344,0,0
2025-07-03 06:30:00,0.65713,0.65718,0.65666,0.65696,331,0,0
2025-07-03 06:45:00,0.65696,0.65703,0.65653,0.6567,478,0,0
2025-07-03 07:00:00,0.6567,0.65701,0.65651,0.65696,367,0,0
2025-07-03 07:15:00,0.65696,0.65707,0.65677,0.65679,204,0,0
2025-07-03 07:30:00,0.65679,0.65694,0.65667,0.65669,329,0,0
2025-07-03 07:45:00,0.6567,0.65701,0.65669,0.65701,278,0,0
2025-07-03 08:00:00,0.65701,0.65704,0.65649,0.65655,282,0,0
2025-07-03 08:15:00,0.65655,0.65674,0.65624,0.65648,335,0,0
2025-07-03 08:30:00,0.65648,0.65679,0.65637,0.65673,313,0,0
2025-07-03 08:45:00,0.65673,0.65714,0.65672,0.65709,395,0,0
2025-07-03 09:00:00,0.65709,0.65751,0.65706,0.65721,449,0,0
2025-07-03 09:15:00,0.65721,0.65746,0.65705,0.65728,336,0,0
2025-07-03 09:30:00,0.65728,0.65767,0.65718,0.65767,382,0,0
2025-07-03 09:45:00,0.65767,0.65787,0.65744,0.65782,438,0,0
2025-07-03 10:00:00,0.65782,0.65785,0.65731,0.6577,668,0,0
2025-07-03 10:15:00,0.6577,0.65818,0.65751,0.65811,600,0,0
2025-07-03 10:30:00,0.65811,0.65819,0.65774,0.65785,678,0,0
2025-07-03 10:45:00,0.65787,0.65795,0.65749,0.65778,604,0,0
2025-07-03 11:00:00,0.65778,0.65826,0.65771,0.65819,630,0,0
2025-07-03 11:15:00,0.65819,0.65842,0.65793,0.65799,616,0,0
2025-07-03 11:30:00,0.65799,0.65824,0.65784,0.65787,563,0,0
2025-07-03 11:45:00,0.65787,0.65804,0.65772,0.65778,461,0,0
2025-07-03 12:00:00,0.65777,0.65795,0.65769,0.65779,653,0,0
2025-07-03 12:15:00,0.65779,0.65793,0.65752,0.65755,385,0,0
2025-07-03 12:30:00,0.65755,0.65763,0.6573,0.65734,418,0,0
2025-07-03 12:45:00,0.65734,0.65756,0.65726,0.65751,443,0,0
2025-07-03 13:00:00,0.65751,0.6577,0.65734,0.65756,480,0,0
2025-07-03 13:15:00,0.65756,0.6579,0.65754,0.65786,415,0,0
2025-07-03 13:30:00,0.65786,0.65791,0.65759,0.65761,289,0,0
2025-07-03 13:45:00,0.65761,0.6577,0.65731,0.65738,392,0,0
2025-07-03 14:00:00,0.65738,0.65774,0.65737,0.6576,428,0,0
2025-07-03 14:15:00,0.65759,0.65791,0.65754,0.65787,321,0,0
2025-07-03 14:30:00,0.65787,0.65787,0.65751,0.65768,505,0,0
2025-07-03 14:45:00,0.65768,0.65769,0.65721,0.65732,508,0,0
2025-07-03 15:00:00,0.65732,0.65755,0.65708,0.6571,572,0,0
2025-07-03 15:15:00,0.6571,0.65743,0.65699,0.65741,488,0,0
2025-07-03 15:30:00,0.65735,0.65735,0.6537,0.65433,3074,0,0
2025-07-03 15:45:00,0.65433,0.65487,0.65375,0.6546,1873,0,0
2025-07-03 16:00:00,0.6546,0.65568,0.65407,0.65567,1594,0,0
2025-07-03 16:15:00,0.65567,0.65668,0.65567,0.65667,1347,0,0
2025-07-03 16:30:00,0.65667,0.6578,0.65658,0.65745,1336,0,0
2025-07-03 16:45:00,0.65746,0.65771,0.65682,0.65682,1287,0,0
2025-07-03 17:00:00,0.6568,0.658,0.65672,0.65679,1734,0,0
2025-07-03 17:15:00,0.65679,0.65717,0.65645,0.65711,1353,0,0
2025-07-03 17:30:00,0.65711,0.6574,0.65652,0.65671,1202,0,0
2025-07-03 17:45:00,0.65671,0.65685,0.65604,0.65624,1307,0,0
2025-07-03 18:00:00,0.65625,0.65689,0.65611,0.65683,1254,0,0
2025-07-03 18:15:00,0.65683,0.65725,0.65653,0.6572,793,0,0
2025-07-03 18:30:00,0.6572,0.65752,0.65709,0.65733,612,0,0
2025-07-03 18:45:00,0.65733,0.65753,0.65708,0.6573,807,0,0
2025-07-03 19:00:00,0.6573,0.65744,0.65684,0.65724,509,0,0
2025-07-03 19:15:00,0.65724,0.65724,0.65665,0.6567,486,0,0
2025-07-03 19:30:00,0.6567,0.65692,0.65651,0.65689,371,0,0
2025-07-03 19:45:00,0.65689,0.65722,0.65667,0.65711,378,0,0
2025-07-03 20:00:00,0.65711,0.6573,0.65699,0.65726,310,0,0
2025-07-03 20:15:00,0.65726,0.65738,0.65723,0.65724,127,0,0
2025-07-03 20:30:00,0.65724,0.65724,0.65708,0.65712,113,0,0
2025-07-03 20:45:00,0.65712,0.65716,0.65697,0.65704,101,0,0
2025-07-03 21:00:00,0.65704,0.65708,0.65693,0.65708,125,0,0
2025-07-03 21:15:00,0.65708,0.65712,0.6569,0.65694,97,0,0
2025-07-03 21:30:00,0.65694,0.65709,0.65694,0.65696,135,0,0
2025-07-03 21:45:00,0.65696,0.65703,0.6569,0.6569,157,0,0
2025-07-03 22:00:00,0.6569,0.6569,0.65661,0.65687,159,0,0
2025-07-03 22:15:00,0.65687,0.657,0.65687,0.65697,70,0,0
2025-07-03 22:30:00,0.65697,0.65702,0.65689,0.65696,60,0,0
2025-07-03 22:45:00,0.65696,0.65705,0.65675,0.65688,110,0,0
2025-07-03 23:00:00,0.65688,0.65697,0.65674,0.65686,187,0,0
2025-07-03 23:15:00,0.65686,0.65706,0.65684,0.65703,144,0,0
2025-07-03 23:30:00,0.65703,0.65722,0.65699,0.65707,147,0,0
2025-07-03 23:45:00,0.65707,0.65717,0.65701,0.65709,220,6,0
2025-07-04 00:00:00,0.65704,0.65709,0.65668,0.657,29,18,0
2025-07-04 00:15:00,0.657,0.657,0.65647,0.65651,48,36,0
2025-07-04 00:30:00,0.65651,0.65674,0.6564,0.65672,72,46,0
2025-07-04 00:45:00,0.65672,0.6569,0.65672,0.6569,26,42,0
2025-07-04 01:00:00,0.6569,0.6572,0.65682,0.65706,175,0,0
2025-07-04 01:15:00,0.65706,0.65716,0.65702,0.65704,108,0,0
2025-07-04 01:30:00,0.65704,0.6572,0.65702,0.65719,76,0,0
2025-07-04 01:45:00,0.65719,0.65725,0.65717,0.65719,108,0,0
2025-07-04 02:00:00,0.65719,0.65746,0.65719,0.65745,112,0,0
2025-07-04 02:15:00,0.65745,0.65748,0.65729,0.6574,103,0,0
2025-07-04 02:30:00,0.6574,0.65776,0.6574,0.65769,171,0,0
2025-07-04 02:45:00,0.65769,0.65774,0.65759,0.65763,179,0,0
2025-07-04 03:00:00,0.65763,0.65785,0.65738,0.65761,503,0,0
2025-07-04 03:15:00,0.65761,0.65775,0.65733,0.65745,428,0,0
2025-07-04 03:30:00,0.65745,0.65775,0.65714,0.6572,405,0,0
2025-07-04 03:45:00,0.6572,0.65763,0.65715,0.6576,549,0,0
2025-07-04 04:00:00,0.6576,0.65792,0.65739,0.65748,558,0,0
2025-07-04 04:15:00,0.65748,0.65761,0.65687,0.65696,607,0,0
2025-07-04 04:30:00,0.65691,0.65742,0.65672,0.65727,778,0,0
2025-07-04 04:45:00,0.65725,0.6573,0.65655,0.6566,654,0,0
2025-07-04 05:00:00,0.6566,0.65695,0.65646,0.65685,484,0,0
2025-07-04 05:15:00,0.65686,0.65693,0.65658,0.6569,460,0,0
2025-07-04 05:30:00,0.6569,0.65729,0.65689,0.65709,403,0,0
2025-07-04 05:45:00,0.65709,0.65711,0.65678,0.65685,285,0,0
2025-07-04 06:00:00,0.65685,0.65689,0.6563,0.6566,274,0,0
2025-07-04 06:15:00,0.6566,0.65694,0.65651,0.65663,269,0,0
2025-07-04 06:30:00,0.65663,0.65702,0.65663,0.65691,309,0,0
2025-07-04 06:45:00,0.65691,0.65707,0.65672,0.65698,305,0,0
2025-07-04 07:00:00,0.65698,0.65722,0.65693,0.65703,237,0,0
2025-07-04 07:15:00,0.65703,0.65717,0.65664,0.65666,401,0,0
2025-07-04 07:30:00,0.65666,0.6571,0.65631,0.65709,375,0,0
2025-07-04 07:45:00,0.65709,0.65731,0.657,0.65714,259,0,0
2025-07-04 08:00:00,0.65714,0.65752,0.65714,0.65749,405,0,0
2025-07-04 08:15:00,0.65749,0.65786,0.65747,0.65751,351,0,0
2025-07-04 08:30:00,0.65751,0.65767,0.65739,0.65743,492,0,0
2025-07-04 08:45:00,0.65743,0.65764,0.657,0.65708,414,0,0
2025-07-04 09:00:00,0.65708,0.65708,0.65636,0.65708,643,0,0
2025-07-04 09:15:00,0.65708,0.65759,0.65706,0.65737,516,0,0
2025-07-04 09:30:00,0.65737,0.65748,0.65711,0.65734,363,0,0
2025-07-04 09:45:00,0.65733,0.65744,0.65701,0.65711,466,0,0
2025-07-04 10:00:00,0.65713,0.65743,0.65612,0.65612,739,0,0
2025-07-04 10:15:00,0.65611,0.65622,0.65561,0.65572,705,0,0
2025-07-04 10:30:00,0.65572,0.65604,0.6549,0.65496,781,0,0
2025-07-04 10:45:00,0.65496,0.65559,0.65496,0.65549,756,0,0
2025-07-04 11:00:00,0.65549,0.656,0.65546,0.65565,673,0,0
2025-07-04 11:15:00,0.65565,0.65598,0.65562,0.65582,550,0,0
2025-07-04 11:30:00,0.65582,0.65602,0.65562,0.656,565,0,0
2025-07-04 11:45:00,0.656,0.65602,0.65565,0.65585,583,0,0
2025-07-04 12:00:00,0.65585,0.65607,0.65561,0.65567,591,0,0
2025-07-04 12:15:00,0.65568,0.65584,0.65545,0.65578,458,0,0
2025-07-04 12:30:00,0.65578,0.6561,0.65578,0.65609,589,0,0
2025-07-04 12:45:00,0.65609,0.65609,0.65576,0.65578,470,0,0
2025-07-04 13:00:00,0.65578,0.65599,0.6557,0.65598,440,0,0
2025-07-04 13:15:00,0.65598,0.65618,0.65595,0.65601,432,0,0
2025-07-04 13:30:00,0.65601,0.65613,0.65548,0.65559,554,0,0
2025-07-04 13:45:00,0.65559,0.65578,0.65548,0.65568,652,0,0
2025-07-04 14:00:00,0.65568,0.65596,0.65564,0.65593,598,0,0
2025-07-04 14:15:00,0.65593,0.656,0.65576,0.65586,537,0,0
2025-07-04 14:30:00,0.65586,0.65598,0.65566,0.65572,340,0,0
2025-07-04 14:45:00,0.65572,0.6559,0.65569,0.65587,570,0,0
2025-07-04 15:00:00,0.65587,0.656,0.65537,0.65552,618,0,0
2025-07-04 15:15:00,0.65552,0.65567,0.65521,0.65536,428,0,0
2025-07-04 15:30:00,0.65536,0.65543,0.65507,0.65534,505,0,0
2025-07-04 15:45:00,0.65534,0.65535,0.65502,0.6551,521,0,0
2025-07-04 16:00:00,0.6551,0.65538,0.65502,0.65503,439,0,0
2025-07-04 16:15:00,0.65503,0.65527,0.65499,0.65504,396,0,0
2025-07-04 16:30:00,0.65504,0.65554,0.65486,0.65531,575,0,0
2025-07-04 16:45:00,0.65531,0.65533,0.65491,0.65518,633,0,0
2025-07-04 17:00:00,0.65518,0.65545,0.65495,0.65518,734,0,0
2025-07-04 17:15:00,0.65518,0.65541,0.65499,0.65522,489,0,0
2025-07-04 17:30:00,0.65522,0.65524,0.65468,0.65472,547,0,0
2025-07-04 17:45:00,0.65472,0.65503,0.65461,0.65496,586,0,0
2025-07-04 18:00:00,0.65496,0.65504,0.65472,0.65478,575,0,0
2025-07-04 18:15:00,0.65478,0.65504,0.65471,0.65503,414,0,0
2025-07-04 18:30:00,0.65503,0.65515,0.65489,0.65505,385,0,0
2025-07-04 18:45:00,0.65505,0.6552,0.65491,0.65502,335,0,0
2025-07-04 19:00:00,0.65502,0.65515,0.65487,0.65507,171,0,0
2025-07-04 19:15:00,0.65507,0.6552,0.65498,0.65515,214,0,0
2025-07-04 19:30:00,0.65515,0.65522,0.65496,0.65499,154,0,0
2025-07-04 19:45:00,0.65499,0.65505,0.65494,0.65503,153,0,0
2025-07-04 20:00:00,0.65503,0.65511,0.65489,0.65494,1046,0,0
2025-07-04 20:15:00,0.65494,0.65495,0.6548,0.65484,1375,0,0
2025-07-04 20:30:00,0.65484,0.6549,0.6547,0.65488,870,0,0
2025-07-04 20:45:00,0.65488,0.65507,0.65475,0.65504,933,0,0
2025-07-04 21:00:00,0.65504,0.65508,0.65494,0.65505,708,0,0
2025-07-04 21:15:00,0.65505,0.65518,0.65495,0.65517,970,0,0
2025-07-04 21:30:00,0.65517,0.65524,0.65511,0.65523,1214,0,0
2025-07-04 21:45:00,0.65523,0.65528,0.65504,0.65505,2111,0,0
2025-07-04 22:00:00,0.65505,0.65521,0.65488,0.65507,1278,0,0
2025-07-04 22:15:00,0.65507,0.65513,0.655,0.65511,1422,0,0
2025-07-04 22:30:00,0.65511,0.65515,0.65498,0.65499,1405,0,0
2025-07-04 22:45:00,0.65499,0.65518,0.65493,0.65502,1886,0,0
2025-07-04 23:00:00,0.65502,0.65543,0.65479,0.65514,2456,5,0
2025-07-04 23:15:00,0.65514,0.65536,0.6547,0.65492,1694,5,0
2025-07-04 23:30:00,0.65492,0.65516,0.65425,0.65458,915,5,0
2025-07-04 23:45:00,0.65458,0.65483,0.65408,0.65456,169,100,0
2025-07-07 00:00:00,0.65524,0.65547,0.6544,0.6544,24,116,0
2025-07-07 00:15:00,0.6544,0.65491,0.6544,0.65489,51,82,0
2025-07-07 00:30:00,0.6549,0.65507,0.65489,0.65498,42,87,0
2025-07-07 00:45:00,0.65498,0.65527,0.65498,0.6552,38,83,0
2025-07-07 01:00:00,0.6552,0.65559,0.65502,0.65521,257,0,0
2025-07-07 01:15:00,0.65521,0.65546,0.65521,0.65544,254,0,0
2025-07-07 01:30:00,0.65544,0.65546,0.65499,0.65506,172,0,0
2025-07-07 01:45:00,0.65506,0.65512,0.65495,0.6551,132,0,0
2025-07-07 02:00:00,0.6551,0.65538,0.65507,0.65534,155,0,0
2025-07-07 02:15:00,0.65534,0.6554,0.65527,0.65529,66,0,0
2025-07-07 02:30:00,0.65529,0.65533,0.655,0.65505,187,0,0
2025-07-07 02:45:00,0.65505,0.65517,0.65469,0.655,270,0,0
2025-07-07 03:00:00,0.655,0.6553,0.65449,0.65494,806,0,0
2025-07-07 03:15:00,0.65494,0.65506,0.65427,0.65437,470,0,0
2025-07-07 03:30:00,0.65437,0.65451,0.65358,0.65391,544,0,0
2025-07-07 03:45:00,0.65391,0.65415,0.65377,0.65398,571,0,0
2025-07-07 04:00:00,0.65398,0.65398,0.65324,0.65346,849,0,0
2025-07-07 04:15:00,0.65346,0.65396,0.65343,0.65351,534,0,0
2025-07-07 04:30:00,0.65351,0.65373,0.65263,0.65266,831,0,0
2025-07-07 04:45:00,0.65266,0.65297,0.65263,0.6528,504,0,0
2025-07-07 05:00:00,0.6528,0.65317,0.65275,0.65317,442,0,0
2025-07-07 05:15:00,0.65317,0.6532,0.65287,0.65287,358,0,0
2025-07-07 05:30:00,0.65287,0.65288,0.65184,0.65245,822,0,0
2025-07-07 05:45:00,0.65245,0.65264,0.65198,0.65209,596,0,0
2025-07-07 06:00:00,0.65209,0.65235,0.65152,0.6522,595,0,0
2025-07-07 06:15:00,0.6522,0.65221,0.65168,0.65191,414,0,0
2025-07-07 06:30:00,0.65191,0.65201,0.65122,0.65147,609,0,0
2025-07-07 06:45:00,0.65147,0.65201,0.65142,0.65157,508,0,0
2025-07-07 07:00:00,0.65157,0.65183,0.65145,0.65164,471,0,0
2025-07-07 07:15:00,0.65164,0.65173,0.65124,0.65129,475,0,0
2025-07-07 07:30:00,0.65129,0.65147,0.65066,0.65068,553,0,0
2025-07-07 07:45:00,0.65068,0.65071,0.65032,0.65044,392,0,0
2025-07-07 08:00:00,0.65044,0.65059,0.65009,0.65037,607,0,0
2025-07-07 08:15:00,0.65037,0.6505,0.65004,0.65028,795,0,0
2025-07-07 08:30:00,0.65028,0.65084,0.65022,0.6508,602,0,0
2025-07-07 08:45:00,0.6508,0.6511,0.65068,0.65102,476,0,0
2025-07-07 09:00:00,0.65102,0.65116,0.65041,0.6507,638,0,0
2025-07-07 09:15:00,0.6507,0.6509,0.65029,0.6505,557,0,0
2025-07-07 09:30:00,0.6505,0.6505,0.64999,0.65031,692,0,0
2025-07-07 09:45:00,0.65031,0.6509,0.65026,0.65085,748,0,0
2025-07-07 10:00:00,0.65085,0.65141,0.65066,0.65125,918,0,0
2025-07-07 10:15:00,0.65125,0.65153,0.65085,0.65085,680,0,0
2025-07-07 10:30:00,0.65086,0.65094,0.65054,0.65063,722,0,0
2025-07-07 10:45:00,0.65063,0.65084,0.65044,0.65044,812,0,0
2025-07-07 11:00:00,0.65044,0.65065,0.65004,0.65016,839,0,0
2025-07-07 11:15:00,0.65016,0.65026,0.64983,0.64995,644,0,0
2025-07-07 11:30:00,0.64995,0.6501,0.64975,0.64995,590,0,0
2025-07-07 11:45:00,0.64995,0.64995,0.64907,0.64911,731,0,0
2025-07-07 12:00:00,0.64912,0.6492,0.64859,0.64893,683,0,0
2025-07-07 12:15:00,0.64893,0.6492,0.64874,0.6488,378,0,0
2025-07-07 12:30:00,0.6488,0.64929,0.64868,0.64905,573,0,0
2025-07-07 12:45:00,0.64906,0.64974,0.64905,0.64971,601,0,0
2025-07-07 13:00:00,0.64971,0.64987,0.64945,0.64985,557,0,0
2025-07-07 13:15:00,0.64985,0.64988,0.64954,0.64965,520,0,0
2025-07-07 13:30:00,0.64965,0.64972,0.64943,0.64963,432,0,0
2025-07-07 13:45:00,0.64963,0.64984,0.64962,0.64967,485,0,0
2025-07-07 14:00:00,0.64969,0.65002,0.6495,0.6499,460,0,0
2025-07-07 14:15:00,0.6499,0.65007,0.64975,0.65001,413,0,0
2025-07-07 14:30:00,0.65001,0.65028,0.64999,0.65022,410,0,0
2025-07-07 14:45:00,0.65022,0.65045,0.64993,0.65,546,0,0
2025-07-07 15:00:00,0.65,0.65025,0.64954,0.6502,751,0,0
2025-07-07 15:15:00,0.6502,0.65045,0.65015,0.65023,477,0,0
2025-07-07 15:30:00,0.65023,0.65024,0.64985,0.65006,507,0,0
2025-07-07 15:45:00,0.65006,0.65026,0.64974,0.65022,423,0,0
2025-07-07 16:00:00,0.65022,0.65045,0.65008,0.65013,508,0,0
2025-07-07 16:15:00,0.65013,0.65056,0.65008,0.6505,622,0,0
2025-07-07 16:30:00,0.6505,0.65121,0.65049,0.6511,812,0,0
2025-07-07 16:45:00,0.6511,0.6515,0.65097,0.65137,1015,0,0
2025-07-07 17:00:00,0.65137,0.65164,0.65129,0.65135,813,0,0
2025-07-07 17:15:00,0.65135,0.65149,0.65114,0.65126,808,0,0
2025-07-07 17:30:00,0.65126,0.65189,0.65113,0.6517,700,0,0
2025-07-07 17:45:00,0.6517,0.65185,0.65127,0.65142,694,0,0
2025-07-07 18:00:00,0.65142,0.65152,0.65113,0.65148,580,0,0
2025-07-07 18:15:00,0.65148,0.65152,0.65099,0.65142,639,0,0
2025-07-07 18:30:00,0.65142,0.65157,0.65103,0.65104,569,0,0
2025-07-07 18:45:00,0.65104,0.65123,0.65087,0.65113,443,0,0
2025-07-07 19:00:00,0.65116,0.65143,0.65106,0.65138,387,0,0
2025-07-07 19:15:00,0.65138,0.65151,0.64993,0.65071,1449,0,0
2025-07-07 19:30:00,0.65071,0.65075,0.65006,0.65012,904,0,0
2025-07-07 19:45:00,0.65012,0.65018,0.64891,0.64908,937,0,0
2025-07-07 20:00:00,0.64908,0.64962,0.6489,0.64954,610,0,0
2025-07-07 20:15:00,0.64954,0.64976,0.64923,0.64933,411,0,0
2025-07-07 20:30:00,0.64933,0.6502,0.64931,0.64964,1340,0,0
2025-07-07 20:45:00,0.64964,0.6497,0.64932,0.64944,564,0,0
2025-07-07 21:00:00,0.64944,0.65,0.64934,0.64955,560,0,0
2025-07-07 21:15:00,0.64955,0.64955,0.64855,0.64869,835,0,0
2025-07-07 21:30:00,0.64869,0.64957,0.64856,0.64948,557,0,0
2025-07-07 21:45:00,0.64948,0.65015,0.64945,0.65,488,0,0
2025-07-07 22:00:00,0.65,0.6502,0.64983,0.64998,384,0,0
2025-07-07 22:15:00,0.64998,0.65015,0.64993,0.6501,331,0,0
2025-07-07 22:30:00,0.6501,0.65029,0.64971,0.64987,331,0,0
2025-07-07 22:45:00,0.64987,0.64998,0.64975,0.64992,366,0,0
2025-07-07 23:00:00,0.64992,0.64992,0.6493,0.64936,160,0,0
2025-07-07 23:15:00,0.64936,0.64945,0.64922,0.64933,94,0,0
2025-07-07 23:30:00,0.64933,0.64934,0.64895,0.64896,165,0,0
2025-07-07 23:45:00,0.64896,0.64902,0.64878,0.649,198,6,0
2025-07-08 00:00:00,0.64904,0.6493,0.64863,0.6493,36,14,0
2025-07-08 00:15:00,0.6493,0.6493,0.64878,0.64887,63,49,0
2025-07-08 00:30:00,0.64887,0.64899,0.64887,0.6489,69,49,0
2025-07-08 00:45:00,0.6489,0.64895,0.64883,0.64891,77,44,0
2025-07-08 01:00:00,0.64891,0.64961,0.64891,0.64953,120,0,0
2025-07-08 01:15:00,0.64953,0.64954,0.6493,0.6493,122,0,0
2025-07-08 01:30:00,0.6493,0.64995,0.64928,0.64987,189,0,0
2025-07-08 01:45:00,0.64987,0.65004,0.64969,0.64995,134,0,0
2025-07-08 02:00:00,0.64995,0.65003,0.64973,0.64997,151,0,0
2025-07-08 02:15:00,0.64997,0.65017,0.64985,0.65017,122,0,0
2025-07-08 02:30:00,0.65017,0.6503,0.65008,0.65025,142,0,0
2025-07-08 02:45:00,0.65025,0.65071,0.65022,0.65065,339,0,0
2025-07-08 03:00:00,0.65065,0.65137,0.65064,0.65136,659,0,0
2025-07-08 03:15:00,0.65136,0.65143,0.6509,0.65096,550,0,0
2025-07-08 03:30:00,0.65096,0.65157,0.6509,0.65146,391,0,0
2025-07-08 03:45:00,0.65146,0.65159,0.65123,0.65127,434,0,0
2025-07-08 04:00:00,0.65127,0.65167,0.65067,0.651,539,0,0
2025-07-08 04:15:00,0.651,0.65138,0.6509,0.65093,516,0,0
2025-07-08 04:30:00,0.65093,0.65145,0.6507,0.65088,713,0,0
2025-07-08 04:45:00,0.65088,0.65102,0.6507,0.65082,486,0,0
2025-07-08 05:00:00,0.65082,0.6513,0.65063,0.65129,499,0,0
2025-07-08 05:15:00,0.65129,0.6518,0.65114,0.6518,416,0,0
2025-07-08 05:30:00,0.6518,0.652,0.65137,0.65157,481,0,0
2025-07-08 05:45:00,0.65157,0.65171,0.65125,0.65138,377,0,0
2025-07-08 06:00:00,0.65138,0.65161,0.65135,0.65136,399,0,0
2025-07-08 06:15:00,0.65136,0.6518,0.65121,0.6518,308,0,0
2025-07-08 06:30:00,0.6518,0.65193,0.65153,0.65156,418,0,0
2025-07-08 06:45:00,0.65156,0.65159,0.65124,0.65132,336,0,0
2025-07-08 07:00:00,0.65132,0.65145,0.65109,0.65114,387,0,0
2025-07-08 07:15:00,0.65114,0.6513,0.65109,0.65129,329,0,0
2025-07-08 07:30:00,0.65129,0.6558,0.65122,0.65403,1905,0,0
2025-07-08 07:45:00,0.65403,0.65426,0.65367,0.65404,1066,0,0
2025-07-08 08:00:00,0.65404,0.65441,0.65391,0.65414,969,0,0
2025-07-08 08:15:00,0.65414,0.65431,0.65352,0.65422,775,0,0
2025-07-08 08:30:00,0.65422,0.65432,0.65265,0.65272,1003,0,0
2025-07-08 08:45:00,0.65271,0.65424,0.65271,0.65386,1153,0,0
2025-07-08 09:00:00,0.65386,0.65402,0.65326,0.65346,1083,0,0
2025-07-08 09:15:00,0.65346,0.65463,0.65325,0.65447,900,0,0
2025-07-08 09:30:00,0.65447,0.65469,0.65357,0.6536,918,0,0
2025-07-08 09:45:00,0.6536,0.6536,0.65305,0.65311,857,0,0
2025-07-08 10:00:00,0.65311,0.65369,0.65311,0.6536,890,0,0
2025-07-08 10:15:00,0.6536,0.65395,0.65332,0.65379,789,0,0
2025-07-08 10:30:00,0.65379,0.65448,0.65377,0.65434,718,0,0
2025-07-08 10:45:00,0.65434,0.65453,0.6541,0.65435,704,0,0
2025-07-08 11:00:00,0.65435,0.65435,0.65406,0.65416,689,0,0
2025-07-08 11:15:00,0.65416,0.65435,0.65371,0.65413,608,0,0
2025-07-08 11:30:00,0.65413,0.65427,0.65363,0.65401,650,0,0
2025-07-08 11:45:00,0.65401,0.65436,0.65396,0.65415,598,0,0
2025-07-08 12:00:00,0.65415,0.65443,0.65388,0.65431,532,0,0
2025-07-08 12:15:00,0.65431,0.65463,0.65429,0.6543,584,0,0
2025-07-08 12:30:00,0.6543,0.6546,0.65404,0.65406,601,0,0
2025-07-08 12:45:00,0.65406,0.6542,0.65379,0.65388,633,0,0
2025-07-08 13:00:00,0.65389,0.65425,0.65365,0.65422,722,0,0
2025-07-08 13:15:00,0.65422,0.65435,0.65406,0.65407,455,0,0
2025-07-08 13:30:00,0.65407,0.65424,0.65384,0.65403,571,0,0
2025-07-08 13:45:00,0.65403,0.65418,0.65375,0.65394,601,0,0
2025-07-08 14:00:00,0.65394,0.6546,0.65393,0.65459,424,0,0
2025-07-08 14:15:00,0.65459,0.65479,0.65449,0.65463,522,0,0
2025-07-08 14:30:00,0.65463,0.65475,0.65427,0.65428,533,0,0
2025-07-08 14:45:00,0.65428,0.65443,0.65395,0.65402,529,0,0
2025-07-08 15:00:00,0.65402,0.65402,0.65324,0.65348,699,0,0
2025-07-08 15:15:00,0.65348,0.654,0.65344,0.654,712,0,0
2025-07-08 15:30:00,0.65399,0.6545,0.65384,0.65411,639,0,0
2025-07-08 15:45:00,0.65411,0.65441,0.65384,0.65422,458,0,0
2025-07-08 16:00:00,0.65423,0.65428,0.65337,0.65353,759,0,0
2025-07-08 16:15:00,0.65354,0.65369,0.65301,0.65303,671,0,0
2025-07-08 16:30:00,0.65303,0.65303,0.65162,0.65221,1387,0,0
2025-07-08 16:45:00,0.65222,0.65293,0.65216,0.6525,885,0,0
2025-07-08 17:00:00,0.6525,0.6525,0.65136,0.65143,1214,0,0
2025-07-08 17:15:00,0.6514,0.65177,0.6508,0.65177,911,0,0
2025-07-08 17:30:00,0.65177,0.65205,0.65134,0.65189,1005,0,0
2025-07-08 17:45:00,0.65189,0.65198,0.65098,0.65161,1482,0,0
2025-07-08 18:00:00,0.65161,0.65223,0.65147,0.65221,1197,0,0
2025-07-08 18:15:00,0.65221,0.65274,0.65212,0.65237,790,0,0
2025-07-08 18:30:00,0.65237,0.65268,0.65216,0.65246,805,0,0
2025-07-08 18:45:00,0.65246,0.65283,0.65228,0.65231,711,0,0
2025-07-08 19:00:00,0.65231,0.65255,0.65196,0.65255,555,0,0
2025-07-08 19:15:00,0.65255,0.65293,0.65241,0.65281,474,0,0
2025-07-08 19:30:00,0.65281,0.65282,0.65142,0.65211,1189,0,0
2025-07-08 19:45:00,0.65211,0.65269,0.65146,0.65251,1135,0,0
2025-07-08 20:00:00,0.6525,0.65327,0.65235,0.65326,1490,0,0
2025-07-08 20:15:00,0.65326,0.65339,0.65271,0.65311,1061,0,0
2025-07-08 20:30:00,0.65312,0.65335,0.65271,0.65303,804,0,0
2025-07-08 20:45:00,0.65304,0.65327,0.65264,0.65311,699,0,0
2025-07-08 21:00:00,0.65311,0.65324,0.65283,0.65314,611,0,0
2025-07-08 21:15:00,0.65314,0.65316,0.65274,0.65275,425,0,0
2025-07-08 21:30:00,0.65275,0.65299,0.65248,0.65276,375,0,0
2025-07-08 21:45:00,0.65276,0.65314,0.65271,0.65293,421,0,0
2025-07-08 22:00:00,0.65293,0.65316,0.65268,0.65271,364,0,0
2025-07-08 22:15:00,0.65271,0.6529,0.65271,0.65277,326,0,0
2025-07-08 22:30:00,0.65277,0.6528,0.65251,0.65258,241,0,0
2025-07-08 22:45:00,0.65258,0.65274,0.65253,0.6526,260,0,0
2025-07-08 23:00:00,0.6526,0.65306,0.65259,0.65303,223,0,0
2025-07-08 23:15:00,0.65303,0.65303,0.65274,0.65302,126,0,0
2025-07-08 23:30:00,0.65302,0.6531,0.65291,0.65303,113,0,0
2025-07-08 23:45:00,0.65303,0.65304,0.65279,0.65291,155,5,0
2025-07-09 00:00:00,0.65295,0.65295,0.65183,0.6529,41,18,0
2025-07-09 00:15:00,0.6529,0.6529,0.65207,0.65226,41,33,0
2025-07-09 00:30:00,0.65226,0.65237,0.65226,0.65237,23,56,0
2025-07-09 00:45:00,0.65237,0.65239,0.65229,0.65231,21,52,0
2025-07-09 01:00:00,0.65231,0.65293,0.65231,0.65272,165,0,0
2025-07-09 01:15:00,0.65272,0.65285,0.65271,0.65284,101,0,0
2025-07-09 01:30:00,0.65284,0.65313,0.65284,0.65303,136,0,0
2025-07-09 01:45:00,0.65303,0.6531,0.653,0.653,134,0,0
2025-07-09 02:00:00,0.653,0.6531,0.65294,0.65304,140,0,0
2025-07-09 02:15:00,0.65304,0.65311,0.65286,0.65288,109,0,0
2025-07-09 02:30:00,0.65288,0.65288,0.65261,0.65269,170,0,0
2025-07-09 02:45:00,0.65269,0.65276,0.65234,0.65241,232,0,0
2025-07-09 03:00:00,0.65242,0.65264,0.65195,0.65225,654,0,0
2025-07-09 03:15:00,0.65225,0.6526,0.6521,0.65255,411,0,0
2025-07-09 03:30:00,0.65255,0.653,0.65245,0.65299,454,0,0
2025-07-09 03:45:00,0.65299,0.65312,0.6525,0.65266,448,0,0
2025-07-09 04:00:00,0.65266,0.65298,0.65218,0.65256,645,0,0
2025-07-09 04:15:00,0.65256,0.65308,0.65252,0.65296,657,0,0
2025-07-09 04:30:00,0.65296,0.65359,0.65259,0.65289,684,0,0
2025-07-09 04:45:00,0.65289,0.65324,0.65266,0.65309,659,0,0
2025-07-09 05:00:00,0.65309,0.65373,0.65291,0.65362,858,0,0
2025-07-09 05:15:00,0.65362,0.65362,0.6529,0.65323,636,0,0
2025-07-09 05:30:00,0.65323,0.65331,0.652,0.65211,681,0,0
2025-07-09 05:45:00,0.6521,0.65211,0.65134,0.65195,765,0,0
2025-07-09 06:00:00,0.65195,0.65205,0.65113,0.65132,675,0,0
2025-07-09 06:15:00,0.65132,0.6517,0.65095,0.65168,517,0,0
2025-07-09 06:30:00,0.65168,0.65197,0.65147,0.65197,497,0,0
2025-07-09 06:45:00,0.65197,0.65234,0.6518,0.65226,452,0,0
2025-07-09 07:00:00,0.65226,0.65261,0.65216,0.65259,545,0,0
2025-07-09 07:15:00,0.65259,0.65284,0.65239,0.65279,417,0,0
2025-07-09 07:30:00,0.65279,0.65398,0.65277,0.65341,745,0,0
2025-07-09 07:45:00,0.65341,0.65387,0.65327,0.6536,571,0,0
2025-07-09 08:00:00,0.6536,0.65433,0.65358,0.65414,566,0,0
2025-07-09 08:15:00,0.65414,0.65442,0.65372,0.65376,601,0,0
2025-07-09 08:30:00,0.65375,0.65412,0.65361,0.65402,745,0,0
2025-07-09 08:45:00,0.65402,0.65405,0.65333,0.65343,676,0,0
2025-07-09 09:00:00,0.65343,0.65345,0.65243,0.65267,641,0,0
2025-07-09 09:15:00,0.65266,0.65287,0.65244,0.6526,610,0,0
2025-07-09 09:30:00,0.6526,0.65319,0.65244,0.65303,730,0,0
2025-07-09 09:45:00,0.65303,0.65438,0.65301,0.65425,703,0,0
2025-07-09 10:00:00,0.65425,0.65449,0.65368,0.6537,943,0,0
2025-07-09 10:15:00,0.6537,0.65407,0.65359,0.65378,892,0,0
2025-07-09 10:30:00,0.65377,0.65377,0.65264,0.65298,954,0,0
2025-07-09 10:45:00,0.65298,0.65305,0.65218,0.65254,853,0,0
2025-07-09 11:00:00,0.65254,0.65282,0.65201,0.65233,981,0,0
2025-07-09 11:15:00,0.65233,0.65264,0.65225,0.65263,809,0,0
2025-07-09 11:30:00,0.65263,0.65342,0.65263,0.65342,672,0,0
2025-07-09 11:45:00,0.65342,0.65354,0.65294,0.65302,539,0,0
2025-07-09 12:00:00,0.65303,0.6534,0.65277,0.65321,438,0,0
2025-07-09 12:15:00,0.65321,0.65344,0.65309,0.65333,409,0,0
2025-07-09 12:30:00,0.65333,0.65341,0.65308,0.65324,530,0,0
2025-07-09 12:45:00,0.65324,0.65341,0.65302,0.6533,484,0,0
2025-07-09 13:00:00,0.6533,0.65354,0.6531,0.6532,407,0,0
2025-07-09 13:15:00,0.6532,0.65342,0.65305,0.65308,474,0,0
2025-07-09 13:30:00,0.65308,0.6531,0.65262,0.65266,618,0,0
2025-07-09 13:45:00,0.65266,0.6527,0.65222,0.65225,395,0,0
2025-07-09 14:00:00,0.65225,0.65257,0.65213,0.65239,396,0,0
2025-07-09 14:15:00,0.65239,0.65243,0.65211,0.6523,528,0,0
2025-07-09 14:30:00,0.6523,0.65262,0.65218,0.65231,563,0,0
2025-07-09 14:45:00,0.65231,0.65256,0.65158,0.65159,657,0,0
2025-07-09 15:00:00,0.65159,0.65224,0.65143,0.65207,825,0,0
2025-07-09 15:15:00,0.65207,0.65275,0.65193,0.65198,918,0,0
2025-07-09 15:30:00,0.65198,0.65241,0.65175,0.65214,820,0,0
2025-07-09 15:45:00,0.65214,0.65362,0.65208,0.65336,766,0,0
2025-07-09 16:00:00,0.65336,0.65367,0.65305,0.65355,839,0,0
2025-07-09 16:15:00,0.65354,0.65403,0.65342,0.65391,1016,0,0
2025-07-09 16:30:00,0.65391,0.65437,0.65361,0.65368,1281,0,0
2025-07-09 16:45:00,0.65368,0.65392,0.65334,0.65392,1099,0,0
2025-07-09 17:00:00,0.65392,0.65463,0.65337,0.65462,1207,0,0
2025-07-09 17:15:00,0.65462,0.65481,0.65393,0.65394,1219,0,0
2025-07-09 17:30:00,0.65394,0.65394,0.65342,0.65374,1099,0,0
2025-07-09 17:45:00,0.65374,0.65374,0.6531,0.65323,969,0,0
2025-07-09 18:00:00,0.65323,0.65333,0.65276,0.65288,805,0,0
2025-07-09 18:15:00,0.65288,0.65293,0.65268,0.65281,565,0,0
2025-07-09 18:30:00,0.65282,0.65312,0.6528,0.65305,510,0,0
2025-07-09 18:45:00,0.65305,0.65332,0.6528,0.65301,487,0,0
2025-07-09 19:00:00,0.65301,0.65357,0.65295,0.65332,477,0,0
2025-07-09 19:15:00,0.65332,0.65348,0.65303,0.65315,438,0,0
2025-07-09 19:30:00,0.65315,0.65336,0.65311,0.65333,251,0,0
2025-07-09 19:45:00,0.65333,0.65346,0.65322,0.6533,255,0,0
2025-07-09 20:00:00,0.6533,0.65405,0.65319,0.65392,401,0,0
2025-07-09 20:15:00,0.65392,0.65403,0.6538,0.65385,370,0,0
2025-07-09 20:30:00,0.65385,0.65387,0.65334,0.65358,470,0,0
2025-07-09 20:45:00,0.65358,0.65388,0.65356,0.65366,467,0,0
2025-07-09 21:00:00,0.65365,0.6541,0.65332,0.65406,522,0,0
2025-07-09 21:15:00,0.65406,0.65422,0.65389,0.65394,391,0,0
2025-07-09 21:30:00,0.65394,0.654,0.65358,0.65368,379,0,0
2025-07-09 21:45:00,0.65368,0.65386,0.6536,0.65373,434,0,0
2025-07-09 22:00:00,0.65373,0.65392,0.65368,0.65379,276,0,0
2025-07-09 22:15:00,0.65379,0.65417,0.65379,0.65415,169,0,0
2025-07-09 22:30:00,0.65415,0.65424,0.65397,0.6542,194,0,0
2025-07-09 22:45:00,0.6542,0.65425,0.65398,0.65407,236,0,0
2025-07-09 23:00:00,0.65407,0.6541,0.65371,0.65375,208,0,0
2025-07-09 23:15:00,0.65375,0.65377,0.65331,0.65346,181,0,0
2025-07-09 23:30:00,0.65346,0.65346,0.65322,0.65342,123,0,0
2025-07-09 23:45:00,0.65342,0.65357,0.65341,0.65344,163,5,0
2025-07-10 00:00:00,0.65347,0.6535,0.6528,0.65292,28,10,0
2025-07-10 00:15:00,0.65292,0.65329,0.65252,0.65317,187,57,0
2025-07-10 00:30:00,0.65317,0.65331,0.65315,0.65319,83,66,0
2025-07-10 00:45:00,0.65319,0.65332,0.65319,0.65331,74,64,0
2025-07-10 01:00:00,0.65331,0.65388,0.65331,0.65374,176,0,0
2025-07-10 01:15:00,0.65374,0.65385,0.65367,0.65378,80,0,0
2025-07-10 01:30:00,0.65378,0.65385,0.65373,0.65382,87,0,0
2025-07-10 01:45:00,0.65382,0.65387,0.65371,0.65375,110,0,0
2025-07-10 02:00:00,0.65375,0.65382,0.65352,0.65352,128,0,0
2025-07-10 02:15:00,0.65352,0.65378,0.65352,0.65373,111,0,0
2025-07-10 02:30:00,0.65373,0.65373,0.65356,0.65364,107,0,0
2025-07-10 02:45:00,0.65364,0.65373,0.65353,0.65359,200,0,0
2025-07-10 03:00:00,0.65359,0.65429,0.65335,0.65414,763,0,0
2025-07-10 03:15:00,0.65414,0.65459,0.65411,0.65446,624,0,0
2025-07-10 03:30:00,0.65446,0.65486,0.65443,0.65463,815,0,0
2025-07-10 03:45:00,0.65463,0.65486,0.65436,0.65437,615,0,0
2025-07-10 04:00:00,0.65437,0.65441,0.65393,0.65393,589,0,0
2025-07-10 04:15:00,0.65393,0.65426,0.65388,0.65415,443,0,0
2025-07-10 04:30:00,0.65415,0.65464,0.65404,0.65429,495,0,0
2025-07-10 04:45:00,0.65429,0.65447,0.65412,0.65433,472,0,0
2025-07-10 05:00:00,0.65433,0.65502,0.65433,0.65486,481,0,0
2025-07-10 05:15:00,0.65485,0.65491,0.65463,0.6548,416,0,0
2025-07-10 05:30:00,0.6548,0.65509,0.65479,0.65485,304,0,0
2025-07-10 05:45:00,0.65485,0.65509,0.65469,0.65506,274,0,0
2025-07-10 06:00:00,0.65506,0.65506,0.65473,0.65491,352,0,0
2025-07-10 06:15:00,0.65491,0.65514,0.65482,0.65493,282,0,0
2025-07-10 06:30:00,0.65493,0.65495,0.65464,0.65468,338,0,0
2025-07-10 06:45:00,0.65468,0.65484,0.65442,0.65442,255,0,0
2025-07-10 07:00:00,0.65442,0.65442,0.6541,0.65417,268,0,0
2025-07-10 07:15:00,0.65417,0.65431,0.6539,0.65396,220,0,0
2025-07-10 07:30:00,0.65396,0.65445,0.6538,0.65444,182,0,0
2025-07-10 07:45:00,0.65444,0.65458,0.65431,0.65449,250,0,0
2025-07-10 08:00:00,0.65449,0.65481,0.65432,0.6545,427,0,0
2025-07-10 08:15:00,0.6545,0.65461,0.65429,0.65453,288,0,0
2025-07-10 08:30:00,0.65453,0.65494,0.6545,0.65475,290,0,0
2025-07-10 08:45:00,0.65475,0.65498,0.65457,0.65486,330,0,0
2025-07-10 09:00:00,0.65486,0.65532,0.65484,0.65521,525,0,0
2025-07-10 09:15:00,0.65521,0.65567,0.6552,0.6556,442,0,0
2025-07-10 09:30:00,0.6556,0.65571,0.65521,0.65539,468,0,0
2025-07-10 09:45:00,0.6554,0.6557,0.65528,0.65565,454,0,0
2025-07-10 10:00:00,0.65567,0.65598,0.65566,0.65583,578,0,0
2025-07-10 10:15:00,0.65583,0.6563,0.65563,0.65586,576,0,0
2025-07-10 10:30:00,0.65586,0.65598,0.6553,0.65532,608,0,0
2025-07-10 10:45:00,0.65532,0.65556,0.6553,0.65553,480,0,0
2025-07-10 11:00:00,0.65553,0.65563,0.65547,0.65552,396,0,0
2025-07-10 11:15:00,0.65551,0.65569,0.65546,0.65552,370,0,0
2025-07-10 11:30:00,0.65552,0.65559,0.65537,0.65544,337,0,0
2025-07-10 11:45:00,0.65544,0.65572,0.65539,0.65569,264,0,0
2025-07-10 12:00:00,0.65569,0.65611,0.65568,0.65606,332,0,0
2025-07-10 12:15:00,0.65606,0.65641,0.65604,0.65616,287,0,0
2025-07-10 12:30:00,0.65618,0.65632,0.65602,0.65627,320,0,0
2025-07-10 12:45:00,0.65627,0.65638,0.65592,0.65598,342,0,0
2025-07-10 13:00:00,0.65598,0.65609,0.65583,0.65598,389,0,0
2025-07-10 13:15:00,0.65598,0.65636,0.6559,0.65636,268,0,0
2025-07-10 13:30:00,0.65636,0.65646,0.65624,0.6564,211,0,0
2025-07-10 13:45:00,0.6564,0.65658,0.65639,0.65649,382,0,0
2025-07-10 14:00:00,0.65648,0.65657,0.65593,0.656,468,0,0
2025-07-10 14:15:00,0.656,0.65633,0.65599,0.65615,282,0,0
2025-07-10 14:30:00,0.65615,0.65618,0.65583,0.65588,385,0,0
2025-07-10 14:45:00,0.65588,0.65589,0.65494,0.65515,511,0,0
2025-07-10 15:00:00,0.65515,0.65551,0.65504,0.65544,640,0,0
2025-07-10 15:15:00,0.65544,0.65547,0.6551,0.65531,673,0,0
2025-07-10 15:30:00,0.65524,0.65537,0.65457,0.65461,1030,0,0
2025-07-10 15:45:00,0.65461,0.65517,0.65444,0.65511,776,0,0
2025-07-10 16:00:00,0.65511,0.65558,0.65503,0.65528,831,0,0
2025-07-10 16:15:00,0.65528,0.65545,0.65481,0.65491,789,0,0
2025-07-10 16:30:00,0.65491,0.65522,0.65445,0.65489,914,0,0
2025-07-10 16:45:00,0.6549,0.6549,0.65419,0.65455,934,0,0
2025-07-10 17:00:00,0.65454,0.65521,0.6543,0.65501,1183,0,0
2025-07-10 17:15:00,0.65501,0.65552,0.65423,0.65453,1371,0,0
2025-07-10 17:30:00,0.65454,0.6553,0.65446,0.65515,1070,0,0
2025-07-10 17:45:00,0.65515,0.65582,0.6551,0.65581,1076,0,0
2025-07-10 18:00:00,0.65581,0.6565,0.65574,0.65624,996,0,0
2025-07-10 18:15:00,0.65624,0.65646,0.65607,0.65636,736,0,0
2025-07-10 18:30:00,0.65636,0.65683,0.65629,0.65679,716,0,0
2025-07-10 18:45:00,0.65679,0.65717,0.65676,0.65706,617,0,0
2025-07-10 19:00:00,0.65706,0.65743,0.65692,0.65722,406,0,0
2025-07-10 19:15:00,0.65722,0.65766,0.65721,0.65752,386,0,0
2025-07-10 19:30:00,0.65752,0.65766,0.65717,0.6573,504,0,0
2025-07-10 19:45:00,0.6573,0.65739,0.65703,0.65735,405,0,0
2025-07-10 20:00:00,0.65735,0.65765,0.65724,0.65754,417,0,0
2025-07-10 20:15:00,0.65754,0.65766,0.65741,0.65746,357,0,0
2025-07-10 20:30:00,0.65746,0.65766,0.65736,0.65753,297,0,0
2025-07-10 20:45:00,0.65753,0.65782,0.65749,0.65758,327,0,0
2025-07-10 21:00:00,0.65758,0.65791,0.65755,0.65781,292,0,0
2025-07-10 21:15:00,0.65781,0.65823,0.65778,0.65811,399,0,0
2025-07-10 21:30:00,0.65811,0.65819,0.65794,0.6581,337,0,0
2025-07-10 21:45:00,0.6581,0.65846,0.65808,0.65835,403,0,0
2025-07-10 22:00:00,0.65835,0.65865,0.6583,0.6586,215,0,0
2025-07-10 22:15:00,0.6586,0.65886,0.65848,0.65878,230,0,0
2025-07-10 22:30:00,0.65878,0.65898,0.65878,0.65898,270,0,0
2025-07-10 22:45:00,0.65898,0.659,0.65873,0.65893,362,0,0
2025-07-10 23:00:00,0.65892,0.65908,0.65879,0.65879,138,0,0
2025-07-10 23:15:00,0.65879,0.65901,0.65871,0.65901,147,0,0
2025-07-10 23:30:00,0.65901,0.6591,0.65895,0.65895,120,0,0
2025-07-10 23:45:00,0.65895,0.65913,0.65883,0.65888,183,5,0
2025-07-11 00:00:00,0.65869,0.65869,0.65618,0.65823,57,22,0
2025-07-11 00:15:00,0.65823,0.65823,0.65798,0.65805,27,57,0
2025-07-11 00:30:00,0.65805,0.6584,0.65804,0.65816,183,38,0
2025-07-11 00:45:00,0.65816,0.65823,0.65814,0.65823,33,49,0
2025-07-11 01:00:00,0.65823,0.65914,0.65816,0.65914,206,0,0
2025-07-11 01:15:00,0.65914,0.65932,0.65913,0.65923,101,0,0
2025-07-11 01:30:00,0.65923,0.65942,0.65919,0.65942,85,0,0
2025-07-11 01:45:00,0.65942,0.65944,0.65928,0.65933,90,0,0
2025-07-11 02:00:00,0.65933,0.65944,0.65923,0.65934,132,0,0
2025-07-11 02:15:00,0.65934,0.65941,0.65914,0.65935,176,0,0
2025-07-11 02:30:00,0.65935,0.65935,0.65918,0.65918,135,0,0
2025-07-11 02:45:00,0.65918,0.65951,0.65916,0.65932,216,0,0
2025-07-11 03:00:00,0.65932,0.65936,0.65834,0.65838,812,0,0
2025-07-11 03:15:00,0.65838,0.6586,0.65587,0.65654,1863,0,0
2025-07-11 03:30:00,0.65654,0.65711,0.65609,0.65653,1428,0,0
2025-07-11 03:45:00,0.65653,0.65717,0.65562,0.65672,1657,0,0
2025-07-11 04:00:00,0.65671,0.65699,0.656,0.65676,1189,0,0
2025-07-11 04:15:00,0.65676,0.65842,0.65676,0.65824,1075,0,0
2025-07-11 04:30:00,0.65825,0.65946,0.65784,0.65911,1185,0,0
2025-07-11 04:45:00,0.65911,0.6592,0.65828,0.65844,921,0,0
2025-07-11 05:00:00,0.65844,0.65886,0.65843,0.65868,753,0,0
2025-07-11 05:15:00,0.65868,0.65885,0.65808,0.6581,813,0,0
2025-07-11 05:30:00,0.6581,0.65831,0.65784,0.65815,723,0,0
2025-07-11 05:45:00,0.65815,0.65815,0.65771,0.65774,396,0,0
2025-07-11 06:00:00,0.65774,0.65802,0.65758,0.658,512,0,0
2025-07-11 06:15:00,0.658,0.65861,0.65795,0.65855,619,0,0
2025-07-11 06:30:00,0.65855,0.65883,0.65845,0.65851,583,0,0
2025-07-11 06:45:00,0.65851,0.65876,0.65842,0.65855,415,0,0
2025-07-11 07:00:00,0.65855,0.65859,0.65814,0.65815,524,0,0
2025-07-11 07:15:00,0.65815,0.65816,0.6575,0.65755,708,0,0
2025-07-11 07:30:00,0.65755,0.65758,0.65724,0.65733,551,0,0
2025-07-11 07:45:00,0.65733,0.65767,0.65729,0.65763,484,0,0
2025-07-11 08:00:00,0.65763,0.65807,0.65763,0.65776,660,0,0
2025-07-11 08:15:00,0.65776,0.65823,0.65774,0.65807,595,0,0
2025-07-11 08:30:00,0.65807,0.65848,0.65803,0.65816,463,0,0
2025-07-11 08:45:00,0.65816,0.65843,0.65794,0.65795,451,0,0
2025-07-11 09:00:00,0.65795,0.6581,0.65754,0.65802,735,0,0
2025-07-11 09:15:00,0.65801,0.65851,0.65801,0.65834,638,0,0
2025-07-11 09:30:00,0.65834,0.65881,0.65821,0.65847,678,0,0
2025-07-11 09:45:00,0.65847,0.65879,0.65832,0.65841,582,0,0
2025-07-11 10:00:00,0.65841,0.65876,0.65807,0.65808,862,0,0
2025-07-11 10:15:00,0.65809,0.65909,0.65806,0.65909,761,0,0
2025-07-11 10:30:00,0.65909,0.6591,0.65886,0.65892,489,0,0
2025-07-11 10:45:00,0.65892,0.65894,0.6584,0.65848,662,0,0
2025-07-11 11:00:00,0.65848,0.65852,0.65748,0.65779,640,0,0
2025-07-11 11:15:00,0.65779,0.6582,0.65775,0.65796,621,0,0
2025-07-11 11:30:00,0.65796,0.658,0.65773,0.65775,610,0,0
2025-07-11 11:45:00,0.65775,0.65787,0.65706,0.65724,699,0,0
2025-07-11 12:00:00,0.65724,0.6577,0.65722,0.6576,511,0,0
2025-07-11 12:15:00,0.6576,0.65776,0.65719,0.65725,335,0,0
2025-07-11 12:30:00,0.65725,0.65803,0.65714,0.65794,590,0,0
2025-07-11 12:45:00,0.65794,0.65796,0.6575,0.65768,523,0,0
2025-07-11 13:00:00,0.65768,0.65849,0.6576,0.65842,474,0,0
2025-07-11 13:15:00,0.65842,0.65862,0.6584,0.65857,479,0,0
2025-07-11 13:30:00,0.65858,0.65875,0.65845,0.65866,412,0,0
2025-07-11 13:45:00,0.65866,0.65893,0.65844,0.65868,521,0,0
2025-07-11 14:00:00,0.65868,0.65903,0.65848,0.6589,640,0,0
2025-07-11 14:15:00,0.6589,0.65904,0.65842,0.65849,473,0,0
2025-07-11 14:30:00,0.65849,0.65876,0.65843,0.65861,370,0,0
2025-07-11 14:45:00,0.65861,0.65869,0.65791,0.65795,401,0,0
2025-07-11 15:00:00,0.65795,0.65796,0.657,0.65723,683,0,0
2025-07-11 15:15:00,0.65723,0.65785,0.65709,0.65784,717,0,0
2025-07-11 15:30:00,0.65784,0.65871,0.65772,0.65807,1147,0,0
2025-07-11 15:45:00,0.65807,0.65833,0.65778,0.65795,961,0,0
2025-07-11 16:00:00,0.65794,0.65817,0.65745,0.65757,971,0,0
2025-07-11 16:15:00,0.65757,0.65863,0.65743,0.65861,898,0,0
2025-07-11 16:30:00,0.65861,0.65903,0.65818,0.65847,1348,0,0
2025-07-11 16:45:00,0.65846,0.65846,0.65745,0.65745,1198,0,0
2025-07-11 17:00:00,0.65745,0.65766,0.65712,0.65762,1111,0,0
2025-07-11 17:15:00,0.65762,0.65823,0.65726,0.65806,1096,0,0
2025-07-11 17:30:00,0.65805,0.65833,0.65778,0.65795,1055,0,0
2025-07-11 17:45:00,0.65796,0.65796,0.65716,0.65739,997,0,0
2025-07-11 18:00:00,0.65739,0.65769,0.65728,0.65754,791,0,0
2025-07-11 18:15:00,0.65754,0.6578,0.65728,0.65736,697,0,0
2025-07-11 18:30:00,0.65736,0.65804,0.65735,0.65763,751,0,0
2025-07-11 18:45:00,0.65763,0.658,0.65758,0.65772,733,0,0
2025-07-11 19:00:00,0.65772,0.65785,0.657,0.65706,604,0,0
2025-07-11 19:15:00,0.65706,0.65751,0.65706,0.65739,480,0,0
2025-07-11 19:30:00,0.65739,0.65771,0.65727,0.65767,367,0,0
2025-07-11 19:45:00,0.65767,0.6581,0.65766,0.65792,515,0,0
2025-07-11 20:00:00,0.65792,0.65813,0.65789,0.65806,353,0,0
2025-07-11 20:15:00,0.65806,0.65816,0.65774,0.65801,397,0,0
2025-07-11 20:30:00,0.65801,0.6581,0.65779,0.65796,480,0,0
2025-07-11 20:45:00,0.65795,0.6581,0.65792,0.65804,280,0,0
2025-07-11 21:00:00,0.65805,0.65831,0.65796,0.65815,392,0,0
2025-07-11 21:15:00,0.65815,0.65835,0.65809,0.65819,513,0,0
2025-07-11 21:30:00,0.65819,0.65839,0.65814,0.65839,264,0,0
2025-07-11 21:45:00,0.65839,0.65845,0.65796,0.65802,471,0,0
2025-07-11 22:00:00,0.65802,0.65803,0.65769,0.65796,335,0,0
2025-07-11 22:15:00,0.65796,0.65814,0.6579,0.65798,227,0,0
2025-07-11 22:30:00,0.65798,0.658,0.65773,0.65774,221,0,0
2025-07-11 22:45:00,0.65774,0.65783,0.65754,0.65767,280,0,0
2025-07-11 23:00:00,0.65767,0.65779,0.65756,0.65761,206,0,0
2025-07-11 23:15:00,0.65761,0.65761,0.65724,0.65733,172,0,0
2025-07-11 23:30:00,0.65733,0.65751,0.65719,0.65751,330,0,0
2025-07-11 23:45:00,0.65751,0.65774,0.65678,0.65713,945,6,0
2025-07-14 00:00:00,0.65599,0.65609,0.65586,0.65609,34,62,0
2025-07-14 00:15:00,0.65609,0.65614,0.65601,0.6561,39,55,0
2025-07-14 00:30:00,0.6561,0.65614,0.6561,0.65614,33,47,0
2025-07-14 00:45:00,0.65614,0.65629,0.65614,0.65619,50,44,0
2025-07-14 01:00:00,0.65619,0.65741,0.65617,0.65703,607,0,0
2025-07-14 01:15:00,0.65704,0.65716,0.65677,0.65702,475,0,0
2025-07-14 01:30:00,0.65702,0.65713,0.65692,0.65697,180,0,0
2025-07-14 01:45:00,0.65697,0.65704,0.65667,0.65672,232,0,0
2025-07-14 02:00:00,0.65672,0.65699,0.65663,0.65694,229,0,0
2025-07-14 02:15:00,0.65694,0.65737,0.65692,0.65731,235,0,0
2025-07-14 02:30:00,0.65731,0.65757,0.65719,0.65747,241,0,0
2025-07-14 02:45:00,0.65747,0.65775,0.65742,0.65753,249,0,0
2025-07-14 03:00:00,0.65753,0.65831,0.65747,0.65831,784,0,0
2025-07-14 03:15:00,0.65831,0.65866,0.65824,0.65856,539,0,0
2025-07-14 03:30:00,0.65856,0.65877,0.65844,0.65863,623,0,0
2025-07-14 03:45:00,0.65863,0.65863,0.6578,0.65815,781,0,0
2025-07-14 04:00:00,0.65815,0.65839,0.65719,0.65726,774,0,0
2025-07-14 04:15:00,0.65725,0.65738,0.65645,0.65653,813,0,0
2025-07-14 04:30:00,0.65653,0.65694,0.65599,0.65688,788,0,0
2025-07-14 04:45:00,0.65689,0.65696,0.65638,0.65658,876,0,0
2025-07-14 05:00:00,0.65658,0.65664,0.65609,0.6566,725,0,0
2025-07-14 05:15:00,0.6566,0.65675,0.65628,0.6563,521,0,0
2025-07-14 05:30:00,0.6563,0.6563,0.65582,0.65602,442,0,0
2025-07-14 05:45:00,0.65601,0.65648,0.656,0.65629,385,0,0
2025-07-14 06:00:00,0.6563,0.65647,0.65616,0.65645,391,0,0
2025-07-14 06:15:00,0.65645,0.65665,0.65626,0.65641,388,0,0
2025-07-14 06:30:00,0.65641,0.65662,0.65633,0.65662,270,0,0
2025-07-14 06:45:00,0.65662,0.65709,0.6566,0.65684,469,0,0
2025-07-14 07:00:00,0.65684,0.65684,0.6562,0.65656,412,0,0
2025-07-14 07:15:00,0.65656,0.65661,0.65626,0.65653,344,0,0
2025-07-14 07:30:00,0.65653,0.65659,0.65623,0.65634,344,0,0
2025-07-14 07:45:00,0.65634,0.65669,0.65614,0.65618,335,0,0
2025-07-14 08:00:00,0.65618,0.65669,0.65582,0.65666,476,0,0
2025-07-14 08:15:00,0.65666,0.65666,0.65628,0.6565,343,0,0
2025-07-14 08:30:00,0.6565,0.65676,0.65627,0.65628,495,0,0
2025-07-14 08:45:00,0.65628,0.65628,0.65588,0.65608,513,0,0
2025-07-14 09:00:00,0.65608,0.65626,0.65583,0.65608,710,0,0
2025-07-14 09:15:00,0.65608,0.65624,0.65582,0.65613,517,0,0
2025-07-14 09:30:00,0.65613,0.65619,0.65566,0.6561,507,0,0
2025-07-14 09:45:00,0.6561,0.65648,0.65583,0.65601,495,0,0
2025-07-14 10:00:00,0.65601,0.65627,0.65553,0.65622,814,0,0
2025-07-14 10:15:00,0.65622,0.65639,0.65588,0.65635,502,0,0
2025-07-14 10:30:00,0.65639,0.65692,0.65629,0.65691,586,0,0
2025-07-14 10:45:00,0.65691,0.65752,0.65681,0.65724,710,0,0
2025-07-14 11:00:00,0.65724,0.65747,0.65714,0.65736,677,0,0
2025-07-14 11:15:00,0.65736,0.65747,0.65716,0.65725,522,0,0
2025-07-14 11:30:00,0.65725,0.65746,0.65698,0.65714,423,0,0
2025-07-14 11:45:00,0.65714,0.65715,0.65657,0.65659,304,0,0
2025-07-14 12:00:00,0.65659,0.65666,0.65623,0.65663,498,0,0
2025-07-14 12:15:00,0.65665,0.65688,0.6566,0.65675,416,0,0
2025-07-14 12:30:00,0.65675,0.65694,0.6566,0.65663,378,0,0
2025-07-14 12:45:00,0.65663,0.6569,0.65662,0.65687,437,0,0
2025-07-14 13:00:00,0.65685,0.65736,0.65682,0.65704,491,0,0
2025-07-14 13:15:00,0.65704,0.65721,0.65675,0.65713,275,0,0
2025-07-14 13:30:00,0.65713,0.65717,0.65675,0.6568,289,0,0
2025-07-14 13:45:00,0.6568,0.65685,0.65653,0.65683,428,0,0
2025-07-14 14:00:00,0.65683,0.65694,0.65675,0.65681,430,0,0
2025-07-14 14:15:00,0.65681,0.65708,0.65679,0.65701,268,0,0
2025-07-14 14:30:00,0.65701,0.65715,0.65659,0.65695,441,0,0
2025-07-14 14:45:00,0.65695,0.65696,0.65646,0.65661,499,0,0
2025-07-14 15:00:00,0.65661,0.65675,0.65641,0.65661,359,0,0
2025-07-14 15:15:00,0.65661,0.65701,0.65639,0.65645,400,0,0
2025-07-14 15:30:00,0.65645,0.65654,0.65576,0.65578,591,0,0
2025-07-14 15:45:00,0.65578,0.65588,0.65543,0.6558,411,0,0
2025-07-14 16:00:00,0.6558,0.65587,0.65539,0.65559,682,0,0
2025-07-14 16:15:00,0.65559,0.65588,0.65547,0.65575,354,0,0
2025-07-14 16:30:00,0.65575,0.65623,0.65549,0.65576,786,0,0
2025-07-14 16:45:00,0.65576,0.65635,0.65576,0.65619,651,0,0
2025-07-14 17:00:00,0.65619,0.65624,0.65569,0.65586,732,0,0
2025-07-14 17:15:00,0.65586,0.65622,0.65569,0.65585,667,0,0
2025-07-14 17:30:00,0.65585,0.6561,0.65548,0.6556,651,0,0
2025-07-14 17:45:00,0.65562,0.65587,0.6554,0.65549,746,0,0
2025-07-14 18:00:00,0.65549,0.65577,0.6553,0.65574,690,0,0
2025-07-14 18:15:00,0.65574,0.6559,0.65568,0.65586,416,0,0
2025-07-14 18:30:00,0.65586,0.65665,0.65571,0.65624,793,0,0
2025-07-14 18:45:00,0.65623,0.65625,0.65484,0.65486,962,0,0
2025-07-14 19:00:00,0.65486,0.65512,0.65451,0.65488,839,0,0
2025-07-14 19:15:00,0.65488,0.6549,0.65457,0.6548,482,0,0
2025-07-14 19:30:00,0.6548,0.65489,0.65463,0.65476,498,0,0
2025-07-14 19:45:00,0.65476,0.65496,0.65471,0.65474,416,0,0
2025-07-14 20:00:00,0.65474,0.65506,0.65466,0.65485,358,0,0
2025-07-14 20:15:00,0.65486,0.65493,0.6547,0.65493,268,0,0
2025-07-14 20:30:00,0.65493,0.65496,0.65453,0.65455,174,0,0
2025-07-14 20:45:00,0.65455,0.65466,0.65442,0.65455,304,0,0
2025-07-14 21:00:00,0.65455,0.65478,0.65455,0.65465,281,0,0
2025-07-14 21:15:00,0.65465,0.65476,0.65463,0.65471,145,0,0
2025-07-14 21:30:00,0.65471,0.65497,0.65469,0.65495,209,0,0
2025-07-14 21:45:00,0.65495,0.65496,0.65469,0.65482,218,0,0
2025-07-14 22:00:00,0.65482,0.65503,0.65474,0.65474,184,0,0
2025-07-14 22:15:00,0.65474,0.65475,0.65445,0.65472,195,0,0
2025-07-14 22:30:00,0.65472,0.65475,0.65449,0.6545,157,0,0
2025-07-14 22:45:00,0.6545,0.6548,0.65444,0.65471,188,0,0
2025-07-14 23:00:00,0.65472,0.65479,0.65463,0.6547,112,0,0
2025-07-14 23:15:00,0.6547,0.6547,0.65454,0.6546,68,0,0
2025-07-14 23:30:00,0.6546,0.65461,0.65436,0.65444,119,0,0
2025-07-14 23:45:00,0.65444,0.65453,0.65426,0.6545,206,5,0
2025-07-15 00:00:00,0.6544,0.65454,0.6538,0.65454,29,16,0
2025-07-15 00:15:00,0.65454,0.65476,0.65432,0.65451,81,52,0
2025-07-15 00:30:00,0.65451,0.65462,0.6544,0.65447,74,37,0
2025-07-15 00:45:00,0.65447,0.65461,0.65445,0.6546,91,32,0
2025-07-15 01:00:00,0.6546,0.65464,0.65438,0.65464,334,0,0
2025-07-15 01:15:00,0.65464,0.65468,0.65454,0.65455,132,0,0
2025-07-15 01:30:00,0.65455,0.6546,0.6545,0.65454,69,0,0
2025-07-15 01:45:00,0.65454,0.65458,0.65448,0.65448,60,0,0
2025-07-15 02:00:00,0.65448,0.65454,0.65423,0.65428,139,0,0
2025-07-15 02:15:00,0.65429,0.65433,0.65402,0.65408,109,0,0
2025-07-15 02:30:00,0.65408,0.65437,0.65396,0.65426,146,0,0
2025-07-15 02:45:00,0.65426,0.65454,0.65424,0.65438,176,0,0
2025-07-15 03:00:00,0.65438,0.65522,0.65433,0.65516,585,0,0
2025-07-15 03:15:00,0.65516,0.65535,0.65499,0.65521,427,0,0
2025-07-15 03:30:00,0.65521,0.65522,0.65493,0.65494,294,0,0
2025-07-15 03:45:00,0.65494,0.65498,0.65482,0.6549,431,0,0
2025-07-15 04:00:00,0.6549,0.6549,0.65415,0.65448,432,0,0
2025-07-15 04:15:00,0.65448,0.65471,0.65412,0.65418,470,0,0
2025-07-15 04:30:00,0.65418,0.65486,0.65394,0.65486,490,0,0
2025-07-15 04:45:00,0.65486,0.65547,0.6548,0.65506,945,0,0
2025-07-15 05:00:00,0.65505,0.65516,0.65461,0.65486,716,0,0
2025-07-15 05:15:00,0.65486,0.65505,0.65432,0.65497,651,0,0
2025-07-15 05:30:00,0.65497,0.6551,0.65468,0.65469,460,0,0
2025-07-15 05:45:00,0.65469,0.65469,0.65432,0.65441,408,0,0
2025-07-15 06:00:00,0.65441,0.65462,0.65418,0.65426,549,0,0
2025-07-15 06:15:00,0.65426,0.65476,0.65419,0.65469,478,0,0
2025-07-15 06:30:00,0.65467,0.65478,0.65454,0.6546,320,0,0
2025-07-15 06:45:00,0.6546,0.65481,0.65452,0.65466,296,0,0
2025-07-15 07:00:00,0.65466,0.65477,0.6546,0.65461,310,0,0
2025-07-15 07:15:00,0.65461,0.65479,0.65438,0.65454,371,0,0
2025-07-15 07:30:00,0.65454,0.65457,0.65407,0.65424,288,0,0
2025-07-15 07:45:00,0.65424,0.65443,0.65424,0.65441,277,0,0
2025-07-15 08:00:00,0.65441,0.65484,0.65423,0.65466,499,0,0
2025-07-15 08:15:00,0.65466,0.65502,0.65465,0.65494,392,0,0
2025-07-15 08:30:00,0.65494,0.65514,0.65484,0.65498,390,0,0
2025-07-15 08:45:00,0.65498,0.65564,0.65491,0.65545,506,0,0
2025-07-15 09:00:00,0.65545,0.65569,0.65517,0.65533,569,0,0
2025-07-15 09:15:00,0.65533,0.65548,0.655,0.65516,465,0,0
2025-07-15 09:30:00,0.65517,0.65561,0.65511,0.65534,489,0,0
2025-07-15 09:45:00,0.65534,0.65541,0.65492,0.6551,545,0,0
2025-07-15 10:00:00,0.6551,0.65513,0.65476,0.65501,606,0,0
2025-07-15 10:15:00,0.65501,0.65566,0.65496,0.65554,538,0,0
2025-07-15 10:30:00,0.65554,0.6562,0.65534,0.65605,594,0,0
2025-07-15 10:45:00,0.65605,0.65678,0.65604,0.65672,566,0,0
2025-07-15 11:00:00,0.65672,0.65716,0.65659,0.65707,701,0,0
2025-07-15 11:15:00,0.65707,0.65713,0.65669,0.65683,665,0,0
2025-07-15 11:30:00,0.65685,0.65699,0.65627,0.65629,678,0,0
2025-07-15 11:45:00,0.65629,0.65668,0.6562,0.65658,373,0,0
2025-07-15 12:00:00,0.65658,0.65686,0.65652,0.65679,412,0,0
2025-07-15 12:15:00,0.65679,0.6569,0.65636,0.65667,340,0,0
2025-07-15 12:30:00,0.65667,0.6571,0.65645,0.65661,571,0,0
2025-07-15 12:45:00,0.65661,0.65682,0.65637,0.65652,490,0,0
2025-07-15 13:00:00,0.65652,0.65698,0.6565,0.65675,404,0,0
2025-07-15 13:15:00,0.65675,0.65696,0.65665,0.65673,384,0,0
2025-07-15 13:30:00,0.65673,0.65687,0.65661,0.65677,260,0,0
2025-07-15 13:45:00,0.65677,0.65696,0.65666,0.65689,410,0,0
2025-07-15 14:00:00,0.65689,0.65707,0.6564,0.65654,396,0,0
2025-07-15 14:15:00,0.65654,0.65666,0.65616,0.65616,551,0,0
2025-07-15 14:30:00,0.65616,0.65635,0.65612,0.65618,462,0,0
2025-07-15 14:45:00,0.65618,0.65629,0.65601,0.6561,352,0,0
2025-07-15 15:00:00,0.6561,0.65624,0.65586,0.65621,494,0,0
2025-07-15 15:15:00,0.65621,0.65631,0.65598,0.65604,538,0,0
2025-07-15 15:30:00,0.65602,0.65756,0.65597,0.65651,2174,2,0
2025-07-15 15:45:00,0.65651,0.65749,0.65626,0.65714,1405,0,0
2025-07-15 16:00:00,0.65714,0.65732,0.65644,0.65709,1343,0,0
2025-07-15 16:15:00,0.65709,0.65715,0.65674,0.65708,904,0,0
2025-07-15 16:30:00,0.65707,0.65711,0.65471,0.65497,1932,0,0
2025-07-15 16:45:00,0.65497,0.65509,0.65411,0.65429,1570,0,0
2025-07-15 17:00:00,0.65429,0.65431,0.6528,0.65357,1846,0,0
2025-07-15 17:15:00,0.65356,0.65363,0.65292,0.65292,1479,0,0
2025-07-15 17:30:00,0.65292,0.65305,0.65234,0.65266,1223,0,0
2025-07-15 17:45:00,0.65266,0.65288,0.65161,0.65195,1160,0,0
2025-07-15 18:00:00,0.65195,0.65208,0.6514,0.65145,1131,0,0
2025-07-15 18:15:00,0.65147,0.65175,0.65128,0.65142,861,0,0
2025-07-15 18:30:00,0.65142,0.65154,0.65087,0.65144,792,0,0
2025-07-15 18:45:00,0.65144,0.65199,0.65126,0.65198,835,0,0
2025-07-15 19:00:00,0.65198,0.65218,0.65137,0.65141,589,0,0
2025-07-15 19:15:00,0.65141,0.65175,0.65115,0.65122,509,0,0
2025-07-15 19:30:00,0.6512,0.6513,0.65081,0.65108,703,0,0
2025-07-15 19:45:00,0.65109,0.65119,0.65079,0.65093,522,0,0
2025-07-15 20:00:00,0.65093,0.65115,0.65085,0.65107,423,0,0
2025-07-15 20:15:00,0.65107,0.65138,0.65085,0.65115,456,0,0
2025-07-15 20:30:00,0.65115,0.65147,0.65109,0.65127,327,0,0
2025-07-15 20:45:00,0.65127,0.65144,0.65119,0.65143,285,0,0
2025-07-15 21:00:00,0.65143,0.65179,0.65128,0.65174,311,0,0
2025-07-15 21:15:00,0.65174,0.65181,0.65155,0.65169,233,0,0
2025-07-15 21:30:00,0.6517,0.65195,0.65164,0.65192,214,0,0
2025-07-15 21:45:00,0.65192,0.65205,0.65166,0.65169,401,0,0
2025-07-15 22:00:00,0.65169,0.65176,0.65151,0.65159,380,0,0
2025-07-15 22:15:00,0.65158,0.65174,0.65147,0.65149,188,0,0
2025-07-15 22:30:00,0.65149,0.65175,0.65149,0.65162,176,0,0
2025-07-15 22:45:00,0.65162,0.6518,0.6514,0.65144,384,0,0
2025-07-15 23:00:00,0.65144,0.65145,0.65129,0.65129,104,0,0
2025-07-15 23:15:00,0.65129,0.65139,0.65122,0.65128,86,0,0
2025-07-15 23:30:00,0.65128,0.65134,0.65121,0.65129,106,0,0
2025-07-15 23:45:00,0.65129,0.6514,0.65123,0.65133,154,5,0
2025-07-16 00:00:00,0.65129,0.65129,0.65095,0.65128,20,18,0
2025-07-16 00:15:00,0.65128,0.65128,0.65089,0.65107,40,47,0
2025-07-16 00:30:00,0.65107,0.65108,0.65096,0.65108,26,67,0
2025-07-16 00:45:00,0.65108,0.65108,0.65103,0.65106,20,58,0
2025-07-16 01:00:00,0.65106,0.65147,0.65106,0.65131,138,0,0
2025-07-16 01:15:00,0.65131,0.65135,0.65118,0.65133,116,0,0
2025-07-16 01:30:00,0.65133,0.65143,0.6512,0.65136,166,0,0
2025-07-16 01:45:00,0.65136,0.6514,0.65124,0.65137,170,0,0
2025-07-16 02:00:00,0.65137,0.65151,0.6513,0.65139,132,0,0
2025-07-16 02:15:00,0.65139,0.65177,0.65139,0.6517,179,0,0
2025-07-16 02:30:00,0.6517,0.65216,0.65169,0.6521,217,0,0
2025-07-16 02:45:00,0.6521,0.65223,0.65181,0.65186,232,0,0
2025-07-16 03:00:00,0.65186,0.65219,0.65159,0.65171,724,0,0
2025-07-16 03:15:00,0.65171,0.65221,0.65162,0.65215,408,0,0
2025-07-16 03:30:00,0.65215,0.65317,0.65193,0.65302,662,0,0
2025-07-16 03:45:00,0.65303,0.65343,0.65264,0.65267,741,0,0
2025-07-16 04:00:00,0.65269,0.65308,0.65253,0.65301,659,0,0
2025-07-16 04:15:00,0.65301,0.65324,0.6528,0.65288,642,0,0
2025-07-16 04:30:00,0.65288,0.65313,0.65257,0.65275,617,0,0
2025-07-16 04:45:00,0.65275,0.65304,0.65257,0.65286,458,0,0
2025-07-16 05:00:00,0.65286,0.65286,0.65206,0.65223,568,0,0
2025-07-16 05:15:00,0.65223,0.65252,0.65214,0.6522,438,0,0
2025-07-16 05:30:00,0.6522,0.65224,0.65177,0.65192,477,0,0
2025-07-16 05:45:00,0.65192,0.6522,0.65186,0.6522,240,0,0
2025-07-16 06:00:00,0.65219,0.65259,0.65216,0.65256,315,0,0
2025-07-16 06:15:00,0.65256,0.65285,0.65253,0.65263,355,0,0
2025-07-16 06:30:00,0.65263,0.6528,0.65227,0.65228,279,0,0
2025-07-16 06:45:00,0.65228,0.65237,0.65211,0.65228,384,0,0
2025-07-16 07:00:00,0.65228,0.65256,0.65225,0.65235,365,0,0
2025-07-16 07:15:00,0.65235,0.65245,0.65229,0.65243,276,0,0
2025-07-16 07:30:00,0.65243,0.65257,0.65208,0.6521,344,0,0
2025-07-16 07:45:00,0.6521,0.65268,0.6521,0.65263,243,0,0
2025-07-16 08:00:00,0.65263,0.65277,0.65244,0.65254,423,0,0
2025-07-16 08:15:00,0.65254,0.65279,0.65243,0.65249,299,0,0
2025-07-16 08:30:00,0.65249,0.65264,0.65236,0.65261,365,0,0
2025-07-16 08:45:00,0.65261,0.65285,0.65244,0.65259,423,0,0
2025-07-16 09:00:00,0.65259,0.65296,0.65245,0.6525,894,0,0
2025-07-16 09:15:00,0.6525,0.65286,0.65242,0.65255,567,0,0
2025-07-16 09:30:00,0.65255,0.65286,0.65236,0.65253,634,0,0
2025-07-16 09:45:00,0.65253,0.65274,0.65208,0.65271,569,0,0
2025-07-16 10:00:00,0.65271,0.65296,0.65238,0.65244,698,0,0
2025-07-16 10:15:00,0.65244,0.65283,0.65237,0.65255,501,0,0
2025-07-16 10:30:00,0.65255,0.65263,0.65207,0.65219,433,0,0
2025-07-16 10:45:00,0.65219,0.65255,0.6521,0.65255,635,0,0
2025-07-16 11:00:00,0.65254,0.65286,0.65223,0.65265,627,0,0
2025-07-16 11:15:00,0.65265,0.65271,0.65244,0.65255,423,0,0
2025-07-16 11:30:00,0.65255,0.65255,0.65197,0.65225,580,0,0
2025-07-16 11:45:00,0.65225,0.65227,0.65199,0.65216,513,0,0
2025-07-16 12:00:00,0.65218,0.65218,0.65167,0.65175,611,0,0
2025-07-16 12:15:00,0.65175,0.65205,0.65169,0.65179,544,0,0
2025-07-16 12:30:00,0.65178,0.65192,0.65158,0.65175,452,0,0
2025-07-16 12:45:00,0.65175,0.65226,0.65174,0.65226,568,0,0
2025-07-16 13:00:00,0.65226,0.6523,0.65196,0.65205,330,0,0
2025-07-16 13:15:00,0.65207,0.6522,0.65194,0.652,286,0,0
2025-07-16 13:30:00,0.652,0.65242,0.652,0.65233,352,0,0
2025-07-16 13:45:00,0.65233,0.65246,0.65222,0.65222,297,0,0
2025-07-16 14:00:00,0.65222,0.65249,0.65193,0.65199,418,0,0
2025-07-16 14:15:00,0.65199,0.65216,0.65186,0.65189,312,0,0
2025-07-16 14:30:00,0.65189,0.65204,0.65178,0.65195,424,0,0
2025-07-16 14:45:00,0.65195,0.65219,0.65184,0.65199,460,0,0
2025-07-16 15:00:00,0.65199,0.65216,0.65183,0.65183,523,0,0
2025-07-16 15:15:00,0.65183,0.65199,0.65147,0.65153,546,0,0
2025-07-16 15:30:00,0.65153,0.65284,0.65153,0.65264,1576,0,0
2025-07-16 15:45:00,0.65264,0.65265,0.65158,0.65181,855,0,0
2025-07-16 16:00:00,0.65181,0.65215,0.65157,0.6518,780,0,0
2025-07-16 16:15:00,0.65181,0.65202,0.65153,0.6516,721,0,0
2025-07-16 16:30:00,0.65159,0.65162,0.6508,0.65083,1064,0,0
2025-07-16 16:45:00,0.65083,0.65086,0.64965,0.65005,1142,0,0
2025-07-16 17:00:00,0.65005,0.65041,0.64981,0.64987,832,0,0
2025-07-16 17:15:00,0.64987,0.6503,0.64964,0.6503,646,0,0
2025-07-16 17:30:00,0.65029,0.6503,0.64954,0.64985,596,0,0
2025-07-16 17:45:00,0.64985,0.65145,0.64979,0.65069,1612,0,0
2025-07-16 18:00:00,0.65069,0.6523,0.65064,0.65215,1819,0,0
2025-07-16 18:15:00,0.65215,0.65439,0.65204,0.65419,3071,0,0
2025-07-16 18:30:00,0.65418,0.65543,0.6539,0.65427,3205,0,0
2025-07-16 18:45:00,0.65427,0.65447,0.65122,0.65215,3273,0,0
2025-07-16 19:00:00,0.65213,0.65326,0.6513,0.65282,2557,0,0
2025-07-16 19:15:00,0.65279,0.65279,0.65189,0.65199,1384,0,0
2025-07-16 19:30:00,0.65199,0.65228,0.6517,0.65209,1189,0,0
2025-07-16 19:45:00,0.65209,0.6528,0.65188,0.65255,1096,0,0
2025-07-16 20:00:00,0.65254,0.65352,0.65254,0.65328,999,0,0
2025-07-16 20:15:00,0.65328,0.65341,0.653,0.65309,884,0,0
2025-07-16 20:30:00,0.65309,0.65342,0.65297,0.65311,470,0,0
2025-07-16 20:45:00,0.65311,0.65369,0.65239,0.65261,550,0,0
2025-07-16 21:00:00,0.65261,0.65274,0.65212,0.65235,463,0,0
2025-07-16 21:15:00,0.65235,0.65255,0.65216,0.65219,579,0,0
2025-07-16 21:30:00,0.65219,0.65254,0.65217,0.65224,496,0,0
2025-07-16 21:45:00,0.65224,0.65235,0.6519,0.65198,439,0,0
2025-07-16 22:00:00,0.65198,0.65219,0.65186,0.65214,412,0,0
2025-07-16 22:15:00,0.65214,0.65248,0.65194,0.65247,371,0,0
2025-07-16 22:30:00,0.65247,0.65266,0.65236,0.65261,279,0,0
2025-07-16 22:45:00,0.65261,0.65283,0.65255,0.6527,367,0,0
2025-07-16 23:00:00,0.6527,0.65296,0.65259,0.65292,211,0,0
2025-07-16 23:15:00,0.65292,0.65301,0.65282,0.65293,124,0,0
2025-07-16 23:30:00,0.65293,0.65294,0.65261,0.65272,121,0,0
2025-07-16 23:45:00,0.65272,0.6528,0.65255,0.6528,224,5,0
2025-07-17 00:00:00,0.6527,0.6527,0.65231,0.65259,21,18,0
2025-07-17 00:15:00,0.65259,0.65293,0.65157,0.65279,46,41,0
2025-07-17 00:30:00,0.65279,0.65279,0.65249,0.65254,58,47,0
2025-07-17 00:45:00,0.65254,0.65259,0.65253,0.65254,61,37,0
2025-07-17 01:00:00,0.65254,0.65289,0.65251,0.65289,113,0,0
2025-07-17 01:15:00,0.65289,0.6529,0.65263,0.65271,194,0,0
2025-07-17 01:30:00,0.65271,0.65278,0.65256,0.65261,118,0,0
2025-07-17 01:45:00,0.65261,0.65265,0.65238,0.65242,95,0,0
2025-07-17 02:00:00,0.65242,0.65246,0.65229,0.65232,89,0,0
2025-07-17 02:15:00,0.65232,0.65249,0.65215,0.65245,106,0,0
2025-07-17 02:30:00,0.65245,0.65245,0.65224,0.65229,100,0,0
2025-07-17 02:45:00,0.65229,0.65261,0.65221,0.65227,229,0,0
2025-07-17 03:00:00,0.65227,0.65235,0.65165,0.65178,654,0,0
2025-07-17 03:15:00,0.65178,0.6519,0.65151,0.65189,471,0,0
2025-07-17 03:30:00,0.65189,0.6519,0.65102,0.65102,644,0,0
2025-07-17 03:45:00,0.65102,0.65142,0.65088,0.65141,641,0,0
2025-07-17 04:00:00,0.65141,0.65189,0.65128,0.65184,559,0,0
2025-07-17 04:15:00,0.65184,0.6521,0.65131,0.65131,581,0,0
2025-07-17 04:30:00,0.65138,0.65138,0.64902,0.64977,1448,0,0
2025-07-17 04:45:00,0.64977,0.65006,0.64951,0.64971,829,0,0
2025-07-17 05:00:00,0.64971,0.64972,0.6479,0.64827,997,0,0
2025-07-17 05:15:00,0.64827,0.64828,0.64775,0.64816,622,0,0
2025-07-17 05:30:00,0.64816,0.64817,0.6476,0.64774,549,0,0
2025-07-17 05:45:00,0.64774,0.64785,0.64752,0.64779,409,0,0
2025-07-17 06:00:00,0.64779,0.64784,0.64728,0.6478,540,0,0
2025-07-17 06:15:00,0.6478,0.64841,0.64774,0.64841,687,0,0
2025-07-17 06:30:00,0.64841,0.64865,0.64801,0.64864,473,0,0
2025-07-17 06:45:00,0.64864,0.64878,0.6484,0.64874,383,0,0
2025-07-17 07:00:00,0.64874,0.64875,0.64817,0.64841,349,0,0
2025-07-17 07:15:00,0.64841,0.64848,0.64825,0.64847,328,0,0
2025-07-17 07:30:00,0.64847,0.6488,0.64844,0.64869,279,0,0
2025-07-17 07:45:00,0.64869,0.64918,0.64869,0.64908,345,0,0
2025-07-17 08:00:00,0.64908,0.64927,0.64891,0.6492,598,0,0
2025-07-17 08:15:00,0.6492,0.64931,0.64899,0.64931,313,0,0
2025-07-17 08:30:00,0.64931,0.64954,0.64916,0.64952,457,0,0
2025-07-17 08:45:00,0.64952,0.64956,0.64884,0.64886,490,0,0
2025-07-17 09:00:00,0.64886,0.64892,0.64801,0.64804,968,0,0
2025-07-17 09:15:00,0.64804,0.64813,0.64712,0.64712,921,0,0
2025-07-17 09:30:00,0.64712,0.64752,0.64686,0.6469,799,0,0
2025-07-17 09:45:00,0.6469,0.64721,0.64665,0.64719,648,0,0
2025-07-17 10:00:00,0.64719,0.6472,0.64636,0.64679,849,0,0
2025-07-17 10:15:00,0.64679,0.64685,0.64617,0.64656,756,0,0
2025-07-17 10:30:00,0.64655,0.64664,0.6462,0.64646,700,0,0
2025-07-17 10:45:00,0.64646,0.64655,0.64618,0.64647,611,0,0
2025-07-17 11:00:00,0.64647,0.647,0.64631,0.64687,595,0,0
2025-07-17 11:15:00,0.64687,0.64733,0.64673,0.6473,577,0,0
2025-07-17 11:30:00,0.6473,0.64749,0.64707,0.64727,568,0,0
2025-07-17 11:45:00,0.64728,0.64736,0.64705,0.64726,615,0,0
2025-07-17 12:00:00,0.64726,0.64742,0.647,0.64723,533,0,0
2025-07-17 12:15:00,0.64723,0.64729,0.6469,0.64713,590,0,0
2025-07-17 12:30:00,0.64713,0.6474,0.64696,0.64701,397,0,0
2025-07-17 12:45:00,0.64701,0.64704,0.64652,0.64665,484,0,0
2025-07-17 13:00:00,0.64665,0.64677,0.64653,0.64659,416,0,0
2025-07-17 13:15:00,0.64659,0.647,0.64636,0.64694,431,0,0
2025-07-17 13:30:00,0.64694,0.64696,0.6466,0.64661,351,0,0
2025-07-17 13:45:00,0.64661,0.64666,0.64638,0.6465,496,0,0
2025-07-17 14:00:00,0.6465,0.64654,0.64611,0.64619,531,0,0
2025-07-17 14:15:00,0.64619,0.6462,0.64562,0.64568,321,0,0
2025-07-17 14:30:00,0.64568,0.64579,0.6455,0.64565,465,0,0
2025-07-17 14:45:00,0.64565,0.64589,0.6455,0.64579,536,0,0
2025-07-17 15:00:00,0.64579,0.64635,0.64576,0.64621,607,0,0
2025-07-17 15:15:00,0.64622,0.64636,0.64574,0.64578,525,0,0
2025-07-17 15:30:00,0.64567,0.64677,0.64545,0.64647,1619,0,0
2025-07-17 15:45:00,0.64647,0.6472,0.6464,0.6469,1007,0,0
2025-07-17 16:00:00,0.6469,0.64736,0.64682,0.64691,995,0,0
2025-07-17 16:15:00,0.64691,0.64697,0.64623,0.64648,767,0,0
2025-07-17 16:30:00,0.64648,0.6476,0.6463,0.64753,1002,0,0
2025-07-17 16:45:00,0.64753,0.64768,0.64708,0.64737,773,0,0
2025-07-17 17:00:00,0.64737,0.64769,0.64704,0.64725,857,0,0
2025-07-17 17:15:00,0.64725,0.64758,0.64721,0.64752,726,0,0
2025-07-17 17:30:00,0.64753,0.64761,0.64715,0.64741,596,0,0
2025-07-17 17:45:00,0.64742,0.64781,0.64723,0.64778,870,0,0
2025-07-17 18:00:00,0.64778,0.64835,0.6477,0.64821,756,0,0
2025-07-17 18:15:00,0.64821,0.64833,0.64791,0.64832,685,0,0
2025-07-17 18:30:00,0.64832,0.64875,0.64816,0.64852,650,0,0
2025-07-17 18:45:00,0.64852,0.6488,0.6483,0.64833,793,0,0
2025-07-17 19:00:00,0.64833,0.64886,0.64832,0.64871,512,0,0
2025-07-17 19:15:00,0.64871,0.64884,0.6485,0.64878,364,0,0
2025-07-17 19:30:00,0.64877,0.64881,0.64802,0.64816,579,0,0
2025-07-17 19:45:00,0.64817,0.64826,0.64792,0.64824,984,0,0
2025-07-17 20:00:00,0.64824,0.64861,0.64821,0.64855,494,0,0
2025-07-17 20:15:00,0.64855,0.64866,0.64837,0.64844,481,0,0
2025-07-17 20:30:00,0.64844,0.64859,0.64828,0.64841,546,0,0
2025-07-17 20:45:00,0.64841,0.64852,0.6483,0.64841,435,0,0
2025-07-17 21:00:00,0.64841,0.64867,0.64833,0.64857,294,0,0
2025-07-17 21:15:00,0.64857,0.64866,0.64834,0.64862,416,0,0
2025-07-17 21:30:00,0.64862,0.6488,0.64852,0.64866,382,0,0
2025-07-17 21:45:00,0.64866,0.64872,0.6485,0.64871,329,0,0
2025-07-17 22:00:00,0.64871,0.64898,0.64871,0.64895,237,0,0
2025-07-17 22:15:00,0.64895,0.64907,0.64894,0.64895,307,0,0
2025-07-17 22:30:00,0.64895,0.64915,0.64891,0.64901,218,0,0
2025-07-17 22:45:00,0.64901,0.64915,0.64894,0.64909,358,0,0
2025-07-17 23:00:00,0.64908,0.64921,0.64903,0.64921,199,0,0
2025-07-17 23:15:00,0.64921,0.64921,0.64888,0.64899,114,0,0
2025-07-17 23:30:00,0.64899,0.649,0.64886,0.64897,154,0,0
2025-07-17 23:45:00,0.64897,0.64898,0.64867,0.64873,92,5,0
2025-07-18 00:00:00,0.64876,0.64876,0.64789,0.64839,56,11,0
2025-07-18 00:15:00,0.64839,0.64848,0.64787,0.64825,138,53,0
2025-07-18 00:30:00,0.64825,0.64853,0.64804,0.6484,100,45,0
2025-07-18 00:45:00,0.6484,0.64851,0.64827,0.64846,88,30,0
2025-07-18 01:00:00,0.64846,0.64913,0.64843,0.64903,186,0,0
2025-07-18 01:15:00,0.64903,0.64917,0.64897,0.64917,124,0,0
2025-07-18 01:30:00,0.64917,0.6497,0.64906,0.64958,258,0,0
2025-07-18 01:45:00,0.64958,0.64971,0.64943,0.64963,172,0,0
2025-07-18 02:00:00,0.64963,0.64976,0.64959,0.64965,108,0,0
2025-07-18 02:15:00,0.64965,0.64982,0.64963,0.64981,74,0,0
2025-07-18 02:30:00,0.64981,0.64995,0.64975,0.64975,112,0,0
2025-07-18 02:45:00,0.64975,0.64986,0.64972,0.64978,181,0,0
2025-07-18 03:00:00,0.64978,0.65002,0.64968,0.6498,434,0,0
2025-07-18 03:15:00,0.6498,0.65028,0.64973,0.65023,301,0,0
2025-07-18 03:30:00,0.65023,0.65082,0.6501,0.65061,343,0,0
2025-07-18 03:45:00,0.65061,0.65088,0.65029,0.6506,537,0,0
2025-07-18 04:00:00,0.6506,0.65099,0.65051,0.65065,585,0,0
2025-07-18 04:15:00,0.65065,0.65076,0.6505,0.65052,393,0,0
2025-07-18 04:30:00,0.65052,0.65076,0.65036,0.65039,406,0,0
2025-07-18 04:45:00,0.65039,0.65081,0.65029,0.65033,454,0,0
2025-07-18 05:00:00,0.65033,0.65065,0.65007,0.65045,546,0,0
2025-07-18 05:15:00,0.65045,0.65082,0.65028,0.65082,352,0,0
2025-07-18 05:30:00,0.65082,0.65088,0.65062,0.65079,312,0,0
2025-07-18 05:45:00,0.6508,0.65106,0.65079,0.65095,354,0,0
2025-07-18 06:00:00,0.65095,0.65106,0.65083,0.65094,355,0,0
2025-07-18 06:15:00,0.65094,0.65098,0.65068,0.65079,277,0,0
2025-07-18 06:30:00,0.65079,0.65098,0.65057,0.65067,364,0,0
2025-07-18 06:45:00,0.65067,0.65077,0.65016,0.65027,366,0,0
2025-07-18 07:00:00,0.65027,0.65027,0.64985,0.64997,294,0,0
2025-07-18 07:15:00,0.64998,0.65028,0.6498,0.65022,301,0,0
2025-07-18 07:30:00,0.65022,0.65027,0.64994,0.64996,204,0,0
2025-07-18 07:45:00,0.64996,0.65021,0.64983,0.6499,197,0,0
2025-07-18 08:00:00,0.64989,0.65016,0.64978,0.65,295,0,0
2025-07-18 08:15:00,0.65,0.65014,0.64991,0.64995,307,0,0
2025-07-18 08:30:00,0.64995,0.65027,0.64976,0.65015,339,0,0
2025-07-18 08:45:00,0.65015,0.65031,0.65004,0.65021,273,0,0
2025-07-18 09:00:00,0.6502,0.65026,0.64979,0.65001,442,0,0
2025-07-18 09:15:00,0.65001,0.65031,0.64994,0.65024,382,0,0
2025-07-18 09:30:00,0.65024,0.65063,0.65024,0.65036,416,0,0
2025-07-18 09:45:00,0.65036,0.65093,0.65031,0.65076,515,0,0
2025-07-18 10:00:00,0.65076,0.65095,0.65052,0.65052,601,0,0
2025-07-18 10:15:00,0.65052,0.65087,0.65042,0.65059,540,0,0
2025-07-18 10:30:00,0.65059,0.65073,0.65047,0.65059,483,0,0
2025-07-18 10:45:00,0.65059,0.65122,0.65049,0.65121,516,0,0
2025-07-18 11:00:00,0.65121,0.65182,0.65121,0.65166,644,0,0
2025-07-18 11:15:00,0.65166,0.65188,0.65153,0.65182,481,0,0
2025-07-18 11:30:00,0.65182,0.65201,0.65174,0.65182,497,0,0
2025-07-18 11:45:00,0.6518,0.65201,0.65171,0.65183,386,0,0
2025-07-18 12:00:00,0.65184,0.65215,0.65179,0.65207,451,0,0
2025-07-18 12:15:00,0.65207,0.65217,0.65181,0.65198,422,0,0
2025-07-18 12:30:00,0.65198,0.65199,0.6517,0.65182,431,0,0
2025-07-18 12:45:00,0.65182,0.65201,0.65172,0.65196,296,0,0
2025-07-18 13:00:00,0.65196,0.65199,0.65167,0.65198,389,0,0
2025-07-18 13:15:00,0.65198,0.65213,0.65165,0.65178,321,0,0
2025-07-18 13:30:00,0.65178,0.65213,0.65177,0.6521,310,0,0
2025-07-18 13:45:00,0.6521,0.65236,0.65197,0.65228,383,0,0
2025-07-18 14:00:00,0.65228,0.65258,0.65223,0.65228,507,0,0
2025-07-18 14:15:00,0.65228,0.65236,0.65216,0.65223,377,0,0
2025-07-18 14:30:00,0.65223,0.65236,0.65218,0.65231,342,0,0
2025-07-18 14:45:00,0.65231,0.65238,0.65205,0.65226,540,0,0
2025-07-18 15:00:00,0.65226,0.65317,0.65219,0.65317,623,0,0
2025-07-18 15:15:00,0.65317,0.65324,0.6528,0.65295,611,0,0
2025-07-18 15:30:00,0.65294,0.65308,0.65262,0.65303,725,0,0
2025-07-18 15:45:00,0.65303,0.65323,0.6528,0.65321,628,0,0
2025-07-18 16:00:00,0.65321,0.65338,0.65292,0.65328,644,0,0
2025-07-18 16:15:00,0.65328,0.65403,0.65318,0.65373,691,0,0
2025-07-18 16:30:00,0.65373,0.65373,0.653,0.65327,769,0,0
2025-07-18 16:45:00,0.65327,0.65374,0.65306,0.65369,683,0,0
2025-07-18 17:00:00,0.65369,0.65407,0.65306,0.65313,899,0,0
2025-07-18 17:15:00,0.65313,0.65313,0.65244,0.65257,687,0,0
2025-07-18 17:30:00,0.65259,0.65292,0.65242,0.65245,790,0,0
2025-07-18 17:45:00,0.65245,0.65281,0.65237,0.65242,828,0,0
2025-07-18 18:00:00,0.65242,0.65278,0.65231,0.65237,685,0,0
2025-07-18 18:15:00,0.65237,0.65278,0.65235,0.65259,500,0,0
2025-07-18 18:30:00,0.65259,0.65282,0.65236,0.65249,487,0,0
2025-07-18 18:45:00,0.65249,0.6527,0.65238,0.6526,436,0,0
2025-07-18 19:00:00,0.6526,0.65274,0.65224,0.65224,432,0,0
2025-07-18 19:15:00,0.65224,0.65233,0.65145,0.6518,848,0,0
2025-07-18 19:30:00,0.65179,0.65214,0.65149,0.65179,701,0,0
2025-07-18 19:45:00,0.65179,0.6518,0.65115,0.65122,430,0,0
2025-07-18 20:00:00,0.65125,0.65132,0.65086,0.65092,567,0,0
2025-07-18 20:15:00,0.65092,0.651,0.65071,0.65081,382,0,0
2025-07-18 20:30:00,0.65081,0.65088,0.65051,0.6506,428,0,0
2025-07-18 20:45:00,0.6506,0.65102,0.6506,0.65097,364,0,0
2025-07-18 21:00:00,0.65097,0.65108,0.65073,0.65078,394,0,0
2025-07-18 21:15:00,0.65078,0.651,0.6507,0.65085,410,0,0
2025-07-18 21:30:00,0.65085,0.65091,0.65056,0.65063,370,0,0
2025-07-18 21:45:00,0.65063,0.65071,0.65047,0.65064,282,0,0
2025-07-18 22:00:00,0.65064,0.65071,0.65026,0.65038,238,0,0
2025-07-18 22:15:00,0.65038,0.65068,0.65037,0.65058,272,0,0
2025-07-18 22:30:00,0.65058,0.65067,0.6505,0.65062,235,0,0
2025-07-18 22:45:00,0.65062,0.65076,0.65054,0.65073,322,0,0
2025-07-18 23:00:00,0.65073,0.65079,0.65062,0.65074,153,0,0
2025-07-18 23:15:00,0.65074,0.65079,0.65065,0.65074,111,0,0
2025-07-18 23:30:00,0.65074,0.65074,0.65059,0.65061,72,0,0
2025-07-18 23:45:00,0.65061,0.65064,0.65017,0.65046,261,8,0
2025-07-21 00:00:00,0.65053,0.65138,0.65041,0.65138,38,122,0
2025-07-21 00:15:00,0.65138,0.65149,0.65045,0.65072,49,88,0
2025-07-21 00:30:00,0.65072,0.651,0.65065,0.651,123,89,0
2025-07-21 00:45:00,0.651,0.65118,0.65097,0.65108,77,67,0
2025-07-21 01:00:00,0.65108,0.65111,0.6507,0.65088,438,0,0
2025-07-21 01:15:00,0.65087,0.65104,0.6508,0.6509,302,0,0
2025-07-21 01:30:00,0.6509,0.65096,0.65052,0.65073,225,0,0
2025-07-21 01:45:00,0.65072,0.6508,0.65033,0.65077,429,0,0
2025-07-21 02:00:00,0.65077,0.651,0.65062,0.65094,252,0,0
2025-07-21 02:15:00,0.65094,0.65102,0.65084,0.6509,222,0,0
2025-07-21 02:30:00,0.6509,0.65102,0.65082,0.65099,239,0,0
2025-07-21 02:45:00,0.65099,0.65124,0.65093,0.65122,261,0,0
2025-07-21 03:00:00,0.65122,0.65145,0.65104,0.65144,529,0,0
2025-07-21 03:15:00,0.65144,0.65149,0.65093,0.65094,499,0,0
2025-07-21 03:30:00,0.65094,0.65094,0.6502,0.65035,534,0,0
2025-07-21 03:45:00,0.65035,0.65068,0.65034,0.65054,441,0,0
2025-07-21 04:00:00,0.65054,0.65114,0.65035,0.6511,517,0,0
2025-07-21 04:15:00,0.6511,0.65123,0.65082,0.65114,404,0,0
2025-07-21 04:30:00,0.65113,0.65114,0.65049,0.6505,470,0,0
2025-07-21 04:45:00,0.6505,0.65058,0.65014,0.65044,485,0,0
2025-07-21 05:00:00,0.65044,0.65056,0.65013,0.65047,451,0,0
2025-07-21 05:15:00,0.65047,0.65057,0.65025,0.65048,392,0,0
2025-07-21 05:30:00,0.65048,0.65056,0.65033,0.65033,383,0,0
2025-07-21 05:45:00,0.65033,0.65053,0.6498,0.65042,384,0,0
2025-07-21 06:00:00,0.65042,0.65067,0.6504,0.6505,421,0,0
2025-07-21 06:15:00,0.6505,0.65074,0.65048,0.6507,254,0,0
2025-07-21 06:30:00,0.6507,0.65082,0.65042,0.65081,249,0,0
2025-07-21 06:45:00,0.65079,0.65081,0.65045,0.65079,367,0,0
2025-07-21 07:00:00,0.65079,0.651,0.65072,0.65086,379,0,0
2025-07-21 07:15:00,0.65085,0.65094,0.65072,0.65089,278,0,0
2025-07-21 07:30:00,0.65089,0.65091,0.65074,0.65075,288,0,0
2025-07-21 07:45:00,0.65075,0.65097,0.65065,0.65086,344,0,0
2025-07-21 08:00:00,0.65086,0.6511,0.65073,0.65103,357,0,0
2025-07-21 08:15:00,0.65103,0.65123,0.6508,0.65122,295,0,0
2025-07-21 08:30:00,0.65122,0.6514,0.65108,0.65112,476,0,0
2025-07-21 08:45:00,0.65112,0.65143,0.65112,0.65131,436,0,0
2025-07-21 09:00:00,0.65131,0.65144,0.65121,0.65139,535,0,0
2025-07-21 09:15:00,0.65139,0.65159,0.65109,0.65158,543,0,0
2025-07-21 09:30:00,0.65158,0.65184,0.65141,0.65167,713,0,0
2025-07-21 09:45:00,0.65167,0.6519,0.65134,0.65162,539,0,0
2025-07-21 10:00:00,0.65162,0.65185,0.65138,0.65148,547,0,0
2025-07-21 10:15:00,0.65148,0.65149,0.65116,0.65121,513,0,0
2025-07-21 10:30:00,0.65121,0.65123,0.65095,0.65095,521,0,0
2025-07-21 10:45:00,0.65095,0.65096,0.65062,0.65089,650,0,0
2025-07-21 11:00:00,0.65089,0.6513,0.65083,0.6512,513,0,0
2025-07-21 11:15:00,0.6512,0.65122,0.6508,0.65109,376,0,0
2025-07-21 11:30:00,0.65109,0.65196,0.65104,0.65185,640,0,0
2025-07-21 11:45:00,0.65185,0.65196,0.65143,0.65169,551,0,0
2025-07-21 12:00:00,0.65169,0.65172,0.65135,0.65135,470,0,0
2025-07-21 12:15:00,0.65135,0.65137,0.65114,0.65131,350,0,0
2025-07-21 12:30:00,0.65131,0.6515,0.65108,0.65141,464,0,0
2025-07-21 12:45:00,0.65141,0.65145,0.65113,0.65116,387,0,0
2025-07-21 13:00:00,0.65117,0.65135,0.651,0.65101,465,0,0
2025-07-21 13:15:00,0.65101,0.65124,0.65087,0.65121,288,0,0
2025-07-21 13:30:00,0.65121,0.65124,0.65096,0.65109,341,0,0
2025-07-21 13:45:00,0.65109,0.65137,0.65109,0.65131,383,0,0
2025-07-21 14:00:00,0.65131,0.65196,0.65123,0.65195,565,0,0
2025-07-21 14:15:00,0.65195,0.65199,0.65159,0.65175,448,0,0
2025-07-21 14:30:00,0.65175,0.65212,0.65165,0.65209,437,0,0
2025-07-21 14:45:00,0.65209,0.65243,0.65209,0.65236,489,0,0
2025-07-21 15:00:00,0.65236,0.65265,0.65213,0.65243,460,0,0
2025-07-21 15:15:00,0.65243,0.65267,0.65223,0.65241,586,0,0
2025-07-21 15:30:00,0.65241,0.6528,0.65237,0.6525,567,0,0
2025-07-21 15:45:00,0.6525,0.65254,0.65223,0.65224,450,0,0
2025-07-21 16:00:00,0.65224,0.6523,0.65173,0.65184,477,0,0
2025-07-21 16:15:00,0.65184,0.65186,0.65153,0.65173,439,0,0
2025-07-21 16:30:00,0.65173,0.65194,0.65159,0.65174,749,0,0
2025-07-21 16:45:00,0.65174,0.6519,0.65161,0.65171,621,0,0
2025-07-21 17:00:00,0.65171,0.65281,0.6517,0.65255,795,0,0
2025-07-21 17:15:00,0.65255,0.65276,0.65233,0.65259,619,0,0
2025-07-21 17:30:00,0.65259,0.65312,0.65257,0.65266,797,0,0
2025-07-21 17:45:00,0.65266,0.65275,0.65222,0.65257,853,0,0
2025-07-21 18:00:00,0.65256,0.65312,0.65251,0.65309,682,0,0
2025-07-21 18:15:00,0.65309,0.65375,0.65299,0.65348,570,0,0
2025-07-21 18:30:00,0.65349,0.65359,0.65307,0.6531,515,0,0
2025-07-21 18:45:00,0.6531,0.65325,0.65287,0.65298,504,0,0
2025-07-21 19:00:00,0.65298,0.6533,0.65282,0.65314,546,0,0
2025-07-21 19:15:00,0.65314,0.65316,0.65288,0.65305,517,0,0
2025-07-21 19:30:00,0.65305,0.65322,0.65285,0.653,339,0,0
2025-07-21 19:45:00,0.653,0.65321,0.65295,0.65316,311,0,0
2025-07-21 20:00:00,0.65316,0.65324,0.65282,0.65287,350,0,0
2025-07-21 20:15:00,0.65287,0.65288,0.65255,0.65262,306,0,0
2025-07-21 20:30:00,0.65262,0.6528,0.65254,0.65273,258,0,0
2025-07-21 20:45:00,0.65273,0.65275,0.65255,0.65256,276,0,0
2025-07-21 21:00:00,0.65256,0.65275,0.65244,0.65255,324,0,0
2025-07-21 21:15:00,0.65255,0.65288,0.65255,0.65283,356,0,0
2025-07-21 21:30:00,0.65283,0.65283,0.65255,0.65255,294,0,0
2025-07-21 21:45:00,0.65255,0.65275,0.65239,0.65272,294,0,0
2025-07-21 22:00:00,0.65272,0.65278,0.65261,0.65276,388,0,0
2025-07-21 22:15:00,0.65276,0.65279,0.6525,0.65255,177,0,0
2025-07-21 22:30:00,0.65255,0.65264,0.65247,0.65249,199,0,0
2025-07-21 22:45:00,0.65249,0.65259,0.65226,0.6523,249,0,0
2025-07-21 23:00:00,0.6523,0.65245,0.6523,0.6524,91,0,0
2025-07-21 23:15:00,0.6524,0.65256,0.65234,0.65251,121,0,0
2025-07-21 23:30:00,0.65251,0.65255,0.65246,0.65246,74,0,0
2025-07-21 23:45:00,0.65246,0.6525,0.65227,0.6524,142,5,0
2025-07-22 00:00:00,0.65239,0.65239,0.65161,0.65217,24,20,0
2025-07-22 00:15:00,0.65217,0.65217,0.65161,0.65212,75,48,0
2025-07-22 00:30:00,0.65212,0.6522,0.65211,0.65211,40,50,0
2025-07-22 00:45:00,0.65211,0.65211,0.652,0.652,17,54,0
2025-07-22 01:00:00,0.652,0.65236,0.65197,0.65228,158,0,0
2025-07-22 01:15:00,0.65228,0.65233,0.65219,0.65222,109,0,0
2025-07-22 01:30:00,0.65222,0.65231,0.65214,0.65231,117,0,0
2025-07-22 01:45:00,0.65231,0.6524,0.65228,0.65238,99,0,0
2025-07-22 02:00:00,0.65238,0.65251,0.65232,0.6524,121,0,0
2025-07-22 02:15:00,0.6524,0.65249,0.65235,0.65242,133,0,0
2025-07-22 02:30:00,0.65242,0.65265,0.6524,0.6526,161,0,0
2025-07-22 02:45:00,0.6526,0.65305,0.65255,0.65274,271,0,0
2025-07-22 03:00:00,0.65274,0.65284,0.65244,0.65248,571,0,0
2025-07-22 03:15:00,0.65248,0.65251,0.65192,0.65216,397,0,0
2025-07-22 03:30:00,0.65216,0.65231,0.65199,0.6522,439,0,0
2025-07-22 03:45:00,0.6522,0.65232,0.65163,0.65182,480,0,0
2025-07-22 04:00:00,0.65182,0.65212,0.65176,0.65206,414,0,0
2025-07-22 04:15:00,0.65206,0.65225,0.65165,0.65178,409,0,0
2025-07-22 04:30:00,0.65179,0.65209,0.6515,0.65154,511,0,0
2025-07-22 04:45:00,0.65154,0.65177,0.65133,0.65167,492,0,0
2025-07-22 05:00:00,0.65167,0.65234,0.65165,0.65234,488,0,0
2025-07-22 05:15:00,0.65234,0.65263,0.65223,0.65225,434,0,0
2025-07-22 05:30:00,0.65225,0.65227,0.65203,0.65221,318,0,0
2025-07-22 05:45:00,0.65221,0.65253,0.65219,0.65241,301,0,0
2025-07-22 06:00:00,0.65241,0.65246,0.65222,0.65233,412,0,0
2025-07-22 06:15:00,0.65233,0.65242,0.65199,0.65206,410,0,0
2025-07-22 06:30:00,0.65206,0.65206,0.65171,0.65205,319,0,0
2025-07-22 06:45:00,0.65205,0.65208,0.65179,0.65197,478,0,0
2025-07-22 07:00:00,0.65197,0.65205,0.65165,0.65203,347,0,0
2025-07-22 07:15:00,0.65202,0.65231,0.65196,0.65218,417,0,0
2025-07-22 07:30:00,0.65218,0.65226,0.65194,0.65211,368,0,0
2025-07-22 07:45:00,0.65211,0.65215,0.6516,0.65171,341,0,0
2025-07-22 08:00:00,0.65171,0.65192,0.65149,0.65161,418,0,0
2025-07-22 08:15:00,0.65161,0.65162,0.65127,0.65138,450,0,0
2025-07-22 08:30:00,0.65138,0.65178,0.65138,0.6515,411,0,0
2025-07-22 08:45:00,0.6515,0.65152,0.65119,0.65141,400,0,0
2025-07-22 09:00:00,0.65141,0.65143,0.65111,0.6513,420,0,0
2025-07-22 09:15:00,0.6513,0.65164,0.65127,0.65143,450,0,0
2025-07-22 09:30:00,0.65143,0.65173,0.65126,0.65126,635,0,0
2025-07-22 09:45:00,0.65126,0.65137,0.65088,0.65108,577,0,0
2025-07-22 10:00:00,0.65108,0.65155,0.65106,0.65143,602,0,0
2025-07-22 10:15:00,0.65143,0.65154,0.65126,0.65147,420,0,0
2025-07-22 10:30:00,0.65147,0.65155,0.65129,0.65141,410,0,0
2025-07-22 10:45:00,0.65141,0.65142,0.65043,0.65057,737,0,0
2025-07-22 11:00:00,0.65057,0.65098,0.65045,0.65072,718,0,0
2025-07-22 11:15:00,0.65072,0.65104,0.65065,0.65088,468,0,0
2025-07-22 11:30:00,0.65088,0.65156,0.65087,0.65123,730,0,0
2025-07-22 11:45:00,0.65123,0.65133,0.65098,0.65108,619,0,0
2025-07-22 12:00:00,0.65108,0.65155,0.65107,0.65147,539,0,0
2025-07-22 12:15:00,0.65147,0.65154,0.65135,0.65136,300,0,0
2025-07-22 12:30:00,0.65136,0.65146,0.65126,0.6514,324,0,0
2025-07-22 12:45:00,0.6514,0.65185,0.6514,0.65179,483,0,0
2025-07-22 13:00:00,0.65179,0.65208,0.65174,0.65202,526,0,0
2025-07-22 13:15:00,0.65202,0.65206,0.65157,0.65161,439,0,0
2025-07-22 13:30:00,0.65161,0.65164,0.65135,0.65143,398,0,0
2025-07-22 13:45:00,0.65143,0.65146,0.65101,0.65108,491,0,0
2025-07-22 14:00:00,0.65108,0.6513,0.65103,0.65125,389,0,0
2025-07-22 14:15:00,0.65125,0.65143,0.65125,0.6513,323,0,0
2025-07-22 14:30:00,0.6513,0.65188,0.6513,0.65186,624,0,0
2025-07-22 14:45:00,0.65186,0.65207,0.65171,0.65193,654,0,0
2025-07-22 15:00:00,0.65193,0.65227,0.65191,0.65214,673,0,0
2025-07-22 15:15:00,0.65214,0.65227,0.65189,0.6521,503,0,0
2025-07-22 15:30:00,0.6521,0.65238,0.65201,0.65235,653,0,0
2025-07-22 15:45:00,0.65235,0.6529,0.65235,0.65263,892,0,0
2025-07-22 16:00:00,0.65263,0.65341,0.65261,0.65331,881,0,0
2025-07-22 16:15:00,0.65331,0.65375,0.65323,0.65359,765,0,0
2025-07-22 16:30:00,0.6536,0.65379,0.65312,0.65363,880,0,0
2025-07-22 16:45:00,0.65363,0.6537,0.65298,0.65303,1149,0,0
2025-07-22 17:00:00,0.65303,0.65309,0.65229,0.65282,1230,0,0
2025-07-22 17:15:00,0.65282,0.65313,0.65265,0.65309,968,0,0
2025-07-22 17:30:00,0.65309,0.65377,0.65304,0.65365,994,0,0
2025-07-22 17:45:00,0.65365,0.65475,0.65356,0.65459,1591,0,0
2025-07-22 18:00:00,0.65458,0.65482,0.65431,0.65474,1048,0,0
2025-07-22 18:15:00,0.65474,0.65481,0.65452,0.6546,723,0,0
2025-07-22 18:30:00,0.65459,0.65539,0.65443,0.65499,857,0,0
2025-07-22 18:45:00,0.65499,0.65559,0.65491,0.6555,776,0,0
2025-07-22 19:00:00,0.6555,0.65581,0.65533,0.65546,783,0,0
2025-07-22 19:15:00,0.65546,0.65565,0.65536,0.65557,707,0,0
2025-07-22 19:30:00,0.65558,0.65574,0.6552,0.65555,667,0,0
2025-07-22 19:45:00,0.65555,0.65555,0.65517,0.65527,554,0,0
2025-07-22 20:00:00,0.65527,0.65535,0.65495,0.65508,558,0,0
2025-07-22 20:15:00,0.65508,0.65538,0.65505,0.65508,433,0,0
2025-07-22 20:30:00,0.65508,0.65516,0.65487,0.65504,551,0,0
2025-07-22 20:45:00,0.65504,0.65518,0.65484,0.65491,396,0,0
2025-07-22 21:00:00,0.65491,0.65504,0.65474,0.65488,411,0,0
2025-07-22 21:15:00,0.65488,0.655,0.65469,0.65486,441,0,0
2025-07-22 21:30:00,0.65486,0.65518,0.65482,0.6551,387,0,0
2025-07-22 21:45:00,0.6551,0.65516,0.65502,0.65505,389,0,0
2025-07-22 22:00:00,0.65505,0.65519,0.65488,0.65516,246,0,0
2025-07-22 22:15:00,0.65516,0.65531,0.65511,0.65525,191,0,0
2025-07-22 22:30:00,0.65525,0.6553,0.65509,0.65526,204,0,0
2025-07-22 22:45:00,0.65526,0.65544,0.65524,0.65529,329,0,0
2025-07-22 23:00:00,0.65529,0.65536,0.65512,0.65517,153,0,0
2025-07-22 23:15:00,0.65517,0.65533,0.65517,0.6553,153,0,0
2025-07-22 23:30:00,0.6553,0.65545,0.65525,0.6554,154,0,0
2025-07-22 23:45:00,0.6554,0.65551,0.65529,0.65551,121,5,0
2025-07-23 00:00:00,0.65527,0.65527,0.65442,0.65509,42,46,0
2025-07-23 00:15:00,0.65509,0.65517,0.65495,0.65501,71,40,0
2025-07-23 00:30:00,0.65501,0.65521,0.65501,0.65512,70,33,0
2025-07-23 00:45:00,0.65512,0.65515,0.65429,0.65478,277,32,0
2025-07-23 01:00:00,0.65478,0.65536,0.65472,0.65512,138,0,0
2025-07-23 01:15:00,0.65512,0.65521,0.65504,0.65521,70,0,0
2025-07-23 01:30:00,0.65521,0.65522,0.65506,0.65519,165,0,0
2025-07-23 01:45:00,0.65519,0.65528,0.65509,0.65512,176,0,0
2025-07-23 02:00:00,0.65512,0.6558,0.65512,0.65576,244,0,0
2025-07-23 02:15:00,0.65576,0.65594,0.65529,0.6553,391,0,0
2025-07-23 02:30:00,0.65529,0.65545,0.65516,0.65525,306,0,0
2025-07-23 02:45:00,0.65525,0.65544,0.65512,0.6553,258,0,0
2025-07-23 03:00:00,0.6553,0.65551,0.65502,0.65525,809,0,0
2025-07-23 03:15:00,0.65525,0.65567,0.65514,0.65566,833,0,0
2025-07-23 03:30:00,0.65566,0.65577,0.65535,0.6556,575,0,0
2025-07-23 03:45:00,0.6556,0.6558,0.65556,0.6557,596,0,0
2025-07-23 04:00:00,0.6557,0.65592,0.6556,0.65586,643,0,0
2025-07-23 04:15:00,0.65586,0.65616,0.65573,0.6559,648,0,0
2025-07-23 04:30:00,0.65588,0.65621,0.65563,0.6558,649,0,0
2025-07-23 04:45:00,0.6558,0.65642,0.65545,0.65611,788,0,0
2025-07-23 05:00:00,0.65611,0.65643,0.6561,0.65616,511,0,0
2025-07-23 05:15:00,0.65616,0.65644,0.65594,0.65597,872,0,0
2025-07-23 05:30:00,0.65597,0.65612,0.65567,0.65574,660,0,0
2025-07-23 05:45:00,0.65574,0.65597,0.65539,0.6556,554,0,0
2025-07-23 06:00:00,0.65562,0.65609,0.65553,0.65608,436,0,0
2025-07-23 06:15:00,0.65608,0.65676,0.65608,0.65669,544,0,0
2025-07-23 06:30:00,0.65669,0.65687,0.65648,0.65648,647,0,0
2025-07-23 06:45:00,0.65648,0.65662,0.65613,0.6562,750,0,0
2025-07-23 07:00:00,0.6562,0.65656,0.65618,0.65643,415,0,0
2025-07-23 07:15:00,0.65643,0.65658,0.65619,0.65649,384,0,0
2025-07-23 07:30:00,0.65649,0.65672,0.65647,0.65669,314,0,0
2025-07-23 07:45:00,0.65669,0.65686,0.65661,0.65671,342,0,0
2025-07-23 08:00:00,0.65671,0.65681,0.65645,0.65651,410,0,0
2025-07-23 08:15:00,0.65651,0.65675,0.65646,0.65674,423,0,0
2025-07-23 08:30:00,0.65674,0.65699,0.65656,0.65658,713,0,0
2025-07-23 08:45:00,0.65658,0.65685,0.65648,0.65662,443,0,0
2025-07-23 09:00:00,0.65662,0.65695,0.65653,0.65658,687,0,0
2025-07-23 09:15:00,0.65658,0.65685,0.65632,0.65679,677,0,0
2025-07-23 09:30:00,0.65679,0.65691,0.65614,0.65669,933,0,0
2025-07-23 09:45:00,0.65669,0.65697,0.65659,0.65693,780,0,0
2025-07-23 10:00:00,0.65693,0.65758,0.6569,0.65755,793,0,0
2025-07-23 10:15:00,0.65755,0.65784,0.65748,0.65768,780,0,0
2025-07-23 10:30:00,0.65768,0.65802,0.65755,0.65763,592,0,0
2025-07-23 10:45:00,0.65763,0.65788,0.65743,0.65785,566,0,0
2025-07-23 11:00:00,0.65785,0.65812,0.65772,0.65807,650,0,0
2025-07-23 11:15:00,0.65807,0.65815,0.65791,0.65801,562,0,0
2025-07-23 11:30:00,0.65801,0.65843,0.65793,0.6584,696,0,0
2025-07-23 11:45:00,0.6584,0.65842,0.65807,0.65832,579,0,0
2025-07-23 12:00:00,0.65832,0.65863,0.65827,0.65844,697,0,0
2025-07-23 12:15:00,0.65844,0.65844,0.658,0.6582,666,0,0
2025-07-23 12:30:00,0.6582,0.65851,0.6582,0.6585,425,0,0
2025-07-23 12:45:00,0.6585,0.65876,0.65846,0.6587,382,0,0
2025-07-23 13:00:00,0.6587,0.65882,0.65855,0.65881,363,0,0
2025-07-23 13:15:00,0.65881,0.65947,0.6588,0.65938,521,0,0
2025-07-23 13:30:00,0.65937,0.65948,0.65915,0.65931,488,0,0
2025-07-23 13:45:00,0.65931,0.65937,0.65896,0.65901,497,0,0
2025-07-23 14:00:00,0.65902,0.65923,0.6588,0.65905,628,0,0
2025-07-23 14:15:00,0.65905,0.65934,0.659,0.65925,480,0,0
2025-07-23 14:30:00,0.65925,0.66007,0.65923,0.66006,561,0,0
2025-07-23 14:45:00,0.66006,0.66008,0.65975,0.65984,556,0,0
2025-07-23 15:00:00,0.65984,0.66009,0.65956,0.65966,638,0,0
2025-07-23 15:15:00,0.65966,0.65991,0.65939,0.65951,621,0,0
2025-07-23 15:30:00,0.65951,0.65957,0.65904,0.65921,545,0,0
2025-07-23 15:45:00,0.65921,0.6594,0.65872,0.65882,801,0,0
2025-07-23 16:00:00,0.65882,0.65913,0.65858,0.65908,1041,0,0
2025-07-23 16:15:00,0.65908,0.65932,0.65893,0.65893,611,0,0
2025-07-23 16:30:00,0.65893,0.65897,0.65832,0.65837,932,0,0
2025-07-23 16:45:00,0.65837,0.65871,0.65816,0.65861,839,0,0
2025-07-23 17:00:00,0.65862,0.65905,0.65848,0.65854,836,0,0
2025-07-23 17:15:00,0.65854,0.65856,0.65819,0.65842,648,0,0
2025-07-23 17:30:00,0.6584,0.65931,0.65819,0.65903,869,0,0
2025-07-23 17:45:00,0.65903,0.65911,0.65851,0.65874,776,0,0
2025-07-23 18:00:00,0.65874,0.65895,0.65841,0.6586,871,0,0
2025-07-23 18:15:00,0.6586,0.65892,0.65857,0.65858,608,0,0
2025-07-23 18:30:00,0.65858,0.65864,0.65793,0.65807,734,0,0
2025-07-23 18:45:00,0.65807,0.65929,0.65803,0.659,932,0,0
2025-07-23 19:00:00,0.659,0.65951,0.65868,0.6587,1594,0,0
2025-07-23 19:15:00,0.6587,0.65887,0.65817,0.65839,1004,0,0
2025-07-23 19:30:00,0.65839,0.65862,0.65799,0.65854,800,0,0
2025-07-23 19:45:00,0.65854,0.65855,0.65807,0.6583,584,0,0
2025-07-23 20:00:00,0.6583,0.65885,0.6583,0.65861,785,0,0
2025-07-23 20:15:00,0.65861,0.65886,0.65853,0.65857,561,0,0
2025-07-23 20:30:00,0.65857,0.65886,0.65837,0.65872,550,0,0
2025-07-23 20:45:00,0.65872,0.65893,0.65811,0.65885,846,0,0
2025-07-23 21:00:00,0.65885,0.65939,0.65884,0.65935,539,0,0
2025-07-23 21:15:00,0.65935,0.65976,0.65935,0.65975,490,0,0
2025-07-23 21:30:00,0.65975,0.65985,0.65963,0.65971,421,0,0
2025-07-23 21:45:00,0.65971,0.65985,0.65962,0.6598,397,0,0
2025-07-23 22:00:00,0.6598,0.66014,0.65976,0.66013,330,0,0
2025-07-23 22:15:00,0.66013,0.66017,0.65988,0.65989,309,0,0
2025-07-23 22:30:00,0.65989,0.65996,0.65982,0.65992,278,0,0
2025-07-23 22:45:00,0.65992,0.6601,0.65987,0.6601,248,0,0
2025-07-23 23:00:00,0.6601,0.6602,0.66003,0.66015,233,0,0
2025-07-23 23:15:00,0.66015,0.66018,0.66001,0.66016,137,0,0
2025-07-23 23:30:00,0.66016,0.66029,0.66009,0.66015,203,0,0
2025-07-23 23:45:00,0.66015,0.66027,0.66013,0.66025,202,5,0
2025-07-24 00:00:00,0.66014,0.66014,0.65983,0.65983,21,11,0
2025-07-24 00:15:00,0.65983,0.65987,0.65969,0.65971,27,42,0
2025-07-24 00:30:00,0.65971,0.65973,0.65962,0.65965,67,46,0
2025-07-24 00:45:00,0.65965,0.65973,0.65961,0.65964,65,35,0
2025-07-24 01:00:00,0.65964,0.66015,0.65964,0.66009,242,0,0
2025-07-24 01:15:00,0.66009,0.66024,0.66003,0.6602,143,0,0
2025-07-24 01:30:00,0.6602,0.66029,0.6601,0.66014,121,0,0
2025-07-24 01:45:00,0.66014,0.66022,0.66005,0.66009,148,0,0
2025-07-24 02:00:00,0.66009,0.66039,0.66009,0.66031,192,0,0
2025-07-24 02:15:00,0.66031,0.66049,0.66014,0.66034,179,0,0
2025-07-24 02:30:00,0.66034,0.6604,0.66014,0.66014,184,0,0
2025-07-24 02:45:00,0.66014,0.66024,0.65999,0.66016,248,0,0
2025-07-24 03:00:00,0.66016,0.66016,0.65965,0.65972,593,0,0
2025-07-24 03:15:00,0.65972,0.66019,0.65967,0.66018,504,0,0
2025-07-24 03:30:00,0.66018,0.66023,0.65974,0.6599,433,0,0
2025-07-24 03:45:00,0.6599,0.66011,0.65979,0.66007,651,0,0
2025-07-24 04:00:00,0.66007,0.66104,0.66006,0.66078,908,0,0
2025-07-24 04:15:00,0.66078,0.66105,0.66044,0.66099,696,0,0
2025-07-24 04:30:00,0.66099,0.66137,0.66079,0.66095,801,0,0
2025-07-24 04:45:00,0.66095,0.66099,0.66066,0.66081,617,0,0
2025-07-24 05:00:00,0.66081,0.66081,0.66034,0.66068,598,0,0
2025-07-24 05:15:00,0.66067,0.66115,0.66067,0.66089,523,0,0
2025-07-24 05:30:00,0.66089,0.66114,0.66056,0.66062,430,0,0
2025-07-24 05:45:00,0.66062,0.66107,0.6606,0.66106,492,0,0
2025-07-24 06:00:00,0.66106,0.6618,0.66084,0.66175,792,0,0
2025-07-24 06:15:00,0.66175,0.66178,0.66158,0.66162,417,0,0
2025-07-24 06:30:00,0.66162,0.66188,0.66145,0.66187,374,0,0
2025-07-24 06:45:00,0.66187,0.66196,0.66146,0.6615,488,0,0
2025-07-24 07:00:00,0.6615,0.66155,0.66109,0.66151,424,0,0
2025-07-24 07:15:00,0.66151,0.66171,0.66142,0.66164,431,0,0
2025-07-24 07:30:00,0.66164,0.66171,0.66157,0.66169,434,0,0
2025-07-24 07:45:00,0.66169,0.66193,0.66162,0.6619,423,0,0
2025-07-24 08:00:00,0.6619,0.66197,0.66171,0.66184,369,0,0
2025-07-24 08:15:00,0.66184,0.66222,0.66179,0.66192,441,0,0
2025-07-24 08:30:00,0.66192,0.66249,0.66192,0.66223,576,0,0
2025-07-24 08:45:00,0.66223,0.66246,0.66201,0.66207,538,0,0
2025-07-24 09:00:00,0.66207,0.66224,0.66151,0.66155,673,0,0
2025-07-24 09:15:00,0.66154,0.66179,0.66136,0.66149,668,0,0
2025-07-24 09:30:00,0.66149,0.66178,0.66127,0.66137,705,0,0
2025-07-24 09:45:00,0.66137,0.66138,0.66099,0.66114,644,0,0
2025-07-24 10:00:00,0.66114,0.66161,0.661,0.66159,654,0,0
2025-07-24 10:15:00,0.66159,0.66165,0.66133,0.66146,589,0,0
2025-07-24 10:30:00,0.66146,0.66151,0.66088,0.66129,552,0,0
2025-07-24 10:45:00,0.66129,0.66131,0.66093,0.66112,569,0,0
2025-07-24 11:00:00,0.66112,0.66144,0.66077,0.66094,671,0,0
2025-07-24 11:15:00,0.66094,0.66158,0.66094,0.66141,644,0,0
2025-07-24 11:30:00,0.66141,0.66193,0.66125,0.66192,691,0,0
2025-07-24 11:45:00,0.66192,0.66222,0.66188,0.66203,681,0,0
2025-07-24 12:00:00,0.66202,0.66202,0.66133,0.6617,715,0,0
2025-07-24 12:15:00,0.6617,0.66175,0.6615,0.66157,535,0,0
2025-07-24 12:30:00,0.66157,0.662,0.66151,0.66178,442,0,0
2025-07-24 12:45:00,0.66178,0.66184,0.66147,0.66172,513,0,0
2025-07-24 13:00:00,0.66172,0.66182,0.66132,0.66136,517,0,0
2025-07-24 13:15:00,0.66136,0.66138,0.66111,0.66114,463,0,0
2025-07-24 13:30:00,0.66114,0.66116,0.66058,0.66076,621,0,0
2025-07-24 13:45:00,0.66076,0.66086,0.66056,0.6608,455,0,0
2025-07-24 14:00:00,0.6608,0.66107,0.6607,0.66102,439,0,0
2025-07-24 14:15:00,0.66102,0.66119,0.66082,0.66113,433,0,0
2025-07-24 14:30:00,0.66113,0.66136,0.66102,0.66118,537,0,0
2025-07-24 14:45:00,0.66119,0.66158,0.66104,0.66156,796,0,0
2025-07-24 15:00:00,0.66156,0.66173,0.66143,0.66162,608,0,0
2025-07-24 15:15:00,0.66162,0.66197,0.66156,0.66175,656,0,0
2025-07-24 15:30:00,0.66169,0.66179,0.66086,0.66111,1048,0,0
2025-07-24 15:45:00,0.66111,0.66123,0.66043,0.66056,1024,0,0
2025-07-24 16:00:00,0.66056,0.66121,0.66038,0.66091,1280,0,0
2025-07-24 16:15:00,0.66091,0.66097,0.66033,0.66063,1122,0,0
2025-07-24 16:30:00,0.66063,0.66087,0.66023,0.66049,1136,0,0
2025-07-24 16:45:00,0.66049,0.66101,0.66023,0.66069,1163,0,0
2025-07-24 17:00:00,0.66068,0.66159,0.66065,0.66157,1068,0,0
2025-07-24 17:15:00,0.66157,0.66161,0.66077,0.66107,928,0,0
2025-07-24 17:30:00,0.66107,0.66151,0.66101,0.66142,763,0,0
2025-07-24 17:45:00,0.66142,0.66146,0.66038,0.66076,986,0,0
2025-07-24 18:00:00,0.66076,0.66082,0.6599,0.65999,1114,0,0
2025-07-24 18:15:00,0.65999,0.66072,0.65983,0.66066,885,0,0
2025-07-24 18:30:00,0.66066,0.6607,0.6599,0.65996,676,0,0
2025-07-24 18:45:00,0.65996,0.6602,0.65989,0.65995,518,0,0
2025-07-24 19:00:00,0.65995,0.6601,0.65961,0.65963,560,0,0
2025-07-24 19:15:00,0.65963,0.65979,0.65925,0.65948,591,0,0
2025-07-24 19:30:00,0.65948,0.65995,0.65948,0.6599,447,0,0
2025-07-24 19:45:00,0.6599,0.65998,0.65954,0.65965,506,0,0
2025-07-24 20:00:00,0.65966,0.66009,0.65958,0.66003,435,0,0
2025-07-24 20:15:00,0.66003,0.66004,0.65979,0.65991,322,0,0
2025-07-24 20:30:00,0.65991,0.66008,0.65985,0.66002,303,0,0
2025-07-24 20:45:00,0.66003,0.66022,0.65999,0.66003,431,0,0
2025-07-24 21:00:00,0.66004,0.6601,0.65984,0.65985,374,0,0
2025-07-24 21:15:00,0.65985,0.66005,0.6598,0.66004,251,0,0
2025-07-24 21:30:00,0.66004,0.66016,0.65994,0.66001,280,0,0
2025-07-24 21:45:00,0.66002,0.66015,0.65988,0.66003,344,0,0
2025-07-24 22:00:00,0.66003,0.66004,0.65964,0.6598,260,0,0
2025-07-24 22:15:00,0.6598,0.66016,0.65979,0.66009,220,0,0
2025-07-24 22:30:00,0.66009,0.6601,0.65989,0.65999,227,0,0
2025-07-24 22:45:00,0.65999,0.66,0.65931,0.65934,363,0,0
2025-07-24 23:00:00,0.65934,0.65939,0.65904,0.65911,272,0,0
2025-07-24 23:15:00,0.65911,0.65918,0.659,0.65917,149,0,0
2025-07-24 23:30:00,0.65917,0.6592,0.6586,0.65883,221,0,0
2025-07-24 23:45:00,0.65883,0.65895,0.65863,0.65895,266,5,0
2025-07-25 00:00:00,0.65895,0.65895,0.65847,0.65885,25,11,0
2025-07-25 00:15:00,0.65885,0.65888,0.6586,0.65872,27,35,0
2025-07-25 00:30:00,0.65872,0.65884,0.65846,0.65856,72,33,0
2025-07-25 00:45:00,0.65856,0.65893,0.65852,0.6588,122,33,0
2025-07-25 01:00:00,0.6588,0.65887,0.65848,0.65882,151,0,0
2025-07-25 01:15:00,0.65882,0.65912,0.65882,0.65912,163,0,0
2025-07-25 01:30:00,0.65912,0.65928,0.65905,0.65909,118,0,0
2025-07-25 01:45:00,0.65909,0.65932,0.65909,0.65925,118,0,0
2025-07-25 02:00:00,0.65925,0.65957,0.65924,0.65941,149,0,0
2025-07-25 02:15:00,0.65941,0.65954,0.65937,0.65939,121,0,0
2025-07-25 02:30:00,0.65939,0.6595,0.65924,0.65942,140,0,0
2025-07-25 02:45:00,0.65942,0.65956,0.65934,0.65946,251,0,0
2025-07-25 03:00:00,0.65946,0.65985,0.65914,0.6593,848,0,0
2025-07-25 03:15:00,0.6593,0.65954,0.65929,0.65937,434,0,0
2025-07-25 03:30:00,0.65937,0.65969,0.6592,0.65956,327,0,0
2025-07-25 03:45:00,0.65956,0.65965,0.6591,0.65944,523,0,0
2025-07-25 04:00:00,0.65944,0.65965,0.65868,0.65869,693,0,0
2025-07-25 04:15:00,0.65869,0.65881,0.65824,0.65853,759,0,0
2025-07-25 04:30:00,0.65853,0.65885,0.65839,0.65856,706,0,0
2025-07-25 04:45:00,0.65856,0.65878,0.65848,0.65863,480,0,0
2025-07-25 05:00:00,0.65863,0.65872,0.65823,0.65847,532,0,0
2025-07-25 05:15:00,0.65847,0.65853,0.65809,0.65829,490,0,0
2025-07-25 05:30:00,0.65828,0.65837,0.65805,0.65807,387,0,0
2025-07-25 05:45:00,0.65807,0.65839,0.65789,0.65824,409,0,0
2025-07-25 06:00:00,0.65824,0.65846,0.65813,0.65823,408,0,0
2025-07-25 06:15:00,0.65823,0.6584,0.65799,0.65815,450,0,0
2025-07-25 06:30:00,0.65815,0.65848,0.65808,0.65845,277,0,0
2025-07-25 06:45:00,0.65845,0.65854,0.65837,0.65847,323,0,0
2025-07-25 07:00:00,0.65847,0.6588,0.65847,0.65853,448,0,0
2025-07-25 07:15:00,0.65853,0.65853,0.65813,0.65815,332,0,0
2025-07-25 07:30:00,0.65815,0.65818,0.65667,0.65709,644,0,0
2025-07-25 07:45:00,0.65709,0.6574,0.65698,0.65712,470,0,0
2025-07-25 08:00:00,0.65712,0.65755,0.65709,0.65753,546,0,0
2025-07-25 08:15:00,0.65753,0.65799,0.65744,0.6579,465,0,0
2025-07-25 08:30:00,0.6579,0.65805,0.65757,0.65772,435,0,0
2025-07-25 08:45:00,0.65772,0.6582,0.65761,0.65785,642,0,0
2025-07-25 09:00:00,0.65785,0.6583,0.65766,0.65803,739,0,0
2025-07-25 09:15:00,0.65803,0.65836,0.65757,0.6578,589,0,0
2025-07-25 09:30:00,0.6578,0.65828,0.6578,0.65808,764,0,0
2025-07-25 09:45:00,0.65808,0.6581,0.65767,0.65797,554,0,0
2025-07-25 10:00:00,0.65797,0.65813,0.65756,0.65782,742,0,0
2025-07-25 10:15:00,0.65782,0.65803,0.65742,0.65749,595,0,0
2025-07-25 10:30:00,0.65749,0.65753,0.65707,0.6573,737,0,0
2025-07-25 10:45:00,0.6573,0.65747,0.65699,0.6572,652,0,0
2025-07-25 11:00:00,0.6572,0.65741,0.65668,0.65672,777,0,0
2025-07-25 11:15:00,0.65672,0.65691,0.6564,0.65688,509,0,0
2025-07-25 11:30:00,0.65688,0.65736,0.65685,0.65703,707,0,0
2025-07-25 11:45:00,0.65703,0.65707,0.65667,0.65683,531,0,0
2025-07-25 12:00:00,0.65683,0.65688,0.65617,0.6562,611,0,0
2025-07-25 12:15:00,0.65619,0.65631,0.65593,0.65599,408,0,0
2025-07-25 12:30:00,0.65599,0.65626,0.65589,0.65618,392,0,0
2025-07-25 12:45:00,0.65618,0.6564,0.65617,0.65629,518,0,0
2025-07-25 13:00:00,0.65628,0.65636,0.65605,0.65632,289,0,0
2025-07-25 13:15:00,0.65632,0.65634,0.65598,0.65622,416,0,0
2025-07-25 13:30:00,0.65623,0.65641,0.65611,0.6563,398,0,0
2025-07-25 13:45:00,0.6563,0.65655,0.65608,0.65646,528,0,0
2025-07-25 14:00:00,0.65646,0.65683,0.65629,0.65633,530,0,0
2025-07-25 14:15:00,0.65633,0.65637,0.65583,0.65601,549,0,0
2025-07-25 14:30:00,0.65601,0.6567,0.65601,0.65665,453,0,0
2025-07-25 14:45:00,0.65665,0.65689,0.65648,0.65675,564,0,0
2025-07-25 15:00:00,0.65673,0.65683,0.65647,0.65658,585,0,0
2025-07-25 15:15:00,0.65658,0.65686,0.65645,0.65648,593,0,0
2025-07-25 15:30:00,0.65647,0.6566,0.65561,0.65594,670,0,0
2025-07-25 15:45:00,0.65594,0.65613,0.65569,0.65594,690,0,0
2025-07-25 16:00:00,0.65594,0.6563,0.6552,0.65536,1641,0,0
2025-07-25 16:15:00,0.65538,0.65662,0.65521,0.65618,1211,0,0
2025-07-25 16:30:00,0.65618,0.6562,0.65525,0.6555,1208,0,0
2025-07-25 16:45:00,0.6555,0.65619,0.65546,0.65586,1378,0,0
2025-07-25 17:00:00,0.65586,0.65656,0.65585,0.65629,1227,0,0
2025-07-25 17:15:00,0.65629,0.65668,0.6561,0.6566,921,0,0
2025-07-25 17:30:00,0.6566,0.65668,0.65564,0.65612,996,0,0
2025-07-25 17:45:00,0.65612,0.6565,0.65592,0.65594,1044,0,0
2025-07-25 18:00:00,0.65594,0.65605,0.65547,0.6557,913,0,0
2025-07-25 18:15:00,0.6557,0.65594,0.65558,0.65578,725,0,0
2025-07-25 18:30:00,0.65578,0.6558,0.65523,0.65538,591,0,0
2025-07-25 18:45:00,0.65538,0.65567,0.65534,0.65544,579,0,0
2025-07-25 19:00:00,0.65544,0.65565,0.65509,0.65559,644,0,0
2025-07-25 19:15:00,0.65559,0.65577,0.65533,0.65574,537,0,0
2025-07-25 19:30:00,0.65574,0.65581,0.65554,0.65576,434,0,0
2025-07-25 19:45:00,0.65576,0.65609,0.65576,0.65603,384,0,0
2025-07-25 20:00:00,0.65603,0.65614,0.65594,0.65599,371,0,0
2025-07-25 20:15:00,0.65599,0.65626,0.65598,0.65622,310,0,0
2025-07-25 20:30:00,0.65622,0.65644,0.65611,0.65624,282,0,0
2025-07-25 20:45:00,0.65624,0.6563,0.65613,0.65618,295,0,0
2025-07-25 21:00:00,0.65618,0.65643,0.65612,0.65638,442,0,0
2025-07-25 21:15:00,0.65638,0.65641,0.65617,0.6563,408,0,0
2025-07-25 21:30:00,0.6563,0.65637,0.65614,0.65632,270,0,0
2025-07-25 21:45:00,0.65632,0.65652,0.65627,0.65643,336,0,0
2025-07-25 22:00:00,0.65643,0.65647,0.65625,0.65635,150,0,0
2025-07-25 22:15:00,0.65635,0.65662,0.65634,0.65649,166,0,0
2025-07-25 22:30:00,0.65649,0.65652,0.65635,0.65638,185,0,0
2025-07-25 22:45:00,0.65638,0.65643,0.65623,0.65642,214,0,0
2025-07-25 23:00:00,0.65642,0.65642,0.65618,0.65632,228,0,0
2025-07-25 23:15:00,0.65632,0.65636,0.65617,0.65633,139,0,0
2025-07-25 23:30:00,0.65633,0.65659,0.65631,0.65649,146,0,0
2025-07-25 23:45:00,0.65649,0.65659,0.65608,0.65642,173,8,0
2025-07-28 00:00:00,0.65714,0.65718,0.65697,0.65704,58,52,0
2025-07-28 00:15:00,0.65704,0.6571,0.65685,0.6571,40,43,0
2025-07-28 00:30:00,0.6571,0.65719,0.65701,0.65709,75,35,0
2025-07-28 00:45:00,0.65709,0.65709,0.65696,0.65705,32,37,0
2025-07-28 01:00:00,0.65705,0.65769,0.65696,0.65712,496,0,0
2025-07-28 01:15:00,0.65712,0.65726,0.65693,0.65701,246,0,0
2025-07-28 01:30:00,0.65701,0.65742,0.657,0.65722,295,0,0
2025-07-28 01:45:00,0.65722,0.65732,0.65708,0.65722,144,0,0
2025-07-28 02:00:00,0.65722,0.65742,0.65714,0.65722,177,0,0
2025-07-28 02:15:00,0.65722,0.65749,0.65722,0.65735,136,0,0
2025-07-28 02:30:00,0.65735,0.6574,0.65715,0.65728,193,0,0
2025-07-28 02:45:00,0.65728,0.65731,0.65702,0.6571,246,0,0
2025-07-28 03:00:00,0.6571,0.65775,0.6571,0.65756,694,0,0
2025-07-28 03:15:00,0.65756,0.65793,0.65753,0.65776,697,0,0
2025-07-28 03:30:00,0.65776,0.65791,0.65747,0.65786,670,0,0
2025-07-28 03:45:00,0.65786,0.65813,0.65754,0.65811,638,0,0
2025-07-28 04:00:00,0.65811,0.65858,0.65798,0.65799,669,0,0
2025-07-28 04:15:00,0.65799,0.65807,0.65742,0.65764,625,0,0
2025-07-28 04:30:00,0.65763,0.65777,0.65703,0.65712,561,0,0
2025-07-28 04:45:00,0.65712,0.6572,0.65675,0.65694,573,0,0
2025-07-28 05:00:00,0.65694,0.6572,0.65674,0.65704,638,0,0
2025-07-28 05:15:00,0.65704,0.65759,0.65697,0.65743,654,0,0
2025-07-28 05:30:00,0.65743,0.6577,0.6573,0.65745,371,0,0
2025-07-28 05:45:00,0.65745,0.65765,0.65728,0.6574,456,0,0
2025-07-28 06:00:00,0.6574,0.65754,0.65709,0.65727,489,0,0
2025-07-28 06:15:00,0.65727,0.65743,0.65691,0.65697,339,0,0
2025-07-28 06:30:00,0.65697,0.65706,0.65659,0.6568,363,0,0
2025-07-28 06:45:00,0.6568,0.6569,0.65665,0.6568,350,0,0
2025-07-28 07:00:00,0.6568,0.65693,0.65649,0.65678,494,0,0
2025-07-28 07:15:00,0.65678,0.65681,0.65648,0.6566,377,0,0
2025-07-28 07:30:00,0.6566,0.65666,0.65623,0.65638,387,0,0
2025-07-28 07:45:00,0.65638,0.65674,0.65636,0.65665,414,0,0
2025-07-28 08:00:00,0.65665,0.65675,0.65638,0.65645,278,0,0
2025-07-28 08:15:00,0.65645,0.65648,0.65605,0.6563,320,0,0
2025-07-28 08:30:00,0.6563,0.65648,0.65624,0.65635,298,0,0
2025-07-28 08:45:00,0.65635,0.65652,0.6562,0.65639,380,0,0
2025-07-28 09:00:00,0.65639,0.65648,0.65572,0.65596,674,0,0
2025-07-28 09:15:00,0.65596,0.65606,0.65468,0.65503,1058,0,0
2025-07-28 09:30:00,0.65503,0.65516,0.65464,0.65505,878,0,0
2025-07-28 09:45:00,0.65505,0.65535,0.65494,0.65498,644,0,0
2025-07-28 10:00:00,0.65498,0.65528,0.65473,0.655,1005,0,0
2025-07-28 10:15:00,0.655,0.65523,0.65409,0.65411,707,0,0
2025-07-28 10:30:00,0.65411,0.65411,0.65296,0.65306,1167,0,0
2025-07-28 10:45:00,0.65306,0.6531,0.65229,0.65242,1043,0,0
2025-07-28 11:00:00,0.65242,0.65242,0.65158,0.65176,1075,0,0
2025-07-28 11:15:00,0.65177,0.65248,0.65176,0.65232,762,0,0
2025-07-28 11:30:00,0.65232,0.65285,0.65214,0.6522,684,0,0
2025-07-28 11:45:00,0.6522,0.65234,0.65165,0.65227,646,0,0
2025-07-28 12:00:00,0.65227,0.65263,0.65202,0.65252,811,0,0
2025-07-28 12:15:00,0.65252,0.65289,0.65226,0.65241,715,0,0
2025-07-28 12:30:00,0.65241,0.65251,0.65204,0.65249,726,0,0
2025-07-28 12:45:00,0.65249,0.65261,0.65236,0.65254,617,0,0
2025-07-28 13:00:00,0.65254,0.65292,0.65244,0.65286,545,0,0
2025-07-28 13:15:00,0.65286,0.65303,0.65242,0.6528,760,0,0
2025-07-28 13:30:00,0.6528,0.65326,0.65274,0.65322,610,0,0
2025-07-28 13:45:00,0.65322,0.65336,0.65264,0.65265,608,0,0
2025-07-28 14:00:00,0.65265,0.65303,0.65254,0.65299,721,0,0
2025-07-28 14:15:00,0.65299,0.65302,0.65256,0.65264,611,0,0
2025-07-28 14:30:00,0.65264,0.65277,0.65221,0.65273,617,0,0
2025-07-28 14:45:00,0.65273,0.65313,0.65255,0.65293,831,0,0
2025-07-28 15:00:00,0.65294,0.65325,0.65268,0.65271,1282,0,0
2025-07-28 15:15:00,0.65271,0.65317,0.65263,0.65303,717,0,0
2025-07-28 15:30:00,0.65302,0.65318,0.65279,0.65296,824,0,0
2025-07-28 15:45:00,0.65296,0.65341,0.65253,0.65341,730,0,0
2025-07-28 16:00:00,0.65341,0.65369,0.65326,0.65344,865,0,0
2025-07-28 16:15:00,0.65344,0.65348,0.65231,0.65257,933,0,0
2025-07-28 16:30:00,0.65257,0.65271,0.65215,0.65216,1091,0,0
2025-07-28 16:45:00,0.65216,0.65231,0.65156,0.65172,1158,0,0
2025-07-28 17:00:00,0.6517,0.6527,0.65165,0.65259,1003,0,0
2025-07-28 17:15:00,0.65259,0.65283,0.6519,0.65275,1112,0,0
2025-07-28 17:30:00,0.65274,0.6531,0.6526,0.65309,1041,0,0
2025-07-28 17:45:00,0.65309,0.6532,0.65235,0.65279,1011,0,0
2025-07-28 18:00:00,0.65279,0.65285,0.65231,0.65247,884,0,0
2025-07-28 18:15:00,0.65246,0.65269,0.65189,0.65217,723,0,0
2025-07-28 18:30:00,0.65217,0.65241,0.65174,0.65178,862,0,0
2025-07-28 18:45:00,0.65178,0.65187,0.65162,0.65175,648,0,0
2025-07-28 19:00:00,0.65175,0.65181,0.65141,0.6515,642,0,0
2025-07-28 19:15:00,0.6515,0.65187,0.65131,0.65181,418,0,0
2025-07-28 19:30:00,0.65181,0.65184,0.65153,0.65174,486,0,0
2025-07-28 19:45:00,0.65174,0.65179,0.65152,0.65166,494,0,0
2025-07-28 20:00:00,0.65166,0.65188,0.65164,0.65172,480,0,0
2025-07-28 20:15:00,0.65172,0.65172,0.65144,0.65157,414,0,0
2025-07-28 20:30:00,0.65157,0.65178,0.65138,0.65143,389,0,0
2025-07-28 20:45:00,0.65143,0.65151,0.65133,0.65143,477,0,0
2025-07-28 21:00:00,0.65143,0.65148,0.65129,0.6514,462,0,0
2025-07-28 21:15:00,0.6514,0.65163,0.65136,0.65152,525,0,0
2025-07-28 21:30:00,0.65152,0.6518,0.65146,0.65179,443,0,0
2025-07-28 21:45:00,0.65179,0.65181,0.65154,0.65163,380,0,0
2025-07-28 22:00:00,0.65164,0.65174,0.65152,0.65165,330,0,0
2025-07-28 22:15:00,0.65165,0.65167,0.65153,0.65158,250,0,0
2025-07-28 22:30:00,0.65158,0.65163,0.65147,0.65159,221,0,0
2025-07-28 22:45:00,0.65159,0.65215,0.65154,0.65212,293,0,0
2025-07-28 23:00:00,0.65212,0.65215,0.65189,0.65204,205,0,0
2025-07-28 23:15:00,0.65204,0.6522,0.65197,0.65218,166,0,0
2025-07-28 23:30:00,0.65218,0.65224,0.65211,0.65211,139,0,0
2025-07-28 23:45:00,0.65211,0.65216,0.65189,0.65204,192,5,0
2025-07-29 00:00:00,0.65198,0.65198,0.65095,0.65164,24,18,0
2025-07-29 00:15:00,0.65164,0.65172,0.65133,0.65147,98,45,0
2025-07-29 00:30:00,0.65147,0.65211,0.65147,0.65186,107,32,0
2025-07-29 00:45:00,0.65186,0.65227,0.65186,0.65218,111,41,0
2025-07-29 01:00:00,0.65218,0.65238,0.65194,0.65232,149,0,0
2025-07-29 01:15:00,0.65232,0.65236,0.65222,0.65233,134,0,0
2025-07-29 01:30:00,0.65233,0.65249,0.65227,0.65236,166,0,0
2025-07-29 01:45:00,0.65236,0.65249,0.65236,0.65248,119,0,0
2025-07-29 02:00:00,0.65248,0.65257,0.65234,0.65234,135,0,0
2025-07-29 02:15:00,0.65234,0.6524,0.65219,0.65224,105,0,0
2025-07-29 02:30:00,0.65224,0.6523,0.65215,0.6522,129,0,0
2025-07-29 02:45:00,0.6522,0.65226,0.6521,0.65219,174,0,0
2025-07-29 03:00:00,0.65219,0.65219,0.65169,0.65181,524,0,0
2025-07-29 03:15:00,0.65181,0.65199,0.65139,0.65146,482,0,0
2025-07-29 03:30:00,0.65146,0.65149,0.65127,0.65142,308,0,0
2025-07-29 03:45:00,0.65142,0.65144,0.65113,0.65136,539,0,0
2025-07-29 04:00:00,0.65136,0.65187,0.65131,0.65184,479,0,0
2025-07-29 04:15:00,0.65184,0.65242,0.65181,0.65231,710,0,0
2025-07-29 04:30:00,0.65231,0.65251,0.65204,0.65236,482,0,0
2025-07-29 04:45:00,0.65236,0.65252,0.65205,0.65217,414,0,0
2025-07-29 05:00:00,0.65217,0.65276,0.65207,0.65269,453,0,0
2025-07-29 05:15:00,0.65269,0.65276,0.65228,0.65241,371,0,0
2025-07-29 05:30:00,0.65241,0.65278,0.65233,0.65272,345,0,0
2025-07-29 05:45:00,0.65272,0.65302,0.65269,0.65282,387,0,0
2025-07-29 06:00:00,0.65282,0.65289,0.65249,0.65252,443,0,0
2025-07-29 06:15:00,0.65252,0.65257,0.6523,0.65239,257,0,0
2025-07-29 06:30:00,0.65239,0.65239,0.65178,0.6519,345,0,0
2025-07-29 06:45:00,0.6519,0.65206,0.65172,0.65199,309,0,0
2025-07-29 07:00:00,0.65199,0.65228,0.65198,0.65224,251,0,0
2025-07-29 07:15:00,0.65224,0.65231,0.65194,0.65199,277,0,0
2025-07-29 07:30:00,0.65199,0.65206,0.6517,0.65198,416,0,0
2025-07-29 07:45:00,0.65198,0.65244,0.65195,0.65234,366,0,0
2025-07-29 08:00:00,0.65234,0.6525,0.65215,0.65241,261,0,0
2025-07-29 08:15:00,0.65241,0.65251,0.65225,0.65232,440,0,0
2025-07-29 08:30:00,0.65232,0.65245,0.65219,0.65241,433,0,0
2025-07-29 08:45:00,0.65241,0.65265,0.6524,0.65249,379,0,0
2025-07-29 09:00:00,0.6525,0.65286,0.65209,0.65285,705,0,0
2025-07-29 09:15:00,0.65285,0.65288,0.65234,0.65235,498,0,0
2025-07-29 09:30:00,0.65235,0.65235,0.65108,0.65142,1014,0,0
2025-07-29 09:45:00,0.65142,0.65148,0.65037,0.65047,1085,0,0
2025-07-29 10:00:00,0.65047,0.65078,0.64995,0.65006,1235,0,0
2025-07-29 10:15:00,0.65004,0.65083,0.65003,0.65034,841,0,0
2025-07-29 10:30:00,0.65034,0.65036,0.64989,0.65017,847,0,0
2025-07-29 10:45:00,0.65017,0.65058,0.64997,0.65041,736,0,0
2025-07-29 11:00:00,0.65041,0.65099,0.64998,0.65096,723,0,0
2025-07-29 11:15:00,0.65096,0.65119,0.65069,0.65075,654,0,0
2025-07-29 11:30:00,0.65075,0.65133,0.65068,0.65133,733,0,0
2025-07-29 11:45:00,0.65133,0.65157,0.65106,0.65144,594,0,0
2025-07-29 12:00:00,0.65145,0.65167,0.65127,0.65151,704,0,0
2025-07-29 12:15:00,0.65151,0.65193,0.65145,0.65189,546,0,0
2025-07-29 12:30:00,0.65189,0.65198,0.65166,0.65177,410,0,0
2025-07-29 12:45:00,0.65177,0.65183,0.65125,0.65138,384,0,0
2025-07-29 13:00:00,0.65138,0.65138,0.65112,0.65131,394,0,0
2025-07-29 13:15:00,0.65131,0.65172,0.65115,0.65167,452,0,0
2025-07-29 13:30:00,0.65167,0.65179,0.65136,0.65146,370,0,0
2025-07-29 13:45:00,0.65146,0.65147,0.65094,0.65101,499,0,0
2025-07-29 14:00:00,0.65102,0.65102,0.65049,0.65069,538,0,0
2025-07-29 14:15:00,0.65069,0.651,0.65062,0.65076,412,0,0
2025-07-29 14:30:00,0.65076,0.6509,0.64986,0.65016,656,0,0
2025-07-29 14:45:00,0.65016,0.65044,0.64968,0.64989,734,0,0
2025-07-29 15:00:00,0.64989,0.65003,0.6496,0.64969,785,0,0
2025-07-29 15:15:00,0.64969,0.64991,0.64966,0.64979,731,0,0
2025-07-29 15:30:00,0.64979,0.65029,0.64963,0.65016,660,0,0
2025-07-29 15:45:00,0.65016,0.65019,0.64981,0.64983,502,0,0
2025-07-29 16:00:00,0.64983,0.65017,0.64968,0.64973,776,0,0
2025-07-29 16:15:00,0.6497,0.65035,0.64969,0.65023,564,0,0
2025-07-29 16:30:00,0.65023,0.65068,0.64995,0.65058,857,0,0
2025-07-29 16:45:00,0.65058,0.651,0.65045,0.65088,832,0,0
2025-07-29 17:00:00,0.65086,0.65106,0.64976,0.64994,1501,0,0
2025-07-29 17:15:00,0.64994,0.65053,0.64969,0.65033,1056,0,0
2025-07-29 17:30:00,0.65032,0.65107,0.65024,0.65053,1179,0,0
2025-07-29 17:45:00,0.65053,0.65078,0.65006,0.65074,1316,0,0
2025-07-29 18:00:00,0.65075,0.65118,0.65048,0.65104,1078,0,0
2025-07-29 18:15:00,0.65104,0.65109,0.65061,0.65092,768,0,0
2025-07-29 18:30:00,0.65092,0.65103,0.65034,0.65035,894,0,0
2025-07-29 18:45:00,0.65035,0.65105,0.65035,0.65073,835,0,0
2025-07-29 19:00:00,0.65073,0.65097,0.6506,0.65089,678,0,0
2025-07-29 19:15:00,0.65089,0.65123,0.6508,0.65089,531,0,0
2025-07-29 19:30:00,0.65089,0.65117,0.6507,0.65115,539,0,0
2025-07-29 19:45:00,0.65117,0.65135,0.65092,0.65099,551,0,0
2025-07-29 20:00:00,0.65099,0.6515,0.6509,0.65146,531,0,0
2025-07-29 20:15:00,0.65146,0.65188,0.65142,0.6515,686,0,0
2025-07-29 20:30:00,0.6515,0.65157,0.65115,0.65126,605,0,0
2025-07-29 20:45:00,0.65126,0.65136,0.65112,0.65121,387,0,0
2025-07-29 21:00:00,0.65121,0.65137,0.65102,0.65119,508,0,0
2025-07-29 21:15:00,0.65119,0.65136,0.65111,0.65121,477,0,0
2025-07-29 21:30:00,0.65121,0.65158,0.65119,0.65155,361,0,0
2025-07-29 21:45:00,0.65155,0.65165,0.65133,0.65159,457,0,0
2025-07-29 22:00:00,0.65159,0.65165,0.65142,0.6516,419,0,0
2025-07-29 22:15:00,0.6516,0.65171,0.6515,0.65161,330,0,0
2025-07-29 22:30:00,0.65161,0.65163,0.6512,0.65129,298,0,0
2025-07-29 22:45:00,0.65128,0.65143,0.65119,0.65129,395,0,0
2025-07-29 23:00:00,0.65129,0.65151,0.65129,0.65141,256,0,0
2025-07-29 23:15:00,0.65141,0.65143,0.65119,0.65121,100,0,0
2025-07-29 23:30:00,0.65121,0.65127,0.65105,0.65116,128,0,0
2025-07-29 23:45:00,0.65116,0.65124,0.6509,0.65096,169,5,0
2025-07-30 00:00:00,0.65089,0.65109,0.6498,0.65089,47,28,0
2025-07-30 00:15:00,0.65089,0.6509,0.6508,0.65082,34,45,0
2025-07-30 00:30:00,0.65082,0.65098,0.65068,0.65092,211,44,0
2025-07-30 00:45:00,0.65092,0.65109,0.65091,0.65107,91,43,0
2025-07-30 01:00:00,0.65107,0.65145,0.65104,0.65131,135,0,0
2025-07-30 01:15:00,0.65131,0.65136,0.65116,0.65127,95,0,0
2025-07-30 01:30:00,0.65127,0.65132,0.65121,0.65123,73,0,0
2025-07-30 01:45:00,0.65123,0.65135,0.65115,0.65121,129,0,0
2025-07-30 02:00:00,0.65121,0.65131,0.65111,0.65114,95,0,0
2025-07-30 02:15:00,0.65114,0.65131,0.65111,0.65113,112,0,0
2025-07-30 02:30:00,0.65113,0.65128,0.65102,0.65102,118,0,0
2025-07-30 02:45:00,0.65102,0.65132,0.65093,0.65131,252,0,0
2025-07-30 03:00:00,0.65131,0.65164,0.6513,0.65153,545,0,0
2025-07-30 03:15:00,0.65153,0.65187,0.65141,0.65181,504,0,0
2025-07-30 03:30:00,0.65181,0.65223,0.65177,0.65217,407,0,0
2025-07-30 03:45:00,0.65217,0.6526,0.6521,0.65253,584,0,0
2025-07-30 04:00:00,0.65253,0.65281,0.6525,0.65261,628,0,0
2025-07-30 04:15:00,0.65261,0.65289,0.65192,0.65205,809,0,0
2025-07-30 04:30:00,0.65203,0.65203,0.65021,0.65142,1350,0,0
2025-07-30 04:45:00,0.65142,0.65198,0.65125,0.65166,809,0,0
2025-07-30 05:00:00,0.65166,0.65211,0.65156,0.65185,476,0,0
2025-07-30 05:15:00,0.65185,0.65202,0.65155,0.65165,572,0,0
2025-07-30 05:30:00,0.65165,0.65165,0.65136,0.65139,645,0,0
2025-07-30 05:45:00,0.65139,0.65198,0.65135,0.65191,417,0,0
2025-07-30 06:00:00,0.65191,0.65229,0.65188,0.65209,663,0,0
2025-07-30 06:15:00,0.65209,0.65221,0.65183,0.65187,742,0,0
2025-07-30 06:30:00,0.65187,0.65187,0.65148,0.65175,618,0,0
2025-07-30 06:45:00,0.65175,0.65189,0.65155,0.65186,395,0,0
2025-07-30 07:00:00,0.65186,0.65196,0.65111,0.65124,644,0,0
2025-07-30 07:15:00,0.65124,0.65143,0.65105,0.65131,571,0,0
2025-07-30 07:30:00,0.65131,0.65151,0.65124,0.65137,462,0,0
2025-07-30 07:45:00,0.65137,0.65139,0.65103,0.65114,357,0,0
2025-07-30 08:00:00,0.65114,0.65114,0.6507,0.65084,508,0,0
2025-07-30 08:15:00,0.65084,0.65126,0.65074,0.6512,508,0,0
2025-07-30 08:30:00,0.6512,0.65173,0.65117,0.65158,613,0,0
2025-07-30 08:45:00,0.65158,0.65158,0.65107,0.65125,676,0,0
2025-07-30 09:00:00,0.65125,0.65129,0.65068,0.65108,791,0,0
2025-07-30 09:15:00,0.65109,0.65147,0.6509,0.65125,632,0,0
2025-07-30 09:30:00,0.65125,0.65149,0.65095,0.65095,705,0,0
2025-07-30 09:45:00,0.65095,0.65111,0.6508,0.65105,586,0,0
2025-07-30 10:00:00,0.65106,0.65134,0.65076,0.65076,847,0,0
2025-07-30 10:15:00,0.65076,0.65094,0.65032,0.65068,603,0,0
2025-07-30 10:30:00,0.65068,0.65081,0.65017,0.65035,479,0,0
2025-07-30 10:45:00,0.65035,0.65045,0.65018,0.6502,406,0,0
2025-07-30 11:00:00,0.65021,0.65046,0.64999,0.65002,714,0,0
2025-07-30 11:15:00,0.65002,0.65011,0.64966,0.65004,572,0,0
2025-07-30 11:30:00,0.65004,0.65008,0.64983,0.65007,552,0,0
2025-07-30 11:45:00,0.65007,0.65025,0.65002,0.65014,363,0,0
2025-07-30 12:00:00,0.65014,0.65036,0.65,0.65011,483,0,0
2025-07-30 12:15:00,0.65011,0.65013,0.64985,0.64997,431,0,0
2025-07-30 12:30:00,0.64996,0.64999,0.64959,0.64976,476,0,0
2025-07-30 12:45:00,0.64976,0.65001,0.64965,0.65001,538,0,0
2025-07-30 13:00:00,0.65001,0.65008,0.6496,0.64969,532,0,0
2025-07-30 13:15:00,0.64969,0.64982,0.64944,0.64948,424,0,0
2025-07-30 13:30:00,0.64948,0.64962,0.64905,0.64944,518,0,0
2025-07-30 13:45:00,0.64944,0.6495,0.64911,0.64911,540,0,0
2025-07-30 14:00:00,0.64911,0.64919,0.64892,0.64903,557,0,0
2025-07-30 14:15:00,0.64903,0.64918,0.64891,0.64894,505,0,0
2025-07-30 14:30:00,0.64894,0.64894,0.64861,0.6487,474,0,0
2025-07-30 14:45:00,0.64871,0.6488,0.64847,0.6488,729,0,0
2025-07-30 15:00:00,0.6488,0.64888,0.64822,0.64825,707,0,0
2025-07-30 15:15:00,0.64823,0.64841,0.64795,0.64795,932,0,0
2025-07-30 15:30:00,0.64795,0.64822,0.64731,0.64774,1303,0,0
2025-07-30 15:45:00,0.64776,0.64794,0.64655,0.64669,1472,0,0
2025-07-30 16:00:00,0.64668,0.64671,0.6457,0.64572,1257,0,0
2025-07-30 16:15:00,0.64572,0.64616,0.64552,0.64559,1118,0,0
2025-07-30 16:30:00,0.64559,0.64619,0.64534,0.6458,1261,0,0
2025-07-30 16:45:00,0.6458,0.6459,0.64493,0.64548,1296,0,0
2025-07-30 17:00:00,0.64548,0.64613,0.64545,0.6461,1143,0,0
2025-07-30 17:15:00,0.6461,0.64615,0.64567,0.6457,779,0,0
2025-07-30 17:30:00,0.6457,0.64591,0.64555,0.64569,844,0,0
2025-07-30 17:45:00,0.64569,0.64619,0.64544,0.64605,1024,0,0
2025-07-30 18:00:00,0.64605,0.64612,0.64536,0.64561,964,0,0
2025-07-30 18:15:00,0.64561,0.64575,0.6454,0.64542,530,0,0
2025-07-30 18:30:00,0.64542,0.6455,0.645,0.645,686,0,0
2025-07-30 18:45:00,0.645,0.64517,0.64487,0.64508,533,0,0
2025-07-30 19:00:00,0.64508,0.64538,0.64499,0.64524,516,0,0
2025-07-30 19:15:00,0.64524,0.64557,0.64522,0.64548,519,0,0
2025-07-30 19:30:00,0.64548,0.64549,0.64522,0.6454,400,0,0
2025-07-30 19:45:00,0.6454,0.64568,0.64527,0.64562,488,0,0
2025-07-30 20:00:00,0.64562,0.64588,0.64562,0.64587,494,0,0
2025-07-30 20:15:00,0.64587,0.64587,0.6456,0.64577,507,0,0
2025-07-30 20:30:00,0.64577,0.64612,0.64574,0.64611,526,0,0
2025-07-30 20:45:00,0.64611,0.64649,0.64547,0.64547,537,0,0
2025-07-30 21:00:00,0.64569,0.64714,0.64567,0.64608,2103,0,0
2025-07-30 21:15:00,0.64608,0.6462,0.64553,0.64608,1727,0,0
2025-07-30 21:30:00,0.64608,0.64702,0.64481,0.64488,2838,0,0
2025-07-30 21:45:00,0.6449,0.64506,0.64308,0.64311,2490,0,0
2025-07-30 22:00:00,0.64311,0.64359,0.64268,0.64323,1822,0,0
2025-07-30 22:15:00,0.64322,0.6434,0.6426,0.64278,1377,0,0
2025-07-30 22:30:00,0.64278,0.64329,0.64261,0.64301,1176,0,0
2025-07-30 22:45:00,0.64301,0.6433,0.64298,0.64316,945,0,0
2025-07-30 23:00:00,0.64316,0.64393,0.64312,0.64382,501,0,0
2025-07-30 23:15:00,0.64382,0.64389,0.64358,0.64365,451,0,0
2025-07-30 23:30:00,0.64365,0.64392,0.64358,0.64361,402,0,0
2025-07-30 23:45:00,0.64361,0.64368,0.64318,0.6433,410,5,0
2025-07-31 00:00:00,0.64331,0.6435,0.64307,0.6435,31,14,0
2025-07-31 00:15:00,0.6435,0.6435,0.64341,0.64344,42,45,0
2025-07-31 00:30:00,0.64344,0.64351,0.64307,0.6432,140,35,0
2025-07-31 00:45:00,0.6432,0.64343,0.64311,0.64342,71,46,0
2025-07-31 01:00:00,0.64342,0.64412,0.64339,0.64406,211,0,0
2025-07-31 01:15:00,0.64406,0.64417,0.6439,0.64412,223,0,0
2025-07-31 01:30:00,0.64412,0.6445,0.64412,0.64445,255,0,0
2025-07-31 01:45:00,0.64445,0.64466,0.64443,0.6446,237,0,0
2025-07-31 02:00:00,0.6446,0.6446,0.64418,0.6443,314,0,0
2025-07-31 02:15:00,0.6443,0.64454,0.64424,0.64443,194,0,0
2025-07-31 02:30:00,0.64443,0.64483,0.64439,0.6448,165,0,0
2025-07-31 02:45:00,0.64482,0.64501,0.64455,0.64455,283,0,0
2025-07-31 03:00:00,0.64455,0.64471,0.64429,0.64447,1046,0,0
2025-07-31 03:15:00,0.64447,0.64458,0.64416,0.64433,781,0,0
2025-07-31 03:30:00,0.64433,0.64453,0.64422,0.64447,582,0,0
2025-07-31 03:45:00,0.64447,0.6445,0.64412,0.6443,696,0,0
2025-07-31 04:00:00,0.6443,0.64434,0.64333,0.64387,669,0,0
2025-07-31 04:15:00,0.64387,0.64457,0.64357,0.64433,749,0,0
2025-07-31 04:30:00,0.64434,0.6449,0.64434,0.64481,935,0,0
2025-07-31 04:45:00,0.64481,0.64522,0.6445,0.64515,1035,0,0
2025-07-31 05:00:00,0.64515,0.64556,0.64501,0.64536,841,0,0
2025-07-31 05:15:00,0.64536,0.64544,0.64488,0.64499,548,0,0
2025-07-31 05:30:00,0.64499,0.64501,0.64474,0.64487,537,0,0
2025-07-31 05:45:00,0.64487,0.64547,0.64482,0.64535,627,0,0
2025-07-31 06:00:00,0.64535,0.64552,0.64504,0.64513,606,0,0
2025-07-31 06:15:00,0.64513,0.64535,0.64484,0.64524,639,0,0
2025-07-31 06:30:00,0.64524,0.64563,0.64524,0.64552,667,0,0
2025-07-31 06:45:00,0.64552,0.64568,0.64543,0.64567,388,0,0
2025-07-31 07:00:00,0.64567,0.64581,0.64547,0.6455,428,0,0
2025-07-31 07:15:00,0.6455,0.64569,0.64531,0.64531,456,0,0
2025-07-31 07:30:00,0.64531,0.64613,0.64516,0.6461,617,0,0
2025-07-31 07:45:00,0.6461,0.64683,0.64605,0.6468,736,0,0
2025-07-31 08:00:00,0.64679,0.64701,0.64633,0.6468,633,0,0
2025-07-31 08:15:00,0.6468,0.64697,0.64656,0.6466,559,0,0
2025-07-31 08:30:00,0.6466,0.64694,0.64639,0.64683,508,0,0
2025-07-31 08:45:00,0.64683,0.64696,0.64655,0.6468,525,0,0
2025-07-31 09:00:00,0.6468,0.64705,0.64671,0.64682,557,0,0
2025-07-31 09:15:00,0.64682,0.64764,0.64678,0.6475,706,0,0
2025-07-31 09:30:00,0.6475,0.6475,0.64672,0.64685,832,0,0
2025-07-31 09:45:00,0.64687,0.64736,0.64669,0.64723,816,0,0
2025-07-31 10:00:00,0.64724,0.64724,0.64683,0.64683,764,0,0
2025-07-31 10:15:00,0.64683,0.64683,0.64625,0.64628,654,0,0
2025-07-31 10:30:00,0.64628,0.64663,0.64612,0.64613,785,0,0
2025-07-31 10:45:00,0.64613,0.64667,0.64598,0.64651,895,0,0
2025-07-31 11:00:00,0.64651,0.64652,0.64608,0.64609,656,0,0
2025-07-31 11:15:00,0.64609,0.64609,0.64545,0.64548,731,0,0
2025-07-31 11:30:00,0.64548,0.64581,0.6454,0.64548,689,0,0
2025-07-31 11:45:00,0.64548,0.64586,0.64541,0.64576,746,0,0
2025-07-31 12:00:00,0.64576,0.64581,0.64518,0.64551,613,0,0
2025-07-31 12:15:00,0.64551,0.64558,0.64513,0.64522,703,0,0
2025-07-31 12:30:00,0.64522,0.64534,0.64494,0.64497,653,0,0
2025-07-31 12:45:00,0.64497,0.6451,0.6448,0.64484,512,0,0
2025-07-31 13:00:00,0.64484,0.64499,0.64459,0.64463,513,0,0
2025-07-31 13:15:00,0.64463,0.64473,0.64416,0.64419,715,0,0
2025-07-31 13:30:00,0.64419,0.6442,0.64363,0.644,585,0,0
2025-07-31 13:45:00,0.644,0.64413,0.64374,0.64392,547,0,0
2025-07-31 14:00:00,0.64392,0.64438,0.64377,0.64427,643,0,0
2025-07-31 14:15:00,0.64427,0.64452,0.64407,0.64426,427,0,0
2025-07-31 14:30:00,0.64426,0.64462,0.64418,0.64437,434,0,0
2025-07-31 14:45:00,0.64437,0.64477,0.64422,0.64461,352,0,0
2025-07-31 15:00:00,0.64461,0.64487,0.64434,0.64459,587,0,0
2025-07-31 15:15:00,0.64459,0.64475,0.64416,0.64417,550,0,0
2025-07-31 15:30:00,0.64417,0.64454,0.64372,0.64405,1260,0,0
2025-07-31 15:45:00,0.64405,0.64416,0.64357,0.64396,1010,0,0
2025-07-31 16:00:00,0.64396,0.64435,0.64338,0.64351,1125,0,0
2025-07-31 16:15:00,0.64351,0.64358,0.64313,0.6433,849,0,0
2025-07-31 16:30:00,0.6433,0.64353,0.64305,0.64323,755,0,0
2025-07-31 16:45:00,0.64324,0.64373,0.64312,0.64345,957,0,0
2025-07-31 17:00:00,0.64345,0.64377,0.64318,0.64375,1187,0,0
2025-07-31 17:15:00,0.64374,0.64429,0.64364,0.64401,1014,0,0
2025-07-31 17:30:00,0.64401,0.64429,0.64376,0.64422,1116,0,0
2025-07-31 17:45:00,0.64422,0.64425,0.64337,0.64378,1100,0,0
2025-07-31 18:00:00,0.64378,0.64398,0.64311,0.64331,1238,0,0
2025-07-31 18:15:00,0.64331,0.64341,0.64289,0.64299,785,0,0
2025-07-31 18:30:00,0.64299,0.64386,0.64297,0.64317,792,0,0
2025-07-31 18:45:00,0.64317,0.64318,0.64276,0.64289,777,0,0
2025-07-31 19:00:00,0.64289,0.64311,0.64267,0.64291,756,0,0
2025-07-31 19:15:00,0.64291,0.64302,0.64274,0.64295,646,0,0
2025-07-31 19:30:00,0.64295,0.6435,0.64294,0.64339,529,0,0
2025-07-31 19:45:00,0.64339,0.64339,0.64304,0.64322,728,0,0
2025-07-31 20:00:00,0.64322,0.64335,0.643,0.64307,684,0,0
2025-07-31 20:15:00,0.64307,0.64311,0.6427,0.64284,583,0,0
2025-07-31 20:30:00,0.64284,0.64288,0.64251,0.64285,782,0,0
2025-07-31 20:45:00,0.64284,0.64294,0.64243,0.64261,659,0,0
2025-07-31 21:00:00,0.64261,0.64271,0.64249,0.64255,614,0,0
2025-07-31 21:15:00,0.64255,0.64301,0.64242,0.64291,591,0,0
2025-07-31 21:30:00,0.64291,0.64328,0.6429,0.64319,445,0,0
2025-07-31 21:45:00,0.64319,0.64337,0.64303,0.64317,496,0,0
2025-07-31 22:00:00,0.64317,0.64344,0.64317,0.64327,429,0,0
2025-07-31 22:15:00,0.64327,0.64337,0.64312,0.64322,447,0,0
2025-07-31 22:30:00,0.64322,0.64347,0.64321,0.64337,389,0,0
2025-07-31 22:45:00,0.64337,0.64346,0.64256,0.64258,775,0,0
2025-07-31 23:00:00,0.64259,0.64294,0.64249,0.64263,509,0,0
2025-07-31 23:15:00,0.64263,0.64273,0.6425,0.64259,260,0,0
2025-07-31 23:30:00,0.64259,0.64266,0.64237,0.64239,359,0,0
2025-07-31 23:45:00,0.64239,0.64265,0.64237,0.64246,298,6,0
2025-08-01 00:00:00,0.64249,0.64249,0.64167,0.64249,29,18,0
2025-08-01 00:15:00,0.64249,0.64249,0.64229,0.64236,90,45,0
2025-08-01 00:30:00,0.64236,0.64252,0.64206,0.64236,215,28,0
2025-08-01 00:45:00,0.64236,0.64254,0.64236,0.64244,88,27,0
2025-08-01 01:00:00,0.64247,0.64259,0.6422,0.64228,230,0,0
2025-08-01 01:15:00,0.64228,0.64238,0.64215,0.64231,301,0,0
2025-08-01 01:30:00,0.64231,0.64272,0.64231,0.64272,354,0,0
2025-08-01 01:45:00,0.64272,0.64299,0.64252,0.64266,428,0,0
2025-08-01 02:00:00,0.64266,0.64333,0.64252,0.64291,657,0,0
2025-08-01 02:15:00,0.64291,0.64305,0.64255,0.64304,421,0,0
2025-08-01 02:30:00,0.64304,0.64309,0.64279,0.64307,412,0,0
2025-08-01 02:45:00,0.64307,0.64326,0.64273,0.64277,368,0,0
2025-08-01 03:00:00,0.64278,0.64279,0.64216,0.64262,836,0,0
2025-08-01 03:15:00,0.64262,0.64297,0.64243,0.64284,757,0,0
2025-08-01 03:30:00,0.64284,0.64336,0.64276,0.64333,505,0,0
2025-08-01 03:45:00,0.64333,0.64345,0.64299,0.64314,708,0,0
2025-08-01 04:00:00,0.64314,0.64379,0.64283,0.64369,1014,0,0
2025-08-01 04:15:00,0.64369,0.64392,0.64357,0.64375,692,0,0
2025-08-01 04:30:00,0.64375,0.64377,0.64286,0.64297,866,0,0
2025-08-01 04:45:00,0.64297,0.64304,0.6425,0.64289,847,0,0
2025-08-01 05:00:00,0.6429,0.64322,0.64279,0.64301,852,0,0
2025-08-01 05:15:00,0.64301,0.64322,0.6428,0.6432,549,0,0
2025-08-01 05:30:00,0.6432,0.64321,0.64282,0.64288,544,0,0
2025-08-01 05:45:00,0.64288,0.64298,0.64267,0.64298,545,0,0
2025-08-01 06:00:00,0.64298,0.644,0.64298,0.64399,616,0,0
2025-08-01 06:15:00,0.64399,0.64402,0.64349,0.64357,629,0,0
2025-08-01 06:30:00,0.64357,0.64373,0.64329,0.64371,446,0,0
2025-08-01 06:45:00,0.64371,0.644,0.64356,0.6436,433,0,0
2025-08-01 07:00:00,0.64359,0.64387,0.64348,0.64368,406,0,0
2025-08-01 07:15:00,0.64368,0.64378,0.6435,0.64359,378,0,0
2025-08-01 07:30:00,0.64359,0.64383,0.64353,0.64362,416,0,0
2025-08-01 07:45:00,0.64362,0.6437,0.64344,0.64359,520,0,0
2025-08-01 08:00:00,0.64359,0.64387,0.64342,0.64349,508,0,0
2025-08-01 08:15:00,0.64349,0.64369,0.64337,0.64353,464,0,0
2025-08-01 08:30:00,0.64353,0.64364,0.64342,0.64348,476,0,0
2025-08-01 08:45:00,0.64348,0.64393,0.64338,0.64351,643,0,0
2025-08-01 09:00:00,0.64351,0.64382,0.6434,0.64357,713,0,0
2025-08-01 09:15:00,0.64357,0.64385,0.64331,0.64333,564,0,0
2025-08-01 09:30:00,0.64333,0.64371,0.64281,0.64338,706,0,0
2025-08-01 09:45:00,0.64337,0.6434,0.64312,0.64332,579,0,0
2025-08-01 10:00:00,0.64332,0.64348,0.64293,0.64294,742,0,0
2025-08-01 10:15:00,0.64294,0.64313,0.64269,0.64286,768,0,0
2025-08-01 10:30:00,0.64286,0.64305,0.64269,0.64304,533,0,0
2025-08-01 10:45:00,0.64304,0.64314,0.64275,0.64299,707,0,0
2025-08-01 11:00:00,0.64299,0.64307,0.6428,0.64298,636,0,0
2025-08-01 11:15:00,0.64298,0.64325,0.64278,0.64294,510,0,0
2025-08-01 11:30:00,0.64294,0.64302,0.64251,0.6426,620,0,0
2025-08-01 11:45:00,0.6426,0.64287,0.64225,0.64231,564,0,0
2025-08-01 12:00:00,0.64231,0.64256,0.64221,0.64235,535,0,0
2025-08-01 12:15:00,0.64235,0.64235,0.64197,0.64205,574,0,0
2025-08-01 12:30:00,0.64205,0.64233,0.64197,0.64212,479,0,0
2025-08-01 12:45:00,0.64212,0.6422,0.6419,0.64212,506,0,0
2025-08-01 13:00:00,0.64214,0.64245,0.64207,0.64238,407,0,0
2025-08-01 13:15:00,0.64238,0.64243,0.64222,0.64234,365,0,0
2025-08-01 13:30:00,0.64234,0.64289,0.64228,0.64256,427,0,0
2025-08-01 13:45:00,0.64256,0.64262,0.64241,0.64253,609,0,0
2025-08-01 14:00:00,0.64253,0.64329,0.64248,0.64318,534,0,0
2025-08-01 14:15:00,0.64318,0.64331,0.643,0.643,487,0,0
2025-08-01 14:30:00,0.643,0.64303,0.64267,0.64276,512,0,0
2025-08-01 14:45:00,0.64276,0.64287,0.64236,0.64238,557,0,0
2025-08-01 15:00:00,0.64238,0.64255,0.64203,0.64242,736,0,0
2025-08-01 15:15:00,0.64242,0.64254,0.6419,0.642,895,0,0
2025-08-01 15:30:00,0.64198,0.6479,0.64196,0.64765,4174,0,0
2025-08-01 15:45:00,0.64763,0.64866,0.64746,0.64815,3153,0,0
2025-08-01 16:00:00,0.64811,0.6493,0.64767,0.64926,2911,0,0
2025-08-01 16:15:00,0.64926,0.64934,0.64808,0.64896,2613,0,0
2025-08-01 16:30:00,0.64897,0.64904,0.64691,0.64699,2795,0,0
2025-08-01 16:45:00,0.64699,0.64731,0.64611,0.6467,2287,0,0
2025-08-01 17:00:00,0.6467,0.64765,0.64606,0.64612,3336,0,0
2025-08-01 17:15:00,0.64611,0.64786,0.64611,0.64717,2568,0,0
2025-08-01 17:30:00,0.64715,0.64726,0.64617,0.64643,2338,0,0
2025-08-01 17:45:00,0.64644,0.64697,0.64578,0.64622,2162,0,0
2025-08-01 18:00:00,0.64622,0.64681,0.64595,0.64647,1557,0,0
2025-08-01 18:15:00,0.64647,0.64682,0.64526,0.64538,1478,0,0
2025-08-01 18:30:00,0.64539,0.64646,0.6452,0.64638,1298,0,0
2025-08-01 18:45:00,0.64638,0.64703,0.64632,0.64667,1288,0,0
2025-08-01 19:00:00,0.64667,0.6468,0.64622,0.64653,1264,0,0
2025-08-01 19:15:00,0.64653,0.64685,0.64599,0.64603,1070,0,0
2025-08-01 19:30:00,0.64603,0.64607,0.6456,0.64565,1040,0,0
2025-08-01 19:45:00,0.64565,0.64599,0.64535,0.64542,1033,0,0
2025-08-01 20:00:00,0.64542,0.64549,0.64393,0.64396,1369,0,0
2025-08-01 20:15:00,0.64396,0.64453,0.64374,0.64417,1064,0,0
2025-08-01 20:30:00,0.64417,0.64463,0.64401,0.64433,987,0,0
2025-08-01 20:45:00,0.64434,0.64477,0.6442,0.64463,871,0,0
2025-08-01 21:00:00,0.64463,0.64473,0.64415,0.6445,1023,0,0
2025-08-01 21:15:00,0.6445,0.64505,0.64441,0.64501,889,0,0
2025-08-01 21:30:00,0.64501,0.64562,0.64493,0.64557,838,0,0
2025-08-01 21:45:00,0.64557,0.64563,0.644,0.644,1070,0,0
2025-08-01 22:00:00,0.644,0.64471,0.64394,0.64466,959,0,0
2025-08-01 22:15:00,0.64466,0.64488,0.64424,0.64445,772,0,0
2025-08-01 22:30:00,0.64445,0.64603,0.64415,0.64595,2001,0,0
2025-08-01 22:45:00,0.64595,0.64636,0.64565,0.64572,1647,0,0
2025-08-01 23:00:00,0.64573,0.64672,0.64573,0.64671,617,0,0
2025-08-01 23:15:00,0.6467,0.64698,0.6466,0.64692,396,0,0
2025-08-01 23:30:00,0.64692,0.64741,0.64677,0.64687,632,0,0
2025-08-01 23:45:00,0.64687,0.64758,0.64668,0.64688,537,8,0
2025-08-04 00:00:00,0.64586,0.64639,0.64535,0.64623,1435,116,0
2025-08-04 00:15:00,0.64623,0.64653,0.64597,0.64603,88,81,0
2025-08-04 00:30:00,0.64603,0.64607,0.64587,0.64598,73,61,0
2025-08-04 00:45:00,0.64598,0.64606,0.64587,0.64594,67,56,0
2025-08-04 01:00:00,0.64594,0.64702,0.6459,0.64657,573,0,0
2025-08-04 01:15:00,0.64657,0.64696,0.64641,0.64672,665,0,0
2025-08-04 01:30:00,0.64672,0.64679,0.64648,0.64655,554,0,0
2025-08-04 01:45:00,0.64655,0.64676,0.64639,0.64662,528,0,0
2025-08-04 02:00:00,0.64662,0.64669,0.64644,0.64658,524,0,0
2025-08-04 02:15:00,0.64658,0.64664,0.64631,0.64651,399,0,0
2025-08-04 02:30:00,0.64651,0.64674,0.64643,0.64672,426,0,0
2025-08-04 02:45:00,0.64672,0.64727,0.6467,0.64691,565,0,0
2025-08-04 03:00:00,0.64691,0.64753,0.64684,0.64697,1177,0,0
2025-08-04 03:15:00,0.64697,0.64725,0.64664,0.64699,859,0,0
2025-08-04 03:30:00,0.64702,0.64703,0.64624,0.64666,880,0,0
2025-08-04 03:45:00,0.64666,0.64756,0.64665,0.64739,1028,0,0
2025-08-04 04:00:00,0.6474,0.64792,0.6468,0.64692,1158,0,0
2025-08-04 04:15:00,0.64692,0.64743,0.64685,0.6473,1045,0,0
2025-08-04 04:30:00,0.6473,0.64795,0.64726,0.64783,1254,0,0
2025-08-04 04:45:00,0.64783,0.64842,0.64782,0.64826,1100,0,0
2025-08-04 05:00:00,0.64826,0.64838,0.64768,0.64799,880,0,0
2025-08-04 05:15:00,0.64799,0.64824,0.64774,0.64783,669,0,0
2025-08-04 05:30:00,0.64783,0.64795,0.64765,0.64786,624,0,0
2025-08-04 05:45:00,0.64786,0.64789,0.64756,0.64767,506,0,0
2025-08-04 06:00:00,0.64766,0.64827,0.64766,0.64813,622,0,0
2025-08-04 06:15:00,0.64812,0.64822,0.64799,0.64819,518,0,0
2025-08-04 06:30:00,0.64819,0.64823,0.6478,0.64807,583,0,0
2025-08-04 06:45:00,0.64807,0.64838,0.64799,0.6482,573,0,0
2025-08-04 07:00:00,0.6482,0.64864,0.64813,0.64846,459,0,0
2025-08-04 07:15:00,0.64846,0.64848,0.64817,0.6484,440,0,0
2025-08-04 07:30:00,0.6484,0.64863,0.64816,0.64839,502,0,0
2025-08-04 07:45:00,0.64839,0.64849,0.64818,0.64821,539,0,0
2025-08-04 08:00:00,0.64821,0.64842,0.64801,0.64826,594,0,0
2025-08-04 08:15:00,0.64825,0.64846,0.64806,0.64836,617,0,0
2025-08-04 08:30:00,0.64836,0.64844,0.6481,0.64823,633,0,0
2025-08-04 08:45:00,0.64823,0.64823,0.64783,0.64812,735,0,0
2025-08-04 09:00:00,0.64812,0.64855,0.64771,0.64837,775,0,0
2025-08-04 09:15:00,0.64837,0.64856,0.64733,0.64755,847,0,0
2025-08-04 09:30:00,0.64755,0.64839,0.64751,0.6483,755,0,0
2025-08-04 09:45:00,0.6483,0.64854,0.64808,0.6481,770,0,0
2025-08-04 10:00:00,0.64811,0.64852,0.64794,0.6481,1081,0,0
2025-08-04 10:15:00,0.6481,0.64826,0.64744,0.64755,835,0,0
2025-08-04 10:30:00,0.64755,0.64773,0.6471,0.64753,836,0,0
2025-08-04 10:45:00,0.64753,0.64783,0.64719,0.64739,974,0,0
2025-08-04 11:00:00,0.64739,0.64754,0.6471,0.64737,993,0,0
2025-08-04 11:15:00,0.64737,0.64752,0.6472,0.64731,902,0,0
2025-08-04 11:30:00,0.64731,0.64733,0.64694,0.64729,865,0,0
2025-08-04 11:45:00,0.64729,0.64783,0.64714,0.64781,781,0,0
2025-08-04 12:00:00,0.64781,0.64827,0.64754,0.64826,788,0,0
2025-08-04 12:15:00,0.64826,0.64865,0.64818,0.64845,694,0,0
2025-08-04 12:30:00,0.64845,0.64861,0.64827,0.64828,573,0,0
2025-08-04 12:45:00,0.64828,0.64831,0.64763,0.64766,764,0,0
2025-08-04 13:00:00,0.64766,0.64781,0.64755,0.64775,655,0,0
2025-08-04 13:15:00,0.64775,0.64777,0.6472,0.64739,658,0,0
2025-08-04 13:30:00,0.64739,0.64759,0.64698,0.64729,812,0,0
2025-08-04 13:45:00,0.64729,0.64805,0.64723,0.64789,764,0,0
2025-08-04 14:00:00,0.64789,0.6481,0.64761,0.64806,873,0,0
2025-08-04 14:15:00,0.64806,0.64833,0.64793,0.6481,726,0,0
2025-08-04 14:30:00,0.6481,0.64812,0.64776,0.64778,727,0,0
2025-08-04 14:45:00,0.64778,0.64828,0.64766,0.64821,795,0,0
2025-08-04 15:00:00,0.64821,0.64835,0.64789,0.64801,938,0,0
2025-08-04 15:15:00,0.64801,0.64867,0.64797,0.6486,967,0,0
2025-08-04 15:30:00,0.6486,0.64878,0.64849,0.6486,767,0,0
2025-08-04 15:45:00,0.64859,0.64871,0.64806,0.64811,761,0,0
2025-08-04 16:00:00,0.64811,0.64884,0.64801,0.64882,941,0,0
2025-08-04 16:15:00,0.64882,0.64898,0.64848,0.64881,850,0,0
2025-08-04 16:30:00,0.64881,0.64893,0.64813,0.64825,1161,0,0
2025-08-04 16:45:00,0.64825,0.64842,0.64798,0.6482,1084,0,0
2025-08-04 17:00:00,0.64821,0.64845,0.64756,0.64801,1309,0,0
2025-08-04 17:15:00,0.64801,0.64856,0.64783,0.64832,1151,0,0
2025-08-04 17:30:00,0.64832,0.6488,0.64814,0.64816,967,0,0
2025-08-04 17:45:00,0.64816,0.6483,0.64707,0.64714,1392,0,0
2025-08-04 18:00:00,0.64714,0.64735,0.64697,0.64713,1269,0,0
2025-08-04 18:15:00,0.64713,0.6472,0.64652,0.64659,922,0,0
2025-08-04 18:30:00,0.64659,0.64696,0.64626,0.64679,891,0,0
2025-08-04 18:45:00,0.6468,0.647,0.6464,0.64649,823,0,0
2025-08-04 19:00:00,0.64649,0.64668,0.64612,0.64654,871,0,0
2025-08-04 19:15:00,0.64654,0.64667,0.64632,0.64667,740,0,0
2025-08-04 19:30:00,0.64667,0.64669,0.64638,0.64653,684,0,0
2025-08-04 19:45:00,0.64653,0.64675,0.64634,0.64644,678,0,0
2025-08-04 20:00:00,0.64644,0.64655,0.64618,0.64636,682,0,0
2025-08-04 20:15:00,0.64636,0.64647,0.64619,0.64624,587,0,0
2025-08-04 20:30:00,0.64624,0.64631,0.646,0.64605,519,0,0
2025-08-04 20:45:00,0.64605,0.64631,0.64603,0.64624,667,0,0
2025-08-04 21:00:00,0.64623,0.64641,0.64623,0.64629,482,0,0
2025-08-04 21:15:00,0.64629,0.64659,0.64624,0.64632,528,0,0
2025-08-04 21:30:00,0.64633,0.64639,0.64601,0.64617,596,0,0
2025-08-04 21:45:00,0.64617,0.64626,0.64593,0.64601,561,0,0
2025-08-04 22:00:00,0.64601,0.64631,0.64595,0.64624,465,0,0
2025-08-04 22:15:00,0.64624,0.64657,0.64621,0.64652,372,0,0
2025-08-04 22:30:00,0.64652,0.64657,0.64634,0.64639,415,0,0
2025-08-04 22:45:00,0.64639,0.64651,0.64626,0.64646,531,0,0
2025-08-04 23:00:00,0.64646,0.64686,0.64634,0.64684,360,0,0
2025-08-04 23:15:00,0.64684,0.64702,0.64679,0.64681,297,0,0
2025-08-04 23:30:00,0.64681,0.64685,0.64658,0.64658,203,0,0
2025-08-04 23:45:00,0.64658,0.64686,0.64652,0.64666,232,5,0
2025-08-05 00:00:00,0.64657,0.64657,0.6462,0.64652,28,32,0
2025-08-05 00:15:00,0.64652,0.64652,0.64563,0.64567,90,54,0
2025-08-05 00:30:00,0.64567,0.64662,0.64567,0.6465,326,73,0
2025-08-05 00:45:00,0.6465,0.64662,0.64607,0.6465,251,55,0
2025-08-05 01:00:00,0.6465,0.6471,0.6464,0.647,250,0,0
2025-08-05 01:15:00,0.647,0.64718,0.64694,0.64701,275,0,0
2025-08-05 01:30:00,0.64701,0.64717,0.64693,0.64715,259,0,0
2025-08-05 01:45:00,0.64715,0.64721,0.647,0.64709,217,0,0
2025-08-05 02:00:00,0.64709,0.64737,0.64693,0.64729,1209,0,0
2025-08-05 02:15:00,0.64729,0.64738,0.64709,0.6473,587,0,0
2025-08-05 02:30:00,0.6473,0.64746,0.64722,0.64739,291,0,0
2025-08-05 02:45:00,0.64739,0.64756,0.64726,0.64741,358,0,0
2025-08-05 03:00:00,0.64741,0.64795,0.6474,0.64751,702,0,0
2025-08-05 03:15:00,0.64751,0.64751,0.64681,0.6471,589,0,0
2025-08-05 03:30:00,0.6471,0.64753,0.64698,0.64746,625,0,0
2025-08-05 03:45:00,0.64746,0.6476,0.64711,0.64722,832,0,0
2025-08-05 04:00:00,0.64723,0.64738,0.64662,0.64673,793,0,0
2025-08-05 04:15:00,0.64673,0.64688,0.64649,0.64687,676,0,0
2025-08-05 04:30:00,0.64687,0.64709,0.64666,0.64696,661,0,0
2025-08-05 04:45:00,0.64696,0.6471,0.64635,0.64651,677,0,0
2025-08-05 05:00:00,0.64651,0.64651,0.646,0.6461,686,0,0
2025-08-05 05:15:00,0.6461,0.64639,0.646,0.64611,577,0,0
2025-08-05 05:30:00,0.64611,0.64611,0.64577,0.64593,618,0,0
2025-08-05 05:45:00,0.64593,0.64613,0.64585,0.64609,516,0,0
2025-08-05 06:00:00,0.64609,0.64622,0.64598,0.64613,498,0,0
2025-08-05 06:15:00,0.64613,0.64616,0.64574,0.6459,509,0,0
2025-08-05 06:30:00,0.6459,0.64614,0.6458,0.64602,384,0,0
2025-08-05 06:45:00,0.64602,0.64607,0.64542,0.64551,424,0,0
2025-08-05 07:00:00,0.64551,0.64573,0.64535,0.64565,512,0,0
2025-08-05 07:15:00,0.64565,0.64583,0.64557,0.64582,359,0,0
2025-08-05 07:30:00,0.64582,0.64611,0.64565,0.64609,430,0,0
2025-08-05 07:45:00,0.64609,0.6466,0.64604,0.64643,436,0,0
2025-08-05 08:00:00,0.64643,0.64645,0.64607,0.64623,499,0,0
2025-08-05 08:15:00,0.64623,0.64624,0.64577,0.64607,472,0,0
2025-08-05 08:30:00,0.64607,0.64616,0.64574,0.64593,684,0,0
2025-08-05 08:45:00,0.64593,0.6462,0.6458,0.64596,568,0,0
2025-08-05 09:00:00,0.64596,0.64624,0.64576,0.64619,649,0,0
2025-08-05 09:15:00,0.64619,0.64715,0.64616,0.64689,679,0,0
2025-08-05 09:30:00,0.64689,0.64691,0.64635,0.64641,707,0,0
2025-08-05 09:45:00,0.64641,0.64655,0.64585,0.64607,748,0,0
2025-08-05 10:00:00,0.64606,0.64677,0.64593,0.6465,842,0,0
2025-08-05 10:15:00,0.6465,0.64717,0.6465,0.6468,733,0,0
2025-08-05 10:30:00,0.6468,0.64691,0.64628,0.64645,782,0,0
2025-08-05 10:45:00,0.64645,0.64645,0.64543,0.64595,1088,0,0
2025-08-05 11:00:00,0.64595,0.64601,0.64542,0.64551,1125,0,0
2025-08-05 11:15:00,0.64551,0.646,0.64527,0.64587,940,0,0
2025-08-05 11:30:00,0.64587,0.64597,0.64523,0.64528,857,0,0
2025-08-05 11:45:00,0.64528,0.64534,0.64496,0.64529,916,0,0
2025-08-05 12:00:00,0.64529,0.64559,0.64516,0.64556,765,0,0
2025-08-05 12:15:00,0.64556,0.64608,0.64552,0.646,573,0,0
2025-08-05 12:30:00,0.646,0.64606,0.64571,0.64576,536,0,0
2025-08-05 12:45:00,0.64576,0.64612,0.64576,0.64581,611,0,0
2025-08-05 13:00:00,0.6458,0.64617,0.64557,0.64585,641,0,0
2025-08-05 13:15:00,0.64585,0.6459,0.64557,0.6456,712,0,0
2025-08-05 13:30:00,0.6456,0.64595,0.64553,0.64593,504,0,0
2025-08-05 13:45:00,0.64593,0.64603,0.64576,0.64576,488,0,0
2025-08-05 14:00:00,0.64576,0.64578,0.64542,0.64547,460,0,0
2025-08-05 14:15:00,0.64547,0.64605,0.64534,0.64588,594,0,0
2025-08-05 14:30:00,0.64588,0.64596,0.64529,0.64554,804,0,0
2025-08-05 14:45:00,0.64554,0.64599,0.64545,0.64595,760,0,0
2025-08-05 15:00:00,0.64595,0.64653,0.6458,0.64619,1116,0,0
2025-08-05 15:15:00,0.64619,0.64647,0.64585,0.64609,1354,0,0
2025-08-05 15:30:00,0.64609,0.64666,0.64579,0.64657,976,0,0
2025-08-05 15:45:00,0.64657,0.64682,0.64621,0.64654,866,0,0
2025-08-05 16:00:00,0.64654,0.64701,0.64648,0.64701,881,0,0
2025-08-05 16:15:00,0.64701,0.64742,0.6468,0.64739,750,0,0
2025-08-05 16:30:00,0.64739,0.6474,0.64684,0.64693,1144,0,0
2025-08-05 16:45:00,0.64692,0.64705,0.6461,0.6465,1158,0,0
2025-08-05 17:00:00,0.6465,0.64744,0.64596,0.64626,2635,0,0
2025-08-05 17:15:00,0.64626,0.64669,0.64575,0.64619,1948,0,0
2025-08-05 17:30:00,0.64619,0.64641,0.64549,0.64632,1567,0,0
2025-08-05 17:45:00,0.6463,0.64636,0.64549,0.64617,1450,0,0
2025-08-05 18:00:00,0.64617,0.64702,0.6461,0.64691,1342,0,0
2025-08-05 18:15:00,0.64691,0.64701,0.64651,0.64671,920,0,0
2025-08-05 18:30:00,0.64672,0.64691,0.64631,0.64662,1109,0,0
2025-08-05 18:45:00,0.64662,0.64703,0.64635,0.64703,854,0,0
2025-08-05 19:00:00,0.64702,0.64736,0.64684,0.64716,783,0,0
2025-08-05 19:15:00,0.64716,0.64749,0.64702,0.64748,604,0,0
2025-08-05 19:30:00,0.64748,0.64783,0.64726,0.64729,757,0,0
2025-08-05 19:45:00,0.64729,0.64761,0.64714,0.64752,671,0,0
2025-08-05 20:00:00,0.64752,0.64767,0.64739,0.64755,559,0,0
2025-08-05 20:15:00,0.64755,0.64774,0.64747,0.64771,715,0,0
2025-08-05 20:30:00,0.64771,0.64786,0.6476,0.64779,481,0,0
2025-08-05 20:45:00,0.64779,0.64781,0.64739,0.6475,520,0,0
2025-08-05 21:00:00,0.6475,0.64754,0.64712,0.64713,672,0,0
2025-08-05 21:15:00,0.64713,0.64737,0.64704,0.64732,693,0,0
2025-08-05 21:30:00,0.64732,0.64741,0.64716,0.64723,573,0,0
2025-08-05 21:45:00,0.64723,0.64724,0.64665,0.64684,713,0,0
2025-08-05 22:00:00,0.64684,0.64688,0.64654,0.64677,549,0,0
2025-08-05 22:15:00,0.64677,0.64684,0.64662,0.64678,505,0,0
2025-08-05 22:30:00,0.64678,0.64695,0.64677,0.64691,499,0,0
2025-08-05 22:45:00,0.64691,0.64707,0.64681,0.64686,486,0,0
2025-08-05 23:00:00,0.64686,0.64711,0.64686,0.64689,332,0,0
2025-08-05 23:15:00,0.64689,0.64702,0.64682,0.64694,291,0,0
2025-08-05 23:30:00,0.64693,0.64712,0.64685,0.64712,232,0,0
2025-08-05 23:45:00,0.64713,0.64734,0.64713,0.64723,215,5,0
2025-08-06 00:00:00,0.64715,0.64719,0.64623,0.647,29,17,0
2025-08-06 00:15:00,0.647,0.64705,0.64692,0.64696,22,37,0
2025-08-06 00:30:00,0.64696,0.64703,0.64664,0.64666,63,38,0
2025-08-06 00:45:00,0.64666,0.64673,0.64664,0.64672,131,40,0
2025-08-06 01:00:00,0.64672,0.64704,0.64672,0.64688,188,0,0
2025-08-06 01:15:00,0.64688,0.64707,0.64683,0.64693,228,0,0
2025-08-06 01:30:00,0.64693,0.64699,0.64682,0.64697,238,0,0
2025-08-06 01:45:00,0.64697,0.64718,0.64685,0.64704,413,0,0
2025-08-06 02:00:00,0.64703,0.64721,0.64692,0.64716,316,0,0
2025-08-06 02:15:00,0.64716,0.6473,0.64707,0.64722,236,0,0
2025-08-06 02:30:00,0.64722,0.64745,0.64713,0.64744,248,0,0
2025-08-06 02:45:00,0.64744,0.64755,0.64715,0.64716,321,0,0
2025-08-06 03:00:00,0.64716,0.64802,0.64709,0.6479,811,0,0
2025-08-06 03:15:00,0.6479,0.64821,0.6477,0.64773,560,0,0
2025-08-06 03:30:00,0.64773,0.64799,0.64768,0.64784,537,0,0
2025-08-06 03:45:00,0.64784,0.6479,0.64762,0.64768,595,0,0
2025-08-06 04:00:00,0.64768,0.6478,0.64751,0.64754,641,0,0
2025-08-06 04:15:00,0.64754,0.64756,0.64717,0.6473,613,0,0
2025-08-06 04:30:00,0.6473,0.64785,0.64728,0.6478,583,0,0
2025-08-06 04:45:00,0.6478,0.64795,0.64766,0.64785,533,0,0
2025-08-06 05:00:00,0.64785,0.64824,0.64766,0.64814,585,0,0
2025-08-06 05:15:00,0.64814,0.64849,0.6481,0.64831,541,0,0
2025-08-06 05:30:00,0.64831,0.64847,0.64817,0.64823,610,0,0
2025-08-06 05:45:00,0.64823,0.64832,0.64812,0.64829,480,0,0
2025-08-06 06:00:00,0.64829,0.64867,0.64829,0.64858,467,0,0
2025-08-06 06:15:00,0.64858,0.64895,0.64855,0.64894,508,0,0
2025-08-06 06:30:00,0.64894,0.6491,0.64881,0.64891,447,0,0
2025-08-06 06:45:00,0.64891,0.64906,0.64883,0.64887,409,0,0
2025-08-06 07:00:00,0.64887,0.64917,0.64883,0.64903,409,0,0
2025-08-06 07:15:00,0.64903,0.6494,0.64903,0.64921,391,0,0
2025-08-06 07:30:00,0.64921,0.64949,0.64921,0.64937,431,0,0
2025-08-06 07:45:00,0.64937,0.64949,0.64928,0.64933,412,0,0
2025-08-06 08:00:00,0.64933,0.6494,0.64886,0.64902,543,0,0
2025-08-06 08:15:00,0.64902,0.64905,0.64886,0.64893,440,0,0
2025-08-06 08:30:00,0.64893,0.64893,0.64854,0.64878,425,0,0
2025-08-06 08:45:00,0.64878,0.64882,0.64842,0.64864,474,0,0
2025-08-06 09:00:00,0.64863,0.64889,0.6486,0.64875,539,0,0
2025-08-06 09:15:00,0.64874,0.64908,0.64871,0.64899,408,0,0
2025-08-06 09:30:00,0.64899,0.64932,0.64896,0.64909,735,0,0
2025-08-06 09:45:00,0.6491,0.6492,0.64895,0.64901,750,0,0
2025-08-06 10:00:00,0.64901,0.64902,0.6487,0.6488,849,0,0
2025-08-06 10:15:00,0.6488,0.64942,0.64872,0.64937,652,0,0
2025-08-06 10:30:00,0.64937,0.64953,0.64918,0.64943,667,0,0
2025-08-06 10:45:00,0.64943,0.64958,0.6493,0.64948,755,0,0
2025-08-06 11:00:00,0.64949,0.64949,0.64905,0.64923,781,0,0
2025-08-06 11:15:00,0.64923,0.64929,0.64879,0.64881,606,0,0
2025-08-06 11:30:00,0.64881,0.64902,0.64872,0.64899,672,0,0
2025-08-06 11:45:00,0.64899,0.64919,0.64887,0.64911,551,0,0
2025-08-06 12:00:00,0.64911,0.64931,0.64906,0.64931,561,0,0
2025-08-06 12:15:00,0.64931,0.64942,0.64925,0.64928,496,0,0
2025-08-06 12:30:00,0.64927,0.6495,0.64919,0.64938,481,0,0
2025-08-06 12:45:00,0.64938,0.64947,0.64922,0.64926,522,0,0
2025-08-06 13:00:00,0.64924,0.64964,0.6491,0.64961,740,0,0
2025-08-06 13:15:00,0.64961,0.64994,0.64952,0.64958,573,0,0
2025-08-06 13:30:00,0.64958,0.6498,0.6495,0.64979,471,0,0
2025-08-06 13:45:00,0.64979,0.65066,0.64973,0.65045,676,0,0
2025-08-06 14:00:00,0.65045,0.65052,0.64999,0.6505,633,0,0
2025-08-06 14:15:00,0.6505,0.65072,0.65045,0.65062,431,0,0
2025-08-06 14:30:00,0.65062,0.65079,0.65037,0.65052,598,0,0
2025-08-06 14:45:00,0.65052,0.65057,0.65037,0.65046,487,0,0
2025-08-06 15:00:00,0.65046,0.65058,0.65012,0.65014,701,0,0
2025-08-06 15:15:00,0.65014,0.65048,0.65004,0.65033,638,0,0
2025-08-06 15:30:00,0.65033,0.65039,0.64957,0.64972,685,0,0
2025-08-06 15:45:00,0.64972,0.65054,0.6497,0.65037,754,0,0
2025-08-06 16:00:00,0.65037,0.65072,0.65017,0.65067,812,0,0
2025-08-06 16:15:00,0.65066,0.6508,0.65022,0.65025,705,0,0
2025-08-06 16:30:00,0.65025,0.65057,0.65003,0.65036,1063,0,0
2025-08-06 16:45:00,0.65036,0.65057,0.64992,0.6501,1151,0,0
2025-08-06 17:00:00,0.65011,0.65018,0.64954,0.64955,1150,0,0
2025-08-06 17:15:00,0.64955,0.64963,0.64921,0.64953,961,0,0
2025-08-06 17:30:00,0.64953,0.64956,0.64887,0.64895,909,0,0
2025-08-06 17:45:00,0.64895,0.64944,0.64893,0.64936,849,0,0
2025-08-06 18:00:00,0.64936,0.64997,0.64927,0.64985,712,0,0
2025-08-06 18:15:00,0.64985,0.65018,0.64969,0.64998,714,0,0
2025-08-06 18:30:00,0.64998,0.65006,0.64888,0.64991,1642,0,0
2025-08-06 18:45:00,0.64991,0.65044,0.64987,0.65029,1238,0,0
2025-08-06 19:00:00,0.65029,0.65038,0.65006,0.65015,858,0,0
2025-08-06 19:15:00,0.65015,0.65046,0.64996,0.65026,761,0,0
2025-08-06 19:30:00,0.65026,0.65029,0.64991,0.64999,679,0,0
2025-08-06 19:45:00,0.64999,0.64999,0.64964,0.64985,1020,0,0
2025-08-06 20:00:00,0.64985,0.65035,0.6497,0.65021,964,0,0
2025-08-06 20:15:00,0.65021,0.65041,0.65013,0.65033,723,0,0
2025-08-06 20:30:00,0.65033,0.65067,0.65022,0.65067,610,0,0
2025-08-06 20:45:00,0.65067,0.65069,0.65033,0.65038,578,0,0
2025-08-06 21:00:00,0.6504,0.65075,0.65029,0.65069,594,0,0
2025-08-06 21:15:00,0.65069,0.65072,0.65035,0.65069,502,0,0
2025-08-06 21:30:00,0.65069,0.6509,0.65058,0.65075,483,0,0
2025-08-06 21:45:00,0.65075,0.65079,0.65042,0.65044,523,0,0
2025-08-06 22:00:00,0.65044,0.65055,0.65041,0.6505,495,0,0
2025-08-06 22:15:00,0.6505,0.65059,0.65047,0.6505,412,0,0
2025-08-06 22:30:00,0.6505,0.65062,0.65042,0.65048,350,0,0
2025-08-06 22:45:00,0.65048,0.65049,0.65018,0.65037,557,0,0
2025-08-06 23:00:00,0.65037,0.65049,0.65022,0.65023,327,0,0
2025-08-06 23:15:00,0.65023,0.6504,0.65018,0.65034,182,0,0
2025-08-06 23:30:00,0.65034,0.65041,0.64993,0.65006,461,0,0
2025-08-06 23:45:00,0.65007,0.65032,0.65001,0.65029,320,6,0
2025-08-07 00:00:00,0.65021,0.65021,0.6488,0.65016,24,16,0
2025-08-07 00:15:00,0.65016,0.65016,0.64957,0.65002,58,36,0
2025-08-07 00:30:00,0.65002,0.65002,0.64956,0.64983,31,54,0
2025-08-07 00:45:00,0.64983,0.64988,0.64951,0.64982,58,52,0
2025-08-07 01:00:00,0.64982,0.65045,0.64982,0.6504,292,0,0
2025-08-07 01:15:00,0.6504,0.65058,0.65029,0.65046,330,0,0
2025-08-07 01:30:00,0.65046,0.65055,0.65043,0.6505,220,0,0
2025-08-07 01:45:00,0.6505,0.65054,0.65032,0.65042,146,0,0
2025-08-07 02:00:00,0.65042,0.65062,0.65035,0.65053,268,0,0
2025-08-07 02:15:00,0.65053,0.6506,0.65029,0.65033,210,0,0
2025-08-07 02:30:00,0.65033,0.65033,0.6501,0.65015,231,0,0
2025-08-07 02:45:00,0.65015,0.65016,0.64988,0.64997,430,0,0
2025-08-07 03:00:00,0.64996,0.65004,0.64969,0.64988,652,0,0
2025-08-07 03:15:00,0.64988,0.6502,0.64975,0.65002,590,0,0
2025-08-07 03:30:00,0.65001,0.6502,0.64991,0.65003,639,0,0
2025-08-07 03:45:00,0.65003,0.65015,0.64964,0.64967,721,0,0
2025-08-07 04:00:00,0.64967,0.65019,0.64959,0.64992,666,0,0
2025-08-07 04:15:00,0.64992,0.65021,0.64989,0.65015,713,0,0
2025-08-07 04:30:00,0.65015,0.65098,0.65015,0.65097,896,0,0
2025-08-07 04:45:00,0.65097,0.65143,0.65094,0.65103,828,0,0
2025-08-07 05:00:00,0.65103,0.65138,0.6509,0.65127,771,0,0
2025-08-07 05:15:00,0.65127,0.6513,0.65064,0.65069,628,0,0
2025-08-07 05:30:00,0.65069,0.65086,0.65055,0.65058,583,0,0
2025-08-07 05:45:00,0.65058,0.65068,0.65045,0.65058,568,0,0
2025-08-07 06:00:00,0.65058,0.65066,0.6504,0.65058,453,0,0
2025-08-07 06:15:00,0.65058,0.65072,0.6503,0.65062,571,0,0
2025-08-07 06:30:00,0.65062,0.65114,0.65057,0.65065,540,0,0
2025-08-07 06:45:00,0.65065,0.65118,0.6506,0.65113,484,0,0
2025-08-07 07:00:00,0.65113,0.65157,0.65105,0.65131,515,0,0
2025-08-07 07:15:00,0.65131,0.65169,0.65126,0.65156,490,0,0
2025-08-07 07:30:00,0.65156,0.65176,0.65149,0.65171,516,0,0
2025-08-07 07:45:00,0.65171,0.65172,0.65148,0.65168,449,0,0
2025-08-07 08:00:00,0.65168,0.65177,0.65124,0.65125,505,0,0
2025-08-07 08:15:00,0.65125,0.6514,0.65112,0.65138,465,0,0
2025-08-07 08:30:00,0.65138,0.65154,0.65125,0.65148,482,0,0
2025-08-07 08:45:00,0.65148,0.65175,0.65143,0.65173,575,0,0
2025-08-07 09:00:00,0.65173,0.65208,0.65164,0.65195,590,0,0
2025-08-07 09:15:00,0.65195,0.65268,0.65194,0.65251,695,0,0
2025-08-07 09:30:00,0.65251,0.65268,0.65248,0.65256,590,0,0
2025-08-07 09:45:00,0.65256,0.65272,0.65229,0.65235,652,0,0
2025-08-07 10:00:00,0.65234,0.65245,0.65217,0.65226,683,0,0
2025-08-07 10:15:00,0.65226,0.65267,0.65225,0.65264,587,0,0
2025-08-07 10:30:00,0.65264,0.65302,0.65244,0.65286,759,0,0
2025-08-07 10:45:00,0.65286,0.65377,0.65275,0.65371,971,0,0
2025-08-07 11:00:00,0.65371,0.65413,0.65311,0.65324,1137,0,0
2025-08-07 11:15:00,0.65324,0.65326,0.6527,0.65289,895,0,0
2025-08-07 11:30:00,0.65289,0.65324,0.65273,0.65312,720,0,0
2025-08-07 11:45:00,0.65312,0.65333,0.65296,0.6531,742,0,0
2025-08-07 12:00:00,0.65311,0.65321,0.65277,0.65299,827,0,0
2025-08-07 12:15:00,0.65298,0.65315,0.6529,0.65297,704,0,0
2025-08-07 12:30:00,0.65297,0.65299,0.65259,0.65272,693,0,0
2025-08-07 12:45:00,0.65272,0.65284,0.6524,0.65244,632,0,0
2025-08-07 13:00:00,0.65244,0.65266,0.65223,0.65256,696,0,0
2025-08-07 13:15:00,0.65256,0.65276,0.65223,0.65225,616,0,0
2025-08-07 13:30:00,0.65225,0.65267,0.65222,0.6526,683,0,0
2025-08-07 13:45:00,0.6526,0.65281,0.65245,0.65275,587,0,0
2025-08-07 14:00:00,0.65275,0.65326,0.652,0.65225,1182,0,0
2025-08-07 14:15:00,0.65225,0.65259,0.65205,0.6522,730,0,0
2025-08-07 14:30:00,0.6522,0.65232,0.65172,0.65187,989,0,0
2025-08-07 14:45:00,0.65187,0.65227,0.65181,0.65215,646,0,0
2025-08-07 15:00:00,0.65215,0.6524,0.65205,0.65208,864,0,0
2025-08-07 15:15:00,0.65208,0.65265,0.65202,0.65249,634,0,0
2025-08-07 15:30:00,0.65248,0.65287,0.65207,0.65222,1254,0,0
2025-08-07 15:45:00,0.65222,0.65276,0.65222,0.65252,967,0,0
2025-08-07 16:00:00,0.65252,0.65301,0.65251,0.65289,1165,0,0
2025-08-07 16:15:00,0.65289,0.65302,0.65222,0.65289,1241,0,0
2025-08-07 16:30:00,0.6529,0.65299,0.65229,0.65256,1516,0,0
2025-08-07 16:45:00,0.65256,0.65257,0.65159,0.65171,1184,0,0
2025-08-07 17:00:00,0.65171,0.65181,0.65049,0.6509,1874,0,0
2025-08-07 17:15:00,0.65088,0.65095,0.65031,0.65062,1572,0,0
2025-08-07 17:30:00,0.65061,0.65077,0.64991,0.65006,1266,0,0
2025-08-07 17:45:00,0.65006,0.65006,0.64948,0.64957,1258,0,0
2025-08-07 18:00:00,0.64957,0.6497,0.64895,0.64966,1108,0,0
2025-08-07 18:15:00,0.64965,0.64998,0.64961,0.64994,817,0,0
2025-08-07 18:30:00,0.64994,0.65015,0.64964,0.64992,803,0,0
2025-08-07 18:45:00,0.64992,0.65019,0.64986,0.65001,740,0,0
2025-08-07 19:00:00,0.65,0.65021,0.64983,0.65016,857,0,0
2025-08-07 19:15:00,0.65016,0.65045,0.64999,0.65031,707,0,0
2025-08-07 19:30:00,0.65032,0.6504,0.64975,0.64976,643,0,0
2025-08-07 19:45:00,0.64976,0.65019,0.64973,0.65009,612,0,0
2025-08-07 20:00:00,0.65009,0.65018,0.6498,0.64995,1028,0,0
2025-08-07 20:15:00,0.64994,0.65026,0.64976,0.64997,905,0,0
2025-08-07 20:30:00,0.64997,0.65042,0.64987,0.65037,805,0,0
2025-08-07 20:45:00,0.65037,0.6504,0.65015,0.65018,702,0,0
2025-08-07 21:00:00,0.65018,0.65039,0.65005,0.6502,610,0,0
2025-08-07 21:15:00,0.6502,0.65021,0.64979,0.65005,654,0,0
2025-08-07 21:30:00,0.65005,0.65007,0.64955,0.64955,673,0,0
2025-08-07 21:45:00,0.64955,0.64989,0.64948,0.64979,682,0,0
2025-08-07 22:00:00,0.64979,0.64988,0.6496,0.64971,518,0,0
2025-08-07 22:15:00,0.64971,0.64997,0.64969,0.64997,548,0,0
2025-08-07 22:30:00,0.65,0.65153,0.65,0.65151,1625,0,0
2025-08-07 22:45:00,0.65151,0.6516,0.65102,0.65159,1036,0,0
2025-08-07 23:00:00,0.65159,0.65221,0.65158,0.65208,555,0,0
2025-08-07 23:15:00,0.65208,0.65257,0.65205,0.65249,385,0,0
2025-08-07 23:30:00,0.65249,0.65249,0.65225,0.6523,345,0,0
2025-08-07 23:45:00,0.6523,0.65243,0.65221,0.65225,269,5,0
2025-08-08 00:00:00,0.65225,0.65225,0.65084,0.65144,67,22,0
2025-08-08 00:15:00,0.65144,0.65188,0.6509,0.65156,26,64,0
2025-08-08 00:30:00,0.65156,0.65159,0.65146,0.65154,67,76,0
2025-08-08 00:45:00,0.65154,0.65179,0.65145,0.65154,311,58,0
2025-08-08 01:00:00,0.65154,0.65263,0.65146,0.65245,336,0,0
2025-08-08 01:15:00,0.65245,0.65246,0.65231,0.65231,225,0,0
2025-08-08 01:30:00,0.65231,0.65263,0.65229,0.65263,361,0,0
2025-08-08 01:45:00,0.65263,0.65265,0.65242,0.65243,266,0,0
2025-08-08 02:00:00,0.65243,0.65267,0.65237,0.65252,284,0,0
2025-08-08 02:15:00,0.65252,0.65277,0.65252,0.65275,234,0,0
2025-08-08 02:30:00,0.65275,0.65279,0.6526,0.6527,205,0,0
2025-08-08 02:45:00,0.6527,0.6528,0.65244,0.6525,363,0,0
2025-08-08 03:00:00,0.6525,0.65265,0.65219,0.65262,734,0,0
2025-08-08 03:15:00,0.65262,0.65264,0.65191,0.65198,611,0,0
2025-08-08 03:30:00,0.65198,0.6522,0.65183,0.65202,599,0,0
2025-08-08 03:45:00,0.65202,0.65215,0.65182,0.65215,686,0,0
2025-08-08 04:00:00,0.65215,0.65237,0.65179,0.65192,695,0,0
2025-08-08 04:15:00,0.65192,0.65192,0.65114,0.65149,616,0,0
2025-08-08 04:30:00,0.65149,0.6517,0.65125,0.6514,618,0,0
2025-08-08 04:45:00,0.65142,0.65171,0.65132,0.65163,602,0,0
2025-08-08 05:00:00,0.65163,0.65213,0.65161,0.65208,488,0,0
2025-08-08 05:15:00,0.65208,0.65233,0.65206,0.65221,510,0,0
2025-08-08 05:30:00,0.65221,0.65246,0.652,0.65232,523,0,0
2025-08-08 05:45:00,0.65232,0.6524,0.65219,0.65225,437,0,0
2025-08-08 06:00:00,0.65225,0.65227,0.65178,0.65189,494,0,0
2025-08-08 06:15:00,0.65188,0.65199,0.65178,0.65196,409,0,0
2025-08-08 06:30:00,0.65196,0.65222,0.65189,0.65215,359,0,0
2025-08-08 06:45:00,0.65215,0.65228,0.65206,0.65211,492,0,0
2025-08-08 07:00:00,0.65211,0.65239,0.65202,0.65231,435,0,0
2025-08-08 07:15:00,0.65231,0.65243,0.6522,0.65221,366,0,0
2025-08-08 07:30:00,0.65222,0.65231,0.6521,0.65229,358,0,0
2025-08-08 07:45:00,0.65229,0.6524,0.65205,0.65219,353,0,0
2025-08-08 08:00:00,0.65219,0.65235,0.65184,0.65187,426,0,0
2025-08-08 08:15:00,0.65187,0.65191,0.65163,0.65177,511,0,0
2025-08-08 08:30:00,0.65177,0.6519,0.65162,0.65167,509,0,0
2025-08-08 08:45:00,0.65167,0.65207,0.65165,0.65176,491,0,0
2025-08-08 09:00:00,0.65176,0.65225,0.65172,0.65221,555,0,0
2025-08-08 09:15:00,0.65221,0.6525,0.6521,0.65223,413,0,0
2025-08-08 09:30:00,0.65223,0.65237,0.65207,0.65221,559,0,0
2025-08-08 09:45:00,0.65221,0.65262,0.65219,0.65244,497,0,0
2025-08-08 10:00:00,0.65244,0.65329,0.65242,0.653,904,0,0
2025-08-08 10:15:00,0.653,0.65327,0.65288,0.65317,812,0,0
2025-08-08 10:30:00,0.65317,0.65338,0.65298,0.65298,696,0,0
2025-08-08 10:45:00,0.65298,0.6531,0.65283,0.65297,637,0,0
2025-08-08 11:00:00,0.65296,0.6535,0.6528,0.65339,634,0,0
2025-08-08 11:15:00,0.65339,0.65349,0.65304,0.65306,544,0,0
2025-08-08 11:30:00,0.65305,0.65305,0.65216,0.65226,725,0,0
2025-08-08 11:45:00,0.65226,0.65235,0.65169,0.65196,904,0,0
2025-08-08 12:00:00,0.65196,0.65221,0.65194,0.65205,622,0,0
2025-08-08 12:15:00,0.65205,0.65205,0.65174,0.65183,723,0,0
2025-08-08 12:30:00,0.65183,0.65221,0.65179,0.65209,439,0,0
2025-08-08 12:45:00,0.65209,0.65247,0.65209,0.65234,654,0,0
2025-08-08 13:00:00,0.65234,0.65255,0.65222,0.65232,586,0,0
2025-08-08 13:15:00,0.65232,0.65233,0.65209,0.65216,550,0,0
2025-08-08 13:30:00,0.65216,0.65232,0.65214,0.65227,453,0,0
2025-08-08 13:45:00,0.65227,0.65269,0.65227,0.6525,583,0,0
2025-08-08 14:00:00,0.6525,0.65259,0.65238,0.65257,544,0,0
2025-08-08 14:15:00,0.65257,0.65267,0.65217,0.65231,515,0,0
2025-08-08 14:30:00,0.65231,0.65257,0.65223,0.65249,465,0,0
2025-08-08 14:45:00,0.65249,0.65256,0.65214,0.65223,573,0,0
2025-08-08 15:00:00,0.65223,0.6524,0.65209,0.65212,707,0,0
2025-08-08 15:15:00,0.65211,0.6522,0.6518,0.6522,656,0,0
2025-08-08 15:30:00,0.6522,0.65234,0.65192,0.65203,939,0,0
2025-08-08 15:45:00,0.65204,0.65224,0.65143,0.65169,972,0,0
2025-08-08 16:00:00,0.65169,0.65251,0.65166,0.6525,760,0,0
2025-08-08 16:15:00,0.6525,0.65276,0.65245,0.65271,689,0,0
2025-08-08 16:30:00,0.65271,0.65289,0.65242,0.65244,1091,0,0
2025-08-08 16:45:00,0.65244,0.65291,0.65242,0.65253,1000,0,0
2025-08-08 17:00:00,0.65253,0.65293,0.65229,0.65255,1317,0,0
2025-08-08 17:15:00,0.65255,0.65276,0.65238,0.65241,906,0,0
2025-08-08 17:30:00,0.65241,0.65262,0.65214,0.6524,824,0,0
2025-08-08 17:45:00,0.6524,0.65269,0.65222,0.65244,824,0,0
2025-08-08 18:00:00,0.65244,0.65308,0.65234,0.65288,661,0,0
2025-08-08 18:15:00,0.65289,0.65309,0.65273,0.65275,785,0,0
2025-08-08 18:30:00,0.65275,0.65279,0.65239,0.6525,781,0,0
2025-08-08 18:45:00,0.65249,0.65288,0.65249,0.65266,698,0,0
2025-08-08 19:00:00,0.65266,0.65294,0.65242,0.65255,651,0,0
2025-08-08 19:15:00,0.65255,0.65262,0.65233,0.65257,569,0,0
2025-08-08 19:30:00,0.65257,0.65281,0.65245,0.65275,431,0,0
2025-08-08 19:45:00,0.65275,0.6528,0.65234,0.6525,407,0,0
2025-08-08 20:00:00,0.6525,0.65274,0.65229,0.65274,505,0,0
2025-08-08 20:15:00,0.65274,0.65298,0.6527,0.65291,395,0,0
2025-08-08 20:30:00,0.65291,0.65325,0.65284,0.6532,337,0,0
2025-08-08 20:45:00,0.6532,0.65321,0.65268,0.65269,412,0,0
2025-08-08 21:00:00,0.65271,0.65295,0.65254,0.65288,778,0,0
2025-08-08 21:15:00,0.65288,0.6531,0.65285,0.65297,463,0,0
2025-08-08 21:30:00,0.65297,0.65305,0.65253,0.65273,548,0,0
2025-08-08 21:45:00,0.65273,0.65292,0.65248,0.65289,472,0,0
2025-08-08 22:00:00,0.65289,0.65289,0.65258,0.65274,330,0,0
2025-08-08 22:15:00,0.65274,0.65276,0.65208,0.6522,529,0,0
2025-08-08 22:30:00,0.6522,0.65225,0.65199,0.65215,524,0,0
2025-08-08 22:45:00,0.65215,0.65237,0.65207,0.65226,524,0,0
2025-08-08 23:00:00,0.65226,0.6523,0.65212,0.65222,229,0,0
2025-08-08 23:15:00,0.65222,0.65233,0.65208,0.65229,234,0,0
2025-08-08 23:30:00,0.65229,0.65231,0.65198,0.65209,235,0,0
2025-08-08 23:45:00,0.65209,0.65209,0.65183,0.65204,157,10,0
2025-08-11 00:00:00,0.65145,0.65218,0.6514,0.65185,53,89,0
2025-08-11 00:15:00,0.65185,0.65186,0.65143,0.65166,63,85,0
2025-08-11 00:30:00,0.65166,0.65171,0.65159,0.65167,47,75,0
2025-08-11 00:45:00,0.65167,0.65168,0.65159,0.65159,32,81,0
2025-08-11 01:00:00,0.65159,0.65233,0.65142,0.65224,287,0,0
2025-08-11 01:15:00,0.65224,0.65231,0.65216,0.65221,219,0,0
2025-08-11 01:30:00,0.65221,0.65222,0.65199,0.65205,228,0,0
2025-08-11 01:45:00,0.65205,0.65214,0.65204,0.65214,201,0,0
2025-08-11 02:00:00,0.65214,0.65218,0.65184,0.65191,262,0,0
2025-08-11 02:15:00,0.65191,0.65197,0.65169,0.65171,267,0,0
2025-08-11 02:30:00,0.65171,0.65189,0.65168,0.65178,199,0,0
2025-08-11 02:45:00,0.65178,0.65189,0.65163,0.65165,274,0,0
2025-08-11 03:00:00,0.65165,0.65191,0.65138,0.65186,712,0,0
2025-08-11 03:15:00,0.65186,0.65201,0.65174,0.65179,576,0,0
2025-08-11 03:30:00,0.65179,0.6518,0.65155,0.65161,534,0,0
2025-08-11 03:45:00,0.65162,0.65173,0.6514,0.65164,577,0,0
2025-08-11 04:00:00,0.65164,0.65181,0.65137,0.65158,710,0,0
2025-08-11 04:15:00,0.65158,0.65203,0.65155,0.65195,534,0,0
2025-08-11 04:30:00,0.65195,0.65223,0.65194,0.65213,549,0,0
2025-08-11 04:45:00,0.65213,0.65233,0.65199,0.65215,655,0,0
2025-08-11 05:00:00,0.65215,0.65242,0.65215,0.6522,615,0,0
2025-08-11 05:15:00,0.6522,0.6525,0.65204,0.65242,490,0,0
2025-08-11 05:30:00,0.65242,0.6525,0.65218,0.65248,460,0,0
2025-08-11 05:45:00,0.65248,0.65248,0.65228,0.65234,457,0,0
2025-08-11 06:00:00,0.65234,0.6524,0.65188,0.65219,599,0,0
2025-08-11 06:15:00,0.65219,0.65272,0.65214,0.65257,625,0,0
2025-08-11 06:30:00,0.65257,0.65265,0.65238,0.65258,444,0,0
2025-08-11 06:45:00,0.65258,0.65272,0.65247,0.65261,345,0,0
2025-08-11 07:00:00,0.65261,0.65279,0.65247,0.65277,328,0,0
2025-08-11 07:15:00,0.65277,0.65286,0.65247,0.6525,319,0,0
2025-08-11 07:30:00,0.6525,0.65252,0.65228,0.65236,309,0,0
2025-08-11 07:45:00,0.65236,0.65254,0.65234,0.65243,300,0,0
2025-08-11 08:00:00,0.65243,0.65255,0.65214,0.65242,447,0,0
2025-08-11 08:15:00,0.65242,0.6525,0.65224,0.65225,298,0,0
2025-08-11 08:30:00,0.65224,0.65237,0.65215,0.65229,348,0,0
2025-08-11 08:45:00,0.65229,0.65253,0.65222,0.65252,464,0,0
2025-08-11 09:00:00,0.65252,0.65282,0.65242,0.65249,609,0,0
2025-08-11 09:15:00,0.65249,0.65286,0.65235,0.65257,543,0,0
2025-08-11 09:30:00,0.65257,0.65264,0.65243,0.65254,471,0,0
2025-08-11 09:45:00,0.65254,0.65264,0.6523,0.6524,577,0,0
2025-08-11 10:00:00,0.6524,0.6524,0.65156,0.65185,953,0,0
2025-08-11 10:15:00,0.65185,0.65205,0.6517,0.65181,584,0,0
2025-08-11 10:30:00,0.65181,0.65197,0.65158,0.65187,696,0,0
2025-08-11 10:45:00,0.65187,0.65187,0.65137,0.65153,846,0,0
2025-08-11 11:00:00,0.65152,0.65197,0.65145,0.65187,881,0,0
2025-08-11 11:15:00,0.65187,0.65233,0.65183,0.65218,773,0,0
2025-08-11 11:30:00,0.65219,0.65228,0.65203,0.65208,617,0,0
2025-08-11 11:45:00,0.65208,0.6522,0.65198,0.65212,597,0,0
2025-08-11 12:00:00,0.65211,0.65221,0.65184,0.65184,607,0,0
2025-08-11 12:15:00,0.65184,0.65195,0.65158,0.65166,699,0,0
2025-08-11 12:30:00,0.65166,0.65176,0.65155,0.65171,593,0,0
2025-08-11 12:45:00,0.65171,0.65192,0.65166,0.65187,462,0,0
2025-08-11 13:00:00,0.65187,0.652,0.65178,0.65187,430,0,0
2025-08-11 13:15:00,0.65187,0.65223,0.65187,0.65212,534,0,0
2025-08-11 13:30:00,0.65212,0.6523,0.65202,0.65217,457,0,0
2025-08-11 13:45:00,0.65217,0.65222,0.65199,0.65211,398,0,0
2025-08-11 14:00:00,0.65211,0.65215,0.65171,0.65177,554,0,0
2025-08-11 14:15:00,0.65177,0.65185,0.65157,0.65164,611,0,0
2025-08-11 14:30:00,0.65163,0.65173,0.65106,0.65113,826,0,0
2025-08-11 14:45:00,0.65113,0.65121,0.65075,0.65116,627,0,0
2025-08-11 15:00:00,0.65116,0.65131,0.65044,0.65046,758,0,0
2025-08-11 15:15:00,0.65046,0.65058,0.65021,0.65042,769,0,0
2025-08-11 15:30:00,0.65042,0.65055,0.65015,0.65045,777,0,0
2025-08-11 15:45:00,0.65045,0.65067,0.65038,0.65066,742,0,0
2025-08-11 16:00:00,0.65066,0.65103,0.65038,0.65103,625,0,0
2025-08-11 16:15:00,0.65103,0.65104,0.6506,0.65081,756,0,0
2025-08-11 16:30:00,0.65081,0.65131,0.65064,0.6512,1062,0,0
2025-08-11 16:45:00,0.6512,0.65134,0.65096,0.65113,949,0,0
2025-08-11 17:00:00,0.65112,0.65119,0.65061,0.65094,1019,0,0
2025-08-11 17:15:00,0.65094,0.65112,0.65071,0.65077,862,0,0
2025-08-11 17:30:00,0.65077,0.65094,0.65046,0.65046,869,0,0
2025-08-11 17:45:00,0.65046,0.65056,0.6501,0.65052,904,0,0
2025-08-11 18:00:00,0.65052,0.65077,0.65023,0.65043,807,0,0
2025-08-11 18:15:00,0.65043,0.65096,0.65032,0.65095,667,0,0
2025-08-11 18:30:00,0.65094,0.65132,0.65072,0.65118,801,0,0
2025-08-11 18:45:00,0.65118,0.65128,0.65098,0.65116,639,0,0
2025-08-11 19:00:00,0.65116,0.65154,0.65116,0.65151,566,0,0
2025-08-11 19:15:00,0.65151,0.65166,0.6514,0.6516,377,0,0
2025-08-11 19:30:00,0.6516,0.65162,0.65101,0.65109,542,0,0
2025-08-11 19:45:00,0.65109,0.65139,0.651,0.65122,648,0,0
2025-08-11 20:00:00,0.65122,0.65125,0.65083,0.65088,493,0,0
2025-08-11 20:15:00,0.65087,0.65115,0.6507,0.65114,481,0,0
2025-08-11 20:30:00,0.65114,0.65129,0.65105,0.65117,597,0,0
2025-08-11 20:45:00,0.65117,0.65144,0.65113,0.65138,527,0,0
2025-08-11 21:00:00,0.65138,0.65148,0.65127,0.65134,483,0,0
2025-08-11 21:15:00,0.65134,0.65158,0.6512,0.65158,550,0,0
2025-08-11 21:30:00,0.65157,0.65162,0.65133,0.65135,535,0,0
2025-08-11 21:45:00,0.65135,0.65155,0.65132,0.65152,439,0,0
2025-08-11 22:00:00,0.65152,0.65153,0.65133,0.65137,410,0,0
2025-08-11 22:15:00,0.65137,0.65141,0.65098,0.6511,452,0,0
2025-08-11 22:30:00,0.6511,0.65114,0.65095,0.65101,413,0,0
2025-08-11 22:45:00,0.65101,0.65111,0.65077,0.65111,464,0,0
2025-08-11 23:00:00,0.65111,0.65123,0.65104,0.65119,321,0,0
2025-08-11 23:15:00,0.65119,0.65143,0.65112,0.65141,228,0,0
2025-08-11 23:30:00,0.65141,0.65146,0.6513,0.65145,187,0,0
2025-08-11 23:45:00,0.65145,0.65145,0.65126,0.65128,167,5,0
2025-08-12 00:00:00,0.65121,0.65123,0.65048,0.65117,34,14,0
2025-08-12 00:15:00,0.65117,0.65118,0.65103,0.65113,40,37,0
2025-08-12 00:30:00,0.65113,0.65116,0.65104,0.65109,133,42,0
2025-08-12 00:45:00,0.65109,0.65115,0.65106,0.65113,56,42,0
2025-08-12 01:00:00,0.65113,0.65145,0.65112,0.6513,240,0,0
2025-08-12 01:15:00,0.6513,0.65134,0.65121,0.65127,199,0,0
2025-08-12 01:30:00,0.65127,0.65129,0.65115,0.65121,199,0,0
2025-08-12 01:45:00,0.65122,0.65134,0.65113,0.65133,150,0,0
2025-08-12 02:00:00,0.65133,0.65151,0.65131,0.65149,185,0,0
2025-08-12 02:15:00,0.65149,0.65157,0.65146,0.6515,172,0,0
2025-08-12 02:30:00,0.6515,0.65154,0.6514,0.65142,172,0,0
2025-08-12 02:45:00,0.65142,0.65153,0.65132,0.65134,242,0,0
2025-08-12 03:00:00,0.65134,0.65174,0.65124,0.65174,655,0,0
2025-08-12 03:15:00,0.65174,0.65203,0.65158,0.65173,611,0,0
2025-08-12 03:30:00,0.65173,0.65217,0.65168,0.65208,551,0,0
2025-08-12 03:45:00,0.65208,0.65215,0.65174,0.65177,640,0,0
2025-08-12 04:00:00,0.65177,0.65178,0.65141,0.65143,604,0,0
2025-08-12 04:15:00,0.65144,0.65147,0.65101,0.65117,569,0,0
2025-08-12 04:30:00,0.65117,0.65199,0.65117,0.65185,695,0,0
2025-08-12 04:45:00,0.65185,0.65187,0.65151,0.6516,613,0,0
2025-08-12 05:00:00,0.6516,0.65193,0.65159,0.65179,445,0,0
2025-08-12 05:15:00,0.65179,0.65225,0.65168,0.65207,476,0,0
2025-08-12 05:30:00,0.65207,0.65219,0.65191,0.65204,273,0,0
2025-08-12 05:45:00,0.65204,0.65229,0.65191,0.65227,493,0,0
2025-08-12 06:00:00,0.65227,0.65257,0.65226,0.65242,466,0,0
2025-08-12 06:15:00,0.65242,0.65244,0.65214,0.65219,492,0,0
2025-08-12 06:30:00,0.65219,0.65242,0.65217,0.65241,384,0,0
2025-08-12 06:45:00,0.65241,0.65247,0.65183,0.65184,383,0,0
2025-08-12 07:00:00,0.65183,0.65193,0.65164,0.65169,429,0,0
2025-08-12 07:15:00,0.65169,0.65169,0.651,0.651,401,0,0
2025-08-12 07:30:00,0.65098,0.65127,0.64999,0.65118,1137,0,0
2025-08-12 07:45:00,0.65118,0.65168,0.65114,0.65151,671,0,0
2025-08-12 08:00:00,0.65151,0.65169,0.65012,0.6504,1180,0,0
2025-08-12 08:15:00,0.6504,0.6504,0.64962,0.64988,763,0,0
2025-08-12 08:30:00,0.64988,0.65052,0.6498,0.65006,927,0,0
2025-08-12 08:45:00,0.65006,0.65034,0.64938,0.64974,942,0,0
2025-08-12 09:00:00,0.64974,0.65029,0.64967,0.64984,1011,0,0
2025-08-12 09:15:00,0.64984,0.65009,0.64963,0.64995,840,0,0
2025-08-12 09:30:00,0.64994,0.6501,0.64954,0.65,776,0,0
2025-08-12 09:45:00,0.65,0.65043,0.64973,0.64979,754,0,0
2025-08-12 10:00:00,0.6498,0.65039,0.64972,0.65028,828,0,0
2025-08-12 10:15:00,0.65028,0.65032,0.64991,0.65031,876,0,0
2025-08-12 10:30:00,0.65031,0.65049,0.64989,0.6501,870,0,0
2025-08-12 10:45:00,0.6501,0.65045,0.65009,0.65021,738,0,0
2025-08-12 11:00:00,0.65021,0.65029,0.64951,0.64964,806,0,0
2025-08-12 11:15:00,0.64964,0.64983,0.6492,0.6494,723,0,0
2025-08-12 11:30:00,0.6494,0.64947,0.64898,0.64905,664,0,0
2025-08-12 11:45:00,0.64905,0.64934,0.64898,0.64929,517,0,0
2025-08-12 12:00:00,0.6493,0.64946,0.64914,0.64944,684,0,0
2025-08-12 12:15:00,0.64944,0.64956,0.64938,0.64944,552,0,0
2025-08-12 12:30:00,0.64944,0.64956,0.64896,0.64897,666,0,0
2025-08-12 12:45:00,0.64897,0.64921,0.64887,0.64904,657,0,0
2025-08-12 13:00:00,0.64904,0.64951,0.64899,0.64949,578,0,0
2025-08-12 13:15:00,0.64949,0.64954,0.64925,0.64929,482,0,0
2025-08-12 13:30:00,0.64929,0.64941,0.64919,0.64923,495,0,0
2025-08-12 13:45:00,0.64923,0.64938,0.64888,0.64889,495,0,0
2025-08-12 14:00:00,0.64889,0.64891,0.64869,0.64877,608,0,0
2025-08-12 14:15:00,0.64877,0.64877,0.64829,0.64854,588,0,0
2025-08-12 14:30:00,0.64854,0.64855,0.64833,0.64843,591,0,0
2025-08-12 14:45:00,0.64843,0.64862,0.64819,0.64862,579,0,0
2025-08-12 15:00:00,0.64862,0.649,0.64862,0.64875,834,0,0
2025-08-12 15:15:00,0.64875,0.64884,0.64846,0.64858,842,0,0
2025-08-12 15:30:00,0.64858,0.65123,0.64834,0.65072,3344,0,0
2025-08-12 15:45:00,0.65073,0.6512,0.65006,0.65055,2213,0,0
2025-08-12 16:00:00,0.65055,0.6507,0.64934,0.6499,2117,0,0
2025-08-12 16:15:00,0.64992,0.65025,0.64921,0.64934,1680,0,0
2025-08-12 16:30:00,0.64935,0.65119,0.64905,0.65115,2042,0,0
2025-08-12 16:45:00,0.65114,0.65143,0.64998,0.65035,2638,0,0
2025-08-12 17:00:00,0.65035,0.65138,0.6502,0.65061,1993,0,0
2025-08-12 17:15:00,0.65061,0.6511,0.6504,0.65086,1736,0,0
2025-08-12 17:30:00,0.65086,0.65129,0.65074,0.65119,1332,0,0
2025-08-12 17:45:00,0.65119,0.6517,0.65093,0.65162,1184,0,0
2025-08-12 18:00:00,0.6516,0.6525,0.65158,0.65232,1075,0,0
2025-08-12 18:15:00,0.65232,0.6535,0.65231,0.65343,1152,0,0
2025-08-12 18:30:00,0.65343,0.65405,0.65293,0.65398,1405,0,0
2025-08-12 18:45:00,0.65399,0.65403,0.65309,0.65313,1331,0,0
2025-08-12 19:00:00,0.65313,0.65324,0.65275,0.65277,1155,0,0
2025-08-12 19:15:00,0.65279,0.65323,0.6527,0.65316,897,0,0
2025-08-12 19:30:00,0.65316,0.65354,0.65306,0.65322,844,0,0
2025-08-12 19:45:00,0.65322,0.65346,0.65308,0.65312,835,0,0
2025-08-12 20:00:00,0.6531,0.65313,0.65269,0.65293,887,0,0
2025-08-12 20:15:00,0.65293,0.65299,0.65262,0.65283,753,0,0
2025-08-12 20:30:00,0.65283,0.65309,0.65279,0.65308,563,0,0
2025-08-12 20:45:00,0.65308,0.65318,0.65298,0.65309,497,0,0
2025-08-12 21:00:00,0.65309,0.65345,0.65287,0.65319,524,0,0
2025-08-12 21:15:00,0.65319,0.65334,0.65293,0.65305,386,0,0
2025-08-12 21:30:00,0.65305,0.65312,0.6528,0.65292,560,0,0
2025-08-12 21:45:00,0.65292,0.65299,0.65279,0.65299,497,0,0
2025-08-12 22:00:00,0.65299,0.6531,0.65273,0.6528,442,0,0
2025-08-12 22:15:00,0.6528,0.65299,0.65277,0.65299,361,0,0
2025-08-12 22:30:00,0.65299,0.65318,0.65295,0.65296,349,0,0
2025-08-12 22:45:00,0.65296,0.65305,0.65287,0.65294,383,0,0
2025-08-12 23:00:00,0.65294,0.65311,0.65288,0.65303,268,0,0
2025-08-12 23:15:00,0.65303,0.65312,0.65295,0.65303,201,0,0
2025-08-12 23:30:00,0.65303,0.65306,0.65283,0.65291,195,0,0
2025-08-12 23:45:00,0.65291,0.65298,0.65284,0.65289,152,5,0
2025-08-13 00:00:00,0.65287,0.65287,0.65157,0.65279,35,16,0
2025-08-13 00:15:00,0.65279,0.6528,0.6522,0.65231,64,37,0
2025-08-13 00:30:00,0.65231,0.65251,0.65223,0.65249,69,40,0
2025-08-13 00:45:00,0.65249,0.6527,0.65248,0.65267,121,34,0
2025-08-13 01:00:00,0.65267,0.65306,0.65264,0.65291,383,0,0
2025-08-13 01:15:00,0.65291,0.65306,0.65289,0.65296,257,0,0
2025-08-13 01:30:00,0.65296,0.653,0.65278,0.65281,186,0,0
2025-08-13 01:45:00,0.65281,0.65289,0.65273,0.65285,197,0,0
2025-08-13 02:00:00,0.65285,0.65307,0.65283,0.65302,250,0,0
2025-08-13 02:15:00,0.65302,0.65305,0.65294,0.65302,194,0,0
2025-08-13 02:30:00,0.65302,0.65315,0.65292,0.65313,172,0,0
2025-08-13 02:45:00,0.65313,0.65315,0.65288,0.65298,310,0,0
2025-08-13 03:00:00,0.65298,0.65311,0.65251,0.65258,648,0,0
2025-08-13 03:15:00,0.65258,0.65271,0.65249,0.65259,458,0,0
2025-08-13 03:30:00,0.65259,0.65266,0.65241,0.65264,418,0,0
2025-08-13 03:45:00,0.65264,0.65275,0.6525,0.65254,573,0,0
2025-08-13 04:00:00,0.65254,0.65283,0.65245,0.65249,575,0,0
2025-08-13 04:15:00,0.65249,0.65256,0.65166,0.65172,608,0,0
2025-08-13 04:30:00,0.65172,0.65224,0.65165,0.65217,667,0,0
2025-08-13 04:45:00,0.65218,0.65223,0.6519,0.65201,586,0,0
2025-08-13 05:00:00,0.65201,0.65219,0.65188,0.65202,476,0,0
2025-08-13 05:15:00,0.65202,0.65267,0.65201,0.65254,516,0,0
2025-08-13 05:30:00,0.65253,0.65315,0.65253,0.65301,488,0,0
2025-08-13 05:45:00,0.65302,0.65317,0.65287,0.6529,444,0,0
2025-08-13 06:00:00,0.6529,0.65297,0.65273,0.65289,443,0,0
2025-08-13 06:15:00,0.65289,0.65294,0.65269,0.65278,450,0,0
2025-08-13 06:30:00,0.65278,0.65312,0.65274,0.65303,460,0,0
2025-08-13 06:45:00,0.65303,0.65306,0.65283,0.65286,421,0,0
2025-08-13 07:00:00,0.65286,0.65309,0.65275,0.65308,347,0,0
2025-08-13 07:15:00,0.65308,0.65333,0.65307,0.65321,352,0,0
2025-08-13 07:30:00,0.65321,0.65331,0.65304,0.65322,356,0,0
2025-08-13 07:45:00,0.65322,0.65342,0.65302,0.65316,445,0,0
2025-08-13 08:00:00,0.65316,0.65322,0.65296,0.65298,395,0,0
2025-08-13 08:15:00,0.65298,0.65298,0.65282,0.65291,392,0,0
2025-08-13 08:30:00,0.65291,0.65306,0.65274,0.65301,384,0,0
2025-08-13 08:45:00,0.65301,0.65318,0.65295,0.65316,391,0,0
2025-08-13 09:00:00,0.65316,0.65329,0.65286,0.65302,666,0,0
2025-08-13 09:15:00,0.65302,0.65346,0.65295,0.65341,663,0,0
2025-08-13 09:30:00,0.65341,0.65432,0.65336,0.65421,923,0,0
2025-08-13 09:45:00,0.65421,0.65473,0.65409,0.65438,810,0,0
2025-08-13 10:00:00,0.65438,0.65548,0.65434,0.65542,947,0,0
2025-08-13 10:15:00,0.65542,0.65543,0.65499,0.6552,879,0,0
2025-08-13 10:30:00,0.6552,0.65546,0.65509,0.6551,906,0,0
2025-08-13 10:45:00,0.6551,0.65521,0.65495,0.65504,820,0,0
2025-08-13 11:00:00,0.65504,0.65545,0.65491,0.6553,859,0,0
2025-08-13 11:15:00,0.6553,0.65541,0.6551,0.65518,754,0,0
2025-08-13 11:30:00,0.65518,0.65548,0.65482,0.65495,693,0,0
2025-08-13 11:45:00,0.65495,0.65522,0.6549,0.65506,648,0,0
2025-08-13 12:00:00,0.65506,0.65527,0.655,0.65521,546,0,0
2025-08-13 12:15:00,0.65521,0.65578,0.65515,0.65575,617,0,0
2025-08-13 12:30:00,0.65575,0.65601,0.6557,0.65586,711,0,0
2025-08-13 12:45:00,0.65586,0.65628,0.6558,0.65621,580,0,0
2025-08-13 13:00:00,0.65621,0.65627,0.65568,0.6559,644,0,0
2025-08-13 13:15:00,0.6559,0.65603,0.65547,0.65556,547,0,0
2025-08-13 13:30:00,0.65556,0.6557,0.65549,0.6556,560,0,0
2025-08-13 13:45:00,0.6556,0.65563,0.65543,0.65551,519,0,0
2025-08-13 14:00:00,0.65551,0.65551,0.65504,0.65508,479,0,0
2025-08-13 14:15:00,0.65508,0.65521,0.65493,0.65513,431,0,0
2025-08-13 14:30:00,0.65513,0.65527,0.65494,0.65519,602,0,0
2025-08-13 14:45:00,0.6552,0.65563,0.65518,0.6555,572,0,0
2025-08-13 15:00:00,0.6555,0.65565,0.6552,0.65546,705,0,0
2025-08-13 15:15:00,0.65546,0.65552,0.65508,0.65511,626,0,0
2025-08-13 15:30:00,0.65511,0.65515,0.65435,0.65445,841,0,0
2025-08-13 15:45:00,0.65445,0.65472,0.6542,0.65451,539,0,0
2025-08-13 16:00:00,0.65451,0.6546,0.65425,0.65428,804,0,0
2025-08-13 16:15:00,0.65428,0.65465,0.6542,0.6545,587,0,0
2025-08-13 16:30:00,0.6545,0.65467,0.65435,0.65461,822,0,0
2025-08-13 16:45:00,0.65461,0.65503,0.65439,0.65491,840,0,0
2025-08-13 17:00:00,0.65491,0.65499,0.65453,0.6548,952,0,0
2025-08-13 17:15:00,0.6548,0.65546,0.65479,0.65535,938,0,0
2025-08-13 17:30:00,0.65535,0.65581,0.65527,0.65527,807,0,0
2025-08-13 17:45:00,0.65527,0.65531,0.65456,0.65528,1042,0,0
2025-08-13 18:00:00,0.65528,0.65528,0.65442,0.65445,1062,0,0
2025-08-13 18:15:00,0.65445,0.65482,0.6542,0.65461,763,0,0
2025-08-13 18:30:00,0.65461,0.65492,0.65461,0.65481,629,0,0
2025-08-13 18:45:00,0.65481,0.65485,0.6544,0.65443,647,0,0
2025-08-13 19:00:00,0.65442,0.65476,0.65435,0.65475,628,0,0
2025-08-13 19:15:00,0.65475,0.65477,0.65438,0.65469,597,0,0
2025-08-13 19:30:00,0.65469,0.65486,0.65451,0.65455,523,0,0
2025-08-13 19:45:00,0.65455,0.65461,0.65431,0.65435,564,0,0
2025-08-13 20:00:00,0.65435,0.65448,0.65419,0.6542,515,0,0
2025-08-13 20:15:00,0.6542,0.65448,0.65412,0.65435,507,0,0
2025-08-13 20:30:00,0.65435,0.65439,0.65409,0.65414,553,0,0
2025-08-13 20:45:00,0.65415,0.65421,0.65401,0.65404,446,0,0
2025-08-13 21:00:00,0.65404,0.6541,0.65388,0.65406,542,0,0
2025-08-13 21:15:00,0.65407,0.65412,0.65389,0.65401,445,0,0
2025-08-13 21:30:00,0.65401,0.65416,0.65387,0.65395,526,0,0
2025-08-13 21:45:00,0.65395,0.65416,0.65392,0.65409,465,0,0
2025-08-13 22:00:00,0.65409,0.65419,0.65399,0.65415,365,0,0
2025-08-13 22:15:00,0.65415,0.65441,0.65413,0.65432,313,0,0
2025-08-13 22:30:00,0.65432,0.65437,0.65416,0.65429,322,0,0
2025-08-13 22:45:00,0.65429,0.65446,0.65422,0.65435,399,0,0
2025-08-13 23:00:00,0.65435,0.65446,0.65434,0.65442,205,0,0
2025-08-13 23:15:00,0.65442,0.65465,0.65442,0.65461,196,0,0
2025-08-13 23:30:00,0.65461,0.65463,0.65448,0.65458,197,0,0
2025-08-13 23:45:00,0.65458,0.65461,0.65444,0.65454,161,5,0
2025-08-14 00:00:00,0.65449,0.65449,0.65375,0.65447,21,27,0
2025-08-14 00:15:00,0.65447,0.65447,0.65382,0.65404,26,31,0
2025-08-14 00:30:00,0.65404,0.65418,0.65399,0.65418,21,62,0
2025-08-14 00:45:00,0.65418,0.65418,0.65406,0.65406,33,61,0
2025-08-14 01:00:00,0.65406,0.65448,0.65385,0.65437,246,0,0
2025-08-14 01:15:00,0.65437,0.65448,0.65425,0.65444,272,0,0
2025-08-14 01:30:00,0.65444,0.65454,0.6544,0.65451,206,0,0
2025-08-14 01:45:00,0.65451,0.65468,0.65448,0.65465,153,0,0
2025-08-14 02:00:00,0.65465,0.65476,0.65461,0.65462,203,0,0
2025-08-14 02:15:00,0.65462,0.65487,0.65461,0.65485,199,0,0
2025-08-14 02:30:00,0.65485,0.65513,0.65483,0.65499,211,0,0
2025-08-14 02:45:00,0.65498,0.65522,0.65496,0.65508,273,0,0
2025-08-14 03:00:00,0.65508,0.65551,0.65507,0.65549,689,0,0
2025-08-14 03:15:00,0.65549,0.65552,0.65505,0.65526,554,0,0
2025-08-14 03:30:00,0.65526,0.65551,0.65507,0.6551,547,0,0
2025-08-14 03:45:00,0.6551,0.65535,0.65498,0.65531,638,0,0
2025-08-14 04:00:00,0.65531,0.65564,0.65527,0.65556,766,0,0
2025-08-14 04:15:00,0.65556,0.65582,0.65515,0.65515,676,0,0
2025-08-14 04:30:00,0.65516,0.6567,0.65516,0.65625,1050,0,0
2025-08-14 04:45:00,0.65625,0.65687,0.65623,0.65652,727,0,0
2025-08-14 05:00:00,0.65652,0.65658,0.65622,0.65645,653,0,0
2025-08-14 05:15:00,0.65645,0.65645,0.65565,0.6558,698,0,0
2025-08-14 05:30:00,0.6558,0.65581,0.65549,0.65557,592,0,0
2025-08-14 05:45:00,0.65557,0.65584,0.65526,0.65577,462,0,0
2025-08-14 06:00:00,0.65577,0.65578,0.65522,0.65543,396,0,0
2025-08-14 06:15:00,0.65543,0.65551,0.65497,0.65511,588,0,0
2025-08-14 06:30:00,0.65511,0.65527,0.65488,0.65503,444,0,0
2025-08-14 06:45:00,0.65503,0.65508,0.65469,0.65478,474,0,0
2025-08-14 07:00:00,0.65478,0.65501,0.6546,0.655,362,0,0
2025-08-14 07:15:00,0.655,0.65517,0.65498,0.655,380,0,0
2025-08-14 07:30:00,0.655,0.65528,0.65492,0.65517,349,0,0
2025-08-14 07:45:00,0.65517,0.65533,0.65508,0.65508,371,0,0
2025-08-14 08:00:00,0.65508,0.65526,0.65503,0.65525,401,0,0
2025-08-14 08:15:00,0.65525,0.65533,0.65471,0.65477,331,0,0
2025-08-14 08:30:00,0.65477,0.65493,0.65463,0.65491,440,0,0
2025-08-14 08:45:00,0.65491,0.65512,0.65457,0.65489,668,0,0
2025-08-14 09:00:00,0.65489,0.6551,0.65455,0.65496,939,0,0
2025-08-14 09:15:00,0.65496,0.65513,0.65432,0.6551,798,0,0
2025-08-14 09:30:00,0.6551,0.65519,0.65432,0.65433,835,0,0
2025-08-14 09:45:00,0.65433,0.65442,0.65361,0.6537,1079,0,0
2025-08-14 10:00:00,0.6537,0.65432,0.65365,0.65386,1167,0,0
2025-08-14 10:15:00,0.65386,0.65414,0.65353,0.65382,1001,0,0
2025-08-14 10:30:00,0.65382,0.65395,0.65339,0.65339,859,0,0
2025-08-14 10:45:00,0.65339,0.65343,0.65291,0.65328,810,0,0
2025-08-14 11:00:00,0.65328,0.65361,0.6532,0.65357,747,0,0
2025-08-14 11:15:00,0.65357,0.65384,0.65343,0.65375,634,0,0
2025-08-14 11:30:00,0.65375,0.65383,0.65322,0.65323,598,0,0
2025-08-14 11:45:00,0.65323,0.65323,0.65252,0.65256,635,0,0
2025-08-14 12:00:00,0.65256,0.65323,0.65246,0.65318,695,0,0
2025-08-14 12:15:00,0.65318,0.65334,0.65307,0.6531,630,0,0
2025-08-14 12:30:00,0.6531,0.6533,0.65303,0.65308,625,0,0
2025-08-14 12:45:00,0.65308,0.65313,0.65273,0.65279,654,0,0
2025-08-14 13:00:00,0.65279,0.65287,0.65255,0.65257,667,0,0
2025-08-14 13:15:00,0.65257,0.65325,0.65257,0.65312,556,0,0
2025-08-14 13:30:00,0.65313,0.65326,0.65288,0.65297,545,0,0
2025-08-14 13:45:00,0.65297,0.65299,0.65254,0.65274,525,0,0
2025-08-14 14:00:00,0.65274,0.653,0.65272,0.65281,564,0,0
2025-08-14 14:15:00,0.65281,0.65287,0.65228,0.65249,558,0,0
2025-08-14 14:30:00,0.65249,0.65269,0.65242,0.65245,410,0,0
2025-08-14 14:45:00,0.65245,0.65259,0.6522,0.65248,615,0,0
2025-08-14 15:00:00,0.65249,0.65261,0.65217,0.65218,703,0,0
2025-08-14 15:15:00,0.6522,0.65244,0.65198,0.65221,672,0,0
2025-08-14 15:30:00,0.65221,0.65227,0.65037,0.65196,2797,0,0
2025-08-14 15:45:00,0.65196,0.65222,0.65025,0.65057,1619,0,0
2025-08-14 16:00:00,0.65057,0.65057,0.6498,0.65,1710,0,0
2025-08-14 16:15:00,0.65,0.65055,0.64939,0.64941,1288,0,0
2025-08-14 16:30:00,0.64941,0.65005,0.64939,0.6497,1311,0,0
2025-08-14 16:45:00,0.6497,0.64972,0.64913,0.64915,1109,0,0
2025-08-14 17:00:00,0.64915,0.6494,0.6489,0.64925,1294,0,0
2025-08-14 17:15:00,0.64925,0.65,0.64925,0.64998,1277,0,0
2025-08-14 17:30:00,0.64998,0.6504,0.64997,0.65024,1007,0,0
2025-08-14 17:45:00,0.65024,0.65069,0.65011,0.65022,1115,0,0
2025-08-14 18:00:00,0.65022,0.65028,0.64927,0.64949,1090,0,0
2025-08-14 18:15:00,0.64948,0.64976,0.6492,0.6493,829,0,0
2025-08-14 18:30:00,0.6493,0.64937,0.64856,0.64864,969,0,0
2025-08-14 18:45:00,0.64864,0.64913,0.64852,0.64883,890,0,0
2025-08-14 19:00:00,0.64883,0.64902,0.64836,0.64838,817,0,0
2025-08-14 19:15:00,0.64838,0.64876,0.64826,0.6486,790,0,0
2025-08-14 19:30:00,0.6486,0.64882,0.64844,0.64864,698,0,0
2025-08-14 19:45:00,0.64864,0.64892,0.6486,0.64881,480,0,0
2025-08-14 20:00:00,0.64881,0.64937,0.6488,0.64935,516,0,0
2025-08-14 20:15:00,0.64935,0.64951,0.64914,0.64937,580,0,0
2025-08-14 20:30:00,0.64937,0.64937,0.64889,0.649,523,0,0
2025-08-14 20:45:00,0.649,0.64928,0.64896,0.64926,542,0,0
2025-08-14 21:00:00,0.64926,0.64933,0.64897,0.64908,674,0,0
2025-08-14 21:15:00,0.64908,0.64942,0.649,0.6494,544,0,0
2025-08-14 21:30:00,0.6494,0.64951,0.64934,0.64935,385,0,0
2025-08-14 21:45:00,0.64935,0.64957,0.64928,0.64949,415,0,0
2025-08-14 22:00:00,0.64949,0.6498,0.64943,0.64976,344,0,0
2025-08-14 22:15:00,0.64976,0.64986,0.64967,0.64974,353,0,0
2025-08-14 22:30:00,0.64974,0.64992,0.64969,0.64989,333,0,0
2025-08-14 22:45:00,0.64989,0.64991,0.6497,0.64979,403,0,0
2025-08-14 23:00:00,0.64979,0.64979,0.64951,0.64953,266,0,0
2025-08-14 23:15:00,0.64953,0.64965,0.6495,0.64962,152,0,0
2025-08-14 23:30:00,0.64962,0.6497,0.64959,0.64965,191,0,0
2025-08-14 23:45:00,0.64965,0.64972,0.64953,0.64954,185,5,0
2025-08-15 00:00:00,0.64926,0.64933,0.64853,0.64925,50,40,0
2025-08-15 00:15:00,0.64925,0.6497,0.64891,0.64956,76,56,0
2025-08-15 00:30:00,0.64956,0.64975,0.64951,0.64965,149,50,0
2025-08-15 00:45:00,0.64965,0.64983,0.64962,0.64967,146,27,0
2025-08-15 01:00:00,0.64967,0.65009,0.6494,0.64996,561,0,0
2025-08-15 01:15:00,0.64996,0.64996,0.64975,0.64979,313,0,0
2025-08-15 01:30:00,0.64979,0.64983,0.64964,0.64971,232,0,0
2025-08-15 01:45:00,0.64971,0.64983,0.64966,0.64982,170,0,0
2025-08-15 02:00:00,0.64982,0.64992,0.64968,0.64974,248,0,0
2025-08-15 02:15:00,0.64974,0.64987,0.64968,0.6498,187,0,0
2025-08-15 02:30:00,0.6498,0.64997,0.64976,0.64996,202,0,0
2025-08-15 02:45:00,0.64996,0.64996,0.64962,0.64974,202,0,0
2025-08-15 03:00:00,0.64974,0.6498,0.64925,0.64951,646,0,0
2025-08-15 03:15:00,0.64951,0.64967,0.6494,0.64949,507,0,0
2025-08-15 03:30:00,0.64949,0.64988,0.64943,0.64978,416,0,0
2025-08-15 03:45:00,0.64978,0.64993,0.64964,0.64979,649,0,0
2025-08-15 04:00:00,0.64979,0.65023,0.64957,0.64963,583,0,0
2025-08-15 04:15:00,0.64963,0.64972,0.6494,0.64953,550,0,0
2025-08-15 04:30:00,0.64953,0.65003,0.64918,0.64996,663,0,0
2025-08-15 04:45:00,0.64997,0.64999,0.64963,0.6497,624,0,0
2025-08-15 05:00:00,0.6497,0.64983,0.64943,0.64943,578,0,0
2025-08-15 05:15:00,0.64944,0.64948,0.64879,0.64891,552,0,0
2025-08-15 05:30:00,0.64891,0.64955,0.64881,0.64942,631,0,0
2025-08-15 05:45:00,0.64942,0.6498,0.64927,0.6497,589,0,0
2025-08-15 06:00:00,0.6497,0.65009,0.6497,0.64989,564,0,0
2025-08-15 06:15:00,0.64989,0.65012,0.64984,0.65009,503,0,0
2025-08-15 06:30:00,0.65008,0.65031,0.65003,0.65031,513,0,0
2025-08-15 06:45:00,0.65031,0.6505,0.65008,0.65024,463,0,0
2025-08-15 07:00:00,0.65024,0.65041,0.65013,0.65013,378,0,0
2025-08-15 07:15:00,0.65013,0.6502,0.65002,0.65004,280,0,0
2025-08-15 07:30:00,0.65004,0.65006,0.64982,0.64988,328,0,0
2025-08-15 07:45:00,0.64988,0.65022,0.64982,0.65009,366,0,0
2025-08-15 08:00:00,0.65009,0.65017,0.64995,0.6501,336,0,0
2025-08-15 08:15:00,0.6501,0.65021,0.65004,0.65009,304,0,0
2025-08-15 08:30:00,0.65009,0.65039,0.64999,0.6501,435,0,0
2025-08-15 08:45:00,0.6501,0.65041,0.65,0.65039,468,0,0
2025-08-15 09:00:00,0.65039,0.65056,0.65028,0.65046,679,0,0
2025-08-15 09:15:00,0.65046,0.65047,0.64994,0.65002,594,0,0
2025-08-15 09:30:00,0.65002,0.65089,0.65002,0.65081,673,0,0
2025-08-15 09:45:00,0.65081,0.65092,0.65066,0.65075,442,0,0
2025-08-15 10:00:00,0.65075,0.65119,0.6507,0.65087,652,0,0
2025-08-15 10:15:00,0.65087,0.65116,0.65069,0.65115,517,0,0
2025-08-15 10:30:00,0.65115,0.65116,0.65078,0.65106,573,0,0
2025-08-15 10:45:00,0.65106,0.65138,0.65088,0.65135,691,0,0
2025-08-15 11:00:00,0.65135,0.65148,0.65117,0.65121,678,0,0
2025-08-15 11:15:00,0.65122,0.65134,0.65108,0.65114,651,0,0
2025-08-15 11:30:00,0.65115,0.65119,0.65093,0.65101,735,0,0
2025-08-15 11:45:00,0.65101,0.65107,0.65088,0.65095,568,0,0
2025-08-15 12:00:00,0.65094,0.65113,0.65083,0.65097,674,0,0
2025-08-15 12:15:00,0.65097,0.65107,0.65083,0.65099,490,0,0
2025-08-15 12:30:00,0.65099,0.65099,0.65043,0.65063,590,0,0
2025-08-15 12:45:00,0.65063,0.65084,0.65059,0.65066,563,0,0
2025-08-15 13:00:00,0.65066,0.65086,0.65058,0.65075,565,0,0
2025-08-15 13:15:00,0.65075,0.65091,0.65063,0.65066,350,0,0
2025-08-15 13:30:00,0.65066,0.65082,0.65059,0.65065,529,0,0
2025-08-15 13:45:00,0.65065,0.65137,0.65056,0.65126,679,0,0
2025-08-15 14:00:00,0.65126,0.65164,0.65124,0.65159,555,0,0
2025-08-15 14:15:00,0.65159,0.65161,0.6513,0.65134,421,0,0
2025-08-15 14:30:00,0.65134,0.65149,0.65117,0.6512,539,0,0
2025-08-15 14:45:00,0.6512,0.65135,0.65103,0.65134,514,0,0
2025-08-15 15:00:00,0.65134,0.65142,0.65122,0.65137,666,0,0
2025-08-15 15:15:00,0.65137,0.65137,0.65089,0.65106,732,0,0
2025-08-15 15:30:00,0.65095,0.6519,0.65048,0.65156,1568,0,0
2025-08-15 15:45:00,0.65156,0.65184,0.65135,0.65158,1139,0,0
2025-08-15 16:00:00,0.65158,0.65199,0.65145,0.65148,1035,0,0
2025-08-15 16:15:00,0.65148,0.65156,0.65113,0.65147,985,0,0
2025-08-15 16:30:00,0.65147,0.65186,0.65124,0.65165,1345,0,0
2025-08-15 16:45:00,0.65165,0.6522,0.65159,0.65199,1342,0,0
2025-08-15 17:00:00,0.65198,0.65215,0.65154,0.65204,1306,0,0
2025-08-15 17:15:00,0.65204,0.65226,0.65176,0.65198,1247,0,0
2025-08-15 17:30:00,0.65198,0.65214,0.65149,0.65195,1184,0,0
2025-08-15 17:45:00,0.65196,0.65209,0.6515,0.65206,1128,0,0
2025-08-15 18:00:00,0.65204,0.65228,0.65179,0.65182,1078,0,0
2025-08-15 18:15:00,0.65182,0.65221,0.6518,0.65202,748,0,0
2025-08-15 18:30:00,0.65202,0.65219,0.65124,0.65135,896,0,0
2025-08-15 18:45:00,0.65135,0.6516,0.65125,0.65134,636,0,0
2025-08-15 19:00:00,0.65134,0.65147,0.65109,0.6514,583,0,0
2025-08-15 19:15:00,0.65139,0.6514,0.65108,0.6511,516,0,0
2025-08-15 19:30:00,0.65115,0.65126,0.65103,0.65115,387,0,0
2025-08-15 19:45:00,0.65115,0.65119,0.65095,0.65116,447,0,0
2025-08-15 20:00:00,0.65116,0.65116,0.65088,0.65089,446,0,0
2025-08-15 20:15:00,0.65089,0.65091,0.65051,0.65064,471,0,0
2025-08-15 20:30:00,0.65064,0.65087,0.65064,0.65082,320,0,0
2025-08-15 20:45:00,0.65082,0.65089,0.65063,0.65076,439,0,0
2025-08-15 21:00:00,0.65076,0.6508,0.65027,0.65059,501,0,0
2025-08-15 21:15:00,0.65059,0.6507,0.6505,0.6505,375,0,0
2025-08-15 21:30:00,0.6505,0.65063,0.65048,0.65058,392,0,0
2025-08-15 21:45:00,0.65058,0.65065,0.65042,0.65055,369,0,0
2025-08-15 22:00:00,0.65055,0.65065,0.65042,0.65065,330,0,0
2025-08-15 22:15:00,0.65065,0.65072,0.65051,0.65068,256,0,0
2025-08-15 22:30:00,0.65069,0.65082,0.65067,0.65078,270,0,0
2025-08-15 22:45:00,0.65078,0.65093,0.65069,0.65079,362,0,0
2025-08-15 23:00:00,0.65079,0.65104,0.65074,0.651,212,0,0
2025-08-15 23:15:00,0.651,0.65105,0.65087,0.65088,180,0,0
2025-08-15 23:30:00,0.65088,0.6509,0.65079,0.65087,151,0,0
2025-08-15 23:45:00,0.65087,0.65095,0.65056,0.65064,265,7,0
2025-08-18 00:00:00,0.65045,0.65057,0.64985,0.65057,34,71,0
2025-08-18 00:15:00,0.65057,0.65071,0.65017,0.6503,59,52,0
2025-08-18 00:30:00,0.65027,0.65045,0.65017,0.6502,61,68,0
2025-08-18 00:45:00,0.6502,0.65035,0.65014,0.65033,73,82,0
2025-08-18 01:00:00,0.65033,0.65126,0.65029,0.65112,440,0,0
2025-08-18 01:15:00,0.65112,0.6512,0.65102,0.65113,301,0,0
2025-08-18 01:30:00,0.65113,0.65125,0.65108,0.6511,292,0,0
2025-08-18 01:45:00,0.65109,0.65129,0.65106,0.65122,299,0,0
2025-08-18 02:00:00,0.65123,0.65127,0.651,0.6511,382,0,0
2025-08-18 02:15:00,0.6511,0.65112,0.6509,0.65101,384,0,0
2025-08-18 02:30:00,0.65101,0.65107,0.65091,0.65097,211,0,0
2025-08-18 02:45:00,0.65097,0.65127,0.65084,0.65122,299,0,0
2025-08-18 03:00:00,0.65123,0.65153,0.65104,0.65146,506,0,0
2025-08-18 03:15:00,0.65146,0.65176,0.6514,0.65167,562,0,0
2025-08-18 03:30:00,0.65167,0.65172,0.65141,0.65143,550,0,0
2025-08-18 03:45:00,0.65143,0.65151,0.65116,0.65132,539,0,0
2025-08-18 04:00:00,0.65132,0.6516,0.65128,0.65155,515,0,0
2025-08-18 04:15:00,0.65155,0.65176,0.65149,0.65152,517,0,0
2025-08-18 04:30:00,0.65151,0.65166,0.65133,0.65148,614,0,0
2025-08-18 04:45:00,0.65148,0.65212,0.65139,0.65205,652,0,0
2025-08-18 05:00:00,0.65205,0.65208,0.65161,0.65162,433,0,0
2025-08-18 05:15:00,0.65162,0.65164,0.65123,0.65142,439,0,0
2025-08-18 05:30:00,0.65142,0.65154,0.65118,0.65122,382,0,0
2025-08-18 05:45:00,0.65122,0.65153,0.65118,0.65145,402,0,0
2025-08-18 06:00:00,0.65145,0.65169,0.65141,0.65155,393,0,0
2025-08-18 06:15:00,0.65155,0.65179,0.65151,0.65175,351,0,0
2025-08-18 06:30:00,0.65175,0.65196,0.65158,0.6518,365,0,0
2025-08-18 06:45:00,0.6518,0.65205,0.65179,0.65202,328,0,0
2025-08-18 07:00:00,0.65201,0.65222,0.6518,0.65189,366,0,0
2025-08-18 07:15:00,0.65189,0.6521,0.65179,0.65201,328,0,0
2025-08-18 07:30:00,0.65201,0.65217,0.65199,0.65205,323,0,0
2025-08-18 07:45:00,0.65205,0.65221,0.65203,0.65207,358,0,0
2025-08-18 08:00:00,0.65207,0.65217,0.65189,0.6519,339,0,0
2025-08-18 08:15:00,0.6519,0.65243,0.65184,0.65226,451,0,0
2025-08-18 08:30:00,0.65226,0.65228,0.65205,0.65212,374,0,0
2025-08-18 08:45:00,0.65212,0.65222,0.65185,0.65185,401,0,0
2025-08-18 09:00:00,0.65185,0.65207,0.65152,0.65152,586,0,0
2025-08-18 09:15:00,0.65152,0.65164,0.65123,0.65135,580,0,0
2025-08-18 09:30:00,0.65135,0.65153,0.65109,0.65109,628,0,0
2025-08-18 09:45:00,0.65109,0.65132,0.65105,0.6512,631,0,0
2025-08-18 10:00:00,0.65119,0.65175,0.65113,0.65163,843,0,0
2025-08-18 10:15:00,0.65163,0.65175,0.65143,0.65151,799,0,0
2025-08-18 10:30:00,0.65151,0.65167,0.65139,0.6516,776,0,0
2025-08-18 10:45:00,0.6516,0.65171,0.65105,0.65119,855,0,0
2025-08-18 11:00:00,0.65119,0.65127,0.6506,0.65097,873,0,0
2025-08-18 11:15:00,0.65098,0.65167,0.65097,0.65156,733,0,0
2025-08-18 11:30:00,0.65156,0.65186,0.65145,0.65173,634,0,0
2025-08-18 11:45:00,0.65173,0.65185,0.6515,0.65156,732,0,0
2025-08-18 12:00:00,0.65155,0.65176,0.6513,0.65167,688,0,0
2025-08-18 12:15:00,0.65167,0.65177,0.65151,0.65169,581,0,0
2025-08-18 12:30:00,0.65169,0.65169,0.65136,0.65137,827,0,0
2025-08-18 12:45:00,0.65137,0.6514,0.65113,0.65127,586,0,0
2025-08-18 13:00:00,0.65127,0.65134,0.6511,0.65124,636,0,0
2025-08-18 13:15:00,0.65123,0.65139,0.65115,0.65118,550,0,0
2025-08-18 13:30:00,0.65118,0.65149,0.65113,0.65147,512,0,0
2025-08-18 13:45:00,0.65147,0.65148,0.65104,0.65106,356,0,0
2025-08-18 14:00:00,0.65105,0.65132,0.65105,0.65114,406,0,0
2025-08-18 14:15:00,0.65114,0.65133,0.65105,0.65124,377,0,0
2025-08-18 14:30:00,0.65125,0.65125,0.65094,0.6511,441,0,0
2025-08-18 14:45:00,0.65111,0.65128,0.65074,0.65089,575,0,0
2025-08-18 15:00:00,0.65088,0.65119,0.65081,0.65107,778,0,0
2025-08-18 15:15:00,0.65107,0.65116,0.65083,0.65092,567,0,0
2025-08-18 15:30:00,0.65092,0.65097,0.65059,0.65061,641,0,0
2025-08-18 15:45:00,0.65061,0.65076,0.65056,0.65076,568,0,0
2025-08-18 16:00:00,0.65076,0.6508,0.65034,0.65044,606,0,0
2025-08-18 16:15:00,0.65044,0.65067,0.65035,0.65054,566,0,0
2025-08-18 16:30:00,0.65055,0.65065,0.65029,0.65056,695,0,0
2025-08-18 16:45:00,0.65057,0.65059,0.65005,0.65011,834,0,0
2025-08-18 17:00:00,0.6501,0.65032,0.64962,0.64974,833,0,0
2025-08-18 17:15:00,0.64974,0.64981,0.64934,0.64934,818,0,0
2025-08-18 17:30:00,0.6493,0.64932,0.64888,0.64891,724,0,0
2025-08-18 17:45:00,0.64891,0.64891,0.64835,0.64871,924,0,0
2025-08-18 18:00:00,0.6487,0.64873,0.64815,0.64832,717,0,0
2025-08-18 18:15:00,0.64832,0.64881,0.64832,0.64875,625,0,0
2025-08-18 18:30:00,0.64876,0.64917,0.64856,0.64908,602,0,0
2025-08-18 18:45:00,0.64908,0.64938,0.64903,0.64929,752,0,0
2025-08-18 19:00:00,0.6493,0.64949,0.64911,0.64945,578,0,0
2025-08-18 19:15:00,0.64944,0.64949,0.64926,0.64935,450,0,0
2025-08-18 19:30:00,0.64935,0.6494,0.64907,0.64907,399,0,0
2025-08-18 19:45:00,0.64907,0.6491,0.64884,0.64891,477,0,0
2025-08-18 20:00:00,0.64891,0.64928,0.64887,0.64926,372,0,0
2025-08-18 20:15:00,0.64926,0.64926,0.64894,0.64909,384,0,0
2025-08-18 20:30:00,0.6491,0.64939,0.64904,0.64905,411,0,0
2025-08-18 20:45:00,0.64905,0.6491,0.64897,0.64897,276,0,0
2025-08-18 21:00:00,0.64897,0.64919,0.64885,0.64909,286,0,0
2025-08-18 21:15:00,0.64909,0.64912,0.64895,0.64899,256,0,0
2025-08-18 21:30:00,0.64899,0.64912,0.6489,0.64895,287,0,0
2025-08-18 21:45:00,0.64895,0.64907,0.6489,0.64906,267,0,0
2025-08-18 22:00:00,0.64906,0.64927,0.64904,0.64924,249,0,0
2025-08-18 22:15:00,0.64924,0.64946,0.64923,0.64942,243,0,0
2025-08-18 22:30:00,0.64941,0.6495,0.64935,0.6494,242,0,0
2025-08-18 22:45:00,0.6494,0.64957,0.64936,0.64947,226,0,0
2025-08-18 23:00:00,0.64947,0.64957,0.64935,0.64941,255,0,0
2025-08-18 23:15:00,0.64941,0.64942,0.64921,0.64926,118,0,0
2025-08-18 23:30:00,0.64926,0.64934,0.64923,0.64928,175,0,0
2025-08-18 23:45:00,0.64927,0.6493,0.64908,0.64909,144,6,0
2025-08-19 00:00:00,0.64901,0.64919,0.64814,0.64919,32,20,0
2025-08-19 00:15:00,0.64919,0.64919,0.64863,0.64888,196,61,0
2025-08-19 00:30:00,0.6489,0.64908,0.64886,0.64908,150,49,0
2025-08-19 00:45:00,0.64908,0.64916,0.64895,0.64895,104,35,0
2025-08-19 01:00:00,0.64903,0.64977,0.64884,0.64957,441,0,0
2025-08-19 01:15:00,0.64957,0.64958,0.64924,0.64932,342,0,0
2025-08-19 01:30:00,0.64932,0.64947,0.64923,0.64942,236,0,0
2025-08-19 01:45:00,0.64942,0.6495,0.64938,0.64941,183,0,0
2025-08-19 02:00:00,0.64941,0.64943,0.64911,0.64913,187,0,0
2025-08-19 02:15:00,0.64913,0.64921,0.64907,0.64913,217,0,0
2025-08-19 02:30:00,0.64913,0.64937,0.64894,0.64935,298,0,0
2025-08-19 02:45:00,0.64936,0.64961,0.64934,0.64946,330,0,0
2025-08-19 03:00:00,0.64946,0.64964,0.64921,0.64958,592,0,0
2025-08-19 03:15:00,0.64958,0.64972,0.64916,0.64931,537,0,0
2025-08-19 03:30:00,0.64931,0.64967,0.64922,0.64933,503,0,0
2025-08-19 03:45:00,0.64933,0.64946,0.6491,0.64942,575,0,0
2025-08-19 04:00:00,0.64941,0.64957,0.64912,0.64916,604,0,0
2025-08-19 04:15:00,0.64917,0.64946,0.64854,0.64856,651,0,0
2025-08-19 04:30:00,0.64856,0.649,0.64846,0.64888,901,0,0
2025-08-19 04:45:00,0.64889,0.64925,0.64864,0.64887,725,0,0
2025-08-19 05:00:00,0.64887,0.64912,0.64851,0.64908,732,0,0
2025-08-19 05:15:00,0.64909,0.64913,0.64864,0.64873,454,0,0
2025-08-19 05:30:00,0.64873,0.64911,0.64864,0.64904,412,0,0
2025-08-19 05:45:00,0.64904,0.64919,0.64891,0.64913,519,0,0
2025-08-19 06:00:00,0.64914,0.64939,0.64905,0.64936,606,0,0
2025-08-19 06:15:00,0.64936,0.64937,0.64907,0.64917,510,0,0
2025-08-19 06:30:00,0.64919,0.64938,0.64902,0.64907,469,0,0
2025-08-19 06:45:00,0.64907,0.64909,0.64871,0.64872,572,0,0
2025-08-19 07:00:00,0.64872,0.64898,0.64854,0.64874,364,0,0
2025-08-19 07:15:00,0.64874,0.649,0.64863,0.64871,386,0,0
2025-08-19 07:30:00,0.64871,0.64896,0.6487,0.64888,327,0,0
2025-08-19 07:45:00,0.64888,0.64902,0.6488,0.64891,388,0,0
2025-08-19 08:00:00,0.64891,0.64918,0.64891,0.64902,444,0,0
2025-08-19 08:15:00,0.64902,0.64918,0.64893,0.64916,444,0,0
2025-08-19 08:30:00,0.64916,0.64922,0.64881,0.64893,443,0,0
2025-08-19 08:45:00,0.64893,0.64896,0.64788,0.64795,706,0,0
2025-08-19 09:00:00,0.64794,0.64842,0.64772,0.64829,844,0,0
2025-08-19 09:15:00,0.64829,0.64859,0.64827,0.6484,529,0,0
2025-08-19 09:30:00,0.6484,0.64884,0.6484,0.64867,466,0,0
2025-08-19 09:45:00,0.64869,0.6491,0.64865,0.64907,644,0,0
2025-08-19 10:00:00,0.64908,0.64963,0.64902,0.64915,883,0,0
2025-08-19 10:15:00,0.64915,0.6493,0.64887,0.64893,749,0,0
2025-08-19 10:30:00,0.64893,0.64894,0.6485,0.6485,734,0,0
2025-08-19 10:45:00,0.6485,0.64868,0.64832,0.64859,768,0,0
2025-08-19 11:00:00,0.64858,0.6487,0.64804,0.64815,695,0,0
2025-08-19 11:15:00,0.64815,0.64851,0.64808,0.64843,634,0,0
2025-08-19 11:30:00,0.64843,0.64847,0.64818,0.6483,553,0,0
2025-08-19 11:45:00,0.6483,0.64853,0.6482,0.64843,600,0,0
2025-08-19 12:00:00,0.64843,0.64893,0.64843,0.64889,702,0,0
2025-08-19 12:15:00,0.64889,0.64902,0.64875,0.64886,622,0,0
2025-08-19 12:30:00,0.64886,0.64891,0.6485,0.64868,495,0,0
2025-08-19 12:45:00,0.64868,0.64903,0.64856,0.64896,524,0,0
2025-08-19 13:00:00,0.64896,0.64922,0.64895,0.64908,607,0,0
2025-08-19 13:15:00,0.64908,0.64956,0.64903,0.64938,583,0,0
2025-08-19 13:30:00,0.64938,0.64942,0.64886,0.64896,484,0,0
2025-08-19 13:45:00,0.64896,0.64911,0.64877,0.649,540,0,0
2025-08-19 14:00:00,0.649,0.64927,0.64893,0.64911,429,0,0
2025-08-19 14:15:00,0.64911,0.64925,0.64892,0.64895,401,0,0
2025-08-19 14:30:00,0.64895,0.64907,0.64879,0.64907,405,0,0
2025-08-19 14:45:00,0.64907,0.64947,0.64887,0.64932,447,0,0
2025-08-19 15:00:00,0.64932,0.64935,0.6491,0.64933,622,0,0
2025-08-19 15:15:00,0.64934,0.64947,0.64916,0.6492,604,0,0
2025-08-19 15:30:00,0.64921,0.64923,0.64846,0.64879,910,0,0
2025-08-19 15:45:00,0.64879,0.64884,0.6484,0.64845,921,0,0
2025-08-19 16:00:00,0.64844,0.64852,0.64745,0.64763,961,0,0
2025-08-19 16:15:00,0.64763,0.64808,0.64756,0.64784,832,0,0
2025-08-19 16:30:00,0.64783,0.64814,0.64767,0.64779,823,0,0
2025-08-19 16:45:00,0.64779,0.64805,0.64767,0.64783,994,0,0
2025-08-19 17:00:00,0.64781,0.64804,0.64727,0.64729,833,0,0
2025-08-19 17:15:00,0.64728,0.64752,0.64715,0.64738,725,0,0
2025-08-19 17:30:00,0.64739,0.64752,0.64639,0.64649,970,0,0
2025-08-19 17:45:00,0.64649,0.64668,0.64645,0.64654,873,0,0
2025-08-19 18:00:00,0.64654,0.64658,0.64609,0.64643,817,0,0
2025-08-19 18:15:00,0.64643,0.6465,0.64611,0.64629,561,0,0
2025-08-19 18:30:00,0.64629,0.64629,0.64584,0.64599,461,0,0
2025-08-19 18:45:00,0.64599,0.64609,0.6458,0.64583,495,0,0
2025-08-19 19:00:00,0.64583,0.64608,0.64583,0.64598,510,0,0
2025-08-19 19:15:00,0.64598,0.64631,0.64579,0.64584,454,0,0
2025-08-19 19:30:00,0.64582,0.64591,0.64562,0.64567,391,0,0
2025-08-19 19:45:00,0.64567,0.64587,0.64556,0.64568,466,0,0
2025-08-19 20:00:00,0.64568,0.64573,0.64553,0.64562,490,0,0
2025-08-19 20:15:00,0.64563,0.6457,0.64553,0.64565,391,0,0
2025-08-19 20:30:00,0.64565,0.64602,0.64562,0.64589,359,0,0
2025-08-19 20:45:00,0.64589,0.6459,0.64572,0.64582,381,0,0
2025-08-19 21:00:00,0.64581,0.64582,0.64537,0.64538,363,0,0
2025-08-19 21:15:00,0.64537,0.64542,0.6453,0.64535,238,0,0
2025-08-19 21:30:00,0.64535,0.64542,0.64503,0.64505,356,0,0
2025-08-19 21:45:00,0.64505,0.6453,0.64498,0.64519,405,0,0
2025-08-19 22:00:00,0.64519,0.64521,0.64497,0.6451,319,0,0
2025-08-19 22:15:00,0.6451,0.64542,0.64509,0.64539,266,0,0
2025-08-19 22:30:00,0.64539,0.64543,0.6452,0.64525,249,0,0
2025-08-19 22:45:00,0.64525,0.64533,0.64513,0.64531,355,0,0
2025-08-19 23:00:00,0.64531,0.64538,0.64525,0.64531,227,0,0
2025-08-19 23:15:00,0.64531,0.64544,0.64529,0.6454,170,0,0
2025-08-19 23:30:00,0.64539,0.64545,0.6453,0.64531,211,0,0
2025-08-19 23:45:00,0.64532,0.64537,0.64518,0.64536,142,5,0
2025-08-20 00:00:00,0.64527,0.64568,0.64387,0.6452,41,22,0
2025-08-20 00:15:00,0.6452,0.64543,0.64509,0.64537,133,60,0
2025-08-20 00:30:00,0.64533,0.64536,0.64522,0.64527,161,43,0
2025-08-20 00:45:00,0.64527,0.64531,0.64512,0.64521,114,43,0
2025-08-20 01:00:00,0.64522,0.64553,0.64512,0.64551,316,0,0
2025-08-20 01:15:00,0.64552,0.64553,0.6454,0.64546,222,0,0
2025-08-20 01:30:00,0.64546,0.64553,0.64542,0.64545,230,0,0
2025-08-20 01:45:00,0.64545,0.64557,0.64542,0.64545,214,0,0
2025-08-20 02:00:00,0.64545,0.64546,0.64527,0.64532,256,0,0
2025-08-20 02:15:00,0.64532,0.64533,0.64504,0.6452,280,0,0
2025-08-20 02:30:00,0.6452,0.64542,0.64508,0.64539,281,0,0
2025-08-20 02:45:00,0.64539,0.64548,0.64527,0.64536,419,0,0
2025-08-20 03:00:00,0.64536,0.64551,0.6448,0.64488,790,0,0
2025-08-20 03:15:00,0.64488,0.64511,0.64454,0.64489,631,0,0
2025-08-20 03:30:00,0.64489,0.64504,0.64481,0.6449,530,0,0
2025-08-20 03:45:00,0.6449,0.64524,0.64489,0.64512,656,0,0
2025-08-20 04:00:00,0.64512,0.64542,0.64501,0.64511,634,0,0
2025-08-20 04:15:00,0.64511,0.64517,0.64438,0.64444,637,0,0
2025-08-20 04:30:00,0.64443,0.64491,0.64433,0.64485,721,0,0
2025-08-20 04:45:00,0.64485,0.64492,0.64468,0.64483,726,0,0
2025-08-20 05:00:00,0.64483,0.64483,0.64342,0.64364,1711,0,0
2025-08-20 05:15:00,0.64364,0.64367,0.64315,0.64343,911,0,0
2025-08-20 05:30:00,0.64343,0.64397,0.64312,0.64317,785,0,0
2025-08-20 05:45:00,0.64317,0.64375,0.64289,0.64353,771,0,0
2025-08-20 06:00:00,0.6435,0.64419,0.64349,0.64367,1022,0,0
2025-08-20 06:15:00,0.64367,0.64409,0.64362,0.64385,641,0,0
2025-08-20 06:30:00,0.64384,0.64415,0.64361,0.64388,611,0,0
2025-08-20 06:45:00,0.64388,0.6439,0.64321,0.64326,638,0,0
2025-08-20 07:00:00,0.64326,0.64385,0.64323,0.64374,464,0,0
2025-08-20 07:15:00,0.64376,0.64419,0.64366,0.64413,419,0,0
2025-08-20 07:30:00,0.64412,0.64437,0.64404,0.64427,415,0,0
2025-08-20 07:45:00,0.64427,0.64453,0.64417,0.64437,485,0,0
2025-08-20 08:00:00,0.64438,0.64442,0.64406,0.64422,523,0,0
2025-08-20 08:15:00,0.64422,0.64454,0.64413,0.64451,455,0,0
2025-08-20 08:30:00,0.64451,0.64477,0.6444,0.64443,567,0,0
2025-08-20 08:45:00,0.64443,0.64488,0.64429,0.64484,476,0,0
2025-08-20 09:00:00,0.64483,0.64493,0.64385,0.64413,975,0,0
2025-08-20 09:15:00,0.64413,0.64451,0.64374,0.64402,759,0,0
2025-08-20 09:30:00,0.64403,0.64466,0.64402,0.64455,682,0,0
2025-08-20 09:45:00,0.64456,0.64467,0.64424,0.64429,704,0,0
2025-08-20 10:00:00,0.64429,0.64467,0.64429,0.6444,851,0,0
2025-08-20 10:15:00,0.6444,0.64443,0.64411,0.64436,626,0,0
2025-08-20 10:30:00,0.64436,0.64436,0.64382,0.644,725,0,0
2025-08-20 10:45:00,0.644,0.64416,0.64354,0.64415,753,0,0
2025-08-20 11:00:00,0.64414,0.64421,0.64306,0.6431,740,0,0
2025-08-20 11:15:00,0.6431,0.6434,0.64268,0.64271,683,0,0
2025-08-20 11:30:00,0.6427,0.64347,0.64254,0.64321,712,0,0
2025-08-20 11:45:00,0.64321,0.64352,0.64313,0.6434,575,0,0
2025-08-20 12:00:00,0.64339,0.6437,0.64333,0.64357,602,0,0
2025-08-20 12:15:00,0.64357,0.64364,0.64315,0.64334,514,0,0
2025-08-20 12:30:00,0.64333,0.64364,0.64322,0.64356,521,0,0
2025-08-20 12:45:00,0.64356,0.64369,0.64347,0.64368,565,0,0
2025-08-20 13:00:00,0.64368,0.64375,0.64334,0.64369,469,0,0
2025-08-20 13:15:00,0.64369,0.64371,0.64332,0.64355,527,0,0
2025-08-20 13:30:00,0.64356,0.64363,0.64328,0.64343,586,0,0
2025-08-20 13:45:00,0.64343,0.6436,0.64322,0.64341,392,0,0
2025-08-20 14:00:00,0.64341,0.64362,0.64333,0.64348,480,0,0
2025-08-20 14:15:00,0.64348,0.64367,0.64337,0.64343,387,0,0
2025-08-20 14:30:00,0.64342,0.64355,0.64315,0.64316,397,0,0
2025-08-20 14:45:00,0.64316,0.6434,0.64306,0.64309,538,0,0
2025-08-20 15:00:00,0.64308,0.64393,0.64308,0.64392,626,0,0
2025-08-20 15:15:00,0.64392,0.64433,0.64385,0.6443,630,0,0
2025-08-20 15:30:00,0.6443,0.64486,0.64416,0.64459,980,0,0
2025-08-20 15:45:00,0.64459,0.64463,0.64419,0.64436,808,0,0
2025-08-20 16:00:00,0.64435,0.64445,0.64396,0.64406,712,0,0
2025-08-20 16:15:00,0.64407,0.64425,0.6439,0.64409,515,0,0
2025-08-20 16:30:00,0.64409,0.64441,0.6439,0.64441,899,0,0
2025-08-20 16:45:00,0.64441,0.64441,0.6427,0.64284,1329,0,0
2025-08-20 17:00:00,0.64284,0.64331,0.64261,0.64263,1318,0,0
2025-08-20 17:15:00,0.64263,0.64307,0.6424,0.64246,1094,0,0
2025-08-20 17:30:00,0.64246,0.6428,0.64237,0.6426,858,0,0
2025-08-20 17:45:00,0.6426,0.64314,0.64242,0.64302,1287,0,0
2025-08-20 18:00:00,0.64303,0.6435,0.64292,0.64326,713,0,0
2025-08-20 18:15:00,0.64327,0.64393,0.64323,0.64393,820,0,0
2025-08-20 18:30:00,0.64393,0.64394,0.64336,0.64339,884,0,0
2025-08-20 18:45:00,0.64339,0.64346,0.64263,0.6427,808,0,0
2025-08-20 19:00:00,0.6427,0.64329,0.6427,0.64323,558,0,0
2025-08-20 19:15:00,0.64324,0.64363,0.64324,0.64343,687,0,0
2025-08-20 19:30:00,0.64342,0.64355,0.64333,0.64345,462,0,0
2025-08-20 19:45:00,0.64345,0.64357,0.64332,0.64349,547,0,0
2025-08-20 20:00:00,0.64349,0.64374,0.64342,0.64356,533,0,0
2025-08-20 20:15:00,0.64356,0.64377,0.64345,0.64362,507,0,0
2025-08-20 20:30:00,0.64364,0.64377,0.6435,0.64356,485,0,0
2025-08-20 20:45:00,0.64356,0.64391,0.64353,0.64377,408,0,0
2025-08-20 21:00:00,0.64375,0.64375,0.64315,0.64337,830,0,0
2025-08-20 21:15:00,0.64337,0.64343,0.64295,0.64315,627,0,0
2025-08-20 21:30:00,0.64315,0.64342,0.64309,0.64329,461,0,0
2025-08-20 21:45:00,0.64329,0.64346,0.64304,0.64304,480,0,0
2025-08-20 22:00:00,0.64305,0.64367,0.64304,0.6436,446,0,0
2025-08-20 22:15:00,0.6436,0.64364,0.64336,0.64356,327,0,0
2025-08-20 22:30:00,0.64356,0.64369,0.64351,0.64355,289,0,0
2025-08-20 22:45:00,0.64354,0.64366,0.64329,0.64332,436,0,0
2025-08-20 23:00:00,0.64332,0.64333,0.64295,0.64311,276,0,0
2025-08-20 23:15:00,0.64311,0.64325,0.64301,0.64319,269,0,0
2025-08-20 23:30:00,0.64319,0.64341,0.64319,0.64337,160,0,0
2025-08-20 23:45:00,0.64335,0.64346,0.64331,0.64333,140,6,0
2025-08-21 00:00:00,0.64327,0.64327,0.64188,0.6429,31,16,0
2025-08-21 00:15:00,0.6429,0.64313,0.64275,0.64312,36,49,0
2025-08-21 00:30:00,0.64312,0.64314,0.64293,0.64309,33,57,0
2025-08-21 00:45:00,0.64309,0.6431,0.64298,0.64306,44,46,0
2025-08-21 01:00:00,0.64307,0.6435,0.64301,0.64335,441,0,0
2025-08-21 01:15:00,0.64335,0.64346,0.64334,0.64345,326,0,0
2025-08-21 01:30:00,0.64345,0.64346,0.64326,0.64334,189,0,0
2025-08-21 01:45:00,0.64333,0.6434,0.64327,0.64339,164,0,0
2025-08-21 02:00:00,0.6434,0.64347,0.64317,0.64321,195,0,0
2025-08-21 02:15:00,0.64321,0.64352,0.6432,0.64335,226,0,0
2025-08-21 02:30:00,0.64335,0.6434,0.64324,0.64333,236,0,0
2025-08-21 02:45:00,0.64333,0.64365,0.64323,0.64354,359,0,0
2025-08-21 03:00:00,0.64353,0.64368,0.6432,0.64352,747,0,0
2025-08-21 03:15:00,0.64352,0.64356,0.64306,0.64334,554,0,0
2025-08-21 03:30:00,0.64334,0.6436,0.64309,0.64311,497,0,0
2025-08-21 03:45:00,0.64311,0.64314,0.64246,0.64277,678,0,0
2025-08-21 04:00:00,0.64277,0.6429,0.64228,0.64237,738,0,0
2025-08-21 04:15:00,0.64236,0.64262,0.64231,0.64258,617,0,0
2025-08-21 04:30:00,0.64258,0.64352,0.64239,0.64321,812,0,0
2025-08-21 04:45:00,0.64321,0.64337,0.64302,0.64312,700,0,0
2025-08-21 05:00:00,0.64311,0.6432,0.6426,0.64295,611,0,0
2025-08-21 05:15:00,0.64295,0.64298,0.64237,0.64241,597,0,0
2025-08-21 05:30:00,0.64241,0.64247,0.64194,0.64226,575,0,0
2025-08-21 05:45:00,0.64226,0.64241,0.64192,0.64197,567,0,0
2025-08-21 06:00:00,0.64197,0.64242,0.64191,0.64238,464,0,0
2025-08-21 06:15:00,0.64238,0.64239,0.642,0.64203,368,0,0
2025-08-21 06:30:00,0.64203,0.6422,0.6419,0.64199,405,0,0
2025-08-21 06:45:00,0.64199,0.64229,0.64187,0.64219,389,0,0
2025-08-21 07:00:00,0.64219,0.64242,0.64205,0.64242,469,0,0
2025-08-21 07:15:00,0.64242,0.64246,0.64222,0.64225,346,0,0
2025-08-21 07:30:00,0.64225,0.64231,0.64211,0.6422,301,0,0
2025-08-21 07:45:00,0.6422,0.6422,0.64194,0.642,322,0,0
2025-08-21 08:00:00,0.64202,0.64205,0.64146,0.64155,462,0,0
2025-08-21 08:15:00,0.64155,0.6423,0.64152,0.64229,513,0,0
2025-08-21 08:30:00,0.64229,0.64258,0.64205,0.64248,521,0,0
2025-08-21 08:45:00,0.64248,0.64261,0.64236,0.64258,469,0,0
2025-08-21 09:00:00,0.64257,0.64263,0.64223,0.6425,596,0,0
2025-08-21 09:15:00,0.6425,0.64275,0.64231,0.64253,668,0,0
2025-08-21 09:30:00,0.64253,0.6426,0.64227,0.64232,717,0,0
2025-08-21 09:45:00,0.64232,0.64235,0.64196,0.64218,711,0,0
2025-08-21 10:00:00,0.64218,0.6422,0.64167,0.64209,758,0,0
2025-08-21 10:15:00,0.64213,0.6423,0.64174,0.64201,638,0,0
2025-08-21 10:30:00,0.642,0.64239,0.64199,0.64206,748,0,0
2025-08-21 10:45:00,0.64204,0.64244,0.64192,0.64228,584,0,0
2025-08-21 11:00:00,0.64227,0.64231,0.64189,0.64209,642,0,0
2025-08-21 11:15:00,0.64209,0.64226,0.64188,0.6422,530,0,0
2025-08-21 11:30:00,0.64219,0.64251,0.6421,0.64219,764,0,0
2025-08-21 11:45:00,0.64219,0.64253,0.64206,0.64242,525,0,0
2025-08-21 12:00:00,0.64242,0.64293,0.64231,0.64282,615,0,0
2025-08-21 12:15:00,0.64281,0.64293,0.64269,0.64279,463,0,0
2025-08-21 12:30:00,0.64279,0.64288,0.64258,0.64274,476,0,0
2025-08-21 12:45:00,0.64274,0.64276,0.64239,0.64242,570,0,0
2025-08-21 13:00:00,0.64243,0.64263,0.64237,0.64248,597,0,0
2025-08-21 13:15:00,0.64248,0.6427,0.64242,0.64269,528,0,0
2025-08-21 13:30:00,0.64269,0.64275,0.6424,0.64253,509,0,0
2025-08-21 13:45:00,0.64253,0.64293,0.64248,0.64291,474,0,0
2025-08-21 14:00:00,0.64291,0.64322,0.64289,0.64312,710,0,0
2025-08-21 14:15:00,0.64312,0.64317,0.64294,0.643,658,0,0
2025-08-21 14:30:00,0.643,0.64304,0.6428,0.64282,584,0,0
2025-08-21 14:45:00,0.64282,0.64283,0.64229,0.64233,643,0,0
2025-08-21 15:00:00,0.64233,0.64248,0.64203,0.64242,617,0,0
2025-08-21 15:15:00,0.64243,0.64263,0.64212,0.64212,551,0,0
2025-08-21 15:30:00,0.64212,0.64309,0.64207,0.64209,1322,0,0
2025-08-21 15:45:00,0.64211,0.64249,0.64188,0.64204,837,0,0
2025-08-21 16:00:00,0.64204,0.64261,0.64204,0.6424,857,0,0
2025-08-21 16:15:00,0.6424,0.64271,0.64228,0.64268,678,0,0
2025-08-21 16:30:00,0.64268,0.64285,0.64235,0.64237,1119,0,0
2025-08-21 16:45:00,0.64217,0.64228,0.64153,0.64201,1741,0,0
2025-08-21 17:00:00,0.64202,0.64319,0.64188,0.64313,1598,0,0
2025-08-21 17:15:00,0.64309,0.64312,0.64236,0.6425,944,0,0
2025-08-21 17:30:00,0.64249,0.64284,0.64245,0.64259,1091,0,0
2025-08-21 17:45:00,0.64259,0.64276,0.64219,0.64258,1107,0,0
2025-08-21 18:00:00,0.64258,0.64272,0.64179,0.642,1022,0,0
2025-08-21 18:15:00,0.64199,0.64278,0.64166,0.64256,1341,0,0
2025-08-21 18:30:00,0.64257,0.64286,0.64229,0.64245,1195,0,0
2025-08-21 18:45:00,0.64245,0.64254,0.64195,0.64197,841,0,0
2025-08-21 19:00:00,0.64197,0.64197,0.64153,0.64159,673,0,0
2025-08-21 19:15:00,0.64159,0.6419,0.64157,0.64186,511,0,0
2025-08-21 19:30:00,0.64186,0.6421,0.64173,0.64205,575,0,0
2025-08-21 19:45:00,0.64205,0.64227,0.64198,0.64221,594,0,0
2025-08-21 20:00:00,0.64221,0.64264,0.6422,0.64258,683,0,0
2025-08-21 20:15:00,0.64258,0.64258,0.64224,0.64237,611,0,0
2025-08-21 20:30:00,0.64237,0.64275,0.64234,0.64273,412,0,0
2025-08-21 20:45:00,0.64273,0.64294,0.64262,0.64263,451,0,0
2025-08-21 21:00:00,0.64263,0.64273,0.64248,0.6426,462,0,0
2025-08-21 21:15:00,0.6426,0.64293,0.64258,0.64267,575,0,0
2025-08-21 21:30:00,0.64267,0.64281,0.64258,0.64261,381,0,0
2025-08-21 21:45:00,0.64261,0.64279,0.64247,0.64247,483,0,0
2025-08-21 22:00:00,0.64247,0.64254,0.64243,0.64246,287,0,0
2025-08-21 22:15:00,0.64246,0.64251,0.64207,0.64213,310,0,0
2025-08-21 22:30:00,0.64213,0.64218,0.64197,0.64211,312,0,0
2025-08-21 22:45:00,0.64211,0.64219,0.642,0.64215,375,0,0
2025-08-21 23:00:00,0.64215,0.64226,0.64213,0.64217,206,0,0
2025-08-21 23:15:00,0.64217,0.64227,0.64208,0.64217,133,0,0
2025-08-21 23:30:00,0.64217,0.6422,0.64207,0.64215,183,0,0
2025-08-21 23:45:00,0.64215,0.64215,0.6419,0.64203,110,6,0
2025-08-22 00:00:00,0.64194,0.64194,0.64099,0.64187,26,14,0
2025-08-22 00:15:00,0.64187,0.64187,0.64163,0.64164,181,84,0
2025-08-22 00:30:00,0.64147,0.6419,0.64145,0.6417,340,42,0
2025-08-22 00:45:00,0.6417,0.64185,0.6417,0.64182,84,30,0
2025-08-22 01:00:00,0.64182,0.64244,0.64179,0.6424,355,0,0
2025-08-22 01:15:00,0.6424,0.64243,0.6423,0.64239,305,0,0
2025-08-22 01:30:00,0.64239,0.64259,0.64237,0.64253,188,0,0
2025-08-22 01:45:00,0.64253,0.64253,0.64233,0.64237,129,0,0
2025-08-22 02:00:00,0.64237,0.64242,0.64218,0.64221,216,0,0
2025-08-22 02:15:00,0.64221,0.6424,0.64217,0.64228,220,0,0
2025-08-22 02:30:00,0.64228,0.64238,0.64223,0.6423,190,0,0
2025-08-22 02:45:00,0.6423,0.64261,0.64228,0.64255,282,0,0
2025-08-22 03:00:00,0.64255,0.64299,0.64233,0.64239,771,0,0
2025-08-22 03:15:00,0.64239,0.64261,0.64219,0.64234,595,0,0
2025-08-22 03:30:00,0.64234,0.64261,0.6423,0.6424,492,0,0
2025-08-22 03:45:00,0.6424,0.6425,0.64229,0.64249,553,0,0
2025-08-22 04:00:00,0.64249,0.64267,0.64222,0.64248,593,0,0
2025-08-22 04:15:00,0.64248,0.64255,0.64224,0.64245,560,0,0
2025-08-22 04:30:00,0.64246,0.64251,0.64231,0.64249,489,0,0
2025-08-22 04:45:00,0.64249,0.64249,0.64194,0.64218,713,0,0
2025-08-22 05:00:00,0.64218,0.64252,0.64209,0.64249,629,0,0
2025-08-22 05:15:00,0.64249,0.64302,0.64242,0.64261,489,0,0
2025-08-22 05:30:00,0.64261,0.64294,0.64256,0.64287,473,0,0
2025-08-22 05:45:00,0.64287,0.64301,0.64255,0.64259,483,0,0
2025-08-22 06:00:00,0.6426,0.64271,0.64231,0.64258,516,0,0
2025-08-22 06:15:00,0.64258,0.64289,0.64257,0.64273,493,0,0
2025-08-22 06:30:00,0.64273,0.64286,0.64245,0.64259,584,0,0
2025-08-22 06:45:00,0.64259,0.64261,0.64221,0.64227,608,0,0
2025-08-22 07:00:00,0.64227,0.64242,0.64222,0.64239,390,0,0
2025-08-22 07:15:00,0.64239,0.64239,0.64193,0.64194,386,0,0
2025-08-22 07:30:00,0.64194,0.64217,0.64176,0.64216,341,0,0
2025-08-22 07:45:00,0.64216,0.64221,0.64186,0.64187,386,0,0
2025-08-22 08:00:00,0.64187,0.64189,0.64162,0.64183,393,0,0
2025-08-22 08:15:00,0.64183,0.64193,0.64157,0.64167,392,0,0
2025-08-22 08:30:00,0.64167,0.6419,0.64159,0.64177,364,0,0
2025-08-22 08:45:00,0.64177,0.64185,0.6416,0.64163,432,0,0
2025-08-22 09:00:00,0.64161,0.64201,0.64151,0.64201,574,0,0
2025-08-22 09:15:00,0.64201,0.64222,0.64197,0.64217,508,0,0
2025-08-22 09:30:00,0.64217,0.64222,0.64164,0.64189,701,0,0
2025-08-22 09:45:00,0.64189,0.642,0.64178,0.64184,667,0,0
2025-08-22 10:00:00,0.64185,0.64224,0.64183,0.64219,736,0,0
2025-08-22 10:15:00,0.64219,0.64225,0.64191,0.64199,495,0,0
2025-08-22 10:30:00,0.64199,0.6421,0.64176,0.64208,429,0,0
2025-08-22 10:45:00,0.64208,0.64261,0.64199,0.64234,585,0,0
2025-08-22 11:00:00,0.64234,0.6427,0.64226,0.64265,534,0,0
2025-08-22 11:15:00,0.64266,0.64282,0.64255,0.64282,639,0,0
2025-08-22 11:30:00,0.64284,0.64297,0.64263,0.64295,507,0,0
2025-08-22 11:45:00,0.64295,0.6432,0.6428,0.64303,753,0,0
2025-08-22 12:00:00,0.64303,0.64313,0.64261,0.64266,528,0,0
2025-08-22 12:15:00,0.64266,0.64268,0.64245,0.6425,525,0,0
2025-08-22 12:30:00,0.6425,0.64272,0.6421,0.64213,554,0,0
2025-08-22 12:45:00,0.64212,0.64223,0.64186,0.64196,604,0,0
2025-08-22 13:00:00,0.64196,0.64202,0.64181,0.64193,371,0,0
2025-08-22 13:15:00,0.64193,0.64194,0.64165,0.64185,330,0,0
2025-08-22 13:30:00,0.64184,0.64205,0.64167,0.64174,370,0,0
2025-08-22 13:45:00,0.64174,0.64184,0.64157,0.64181,529,0,0
2025-08-22 14:00:00,0.6418,0.64207,0.64175,0.64178,497,0,0
2025-08-22 14:15:00,0.64178,0.64192,0.64167,0.64181,438,0,0
2025-08-22 14:30:00,0.64181,0.64211,0.6418,0.6421,486,0,0
2025-08-22 14:45:00,0.6421,0.64225,0.64188,0.64218,693,0,0
2025-08-22 15:00:00,0.64218,0.6425,0.64218,0.64248,686,0,0
2025-08-22 15:15:00,0.64249,0.64257,0.64233,0.64242,544,0,0
2025-08-22 15:30:00,0.64242,0.6426,0.6422,0.64227,652,0,0
2025-08-22 15:45:00,0.64227,0.64238,0.64216,0.64216,591,0,0
2025-08-22 16:00:00,0.64216,0.64273,0.64212,0.64269,725,0,0
2025-08-22 16:15:00,0.64269,0.64291,0.6426,0.64267,568,0,0
2025-08-22 16:30:00,0.6427,0.6429,0.64256,0.64275,884,0,0
2025-08-22 16:45:00,0.64275,0.64322,0.64253,0.6427,825,0,0
2025-08-22 17:00:00,0.64274,0.64785,0.64274,0.64772,3990,0,0
2025-08-22 17:15:00,0.6477,0.64879,0.64734,0.64796,3107,0,0
2025-08-22 17:30:00,0.64797,0.64919,0.64797,0.649,2456,0,0
2025-08-22 17:45:00,0.64897,0.64951,0.64875,0.64932,1958,0,0
2025-08-22 18:00:00,0.64932,0.65011,0.64916,0.6497,1307,0,0
2025-08-22 18:15:00,0.6497,0.64988,0.64932,0.64948,1400,0,0
2025-08-22 18:30:00,0.64948,0.64959,0.64837,0.64856,1298,0,0
2025-08-22 18:45:00,0.64856,0.64883,0.64831,0.64833,1074,0,0
2025-08-22 19:00:00,0.64833,0.64921,0.64832,0.64899,1055,0,0
2025-08-22 19:15:00,0.64899,0.64914,0.64838,0.64859,920,0,0
2025-08-22 19:30:00,0.64859,0.64895,0.64855,0.64875,949,0,0
2025-08-22 19:45:00,0.64876,0.64909,0.64851,0.64884,896,0,0
2025-08-22 20:00:00,0.64884,0.64939,0.64884,0.64928,835,0,0
2025-08-22 20:15:00,0.64928,0.64951,0.64905,0.64945,692,0,0
2025-08-22 20:30:00,0.64942,0.64975,0.64937,0.6497,595,0,0
2025-08-22 20:45:00,0.6497,0.64983,0.64943,0.64949,517,0,0
2025-08-22 21:00:00,0.64949,0.64971,0.64935,0.64945,555,0,0
2025-08-22 21:15:00,0.64945,0.64951,0.64906,0.64924,508,0,0
2025-08-22 21:30:00,0.64925,0.64933,0.64895,0.64906,474,0,0
2025-08-22 21:45:00,0.64907,0.64915,0.64888,0.64889,409,0,0
2025-08-22 22:00:00,0.64889,0.64891,0.64866,0.64883,531,0,0
2025-08-22 22:15:00,0.64883,0.64897,0.6487,0.64875,439,0,0
2025-08-22 22:30:00,0.64875,0.64878,0.64848,0.64875,412,0,0
2025-08-22 22:45:00,0.64875,0.64884,0.64858,0.6488,478,0,0
2025-08-22 23:00:00,0.64881,0.64906,0.64875,0.64904,251,0,0
2025-08-22 23:15:00,0.64904,0.64907,0.64889,0.64892,145,0,0
2025-08-22 23:30:00,0.64891,0.64929,0.64891,0.64927,195,0,0
2025-08-22 23:45:00,0.64927,0.64929,0.64872,0.649,184,7,0
2025-08-25 00:00:00,0.64785,0.64874,0.64745,0.64871,50,112,0
2025-08-25 00:15:00,0.64871,0.64879,0.64869,0.64871,43,94,0
2025-08-25 00:30:00,0.6487,0.64896,0.64855,0.64885,133,71,0
2025-08-25 00:45:00,0.64885,0.64904,0.64879,0.64884,97,73,0
2025-08-25 01:00:00,0.64884,0.64933,0.64882,0.64912,477,0,0
2025-08-25 01:15:00,0.64912,0.64913,0.64885,0.64889,470,0,0
2025-08-25 01:30:00,0.64889,0.64889,0.64839,0.6485,576,0,0
2025-08-25 01:45:00,0.6485,0.64886,0.64849,0.64881,395,0,0
2025-08-25 02:00:00,0.64881,0.64895,0.64866,0.64882,573,0,0
2025-08-25 02:15:00,0.64882,0.64891,0.64853,0.64855,520,0,0
2025-08-25 02:30:00,0.64855,0.64876,0.64848,0.6487,273,0,0
2025-08-25 02:45:00,0.6487,0.64872,0.64838,0.64846,368,0,0
2025-08-25 03:00:00,0.64846,0.64859,0.64798,0.64825,727,0,0
2025-08-25 03:15:00,0.64825,0.64843,0.64814,0.64826,561,0,0
2025-08-25 03:30:00,0.64826,0.64831,0.64808,0.64827,468,0,0
2025-08-25 03:45:00,0.64827,0.64845,0.6482,0.64838,519,0,0
2025-08-25 04:00:00,0.64838,0.64851,0.64795,0.648,522,0,0
2025-08-25 04:15:00,0.648,0.64847,0.6477,0.64771,641,0,0
2025-08-25 04:30:00,0.64771,0.64792,0.64744,0.64748,679,0,0
2025-08-25 04:45:00,0.64748,0.64752,0.64714,0.64727,690,0,0
2025-08-25 05:00:00,0.64727,0.64768,0.6472,0.64761,570,0,0
2025-08-25 05:15:00,0.64761,0.64776,0.64755,0.64758,545,0,0
2025-08-25 05:30:00,0.64758,0.6478,0.64754,0.64776,386,0,0
2025-08-25 05:45:00,0.64776,0.64815,0.64774,0.6481,459,0,0
2025-08-25 06:00:00,0.6481,0.64886,0.6481,0.6488,572,0,0
2025-08-25 06:15:00,0.6488,0.64886,0.64836,0.64852,412,0,0
2025-08-25 06:30:00,0.64852,0.64874,0.64826,0.64866,411,0,0
2025-08-25 06:45:00,0.64867,0.64877,0.64855,0.6487,332,0,0
2025-08-25 07:00:00,0.6487,0.64889,0.64869,0.64881,392,0,0
2025-08-25 07:15:00,0.64881,0.64897,0.64879,0.64895,334,0,0
2025-08-25 07:30:00,0.64897,0.64922,0.64895,0.64914,318,0,0
2025-08-25 07:45:00,0.64914,0.64917,0.64879,0.64894,382,0,0
2025-08-25 08:00:00,0.64894,0.64913,0.64889,0.64899,361,0,0
2025-08-25 08:15:00,0.64899,0.64932,0.64893,0.64911,356,0,0
2025-08-25 08:30:00,0.64911,0.64933,0.64893,0.64931,346,0,0
2025-08-25 08:45:00,0.64931,0.64956,0.64919,0.64926,486,0,0
2025-08-25 09:00:00,0.64926,0.65019,0.64926,0.65019,554,0,0
2025-08-25 09:15:00,0.65019,0.65049,0.65,0.65035,603,0,0
2025-08-25 09:30:00,0.65035,0.65035,0.64984,0.65024,635,0,0
2025-08-25 09:45:00,0.65024,0.65036,0.64992,0.65006,664,0,0
2025-08-25 10:00:00,0.65006,0.65008,0.64944,0.64949,763,0,0
2025-08-25 10:15:00,0.64952,0.64967,0.64927,0.64943,593,0,0
2025-08-25 10:30:00,0.64943,0.64974,0.64928,0.64974,558,0,0
2025-08-25 10:45:00,0.64974,0.64999,0.6486,0.64865,967,0,0
2025-08-25 11:00:00,0.64865,0.64962,0.64864,0.6496,618,0,0
2025-08-25 11:15:00,0.6496,0.64971,0.64937,0.64946,536,0,0
2025-08-25 11:30:00,0.64945,0.64977,0.64944,0.64957,481,0,0
2025-08-25 11:45:00,0.64957,0.6499,0.64955,0.64957,520,0,0
2025-08-25 12:00:00,0.64957,0.6496,0.64912,0.64916,444,0,0
2025-08-25 12:15:00,0.64916,0.64936,0.64909,0.6492,423,0,0
2025-08-25 12:30:00,0.6492,0.64925,0.64897,0.64898,433,0,0
2025-08-25 12:45:00,0.64898,0.64923,0.64863,0.64891,513,0,0
2025-08-25 13:00:00,0.64891,0.64918,0.64886,0.64908,472,0,0
2025-08-25 13:15:00,0.64908,0.64914,0.64866,0.64871,543,0,0
2025-08-25 13:30:00,0.64871,0.64904,0.64865,0.649,501,0,0
2025-08-25 13:45:00,0.649,0.64908,0.6488,0.649,417,0,0
2025-08-25 14:00:00,0.649,0.64948,0.64897,0.64942,542,0,0
2025-08-25 14:15:00,0.64942,0.6496,0.64927,0.64955,449,0,0
2025-08-25 14:30:00,0.64955,0.64965,0.64946,0.6495,469,0,0
2025-08-25 14:45:00,0.6495,0.64995,0.64946,0.6499,513,0,0
2025-08-25 15:00:00,0.6499,0.64997,0.64954,0.64956,553,0,0
2025-08-25 15:15:00,0.64956,0.64978,0.64945,0.6495,669,0,0
2025-08-25 15:30:00,0.6495,0.64957,0.64914,0.64946,649,0,0
2025-08-25 15:45:00,0.64946,0.64955,0.6492,0.64922,618,0,0
2025-08-25 16:00:00,0.64921,0.64943,0.64889,0.6494,565,0,0
2025-08-25 16:15:00,0.6494,0.64952,0.64915,0.64927,485,0,0
2025-08-25 16:30:00,0.64927,0.65003,0.64926,0.64986,964,0,0
2025-08-25 16:45:00,0.64986,0.65013,0.64959,0.6498,791,0,0
2025-08-25 17:00:00,0.6498,0.64996,0.64955,0.64989,969,0,0
2025-08-25 17:15:00,0.64988,0.65036,0.64982,0.65036,889,0,0
2025-08-25 17:30:00,0.65036,0.65042,0.64988,0.64999,822,0,0
2025-08-25 17:45:00,0.64999,0.65045,0.64992,0.65001,951,0,0
2025-08-25 18:00:00,0.65,0.65029,0.64971,0.65011,906,0,0
2025-08-25 18:15:00,0.65012,0.65039,0.64984,0.65013,615,0,0
2025-08-25 18:30:00,0.65014,0.65017,0.64967,0.64977,764,0,0
2025-08-25 18:45:00,0.64977,0.6499,0.64958,0.64984,787,0,0
2025-08-25 19:00:00,0.64984,0.65,0.64968,0.64998,463,0,0
2025-08-25 19:15:00,0.64998,0.65,0.64964,0.64987,467,0,0
2025-08-25 19:30:00,0.64987,0.64997,0.64945,0.64978,430,0,0
2025-08-25 19:45:00,0.64978,0.64991,0.64947,0.64964,509,0,0
2025-08-25 20:00:00,0.64964,0.64967,0.64947,0.64949,508,0,0
2025-08-25 20:15:00,0.64949,0.64955,0.64919,0.64939,509,0,0
2025-08-25 20:30:00,0.64939,0.64939,0.64899,0.64927,467,0,0
2025-08-25 20:45:00,0.64927,0.64938,0.64903,0.64913,399,0,0
2025-08-25 21:00:00,0.64913,0.64922,0.64887,0.64908,458,0,0
2025-08-25 21:15:00,0.64908,0.64911,0.64864,0.64868,336,0,0
2025-08-25 21:30:00,0.64868,0.64879,0.64829,0.64835,522,0,0
2025-08-25 21:45:00,0.64835,0.64851,0.64824,0.64831,467,0,0
2025-08-25 22:00:00,0.64831,0.64841,0.6478,0.64795,558,0,0
2025-08-25 22:15:00,0.64795,0.64806,0.64782,0.64794,433,0,0
2025-08-25 22:30:00,0.64794,0.6481,0.64779,0.6481,369,0,0
2025-08-25 22:45:00,0.6481,0.64814,0.64789,0.64792,314,0,0
2025-08-25 23:00:00,0.64791,0.64826,0.64791,0.64818,279,0,0
2025-08-25 23:15:00,0.64818,0.64833,0.64816,0.64829,168,0,0
2025-08-25 23:30:00,0.64829,0.64845,0.64828,0.64843,202,0,0
2025-08-25 23:45:00,0.64843,0.64843,0.64811,0.64827,166,6,0
2025-08-26 00:00:00,0.64808,0.64808,0.64709,0.64782,36,20,0
2025-08-26 00:15:00,0.64782,0.64782,0.6476,0.64768,80,60,0
2025-08-26 00:30:00,0.64768,0.64786,0.64764,0.6478,163,54,0
2025-08-26 00:45:00,0.6478,0.64808,0.6478,0.6479,122,39,0
2025-08-26 01:00:00,0.6479,0.64841,0.64786,0.64836,398,0,0
2025-08-26 01:15:00,0.64836,0.6484,0.64828,0.64834,314,0,0
2025-08-26 01:30:00,0.64834,0.64837,0.64816,0.64823,186,0,0
2025-08-26 01:45:00,0.64822,0.64835,0.64822,0.6483,164,0,0
2025-08-26 02:00:00,0.6483,0.6484,0.64818,0.64821,212,0,0
2025-08-26 02:15:00,0.64821,0.64821,0.648,0.64802,182,0,0
2025-08-26 02:30:00,0.64802,0.64821,0.64799,0.64808,218,0,0
2025-08-26 02:45:00,0.64808,0.64817,0.64796,0.64816,251,0,0
2025-08-26 03:00:00,0.64815,0.64936,0.64789,0.64929,1971,0,0
2025-08-26 03:15:00,0.64929,0.64938,0.64871,0.64899,1338,0,0
2025-08-26 03:30:00,0.64899,0.64934,0.64858,0.64885,1541,0,0
2025-08-26 03:45:00,0.64886,0.64912,0.64878,0.64903,1221,0,0
2025-08-26 04:00:00,0.64903,0.64931,0.64859,0.64872,991,0,0
2025-08-26 04:15:00,0.64872,0.64891,0.64852,0.64859,749,0,0
2025-08-26 04:30:00,0.64859,0.64859,0.64752,0.64767,990,0,0
2025-08-26 04:45:00,0.64766,0.64788,0.64745,0.64754,775,0,0
2025-08-26 05:00:00,0.64754,0.64854,0.6475,0.64821,833,0,0
2025-08-26 05:15:00,0.64821,0.64842,0.64802,0.6484,604,0,0
2025-08-26 05:30:00,0.6484,0.64843,0.64796,0.64808,596,0,0
2025-08-26 05:45:00,0.64808,0.64823,0.64794,0.64807,549,0,0
2025-08-26 06:00:00,0.64807,0.64807,0.64709,0.64753,743,0,0
2025-08-26 06:15:00,0.64753,0.64759,0.64726,0.64731,651,0,0
2025-08-26 06:30:00,0.6473,0.64774,0.64728,0.64762,455,0,0
2025-08-26 06:45:00,0.64762,0.64763,0.64721,0.6473,471,0,0
2025-08-26 07:00:00,0.64729,0.64755,0.64715,0.64748,650,0,0
2025-08-26 07:15:00,0.64748,0.64787,0.64747,0.64781,438,0,0
2025-08-26 07:30:00,0.64781,0.64799,0.64766,0.64796,362,0,0
2025-08-26 07:45:00,0.64796,0.64798,0.64772,0.64796,489,0,0
2025-08-26 08:00:00,0.64796,0.64805,0.64779,0.64795,420,0,0
2025-08-26 08:15:00,0.64795,0.64804,0.64781,0.64787,371,0,0
2025-08-26 08:30:00,0.64787,0.64818,0.64776,0.64812,500,0,0
2025-08-26 08:45:00,0.64812,0.6482,0.64782,0.64808,572,0,0
2025-08-26 09:00:00,0.64809,0.64814,0.64759,0.64772,660,0,0
2025-08-26 09:15:00,0.64773,0.64786,0.64699,0.6478,894,0,0
2025-08-26 09:30:00,0.6478,0.64851,0.64777,0.64816,649,0,0
2025-08-26 09:45:00,0.64817,0.6483,0.64785,0.64801,917,0,0
2025-08-26 10:00:00,0.648,0.64819,0.64724,0.64756,1137,0,0
2025-08-26 10:15:00,0.64756,0.64771,0.64703,0.6477,1101,0,0
2025-08-26 10:30:00,0.6477,0.64809,0.64768,0.64782,693,0,0
2025-08-26 10:45:00,0.64782,0.64786,0.64731,0.64737,888,0,0
2025-08-26 11:00:00,0.64737,0.64782,0.64732,0.64779,883,0,0
2025-08-26 11:15:00,0.6478,0.648,0.64733,0.64781,955,0,0
2025-08-26 11:30:00,0.64782,0.64791,0.64764,0.64774,833,0,0
2025-08-26 11:45:00,0.64774,0.64782,0.64748,0.64766,809,0,0
2025-08-26 12:00:00,0.64766,0.6484,0.64765,0.64834,730,0,0
2025-08-26 12:15:00,0.64834,0.64863,0.64831,0.64842,763,0,0
2025-08-26 12:30:00,0.64843,0.64845,0.64812,0.64823,591,0,0
2025-08-26 12:45:00,0.64823,0.6487,0.64822,0.64856,758,0,0
2025-08-26 13:00:00,0.64855,0.64879,0.6485,0.64877,594,0,0
2025-08-26 13:15:00,0.64877,0.64881,0.64855,0.64857,457,0,0
2025-08-26 13:30:00,0.64857,0.64858,0.64817,0.64826,600,0,0
2025-08-26 13:45:00,0.64826,0.64851,0.6482,0.64846,687,0,0
2025-08-26 14:00:00,0.64846,0.64888,0.64838,0.64883,566,0,0
2025-08-26 14:15:00,0.64882,0.64892,0.64871,0.64876,621,0,0
2025-08-26 14:30:00,0.64876,0.64909,0.64875,0.649,675,0,0
2025-08-26 14:45:00,0.649,0.64924,0.64889,0.64901,602,0,0
2025-08-26 15:00:00,0.64901,0.64936,0.649,0.64919,676,0,0
2025-08-26 15:15:00,0.64919,0.64919,0.64871,0.64886,702,0,0
2025-08-26 15:30:00,0.64885,0.64907,0.64851,0.64862,735,0,0
2025-08-26 15:45:00,0.64862,0.64876,0.64851,0.64864,747,0,0
2025-08-26 16:00:00,0.64864,0.64875,0.64818,0.64839,811,0,0
2025-08-26 16:15:00,0.64838,0.64839,0.6481,0.64829,545,0,0
2025-08-26 16:30:00,0.64828,0.64852,0.64805,0.64846,996,0,0
2025-08-26 16:45:00,0.64845,0.64887,0.64821,0.64873,904,0,0
2025-08-26 17:00:00,0.64875,0.64897,0.6484,0.64861,1067,0,0
2025-08-26 17:15:00,0.6486,0.64962,0.64859,0.64922,907,0,0
2025-08-26 17:30:00,0.64922,0.64948,0.64896,0.64917,813,0,0
2025-08-26 17:45:00,0.64917,0.64962,0.64901,0.64942,857,0,0
2025-08-26 18:00:00,0.64942,0.64979,0.64931,0.64976,729,0,0
2025-08-26 18:15:00,0.64976,0.64987,0.64961,0.64963,657,0,0
2025-08-26 18:30:00,0.64963,0.64968,0.64946,0.64967,718,0,0
2025-08-26 18:45:00,0.64967,0.64983,0.64942,0.64973,577,0,0
2025-08-26 19:00:00,0.64974,0.64983,0.64962,0.64975,501,0,0
2025-08-26 19:15:00,0.64975,0.65009,0.64965,0.64971,453,0,0
2025-08-26 19:30:00,0.6497,0.64975,0.64953,0.6497,376,0,0
2025-08-26 19:45:00,0.6497,0.64974,0.64954,0.64962,449,0,0
2025-08-26 20:00:00,0.64962,0.64972,0.64949,0.64972,340,0,0
2025-08-26 20:15:00,0.64972,0.64978,0.64959,0.64976,315,0,0
2025-08-26 20:30:00,0.64976,0.64978,0.64947,0.64951,272,0,0
2025-08-26 20:45:00,0.64951,0.64961,0.64937,0.64946,387,0,0
2025-08-26 21:00:00,0.64946,0.64949,0.64929,0.64931,479,0,0
2025-08-26 21:15:00,0.64931,0.64935,0.6492,0.64935,347,0,0
2025-08-26 21:30:00,0.64935,0.64945,0.64934,0.64937,374,0,0
2025-08-26 21:45:00,0.64937,0.64963,0.64936,0.64941,374,0,0
2025-08-26 22:00:00,0.64941,0.64949,0.6493,0.64946,360,0,0
2025-08-26 22:15:00,0.64946,0.64969,0.6494,0.64961,294,0,0
2025-08-26 22:30:00,0.64961,0.64965,0.64937,0.64937,290,0,0
2025-08-26 22:45:00,0.64937,0.64952,0.64927,0.64935,318,0,0
2025-08-26 23:00:00,0.64932,0.64947,0.64919,0.64942,268,0,0
2025-08-26 23:15:00,0.64942,0.64948,0.64932,0.64936,129,0,0
2025-08-26 23:30:00,0.64935,0.64951,0.64935,0.64948,179,0,0
2025-08-26 23:45:00,0.64949,0.64952,0.64936,0.64942,100,5,0
2025-08-27 00:00:00,0.64912,0.64912,0.64788,0.64895,31,54,0
2025-08-27 00:15:00,0.64895,0.64917,0.64894,0.64904,68,38,0
2025-08-27 00:30:00,0.64905,0.6491,0.64897,0.649,84,45,0
2025-08-27 00:45:00,0.649,0.64903,0.64895,0.64898,133,47,0
2025-08-27 01:00:00,0.64898,0.64963,0.64898,0.64957,428,0,0
2025-08-27 01:15:00,0.64957,0.64958,0.64945,0.64958,313,0,0
2025-08-27 01:30:00,0.64958,0.64973,0.6495,0.64959,200,0,0
2025-08-27 01:45:00,0.64956,0.6497,0.64949,0.64967,184,0,0
2025-08-27 02:00:00,0.64968,0.64972,0.64956,0.64963,165,0,0
2025-08-27 02:15:00,0.64963,0.64975,0.64956,0.64961,207,0,0
2025-08-27 02:30:00,0.64961,0.64974,0.64955,0.64956,163,0,0
2025-08-27 02:45:00,0.64956,0.64964,0.64943,0.64954,310,0,0
2025-08-27 03:00:00,0.64954,0.64965,0.64945,0.64947,489,0,0
2025-08-27 03:15:00,0.64947,0.64956,0.64929,0.64938,475,0,0
2025-08-27 03:30:00,0.64938,0.64951,0.64933,0.64933,312,0,0
2025-08-27 03:45:00,0.64933,0.64944,0.64918,0.64931,456,0,0
2025-08-27 04:00:00,0.64931,0.64944,0.64927,0.64933,427,0,0
2025-08-27 04:15:00,0.64933,0.64957,0.64896,0.64915,536,0,0
2025-08-27 04:30:00,0.64906,0.65039,0.64906,0.65011,1251,0,0
2025-08-27 04:45:00,0.65012,0.65045,0.64973,0.64975,783,0,0
2025-08-27 05:00:00,0.64975,0.64981,0.64932,0.64941,668,0,0
2025-08-27 05:15:00,0.64941,0.64975,0.64915,0.64925,656,0,0
2025-08-27 05:30:00,0.64924,0.64927,0.64872,0.64897,525,0,0
2025-08-27 05:45:00,0.64897,0.64916,0.64895,0.64913,410,0,0
2025-08-27 06:00:00,0.64913,0.64936,0.64911,0.64921,428,0,0
2025-08-27 06:15:00,0.64921,0.64927,0.64899,0.64904,489,0,0
2025-08-27 06:30:00,0.64904,0.64911,0.64888,0.64892,363,0,0
2025-08-27 06:45:00,0.64892,0.64893,0.64877,0.64882,380,0,0
2025-08-27 07:00:00,0.64881,0.64885,0.64846,0.64882,531,0,0
2025-08-27 07:15:00,0.64882,0.64891,0.6486,0.64883,388,0,0
2025-08-27 07:30:00,0.64883,0.64885,0.64838,0.64848,383,0,0
2025-08-27 07:45:00,0.64848,0.6486,0.64835,0.64847,284,0,0
2025-08-27 08:00:00,0.64847,0.6486,0.64832,0.64859,387,0,0
2025-08-27 08:15:00,0.64859,0.64865,0.64842,0.64845,348,0,0
2025-08-27 08:30:00,0.64845,0.64865,0.64837,0.6486,390,0,0
2025-08-27 08:45:00,0.64861,0.64874,0.64851,0.64859,398,0,0
2025-08-27 09:00:00,0.64859,0.64904,0.64853,0.64894,587,0,0
2025-08-27 09:15:00,0.64894,0.64904,0.64883,0.64883,482,0,0
2025-08-27 09:30:00,0.64883,0.64904,0.6486,0.649,607,0,0
2025-08-27 09:45:00,0.64901,0.64901,0.64848,0.64882,497,0,0
2025-08-27 10:00:00,0.64882,0.64894,0.64828,0.6483,737,0,0
2025-08-27 10:15:00,0.64831,0.64833,0.64766,0.64766,760,0,0
2025-08-27 10:30:00,0.64767,0.64787,0.64748,0.64769,769,0,0
2025-08-27 10:45:00,0.64769,0.6479,0.64756,0.64784,608,0,0
2025-08-27 11:00:00,0.64784,0.64784,0.64706,0.64712,647,0,0
2025-08-27 11:15:00,0.64712,0.64719,0.64695,0.64703,626,0,0
2025-08-27 11:30:00,0.64704,0.64712,0.64646,0.64676,833,0,0
2025-08-27 11:45:00,0.64676,0.64713,0.64675,0.64709,703,0,0
2025-08-27 12:00:00,0.6471,0.6471,0.64662,0.64699,547,0,0
2025-08-27 12:15:00,0.64699,0.64721,0.64699,0.64721,523,0,0
2025-08-27 12:30:00,0.64721,0.64737,0.64715,0.64734,506,0,0
2025-08-27 12:45:00,0.64732,0.64738,0.64704,0.64712,702,0,0
2025-08-27 13:00:00,0.64712,0.64712,0.64676,0.64699,768,0,0
2025-08-27 13:15:00,0.64698,0.64702,0.64653,0.64675,506,0,0
2025-08-27 13:30:00,0.64675,0.64681,0.64642,0.64668,413,0,0
2025-08-27 13:45:00,0.64668,0.6468,0.64652,0.64662,473,0,0
2025-08-27 14:00:00,0.64662,0.6469,0.64626,0.64688,620,0,0
2025-08-27 14:15:00,0.64688,0.64694,0.64642,0.6465,462,0,0
2025-08-27 14:30:00,0.6465,0.64685,0.64627,0.64628,464,0,0
2025-08-27 14:45:00,0.64628,0.6468,0.64625,0.64664,676,0,0
2025-08-27 15:00:00,0.64664,0.64711,0.64662,0.64708,550,0,0
2025-08-27 15:15:00,0.64707,0.64743,0.647,0.6472,646,0,0
2025-08-27 15:30:00,0.6472,0.64729,0.64684,0.64685,815,0,0
2025-08-27 15:45:00,0.64685,0.64727,0.64682,0.64718,793,0,0
2025-08-27 16:00:00,0.64718,0.64755,0.64703,0.64753,748,0,0
2025-08-27 16:15:00,0.64753,0.64754,0.64722,0.64731,654,0,0
2025-08-27 16:30:00,0.64733,0.64736,0.64693,0.64698,829,0,0
2025-08-27 16:45:00,0.64698,0.64792,0.64695,0.64756,968,0,0
2025-08-27 17:00:00,0.64756,0.64782,0.64724,0.6477,969,0,0
2025-08-27 17:15:00,0.6477,0.64789,0.64754,0.64759,760,0,0
2025-08-27 17:30:00,0.64757,0.64775,0.64739,0.64771,732,0,0
2025-08-27 17:45:00,0.64771,0.64858,0.64757,0.64856,923,0,0
2025-08-27 18:00:00,0.64856,0.64944,0.64855,0.64922,1265,0,0
2025-08-27 18:15:00,0.64923,0.64939,0.64912,0.64938,763,0,0
2025-08-27 18:30:00,0.64938,0.6495,0.64917,0.64943,770,0,0
2025-08-27 18:45:00,0.64941,0.64953,0.64917,0.6495,601,0,0
2025-08-27 19:00:00,0.64951,0.64988,0.64944,0.64981,468,0,0
2025-08-27 19:15:00,0.64981,0.64996,0.64968,0.64988,494,0,0
2025-08-27 19:30:00,0.64988,0.65048,0.64986,0.65033,532,0,0
2025-08-27 19:45:00,0.65033,0.651,0.6503,0.6509,684,0,0
2025-08-27 20:00:00,0.6509,0.65129,0.65075,0.65103,747,0,0
2025-08-27 20:15:00,0.65103,0.65124,0.65093,0.65094,592,0,0
2025-08-27 20:30:00,0.65094,0.65103,0.6508,0.65102,408,0,0
2025-08-27 20:45:00,0.65102,0.6513,0.65101,0.65121,363,0,0
2025-08-27 21:00:00,0.65121,0.65122,0.65065,0.65091,558,0,0
2025-08-27 21:15:00,0.65091,0.65117,0.65091,0.65112,421,0,0
2025-08-27 21:30:00,0.65112,0.6512,0.65092,0.6511,385,0,0
2025-08-27 21:45:00,0.65109,0.65109,0.65083,0.65096,369,0,0
2025-08-27 22:00:00,0.65096,0.65101,0.65066,0.65074,397,0,0
2025-08-27 22:15:00,0.65076,0.65086,0.65059,0.65081,350,0,0
2025-08-27 22:30:00,0.65081,0.65083,0.65067,0.65078,290,0,0
2025-08-27 22:45:00,0.65078,0.65101,0.6507,0.6509,312,0,0
2025-08-27 23:00:00,0.65089,0.65099,0.65067,0.65074,296,0,0
2025-08-27 23:15:00,0.65074,0.65078,0.65045,0.65062,419,0,0
2025-08-27 23:30:00,0.65062,0.65077,0.65059,0.65064,366,0,0
2025-08-27 23:45:00,0.65064,0.65075,0.65052,0.65053,187,5,0
2025-08-28 00:00:00,0.65052,0.65052,0.64999,0.65011,33,14,0
2025-08-28 00:15:00,0.65011,0.65042,0.65004,0.6504,75,27,0
2025-08-28 00:30:00,0.65034,0.65042,0.64998,0.65018,122,27,0
2025-08-28 00:45:00,0.65018,0.6502,0.65001,0.65009,130,27,0
2025-08-28 01:00:00,0.65009,0.65065,0.65005,0.6506,416,0,0
2025-08-28 01:15:00,0.6506,0.65083,0.65059,0.65082,337,0,0
2025-08-28 01:30:00,0.65082,0.65093,0.65078,0.65092,192,0,0
2025-08-28 01:45:00,0.65092,0.65094,0.65077,0.65084,167,0,0
2025-08-28 02:00:00,0.65085,0.65102,0.65079,0.65086,291,0,0
2025-08-28 02:15:00,0.65086,0.65094,0.65079,0.65082,183,0,0
2025-08-28 02:30:00,0.65082,0.65103,0.6508,0.65095,211,0,0
2025-08-28 02:45:00,0.65095,0.65126,0.65081,0.65126,328,0,0
2025-08-28 03:00:00,0.65126,0.65153,0.65116,0.6512,549,0,0
2025-08-28 03:15:00,0.6512,0.65128,0.651,0.65123,420,0,0
2025-08-28 03:30:00,0.65124,0.65147,0.65113,0.6513,406,0,0
2025-08-28 03:45:00,0.6513,0.65142,0.65111,0.65124,494,0,0
2025-08-28 04:00:00,0.65124,0.65177,0.65112,0.65164,652,0,0
2025-08-28 04:15:00,0.65164,0.65175,0.65123,0.65136,475,0,0
2025-08-28 04:30:00,0.65136,0.65154,0.65103,0.65127,648,0,0
2025-08-28 04:45:00,0.65127,0.65134,0.65105,0.65125,466,0,0
2025-08-28 05:00:00,0.65125,0.65185,0.65116,0.65147,584,0,0
2025-08-28 05:15:00,0.65148,0.65179,0.65148,0.65168,492,0,0
2025-08-28 05:30:00,0.65168,0.65175,0.65146,0.65163,403,0,0
2025-08-28 05:45:00,0.65163,0.65198,0.65155,0.65197,412,0,0
2025-08-28 06:00:00,0.65196,0.65221,0.65179,0.65214,463,0,0
2025-08-28 06:15:00,0.65214,0.6522,0.65177,0.65184,481,0,0
2025-08-28 06:30:00,0.65184,0.65193,0.65131,0.6514,477,0,0
2025-08-28 06:45:00,0.6514,0.65151,0.6513,0.65145,454,0,0
2025-08-28 07:00:00,0.65145,0.65146,0.65106,0.65118,506,0,0
2025-08-28 07:15:00,0.65118,0.65141,0.65115,0.65135,327,0,0
2025-08-28 07:30:00,0.65135,0.6514,0.65111,0.65121,352,0,0
2025-08-28 07:45:00,0.65121,0.65122,0.65095,0.65109,374,0,0
2025-08-28 08:00:00,0.65109,0.65109,0.65099,0.65103,292,0,0
2025-08-28 08:15:00,0.65103,0.65104,0.65073,0.65087,360,0,0
2025-08-28 08:30:00,0.65087,0.65088,0.65055,0.65064,402,0,0
2025-08-28 08:45:00,0.65064,0.65092,0.65059,0.65089,468,0,0
2025-08-28 09:00:00,0.65088,0.65152,0.6508,0.6514,547,0,0
2025-08-28 09:15:00,0.65139,0.6515,0.65111,0.65122,526,0,0
2025-08-28 09:30:00,0.65122,0.65141,0.65107,0.65113,619,0,0
2025-08-28 09:45:00,0.65113,0.65129,0.65094,0.65122,548,0,0
2025-08-28 10:00:00,0.65121,0.65149,0.65098,0.65118,719,0,0
2025-08-28 10:15:00,0.65118,0.65131,0.65086,0.65126,619,0,0
2025-08-28 10:30:00,0.65126,0.65126,0.65086,0.65114,564,0,0
2025-08-28 10:45:00,0.65114,0.65156,0.65105,0.65148,637,0,0
2025-08-28 11:00:00,0.65148,0.65153,0.65082,0.65094,787,0,0
2025-08-28 11:15:00,0.65095,0.65129,0.65093,0.65111,575,0,0
2025-08-28 11:30:00,0.65111,0.65179,0.65107,0.65176,631,0,0
2025-08-28 11:45:00,0.6518,0.65203,0.65176,0.65194,483,0,0
2025-08-28 12:00:00,0.65194,0.65229,0.65186,0.65219,567,0,0
2025-08-28 12:15:00,0.65219,0.65234,0.65218,0.65222,463,0,0
2025-08-28 12:30:00,0.65222,0.65227,0.6519,0.65193,442,0,0
2025-08-28 12:45:00,0.65192,0.65218,0.65178,0.65203,540,0,0
2025-08-28 13:00:00,0.65203,0.65238,0.65183,0.65238,532,0,0
2025-08-28 13:15:00,0.65238,0.65283,0.65234,0.65266,587,0,0
2025-08-28 13:30:00,0.65266,0.65292,0.65249,0.65287,636,0,0
2025-08-28 13:45:00,0.65287,0.65299,0.65267,0.65279,425,0,0
2025-08-28 14:00:00,0.65279,0.65301,0.65249,0.65264,635,0,0
2025-08-28 14:15:00,0.65264,0.65295,0.65246,0.65292,437,0,0
2025-08-28 14:30:00,0.65293,0.65307,0.6525,0.65253,636,0,0
2025-08-28 14:45:00,0.65253,0.65288,0.65248,0.65276,718,0,0
2025-08-28 15:00:00,0.65276,0.65315,0.65264,0.65302,749,0,0
2025-08-28 15:15:00,0.65301,0.65313,0.65281,0.65299,761,0,0
2025-08-28 15:30:00,0.653,0.65345,0.65225,0.65337,1256,0,0
2025-08-28 15:45:00,0.65336,0.65345,0.65271,0.65286,1129,0,0
2025-08-28 16:00:00,0.65286,0.65295,0.65231,0.65277,1198,0,0
2025-08-28 16:15:00,0.65277,0.65291,0.65244,0.65263,759,0,0
2025-08-28 16:30:00,0.65263,0.65269,0.65194,0.6521,1244,0,0
2025-08-28 16:45:00,0.65211,0.65244,0.65196,0.65232,1166,0,0
2025-08-28 17:00:00,0.65231,0.65298,0.6521,0.65279,1326,0,0
2025-08-28 17:15:00,0.65279,0.6531,0.65271,0.65293,1036,0,0
2025-08-28 17:30:00,0.65293,0.65338,0.65277,0.65299,902,0,0
2025-08-28 17:45:00,0.65297,0.65298,0.65221,0.65253,955,0,0
2025-08-28 18:00:00,0.65253,0.65277,0.65241,0.65276,817,0,0
2025-08-28 18:15:00,0.65276,0.65289,0.65251,0.65265,699,0,0
2025-08-28 18:30:00,0.65265,0.65299,0.6526,0.65275,683,0,0
2025-08-28 18:45:00,0.65275,0.65314,0.65271,0.65303,683,0,0
2025-08-28 19:00:00,0.65304,0.65336,0.65295,0.65331,560,0,0
2025-08-28 19:15:00,0.65331,0.65341,0.65311,0.65332,354,0,0
2025-08-28 19:30:00,0.65332,0.65342,0.65325,0.65337,395,0,0
2025-08-28 19:45:00,0.65337,0.65367,0.65335,0.65345,459,0,0
2025-08-28 20:00:00,0.65346,0.6537,0.65331,0.65364,450,0,0
2025-08-28 20:15:00,0.65363,0.65378,0.65352,0.65366,410,0,0
2025-08-28 20:30:00,0.65365,0.6537,0.65347,0.65363,301,0,0
2025-08-28 20:45:00,0.65363,0.65375,0.65345,0.65345,287,0,0
2025-08-28 21:00:00,0.65345,0.65347,0.65332,0.65342,384,0,0
2025-08-28 21:15:00,0.65343,0.65359,0.65335,0.65346,338,0,0
2025-08-28 21:30:00,0.65346,0.65353,0.65342,0.65346,264,0,0
2025-08-28 21:45:00,0.65346,0.65356,0.6533,0.65346,277,0,0
2025-08-28 22:00:00,0.65346,0.65352,0.65325,0.65336,278,0,0
2025-08-28 22:15:00,0.65336,0.65343,0.65326,0.65329,217,0,0
2025-08-28 22:30:00,0.65329,0.6533,0.65317,0.65323,267,0,0
2025-08-28 22:45:00,0.65323,0.65324,0.65309,0.65312,263,0,0
2025-08-28 23:00:00,0.65312,0.65327,0.65309,0.65317,171,0,0
2025-08-28 23:15:00,0.65317,0.65323,0.65296,0.653,198,0,0
2025-08-28 23:30:00,0.65301,0.65314,0.65296,0.65308,145,0,0
2025-08-28 23:45:00,0.65309,0.65322,0.65302,0.65322,136,5,0
2025-08-29 00:00:00,0.65314,0.65314,0.6523,0.65235,33,16,0
2025-08-29 00:15:00,0.65235,0.65301,0.65232,0.65292,149,34,0
2025-08-29 00:30:00,0.65289,0.65294,0.6527,0.65279,152,28,0
2025-08-29 00:45:00,0.65279,0.65282,0.65273,0.65278,68,30,0
2025-08-29 01:00:00,0.65271,0.65306,0.65266,0.65297,703,0,0
2025-08-29 01:15:00,0.65297,0.65308,0.65291,0.65293,306,0,0
2025-08-29 01:30:00,0.65293,0.65302,0.65276,0.65283,357,0,0
2025-08-29 01:45:00,0.65283,0.65289,0.6528,0.65286,141,0,0
2025-08-29 02:00:00,0.65286,0.65303,0.65284,0.65292,215,0,0
2025-08-29 02:15:00,0.65292,0.65316,0.65291,0.65296,202,0,0
2025-08-29 02:30:00,0.65296,0.65304,0.6529,0.65302,165,0,0
2025-08-29 02:45:00,0.65302,0.65322,0.65291,0.65307,231,0,0
2025-08-29 03:00:00,0.65307,0.65338,0.65303,0.65335,613,0,0
2025-08-29 03:15:00,0.65335,0.6534,0.65311,0.65333,385,0,0
2025-08-29 03:30:00,0.65333,0.6534,0.65321,0.6533,347,0,0
2025-08-29 03:45:00,0.6533,0.65359,0.65315,0.65356,483,0,0
2025-08-29 04:00:00,0.65356,0.65375,0.65342,0.65372,479,0,0
2025-08-29 04:15:00,0.65372,0.65377,0.65282,0.65309,843,0,0
2025-08-29 04:30:00,0.65311,0.65399,0.65297,0.65398,821,0,0
2025-08-29 04:45:00,0.65399,0.65406,0.65356,0.65404,875,0,0
2025-08-29 05:00:00,0.65404,0.65422,0.65379,0.65382,652,0,0
2025-08-29 05:15:00,0.65382,0.65403,0.65376,0.65397,538,0,0
2025-08-29 05:30:00,0.65397,0.6541,0.65378,0.65394,380,0,0
2025-08-29 05:45:00,0.65394,0.65408,0.65371,0.65373,463,0,0
2025-08-29 06:00:00,0.65373,0.65394,0.65351,0.65355,519,0,0
2025-08-29 06:15:00,0.65355,0.65363,0.6533,0.65338,437,0,0
2025-08-29 06:30:00,0.65338,0.6537,0.65333,0.65365,421,0,0
2025-08-29 06:45:00,0.65365,0.65381,0.65363,0.65365,343,0,0
2025-08-29 07:00:00,0.65365,0.65378,0.65355,0.65357,351,0,0
2025-08-29 07:15:00,0.65357,0.65379,0.65353,0.65378,332,0,0
2025-08-29 07:30:00,0.65378,0.6539,0.6536,0.65389,328,0,0
2025-08-29 07:45:00,0.65389,0.65396,0.65379,0.65393,327,0,0
2025-08-29 08:00:00,0.65393,0.65398,0.65377,0.65385,361,0,0
2025-08-29 08:15:00,0.65385,0.65391,0.6535,0.65359,312,0,0
2025-08-29 08:30:00,0.65359,0.65365,0.65349,0.65362,303,0,0
2025-08-29 08:45:00,0.65362,0.65384,0.65356,0.65378,448,0,0
2025-08-29 09:00:00,0.65378,0.65405,0.65376,0.65392,474,0,0
2025-08-29 09:15:00,0.65392,0.65406,0.6536,0.65363,447,0,0
2025-08-29 09:30:00,0.65362,0.6537,0.65318,0.65332,588,0,0
2025-08-29 09:45:00,0.65333,0.65336,0.65298,0.65313,536,0,0
2025-08-29 10:00:00,0.65311,0.65363,0.653,0.65342,630,0,0
2025-08-29 10:15:00,0.65342,0.65343,0.6531,0.65321,455,0,0
2025-08-29 10:30:00,0.65321,0.6534,0.65279,0.65338,600,0,0
2025-08-29 10:45:00,0.65338,0.65394,0.65335,0.65387,557,0,0
2025-08-29 11:00:00,0.65388,0.6539,0.65356,0.65358,758,0,0
2025-08-29 11:15:00,0.65358,0.65365,0.6532,0.65353,658,0,0
2025-08-29 11:30:00,0.65353,0.65392,0.65353,0.65383,700,0,0
2025-08-29 11:45:00,0.65383,0.65386,0.65347,0.65359,572,0,0
2025-08-29 12:00:00,0.65359,0.65365,0.65312,0.65337,580,0,0
2025-08-29 12:15:00,0.65337,0.65353,0.65315,0.65322,411,0,0
2025-08-29 12:30:00,0.65322,0.65324,0.65269,0.6528,662,0,0
2025-08-29 12:45:00,0.6528,0.65307,0.65279,0.65281,498,0,0
2025-08-29 13:00:00,0.65281,0.65297,0.65268,0.65271,561,0,0
2025-08-29 13:15:00,0.65271,0.65304,0.65264,0.65303,435,0,0
2025-08-29 13:30:00,0.65303,0.65307,0.65263,0.65271,512,0,0
2025-08-29 13:45:00,0.6527,0.65286,0.65265,0.65273,430,0,0
2025-08-29 14:00:00,0.65273,0.65279,0.65257,0.65267,456,0,0
2025-08-29 14:15:00,0.65267,0.65289,0.65267,0.65282,471,0,0
2025-08-29 14:30:00,0.65282,0.6529,0.65265,0.65268,309,0,0
2025-08-29 14:45:00,0.65268,0.65284,0.65262,0.65266,332,0,0
2025-08-29 15:00:00,0.65265,0.65273,0.65229,0.65251,485,0,0
2025-08-29 15:15:00,0.65252,0.65279,0.65251,0.65261,559,0,0
2025-08-29 15:30:00,0.65266,0.65304,0.65231,0.65252,1345,0,0
2025-08-29 15:45:00,0.65253,0.65293,0.65247,0.65291,926,0,0
2025-08-29 16:00:00,0.65291,0.65309,0.65247,0.65279,883,0,0
2025-08-29 16:15:00,0.65279,0.65295,0.65271,0.65284,659,0,0
2025-08-29 16:30:00,0.65286,0.65347,0.65267,0.65346,925,0,0
2025-08-29 16:45:00,0.65346,0.65375,0.65317,0.65357,1167,0,0
2025-08-29 17:00:00,0.6536,0.6539,0.65337,0.65375,1341,0,0
2025-08-29 17:15:00,0.65374,0.65446,0.65373,0.65445,1075,0,0
2025-08-29 17:30:00,0.65445,0.65487,0.65439,0.6545,1156,0,0
2025-08-29 17:45:00,0.65452,0.65455,0.65362,0.65443,1323,0,0
2025-08-29 18:00:00,0.65443,0.65456,0.65379,0.65379,1112,0,0
2025-08-29 18:15:00,0.65379,0.65423,0.65375,0.65411,797,0,0
2025-08-29 18:30:00,0.65411,0.65437,0.65397,0.6543,654,0,0
2025-08-29 18:45:00,0.6543,0.65454,0.6542,0.6544,666,0,0
2025-08-29 19:00:00,0.6544,0.65461,0.65429,0.65454,727,0,0
2025-08-29 19:15:00,0.65454,0.65471,0.65439,0.65445,634,0,0
2025-08-29 19:30:00,0.65445,0.65457,0.65441,0.65453,548,0,0
2025-08-29 19:45:00,0.65453,0.65471,0.65436,0.65461,338,0,0
2025-08-29 20:00:00,0.6546,0.65461,0.65434,0.6544,465,0,0
2025-08-29 20:15:00,0.6544,0.65458,0.65428,0.65434,397,0,0
2025-08-29 20:30:00,0.65436,0.65453,0.65432,0.65453,294,0,0
2025-08-29 20:45:00,0.65453,0.65456,0.65435,0.65439,402,0,0
2025-08-29 21:00:00,0.65439,0.65449,0.65429,0.65435,349,0,0
2025-08-29 21:15:00,0.65435,0.6544,0.65413,0.65417,300,0,0
2025-08-29 21:30:00,0.65417,0.65437,0.65415,0.65424,244,0,0
2025-08-29 21:45:00,0.65424,0.65453,0.65422,0.65448,288,0,0
2025-08-29 22:00:00,0.65447,0.65454,0.65441,0.65441,265,0,0
2025-08-29 22:15:00,0.65441,0.65451,0.65429,0.65442,237,0,0
2025-08-29 22:30:00,0.65442,0.65463,0.65436,0.65462,239,0,0
2025-08-29 22:45:00,0.65462,0.65469,0.65437,0.65448,500,0,0
2025-08-29 23:00:00,0.6545,0.65464,0.65435,0.65446,211,0,0
2025-08-29 23:15:00,0.65446,0.65447,0.65434,0.65442,124,0,0
2025-08-29 23:30:00,0.65442,0.65442,0.65401,0.65411,272,0,0
2025-08-29 23:45:00,0.65408,0.65412,0.6535,0.65357,422,7,0
2025-09-01 00:00:00,0.65422,0.65448,0.65422,0.65445,57,37,0
2025-09-01 00:15:00,0.65445,0.65445,0.65435,0.65435,55,48,0
2025-09-01 00:30:00,0.65434,0.65444,0.65397,0.65432,168,43,0
2025-09-01 00:45:00,0.65432,0.65433,0.65338,0.65358,111,50,0
2025-09-01 01:00:00,0.65358,0.65431,0.65358,0.65419,468,0,0
2025-09-01 01:15:00,0.65419,0.65426,0.65412,0.65426,327,0,0
2025-09-01 01:30:00,0.65426,0.6543,0.65418,0.65421,265,0,0
2025-09-01 01:45:00,0.65422,0.65424,0.6541,0.6542,330,0,0
2025-09-01 02:00:00,0.65419,0.65435,0.65417,0.65425,339,0,0
2025-09-01 02:15:00,0.65424,0.65436,0.65419,0.65421,290,0,0
2025-09-01 02:30:00,0.65421,0.65432,0.65416,0.65425,234,0,0
2025-09-01 02:45:00,0.65425,0.65443,0.65417,0.65433,309,0,0
2025-09-01 03:00:00,0.65433,0.65475,0.65432,0.65456,533,0,0
2025-09-01 03:15:00,0.65456,0.6547,0.65442,0.65453,367,0,0
2025-09-01 03:30:00,0.65453,0.65485,0.65452,0.65478,388,0,0
2025-09-01 03:45:00,0.65478,0.65487,0.65465,0.65474,361,0,0
2025-09-01 04:00:00,0.65474,0.65474,0.65398,0.65418,583,0,0
2025-09-01 04:15:00,0.65418,0.65425,0.65386,0.65394,635,0,0
2025-09-01 04:30:00,0.65394,0.65395,0.65349,0.65378,740,0,0
2025-09-01 04:45:00,0.6538,0.65404,0.65368,0.65401,666,0,0
2025-09-01 05:00:00,0.65401,0.65443,0.65399,0.6541,741,0,0
2025-09-01 05:15:00,0.6541,0.65449,0.65394,0.65447,599,0,0
2025-09-01 05:30:00,0.65448,0.65485,0.65437,0.65468,758,0,0
2025-09-01 05:45:00,0.65468,0.65492,0.65439,0.65475,595,0,0
2025-09-01 06:00:00,0.65475,0.65478,0.6543,0.65475,612,0,0
2025-09-01 06:15:00,0.65476,0.65491,0.65456,0.65464,531,0,0
2025-09-01 06:30:00,0.65464,0.65475,0.65441,0.65448,440,0,0
2025-09-01 06:45:00,0.65448,0.65477,0.65438,0.65471,507,0,0
2025-09-01 07:00:00,0.65472,0.65479,0.65439,0.65442,565,0,0
2025-09-01 07:15:00,0.65441,0.6546,0.65429,0.65435,440,0,0
2025-09-01 07:30:00,0.65434,0.65446,0.65418,0.65446,387,0,0
2025-09-01 07:45:00,0.65446,0.65455,0.65426,0.65432,390,0,0
2025-09-01 08:00:00,0.65431,0.65451,0.65422,0.65444,476,0,0
2025-09-01 08:15:00,0.65445,0.65456,0.65427,0.65448,447,0,0
2025-09-01 08:30:00,0.65449,0.6547,0.65431,0.65438,453,0,0
2025-09-01 08:45:00,0.65438,0.65449,0.65417,0.65431,489,0,0
2025-09-01 09:00:00,0.6543,0.65452,0.65419,0.65421,660,0,0
2025-09-01 09:15:00,0.65421,0.6543,0.65396,0.65411,620,0,0
2025-09-01 09:30:00,0.65411,0.65477,0.65411,0.65467,691,0,0
2025-09-01 09:45:00,0.65467,0.65482,0.65425,0.65427,694,0,0
2025-09-01 10:00:00,0.65427,0.65443,0.65351,0.65358,867,0,0
2025-09-01 10:15:00,0.6536,0.65396,0.65352,0.65394,647,0,0
2025-09-01 10:30:00,0.65395,0.65418,0.65372,0.65418,616,0,0
2025-09-01 10:45:00,0.65417,0.65474,0.65413,0.65471,678,0,0
2025-09-01 11:00:00,0.6547,0.6549,0.65454,0.6548,663,0,0
2025-09-01 11:15:00,0.65481,0.65507,0.65457,0.65494,549,0,0
2025-09-01 11:30:00,0.65494,0.65548,0.65493,0.65544,500,0,0
2025-09-01 11:45:00,0.65544,0.65575,0.65536,0.65569,643,0,0
2025-09-01 12:00:00,0.65569,0.65586,0.65544,0.65558,696,0,0
2025-09-01 12:15:00,0.65558,0.6557,0.65542,0.65556,491,0,0
2025-09-01 12:30:00,0.65556,0.65572,0.65537,0.65555,490,0,0
2025-09-01 12:45:00,0.65555,0.65574,0.65543,0.65572,465,0,0
2025-09-01 13:00:00,0.65572,0.656,0.65566,0.65576,488,0,0
2025-09-01 13:15:00,0.65576,0.65589,0.65566,0.65578,368,0,0
2025-09-01 13:30:00,0.65578,0.65594,0.6556,0.6556,417,0,0
2025-09-01 13:45:00,0.6556,0.65572,0.65546,0.6557,360,0,0
2025-09-01 14:00:00,0.6557,0.65586,0.6555,0.65554,538,0,0
2025-09-01 14:15:00,0.6555,0.65559,0.65532,0.65556,395,0,0
2025-09-01 14:30:00,0.65557,0.65563,0.65531,0.65534,502,0,0
2025-09-01 14:45:00,0.65534,0.65559,0.65526,0.6554,591,0,0
2025-09-01 15:00:00,0.6554,0.65547,0.65499,0.655,474,0,0
2025-09-01 15:15:00,0.65501,0.65509,0.65491,0.65498,463,0,0
2025-09-01 15:30:00,0.65498,0.65536,0.65486,0.65522,684,0,0
2025-09-01 15:45:00,0.65521,0.65529,0.65502,0.65522,486,0,0
2025-09-01 16:00:00,0.65523,0.65538,0.65495,0.65527,632,0,0
2025-09-01 16:15:00,0.65527,0.65533,0.65508,0.65521,565,0,0
2025-09-01 16:30:00,0.6552,0.65546,0.65518,0.65528,577,0,0
2025-09-01 16:45:00,0.65528,0.65538,0.65509,0.65531,492,0,0
2025-09-01 17:00:00,0.6553,0.65566,0.65515,0.65555,570,0,0
2025-09-01 17:15:00,0.65555,0.65565,0.65537,0.65564,480,0,0
2025-09-01 17:30:00,0.65564,0.65584,0.6556,0.65569,565,0,0
2025-09-01 17:45:00,0.6557,0.65585,0.65534,0.65573,772,0,0
2025-09-01 18:00:00,0.65571,0.65578,0.65535,0.65545,673,0,0
2025-09-01 18:15:00,0.65545,0.6555,0.65522,0.65546,469,0,0
2025-09-01 18:30:00,0.65546,0.65549,0.65529,0.65537,362,0,0
2025-09-01 18:45:00,0.65537,0.65545,0.65527,0.6553,380,0,0
2025-09-01 19:00:00,0.6553,0.6553,0.65493,0.65503,408,0,0
2025-09-01 19:15:00,0.65503,0.65537,0.65493,0.65534,279,0,0
2025-09-01 19:30:00,0.65535,0.65547,0.65533,0.65538,198,0,0
2025-09-01 19:45:00,0.65538,0.65541,0.65534,0.65537,148,0,0
2025-09-01 20:00:00,0.65537,0.65537,0.65521,0.65523,127,0,0
2025-09-01 20:15:00,0.65523,0.65525,0.65516,0.65524,104,0,0
2025-09-01 20:30:00,0.65524,0.65531,0.65523,0.65525,101,0,0
2025-09-01 20:45:00,0.65525,0.65526,0.65517,0.65526,140,0,0
2025-09-01 21:00:00,0.65526,0.65527,0.65516,0.65522,88,0,0
2025-09-01 21:15:00,0.65522,0.65527,0.65518,0.65521,95,0,0
2025-09-01 21:30:00,0.65521,0.65525,0.65519,0.65524,79,0,0
2025-09-01 21:45:00,0.65524,0.65531,0.6552,0.65531,93,0,0
2025-09-01 22:00:00,0.65532,0.65536,0.65527,0.65535,125,0,0
2025-09-01 22:15:00,0.65535,0.65537,0.65527,0.65535,98,0,0
2025-09-01 22:30:00,0.65535,0.6555,0.65535,0.65549,124,0,0
2025-09-01 22:45:00,0.65549,0.65553,0.65548,0.6555,94,0,0
2025-09-01 23:00:00,0.65548,0.65555,0.65547,0.65551,104,0,0
2025-09-01 23:15:00,0.65551,0.65554,0.65542,0.65553,91,0,0
2025-09-01 23:30:00,0.65553,0.65555,0.65543,0.65544,900,0,0
2025-09-01 23:45:00,0.65544,0.65545,0.65528,0.65533,143,5,0
2025-09-02 00:00:00,0.65506,0.6551,0.65378,0.65494,36,32,0
2025-09-02 00:15:00,0.65494,0.65518,0.65467,0.65517,101,38,0
2025-09-02 00:30:00,0.65518,0.65531,0.65514,0.65514,104,28,0
2025-09-02 00:45:00,0.65514,0.65536,0.65513,0.65519,145,30,0
2025-09-02 01:00:00,0.65519,0.65548,0.65518,0.65545,350,0,0
2025-09-02 01:15:00,0.65545,0.65554,0.65537,0.65539,259,0,0
2025-09-02 01:30:00,0.65539,0.65548,0.65531,0.6554,193,0,0
2025-09-02 01:45:00,0.6554,0.65547,0.65538,0.65545,205,0,0
2025-09-02 02:00:00,0.65546,0.65546,0.65532,0.6554,228,0,0
2025-09-02 02:15:00,0.6554,0.65562,0.65537,0.65554,189,0,0
2025-09-02 02:30:00,0.65554,0.6557,0.65552,0.6556,211,0,0
2025-09-02 02:45:00,0.6556,0.65576,0.65557,0.65569,264,0,0
2025-09-02 03:00:00,0.65569,0.65586,0.65493,0.65494,752,0,0
2025-09-02 03:15:00,0.65494,0.65505,0.65487,0.65499,514,0,0
2025-09-02 03:30:00,0.65498,0.65533,0.65492,0.65513,521,0,0
2025-09-02 03:45:00,0.65514,0.65544,0.65496,0.65526,605,0,0
2025-09-02 04:00:00,0.65526,0.65532,0.65475,0.65514,697,0,0
2025-09-02 04:15:00,0.65513,0.65527,0.65484,0.6552,605,0,0
2025-09-02 04:30:00,0.65521,0.65534,0.65471,0.65491,929,0,0
2025-09-02 04:45:00,0.65492,0.65493,0.65457,0.65466,691,0,0
2025-09-02 05:00:00,0.65465,0.6547,0.65393,0.65396,856,0,0
2025-09-02 05:15:00,0.65396,0.65442,0.65387,0.65438,563,0,0
2025-09-02 05:30:00,0.65438,0.65446,0.65427,0.65444,412,0,0
2025-09-02 05:45:00,0.65444,0.65459,0.65436,0.65452,366,0,0
2025-09-02 06:00:00,0.65452,0.65467,0.65439,0.65439,427,0,0
2025-09-02 06:15:00,0.65439,0.65451,0.65412,0.65419,418,0,0
2025-09-02 06:30:00,0.65419,0.65419,0.65381,0.65391,477,0,0
2025-09-02 06:45:00,0.65392,0.65411,0.65382,0.65405,349,0,0
2025-09-02 07:00:00,0.65405,0.6541,0.65374,0.65378,327,0,0
2025-09-02 07:15:00,0.65378,0.65384,0.65369,0.65375,302,0,0
2025-09-02 07:30:00,0.65375,0.65381,0.65358,0.65379,345,0,0
2025-09-02 07:45:00,0.65379,0.65386,0.65373,0.65373,243,0,0
2025-09-02 08:00:00,0.65373,0.65393,0.65372,0.65377,345,0,0
2025-09-02 08:15:00,0.65377,0.65379,0.65348,0.65354,355,0,0
2025-09-02 08:30:00,0.65353,0.65372,0.65344,0.65362,477,0,0
2025-09-02 08:45:00,0.65365,0.65385,0.65355,0.65363,402,0,0
2025-09-02 09:00:00,0.65365,0.65393,0.65365,0.65389,481,0,0
2025-09-02 09:15:00,0.65388,0.65404,0.65382,0.65389,506,0,0
2025-09-02 09:30:00,0.65388,0.65418,0.65382,0.65383,588,0,0
2025-09-02 09:45:00,0.65383,0.65429,0.65378,0.65429,549,0,0
2025-09-02 10:00:00,0.65428,0.65436,0.65316,0.65317,872,0,0
2025-09-02 10:15:00,0.65317,0.65351,0.6518,0.65183,1455,0,0
2025-09-02 10:30:00,0.65181,0.65197,0.65122,0.65149,1463,0,0
2025-09-02 10:45:00,0.65148,0.65151,0.65003,0.65043,1570,0,0
2025-09-02 11:00:00,0.65044,0.65081,0.65009,0.65074,1541,0,0
2025-09-02 11:15:00,0.65074,0.65132,0.65072,0.65095,1284,0,0
2025-09-02 11:30:00,0.65095,0.65191,0.65088,0.65174,1052,0,0
2025-09-02 11:45:00,0.65173,0.6519,0.6512,0.65138,832,0,0
2025-09-02 12:00:00,0.65137,0.65152,0.65052,0.65084,1042,0,0
2025-09-02 12:15:00,0.65084,0.65084,0.65045,0.65064,1107,0,0
2025-09-02 12:30:00,0.65065,0.65115,0.65044,0.65095,960,0,0
2025-09-02 12:45:00,0.65095,0.65123,0.65056,0.6511,849,0,0
2025-09-02 13:00:00,0.6511,0.65135,0.65089,0.65118,768,0,0
2025-09-02 13:15:00,0.65119,0.65126,0.65063,0.65086,706,0,0
2025-09-02 13:30:00,0.65086,0.65132,0.65085,0.65107,713,0,0
2025-09-02 13:45:00,0.65107,0.65127,0.65081,0.65114,823,0,0
2025-09-02 14:00:00,0.65114,0.65142,0.65086,0.65089,874,0,0
2025-09-02 14:15:00,0.65088,0.65111,0.65057,0.6506,810,0,0
2025-09-02 14:30:00,0.6506,0.65091,0.65037,0.65073,824,0,0
2025-09-02 14:45:00,0.65073,0.65094,0.65059,0.65086,678,0,0
2025-09-02 15:00:00,0.65086,0.65137,0.65029,0.65036,1125,0,0
2025-09-02 15:15:00,0.65037,0.65049,0.64895,0.64895,1384,0,0
2025-09-02 15:30:00,0.64895,0.64929,0.64872,0.64888,1197,0,0
2025-09-02 15:45:00,0.64888,0.64901,0.6483,0.64871,1239,0,0
2025-09-02 16:00:00,0.64873,0.64966,0.64839,0.64962,1338,0,0
2025-09-02 16:15:00,0.64964,0.65005,0.64956,0.64998,900,0,0
2025-09-02 16:30:00,0.64997,0.65079,0.64956,0.65075,1455,0,0
2025-09-02 16:45:00,0.65079,0.65116,0.65055,0.65095,1382,0,0
2025-09-02 17:00:00,0.65093,0.65233,0.65089,0.65221,2006,0,0
2025-09-02 17:15:00,0.65221,0.65244,0.65192,0.65227,1311,0,0
2025-09-02 17:30:00,0.6523,0.6525,0.65193,0.65211,1251,0,0
2025-09-02 17:45:00,0.6521,0.65231,0.65185,0.65226,1312,0,0
2025-09-02 18:00:00,0.65227,0.65239,0.65159,0.6517,1143,0,0
2025-09-02 18:15:00,0.6517,0.65217,0.65158,0.65205,1163,0,0
2025-09-02 18:30:00,0.65205,0.65224,0.65122,0.65158,863,0,0
2025-09-02 18:45:00,0.65159,0.6518,0.65137,0.6515,784,0,0
2025-09-02 19:00:00,0.6515,0.65197,0.65138,0.65187,630,0,0
2025-09-02 19:15:00,0.65187,0.65194,0.6515,0.65163,784,0,0
2025-09-02 19:30:00,0.65163,0.65208,0.65155,0.65201,665,0,0
2025-09-02 19:45:00,0.65201,0.65219,0.65196,0.65206,658,0,0
2025-09-02 20:00:00,0.65205,0.65219,0.65188,0.65208,492,0,0
2025-09-02 20:15:00,0.65208,0.6522,0.65196,0.65212,439,0,0
2025-09-02 20:30:00,0.65213,0.65225,0.6519,0.65209,402,0,0
2025-09-02 20:45:00,0.65209,0.6521,0.65183,0.65184,488,0,0
2025-09-02 21:00:00,0.65184,0.65195,0.65152,0.65158,613,0,0
2025-09-02 21:15:00,0.65158,0.65161,0.65139,0.65149,526,0,0
2025-09-02 21:30:00,0.65149,0.65154,0.65123,0.65132,449,0,0
2025-09-02 21:45:00,0.65131,0.6515,0.65122,0.65149,631,0,0
2025-09-02 22:00:00,0.65149,0.6517,0.65144,0.65164,451,0,0
2025-09-02 22:15:00,0.65164,0.65181,0.65158,0.65178,345,0,0
2025-09-02 22:30:00,0.65178,0.65203,0.65177,0.652,337,0,0
2025-09-02 22:45:00,0.652,0.65204,0.65188,0.65201,417,0,0
2025-09-02 23:00:00,0.652,0.65227,0.652,0.65218,338,0,0
2025-09-02 23:15:00,0.65218,0.65225,0.65199,0.65214,267,0,0
2025-09-02 23:30:00,0.65214,0.65222,0.652,0.65206,223,0,0
2025-09-02 23:45:00,0.65206,0.65213,0.65198,0.65204,222,5,0
2025-09-03 00:00:00,0.65196,0.65196,0.64995,0.65114,103,17,0
2025-09-03 00:15:00,0.65114,0.65187,0.65111,0.65147,230,27,0
2025-09-03 00:30:00,0.6515,0.65159,0.65147,0.65156,81,34,0
2025-09-03 00:45:00,0.65156,0.65161,0.65146,0.65158,86,36,0
2025-09-03 01:00:00,0.6516,0.6521,0.65157,0.65195,335,0,0
2025-09-03 01:15:00,0.65195,0.65211,0.65193,0.65203,375,0,0
2025-09-03 01:30:00,0.65203,0.65212,0.65199,0.65206,125,0,0
2025-09-03 01:45:00,0.65206,0.65206,0.65176,0.65176,187,0,0
2025-09-03 02:00:00,0.65177,0.65195,0.65175,0.65184,191,0,0
2025-09-03 02:15:00,0.65184,0.65194,0.6518,0.65192,179,0,0
2025-09-03 02:30:00,0.65192,0.65194,0.65179,0.6518,126,0,0
2025-09-03 02:45:00,0.6518,0.65194,0.65174,0.65186,243,0,0
2025-09-03 03:00:00,0.65186,0.65192,0.65142,0.65155,495,0,0
2025-09-03 03:15:00,0.65155,0.65161,0.65141,0.65151,422,0,0
2025-09-03 03:30:00,0.65149,0.65156,0.65125,0.6514,392,0,0
2025-09-03 03:45:00,0.6514,0.65152,0.65128,0.65149,500,0,0
2025-09-03 04:00:00,0.65149,0.65174,0.6514,0.65146,546,0,0
2025-09-03 04:15:00,0.65146,0.65154,0.65124,0.6514,528,0,0
2025-09-03 04:30:00,0.6514,0.65255,0.6514,0.65231,973,0,0
2025-09-03 04:45:00,0.65231,0.65247,0.65221,0.65246,725,0,0
2025-09-03 05:00:00,0.65246,0.65249,0.65193,0.65193,602,0,0
2025-09-03 05:15:00,0.65193,0.65242,0.65192,0.65215,502,0,0
2025-09-03 05:30:00,0.65215,0.65219,0.65169,0.65198,657,0,0
2025-09-03 05:45:00,0.65199,0.65219,0.65196,0.65207,520,0,0
2025-09-03 06:00:00,0.65208,0.65241,0.65202,0.65223,512,0,0
2025-09-03 06:15:00,0.65223,0.65231,0.65169,0.6517,410,0,0
2025-09-03 06:30:00,0.6517,0.65205,0.65169,0.65199,433,0,0
2025-09-03 06:45:00,0.65199,0.65216,0.65174,0.6518,353,0,0
2025-09-03 07:00:00,0.6518,0.65205,0.65173,0.65202,334,0,0
2025-09-03 07:15:00,0.65202,0.65212,0.65182,0.65201,366,0,0
2025-09-03 07:30:00,0.65201,0.65215,0.65194,0.65205,381,0,0
2025-09-03 07:45:00,0.65205,0.65216,0.65187,0.65211,320,0,0
2025-09-03 08:00:00,0.65211,0.65219,0.65185,0.65191,444,0,0
2025-09-03 08:15:00,0.65191,0.65206,0.65173,0.65175,345,0,0
2025-09-03 08:30:00,0.65173,0.65177,0.65123,0.65124,450,0,0
2025-09-03 08:45:00,0.65125,0.65132,0.65067,0.65126,487,0,0
2025-09-03 09:00:00,0.65126,0.65161,0.65126,0.6515,518,0,0
2025-09-03 09:15:00,0.6515,0.65156,0.65118,0.65155,528,0,0
2025-09-03 09:30:00,0.65155,0.65162,0.65119,0.65133,596,0,0
2025-09-03 09:45:00,0.65132,0.65137,0.65093,0.65114,583,0,0
2025-09-03 10:00:00,0.65114,0.65152,0.65108,0.65138,702,0,0
2025-09-03 10:15:00,0.65138,0.6515,0.65022,0.65091,1265,0,0
2025-09-03 10:30:00,0.65091,0.65177,0.65087,0.6515,930,0,0
2025-09-03 10:45:00,0.6515,0.65238,0.65149,0.65224,955,0,0
2025-09-03 11:00:00,0.65224,0.65264,0.65219,0.65249,1012,0,0
2025-09-03 11:15:00,0.65249,0.65292,0.65244,0.6527,753,0,0
2025-09-03 11:30:00,0.65269,0.65269,0.65214,0.65222,787,0,0
2025-09-03 11:45:00,0.65222,0.6526,0.65213,0.65251,730,0,0
2025-09-03 12:00:00,0.65251,0.65282,0.65248,0.6525,772,0,0
2025-09-03 12:15:00,0.6525,0.65313,0.65231,0.6527,761,0,0
2025-09-03 12:30:00,0.65272,0.6533,0.65265,0.65329,779,0,0
2025-09-03 12:45:00,0.65329,0.65338,0.65308,0.65312,586,0,0
2025-09-03 13:00:00,0.65312,0.65349,0.65306,0.65345,572,0,0
2025-09-03 13:15:00,0.65345,0.65349,0.65321,0.65325,485,0,0
2025-09-03 13:30:00,0.65324,0.65324,0.65248,0.65249,744,0,0
2025-09-03 13:45:00,0.65249,0.65298,0.65248,0.65295,556,0,0
2025-09-03 14:00:00,0.65295,0.65322,0.65285,0.65312,567,0,0
2025-09-03 14:15:00,0.65312,0.65335,0.65303,0.65313,560,0,0
2025-09-03 14:30:00,0.65314,0.6536,0.65313,0.65355,615,0,0
2025-09-03 14:45:00,0.65355,0.65372,0.65345,0.65356,652,0,0
2025-09-03 15:00:00,0.65356,0.65395,0.65354,0.65392,699,0,0
2025-09-03 15:15:00,0.65394,0.65402,0.65346,0.65363,671,0,0
2025-09-03 15:30:00,0.65363,0.65383,0.65304,0.65317,803,0,0
2025-09-03 15:45:00,0.65317,0.65406,0.65304,0.65405,1237,0,0
2025-09-03 16:00:00,0.65406,0.65417,0.65345,0.65373,1155,0,0
2025-09-03 16:15:00,0.65374,0.65399,0.65359,0.65398,958,0,0
2025-09-03 16:30:00,0.65398,0.65443,0.65367,0.65401,1246,0,0
2025-09-03 16:45:00,0.654,0.65401,0.65338,0.65361,1220,0,0
2025-09-03 17:00:00,0.65361,0.65495,0.65354,0.65455,1742,0,0
2025-09-03 17:15:00,0.65455,0.65495,0.65453,0.65459,1236,0,0
2025-09-03 17:30:00,0.65459,0.65478,0.65414,0.65453,1230,0,0
2025-09-03 17:45:00,0.65453,0.6547,0.65395,0.6544,1304,0,0
2025-09-03 18:00:00,0.6544,0.65493,0.65428,0.65487,984,0,0
2025-09-03 18:15:00,0.65487,0.65506,0.65469,0.65493,721,0,0
2025-09-03 18:30:00,0.65494,0.65503,0.65466,0.65481,1001,0,0
2025-09-03 18:45:00,0.6548,0.65505,0.65459,0.65488,862,0,0
2025-09-03 19:00:00,0.65488,0.65496,0.6547,0.65486,659,0,0
2025-09-03 19:15:00,0.65486,0.65491,0.65469,0.65486,512,0,0
2025-09-03 19:30:00,0.65486,0.65497,0.65477,0.65481,432,0,0
2025-09-03 19:45:00,0.65481,0.65518,0.65476,0.65511,531,0,0
2025-09-03 20:00:00,0.65511,0.65542,0.65511,0.6554,424,0,0
2025-09-03 20:15:00,0.6554,0.65544,0.65517,0.65521,378,0,0
2025-09-03 20:30:00,0.65522,0.65525,0.6546,0.65461,628,0,0
2025-09-03 20:45:00,0.65462,0.65476,0.65429,0.65447,677,0,0
2025-09-03 21:00:00,0.65447,0.65479,0.65427,0.65472,638,0,0
2025-09-03 21:15:00,0.65472,0.65486,0.6546,0.65485,520,0,0
2025-09-03 21:30:00,0.65485,0.65485,0.65436,0.65463,794,0,0
2025-09-03 21:45:00,0.65462,0.65469,0.65441,0.65452,541,0,0
2025-09-03 22:00:00,0.65451,0.65452,0.6541,0.6541,459,0,0
2025-09-03 22:15:00,0.6541,0.65413,0.65393,0.6541,349,0,0
2025-09-03 22:30:00,0.6541,0.65417,0.654,0.65412,395,0,0
2025-09-03 22:45:00,0.65412,0.65429,0.65398,0.65403,473,0,0
2025-09-03 23:00:00,0.65402,0.6543,0.65401,0.65426,208,0,0
2025-09-03 23:15:00,0.65426,0.65454,0.65418,0.65454,203,0,0
2025-09-03 23:30:00,0.65454,0.6546,0.65441,0.65442,213,0,0
2025-09-03 23:45:00,0.65442,0.65442,0.6542,0.65432,250,6,0
2025-09-04 00:00:00,0.65428,0.65428,0.65296,0.65364,28,16,0
2025-09-04 00:15:00,0.65364,0.65404,0.65364,0.65396,48,46,0
2025-09-04 00:30:00,0.65398,0.654,0.65383,0.65397,235,41,0
2025-09-04 00:45:00,0.65397,0.65399,0.65385,0.65395,184,42,0
2025-09-04 01:00:00,0.65398,0.65437,0.65395,0.65416,346,0,0
2025-09-04 01:15:00,0.65416,0.65424,0.65416,0.65418,186,0,0
2025-09-04 01:30:00,0.65418,0.65426,0.65412,0.65414,168,0,0
2025-09-04 01:45:00,0.65414,0.65417,0.65408,0.65411,105,0,0
2025-09-04 02:00:00,0.65411,0.65441,0.65409,0.65431,199,0,0
2025-09-04 02:15:00,0.65431,0.65439,0.65427,0.65431,151,0,0
2025-09-04 02:30:00,0.65431,0.65433,0.65414,0.65426,175,0,0
2025-09-04 02:45:00,0.65426,0.65449,0.6542,0.65448,231,0,0
2025-09-04 03:00:00,0.65449,0.65485,0.65442,0.6548,681,0,0
2025-09-04 03:15:00,0.6548,0.65485,0.65462,0.65471,537,0,0
2025-09-04 03:30:00,0.65469,0.65491,0.65453,0.65469,479,0,0
2025-09-04 03:45:00,0.65469,0.65497,0.65459,0.65469,594,0,0
2025-09-04 04:00:00,0.65468,0.6547,0.65397,0.65417,673,0,0
2025-09-04 04:15:00,0.65417,0.6544,0.65412,0.65421,636,0,0
2025-09-04 04:30:00,0.6542,0.65486,0.65404,0.65412,777,0,0
2025-09-04 04:45:00,0.65412,0.65418,0.65373,0.65383,824,0,0
2025-09-04 05:00:00,0.65382,0.65387,0.6535,0.65353,621,0,0
2025-09-04 05:15:00,0.65353,0.65379,0.65351,0.65371,415,0,0
2025-09-04 05:30:00,0.65371,0.65397,0.6536,0.65374,527,0,0
2025-09-04 05:45:00,0.65374,0.65377,0.65355,0.6537,469,0,0
2025-09-04 06:00:00,0.6537,0.65382,0.65339,0.65341,558,0,0
2025-09-04 06:15:00,0.65341,0.65364,0.6534,0.65355,384,0,0
2025-09-04 06:30:00,0.65355,0.65364,0.65329,0.65334,418,0,0
2025-09-04 06:45:00,0.65334,0.6534,0.65314,0.65331,293,0,0
2025-09-04 07:00:00,0.65331,0.65349,0.65329,0.6533,311,0,0
2025-09-04 07:15:00,0.6533,0.65337,0.65312,0.65315,309,0,0
2025-09-04 07:30:00,0.65315,0.65328,0.65307,0.65313,242,0,0
2025-09-04 07:45:00,0.65313,0.65316,0.6528,0.65285,347,0,0
2025-09-04 08:00:00,0.65285,0.65285,0.65226,0.65254,471,0,0
2025-09-04 08:15:00,0.65254,0.65277,0.6523,0.65255,450,0,0
2025-09-04 08:30:00,0.65255,0.65268,0.65245,0.65256,377,0,0
2025-09-04 08:45:00,0.65256,0.65258,0.65234,0.65247,439,0,0
2025-09-04 09:00:00,0.65248,0.65265,0.65238,0.65246,508,0,0
2025-09-04 09:15:00,0.65246,0.65257,0.65237,0.65251,463,0,0
2025-09-04 09:30:00,0.65251,0.65261,0.65232,0.6525,478,0,0
2025-09-04 09:45:00,0.6525,0.65276,0.65239,0.65246,597,0,0
2025-09-04 10:00:00,0.65246,0.65268,0.65209,0.65258,845,0,0
2025-09-04 10:15:00,0.65258,0.65258,0.65208,0.65247,649,0,0
2025-09-04 10:30:00,0.65248,0.65256,0.65223,0.65243,538,0,0
2025-09-04 10:45:00,0.65243,0.65257,0.65227,0.65256,640,0,0
2025-09-04 11:00:00,0.65255,0.65271,0.65245,0.65251,590,0,0
2025-09-04 11:15:00,0.65251,0.65262,0.6523,0.65253,591,0,0
2025-09-04 11:30:00,0.65253,0.65277,0.65243,0.65252,606,0,0
2025-09-04 11:45:00,0.65252,0.65275,0.65242,0.65274,520,0,0
2025-09-04 12:00:00,0.65274,0.65279,0.65232,0.65238,620,0,0
2025-09-04 12:15:00,0.65238,0.6525,0.65209,0.65211,636,0,0
2025-09-04 12:30:00,0.65211,0.65228,0.65182,0.65189,453,0,0
2025-09-04 12:45:00,0.6519,0.65207,0.65173,0.65186,458,0,0
2025-09-04 13:00:00,0.65186,0.65226,0.6518,0.65225,459,0,0
2025-09-04 13:15:00,0.65225,0.65225,0.65198,0.65203,532,0,0
2025-09-04 13:30:00,0.65202,0.65219,0.65197,0.65197,511,0,0
2025-09-04 13:45:00,0.65197,0.65212,0.65191,0.65193,378,0,0
2025-09-04 14:00:00,0.65192,0.65192,0.65155,0.65166,599,0,0
2025-09-04 14:15:00,0.65166,0.65182,0.65164,0.65177,479,0,0
2025-09-04 14:30:00,0.65178,0.65183,0.65159,0.65164,526,0,0
2025-09-04 14:45:00,0.65164,0.65169,0.6515,0.65164,446,0,0
2025-09-04 15:00:00,0.65164,0.65204,0.65164,0.65197,678,0,0
2025-09-04 15:15:00,0.65189,0.6524,0.65148,0.65154,1103,0,0
2025-09-04 15:30:00,0.65154,0.65199,0.65091,0.65115,1256,0,0
2025-09-04 15:45:00,0.65116,0.65211,0.65091,0.65208,1124,0,0
2025-09-04 16:00:00,0.65208,0.65225,0.65149,0.6515,1179,0,0
2025-09-04 16:15:00,0.6515,0.65243,0.65142,0.65202,885,0,0
2025-09-04 16:30:00,0.65202,0.65269,0.6519,0.65249,990,0,0
2025-09-04 16:45:00,0.65249,0.65255,0.6519,0.65217,1127,0,0
2025-09-04 17:00:00,0.65217,0.65217,0.65066,0.65101,1814,0,0
2025-09-04 17:15:00,0.65103,0.65104,0.65049,0.65081,1282,0,0
2025-09-04 17:30:00,0.65082,0.65088,0.65017,0.65031,1095,0,0
2025-09-04 17:45:00,0.65031,0.65077,0.65013,0.65077,913,0,0
2025-09-04 18:00:00,0.65077,0.65081,0.65035,0.65045,891,0,0
2025-09-04 18:15:00,0.65045,0.65089,0.65039,0.65088,574,0,0
2025-09-04 18:30:00,0.65088,0.65101,0.65074,0.65095,765,0,0
2025-09-04 18:45:00,0.65095,0.65123,0.6509,0.65114,627,0,0
2025-09-04 19:00:00,0.65114,0.65119,0.65068,0.65072,788,0,0
2025-09-04 19:15:00,0.65072,0.651,0.6507,0.65086,488,0,0
2025-09-04 19:30:00,0.65086,0.65126,0.65085,0.65119,426,0,0
2025-09-04 19:45:00,0.65119,0.6512,0.65101,0.65104,459,0,0
2025-09-04 20:00:00,0.65104,0.6512,0.65101,0.65109,429,0,0
2025-09-04 20:15:00,0.65108,0.65136,0.65108,0.65134,433,0,0
2025-09-04 20:30:00,0.65134,0.65138,0.65107,0.65121,430,0,0
2025-09-04 20:45:00,0.65121,0.65124,0.65092,0.65097,389,0,0
2025-09-04 21:00:00,0.65097,0.6514,0.65097,0.65138,445,0,0
2025-09-04 21:15:00,0.65138,0.65151,0.65129,0.65144,385,0,0
2025-09-04 21:30:00,0.65144,0.65153,0.65137,0.65138,361,0,0
2025-09-04 21:45:00,0.65138,0.65153,0.65125,0.65132,275,0,0
2025-09-04 22:00:00,0.65131,0.6517,0.65131,0.6517,293,0,0
2025-09-04 22:15:00,0.6517,0.65172,0.65151,0.65159,268,0,0
2025-09-04 22:30:00,0.65159,0.65173,0.65154,0.65169,272,0,0
2025-09-04 22:45:00,0.65169,0.65182,0.65164,0.65179,280,0,0
2025-09-04 23:00:00,0.65179,0.65184,0.65162,0.65165,273,0,0
2025-09-04 23:15:00,0.65165,0.65176,0.65161,0.65172,196,0,0
2025-09-04 23:30:00,0.65172,0.65185,0.65167,0.65184,140,0,0
2025-09-04 23:45:00,0.65183,0.65189,0.65174,0.65175,164,5,0
2025-09-05 00:00:00,0.65171,0.65171,0.64976,0.65152,71,16,0
2025-09-05 00:15:00,0.65152,0.65162,0.6514,0.6515,59,35,0
2025-09-05 00:30:00,0.65151,0.65152,0.65126,0.65131,88,37,0
2025-09-05 00:45:00,0.65131,0.65145,0.65125,0.65144,53,39,0
2025-09-05 01:00:00,0.65144,0.65198,0.65138,0.65181,277,0,0
2025-09-05 01:15:00,0.65181,0.65193,0.6518,0.65188,228,0,0
2025-09-05 01:30:00,0.65188,0.65192,0.65163,0.65163,141,0,0
2025-09-05 01:45:00,0.65163,0.65183,0.65163,0.65176,140,0,0
2025-09-05 02:00:00,0.65177,0.65187,0.65173,0.65186,150,0,0
2025-09-05 02:15:00,0.65186,0.65195,0.65179,0.6518,165,0,0
2025-09-05 02:30:00,0.6518,0.65205,0.65175,0.65195,202,0,0
2025-09-05 02:45:00,0.65195,0.65225,0.65195,0.65222,391,0,0
2025-09-05 03:00:00,0.65222,0.65244,0.65204,0.65222,664,0,0
2025-09-05 03:15:00,0.65222,0.65227,0.652,0.65214,525,0,0
2025-09-05 03:30:00,0.65215,0.65261,0.65209,0.65239,384,0,0
2025-09-05 03:45:00,0.65239,0.65267,0.65227,0.65266,547,0,0
2025-09-05 04:00:00,0.65268,0.65288,0.65257,0.65261,422,0,0
2025-09-05 04:15:00,0.65261,0.65271,0.65255,0.6527,369,0,0
2025-09-05 04:30:00,0.6527,0.6528,0.65258,0.65261,377,0,0
2025-09-05 04:45:00,0.65261,0.65311,0.6526,0.6529,475,0,0
2025-09-05 05:00:00,0.6529,0.65297,0.65276,0.65277,398,0,0
2025-09-05 05:15:00,0.65276,0.65295,0.65269,0.65287,335,0,0
2025-09-05 05:30:00,0.65287,0.65306,0.65287,0.65301,285,0,0
2025-09-05 05:45:00,0.65301,0.65311,0.6529,0.65292,290,0,0
2025-09-05 06:00:00,0.65292,0.65295,0.65274,0.65278,336,0,0
2025-09-05 06:15:00,0.65278,0.65303,0.65269,0.65301,289,0,0
2025-09-05 06:30:00,0.65301,0.65305,0.65288,0.65297,249,0,0
2025-09-05 06:45:00,0.65297,0.65311,0.65293,0.65308,214,0,0
2025-09-05 07:00:00,0.65308,0.65315,0.65295,0.65302,386,0,0
2025-09-05 07:15:00,0.65302,0.65306,0.65275,0.65288,254,0,0
2025-09-05 07:30:00,0.65288,0.65288,0.65266,0.65271,259,0,0
2025-09-05 07:45:00,0.65271,0.65278,0.65264,0.65277,268,0,0
2025-09-05 08:00:00,0.65277,0.65293,0.65269,0.65292,218,0,0
2025-09-05 08:15:00,0.65292,0.65309,0.65287,0.65309,245,0,0
2025-09-05 08:30:00,0.65309,0.65333,0.65299,0.6533,306,0,0
2025-09-05 08:45:00,0.6533,0.65368,0.65326,0.6536,387,0,0
2025-09-05 09:00:00,0.65361,0.65389,0.65346,0.65348,656,0,0
2025-09-05 09:15:00,0.65347,0.65354,0.65301,0.65351,678,0,0
2025-09-05 09:30:00,0.65352,0.65361,0.65341,0.65344,503,0,0
2025-09-05 09:45:00,0.65344,0.65358,0.65325,0.65327,412,0,0
2025-09-05 10:00:00,0.65327,0.65373,0.65325,0.65353,732,0,0
2025-09-05 10:15:00,0.65353,0.65378,0.65353,0.65369,801,0,0
2025-09-05 10:30:00,0.65369,0.65389,0.65362,0.65387,408,0,0
2025-09-05 10:45:00,0.65387,0.65444,0.65385,0.65434,551,0,0
2025-09-05 11:00:00,0.65433,0.65449,0.65419,0.65447,503,0,0
2025-09-05 11:15:00,0.65448,0.65474,0.65442,0.65451,545,0,0
2025-09-05 11:30:00,0.65451,0.65454,0.65424,0.65426,571,0,0
2025-09-05 11:45:00,0.65426,0.65447,0.65419,0.65443,354,0,0
2025-09-05 12:00:00,0.65444,0.65459,0.65431,0.6545,367,0,0
2025-09-05 12:15:00,0.6545,0.65465,0.65439,0.6544,401,0,0
2025-09-05 12:30:00,0.6544,0.65442,0.65417,0.6543,426,0,0
2025-09-05 12:45:00,0.6543,0.65444,0.65425,0.65444,382,0,0
2025-09-05 13:00:00,0.65444,0.65452,0.65437,0.6545,333,0,0
2025-09-05 13:15:00,0.6545,0.65476,0.65449,0.65472,367,0,0
2025-09-05 13:30:00,0.65472,0.65475,0.65452,0.65459,411,0,0
2025-09-05 13:45:00,0.65459,0.65466,0.65431,0.65432,357,0,0
2025-09-05 14:00:00,0.65432,0.65452,0.65429,0.65449,324,0,0
2025-09-05 14:15:00,0.65449,0.65451,0.65416,0.65438,467,0,0
2025-09-05 14:30:00,0.65438,0.65441,0.65412,0.6542,389,0,0
2025-09-05 14:45:00,0.6542,0.65427,0.65403,0.65408,576,0,0
2025-09-05 15:00:00,0.65408,0.65471,0.65406,0.65465,795,0,0
2025-09-05 15:15:00,0.65464,0.65476,0.6541,0.6541,967,0,0
2025-09-05 15:30:00,0.65409,0.65716,0.65407,0.65657,3546,0,0
2025-09-05 15:45:00,0.65657,0.65722,0.65628,0.65719,2140,0,0
2025-09-05 16:00:00,0.6572,0.65796,0.65709,0.6579,1796,0,0
2025-09-05 16:15:00,0.65791,0.65796,0.65693,0.65759,1783,0,0
2025-09-05 16:30:00,0.65759,0.65858,0.65747,0.65847,1745,0,0
2025-09-05 16:45:00,0.65846,0.65888,0.6584,0.65883,1368,0,0
2025-09-05 17:00:00,0.65883,0.65884,0.65782,0.65783,1591,0,0
2025-09-05 17:15:00,0.65783,0.65801,0.65605,0.6562,1842,0,0
2025-09-05 17:30:00,0.65618,0.65647,0.65515,0.65574,1907,0,0
2025-09-05 17:45:00,0.65574,0.6558,0.65538,0.65573,1575,0,0
2025-09-05 18:00:00,0.65573,0.6562,0.65543,0.65618,1258,0,0
2025-09-05 18:15:00,0.65618,0.65639,0.65592,0.65633,1109,0,0
2025-09-05 18:30:00,0.65633,0.65692,0.65632,0.6568,1042,0,0
2025-09-05 18:45:00,0.6568,0.65686,0.65656,0.6568,1074,0,0
2025-09-05 19:00:00,0.6568,0.65704,0.65653,0.65699,994,0,0
2025-09-05 19:15:00,0.65699,0.65702,0.65656,0.65666,803,0,0
2025-09-05 19:30:00,0.65666,0.65673,0.6561,0.65658,987,0,0
2025-09-05 19:45:00,0.65656,0.65659,0.65616,0.65638,801,0,0
2025-09-05 20:00:00,0.65638,0.65638,0.65564,0.65586,1036,0,0
2025-09-05 20:15:00,0.65586,0.65606,0.6558,0.65581,728,0,0
2025-09-05 20:30:00,0.6558,0.65598,0.65545,0.65566,627,0,0
2025-09-05 20:45:00,0.65566,0.65588,0.65543,0.65557,818,0,0
2025-09-05 21:00:00,0.65557,0.65565,0.65524,0.65531,801,0,0
2025-09-05 21:15:00,0.65533,0.65549,0.65508,0.65527,541,0,0
2025-09-05 21:30:00,0.65527,0.65532,0.65506,0.6551,482,0,0
2025-09-05 21:45:00,0.6551,0.65524,0.65501,0.65524,397,0,0
2025-09-05 22:00:00,0.65522,0.65546,0.6551,0.65531,493,0,0
2025-09-05 22:15:00,0.65531,0.65552,0.65524,0.65526,408,0,0
2025-09-05 22:30:00,0.65528,0.65534,0.65511,0.65511,516,0,0
2025-09-05 22:45:00,0.65512,0.65526,0.655,0.65525,578,0,0
2025-09-05 23:00:00,0.65526,0.65546,0.65517,0.65545,264,0,0
2025-09-05 23:15:00,0.65545,0.65548,0.65537,0.65543,151,0,0
2025-09-05 23:30:00,0.65543,0.65568,0.65534,0.65567,251,0,0
2025-09-05 23:45:00,0.65567,0.65568,0.65542,0.65554,394,6,0
2025-09-08 00:00:00,0.65495,0.65517,0.65457,0.65503,159,61,0
2025-09-08 00:15:00,0.65503,0.65504,0.6548,0.65493,52,62,0
2025-09-08 00:30:00,0.65493,0.65499,0.65487,0.65496,47,63,0
2025-09-08 00:45:00,0.65496,0.65504,0.65488,0.65496,81,61,0
2025-09-08 01:00:00,0.65496,0.65543,0.65494,0.65509,637,0,0
2025-09-08 01:15:00,0.65509,0.65519,0.65502,0.65504,495,0,0
2025-09-08 01:30:00,0.65504,0.65507,0.65461,0.65469,614,0,0
2025-09-08 01:45:00,0.65469,0.65485,0.65464,0.65468,402,0,0
2025-09-08 02:00:00,0.65468,0.65515,0.65466,0.65501,451,0,0
2025-09-08 02:15:00,0.65501,0.65519,0.65494,0.65511,439,0,0
2025-09-08 02:30:00,0.65511,0.6552,0.65504,0.65515,217,0,0
2025-09-08 02:45:00,0.65515,0.65552,0.65504,0.6555,401,0,0
2025-09-08 03:00:00,0.65549,0.65549,0.65485,0.65502,821,0,0
2025-09-08 03:15:00,0.65502,0.65541,0.65483,0.65536,568,0,0
2025-09-08 03:30:00,0.65537,0.65543,0.65499,0.65508,421,0,0
2025-09-08 03:45:00,0.65508,0.65571,0.6549,0.65559,633,0,0
2025-09-08 04:00:00,0.65562,0.65584,0.65546,0.65556,765,0,0
2025-09-08 04:15:00,0.65555,0.6556,0.65526,0.65526,696,0,0
2025-09-08 04:30:00,0.65526,0.6557,0.65519,0.65559,628,0,0
2025-09-08 04:45:00,0.65559,0.65671,0.65557,0.65665,1009,0,0
2025-09-08 05:00:00,0.65666,0.65677,0.65566,0.65593,999,0,0
2025-09-08 05:15:00,0.65593,0.65598,0.65547,0.65557,713,0,0
2025-09-08 05:30:00,0.65557,0.65595,0.65549,0.65576,610,0,0
2025-09-08 05:45:00,0.65576,0.65639,0.65574,0.65638,584,0,0
2025-09-08 06:00:00,0.65637,0.65639,0.65596,0.65605,644,0,0
2025-09-08 06:15:00,0.65603,0.65629,0.65587,0.65613,447,0,0
2025-09-08 06:30:00,0.65613,0.65628,0.65596,0.65609,491,0,0
2025-09-08 06:45:00,0.65609,0.65622,0.65572,0.65596,622,0,0
2025-09-08 07:00:00,0.65596,0.65596,0.65547,0.65552,552,0,0
2025-09-08 07:15:00,0.65552,0.65603,0.65551,0.65587,429,0,0
2025-09-08 07:30:00,0.65586,0.65604,0.65581,0.65589,349,0,0
2025-09-08 07:45:00,0.65589,0.6563,0.65587,0.65627,372,0,0
2025-09-08 08:00:00,0.65628,0.65645,0.65612,0.65624,457,0,0
2025-09-08 08:15:00,0.65625,0.6565,0.65623,0.65641,413,0,0
2025-09-08 08:30:00,0.65641,0.65654,0.65635,0.65637,445,0,0
2025-09-08 08:45:00,0.65637,0.65675,0.65633,0.65639,424,0,0
2025-09-08 09:00:00,0.6564,0.65716,0.6564,0.65711,761,0,0
2025-09-08 09:15:00,0.65711,0.65714,0.65663,0.65704,846,0,0
2025-09-08 09:30:00,0.65704,0.6572,0.65683,0.6572,552,0,0
2025-09-08 09:45:00,0.6572,0.65767,0.65714,0.65762,644,0,0
2025-09-08 10:00:00,0.65762,0.65794,0.65752,0.65793,832,0,0
2025-09-08 10:15:00,0.65793,0.65829,0.65786,0.6582,860,0,0
2025-09-08 10:30:00,0.6582,0.65866,0.65811,0.65864,804,0,0
2025-09-08 10:45:00,0.65865,0.65868,0.65823,0.65855,615,0,0
2025-09-08 11:00:00,0.65854,0.65882,0.65844,0.65854,715,0,0
2025-09-08 11:15:00,0.65855,0.65873,0.65832,0.65837,717,0,0
2025-09-08 11:30:00,0.65836,0.65845,0.65821,0.65827,563,0,0
2025-09-08 11:45:00,0.65827,0.65845,0.65809,0.65845,567,0,0
2025-09-08 12:00:00,0.65845,0.65853,0.6582,0.6583,595,0,0
2025-09-08 12:15:00,0.65832,0.65852,0.65807,0.65813,562,0,0
2025-09-08 12:30:00,0.65814,0.65848,0.65801,0.65841,487,0,0
2025-09-08 12:45:00,0.65841,0.65843,0.6582,0.65822,410,0,0
2025-09-08 13:00:00,0.65822,0.65843,0.65812,0.65841,416,0,0
2025-09-08 13:15:00,0.65841,0.65851,0.65826,0.65843,503,0,0
2025-09-08 13:30:00,0.65843,0.65881,0.65839,0.65874,417,0,0
2025-09-08 13:45:00,0.65875,0.65883,0.65863,0.65868,502,0,0
2025-09-08 14:00:00,0.65868,0.65885,0.65867,0.65884,345,0,0
2025-09-08 14:15:00,0.65884,0.65897,0.65871,0.65886,355,0,0
2025-09-08 14:30:00,0.65888,0.65939,0.65887,0.65927,425,0,0
2025-09-08 14:45:00,0.65927,0.65938,0.65895,0.65907,549,0,0
2025-09-08 15:00:00,0.65907,0.65931,0.65873,0.65882,637,0,0
2025-09-08 15:15:00,0.65882,0.65899,0.65855,0.65871,730,0,0
2025-09-08 15:30:00,0.65871,0.65938,0.65871,0.65933,818,0,0
2025-09-08 15:45:00,0.65933,0.65966,0.65915,0.65958,739,0,0
2025-09-08 16:00:00,0.65959,0.65987,0.65941,0.65978,717,0,0
2025-09-08 16:15:00,0.65978,0.65982,0.65931,0.6595,694,0,0
2025-09-08 16:30:00,0.6595,0.65983,0.65922,0.65938,878,0,0
2025-09-08 16:45:00,0.65938,0.65941,0.65883,0.65901,991,0,0
2025-09-08 17:00:00,0.65901,0.65913,0.65863,0.65866,1097,0,0
2025-09-08 17:15:00,0.65866,0.65873,0.65827,0.65862,734,0,0
2025-09-08 17:30:00,0.65862,0.6589,0.65829,0.65842,774,0,0
2025-09-08 17:45:00,0.65842,0.65868,0.65836,0.65843,699,0,0
2025-09-08 18:00:00,0.65843,0.65894,0.65832,0.65888,793,0,0
2025-09-08 18:15:00,0.65888,0.65907,0.65871,0.65893,633,0,0
2025-09-08 18:30:00,0.65893,0.65895,0.65861,0.65884,643,0,0
2025-09-08 18:45:00,0.65884,0.65903,0.65865,0.65901,572,0,0
2025-09-08 19:00:00,0.65901,0.65909,0.65875,0.65878,421,0,0
2025-09-08 19:15:00,0.65878,0.65883,0.6586,0.65866,398,0,0
2025-09-08 19:30:00,0.65866,0.65867,0.65809,0.65839,494,0,0
2025-09-08 19:45:00,0.6584,0.65855,0.65828,0.65852,473,0,0
2025-09-08 20:00:00,0.65852,0.65852,0.6581,0.65822,519,0,0
2025-09-08 20:15:00,0.65822,0.65847,0.65818,0.65843,398,0,0
2025-09-08 20:30:00,0.65843,0.65846,0.65828,0.65834,325,0,0
2025-09-08 20:45:00,0.65834,0.65842,0.6582,0.65824,269,0,0
2025-09-08 21:00:00,0.65824,0.65861,0.65823,0.65855,345,0,0
2025-09-08 21:15:00,0.65856,0.65897,0.65855,0.65896,348,0,0
2025-09-08 21:30:00,0.65896,0.65904,0.65883,0.65899,373,0,0
2025-09-08 21:45:00,0.65899,0.65935,0.65897,0.65932,335,0,0
2025-09-08 22:00:00,0.65932,0.65952,0.6592,0.65947,389,0,0
2025-09-08 22:15:00,0.65947,0.65949,0.65932,0.65936,277,0,0
2025-09-08 22:30:00,0.65936,0.65951,0.65933,0.65941,325,0,0
2025-09-08 22:45:00,0.65941,0.65957,0.65937,0.65948,309,0,0
2025-09-08 23:00:00,0.65947,0.65951,0.65933,0.65936,182,0,0
2025-09-08 23:15:00,0.65936,0.65939,0.65919,0.6593,231,0,0
2025-09-08 23:30:00,0.6593,0.65938,0.65925,0.65927,209,0,0
2025-09-08 23:45:00,0.65925,0.65927,0.65904,0.65918,198,5,0
2025-09-09 00:00:00,0.65912,0.65912,0.65718,0.65861,50,13,0
2025-09-09 00:15:00,0.65861,0.65884,0.6586,0.65874,103,40,0
2025-09-09 00:30:00,0.65875,0.65895,0.65857,0.65883,94,37,0
2025-09-09 00:45:00,0.65883,0.65888,0.65878,0.65878,58,37,0
2025-09-09 01:00:00,0.65878,0.65944,0.65878,0.65936,467,0,0
2025-09-09 01:15:00,0.65924,0.65949,0.65924,0.65943,379,0,0
2025-09-09 01:30:00,0.65943,0.65954,0.65941,0.6595,136,0,0
2025-09-09 01:45:00,0.6595,0.65952,0.6594,0.65946,128,0,0
2025-09-09 02:00:00,0.65948,0.65966,0.65945,0.65956,203,0,0
2025-09-09 02:15:00,0.65956,0.6598,0.65953,0.65975,175,0,0
2025-09-09 02:30:00,0.65975,0.65988,0.65973,0.65975,193,0,0
2025-09-09 02:45:00,0.65975,0.65981,0.65958,0.65978,182,0,0
2025-09-09 03:00:00,0.65978,0.65981,0.65951,0.65964,493,0,0
2025-09-09 03:15:00,0.65964,0.65998,0.65961,0.65995,398,0,0
2025-09-09 03:30:00,0.65995,0.66001,0.65972,0.65977,300,0,0
2025-09-09 03:45:00,0.65977,0.65997,0.65958,0.65959,495,0,0
2025-09-09 04:00:00,0.65959,0.65961,0.65943,0.65952,467,0,0
2025-09-09 04:15:00,0.65952,0.65952,0.65914,0.65928,499,0,0
2025-09-09 04:30:00,0.65927,0.6596,0.65922,0.65926,556,0,0
2025-09-09 04:45:00,0.65926,0.65984,0.65914,0.65981,581,0,0
2025-09-09 05:00:00,0.65981,0.6603,0.65979,0.6603,499,0,0
2025-09-09 05:15:00,0.66027,0.66036,0.65999,0.66021,528,0,0
2025-09-09 05:30:00,0.66021,0.66044,0.66015,0.66031,392,0,0
2025-09-09 05:45:00,0.66031,0.66037,0.65997,0.6602,372,0,0
2025-09-09 06:00:00,0.6602,0.66022,0.65987,0.65995,490,0,0
2025-09-09 06:15:00,0.65995,0.65996,0.65958,0.65964,369,0,0
2025-09-09 06:30:00,0.65964,0.65978,0.65954,0.65978,334,0,0
2025-09-09 06:45:00,0.65978,0.65999,0.65977,0.65994,317,0,0
2025-09-09 07:00:00,0.65994,0.66011,0.65985,0.66,236,0,0
2025-09-09 07:15:00,0.66001,0.66033,0.65997,0.66032,343,0,0
2025-09-09 07:30:00,0.66032,0.66044,0.66012,0.66021,315,0,0
2025-09-09 07:45:00,0.66021,0.66067,0.66021,0.66064,299,0,0
2025-09-09 08:00:00,0.66065,0.66098,0.66058,0.66086,509,0,0
2025-09-09 08:15:00,0.66086,0.66096,0.66065,0.66093,328,0,0
2025-09-09 08:30:00,0.66093,0.661,0.66082,0.66096,367,0,0
2025-09-09 08:45:00,0.66096,0.66148,0.6609,0.66138,478,0,0
2025-09-09 09:00:00,0.66139,0.66149,0.66054,0.66074,856,0,0
2025-09-09 09:15:00,0.66076,0.66082,0.66056,0.66064,576,0,0
2025-09-09 09:30:00,0.66064,0.66098,0.66059,0.66069,563,0,0
2025-09-09 09:45:00,0.66069,0.6607,0.66022,0.66056,789,0,0
2025-09-09 10:00:00,0.66057,0.66098,0.66049,0.66094,558,0,0
2025-09-09 10:15:00,0.66094,0.66108,0.66064,0.66096,612,0,0
2025-09-09 10:30:00,0.66097,0.66102,0.66026,0.66027,649,0,0
2025-09-09 10:45:00,0.66028,0.66068,0.65988,0.66063,1050,0,0
2025-09-09 11:00:00,0.66062,0.66095,0.66037,0.66055,940,0,0
2025-09-09 11:15:00,0.66054,0.66119,0.66042,0.66111,1306,0,0
2025-09-09 11:30:00,0.66111,0.66125,0.66078,0.66111,1034,0,0
2025-09-09 11:45:00,0.66111,0.66129,0.6609,0.66126,716,0,0
2025-09-09 12:00:00,0.66127,0.66182,0.66126,0.66177,828,0,0
2025-09-09 12:15:00,0.66177,0.66187,0.66155,0.66177,710,0,0
2025-09-09 12:30:00,0.66177,0.66192,0.6615,0.66152,684,0,0
2025-09-09 12:45:00,0.66152,0.66188,0.66141,0.66181,559,0,0
2025-09-09 13:00:00,0.66181,0.66195,0.66172,0.66176,514,0,0
2025-09-09 13:15:00,0.66175,0.66198,0.66171,0.66176,468,0,0
2025-09-09 13:30:00,0.66176,0.66178,0.66151,0.66158,413,0,0
2025-09-09 13:45:00,0.66157,0.66161,0.66135,0.66146,516,0,0
2025-09-09 14:00:00,0.66146,0.6615,0.66119,0.66126,388,0,0
2025-09-09 14:15:00,0.66126,0.66135,0.66102,0.6612,422,0,0
2025-09-09 14:30:00,0.6612,0.66128,0.66095,0.66101,553,0,0
2025-09-09 14:45:00,0.66101,0.6612,0.66087,0.66094,543,0,0
2025-09-09 15:00:00,0.66093,0.66105,0.66067,0.66104,766,0,0
2025-09-09 15:15:00,0.66104,0.66107,0.66006,0.6602,703,0,0
2025-09-09 15:30:00,0.6602,0.6602,0.65959,0.65995,751,0,0
2025-09-09 15:45:00,0.65995,0.66001,0.6597,0.65978,610,0,0
2025-09-09 16:00:00,0.65978,0.65987,0.65952,0.65981,785,0,0
2025-09-09 16:15:00,0.65981,0.6603,0.65981,0.66022,594,0,0
2025-09-09 16:30:00,0.66022,0.66047,0.66005,0.66039,995,0,0
2025-09-09 16:45:00,0.6604,0.66055,0.65991,0.66019,938,0,0
2025-09-09 17:00:00,0.66021,0.6613,0.65898,0.65985,2561,0,0
2025-09-09 17:15:00,0.65985,0.66025,0.65956,0.66015,1512,0,0
2025-09-09 17:30:00,0.66014,0.66021,0.65908,0.65965,1779,0,0
2025-09-09 17:45:00,0.65965,0.6598,0.65907,0.65934,1246,0,0
2025-09-09 18:00:00,0.65934,0.65944,0.65855,0.65868,1308,0,0
2025-09-09 18:15:00,0.65868,0.65905,0.6585,0.65902,1022,0,0
2025-09-09 18:30:00,0.65901,0.6591,0.65882,0.65908,726,0,0
2025-09-09 18:45:00,0.65908,0.65916,0.6589,0.65905,592,0,0
2025-09-09 19:00:00,0.65905,0.65938,0.65898,0.65929,588,0,0
2025-09-09 19:15:00,0.65929,0.65938,0.65879,0.6592,545,0,0
2025-09-09 19:30:00,0.6592,0.65963,0.65916,0.65916,476,0,0
2025-09-09 19:45:00,0.65915,0.65921,0.65896,0.65906,531,0,0
2025-09-09 20:00:00,0.65906,0.65918,0.65884,0.65894,645,0,0
2025-09-09 20:15:00,0.65894,0.6591,0.65883,0.65886,492,0,0
2025-09-09 20:30:00,0.65886,0.65908,0.65865,0.65871,437,0,0
2025-09-09 20:45:00,0.65871,0.65887,0.6585,0.65856,591,0,0
2025-09-09 21:00:00,0.65856,0.6587,0.65844,0.65853,467,0,0
2025-09-09 21:15:00,0.65853,0.65866,0.65837,0.65841,423,0,0
2025-09-09 21:30:00,0.65841,0.65847,0.65826,0.65829,327,0,0
2025-09-09 21:45:00,0.65829,0.65847,0.65827,0.65838,311,0,0
2025-09-09 22:00:00,0.65838,0.65849,0.65829,0.65837,282,0,0
2025-09-09 22:15:00,0.65837,0.65846,0.65829,0.65845,189,0,0
2025-09-09 22:30:00,0.65845,0.65856,0.65831,0.65841,260,0,0
2025-09-09 22:45:00,0.65841,0.65849,0.65832,0.65832,297,0,0
2025-09-09 23:00:00,0.65833,0.65837,0.65822,0.65826,257,0,0
2025-09-09 23:15:00,0.65826,0.65843,0.65824,0.65825,196,0,0
2025-09-09 23:30:00,0.65825,0.65847,0.65824,0.65847,169,0,0
2025-09-09 23:45:00,0.65846,0.65856,0.65837,0.65845,153,5,0
2025-09-10 00:00:00,0.65835,0.65884,0.65756,0.6584,90,26,0
2025-09-10 00:15:00,0.6584,0.6584,0.65802,0.65815,138,57,0
2025-09-10 00:30:00,0.65814,0.65822,0.65812,0.65818,104,34,0
2025-09-10 00:45:00,0.65818,0.65823,0.65802,0.65813,100,32,0
2025-09-10 01:00:00,0.65813,0.65856,0.658,0.65848,292,0,0
2025-09-10 01:15:00,0.65848,0.65852,0.65841,0.65846,187,0,0
2025-09-10 01:30:00,0.65846,0.65864,0.65845,0.65864,139,0,0
2025-09-10 01:45:00,0.65864,0.65874,0.65859,0.65865,188,0,0
2025-09-10 02:00:00,0.65865,0.65867,0.65852,0.65854,194,0,0
2025-09-10 02:15:00,0.65854,0.65857,0.65833,0.6584,234,0,0
2025-09-10 02:30:00,0.6584,0.65844,0.65817,0.65831,184,0,0
2025-09-10 02:45:00,0.65831,0.65856,0.65828,0.65855,250,0,0
2025-09-10 03:00:00,0.65855,0.65881,0.65839,0.65866,651,0,0
2025-09-10 03:15:00,0.65866,0.65874,0.65844,0.65865,462,0,0
2025-09-10 03:30:00,0.65865,0.65885,0.65854,0.65855,451,0,0
2025-09-10 03:45:00,0.65855,0.65884,0.65846,0.6588,601,0,0
2025-09-10 04:00:00,0.6588,0.65904,0.65855,0.65875,850,0,0
2025-09-10 04:15:00,0.65875,0.65885,0.65812,0.65812,649,0,0
2025-09-10 04:30:00,0.65812,0.65888,0.65801,0.65866,764,0,0
2025-09-10 04:45:00,0.65866,0.65925,0.65861,0.65902,660,0,0
2025-09-10 05:00:00,0.65902,0.6596,0.65891,0.65958,759,0,0
2025-09-10 05:15:00,0.65958,0.65966,0.65941,0.65952,541,0,0
2025-09-10 05:30:00,0.65951,0.65977,0.65937,0.65975,500,0,0
2025-09-10 05:45:00,0.65975,0.65991,0.65958,0.6599,433,0,0
2025-09-10 06:00:00,0.6599,0.66005,0.65983,0.65994,407,0,0
2025-09-10 06:15:00,0.65994,0.66025,0.6599,0.66015,411,0,0
2025-09-10 06:30:00,0.66015,0.66039,0.65997,0.66037,326,0,0
2025-09-10 06:45:00,0.66037,0.66063,0.66036,0.66042,467,0,0
2025-09-10 07:00:00,0.66042,0.66064,0.66034,0.66061,333,0,0
2025-09-10 07:15:00,0.66061,0.66064,0.66045,0.66054,413,0,0
2025-09-10 07:30:00,0.66054,0.66074,0.66049,0.66073,316,0,0
2025-09-10 07:45:00,0.66073,0.66127,0.66072,0.66126,520,0,0
2025-09-10 08:00:00,0.66126,0.66129,0.661,0.66111,542,0,0
2025-09-10 08:15:00,0.66111,0.66116,0.66093,0.66095,338,0,0
2025-09-10 08:30:00,0.66095,0.66106,0.66084,0.66089,363,0,0
2025-09-10 08:45:00,0.66089,0.66095,0.66057,0.66086,492,0,0
2025-09-10 09:00:00,0.66087,0.66153,0.66085,0.66129,721,0,0
2025-09-10 09:15:00,0.66128,0.66128,0.66057,0.66058,750,0,0
2025-09-10 09:30:00,0.66059,0.66081,0.65997,0.66041,745,0,0
2025-09-10 09:45:00,0.66041,0.66106,0.66005,0.66018,1045,0,0
2025-09-10 10:00:00,0.66018,0.66067,0.65946,0.66053,1407,0,0
2025-09-10 10:15:00,0.66053,0.66075,0.6601,0.6606,865,0,0
2025-09-10 10:30:00,0.6606,0.66082,0.66048,0.66054,700,0,0
2025-09-10 10:45:00,0.66054,0.66056,0.66023,0.66025,668,0,0
2025-09-10 11:00:00,0.66025,0.66041,0.65983,0.66033,753,0,0
2025-09-10 11:15:00,0.66033,0.66043,0.6598,0.65986,754,0,0
2025-09-10 11:30:00,0.65986,0.6599,0.65957,0.65964,752,0,0
2025-09-10 11:45:00,0.65964,0.66006,0.65959,0.66004,616,0,0
2025-09-10 12:00:00,0.66003,0.66051,0.66001,0.66048,647,0,0
2025-09-10 12:15:00,0.66048,0.66074,0.66035,0.66065,415,0,0
2025-09-10 12:30:00,0.66065,0.66097,0.66064,0.66091,578,0,0
2025-09-10 12:45:00,0.66094,0.66112,0.6608,0.66082,638,0,0
2025-09-10 13:00:00,0.66082,0.66086,0.6605,0.6606,622,0,0
2025-09-10 13:15:00,0.6606,0.66062,0.66023,0.6603,601,0,0
2025-09-10 13:30:00,0.6603,0.66052,0.66013,0.66048,418,0,0
2025-09-10 13:45:00,0.66048,0.66055,0.66024,0.66026,418,0,0
2025-09-10 14:00:00,0.66026,0.66069,0.66013,0.66065,364,0,0
2025-09-10 14:15:00,0.66065,0.66076,0.66045,0.66048,423,0,0
2025-09-10 14:30:00,0.66049,0.66049,0.66013,0.66034,577,0,0
2025-09-10 14:45:00,0.66034,0.66074,0.66031,0.66065,527,0,0
2025-09-10 15:00:00,0.66065,0.66078,0.66019,0.66025,672,0,0
2025-09-10 15:15:00,0.66026,0.66049,0.66014,0.66024,893,0,0
2025-09-10 15:30:00,0.66026,0.66247,0.66026,0.66163,2560,0,0
2025-09-10 15:45:00,0.66164,0.66187,0.66059,0.66119,1649,0,0
2025-09-10 16:00:00,0.6612,0.66128,0.66058,0.66117,1549,0,0
2025-09-10 16:15:00,0.66116,0.66182,0.661,0.66166,1289,0,0
2025-09-10 16:30:00,0.66166,0.6624,0.66144,0.66227,1413,0,0
2025-09-10 16:45:00,0.66227,0.66292,0.66217,0.66268,1393,0,0
2025-09-10 17:00:00,0.66268,0.66349,0.66265,0.66334,1210,0,0
2025-09-10 17:15:00,0.66333,0.66352,0.66289,0.66307,1264,0,0
2025-09-10 17:30:00,0.66307,0.66356,0.66303,0.66333,1057,0,0
2025-09-10 17:45:00,0.66333,0.66334,0.66256,0.66285,996,0,0
2025-09-10 18:00:00,0.66285,0.66311,0.66278,0.66303,899,0,0
2025-09-10 18:15:00,0.66302,0.66302,0.6621,0.66234,845,0,0
2025-09-10 18:30:00,0.66234,0.66275,0.66231,0.66269,686,0,0
2025-09-10 18:45:00,0.66269,0.66281,0.66244,0.66253,522,0,0
2025-09-10 19:00:00,0.66253,0.66254,0.66208,0.66216,582,0,0
2025-09-10 19:15:00,0.66215,0.66249,0.66214,0.6622,375,0,0
2025-09-10 19:30:00,0.6622,0.66226,0.66205,0.66218,415,0,0
2025-09-10 19:45:00,0.66218,0.66225,0.66187,0.66194,364,0,0
2025-09-10 20:00:00,0.66194,0.66248,0.66188,0.66239,520,0,0
2025-09-10 20:15:00,0.66239,0.66239,0.6621,0.66221,432,0,0
2025-09-10 20:30:00,0.66221,0.66232,0.6621,0.66221,404,0,0
2025-09-10 20:45:00,0.66221,0.66231,0.66209,0.66227,284,0,0
2025-09-10 21:00:00,0.66226,0.66244,0.66218,0.66235,379,0,0
2025-09-10 21:15:00,0.66235,0.6625,0.66235,0.66239,401,0,0
2025-09-10 21:30:00,0.66238,0.66239,0.66207,0.66209,442,0,0
2025-09-10 21:45:00,0.66209,0.6621,0.66183,0.66199,372,0,0
2025-09-10 22:00:00,0.66198,0.662,0.66156,0.66158,315,0,0
2025-09-10 22:15:00,0.66158,0.66166,0.66133,0.66136,425,0,0
2025-09-10 22:30:00,0.66136,0.66139,0.66117,0.66136,336,0,0
2025-09-10 22:45:00,0.66136,0.66175,0.66133,0.66172,335,0,0
2025-09-10 23:00:00,0.66171,0.66183,0.6616,0.66162,226,0,0
2025-09-10 23:15:00,0.66162,0.66171,0.66147,0.66159,194,0,0
2025-09-10 23:30:00,0.66159,0.66163,0.66134,0.66135,114,0,0
2025-09-10 23:45:00,0.66135,0.66137,0.66114,0.6613,143,5,0
2025-09-11 00:00:00,0.66129,0.66137,0.66112,0.66137,25,13,0
2025-09-11 00:15:00,0.66137,0.66137,0.66103,0.66108,61,37,0
2025-09-11 00:30:00,0.66107,0.66113,0.66092,0.66098,127,33,0
2025-09-11 00:45:00,0.66098,0.66099,0.66091,0.66091,87,32,0
2025-09-11 01:00:00,0.66091,0.66148,0.6609,0.66143,339,0,0
2025-09-11 01:15:00,0.66144,0.66164,0.66141,0.66162,359,0,0
2025-09-11 01:30:00,0.66162,0.66168,0.66156,0.66163,131,0,0
2025-09-11 01:45:00,0.66163,0.66186,0.66161,0.66184,170,0,0
2025-09-11 02:00:00,0.66184,0.66195,0.66166,0.66194,147,0,0
2025-09-11 02:15:00,0.66194,0.66214,0.66191,0.66206,132,0,0
2025-09-11 02:30:00,0.66206,0.6621,0.66192,0.66194,121,0,0
2025-09-11 02:45:00,0.66194,0.66196,0.66163,0.6619,286,0,0
2025-09-11 03:00:00,0.6619,0.66192,0.66152,0.66171,491,0,0
2025-09-11 03:15:00,0.66171,0.66176,0.66126,0.6614,409,0,0
2025-09-11 03:30:00,0.6614,0.66151,0.66126,0.66129,326,0,0
2025-09-11 03:45:00,0.66129,0.66138,0.66103,0.66107,481,0,0
2025-09-11 04:00:00,0.66107,0.66131,0.66082,0.66121,543,0,0
2025-09-11 04:15:00,0.66121,0.66152,0.66115,0.66148,421,0,0
2025-09-11 04:30:00,0.66148,0.66201,0.66147,0.66191,532,0,0
2025-09-11 04:45:00,0.66191,0.66194,0.66163,0.66171,337,0,0
2025-09-11 05:00:00,0.6617,0.66175,0.6615,0.66154,333,0,0
2025-09-11 05:15:00,0.66154,0.66165,0.661,0.66121,349,0,0
2025-09-11 05:30:00,0.6612,0.66142,0.66108,0.66115,377,0,0
2025-09-11 05:45:00,0.66115,0.66132,0.66107,0.66107,332,0,0
2025-09-11 06:00:00,0.66107,0.66132,0.66103,0.6612,358,0,0
2025-09-11 06:15:00,0.6612,0.66141,0.66103,0.66137,281,0,0
2025-09-11 06:30:00,0.66137,0.66141,0.66114,0.66135,278,0,0
2025-09-11 06:45:00,0.66135,0.66145,0.66128,0.66131,276,0,0
2025-09-11 07:00:00,0.66131,0.66132,0.66108,0.66117,245,0,0
2025-09-11 07:15:00,0.66117,0.66117,0.66076,0.66083,285,0,0
2025-09-11 07:30:00,0.66083,0.66106,0.66082,0.66106,220,0,0
2025-09-11 07:45:00,0.66106,0.66114,0.66082,0.66101,251,0,0
2025-09-11 08:00:00,0.66101,0.66101,0.66058,0.66062,329,0,0
2025-09-11 08:15:00,0.66062,0.66083,0.66062,0.66079,244,0,0
2025-09-11 08:30:00,0.66079,0.66082,0.66053,0.66058,281,0,0
2025-09-11 08:45:00,0.66058,0.66082,0.66032,0.66045,491,0,0
2025-09-11 09:00:00,0.66043,0.66101,0.66013,0.66041,827,0,0
2025-09-11 09:15:00,0.6604,0.66091,0.66019,0.66074,694,0,0
2025-09-11 09:30:00,0.66073,0.66092,0.66059,0.66083,745,0,0
2025-09-11 09:45:00,0.66083,0.66121,0.66077,0.66119,680,0,0
2025-09-11 10:00:00,0.6612,0.66141,0.66103,0.66129,884,0,0
2025-09-11 10:15:00,0.66129,0.66136,0.66082,0.66083,797,0,0
2025-09-11 10:30:00,0.66083,0.66124,0.66066,0.66116,699,0,0
2025-09-11 10:45:00,0.66117,0.66123,0.66097,0.66122,778,0,0
2025-09-11 11:00:00,0.66122,0.6614,0.66087,0.66097,838,0,0
2025-09-11 11:15:00,0.66097,0.66111,0.66086,0.66093,627,0,0
2025-09-11 11:30:00,0.66093,0.6611,0.66078,0.66106,506,0,0
2025-09-11 11:45:00,0.66106,0.66135,0.66085,0.66087,592,0,0
2025-09-11 12:00:00,0.66088,0.66093,0.66026,0.66048,751,0,0
2025-09-11 12:15:00,0.66048,0.66054,0.66026,0.66042,523,0,0
2025-09-11 12:30:00,0.66042,0.66059,0.65986,0.66009,794,0,0
2025-09-11 12:45:00,0.6601,0.66052,0.65996,0.6605,504,0,0
2025-09-11 13:00:00,0.6605,0.66069,0.66037,0.66068,599,0,0
2025-09-11 13:15:00,0.66067,0.66067,0.66038,0.66042,473,0,0
2025-09-11 13:30:00,0.66042,0.6607,0.66042,0.66065,658,0,0
2025-09-11 13:45:00,0.66065,0.66067,0.66044,0.66057,491,0,0
2025-09-11 14:00:00,0.66057,0.661,0.66048,0.66097,494,0,0
2025-09-11 14:15:00,0.66097,0.66105,0.66077,0.6608,465,0,0
2025-09-11 14:30:00,0.6608,0.66088,0.66025,0.66026,534,0,0
2025-09-11 14:45:00,0.66026,0.66062,0.66024,0.66031,653,0,0
2025-09-11 15:00:00,0.66031,0.66047,0.66011,0.66042,743,0,0
2025-09-11 15:15:00,0.66042,0.66051,0.66001,0.6605,1115,0,0
2025-09-11 15:30:00,0.66051,0.66216,0.659,0.66125,3165,0,0
2025-09-11 15:45:00,0.66124,0.66243,0.66071,0.66227,1982,0,0
2025-09-11 16:00:00,0.66228,0.66295,0.66227,0.66263,2166,0,0
2025-09-11 16:15:00,0.66263,0.66269,0.66197,0.66219,1558,0,0
2025-09-11 16:30:00,0.66221,0.66287,0.66212,0.6628,1850,0,0
2025-09-11 16:45:00,0.66281,0.66367,0.66267,0.66349,1438,0,0
2025-09-11 17:00:00,0.66349,0.66425,0.66336,0.66418,1242,0,0
2025-09-11 17:15:00,0.66418,0.66511,0.6641,0.66469,1501,0,0
2025-09-11 17:30:00,0.66469,0.66485,0.66453,0.66477,1271,0,0
2025-09-11 17:45:00,0.66477,0.66497,0.66427,0.6649,1013,0,0
2025-09-11 18:00:00,0.66491,0.66495,0.66454,0.66494,1075,0,0
2025-09-11 18:15:00,0.66494,0.66553,0.66488,0.66534,900,0,0
2025-09-11 18:30:00,0.66533,0.66584,0.66518,0.6658,764,0,0
2025-09-11 18:45:00,0.6658,0.66585,0.6656,0.66567,739,0,0
2025-09-11 19:00:00,0.66567,0.66609,0.66562,0.66604,672,0,0
2025-09-11 19:15:00,0.66604,0.66636,0.666,0.66624,502,0,0
2025-09-11 19:30:00,0.66624,0.66644,0.66607,0.66614,613,0,0
2025-09-11 19:45:00,0.66614,0.66615,0.66593,0.66593,601,0,0
2025-09-11 20:00:00,0.66595,0.66599,0.66573,0.66583,819,0,0
2025-09-11 20:15:00,0.66583,0.66609,0.66572,0.66579,515,0,0
2025-09-11 20:30:00,0.66578,0.66592,0.66576,0.66585,587,0,0
2025-09-11 20:45:00,0.66585,0.6659,0.66569,0.66589,518,0,0
2025-09-11 21:00:00,0.66589,0.66612,0.66584,0.66602,420,0,0
2025-09-11 21:15:00,0.66602,0.66609,0.6659,0.66601,374,0,0
2025-09-11 21:30:00,0.66601,0.66607,0.66584,0.66597,346,0,0
2025-09-11 21:45:00,0.66597,0.66628,0.66597,0.66619,468,0,0
2025-09-11 22:00:00,0.66619,0.66631,0.66604,0.66605,368,0,0
2025-09-11 22:15:00,0.66605,0.66625,0.66603,0.66619,355,0,0
2025-09-11 22:30:00,0.66619,0.66628,0.66609,0.66621,319,0,0
2025-09-11 22:45:00,0.66621,0.66641,0.66615,0.66626,319,0,0
2025-09-11 23:00:00,0.66626,0.66651,0.66621,0.66648,260,0,0
2025-09-11 23:15:00,0.66648,0.66651,0.66638,0.66644,164,0,0
2025-09-11 23:30:00,0.66644,0.66651,0.66619,0.66622,231,0,0
2025-09-11 23:45:00,0.6662,0.66629,0.666,0.66603,262,5,0
2025-09-12 00:00:00,0.66573,0.66574,0.66504,0.66572,65,30,0
2025-09-12 00:15:00,0.66572,0.66586,0.6656,0.66585,72,38,0
2025-09-12 00:30:00,0.66585,0.66585,0.66559,0.66562,99,33,0
2025-09-12 00:45:00,0.66562,0.66583,0.66562,0.66582,88,27,0
2025-09-12 01:00:00,0.66582,0.66634,0.66571,0.66621,431,0,0
2025-09-12 01:15:00,0.66621,0.6663,0.66615,0.66628,260,0,0
2025-09-12 01:30:00,0.66628,0.66631,0.66609,0.66617,197,0,0
2025-09-12 01:45:00,0.66617,0.66636,0.6661,0.66636,183,0,0
2025-09-12 02:00:00,0.66636,0.66655,0.6663,0.66639,292,0,0
2025-09-12 02:15:00,0.66639,0.6664,0.66624,0.66626,121,0,0
2025-09-12 02:30:00,0.66626,0.66638,0.66621,0.66632,133,0,0
2025-09-12 02:45:00,0.66632,0.66667,0.66621,0.66655,356,0,0
2025-09-12 03:00:00,0.66654,0.66657,0.66621,0.66625,748,0,0
2025-09-12 03:15:00,0.66625,0.66635,0.66609,0.66612,485,0,0
2025-09-12 03:30:00,0.66612,0.66622,0.66584,0.66616,476,0,0
2025-09-12 03:45:00,0.66616,0.66681,0.66614,0.66677,656,0,0
2025-09-12 04:00:00,0.66677,0.66689,0.66631,0.66641,608,0,0
2025-09-12 04:15:00,0.66641,0.66646,0.6661,0.66642,424,0,0
2025-09-12 04:30:00,0.66642,0.66655,0.66611,0.66617,464,0,0
2025-09-12 04:45:00,0.66617,0.66619,0.66554,0.66565,765,0,0
2025-09-12 05:00:00,0.66565,0.6659,0.66558,0.66578,475,0,0
2025-09-12 05:15:00,0.66578,0.66614,0.66569,0.66603,467,0,0
2025-09-12 05:30:00,0.66603,0.66614,0.66587,0.66611,439,0,0
2025-09-12 05:45:00,0.66611,0.66627,0.66603,0.66616,412,0,0
2025-09-12 06:00:00,0.66617,0.66628,0.66586,0.66627,411,0,0
2025-09-12 06:15:00,0.66627,0.66639,0.66621,0.66632,289,0,0
2025-09-12 06:30:00,0.66631,0.66644,0.6662,0.66635,276,0,0
2025-09-12 06:45:00,0.66635,0.66637,0.66599,0.66622,271,0,0
2025-09-12 07:00:00,0.66622,0.66632,0.66612,0.66619,318,0,0
2025-09-12 07:15:00,0.66619,0.66625,0.66599,0.66615,332,0,0
2025-09-12 07:30:00,0.66615,0.6663,0.6658,0.66581,466,0,0
2025-09-12 07:45:00,0.6658,0.66595,0.66572,0.66579,393,0,0
2025-09-12 08:00:00,0.66579,0.666,0.66563,0.66595,292,0,0
2025-09-12 08:15:00,0.66595,0.66607,0.66589,0.666,276,0,0
2025-09-12 08:30:00,0.666,0.66601,0.66578,0.66584,373,0,0
2025-09-12 08:45:00,0.66584,0.66595,0.66579,0.66584,404,0,0
2025-09-12 09:00:00,0.66586,0.66586,0.6653,0.66555,687,0,0
2025-09-12 09:15:00,0.66555,0.66556,0.66512,0.66529,572,0,0
2025-09-12 09:30:00,0.66529,0.66548,0.66521,0.66538,557,0,0
2025-09-12 09:45:00,0.66538,0.66592,0.66536,0.66588,521,0,0
2025-09-12 10:00:00,0.66589,0.66638,0.66589,0.66603,650,0,0
2025-09-12 10:15:00,0.66603,0.66659,0.666,0.66646,688,0,0
2025-09-12 10:30:00,0.66646,0.66647,0.66577,0.66589,760,0,0
2025-09-12 10:45:00,0.66589,0.66621,0.66586,0.66607,773,0,0
2025-09-12 11:00:00,0.66608,0.66612,0.66501,0.6651,867,0,0
2025-09-12 11:15:00,0.6651,0.66512,0.6646,0.6651,1082,0,0
2025-09-12 11:30:00,0.66509,0.66533,0.6647,0.66471,862,0,0
2025-09-12 11:45:00,0.66471,0.66482,0.66435,0.66457,918,0,0
2025-09-12 12:00:00,0.66457,0.66494,0.66449,0.66494,788,0,0
2025-09-12 12:15:00,0.66494,0.66506,0.66467,0.66497,497,0,0
2025-09-12 12:30:00,0.66497,0.66514,0.66468,0.66476,484,0,0
2025-09-12 12:45:00,0.66476,0.66527,0.66476,0.66506,533,0,0
2025-09-12 13:00:00,0.66507,0.66539,0.66505,0.66514,511,0,0
2025-09-12 13:15:00,0.66514,0.6653,0.66503,0.66522,483,0,0
2025-09-12 13:30:00,0.66522,0.66526,0.66473,0.66491,516,0,0
2025-09-12 13:45:00,0.66492,0.66512,0.66457,0.66495,501,0,0
2025-09-12 14:00:00,0.66495,0.66512,0.66473,0.66481,512,0,0
2025-09-12 14:15:00,0.66481,0.66483,0.66426,0.66458,611,0,0
2025-09-12 14:30:00,0.66458,0.66477,0.66438,0.66438,438,0,0
2025-09-12 14:45:00,0.66439,0.66455,0.66424,0.66448,575,0,0
2025-09-12 15:00:00,0.66449,0.66459,0.6639,0.66398,798,0,0
2025-09-12 15:15:00,0.66398,0.66414,0.66359,0.6637,802,0,0
2025-09-12 15:30:00,0.66371,0.66373,0.66306,0.6632,1118,0,0
2025-09-12 15:45:00,0.6632,0.66401,0.66319,0.6639,765,0,0
2025-09-12 16:00:00,0.66385,0.6641,0.66368,0.66396,718,0,0
2025-09-12 16:15:00,0.66396,0.66396,0.66367,0.66386,716,0,0
2025-09-12 16:30:00,0.66386,0.66405,0.6636,0.6639,1099,0,0
2025-09-12 16:45:00,0.66391,0.66425,0.66384,0.66398,946,0,0
2025-09-12 17:00:00,0.66387,0.66441,0.66378,0.66416,1204,0,0
2025-09-12 17:15:00,0.66415,0.66483,0.66404,0.6646,1066,0,0
2025-09-12 17:30:00,0.66463,0.66466,0.6638,0.6639,874,0,0
2025-09-12 17:45:00,0.6639,0.66454,0.66373,0.66435,1023,0,0
2025-09-12 18:00:00,0.66436,0.66436,0.6638,0.66387,930,0,0
2025-09-12 18:15:00,0.66386,0.66409,0.66348,0.6636,795,0,0
2025-09-12 18:30:00,0.66361,0.66373,0.66339,0.66365,521,0,0
2025-09-12 18:45:00,0.66364,0.66365,0.66339,0.6635,589,0,0
2025-09-12 19:00:00,0.66349,0.66353,0.66323,0.66342,577,0,0
2025-09-12 19:15:00,0.66342,0.66398,0.66338,0.66398,604,0,0
2025-09-12 19:30:00,0.66397,0.66436,0.66387,0.66435,534,0,0
2025-09-12 19:45:00,0.66435,0.66457,0.66425,0.6643,514,0,0
2025-09-12 20:00:00,0.66429,0.66473,0.66426,0.66468,378,0,0
2025-09-12 20:15:00,0.66468,0.66481,0.66458,0.6646,494,0,0
2025-09-12 20:30:00,0.66465,0.66481,0.66463,0.66465,421,0,0
2025-09-12 20:45:00,0.66465,0.66489,0.66462,0.66463,409,0,0
2025-09-12 21:00:00,0.66463,0.66476,0.66454,0.66472,370,0,0
2025-09-12 21:15:00,0.66471,0.66482,0.66465,0.66476,400,0,0
2025-09-12 21:30:00,0.66476,0.66496,0.66474,0.66492,293,0,0
2025-09-12 21:45:00,0.66492,0.66528,0.66491,0.66526,359,0,0
2025-09-12 22:00:00,0.66526,0.66533,0.66518,0.6652,413,0,0
2025-09-12 22:15:00,0.6652,0.66521,0.66502,0.66508,387,0,0
2025-09-12 22:30:00,0.66509,0.66509,0.66479,0.66495,503,0,0
2025-09-12 22:45:00,0.66495,0.66514,0.66495,0.66508,403,0,0
2025-09-12 23:00:00,0.66506,0.66507,0.66483,0.6649,381,0,0
2025-09-12 23:15:00,0.6649,0.66498,0.66481,0.66487,205,0,0
2025-09-12 23:30:00,0.66486,0.66487,0.66464,0.66465,564,0,0
2025-09-12 23:45:00,0.66465,0.66477,0.66453,0.66462,299,5,0
2025-09-15 00:00:00,0.6624,0.66405,0.6624,0.66405,60,137,0
2025-09-15 00:15:00,0.66405,0.66452,0.66405,0.66438,65,85,0
2025-09-15 00:30:00,0.66441,0.66448,0.66422,0.66445,198,65,0
2025-09-15 00:45:00,0.66445,0.66449,0.66308,0.66416,223,62,0
2025-09-15 01:00:00,0.66416,0.66489,0.66416,0.66486,431,0,0
2025-09-15 01:15:00,0.66486,0.66488,0.66471,0.66483,245,0,0
2025-09-15 01:30:00,0.66483,0.665,0.66479,0.66494,394,0,0
2025-09-15 01:45:00,0.66494,0.66494,0.66478,0.66483,253,0,0
2025-09-15 02:00:00,0.66484,0.66488,0.6646,0.66468,314,0,0
2025-09-15 02:15:00,0.66468,0.66482,0.66467,0.66471,300,0,0
2025-09-15 02:30:00,0.66472,0.66479,0.6646,0.66475,233,0,0
2025-09-15 02:45:00,0.66475,0.6649,0.66472,0.6649,185,0,0
2025-09-15 03:00:00,0.6649,0.66515,0.66485,0.6651,394,0,0
2025-09-15 03:15:00,0.6651,0.66511,0.66451,0.66455,362,0,0
2025-09-15 03:30:00,0.66455,0.66495,0.6645,0.66486,332,0,0
2025-09-15 03:45:00,0.66486,0.66515,0.66486,0.66514,304,0,0
2025-09-15 04:00:00,0.66514,0.66552,0.66503,0.66507,601,0,0
2025-09-15 04:15:00,0.66507,0.66541,0.66497,0.66526,435,0,0
2025-09-15 04:30:00,0.66526,0.66559,0.66513,0.66545,503,0,0
2025-09-15 04:45:00,0.66544,0.66591,0.66533,0.66579,527,0,0
2025-09-15 05:00:00,0.66579,0.66584,0.66554,0.66563,490,0,0
2025-09-15 05:15:00,0.66563,0.66565,0.66538,0.6654,391,0,0
2025-09-15 05:30:00,0.6654,0.66573,0.66539,0.66564,341,0,0
2025-09-15 05:45:00,0.66564,0.66571,0.66538,0.66543,393,0,0
2025-09-15 06:00:00,0.66543,0.66566,0.66541,0.66558,342,0,0
2025-09-15 06:15:00,0.66559,0.66597,0.66558,0.66593,338,0,0
2025-09-15 06:30:00,0.66593,0.66627,0.66563,0.66621,407,0,0
2025-09-15 06:45:00,0.66621,0.66652,0.66608,0.6661,351,0,0
2025-09-15 07:00:00,0.6661,0.66639,0.66602,0.66635,370,0,0
2025-09-15 07:15:00,0.66635,0.66659,0.66633,0.6665,363,0,0
2025-09-15 07:30:00,0.6665,0.66651,0.66612,0.66625,318,0,0
2025-09-15 07:45:00,0.66625,0.66642,0.66604,0.66642,306,0,0
2025-09-15 08:00:00,0.66644,0.66646,0.66599,0.66606,416,0,0
2025-09-15 08:15:00,0.66606,0.66618,0.66592,0.66601,296,0,0
2025-09-15 08:30:00,0.66601,0.66607,0.6659,0.66595,347,0,0
2025-09-15 08:45:00,0.66595,0.666,0.66583,0.66596,330,0,0
2025-09-15 09:00:00,0.66597,0.66631,0.66578,0.66586,676,0,0
2025-09-15 09:15:00,0.66587,0.66587,0.6652,0.66528,803,0,0
2025-09-15 09:30:00,0.66528,0.66565,0.66521,0.66556,707,0,0
2025-09-15 09:45:00,0.66556,0.66587,0.66554,0.6657,646,0,0
2025-09-15 10:00:00,0.6657,0.66607,0.66557,0.6659,916,0,0
2025-09-15 10:15:00,0.6659,0.66635,0.66588,0.66615,648,0,0
2025-09-15 10:30:00,0.66615,0.66669,0.66614,0.66645,636,0,0
2025-09-15 10:45:00,0.66644,0.66646,0.66614,0.66635,746,0,0
2025-09-15 11:00:00,0.66635,0.66635,0.66588,0.66621,710,0,0
2025-09-15 11:15:00,0.66621,0.66657,0.66614,0.66625,569,0,0
2025-09-15 11:30:00,0.66625,0.66635,0.66584,0.66592,647,0,0
2025-09-15 11:45:00,0.66592,0.66606,0.66584,0.66596,541,0,0
2025-09-15 12:00:00,0.66595,0.66596,0.66562,0.66584,586,0,0
2025-09-15 12:15:00,0.66584,0.66594,0.66568,0.66588,614,0,0
2025-09-15 12:30:00,0.66587,0.66596,0.66568,0.66569,541,0,0
2025-09-15 12:45:00,0.66569,0.66569,0.6654,0.66545,559,0,0
2025-09-15 13:00:00,0.66545,0.66571,0.66543,0.66561,536,0,0
2025-09-15 13:15:00,0.66561,0.6663,0.66558,0.66617,508,0,0
2025-09-15 13:30:00,0.66617,0.66628,0.66574,0.66576,574,0,0
2025-09-15 13:45:00,0.66576,0.66579,0.66557,0.66563,553,0,0
2025-09-15 14:00:00,0.66564,0.66587,0.6656,0.66584,448,0,0
2025-09-15 14:15:00,0.66584,0.66606,0.66565,0.66598,439,0,0
2025-09-15 14:30:00,0.66598,0.66615,0.66574,0.66576,499,0,0
2025-09-15 14:45:00,0.66576,0.66607,0.66567,0.66599,525,0,0
2025-09-15 15:00:00,0.666,0.66636,0.666,0.66621,611,0,0
2025-09-15 15:15:00,0.66619,0.66671,0.66603,0.66656,766,0,0
2025-09-15 15:30:00,0.66658,0.66688,0.66647,0.66662,748,0,0
2025-09-15 15:45:00,0.66662,0.66664,0.66642,0.66662,689,0,0
2025-09-15 16:00:00,0.66662,0.66669,0.6661,0.6663,772,0,0
2025-09-15 16:15:00,0.6663,0.66633,0.66595,0.6662,687,0,0
2025-09-15 16:30:00,0.66621,0.6664,0.66603,0.6662,727,0,0
2025-09-15 16:45:00,0.6662,0.66634,0.66567,0.66569,806,0,0
2025-09-15 17:00:00,0.66569,0.66585,0.66534,0.66584,849,0,0
2025-09-15 17:15:00,0.66584,0.66602,0.6656,0.66598,836,0,0
2025-09-15 17:30:00,0.66598,0.66606,0.66556,0.66569,795,0,0
2025-09-15 17:45:00,0.66568,0.66607,0.66556,0.66594,901,0,0
2025-09-15 18:00:00,0.66594,0.66623,0.66587,0.66622,731,0,0
2025-09-15 18:15:00,0.66623,0.66656,0.6662,0.66649,623,0,0
2025-09-15 18:30:00,0.66649,0.66662,0.66636,0.66636,547,0,0
2025-09-15 18:45:00,0.66636,0.66715,0.66634,0.66702,802,0,0
2025-09-15 19:00:00,0.66702,0.66721,0.66676,0.66683,750,0,0
2025-09-15 19:15:00,0.66683,0.66689,0.66657,0.66658,646,0,0
2025-09-15 19:30:00,0.66659,0.66684,0.66657,0.66679,620,0,0
2025-09-15 19:45:00,0.66679,0.66681,0.66645,0.66655,583,0,0
2025-09-15 20:00:00,0.66655,0.66679,0.66649,0.6666,503,0,0
2025-09-15 20:15:00,0.6666,0.66665,0.66645,0.66664,521,0,0
2025-09-15 20:30:00,0.66664,0.66714,0.66664,0.66707,606,0,0
2025-09-15 20:45:00,0.66707,0.66742,0.66703,0.66739,518,0,0
2025-09-15 21:00:00,0.66739,0.66743,0.6672,0.66723,513,0,0
2025-09-15 21:15:00,0.66723,0.6674,0.66717,0.66739,524,0,0
2025-09-15 21:30:00,0.66739,0.6675,0.66711,0.66724,554,0,0
2025-09-15 21:45:00,0.66724,0.66728,0.6671,0.66718,572,0,0
2025-09-15 22:00:00,0.66718,0.66731,0.66712,0.66718,581,0,0
2025-09-15 22:15:00,0.66719,0.66726,0.66704,0.66719,426,0,0
2025-09-15 22:30:00,0.66719,0.66731,0.66705,0.6671,398,0,0
2025-09-15 22:45:00,0.66709,0.6672,0.66699,0.66719,481,0,0
2025-09-15 23:00:00,0.66719,0.66725,0.66713,0.66723,308,0,0
2025-09-15 23:15:00,0.66723,0.66727,0.66711,0.66713,242,0,0
2025-09-15 23:30:00,0.66713,0.66719,0.66698,0.66702,217,0,0
2025-09-15 23:45:00,0.66702,0.66709,0.66697,0.667,266,5,0
2025-09-16 00:00:00,0.66636,0.66686,0.66429,0.66654,54,16,0
2025-09-16 00:15:00,0.66654,0.66666,0.66653,0.66664,159,41,0
2025-09-16 00:30:00,0.66662,0.6667,0.66648,0.66657,59,29,0
2025-09-16 00:45:00,0.66657,0.6666,0.66653,0.66657,30,34,0
2025-09-16 01:00:00,0.66657,0.66705,0.66657,0.66702,659,0,0
2025-09-16 01:15:00,0.66702,0.66711,0.66698,0.66709,419,0,0
2025-09-16 01:30:00,0.66709,0.6671,0.667,0.66704,241,0,0
2025-09-16 01:45:00,0.66704,0.66708,0.66695,0.66703,275,0,0
2025-09-16 02:00:00,0.66705,0.66716,0.66703,0.66714,150,0,0
2025-09-16 02:15:00,0.66714,0.6672,0.6671,0.66719,146,0,0
2025-09-16 02:30:00,0.66719,0.66719,0.66711,0.66717,162,0,0
2025-09-16 02:45:00,0.66717,0.66731,0.66714,0.66724,293,0,0
2025-09-16 03:00:00,0.66723,0.66763,0.66713,0.66717,609,0,0
2025-09-16 03:15:00,0.66717,0.66718,0.6668,0.66682,458,0,0
2025-09-16 03:30:00,0.66682,0.66691,0.66657,0.66684,439,0,0
2025-09-16 03:45:00,0.66684,0.66687,0.66661,0.6668,405,0,0
2025-09-16 04:00:00,0.66681,0.6669,0.66667,0.66685,499,0,0
2025-09-16 04:15:00,0.66685,0.66685,0.66655,0.66663,452,0,0
2025-09-16 04:30:00,0.66663,0.66715,0.66654,0.66696,537,0,0
2025-09-16 04:45:00,0.66695,0.66723,0.66691,0.66701,533,0,0
2025-09-16 05:00:00,0.66701,0.6671,0.66681,0.66688,455,0,0
2025-09-16 05:15:00,0.66688,0.6669,0.66639,0.66655,533,0,0
2025-09-16 05:30:00,0.66655,0.66671,0.66625,0.66639,552,0,0
2025-09-16 05:45:00,0.66639,0.6667,0.66631,0.6664,469,0,0
2025-09-16 06:00:00,0.6664,0.66669,0.6663,0.66665,459,0,0
2025-09-16 06:15:00,0.66665,0.6668,0.66655,0.66679,327,0,0
2025-09-16 06:30:00,0.66679,0.66737,0.66679,0.66715,480,0,0
2025-09-16 06:45:00,0.66715,0.66725,0.6668,0.66689,423,0,0
2025-09-16 07:00:00,0.66689,0.66692,0.66638,0.66668,441,0,0
2025-09-16 07:15:00,0.66668,0.66682,0.66652,0.66655,339,0,0
2025-09-16 07:30:00,0.66656,0.66656,0.66624,0.66624,400,0,0
2025-09-16 07:45:00,0.66624,0.66636,0.66602,0.66619,427,0,0
2025-09-16 08:00:00,0.66618,0.6664,0.66607,0.66634,435,0,0
2025-09-16 08:15:00,0.66634,0.66645,0.66624,0.66644,355,0,0
2025-09-16 08:30:00,0.66644,0.6665,0.66628,0.66632,434,0,0
2025-09-16 08:45:00,0.66632,0.6667,0.66613,0.66656,481,0,0
2025-09-16 09:00:00,0.66658,0.6669,0.66656,0.66674,742,0,0
2025-09-16 09:15:00,0.66674,0.66712,0.6667,0.6669,725,0,0
2025-09-16 09:30:00,0.6669,0.66702,0.66675,0.66688,571,0,0
2025-09-16 09:45:00,0.66689,0.66689,0.6664,0.66683,669,0,0
2025-09-16 10:00:00,0.66683,0.66715,0.66676,0.66705,849,0,0
2025-09-16 10:15:00,0.66705,0.66725,0.6668,0.66698,773,0,0
2025-09-16 10:30:00,0.66698,0.66704,0.66617,0.66638,754,0,0
2025-09-16 10:45:00,0.66638,0.66661,0.66623,0.66629,702,0,0
2025-09-16 11:00:00,0.66629,0.66659,0.66598,0.66653,665,0,0
2025-09-16 11:15:00,0.66653,0.66685,0.66625,0.66644,741,0,0
2025-09-16 11:30:00,0.66644,0.66646,0.66612,0.66623,627,0,0
2025-09-16 11:45:00,0.66623,0.66644,0.66616,0.66626,627,0,0
2025-09-16 12:00:00,0.66626,0.66691,0.66625,0.66689,609,0,0
2025-09-16 12:15:00,0.66689,0.66725,0.6668,0.66715,648,0,0
2025-09-16 12:30:00,0.66715,0.66717,0.66681,0.66706,640,0,0
2025-09-16 12:45:00,0.66705,0.6671,0.6667,0.66679,797,0,0
2025-09-16 13:00:00,0.6668,0.66681,0.66638,0.66656,633,0,0
2025-09-16 13:15:00,0.66656,0.66696,0.66649,0.66691,492,0,0
2025-09-16 13:30:00,0.66691,0.66705,0.66664,0.66669,412,0,0
2025-09-16 13:45:00,0.66669,0.66675,0.66651,0.66664,380,0,0
2025-09-16 14:00:00,0.66664,0.66684,0.66652,0.66667,477,0,0
2025-09-16 14:15:00,0.66667,0.66696,0.6666,0.66681,387,0,0
2025-09-16 14:30:00,0.6668,0.6675,0.66675,0.66737,437,0,0
2025-09-16 14:45:00,0.66737,0.66765,0.66737,0.66741,491,0,0
2025-09-16 15:00:00,0.66741,0.66759,0.66699,0.66703,575,0,0
2025-09-16 15:15:00,0.66702,0.66715,0.66683,0.66693,573,0,0
2025-09-16 15:30:00,0.66691,0.66719,0.66616,0.66648,1275,0,0
2025-09-16 15:45:00,0.66648,0.667,0.66639,0.6668,972,0,0
2025-09-16 16:00:00,0.66681,0.66714,0.66675,0.66702,863,0,0
2025-09-16 16:15:00,0.66702,0.66763,0.66682,0.66754,754,0,0
2025-09-16 16:30:00,0.66754,0.66767,0.66702,0.66703,909,0,0
2025-09-16 16:45:00,0.66704,0.66739,0.66672,0.66679,810,0,0
2025-09-16 17:00:00,0.66678,0.66717,0.66651,0.66715,1167,0,0
2025-09-16 17:15:00,0.66715,0.6676,0.66709,0.66735,988,0,0
2025-09-16 17:30:00,0.66735,0.6674,0.66647,0.66682,1156,0,0
2025-09-16 17:45:00,0.66682,0.66785,0.66682,0.66771,1008,0,0
2025-09-16 18:00:00,0.66771,0.66772,0.66658,0.66661,911,0,0
2025-09-16 18:15:00,0.66661,0.66715,0.66654,0.66709,594,0,0
2025-09-16 18:30:00,0.66709,0.66711,0.66671,0.66691,573,0,0
2025-09-16 18:45:00,0.66691,0.66771,0.66688,0.66759,440,0,0
2025-09-16 19:00:00,0.66759,0.66795,0.66749,0.6679,498,0,0
2025-09-16 19:15:00,0.6679,0.66832,0.66789,0.66819,397,0,0
2025-09-16 19:30:00,0.66819,0.66854,0.66819,0.66848,559,0,0
2025-09-16 19:45:00,0.66849,0.66854,0.66829,0.66831,407,0,0
2025-09-16 20:00:00,0.66831,0.66857,0.66817,0.66857,452,0,0
2025-09-16 20:15:00,0.66856,0.66882,0.66845,0.66848,413,0,0
2025-09-16 20:30:00,0.66849,0.66871,0.66844,0.66852,399,0,0
2025-09-16 20:45:00,0.66852,0.66867,0.66843,0.66846,350,0,0
2025-09-16 21:00:00,0.66846,0.6687,0.66837,0.66862,338,0,0
2025-09-16 21:15:00,0.66862,0.66872,0.66846,0.6685,306,0,0
2025-09-16 21:30:00,0.6685,0.66857,0.66835,0.66838,306,0,0
2025-09-16 21:45:00,0.66838,0.66841,0.66826,0.66835,256,0,0
2025-09-16 22:00:00,0.66835,0.66846,0.66818,0.66845,320,0,0
2025-09-16 22:15:00,0.66845,0.66846,0.66814,0.66815,259,0,0
2025-09-16 22:30:00,0.66815,0.66816,0.66799,0.66806,263,0,0
2025-09-16 22:45:00,0.66806,0.66821,0.66799,0.66805,304,0,0
2025-09-16 23:00:00,0.66804,0.66839,0.66803,0.66835,202,0,0
2025-09-16 23:15:00,0.66835,0.66876,0.6683,0.66874,226,0,0
2025-09-16 23:30:00,0.66874,0.66874,0.66848,0.66858,234,0,0
2025-09-16 23:45:00,0.66858,0.66868,0.66837,0.66846,254,5,0
2025-09-17 00:00:00,0.66846,0.66846,0.66782,0.66805,31,16,0
2025-09-17 00:15:00,0.66805,0.66812,0.66726,0.66765,181,54,0
2025-09-17 00:30:00,0.66764,0.66818,0.66759,0.66805,166,41,0
2025-09-17 00:45:00,0.66805,0.66818,0.66803,0.66804,97,35,0
2025-09-17 01:00:00,0.66804,0.66842,0.66803,0.66829,304,0,0
2025-09-17 01:15:00,0.66829,0.66836,0.66826,0.66826,178,0,0
2025-09-17 01:30:00,0.66826,0.66842,0.66826,0.66841,108,0,0
2025-09-17 01:45:00,0.66841,0.66841,0.66816,0.66837,142,0,0
2025-09-17 02:00:00,0.66837,0.66856,0.66837,0.66855,118,0,0
2025-09-17 02:15:00,0.66855,0.66864,0.66851,0.66857,131,0,0
2025-09-17 02:30:00,0.66857,0.66867,0.6685,0.66854,160,0,0
2025-09-17 02:45:00,0.66854,0.66888,0.66853,0.66886,184,0,0
2025-09-17 03:00:00,0.66885,0.66897,0.66866,0.66887,458,0,0
2025-09-17 03:15:00,0.66887,0.66898,0.66875,0.66876,243,0,0
2025-09-17 03:30:00,0.66876,0.66877,0.66823,0.66823,402,0,0
2025-09-17 03:45:00,0.66823,0.6684,0.66811,0.66827,385,0,0
2025-09-17 04:00:00,0.66827,0.66847,0.6682,0.66826,428,0,0
2025-09-17 04:15:00,0.66826,0.66826,0.66785,0.66786,410,0,0
2025-09-17 04:30:00,0.66787,0.66793,0.66739,0.66759,505,0,0
2025-09-17 04:45:00,0.66759,0.6681,0.66752,0.66799,411,0,0
2025-09-17 05:00:00,0.66799,0.66804,0.66766,0.66781,328,0,0
2025-09-17 05:15:00,0.66781,0.6679,0.66757,0.6676,231,0,0
2025-09-17 05:30:00,0.6676,0.6676,0.66724,0.66745,249,0,0
2025-09-17 05:45:00,0.66745,0.66777,0.66741,0.66775,244,0,0
2025-09-17 06:00:00,0.66775,0.66793,0.66774,0.66786,292,0,0
2025-09-17 06:15:00,0.66786,0.66798,0.66778,0.66784,161,0,0
2025-09-17 06:30:00,0.66784,0.66789,0.66768,0.66775,187,0,0
2025-09-17 06:45:00,0.66775,0.66783,0.66758,0.66764,190,0,0
2025-09-17 07:00:00,0.66764,0.66765,0.66745,0.66756,215,0,0
2025-09-17 07:15:00,0.66756,0.66776,0.66752,0.66769,147,0,0
2025-09-17 07:30:00,0.66769,0.66774,0.66744,0.66748,156,0,0
2025-09-17 07:45:00,0.66748,0.66763,0.66744,0.66756,161,0,0
2025-09-17 08:00:00,0.66756,0.66777,0.66755,0.66757,230,0,0
2025-09-17 08:15:00,0.66757,0.66766,0.6675,0.66759,181,0,0
2025-09-17 08:30:00,0.66759,0.66763,0.66745,0.66758,206,0,0
2025-09-17 08:45:00,0.66758,0.66776,0.66751,0.66775,265,0,0
2025-09-17 09:00:00,0.66778,0.66778,0.66736,0.66738,416,0,0
2025-09-17 09:15:00,0.66738,0.66774,0.66736,0.66763,316,0,0
2025-09-17 09:30:00,0.66763,0.66768,0.66706,0.66707,344,0,0
2025-09-17 09:45:00,0.66707,0.66741,0.667,0.66734,397,0,0
2025-09-17 10:00:00,0.66734,0.66738,0.66693,0.66695,546,0,0
2025-09-17 10:15:00,0.66695,0.66714,0.66691,0.66712,428,0,0
2025-09-17 10:30:00,0.66712,0.66718,0.66691,0.66706,405,0,0
2025-09-17 10:45:00,0.66706,0.66717,0.66693,0.66701,326,0,0
2025-09-17 11:00:00,0.66701,0.66702,0.66665,0.66665,354,0,0
2025-09-17 11:15:00,0.66665,0.66702,0.66661,0.66701,237,0,0
2025-09-17 11:30:00,0.66701,0.66708,0.66684,0.66697,412,0,0
2025-09-17 11:45:00,0.66697,0.66733,0.66696,0.66712,362,0,0
2025-09-17 12:00:00,0.66712,0.66731,0.66706,0.66722,319,0,0
2025-09-17 12:15:00,0.66722,0.66729,0.66706,0.66706,226,0,0
2025-09-17 12:30:00,0.66706,0.66721,0.66682,0.66719,276,0,0
2025-09-17 12:45:00,0.66719,0.66747,0.66719,0.66726,315,0,0
2025-09-17 13:00:00,0.66726,0.66735,0.66671,0.66676,380,0,0
2025-09-17 13:15:00,0.66676,0.6671,0.66673,0.66703,273,0,0
2025-09-17 13:30:00,0.66703,0.6674,0.66701,0.66735,283,0,0
2025-09-17 13:45:00,0.66735,0.66747,0.66687,0.66696,345,0,0
2025-09-17 14:00:00,0.66696,0.66743,0.66695,0.66741,287,0,0
2025-09-17 14:15:00,0.66741,0.66757,0.66736,0.66747,313,0,0
2025-09-17 14:30:00,0.66747,0.66752,0.66718,0.66745,368,0,0
2025-09-17 14:45:00,0.66745,0.66786,0.66745,0.66756,436,0,0
2025-09-17 15:00:00,0.66757,0.66787,0.6675,0.66764,465,0,0
2025-09-17 15:15:00,0.66763,0.66773,0.66751,0.66763,332,0,0
2025-09-17 15:30:00,0.66766,0.66809,0.66764,0.66806,448,0,0
2025-09-17 15:45:00,0.66806,0.66814,0.66788,0.66802,379,0,0
2025-09-17 16:00:00,0.66802,0.66806,0.66778,0.66797,434,0,0
2025-09-17 16:15:00,0.66797,0.66798,0.6676,0.66762,408,0,0
2025-09-17 16:30:00,0.66761,0.66791,0.6675,0.66777,504,0,0
2025-09-17 16:45:00,0.66777,0.66814,0.66769,0.66802,689,0,0
2025-09-17 17:00:00,0.66802,0.66806,0.6676,0.66797,575,0,0
2025-09-17 17:15:00,0.66797,0.66829,0.6679,0.66803,464,0,0
2025-09-17 17:30:00,0.66802,0.66811,0.66752,0.66757,451,0,0
2025-09-17 17:45:00,0.66757,0.6676,0.66707,0.66708,589,0,0
2025-09-17 18:00:00,0.66708,0.6671,0.6666,0.66694,541,0,0
2025-09-17 18:15:00,0.66694,0.66696,0.66639,0.66653,361,0,0
2025-09-17 18:30:00,0.66653,0.66671,0.6665,0.66657,353,0,0
2025-09-17 18:45:00,0.66658,0.66681,0.66643,0.66667,413,0,0
2025-09-17 19:00:00,0.66666,0.66673,0.66652,0.66661,381,0,0
2025-09-17 19:15:00,0.66661,0.66685,0.66659,0.66677,354,0,0
2025-09-17 19:30:00,0.66677,0.66679,0.66645,0.66654,312,0,0
2025-09-17 19:45:00,0.66654,0.66655,0.66618,0.66637,423,0,0
2025-09-17 20:00:00,0.66637,0.66651,0.6663,0.66639,380,0,0
2025-09-17 20:15:00,0.66639,0.66652,0.66616,0.66649,375,0,0
2025-09-17 20:30:00,0.66649,0.66685,0.66649,0.66669,294,0,0
2025-09-17 20:45:00,0.66669,0.66692,0.66664,0.66671,377,0,0
2025-09-17 21:00:00,0.66666,0.67072,0.66666,0.66882,3207,0,0
2025-09-17 21:15:00,0.66879,0.66961,0.66807,0.66905,3113,0,0
2025-09-17 21:30:00,0.66908,0.66942,0.6658,0.66616,4045,0,0
2025-09-17 21:45:00,0.66616,0.66625,0.66412,0.66559,3292,0,0
2025-09-17 22:00:00,0.6656,0.6676,0.66535,0.66571,2808,0,0
2025-09-17 22:15:00,0.66571,0.66735,0.66567,0.66692,2615,0,0
2025-09-17 22:30:00,0.6669,0.66697,0.666,0.66638,1993,0,0
2025-09-17 22:45:00,0.66638,0.66638,0.66555,0.66591,1437,0,0
2025-09-17 23:00:00,0.66591,0.66605,0.66562,0.66581,526,0,0
2025-09-17 23:15:00,0.66581,0.66582,0.66509,0.66529,485,0,0
2025-09-17 23:30:00,0.66529,0.6655,0.66522,0.66534,278,0,0
2025-09-17 23:45:00,0.66534,0.66546,0.66508,0.66522,236,5,0
2025-09-18 00:00:00,0.66522,0.66522,0.66467,0.66515,60,18,0
2025-09-18 00:15:00,0.66515,0.66527,0.66493,0.66504,109,49,0
2025-09-18 00:30:00,0.66504,0.66516,0.66485,0.66505,241,32,0
2025-09-18 00:45:00,0.66505,0.6652,0.66487,0.66519,152,38,0
2025-09-18 01:00:00,0.66519,0.66542,0.66514,0.66536,332,0,0
2025-09-18 01:15:00,0.66536,0.66569,0.66531,0.66568,277,0,0
2025-09-18 01:30:00,0.66569,0.66587,0.66556,0.66587,158,0,0
2025-09-18 01:45:00,0.66582,0.66582,0.66515,0.66566,527,0,0
2025-09-18 02:00:00,0.66566,0.66577,0.66552,0.66553,355,0,0
2025-09-18 02:15:00,0.66553,0.66559,0.66543,0.66554,220,0,0
2025-09-18 02:30:00,0.66554,0.66559,0.66534,0.66544,273,0,0
2025-09-18 02:45:00,0.66544,0.66567,0.66513,0.6652,247,0,0
2025-09-18 03:00:00,0.6652,0.66522,0.6644,0.66456,711,0,0
2025-09-18 03:15:00,0.66455,0.66476,0.66445,0.66456,545,0,0
2025-09-18 03:30:00,0.66456,0.66496,0.66454,0.66483,415,0,0
2025-09-18 03:45:00,0.66483,0.66533,0.6647,0.66505,559,0,0
2025-09-18 04:00:00,0.66506,0.66538,0.66454,0.66466,679,0,0
2025-09-18 04:15:00,0.66466,0.66523,0.66414,0.66513,610,0,0
2025-09-18 04:30:00,0.66503,0.66504,0.66334,0.66383,1374,0,0
2025-09-18 04:45:00,0.66383,0.66404,0.66355,0.66401,672,0,0
2025-09-18 05:00:00,0.66401,0.66443,0.664,0.66434,427,0,0
2025-09-18 05:15:00,0.66434,0.66514,0.66427,0.66504,422,0,0
2025-09-18 05:30:00,0.66504,0.66509,0.66444,0.66451,406,0,0
2025-09-18 05:45:00,0.66451,0.665,0.6644,0.66489,344,0,0
2025-09-18 06:00:00,0.66489,0.66507,0.66484,0.66486,333,0,0
2025-09-18 06:15:00,0.6649,0.66494,0.66473,0.66475,280,0,0
2025-09-18 06:30:00,0.66476,0.66476,0.66449,0.66449,266,0,0
2025-09-18 06:45:00,0.66449,0.66451,0.66423,0.66426,235,0,0
2025-09-18 07:00:00,0.66426,0.66431,0.664,0.6641,269,0,0
2025-09-18 07:15:00,0.6641,0.66421,0.66362,0.66364,199,0,0
2025-09-18 07:30:00,0.66364,0.66368,0.66323,0.66336,316,0,0
2025-09-18 07:45:00,0.66336,0.66339,0.66288,0.66308,324,0,0
2025-09-18 08:00:00,0.66308,0.66312,0.66268,0.66268,386,0,0
2025-09-18 08:15:00,0.66267,0.66279,0.66239,0.66271,391,0,0
2025-09-18 08:30:00,0.66271,0.66296,0.66248,0.6625,314,0,0
2025-09-18 08:45:00,0.6625,0.6625,0.66215,0.6624,473,0,0
2025-09-18 09:00:00,0.66242,0.6625,0.66158,0.66164,595,0,0
2025-09-18 09:15:00,0.66164,0.66212,0.66164,0.66207,587,0,0
2025-09-18 09:30:00,0.66208,0.66236,0.66192,0.66228,615,0,0
2025-09-18 09:45:00,0.66228,0.66255,0.66197,0.66209,657,0,0
2025-09-18 10:00:00,0.66209,0.66289,0.66195,0.66282,795,0,0
2025-09-18 10:15:00,0.66282,0.66378,0.66282,0.66374,785,0,0
2025-09-18 10:30:00,0.66373,0.66439,0.66359,0.66431,725,0,0
2025-09-18 10:45:00,0.66431,0.66469,0.66415,0.66424,638,0,0
2025-09-18 11:00:00,0.66424,0.66424,0.66367,0.66394,733,0,0
2025-09-18 11:15:00,0.66394,0.66402,0.66357,0.66384,570,0,0
2025-09-18 11:30:00,0.66384,0.66396,0.66361,0.66389,559,0,0
2025-09-18 11:45:00,0.66389,0.66427,0.6638,0.66385,581,0,0
2025-09-18 12:00:00,0.66384,0.66438,0.66368,0.66438,586,0,0
2025-09-18 12:15:00,0.66438,0.66478,0.66423,0.66474,545,0,0
2025-09-18 12:30:00,0.66472,0.66523,0.6646,0.66511,725,0,0
2025-09-18 12:45:00,0.66511,0.66538,0.66486,0.66535,759,0,0
2025-09-18 13:00:00,0.66535,0.66565,0.66518,0.66557,676,0,0
2025-09-18 13:15:00,0.66558,0.66595,0.66549,0.6659,670,0,0
2025-09-18 13:30:00,0.6659,0.66602,0.66532,0.66548,592,0,0
2025-09-18 13:45:00,0.66548,0.66583,0.66537,0.66549,607,0,0
2025-09-18 14:00:00,0.6655,0.66582,0.66523,0.66539,915,0,0
2025-09-18 14:15:00,0.66538,0.66581,0.66524,0.66551,697,0,0
2025-09-18 14:30:00,0.66551,0.66577,0.66495,0.6651,715,0,0
2025-09-18 14:45:00,0.66511,0.66536,0.66483,0.66521,761,0,0
2025-09-18 15:00:00,0.66521,0.66525,0.6646,0.66467,861,0,0
2025-09-18 15:15:00,0.66468,0.66498,0.66465,0.6648,700,0,0
2025-09-18 15:30:00,0.66474,0.66474,0.66373,0.6639,1567,0,0
2025-09-18 15:45:00,0.6639,0.66405,0.6631,0.66313,1097,0,0
2025-09-18 16:00:00,0.66311,0.66321,0.66263,0.66305,1206,0,0
2025-09-18 16:15:00,0.66305,0.66324,0.66256,0.66268,974,0,0
2025-09-18 16:30:00,0.66268,0.66275,0.66079,0.66083,1847,0,0
2025-09-18 16:45:00,0.66083,0.66215,0.66069,0.6621,1978,0,0
2025-09-18 17:00:00,0.6621,0.6626,0.66183,0.66227,1862,0,0
2025-09-18 17:15:00,0.66228,0.66245,0.66185,0.66237,1409,0,0
2025-09-18 17:30:00,0.66237,0.66271,0.66188,0.66191,1263,0,0
2025-09-18 17:45:00,0.66191,0.66257,0.66118,0.66132,1569,0,0
2025-09-18 18:00:00,0.66133,0.6618,0.66092,0.66105,1295,0,0
2025-09-18 18:15:00,0.66103,0.66185,0.66103,0.66172,1066,0,0
2025-09-18 18:30:00,0.66172,0.66195,0.66112,0.66116,864,0,0
2025-09-18 18:45:00,0.66116,0.66136,0.66099,0.6613,863,0,0
2025-09-18 19:00:00,0.6613,0.66169,0.66125,0.66163,966,0,0
2025-09-18 19:15:00,0.66164,0.66182,0.66133,0.66151,763,0,0
2025-09-18 19:30:00,0.66151,0.6616,0.66132,0.66151,574,0,0
2025-09-18 19:45:00,0.66151,0.66191,0.66151,0.66184,472,0,0
2025-09-18 20:00:00,0.66184,0.66209,0.66178,0.66197,641,0,0
2025-09-18 20:15:00,0.66198,0.66225,0.66197,0.66211,549,0,0
2025-09-18 20:30:00,0.66215,0.66229,0.66194,0.66206,534,0,0
2025-09-18 20:45:00,0.66206,0.66214,0.66153,0.66168,612,0,0
2025-09-18 21:00:00,0.66168,0.66177,0.66149,0.66169,544,0,0
2025-09-18 21:15:00,0.66169,0.66181,0.66155,0.66157,421,0,0
2025-09-18 21:30:00,0.66157,0.66164,0.66128,0.6613,416,0,0
2025-09-18 21:45:00,0.66131,0.66182,0.6613,0.6616,457,0,0
2025-09-18 22:00:00,0.6616,0.66172,0.66148,0.66164,392,0,0
2025-09-18 22:15:00,0.66164,0.66174,0.66156,0.66156,392,0,0
2025-09-18 22:30:00,0.66156,0.66162,0.66119,0.66131,441,0,0
2025-09-18 22:45:00,0.6613,0.66144,0.66114,0.66119,456,0,0
2025-09-18 23:00:00,0.6612,0.66128,0.66099,0.66128,296,0,0
2025-09-18 23:15:00,0.66127,0.66134,0.66122,0.66126,192,0,0
2025-09-18 23:30:00,0.66126,0.66127,0.66104,0.66109,278,0,0
2025-09-18 23:45:00,0.66109,0.66121,0.661,0.6612,190,5,0
2025-09-19 00:00:00,0.66111,0.66121,0.66014,0.6611,32,14,0
2025-09-19 00:15:00,0.6611,0.66115,0.6609,0.6611,86,39,0
2025-09-19 00:30:00,0.6611,0.66115,0.66101,0.66111,157,34,0
2025-09-19 00:45:00,0.66111,0.66115,0.66101,0.66115,70,29,0
2025-09-19 01:00:00,0.66115,0.66139,0.66108,0.66137,368,0,0
2025-09-19 01:15:00,0.66137,0.66147,0.66133,0.66142,269,0,0
2025-09-19 01:30:00,0.66143,0.66148,0.66132,0.66138,152,0,0
2025-09-19 01:45:00,0.66138,0.66149,0.66135,0.66138,242,0,0
2025-09-19 02:00:00,0.66138,0.66148,0.66135,0.6614,359,0,0
2025-09-19 02:15:00,0.6614,0.66148,0.66131,0.66134,165,0,0
2025-09-19 02:30:00,0.66133,0.66158,0.66129,0.66157,204,0,0
2025-09-19 02:45:00,0.66157,0.6618,0.66154,0.66169,372,0,0
2025-09-19 03:00:00,0.6617,0.66199,0.66143,0.66143,619,0,0
2025-09-19 03:15:00,0.66143,0.66148,0.66066,0.66089,496,0,0
2025-09-19 03:30:00,0.66089,0.66103,0.66068,0.66086,434,0,0
2025-09-19 03:45:00,0.66086,0.66129,0.66074,0.66121,506,0,0
2025-09-19 04:00:00,0.66121,0.66127,0.66075,0.66089,509,0,0
2025-09-19 04:15:00,0.66089,0.66111,0.66072,0.66089,503,0,0
2025-09-19 04:30:00,0.66089,0.66118,0.66073,0.66086,646,0,0
2025-09-19 04:45:00,0.66086,0.66089,0.65996,0.66019,808,0,0
2025-09-19 05:00:00,0.66019,0.66037,0.65999,0.66017,579,0,0
2025-09-19 05:15:00,0.66017,0.6606,0.66015,0.66047,408,0,0
2025-09-19 05:30:00,0.66047,0.66096,0.6604,0.66087,524,0,0
2025-09-19 05:45:00,0.66087,0.66091,0.66068,0.66071,397,0,0
2025-09-19 06:00:00,0.66071,0.66115,0.6607,0.66113,447,0,0
2025-09-19 06:15:00,0.66113,0.66162,0.66112,0.66156,516,0,0
2025-09-19 06:30:00,0.66156,0.66166,0.66115,0.66118,510,0,0
2025-09-19 06:45:00,0.66118,0.66155,0.66086,0.66119,1287,0,0
2025-09-19 07:00:00,0.66122,0.66149,0.6611,0.66121,852,0,0
2025-09-19 07:15:00,0.66121,0.66127,0.66079,0.66085,678,0,0
2025-09-19 07:30:00,0.66085,0.66085,0.6601,0.66025,548,0,0
2025-09-19 07:45:00,0.66026,0.66054,0.66021,0.6604,577,0,0
2025-09-19 08:00:00,0.6604,0.66073,0.66039,0.66047,447,0,0
2025-09-19 08:15:00,0.66047,0.66056,0.66014,0.66014,504,0,0
2025-09-19 08:30:00,0.66013,0.66037,0.65968,0.65998,613,0,0
2025-09-19 08:45:00,0.65998,0.65998,0.65961,0.65984,518,0,0
2025-09-19 09:00:00,0.65983,0.65984,0.65922,0.65969,1007,0,0
2025-09-19 09:15:00,0.65968,0.6597,0.6593,0.6594,788,0,0
2025-09-19 09:30:00,0.6594,0.65971,0.65879,0.65962,1215,0,0
2025-09-19 09:45:00,0.65962,0.6598,0.65945,0.65959,1088,0,0
2025-09-19 10:00:00,0.65961,0.66016,0.65931,0.66011,1258,0,0
2025-09-19 10:15:00,0.66011,0.661,0.66002,0.66074,1040,0,0
2025-09-19 10:30:00,0.66074,0.66125,0.66071,0.66074,926,0,0
2025-09-19 10:45:00,0.66074,0.6608,0.66011,0.66019,895,0,0
2025-09-19 11:00:00,0.66018,0.66031,0.65957,0.65985,860,0,0
2025-09-19 11:15:00,0.65985,0.65997,0.6596,0.65996,669,0,0
2025-09-19 11:30:00,0.65995,0.6605,0.65991,0.66014,741,0,0
2025-09-19 11:45:00,0.66014,0.6608,0.66013,0.66071,671,0,0
2025-09-19 12:00:00,0.66073,0.66087,0.66054,0.66077,748,0,0
2025-09-19 12:15:00,0.66077,0.6611,0.66074,0.66085,584,0,0
2025-09-19 12:30:00,0.66085,0.66088,0.66059,0.6608,595,0,0
2025-09-19 12:45:00,0.6608,0.66091,0.66022,0.66036,723,0,0
2025-09-19 13:00:00,0.66036,0.66066,0.66031,0.66053,620,0,0
2025-09-19 13:15:00,0.66053,0.66085,0.66052,0.66059,504,0,0
2025-09-19 13:30:00,0.66059,0.66063,0.66036,0.66047,547,0,0
2025-09-19 13:45:00,0.66047,0.66066,0.66027,0.66037,508,0,0
2025-09-19 14:00:00,0.66037,0.66044,0.66004,0.66005,731,0,0
2025-09-19 14:15:00,0.66005,0.66037,0.66005,0.6602,421,0,0
2025-09-19 14:30:00,0.66021,0.66038,0.65985,0.65989,577,0,0
2025-09-19 14:45:00,0.65989,0.6599,0.65921,0.65927,867,0,0
2025-09-19 15:00:00,0.65926,0.6595,0.65911,0.65948,895,0,0
2025-09-19 15:15:00,0.65948,0.65952,0.65883,0.659,673,0,0
2025-09-19 15:30:00,0.65899,0.659,0.65873,0.65885,734,0,0
2025-09-19 15:45:00,0.65885,0.65894,0.65858,0.65881,788,0,0
2025-09-19 16:00:00,0.65881,0.65975,0.65878,0.65973,1012,0,0
2025-09-19 16:15:00,0.65974,0.66003,0.65928,0.65953,983,0,0
2025-09-19 16:30:00,0.65954,0.6596,0.65908,0.65911,1217,0,0
2025-09-19 16:45:00,0.65912,0.65973,0.65905,0.65938,1072,0,0
2025-09-19 17:00:00,0.65938,0.6598,0.65926,0.65935,1261,0,0
2025-09-19 17:15:00,0.65935,0.65963,0.65911,0.6592,983,0,0
2025-09-19 17:30:00,0.6592,0.65956,0.65915,0.65941,871,0,0
2025-09-19 17:45:00,0.65941,0.65988,0.65906,0.65985,1400,0,0
2025-09-19 18:00:00,0.65985,0.65993,0.65912,0.65954,1274,0,0
2025-09-19 18:15:00,0.65955,0.65965,0.65933,0.65934,893,0,0
2025-09-19 18:30:00,0.65933,0.65933,0.65899,0.6593,871,0,0
2025-09-19 18:45:00,0.6593,0.65967,0.65921,0.65948,601,0,0
2025-09-19 19:00:00,0.65948,0.65962,0.65938,0.65949,614,0,0
2025-09-19 19:15:00,0.65949,0.65951,0.65924,0.65936,566,0,0
2025-09-19 19:30:00,0.65936,0.6596,0.65923,0.65949,567,0,0
2025-09-19 19:45:00,0.65949,0.65958,0.65924,0.65958,579,0,0
2025-09-19 20:00:00,0.65958,0.65974,0.65941,0.65949,521,0,0
2025-09-19 20:15:00,0.65948,0.65964,0.65948,0.65958,414,0,0
2025-09-19 20:30:00,0.65958,0.65967,0.65949,0.65952,507,0,0
2025-09-19 20:45:00,0.65952,0.65965,0.65945,0.65949,491,0,0
2025-09-19 21:00:00,0.65949,0.65951,0.65933,0.65941,477,0,0
2025-09-19 21:15:00,0.65941,0.65942,0.65929,0.65936,431,0,0
2025-09-19 21:30:00,0.65936,0.65947,0.65928,0.65942,363,0,0
2025-09-19 21:45:00,0.65942,0.65952,0.65937,0.65952,448,0,0
2025-09-19 22:00:00,0.65951,0.65979,0.65946,0.65968,457,0,0
2025-09-19 22:15:00,0.65968,0.65978,0.65964,0.65965,348,0,0
2025-09-19 22:30:00,0.65965,0.65971,0.65952,0.65963,472,0,0
2025-09-19 22:45:00,0.65964,0.65977,0.65951,0.65951,472,0,0
2025-09-19 23:00:00,0.65951,0.65951,0.65925,0.65928,281,0,0
2025-09-19 23:15:00,0.65928,0.65939,0.65919,0.6592,275,0,0
2025-09-19 23:30:00,0.65921,0.65923,0.65898,0.6591,212,0,0
2025-09-19 23:45:00,0.6591,0.65916,0.65884,0.65889,267,5,0
2025-09-22 00:00:00,0.65832,0.65889,0.65822,0.65889,40,179,0
2025-09-22 00:15:00,0.65889,0.65893,0.65882,0.65893,44,138,0
2025-09-22 00:30:00,0.65894,0.65895,0.65848,0.65885,166,62,0
2025-09-22 00:45:00,0.65885,0.65888,0.65869,0.6587,160,59,0
2025-09-22 01:00:00,0.6587,0.6594,0.6587,0.65926,389,0,0
2025-09-22 01:15:00,0.65926,0.65939,0.65918,0.6593,591,0,0
2025-09-22 01:30:00,0.6593,0.65942,0.65923,0.6594,434,0,0
2025-09-22 01:45:00,0.6594,0.65942,0.65935,0.65938,227,0,0
2025-09-22 02:00:00,0.65939,0.65942,0.65924,0.65928,341,0,0
2025-09-22 02:15:00,0.65928,0.65944,0.65927,0.65932,313,0,0
2025-09-22 02:30:00,0.65932,0.65939,0.65925,0.65926,238,0,0
2025-09-22 02:45:00,0.65926,0.65928,0.65884,0.65885,450,0,0
2025-09-22 03:00:00,0.65885,0.65971,0.65877,0.6596,672,0,0
2025-09-22 03:15:00,0.6596,0.65961,0.6592,0.65928,422,0,0
2025-09-22 03:30:00,0.65928,0.65928,0.65889,0.65894,393,0,0
2025-09-22 03:45:00,0.65893,0.65894,0.65819,0.6585,687,0,0
2025-09-22 04:00:00,0.65848,0.65901,0.65831,0.65886,852,0,0
2025-09-22 04:15:00,0.65887,0.65903,0.65828,0.65829,634,0,0
2025-09-22 04:30:00,0.65829,0.65905,0.65807,0.65868,963,0,0
2025-09-22 04:45:00,0.65868,0.65896,0.65864,0.65874,680,0,0
2025-09-22 05:00:00,0.65873,0.65882,0.65841,0.65862,641,0,0
2025-09-22 05:15:00,0.65862,0.65891,0.65861,0.65883,494,0,0
2025-09-22 05:30:00,0.6588,0.65924,0.65878,0.65907,522,0,0
2025-09-22 05:45:00,0.65908,0.65915,0.65889,0.65906,476,0,0
2025-09-22 06:00:00,0.65906,0.65942,0.65903,0.6594,393,0,0
2025-09-22 06:15:00,0.6594,0.65942,0.65928,0.6593,235,0,0
2025-09-22 06:30:00,0.6593,0.65963,0.65921,0.65958,343,0,0
2025-09-22 06:45:00,0.65958,0.65966,0.65939,0.6594,297,0,0
2025-09-22 07:00:00,0.6594,0.65943,0.65912,0.65933,330,0,0
2025-09-22 07:15:00,0.65933,0.6595,0.65919,0.6592,261,0,0
2025-09-22 07:30:00,0.65921,0.65935,0.65909,0.6593,258,0,0
2025-09-22 07:45:00,0.6593,0.65953,0.65917,0.65948,322,0,0
2025-09-22 08:00:00,0.65948,0.6595,0.65931,0.65939,296,0,0
2025-09-22 08:15:00,0.65939,0.65955,0.65929,0.6595,299,0,0
2025-09-22 08:30:00,0.6595,0.65967,0.65939,0.65947,416,0,0
2025-09-22 08:45:00,0.65947,0.65951,0.65915,0.65929,411,0,0
2025-09-22 09:00:00,0.65927,0.65935,0.65874,0.65886,545,0,0
2025-09-22 09:15:00,0.65886,0.65906,0.65869,0.65902,496,0,0
2025-09-22 09:30:00,0.65902,0.6593,0.65888,0.65902,709,0,0
2025-09-22 09:45:00,0.65902,0.65915,0.65867,0.6588,702,0,0
2025-09-22 10:00:00,0.65879,0.65889,0.65791,0.65798,850,0,0
2025-09-22 10:15:00,0.65798,0.65846,0.65748,0.65845,1037,0,0
2025-09-22 10:30:00,0.65845,0.65856,0.65807,0.65811,945,0,0
2025-09-22 10:45:00,0.65811,0.65838,0.65797,0.65799,768,0,0
2025-09-22 11:00:00,0.65798,0.6592,0.6579,0.65906,983,0,0
2025-09-22 11:15:00,0.65905,0.65935,0.65882,0.65882,824,0,0
2025-09-22 11:30:00,0.65887,0.65931,0.6588,0.65922,775,0,0
2025-09-22 11:45:00,0.65922,0.65951,0.65919,0.65944,604,0,0
2025-09-22 12:00:00,0.65944,0.6597,0.6593,0.6595,644,0,0
2025-09-22 12:15:00,0.6595,0.65967,0.65924,0.65932,598,0,0
2025-09-22 12:30:00,0.65932,0.65969,0.6593,0.65949,506,0,0
2025-09-22 12:45:00,0.65951,0.65972,0.65939,0.65966,509,0,0
2025-09-22 13:00:00,0.65965,0.65981,0.65949,0.65975,498,0,0
2025-09-22 13:15:00,0.65975,0.65996,0.65966,0.65974,505,0,0
2025-09-22 13:30:00,0.65974,0.65978,0.65944,0.65951,399,0,0
2025-09-22 13:45:00,0.65951,0.65981,0.65944,0.65955,447,0,0
2025-09-22 14:00:00,0.65954,0.65958,0.65938,0.65941,476,0,0
2025-09-22 14:15:00,0.65941,0.65958,0.65922,0.65951,461,0,0
2025-09-22 14:30:00,0.65952,0.65963,0.65937,0.65938,459,0,0
2025-09-22 14:45:00,0.65939,0.65967,0.65933,0.65965,533,0,0
2025-09-22 15:00:00,0.65965,0.65977,0.65938,0.65947,744,0,0
2025-09-22 15:15:00,0.65948,0.65953,0.65924,0.65929,558,0,0
2025-09-22 15:30:00,0.65929,0.65965,0.65925,0.65959,631,0,0
2025-09-22 15:45:00,0.65959,0.65998,0.65958,0.65979,744,0,0
2025-09-22 16:00:00,0.65981,0.65996,0.65936,0.65943,1175,0,0
2025-09-22 16:15:00,0.65944,0.65971,0.65934,0.65954,651,0,0
2025-09-22 16:30:00,0.65954,0.65967,0.65858,0.6586,1071,0,0
2025-09-22 16:45:00,0.6586,0.65884,0.65815,0.65882,771,0,0
2025-09-22 17:00:00,0.65881,0.65881,0.65802,0.65805,837,0,0
2025-09-22 17:15:00,0.65805,0.65822,0.65777,0.65822,828,0,0
2025-09-22 17:30:00,0.65822,0.65862,0.658,0.65857,825,0,0
2025-09-22 17:45:00,0.65857,0.65902,0.6584,0.65895,1019,0,0
2025-09-22 18:00:00,0.65895,0.65906,0.65858,0.65859,770,0,0
2025-09-22 18:15:00,0.65859,0.65891,0.65845,0.65889,534,0,0
2025-09-22 18:30:00,0.65889,0.65909,0.65885,0.65895,550,0,0
2025-09-22 18:45:00,0.65894,0.65902,0.65874,0.65896,496,0,0
2025-09-22 19:00:00,0.65896,0.65951,0.65883,0.65934,631,0,0
2025-09-22 19:15:00,0.65935,0.65962,0.65935,0.65943,655,0,0
2025-09-22 19:30:00,0.65943,0.65946,0.65923,0.65935,570,0,0
2025-09-22 19:45:00,0.65935,0.65937,0.65904,0.65931,502,0,0
2025-09-22 20:00:00,0.65931,0.65951,0.6593,0.6594,503,0,0
2025-09-22 20:15:00,0.6594,0.65959,0.65935,0.65959,372,0,0
2025-09-22 20:30:00,0.65954,0.65976,0.65953,0.6597,411,0,0
2025-09-22 20:45:00,0.6597,0.65985,0.65954,0.65979,372,0,0
2025-09-22 21:00:00,0.65979,0.65992,0.65968,0.6598,392,0,0
2025-09-22 21:15:00,0.65981,0.65993,0.65976,0.65986,274,0,0
2025-09-22 21:30:00,0.65986,0.65994,0.6597,0.65977,318,0,0
2025-09-22 21:45:00,0.65977,0.66001,0.65974,0.65996,367,0,0
2025-09-22 22:00:00,0.65996,0.66006,0.65983,0.65985,282,0,0
2025-09-22 22:15:00,0.65985,0.66011,0.65985,0.66,303,0,0
2025-09-22 22:30:00,0.66,0.66008,0.65985,0.66006,281,0,0
2025-09-22 22:45:00,0.66006,0.66027,0.65997,0.65999,340,0,0
2025-09-22 23:00:00,0.65999,0.66009,0.65972,0.6598,247,0,0
2025-09-22 23:15:00,0.6598,0.65981,0.65972,0.65981,199,0,0
2025-09-22 23:30:00,0.65982,0.66004,0.65977,0.66001,210,0,0
2025-09-22 23:45:00,0.66001,0.66001,0.65983,0.65989,222,5,0
2025-09-23 00:00:00,0.6598,0.6598,0.65873,0.65948,22,34,0
2025-09-23 00:15:00,0.65948,0.65953,0.65943,0.65947,95,31,0
2025-09-23 00:30:00,0.65944,0.65955,0.65944,0.65953,76,27,0
2025-09-23 00:45:00,0.65953,0.65956,0.65949,0.6595,32,29,0
2025-09-23 01:00:00,0.6595,0.66003,0.6595,0.65987,280,0,0
2025-09-23 01:15:00,0.65987,0.65992,0.65983,0.65987,406,0,0
2025-09-23 01:30:00,0.65987,0.65995,0.65982,0.6599,175,0,0
2025-09-23 01:45:00,0.6599,0.65993,0.65982,0.65992,189,0,0
2025-09-23 02:00:00,0.65993,0.65995,0.65982,0.65985,173,0,0
2025-09-23 02:15:00,0.65985,0.66001,0.65982,0.65997,147,0,0
2025-09-23 02:30:00,0.65997,0.66006,0.65989,0.65999,210,0,0
2025-09-23 02:45:00,0.65999,0.66011,0.65994,0.6601,300,0,0
2025-09-23 03:00:00,0.66011,0.66016,0.6597,0.65975,541,0,0
2025-09-23 03:15:00,0.65975,0.65989,0.65965,0.65983,337,0,0
2025-09-23 03:30:00,0.65983,0.65987,0.65928,0.65932,348,0,0
2025-09-23 03:45:00,0.65932,0.65968,0.6593,0.65967,349,0,0
2025-09-23 04:00:00,0.65967,0.65973,0.65918,0.65931,502,0,0
2025-09-23 04:15:00,0.65931,0.65943,0.65915,0.65921,312,0,0
2025-09-23 04:30:00,0.6592,0.65954,0.65895,0.65944,589,0,0
2025-09-23 04:45:00,0.65944,0.65955,0.65925,0.6594,532,0,0
2025-09-23 05:00:00,0.6594,0.65953,0.65867,0.65877,520,0,0
2025-09-23 05:15:00,0.65877,0.65892,0.65839,0.65839,474,0,0
2025-09-23 05:30:00,0.6584,0.65864,0.65813,0.65853,490,0,0
2025-09-23 05:45:00,0.65853,0.6586,0.65834,0.65851,480,0,0
2025-09-23 06:00:00,0.65851,0.65858,0.65827,0.65839,475,0,0
2025-09-23 06:15:00,0.65839,0.65885,0.65831,0.65885,421,0,0
2025-09-23 06:30:00,0.65885,0.6589,0.65854,0.65886,319,0,0
2025-09-23 06:45:00,0.65886,0.65895,0.65873,0.65875,322,0,0
2025-09-23 07:00:00,0.65875,0.65896,0.65871,0.6588,323,0,0
2025-09-23 07:15:00,0.6588,0.65883,0.65847,0.65851,341,0,0
2025-09-23 07:30:00,0.65851,0.65859,0.65836,0.65846,330,0,0
2025-09-23 07:45:00,0.65845,0.65852,0.6583,0.65831,283,0,0
2025-09-23 08:00:00,0.65828,0.65858,0.65811,0.65843,433,0,0
2025-09-23 08:15:00,0.65844,0.65901,0.65841,0.6589,380,0,0
2025-09-23 08:30:00,0.6589,0.65914,0.65883,0.65902,377,0,0
2025-09-23 08:45:00,0.65902,0.65909,0.65867,0.65877,516,0,0
2025-09-23 09:00:00,0.65877,0.65879,0.6583,0.65856,777,0,0
2025-09-23 09:15:00,0.65856,0.65904,0.65846,0.65901,599,0,0
2025-09-23 09:30:00,0.65901,0.65905,0.65878,0.65903,593,0,0
2025-09-23 09:45:00,0.65902,0.65968,0.65902,0.65924,632,0,0
2025-09-23 10:00:00,0.65924,0.65931,0.65842,0.65874,862,0,0
2025-09-23 10:15:00,0.65868,0.6588,0.65845,0.65853,756,0,0
2025-09-23 10:30:00,0.65862,0.65926,0.65849,0.65875,1146,0,0
2025-09-23 10:45:00,0.65875,0.659,0.65867,0.65879,1007,0,0
2025-09-23 11:00:00,0.65879,0.65923,0.6587,0.65903,730,0,0
2025-09-23 11:15:00,0.65903,0.65957,0.65896,0.65945,688,0,0
2025-09-23 11:30:00,0.6594,0.66004,0.65931,0.66,989,0,0
2025-09-23 11:45:00,0.65999,0.6601,0.6598,0.6599,774,0,0
2025-09-23 12:00:00,0.65992,0.66049,0.65984,0.66039,806,0,0
2025-09-23 12:15:00,0.66038,0.66079,0.66026,0.66066,700,0,0
2025-09-23 12:30:00,0.66066,0.66083,0.66054,0.6606,658,0,0
2025-09-23 12:45:00,0.66059,0.66064,0.66042,0.6605,558,0,0
2025-09-23 13:00:00,0.66049,0.66109,0.66049,0.66109,685,0,0
2025-09-23 13:15:00,0.66109,0.66116,0.66064,0.66067,630,0,0
2025-09-23 13:30:00,0.66067,0.6607,0.66034,0.66048,593,0,0
2025-09-23 13:45:00,0.66048,0.66079,0.66043,0.66077,482,0,0
2025-09-23 14:00:00,0.66077,0.66108,0.6606,0.66061,575,0,0
2025-09-23 14:15:00,0.66061,0.66093,0.66045,0.66085,448,0,0
2025-09-23 14:30:00,0.66084,0.66088,0.66064,0.66074,407,0,0
2025-09-23 14:45:00,0.66074,0.66081,0.66044,0.66054,479,0,0
2025-09-23 15:00:00,0.66054,0.66071,0.66038,0.66055,605,0,0
2025-09-23 15:15:00,0.66056,0.66096,0.66055,0.66059,551,0,0
2025-09-23 15:30:00,0.66059,0.66065,0.66039,0.66054,578,0,0
2025-09-23 15:45:00,0.66054,0.66089,0.6604,0.66081,539,0,0
2025-09-23 16:00:00,0.66081,0.66155,0.6608,0.66117,940,0,0
2025-09-23 16:15:00,0.66119,0.66124,0.66084,0.66086,661,0,0
2025-09-23 16:30:00,0.66088,0.66094,0.6601,0.66019,835,0,0
2025-09-23 16:45:00,0.66028,0.66059,0.65985,0.66051,1329,0,0
2025-09-23 17:00:00,0.66051,0.66079,0.6599,0.66062,1179,0,0
2025-09-23 17:15:00,0.66062,0.66081,0.66005,0.6602,960,0,0
2025-09-23 17:30:00,0.6602,0.66084,0.66004,0.66077,859,0,0
2025-09-23 17:45:00,0.66075,0.66078,0.66033,0.66053,1000,0,0
2025-09-23 18:00:00,0.66053,0.66057,0.66012,0.66018,802,0,0
2025-09-23 18:15:00,0.66019,0.66025,0.65995,0.65998,525,0,0
2025-09-23 18:30:00,0.65998,0.66003,0.65971,0.65978,671,0,0
2025-09-23 18:45:00,0.65978,0.65999,0.65967,0.65993,674,0,0
2025-09-23 19:00:00,0.65993,0.66001,0.65972,0.65991,545,0,0
2025-09-23 19:15:00,0.65991,0.66029,0.6599,0.66021,496,0,0
2025-09-23 19:30:00,0.66019,0.66046,0.65937,0.66028,1127,0,0
2025-09-23 19:45:00,0.66028,0.66075,0.66017,0.66023,1104,0,0
2025-09-23 20:00:00,0.66023,0.66061,0.66021,0.6605,954,0,0
2025-09-23 20:15:00,0.6605,0.66054,0.66003,0.66013,655,0,0
2025-09-23 20:30:00,0.66013,0.66022,0.65973,0.6598,890,0,0
2025-09-23 20:45:00,0.6598,0.65996,0.65952,0.65961,832,0,0
2025-09-23 21:00:00,0.65962,0.65981,0.6595,0.65955,669,0,0
2025-09-23 21:15:00,0.65955,0.65962,0.65935,0.65957,578,0,0
2025-09-23 21:30:00,0.65953,0.65987,0.65949,0.65983,499,0,0
2025-09-23 21:45:00,0.65983,0.65993,0.65934,0.65944,717,0,0
2025-09-23 22:00:00,0.65944,0.6596,0.65942,0.65956,590,0,0
2025-09-23 22:15:00,0.65956,0.65961,0.65936,0.65957,492,0,0
2025-09-23 22:30:00,0.65957,0.65989,0.65952,0.65988,492,0,0
2025-09-23 22:45:00,0.65988,0.66004,0.65984,0.65993,492,0,0
2025-09-23 23:00:00,0.65993,0.66002,0.6599,0.65998,193,0,0
2025-09-23 23:15:00,0.65998,0.65998,0.65976,0.65977,103,0,0
2025-09-23 23:30:00,0.65976,0.65977,0.65947,0.65962,156,0,0
2025-09-23 23:45:00,0.65962,0.65987,0.65962,0.65985,188,5,0
2025-09-24 00:00:00,0.65978,0.6598,0.65904,0.65944,37,12,0
2025-09-24 00:15:00,0.65944,0.65957,0.65944,0.6595,76,40,0
2025-09-24 00:30:00,0.6595,0.6596,0.6595,0.65959,116,31,0
2025-09-24 00:45:00,0.65959,0.65963,0.65954,0.6596,114,32,0
2025-09-24 01:00:00,0.6596,0.66023,0.65957,0.66004,429,0,0
2025-09-24 01:15:00,0.66004,0.66008,0.65981,0.65989,349,0,0
2025-09-24 01:30:00,0.65989,0.66007,0.65982,0.65999,323,0,0
2025-09-24 01:45:00,0.65999,0.66005,0.65998,0.66,127,0,0
2025-09-24 02:00:00,0.66,0.66004,0.65987,0.65989,207,0,0
2025-09-24 02:15:00,0.65989,0.66,0.65974,0.65978,190,0,0
2025-09-24 02:30:00,0.65978,0.66005,0.65968,0.65996,232,0,0
2025-09-24 02:45:00,0.65995,0.66002,0.65973,0.65989,420,0,0
2025-09-24 03:00:00,0.65989,0.65998,0.65932,0.65934,634,0,0
2025-09-24 03:15:00,0.65934,0.65974,0.65934,0.65956,477,0,0
2025-09-24 03:30:00,0.65956,0.65963,0.65947,0.65956,384,0,0
2025-09-24 03:45:00,0.65956,0.65964,0.65917,0.65947,543,0,0
2025-09-24 04:00:00,0.65946,0.65955,0.65905,0.65925,532,0,0
2025-09-24 04:15:00,0.65925,0.65939,0.65888,0.65934,637,0,0
2025-09-24 04:30:00,0.65934,0.66125,0.65934,0.66113,1520,0,0
2025-09-24 04:45:00,0.66113,0.66127,0.66067,0.66114,1121,0,0
2025-09-24 05:00:00,0.66114,0.66174,0.66106,0.66163,845,0,0
2025-09-24 05:15:00,0.66164,0.66211,0.66148,0.66176,841,0,0
2025-09-24 05:30:00,0.66176,0.66217,0.66168,0.66216,708,0,0
2025-09-24 05:45:00,0.66216,0.66232,0.662,0.6622,719,0,0
2025-09-24 06:00:00,0.6622,0.6623,0.66196,0.66208,566,0,0
2025-09-24 06:15:00,0.66208,0.66211,0.66163,0.66168,486,0,0
2025-09-24 06:30:00,0.66168,0.66189,0.66154,0.66166,414,0,0
2025-09-24 06:45:00,0.66166,0.66171,0.66145,0.66155,377,0,0
2025-09-24 07:00:00,0.66155,0.66186,0.66142,0.66181,461,0,0
2025-09-24 07:15:00,0.66181,0.66203,0.66175,0.66195,405,0,0
2025-09-24 07:30:00,0.66194,0.66209,0.66183,0.66204,454,0,0
2025-09-24 07:45:00,0.66204,0.6621,0.66197,0.66198,340,0,0
2025-09-24 08:00:00,0.66198,0.66205,0.66172,0.66186,410,0,0
2025-09-24 08:15:00,0.66186,0.66224,0.66184,0.662,338,0,0
2025-09-24 08:30:00,0.662,0.66205,0.66177,0.66198,474,0,0
2025-09-24 08:45:00,0.66198,0.66221,0.66182,0.66221,542,0,0
2025-09-24 09:00:00,0.66223,0.66279,0.66223,0.66237,805,0,0
2025-09-24 09:15:00,0.66237,0.66266,0.66208,0.66224,642,0,0
2025-09-24 09:30:00,0.66224,0.66246,0.66178,0.6618,712,0,0
2025-09-24 09:45:00,0.6618,0.66198,0.66156,0.66159,499,0,0
2025-09-24 10:00:00,0.66158,0.6623,0.66144,0.66186,827,0,0
2025-09-24 10:15:00,0.66186,0.662,0.66174,0.66191,592,0,0
2025-09-24 10:30:00,0.66191,0.66224,0.6616,0.66215,713,0,0
2025-09-24 10:45:00,0.66216,0.66227,0.66185,0.66203,591,0,0
2025-09-24 11:00:00,0.66201,0.66217,0.66152,0.66157,773,0,0
2025-09-24 11:15:00,0.66157,0.66158,0.66089,0.6609,676,0,0
2025-09-24 11:30:00,0.6609,0.66122,0.6608,0.6609,575,0,0
2025-09-24 11:45:00,0.6609,0.66142,0.66076,0.66129,554,0,0
2025-09-24 12:00:00,0.66129,0.66158,0.6612,0.66138,511,0,0
2025-09-24 12:15:00,0.66138,0.6615,0.66121,0.66126,418,0,0
2025-09-24 12:30:00,0.66126,0.66131,0.66092,0.66106,473,0,0
2025-09-24 12:45:00,0.66106,0.66154,0.66085,0.66117,503,0,0
2025-09-24 13:00:00,0.66117,0.66121,0.66064,0.66071,418,0,0
2025-09-24 13:15:00,0.66072,0.66084,0.66059,0.66084,478,0,0
2025-09-24 13:30:00,0.66084,0.66103,0.66047,0.66051,393,0,0
2025-09-24 13:45:00,0.66051,0.66063,0.66043,0.66057,445,0,0
2025-09-24 14:00:00,0.66058,0.66062,0.66026,0.66052,466,0,0
2025-09-24 14:15:00,0.66052,0.66071,0.66029,0.66033,439,0,0
2025-09-24 14:30:00,0.66033,0.6606,0.6602,0.66033,470,0,0
2025-09-24 14:45:00,0.66033,0.66037,0.6601,0.66021,520,0,0
2025-09-24 15:00:00,0.66021,0.66078,0.66016,0.66075,853,0,0
2025-09-24 15:15:00,0.66077,0.66122,0.66064,0.66098,959,0,0
2025-09-24 15:30:00,0.66098,0.661,0.66013,0.66014,912,0,0
2025-09-24 15:45:00,0.66014,0.66016,0.6591,0.6594,1069,0,0
2025-09-24 16:00:00,0.65939,0.6596,0.65919,0.65929,912,0,0
2025-09-24 16:15:00,0.65929,0.65943,0.65883,0.65904,1105,0,0
2025-09-24 16:30:00,0.65904,0.65904,0.65865,0.6589,1387,0,0
2025-09-24 16:45:00,0.6589,0.65947,0.65879,0.65925,1326,0,0
2025-09-24 17:00:00,0.65928,0.65929,0.65841,0.65856,1483,0,0
2025-09-24 17:15:00,0.65854,0.65907,0.65834,0.65903,1296,0,0
2025-09-24 17:30:00,0.65902,0.65949,0.65887,0.65915,1314,0,0
2025-09-24 17:45:00,0.65914,0.65968,0.65907,0.65912,1451,0,0
2025-09-24 18:00:00,0.65914,0.65922,0.65886,0.65894,1271,0,0
2025-09-24 18:15:00,0.65894,0.65925,0.65861,0.659,900,0,0
2025-09-24 18:30:00,0.65901,0.65915,0.65864,0.65877,802,0,0
2025-09-24 18:45:00,0.65877,0.65885,0.65847,0.6586,783,0,0
2025-09-24 19:00:00,0.65859,0.65861,0.65811,0.65821,671,0,0
2025-09-24 19:15:00,0.65819,0.65824,0.65802,0.65813,597,0,0
2025-09-24 19:30:00,0.65813,0.65819,0.65761,0.65812,594,0,0
2025-09-24 19:45:00,0.65812,0.65819,0.65747,0.65764,635,0,0
2025-09-24 20:00:00,0.65766,0.65849,0.65761,0.65839,567,0,0
2025-09-24 20:15:00,0.65839,0.65845,0.65815,0.6583,468,0,0
2025-09-24 20:30:00,0.6583,0.65841,0.65802,0.65803,381,0,0
2025-09-24 20:45:00,0.65803,0.65824,0.65796,0.65815,444,0,0
2025-09-24 21:00:00,0.65815,0.65819,0.65779,0.65806,420,0,0
2025-09-24 21:15:00,0.65805,0.65819,0.65798,0.658,366,0,0
2025-09-24 21:30:00,0.658,0.65808,0.65782,0.65799,513,0,0
2025-09-24 21:45:00,0.65799,0.65806,0.6577,0.658,427,0,0
2025-09-24 22:00:00,0.658,0.65813,0.65793,0.65805,356,0,0
2025-09-24 22:15:00,0.65805,0.6581,0.65791,0.65795,374,0,0
2025-09-24 22:30:00,0.65795,0.65823,0.65795,0.65817,343,0,0
2025-09-24 22:45:00,0.65817,0.65835,0.65809,0.65827,371,0,0
2025-09-24 23:00:00,0.65828,0.6584,0.65823,0.65831,234,0,0
2025-09-24 23:15:00,0.65831,0.65838,0.65819,0.65829,147,0,0
2025-09-24 23:30:00,0.65829,0.65829,0.6581,0.65816,194,0,0
2025-09-24 23:45:00,0.65816,0.6583,0.65813,0.65824,252,5,0
2025-09-25 00:00:00,0.6582,0.6582,0.65741,0.6581,28,16,0
2025-09-25 00:15:00,0.6581,0.65813,0.65779,0.65797,293,33,0
2025-09-25 00:30:00,0.65798,0.65809,0.65794,0.65806,415,35,0
2025-09-25 00:45:00,0.65806,0.65807,0.65779,0.65786,105,27,0
2025-09-25 01:00:00,0.65786,0.65845,0.65786,0.65839,338,0,0
2025-09-25 01:15:00,0.65839,0.6585,0.65838,0.65844,202,0,0
2025-09-25 01:30:00,0.65844,0.6585,0.65837,0.6584,265,0,0
2025-09-25 01:45:00,0.65841,0.6586,0.6584,0.65859,194,0,0
2025-09-25 02:00:00,0.65859,0.65859,0.65846,0.65854,220,0,0
2025-09-25 02:15:00,0.65854,0.6586,0.65844,0.65846,249,0,0
2025-09-25 02:30:00,0.65846,0.65857,0.65842,0.65856,187,0,0
2025-09-25 02:45:00,0.65856,0.65866,0.65837,0.65861,297,0,0
2025-09-25 03:00:00,0.65861,0.65895,0.65857,0.6586,665,0,0
2025-09-25 03:15:00,0.6586,0.65881,0.65843,0.65878,470,0,0
2025-09-25 03:30:00,0.65878,0.65915,0.65878,0.65905,344,0,0
2025-09-25 03:45:00,0.65905,0.6594,0.65882,0.65932,590,0,0
2025-09-25 04:00:00,0.65932,0.65945,0.65913,0.65921,573,0,0
2025-09-25 04:15:00,0.65921,0.65921,0.65875,0.65876,616,0,0
2025-09-25 04:30:00,0.65876,0.65917,0.65854,0.6586,546,0,0
2025-09-25 04:45:00,0.6586,0.65885,0.65844,0.65874,559,0,0
2025-09-25 05:00:00,0.65874,0.65926,0.65874,0.65919,516,0,0
2025-09-25 05:15:00,0.6592,0.65933,0.65897,0.65929,405,0,0
2025-09-25 05:30:00,0.65929,0.65961,0.65922,0.65948,481,0,0
2025-09-25 05:45:00,0.65948,0.65984,0.65913,0.65983,453,0,0
2025-09-25 06:00:00,0.65983,0.65992,0.65965,0.65981,439,0,0
2025-09-25 06:15:00,0.65981,0.65998,0.65975,0.65983,318,0,0
2025-09-25 06:30:00,0.65983,0.65995,0.65971,0.65981,323,0,0
2025-09-25 06:45:00,0.65981,0.66001,0.6597,0.65992,274,0,0
2025-09-25 07:00:00,0.65992,0.66007,0.65969,0.65974,321,0,0
2025-09-25 07:15:00,0.65974,0.66002,0.65968,0.65994,295,0,0
2025-09-25 07:30:00,0.65994,0.65995,0.65968,0.65985,289,0,0
2025-09-25 07:45:00,0.65985,0.65986,0.65971,0.65976,303,0,0
2025-09-25 08:00:00,0.65975,0.65984,0.65939,0.6594,378,0,0
2025-09-25 08:15:00,0.6594,0.65942,0.65918,0.65922,338,0,0
2025-09-25 08:30:00,0.65922,0.65961,0.65904,0.65939,437,0,0
2025-09-25 08:45:00,0.65939,0.6596,0.6593,0.65947,412,0,0
2025-09-25 09:00:00,0.65949,0.65952,0.65913,0.65926,532,0,0
2025-09-25 09:15:00,0.65927,0.65986,0.65923,0.65966,615,0,0
2025-09-25 09:30:00,0.65966,0.66006,0.65953,0.65964,669,0,0
2025-09-25 09:45:00,0.65964,0.65974,0.65945,0.65947,669,0,0
2025-09-25 10:00:00,0.65947,0.65947,0.65895,0.65895,741,0,0
2025-09-25 10:15:00,0.65895,0.65927,0.65894,0.65899,627,0,0
2025-09-25 10:30:00,0.65899,0.65934,0.65885,0.65917,762,0,0
2025-09-25 10:45:00,0.65916,0.6592,0.65853,0.65856,862,0,0
2025-09-25 11:00:00,0.65857,0.65951,0.65851,0.65944,874,0,0
2025-09-25 11:15:00,0.65944,0.65999,0.65933,0.65998,772,0,0
2025-09-25 11:30:00,0.65997,0.66008,0.65944,0.65958,579,0,0
2025-09-25 11:45:00,0.65958,0.65994,0.65941,0.65985,556,0,0
2025-09-25 12:00:00,0.65987,0.66038,0.65986,0.66028,553,0,0
2025-09-25 12:15:00,0.66028,0.66031,0.6598,0.65987,504,0,0
2025-09-25 12:30:00,0.65987,0.65987,0.65958,0.65969,542,0,0
2025-09-25 12:45:00,0.65969,0.65993,0.65961,0.65986,626,0,0
2025-09-25 13:00:00,0.65986,0.65996,0.6597,0.65989,512,0,0
2025-09-25 13:15:00,0.65989,0.66003,0.65961,0.65962,527,0,0
2025-09-25 13:30:00,0.65962,0.65968,0.65931,0.65935,479,0,0
2025-09-25 13:45:00,0.65935,0.65948,0.65902,0.65902,534,0,0
2025-09-25 14:00:00,0.65903,0.65913,0.65859,0.65862,665,0,0
2025-09-25 14:15:00,0.65862,0.65896,0.65859,0.65867,582,0,0
2025-09-25 14:30:00,0.65867,0.65876,0.65823,0.65831,650,0,0
2025-09-25 14:45:00,0.65831,0.65852,0.65826,0.65826,559,0,0
2025-09-25 15:00:00,0.65827,0.65847,0.65805,0.65815,748,0,0
2025-09-25 15:15:00,0.65815,0.65819,0.65772,0.65777,748,0,0
2025-09-25 15:30:00,0.6576,0.65763,0.65603,0.65635,2356,0,0
2025-09-25 15:45:00,0.65632,0.65655,0.65552,0.65606,1766,0,0
2025-09-25 16:00:00,0.65606,0.65624,0.65547,0.65603,1630,0,0
2025-09-25 16:15:00,0.65604,0.65633,0.65561,0.65569,1247,0,0
2025-09-25 16:30:00,0.6557,0.65597,0.65485,0.65487,1604,0,0
2025-09-25 16:45:00,0.65485,0.65498,0.65437,0.65463,1520,0,0
2025-09-25 17:00:00,0.65463,0.65521,0.6544,0.65473,1749,0,0
2025-09-25 17:15:00,0.65473,0.65523,0.65469,0.65506,1347,0,0
2025-09-25 17:30:00,0.65508,0.65517,0.65466,0.65501,1264,0,0
2025-09-25 17:45:00,0.655,0.65517,0.65473,0.65477,1494,0,0
2025-09-25 18:00:00,0.65477,0.65486,0.65434,0.65467,1046,0,0
2025-09-25 18:15:00,0.65468,0.65511,0.65459,0.6546,1052,0,0
2025-09-25 18:30:00,0.6546,0.65517,0.65442,0.65506,1036,0,0
2025-09-25 18:45:00,0.65505,0.6551,0.65484,0.65498,831,0,0
2025-09-25 19:00:00,0.65496,0.65513,0.65485,0.65495,751,0,0
2025-09-25 19:15:00,0.65495,0.65497,0.65472,0.65482,766,0,0
2025-09-25 19:30:00,0.65482,0.65486,0.65444,0.65444,568,0,0
2025-09-25 19:45:00,0.65447,0.65451,0.65415,0.6543,617,0,0
2025-09-25 20:00:00,0.65429,0.65435,0.65392,0.65413,659,0,0
2025-09-25 20:15:00,0.65413,0.65422,0.65329,0.65341,892,0,0
2025-09-25 20:30:00,0.65341,0.65359,0.65325,0.65346,694,0,0
2025-09-25 20:45:00,0.65346,0.65351,0.65323,0.6533,580,0,0
2025-09-25 21:00:00,0.65331,0.65338,0.65259,0.65282,914,0,0
2025-09-25 21:15:00,0.65281,0.65323,0.65281,0.65313,554,0,0
2025-09-25 21:30:00,0.65312,0.65349,0.65294,0.65342,476,0,0
2025-09-25 21:45:00,0.65342,0.65363,0.65326,0.65337,543,0,0
2025-09-25 22:00:00,0.65337,0.65363,0.65331,0.65352,467,0,0
2025-09-25 22:15:00,0.65352,0.65363,0.65345,0.65356,552,0,0
2025-09-25 22:30:00,0.65356,0.65368,0.6534,0.65352,431,0,0
2025-09-25 22:45:00,0.65352,0.65376,0.6535,0.65367,379,0,0
2025-09-25 23:00:00,0.65368,0.65375,0.65356,0.65372,263,0,0
2025-09-25 23:15:00,0.65372,0.65394,0.65369,0.65393,169,0,0
2025-09-25 23:30:00,0.65392,0.65404,0.65388,0.65399,201,0,0
2025-09-25 23:45:00,0.65399,0.65411,0.65391,0.65398,191,5,0
2025-09-26 00:00:00,0.654,0.654,0.65313,0.65349,29,10,0
2025-09-26 00:15:00,0.65349,0.6541,0.6531,0.65402,102,55,0
2025-09-26 00:30:00,0.65402,0.65408,0.65325,0.65406,380,27,0
2025-09-26 00:45:00,0.65406,0.65406,0.65269,0.65314,973,41,0
2025-09-26 01:00:00,0.65314,0.65417,0.65294,0.65405,264,0,0
2025-09-26 01:15:00,0.65405,0.65413,0.65396,0.6541,202,0,0
2025-09-26 01:30:00,0.6541,0.65418,0.65398,0.65408,237,0,0
2025-09-26 01:45:00,0.65408,0.6541,0.65377,0.65388,235,0,0
2025-09-26 02:00:00,0.65388,0.65389,0.6536,0.65364,231,0,0
2025-09-26 02:15:00,0.65365,0.65367,0.65336,0.65345,236,0,0
2025-09-26 02:30:00,0.65347,0.65372,0.65333,0.6537,364,0,0
2025-09-26 02:45:00,0.6537,0.65384,0.65345,0.65382,317,0,0
2025-09-26 03:00:00,0.65382,0.65382,0.65307,0.65352,615,0,0
2025-09-26 03:15:00,0.65352,0.65359,0.65329,0.65339,501,0,0
2025-09-26 03:30:00,0.65339,0.65357,0.65312,0.65346,477,0,0
2025-09-26 03:45:00,0.65346,0.65384,0.65338,0.65377,636,0,0
2025-09-26 04:00:00,0.65377,0.65399,0.65355,0.65374,658,0,0
2025-09-26 04:15:00,0.65373,0.6539,0.65337,0.65346,524,0,0
2025-09-26 04:30:00,0.65346,0.65375,0.65335,0.65355,587,0,0
2025-09-26 04:45:00,0.65355,0.65365,0.65327,0.65334,536,0,0
2025-09-26 05:00:00,0.65334,0.65392,0.6533,0.65373,496,0,0
2025-09-26 05:15:00,0.65373,0.65422,0.65367,0.65415,400,0,0
2025-09-26 05:30:00,0.65415,0.65447,0.65409,0.65418,392,0,0
2025-09-26 05:45:00,0.65418,0.65425,0.65398,0.65406,402,0,0
2025-09-26 06:00:00,0.65407,0.65421,0.654,0.65403,350,0,0
2025-09-26 06:15:00,0.65404,0.6542,0.65402,0.65419,352,0,0
2025-09-26 06:30:00,0.65419,0.65436,0.65413,0.6543,282,0,0
2025-09-26 06:45:00,0.6543,0.65431,0.65418,0.65424,374,0,0
2025-09-26 07:00:00,0.65424,0.65424,0.65388,0.65408,397,0,0
2025-09-26 07:15:00,0.65408,0.65433,0.65398,0.654,374,0,0
2025-09-26 07:30:00,0.654,0.6543,0.654,0.65412,337,0,0
2025-09-26 07:45:00,0.65412,0.65422,0.654,0.65418,443,0,0
2025-09-26 08:00:00,0.65418,0.65424,0.65396,0.65412,380,0,0
2025-09-26 08:15:00,0.65411,0.65436,0.65409,0.65427,335,0,0
2025-09-26 08:30:00,0.65427,0.6543,0.65396,0.65423,417,0,0
2025-09-26 08:45:00,0.65423,0.65423,0.65391,0.65405,489,0,0
2025-09-26 09:00:00,0.65404,0.65429,0.65391,0.65426,649,0,0
2025-09-26 09:15:00,0.65426,0.65439,0.65384,0.65395,688,0,0
2025-09-26 09:30:00,0.65394,0.65396,0.65356,0.65372,624,0,0
2025-09-26 09:45:00,0.65371,0.65384,0.65344,0.65375,607,0,0
2025-09-26 10:00:00,0.65375,0.65406,0.65332,0.65334,1038,0,0
2025-09-26 10:15:00,0.65331,0.65331,0.65291,0.65325,784,0,0
2025-09-26 10:30:00,0.65324,0.65334,0.65282,0.65284,705,0,0
2025-09-26 10:45:00,0.65284,0.65321,0.65262,0.65312,625,0,0
2025-09-26 11:00:00,0.65312,0.6535,0.65303,0.65334,679,0,0
2025-09-26 11:15:00,0.65334,0.6534,0.65294,0.65302,558,0,0
2025-09-26 11:30:00,0.65302,0.65361,0.65295,0.65334,517,0,0
2025-09-26 11:45:00,0.65334,0.65337,0.65311,0.65318,530,0,0
2025-09-26 12:00:00,0.65318,0.6534,0.65307,0.65338,600,0,0
2025-09-26 12:15:00,0.65338,0.65338,0.6528,0.65304,593,0,0
2025-09-26 12:30:00,0.65302,0.65322,0.65295,0.65306,508,0,0
2025-09-26 12:45:00,0.65311,0.65313,0.65266,0.65274,452,0,0
2025-09-26 13:00:00,0.65272,0.65279,0.65246,0.65258,555,0,0
2025-09-26 13:15:00,0.65258,0.65277,0.65243,0.65248,407,0,0
2025-09-26 13:30:00,0.65247,0.65254,0.65204,0.65226,481,0,0
2025-09-26 13:45:00,0.65226,0.65232,0.65206,0.65226,557,0,0
2025-09-26 14:00:00,0.65226,0.65259,0.65221,0.65246,598,0,0
2025-09-26 14:15:00,0.65246,0.65255,0.65229,0.65249,433,0,0
2025-09-26 14:30:00,0.65249,0.65305,0.65248,0.65294,528,0,0
2025-09-26 14:45:00,0.65292,0.65309,0.65268,0.65268,498,0,0
2025-09-26 15:00:00,0.65268,0.65292,0.65259,0.65284,602,0,0
2025-09-26 15:15:00,0.65285,0.65331,0.65283,0.65323,667,0,0
2025-09-26 15:30:00,0.65323,0.654,0.65291,0.65358,1674,0,0
2025-09-26 15:45:00,0.65359,0.65386,0.65318,0.65383,1324,0,0
2025-09-26 16:00:00,0.65383,0.65444,0.65383,0.6542,1356,0,0
2025-09-26 16:15:00,0.6542,0.65429,0.6533,0.65349,1086,0,0
2025-09-26 16:30:00,0.65349,0.65421,0.65329,0.65403,1498,0,0
2025-09-26 16:45:00,0.65403,0.65425,0.65381,0.65416,1155,0,0
2025-09-26 17:00:00,0.65416,0.6545,0.65392,0.65424,1679,0,0
2025-09-26 17:15:00,0.65423,0.6544,0.65367,0.6539,1426,0,0
2025-09-26 17:30:00,0.6539,0.65458,0.65364,0.65444,1391,0,0
2025-09-26 17:45:00,0.65445,0.65471,0.65416,0.65428,1423,0,0
2025-09-26 18:00:00,0.65428,0.65459,0.65398,0.65398,1161,0,0
2025-09-26 18:15:00,0.65398,0.65472,0.65397,0.65471,804,0,0
2025-09-26 18:30:00,0.65472,0.65484,0.65432,0.65449,880,0,0
2025-09-26 18:45:00,0.65447,0.65466,0.65436,0.65444,887,0,0
2025-09-26 19:00:00,0.65443,0.65455,0.65419,0.65421,658,0,0
2025-09-26 19:15:00,0.65421,0.6549,0.6542,0.65485,598,0,0
2025-09-26 19:30:00,0.65484,0.65494,0.65462,0.65478,475,0,0
2025-09-26 19:45:00,0.65478,0.65492,0.65467,0.65489,487,0,0
2025-09-26 20:00:00,0.6549,0.65503,0.65476,0.65493,507,0,0
2025-09-26 20:15:00,0.65493,0.65502,0.65483,0.65498,324,0,0
2025-09-26 20:30:00,0.65501,0.65508,0.65489,0.65497,456,0,0
2025-09-26 20:45:00,0.65497,0.65502,0.65473,0.65491,433,0,0
2025-09-26 21:00:00,0.65491,0.65499,0.65465,0.6547,420,0,0
2025-09-26 21:15:00,0.6547,0.65499,0.6547,0.65488,387,0,0
2025-09-26 21:30:00,0.65488,0.6551,0.65484,0.65486,287,0,0
2025-09-26 21:45:00,0.65486,0.65514,0.65464,0.65505,494,0,0
2025-09-26 22:00:00,0.65505,0.65509,0.65488,0.6549,436,0,0
2025-09-26 22:15:00,0.65489,0.65495,0.65479,0.65482,261,0,0
2025-09-26 22:30:00,0.65482,0.65487,0.6547,0.65478,317,0,0
2025-09-26 22:45:00,0.65478,0.65514,0.65476,0.65513,363,0,0
2025-09-26 23:00:00,0.65513,0.65516,0.65501,0.65505,198,0,0
2025-09-26 23:15:00,0.65505,0.65511,0.65493,0.65498,140,0,0
2025-09-26 23:30:00,0.65498,0.65498,0.65467,0.6548,153,0,0
2025-09-26 23:45:00,0.65477,0.65478,0.65447,0.65448,266,5,0
2025-09-29 00:00:00,0.65444,0.65466,0.65394,0.65466,53,67,0
2025-09-29 00:15:00,0.65466,0.65508,0.65459,0.65506,165,27,0
2025-09-29 00:30:00,0.65503,0.65504,0.65478,0.65489,77,27,0
2025-09-29 00:45:00,0.65489,0.65492,0.65476,0.65476,62,27,0
2025-09-29 01:00:00,0.65476,0.65498,0.6546,0.65496,389,0,0
2025-09-29 01:15:00,0.65497,0.65504,0.65484,0.65488,377,0,0
2025-09-29 01:30:00,0.65488,0.6549,0.65479,0.65484,272,0,0
2025-09-29 01:45:00,0.65484,0.65494,0.6548,0.65494,258,0,0
2025-09-29 02:00:00,0.65493,0.65502,0.65486,0.65502,198,0,0
2025-09-29 02:15:00,0.65502,0.65516,0.65492,0.65511,383,0,0
2025-09-29 02:30:00,0.65511,0.65526,0.65503,0.65511,308,0,0
2025-09-29 02:45:00,0.65511,0.65522,0.65508,0.65519,307,0,0
2025-09-29 03:00:00,0.65519,0.65547,0.65502,0.65542,691,0,0
2025-09-29 03:15:00,0.65542,0.65568,0.65536,0.6555,517,0,0
2025-09-29 03:30:00,0.6555,0.65565,0.65538,0.6556,401,0,0
2025-09-29 03:45:00,0.6556,0.65578,0.65554,0.65566,434,0,0
2025-09-29 04:00:00,0.65566,0.65566,0.655,0.65515,730,0,0
2025-09-29 04:15:00,0.65515,0.65551,0.65476,0.65525,604,0,0
2025-09-29 04:30:00,0.65523,0.65586,0.65519,0.65542,735,0,0
2025-09-29 04:45:00,0.65542,0.65554,0.65528,0.65542,627,0,0
2025-09-29 05:00:00,0.65542,0.6558,0.65521,0.65557,635,0,0
2025-09-29 05:15:00,0.65557,0.65609,0.65555,0.656,635,0,0
2025-09-29 05:30:00,0.656,0.6563,0.65593,0.65625,524,0,0
2025-09-29 05:45:00,0.65625,0.65632,0.65593,0.6562,420,0,0
2025-09-29 06:00:00,0.6562,0.65626,0.65596,0.6562,502,0,0
2025-09-29 06:15:00,0.6562,0.65646,0.6562,0.65629,379,0,0
2025-09-29 06:30:00,0.65629,0.65642,0.65621,0.6564,333,0,0
2025-09-29 06:45:00,0.6564,0.65672,0.65639,0.65664,393,0,0
2025-09-29 07:00:00,0.65665,0.6567,0.65643,0.65663,323,0,0
2025-09-29 07:15:00,0.65663,0.65686,0.65654,0.65681,300,0,0
2025-09-29 07:30:00,0.65681,0.65716,0.65678,0.65707,310,0,0
2025-09-29 07:45:00,0.65707,0.65733,0.65699,0.65709,365,0,0
2025-09-29 08:00:00,0.6571,0.65726,0.65696,0.65713,464,0,0
2025-09-29 08:15:00,0.65713,0.65714,0.65682,0.65685,355,0,0
2025-09-29 08:30:00,0.65686,0.65716,0.65678,0.65691,539,0,0
2025-09-29 08:45:00,0.65691,0.65721,0.65679,0.65704,650,0,0
2025-09-29 09:00:00,0.65702,0.65719,0.65677,0.65693,753,0,0
2025-09-29 09:15:00,0.65693,0.6571,0.65673,0.65685,638,0,0
2025-09-29 09:30:00,0.65685,0.657,0.65667,0.65676,562,0,0
2025-09-29 09:45:00,0.65676,0.65677,0.65641,0.65645,625,0,0
2025-09-29 10:00:00,0.65645,0.65696,0.65628,0.65679,884,0,0
2025-09-29 10:15:00,0.65679,0.65721,0.65672,0.6572,646,0,0
2025-09-29 10:30:00,0.65719,0.65725,0.65668,0.65685,659,0,0
2025-09-29 10:45:00,0.65685,0.65733,0.65673,0.65691,648,0,0
2025-09-29 11:00:00,0.65693,0.65724,0.65669,0.65716,524,0,0
2025-09-29 11:15:00,0.65716,0.65727,0.65638,0.65664,670,0,0
2025-09-29 11:30:00,0.65664,0.65689,0.65664,0.6568,469,0,0
2025-09-29 11:45:00,0.6568,0.65697,0.65673,0.65695,466,0,0
2025-09-29 12:00:00,0.65695,0.65713,0.65673,0.65691,515,0,0
2025-09-29 12:15:00,0.65691,0.65712,0.65677,0.65692,434,0,0
2025-09-29 12:30:00,0.65693,0.65695,0.65658,0.65668,404,0,0
2025-09-29 12:45:00,0.65668,0.65675,0.6564,0.65665,569,0,0
2025-09-29 13:00:00,0.65665,0.65681,0.65654,0.65675,431,0,0
2025-09-29 13:15:00,0.65675,0.6568,0.65659,0.65671,383,0,0
2025-09-29 13:30:00,0.65671,0.65681,0.65636,0.65643,393,0,0
2025-09-29 13:45:00,0.65643,0.65653,0.65623,0.65629,405,0,0
2025-09-29 14:00:00,0.65629,0.65632,0.6561,0.65619,470,0,0
2025-09-29 14:15:00,0.65619,0.65636,0.65601,0.65605,476,0,0
2025-09-29 14:30:00,0.65605,0.6565,0.65595,0.6564,537,0,0
2025-09-29 14:45:00,0.65641,0.65677,0.65616,0.65676,549,0,0
2025-09-29 15:00:00,0.65676,0.65679,0.65624,0.6564,679,0,0
2025-09-29 15:15:00,0.6564,0.65645,0.65609,0.65622,639,0,0
2025-09-29 15:30:00,0.65622,0.65667,0.65603,0.65649,863,0,0
2025-09-29 15:45:00,0.65649,0.65722,0.65646,0.6568,1050,0,0
2025-09-29 16:00:00,0.6568,0.65692,0.65633,0.65639,1064,0,0
2025-09-29 16:15:00,0.65639,0.65659,0.65626,0.65646,803,0,0
2025-09-29 16:30:00,0.65646,0.6572,0.65642,0.65694,1127,0,0
2025-09-29 16:45:00,0.65694,0.65719,0.6565,0.65664,904,0,0
2025-09-29 17:00:00,0.65662,0.65686,0.65624,0.6566,1095,0,0
2025-09-29 17:15:00,0.6566,0.65668,0.65634,0.65651,835,0,0
2025-09-29 17:30:00,0.65651,0.6573,0.65649,0.65729,886,0,0
2025-09-29 17:45:00,0.65729,0.65779,0.65718,0.6576,1074,0,0
2025-09-29 18:00:00,0.65759,0.65801,0.65734,0.65743,1103,0,0
2025-09-29 18:15:00,0.65743,0.658,0.65732,0.65789,776,0,0
2025-09-29 18:30:00,0.65789,0.658,0.65766,0.65778,891,0,0
2025-09-29 18:45:00,0.65779,0.65801,0.65758,0.65763,711,0,0
2025-09-29 19:00:00,0.65763,0.65779,0.65743,0.65779,516,0,0
2025-09-29 19:15:00,0.65779,0.65788,0.65758,0.65761,506,0,0
2025-09-29 19:30:00,0.65761,0.65769,0.65747,0.65749,345,0,0
2025-09-29 19:45:00,0.65749,0.65765,0.65746,0.65757,448,0,0
2025-09-29 20:00:00,0.65757,0.65769,0.65748,0.65754,375,0,0
2025-09-29 20:15:00,0.65754,0.6576,0.65742,0.65759,258,0,0
2025-09-29 20:30:00,0.65759,0.65765,0.65747,0.65754,425,0,0
2025-09-29 20:45:00,0.65754,0.65768,0.65747,0.65747,380,0,0
2025-09-29 21:00:00,0.65751,0.65773,0.65739,0.65772,270,0,0
2025-09-29 21:15:00,0.65772,0.65794,0.65772,0.65784,238,0,0
2025-09-29 21:30:00,0.65784,0.6579,0.65772,0.6578,254,0,0
2025-09-29 21:45:00,0.6578,0.65811,0.6578,0.6581,452,0,0
2025-09-29 22:00:00,0.6581,0.65811,0.65783,0.65791,418,0,0
2025-09-29 22:15:00,0.6579,0.65792,0.65774,0.65789,307,0,0
2025-09-29 22:30:00,0.65789,0.65796,0.6578,0.65787,219,0,0
2025-09-29 22:45:00,0.65787,0.65791,0.65779,0.65783,296,0,0
2025-09-29 23:00:00,0.65783,0.65784,0.65756,0.65759,184,0,0
2025-09-29 23:15:00,0.65758,0.65774,0.65758,0.65761,121,0,0
2025-09-29 23:30:00,0.65761,0.65765,0.6575,0.65758,123,0,0
2025-09-29 23:45:00,0.65757,0.6577,0.65753,0.65766,176,5,0
2025-09-30 00:00:00,0.65759,0.65759,0.65669,0.65758,26,22,0
2025-09-30 00:15:00,0.65758,0.65758,0.65736,0.65743,42,36,0
2025-09-30 00:30:00,0.65743,0.65758,0.65738,0.65748,159,27,0
2025-09-30 00:45:00,0.65748,0.65748,0.65741,0.65744,82,27,0
2025-09-30 01:00:00,0.65745,0.65775,0.65745,0.6576,319,0,0
2025-09-30 01:15:00,0.6576,0.6577,0.65752,0.65753,266,0,0
2025-09-30 01:30:00,0.65753,0.65768,0.65752,0.65759,179,0,0
2025-09-30 01:45:00,0.65759,0.65782,0.65759,0.65775,223,0,0
2025-09-30 02:00:00,0.65775,0.65791,0.65773,0.65789,235,0,0
2025-09-30 02:15:00,0.65789,0.65801,0.65782,0.65794,221,0,0
2025-09-30 02:30:00,0.65794,0.65801,0.65789,0.65795,175,0,0
2025-09-30 02:45:00,0.65795,0.65808,0.65777,0.6578,314,0,0
2025-09-30 03:00:00,0.65781,0.65786,0.6573,0.65767,640,0,0
2025-09-30 03:15:00,0.65768,0.65805,0.65763,0.65794,523,0,0
2025-09-30 03:30:00,0.65795,0.65796,0.65763,0.65764,458,0,0
2025-09-30 03:45:00,0.65764,0.65787,0.65711,0.65786,862,0,0
2025-09-30 04:00:00,0.65786,0.65881,0.65786,0.65854,1117,0,0
2025-09-30 04:15:00,0.65855,0.65879,0.65828,0.65876,574,0,0
2025-09-30 04:30:00,0.65877,0.65886,0.65823,0.6583,747,0,0
2025-09-30 04:45:00,0.65831,0.65846,0.65778,0.6578,700,0,0
2025-09-30 05:00:00,0.6578,0.65823,0.6575,0.6582,684,0,0
2025-09-30 05:15:00,0.6582,0.65857,0.65819,0.65833,586,0,0
2025-09-30 05:30:00,0.65833,0.65864,0.65824,0.6584,543,0,0
2025-09-30 05:45:00,0.6584,0.65928,0.65838,0.65928,783,0,0
2025-09-30 06:00:00,0.65928,0.65959,0.65863,0.659,604,0,0
2025-09-30 06:15:00,0.659,0.65946,0.65884,0.65941,495,0,0
2025-09-30 06:30:00,0.65941,0.65953,0.65918,0.65919,407,0,0
2025-09-30 06:45:00,0.65919,0.65939,0.65882,0.65883,508,0,0
2025-09-30 07:00:00,0.65882,0.65897,0.65849,0.65856,328,0,0
2025-09-30 07:15:00,0.65856,0.65886,0.65844,0.65871,463,0,0
2025-09-30 07:30:00,0.6586,0.6606,0.65854,0.66055,1064,0,0
2025-09-30 07:45:00,0.66054,0.66086,0.66045,0.66065,697,0,0
2025-09-30 08:00:00,0.66065,0.66069,0.66006,0.66056,628,0,0
2025-09-30 08:15:00,0.66056,0.66089,0.66056,0.66064,592,0,0
2025-09-30 08:30:00,0.66064,0.66087,0.66042,0.66045,585,0,0
2025-09-30 08:45:00,0.66045,0.66083,0.65993,0.66,784,0,0
2025-09-30 09:00:00,0.66004,0.6604,0.65947,0.66029,941,0,0
2025-09-30 09:15:00,0.6603,0.66035,0.65994,0.65999,781,0,0
2025-09-30 09:30:00,0.65999,0.66048,0.65951,0.66043,982,0,0
2025-09-30 09:45:00,0.66037,0.66045,0.65986,0.65987,846,0,0
2025-09-30 10:00:00,0.65984,0.66019,0.65957,0.65999,977,0,0
2025-09-30 10:15:00,0.65998,0.66069,0.65998,0.66045,649,0,0
2025-09-30 10:30:00,0.66042,0.66047,0.65752,0.65852,1624,0,0
2025-09-30 10:45:00,0.65854,0.66028,0.65854,0.66023,1459,0,0
2025-09-30 11:00:00,0.66021,0.66107,0.66012,0.66104,1288,0,0
2025-09-30 11:15:00,0.66104,0.66139,0.66071,0.66095,991,0,0
2025-09-30 11:30:00,0.66094,0.66128,0.66058,0.66128,978,0,0
2025-09-30 11:45:00,0.66127,0.66137,0.66093,0.66098,968,0,0
2025-09-30 12:00:00,0.66098,0.66111,0.66033,0.66066,872,0,0
2025-09-30 12:15:00,0.66066,0.66102,0.66056,0.66058,735,0,0
2025-09-30 12:30:00,0.66058,0.6609,0.66055,0.66081,694,0,0
2025-09-30 12:45:00,0.6608,0.66122,0.66058,0.66121,870,0,0
2025-09-30 13:00:00,0.66121,0.66135,0.66097,0.66101,594,0,0
2025-09-30 13:15:00,0.66101,0.66102,0.66077,0.66093,430,0,0
2025-09-30 13:30:00,0.66093,0.66094,0.66071,0.66073,402,0,0
2025-09-30 13:45:00,0.66073,0.661,0.66066,0.66091,565,0,0
2025-09-30 14:00:00,0.66091,0.66114,0.66041,0.66063,649,0,0
2025-09-30 14:15:00,0.66063,0.66089,0.66052,0.66085,497,0,0
2025-09-30 14:30:00,0.66085,0.66107,0.66071,0.66072,515,0,0
2025-09-30 14:45:00,0.66072,0.661,0.66042,0.66099,739,0,0
2025-09-30 15:00:00,0.66099,0.66127,0.66083,0.6612,692,0,0
2025-09-30 15:15:00,0.66119,0.66159,0.66113,0.66135,680,0,0
2025-09-30 15:30:00,0.66135,0.66148,0.66114,0.66141,626,0,0
2025-09-30 15:45:00,0.66141,0.66162,0.66108,0.66125,581,0,0
2025-09-30 16:00:00,0.66125,0.66159,0.66111,0.66143,978,0,0
2025-09-30 16:15:00,0.66143,0.66144,0.66079,0.66099,847,0,0
2025-09-30 16:30:00,0.66099,0.66189,0.66084,0.66186,914,0,0
2025-09-30 16:45:00,0.66185,0.66224,0.66164,0.66195,1115,0,0
2025-09-30 17:00:00,0.66191,0.66236,0.66174,0.66219,1565,0,0
2025-09-30 17:15:00,0.66219,0.66232,0.66201,0.66223,1273,0,0
2025-09-30 17:30:00,0.66223,0.66263,0.66217,0.66251,923,0,0
2025-09-30 17:45:00,0.66252,0.66285,0.66232,0.66275,1299,0,0
2025-09-30 18:00:00,0.66275,0.66275,0.66141,0.66148,1360,0,0
2025-09-30 18:15:00,0.66149,0.66153,0.66105,0.66119,1023,0,0
2025-09-30 18:30:00,0.66119,0.6615,0.66094,0.661,876,0,0
2025-09-30 18:45:00,0.66102,0.66136,0.66099,0.66131,620,0,0
2025-09-30 19:00:00,0.6613,0.66151,0.66113,0.66119,613,0,0
2025-09-30 19:15:00,0.66119,0.6616,0.66115,0.66157,492,0,0
2025-09-30 19:30:00,0.66157,0.66189,0.66148,0.66183,591,0,0
2025-09-30 19:45:00,0.66183,0.66215,0.66162,0.66194,495,0,0
2025-09-30 20:00:00,0.66194,0.662,0.66177,0.66179,512,0,0
2025-09-30 20:15:00,0.66179,0.6621,0.66179,0.66203,487,0,0
2025-09-30 20:30:00,0.66203,0.66216,0.66188,0.66198,392,0,0
2025-09-30 20:45:00,0.66198,0.662,0.66172,0.66174,462,0,0
2025-09-30 21:00:00,0.66172,0.66191,0.66147,0.66188,461,0,0
2025-09-30 21:15:00,0.66188,0.66189,0.66161,0.66164,382,0,0
2025-09-30 21:30:00,0.66164,0.6617,0.66135,0.66158,436,0,0
2025-09-30 21:45:00,0.66158,0.66179,0.66152,0.66158,328,0,0
2025-09-30 22:00:00,0.66158,0.66164,0.66134,0.66146,500,0,0
2025-09-30 22:15:00,0.66147,0.66167,0.66142,0.66158,400,0,0
2025-09-30 22:30:00,0.66157,0.66158,0.66131,0.66133,340,0,0
2025-09-30 22:45:00,0.66133,0.66169,0.66133,0.66163,427,0,0
2025-09-30 23:00:00,0.66164,0.66167,0.66117,0.66122,300,0,0
2025-09-30 23:15:00,0.66122,0.66141,0.66122,0.6613,170,0,0
2025-09-30 23:30:00,0.6613,0.66137,0.66122,0.66124,156,0,0
2025-09-30 23:45:00,0.66125,0.66133,0.66117,0.66128,193,5,0
2025-10-01 00:00:00,0.66122,0.66125,0.66027,0.66099,29,15,0
2025-10-01 00:15:00,0.66099,0.66118,0.66058,0.66105,127,33,0
2025-10-01 00:30:00,0.66106,0.66108,0.66079,0.66102,691,30,0
2025-10-01 00:45:00,0.66103,0.66103,0.66094,0.66099,69,27,0
2025-10-01 01:00:00,0.66099,0.66154,0.66099,0.66141,456,0,0
2025-10-01 01:15:00,0.66141,0.66145,0.66128,0.66128,259,0,0
2025-10-01 01:30:00,0.66128,0.66143,0.66125,0.66132,209,0,0
2025-10-01 01:45:00,0.66132,0.66139,0.66117,0.66138,342,0,0
2025-10-01 02:00:00,0.66134,0.66187,0.66124,0.66159,428,0,0
2025-10-01 02:15:00,0.66159,0.6616,0.66127,0.66128,248,0,0
2025-10-01 02:30:00,0.66128,0.66128,0.66105,0.66106,190,0,0
2025-10-01 02:45:00,0.66108,0.66125,0.66096,0.66106,371,0,0
2025-10-01 03:00:00,0.66107,0.66109,0.66068,0.66071,690,0,0
2025-10-01 03:15:00,0.66071,0.66085,0.66043,0.66046,596,0,0
2025-10-01 03:30:00,0.66047,0.66068,0.66025,0.66057,557,0,0
2025-10-01 03:45:00,0.66057,0.6607,0.66041,0.66045,546,0,0
2025-10-01 04:00:00,0.66045,0.66053,0.65993,0.66023,644,0,0
2025-10-01 04:15:00,0.66022,0.66032,0.66007,0.66009,401,0,0
2025-10-01 04:30:00,0.66009,0.66016,0.65957,0.65993,517,0,0
2025-10-01 04:45:00,0.65993,0.66035,0.65971,0.66015,507,0,0
2025-10-01 05:00:00,0.66015,0.6602,0.65978,0.65978,520,0,0
2025-10-01 05:15:00,0.65978,0.66017,0.65978,0.65988,384,0,0
2025-10-01 05:30:00,0.65988,0.65988,0.65934,0.65964,467,0,0
2025-10-01 05:45:00,0.65964,0.65986,0.65948,0.65966,378,0,0
2025-10-01 06:00:00,0.65966,0.65969,0.65925,0.65928,419,0,0
2025-10-01 06:15:00,0.65928,0.6595,0.65911,0.65935,308,0,0
2025-10-01 06:30:00,0.65935,0.65935,0.65892,0.65914,288,0,0
2025-10-01 06:45:00,0.65914,0.65956,0.65904,0.65948,384,0,0
2025-10-01 07:00:00,0.65948,0.65966,0.65919,0.65925,460,0,0
2025-10-01 07:15:00,0.65925,0.6597,0.65917,0.65969,398,0,0
2025-10-01 07:30:00,0.65969,0.65976,0.65946,0.6597,450,0,0
2025-10-01 07:45:00,0.6597,0.66037,0.65967,0.66035,456,0,0
2025-10-01 08:00:00,0.66035,0.66089,0.66026,0.66029,861,0,0
2025-10-01 08:15:00,0.66029,0.66061,0.65995,0.66021,542,0,0
2025-10-01 08:30:00,0.6602,0.6602,0.65988,0.65997,363,0,0
2025-10-01 08:45:00,0.65997,0.66019,0.65986,0.65998,392,0,0
2025-10-01 09:00:00,0.65998,0.6606,0.65991,0.66043,718,0,0
2025-10-01 09:15:00,0.66043,0.66077,0.66029,0.6607,745,0,0
2025-10-01 09:30:00,0.66069,0.66124,0.66063,0.6612,909,0,0
2025-10-01 09:45:00,0.6612,0.66121,0.66065,0.66092,1080,0,0
2025-10-01 10:00:00,0.66091,0.66177,0.66091,0.66129,1453,0,0
2025-10-01 10:15:00,0.6613,0.66151,0.66069,0.66074,1190,0,0
2025-10-01 10:30:00,0.66074,0.661,0.66046,0.66063,1151,0,0
2025-10-01 10:45:00,0.66063,0.66111,0.6606,0.6611,1033,0,0
2025-10-01 11:00:00,0.6611,0.66171,0.66109,0.6614,1164,0,0
2025-10-01 11:15:00,0.6614,0.66183,0.66139,0.66166,901,0,0
2025-10-01 11:30:00,0.66166,0.66199,0.66153,0.66159,848,0,0
2025-10-01 11:45:00,0.66159,0.66169,0.66132,0.66144,722,0,0
2025-10-01 12:00:00,0.66144,0.66169,0.66132,0.66139,740,0,0
2025-10-01 12:15:00,0.66139,0.6616,0.66134,0.66141,575,0,0
2025-10-01 12:30:00,0.66141,0.66144,0.66098,0.66138,648,0,0
2025-10-01 12:45:00,0.66138,0.66154,0.66105,0.66125,690,0,0
2025-10-01 13:00:00,0.66125,0.66142,0.66106,0.66117,762,0,0
2025-10-01 13:15:00,0.66117,0.66118,0.6607,0.66072,732,0,0
2025-10-01 13:30:00,0.66071,0.66121,0.66057,0.66117,605,0,0
2025-10-01 13:45:00,0.66117,0.66127,0.66086,0.661,635,0,0
2025-10-01 14:00:00,0.661,0.66146,0.66098,0.66139,505,0,0
2025-10-01 14:15:00,0.6614,0.6617,0.66136,0.66163,542,0,0
2025-10-01 14:30:00,0.66163,0.66189,0.66147,0.66189,604,0,0
2025-10-01 14:45:00,0.66189,0.66201,0.66143,0.66149,724,0,0
2025-10-01 15:00:00,0.66149,0.66152,0.66057,0.66086,778,0,0
2025-10-01 15:15:00,0.66082,0.66289,0.66082,0.66191,2791,0,0
2025-10-01 15:30:00,0.66191,0.66235,0.6617,0.66206,2086,0,0
2025-10-01 15:45:00,0.66206,0.6623,0.66138,0.66199,1699,0,0
2025-10-01 16:00:00,0.66199,0.66222,0.66175,0.66178,1373,0,0
2025-10-01 16:15:00,0.66178,0.66182,0.66136,0.66154,1267,0,0
2025-10-01 16:30:00,0.66154,0.66231,0.66153,0.66203,1377,0,0
2025-10-01 16:45:00,0.66206,0.6622,0.66142,0.66156,1212,0,0
2025-10-01 17:00:00,0.66157,0.66227,0.66136,0.66152,1854,0,0
2025-10-01 17:15:00,0.66151,0.66181,0.66136,0.66164,1482,0,0
2025-10-01 17:30:00,0.66164,0.66184,0.66125,0.66133,974,0,0
2025-10-01 17:45:00,0.66134,0.66162,0.66055,0.66102,2313,0,0
2025-10-01 18:00:00,0.661,0.66125,0.66038,0.6605,1543,0,0
2025-10-01 18:15:00,0.66049,0.66055,0.65991,0.66013,1223,0,0
2025-10-01 18:30:00,0.66013,0.66053,0.66004,0.66035,941,0,0
2025-10-01 18:45:00,0.66036,0.66059,0.66028,0.66031,791,0,0
2025-10-01 19:00:00,0.6603,0.6607,0.66014,0.66051,755,0,0
2025-10-01 19:15:00,0.66051,0.6609,0.6605,0.66083,605,0,0
2025-10-01 19:30:00,0.66083,0.66084,0.66049,0.66053,592,0,0
2025-10-01 19:45:00,0.66053,0.66091,0.6605,0.66088,574,0,0
2025-10-01 20:00:00,0.66088,0.6611,0.66083,0.66105,497,0,0
2025-10-01 20:15:00,0.66105,0.66124,0.66104,0.66114,457,0,0
2025-10-01 20:30:00,0.66114,0.66115,0.66091,0.661,406,0,0
2025-10-01 20:45:00,0.661,0.66105,0.66084,0.66088,510,0,0
2025-10-01 21:00:00,0.66089,0.66144,0.66081,0.66141,436,0,0
2025-10-01 21:15:00,0.66141,0.66179,0.66139,0.66174,441,0,0
2025-10-01 21:30:00,0.66174,0.66205,0.66174,0.66188,553,0,0
2025-10-01 21:45:00,0.66188,0.6619,0.66166,0.66172,433,0,0
2025-10-01 22:00:00,0.66172,0.66179,0.66151,0.66154,329,0,0
2025-10-01 22:15:00,0.66154,0.66156,0.66133,0.66138,330,0,0
2025-10-01 22:30:00,0.66138,0.66149,0.66129,0.66148,304,0,0
2025-10-01 22:45:00,0.66148,0.66159,0.66127,0.66133,366,0,0
2025-10-01 23:00:00,0.66133,0.66135,0.66101,0.66117,245,0,0
2025-10-01 23:15:00,0.66117,0.66125,0.66098,0.66101,190,0,0
2025-10-01 23:30:00,0.66099,0.66117,0.66098,0.66106,142,0,0
2025-10-01 23:45:00,0.66106,0.66129,0.66101,0.66127,188,5,0
2025-10-02 00:00:00,0.66123,0.66123,0.66103,0.6611,18,20,0
2025-10-02 00:15:00,0.6611,0.6611,0.66102,0.66105,40,35,0
2025-10-02 00:30:00,0.66098,0.66105,0.66089,0.66094,122,46,0
2025-10-02 00:45:00,0.66094,0.66125,0.66094,0.66125,42,30,0
2025-10-02 01:00:00,0.66125,0.66154,0.66125,0.66137,305,0,0
2025-10-02 01:15:00,0.66137,0.66138,0.66134,0.66137,535,0,0
2025-10-02 01:30:00,0.66137,0.66144,0.66131,0.66136,218,0,0
2025-10-02 01:45:00,0.66136,0.66137,0.66119,0.66121,167,0,0
2025-10-02 02:00:00,0.66123,0.66138,0.6612,0.66138,165,0,0
2025-10-02 02:15:00,0.66138,0.66148,0.66129,0.66148,133,0,0
2025-10-02 02:30:00,0.66148,0.66149,0.6612,0.66124,192,0,0
2025-10-02 02:45:00,0.66124,0.66158,0.66115,0.66156,325,0,0
2025-10-02 03:00:00,0.66156,0.66156,0.66085,0.66095,641,0,0
2025-10-02 03:15:00,0.66095,0.66108,0.66081,0.66096,431,0,0
2025-10-02 03:30:00,0.66096,0.66096,0.66064,0.66079,436,0,0
2025-10-02 03:45:00,0.66079,0.6611,0.66068,0.66071,501,0,0
2025-10-02 04:00:00,0.6607,0.66075,0.66023,0.66053,548,0,0
2025-10-02 04:15:00,0.66053,0.66141,0.66048,0.66135,517,0,0
2025-10-02 04:30:00,0.66135,0.66191,0.66131,0.66153,680,0,0
2025-10-02 04:45:00,0.66153,0.66212,0.66153,0.66196,534,0,0
2025-10-02 05:00:00,0.66196,0.66214,0.66168,0.66184,477,0,0
2025-10-02 05:15:00,0.66184,0.66186,0.6615,0.66173,340,0,0
2025-10-02 05:30:00,0.66173,0.66194,0.66164,0.66185,362,0,0
2025-10-02 05:45:00,0.66185,0.66199,0.66166,0.66173,277,0,0
2025-10-02 06:00:00,0.66173,0.66175,0.66128,0.66162,369,0,0
2025-10-02 06:15:00,0.66162,0.66166,0.66129,0.66136,275,0,0
2025-10-02 06:30:00,0.66136,0.66146,0.66113,0.66134,321,0,0
2025-10-02 06:45:00,0.66134,0.66169,0.66133,0.66158,330,0,0
2025-10-02 07:00:00,0.66158,0.66173,0.6613,0.66136,303,0,0
2025-10-02 07:15:00,0.66136,0.66166,0.66134,0.66161,258,0,0
2025-10-02 07:30:00,0.66161,0.66166,0.66136,0.66159,277,0,0
2025-10-02 07:45:00,0.66159,0.66185,0.66147,0.66176,328,0,0
2025-10-02 08:00:00,0.66176,0.66215,0.66157,0.66159,581,0,0
2025-10-02 08:15:00,0.66159,0.6618,0.66141,0.66158,333,0,0
2025-10-02 08:30:00,0.66158,0.66174,0.66152,0.66162,426,0,0
2025-10-02 08:45:00,0.66162,0.6619,0.66157,0.66174,343,0,0
2025-10-02 09:00:00,0.66177,0.66208,0.66177,0.66182,531,0,0
2025-10-02 09:15:00,0.66181,0.66198,0.6616,0.66174,473,0,0
2025-10-02 09:30:00,0.66175,0.662,0.66131,0.66152,893,0,0
2025-10-02 09:45:00,0.66151,0.66199,0.66116,0.66192,859,0,0
2025-10-02 10:00:00,0.66193,0.6624,0.66184,0.66211,906,0,0
2025-10-02 10:15:00,0.66211,0.66226,0.66189,0.66191,700,0,0
2025-10-02 10:30:00,0.66191,0.66224,0.66185,0.66224,672,0,0
2025-10-02 10:45:00,0.66224,0.66246,0.66211,0.66227,629,0,0
2025-10-02 11:00:00,0.66227,0.66244,0.66194,0.66197,805,0,0
2025-10-02 11:15:00,0.66197,0.66225,0.66186,0.66202,774,0,0
2025-10-02 11:30:00,0.66202,0.66231,0.66168,0.66185,853,0,0
2025-10-02 11:45:00,0.66185,0.66232,0.66156,0.6621,681,0,0
2025-10-02 12:00:00,0.66211,0.66222,0.66172,0.6619,759,0,0
2025-10-02 12:15:00,0.6619,0.66195,0.66167,0.66173,618,0,0
2025-10-02 12:30:00,0.66173,0.66193,0.6614,0.66157,631,0,0
2025-10-02 12:45:00,0.66157,0.66171,0.66141,0.66159,570,0,0
2025-10-02 13:00:00,0.66158,0.66158,0.6611,0.66115,685,0,0
2025-10-02 13:15:00,0.66115,0.66135,0.66108,0.66124,563,0,0
2025-10-02 13:30:00,0.66124,0.66139,0.66114,0.66119,555,0,0
2025-10-02 13:45:00,0.66119,0.66143,0.66118,0.66139,510,0,0
2025-10-02 14:00:00,0.66139,0.66144,0.66065,0.66086,687,0,0
2025-10-02 14:15:00,0.66086,0.66091,0.66045,0.6605,527,0,0
2025-10-02 14:30:00,0.6605,0.66078,0.6603,0.66069,571,0,0
2025-10-02 14:45:00,0.66069,0.66079,0.66052,0.66062,686,0,0
2025-10-02 15:00:00,0.66062,0.66091,0.66059,0.66076,662,0,0
2025-10-02 15:15:00,0.66076,0.66083,0.66058,0.66059,551,0,0
2025-10-02 15:30:00,0.66059,0.66062,0.65991,0.66005,717,0,0
2025-10-02 15:45:00,0.66004,0.66039,0.65994,0.66023,799,0,0
2025-10-02 16:00:00,0.66023,0.66059,0.66023,0.66033,902,0,0
2025-10-02 16:15:00,0.66033,0.66058,0.66008,0.66057,655,0,0
2025-10-02 16:30:00,0.66057,0.66068,0.65905,0.6591,1367,0,0
2025-10-02 16:45:00,0.6591,0.65948,0.65893,0.65935,1359,0,0
2025-10-02 17:00:00,0.65936,0.65936,0.65871,0.65892,1312,0,0
2025-10-02 17:15:00,0.65892,0.65927,0.65874,0.65916,1228,0,0
2025-10-02 17:30:00,0.65916,0.65923,0.65839,0.65847,1142,0,0
2025-10-02 17:45:00,0.65848,0.65889,0.65836,0.65864,1281,0,0
2025-10-02 18:00:00,0.65864,0.65897,0.65835,0.65857,1189,0,0
2025-10-02 18:15:00,0.65857,0.65857,0.6581,0.65835,1029,0,0
2025-10-02 18:30:00,0.65837,0.65842,0.65769,0.65812,1136,0,0
2025-10-02 18:45:00,0.65812,0.65859,0.65795,0.65857,829,0,0
2025-10-02 19:00:00,0.65857,0.65899,0.65845,0.65892,771,0,0
2025-10-02 19:15:00,0.65887,0.65918,0.65885,0.65911,610,0,0
2025-10-02 19:30:00,0.65911,0.65929,0.65899,0.65925,523,0,0
2025-10-02 19:45:00,0.65925,0.65938,0.65916,0.65936,431,0,0
2025-10-02 20:00:00,0.65936,0.65959,0.65925,0.6593,409,0,0
2025-10-02 20:15:00,0.6593,0.65956,0.65924,0.65932,417,0,0
2025-10-02 20:30:00,0.65932,0.6594,0.65914,0.65923,388,0,0
2025-10-02 20:45:00,0.65923,0.65941,0.6592,0.65923,401,0,0
2025-10-02 21:00:00,0.65922,0.65956,0.65919,0.65951,350,0,0
2025-10-02 21:15:00,0.65952,0.6597,0.6595,0.65968,298,0,0
2025-10-02 21:30:00,0.65968,0.65978,0.65965,0.65969,338,0,0
2025-10-02 21:45:00,0.65969,0.65982,0.65969,0.65976,329,0,0
2025-10-02 22:00:00,0.65976,0.65999,0.65975,0.65989,370,0,0
2025-10-02 22:15:00,0.65989,0.65999,0.65986,0.65986,292,0,0
2025-10-02 22:30:00,0.65986,0.6599,0.65974,0.65975,286,0,0
2025-10-02 22:45:00,0.65975,0.65976,0.65956,0.65963,370,0,0
2025-10-02 23:00:00,0.65963,0.65998,0.65954,0.65972,232,0,0
2025-10-02 23:15:00,0.6597,0.65972,0.65954,0.65967,198,0,0
2025-10-02 23:30:00,0.65968,0.65972,0.65949,0.6595,153,0,0
2025-10-02 23:45:00,0.65949,0.65962,0.65941,0.65962,180,5,0
2025-10-03 00:00:00,0.65904,0.65935,0.6586,0.65934,25,42,0
2025-10-03 00:15:00,0.65934,0.65934,0.65908,0.65911,65,44,0
2025-10-03 00:30:00,0.65915,0.65929,0.65909,0.65919,202,38,0
2025-10-03 00:45:00,0.65919,0.65929,0.65916,0.65929,156,40,0
2025-10-03 01:00:00,0.65929,0.65971,0.65925,0.65967,330,0,0
2025-10-03 01:15:00,0.65966,0.65966,0.6595,0.65957,184,0,0
2025-10-03 01:30:00,0.65957,0.65957,0.6594,0.65953,142,0,0
2025-10-03 01:45:00,0.65953,0.65958,0.6595,0.65956,131,0,0
2025-10-03 02:00:00,0.65956,0.65967,0.65955,0.65964,164,0,0
2025-10-03 02:15:00,0.65964,0.65969,0.65958,0.65958,139,0,0
2025-10-03 02:30:00,0.65957,0.65991,0.65957,0.65968,190,0,0
2025-10-03 02:45:00,0.65968,0.65991,0.65958,0.65991,225,0,0
2025-10-03 03:00:00,0.65991,0.65998,0.65964,0.65991,480,0,0
2025-10-03 03:15:00,0.65991,0.66012,0.6598,0.66003,385,0,0
2025-10-03 03:30:00,0.66003,0.66019,0.65995,0.66,304,0,0
2025-10-03 03:45:00,0.66,0.66029,0.65991,0.66009,461,0,0
2025-10-03 04:00:00,0.66009,0.66034,0.65994,0.66006,819,0,0
2025-10-03 04:15:00,0.66006,0.66016,0.65973,0.65978,570,0,0
2025-10-03 04:30:00,0.65978,0.65995,0.65957,0.65991,506,0,0
2025-10-03 04:45:00,0.65991,0.66042,0.6598,0.66027,488,0,0
2025-10-03 05:00:00,0.66027,0.6603,0.65981,0.65993,366,0,0
2025-10-03 05:15:00,0.65993,0.66004,0.65971,0.65972,339,0,0
2025-10-03 05:30:00,0.65972,0.65975,0.65944,0.65969,406,0,0
2025-10-03 05:45:00,0.65969,0.65971,0.65937,0.65954,325,0,0
2025-10-03 06:00:00,0.65954,0.65972,0.65939,0.65944,349,0,0
2025-10-03 06:15:00,0.65944,0.65949,0.6593,0.65934,326,0,0
2025-10-03 06:30:00,0.65934,0.65966,0.65934,0.65964,258,0,0
2025-10-03 06:45:00,0.65963,0.65989,0.65957,0.6598,356,0,0
2025-10-03 07:00:00,0.6598,0.66,0.6597,0.65976,328,0,0
2025-10-03 07:15:00,0.65976,0.65977,0.65963,0.65966,166,0,0
2025-10-03 07:30:00,0.65966,0.65966,0.65918,0.65937,329,0,0
2025-10-03 07:45:00,0.65937,0.65942,0.65905,0.6591,324,0,0
2025-10-03 08:00:00,0.6591,0.65929,0.65899,0.65919,468,0,0
2025-10-03 08:15:00,0.65919,0.65947,0.65905,0.65907,483,0,0
2025-10-03 08:30:00,0.65907,0.65936,0.65905,0.65929,350,0,0
2025-10-03 08:45:00,0.65929,0.65941,0.65894,0.659,481,0,0
2025-10-03 09:00:00,0.65899,0.65951,0.65888,0.65946,651,0,0
2025-10-03 09:15:00,0.65946,0.65992,0.65946,0.65978,572,0,0
2025-10-03 09:30:00,0.65978,0.6603,0.65978,0.66018,630,0,0
2025-10-03 09:45:00,0.66018,0.66022,0.65955,0.6597,571,0,0
2025-10-03 10:00:00,0.65971,0.66015,0.65971,0.66012,751,0,0
2025-10-03 10:15:00,0.66012,0.66049,0.66005,0.66047,635,0,0
2025-10-03 10:30:00,0.66047,0.6609,0.66035,0.66076,762,0,0
2025-10-03 10:45:00,0.66075,0.66077,0.66049,0.66055,747,0,0
2025-10-03 11:00:00,0.66054,0.6609,0.66054,0.66071,890,0,0
2025-10-03 11:15:00,0.66071,0.66078,0.66039,0.66058,647,0,0
2025-10-03 11:30:00,0.66055,0.66061,0.66041,0.6606,662,0,0
2025-10-03 11:45:00,0.6606,0.66084,0.66046,0.66066,656,0,0
2025-10-03 12:00:00,0.66066,0.66074,0.66006,0.66014,663,0,0
2025-10-03 12:15:00,0.66015,0.66024,0.66006,0.66021,420,0,0
2025-10-03 12:30:00,0.66021,0.66064,0.66018,0.6605,462,0,0
2025-10-03 12:45:00,0.6605,0.66066,0.66043,0.66061,387,0,0
2025-10-03 13:00:00,0.66061,0.66069,0.66038,0.66051,442,0,0
2025-10-03 13:15:00,0.66051,0.66055,0.66034,0.66044,360,0,0
2025-10-03 13:30:00,0.66045,0.66056,0.6603,0.66051,430,0,0
2025-10-03 13:45:00,0.66051,0.6606,0.66027,0.66038,444,0,0
2025-10-03 14:00:00,0.66039,0.66043,0.66019,0.66037,501,0,0
2025-10-03 14:15:00,0.66038,0.66043,0.66007,0.66039,511,0,0
2025-10-03 14:30:00,0.66039,0.66066,0.66031,0.66055,605,0,0
2025-10-03 14:45:00,0.66055,0.66065,0.66045,0.66051,637,0,0
2025-10-03 15:00:00,0.66052,0.66057,0.66008,0.66023,629,0,0
2025-10-03 15:15:00,0.66022,0.6606,0.66018,0.66044,568,0,0
2025-10-03 15:30:00,0.66044,0.66045,0.65992,0.6604,893,0,0
2025-10-03 15:45:00,0.6604,0.66078,0.66024,0.66066,909,0,0
2025-10-03 16:00:00,0.66066,0.66072,0.66009,0.6601,921,0,0
2025-10-03 16:15:00,0.6601,0.66042,0.66009,0.66027,814,0,0
2025-10-03 16:30:00,0.66027,0.66073,0.66001,0.66069,1102,0,0
2025-10-03 16:45:00,0.66067,0.66074,0.66003,0.6602,1072,0,0
2025-10-03 17:00:00,0.66037,0.66097,0.65992,0.66017,2214,0,0
2025-10-03 17:15:00,0.66016,0.66071,0.66006,0.66041,1677,0,0
2025-10-03 17:30:00,0.66041,0.66071,0.66005,0.66024,1317,0,0
2025-10-03 17:45:00,0.66024,0.66044,0.66011,0.66036,1194,0,0
2025-10-03 18:00:00,0.66037,0.66037,0.66003,0.66018,893,0,0
2025-10-03 18:15:00,0.66018,0.66078,0.66013,0.66059,776,0,0
2025-10-03 18:30:00,0.6606,0.66093,0.66054,0.66087,763,0,0
2025-10-03 18:45:00,0.66087,0.66141,0.66085,0.66129,690,0,0
2025-10-03 19:00:00,0.6613,0.66135,0.66118,0.66129,599,0,0
2025-10-03 19:15:00,0.66131,0.66131,0.6609,0.661,439,0,0
2025-10-03 19:30:00,0.661,0.66107,0.66091,0.66095,394,0,0
2025-10-03 19:45:00,0.66095,0.66106,0.66088,0.6609,362,0,0
2025-10-03 20:00:00,0.66091,0.66095,0.6605,0.6609,643,0,0
2025-10-03 20:15:00,0.6609,0.6609,0.66064,0.66067,411,0,0
2025-10-03 20:30:00,0.66067,0.66087,0.66058,0.66063,468,0,0
2025-10-03 20:45:00,0.66063,0.66065,0.65972,0.66002,828,0,0
2025-10-03 21:00:00,0.66002,0.6601,0.65949,0.65995,781,0,0
2025-10-03 21:15:00,0.65995,0.66026,0.65993,0.66021,544,0,0
2025-10-03 21:30:00,0.66021,0.6603,0.66014,0.66027,431,0,0
2025-10-03 21:45:00,0.66027,0.6603,0.66014,0.66025,369,0,0
2025-10-03 22:00:00,0.66023,0.66044,0.66021,0.66044,476,0,0
2025-10-03 22:15:00,0.66044,0.66051,0.66032,0.66034,292,0,0
2025-10-03 22:30:00,0.66034,0.66052,0.6603,0.66051,351,0,0
2025-10-03 22:45:00,0.66051,0.66053,0.66025,0.66042,473,0,0
2025-10-03 23:00:00,0.66041,0.66055,0.66041,0.66044,225,0,0
2025-10-03 23:15:00,0.66044,0.6605,0.66035,0.66042,169,0,0
2025-10-03 23:30:00,0.66042,0.66042,0.66001,0.66008,170,0,0
2025-10-03 23:45:00,0.66007,0.66017,0.65995,0.66015,309,6,0
2025-10-06 00:00:00,0.65778,0.6584,0.65746,0.6584,84,53,0
2025-10-06 00:15:00,0.6584,0.6588,0.65832,0.65846,123,52,0
2025-10-06 00:30:00,0.6585,0.65874,0.65848,0.65872,188,80,0
2025-10-06 00:45:00,0.65872,0.65909,0.65871,0.65898,87,48,0
2025-10-06 01:00:00,0.65898,0.65915,0.65837,0.65891,980,0,0
2025-10-06 01:15:00,0.65891,0.6591,0.65879,0.65901,704,0,0
2025-10-06 01:30:00,0.65901,0.65907,0.65879,0.65904,668,0,0
2025-10-06 01:45:00,0.65906,0.6591,0.6588,0.65886,493,0,0
2025-10-06 02:00:00,0.65885,0.65934,0.65869,0.65914,944,0,0
2025-10-06 02:15:00,0.65914,0.65931,0.65877,0.65903,815,0,0
2025-10-06 02:30:00,0.65903,0.65934,0.65902,0.65934,838,0,0
2025-10-06 02:45:00,0.65934,0.65945,0.65901,0.65939,826,0,0
2025-10-06 03:00:00,0.65943,0.65982,0.65918,0.65941,947,0,0
2025-10-06 03:15:00,0.65941,0.65963,0.65932,0.65951,668,0,0
2025-10-06 03:30:00,0.65951,0.65977,0.65951,0.6596,530,0,0
2025-10-06 03:45:00,0.6596,0.65985,0.65953,0.65982,668,0,0
2025-10-06 04:00:00,0.65984,0.65988,0.65942,0.65948,552,0,0
2025-10-06 04:15:00,0.65948,0.65971,0.65928,0.65966,594,0,0
2025-10-06 04:30:00,0.65967,0.66035,0.65967,0.66026,667,0,0
2025-10-06 04:45:00,0.66026,0.66077,0.66019,0.66071,607,0,0
2025-10-06 05:00:00,0.66071,0.66092,0.66069,0.6608,540,0,0
2025-10-06 05:15:00,0.6608,0.66085,0.66054,0.66069,368,0,0
2025-10-06 05:30:00,0.66069,0.66086,0.66061,0.66076,385,0,0
2025-10-06 05:45:00,0.66076,0.66116,0.6607,0.66089,414,0,0
2025-10-06 06:00:00,0.66089,0.6611,0.66081,0.66086,403,0,0
2025-10-06 06:15:00,0.66084,0.66108,0.66075,0.66103,385,0,0
2025-10-06 06:30:00,0.66103,0.66134,0.66091,0.6612,377,0,0
2025-10-06 06:45:00,0.6612,0.66124,0.66066,0.66084,412,0,0
2025-10-06 07:00:00,0.66084,0.66101,0.66057,0.66065,552,0,0
2025-10-06 07:15:00,0.66065,0.66068,0.66036,0.66055,452,0,0
2025-10-06 07:30:00,0.66055,0.66066,0.66039,0.6606,493,0,0
2025-10-06 07:45:00,0.6606,0.66061,0.66024,0.66029,430,0,0
2025-10-06 08:00:00,0.66029,0.66036,0.6601,0.6601,498,0,0
2025-10-06 08:15:00,0.6601,0.66034,0.66001,0.66028,459,0,0
2025-10-06 08:30:00,0.66028,0.66042,0.6602,0.6604,398,0,0
2025-10-06 08:45:00,0.6604,0.66051,0.6603,0.66048,356,0,0
2025-10-06 09:00:00,0.66049,0.66067,0.66004,0.66014,961,0,0
2025-10-06 09:15:00,0.66014,0.66036,0.65998,0.66035,715,0,0
2025-10-06 09:30:00,0.66035,0.66065,0.66019,0.6604,950,0,0
2025-10-06 09:45:00,0.6604,0.66101,0.66018,0.66094,1037,0,0
2025-10-06 10:00:00,0.66093,0.66171,0.66065,0.66139,1216,0,0
2025-10-06 10:15:00,0.6614,0.66158,0.6611,0.66158,928,0,0
2025-10-06 10:30:00,0.66158,0.6618,0.66066,0.66066,1485,0,0
2025-10-06 10:45:00,0.66068,0.66079,0.66027,0.66045,1724,0,0
2025-10-06 11:00:00,0.66044,0.66062,0.65998,0.66012,1401,0,0
2025-10-06 11:15:00,0.66013,0.66014,0.65924,0.65971,1176,0,0
2025-10-06 11:30:00,0.6597,0.66023,0.65968,0.66006,1007,0,0
2025-10-06 11:45:00,0.66006,0.66023,0.65988,0.65994,757,0,0
2025-10-06 12:00:00,0.65994,0.65997,0.65903,0.65947,891,0,0
2025-10-06 12:15:00,0.65946,0.65952,0.65925,0.65941,748,0,0
2025-10-06 12:30:00,0.65941,0.65959,0.65915,0.65915,650,0,0
2025-10-06 12:45:00,0.65915,0.65977,0.65913,0.65973,775,0,0
2025-10-06 13:00:00,0.65974,0.65974,0.65916,0.65928,736,0,0
2025-10-06 13:15:00,0.65928,0.65934,0.65902,0.65911,652,0,0
2025-10-06 13:30:00,0.65911,0.65941,0.65905,0.65932,558,0,0
2025-10-06 13:45:00,0.65932,0.65962,0.65912,0.65947,872,0,0
2025-10-06 14:00:00,0.65947,0.65956,0.6592,0.65944,801,0,0
2025-10-06 14:15:00,0.65944,0.65979,0.65935,0.65977,613,0,0
2025-10-06 14:30:00,0.65977,0.66,0.65974,0.65985,655,0,0
2025-10-06 14:45:00,0.65985,0.65991,0.65959,0.6598,703,0,0
2025-10-06 15:00:00,0.6598,0.66013,0.65954,0.65995,1474,0,0
2025-10-06 15:15:00,0.65995,0.66035,0.65979,0.6603,1190,0,0
2025-10-06 15:30:00,0.6603,0.66045,0.66008,0.66039,926,0,0
2025-10-06 15:45:00,0.66039,0.66106,0.66038,0.66099,983,0,0
2025-10-06 16:00:00,0.661,0.66123,0.66082,0.66097,943,0,0
2025-10-06 16:15:00,0.66097,0.66108,0.66077,0.66083,744,0,0
2025-10-06 16:30:00,0.66084,0.66173,0.66068,0.66169,1086,0,0
2025-10-06 16:45:00,0.66169,0.66191,0.66157,0.66164,1028,0,0
2025-10-06 17:00:00,0.66164,0.662,0.66153,0.66192,1241,0,0
2025-10-06 17:15:00,0.66192,0.66202,0.66169,0.66193,892,0,0
2025-10-06 17:30:00,0.66194,0.66198,0.66157,0.6619,814,0,0
2025-10-06 17:45:00,0.6619,0.66207,0.66163,0.66174,1344,0,0
2025-10-06 18:00:00,0.66173,0.66202,0.66166,0.66183,1161,0,0
2025-10-06 18:15:00,0.66182,0.6619,0.66165,0.66176,732,0,0
2025-10-06 18:30:00,0.66176,0.66176,0.66157,0.66162,658,0,0
2025-10-06 18:45:00,0.66162,0.66184,0.66153,0.66179,610,0,0
2025-10-06 19:00:00,0.66179,0.66186,0.66146,0.6615,579,0,0
2025-10-06 19:15:00,0.6615,0.66161,0.6614,0.66143,463,0,0
2025-10-06 19:30:00,0.66143,0.66152,0.6613,0.6615,294,0,0
2025-10-06 19:45:00,0.6615,0.66173,0.6615,0.66173,355,0,0
2025-10-06 20:00:00,0.66174,0.66183,0.66168,0.66174,431,0,0
2025-10-06 20:15:00,0.66174,0.6619,0.66166,0.66181,415,0,0
2025-10-06 20:30:00,0.66177,0.66188,0.66165,0.66174,373,0,0
2025-10-06 20:45:00,0.66173,0.66181,0.66167,0.66177,455,0,0
2025-10-06 21:00:00,0.66177,0.66194,0.66171,0.66172,305,0,0
2025-10-06 21:15:00,0.66172,0.66187,0.66169,0.66175,364,0,0
2025-10-06 21:30:00,0.66175,0.66178,0.66161,0.66171,382,0,0
2025-10-06 21:45:00,0.66171,0.6618,0.66162,0.66176,326,0,0
2025-10-06 22:00:00,0.66177,0.66186,0.6617,0.66182,332,0,0
2025-10-06 22:15:00,0.66182,0.66183,0.66176,0.6618,247,0,0
2025-10-06 22:30:00,0.6618,0.66206,0.66178,0.66202,340,0,0
2025-10-06 22:45:00,0.66201,0.66204,0.6615,0.66156,394,0,0
2025-10-06 23:00:00,0.66156,0.66178,0.66146,0.66176,219,0,0
2025-10-06 23:15:00,0.66176,0.66191,0.6617,0.66184,197,0,0
2025-10-06 23:30:00,0.66184,0.6619,0.66178,0.66178,109,0,0
2025-10-06 23:45:00,0.66178,0.66183,0.66172,0.66173,172,5,0
2025-10-07 00:00:00,0.66132,0.66152,0.66025,0.66126,32,45,0
2025-10-07 00:15:00,0.66126,0.66146,0.66122,0.66143,54,41,0
2025-10-07 00:30:00,0.6614,0.66143,0.66132,0.66132,40,38,0
2025-10-07 00:45:00,0.66132,0.66134,0.661,0.66106,60,51,0
2025-10-07 01:00:00,0.66106,0.66179,0.66106,0.66176,378,0,0
2025-10-07 01:15:00,0.66176,0.66199,0.66169,0.66189,943,0,0
2025-10-07 01:30:00,0.66189,0.66189,0.66158,0.66176,191,0,0
2025-10-07 01:45:00,0.66176,0.66187,0.66168,0.66186,197,0,0
2025-10-07 02:00:00,0.66186,0.66191,0.66157,0.66164,290,0,0
2025-10-07 02:15:00,0.66164,0.66186,0.66159,0.66159,205,0,0
2025-10-07 02:30:00,0.66159,0.66185,0.66157,0.66176,327,0,0
2025-10-07 02:45:00,0.66176,0.66184,0.66155,0.66163,359,0,0
2025-10-07 03:00:00,0.66165,0.66201,0.66155,0.66167,644,0,0
2025-10-07 03:15:00,0.66168,0.66206,0.66167,0.66168,457,0,0
2025-10-07 03:30:00,0.66168,0.66168,0.66115,0.66117,432,0,0
2025-10-07 03:45:00,0.66117,0.66122,0.66078,0.6609,638,0,0
2025-10-07 04:00:00,0.6609,0.66092,0.66042,0.66079,536,0,0
2025-10-07 04:15:00,0.6608,0.66152,0.66078,0.66138,499,0,0
2025-10-07 04:30:00,0.66138,0.66138,0.66104,0.66115,441,0,0
2025-10-07 04:45:00,0.66115,0.66146,0.66112,0.66139,398,0,0
2025-10-07 05:00:00,0.66139,0.66179,0.66134,0.66175,436,0,0
2025-10-07 05:15:00,0.66175,0.6621,0.66163,0.66208,291,0,0
2025-10-07 05:30:00,0.66208,0.66212,0.66177,0.66184,394,0,0
2025-10-07 05:45:00,0.66183,0.66204,0.66167,0.66186,407,0,0
2025-10-07 06:00:00,0.66186,0.66226,0.66184,0.66225,372,0,0
2025-10-07 06:15:00,0.66225,0.66243,0.66214,0.66214,375,0,0
2025-10-07 06:30:00,0.66214,0.66219,0.66179,0.66205,463,0,0
2025-10-07 06:45:00,0.66205,0.66206,0.6618,0.6619,291,0,0
2025-10-07 07:00:00,0.6619,0.66197,0.66168,0.6618,313,0,0
2025-10-07 07:15:00,0.6618,0.66196,0.66178,0.66179,283,0,0
2025-10-07 07:30:00,0.66179,0.66193,0.66127,0.66128,320,0,0
2025-10-07 07:45:00,0.66128,0.66129,0.661,0.66114,439,0,0
2025-10-07 08:00:00,0.66114,0.66125,0.66055,0.66065,485,0,0
2025-10-07 08:15:00,0.66065,0.66076,0.66043,0.66047,377,0,0
2025-10-07 08:30:00,0.66047,0.66055,0.66017,0.66025,419,0,0
2025-10-07 08:45:00,0.66026,0.66036,0.66013,0.66024,545,0,0
2025-10-07 09:00:00,0.66024,0.66024,0.65947,0.65963,902,0,0
2025-10-07 09:15:00,0.65963,0.65979,0.65931,0.65952,701,0,0
2025-10-07 09:30:00,0.65952,0.65992,0.65943,0.65991,680,0,0
2025-10-07 09:45:00,0.65992,0.66,0.65973,0.65978,650,0,0
2025-10-07 10:00:00,0.65979,0.65979,0.65891,0.659,967,0,0
2025-10-07 10:15:00,0.659,0.65916,0.65855,0.65885,809,0,0
2025-10-07 10:30:00,0.65885,0.65908,0.65878,0.65881,750,0,0
2025-10-07 10:45:00,0.65881,0.65909,0.65857,0.65907,753,0,0
2025-10-07 11:00:00,0.65907,0.65925,0.65893,0.65915,741,0,0
2025-10-07 11:15:00,0.65915,0.65918,0.65874,0.65877,611,0,0
2025-10-07 11:30:00,0.65877,0.65914,0.65865,0.65891,658,0,0
2025-10-07 11:45:00,0.65891,0.65912,0.6588,0.65907,653,0,0
2025-10-07 12:00:00,0.65907,0.65922,0.65888,0.65905,630,0,0
2025-10-07 12:15:00,0.65905,0.65913,0.65889,0.659,556,0,0
2025-10-07 12:30:00,0.659,0.65919,0.65883,0.65918,499,0,0
2025-10-07 12:45:00,0.65918,0.65953,0.65909,0.65953,561,0,0
2025-10-07 13:00:00,0.65954,0.65969,0.65927,0.65954,662,0,0
2025-10-07 13:15:00,0.65954,0.65955,0.65927,0.65942,464,0,0
2025-10-07 13:30:00,0.65942,0.65962,0.65933,0.65933,463,0,0
2025-10-07 13:45:00,0.65933,0.65952,0.65924,0.6593,508,0,0
2025-10-07 14:00:00,0.65929,0.65935,0.65897,0.65908,531,0,0
2025-10-07 14:15:00,0.65908,0.6591,0.65865,0.65878,569,0,0
2025-10-07 14:30:00,0.65879,0.65882,0.65853,0.65878,484,0,0
2025-10-07 14:45:00,0.65878,0.65891,0.65838,0.65864,565,0,0
2025-10-07 15:00:00,0.65864,0.65885,0.65853,0.65855,696,0,0
2025-10-07 15:15:00,0.65856,0.65861,0.65822,0.65846,732,0,0
2025-10-07 15:30:00,0.65847,0.6587,0.6581,0.65868,806,0,0
2025-10-07 15:45:00,0.65868,0.65877,0.65844,0.65869,754,0,0
2025-10-07 16:00:00,0.65868,0.65921,0.65851,0.6591,921,0,0
2025-10-07 16:15:00,0.6591,0.6597,0.65905,0.65934,905,0,0
2025-10-07 16:30:00,0.65934,0.6597,0.65919,0.6595,1202,0,0
2025-10-07 16:45:00,0.65951,0.65954,0.65915,0.65925,870,0,0
2025-10-07 17:00:00,0.65925,0.65936,0.65897,0.65908,1107,0,0
2025-10-07 17:15:00,0.65908,0.65949,0.65892,0.65896,823,0,0
2025-10-07 17:30:00,0.65896,0.65921,0.6589,0.65892,907,0,0
2025-10-07 17:45:00,0.65892,0.65907,0.65874,0.65881,982,0,0
2025-10-07 18:00:00,0.65881,0.65916,0.65874,0.65907,1266,0,0
2025-10-07 18:15:00,0.65907,0.65949,0.65906,0.65928,933,0,0
2025-10-07 18:30:00,0.6593,0.65934,0.65875,0.65911,1004,0,0
2025-10-07 18:45:00,0.65911,0.65917,0.65848,0.65854,1262,0,0
2025-10-07 19:00:00,0.65854,0.65901,0.65854,0.65882,1009,0,0
2025-10-07 19:15:00,0.65882,0.65886,0.65849,0.65866,821,0,0
2025-10-07 19:30:00,0.65865,0.65919,0.65857,0.65882,708,0,0
2025-10-07 19:45:00,0.65881,0.65883,0.65839,0.65857,677,0,0
2025-10-07 20:00:00,0.65857,0.6592,0.65857,0.65889,703,0,0
2025-10-07 20:15:00,0.65889,0.65893,0.65858,0.65875,504,0,0
2025-10-07 20:30:00,0.65875,0.65917,0.65864,0.65916,674,0,0
2025-10-07 20:45:00,0.65916,0.65916,0.65868,0.6587,582,0,0
2025-10-07 21:00:00,0.65871,0.65875,0.65838,0.65864,746,0,0
2025-10-07 21:15:00,0.65864,0.6587,0.65848,0.6585,519,0,0
2025-10-07 21:30:00,0.6585,0.65854,0.65834,0.65848,533,0,0
2025-10-07 21:45:00,0.65848,0.65866,0.65841,0.65847,499,0,0
2025-10-07 22:00:00,0.65847,0.6585,0.65813,0.65814,405,0,0
2025-10-07 22:15:00,0.65814,0.65815,0.658,0.65803,425,0,0
2025-10-07 22:30:00,0.65803,0.65809,0.65786,0.65798,424,0,0
2025-10-07 22:45:00,0.65798,0.65807,0.65789,0.65796,425,0,0
2025-10-07 23:00:00,0.65796,0.65806,0.6579,0.65805,276,0,0
2025-10-07 23:15:00,0.65805,0.65815,0.65801,0.65815,245,0,0
2025-10-07 23:30:00,0.65815,0.65826,0.65812,0.65821,178,0,0
2025-10-07 23:45:00,0.65821,0.65821,0.65803,0.65805,245,5,0
2025-10-08 00:00:00,0.65796,0.6581,0.65658,0.65805,35,22,0
2025-10-08 00:15:00,0.65805,0.65809,0.65773,0.6578,85,26,0
2025-10-08 00:30:00,0.6578,0.65786,0.6578,0.65785,68,28,0
2025-10-08 00:45:00,0.65785,0.65799,0.65785,0.65794,84,27,0
2025-10-08 01:00:00,0.65794,0.65832,0.65794,0.65826,272,0,0
2025-10-08 01:15:00,0.65826,0.65832,0.65821,0.65826,147,0,0
2025-10-08 01:30:00,0.65822,0.65841,0.65821,0.6584,140,0,0
2025-10-08 01:45:00,0.6584,0.65857,0.65835,0.65857,256,0,0
2025-10-08 02:00:00,0.65857,0.65861,0.65836,0.65838,232,0,0
2025-10-08 02:15:00,0.65838,0.65841,0.65819,0.6583,322,0,0
2025-10-08 02:30:00,0.6583,0.65835,0.65818,0.65824,277,0,0
2025-10-08 02:45:00,0.65824,0.65837,0.65798,0.65801,514,0,0
2025-10-08 03:00:00,0.65801,0.65805,0.65744,0.65762,616,0,0
2025-10-08 03:15:00,0.65762,0.65786,0.65754,0.65767,454,0,0
2025-10-08 03:30:00,0.65767,0.65792,0.65748,0.6577,534,0,0
2025-10-08 03:45:00,0.6577,0.65796,0.6575,0.6576,581,0,0
2025-10-08 04:00:00,0.65761,0.658,0.65672,0.65757,1992,0,0
2025-10-08 04:15:00,0.65757,0.65765,0.65652,0.65667,1295,0,0
2025-10-08 04:30:00,0.65666,0.65683,0.65614,0.65632,1026,0,0
2025-10-08 04:45:00,0.65632,0.65646,0.6561,0.65644,762,0,0
2025-10-08 05:00:00,0.65644,0.65651,0.65606,0.65625,726,0,0
2025-10-08 05:15:00,0.65625,0.65641,0.65581,0.6562,748,0,0
2025-10-08 05:30:00,0.6562,0.65634,0.65605,0.65619,511,0,0
2025-10-08 05:45:00,0.65619,0.65656,0.65607,0.65633,568,0,0
2025-10-08 06:00:00,0.65634,0.65651,0.65602,0.65614,455,0,0
2025-10-08 06:15:00,0.65614,0.65636,0.65592,0.6563,418,0,0
2025-10-08 06:30:00,0.65629,0.65641,0.65616,0.65618,427,0,0
2025-10-08 06:45:00,0.65618,0.65673,0.65615,0.65669,495,0,0
2025-10-08 07:00:00,0.65669,0.65676,0.65644,0.65662,573,0,0
2025-10-08 07:15:00,0.65662,0.65664,0.65632,0.65635,329,0,0
2025-10-08 07:30:00,0.65636,0.65644,0.65618,0.65623,388,0,0
2025-10-08 07:45:00,0.65623,0.65645,0.65619,0.65637,368,0,0
2025-10-08 08:00:00,0.65637,0.65637,0.65592,0.65592,375,0,0
2025-10-08 08:15:00,0.65592,0.65626,0.65592,0.65613,384,0,0
2025-10-08 08:30:00,0.65615,0.65646,0.6561,0.6562,380,0,0
2025-10-08 08:45:00,0.6562,0.65635,0.65599,0.65632,612,0,0
2025-10-08 09:00:00,0.65633,0.65668,0.65602,0.65604,899,0,0
2025-10-08 09:15:00,0.65603,0.65614,0.65574,0.65589,867,0,0
2025-10-08 09:30:00,0.65589,0.6562,0.65571,0.65584,689,0,0
2025-10-08 09:45:00,0.65583,0.65623,0.65565,0.65617,703,0,0
2025-10-08 10:00:00,0.65617,0.6565,0.65604,0.65613,917,0,0
2025-10-08 10:15:00,0.65613,0.6565,0.65603,0.65636,761,0,0
2025-10-08 10:30:00,0.65636,0.65677,0.6562,0.65662,926,0,0
2025-10-08 10:45:00,0.65661,0.65698,0.65658,0.65667,903,0,0
2025-10-08 11:00:00,0.65667,0.65699,0.65659,0.65671,887,0,0
2025-10-08 11:15:00,0.65671,0.65673,0.65633,0.65657,828,0,0
2025-10-08 11:30:00,0.65657,0.65688,0.65656,0.65658,615,0,0
2025-10-08 11:45:00,0.65658,0.65665,0.65586,0.65607,666,0,0
2025-10-08 12:00:00,0.65608,0.65644,0.65593,0.65641,809,0,0
2025-10-08 12:15:00,0.65641,0.65656,0.65633,0.65654,551,0,0
2025-10-08 12:30:00,0.65653,0.65667,0.65618,0.65619,710,0,0
2025-10-08 12:45:00,0.65619,0.65644,0.65601,0.6561,786,0,0
2025-10-08 13:00:00,0.6561,0.65674,0.65603,0.65671,655,0,0
2025-10-08 13:15:00,0.65672,0.65718,0.65666,0.65716,575,0,0
2025-10-08 13:30:00,0.65717,0.65742,0.65707,0.65737,597,0,0
2025-10-08 13:45:00,0.65737,0.65779,0.6573,0.65758,665,0,0
2025-10-08 14:00:00,0.65758,0.65767,0.65727,0.65737,736,0,0
2025-10-08 14:15:00,0.65737,0.6575,0.65712,0.65716,600,0,0
2025-10-08 14:30:00,0.65717,0.65732,0.65711,0.65714,514,0,0
2025-10-08 14:45:00,0.65715,0.6573,0.65708,0.65715,458,0,0
2025-10-08 15:00:00,0.65714,0.65771,0.65712,0.6577,692,0,0
2025-10-08 15:15:00,0.6577,0.65792,0.65758,0.65788,701,0,0
2025-10-08 15:30:00,0.65788,0.65809,0.65763,0.65779,687,0,0
2025-10-08 15:45:00,0.65779,0.65802,0.65766,0.65796,763,0,0
2025-10-08 16:00:00,0.65797,0.6586,0.65793,0.65847,791,0,0
2025-10-08 16:15:00,0.65847,0.65887,0.65818,0.6582,892,0,0
2025-10-08 16:30:00,0.65823,0.65857,0.65813,0.65844,1047,0,0
2025-10-08 16:45:00,0.65842,0.65844,0.65808,0.65814,1171,0,0
2025-10-08 17:00:00,0.65814,0.65853,0.65798,0.65816,1136,0,0
2025-10-08 17:15:00,0.65816,0.65829,0.65788,0.65825,878,0,0
2025-10-08 17:30:00,0.65825,0.65854,0.65811,0.6583,785,0,0
2025-10-08 17:45:00,0.6583,0.65852,0.65808,0.65828,1105,0,0
2025-10-08 18:00:00,0.65829,0.65867,0.65814,0.65855,1027,0,0
2025-10-08 18:15:00,0.65854,0.65869,0.65835,0.65863,847,0,0
2025-10-08 18:30:00,0.65863,0.6587,0.65832,0.65847,696,0,0
2025-10-08 18:45:00,0.65847,0.6586,0.65803,0.65809,781,0,0
2025-10-08 19:00:00,0.65809,0.65811,0.65767,0.65768,688,0,0
2025-10-08 19:15:00,0.65768,0.65781,0.65757,0.65765,421,0,0
2025-10-08 19:30:00,0.65766,0.65787,0.65753,0.65783,475,0,0
2025-10-08 19:45:00,0.65783,0.65797,0.6577,0.65795,393,0,0
2025-10-08 20:00:00,0.65796,0.65803,0.65774,0.65795,436,0,0
2025-10-08 20:15:00,0.65795,0.65811,0.65792,0.658,362,0,0
2025-10-08 20:30:00,0.658,0.65801,0.65784,0.658,416,0,0
2025-10-08 20:45:00,0.658,0.65811,0.65789,0.65803,374,0,0
2025-10-08 21:00:00,0.65803,0.65806,0.65767,0.65777,747,0,0
2025-10-08 21:15:00,0.65776,0.65835,0.65769,0.65821,1215,0,0
2025-10-08 21:30:00,0.65821,0.65859,0.6582,0.65841,582,0,0
2025-10-08 21:45:00,0.65841,0.65847,0.65825,0.65841,538,0,0
2025-10-08 22:00:00,0.65842,0.65876,0.65842,0.65856,591,0,0
2025-10-08 22:15:00,0.65855,0.65871,0.6585,0.6587,432,0,0
2025-10-08 22:30:00,0.6587,0.65873,0.6585,0.65852,359,0,0
2025-10-08 22:45:00,0.65852,0.65877,0.65851,0.65865,340,0,0
2025-10-08 23:00:00,0.65864,0.6588,0.6586,0.65874,216,0,0
2025-10-08 23:15:00,0.65875,0.65891,0.65864,0.65866,173,0,0
2025-10-08 23:30:00,0.65866,0.65871,0.65854,0.65868,167,0,0
2025-10-08 23:45:00,0.65868,0.65882,0.65862,0.65865,229,5,0
2025-10-09 00:00:00,0.65856,0.65857,0.65693,0.65806,58,12,0
2025-10-09 00:15:00,0.65806,0.65821,0.65806,0.6582,53,49,0
2025-10-09 00:30:00,0.65822,0.65826,0.65813,0.65817,63,40,0
2025-10-09 00:45:00,0.65817,0.65836,0.65815,0.65835,72,29,0
2025-10-09 01:00:00,0.65835,0.65876,0.65835,0.65873,353,0,0
2025-10-09 01:15:00,0.65873,0.65876,0.65866,0.65874,125,0,0
2025-10-09 01:30:00,0.65874,0.65877,0.65868,0.65872,215,0,0
2025-10-09 01:45:00,0.65872,0.65919,0.65872,0.65907,353,0,0
2025-10-09 02:00:00,0.65908,0.65908,0.65875,0.6588,308,0,0
2025-10-09 02:15:00,0.6588,0.65882,0.65848,0.65855,314,0,0
2025-10-09 02:30:00,0.65856,0.65873,0.65847,0.6585,304,0,0
2025-10-09 02:45:00,0.6585,0.65851,0.65827,0.65845,503,0,0
2025-10-09 03:00:00,0.65845,0.65897,0.65838,0.65895,646,0,0
2025-10-09 03:15:00,0.65895,0.65942,0.65886,0.6593,471,0,0
2025-10-09 03:30:00,0.6593,0.65952,0.65925,0.65948,362,0,0
2025-10-09 03:45:00,0.65948,0.65955,0.65932,0.65939,588,0,0
2025-10-09 04:00:00,0.65939,0.65985,0.65925,0.65961,1097,0,0
2025-10-09 04:15:00,0.65962,0.66006,0.65954,0.65995,890,0,0
2025-10-09 04:30:00,0.65996,0.65996,0.65956,0.65966,716,0,0
2025-10-09 04:45:00,0.65966,0.6597,0.65915,0.65925,723,0,0
2025-10-09 05:00:00,0.65925,0.65947,0.65898,0.65946,556,0,0
2025-10-09 05:15:00,0.65945,0.65964,0.6593,0.6596,394,0,0
2025-10-09 05:30:00,0.6596,0.65989,0.65939,0.65988,479,0,0
2025-10-09 05:45:00,0.65987,0.6601,0.65973,0.65984,514,0,0
2025-10-09 06:00:00,0.65984,0.66014,0.65963,0.65964,511,0,0
2025-10-09 06:15:00,0.65964,0.65991,0.65958,0.65982,387,0,0
2025-10-09 06:30:00,0.65982,0.65998,0.65974,0.65993,287,0,0
2025-10-09 06:45:00,0.65993,0.66016,0.65991,0.66011,306,0,0
2025-10-09 07:00:00,0.66011,0.66039,0.65997,0.66036,300,0,0
2025-10-09 07:15:00,0.66036,0.66056,0.66031,0.66045,388,0,0
2025-10-09 07:30:00,0.66045,0.6608,0.66039,0.6608,278,0,0
2025-10-09 07:45:00,0.6608,0.66091,0.66061,0.66063,370,0,0
2025-10-09 08:00:00,0.66063,0.66101,0.66061,0.66085,385,0,0
2025-10-09 08:15:00,0.66085,0.66085,0.66062,0.66074,352,0,0
2025-10-09 08:30:00,0.66074,0.6609,0.66061,0.66076,452,0,0
2025-10-09 08:45:00,0.66076,0.66076,0.66028,0.6603,487,0,0
2025-10-09 09:00:00,0.66031,0.66039,0.65966,0.65975,875,0,0
2025-10-09 09:15:00,0.65975,0.65995,0.65868,0.65868,1013,0,0
2025-10-09 09:30:00,0.65868,0.6588,0.65823,0.65829,1180,0,0
2025-10-09 09:45:00,0.65829,0.65838,0.65705,0.65751,1299,0,0
2025-10-09 10:00:00,0.65751,0.6585,0.65751,0.65834,1379,0,0
2025-10-09 10:15:00,0.65837,0.65839,0.65779,0.65785,963,0,0
2025-10-09 10:30:00,0.65785,0.65805,0.65739,0.65784,891,0,0
2025-10-09 10:45:00,0.65784,0.65845,0.65784,0.65833,781,0,0
2025-10-09 11:00:00,0.65833,0.65834,0.6578,0.658,701,0,0
2025-10-09 11:15:00,0.658,0.65817,0.65729,0.65751,828,0,0
2025-10-09 11:30:00,0.65751,0.65764,0.65695,0.65762,980,0,0
2025-10-09 11:45:00,0.65762,0.65812,0.6574,0.65811,902,0,0
2025-10-09 12:00:00,0.65812,0.65879,0.65811,0.65841,1247,0,0
2025-10-09 12:15:00,0.6584,0.65904,0.65834,0.65901,875,0,0
2025-10-09 12:30:00,0.65899,0.65927,0.65883,0.65923,741,0,0
2025-10-09 12:45:00,0.65923,0.65963,0.65909,0.65951,733,0,0
2025-10-09 13:00:00,0.65952,0.65979,0.65947,0.65975,519,0,0
2025-10-09 13:15:00,0.65975,0.65976,0.65949,0.65965,525,0,0
2025-10-09 13:30:00,0.65965,0.65967,0.65928,0.65938,469,0,0
2025-10-09 13:45:00,0.65938,0.65963,0.65933,0.65957,481,0,0
2025-10-09 14:00:00,0.65958,0.65964,0.65907,0.65918,672,0,0
2025-10-09 14:15:00,0.65918,0.65958,0.65911,0.65958,440,0,0
2025-10-09 14:30:00,0.65958,0.66005,0.6595,0.66003,507,0,0
2025-10-09 14:45:00,0.66005,0.66011,0.65969,0.65974,569,0,0
2025-10-09 15:00:00,0.65975,0.65987,0.65952,0.6597,893,0,0
2025-10-09 15:15:00,0.6597,0.66044,0.65969,0.66026,813,0,0
2025-10-09 15:30:00,0.66027,0.661,0.66014,0.66057,1074,0,0
2025-10-09 15:45:00,0.66057,0.66071,0.66027,0.66061,897,0,0
2025-10-09 16:00:00,0.6606,0.66122,0.66024,0.66054,1856,0,0
2025-10-09 16:15:00,0.66054,0.66068,0.66006,0.66041,1246,0,0
2025-10-09 16:30:00,0.66041,0.66049,0.65863,0.65865,1524,0,0
2025-10-09 16:45:00,0.65865,0.65886,0.65821,0.65852,1713,0,0
2025-10-09 17:00:00,0.65852,0.65852,0.65738,0.65755,1779,0,0
2025-10-09 17:15:00,0.65755,0.65777,0.65667,0.65668,1726,0,0
2025-10-09 17:30:00,0.65668,0.65668,0.65602,0.65607,1498,0,0
2025-10-09 17:45:00,0.65607,0.65682,0.65575,0.65632,1515,0,0
2025-10-09 18:00:00,0.65631,0.65647,0.6555,0.65576,1425,0,0
2025-10-09 18:15:00,0.65576,0.65619,0.655,0.65501,1414,0,0
2025-10-09 18:30:00,0.65502,0.65517,0.65462,0.65491,1339,0,0
2025-10-09 18:45:00,0.65491,0.6556,0.65472,0.65542,1136,0,0
2025-10-09 19:00:00,0.65543,0.65585,0.65525,0.65532,949,0,0
2025-10-09 19:15:00,0.65531,0.65549,0.65508,0.65541,748,0,0
2025-10-09 19:30:00,0.65541,0.65541,0.65472,0.65517,994,0,0
2025-10-09 19:45:00,0.65516,0.65529,0.6547,0.65484,1090,0,0
2025-10-09 20:00:00,0.65483,0.65526,0.65453,0.65501,1285,0,0
2025-10-09 20:15:00,0.65501,0.65527,0.6547,0.65508,1032,0,0
2025-10-09 20:30:00,0.65508,0.65532,0.65486,0.65513,887,0,0
2025-10-09 20:45:00,0.65513,0.65529,0.65489,0.65515,668,0,0
2025-10-09 21:00:00,0.65514,0.65518,0.65471,0.65499,598,0,0
2025-10-09 21:15:00,0.65499,0.65531,0.65488,0.65491,406,0,0
2025-10-09 21:30:00,0.65491,0.65495,0.65472,0.65478,451,0,0
2025-10-09 21:45:00,0.65478,0.6548,0.65399,0.65436,803,0,0
2025-10-09 22:00:00,0.65438,0.65471,0.65437,0.65464,690,0,0
2025-10-09 22:15:00,0.65464,0.65485,0.65455,0.65481,522,0,0
2025-10-09 22:30:00,0.65481,0.65519,0.65477,0.65509,506,0,0
2025-10-09 22:45:00,0.65509,0.65525,0.655,0.65512,509,0,0
2025-10-09 23:00:00,0.6551,0.65544,0.6551,0.65541,248,0,0
2025-10-09 23:15:00,0.65541,0.65556,0.65523,0.6555,241,0,0
2025-10-09 23:30:00,0.6555,0.65552,0.65526,0.65548,234,0,0
2025-10-09 23:45:00,0.65548,0.65557,0.65536,0.65543,246,5,0
2025-10-10 00:00:00,0.65535,0.65537,0.65504,0.65527,27,42,0
2025-10-10 00:15:00,0.65527,0.65527,0.65477,0.65518,50,49,0
2025-10-10 00:30:00,0.65512,0.65527,0.65512,0.65526,74,27,0
2025-10-10 00:45:00,0.65526,0.65539,0.65525,0.65538,63,27,0
2025-10-10 01:00:00,0.6553,0.65573,0.6553,0.65553,348,0,0
2025-10-10 01:15:00,0.65553,0.65571,0.65551,0.65565,251,0,0
2025-10-10 01:30:00,0.65565,0.65566,0.65555,0.65557,149,0,0
2025-10-10 01:45:00,0.65557,0.65576,0.65548,0.65574,324,0,0
2025-10-10 02:00:00,0.65574,0.65581,0.65536,0.6555,544,0,0
2025-10-10 02:15:00,0.6555,0.6559,0.65545,0.6558,549,0,0
2025-10-10 02:30:00,0.6558,0.65601,0.65569,0.65596,540,0,0
2025-10-10 02:45:00,0.65596,0.65611,0.65591,0.65605,346,0,0
2025-10-10 03:00:00,0.65605,0.65611,0.65563,0.65565,689,0,0
2025-10-10 03:15:00,0.65565,0.65594,0.65564,0.6558,376,0,0
2025-10-10 03:30:00,0.65579,0.65622,0.65576,0.65616,404,0,0
2025-10-10 03:45:00,0.65616,0.65671,0.65609,0.65661,716,0,0
2025-10-10 04:00:00,0.65661,0.65695,0.65658,0.65672,712,0,0
2025-10-10 04:15:00,0.65672,0.65701,0.6566,0.6569,595,0,0
2025-10-10 04:30:00,0.6569,0.65692,0.65647,0.65661,549,0,0
2025-10-10 04:45:00,0.65661,0.65691,0.65651,0.65659,569,0,0
2025-10-10 05:00:00,0.65659,0.65701,0.65644,0.65694,571,0,0
2025-10-10 05:15:00,0.65695,0.6573,0.65691,0.65723,453,0,0
2025-10-10 05:30:00,0.65723,0.65728,0.65709,0.65715,400,0,0
2025-10-10 05:45:00,0.65715,0.65715,0.65693,0.657,423,0,0
2025-10-10 06:00:00,0.657,0.65721,0.65686,0.65686,395,0,0
2025-10-10 06:15:00,0.65686,0.657,0.65676,0.65689,349,0,0
2025-10-10 06:30:00,0.65689,0.65705,0.6568,0.65682,454,0,0
2025-10-10 06:45:00,0.65682,0.65693,0.65673,0.65687,350,0,0
2025-10-10 07:00:00,0.65687,0.65693,0.6564,0.65644,412,0,0
2025-10-10 07:15:00,0.65644,0.6567,0.65636,0.65655,281,0,0
2025-10-10 07:30:00,0.65655,0.65663,0.65636,0.6566,250,0,0
2025-10-10 07:45:00,0.6566,0.65674,0.65653,0.65666,319,0,0
2025-10-10 08:00:00,0.65666,0.65686,0.65632,0.65644,457,0,0
2025-10-10 08:15:00,0.65644,0.6569,0.65639,0.65667,302,0,0
2025-10-10 08:30:00,0.65667,0.65673,0.65641,0.6567,463,0,0
2025-10-10 08:45:00,0.65669,0.65681,0.6565,0.65664,445,0,0
2025-10-10 09:00:00,0.65663,0.6567,0.65635,0.65642,673,0,0
2025-10-10 09:15:00,0.65642,0.65665,0.65611,0.65611,548,0,0
2025-10-10 09:30:00,0.65611,0.65635,0.65553,0.6557,1410,0,0
2025-10-10 09:45:00,0.65573,0.65579,0.65481,0.65541,1214,0,0
2025-10-10 10:00:00,0.65541,0.65566,0.65523,0.65526,1353,0,0
2025-10-10 10:15:00,0.65526,0.6553,0.65455,0.65509,1103,0,0
2025-10-10 10:30:00,0.65509,0.65543,0.65504,0.65528,792,0,0
2025-10-10 10:45:00,0.65528,0.65569,0.65525,0.6556,733,0,0
2025-10-10 11:00:00,0.65561,0.65622,0.65537,0.6561,980,0,0
2025-10-10 11:15:00,0.6561,0.65631,0.65574,0.65575,851,0,0
2025-10-10 11:30:00,0.65575,0.65587,0.65558,0.65578,717,0,0
2025-10-10 11:45:00,0.65578,0.65587,0.65549,0.65575,657,0,0
2025-10-10 12:00:00,0.65575,0.6558,0.65532,0.6554,665,0,0
2025-10-10 12:15:00,0.6554,0.65547,0.655,0.65534,644,0,0
2025-10-10 12:30:00,0.65534,0.65545,0.65521,0.65532,587,0,0
2025-10-10 12:45:00,0.65531,0.65552,0.65505,0.65521,715,0,0
2025-10-10 13:00:00,0.65522,0.65541,0.65499,0.65541,686,0,0
2025-10-10 13:15:00,0.65541,0.65578,0.65541,0.6556,528,0,0
2025-10-10 13:30:00,0.6556,0.65561,0.65513,0.65518,459,0,0
2025-10-10 13:45:00,0.65518,0.65526,0.65498,0.6551,589,0,0
2025-10-10 14:00:00,0.6551,0.6553,0.65506,0.65521,552,0,0
2025-10-10 14:15:00,0.65521,0.65538,0.65512,0.65526,415,0,0
2025-10-10 14:30:00,0.65526,0.65547,0.65519,0.65529,610,0,0
2025-10-10 14:45:00,0.65529,0.6555,0.65515,0.6552,690,0,0
2025-10-10 15:00:00,0.65519,0.65569,0.65518,0.65557,777,0,0
2025-10-10 15:15:00,0.65557,0.65574,0.65549,0.65564,658,0,0
2025-10-10 15:30:00,0.65564,0.65595,0.65531,0.65537,1043,0,0
2025-10-10 15:45:00,0.65538,0.65556,0.65515,0.65551,736,0,0
2025-10-10 16:00:00,0.65551,0.65555,0.65493,0.65511,754,0,0
2025-10-10 16:15:00,0.65512,0.65551,0.65493,0.65497,838,0,0
2025-10-10 16:30:00,0.65498,0.65535,0.65483,0.65529,1140,0,0
2025-10-10 16:45:00,0.65529,0.65532,0.65465,0.65474,1057,0,0
2025-10-10 17:00:00,0.65461,0.65506,0.65431,0.65463,1329,0,0
2025-10-10 17:15:00,0.65463,0.65474,0.6543,0.65438,1166,0,0
2025-10-10 17:30:00,0.65439,0.65446,0.65398,0.65434,1030,0,0
2025-10-10 17:45:00,0.65434,0.65487,0.65376,0.65383,1589,0,0
2025-10-10 18:00:00,0.65382,0.65382,0.65202,0.65212,3629,0,0
2025-10-10 18:15:00,0.65211,0.65219,0.64882,0.64894,3017,0,0
2025-10-10 18:30:00,0.64893,0.65011,0.64829,0.65006,3068,0,0
2025-10-10 18:45:00,0.65005,0.6505,0.64878,0.64933,2847,0,0
2025-10-10 19:00:00,0.64933,0.64948,0.64859,0.64896,2440,0,0
2025-10-10 19:15:00,0.64896,0.6491,0.64807,0.64895,2074,0,0
2025-10-10 19:30:00,0.64895,0.64961,0.64855,0.64872,1841,0,0
2025-10-10 19:45:00,0.64871,0.64895,0.64818,0.6484,1574,0,0
2025-10-10 20:00:00,0.64839,0.64856,0.64799,0.64821,1361,0,0
2025-10-10 20:15:00,0.64821,0.64851,0.64785,0.64848,1247,0,0
2025-10-10 20:30:00,0.64849,0.64922,0.64833,0.64885,1085,0,0
2025-10-10 20:45:00,0.64884,0.64898,0.64849,0.6488,1108,0,0
2025-10-10 21:00:00,0.6488,0.6489,0.64839,0.64879,1036,0,0
2025-10-10 21:15:00,0.64879,0.64918,0.64852,0.64899,932,0,0
2025-10-10 21:30:00,0.64899,0.6492,0.64857,0.64858,966,0,0
2025-10-10 21:45:00,0.64859,0.64874,0.64835,0.64838,969,0,0
2025-10-10 22:00:00,0.64838,0.64851,0.64821,0.64842,854,0,0
2025-10-10 22:15:00,0.64842,0.64872,0.64835,0.64845,711,0,0
2025-10-10 22:30:00,0.64845,0.6489,0.64829,0.64885,836,0,0
2025-10-10 22:45:00,0.64885,0.64895,0.6483,0.64845,1022,0,0
2025-10-10 23:00:00,0.64845,0.64856,0.64826,0.64837,417,0,0
2025-10-10 23:15:00,0.64837,0.64854,0.64828,0.64852,383,0,0
2025-10-10 23:30:00,0.64851,0.64863,0.64826,0.6483,287,0,0
2025-10-10 23:45:00,0.6483,0.64837,0.64699,0.64702,1407,5,0
2025-10-13 00:00:00,0.65092,0.65093,0.64982,0.65056,381,60,0
2025-10-13 00:15:00,0.65056,0.65069,0.6499,0.64996,168,63,0
2025-10-13 00:30:00,0.64996,0.65068,0.6499,0.65022,240,42,0
2025-10-13 00:45:00,0.65022,0.65046,0.64946,0.64954,105,49,0
2025-10-13 01:00:00,0.64954,0.65127,0.64953,0.65012,1108,0,0
2025-10-13 01:15:00,0.65012,0.65045,0.64963,0.64974,1420,0,0
2025-10-13 01:30:00,0.64976,0.65038,0.64969,0.6497,868,0,0
2025-10-13 01:45:00,0.6497,0.64991,0.64944,0.64981,667,0,0
2025-10-13 02:00:00,0.64982,0.64982,0.64915,0.64922,956,0,0
2025-10-13 02:15:00,0.64922,0.65002,0.64914,0.65002,701,0,0
2025-10-13 02:30:00,0.65001,0.65015,0.64929,0.64981,712,0,0
2025-10-13 02:45:00,0.64981,0.64997,0.64959,0.6498,816,0,0
2025-10-13 03:00:00,0.6498,0.65039,0.6497,0.65037,1234,0,0
2025-10-13 03:15:00,0.65037,0.65072,0.65008,0.65023,854,0,0
2025-10-13 03:30:00,0.65023,0.65108,0.65005,0.65107,925,0,0
2025-10-13 03:45:00,0.65107,0.65149,0.65102,0.65147,944,0,0
2025-10-13 04:00:00,0.65151,0.65186,0.65133,0.65141,1196,0,0
2025-10-13 04:15:00,0.65141,0.65231,0.65141,0.65196,1116,0,0
2025-10-13 04:30:00,0.65196,0.65299,0.65188,0.65289,1106,0,0
2025-10-13 04:45:00,0.65289,0.6531,0.65254,0.65267,1046,0,0
2025-10-13 05:00:00,0.65266,0.65327,0.65252,0.65308,802,0,0
2025-10-13 05:15:00,0.65308,0.65313,0.65257,0.65259,552,0,0
2025-10-13 05:30:00,0.65259,0.65275,0.65249,0.65251,467,0,0
2025-10-13 05:45:00,0.65251,0.65262,0.65228,0.65251,444,0,0
2025-10-13 06:00:00,0.65251,0.65293,0.65246,0.65284,449,0,0
2025-10-13 06:15:00,0.65284,0.65289,0.65235,0.65251,394,0,0
2025-10-13 06:30:00,0.65251,0.65252,0.65197,0.65214,650,0,0
2025-10-13 06:45:00,0.65214,0.65217,0.65137,0.65171,610,0,0
2025-10-13 07:00:00,0.65171,0.65206,0.65165,0.65205,347,0,0
2025-10-13 07:15:00,0.65205,0.65242,0.65205,0.65231,501,0,0
2025-10-13 07:30:00,0.65232,0.65242,0.65175,0.65187,372,0,0
2025-10-13 07:45:00,0.65187,0.65232,0.65185,0.65226,338,0,0
2025-10-13 08:00:00,0.65226,0.65256,0.65216,0.65255,585,0,0
2025-10-13 08:15:00,0.65255,0.6527,0.65226,0.65251,509,0,0
2025-10-13 08:30:00,0.65251,0.65268,0.65239,0.6525,534,0,0
2025-10-13 08:45:00,0.6525,0.65259,0.65216,0.65223,564,0,0
2025-10-13 09:00:00,0.65223,0.6524,0.65173,0.65205,894,0,0
2025-10-13 09:15:00,0.65205,0.65262,0.65188,0.65225,951,0,0
2025-10-13 09:30:00,0.65226,0.65283,0.65206,0.65248,1022,0,0
2025-10-13 09:45:00,0.65244,0.65246,0.65174,0.65175,1105,0,0
2025-10-13 10:00:00,0.65174,0.65185,0.65118,0.65135,1425,0,0
2025-10-13 10:15:00,0.65134,0.65227,0.6513,0.65221,1175,0,0
2025-10-13 10:30:00,0.65221,0.65238,0.6519,0.65213,1180,0,0
2025-10-13 10:45:00,0.65212,0.6524,0.65197,0.65219,1054,0,0
2025-10-13 11:00:00,0.65218,0.65253,0.65207,0.65212,973,0,0
2025-10-13 11:15:00,0.65212,0.65223,0.65178,0.65181,935,0,0
2025-10-13 11:30:00,0.65181,0.65206,0.65148,0.6518,983,0,0
2025-10-13 11:45:00,0.6518,0.65216,0.65176,0.65211,884,0,0
2025-10-13 12:00:00,0.65211,0.65247,0.65203,0.65223,800,0,0
2025-10-13 12:15:00,0.65223,0.65225,0.65187,0.65205,485,0,0
2025-10-13 12:30:00,0.65205,0.65225,0.65199,0.65215,478,0,0
2025-10-13 12:45:00,0.65215,0.65247,0.65212,0.6523,563,0,0
2025-10-13 13:00:00,0.6523,0.65236,0.65218,0.65222,524,0,0
2025-10-13 13:15:00,0.65222,0.65231,0.65185,0.65197,635,0,0
2025-10-13 13:30:00,0.65196,0.65232,0.65196,0.65213,569,0,0
2025-10-13 13:45:00,0.65214,0.65226,0.65201,0.65205,496,0,0
2025-10-13 14:00:00,0.65205,0.65245,0.65143,0.65179,1382,0,0
2025-10-13 14:15:00,0.65179,0.65196,0.65124,0.65138,734,0,0
2025-10-13 14:30:00,0.65138,0.6514,0.6507,0.65075,730,0,0
2025-10-13 14:45:00,0.65075,0.65105,0.6506,0.65074,962,0,0
2025-10-13 15:00:00,0.65076,0.65127,0.65062,0.65123,973,0,0
2025-10-13 15:15:00,0.65125,0.6514,0.65078,0.65086,822,0,0
2025-10-13 15:30:00,0.65086,0.65105,0.65068,0.65104,873,0,0
2025-10-13 15:45:00,0.65105,0.65109,0.65065,0.65089,817,0,0
2025-10-13 16:00:00,0.65089,0.65138,0.65081,0.65126,1052,0,0
2025-10-13 16:15:00,0.65126,0.65144,0.65102,0.6513,793,0,0
2025-10-13 16:30:00,0.65132,0.65138,0.65094,0.65103,1413,0,0
2025-10-13 16:45:00,0.65102,0.65191,0.65097,0.65185,1348,0,0
2025-10-13 17:00:00,0.65185,0.65201,0.65135,0.65137,1200,0,0
2025-10-13 17:15:00,0.65138,0.65153,0.6505,0.65084,1249,0,0
2025-10-13 17:30:00,0.65084,0.65155,0.65074,0.65149,1263,0,0
2025-10-13 17:45:00,0.65149,0.65163,0.65089,0.6512,1352,0,0
2025-10-13 18:00:00,0.6512,0.65191,0.65107,0.65189,1200,0,0
2025-10-13 18:15:00,0.65191,0.65236,0.65186,0.65208,846,0,0
2025-10-13 18:30:00,0.65208,0.65221,0.65178,0.65188,748,0,0
2025-10-13 18:45:00,0.65188,0.65211,0.6518,0.6518,737,0,0
2025-10-13 19:00:00,0.6518,0.65216,0.6518,0.65214,546,0,0
2025-10-13 19:15:00,0.65214,0.65231,0.65166,0.65215,832,0,0
2025-10-13 19:30:00,0.65214,0.65226,0.65194,0.65213,610,0,0
2025-10-13 19:45:00,0.65213,0.65246,0.65206,0.65239,494,0,0
2025-10-13 20:00:00,0.65239,0.65248,0.65179,0.65188,453,0,0
2025-10-13 20:15:00,0.65188,0.65212,0.65178,0.65208,481,0,0
2025-10-13 20:30:00,0.65209,0.65217,0.6519,0.65191,395,0,0
2025-10-13 20:45:00,0.65191,0.65206,0.65188,0.65198,487,0,0
2025-10-13 21:00:00,0.65198,0.65246,0.65197,0.65221,353,0,0
2025-10-13 21:15:00,0.65221,0.65241,0.6522,0.65222,323,0,0
2025-10-13 21:30:00,0.65222,0.65227,0.65184,0.65194,497,0,0
2025-10-13 21:45:00,0.65194,0.65195,0.65141,0.65156,473,0,0
2025-10-13 22:00:00,0.65155,0.65176,0.65153,0.65157,595,0,0
2025-10-13 22:15:00,0.65157,0.6519,0.65157,0.65179,253,0,0
2025-10-13 22:30:00,0.65179,0.65189,0.65174,0.65185,302,0,0
2025-10-13 22:45:00,0.65185,0.65186,0.65155,0.65161,372,0,0
2025-10-13 23:00:00,0.65159,0.65164,0.6515,0.65161,144,0,0
2025-10-13 23:15:00,0.65161,0.65163,0.65144,0.65151,117,0,0
2025-10-13 23:30:00,0.65151,0.65155,0.65133,0.65145,118,0,0
2025-10-13 23:45:00,0.65144,0.65153,0.65135,0.65148,195,5,0
2025-10-14 00:00:00,0.65133,0.65143,0.65068,0.65143,27,13,0
2025-10-14 00:15:00,0.65143,0.65165,0.65134,0.65161,78,41,0
2025-10-14 00:30:00,0.65166,0.65174,0.65148,0.65156,57,37,0
2025-10-14 00:45:00,0.65157,0.6516,0.65099,0.65142,117,27,0
2025-10-14 01:00:00,0.65142,0.65177,0.65131,0.65173,189,0,0
2025-10-14 01:15:00,0.65173,0.65186,0.65173,0.65176,197,0,0
2025-10-14 01:30:00,0.65176,0.65186,0.65165,0.65175,224,0,0
2025-10-14 01:45:00,0.65175,0.65185,0.65165,0.65179,219,0,0
2025-10-14 02:00:00,0.65179,0.65186,0.65133,0.65153,342,0,0
2025-10-14 02:15:00,0.65153,0.6518,0.65148,0.65156,224,0,0
2025-10-14 02:30:00,0.65156,0.65178,0.6514,0.65141,306,0,0
2025-10-14 02:45:00,0.65141,0.65147,0.65105,0.65121,489,0,0
2025-10-14 03:00:00,0.65119,0.6515,0.65105,0.65134,996,0,0
2025-10-14 03:15:00,0.65134,0.65172,0.65134,0.65159,640,0,0
2025-10-14 03:30:00,0.6516,0.65212,0.65144,0.65206,617,0,0
2025-10-14 03:45:00,0.65206,0.6521,0.65158,0.65185,716,0,0
2025-10-14 04:00:00,0.65187,0.65197,0.6512,0.65135,970,0,0
2025-10-14 04:15:00,0.65135,0.65173,0.65104,0.6516,779,0,0
2025-10-14 04:30:00,0.65161,0.65174,0.65128,0.65141,769,0,0
2025-10-14 04:45:00,0.65141,0.65142,0.6509,0.65108,619,0,0
2025-10-14 05:00:00,0.65108,0.65131,0.65097,0.65115,483,0,0
2025-10-14 05:15:00,0.65115,0.65131,0.65075,0.65077,391,0,0
2025-10-14 05:30:00,0.65077,0.65155,0.65075,0.65137,459,0,0
2025-10-14 05:45:00,0.65137,0.65144,0.65094,0.65094,471,0,0
2025-10-14 06:00:00,0.65094,0.65109,0.65024,0.6504,628,0,0
2025-10-14 06:15:00,0.65041,0.65057,0.64978,0.6499,672,0,0
2025-10-14 06:30:00,0.64989,0.64991,0.64924,0.64984,631,0,0
2025-10-14 06:45:00,0.64984,0.65006,0.6497,0.64981,512,0,0
2025-10-14 07:00:00,0.64981,0.64992,0.64829,0.64877,1209,0,0
2025-10-14 07:15:00,0.64877,0.64888,0.64809,0.64819,1218,0,0
2025-10-14 07:30:00,0.64819,0.64855,0.64781,0.64795,901,0,0
2025-10-14 07:45:00,0.64795,0.64828,0.64759,0.64803,830,0,0
2025-10-14 08:00:00,0.64803,0.64804,0.64743,0.64776,930,0,0
2025-10-14 08:15:00,0.64775,0.64785,0.64731,0.64742,807,0,0
2025-10-14 08:30:00,0.64742,0.64743,0.64629,0.64652,1154,0,0
2025-10-14 08:45:00,0.64652,0.6473,0.64638,0.64687,1149,0,0
2025-10-14 09:00:00,0.64688,0.64733,0.64654,0.64729,1599,0,0
2025-10-14 09:15:00,0.64729,0.64755,0.64644,0.64669,1541,0,0
2025-10-14 09:30:00,0.64669,0.64685,0.64612,0.64631,1139,0,0
2025-10-14 09:45:00,0.64631,0.64682,0.64622,0.64677,1009,0,0
2025-10-14 10:00:00,0.64678,0.64688,0.64611,0.64647,1520,0,0
2025-10-14 10:15:00,0.64647,0.64699,0.64642,0.64648,1238,0,0
2025-10-14 10:30:00,0.64648,0.64652,0.64493,0.645,1681,0,0
2025-10-14 10:45:00,0.645,0.64582,0.64499,0.64548,1420,0,0
2025-10-14 11:00:00,0.64547,0.64622,0.64538,0.64607,1327,0,0
2025-10-14 11:15:00,0.64607,0.64642,0.64581,0.64641,789,0,0
2025-10-14 11:30:00,0.64641,0.64663,0.64591,0.64599,890,0,0
2025-10-14 11:45:00,0.64599,0.64614,0.64559,0.64581,825,0,0
2025-10-14 12:00:00,0.64581,0.64581,0.64518,0.64529,723,0,0
2025-10-14 12:15:00,0.64529,0.64607,0.64524,0.64596,788,0,0
2025-10-14 12:30:00,0.64598,0.64598,0.64554,0.64565,717,0,0
2025-10-14 12:45:00,0.64565,0.64565,0.64474,0.64485,854,0,0
2025-10-14 13:00:00,0.64483,0.64491,0.64435,0.64446,845,0,0
2025-10-14 13:15:00,0.64446,0.64473,0.64406,0.64458,830,0,0
2025-10-14 13:30:00,0.64458,0.64484,0.64431,0.64438,970,0,0
2025-10-14 13:45:00,0.64438,0.64454,0.64403,0.64453,951,0,0
2025-10-14 14:00:00,0.64452,0.64486,0.64435,0.6447,832,0,0
2025-10-14 14:15:00,0.6447,0.64552,0.64468,0.64536,843,0,0
2025-10-14 14:30:00,0.64536,0.64553,0.64517,0.64539,764,0,0
2025-10-14 14:45:00,0.64539,0.64574,0.64525,0.64544,902,0,0
2025-10-14 15:00:00,0.64544,0.64548,0.64509,0.64523,931,0,0
2025-10-14 15:15:00,0.64523,0.64538,0.64478,0.64482,1249,0,0
2025-10-14 15:30:00,0.64482,0.64498,0.64425,0.64451,1233,0,0
2025-10-14 15:45:00,0.6445,0.64478,0.64447,0.64469,960,0,0
2025-10-14 16:00:00,0.64469,0.64594,0.64465,0.64585,1345,0,0
2025-10-14 16:15:00,0.64584,0.64597,0.64541,0.64584,1352,0,0
2025-10-14 16:30:00,0.64583,0.64599,0.64514,0.64523,1847,0,0
2025-10-14 16:45:00,0.64524,0.64627,0.64514,0.64599,1814,0,0
2025-10-14 17:00:00,0.64599,0.64721,0.64599,0.64719,1534,0,0
2025-10-14 17:15:00,0.64716,0.64792,0.64691,0.64749,1342,0,0
2025-10-14 17:30:00,0.64751,0.64853,0.64742,0.64826,1291,0,0
2025-10-14 17:45:00,0.64826,0.64857,0.64796,0.64845,1234,0,0
2025-10-14 18:00:00,0.64845,0.64849,0.64802,0.6483,1022,0,0
2025-10-14 18:15:00,0.6483,0.6484,0.64802,0.64813,1002,0,0
2025-10-14 18:30:00,0.64813,0.64871,0.64809,0.64865,1451,0,0
2025-10-14 18:45:00,0.64865,0.64928,0.64865,0.64905,1139,0,0
2025-10-14 19:00:00,0.64905,0.64931,0.64871,0.64888,1080,0,0
2025-10-14 19:15:00,0.64888,0.64966,0.64858,0.64903,1575,0,0
2025-10-14 19:30:00,0.64904,0.6494,0.64877,0.64935,949,0,0
2025-10-14 19:45:00,0.64935,0.64972,0.64918,0.64919,1130,0,0
2025-10-14 20:00:00,0.64916,0.6493,0.64874,0.64915,1152,0,0
2025-10-14 20:15:00,0.64916,0.64925,0.64874,0.64879,905,0,0
2025-10-14 20:30:00,0.64877,0.64906,0.64872,0.64906,780,0,0
2025-10-14 20:45:00,0.64906,0.64934,0.64894,0.64915,655,0,0
2025-10-14 21:00:00,0.64914,0.64936,0.64903,0.64918,649,0,0
2025-10-14 21:15:00,0.64918,0.6492,0.64883,0.64905,572,0,0
2025-10-14 21:30:00,0.64905,0.64915,0.64879,0.64882,596,0,0
2025-10-14 21:45:00,0.64882,0.64922,0.64879,0.64911,640,0,0
2025-10-14 22:00:00,0.64911,0.64952,0.64905,0.64912,451,0,0
2025-10-14 22:15:00,0.64913,0.6494,0.6491,0.64924,382,0,0
2025-10-14 22:30:00,0.64924,0.64932,0.64801,0.64817,1653,0,0
2025-10-14 22:45:00,0.64818,0.6485,0.64785,0.64837,1321,0,0
2025-10-14 23:00:00,0.64837,0.64847,0.64813,0.64822,412,0,0
2025-10-14 23:15:00,0.64821,0.64832,0.648,0.64805,197,0,0
2025-10-14 23:30:00,0.64805,0.6483,0.64804,0.64827,152,0,0
2025-10-14 23:45:00,0.64827,0.64861,0.64822,0.64859,269,5,0
2025-10-15 00:00:00,0.64846,0.64846,0.64776,0.64832,20,24,0
2025-10-15 00:15:00,0.64832,0.64832,0.64796,0.64798,32,50,0
2025-10-15 00:30:00,0.64802,0.64833,0.64802,0.64832,116,38,0
2025-10-15 00:45:00,0.64832,0.64849,0.64828,0.64845,57,29,0
2025-10-15 01:00:00,0.64845,0.64924,0.64844,0.64911,374,0,0
2025-10-15 01:15:00,0.64911,0.64917,0.64879,0.64886,278,0,0
2025-10-15 01:30:00,0.64886,0.6492,0.64886,0.64894,279,0,0
2025-10-15 01:45:00,0.64894,0.64921,0.64892,0.64917,237,0,0
2025-10-15 02:00:00,0.64918,0.64931,0.64902,0.64929,295,0,0
2025-10-15 02:15:00,0.64929,0.64951,0.64921,0.64937,350,0,0
2025-10-15 02:30:00,0.64936,0.64952,0.64925,0.64946,280,0,0
2025-10-15 02:45:00,0.64949,0.64949,0.6491,0.6491,387,0,0
2025-10-15 03:00:00,0.64909,0.64932,0.64875,0.64884,716,0,0
2025-10-15 03:15:00,0.64884,0.64906,0.64861,0.64896,607,0,0
2025-10-15 03:30:00,0.64896,0.64931,0.64883,0.64928,504,0,0
2025-10-15 03:45:00,0.64928,0.64961,0.64927,0.6496,597,0,0
2025-10-15 04:00:00,0.6496,0.6497,0.64926,0.6495,624,0,0
2025-10-15 04:15:00,0.6495,0.6505,0.6495,0.65021,1061,0,0
2025-10-15 04:30:00,0.65021,0.6504,0.64946,0.64957,822,0,0
2025-10-15 04:45:00,0.64957,0.65042,0.64957,0.65022,684,0,0
2025-10-15 05:00:00,0.65022,0.65083,0.65015,0.65076,780,0,0
2025-10-15 05:15:00,0.65076,0.65136,0.65072,0.65115,669,0,0
2025-10-15 05:30:00,0.65115,0.65115,0.6507,0.65073,605,0,0
2025-10-15 05:45:00,0.65073,0.651,0.65069,0.65079,542,0,0
2025-10-15 06:00:00,0.65079,0.65114,0.65065,0.65109,536,0,0
2025-10-15 06:15:00,0.65108,0.65148,0.65091,0.65141,443,0,0
2025-10-15 06:30:00,0.65141,0.65164,0.65122,0.65131,455,0,0
2025-10-15 06:45:00,0.65131,0.65153,0.65117,0.65128,369,0,0
2025-10-15 07:00:00,0.65128,0.65148,0.65121,0.65142,345,0,0
2025-10-15 07:15:00,0.65142,0.65155,0.65124,0.65146,418,0,0
2025-10-15 07:30:00,0.65146,0.65183,0.65132,0.65146,514,0,0
2025-10-15 07:45:00,0.65146,0.65151,0.65126,0.65144,314,0,0
2025-10-15 08:00:00,0.65149,0.65166,0.65145,0.65159,472,0,0
2025-10-15 08:15:00,0.65159,0.65181,0.65148,0.65161,386,0,0
2025-10-15 08:30:00,0.65161,0.6518,0.65146,0.65149,364,0,0
2025-10-15 08:45:00,0.65149,0.65149,0.65116,0.65128,401,0,0
2025-10-15 09:00:00,0.65129,0.65203,0.65107,0.65201,738,0,0
2025-10-15 09:15:00,0.65201,0.65224,0.6517,0.65191,792,0,0
2025-10-15 09:30:00,0.65192,0.65221,0.65166,0.65216,695,0,0
2025-10-15 09:45:00,0.65214,0.65234,0.65189,0.65201,684,0,0
2025-10-15 10:00:00,0.65202,0.65223,0.65174,0.65201,856,0,0
2025-10-15 10:15:00,0.65202,0.6521,0.65132,0.65143,692,0,0
2025-10-15 10:30:00,0.65142,0.65195,0.6513,0.65193,751,0,0
2025-10-15 10:45:00,0.65191,0.65203,0.65153,0.65164,834,0,0
2025-10-15 11:00:00,0.65164,0.65187,0.65161,0.65175,866,0,0
2025-10-15 11:15:00,0.65175,0.6521,0.6517,0.6519,792,0,0
2025-10-15 11:30:00,0.6519,0.65202,0.65169,0.65183,544,0,0
2025-10-15 11:45:00,0.65184,0.65204,0.65163,0.65176,745,0,0
2025-10-15 12:00:00,0.65176,0.65192,0.65159,0.65186,706,0,0
2025-10-15 12:15:00,0.65186,0.6519,0.65141,0.65148,620,0,0
2025-10-15 12:30:00,0.65148,0.65173,0.65148,0.65169,572,0,0
2025-10-15 12:45:00,0.65169,0.65213,0.6516,0.65211,533,0,0
2025-10-15 13:00:00,0.6521,0.65231,0.6519,0.65212,605,0,0
2025-10-15 13:15:00,0.65212,0.65212,0.65174,0.65185,542,0,0
2025-10-15 13:30:00,0.65185,0.65186,0.6516,0.65167,478,0,0
2025-10-15 13:45:00,0.65167,0.65218,0.65164,0.65213,437,0,0
2025-10-15 14:00:00,0.65213,0.65232,0.65199,0.65215,457,0,0
2025-10-15 14:15:00,0.65215,0.65221,0.65195,0.65195,371,0,0
2025-10-15 14:30:00,0.65195,0.65196,0.65169,0.65176,425,0,0
2025-10-15 14:45:00,0.65176,0.65176,0.65137,0.65143,556,0,0
2025-10-15 15:00:00,0.65143,0.65179,0.65141,0.65156,736,0,0
2025-10-15 15:15:00,0.65157,0.65167,0.65134,0.65151,929,0,0
2025-10-15 15:30:00,0.65153,0.6518,0.65114,0.6513,1071,0,0
2025-10-15 15:45:00,0.65131,0.65157,0.65073,0.65084,1152,0,0
2025-10-15 16:00:00,0.65085,0.65129,0.65055,0.65105,1121,0,0
2025-10-15 16:15:00,0.65102,0.65123,0.65092,0.65117,835,0,0
2025-10-15 16:30:00,0.65117,0.65157,0.65075,0.65093,1587,0,0
2025-10-15 16:45:00,0.65093,0.6512,0.65039,0.65101,1566,0,0
2025-10-15 17:00:00,0.65101,0.65152,0.65101,0.65133,1138,0,0
2025-10-15 17:15:00,0.65133,0.65141,0.65105,0.65114,847,0,0
2025-10-15 17:30:00,0.65114,0.6514,0.65102,0.65125,907,0,0
2025-10-15 17:45:00,0.65125,0.65168,0.65118,0.65166,1069,0,0
2025-10-15 18:00:00,0.65166,0.6517,0.6513,0.65157,798,0,0
2025-10-15 18:15:00,0.65157,0.65215,0.65154,0.65215,899,0,0
2025-10-15 18:30:00,0.65218,0.6523,0.65139,0.65164,1389,0,0
2025-10-15 18:45:00,0.65164,0.65175,0.65086,0.65124,1603,0,0
2025-10-15 19:00:00,0.65124,0.65139,0.65099,0.65117,1227,0,0
2025-10-15 19:15:00,0.65118,0.65146,0.65106,0.65137,988,0,0
2025-10-15 19:30:00,0.65137,0.65142,0.65107,0.65126,947,0,0
2025-10-15 19:45:00,0.65126,0.65143,0.6511,0.65135,878,0,0
2025-10-15 20:00:00,0.65134,0.65134,0.64915,0.64918,1659,0,0
2025-10-15 20:15:00,0.64916,0.64971,0.64887,0.64944,1838,0,0
2025-10-15 20:30:00,0.64944,0.64999,0.64935,0.64989,1294,0,0
2025-10-15 20:45:00,0.64989,0.65024,0.64987,0.65017,923,0,0
2025-10-15 21:00:00,0.65015,0.65041,0.65004,0.65033,964,0,0
2025-10-15 21:15:00,0.65033,0.65054,0.65021,0.65035,773,0,0
2025-10-15 21:30:00,0.65033,0.65063,0.65026,0.65053,594,0,0
2025-10-15 21:45:00,0.65053,0.65078,0.65036,0.65071,502,0,0
2025-10-15 22:00:00,0.65071,0.65081,0.6506,0.65079,453,0,0
2025-10-15 22:15:00,0.65079,0.65096,0.65076,0.65083,454,0,0
2025-10-15 22:30:00,0.65083,0.65095,0.65063,0.65081,565,0,0
2025-10-15 22:45:00,0.65081,0.65103,0.65059,0.65101,597,0,0
2025-10-15 23:00:00,0.651,0.65123,0.651,0.65102,333,0,0
2025-10-15 23:15:00,0.65102,0.65123,0.65102,0.65104,268,0,0
2025-10-15 23:30:00,0.65104,0.65113,0.65096,0.65104,171,0,0
2025-10-15 23:45:00,0.65104,0.65124,0.65093,0.65122,330,5,0
2025-10-16 00:00:00,0.65113,0.65113,0.64985,0.65066,39,20,0
2025-10-16 00:15:00,0.65066,0.65109,0.65066,0.65095,67,34,0
2025-10-16 00:30:00,0.65098,0.65101,0.6508,0.65083,79,27,0
2025-10-16 00:45:00,0.65082,0.65094,0.65081,0.65086,84,30,0
2025-10-16 01:00:00,0.65086,0.65142,0.65086,0.65129,239,0,0
2025-10-16 01:15:00,0.65129,0.65142,0.65128,0.65136,201,0,0
2025-10-16 01:30:00,0.65136,0.65142,0.65128,0.65142,168,0,0
2025-10-16 01:45:00,0.65142,0.65145,0.65128,0.6513,418,0,0
2025-10-16 02:00:00,0.6513,0.65136,0.65112,0.65114,288,0,0
2025-10-16 02:15:00,0.65114,0.65114,0.65072,0.65074,393,0,0
2025-10-16 02:30:00,0.65074,0.65083,0.65033,0.6505,405,0,0
2025-10-16 02:45:00,0.6505,0.65079,0.65031,0.65077,365,0,0
2025-10-16 03:00:00,0.65077,0.65106,0.6506,0.65078,648,0,0
2025-10-16 03:15:00,0.65078,0.65159,0.65078,0.65148,762,0,0
2025-10-16 03:30:00,0.65137,0.65137,0.64798,0.64887,2008,0,0
2025-10-16 03:45:00,0.64887,0.64911,0.64834,0.64889,1199,0,0
2025-10-16 04:00:00,0.6489,0.65007,0.64889,0.64964,1148,0,0
2025-10-16 04:15:00,0.64964,0.65051,0.64948,0.64951,1142,0,0
2025-10-16 04:30:00,0.6495,0.65008,0.64918,0.64922,1075,0,0
2025-10-16 04:45:00,0.64922,0.65021,0.64922,0.64945,1015,0,0
2025-10-16 05:00:00,0.64946,0.65037,0.6493,0.64991,960,0,0
2025-10-16 05:15:00,0.64991,0.6501,0.64949,0.64952,673,0,0
2025-10-16 05:30:00,0.64952,0.64959,0.64855,0.64856,919,0,0
2025-10-16 05:45:00,0.64857,0.64941,0.64857,0.64929,671,0,0
2025-10-16 06:00:00,0.64929,0.6493,0.64868,0.64872,600,0,0
2025-10-16 06:15:00,0.64872,0.64925,0.64856,0.64887,591,0,0
2025-10-16 06:30:00,0.64886,0.649,0.6482,0.64891,671,0,0
2025-10-16 06:45:00,0.64891,0.64898,0.64852,0.64871,391,0,0
2025-10-16 07:00:00,0.64871,0.64917,0.64858,0.64915,494,0,0
2025-10-16 07:15:00,0.64913,0.64916,0.64884,0.649,352,0,0
2025-10-16 07:30:00,0.649,0.64912,0.64884,0.64901,348,0,0
2025-10-16 07:45:00,0.64901,0.64921,0.6487,0.64907,428,0,0
2025-10-16 08:00:00,0.64906,0.64941,0.649,0.64938,502,0,0
2025-10-16 08:15:00,0.64938,0.6495,0.6489,0.64903,475,0,0
2025-10-16 08:30:00,0.64903,0.64934,0.64894,0.64915,729,0,0
2025-10-16 08:45:00,0.64915,0.64965,0.64892,0.64936,633,0,0
2025-10-16 09:00:00,0.64934,0.64996,0.64924,0.6499,1013,0,0
2025-10-16 09:15:00,0.6499,0.65038,0.64986,0.65029,916,0,0
2025-10-16 09:30:00,0.65029,0.65039,0.64994,0.65001,760,0,0
2025-10-16 09:45:00,0.65,0.65025,0.64999,0.65018,854,0,0
2025-10-16 10:00:00,0.65017,0.6505,0.6501,0.65045,1102,0,0
2025-10-16 10:15:00,0.65045,0.65081,0.65016,0.65056,1039,0,0
2025-10-16 10:30:00,0.65056,0.65069,0.65012,0.65065,894,0,0
2025-10-16 10:45:00,0.65065,0.65091,0.65039,0.6507,1302,0,0
2025-10-16 11:00:00,0.65071,0.65122,0.65053,0.65099,1189,0,0
2025-10-16 11:15:00,0.65099,0.65131,0.65091,0.65098,842,0,0
2025-10-16 11:30:00,0.65099,0.65114,0.65089,0.651,673,0,0
2025-10-16 11:45:00,0.651,0.65102,0.65053,0.65065,719,0,0
2025-10-16 12:00:00,0.65065,0.65098,0.65059,0.65081,642,0,0
2025-10-16 12:15:00,0.65081,0.65081,0.65029,0.65037,647,0,0
2025-10-16 12:30:00,0.65038,0.65047,0.6501,0.65045,635,0,0
2025-10-16 12:45:00,0.65045,0.65078,0.65044,0.6507,478,0,0
2025-10-16 13:00:00,0.6507,0.65107,0.65054,0.65076,607,0,0
2025-10-16 13:15:00,0.65076,0.65109,0.65061,0.65101,514,0,0
2025-10-16 13:30:00,0.65101,0.65101,0.6506,0.65074,567,0,0
2025-10-16 13:45:00,0.65074,0.65087,0.65058,0.65076,560,0,0
2025-10-16 14:00:00,0.65075,0.651,0.65061,0.65066,580,0,0
2025-10-16 14:15:00,0.65066,0.65067,0.65049,0.65059,543,0,0
2025-10-16 14:30:00,0.65059,0.65079,0.65044,0.65061,703,0,0
2025-10-16 14:45:00,0.65061,0.65084,0.65046,0.65066,738,0,0
2025-10-16 15:00:00,0.65067,0.65071,0.6496,0.64982,1004,0,0
2025-10-16 15:15:00,0.64981,0.65003,0.64959,0.6497,767,0,0
2025-10-16 15:30:00,0.64969,0.65019,0.64969,0.6499,1098,0,0
2025-10-16 15:45:00,0.64989,0.6502,0.64968,0.65005,1057,0,0
2025-10-16 16:00:00,0.65005,0.6502,0.64969,0.65003,1211,0,0
2025-10-16 16:15:00,0.65004,0.65026,0.64954,0.64971,1067,0,0
2025-10-16 16:30:00,0.64971,0.64978,0.64896,0.64944,1475,0,0
2025-10-16 16:45:00,0.64944,0.64959,0.64863,0.64863,1547,0,0
2025-10-16 17:00:00,0.64861,0.64902,0.64856,0.6487,1605,0,0
2025-10-16 17:15:00,0.64871,0.64982,0.64869,0.64982,1382,0,0
2025-10-16 17:30:00,0.64983,0.65051,0.64954,0.65009,1132,0,0
2025-10-16 17:45:00,0.65009,0.65075,0.65,0.6503,1320,0,0
2025-10-16 18:00:00,0.65031,0.65048,0.64995,0.65028,1155,0,0
2025-10-16 18:15:00,0.65027,0.65028,0.64957,0.64961,1087,0,0
2025-10-16 18:30:00,0.64961,0.64961,0.64902,0.64916,1383,0,0
2025-10-16 18:45:00,0.64917,0.64945,0.64897,0.64907,1448,0,0
2025-10-16 19:00:00,0.64907,0.64954,0.64893,0.64954,1182,0,0
2025-10-16 19:15:00,0.64954,0.6497,0.64877,0.64882,944,0,0
2025-10-16 19:30:00,0.64882,0.64884,0.64735,0.64777,1825,0,0
2025-10-16 19:45:00,0.64775,0.64912,0.64749,0.64905,1532,0,0
2025-10-16 20:00:00,0.64905,0.6493,0.64849,0.64911,1697,0,0
2025-10-16 20:15:00,0.64911,0.64961,0.64902,0.64953,1111,0,0
2025-10-16 20:30:00,0.64953,0.64963,0.64869,0.64888,886,0,0
2025-10-16 20:45:00,0.64888,0.64891,0.64809,0.64845,793,0,0
2025-10-16 21:00:00,0.64844,0.64855,0.6475,0.64753,940,0,0
2025-10-16 21:15:00,0.64753,0.64765,0.64719,0.64735,1020,0,0
2025-10-16 21:30:00,0.64735,0.64833,0.64711,0.64824,975,0,0
2025-10-16 21:45:00,0.64825,0.64861,0.64808,0.64841,873,0,0
2025-10-16 22:00:00,0.64844,0.6485,0.6481,0.64819,767,0,0
2025-10-16 22:15:00,0.64819,0.64824,0.64773,0.64802,703,0,0
2025-10-16 22:30:00,0.64801,0.6483,0.64783,0.64814,686,0,0
2025-10-16 22:45:00,0.64814,0.64858,0.64793,0.64844,719,0,0
2025-10-16 23:00:00,0.64844,0.6485,0.64828,0.64829,307,0,0
2025-10-16 23:15:00,0.6483,0.64853,0.64829,0.64849,190,0,0
2025-10-16 23:30:00,0.64849,0.6486,0.64834,0.64859,143,0,0
2025-10-16 23:45:00,0.64859,0.64875,0.64845,0.64845,190,0,0
2025-10-17 00:00:00,0.6483,0.6483,0.64754,0.64823,26,22,0
2025-10-17 00:15:00,0.64823,0.64823,0.64796,0.64796,19,41,0
2025-10-17 00:30:00,0.64796,0.64844,0.64796,0.64842,111,30,0
2025-10-17 00:45:00,0.64842,0.64845,0.6484,0.64841,44,29,0
2025-10-17 01:00:00,0.64831,0.64886,0.64812,0.64874,307,0,0
2025-10-17 01:15:00,0.64874,0.64899,0.64873,0.64898,290,0,0
2025-10-17 01:30:00,0.64898,0.649,0.64872,0.64879,186,0,0
2025-10-17 01:45:00,0.64879,0.64889,0.64848,0.64854,329,0,0
2025-10-17 02:00:00,0.64855,0.64878,0.64839,0.6484,342,0,0
2025-10-17 02:15:00,0.6484,0.64853,0.64832,0.64836,245,0,0
2025-10-17 02:30:00,0.64836,0.64842,0.64792,0.64802,287,0,0
2025-10-17 02:45:00,0.64802,0.64826,0.64753,0.64819,419,0,0
2025-10-17 03:00:00,0.64819,0.64835,0.64771,0.648,591,0,0
2025-10-17 03:15:00,0.648,0.64835,0.6479,0.64803,557,0,0
2025-10-17 03:30:00,0.64802,0.64845,0.6479,0.64844,406,0,0
2025-10-17 03:45:00,0.64844,0.6487,0.6483,0.64838,553,0,0
2025-10-17 04:00:00,0.64838,0.64921,0.6483,0.64863,783,0,0
2025-10-17 04:15:00,0.64863,0.64872,0.64835,0.64847,789,0,0
2025-10-17 04:30:00,0.64847,0.64865,0.64786,0.648,857,0,0
2025-10-17 04:45:00,0.648,0.64802,0.64706,0.64721,965,0,0
2025-10-17 05:00:00,0.64721,0.64731,0.64655,0.64716,753,0,0
2025-10-17 05:15:00,0.64716,0.64717,0.64674,0.6469,546,0,0
2025-10-17 05:30:00,0.6469,0.64724,0.64685,0.64696,500,0,0
2025-10-17 05:45:00,0.64696,0.6471,0.64669,0.64693,420,0,0
2025-10-17 06:00:00,0.64693,0.6471,0.64674,0.64704,404,0,0
2025-10-17 06:15:00,0.64704,0.64744,0.64704,0.64709,317,0,0
2025-10-17 06:30:00,0.64709,0.64712,0.64624,0.6464,614,0,0
2025-10-17 06:45:00,0.6464,0.6467,0.64633,0.64669,452,0,0
2025-10-17 07:00:00,0.6467,0.64712,0.6467,0.64695,372,0,0
2025-10-17 07:15:00,0.64695,0.6472,0.6469,0.64717,398,0,0
2025-10-17 07:30:00,0.64717,0.64749,0.64702,0.64707,322,0,0
2025-10-17 07:45:00,0.64707,0.64744,0.64707,0.64743,343,0,0
2025-10-17 08:00:00,0.64743,0.64765,0.6471,0.64731,527,0,0
2025-10-17 08:15:00,0.64731,0.64739,0.6469,0.64736,461,0,0
2025-10-17 08:30:00,0.64736,0.64752,0.64714,0.64729,371,0,0
2025-10-17 08:45:00,0.64729,0.64775,0.64729,0.64767,472,0,0
2025-10-17 09:00:00,0.64767,0.64794,0.64705,0.64714,742,0,0
2025-10-17 09:15:00,0.64714,0.64764,0.64711,0.64725,758,0,0
2025-10-17 09:30:00,0.64727,0.64755,0.6471,0.64734,1129,0,0
2025-10-17 09:45:00,0.64734,0.64741,0.64675,0.64682,967,0,0
2025-10-17 10:00:00,0.64681,0.64681,0.64511,0.64512,1570,0,0
2025-10-17 10:15:00,0.64512,0.64563,0.64436,0.64538,1752,0,0
2025-10-17 10:30:00,0.64538,0.6459,0.64489,0.6459,1375,0,0
2025-10-17 10:45:00,0.6459,0.64646,0.64581,0.64624,1105,0,0
2025-10-17 11:00:00,0.64624,0.6465,0.64531,0.64535,1289,0,0
2025-10-17 11:15:00,0.64535,0.6459,0.64517,0.64557,984,0,0
2025-10-17 11:30:00,0.64557,0.64592,0.64526,0.64564,927,0,0
2025-10-17 11:45:00,0.64566,0.64606,0.64544,0.64595,955,0,0
2025-10-17 12:00:00,0.64595,0.64645,0.64582,0.64635,851,0,0
2025-10-17 12:15:00,0.64635,0.64675,0.64631,0.64657,732,0,0
2025-10-17 12:30:00,0.64657,0.64669,0.6462,0.64637,824,0,0
2025-10-17 12:45:00,0.64637,0.6469,0.6463,0.64676,767,0,0
2025-10-17 13:00:00,0.64676,0.64685,0.64646,0.64663,729,0,0
2025-10-17 13:15:00,0.64664,0.64678,0.64611,0.6463,778,0,0
2025-10-17 13:30:00,0.6463,0.6467,0.64626,0.64662,799,0,0
2025-10-17 13:45:00,0.64662,0.648,0.64658,0.64779,1024,0,0
2025-10-17 14:00:00,0.6478,0.64976,0.64743,0.6497,1755,0,0
2025-10-17 14:15:00,0.6497,0.65025,0.64879,0.64907,1578,0,0
2025-10-17 14:30:00,0.64907,0.64949,0.64871,0.64892,1058,0,0
2025-10-17 14:45:00,0.64892,0.64911,0.64822,0.64869,873,0,0
2025-10-17 15:00:00,0.64869,0.64927,0.64811,0.64841,1310,0,0
2025-10-17 15:15:00,0.64842,0.64846,0.64733,0.64752,1268,0,0
2025-10-17 15:30:00,0.64752,0.64819,0.64699,0.64744,1303,0,0
2025-10-17 15:45:00,0.64744,0.64804,0.64734,0.64748,1103,0,0
2025-10-17 16:00:00,0.64745,0.64801,0.64712,0.64786,1022,0,0
2025-10-17 16:15:00,0.64786,0.64822,0.64768,0.64784,879,0,0
2025-10-17 16:30:00,0.64785,0.64823,0.64718,0.6474,1848,0,0
2025-10-17 16:45:00,0.64739,0.64841,0.64734,0.64772,1405,0,0
2025-10-17 17:00:00,0.64769,0.64805,0.6474,0.64782,1748,0,0
2025-10-17 17:15:00,0.64784,0.64815,0.64763,0.64791,1426,0,0
2025-10-17 17:30:00,0.64791,0.64809,0.64715,0.64761,1355,0,0
2025-10-17 17:45:00,0.64761,0.64864,0.64754,0.64845,1536,0,0
2025-10-17 18:00:00,0.64845,0.64881,0.64797,0.64798,1233,0,0
2025-10-17 18:15:00,0.64799,0.64817,0.64756,0.64761,913,0,0
2025-10-17 18:30:00,0.64761,0.64812,0.64734,0.64792,1152,0,0
2025-10-17 18:45:00,0.64792,0.64865,0.64788,0.64854,1102,0,0
2025-10-17 19:00:00,0.64854,0.649,0.64848,0.64888,796,0,0
2025-10-17 19:15:00,0.64888,0.6491,0.64872,0.64884,588,0,0
2025-10-17 19:30:00,0.64884,0.64901,0.64855,0.64863,597,0,0
2025-10-17 19:45:00,0.64864,0.649,0.64839,0.64846,786,0,0
2025-10-17 20:00:00,0.64846,0.64859,0.64823,0.64848,875,0,0
2025-10-17 20:15:00,0.64848,0.64875,0.64845,0.64856,630,0,0
2025-10-17 20:30:00,0.64858,0.64899,0.64849,0.64882,682,0,0
2025-10-17 20:45:00,0.64882,0.64928,0.64868,0.64899,719,0,0
2025-10-17 21:00:00,0.649,0.64959,0.64896,0.64951,623,0,0
2025-10-17 21:15:00,0.64951,0.65007,0.64948,0.6498,562,0,0
2025-10-17 21:30:00,0.6498,0.65003,0.64973,0.64994,481,0,0
2025-10-17 21:45:00,0.64994,0.65008,0.64968,0.64974,437,0,0
2025-10-17 22:00:00,0.64974,0.65008,0.64974,0.65006,457,0,0
2025-10-17 22:15:00,0.65006,0.65011,0.64989,0.65005,339,0,0
2025-10-17 22:30:00,0.65005,0.65014,0.64992,0.64995,388,0,0
2025-10-17 22:45:00,0.64994,0.65005,0.64979,0.65,530,0,0
2025-10-17 23:00:00,0.65,0.65002,0.64971,0.64979,231,0,0
2025-10-17 23:15:00,0.64979,0.64995,0.64963,0.64981,180,0,0
2025-10-17 23:30:00,0.64981,0.64981,0.6495,0.64956,188,0,0
2025-10-17 23:45:00,0.64956,0.6496,0.6492,0.64921,345,0,0
2025-10-20 00:00:00,0.64866,0.64898,0.64848,0.64897,87,49,0
2025-10-20 00:15:00,0.64897,0.64933,0.64891,0.64907,68,37,0
2025-10-20 00:30:00,0.64906,0.64943,0.64882,0.64906,66,37,0
2025-10-20 00:45:00,0.64906,0.64971,0.64874,0.6497,111,34,0
2025-10-20 01:00:00,0.6497,0.65036,0.64966,0.65032,425,0,0
2025-10-20 01:15:00,0.65032,0.65045,0.65019,0.65037,332,0,0
2025-10-20 01:30:00,0.65037,0.65051,0.65026,0.65041,264,0,0
2025-10-20 01:45:00,0.65041,0.65061,0.65038,0.6506,191,0,0
2025-10-20 02:00:00,0.6506,0.65061,0.65016,0.65019,308,0,0
2025-10-20 02:15:00,0.65019,0.65035,0.64997,0.65008,296,0,0
2025-10-20 02:30:00,0.65008,0.65019,0.65003,0.65003,187,0,0
2025-10-20 02:45:00,0.65002,0.65017,0.64983,0.65012,328,0,0
2025-10-20 03:00:00,0.65012,0.65016,0.64959,0.6498,604,0,0
2025-10-20 03:15:00,0.6498,0.65036,0.64973,0.6499,649,0,0
2025-10-20 03:30:00,0.64989,0.65049,0.64972,0.65035,468,0,0
2025-10-20 03:45:00,0.65035,0.65059,0.6502,0.65057,544,0,0
2025-10-20 04:00:00,0.65057,0.65144,0.65057,0.65125,663,0,0
2025-10-20 04:15:00,0.65125,0.65151,0.65103,0.65107,639,0,0
2025-10-20 04:30:00,0.65107,0.65111,0.65041,0.65058,846,0,0
2025-10-20 04:45:00,0.65058,0.65071,0.65044,0.65049,435,0,0
2025-10-20 05:00:00,0.65051,0.65119,0.65051,0.6511,396,0,0
2025-10-20 05:15:00,0.6511,0.65128,0.65094,0.65125,369,0,0
2025-10-20 05:30:00,0.65124,0.65128,0.65092,0.65093,372,0,0
2025-10-20 05:45:00,0.65093,0.65107,0.6507,0.65074,382,0,0
2025-10-20 06:00:00,0.65074,0.65081,0.65057,0.65067,255,0,0
2025-10-20 06:15:00,0.65067,0.65076,0.65056,0.65056,200,0,0
2025-10-20 06:30:00,0.65056,0.65081,0.65055,0.65066,215,0,0
2025-10-20 06:45:00,0.65066,0.65077,0.64998,0.65036,388,0,0
2025-10-20 07:00:00,0.65036,0.65057,0.65003,0.6501,278,0,0
2025-10-20 07:15:00,0.65015,0.65051,0.65015,0.65028,233,0,0
2025-10-20 07:30:00,0.65027,0.65054,0.65009,0.65029,276,0,0
2025-10-20 07:45:00,0.65029,0.65044,0.65019,0.65026,233,0,0
2025-10-20 08:00:00,0.65026,0.65043,0.65014,0.65031,328,0,0
2025-10-20 08:15:00,0.65031,0.65051,0.65024,0.6505,295,0,0
2025-10-20 08:30:00,0.65049,0.65076,0.65044,0.65065,381,0,0
2025-10-20 08:45:00,0.65065,0.65088,0.65056,0.6507,340,0,0
2025-10-20 09:00:00,0.65067,0.65068,0.65005,0.65026,818,0,0
2025-10-20 09:15:00,0.65026,0.65042,0.64959,0.64966,658,0,0
2025-10-20 09:30:00,0.64966,0.65015,0.64963,0.65014,721,0,0
2025-10-20 09:45:00,0.65014,0.65014,0.64973,0.64975,755,0,0
2025-10-20 10:00:00,0.64975,0.65001,0.64915,0.6499,932,0,0
2025-10-20 10:15:00,0.6499,0.65022,0.64985,0.65019,708,0,0
2025-10-20 10:30:00,0.65019,0.65027,0.64993,0.65005,566,0,0
2025-10-20 10:45:00,0.65005,0.6501,0.64949,0.64961,562,0,0
2025-10-20 11:00:00,0.64961,0.65002,0.64939,0.65002,703,0,0
2025-10-20 11:15:00,0.65002,0.65007,0.64971,0.64981,537,0,0
2025-10-20 11:30:00,0.64981,0.64991,0.64956,0.6496,513,0,0
2025-10-20 11:45:00,0.6496,0.6499,0.6494,0.64971,663,0,0
2025-10-20 12:00:00,0.64971,0.64999,0.64941,0.64982,893,0,0
2025-10-20 12:15:00,0.64982,0.65015,0.64974,0.64985,543,0,0
2025-10-20 12:30:00,0.64985,0.64986,0.64936,0.64949,456,0,0
2025-10-20 12:45:00,0.64948,0.64956,0.64914,0.64927,586,0,0
2025-10-20 13:00:00,0.64926,0.64947,0.64893,0.6492,636,0,0
2025-10-20 13:15:00,0.64919,0.64926,0.64901,0.64916,502,0,0
2025-10-20 13:30:00,0.64916,0.64926,0.64894,0.64915,507,0,0
2025-10-20 13:45:00,0.64914,0.64926,0.64894,0.649,561,0,0
2025-10-20 14:00:00,0.649,0.64913,0.64889,0.64904,481,0,0
2025-10-20 14:15:00,0.64904,0.64932,0.64898,0.64922,424,0,0
2025-10-20 14:30:00,0.64922,0.64922,0.64846,0.64865,737,0,0
2025-10-20 14:45:00,0.64865,0.64907,0.64859,0.64905,496,0,0
2025-10-20 15:00:00,0.64905,0.64916,0.64873,0.64906,633,0,0
2025-10-20 15:15:00,0.64906,0.64918,0.64882,0.64883,562,0,0
2025-10-20 15:30:00,0.64883,0.64904,0.64876,0.64888,641,0,0
2025-10-20 15:45:00,0.64888,0.64941,0.64884,0.64925,678,0,0
2025-10-20 16:00:00,0.64926,0.64936,0.64904,0.64916,819,0,0
2025-10-20 16:15:00,0.64916,0.64983,0.64913,0.64971,603,0,0
2025-10-20 16:30:00,0.64971,0.65018,0.64971,0.64999,916,0,0
2025-10-20 16:45:00,0.65,0.6502,0.6498,0.64997,750,0,0
2025-10-20 17:00:00,0.64997,0.6505,0.64982,0.65049,751,0,0
2025-10-20 17:15:00,0.65049,0.65097,0.65045,0.6509,810,0,0
2025-10-20 17:30:00,0.6509,0.65092,0.65038,0.65078,818,0,0
2025-10-20 17:45:00,0.65077,0.65116,0.65074,0.65111,737,0,0
2025-10-20 18:00:00,0.65111,0.65125,0.65089,0.65112,690,0,0
2025-10-20 18:15:00,0.65112,0.65158,0.6511,0.65152,502,0,0
2025-10-20 18:30:00,0.65152,0.65198,0.65134,0.65183,596,0,0
2025-10-20 18:45:00,0.65183,0.65213,0.65139,0.65156,1005,0,0
2025-10-20 19:00:00,0.65155,0.6519,0.65144,0.6516,587,0,0
2025-10-20 19:15:00,0.6516,0.65186,0.65149,0.65154,560,0,0
2025-10-20 19:30:00,0.65154,0.65161,0.65144,0.65147,397,0,0
2025-10-20 19:45:00,0.65147,0.65149,0.6513,0.6514,399,0,0
2025-10-20 20:00:00,0.6514,0.65175,0.65137,0.65155,311,0,0
2025-10-20 20:15:00,0.65155,0.65165,0.65145,0.65162,347,0,0
2025-10-20 20:30:00,0.65162,0.65162,0.65134,0.65152,290,0,0
2025-10-20 20:45:00,0.65151,0.65156,0.6513,0.6513,251,0,0
2025-10-20 21:00:00,0.6513,0.65155,0.65126,0.65147,218,0,0
2025-10-20 21:15:00,0.65147,0.6515,0.65124,0.65132,234,0,0
2025-10-20 21:30:00,0.65132,0.65154,0.65126,0.65131,255,0,0
2025-10-20 21:45:00,0.65131,0.65157,0.65129,0.65148,299,0,0
2025-10-20 22:00:00,0.65148,0.65165,0.65145,0.6515,299,0,0
2025-10-20 22:15:00,0.6515,0.6515,0.6514,0.65145,167,0,0
2025-10-20 22:30:00,0.65145,0.65148,0.65131,0.65141,244,0,0
2025-10-20 22:45:00,0.65141,0.65156,0.65136,0.65139,244,0,0
2025-10-20 23:00:00,0.65139,0.65139,0.6512,0.65122,199,0,0
2025-10-20 23:15:00,0.65122,0.65141,0.65122,0.65141,112,0,0
2025-10-20 23:30:00,0.65141,0.65144,0.65132,0.65135,96,0,0
2025-10-20 23:45:00,0.65135,0.65137,0.6512,0.65126,190,5,0
2025-10-21 00:00:00,0.65123,0.65123,0.65039,0.65113,26,11,0
2025-10-21 00:15:00,0.65113,0.65113,0.65102,0.65112,39,35,0
2025-10-21 00:30:00,0.65112,0.65131,0.65112,0.65128,55,31,0
2025-10-21 00:45:00,0.65128,0.65152,0.65113,0.65135,97,31,0
2025-10-21 01:00:00,0.65135,0.65163,0.65129,0.65159,174,0,0
2025-10-21 01:15:00,0.65159,0.6517,0.65159,0.65163,109,0,0
2025-10-21 01:30:00,0.65163,0.65165,0.65146,0.65146,94,0,0
2025-10-21 01:45:00,0.65146,0.65168,0.65143,0.65166,139,0,0
2025-10-21 02:00:00,0.65166,0.65169,0.65152,0.65161,213,0,0
2025-10-21 02:15:00,0.65161,0.65175,0.65154,0.65169,184,0,0
2025-10-21 02:30:00,0.65169,0.65172,0.65153,0.65154,144,0,0
2025-10-21 02:45:00,0.65154,0.65165,0.6514,0.65161,219,0,0
2025-10-21 03:00:00,0.65161,0.65181,0.65141,0.65173,493,0,0
2025-10-21 03:15:00,0.65173,0.65207,0.65172,0.65199,390,0,0
2025-10-21 03:30:00,0.65199,0.6524,0.65194,0.65238,291,0,0
2025-10-21 03:45:00,0.65238,0.65251,0.65227,0.6524,380,0,0
2025-10-21 04:00:00,0.6524,0.6524,0.65184,0.65184,514,0,0
2025-10-21 04:15:00,0.65184,0.65202,0.65137,0.65141,540,0,0
2025-10-21 04:30:00,0.65141,0.65166,0.65115,0.65117,476,0,0
2025-10-21 04:45:00,0.65117,0.65151,0.65113,0.65133,584,0,0
2025-10-21 05:00:00,0.65134,0.65152,0.65077,0.65139,486,0,0
2025-10-21 05:15:00,0.65139,0.6515,0.65119,0.65137,394,0,0
2025-10-21 05:30:00,0.65139,0.65145,0.65069,0.6507,645,0,0
2025-10-21 05:45:00,0.6507,0.65096,0.65066,0.65076,424,0,0
2025-10-21 06:00:00,0.65076,0.65103,0.65069,0.65072,317,0,0
2025-10-21 06:15:00,0.65072,0.65084,0.65069,0.65079,274,0,0
2025-10-21 06:30:00,0.65079,0.65092,0.65064,0.65073,242,0,0
2025-10-21 06:45:00,0.65073,0.65074,0.65038,0.65051,327,0,0
2025-10-21 07:00:00,0.65052,0.65052,0.65001,0.65019,351,0,0
2025-10-21 07:15:00,0.65019,0.65048,0.65017,0.65042,314,0,0
2025-10-21 07:30:00,0.65043,0.65054,0.65014,0.65032,348,0,0
2025-10-21 07:45:00,0.65032,0.65046,0.65003,0.65036,536,0,0
2025-10-21 08:00:00,0.65036,0.65043,0.64996,0.6502,558,0,0
2025-10-21 08:15:00,0.6502,0.65023,0.64962,0.64981,517,0,0
2025-10-21 08:30:00,0.64981,0.64996,0.64959,0.64961,458,0,0
2025-10-21 08:45:00,0.6496,0.64962,0.64906,0.64915,618,0,0
2025-10-21 09:00:00,0.64915,0.64919,0.64859,0.64877,757,0,0
2025-10-21 09:15:00,0.64876,0.64907,0.6486,0.64898,646,0,0
2025-10-21 09:30:00,0.64897,0.64951,0.64897,0.64932,625,0,0
2025-10-21 09:45:00,0.64932,0.64974,0.64929,0.64953,789,0,0
2025-10-21 10:00:00,0.64953,0.64971,0.64887,0.6489,928,0,0
2025-10-21 10:15:00,0.6489,0.64945,0.64884,0.64934,654,0,0
2025-10-21 10:30:00,0.64934,0.64934,0.64856,0.64869,897,0,0
2025-10-21 10:45:00,0.64869,0.64901,0.64858,0.64878,911,0,0
2025-10-21 11:00:00,0.64877,0.64877,0.64773,0.64795,1187,0,0
2025-10-21 11:15:00,0.64795,0.64813,0.64765,0.64796,934,0,0
2025-10-21 11:30:00,0.64798,0.64835,0.64794,0.64835,505,0,0
2025-10-21 11:45:00,0.64834,0.64869,0.64824,0.64854,775,0,0
2025-10-21 12:00:00,0.64853,0.64873,0.64809,0.64829,733,0,0
2025-10-21 12:15:00,0.64829,0.64858,0.64804,0.64857,616,0,0
2025-10-21 12:30:00,0.64858,0.64896,0.64857,0.64872,544,0,0
2025-10-21 12:45:00,0.64872,0.64881,0.64858,0.64867,563,0,0
2025-10-21 13:00:00,0.64867,0.64885,0.64856,0.6486,685,0,0
2025-10-21 13:15:00,0.6486,0.64872,0.64813,0.64871,674,0,0
2025-10-21 13:30:00,0.64871,0.64885,0.64844,0.64854,539,0,0
2025-10-21 13:45:00,0.64853,0.6489,0.6484,0.64882,732,0,0
2025-10-21 14:00:00,0.64883,0.64921,0.64877,0.64915,590,0,0
2025-10-21 14:15:00,0.64915,0.6495,0.64906,0.64948,618,0,0
2025-10-21 14:30:00,0.64948,0.64981,0.64939,0.64943,611,0,0
2025-10-21 14:45:00,0.64943,0.64961,0.64909,0.64926,743,0,0
2025-10-21 15:00:00,0.64926,0.64945,0.64886,0.64905,963,0,0
2025-10-21 15:15:00,0.64906,0.64919,0.64884,0.64894,814,0,0
2025-10-21 15:30:00,0.64895,0.64936,0.64881,0.64904,998,0,0
2025-10-21 15:45:00,0.64904,0.64959,0.64891,0.64953,937,0,0
2025-10-21 16:00:00,0.64954,0.64958,0.64871,0.64898,1099,0,0
2025-10-21 16:15:00,0.64897,0.64934,0.64894,0.649,905,0,0
2025-10-21 16:30:00,0.64901,0.64905,0.64818,0.64827,1049,0,0
2025-10-21 16:45:00,0.64827,0.64834,0.64729,0.64766,1329,0,0
2025-10-21 17:00:00,0.64767,0.64896,0.6473,0.64896,1178,0,0
2025-10-21 17:15:00,0.64896,0.64919,0.64879,0.64885,1041,0,0
2025-10-21 17:30:00,0.64885,0.6492,0.64856,0.64858,1160,0,0
2025-10-21 17:45:00,0.6486,0.64917,0.64844,0.64907,1135,0,0
2025-10-21 18:00:00,0.64907,0.64996,0.64907,0.64971,998,0,0
2025-10-21 18:15:00,0.64971,0.64974,0.64924,0.64964,728,0,0
2025-10-21 18:30:00,0.64964,0.64979,0.6494,0.64977,666,0,0
2025-10-21 18:45:00,0.64977,0.65002,0.64971,0.64981,690,0,0
2025-10-21 19:00:00,0.64982,0.65038,0.6497,0.65,956,0,0
2025-10-21 19:15:00,0.65,0.65001,0.64962,0.64971,475,0,0
2025-10-21 19:30:00,0.64971,0.64978,0.64954,0.64968,532,0,0
2025-10-21 19:45:00,0.64968,0.64973,0.64897,0.64916,975,0,0
2025-10-21 20:00:00,0.64916,0.64916,0.64873,0.64899,941,0,0
2025-10-21 20:15:00,0.64898,0.64903,0.64857,0.6487,677,0,0
2025-10-21 20:30:00,0.64872,0.64894,0.64864,0.64889,493,0,0
2025-10-21 20:45:00,0.64889,0.64906,0.64879,0.64895,459,0,0
2025-10-21 21:00:00,0.64896,0.64923,0.64896,0.64918,360,0,0
2025-10-21 21:15:00,0.64918,0.64918,0.64893,0.64903,350,0,0
2025-10-21 21:30:00,0.64903,0.64919,0.64896,0.64897,280,0,0
2025-10-21 21:45:00,0.64897,0.6491,0.64893,0.64904,288,0,0
2025-10-21 22:00:00,0.64903,0.64913,0.64898,0.64904,270,0,0
2025-10-21 22:15:00,0.64904,0.64908,0.64889,0.6489,193,0,0
2025-10-21 22:30:00,0.6489,0.64904,0.6488,0.64901,213,0,0
2025-10-21 22:45:00,0.64901,0.64923,0.64896,0.64897,285,0,0
2025-10-21 23:00:00,0.64897,0.64897,0.64869,0.64874,247,0,0
2025-10-21 23:15:00,0.64874,0.64882,0.64869,0.6488,122,0,0
2025-10-21 23:30:00,0.6488,0.64894,0.6487,0.64886,108,0,0
2025-10-21 23:45:00,0.64886,0.64887,0.64868,0.64873,103,5,0
2025-10-22 00:00:00,0.64875,0.64875,0.64792,0.64865,24,12,0
2025-10-22 00:15:00,0.64865,0.64869,0.64854,0.6486,78,40,0
2025-10-22 00:30:00,0.6486,0.64883,0.64854,0.64879,260,32,0
2025-10-22 00:45:00,0.64879,0.64902,0.64873,0.64876,116,29,0
2025-10-22 01:00:00,0.64876,0.64907,0.6487,0.64901,226,0,0
2025-10-22 01:15:00,0.64901,0.64911,0.64896,0.64908,113,0,0
2025-10-22 01:30:00,0.64908,0.64911,0.64901,0.64906,131,0,0
2025-10-22 01:45:00,0.64906,0.64919,0.64902,0.64914,194,0,0
2025-10-22 02:00:00,0.64914,0.64922,0.64898,0.64916,275,0,0
2025-10-22 02:15:00,0.64916,0.64925,0.64904,0.64915,170,0,0
2025-10-22 02:30:00,0.64915,0.64925,0.64913,0.64919,131,0,0
2025-10-22 02:45:00,0.64919,0.64922,0.64894,0.6491,348,0,0
2025-10-22 03:00:00,0.6491,0.64949,0.6488,0.64922,891,0,0
2025-10-22 03:15:00,0.64921,0.64923,0.64855,0.64904,720,0,0
2025-10-22 03:30:00,0.64904,0.64917,0.64882,0.64888,508,0,0
2025-10-22 03:45:00,0.64887,0.64917,0.64853,0.64856,586,0,0
2025-10-22 04:00:00,0.64856,0.64906,0.64855,0.6489,683,0,0
2025-10-22 04:15:00,0.6489,0.64897,0.64836,0.64837,517,0,0
2025-10-22 04:30:00,0.64837,0.64871,0.64832,0.64869,601,0,0
2025-10-22 04:45:00,0.64869,0.64907,0.6486,0.64893,459,0,0
2025-10-22 05:00:00,0.64894,0.64958,0.64886,0.64955,382,0,0
2025-10-22 05:15:00,0.64955,0.6497,0.6494,0.64946,430,0,0
2025-10-22 05:30:00,0.64946,0.64946,0.6491,0.64939,299,0,0
2025-10-22 05:45:00,0.64939,0.64952,0.64933,0.64942,288,0,0
2025-10-22 06:00:00,0.64943,0.64949,0.64924,0.64937,291,0,0
2025-10-22 06:15:00,0.64937,0.64954,0.649,0.6491,327,0,0
2025-10-22 06:30:00,0.6491,0.64939,0.64901,0.64934,356,0,0
2025-10-22 06:45:00,0.64934,0.64964,0.64929,0.64951,351,0,0
2025-10-22 07:00:00,0.64951,0.64999,0.6495,0.64993,343,0,0
2025-10-22 07:15:00,0.64992,0.6502,0.64992,0.64998,298,0,0
2025-10-22 07:30:00,0.64998,0.65009,0.64985,0.65005,259,0,0
2025-10-22 07:45:00,0.65005,0.65006,0.64981,0.64998,260,0,0
2025-10-22 08:00:00,0.64998,0.65037,0.64998,0.65031,359,0,0
2025-10-22 08:15:00,0.65031,0.65042,0.6502,0.65039,335,0,0
2025-10-22 08:30:00,0.65039,0.65068,0.65032,0.65033,419,0,0
2025-10-22 08:45:00,0.65033,0.65049,0.65029,0.65045,329,0,0
2025-10-22 09:00:00,0.65045,0.65089,0.65009,0.65077,868,0,0
2025-10-22 09:15:00,0.65077,0.65089,0.65046,0.65076,660,0,0
2025-10-22 09:30:00,0.65076,0.6512,0.65066,0.65115,790,0,0
2025-10-22 09:45:00,0.65115,0.65121,0.6506,0.65065,671,0,0
2025-10-22 10:00:00,0.65067,0.65085,0.64999,0.65012,1040,0,0
2025-10-22 10:15:00,0.65011,0.65036,0.64998,0.65035,744,0,0
2025-10-22 10:30:00,0.65035,0.65044,0.65014,0.65032,531,0,0
2025-10-22 10:45:00,0.65032,0.6505,0.65019,0.6503,548,0,0
2025-10-22 11:00:00,0.65029,0.65032,0.6497,0.64971,883,0,0
2025-10-22 11:15:00,0.64971,0.64983,0.6493,0.64965,1048,0,0
2025-10-22 11:30:00,0.64965,0.64966,0.64934,0.6494,625,0,0
2025-10-22 11:45:00,0.6494,0.6497,0.64932,0.64949,787,0,0
2025-10-22 12:00:00,0.64949,0.6496,0.64918,0.64919,756,0,0
2025-10-22 12:15:00,0.64919,0.64946,0.6489,0.6494,732,0,0
2025-10-22 12:30:00,0.6494,0.64965,0.6493,0.64931,590,0,0
2025-10-22 12:45:00,0.64931,0.64968,0.64924,0.64955,451,0,0
2025-10-22 13:00:00,0.64956,0.64967,0.64927,0.64944,574,0,0
2025-10-22 13:15:00,0.64944,0.64945,0.64918,0.64933,529,0,0
2025-10-22 13:30:00,0.64933,0.64939,0.64912,0.64927,523,0,0
2025-10-22 13:45:00,0.64927,0.64935,0.64869,0.64871,598,0,0
2025-10-22 14:00:00,0.64871,0.64894,0.64848,0.64867,713,0,0
2025-10-22 14:15:00,0.64867,0.64879,0.64844,0.6485,575,0,0
2025-10-22 14:30:00,0.6485,0.64859,0.64822,0.64836,711,0,0
2025-10-22 14:45:00,0.64835,0.64859,0.6482,0.64844,632,0,0
2025-10-22 15:00:00,0.64844,0.6488,0.64844,0.64876,937,0,0
2025-10-22 15:15:00,0.64876,0.64891,0.64839,0.64876,824,0,0
2025-10-22 15:30:00,0.64876,0.64895,0.64844,0.64852,787,0,0
2025-10-22 15:45:00,0.64852,0.64907,0.64847,0.64885,914,0,0
2025-10-22 16:00:00,0.64885,0.64901,0.64882,0.6489,809,0,0
2025-10-22 16:15:00,0.6489,0.64916,0.64856,0.64881,678,0,0
2025-10-22 16:30:00,0.6488,0.64963,0.64877,0.64946,1035,0,0
2025-10-22 16:45:00,0.64946,0.64954,0.6491,0.64928,895,0,0
2025-10-22 17:00:00,0.64928,0.64985,0.64926,0.64969,1084,0,0
2025-10-22 17:15:00,0.64969,0.65001,0.6492,0.64924,1019,0,0
2025-10-22 17:30:00,0.64923,0.64954,0.64868,0.64874,1161,0,0
2025-10-22 17:45:00,0.64874,0.64932,0.64834,0.6493,1111,0,0
2025-10-22 18:00:00,0.6493,0.64981,0.64924,0.64965,960,0,0
2025-10-22 18:15:00,0.64965,0.64986,0.64923,0.64945,930,0,0
2025-10-22 18:30:00,0.64946,0.65014,0.64932,0.6501,963,0,0
2025-10-22 18:45:00,0.6501,0.65024,0.65003,0.65012,776,0,0
2025-10-22 19:00:00,0.65013,0.65013,0.64979,0.64989,524,0,0
2025-10-22 19:15:00,0.64989,0.65014,0.64969,0.6498,430,0,0
2025-10-22 19:30:00,0.6498,0.64997,0.64793,0.6493,2248,0,0
2025-10-22 19:45:00,0.6493,0.64985,0.64896,0.64952,1368,0,0
2025-10-22 20:00:00,0.64954,0.64961,0.64898,0.64899,1072,0,0
2025-10-22 20:15:00,0.64899,0.649,0.64847,0.64866,852,0,0
2025-10-22 20:30:00,0.64863,0.64889,0.64794,0.64806,724,0,0
2025-10-22 20:45:00,0.64806,0.6485,0.64785,0.64821,736,0,0
2025-10-22 21:00:00,0.64821,0.64855,0.64805,0.64811,740,0,0
2025-10-22 21:15:00,0.6481,0.64861,0.64785,0.64846,719,0,0
2025-10-22 21:30:00,0.64846,0.64868,0.64828,0.6484,702,0,0
2025-10-22 21:45:00,0.6484,0.64869,0.64839,0.6486,563,0,0
2025-10-22 22:00:00,0.6486,0.64893,0.64836,0.64887,631,0,0
2025-10-22 22:15:00,0.64886,0.64907,0.64886,0.64892,504,0,0
2025-10-22 22:30:00,0.64892,0.64907,0.64887,0.64894,471,0,0
2025-10-22 22:45:00,0.64894,0.64909,0.64884,0.64902,410,0,0
2025-10-22 23:00:00,0.64901,0.64909,0.6489,0.64894,276,0,0
2025-10-22 23:15:00,0.64894,0.64899,0.64885,0.64887,168,0,0
2025-10-22 23:30:00,0.64887,0.64891,0.64873,0.64888,178,0,0
2025-10-22 23:45:00,0.64888,0.64891,0.64879,0.64885,138,5,0
2025-10-23 00:00:00,0.64861,0.64879,0.64774,0.64877,33,40,0
2025-10-23 00:15:00,0.64877,0.64889,0.64877,0.64881,42,34,0
2025-10-23 00:30:00,0.64881,0.64889,0.64859,0.64884,70,35,0
2025-10-23 00:45:00,0.64884,0.64896,0.64881,0.64896,75,27,0
2025-10-23 01:00:00,0.64896,0.64913,0.64873,0.64913,206,0,0
2025-10-23 01:15:00,0.64913,0.64923,0.64902,0.64904,204,0,0
2025-10-23 01:30:00,0.64904,0.64905,0.64889,0.64897,98,0,0
2025-10-23 01:45:00,0.64897,0.64908,0.6488,0.64901,184,0,0
2025-10-23 02:00:00,0.64901,0.64903,0.64873,0.64874,233,0,0
2025-10-23 02:15:00,0.64874,0.64891,0.64868,0.64881,228,0,0
2025-10-23 02:30:00,0.64881,0.64901,0.6488,0.64884,181,0,0
2025-10-23 02:45:00,0.64884,0.64895,0.64875,0.64882,293,0,0
2025-10-23 03:00:00,0.64881,0.64881,0.64833,0.64873,545,0,0
2025-10-23 03:15:00,0.64873,0.6488,0.64849,0.64867,509,0,0
2025-10-23 03:30:00,0.64866,0.64896,0.64866,0.64881,395,0,0
2025-10-23 03:45:00,0.64881,0.64921,0.64872,0.64921,398,0,0
2025-10-23 04:00:00,0.64923,0.64954,0.64922,0.64925,427,0,0
2025-10-23 04:15:00,0.64925,0.64944,0.64895,0.64901,529,0,0
2025-10-23 04:30:00,0.64901,0.64935,0.649,0.64909,538,0,0
2025-10-23 04:45:00,0.64909,0.64921,0.64857,0.64859,528,0,0
2025-10-23 05:00:00,0.64858,0.64865,0.64806,0.64816,533,0,0
2025-10-23 05:15:00,0.64816,0.64839,0.64809,0.6482,388,0,0
2025-10-23 05:30:00,0.64821,0.64851,0.64811,0.64836,376,0,0
2025-10-23 05:45:00,0.64836,0.64854,0.64836,0.64838,277,0,0
2025-10-23 06:00:00,0.64838,0.64872,0.64834,0.64869,296,0,0
2025-10-23 06:15:00,0.64869,0.64885,0.6485,0.64852,274,0,0
2025-10-23 06:30:00,0.64852,0.64859,0.64814,0.64823,391,0,0
2025-10-23 06:45:00,0.64823,0.64826,0.64788,0.64794,328,0,0
2025-10-23 07:00:00,0.64794,0.64832,0.64794,0.64815,279,0,0
2025-10-23 07:15:00,0.64815,0.64833,0.64815,0.64832,207,0,0
2025-10-23 07:30:00,0.64832,0.64848,0.64827,0.64843,211,0,0
2025-10-23 07:45:00,0.64843,0.64856,0.64838,0.64852,192,0,0
2025-10-23 08:00:00,0.64852,0.64872,0.64845,0.64867,260,0,0
2025-10-23 08:15:00,0.64867,0.64872,0.64843,0.64853,283,0,0
2025-10-23 08:30:00,0.64853,0.64869,0.64846,0.64869,206,0,0
2025-10-23 08:45:00,0.64869,0.64924,0.64866,0.64902,313,0,0
2025-10-23 09:00:00,0.64903,0.64989,0.64897,0.64985,724,0,0
2025-10-23 09:15:00,0.64985,0.6501,0.64974,0.64998,497,0,0
2025-10-23 09:30:00,0.64998,0.65025,0.64979,0.6499,635,0,0
2025-10-23 09:45:00,0.6499,0.65025,0.64982,0.65005,687,0,0
2025-10-23 10:00:00,0.65005,0.65078,0.65004,0.65054,693,0,0
2025-10-23 10:15:00,0.65054,0.65065,0.65023,0.6505,657,0,0
2025-10-23 10:30:00,0.6505,0.6507,0.65039,0.65064,615,0,0
2025-10-23 10:45:00,0.65064,0.65085,0.65043,0.6505,593,0,0
2025-10-23 11:00:00,0.65051,0.65122,0.65051,0.65095,669,0,0
2025-10-23 11:15:00,0.65095,0.65097,0.65059,0.65088,522,0,0
2025-10-23 11:30:00,0.65088,0.65109,0.65078,0.65088,389,0,0
2025-10-23 11:45:00,0.65088,0.65122,0.65075,0.65085,530,0,0
2025-10-23 12:00:00,0.65085,0.65123,0.65084,0.65099,529,0,0
2025-10-23 12:15:00,0.65099,0.65114,0.65069,0.65072,455,0,0
2025-10-23 12:30:00,0.65072,0.65115,0.65064,0.65114,370,0,0
2025-10-23 12:45:00,0.65115,0.65127,0.65102,0.6512,404,0,0
2025-10-23 13:00:00,0.6512,0.65124,0.651,0.65114,382,0,0
2025-10-23 13:15:00,0.65112,0.6512,0.65084,0.65087,353,0,0
2025-10-23 13:30:00,0.65087,0.65091,0.65049,0.65049,321,0,0
2025-10-23 13:45:00,0.65049,0.65061,0.65034,0.65052,497,0,0
2025-10-23 14:00:00,0.65052,0.65061,0.65031,0.65041,471,0,0
2025-10-23 14:15:00,0.65041,0.65047,0.65024,0.65038,376,0,0
2025-10-23 14:30:00,0.65039,0.65055,0.65032,0.65035,517,0,0
2025-10-23 14:45:00,0.65035,0.65037,0.65016,0.65016,530,0,0
2025-10-23 15:00:00,0.65017,0.6504,0.65013,0.65025,683,0,0
2025-10-23 15:15:00,0.65026,0.65031,0.64983,0.6501,545,0,0
2025-10-23 15:30:00,0.6501,0.6505,0.65006,0.65031,631,0,0
2025-10-23 15:45:00,0.65031,0.65088,0.65031,0.65049,711,0,0
2025-10-23 16:00:00,0.65049,0.65093,0.65041,0.65072,704,0,0
2025-10-23 16:15:00,0.65072,0.65096,0.6506,0.65094,605,0,0
2025-10-23 16:30:00,0.65094,0.6512,0.65079,0.65102,1144,0,0
2025-10-23 16:45:00,0.65102,0.65129,0.65089,0.6509,825,0,0
2025-10-23 17:00:00,0.6509,0.65126,0.65078,0.65081,1025,0,0
2025-10-23 17:15:00,0.65081,0.65121,0.65063,0.65106,846,0,0
2025-10-23 17:30:00,0.65107,0.6516,0.65104,0.65152,721,0,0
2025-10-23 17:45:00,0.65152,0.65177,0.65124,0.65165,846,0,0
2025-10-23 18:00:00,0.65165,0.6517,0.65127,0.6513,825,0,0
2025-10-23 18:15:00,0.6513,0.65144,0.65086,0.6514,715,0,0
2025-10-23 18:30:00,0.6514,0.65156,0.65106,0.65119,773,0,0
2025-10-23 18:45:00,0.65119,0.6517,0.65115,0.65148,695,0,0
2025-10-23 19:00:00,0.65148,0.65175,0.65146,0.6516,514,0,0
2025-10-23 19:15:00,0.6516,0.6516,0.6513,0.6514,465,0,0
2025-10-23 19:30:00,0.6514,0.65146,0.65124,0.65126,380,0,0
2025-10-23 19:45:00,0.65126,0.65129,0.65113,0.65115,420,0,0
2025-10-23 20:00:00,0.65116,0.6513,0.65066,0.65103,649,0,0
2025-10-23 20:15:00,0.65104,0.6511,0.65071,0.65084,427,0,0
2025-10-23 20:30:00,0.65084,0.6517,0.65083,0.6517,473,0,0
2025-10-23 20:45:00,0.6517,0.65179,0.65157,0.65164,317,0,0
2025-10-23 21:00:00,0.65166,0.65167,0.65149,0.6516,277,0,0
2025-10-23 21:15:00,0.6516,0.65176,0.6515,0.65159,268,0,0
2025-10-23 21:30:00,0.65159,0.65174,0.65153,0.65173,259,0,0
2025-10-23 21:45:00,0.65173,0.65174,0.65164,0.65168,169,0,0
2025-10-23 22:00:00,0.65169,0.6518,0.65155,0.65164,192,0,0
2025-10-23 22:15:00,0.65164,0.65167,0.65149,0.65154,164,0,0
2025-10-23 22:30:00,0.65154,0.65154,0.65139,0.65146,192,0,0
2025-10-23 22:45:00,0.65146,0.65151,0.65119,0.65119,258,0,0
2025-10-23 23:00:00,0.65119,0.6512,0.65104,0.65119,219,0,0
2025-10-23 23:15:00,0.65119,0.65125,0.6511,0.6512,118,0,0
2025-10-23 23:30:00,0.6512,0.6514,0.6512,0.65134,121,0,0
2025-10-23 23:45:00,0.65134,0.65138,0.65116,0.65131,161,0,0
2025-10-24 00:00:00,0.65098,0.65098,0.65066,0.65073,20,46,0
2025-10-24 00:15:00,0.65073,0.65073,0.65056,0.6507,22,49,0
2025-10-24 00:30:00,0.6507,0.65077,0.65063,0.65063,33,47,0
2025-10-24 00:45:00,0.65063,0.65066,0.65061,0.65066,20,60,0
2025-10-24 01:00:00,0.65066,0.65151,0.65059,0.6515,208,0,0
2025-10-24 01:15:00,0.6515,0.65155,0.65142,0.65153,160,0,0
2025-10-24 01:30:00,0.65153,0.65157,0.65134,0.65136,171,0,0
2025-10-24 01:45:00,0.65136,0.65165,0.65131,0.65147,174,0,0
2025-10-24 02:00:00,0.65147,0.65156,0.65134,0.65141,188,0,0
2025-10-24 02:15:00,0.65141,0.65151,0.6514,0.6514,116,0,0
2025-10-24 02:30:00,0.6514,0.6515,0.65128,0.65149,117,0,0
2025-10-24 02:45:00,0.65149,0.65159,0.65143,0.65147,230,0,0
2025-10-24 03:00:00,0.65147,0.65174,0.65129,0.65145,469,0,0
2025-10-24 03:15:00,0.65145,0.65155,0.65132,0.65139,320,0,0
2025-10-24 03:30:00,0.6514,0.65151,0.65131,0.65149,289,0,0
2025-10-24 03:45:00,0.65149,0.65162,0.65129,0.65137,316,0,0
2025-10-24 04:00:00,0.65137,0.6515,0.65123,0.65145,348,0,0
2025-10-24 04:15:00,0.65145,0.65145,0.65079,0.65101,374,0,0
2025-10-24 04:30:00,0.65101,0.65114,0.65079,0.65111,463,0,0
2025-10-24 04:45:00,0.65111,0.65119,0.65082,0.65087,333,0,0
2025-10-24 05:00:00,0.65087,0.65121,0.65079,0.65112,299,0,0
2025-10-24 05:15:00,0.65112,0.65116,0.65051,0.65051,375,0,0
2025-10-24 05:30:00,0.65051,0.65076,0.64984,0.64996,620,0,0
2025-10-24 05:45:00,0.64996,0.65031,0.64964,0.64966,500,0,0
2025-10-24 06:00:00,0.64965,0.6501,0.64965,0.64995,386,0,0
2025-10-24 06:15:00,0.64995,0.65031,0.64988,0.6503,261,0,0
2025-10-24 06:30:00,0.6503,0.65052,0.65019,0.65043,268,0,0
2025-10-24 06:45:00,0.65043,0.6507,0.65035,0.65058,286,0,0
2025-10-24 07:00:00,0.65058,0.65059,0.65024,0.65039,283,0,0
2025-10-24 07:15:00,0.65039,0.65046,0.65001,0.65006,282,0,0
2025-10-24 07:30:00,0.65006,0.65017,0.64996,0.65003,194,0,0
2025-10-24 07:45:00,0.65003,0.6502,0.65,0.65017,211,0,0
2025-10-24 08:00:00,0.65017,0.65024,0.64992,0.64997,325,0,0
2025-10-24 08:15:00,0.64997,0.65009,0.64961,0.64963,273,0,0
2025-10-24 08:30:00,0.64963,0.64992,0.64939,0.64982,417,0,0
2025-10-24 08:45:00,0.64982,0.6499,0.64971,0.64981,283,0,0
2025-10-24 09:00:00,0.64981,0.65017,0.64964,0.64987,607,0,0
2025-10-24 09:15:00,0.64987,0.65033,0.64981,0.6502,527,0,0
2025-10-24 09:30:00,0.6502,0.65043,0.65018,0.65037,545,0,0
2025-10-24 09:45:00,0.65038,0.65077,0.65033,0.65077,476,0,0
2025-10-24 10:00:00,0.65077,0.65078,0.6503,0.65049,669,0,0
2025-10-24 10:15:00,0.65041,0.65052,0.6501,0.65025,574,0,0
2025-10-24 10:30:00,0.65031,0.65089,0.65031,0.65059,746,0,0
2025-10-24 10:45:00,0.65059,0.65069,0.6502,0.65028,611,0,0
2025-10-24 11:00:00,0.65028,0.65042,0.64979,0.6498,782,0,0
2025-10-24 11:15:00,0.64979,0.64985,0.64932,0.64955,706,0,0
2025-10-24 11:30:00,0.64958,0.64971,0.64937,0.64958,590,0,0
2025-10-24 11:45:00,0.64958,0.64977,0.64949,0.64959,484,0,0
2025-10-24 12:00:00,0.64957,0.64957,0.64929,0.64947,467,0,0
2025-10-24 12:15:00,0.64947,0.64972,0.64942,0.64945,473,0,0
2025-10-24 12:30:00,0.64945,0.64949,0.64937,0.64949,342,0,0
2025-10-24 12:45:00,0.64949,0.64964,0.64945,0.64955,360,0,0
2025-10-24 13:00:00,0.64955,0.64988,0.64951,0.64975,445,0,0
2025-10-24 13:15:00,0.64975,0.64976,0.64952,0.64963,302,0,0
2025-10-24 13:30:00,0.64963,0.64979,0.64957,0.64971,155,0,0
2025-10-24 13:45:00,0.64971,0.64984,0.64965,0.64967,224,0,0
2025-10-24 14:00:00,0.64967,0.64981,0.64951,0.64973,292,0,0
2025-10-24 14:15:00,0.64973,0.64988,0.6496,0.64965,433,0,0
2025-10-24 14:30:00,0.64965,0.64973,0.64954,0.64968,402,0,0
2025-10-24 14:45:00,0.64968,0.65006,0.64967,0.65004,506,0,0
2025-10-24 15:00:00,0.65004,0.65023,0.64995,0.65001,571,0,0
2025-10-24 15:15:00,0.65001,0.65011,0.6498,0.65001,583,0,0
2025-10-24 15:30:00,0.64998,0.6529,0.64994,0.65253,2749,0,0
2025-10-24 15:45:00,0.65253,0.65268,0.65147,0.65179,1687,0,0
2025-10-24 16:00:00,0.65179,0.65219,0.65138,0.65161,1435,0,0
2025-10-24 16:15:00,0.65161,0.65169,0.65133,0.65161,1179,0,0
2025-10-24 16:30:00,0.65162,0.65169,0.65123,0.65152,1414,0,0
2025-10-24 16:45:00,0.65117,0.65143,0.65055,0.6513,1390,0,0
2025-10-24 17:00:00,0.6513,0.65137,0.65028,0.65103,1264,0,0
2025-10-24 17:15:00,0.65102,0.6511,0.65005,0.65005,926,0,0
2025-10-24 17:30:00,0.65004,0.65048,0.64938,0.65036,1124,0,0
2025-10-24 17:45:00,0.65036,0.65056,0.6496,0.64992,1319,0,0
2025-10-24 18:00:00,0.64991,0.65078,0.6499,0.65065,1007,0,0
2025-10-24 18:15:00,0.65065,0.65088,0.65065,0.65079,704,0,0
2025-10-24 18:30:00,0.65079,0.651,0.65069,0.65093,539,0,0
2025-10-24 18:45:00,0.65094,0.65099,0.65063,0.65093,686,0,0
2025-10-24 19:00:00,0.65093,0.6511,0.65085,0.65105,466,0,0
2025-10-24 19:15:00,0.65105,0.65107,0.6508,0.65082,331,0,0
2025-10-24 19:30:00,0.65082,0.65085,0.65055,0.65065,353,0,0
2025-10-24 19:45:00,0.65065,0.65103,0.65062,0.65094,300,0,0
2025-10-24 20:00:00,0.65094,0.65136,0.65094,0.65123,299,0,0
2025-10-24 20:15:00,0.65124,0.65124,0.65103,0.65117,246,0,0
2025-10-24 20:30:00,0.65115,0.65121,0.65102,0.65109,323,0,0
2025-10-24 20:45:00,0.65109,0.65113,0.65095,0.65096,328,0,0
2025-10-24 21:00:00,0.65096,0.65108,0.65084,0.65099,294,0,0
2025-10-24 21:15:00,0.65099,0.65115,0.65092,0.65099,290,0,0
2025-10-24 21:30:00,0.65098,0.65108,0.6509,0.65101,265,0,0
2025-10-24 21:45:00,0.65101,0.65109,0.65092,0.65102,302,0,0
2025-10-24 22:00:00,0.65102,0.65117,0.65098,0.65102,204,0,0
2025-10-24 22:15:00,0.65102,0.65113,0.65098,0.65098,182,0,0
2025-10-24 22:30:00,0.65098,0.65114,0.65092,0.65109,219,0,0
2025-10-24 22:45:00,0.65109,0.6512,0.651,0.65112,294,0,0
2025-10-24 23:00:00,0.65112,0.65133,0.6511,0.65126,161,0,0
2025-10-24 23:15:00,0.65126,0.65135,0.65124,0.65124,116,0,0
2025-10-24 23:30:00,0.65124,0.65127,0.65093,0.65103,162,0,0
2025-10-24 23:45:00,0.65103,0.65131,0.65103,0.65129,190,0,0
2025-10-27 00:00:00,0.65414,0.65414,0.6518,0.65359,263,54,0
2025-10-27 00:15:00,0.65359,0.65365,0.65323,0.65346,228,34,0
2025-10-27 00:30:00,0.65343,0.65363,0.65302,0.65305,181,31,0
2025-10-27 00:45:00,0.65303,0.65369,0.65275,0.65369,152,47,0
2025-10-27 01:00:00,0.65369,0.65437,0.65355,0.65417,769,0,0
2025-10-27 01:15:00,0.6541,0.65441,0.65387,0.65426,625,0,0
2025-10-27 01:30:00,0.65425,0.65426,0.65384,0.65407,626,0,0
2025-10-27 01:45:00,0.65407,0.65407,0.65343,0.65346,460,0,0
2025-10-27 02:00:00,0.65345,0.65365,0.65334,0.65359,408,0,0
2025-10-27 02:15:00,0.65359,0.65376,0.6534,0.6535,269,0,0
2025-10-27 02:30:00,0.6535,0.65382,0.65335,0.6535,313,0,0
2025-10-27 02:45:00,0.6535,0.65356,0.65323,0.65334,335,0,0
2025-10-27 03:00:00,0.65334,0.65377,0.65329,0.65358,550,0,0
2025-10-27 03:15:00,0.65358,0.65381,0.65353,0.6537,399,0,0
2025-10-27 03:30:00,0.6537,0.6537,0.65315,0.65319,387,0,0
2025-10-27 03:45:00,0.65319,0.65345,0.653,0.6531,658,0,0
2025-10-27 04:00:00,0.65311,0.65377,0.65285,0.65361,796,0,0
2025-10-27 04:15:00,0.65361,0.65414,0.6536,0.65388,647,0,0
2025-10-27 04:30:00,0.65388,0.65388,0.65333,0.65361,654,0,0
2025-10-27 04:45:00,0.65361,0.65374,0.65336,0.65345,518,0,0
2025-10-27 05:00:00,0.65344,0.65364,0.65315,0.65322,440,0,0
2025-10-27 05:15:00,0.65323,0.65337,0.6531,0.65332,415,0,0
2025-10-27 05:30:00,0.65332,0.6537,0.65331,0.65368,359,0,0
2025-10-27 05:45:00,0.65368,0.65371,0.65354,0.65368,309,0,0
2025-10-27 06:00:00,0.65368,0.65381,0.65354,0.65364,335,0,0
2025-10-27 06:15:00,0.65364,0.65389,0.65353,0.65374,326,0,0
2025-10-27 06:30:00,0.65374,0.65375,0.65323,0.65326,284,0,0
2025-10-27 06:45:00,0.65326,0.65338,0.65306,0.6531,268,0,0
2025-10-27 07:00:00,0.6531,0.65317,0.65289,0.653,365,0,0
2025-10-27 07:15:00,0.653,0.65319,0.65297,0.65316,332,0,0
2025-10-27 07:30:00,0.65316,0.65325,0.65299,0.65315,261,0,0
2025-10-27 07:45:00,0.65315,0.6532,0.65298,0.6532,228,0,0
2025-10-27 08:00:00,0.6532,0.65335,0.65313,0.6532,274,0,0
2025-10-27 08:15:00,0.6532,0.65344,0.65308,0.65343,233,0,0
2025-10-27 08:30:00,0.65343,0.65365,0.65335,0.65354,283,0,0
2025-10-27 08:45:00,0.65354,0.65381,0.65346,0.65377,307,0,0
2025-10-27 09:00:00,0.65376,0.65437,0.65376,0.65429,488,0,0
2025-10-27 09:15:00,0.65429,0.65459,0.65415,0.65447,473,0,0
2025-10-27 09:30:00,0.65447,0.65482,0.65437,0.65438,438,0,0
2025-10-27 09:45:00,0.65438,0.65449,0.65396,0.65404,368,0,0
2025-10-27 10:00:00,0.65404,0.65413,0.65375,0.65377,609,0,0
2025-10-27 10:15:00,0.65377,0.6539,0.65347,0.65361,555,0,0
2025-10-27 10:30:00,0.65361,0.65408,0.65357,0.65386,426,0,0
2025-10-27 10:45:00,0.65386,0.65389,0.65337,0.65345,610,0,0
2025-10-27 11:00:00,0.65345,0.65388,0.65332,0.65387,774,0,0
2025-10-27 11:15:00,0.65387,0.65405,0.65363,0.65377,672,0,0
2025-10-27 11:30:00,0.65377,0.65519,0.65377,0.65511,894,0,0
2025-10-27 11:45:00,0.65511,0.65547,0.65504,0.6553,756,0,0
2025-10-27 12:00:00,0.6553,0.6555,0.65489,0.65506,902,0,0
2025-10-27 12:15:00,0.65505,0.65521,0.6548,0.6549,593,0,0
2025-10-27 12:30:00,0.6549,0.65574,0.65489,0.65569,571,0,0
2025-10-27 12:45:00,0.65569,0.65592,0.65549,0.65574,742,0,0
2025-10-27 13:00:00,0.65574,0.65581,0.65548,0.65572,495,0,0
2025-10-27 13:15:00,0.65572,0.65593,0.65545,0.65553,468,0,0
2025-10-27 13:30:00,0.65553,0.65574,0.65538,0.65563,509,0,0
2025-10-27 13:45:00,0.65563,0.65569,0.65548,0.65552,469,0,0
2025-10-27 14:00:00,0.65552,0.65592,0.65543,0.65582,560,0,0
2025-10-27 14:15:00,0.65582,0.65587,0.65551,0.65555,436,0,0
2025-10-27 14:30:00,0.65555,0.65567,0.65526,0.65556,477,0,0
2025-10-27 14:45:00,0.65553,0.6558,0.65543,0.6557,565,0,0
2025-10-27 15:00:00,0.6557,0.65587,0.65552,0.65564,717,0,0
2025-10-27 15:15:00,0.65564,0.65586,0.65533,0.65539,581,0,0
2025-10-27 15:30:00,0.65539,0.65551,0.65509,0.65547,636,0,0
2025-10-27 15:45:00,0.65547,0.65566,0.65536,0.65557,551,0,0
2025-10-27 16:00:00,0.65557,0.65597,0.65554,0.65588,556,0,0
2025-10-27 16:15:00,0.65589,0.65594,0.65509,0.65522,598,0,0
2025-10-27 16:30:00,0.65522,0.65527,0.6548,0.655,718,0,0
