time,Open,High,Low,Close,Volume,spread,real_volume
2019-05-27 00:00:00,1.00172,1.00232,1.00102,1.00226,2160,0,0
2019-05-27 04:00:00,1.00226,1.0029,1.00169,1.00288,2509,0,0
2019-05-27 08:00:00,1.00289,1.0063,1.00278,1.00578,6511,0,0
2019-05-27 12:00:00,1.00578,1.00584,1.00483,1.00522,4896,0,0
2019-05-27 16:00:00,1.00523,1.00568,1.00393,1.00414,4026,0,0
2019-05-27 20:00:00,1.00414,1.00414,1.00372,1.00381,889,0,0
2019-05-28 00:00:00,1.00373,1.00425,1.00345,1.00394,2038,0,0
2019-05-28 04:00:00,1.00394,1.00497,1.00382,1.00487,3367,0,0
2019-05-28 08:00:00,1.00486,1.00512,1.00343,1.00357,8651,0,0
2019-05-28 12:00:00,1.00358,1.00626,1.00352,1.006,8694,0,0
2019-05-28 16:00:00,1.006,1.00983,1.0052,1.00898,13367,0,0
2019-05-28 20:00:00,1.00898,1.00918,1.0072,1.00767,5576,0,0
2019-05-29 00:00:00,1.00756,1.00762,1.00643,1.00654,3820,0,0
2019-05-29 04:00:00,1.00654,1.00699,1.00584,1.00605,4076,0,0
2019-05-29 08:00:00,1.00605,1.00666,1.00543,1.0056,8014,0,0
2019-05-29 12:00:00,1.0056,1.00679,1.00499,1.00652,9206,0,0
2019-05-29 16:00:00,1.00653,1.00831,1.00631,1.00693,15291,0,0
2019-05-29 20:00:00,1.00693,1.00863,1.00685,1.00784,6083,0,0
2019-05-30 00:00:00,1.00786,1.00849,1.007,1.00777,2950,0,0
2019-05-30 04:00:00,1.00778,1.00793,1.00717,1.0072,3849,0,0
2019-05-30 08:00:00,1.00721,1.00948,1.00716,1.00921,6107,0,0
2019-05-30 12:00:00,1.00921,1.00981,1.0076,1.00829,6551,0,0
2019-05-30 16:00:00,1.00829,1.00945,1.00722,1.00774,11249,0,0
2019-05-30 20:00:00,1.00774,1.00806,1.00699,1.00789,4748,0,0
2019-05-31 00:00:00,1.00773,1.00795,1.00586,1.00589,4778,0,0
2019-05-31 04:00:00,1.00589,1.00644,1.00517,1.00531,5580,0,0
2019-05-31 08:00:00,1.00531,1.00652,1.00467,1.0053,9333,0,0
2019-05-31 12:00:00,1.0053,1.00646,1.00316,1.00532,12282,0,0
2019-05-31 16:00:00,1.00532,1.00603,1.0017,1.00189,16235,0,0
2019-05-31 20:00:00,1.00188,1.00252,1.0001,1.00074,7807,0,0
2019-06-03 00:00:00,1.00113,1.00172,0.99896,0.999,4458,0,0
2019-06-03 04:00:00,0.99899,0.99939,0.99721,0.9978,5527,0,0
2019-06-03 08:00:00,0.9978,0.99995,0.99549,0.99685,10315,0,0
2019-06-03 12:00:00,0.99685,0.99972,0.99657,0.99803,9744,0,0
2019-06-03 16:00:00,0.99804,0.99999,0.99652,0.99695,15457,0,0
2019-06-03 20:00:00,0.99695,0.99698,0.99104,0.9924,12310,0,0
2019-06-04 00:00:00,0.99233,0.99275,0.99206,0.99243,2925,0,0
2019-06-04 04:00:00,0.99243,0.99333,0.99231,0.99326,5566,0,0
2019-06-04 08:00:00,0.99326,0.99407,0.99028,0.99406,11029,0,0
2019-06-04 12:00:00,0.99406,0.99493,0.99208,0.99461,12621,0,0
2019-06-04 16:00:00,0.99465,0.99563,0.99154,0.9938,16924,0,0
2019-06-04 20:00:00,0.9938,0.99399,0.99037,0.99209,7379,0,0
2019-06-05 00:00:00,0.99207,0.99256,0.99181,0.9922,2448,0,0
2019-06-05 04:00:00,0.9922,0.99246,0.99087,0.99214,4330,0,0
2019-06-05 08:00:00,0.99214,0.99291,0.9902,0.99205,8849,0,0
2019-06-05 12:00:00,0.99206,0.99289,0.98538,0.98691,17394,0,0
2019-06-05 16:00:00,0.98692,0.99417,0.9864,0.99366,23920,0,0
2019-06-05 20:00:00,0.99365,0.99508,0.99359,0.99474,7023,0,0
2019-06-06 00:00:00,0.99455,0.99482,0.99369,0.99436,3900,0,0
2019-06-06 04:00:00,0.99436,0.99484,0.99399,0.99422,4009,0,0
2019-06-06 08:00:00,0.99422,0.99475,0.99349,0.99451,8392,0,0
2019-06-06 12:00:00,0.99451,0.99612,0.99002,0.99122,17886,0,0
2019-06-06 16:00:00,0.9912,0.99339,0.98796,0.98892,20530,0,0
2019-06-06 20:00:00,0.98892,0.99252,0.9887,0.99129,9921,0,0
2019-06-07 00:00:00,0.99126,0.99172,0.99077,0.99126,3174,0,0
2019-06-07 04:00:00,0.99126,0.99196,0.99115,0.99175,4956,0,0
2019-06-07 08:00:00,0.99175,0.99411,0.99155,0.99389,8341,0,0
2019-06-07 12:00:00,0.99388,0.99501,0.98617,0.9875,14207,0,0
2019-06-07 16:00:00,0.98749,0.98904,0.98592,0.98651,18831,0,0
2019-06-07 20:00:00,0.98651,0.98791,0.98635,0.98766,7205,0,0
2019-06-10 00:00:00,0.98911,0.99039,0.98804,0.99019,3764,0,0
2019-06-10 04:00:00,0.99019,0.99109,0.99008,0.99109,5414,0,0
2019-06-10 08:00:00,0.99109,0.99151,0.98998,0.99067,7947,0,0
2019-06-10 12:00:00,0.99067,0.99171,0.98971,0.99006,8587,0,0
2019-06-10 16:00:00,0.99005,0.99201,0.98919,0.98942,10439,0,0
2019-06-10 20:00:00,0.98942,0.99032,0.98849,0.98986,6159,0,0
2019-06-11 00:00:00,0.98962,0.98995,0.98896,0.98976,4703,0,0
2019-06-11 04:00:00,0.98976,0.99024,0.98938,0.98984,4775,0,0
2019-06-11 08:00:00,0.98984,0.99117,0.98934,0.99116,8730,0,0
2019-06-11 12:00:00,0.99116,0.99356,0.99079,0.99214,12327,0,0
2019-06-11 16:00:00,0.99214,0.99365,0.99157,0.99172,15540,0,0
2019-06-11 20:00:00,0.9917,0.99244,0.99117,0.99238,7308,0,0
2019-06-12 00:00:00,0.99237,0.99279,0.99203,0.99237,4959,0,0
2019-06-12 04:00:00,0.99237,0.9925,0.99149,0.99173,5473,0,0
2019-06-12 08:00:00,0.99175,0.99224,0.99027,0.99156,10349,0,0
2019-06-12 12:00:00,0.99157,0.9948,0.99138,0.99457,14154,0,0
2019-06-12 16:00:00,0.99458,0.99574,0.99322,0.99512,16979,0,0
2019-06-12 20:00:00,0.99512,0.99593,0.9948,0.99553,6732,0,0
2019-06-13 00:00:00,0.99545,0.99553,0.99476,0.99543,2585,0,0
2019-06-13 04:00:00,0.99542,0.99555,0.99358,0.99455,6252,0,0
2019-06-13 08:00:00,0.99455,0.99605,0.99204,0.99275,12366,0,0
2019-06-13 12:00:00,0.99276,0.99411,0.99182,0.99338,9856,0,0
2019-06-13 16:00:00,0.99338,0.99516,0.99278,0.99478,13033,0,0
2019-06-13 20:00:00,0.99478,0.99494,0.99261,0.99386,6327,0,0
2019-06-14 00:00:00,0.99386,0.99403,0.99297,0.99319,2799,0,0
2019-06-14 04:00:00,0.99319,0.99438,0.99277,0.99418,4340,0,0
2019-06-14 08:00:00,0.99419,0.99556,0.99256,0.99514,9313,0,0
2019-06-14 12:00:00,0.99516,0.99804,0.99485,0.99794,14840,0,0
2019-06-14 16:00:00,0.99792,0.99943,0.99572,0.99896,17246,0,0
2019-06-14 20:00:00,0.99896,0.99953,0.99856,0.99861,6078,0,0
2019-06-17 00:00:00,0.99818,0.99908,0.99803,0.99882,3002,0,0
2019-06-17 04:00:00,0.99882,0.99979,0.99868,0.99959,3213,0,0
2019-06-17 08:00:00,0.99959,0.9998,0.99791,0.99934,10164,0,0
2019-06-17 12:00:00,0.99934,0.99975,0.99658,0.99794,11850,0,0
2019-06-17 16:00:00,0.99794,0.99997,0.99754,0.99866,11793,0,0
2019-06-17 20:00:00,0.99867,0.9993,0.9985,0.99901,6180,0,0
2019-06-18 00:00:00,0.99908,0.99908,0.99828,0.9987,4649,0,0
2019-06-18 04:00:00,0.9987,0.99882,0.99717,0.9978,4675,0,0
2019-06-18 08:00:00,0.9978,1.00005,0.99655,0.99995,17248,0,0
2019-06-18 12:00:00,0.99998,1.00049,0.99747,0.99857,17877,0,0
2019-06-18 16:00:00,0.99857,1.00129,0.9982,0.99973,25764,0,0
2019-06-18 20:00:00,0.99973,1.00061,0.9994,1.00013,7517,0,0
2019-06-19 00:00:00,1.00004,1.00107,0.99936,1.00097,2383,0,0
2019-06-19 04:00:00,1.00097,1.00147,1.00022,1.00066,3565,0,0
2019-06-19 08:00:00,1.00066,1.0008,0.99825,0.99847,11473,0,0
2019-06-19 12:00:00,0.99846,0.99877,0.99689,0.99732,9841,0,0
2019-06-19 16:00:00,0.99731,0.99782,0.995,0.99579,12335,0,0
2019-06-19 20:00:00,0.99579,0.99594,0.99164,0.99411,23956,0,0
2019-06-20 00:00:00,0.99423,0.99433,0.99016,0.99017,4596,0,0
2019-06-20 04:00:00,0.99017,0.99137,0.98975,0.99054,8761,0,0
2019-06-20 08:00:00,0.99055,0.99075,0.98718,0.98758,21205,0,0
2019-06-20 12:00:00,0.98758,0.9878,0.98367,0.98471,17912,0,0
2019-06-20 16:00:00,0.98471,0.98533,0.97919,0.98088,20244,0,0
2019-06-20 20:00:00,0.98087,0.98218,0.98002,0.98174,9549,0,0
2019-06-21 00:00:00,0.98147,0.9817,0.98068,0.98136,3526,0,0
2019-06-21 04:00:00,0.98137,0.98237,0.98077,0.98235,6555,0,0
2019-06-21 08:00:00,0.98235,0.98387,0.98182,0.98243,17516,0,0
2019-06-21 12:00:00,0.98243,0.98306,0.98053,0.98059,14915,0,0
2019-06-21 16:00:00,0.98059,0.98304,0.97681,0.97794,21400,0,0
2019-06-21 20:00:00,0.97792,0.97803,0.97563,0.97623,11266,0,0
2019-06-24 00:00:00,0.97633,0.9768,0.97549,0.97634,5237,0,0
2019-06-24 04:00:00,0.97634,0.97734,0.97604,0.97729,4297,0,0
2019-06-24 08:00:00,0.97729,0.97832,0.97545,0.97636,13393,0,0
2019-06-24 12:00:00,0.97636,0.97671,0.97435,0.97491,9653,0,0
2019-06-24 16:00:00,0.97491,0.97564,0.97102,0.97289,14399,0,0
2019-06-24 20:00:00,0.97289,0.97337,0.97184,0.97199,6229,0,0
2019-06-25 00:00:00,0.97186,0.97237,0.97141,0.97213,5892,0,0
2019-06-25 04:00:00,0.97213,0.97218,0.96939,0.96967,10925,0,0
2019-06-25 08:00:00,0.96967,0.97578,0.96965,0.97557,14864,0,0
2019-06-25 12:00:00,0.97557,0.97746,0.97451,0.97489,9901,0,0
2019-06-25 16:00:00,0.9749,0.97649,0.97149,0.97598,18072,0,0
2019-06-25 20:00:00,0.97599,0.97771,0.97412,0.9755,19041,0,0
2019-06-26 00:00:00,0.97533,0.97575,0.97451,0.97573,5761,0,0
2019-06-26 04:00:00,0.97573,0.97706,0.97566,0.97616,7815,0,0
2019-06-26 08:00:00,0.97615,0.97687,0.97435,0.9757,15560,0,0
2019-06-26 12:00:00,0.9757,0.97848,0.9753,0.97832,17817,0,0
2019-06-26 16:00:00,0.97832,0.9785,0.97469,0.97719,16657,0,0
2019-06-26 20:00:00,0.97718,0.97831,0.97695,0.9779,7543,0,0
2019-06-27 00:00:00,0.97777,0.97809,0.97725,0.97767,2491,0,0
2019-06-27 04:00:00,0.97768,0.98095,0.97752,0.98081,6135,0,0
2019-06-27 08:00:00,0.9808,0.98142,0.97878,0.97886,12414,0,0
2019-06-27 12:00:00,0.97886,0.97965,0.97676,0.97794,13403,0,0
2019-06-27 16:00:00,0.97794,0.98022,0.97625,0.97663,15497,0,0
2019-06-27 20:00:00,0.97663,0.97698,0.97593,0.97655,5677,0,0
2019-06-28 00:00:00,0.97651,0.97694,0.97556,0.97567,2882,0,0
2019-06-28 04:00:00,0.97567,0.9762,0.97531,0.97538,4912,0,0
2019-06-28 08:00:00,0.97538,0.97598,0.97387,0.97395,10734,0,0
2019-06-28 12:00:00,0.97394,0.97632,0.97381,0.97534,10490,0,0
2019-06-28 16:00:00,0.97534,0.97743,0.97468,0.97687,15897,0,0
2019-06-28 20:00:00,0.97687,0.97715,0.97526,0.97643,7183,0,0
2019-07-01 00:00:00,0.97876,0.9797,0.97793,0.97966,4518,0,0
2019-07-01 04:00:00,0.97966,0.98254,0.97961,0.98203,4409,0,0
2019-07-01 08:00:00,0.98203,0.98434,0.98197,0.98395,14994,0,0
2019-07-01 12:00:00,0.98396,0.98434,0.98091,0.98271,12672,0,0
2019-07-01 16:00:00,0.98271,0.98754,0.98258,0.9873,15153,0,0
2019-07-01 20:00:00,0.9873,0.98841,0.98722,0.98772,6259,0,0
2019-07-02 00:00:00,0.9876,0.9879,0.98698,0.98733,3756,0,0
2019-07-02 04:00:00,0.98733,0.98737,0.98672,0.98674,4002,0,0
2019-07-02 08:00:00,0.98669,0.98825,0.98649,0.98782,8870,0,0
2019-07-02 12:00:00,0.98782,0.98871,0.98644,0.98857,11050,0,0
2019-07-02 16:00:00,0.98856,0.9889,0.98355,0.98486,14172,0,0
2019-07-02 20:00:00,0.98489,0.98672,0.98456,0.98621,8628,0,0
2019-07-03 00:00:00,0.98625,0.98638,0.98413,0.98416,3083,0,0
2019-07-03 04:00:00,0.98416,0.98548,0.98343,0.9854,5792,0,0
2019-07-03 08:00:00,0.9854,0.98729,0.98464,0.98552,11462,0,0
2019-07-03 12:00:00,0.98552,0.98594,0.98369,0.98589,11121,0,0
2019-07-03 16:00:00,0.98589,0.98705,0.98363,0.9866,14228,0,0
2019-07-03 20:00:00,0.98659,0.98734,0.98621,0.98621,2489,0,0
2019-07-04 00:00:00,0.98628,0.98656,0.98568,0.98634,3233,0,0
2019-07-04 04:00:00,0.98634,0.98647,0.98564,0.98635,3105,0,0
2019-07-04 08:00:00,0.98634,0.98671,0.98564,0.9866,5695,0,0
2019-07-04 12:00:00,0.9866,0.987,0.98476,0.98521,5678,0,0
2019-07-04 16:00:00,0.98521,0.9863,0.98478,0.98501,4398,0,0
2019-07-04 20:00:00,0.98501,0.98545,0.98456,0.98456,1800,0,0
2019-07-05 00:00:00,0.98446,0.9855,0.98423,0.9854,2628,0,0
2019-07-05 04:00:00,0.9854,0.98562,0.98487,0.98519,2809,0,0
2019-07-05 08:00:00,0.98519,0.98764,0.98514,0.98755,9087,0,0
2019-07-05 12:00:00,0.98754,0.99217,0.98676,0.99081,13597,0,0
2019-07-05 16:00:00,0.99081,0.99322,0.99067,0.99242,18761,0,0
2019-07-05 20:00:00,0.99242,0.99285,0.99149,0.99159,5362,0,0
2019-07-08 00:00:00,0.99138,0.99172,0.99071,0.99133,2619,0,0
2019-07-08 04:00:00,0.99133,0.99139,0.98989,0.98996,5848,0,0
2019-07-08 08:00:00,0.98996,0.99191,0.98988,0.99116,8409,0,0
2019-07-08 12:00:00,0.99116,0.99247,0.99082,0.992,9468,0,0
2019-07-08 16:00:00,0.99199,0.99468,0.99188,0.99329,10093,0,0
2019-07-08 20:00:00,0.99329,0.9947,0.99275,0.99381,4508,0,0
2019-07-09 00:00:00,0.99367,0.99474,0.99325,0.99467,10398,0,0
2019-07-09 04:00:00,0.99467,0.99492,0.99378,0.99423,4266,0,0
2019-07-09 08:00:00,0.99422,0.99499,0.99317,0.9945,9535,0,0
2019-07-09 12:00:00,0.9945,0.99517,0.99315,0.99324,8530,0,0
2019-07-09 16:00:00,0.99323,0.99368,0.99231,0.99304,10236,0,0
2019-07-09 20:00:00,0.99304,0.99399,0.99258,0.99356,4850,0,0
2019-07-10 00:00:00,0.99354,0.99414,0.99293,0.99395,2631,0,0
2019-07-10 04:00:00,0.99394,0.99414,0.99297,0.99299,3092,0,0
2019-07-10 08:00:00,0.993,0.99328,0.99099,0.99103,10206,0,0
2019-07-10 12:00:00,0.99105,0.99276,0.98884,0.98917,12988,0,0
2019-07-10 16:00:00,0.98917,0.99112,0.98873,0.9896,16655,0,0
2019-07-10 20:00:00,0.9896,0.9902,0.98911,0.98953,7804,0,0
2019-07-11 00:00:00,0.98951,0.98968,0.98708,0.98782,3999,0,0
2019-07-11 04:00:00,0.98781,0.98788,0.98539,0.98599,5120,0,0
2019-07-11 08:00:00,0.98599,0.98743,0.98556,0.98567,8200,0,0
2019-07-11 12:00:00,0.98566,0.98782,0.98454,0.98707,12816,0,0
2019-07-11 16:00:00,0.98707,0.9905,0.98633,0.98981,13249,0,0
2019-07-11 20:00:00,0.98981,0.9905,0.98908,0.99025,8415,0,0
2019-07-12 00:00:00,0.99002,0.99083,0.98961,0.99035,3595,0,0
2019-07-12 04:00:00,0.99035,0.99057,0.98905,0.98934,5326,0,0
2019-07-12 08:00:00,0.98934,0.98961,0.9862,0.98675,10247,0,0
2019-07-12 12:00:00,0.98672,0.98742,0.98513,0.98598,13329,0,0
2019-07-12 16:00:00,0.98597,0.98715,0.98362,0.98413,13139,0,0
2019-07-12 20:00:00,0.98415,0.98486,0.9839,0.98402,5860,0,0
2019-07-15 00:00:00,0.9841,0.98517,0.98393,0.98417,5997,0,0
2019-07-15 04:00:00,0.98417,0.98547,0.98414,0.98446,6153,0,0
2019-07-15 08:00:00,0.98446,0.98497,0.98279,0.98291,8510,0,0
2019-07-15 12:00:00,0.98291,0.98332,0.98175,0.98288,7932,0,0
2019-07-15 16:00:00,0.98288,0.98519,0.98276,0.98471,9146,0,0
2019-07-15 20:00:00,0.98471,0.9854,0.98421,0.98448,3366,0,0
2019-07-16 00:00:00,0.9845,0.98497,0.98387,0.98496,2720,0,0
2019-07-16 04:00:00,0.98494,0.98547,0.98482,0.98524,3300,0,0
2019-07-16 08:00:00,0.98524,0.98533,0.98357,0.98408,7222,0,0
2019-07-16 12:00:00,0.98408,0.98872,0.9838,0.98786,11407,0,0
2019-07-16 16:00:00,0.98786,0.98929,0.98679,0.98818,11018,0,0
2019-07-16 20:00:00,0.98817,0.98941,0.98751,0.98789,7362,0,0
2019-07-17 00:00:00,0.98785,0.98852,0.9875,0.98806,2263,0,0
2019-07-17 04:00:00,0.98805,0.98805,0.98721,0.98731,3743,0,0
2019-07-17 08:00:00,0.98732,0.9898,0.98715,0.98972,8433,0,0
2019-07-17 12:00:00,0.98972,0.99078,0.98854,0.98918,8596,0,0
2019-07-17 16:00:00,0.98918,0.98959,0.98672,0.98758,9848,0,0
2019-07-17 20:00:00,0.98758,0.98783,0.98647,0.98739,4684,0,0
2019-07-18 00:00:00,0.98745,0.98745,0.98541,0.98546,3053,0,0
2019-07-18 04:00:00,0.98546,0.98597,0.98504,0.98537,4976,0,0
2019-07-18 08:00:00,0.98537,0.986,0.98475,0.9851,9708,0,0
2019-07-18 12:00:00,0.9851,0.98918,0.98495,0.9866,15466,0,0
2019-07-18 16:00:00,0.9866,0.98795,0.98605,0.987,10571,0,0
2019-07-18 20:00:00,0.987,0.98714,0.98091,0.98136,13156,0,0
2019-07-19 00:00:00,0.98136,0.98414,0.98057,0.98291,5606,0,0
2019-07-19 04:00:00,0.98291,0.9835,0.98226,0.98339,4703,0,0
2019-07-19 08:00:00,0.98339,0.98474,0.9822,0.98372,8763,0,0
2019-07-19 12:00:00,0.98372,0.98386,0.98182,0.98239,11084,0,0
2019-07-19 16:00:00,0.98239,0.98289,0.98083,0.9817,13318,0,0
2019-07-19 20:00:00,0.9817,0.98449,0.98139,0.98148,10256,0,0
2019-07-22 00:00:00,0.98244,0.98356,0.98161,0.98343,3145,0,0
2019-07-22 04:00:00,0.98343,0.98407,0.98289,0.98355,4944,0,0
2019-07-22 08:00:00,0.98355,0.98388,0.98167,0.98182,7866,0,0
2019-07-22 12:00:00,0.98181,0.98239,0.98053,0.98096,9019,0,0
2019-07-22 16:00:00,0.98096,0.98178,0.98039,0.98131,9135,0,0
2019-07-22 20:00:00,0.98132,0.98242,0.98068,0.98205,4259,0,0
2019-07-23 00:00:00,0.982,0.98346,0.98166,0.98318,4343,0,0
2019-07-23 04:00:00,0.98318,0.98465,0.98317,0.98411,6771,0,0
2019-07-23 08:00:00,0.98411,0.98508,0.98312,0.98462,7648,0,0
2019-07-23 12:00:00,0.98462,0.98524,0.98281,0.98337,8715,0,0
2019-07-23 16:00:00,0.98336,0.98549,0.98299,0.9851,11107,0,0
2019-07-23 20:00:00,0.98509,0.98597,0.98454,0.98528,5467,0,0
2019-07-24 00:00:00,0.9852,0.98626,0.98468,0.98579,3102,0,0
2019-07-24 04:00:00,0.98579,0.98678,0.98558,0.9864,4268,0,0
2019-07-24 08:00:00,0.9864,0.98745,0.98574,0.98592,9270,0,0
2019-07-24 12:00:00,0.98592,0.98638,0.98473,0.98518,9953,0,0
2019-07-24 16:00:00,0.98518,0.98565,0.98363,0.98522,9868,0,0
2019-07-24 20:00:00,0.9852,0.98605,0.98471,0.98471,4747,0,0
2019-07-25 00:00:00,0.98468,0.9853,0.9844,0.98487,2916,0,0
2019-07-25 04:00:00,0.98485,0.98538,0.98447,0.98509,4471,0,0
2019-07-25 08:00:00,0.98509,0.98656,0.98475,0.98617,6582,0,0
2019-07-25 12:00:00,0.98616,0.99035,0.9847,0.98818,16400,0,0
2019-07-25 16:00:00,0.98817,0.99142,0.98669,0.99107,17617,0,0
2019-07-25 20:00:00,0.99107,0.99178,0.99031,0.99086,5335,0,0
2019-07-26 00:00:00,0.99081,0.9912,0.99023,0.9905,2438,0,0
2019-07-26 04:00:00,0.9905,0.99098,0.99004,0.99091,3235,0,0
2019-07-26 08:00:00,0.9909,0.99206,0.99073,0.99179,8023,0,0
2019-07-26 12:00:00,0.99179,0.9934,0.99136,0.99282,8945,0,0
2019-07-26 16:00:00,0.99281,0.99437,0.99178,0.99397,13094,0,0
2019-07-26 20:00:00,0.99397,0.99461,0.99318,0.99342,3464,0,0
2019-07-29 00:00:00,0.99306,0.9936,0.9923,0.99237,2170,0,0
2019-07-29 04:00:00,0.99235,0.99333,0.99169,0.99318,2324,0,0
2019-07-29 08:00:00,0.99318,0.9934,0.99151,0.99172,5480,0,0
2019-07-29 12:00:00,0.99172,0.99302,0.99091,0.99226,7583,0,0
2019-07-29 16:00:00,0.99226,0.9928,0.99117,0.99213,10105,0,0
2019-07-29 20:00:00,0.99213,0.99216,0.99107,0.99169,4566,0,0
2019-07-30 00:00:00,0.99155,0.99198,0.99092,0.99168,3420,0,0
2019-07-30 04:00:00,0.99168,0.99226,0.99089,0.99165,5202,0,0
2019-07-30 08:00:00,0.99164,0.99223,0.9902,0.99046,9956,0,0
2019-07-30 12:00:00,0.99046,0.99095,0.98908,0.98947,12828,0,0
2019-07-30 16:00:00,0.98946,0.99176,0.98943,0.99062,13732,0,0
2019-07-30 20:00:00,0.99062,0.99075,0.98987,0.99017,5314,0,0
2019-07-31 00:00:00,0.99014,0.9905,0.98952,0.99021,4358,0,0
2019-07-31 04:00:00,0.99021,0.99116,0.99014,0.99112,3700,0,0
2019-07-31 08:00:00,0.99113,0.99137,0.98987,0.99067,8409,0,0
2019-07-31 12:00:00,0.99073,0.99101,0.98933,0.98936,7668,0,0
2019-07-31 16:00:00,0.98933,0.99129,0.98929,0.98993,15299,0,0
2019-07-31 20:00:00,0.98992,0.99498,0.98839,0.99393,25638,0,0
2019-08-01 00:00:00,0.99391,0.99758,0.99328,0.99695,6019,0,0
2019-08-01 04:00:00,0.99695,0.9971,0.99602,0.99608,7367,0,0
2019-08-01 08:00:00,0.99608,0.99742,0.99489,0.99496,10321,0,0
2019-08-01 12:00:00,0.99496,0.99647,0.99457,0.99613,12565,0,0
2019-08-01 16:00:00,0.99613,0.99626,0.99236,0.99248,20808,0,0
2019-08-01 20:00:00,0.9925,0.99347,0.9888,0.99019,25051,0,0
2019-08-02 00:00:00,0.99013,0.99076,0.98757,0.98811,5708,0,0
2019-08-02 04:00:00,0.98811,0.98966,0.98758,0.98876,10195,0,0
2019-08-02 08:00:00,0.98876,0.9893,0.98531,0.98646,15943,0,0
2019-08-02 12:00:00,0.98646,0.98676,0.98374,0.98623,15965,0,0
2019-08-02 16:00:00,0.98623,0.98732,0.98173,0.98176,24827,0,0
2019-08-02 20:00:00,0.98176,0.98289,0.98145,0.98239,9379,0,0
2019-08-05 00:00:00,0.98393,0.98408,0.97976,0.98057,3735,0,0
2019-08-05 04:00:00,0.98057,0.98125,0.97852,0.97924,13529,0,0
2019-08-05 08:00:00,0.97923,0.97954,0.97509,0.97519,15958,0,0
2019-08-05 12:00:00,0.9752,0.97581,0.9738,0.97491,15464,0,0
2019-08-05 16:00:00,0.97491,0.97585,0.97166,0.97202,21633,0,0
2019-08-05 20:00:00,0.97201,0.97489,0.97196,0.97316,13378,0,0
2019-08-06 00:00:00,0.97339,0.97363,0.97035,0.97098,8411,0,0
2019-08-06 04:00:00,0.97098,0.97566,0.97098,0.97438,13570,0,0
2019-08-06 08:00:00,0.97439,0.97584,0.97367,0.97447,19255,0,0
2019-08-06 12:00:00,0.97446,0.97692,0.97412,0.97676,11354,0,0
2019-08-06 16:00:00,0.97674,0.97926,0.97624,0.97647,19755,0,0
2019-08-06 20:00:00,0.97647,0.97789,0.976,0.97619,10361,0,0
2019-08-07 00:00:00,0.97631,0.97676,0.97448,0.97567,4387,0,0
2019-08-07 04:00:00,0.97566,0.9766,0.974,0.9758,13296,0,0
2019-08-07 08:00:00,0.9758,0.97834,0.97552,0.97781,13459,0,0
2019-08-07 12:00:00,0.97781,0.97971,0.97432,0.97493,18001,0,0
2019-08-07 16:00:00,0.97493,0.97516,0.96923,0.97177,36466,0,0
2019-08-07 20:00:00,0.97175,0.97547,0.97126,0.97537,22388,0,0
2019-08-08 00:00:00,0.97536,0.97569,0.9742,0.97466,4647,0,0
2019-08-08 04:00:00,0.97466,0.97574,0.97435,0.97554,9528,0,0
2019-08-08 08:00:00,0.97553,0.97573,0.97375,0.97493,10908,0,0
2019-08-08 12:00:00,0.97493,0.97718,0.97453,0.97651,12002,0,0
2019-08-08 16:00:00,0.97651,0.9787,0.97481,0.97582,20971,0,0
2019-08-08 20:00:00,0.97582,0.97601,0.97428,0.97482,11037,0,0
2019-08-09 00:00:00,0.97468,0.97498,0.97341,0.9741,3191,0,0
2019-08-09 04:00:00,0.9741,0.97439,0.9736,0.974,3825,0,0
2019-08-09 08:00:00,0.974,0.97541,0.97364,0.97421,7765,0,0
2019-08-09 12:00:00,0.97422,0.97427,0.97206,0.9722,11824,0,0
2019-08-09 16:00:00,0.9722,0.97445,0.97092,0.97234,21913,0,0
2019-08-09 20:00:00,0.97233,0.97356,0.97191,0.97263,9802,0,0
2019-08-12 00:00:00,0.973,0.97319,0.97145,0.97169,2339,0,0
2019-08-12 04:00:00,0.9717,0.97245,0.97167,0.97196,7551,0,0
2019-08-12 08:00:00,0.97196,0.97538,0.97191,0.97392,15662,0,0
2019-08-12 12:00:00,0.97392,0.97403,0.97095,0.97123,14913,0,0
2019-08-12 16:00:00,0.97122,0.9718,0.96822,0.97042,17134,0,0
2019-08-12 20:00:00,0.97042,0.9706,0.96862,0.96928,8602,0,0
2019-08-13 00:00:00,0.96915,0.96999,0.96852,0.96989,5105,0,0
2019-08-13 04:00:00,0.96989,0.97272,0.96939,0.97221,11411,0,0
2019-08-13 08:00:00,0.97221,0.9725,0.97012,0.9713,12858,0,0
2019-08-13 12:00:00,0.97131,0.97165,0.96597,0.96697,12607,0,0
2019-08-13 16:00:00,0.96697,0.97684,0.96647,0.97532,32943,0,0
2019-08-13 20:00:00,0.97534,0.97671,0.97404,0.97658,12535,0,0
2019-08-14 00:00:00,0.97663,0.97672,0.97523,0.97536,9178,0,0
2019-08-14 04:00:00,0.97536,0.97705,0.97455,0.97667,14375,0,0
2019-08-14 08:00:00,0.97667,0.97696,0.97348,0.9739,12355,0,0
2019-08-14 12:00:00,0.9739,0.97463,0.97056,0.97228,21990,0,0
2019-08-14 16:00:00,0.97228,0.97448,0.97129,0.97289,27028,0,0
2019-08-14 20:00:00,0.97289,0.97458,0.9726,0.9734,14129,0,0
2019-08-15 00:00:00,0.97306,0.97383,0.97263,0.97359,7730,0,0
2019-08-15 04:00:00,0.9736,0.97384,0.97305,0.97347,10750,0,0
2019-08-15 08:00:00,0.97346,0.97577,0.97328,0.97479,20258,0,0
2019-08-15 12:00:00,0.97479,0.97559,0.97218,0.97516,31230,0,0
2019-08-15 16:00:00,0.97514,0.97767,0.97452,0.97705,31822,0,0
2019-08-15 20:00:00,0.97705,0.97733,0.97469,0.97637,14909,0,0
2019-08-16 00:00:00,0.97637,0.97757,0.97598,0.97746,4991,0,0
2019-08-16 04:00:00,0.97746,0.97893,0.97723,0.97872,8740,0,0
2019-08-16 08:00:00,0.97871,0.97997,0.97833,0.97983,13945,0,0
2019-08-16 12:00:00,0.97984,0.98094,0.97892,0.98042,16387,0,0
2019-08-16 16:00:00,0.98042,0.98044,0.97876,0.979,19055,0,0
2019-08-16 20:00:00,0.979,0.9792,0.97786,0.97849,6574,0,0
2019-08-19 00:00:00,0.97832,0.98003,0.97693,0.97912,8583,0,0
2019-08-19 04:00:00,0.97912,0.97986,0.97877,0.97954,4205,0,0
2019-08-19 08:00:00,0.97954,0.97995,0.97734,0.97815,10554,0,0
2019-08-19 12:00:00,0.97815,0.98145,0.97787,0.98137,10062,0,0
2019-08-19 16:00:00,0.98132,0.98212,0.97989,0.98041,8432,0,0
2019-08-19 20:00:00,0.98041,0.98176,0.98,0.98159,4606,0,0
2019-08-20 00:00:00,0.98157,0.98168,0.98103,0.98138,3353,0,0
2019-08-20 04:00:00,0.98138,0.98162,0.98063,0.98082,5766,0,0
2019-08-20 08:00:00,0.98082,0.98115,0.97954,0.97955,7787,0,0
2019-08-20 12:00:00,0.97955,0.98074,0.97869,0.98007,7589,0,0
2019-08-20 16:00:00,0.98007,0.98058,0.97834,0.97846,13242,0,0
2019-08-20 20:00:00,0.97846,0.97867,0.97752,0.97781,4857,0,0
2019-08-21 00:00:00,0.97784,0.97913,0.97734,0.97874,6859,0,0
2019-08-21 04:00:00,0.97874,0.97934,0.97843,0.9792,10735,0,0
2019-08-21 08:00:00,0.97921,0.98,0.97852,0.97985,7397,0,0
2019-08-21 12:00:00,0.97984,0.98068,0.97904,0.98067,7597,0,0
2019-08-21 16:00:00,0.98066,0.98186,0.98024,0.98049,9570,0,0
2019-08-21 20:00:00,0.98049,0.98312,0.9801,0.98258,8546,0,0
2019-08-22 00:00:00,0.98239,0.98295,0.98181,0.98285,2558,0,0
2019-08-22 04:00:00,0.98285,0.98306,0.9821,0.98266,4260,0,0
2019-08-22 08:00:00,0.98266,0.98312,0.98137,0.98218,9776,0,0
2019-08-22 12:00:00,0.98218,0.98444,0.98199,0.98406,13075,0,0
2019-08-22 16:00:00,0.98405,0.98448,0.98255,0.9841,14223,0,0
2019-08-22 20:00:00,0.98411,0.98425,0.9831,0.98366,4850,0,0
2019-08-23 00:00:00,0.98357,0.9845,0.98329,0.98446,3300,0,0
2019-08-23 04:00:00,0.98446,0.98548,0.98435,0.9851,5516,0,0
2019-08-23 08:00:00,0.9851,0.98728,0.98499,0.98725,7369,0,0
2019-08-23 12:00:00,0.98725,0.98772,0.98363,0.98461,12568,0,0
2019-08-23 16:00:00,0.98463,0.98526,0.97456,0.9753,30067,0,0
2019-08-23 20:00:00,0.9753,0.9755,0.97357,0.97491,14252,0,0
2019-08-26 00:00:00,0.97229,0.9752,0.97129,0.97448,12238,0,0
2019-08-26 04:00:00,0.97448,0.97766,0.97448,0.97502,19251,0,0
2019-08-26 08:00:00,0.97502,0.97866,0.97402,0.9786,22961,0,0
2019-08-26 12:00:00,0.9786,0.98166,0.97836,0.98052,16469,0,0
2019-08-26 16:00:00,0.9805,0.9805,0.97744,0.9796,23543,0,0
2019-08-26 20:00:00,0.97959,0.9808,0.97897,0.97911,8071,0,0
2019-08-27 00:00:00,0.97893,0.97958,0.97822,0.97841,4661,0,0
2019-08-27 04:00:00,0.97841,0.97927,0.97823,0.97898,8667,0,0
2019-08-27 08:00:00,0.97898,0.98034,0.97754,0.98012,14727,0,0
2019-08-27 12:00:00,0.98012,0.98113,0.97935,0.98098,14396,0,0
2019-08-27 16:00:00,0.98098,0.98372,0.98017,0.98024,18724,0,0
2019-08-27 20:00:00,0.98024,0.98151,0.98016,0.98123,6184,0,0
2019-08-28 00:00:00,0.98127,0.98161,0.9808,0.98141,6185,0,0
2019-08-28 04:00:00,0.98141,0.98239,0.98112,0.98198,11604,0,0
2019-08-28 08:00:00,0.98199,0.98287,0.98117,0.98149,11981,0,0
2019-08-28 12:00:00,0.9815,0.98203,0.98034,0.98146,14172,0,0
2019-08-28 16:00:00,0.98146,0.98247,0.98013,0.98132,16164,0,0
2019-08-28 20:00:00,0.98132,0.98228,0.98066,0.98132,6767,0,0
2019-08-29 00:00:00,0.98144,0.98162,0.98065,0.98077,5099,0,0
2019-08-29 04:00:00,0.98077,0.98093,0.98005,0.98058,5845,0,0
2019-08-29 08:00:00,0.98058,0.98333,0.98033,0.98332,13024,0,0
2019-08-29 12:00:00,0.98332,0.98429,0.98178,0.98263,12215,0,0
2019-08-29 16:00:00,0.98262,0.98675,0.98172,0.98643,17327,0,0
2019-08-29 20:00:00,0.98643,0.98754,0.98633,0.9865,6448,0,0
2019-08-30 00:00:00,0.98664,0.98715,0.98591,0.98703,4510,0,0
2019-08-30 04:00:00,0.98703,0.98813,0.98695,0.98759,8514,0,0
2019-08-30 08:00:00,0.98759,0.98956,0.98688,0.98852,14023,0,0
2019-08-30 12:00:00,0.98849,0.98944,0.98756,0.98773,13155,0,0
2019-08-30 16:00:00,0.9877,0.99074,0.98729,0.9903,17157,0,0
2019-08-30 20:00:00,0.9903,0.99178,0.98953,0.98982,7989,0,0
2019-09-02 00:00:00,0.9898,0.99006,0.98887,0.98941,4717,0,0
2019-09-02 04:00:00,0.98941,0.99052,0.98939,0.99044,7199,0,0
2019-09-02 08:00:00,0.99044,0.99173,0.98996,0.99062,9461,0,0
2019-09-02 12:00:00,0.99062,0.9919,0.99052,0.99171,9435,0,0
2019-09-02 16:00:00,0.99171,0.99194,0.98966,0.98981,5593,0,0
2019-09-02 20:00:00,0.98981,0.99076,0.9898,0.99057,1596,0,0
2019-09-03 00:00:00,0.9903,0.99189,0.99013,0.99184,3466,0,0
2019-09-03 04:00:00,0.99184,0.99291,0.99177,0.99226,10825,0,0
2019-09-03 08:00:00,0.99226,0.99268,0.99073,0.99097,16036,0,0
2019-09-03 12:00:00,0.99096,0.99133,0.98934,0.98985,12956,0,0
2019-09-03 16:00:00,0.98985,0.99005,0.98634,0.9871,17890,0,0
2019-09-03 20:00:00,0.9871,0.98769,0.98636,0.98667,4729,0,0
2019-09-04 00:00:00,0.98661,0.98763,0.98596,0.98665,5129,0,0
2019-09-04 04:00:00,0.98665,0.9877,0.98649,0.9871,8912,0,0
2019-09-04 08:00:00,0.98711,0.98845,0.98576,0.98607,14294,0,0
2019-09-04 12:00:00,0.98608,0.98623,0.98404,0.98452,10985,0,0
2019-09-04 16:00:00,0.98452,0.98496,0.98041,0.98126,13522,0,0
2019-09-04 20:00:00,0.98126,0.98164,0.97982,0.981,6418,0,0
2019-09-05 00:00:00,0.98069,0.98148,0.97999,0.98124,3821,0,0
2019-09-05 04:00:00,0.98124,0.98431,0.98116,0.98373,12829,0,0
2019-09-05 08:00:00,0.98373,0.98431,0.982,0.98267,14371,0,0
2019-09-05 12:00:00,0.98266,0.984,0.98188,0.98361,13545,0,0
2019-09-05 16:00:00,0.98361,0.98733,0.98254,0.98647,16823,0,0
2019-09-05 20:00:00,0.98647,0.98704,0.98597,0.98605,4579,0,0
2019-09-06 00:00:00,0.98568,0.98687,0.98536,0.98647,5842,0,0
2019-09-06 04:00:00,0.98647,0.98735,0.98612,0.9871,8862,0,0
2019-09-06 08:00:00,0.9871,0.98898,0.98611,0.98892,11584,0,0
2019-09-06 12:00:00,0.98892,0.99176,0.98879,0.9892,15253,0,0
2019-09-06 16:00:00,0.9892,0.98938,0.98601,0.98758,14284,0,0
2019-09-06 20:00:00,0.98758,0.98845,0.98685,0.98767,5825,0,0
2019-09-09 00:00:00,0.98713,0.9894,0.98701,0.98921,5394,0,0
2019-09-09 04:00:00,0.98923,0.98936,0.98846,0.98919,9108,0,0
2019-09-09 08:00:00,0.98919,0.99076,0.98867,0.9905,8854,0,0
2019-09-09 12:00:00,0.9905,0.99156,0.98878,0.99102,10220,0,0
2019-09-09 16:00:00,0.991,0.99127,0.98934,0.99053,11540,0,0
2019-09-09 20:00:00,0.99053,0.99232,0.99051,0.99211,4624,0,0
2019-09-10 00:00:00,0.99197,0.99276,0.99135,0.99273,4421,0,0
2019-09-10 04:00:00,0.99272,0.9932,0.99195,0.99231,6132,0,0
2019-09-10 08:00:00,0.99232,0.99252,0.99086,0.99126,9042,0,0
2019-09-10 12:00:00,0.99127,0.99224,0.98963,0.99023,9784,0,0
2019-09-10 16:00:00,0.99023,0.99179,0.98889,0.99153,13332,0,0
2019-09-10 20:00:00,0.99154,0.99224,0.99042,0.99189,5650,0,0
2019-09-11 00:00:00,0.99184,0.99219,0.9912,0.99205,5188,0,0
2019-09-11 04:00:00,0.99207,0.99242,0.99127,0.99182,6730,0,0
2019-09-11 08:00:00,0.99182,0.99405,0.99151,0.99365,9240,0,0
2019-09-11 12:00:00,0.99365,0.99435,0.99289,0.99347,10151,0,0
2019-09-11 16:00:00,0.99347,0.99404,0.99282,0.9932,10108,0,0
2019-09-11 20:00:00,0.9932,0.99348,0.99248,0.99282,4108,0,0
2019-09-12 00:00:00,0.9928,0.99405,0.99272,0.99386,6874,0,0
2019-09-12 04:00:00,0.99386,0.99396,0.99283,0.9935,8062,0,0
2019-09-12 08:00:00,0.9935,0.99361,0.98986,0.99042,8839,0,0
2019-09-12 12:00:00,0.99042,0.99467,0.98945,0.99352,19197,0,0
2019-09-12 16:00:00,0.99352,0.9938,0.98819,0.98894,26532,0,0
2019-09-12 20:00:00,0.98893,0.99124,0.98805,0.99039,6616,0,0
2019-09-13 00:00:00,0.99034,0.99077,0.9895,0.98961,4050,0,0
2019-09-13 04:00:00,0.98961,0.99041,0.98945,0.98992,10398,0,0
2019-09-13 08:00:00,0.98991,0.98992,0.9869,0.98772,11617,0,0
2019-09-13 12:00:00,0.98768,0.98809,0.98544,0.98767,9400,0,0
2019-09-13 16:00:00,0.98767,0.99078,0.98686,0.9904,11535,0,0
2019-09-13 20:00:00,0.99039,0.99111,0.98984,0.99011,5198,0,0
2019-09-16 00:00:00,0.98737,0.98794,0.98649,0.98722,5923,0,0
2019-09-16 04:00:00,0.98722,0.98896,0.98682,0.98835,5752,0,0
2019-09-16 08:00:00,0.98835,0.99063,0.98808,0.99027,9377,0,0
2019-09-16 12:00:00,0.99027,0.99184,0.9894,0.99168,10442,0,0
2019-09-16 16:00:00,0.99168,0.99401,0.99144,0.99223,12162,0,0
2019-09-16 20:00:00,0.99223,0.99344,0.99173,0.99256,5365,0,0
2019-09-17 00:00:00,0.99247,0.99326,0.99182,0.992,4579,0,0
2019-09-17 04:00:00,0.992,0.9927,0.99132,0.99194,9053,0,0
2019-09-17 08:00:00,0.99192,0.9945,0.9915,0.99395,10452,0,0
2019-09-17 12:00:00,0.99395,0.99576,0.99369,0.99521,9071,0,0
2019-09-17 16:00:00,0.99523,0.99686,0.99211,0.99232,15817,0,0
2019-09-17 20:00:00,0.99232,0.99382,0.99225,0.99305,5749,0,0
2019-09-18 00:00:00,0.99306,0.9935,0.99256,0.99344,3753,0,0
2019-09-18 04:00:00,0.99344,0.99386,0.99313,0.99371,5699,0,0
2019-09-18 08:00:00,0.99371,0.99576,0.9934,0.99563,8767,0,0
2019-09-18 12:00:00,0.99564,0.99633,0.99454,0.99471,8881,0,0
2019-09-18 16:00:00,0.99471,0.99607,0.9942,0.99462,10506,0,0
2019-09-18 20:00:00,0.99462,0.99836,0.9944,0.99752,14960,0,0
2019-09-19 00:00:00,0.99734,0.99836,0.99617,0.99782,4771,0,0
2019-09-19 04:00:00,0.99782,0.9982,0.99625,0.99658,10403,0,0
2019-09-19 08:00:00,0.9966,0.99797,0.99119,0.9913,12561,0,0
2019-09-19 12:00:00,0.99132,0.99197,0.99001,0.99158,10050,0,0
2019-09-19 16:00:00,0.99159,0.99416,0.99094,0.99345,9761,0,0
2019-09-19 20:00:00,0.99345,0.9935,0.99116,0.99309,8060,0,0
2019-09-20 00:00:00,0.99248,0.99333,0.99209,0.99225,4149,0,0
2019-09-20 04:00:00,0.99225,0.99237,0.99081,0.99145,5384,0,0
2019-09-20 08:00:00,0.99145,0.99158,0.98893,0.99106,8837,0,0
2019-09-20 12:00:00,0.99106,0.99252,0.99041,0.9919,9252,0,0
2019-09-20 16:00:00,0.9919,0.99362,0.99149,0.99268,12153,0,0
2019-09-20 20:00:00,0.99268,0.99294,0.99026,0.99095,8987,0,0
2019-09-23 00:00:00,0.99093,0.99196,0.99048,0.99172,4341,0,0
2019-09-23 04:00:00,0.99172,0.99198,0.99079,0.99131,3183,0,0
2019-09-23 08:00:00,0.99131,0.99229,0.9893,0.98972,11367,0,0
2019-09-23 12:00:00,0.98972,0.99175,0.9896,0.99142,7998,0,0
2019-09-23 16:00:00,0.99142,0.9919,0.98902,0.98968,11797,0,0
2019-09-23 20:00:00,0.98968,0.99047,0.98927,0.98984,4763,0,0
2019-09-24 00:00:00,0.98974,0.99063,0.98925,0.99052,4857,0,0
2019-09-24 04:00:00,0.99052,0.99101,0.99027,0.99095,5665,0,0
2019-09-24 08:00:00,0.99094,0.99144,0.98959,0.99051,6702,0,0
2019-09-24 12:00:00,0.99051,0.99055,0.98786,0.98791,7398,0,0
2019-09-24 16:00:00,0.98791,0.98954,0.98438,0.98505,13624,0,0
2019-09-24 20:00:00,0.98505,0.98769,0.98444,0.9856,11564,0,0
2019-09-25 00:00:00,0.98555,0.98635,0.98503,0.98627,7115,0,0
2019-09-25 04:00:00,0.98627,0.98751,0.98606,0.98727,9932,0,0
2019-09-25 08:00:00,0.98728,0.9874,0.98541,0.98554,7251,0,0
2019-09-25 12:00:00,0.98554,0.98749,0.98542,0.98699,7319,0,0
2019-09-25 16:00:00,0.98699,0.99215,0.98625,0.99142,16935,0,0
2019-09-25 20:00:00,0.99143,0.99249,0.99088,0.99229,6975,0,0
2019-09-26 00:00:00,0.99149,0.99186,0.99062,0.99149,5027,0,0
2019-09-26 04:00:00,0.99149,0.9916,0.99061,0.99094,6056,0,0
2019-09-26 08:00:00,0.99094,0.99399,0.99093,0.99358,7152,0,0
2019-09-26 12:00:00,0.99358,0.99478,0.99231,0.99275,9786,0,0
2019-09-26 16:00:00,0.99276,0.99353,0.99063,0.99328,14157,0,0
2019-09-26 20:00:00,0.99328,0.99485,0.99253,0.99373,6565,0,0
2019-09-27 00:00:00,0.99366,0.99451,0.99317,0.99344,4522,0,0
2019-09-27 04:00:00,0.99345,0.99412,0.99342,0.9938,4955,0,0
2019-09-27 08:00:00,0.9938,0.99491,0.99279,0.99288,7762,0,0
2019-09-27 12:00:00,0.99288,0.99354,0.99148,0.99213,7732,0,0
2019-09-27 16:00:00,0.99214,0.99367,0.99001,0.99032,16092,0,0
2019-09-27 20:00:00,0.99032,0.99126,0.98981,0.9909,5865,0,0
2019-09-30 00:00:00,0.99047,0.99148,0.99037,0.99098,2985,0,0
2019-09-30 04:00:00,0.99099,0.9916,0.99087,0.99112,4519,0,0
2019-09-30 08:00:00,0.99112,0.99324,0.99092,0.99307,6323,0,0
2019-09-30 12:00:00,0.99306,0.99703,0.99299,0.99672,8128,0,0
2019-09-30 16:00:00,0.99673,0.99808,0.99613,0.99787,12371,0,0
2019-09-30 20:00:00,0.99787,0.99879,0.99767,0.99802,4913,0,0
2019-10-01 00:00:00,0.99768,0.99829,0.99741,0.99821,2346,0,0
2019-10-01 04:00:00,0.99821,0.99931,0.99813,0.99916,7349,0,0
2019-10-01 08:00:00,0.99916,1.0011,0.99876,1.00079,8896,0,0
2019-10-01 12:00:00,1.00078,1.00168,0.99982,1.00045,9355,0,0
2019-10-01 16:00:00,1.00046,1.00125,0.9928,0.99372,20237,0,0
2019-10-01 20:00:00,0.99372,0.99407,0.99232,0.99308,6887,0,0
2019-10-02 00:00:00,0.99298,0.99344,0.99211,0.99251,3727,0,0
2019-10-02 04:00:00,0.99251,0.99367,0.99237,0.99339,8412,0,0
2019-10-02 08:00:00,0.99339,0.99983,0.99299,0.99961,9193,0,0
2019-10-02 12:00:00,0.99961,1.00265,0.99896,1.00044,9351,0,0
2019-10-02 16:00:00,1.00044,1.00044,0.99671,0.9969,15904,0,0
2019-10-02 20:00:00,0.9969,0.99772,0.99643,0.99693,6777,0,0
2019-10-03 00:00:00,0.99687,0.99721,0.99615,0.99644,4375,0,0
2019-10-03 04:00:00,0.99644,0.99811,0.99643,0.9978,5267,0,0
2019-10-03 08:00:00,0.9978,1.00277,0.99741,0.99896,10342,0,0
2019-10-03 12:00:00,0.99896,1.00158,0.99859,1.00028,11453,0,0
2019-10-03 16:00:00,1.00028,1.00238,0.99523,0.9978,22917,0,0
2019-10-03 20:00:00,0.99779,0.99906,0.99747,0.99894,7604,0,0
2019-10-04 00:00:00,0.99882,0.99893,0.998,0.99838,4314,0,0
2019-10-04 04:00:00,0.99839,0.99959,0.99829,0.99952,4819,0,0
2019-10-04 08:00:00,0.99952,1.00077,0.99672,0.99694,9084,0,0
2019-10-04 12:00:00,0.99694,0.99694,0.99248,0.99634,13684,0,0
2019-10-04 16:00:00,0.99634,0.99652,0.99375,0.99507,17294,0,0
2019-10-04 20:00:00,0.99508,0.99591,0.99453,0.99529,6396,0,0
2019-10-07 00:00:00,0.99364,0.9953,0.99364,0.99451,3447,0,0
2019-10-07 04:00:00,0.99451,0.99601,0.99431,0.99588,5200,0,0
2019-10-07 08:00:00,0.99587,0.99643,0.99359,0.99417,7811,0,0
2019-10-07 12:00:00,0.99417,0.99491,0.99344,0.99358,7259,0,0
2019-10-07 16:00:00,0.99355,0.99535,0.99267,0.99453,10600,0,0
2019-10-07 20:00:00,0.99454,0.99658,0.99388,0.99479,7990,0,0
2019-10-08 00:00:00,0.99469,0.99581,0.99458,0.99543,3075,0,0
2019-10-08 04:00:00,0.99543,0.99584,0.99446,0.99537,10028,0,0
2019-10-08 08:00:00,0.99537,0.99547,0.9917,0.99225,8730,0,0
2019-10-08 12:00:00,0.99224,0.99289,0.99049,0.99126,12854,0,0
2019-10-08 16:00:00,0.99127,0.99472,0.99083,0.9945,14952,0,0
2019-10-08 20:00:00,0.9945,0.99506,0.99259,0.99315,11127,0,0
2019-10-09 00:00:00,0.99304,0.99333,0.99226,0.99327,3241,0,0
2019-10-09 04:00:00,0.99327,0.99379,0.99304,0.99376,4008,0,0
2019-10-09 08:00:00,0.99376,0.9942,0.99158,0.99343,8890,0,0
2019-10-09 12:00:00,0.99344,0.99553,0.99285,0.99472,10193,0,0
2019-10-09 16:00:00,0.99472,0.99637,0.99375,0.99594,10763,0,0
2019-10-09 20:00:00,0.99594,0.99624,0.99487,0.99592,7900,0,0
2019-10-10 00:00:00,0.99588,0.9959,0.9922,0.99479,10333,0,0
2019-10-10 04:00:00,0.99479,0.99534,0.99438,0.99494,8137,0,0
2019-10-10 08:00:00,0.99494,0.99513,0.99148,0.99204,8219,0,0
2019-10-10 12:00:00,0.99204,0.99391,0.99142,0.99336,11186,0,0
2019-10-10 16:00:00,0.99336,0.99728,0.99302,0.99563,18329,0,0
2019-10-10 20:00:00,0.99563,0.99727,0.99508,0.99675,10793,0,0
2019-10-11 00:00:00,0.99692,0.99702,0.99576,0.99669,4416,0,0
2019-10-11 04:00:00,0.99669,0.99757,0.9965,0.9975,3775,0,0
2019-10-11 08:00:00,0.9975,0.99893,0.99649,0.9988,8799,0,0
2019-10-11 12:00:00,0.9988,0.99907,0.9966,0.99896,14539,0,0
2019-10-11 16:00:00,0.99896,0.99904,0.99584,0.99629,21788,0,0
2019-10-11 20:00:00,0.99629,0.9981,0.99623,0.99677,11096,0,0
2019-10-14 00:00:00,0.99688,0.99833,0.99606,0.99745,4050,0,0
2019-10-14 04:00:00,0.99745,0.99747,0.99559,0.9958,6314,0,0
2019-10-14 08:00:00,0.9958,0.99788,0.99521,0.99625,6357,0,0
2019-10-14 12:00:00,0.99624,0.99653,0.99443,0.9964,6933,0,0
2019-10-14 16:00:00,0.99641,0.9979,0.99586,0.99702,9463,0,0
2019-10-14 20:00:00,0.99702,0.99792,0.99652,0.99732,3686,0,0
2019-10-15 00:00:00,0.99664,0.99784,0.99664,0.99719,5571,0,0
2019-10-15 04:00:00,0.99719,0.99757,0.99636,0.99675,5441,0,0
2019-10-15 08:00:00,0.99675,0.9996,0.99643,0.9987,9019,0,0
2019-10-15 12:00:00,0.99872,0.99875,0.99685,0.99748,9818,0,0
2019-10-15 16:00:00,0.99748,0.99918,0.99713,0.99868,18478,0,0
2019-10-15 20:00:00,0.99868,0.9993,0.99838,0.99879,6574,0,0
2019-10-16 00:00:00,0.99865,0.99899,0.99781,0.99788,4389,0,0
2019-10-16 04:00:00,0.99788,0.99821,0.99749,0.99757,7791,0,0
2019-10-16 08:00:00,0.99757,0.99783,0.99611,0.99712,9655,0,0
2019-10-16 12:00:00,0.99712,0.99906,0.99603,0.99643,11721,0,0
2019-10-16 16:00:00,0.99643,0.99734,0.99484,0.99485,12065,0,0
2019-10-16 20:00:00,0.99485,0.9954,0.99456,0.99491,5348,0,0
2019-10-17 00:00:00,0.99485,0.99518,0.99303,0.99319,3705,0,0
2019-10-17 04:00:00,0.99319,0.99371,0.99285,0.9936,5119,0,0
2019-10-17 08:00:00,0.99359,0.99415,0.99153,0.99312,7548,0,0
2019-10-17 12:00:00,0.99312,0.99392,0.98853,0.98868,14811,0,0
2019-10-17 16:00:00,0.98867,0.98894,0.98667,0.98704,12779,0,0
2019-10-17 20:00:00,0.98704,0.98818,0.98685,0.98796,5901,0,0
2019-10-18 00:00:00,0.98791,0.988,0.98708,0.98755,2972,0,0
2019-10-18 04:00:00,0.98755,0.98793,0.98714,0.98736,5228,0,0
2019-10-18 08:00:00,0.98735,0.98905,0.98652,0.98804,6703,0,0
2019-10-18 12:00:00,0.98804,0.98915,0.98578,0.98726,7436,0,0
2019-10-18 16:00:00,0.98725,0.98806,0.98457,0.98466,12033,0,0
2019-10-18 20:00:00,0.98466,0.98606,0.98412,0.98431,6361,0,0
2019-10-21 00:00:00,0.98417,0.98552,0.98417,0.98522,6097,0,0
2019-10-21 04:00:00,0.98522,0.98619,0.9851,0.98619,3907,0,0
2019-10-21 08:00:00,0.98619,0.98648,0.98416,0.98465,7735,0,0
2019-10-21 12:00:00,0.98466,0.98613,0.98438,0.98507,6475,0,0
2019-10-21 16:00:00,0.98507,0.98761,0.98457,0.98597,9656,0,0
2019-10-21 20:00:00,0.98597,0.9862,0.98538,0.98586,4125,0,0
2019-10-22 00:00:00,0.98578,0.98702,0.98546,0.9865,3944,0,0
2019-10-22 04:00:00,0.9865,0.98699,0.98628,0.98674,4698,0,0
2019-10-22 08:00:00,0.98674,0.98916,0.98626,0.98844,6247,0,0
2019-10-22 12:00:00,0.98844,0.9891,0.98762,0.9882,7834,0,0
2019-10-22 16:00:00,0.9882,0.98908,0.98769,0.9888,8412,0,0
2019-10-22 20:00:00,0.9888,0.98968,0.9882,0.98956,9350,0,0
2019-10-23 00:00:00,0.98953,0.98962,0.98863,0.98959,4431,0,0
2019-10-23 04:00:00,0.9896,0.99005,0.98933,0.98951,5425,0,0
2019-10-23 08:00:00,0.98951,0.98995,0.98858,0.98939,7261,0,0
2019-10-23 12:00:00,0.9894,0.99061,0.98887,0.98945,7089,0,0
2019-10-23 16:00:00,0.98946,0.99112,0.98915,0.99071,8206,0,0
2019-10-23 20:00:00,0.99071,0.99146,0.98993,0.99081,4981,0,0
2019-10-24 00:00:00,0.99043,0.991,0.9899,0.99086,2537,0,0
2019-10-24 04:00:00,0.99086,0.99087,0.98984,0.99049,4324,0,0
2019-10-24 08:00:00,0.99049,0.99098,0.98914,0.99045,9088,0,0
2019-10-24 12:00:00,0.99045,0.9907,0.98924,0.9896,7569,0,0
2019-10-24 16:00:00,0.9896,0.99293,0.98944,0.99255,13583,0,0
2019-10-24 20:00:00,0.99255,0.99268,0.99193,0.99222,4049,0,0
2019-10-25 00:00:00,0.99208,0.99292,0.99111,0.9928,10070,0,0
2019-10-25 04:00:00,0.9928,0.99305,0.9926,0.99294,3798,0,0
2019-10-25 08:00:00,0.99294,0.99307,0.99073,0.99108,4965,0,0
2019-10-25 12:00:00,0.99108,0.993,0.99108,0.99265,6175,0,0
2019-10-25 16:00:00,0.99264,0.99549,0.99204,0.99536,10194,0,0
2019-10-25 20:00:00,0.99536,0.9954,0.99415,0.99453,4049,0,0
2019-10-28 00:00:00,0.99449,0.99506,0.9936,0.99469,2270,0,0
2019-10-28 04:00:00,0.99469,0.99598,0.99469,0.99594,3729,0,0
2019-10-28 08:00:00,0.99593,0.99594,0.9944,0.99494,5197,0,0
2019-10-28 12:00:00,0.99495,0.99702,0.99474,0.99664,6309,0,0
2019-10-28 16:00:00,0.99664,0.99684,0.99498,0.9952,8597,0,0
2019-10-28 20:00:00,0.9952,0.99529,0.99451,0.99461,3729,0,0
2019-10-29 00:00:00,0.99456,0.99518,0.99447,0.99475,2268,0,0
2019-10-29 04:00:00,0.99475,0.9952,0.99448,0.99475,3652,0,0
2019-10-29 08:00:00,0.99475,0.99632,0.99441,0.99607,5068,0,0
2019-10-29 12:00:00,0.99607,0.99649,0.99498,0.99509,7527,0,0
2019-10-29 16:00:00,0.99509,0.99534,0.99332,0.99406,11136,0,0
2019-10-29 20:00:00,0.99407,0.99448,0.99339,0.99408,4688,0,0
2019-10-30 00:00:00,0.99389,0.99448,0.99323,0.99413,3335,0,0
2019-10-30 04:00:00,0.99414,0.9945,0.99388,0.99413,4231,0,0
2019-10-30 08:00:00,0.99413,0.99414,0.99172,0.99196,5603,0,0
2019-10-30 12:00:00,0.99195,0.99432,0.99145,0.99293,8621,0,0
2019-10-30 16:00:00,0.99293,0.99343,0.99051,0.99078,10896,0,0
2019-10-30 20:00:00,0.99078,0.99411,0.98883,0.98951,13928,0,0
2019-10-31 00:00:00,0.98936,0.98942,0.98786,0.98789,4388,0,0
2019-10-31 04:00:00,0.98789,0.9879,0.98664,0.98715,5673,0,0
2019-10-31 08:00:00,0.98715,0.98812,0.98709,0.98723,6442,0,0
2019-10-31 12:00:00,0.98725,0.98814,0.98609,0.9872,12202,0,0
2019-10-31 16:00:00,0.9872,0.98811,0.9863,0.98651,14688,0,0
2019-10-31 20:00:00,0.98651,0.98724,0.98597,0.9865,5640,0,0
2019-11-01 00:00:00,0.98624,0.98699,0.98622,0.9864,2903,0,0
2019-11-01 04:00:00,0.9864,0.98663,0.98591,0.98591,7527,0,0
2019-11-01 08:00:00,0.98591,0.98663,0.9855,0.98583,5059,0,0
2019-11-01 12:00:00,0.98583,0.98946,0.98582,0.98913,9259,0,0
2019-11-01 16:00:00,0.98911,0.98918,0.98538,0.98571,14894,0,0
2019-11-01 20:00:00,0.98571,0.9863,0.98511,0.98566,5452,0,0
2019-11-04 00:00:00,0.98538,0.98681,0.98511,0.98642,3018,0,0
2019-11-04 04:00:00,0.98642,0.98701,0.9862,0.98673,3431,0,0
2019-11-04 08:00:00,0.98673,0.98798,0.98531,0.98785,8167,0,0
2019-11-04 12:00:00,0.98785,0.98892,0.98719,0.9874,8381,0,0
2019-11-04 16:00:00,0.9874,0.98808,0.98611,0.98669,9115,0,0
2019-11-04 20:00:00,0.9867,0.98817,0.98669,0.98775,4478,0,0
2019-11-05 00:00:00,0.98767,0.98863,0.98753,0.98856,6294,0,0
2019-11-05 04:00:00,0.98855,0.98958,0.98847,0.98892,4921,0,0
2019-11-05 08:00:00,0.98893,0.99082,0.98846,0.99053,8119,0,0
2019-11-05 12:00:00,0.99052,0.99199,0.9904,0.99144,9538,0,0
2019-11-05 16:00:00,0.99144,0.99349,0.99087,0.99315,14073,0,0
2019-11-05 20:00:00,0.99314,0.99357,0.99247,0.99266,4977,0,0
2019-11-06 00:00:00,0.99276,0.99334,0.99231,0.99265,4210,0,0
2019-11-06 04:00:00,0.99267,0.99326,0.99219,0.99291,4172,0,0
2019-11-06 08:00:00,0.99292,0.99338,0.99235,0.99277,6594,0,0
2019-11-06 12:00:00,0.99278,0.99401,0.99215,0.99274,6026,0,0
2019-11-06 16:00:00,0.99274,0.99364,0.99154,0.99247,10328,0,0
2019-11-06 20:00:00,0.99247,0.99289,0.99192,0.99277,4939,0,0
2019-11-07 00:00:00,0.99272,0.99277,0.99162,0.99231,4535,0,0
2019-11-07 04:00:00,0.99231,0.99276,0.99204,0.99274,4810,0,0
2019-11-07 08:00:00,0.99274,0.99386,0.99233,0.99316,10775,0,0
2019-11-07 12:00:00,0.99316,0.99328,0.99111,0.99307,9919,0,0
2019-11-07 16:00:00,0.99309,0.99753,0.99308,0.99735,13823,0,0
2019-11-07 20:00:00,0.99736,0.99749,0.99461,0.99482,8703,0,0
2019-11-08 00:00:00,0.99506,0.99542,0.99418,0.99508,4679,0,0
2019-11-08 04:00:00,0.99508,0.99509,0.99433,0.99459,4306,0,0
2019-11-08 08:00:00,0.9946,0.99613,0.99443,0.99555,7180,0,0
2019-11-08 12:00:00,0.99555,0.9973,0.99536,0.99648,8241,0,0
2019-11-08 16:00:00,0.99649,0.99764,0.99555,0.99745,10919,0,0
2019-11-08 20:00:00,0.99745,0.99789,0.99715,0.99746,4859,0,0
2019-11-11 00:00:00,0.99676,0.99774,0.99636,0.9972,3320,0,0
2019-11-11 04:00:00,0.9972,0.99744,0.99657,0.99659,3222,0,0
2019-11-11 08:00:00,0.99658,0.99667,0.99523,0.99534,6094,0,0
2019-11-11 12:00:00,0.99533,0.99538,0.99314,0.99327,6237,0,0
2019-11-11 16:00:00,0.99325,0.99475,0.99321,0.99321,7058,0,0
2019-11-11 20:00:00,0.99321,0.99354,0.99289,0.99334,2944,0,0
2019-11-12 00:00:00,0.99327,0.99422,0.99297,0.99418,3534,0,0
2019-11-12 04:00:00,0.99418,0.99456,0.9941,0.9945,3017,0,0
2019-11-12 08:00:00,0.9945,0.99499,0.99419,0.99457,6606,0,0
2019-11-12 12:00:00,0.99453,0.99644,0.99439,0.99486,6304,0,0
2019-11-12 16:00:00,0.99487,0.99566,0.99269,0.99323,11496,0,0
2019-11-12 20:00:00,0.99323,0.99333,0.99221,0.99319,5933,0,0
2019-11-13 00:00:00,0.993,0.99357,0.99181,0.99198,3783,0,0
2019-11-13 04:00:00,0.99198,0.99234,0.99069,0.99078,3185,0,0
2019-11-13 08:00:00,0.99078,0.992,0.98943,0.98979,7114,0,0
2019-11-13 12:00:00,0.9898,0.99061,0.98935,0.9906,8106,0,0
2019-11-13 16:00:00,0.9906,0.99118,0.9891,0.98999,11122,0,0
2019-11-13 20:00:00,0.98999,0.99082,0.98838,0.98999,6307,0,0
2019-11-14 00:00:00,0.99009,0.9908,0.98884,0.99072,4453,0,0
2019-11-14 04:00:00,0.99072,0.99077,0.98934,0.99003,6034,0,0
2019-11-14 08:00:00,0.99003,0.99021,0.98702,0.98762,7645,0,0
2019-11-14 12:00:00,0.98762,0.98924,0.98745,0.98858,7524,0,0
2019-11-14 16:00:00,0.98857,0.98978,0.9871,0.98823,10077,0,0
2019-11-14 20:00:00,0.98823,0.98892,0.98752,0.98811,4768,0,0
2019-11-15 00:00:00,0.9878,0.98903,0.9878,0.98896,4153,0,0
2019-11-15 04:00:00,0.98896,0.98943,0.98892,0.9894,2260,0,0
2019-11-15 08:00:00,0.9894,0.9911,0.98838,0.99084,5646,0,0
2019-11-15 12:00:00,0.99084,0.99087,0.98907,0.98936,6279,0,0
2019-11-15 16:00:00,0.98936,0.99094,0.98908,0.98989,9525,0,0
2019-11-15 20:00:00,0.98989,0.99035,0.98917,0.98958,3637,0,0
2019-11-18 00:00:00,0.98888,0.99007,0.98887,0.98972,3036,0,0
2019-11-18 04:00:00,0.98971,0.99009,0.98938,0.98995,3262,0,0
2019-11-18 08:00:00,0.98995,0.99075,0.98885,0.9907,7735,0,0
2019-11-18 12:00:00,0.9907,0.99142,0.98904,0.98955,8223,0,0
2019-11-18 16:00:00,0.98954,0.98967,0.98684,0.9878,9083,0,0
2019-11-18 20:00:00,0.9878,0.9897,0.98753,0.98956,3243,0,0
2019-11-19 00:00:00,0.98952,0.98991,0.98818,0.98962,2965,0,0
2019-11-19 04:00:00,0.98964,0.99058,0.98955,0.98994,3589,0,0
2019-11-19 08:00:00,0.98993,0.99183,0.98933,0.9916,6663,0,0
2019-11-19 12:00:00,0.99161,0.99187,0.99066,0.99128,6847,0,0
2019-11-19 16:00:00,0.99129,0.99167,0.98933,0.9906,10556,0,0
2019-11-19 20:00:00,0.9906,0.99116,0.99033,0.99048,3425,0,0
2019-11-20 00:00:00,0.99045,0.99093,0.98989,0.99054,5869,0,0
2019-11-20 04:00:00,0.99054,0.9907,0.98996,0.99019,3287,0,0
2019-11-20 08:00:00,0.9902,0.99162,0.98987,0.99142,8561,0,0
2019-11-20 12:00:00,0.99142,0.9937,0.99107,0.99269,8996,0,0
2019-11-20 16:00:00,0.99269,0.99351,0.99074,0.99108,11709,0,0
2019-11-20 20:00:00,0.99108,0.99202,0.98996,0.99105,9181,0,0
2019-11-21 00:00:00,0.99076,0.99117,0.98905,0.98941,5090,0,0
2019-11-21 04:00:00,0.98941,0.99094,0.98924,0.99081,6612,0,0
2019-11-21 08:00:00,0.9908,0.99159,0.98996,0.99047,7414,0,0
2019-11-21 12:00:00,0.99047,0.99204,0.98996,0.99197,11056,0,0
2019-11-21 16:00:00,0.99197,0.99266,0.99108,0.99259,13122,0,0
2019-11-21 20:00:00,0.9926,0.99349,0.99256,0.99314,5213,0,0
2019-11-22 00:00:00,0.9931,0.99383,0.99192,0.9937,3471,0,0
2019-11-22 04:00:00,0.9937,0.99381,0.99341,0.9936,3411,0,0
2019-11-22 08:00:00,0.99359,0.99489,0.99305,0.99358,11392,0,0
2019-11-22 12:00:00,0.99358,0.99476,0.99349,0.99444,7835,0,0
2019-11-22 16:00:00,0.99444,0.99776,0.9944,0.99771,10969,0,0
2019-11-22 20:00:00,0.99771,0.99802,0.99695,0.99708,4296,0,0
2019-11-25 00:00:00,0.99759,0.99819,0.99707,0.9971,3752,0,0
2019-11-25 04:00:00,0.9971,0.99748,0.99654,0.99723,5345,0,0
2019-11-25 08:00:00,0.99723,0.99779,0.99675,0.99756,7419,0,0
2019-11-25 12:00:00,0.99757,0.99854,0.99724,0.99795,5823,0,0
2019-11-25 16:00:00,0.99796,0.99858,0.996,0.99677,10783,0,0
2019-11-25 20:00:00,0.99677,0.99727,0.99653,0.99676,4235,0,0
2019-11-26 00:00:00,0.99619,0.99764,0.99609,0.99693,4237,0,0
2019-11-26 04:00:00,0.99693,0.99698,0.99625,0.99654,4063,0,0
2019-11-26 08:00:00,0.99654,0.99861,0.99648,0.99768,7241,0,0
2019-11-26 12:00:00,0.99768,0.99775,0.99639,0.99697,5449,0,0
2019-11-26 16:00:00,0.99696,0.99868,0.99642,0.99756,11733,0,0
2019-11-26 20:00:00,0.99756,0.99793,0.99674,0.99736,3711,0,0
2019-11-27 00:00:00,0.99683,0.998,0.99679,0.99792,5604,0,0
2019-11-27 04:00:00,0.99792,0.99821,0.99753,0.99814,2957,0,0
2019-11-27 08:00:00,0.99814,0.99874,0.99744,0.99784,6275,0,0
2019-11-27 12:00:00,0.99784,0.99937,0.99763,0.9988,6197,0,0
2019-11-27 16:00:00,0.99881,1.00005,0.99861,0.99969,10048,0,0
2019-11-27 20:00:00,0.99968,0.99999,0.999,0.99944,4965,0,0
2019-11-28 00:00:00,0.99887,0.99935,0.99817,0.9986,6772,0,0
2019-11-28 04:00:00,0.9986,0.99908,0.99858,0.99899,2930,0,0
2019-11-28 08:00:00,0.99899,0.99958,0.99847,0.99869,3987,0,0
2019-11-28 12:00:00,0.99869,0.99921,0.9983,0.99876,3947,0,0
2019-11-28 16:00:00,0.99876,0.99918,0.9985,0.99893,2140,0,0
2019-11-28 20:00:00,0.99892,0.99906,0.99813,0.99848,1825,0,0
2019-11-29 00:00:00,0.99829,0.99905,0.99804,0.99852,3477,0,0
2019-11-29 04:00:00,0.99852,0.99877,0.99825,0.99835,3706,0,0
2019-11-29 08:00:00,0.99835,1.00004,0.99822,0.99959,3982,0,0
2019-11-29 12:00:00,0.99959,1.00193,0.99938,1.00169,4688,0,0
2019-11-29 16:00:00,1.00169,1.00234,0.99906,0.99969,10943,0,0
2019-11-29 20:00:00,0.99969,1.00013,0.9994,1.00003,7888,0,0
2019-12-02 00:00:00,0.99979,1.00086,0.99977,1.00019,3023,0,0
2019-12-02 04:00:00,1.00019,1.00039,0.99967,0.99997,2301,0,0
2019-12-02 08:00:00,0.99997,1.00064,0.99928,0.99998,4507,0,0
2019-12-02 12:00:00,0.99998,1.00012,0.99632,0.99669,5511,0,0
2019-12-02 16:00:00,0.99669,0.9967,0.99121,0.99207,11287,0,0
2019-12-02 20:00:00,0.99207,0.99275,0.99115,0.99133,5127,0,0
2019-12-03 00:00:00,0.99122,0.99203,0.99105,0.99188,4931,0,0
2019-12-03 04:00:00,0.99188,0.99263,0.99176,0.99232,3342,0,0
2019-12-03 08:00:00,0.99231,0.99243,0.98921,0.98931,5069,0,0
2019-12-03 12:00:00,0.98931,0.99031,0.98816,0.98827,8182,0,0
2019-12-03 16:00:00,0.98827,0.98839,0.98572,0.98624,11328,0,0
2019-12-03 20:00:00,0.98625,0.9874,0.98599,0.98707,4064,0,0
2019-12-04 00:00:00,0.98698,0.98748,0.98657,0.98711,4878,0,0
2019-12-04 04:00:00,0.98711,0.98765,0.98696,0.98757,2326,0,0
2019-12-04 08:00:00,0.98757,0.98947,0.98552,0.9888,7962,0,0
2019-12-04 12:00:00,0.9888,0.98932,0.98684,0.98704,7381,0,0
2019-12-04 16:00:00,0.98704,0.98999,0.98633,0.98924,11056,0,0
2019-12-04 20:00:00,0.98924,0.98996,0.9884,0.98891,4577,0,0
2019-12-05 00:00:00,0.98834,0.98877,0.98785,0.98815,4578,0,0
2019-12-05 04:00:00,0.98815,0.98848,0.98746,0.98766,3529,0,0
2019-12-05 08:00:00,0.98766,0.98948,0.98736,0.98908,4639,0,0
2019-12-05 12:00:00,0.98907,0.98953,0.98799,0.98938,5462,0,0
2019-12-05 16:00:00,0.98937,0.98948,0.98682,0.98721,7985,0,0
2019-12-05 20:00:00,0.98721,0.98764,0.98682,0.98713,3479,0,0
2019-12-06 00:00:00,0.98698,0.98744,0.98669,0.98693,2994,0,0
2019-12-06 04:00:00,0.98692,0.98747,0.98682,0.98707,3055,0,0
2019-12-06 08:00:00,0.98708,0.9883,0.98645,0.988,4508,0,0
2019-12-06 12:00:00,0.988,0.99176,0.98768,0.99027,6186,0,0
2019-12-06 16:00:00,0.99027,0.99177,0.98979,0.99022,8878,0,0
2019-12-06 20:00:00,0.99021,0.99046,0.98979,0.99009,3278,0,0
2019-12-09 00:00:00,0.99047,0.99074,0.98968,0.99043,5117,0,0
2019-12-09 04:00:00,0.99044,0.99103,0.99042,0.99091,3243,0,0
2019-12-09 08:00:00,0.99091,0.99094,0.98956,0.99022,4687,0,0
2019-12-09 12:00:00,0.99022,0.99063,0.9892,0.98943,4745,0,0
2019-12-09 16:00:00,0.98943,0.98974,0.98754,0.98867,5485,0,0
2019-12-09 20:00:00,0.98867,0.98884,0.98763,0.98773,2886,0,0
2019-12-10 00:00:00,0.98768,0.98825,0.98752,0.988,1998,0,0
2019-12-10 04:00:00,0.988,0.9881,0.98766,0.98786,1693,0,0
2019-12-10 08:00:00,0.98786,0.98788,0.98617,0.98622,4226,0,0
2019-12-10 12:00:00,0.98622,0.98707,0.9853,0.98598,6841,0,0
2019-12-10 16:00:00,0.98598,0.98739,0.98481,0.98508,9933,0,0
2019-12-10 20:00:00,0.98508,0.98531,0.98338,0.98436,4061,0,0
2019-12-11 00:00:00,0.98433,0.98463,0.98369,0.98417,5057,0,0
2019-12-11 04:00:00,0.98417,0.98513,0.98416,0.985,1824,0,0
2019-12-11 08:00:00,0.98499,0.98562,0.9843,0.98482,5604,0,0
2019-12-11 12:00:00,0.98482,0.98613,0.98464,0.9851,6017,0,0
2019-12-11 16:00:00,0.9851,0.98637,0.98502,0.98579,7340,0,0
2019-12-11 20:00:00,0.98579,0.9862,0.98143,0.9828,9469,0,0
2019-12-12 00:00:00,0.98292,0.98313,0.98155,0.98221,3113,0,0
2019-12-12 04:00:00,0.98221,0.98254,0.9821,0.9823,2385,0,0
2019-12-12 08:00:00,0.98231,0.98284,0.98102,0.98262,4509,0,0
2019-12-12 12:00:00,0.98264,0.98338,0.98087,0.98202,9753,0,0
2019-12-12 16:00:00,0.98202,0.98764,0.98165,0.98658,17179,0,0
2019-12-12 20:00:00,0.98656,0.98726,0.98452,0.98454,11431,0,0
2019-12-13 00:00:00,0.98441,0.9861,0.98092,0.98466,11000,0,0
2019-12-13 04:00:00,0.98466,0.98533,0.98426,0.98523,5201,0,0
2019-12-13 08:00:00,0.98523,0.98628,0.98054,0.98237,11046,0,0
2019-12-13 12:00:00,0.98236,0.98393,0.98208,0.98343,8475,0,0
2019-12-13 16:00:00,0.98343,0.98542,0.98177,0.9844,20016,0,0
2019-12-13 20:00:00,0.9844,0.98475,0.98346,0.98425,5144,0,0
2019-12-16 00:00:00,0.98316,0.9843,0.9829,0.98406,3741,0,0
2019-12-16 04:00:00,0.98406,0.98451,0.98359,0.98371,3033,0,0
2019-12-16 08:00:00,0.98372,0.9847,0.9825,0.98345,7442,0,0
2019-12-16 12:00:00,0.98345,0.98382,0.98212,0.98221,5337,0,0
2019-12-16 16:00:00,0.98221,0.98423,0.982,0.98329,7247,0,0
2019-12-16 20:00:00,0.98329,0.98333,0.98239,0.9825,2984,0,0
2019-12-17 00:00:00,0.9823,0.98357,0.98183,0.9833,4248,0,0
2019-12-17 04:00:00,0.98332,0.98336,0.98274,0.98296,3420,0,0
2019-12-17 08:00:00,0.98296,0.98439,0.98224,0.98352,6539,0,0
2019-12-17 12:00:00,0.98351,0.98382,0.97994,0.9814,8007,0,0
2019-12-17 16:00:00,0.98138,0.98175,0.97959,0.98028,9025,0,0
2019-12-17 20:00:00,0.98028,0.98097,0.97992,0.98002,2921,0,0
2019-12-18 00:00:00,0.98025,0.98053,0.97966,0.9802,3075,0,0
2019-12-18 04:00:00,0.9802,0.98097,0.98012,0.98046,4000,0,0
2019-12-18 08:00:00,0.98045,0.98183,0.97983,0.98042,5867,0,0
2019-12-18 12:00:00,0.98042,0.98209,0.97954,0.98142,6363,0,0
2019-12-18 16:00:00,0.98142,0.98194,0.98023,0.98053,8340,0,0
2019-12-18 20:00:00,0.98053,0.98063,0.97985,0.98037,3523,0,0
2019-12-19 00:00:00,0.98041,0.981,0.98001,0.98006,3975,0,0
2019-12-19 04:00:00,0.98006,0.98022,0.97968,0.98007,2714,0,0
2019-12-19 08:00:00,0.98007,0.98122,0.97963,0.9811,6008,0,0
2019-12-19 12:00:00,0.9811,0.98112,0.97966,0.97991,8212,0,0
2019-12-19 16:00:00,0.97992,0.98017,0.97708,0.97737,9288,0,0
2019-12-19 20:00:00,0.97737,0.97863,0.97705,0.97842,3528,0,0
2019-12-20 00:00:00,0.97839,0.9787,0.97712,0.9786,3106,0,0
2019-12-20 04:00:00,0.9786,0.9792,0.97859,0.97895,2582,0,0
2019-12-20 08:00:00,0.97894,0.98071,0.97857,0.97986,5594,0,0
2019-12-20 12:00:00,0.97986,0.98126,0.97975,0.98042,7832,0,0
2019-12-20 16:00:00,0.98043,0.983,0.98043,0.98292,8125,0,0
2019-12-20 20:00:00,0.98291,0.98323,0.98147,0.98259,3329,0,0
2019-12-23 00:00:00,0.98133,0.98279,0.98115,0.98251,2544,0,0
2019-12-23 04:00:00,0.98251,0.98264,0.98173,0.98195,2358,0,0
2019-12-23 08:00:00,0.98194,0.98197,0.98029,0.9803,4482,0,0
2019-12-23 12:00:00,0.98031,0.98209,0.98011,0.98132,6940,0,0
2019-12-23 16:00:00,0.98132,0.98277,0.9808,0.98201,7065,0,0
2019-12-23 20:00:00,0.982,0.98224,0.98131,0.98176,2885,0,0
2019-12-24 00:00:00,0.98138,0.98222,0.98104,0.9822,2541,0,0
2019-12-24 04:00:00,0.9822,0.98259,0.98207,0.98233,2555,0,0
2019-12-24 08:00:00,0.98233,0.98315,0.98193,0.9827,3864,0,0
2019-12-24 12:00:00,0.9827,0.98301,0.98147,0.98168,4244,0,0
2019-12-24 16:00:00,0.98168,0.98181,0.97998,0.98,5509,0,0
2019-12-24 20:00:00,0.98,0.9806,0.97975,0.9799,894,0,0
2019-12-26 00:00:00,0.9797,0.98105,0.97945,0.98077,1139,0,0
2019-12-26 04:00:00,0.98077,0.98142,0.98066,0.98083,1270,0,0
2019-12-26 08:00:00,0.98083,0.98112,0.97988,0.98088,1105,0,0
2019-12-26 12:00:00,0.98088,0.98185,0.98041,0.98059,1676,0,0
2019-12-26 16:00:00,0.9806,0.98166,0.98021,0.98083,2138,0,0
2019-12-26 20:00:00,0.98083,0.98171,0.98035,0.98122,1868,0,0
2019-12-27 00:00:00,0.98072,0.9818,0.97983,0.98077,5703,0,0
2019-12-27 04:00:00,0.98078,0.9808,0.97988,0.98008,3811,0,0
2019-12-27 08:00:00,0.98008,0.98071,0.97618,0.97625,5596,0,0
2019-12-27 12:00:00,0.97625,0.97693,0.9755,0.97619,6703,0,0
2019-12-27 16:00:00,0.9762,0.97627,0.97319,0.97338,8343,0,0
2019-12-27 20:00:00,0.97338,0.97511,0.97301,0.97422,4179,0,0
2019-12-30 00:00:00,0.97453,0.9754,0.97309,0.97314,3153,0,0
2019-12-30 04:00:00,0.97314,0.9732,0.97199,0.97221,4008,0,0
2019-12-30 08:00:00,0.97221,0.97393,0.97192,0.97275,5604,0,0
2019-12-30 12:00:00,0.97275,0.97302,0.97069,0.97069,8208,0,0
2019-12-30 16:00:00,0.9707,0.97122,0.96741,0.96807,10948,0,0
2019-12-30 20:00:00,0.96807,0.96943,0.96779,0.96933,4015,0,0
2019-12-31 00:00:00,0.96926,0.96931,0.96768,0.96774,3110,0,0
2019-12-31 04:00:00,0.96774,0.96803,0.96749,0.96778,2946,0,0
2019-12-31 08:00:00,0.96778,0.96976,0.96745,0.96824,4326,0,0
2019-12-31 12:00:00,0.96824,0.96848,0.96473,0.96496,8018,0,0
2019-12-31 16:00:00,0.96493,0.96968,0.96464,0.9664,12362,0,0
2019-12-31 20:00:00,0.96639,0.96726,0.96637,0.96714,700,0,0
2020-01-02 00:00:00,0.96666,0.96842,0.9661,0.96796,2164,0,0
2020-01-02 04:00:00,0.96797,0.97038,0.96774,0.97021,2303,0,0
2020-01-02 08:00:00,0.9702,0.97075,0.96814,0.96955,5762,0,0
2020-01-02 12:00:00,0.96955,0.97122,0.96907,0.97031,7660,0,0
2020-01-02 16:00:00,0.97029,0.97329,0.96895,0.97282,10858,0,0
2020-01-02 20:00:00,0.97282,0.9731,0.97093,0.97118,4329,0,0
2020-01-03 00:00:00,0.97099,0.97163,0.96986,0.97019,2810,0,0
2020-01-03 04:00:00,0.97019,0.97106,0.96883,0.97074,4784,0,0
2020-01-03 08:00:00,0.97074,0.97349,0.97015,0.97348,8782,0,0
2020-01-03 12:00:00,0.97348,0.97438,0.9723,0.97301,8175,0,0
2020-01-03 16:00:00,0.97301,0.97343,0.97018,0.97081,11480,0,0
2020-01-03 20:00:00,0.97081,0.97259,0.97079,0.97242,6039,0,0
2020-01-06 00:00:00,0.97018,0.97167,0.97012,0.9712,6174,0,0
2020-01-06 04:00:00,0.9712,0.9715,0.9705,0.97128,4079,0,0
2020-01-06 08:00:00,0.97128,0.9716,0.96895,0.96896,7466,0,0
2020-01-06 12:00:00,0.96896,0.96984,0.96844,0.96957,7683,0,0
2020-01-06 16:00:00,0.96957,0.97058,0.96769,0.96823,9200,0,0
2020-01-06 20:00:00,0.96822,0.96931,0.96764,0.96789,3448,0,0
2020-01-07 00:00:00,0.96784,0.96916,0.96766,0.96887,4089,0,0
2020-01-07 04:00:00,0.96887,0.96953,0.96865,0.96952,3701,0,0
2020-01-07 08:00:00,0.96951,0.97098,0.96854,0.97093,9069,0,0
2020-01-07 12:00:00,0.97093,0.97168,0.9701,0.9714,8908,0,0
2020-01-07 16:00:00,0.97143,0.97297,0.96965,0.97061,9805,0,0
2020-01-07 20:00:00,0.97061,0.97152,0.96991,0.97024,3755,0,0
2020-01-08 00:00:00,0.97005,0.97084,0.96653,0.96883,13397,0,0
2020-01-08 04:00:00,0.96883,0.97077,0.96874,0.97025,12820,0,0
2020-01-08 08:00:00,0.97025,0.97168,0.96982,0.97137,11449,0,0
2020-01-08 12:00:00,0.97136,0.9729,0.97,0.97014,11514,0,0
2020-01-08 16:00:00,0.97014,0.9737,0.9692,0.97328,12847,0,0
2020-01-08 20:00:00,0.97329,0.97398,0.97283,0.97384,5032,0,0
2020-01-09 00:00:00,0.97384,0.97399,0.97315,0.97397,3933,0,0
2020-01-09 04:00:00,0.97397,0.97442,0.97382,0.97389,4239,0,0
2020-01-09 08:00:00,0.97389,0.97482,0.97348,0.97422,8611,0,0
2020-01-09 12:00:00,0.97422,0.97456,0.97114,0.97196,8224,0,0
2020-01-09 16:00:00,0.97196,0.97381,0.97183,0.97263,7770,0,0
2020-01-09 20:00:00,0.97263,0.97373,0.97204,0.97323,4063,0,0
2020-01-10 00:00:00,0.97286,0.97362,0.9725,0.97352,3074,0,0
2020-01-10 04:00:00,0.97352,0.97361,0.97275,0.97284,2383,0,0
2020-01-10 08:00:00,0.97285,0.97487,0.97265,0.97464,4724,0,0
2020-01-10 12:00:00,0.97465,0.97622,0.97417,0.97563,7405,0,0
2020-01-10 16:00:00,0.97563,0.97582,0.972,0.9726,9207,0,0
2020-01-10 20:00:00,0.9726,0.97347,0.97235,0.97283,3193,0,0
2020-01-13 00:00:00,0.97258,0.97363,0.97208,0.97323,2538,0,0
2020-01-13 04:00:00,0.97323,0.97333,0.97248,0.9729,2531,0,0
2020-01-13 08:00:00,0.9729,0.97363,0.97241,0.97279,6509,0,0
2020-01-13 12:00:00,0.9728,0.97316,0.97124,0.97179,5321,0,0
2020-01-13 16:00:00,0.97179,0.97201,0.9694,0.97,7174,0,0
2020-01-13 20:00:00,0.97,0.9711,0.96967,0.97088,2680,0,0
2020-01-14 00:00:00,0.9705,0.97133,0.96922,0.9711,4619,0,0
2020-01-14 04:00:00,0.97111,0.97129,0.97083,0.97111,3502,0,0
2020-01-14 08:00:00,0.9711,0.9712,0.9685,0.96963,6255,0,0
2020-01-14 12:00:00,0.96963,0.97013,0.96684,0.96997,8134,0,0
2020-01-14 16:00:00,0.96997,0.97102,0.96747,0.96805,7722,0,0
2020-01-14 20:00:00,0.96805,0.96806,0.96656,0.96744,4652,0,0
2020-01-15 00:00:00,0.96701,0.96773,0.9667,0.96716,4414,0,0
2020-01-15 04:00:00,0.96716,0.96762,0.96688,0.96724,3443,0,0
2020-01-15 08:00:00,0.96725,0.96802,0.96565,0.96633,5534,0,0
2020-01-15 12:00:00,0.96632,0.96637,0.96355,0.9638,8320,0,0
2020-01-15 16:00:00,0.9638,0.96539,0.96305,0.96356,9801,0,0
2020-01-15 20:00:00,0.96356,0.96421,0.96338,0.96399,4238,0,0
2020-01-16 00:00:00,0.96408,0.96433,0.96363,0.96432,3173,0,0
2020-01-16 04:00:00,0.96432,0.96464,0.96419,0.96447,2637,0,0
2020-01-16 08:00:00,0.96447,0.96501,0.96223,0.96318,6424,0,0
2020-01-16 12:00:00,0.96317,0.96379,0.9613,0.96367,7138,0,0
2020-01-16 16:00:00,0.96367,0.96523,0.96304,0.96487,9730,0,0
2020-01-16 20:00:00,0.96487,0.96517,0.96451,0.96507,3488,0,0
2020-01-17 00:00:00,0.96394,0.96535,0.9639,0.96512,3114,0,0
2020-01-17 04:00:00,0.96513,0.96571,0.96453,0.9651,3486,0,0
2020-01-17 08:00:00,0.9651,0.96608,0.96472,0.96555,5977,0,0
2020-01-17 12:00:00,0.96558,0.96885,0.96556,0.96875,7427,0,0
2020-01-17 16:00:00,0.96877,0.96958,0.96763,0.96797,7652,0,0
2020-01-17 20:00:00,0.96797,0.96836,0.9675,0.96789,2962,0,0
2020-01-20 00:00:00,0.96726,0.96828,0.96704,0.9679,3383,0,0
2020-01-20 04:00:00,0.9679,0.96837,0.96769,0.9683,3199,0,0
2020-01-20 08:00:00,0.9683,0.96894,0.96776,0.96806,4084,0,0
2020-01-20 12:00:00,0.96806,0.96927,0.96805,0.96884,3240,0,0
2020-01-20 16:00:00,0.96882,0.96993,0.96863,0.96909,3186,0,0
2020-01-20 20:00:00,0.96909,0.96915,0.96777,0.96819,2414,0,0
2020-01-21 00:00:00,0.96832,0.96877,0.96767,0.96784,3726,0,0
2020-01-21 04:00:00,0.96784,0.96808,0.9672,0.96783,3245,0,0
2020-01-21 08:00:00,0.96783,0.96903,0.96723,0.96819,6306,0,0
2020-01-21 12:00:00,0.96819,0.96856,0.96611,0.96691,6022,0,0
2020-01-21 16:00:00,0.96691,0.96879,0.96691,0.96826,5789,0,0
2020-01-21 20:00:00,0.96827,0.96884,0.96761,0.96871,4776,0,0
2020-01-22 00:00:00,0.96869,0.96982,0.96842,0.96949,2846,0,0
2020-01-22 04:00:00,0.96949,0.97014,0.96944,0.96976,3194,0,0
2020-01-22 08:00:00,0.96976,0.9729,0.96949,0.97137,6920,0,0
2020-01-22 12:00:00,0.97137,0.9717,0.96954,0.96973,5574,0,0
2020-01-22 16:00:00,0.96973,0.97061,0.96865,0.96913,7604,0,0
2020-01-22 20:00:00,0.96913,0.96924,0.96779,0.96784,2796,0,0
2020-01-23 00:00:00,0.96779,0.96856,0.96729,0.96785,3729,0,0
2020-01-23 04:00:00,0.96785,0.96854,0.96773,0.96849,3294,0,0
2020-01-23 08:00:00,0.9685,0.96944,0.96788,0.96899,4953,0,0
2020-01-23 12:00:00,0.96898,0.96937,0.9669,0.96723,6950,0,0
2020-01-23 16:00:00,0.96723,0.97002,0.96688,0.96918,12570,0,0
2020-01-23 20:00:00,0.96917,0.97035,0.96893,0.96906,4220,0,0
2020-01-24 00:00:00,0.96897,0.96985,0.96852,0.9696,2029,0,0
2020-01-24 04:00:00,0.9696,0.97019,0.96949,0.97007,1581,0,0
2020-01-24 08:00:00,0.97006,0.97085,0.9692,0.9708,5637,0,0
2020-01-24 12:00:00,0.9708,0.9716,0.96965,0.96971,4331,0,0
2020-01-24 16:00:00,0.96971,0.9718,0.96952,0.97075,9995,0,0
2020-01-24 20:00:00,0.97075,0.97136,0.97026,0.97103,4940,0,0
2020-01-27 00:00:00,0.97049,0.97077,0.9691,0.97049,6907,0,0
2020-01-27 04:00:00,0.97049,0.97104,0.97009,0.97065,2009,0,0
2020-01-27 08:00:00,0.97065,0.97192,0.97002,0.97017,6548,0,0
2020-01-27 12:00:00,0.97017,0.97081,0.9685,0.96887,6281,0,0
2020-01-27 16:00:00,0.96887,0.97068,0.96819,0.97034,10153,0,0
2020-01-27 20:00:00,0.97038,0.97069,0.96919,0.96953,3708,0,0
2020-01-28 00:00:00,0.96938,0.97051,0.96888,0.97031,2933,0,0
2020-01-28 04:00:00,0.97031,0.97062,0.97021,0.97052,1457,0,0
2020-01-28 08:00:00,0.97052,0.9711,0.96786,0.9688,5225,0,0
2020-01-28 12:00:00,0.9688,0.97327,0.96835,0.97295,5956,0,0
2020-01-28 16:00:00,0.97295,0.97415,0.97211,0.97349,7149,0,0
2020-01-28 20:00:00,0.97349,0.97355,0.97267,0.973,3265,0,0
2020-01-29 00:00:00,0.97305,0.97409,0.97265,0.97394,2695,0,0
2020-01-29 04:00:00,0.97394,0.97445,0.97378,0.97387,2461,0,0
2020-01-29 08:00:00,0.97388,0.97482,0.97311,0.97482,4438,0,0
2020-01-29 12:00:00,0.97482,0.97615,0.9744,0.97613,4479,0,0
2020-01-29 16:00:00,0.97612,0.97667,0.97399,0.97472,7684,0,0
2020-01-29 20:00:00,0.97471,0.97508,0.97263,0.97324,6181,0,0
2020-01-30 00:00:00,0.97301,0.97367,0.97259,0.97291,2168,0,0
2020-01-30 04:00:00,0.97292,0.97302,0.97194,0.97217,2566,0,0
2020-01-30 08:00:00,0.97216,0.97252,0.97024,0.97065,4797,0,0
2020-01-30 12:00:00,0.97065,0.97178,0.96897,0.9695,6594,0,0
2020-01-30 16:00:00,0.9695,0.97147,0.96798,0.96837,11683,0,0
2020-01-30 20:00:00,0.96836,0.97005,0.96825,0.96943,8677,0,0
2020-01-31 00:00:00,0.96949,0.97032,0.96842,0.96983,2612,0,0
2020-01-31 04:00:00,0.96983,0.97088,0.96967,0.97086,3443,0,0
2020-01-31 08:00:00,0.97086,0.97131,0.96941,0.9702,6108,0,0
2020-01-31 12:00:00,0.97019,0.97032,0.9665,0.96661,6839,0,0
2020-01-31 16:00:00,0.9666,0.96698,0.963,0.9639,13110,0,0
2020-01-31 20:00:00,0.96388,0.96431,0.9629,0.9634,6395,0,0
2020-02-03 00:00:00,0.96338,0.96473,0.96297,0.96449,6824,0,0
2020-02-03 04:00:00,0.96449,0.96462,0.96325,0.96327,4908,0,0
2020-02-03 08:00:00,0.96327,0.96575,0.963,0.96413,7915,0,0
2020-02-03 12:00:00,0.96413,0.96505,0.9637,0.96413,5916,0,0
2020-02-03 16:00:00,0.96413,0.96691,0.9641,0.96605,11046,0,0
2020-02-03 20:00:00,0.96603,0.96659,0.96557,0.96609,3930,0,0
2020-02-04 00:00:00,0.96589,0.96693,0.96539,0.96683,4029,0,0
2020-02-04 04:00:00,0.96683,0.96745,0.96652,0.96721,4172,0,0
2020-02-04 08:00:00,0.96722,0.96949,0.96691,0.96854,8936,0,0
2020-02-04 12:00:00,0.96855,0.96942,0.96768,0.96935,5606,0,0
2020-02-04 16:00:00,0.96933,0.97042,0.96874,0.96973,8843,0,0
2020-02-04 20:00:00,0.96973,0.9699,0.96895,0.96931,3063,0,0
2020-02-05 00:00:00,0.9691,0.96969,0.96883,0.96967,2947,0,0
2020-02-05 04:00:00,0.96967,0.96995,0.96893,0.96902,2660,0,0
2020-02-05 08:00:00,0.96902,0.97264,0.96781,0.9726,10930,0,0
2020-02-05 12:00:00,0.9726,0.97371,0.97128,0.97306,8636,0,0
2020-02-05 16:00:00,0.97306,0.97478,0.97216,0.9733,10836,0,0
2020-02-05 20:00:00,0.97329,0.97396,0.97305,0.97344,2897,0,0
2020-02-06 00:00:00,0.97346,0.97418,0.97331,0.97343,3286,0,0
2020-02-06 04:00:00,0.97344,0.97452,0.97334,0.97399,4559,0,0
2020-02-06 08:00:00,0.97399,0.97495,0.9731,0.97459,7846,0,0
2020-02-06 12:00:00,0.97465,0.97479,0.97359,0.97418,6605,0,0
2020-02-06 16:00:00,0.97418,0.9756,0.97376,0.97523,10064,0,0
2020-02-06 20:00:00,0.97523,0.97566,0.97456,0.9747,2966,0,0
2020-02-07 00:00:00,0.97465,0.97511,0.97396,0.97426,3631,0,0
2020-02-07 04:00:00,0.97426,0.97472,0.97407,0.97451,3921,0,0
2020-02-07 08:00:00,0.97451,0.97662,0.97432,0.97592,10757,0,0
2020-02-07 12:00:00,0.97592,0.97704,0.97509,0.97635,8985,0,0
2020-02-07 16:00:00,0.97635,0.97812,0.97407,0.97766,12027,0,0
2020-02-07 20:00:00,0.97766,0.97772,0.97688,0.97746,3803,0,0
2020-02-10 00:00:00,0.97657,0.97783,0.97628,0.97732,7958,0,0
2020-02-10 04:00:00,0.97732,0.9783,0.97668,0.97719,6449,0,0
2020-02-10 08:00:00,0.97719,0.97837,0.97669,0.97752,8585,0,0
2020-02-10 12:00:00,0.97752,0.9783,0.97688,0.97796,8774,0,0
2020-02-10 16:00:00,0.97795,0.97812,0.97642,0.9775,9352,0,0
2020-02-10 20:00:00,0.9775,0.97759,0.9766,0.97747,3566,0,0
2020-02-11 00:00:00,0.97715,0.97799,0.97685,0.97791,3955,0,0
2020-02-11 04:00:00,0.97791,0.97869,0.97786,0.97858,3934,0,0
2020-02-11 08:00:00,0.97858,0.97879,0.97649,0.97726,7517,0,0
2020-02-11 12:00:00,0.97726,0.9789,0.9768,0.9786,7843,0,0
2020-02-11 16:00:00,0.9786,0.97872,0.97522,0.97558,10848,0,0
2020-02-11 20:00:00,0.97558,0.9761,0.97509,0.97582,3780,0,0
2020-02-12 00:00:00,0.97582,0.97596,0.97508,0.97521,3341,0,0
2020-02-12 04:00:00,0.97521,0.9758,0.975,0.97572,4523,0,0
2020-02-12 08:00:00,0.97572,0.97643,0.97412,0.9745,8446,0,0
2020-02-12 12:00:00,0.9745,0.97585,0.9741,0.97578,6997,0,0
2020-02-12 16:00:00,0.97578,0.97793,0.97552,0.97786,10450,0,0
2020-02-12 20:00:00,0.97786,0.97852,0.97733,0.97829,4629,0,0
2020-02-13 00:00:00,0.97802,0.97871,0.97752,0.97818,7213,0,0
2020-02-13 04:00:00,0.97818,0.97846,0.9776,0.97764,5096,0,0
2020-02-13 08:00:00,0.97764,0.97772,0.97623,0.97641,7816,0,0
2020-02-13 12:00:00,0.97641,0.97933,0.97607,0.97897,8729,0,0
2020-02-13 16:00:00,0.97897,0.97952,0.97743,0.97862,11766,0,0
2020-02-13 20:00:00,0.97862,0.97956,0.97848,0.97952,3916,0,0
2020-02-14 00:00:00,0.97922,0.97981,0.97841,0.97975,3832,0,0
2020-02-14 04:00:00,0.97975,0.9802,0.97972,0.97993,3210,0,0
2020-02-14 08:00:00,0.97993,0.98105,0.97975,0.98103,5136,0,0
2020-02-14 12:00:00,0.98103,0.98187,0.98016,0.9805,6641,0,0
2020-02-14 16:00:00,0.9805,0.98223,0.98019,0.98145,8083,0,0
2020-02-14 20:00:00,0.98145,0.98215,0.98086,0.98207,3154,0,0
2020-02-17 00:00:00,0.9813,0.98229,0.98109,0.98223,4124,0,0
2020-02-17 04:00:00,0.98223,0.9827,0.98206,0.98228,3024,0,0
2020-02-17 08:00:00,0.98227,0.98234,0.98138,0.98172,3875,0,0
2020-02-17 12:00:00,0.98172,0.98216,0.98137,0.98166,3839,0,0
2020-02-17 16:00:00,0.98165,0.98189,0.98089,0.98123,3001,0,0
2020-02-17 20:00:00,0.98123,0.9813,0.9808,0.98086,1877,0,0
2020-02-18 00:00:00,0.98076,0.98148,0.98053,0.98122,3722,0,0
2020-02-18 04:00:00,0.98122,0.98138,0.98031,0.98051,2915,0,0
2020-02-18 08:00:00,0.98051,0.98111,0.97966,0.98084,7026,0,0
2020-02-18 12:00:00,0.98084,0.98332,0.9804,0.98273,8479,0,0
2020-02-18 16:00:00,0.98273,0.98393,0.98076,0.98236,8494,0,0
2020-02-18 20:00:00,0.98235,0.98333,0.98219,0.98319,3420,0,0
2020-02-19 00:00:00,0.98314,0.98353,0.98261,0.98276,3039,0,0
2020-02-19 04:00:00,0.98276,0.98345,0.98273,0.98322,2716,0,0
2020-02-19 08:00:00,0.98321,0.98383,0.98267,0.98358,5483,0,0
2020-02-19 12:00:00,0.9836,0.98443,0.98289,0.98353,6692,0,0
2020-02-19 16:00:00,0.98352,0.98442,0.98307,0.98409,9940,0,0
2020-02-19 20:00:00,0.9841,0.98447,0.98362,0.98388,4393,0,0
2020-02-20 00:00:00,0.98394,0.98421,0.98231,0.98301,5127,0,0
2020-02-20 04:00:00,0.98301,0.98403,0.98276,0.98363,5161,0,0
2020-02-20 08:00:00,0.98362,0.98486,0.98228,0.98289,8411,0,0
2020-02-20 12:00:00,0.9829,0.98411,0.98253,0.98304,10016,0,0
2020-02-20 16:00:00,0.98303,0.98383,0.98152,0.98348,13886,0,0
2020-02-20 20:00:00,0.98348,0.98451,0.9832,0.98426,4788,0,0
2020-02-21 00:00:00,0.98394,0.98442,0.98314,0.98342,4666,0,0
2020-02-21 04:00:00,0.98342,0.98369,0.98297,0.983,3605,0,0
2020-02-21 08:00:00,0.983,0.98333,0.98098,0.9815,9964,0,0
2020-02-21 12:00:00,0.9815,0.98268,0.98131,0.98149,8197,0,0
2020-02-21 16:00:00,0.98149,0.98215,0.97708,0.97798,14906,0,0
2020-02-21 20:00:00,0.97797,0.97855,0.97749,0.97821,4656,0,0
2020-02-24 00:00:00,0.97986,0.9805,0.9783,0.97979,6855,0,0
2020-02-24 04:00:00,0.97979,0.9809,0.97955,0.98072,3481,0,0
2020-02-24 08:00:00,0.98073,0.98159,0.97879,0.98102,13869,0,0
2020-02-24 12:00:00,0.98102,0.98135,0.97914,0.97961,11375,0,0
2020-02-24 16:00:00,0.97961,0.97966,0.97651,0.97685,19631,0,0
2020-02-24 20:00:00,0.97684,0.97978,0.97681,0.97894,10167,0,0
2020-02-25 00:00:00,0.97891,0.98048,0.97869,0.97885,7950,0,0
2020-02-25 04:00:00,0.97885,0.97959,0.97826,0.97955,3740,0,0
2020-02-25 08:00:00,0.97955,0.98,0.97684,0.97749,12160,0,0
2020-02-25 12:00:00,0.97749,0.97937,0.97744,0.97747,11553,0,0
2020-02-25 16:00:00,0.97746,0.97843,0.9751,0.97531,21572,0,0
2020-02-25 20:00:00,0.97531,0.97648,0.97511,0.97608,15545,0,0
2020-02-26 00:00:00,0.97599,0.97678,0.97517,0.97596,5636,0,0
2020-02-26 04:00:00,0.97597,0.97765,0.97586,0.97651,6276,0,0
2020-02-26 08:00:00,0.97651,0.9769,0.97287,0.97424,13744,0,0
2020-02-26 12:00:00,0.97424,0.97668,0.97376,0.97625,14204,0,0
2020-02-26 16:00:00,0.97624,0.97788,0.97531,0.97716,16703,0,0
2020-02-26 20:00:00,0.97716,0.97774,0.9751,0.97688,13956,0,0
2020-02-27 00:00:00,0.97669,0.97707,0.9742,0.97479,7977,0,0
2020-02-27 04:00:00,0.97479,0.97481,0.973,0.97345,5279,0,0
2020-02-27 08:00:00,0.97344,0.97435,0.97125,0.97201,13204,0,0
2020-02-27 12:00:00,0.97201,0.97272,0.96856,0.96859,13737,0,0
2020-02-27 16:00:00,0.9686,0.97278,0.9675,0.97152,25706,0,0
2020-02-27 20:00:00,0.97152,0.97192,0.96744,0.96756,15299,0,0
2020-02-28 00:00:00,0.96758,0.96917,0.96755,0.96901,8056,0,0
2020-02-28 04:00:00,0.969,0.96957,0.96678,0.96744,10198,0,0
2020-02-28 08:00:00,0.96747,0.96769,0.96102,0.96366,20445,0,0
2020-02-28 12:00:00,0.96366,0.96707,0.96337,0.96541,19730,0,0
2020-02-28 16:00:00,0.9654,0.96876,0.96502,0.96832,30928,0,0
2020-02-28 20:00:00,0.96833,0.96924,0.96319,0.96531,19572,0,0
2020-03-02 00:00:00,0.96305,0.96551,0.96199,0.96332,10620,0,0
2020-03-02 04:00:00,0.96332,0.96488,0.96276,0.96472,7786,0,0
2020-03-02 08:00:00,0.96472,0.96545,0.96175,0.96192,19732,0,0
2020-03-02 12:00:00,0.96192,0.96231,0.95457,0.95671,22075,0,0
2020-03-02 16:00:00,0.9567,0.96006,0.95436,0.95643,25986,0,0
2020-03-02 20:00:00,0.95643,0.96074,0.95574,0.95934,9336,0,0
2020-03-03 00:00:00,0.9587,0.95971,0.95724,0.95809,5900,0,0
2020-03-03 04:00:00,0.9581,0.95901,0.9573,0.95806,7438,0,0
2020-03-03 08:00:00,0.95806,0.95935,0.95706,0.95725,14567,0,0
2020-03-03 12:00:00,0.95728,0.95889,0.95588,0.95711,18792,0,0
2020-03-03 16:00:00,0.95711,0.9586,0.95153,0.95796,32464,0,0
2020-03-03 20:00:00,0.95795,0.95822,0.95538,0.95645,21807,0,0
2020-03-04 00:00:00,0.95548,0.9571,0.95501,0.95647,6279,0,0
2020-03-04 04:00:00,0.95647,0.95724,0.95619,0.95706,4933,0,0
2020-03-04 08:00:00,0.95705,0.95972,0.95409,0.95425,15112,0,0
2020-03-04 12:00:00,0.95425,0.9584,0.95326,0.95674,13667,0,0
2020-03-04 16:00:00,0.95674,0.95795,0.95509,0.95634,16823,0,0
2020-03-04 20:00:00,0.95634,0.95794,0.95575,0.95716,5820,0,0
2020-03-05 00:00:00,0.95626,0.95703,0.95566,0.95601,3950,0,0
2020-03-05 04:00:00,0.95601,0.95687,0.95575,0.95668,2480,0,0
2020-03-05 08:00:00,0.95667,0.95716,0.95262,0.95267,10822,0,0
2020-03-05 12:00:00,0.95267,0.95429,0.95103,0.9522,15561,0,0
2020-03-05 16:00:00,0.95221,0.95232,0.94707,0.94751,16588,0,0
2020-03-05 20:00:00,0.94746,0.94911,0.94466,0.94522,9951,0,0
2020-03-06 00:00:00,0.94484,0.94667,0.94397,0.94412,7973,0,0
2020-03-06 04:00:00,0.94409,0.94522,0.94374,0.94471,9486,0,0
2020-03-06 08:00:00,0.94471,0.94619,0.93875,0.93885,21927,0,0
2020-03-06 12:00:00,0.93885,0.93907,0.93377,0.93481,30111,0,0
2020-03-06 16:00:00,0.93481,0.93881,0.9318,0.9378,34231,0,0
2020-03-06 20:00:00,0.9378,0.93912,0.93646,0.93737,16564,0,0
2020-03-09 00:00:00,0.93184,0.93363,0.92665,0.93064,13487,0,0
2020-03-09 04:00:00,0.93064,0.93127,0.91809,0.92536,19882,0,0
2020-03-09 08:00:00,0.92536,0.92903,0.92016,0.92735,23887,0,0
2020-03-09 12:00:00,0.92735,0.93193,0.92445,0.92681,21956,0,0
2020-03-09 16:00:00,0.9268,0.93108,0.92126,0.9254,32717,0,0
2020-03-09 20:00:00,0.92539,0.92783,0.9229,0.92535,24308,0,0
2020-03-10 00:00:00,0.92514,0.9311,0.924,0.93076,12586,0,0
2020-03-10 04:00:00,0.93076,0.93536,0.92832,0.93463,10841,0,0
2020-03-10 08:00:00,0.93463,0.9374,0.92869,0.93218,26412,0,0
2020-03-10 12:00:00,0.9322,0.93608,0.93004,0.9306,25176,0,0
2020-03-10 16:00:00,0.9306,0.93703,0.92986,0.93637,33191,0,0
2020-03-10 20:00:00,0.93637,0.94112,0.93542,0.93992,27419,0,0
2020-03-11 00:00:00,0.93984,0.94003,0.93597,0.93675,6885,0,0
2020-03-11 04:00:00,0.93675,0.93798,0.93514,0.93523,10233,0,0
2020-03-11 08:00:00,0.93523,0.93674,0.93246,0.93657,23422,0,0
2020-03-11 12:00:00,0.93659,0.93776,0.93255,0.93309,23182,0,0
2020-03-11 16:00:00,0.93309,0.94018,0.93283,0.93975,25007,0,0
2020-03-11 20:00:00,0.93973,0.93987,0.93732,0.93811,18479,0,0
2020-03-12 00:00:00,0.93778,0.93984,0.93766,0.93838,7491,0,0
2020-03-12 04:00:00,0.93839,0.93867,0.93214,0.9355,16401,0,0
2020-03-12 08:00:00,0.9355,0.93744,0.93238,0.93639,20072,0,0
2020-03-12 12:00:00,0.93639,0.94218,0.93448,0.94166,24900,0,0
2020-03-12 16:00:00,0.94167,0.95518,0.93761,0.94845,43400,0,0
2020-03-12 20:00:00,0.94845,0.94899,0.94218,0.94371,29145,0,0
2020-03-13 00:00:00,0.94379,0.94763,0.94324,0.94586,15892,0,0
2020-03-13 04:00:00,0.94586,0.9463,0.94295,0.94325,12108,1,0
2020-03-13 08:00:00,0.94325,0.9462,0.94223,0.94348,25844,0,0
2020-03-13 12:00:00,0.94346,0.9552,0.94257,0.95446,31000,0,0
2020-03-13 16:00:00,0.95446,0.95581,0.94989,0.95436,37860,0,0
2020-03-13 20:00:00,0.95436,0.95694,0.94957,0.95118,25827,0,0
2020-03-16 00:00:00,0.9534,0.9534,0.94397,0.94995,32677,0,0
2020-03-16 04:00:00,0.94994,0.95254,0.94878,0.94888,12483,0,0
2020-03-16 08:00:00,0.94888,0.95071,0.93952,0.93999,41416,0,0
2020-03-16 12:00:00,0.93993,0.94661,0.93921,0.94443,47660,0,0
2020-03-16 16:00:00,0.94443,0.94992,0.94421,0.94634,51641,0,0
2020-03-16 20:00:00,0.94635,0.94929,0.94515,0.94686,29208,0,0
2020-03-17 00:00:00,0.94674,0.94838,0.94532,0.94817,13160,0,0
2020-03-17 04:00:00,0.94818,0.94982,0.94734,0.94793,19532,0,0
2020-03-17 08:00:00,0.94793,0.95289,0.94749,0.95241,30028,0,0
2020-03-17 12:00:00,0.95241,0.96171,0.95026,0.96103,39552,0,0
2020-03-17 16:00:00,0.96102,0.96486,0.95911,0.9642,43949,0,0
2020-03-17 20:00:00,0.9642,0.96446,0.95985,0.96104,27661,0,0
2020-03-18 00:00:00,0.96112,0.96148,0.95916,0.96135,9678,0,0
2020-03-18 04:00:00,0.96135,0.96174,0.95776,0.95837,13107,0,0
2020-03-18 08:00:00,0.95837,0.96295,0.95666,0.96146,36982,0,0
2020-03-18 12:00:00,0.96147,0.96493,0.95734,0.96482,44120,0,0
2020-03-18 16:00:00,0.96482,0.97474,0.96337,0.97443,48442,0,0
2020-03-18 20:00:00,0.97443,0.97505,0.96705,0.96787,40270,0,0
2020-03-19 00:00:00,0.96774,0.97218,0.96383,0.972,19845,0,0
2020-03-19 04:00:00,0.97198,0.97339,0.96767,0.96866,21756,0,0
2020-03-19 08:00:00,0.96867,0.97538,0.96495,0.9734,37447,0,0
2020-03-19 12:00:00,0.97342,0.98235,0.97082,0.97581,41233,0,0
2020-03-19 16:00:00,0.97579,0.98737,0.97344,0.98729,65411,0,0
2020-03-19 20:00:00,0.98729,0.98781,0.98426,0.98608,35338,0,0
2020-03-20 00:00:00,0.98589,0.98885,0.98571,0.98731,12194,0,0
2020-03-20 04:00:00,0.98731,0.98744,0.97846,0.97847,28415,0,0
2020-03-20 08:00:00,0.97846,0.98159,0.97437,0.97776,47410,0,0
2020-03-20 12:00:00,0.97776,0.98485,0.97674,0.98358,50518,0,0
2020-03-20 16:00:00,0.98359,0.98846,0.98031,0.98787,53262,0,0
2020-03-20 20:00:00,0.98786,0.99011,0.98444,0.98511,47014,0,0
2020-03-23 00:00:00,0.985,0.99009,0.98381,0.98647,18562,0,0
2020-03-23 04:00:00,0.98647,0.98764,0.98169,0.98235,20341,0,0
2020-03-23 08:00:00,0.98235,0.98792,0.97968,0.98542,42141,0,0
2020-03-23 12:00:00,0.98543,0.98879,0.98033,0.98177,54809,0,0
2020-03-23 16:00:00,0.98178,0.98443,0.97898,0.98141,56749,0,0
2020-03-23 20:00:00,0.98142,0.9851,0.97971,0.98507,36750,0,0
2020-03-24 00:00:00,0.98475,0.9848,0.97867,0.9803,10968,0,0
2020-03-24 04:00:00,0.9803,0.98121,0.97806,0.97924,19358,0,0
2020-03-24 08:00:00,0.97923,0.98065,0.97469,0.97683,37442,0,0
2020-03-24 12:00:00,0.97683,0.97825,0.97184,0.97723,37335,0,0
2020-03-24 16:00:00,0.97722,0.98335,0.97434,0.98085,47101,0,0
2020-03-24 20:00:00,0.98085,0.98455,0.98051,0.98159,27124,0,0
2020-03-25 00:00:00,0.98097,0.98344,0.9795,0.98205,9112,0,0
2020-03-25 04:00:00,0.98205,0.98221,0.97897,0.97967,11668,0,0
2020-03-25 08:00:00,0.97967,0.9828,0.97906,0.97998,32579,0,0
2020-03-25 12:00:00,0.97995,0.98243,0.97834,0.97972,39577,0,0
2020-03-25 16:00:00,0.97971,0.98158,0.97786,0.97868,35456,0,0
2020-03-25 20:00:00,0.97868,0.97989,0.97548,0.97716,23156,0,0
2020-03-26 00:00:00,0.97667,0.97757,0.97426,0.9748,13822,0,0
2020-03-26 04:00:00,0.9748,0.97681,0.97303,0.97447,15307,0,0
2020-03-26 08:00:00,0.97447,0.97527,0.97221,0.97315,28696,0,0
2020-03-26 12:00:00,0.97317,0.97436,0.96855,0.96902,39325,0,0
2020-03-26 16:00:00,0.96902,0.97088,0.96228,0.96234,46340,0,0
2020-03-26 20:00:00,0.96236,0.96394,0.9603,0.9634,24847,0,0
2020-03-27 00:00:00,0.96326,0.96394,0.9609,0.96198,10001,0,0
2020-03-27 04:00:00,0.96197,0.96242,0.95855,0.96032,17255,0,0
2020-03-27 08:00:00,0.96032,0.96433,0.95943,0.96366,28679,0,0
2020-03-27 12:00:00,0.96366,0.96452,0.96004,0.96389,32516,0,0
2020-03-27 16:00:00,0.96389,0.96555,0.95499,0.95663,41385,0,0
2020-03-27 20:00:00,0.95664,0.95687,0.9504,0.95061,28306,0,0
2020-03-30 00:00:00,0.95286,0.95424,0.95018,0.95314,12317,0,0
2020-03-30 04:00:00,0.95314,0.95653,0.95225,0.95581,12664,0,0
2020-03-30 08:00:00,0.95581,0.95687,0.95391,0.95534,28452,0,0
2020-03-30 12:00:00,0.95534,0.95885,0.95481,0.95865,23275,0,0
2020-03-30 16:00:00,0.95865,0.96109,0.95625,0.96012,27931,0,0
2020-03-30 20:00:00,0.96012,0.96085,0.95809,0.9587,10579,0,0
2020-03-31 00:00:00,0.95826,0.96235,0.95764,0.96084,9414,0,0
2020-03-31 04:00:00,0.96084,0.96186,0.95925,0.9601,19022,0,0
2020-03-31 08:00:00,0.96008,0.9642,0.95948,0.96419,20293,0,0
2020-03-31 12:00:00,0.9642,0.96748,0.96359,0.96499,26366,0,0
2020-03-31 16:00:00,0.965,0.96858,0.96188,0.96586,36698,0,0
2020-03-31 20:00:00,0.96584,0.96639,0.96101,0.96112,21736,0,0
2020-04-01 00:00:00,0.96104,0.96202,0.95999,0.96127,7629,0,0
2020-04-01 04:00:00,0.96127,0.96281,0.96101,0.96146,14160,0,0
2020-04-01 08:00:00,0.96146,0.96668,0.96028,0.96453,25507,0,0
2020-04-01 12:00:00,0.96453,0.96737,0.96442,0.96689,18691,0,0
2020-04-01 16:00:00,0.96689,0.96888,0.96599,0.96754,19651,0,0
2020-04-01 20:00:00,0.96754,0.9691,0.96521,0.96546,14581,0,0
2020-04-02 00:00:00,0.96549,0.96744,0.96488,0.96707,9209,0,0
2020-04-02 04:00:00,0.96707,0.96854,0.96612,0.96749,8515,0,0
2020-04-02 08:00:00,0.96749,0.96845,0.96579,0.96757,16524,0,0
2020-04-02 12:00:00,0.96756,0.96993,0.96584,0.96956,20626,0,0
2020-04-02 16:00:00,0.96955,0.97429,0.96932,0.97379,30267,0,0
2020-04-02 20:00:00,0.97379,0.97504,0.97275,0.9737,16994,0,0
2020-04-03 00:00:00,0.97351,0.97504,0.9725,0.97451,5383,0,0
2020-04-03 04:00:00,0.97451,0.97503,0.97315,0.97399,8322,0,0
2020-04-03 08:00:00,0.97399,0.97766,0.97331,0.97696,16332,0,0
2020-04-03 12:00:00,0.97694,0.97953,0.97493,0.9794,20400,0,0
2020-04-03 16:00:00,0.97939,0.97957,0.97671,0.9784,17733,0,0
2020-04-03 20:00:00,0.9784,0.97904,0.97442,0.9763,10195,0,0
2020-04-06 00:00:00,0.97618,0.97841,0.97542,0.97738,9126,0,0
2020-04-06 04:00:00,0.97739,0.97801,0.97646,0.97763,15333,0,0
2020-04-06 08:00:00,0.97763,0.97894,0.97608,0.97821,17852,0,0
2020-04-06 12:00:00,0.9782,0.97918,0.97692,0.97802,14654,0,0
2020-04-06 16:00:00,0.97803,0.97973,0.97627,0.97738,16433,0,0
2020-04-06 20:00:00,0.97738,0.97914,0.97726,0.97855,8835,0,0
2020-04-07 00:00:00,0.97871,0.97926,0.97754,0.97836,8219,0,0
2020-04-07 04:00:00,0.97836,0.97876,0.97556,0.97588,12406,0,0
2020-04-07 08:00:00,0.97587,0.97684,0.97244,0.97284,16777,0,0
2020-04-07 12:00:00,0.97285,0.97406,0.9698,0.97055,14955,0,0
2020-04-07 16:00:00,0.97055,0.97179,0.96897,0.97065,16333,0,0
2020-04-07 20:00:00,0.97065,0.97118,0.96855,0.96951,9436,0,0
2020-04-08 00:00:00,0.96913,0.97141,0.96879,0.97135,8392,0,0
2020-04-08 04:00:00,0.97135,0.97217,0.97036,0.9719,10468,0,0
2020-04-08 08:00:00,0.9719,0.97434,0.97057,0.97228,16482,0,0
2020-04-08 12:00:00,0.97226,0.97226,0.97049,0.97082,10755,0,0
2020-04-08 16:00:00,0.97082,0.97218,0.96895,0.97126,13658,0,0
2020-04-08 20:00:00,0.97126,0.9724,0.97046,0.97227,6021,0,0
2020-04-09 00:00:00,0.97144,0.97253,0.97042,0.97097,5867,0,0
2020-04-09 04:00:00,0.97098,0.97244,0.97069,0.97149,9751,0,0
2020-04-09 08:00:00,0.9715,0.97337,0.97034,0.97101,10739,0,0
2020-04-09 12:00:00,0.97101,0.97237,0.96837,0.96883,12439,0,0
2020-04-09 16:00:00,0.96884,0.96959,0.96501,0.96629,19106,0,0
2020-04-09 20:00:00,0.96629,0.96701,0.96481,0.96622,10387,0,0
2020-04-10 00:00:00,0.96605,0.96746,0.96552,0.96699,6519,6,0
2020-04-10 04:00:00,0.96699,0.96712,0.96505,0.96584,2568,0,0
2020-04-10 08:00:00,0.96584,0.96655,0.96481,0.96523,4283,1,0
2020-04-10 12:00:00,0.96523,0.96544,0.96479,0.96493,5382,0,0
2020-04-10 16:00:00,0.96493,0.96501,0.96392,0.96419,2173,0,0
2020-04-10 20:00:00,0.96419,0.96588,0.96418,0.96554,4153,0,0
2020-04-13 00:00:00,0.96508,0.96618,0.9644,0.96611,6182,2,0
2020-04-13 04:00:00,0.96611,0.96681,0.96517,0.96532,8505,0,0
2020-04-13 08:00:00,0.9653,0.96642,0.96298,0.96614,11423,0,0
2020-04-13 12:00:00,0.96614,0.96825,0.96592,0.96646,9852,0,0
2020-04-13 16:00:00,0.96647,0.9687,0.96632,0.96658,9030,0,0
2020-04-13 20:00:00,0.9666,0.96763,0.96615,0.96758,5536,0,0
2020-04-14 00:00:00,0.96688,0.96784,0.96557,0.96578,5453,0,0
2020-04-14 04:00:00,0.96578,0.9664,0.96402,0.96464,10209,0,0
2020-04-14 08:00:00,0.96463,0.96587,0.96452,0.96516,9849,0,0
2020-04-14 12:00:00,0.96516,0.96536,0.96069,0.96101,11281,0,0
2020-04-14 16:00:00,0.96102,0.96231,0.95962,0.96116,13469,0,0
2020-04-14 20:00:00,0.96115,0.96142,0.95994,0.96038,6775,0,0
2020-04-15 00:00:00,0.95972,0.96067,0.95926,0.95997,4182,0,0
2020-04-15 04:00:00,0.95998,0.96121,0.9599,0.96095,4797,0,0
2020-04-15 08:00:00,0.96095,0.96489,0.9608,0.96405,10650,0,0
2020-04-15 12:00:00,0.96405,0.97004,0.96328,0.96971,12774,0,0
2020-04-15 16:00:00,0.96972,0.96978,0.96337,0.96418,13744,0,0
2020-04-15 20:00:00,0.96418,0.96496,0.96216,0.96455,6604,0,0
2020-04-16 00:00:00,0.96458,0.96699,0.96443,0.96669,4455,0,0
2020-04-16 04:00:00,0.96669,0.96844,0.96623,0.96716,8599,0,0
2020-04-16 08:00:00,0.96717,0.96821,0.96493,0.96613,12481,0,0
2020-04-16 12:00:00,0.96613,0.96893,0.96464,0.96584,14734,0,0
2020-04-16 16:00:00,0.96584,0.97154,0.96541,0.97004,16925,0,0
2020-04-16 20:00:00,0.97004,0.97042,0.96858,0.97032,7729,0,0
2020-04-17 00:00:00,0.97029,0.97086,0.96786,0.96876,7388,0,0
2020-04-17 04:00:00,0.96876,0.96901,0.96746,0.96825,7006,0,0
2020-04-17 08:00:00,0.96825,0.97226,0.96825,0.97096,12336,0,0
2020-04-17 12:00:00,0.97098,0.97241,0.96694,0.96761,13028,0,0
2020-04-17 16:00:00,0.96759,0.96831,0.96561,0.96754,14550,0,0
2020-04-17 20:00:00,0.96754,0.9679,0.96631,0.96684,5974,0,0
2020-04-20 00:00:00,0.96711,0.96876,0.9664,0.96846,6970,0,0
2020-04-20 04:00:00,0.96845,0.96859,0.96733,0.96745,5311,0,0
2020-04-20 08:00:00,0.96745,0.97002,0.96663,0.9667,8578,0,0
2020-04-20 12:00:00,0.96672,0.96931,0.96554,0.96825,10942,0,0
2020-04-20 16:00:00,0.96825,0.96921,0.96592,0.96735,12535,0,0
2020-04-20 20:00:00,0.96735,0.96865,0.96702,0.96786,6223,0,0
2020-04-21 00:00:00,0.96787,0.96903,0.9672,0.96884,3669,0,0
2020-04-21 04:00:00,0.96884,0.97135,0.96856,0.97071,9154,0,0
2020-04-21 08:00:00,0.97071,0.97173,0.96935,0.96998,11235,0,0
2020-04-21 12:00:00,0.96995,0.97199,0.96911,0.9717,13911,0,0
2020-04-21 16:00:00,0.97169,0.97278,0.96704,0.97043,16033,0,0
2020-04-21 20:00:00,0.97043,0.9707,0.96908,0.96942,7280,0,0
2020-04-22 00:00:00,0.96904,0.97042,0.96852,0.96989,2852,0,0
2020-04-22 04:00:00,0.96988,0.97051,0.96919,0.97028,5891,0,0
2020-04-22 08:00:00,0.97027,0.97037,0.96831,0.9691,10008,0,0
2020-04-22 12:00:00,0.96911,0.96931,0.96685,0.96844,9923,0,0
2020-04-22 16:00:00,0.96844,0.97255,0.96815,0.97215,12499,0,0
2020-04-22 20:00:00,0.97215,0.97319,0.97149,0.97151,5324,0,0
2020-04-23 00:00:00,0.97138,0.97315,0.97097,0.97243,2890,0,0
2020-04-23 04:00:00,0.97243,0.97275,0.97145,0.9722,3190,0,0
2020-04-23 08:00:00,0.97221,0.97483,0.97073,0.97372,12570,0,0
2020-04-23 12:00:00,0.97373,0.97713,0.97342,0.97416,13577,0,0
2020-04-23 16:00:00,0.97417,0.97484,0.97053,0.97304,16863,0,0
2020-04-23 20:00:00,0.97303,0.97724,0.97299,0.97593,11036,0,0
2020-04-24 00:00:00,0.97572,0.97747,0.97507,0.97716,4074,0,0
2020-04-24 04:00:00,0.97716,0.9772,0.97654,0.97666,3822,0,0
2020-04-24 08:00:00,0.97669,0.98027,0.97668,0.97747,10785,0,0
2020-04-24 12:00:00,0.97747,0.97795,0.97368,0.97461,10884,0,0
2020-04-24 16:00:00,0.97461,0.97604,0.97273,0.97597,12610,0,0
2020-04-24 20:00:00,0.97597,0.97631,0.97249,0.97263,5218,0,0
2020-04-27 00:00:00,0.97249,0.97436,0.97236,0.97371,3263,0,0
2020-04-27 04:00:00,0.97372,0.97454,0.97235,0.97273,6684,0,0
2020-04-27 08:00:00,0.97273,0.97358,0.97123,0.97211,8610,0,0
2020-04-27 12:00:00,0.97211,0.9749,0.9719,0.97361,9218,0,0
2020-04-27 16:00:00,0.97361,0.97669,0.97329,0.97636,10011,0,0
2020-04-27 20:00:00,0.97636,0.97645,0.97515,0.97534,4435,0,0
2020-04-28 00:00:00,0.97514,0.9761,0.9744,0.97513,2262,0,0
2020-04-28 04:00:00,0.97513,0.97639,0.97505,0.97599,4891,0,0
2020-04-28 08:00:00,0.97599,0.98002,0.97506,0.97651,9449,0,0
2020-04-28 12:00:00,0.97652,0.97722,0.97219,0.97305,10843,0,0
2020-04-28 16:00:00,0.97305,0.97554,0.97204,0.97478,12656,0,0
2020-04-28 20:00:00,0.97477,0.975,0.97338,0.97491,5350,0,0
2020-04-29 00:00:00,0.97489,0.97517,0.97305,0.97309,2337,0,0
2020-04-29 04:00:00,0.97309,0.97328,0.97226,0.97278,3688,0,0
2020-04-29 08:00:00,0.97278,0.9737,0.97125,0.97201,7943,0,0
2020-04-29 12:00:00,0.972,0.97514,0.97154,0.97358,8592,0,0
2020-04-29 16:00:00,0.97358,0.97634,0.97136,0.97634,10009,0,0
2020-04-29 20:00:00,0.97634,0.97676,0.97351,0.97372,9229,0,0
2020-04-30 00:00:00,0.97337,0.97593,0.97298,0.97524,2646,0,0
2020-04-30 04:00:00,0.97524,0.97545,0.97421,0.9746,3306,0,0
2020-04-30 08:00:00,0.97459,0.97517,0.9706,0.9706,9015,0,0
2020-04-30 12:00:00,0.9706,0.97269,0.97001,0.97139,12717,0,0
2020-04-30 16:00:00,0.97137,0.97484,0.96385,0.96636,23743,0,0
2020-04-30 20:00:00,0.96636,0.96644,0.9649,0.96565,8348,0,0
2020-05-01 00:00:00,0.96523,0.96693,0.96445,0.96561,5549,0,0
2020-05-01 04:00:00,0.96561,0.96634,0.96455,0.96464,4162,0,0
2020-05-01 08:00:00,0.96464,0.96491,0.96245,0.9628,7317,0,0
2020-05-01 12:00:00,0.9628,0.96314,0.96136,0.96212,7398,0,0
2020-05-01 16:00:00,0.96212,0.96234,0.95886,0.9605,10926,0,0
2020-05-01 20:00:00,0.96051,0.96177,0.96039,0.96118,3964,0,0
2020-05-04 00:00:00,0.962,0.96362,0.96051,0.96356,4724,0,0
2020-05-04 04:00:00,0.96356,0.96445,0.96294,0.96427,4370,0,0
2020-05-04 08:00:00,0.96427,0.96497,0.96273,0.96363,8945,0,0
2020-05-04 12:00:00,0.96363,0.96531,0.96356,0.96488,9196,0,0
2020-05-04 16:00:00,0.96488,0.96628,0.96394,0.96566,12867,0,0
2020-05-04 20:00:00,0.96566,0.96614,0.96521,0.96536,4951,0,0
2020-05-05 00:00:00,0.96471,0.96569,0.96433,0.96513,1574,0,0
2020-05-05 04:00:00,0.96513,0.96596,0.96459,0.96532,1734,0,0
2020-05-05 08:00:00,0.96532,0.9707,0.96462,0.9704,10808,0,0
2020-05-05 12:00:00,0.9704,0.97216,0.9691,0.97122,12552,0,0
2020-05-05 16:00:00,0.97121,0.97347,0.96812,0.97309,12369,0,0
2020-05-05 20:00:00,0.97304,0.97314,0.97146,0.97265,4688,0,0
2020-05-06 00:00:00,0.97215,0.97281,0.97201,0.97257,2307,0,0
2020-05-06 04:00:00,0.97256,0.97304,0.97218,0.97239,3042,0,0
2020-05-06 08:00:00,0.9724,0.97581,0.97221,0.97461,10213,0,0
2020-05-06 12:00:00,0.97458,0.97587,0.97319,0.97394,10276,0,0
2020-05-06 16:00:00,0.97394,0.97579,0.973,0.97423,12119,0,0
2020-05-06 20:00:00,0.97421,0.97554,0.97395,0.97486,4460,0,0
2020-05-07 00:00:00,0.97489,0.97585,0.97457,0.97567,3468,0,0
2020-05-07 04:00:00,0.97566,0.97573,0.97484,0.97505,3048,0,0
2020-05-07 08:00:00,0.97505,0.97617,0.97364,0.97578,10644,0,0
2020-05-07 12:00:00,0.97576,0.97698,0.97475,0.97562,11676,0,0
2020-05-07 16:00:00,0.97564,0.97842,0.974,0.97439,13470,0,0
2020-05-07 20:00:00,0.97439,0.9746,0.97288,0.97323,6574,0,0
2020-05-08 00:00:00,0.97295,0.97374,0.97199,0.97211,2992,0,0
2020-05-08 04:00:00,0.97211,0.97239,0.97149,0.97228,3893,0,0
2020-05-08 08:00:00,0.97228,0.97306,0.97166,0.97166,5749,0,0
2020-05-08 12:00:00,0.97166,0.97283,0.97018,0.97183,8182,0,0
2020-05-08 16:00:00,0.97183,0.97318,0.96811,0.97047,11080,0,0
2020-05-08 20:00:00,0.97047,0.97152,0.96984,0.97047,4227,0,0
2020-05-11 00:00:00,0.97082,0.97247,0.97031,0.97044,3423,0,0
2020-05-11 04:00:00,0.97044,0.9708,0.97003,0.97041,2772,0,0
2020-05-11 08:00:00,0.97041,0.97366,0.97035,0.97282,7942,0,0
2020-05-11 12:00:00,0.97281,0.97338,0.97145,0.97209,8759,0,0
2020-05-11 16:00:00,0.9721,0.9735,0.97038,0.9729,10486,0,0
2020-05-11 20:00:00,0.9729,0.97347,0.97207,0.97299,5391,0,0
2020-05-12 00:00:00,0.97284,0.97497,0.97253,0.97432,3170,0,0
2020-05-12 04:00:00,0.97432,0.97469,0.97295,0.97317,3457,0,0
2020-05-12 08:00:00,0.97318,0.97353,0.97137,0.97179,7853,0,0
2020-05-12 12:00:00,0.97179,0.97243,0.96841,0.96864,9706,0,0
2020-05-12 16:00:00,0.96865,0.96958,0.96649,0.96932,12695,0,0
2020-05-12 20:00:00,0.96932,0.9699,0.96848,0.96941,4687,0,0
2020-05-13 00:00:00,0.96933,0.97003,0.96852,0.96921,2159,0,0
2020-05-13 04:00:00,0.96919,0.96999,0.96887,0.96949,4049,0,0
2020-05-13 08:00:00,0.96949,0.97134,0.96896,0.97031,7632,0,0
2020-05-13 12:00:00,0.97031,0.97128,0.96737,0.9678,9435,0,0
2020-05-13 16:00:00,0.96781,0.97218,0.96654,0.9719,18297,0,0
2020-05-13 20:00:00,0.9719,0.97261,0.97161,0.97221,6041,0,0
2020-05-14 00:00:00,0.97199,0.97243,0.9717,0.97196,3001,0,0
2020-05-14 04:00:00,0.97196,0.97324,0.97191,0.97286,2963,0,0
2020-05-14 08:00:00,0.97286,0.97393,0.9722,0.97287,7941,0,0
2020-05-14 12:00:00,0.97287,0.97553,0.97242,0.97402,11605,0,0
2020-05-14 16:00:00,0.97402,0.97441,0.97134,0.97427,13984,0,0
2020-05-14 20:00:00,0.97427,0.97464,0.97305,0.97307,5125,0,0
2020-05-15 00:00:00,0.97296,0.97384,0.97269,0.97331,3202,0,0
2020-05-15 04:00:00,0.97331,0.97385,0.97306,0.9732,3325,0,0
2020-05-15 08:00:00,0.9732,0.97421,0.97215,0.97323,7330,0,0
2020-05-15 12:00:00,0.97322,0.97446,0.97035,0.97108,11145,0,0
2020-05-15 16:00:00,0.97108,0.97341,0.9698,0.97308,12690,0,0
2020-05-15 20:00:00,0.97308,0.97322,0.97156,0.97156,3672,0,0
2020-05-18 00:00:00,0.97208,0.9725,0.9712,0.97207,2005,0,0
2020-05-18 04:00:00,0.97207,0.97225,0.97116,0.97173,2511,0,0
2020-05-18 08:00:00,0.97172,0.97298,0.97089,0.97247,6287,0,0
2020-05-18 12:00:00,0.97246,0.97323,0.97029,0.97091,8233,0,0
2020-05-18 16:00:00,0.97092,0.97271,0.96766,0.97208,16843,0,0
2020-05-18 20:00:00,0.97208,0.97609,0.97122,0.97125,6547,0,0
2020-05-19 00:00:00,0.97101,0.97228,0.97081,0.97151,2905,0,0
2020-05-19 04:00:00,0.97151,0.97251,0.97138,0.97227,3360,0,0
2020-05-19 08:00:00,0.97228,0.97287,0.97076,0.97141,10496,0,0
2020-05-19 12:00:00,0.97141,0.97202,0.97019,0.97032,10236,0,0
2020-05-19 16:00:00,0.97032,0.97282,0.96986,0.97201,10677,0,0
2020-05-19 20:00:00,0.97202,0.97216,0.97035,0.97155,4915,0,0
2020-05-20 00:00:00,0.97118,0.97164,0.97024,0.97025,1681,0,0
2020-05-20 04:00:00,0.97025,0.97031,0.9695,0.96995,2618,0,0
2020-05-20 08:00:00,0.96995,0.96996,0.96737,0.96748,7200,0,0
2020-05-20 12:00:00,0.96748,0.96762,0.96519,0.96591,8549,0,0
2020-05-20 16:00:00,0.96591,0.96612,0.96381,0.96523,11295,0,0
2020-05-20 20:00:00,0.96524,0.96543,0.9643,0.96472,5085,0,0
2020-05-21 00:00:00,0.96463,0.96583,0.96439,0.96578,1913,0,0
2020-05-21 04:00:00,0.96577,0.96671,0.96567,0.96615,3394,0,0
2020-05-21 08:00:00,0.96615,0.96695,0.96532,0.96632,6340,0,0
2020-05-21 12:00:00,0.96632,0.96898,0.96508,0.96825,9317,0,0
2020-05-21 16:00:00,0.96825,0.97116,0.96763,0.97009,14035,0,0
2020-05-21 20:00:00,0.97009,0.97132,0.96944,0.97039,5560,0,0
2020-05-22 00:00:00,0.97036,0.97118,0.97032,0.97099,1775,0,0
2020-05-22 04:00:00,0.97099,0.9721,0.97061,0.97145,3167,0,0
2020-05-22 08:00:00,0.97145,0.97218,0.96972,0.97217,7615,0,0
2020-05-22 12:00:00,0.97217,0.97334,0.97095,0.97161,8599,0,0
2020-05-22 16:00:00,0.97161,0.97273,0.97107,0.97248,8263,0,0
2020-05-22 20:00:00,0.97248,0.97315,0.97083,0.97113,4061,0,0
2020-05-25 00:00:00,0.97124,0.97195,0.97118,0.97142,2458,0,0
2020-05-25 04:00:00,0.9714,0.97229,0.97135,0.97216,3664,0,0
2020-05-25 08:00:00,0.97216,0.97363,0.97206,0.97242,4909,0,0
2020-05-25 12:00:00,0.97242,0.97255,0.97078,0.97082,4863,0,0
2020-05-25 16:00:00,0.97083,0.9718,0.97043,0.97133,5035,0,0
2020-05-25 20:00:00,0.97132,0.9717,0.97097,0.97154,2191,0,0
2020-05-26 00:00:00,0.97169,0.97196,0.97083,0.97086,2083,0,0
2020-05-26 04:00:00,0.97085,0.97115,0.97025,0.97058,3881,0,0
2020-05-26 08:00:00,0.9706,0.97125,0.96812,0.96819,6916,0,0
2020-05-26 12:00:00,0.96819,0.96861,0.96558,0.96607,9970,0,0
2020-05-26 16:00:00,0.96607,0.96816,0.96518,0.96632,11734,0,0
2020-05-26 20:00:00,0.96632,0.96665,0.96466,0.96547,4820,0,0
2020-05-27 00:00:00,0.96547,0.96614,0.96489,0.96602,2196,0,0
2020-05-27 04:00:00,0.96602,0.96717,0.96548,0.967,4122,0,0
2020-05-27 08:00:00,0.96701,0.97117,0.96624,0.97108,9218,0,0
2020-05-27 12:00:00,0.97108,0.97285,0.96837,0.97069,20655,0,0
2020-05-27 16:00:00,0.97071,0.97098,0.96824,0.96892,18174,0,0
2020-05-27 20:00:00,0.96892,0.96926,0.96773,0.96811,6419,0,0
2020-05-28 00:00:00,0.96879,0.96886,0.96771,0.96827,2972,0,0
2020-05-28 04:00:00,0.96827,0.96887,0.9674,0.96867,5746,0,0
2020-05-28 08:00:00,0.96867,0.97055,0.96771,0.96971,11013,0,0
2020-05-28 12:00:00,0.96973,0.97193,0.96847,0.96938,12029,0,0
2020-05-28 16:00:00,0.96938,0.96958,0.96347,0.96362,15126,0,0
2020-05-28 20:00:00,0.96362,0.96464,0.96305,0.96414,6449,0,0
2020-05-29 00:00:00,0.96377,0.96476,0.96328,0.96389,4361,0,0
2020-05-29 04:00:00,0.96389,0.96398,0.96242,0.96253,4174,0,0
2020-05-29 08:00:00,0.96254,0.96384,0.96152,0.96174,11374,0,0
2020-05-29 12:00:00,0.96174,0.96335,0.96079,0.96314,12249,0,0
2020-05-29 16:00:00,0.96312,0.96502,0.96017,0.96177,21422,0,0
2020-05-29 20:00:00,0.96178,0.96259,0.96106,0.96113,10915,0,0
2020-06-01 00:00:00,0.9607,0.96145,0.96015,0.96053,4000,0,0
2020-06-01 04:00:00,0.96053,0.96106,0.95984,0.96074,5522,0,0
2020-06-01 08:00:00,0.96074,0.96087,0.95788,0.95845,13945,0,0
2020-06-01 12:00:00,0.95844,0.9625,0.95824,0.96197,12598,0,0
2020-06-01 16:00:00,0.96198,0.96247,0.96028,0.96123,13126,0,0
2020-06-01 20:00:00,0.96123,0.96241,0.96088,0.96089,4838,0,0
2020-06-02 00:00:00,0.96087,0.96121,0.96009,0.96064,2534,0,0
2020-06-02 04:00:00,0.96064,0.96174,0.9606,0.96137,3096,0,0
2020-06-02 08:00:00,0.96137,0.96197,0.95731,0.95804,14466,0,0
2020-06-02 12:00:00,0.95804,0.96376,0.95765,0.9627,15188,0,0
2020-06-02 16:00:00,0.96271,0.96301,0.95978,0.96191,15267,0,0
2020-06-02 20:00:00,0.96192,0.96299,0.96157,0.96249,5960,0,0
2020-06-03 00:00:00,0.9622,0.96246,0.96116,0.96175,4665,0,0
2020-06-03 04:00:00,0.96175,0.96182,0.96079,0.96125,7072,0,0
2020-06-03 08:00:00,0.96124,0.96362,0.96066,0.9628,12188,0,0
2020-06-03 12:00:00,0.96279,0.96478,0.96161,0.96437,13364,0,0
2020-06-03 16:00:00,0.96439,0.96461,0.96094,0.96177,18449,0,0
2020-06-03 20:00:00,0.96176,0.96232,0.96089,0.96111,6561,0,0
2020-06-04 00:00:00,0.96117,0.9624,0.96086,0.96173,3710,0,0
2020-06-04 04:00:00,0.96173,0.96209,0.96093,0.96137,4579,0,0
2020-06-04 08:00:00,0.96137,0.96208,0.9605,0.96072,7961,0,0
2020-06-04 12:00:00,0.96073,0.96112,0.95771,0.95909,17341,0,0
2020-06-04 16:00:00,0.95909,0.95955,0.95555,0.9558,22938,0,0
2020-06-04 20:00:00,0.9558,0.95639,0.95436,0.95546,8767,0,0
2020-06-05 00:00:00,0.95544,0.9557,0.95483,0.95546,2821,0,0
2020-06-05 04:00:00,0.95546,0.95612,0.95509,0.95578,4360,0,0
2020-06-05 08:00:00,0.95578,0.95787,0.95419,0.9577,11201,0,0
2020-06-05 12:00:00,0.9577,0.96442,0.95695,0.96369,15964,0,0
2020-06-05 16:00:00,0.96368,0.96505,0.96173,0.96239,20791,0,0
2020-06-05 20:00:00,0.96238,0.9632,0.96162,0.96234,5857,0,0
2020-06-08 00:00:00,0.96129,0.96268,0.96076,0.96227,3638,0,0
2020-06-08 04:00:00,0.96227,0.96311,0.96211,0.96292,4926,0,0
2020-06-08 08:00:00,0.96291,0.96394,0.9618,0.96228,8801,0,0
2020-06-08 12:00:00,0.96228,0.96365,0.95948,0.95961,10943,0,0
2020-06-08 16:00:00,0.9596,0.95969,0.95557,0.95742,15739,0,0
2020-06-08 20:00:00,0.95742,0.95776,0.95625,0.95758,5188,0,0
2020-06-09 00:00:00,0.95757,0.95787,0.95672,0.95683,3120,0,0
2020-06-09 04:00:00,0.95683,0.95855,0.95671,0.95808,4635,0,0
2020-06-09 08:00:00,0.95808,0.95828,0.95487,0.95517,12464,0,0
2020-06-09 12:00:00,0.95516,0.95523,0.953,0.95303,11528,0,0
2020-06-09 16:00:00,0.95303,0.95318,0.94824,0.94941,14940,0,0
2020-06-09 20:00:00,0.94941,0.95094,0.94922,0.95075,4706,0,0
2020-06-10 00:00:00,0.95043,0.95134,0.9495,0.95132,2247,0,0
2020-06-10 04:00:00,0.95132,0.95147,0.95035,0.9504,3251,0,0
2020-06-10 08:00:00,0.9504,0.95049,0.94579,0.94593,10028,0,0
2020-06-10 12:00:00,0.94593,0.94711,0.9451,0.94522,10086,0,0
2020-06-10 16:00:00,0.94522,0.94643,0.94417,0.9456,13371,0,0
2020-06-10 20:00:00,0.94561,0.94746,0.94249,0.94373,20944,0,0
2020-06-11 00:00:00,0.94374,0.94455,0.94255,0.94336,5831,0,0
2020-06-11 04:00:00,0.94339,0.94494,0.94293,0.94454,11224,0,0
2020-06-11 08:00:00,0.94452,0.94604,0.94021,0.94024,17056,0,0
2020-06-11 12:00:00,0.94025,0.94324,0.94003,0.94185,17150,0,0
2020-06-11 16:00:00,0.94185,0.94223,0.93762,0.93908,28141,0,0
2020-06-11 20:00:00,0.93908,0.94443,0.93908,0.94416,16798,0,0
2020-06-12 00:00:00,0.94403,0.94486,0.943,0.94458,4024,0,0
2020-06-12 04:00:00,0.94458,0.94501,0.94401,0.94462,10865,0,0
2020-06-12 08:00:00,0.94462,0.94607,0.94394,0.94605,13838,0,0
2020-06-12 12:00:00,0.94604,0.94775,0.94553,0.94606,15329,0,0
2020-06-12 16:00:00,0.94606,0.95328,0.94576,0.95316,29110,0,0
2020-06-12 20:00:00,0.95316,0.95534,0.95175,0.95204,18733,0,0
2020-06-15 00:00:00,0.95402,0.95428,0.95075,0.95159,5070,0,0
2020-06-15 04:00:00,0.9516,0.95206,0.95061,0.95074,7921,0,0
2020-06-15 08:00:00,0.95074,0.95471,0.95066,0.95069,19766,0,0
2020-06-15 12:00:00,0.95069,0.95205,0.94851,0.94958,17366,0,0
2020-06-15 16:00:00,0.94958,0.95107,0.94805,0.94853,22971,0,0
2020-06-15 20:00:00,0.94853,0.94929,0.948,0.94913,9920,0,0
2020-06-16 00:00:00,0.94911,0.94928,0.9483,0.9483,2743,0,0
2020-06-16 04:00:00,0.94831,0.94968,0.94799,0.9493,8798,0,0
2020-06-16 08:00:00,0.94929,0.94985,0.94797,0.94826,13754,0,0
2020-06-16 12:00:00,0.94827,0.9485,0.94635,0.94795,14289,0,0
2020-06-16 16:00:00,0.94795,0.95231,0.94732,0.94939,29850,0,0
2020-06-16 20:00:00,0.94939,0.95142,0.94894,0.95124,8660,0,0
2020-06-17 00:00:00,0.95131,0.95202,0.95016,0.95137,5646,0,0
2020-06-17 04:00:00,0.95137,0.95158,0.94999,0.95,9282,0,0
2020-06-17 08:00:00,0.95,0.95077,0.94812,0.9506,12501,0,0
2020-06-17 12:00:00,0.95058,0.95167,0.94863,0.94922,17359,0,0
2020-06-17 16:00:00,0.94922,0.95292,0.94842,0.95052,22922,0,0
2020-06-17 20:00:00,0.95053,0.95054,0.94856,0.94859,10995,0,0
2020-06-18 00:00:00,0.94856,0.94907,0.94834,0.94891,5079,0,0
2020-06-18 04:00:00,0.94891,0.95013,0.94869,0.949,10785,0,0
2020-06-18 08:00:00,0.949,0.95092,0.94852,0.94969,10830,0,0
2020-06-18 12:00:00,0.94969,0.95101,0.94823,0.95006,18110,0,0
2020-06-18 16:00:00,0.95006,0.95249,0.94977,0.9519,17851,0,0
2020-06-18 20:00:00,0.95188,0.95237,0.95058,0.95145,8283,0,0
2020-06-19 00:00:00,0.9514,0.95201,0.95062,0.9513,2295,0,0
2020-06-19 04:00:00,0.9513,0.95175,0.95054,0.95069,8595,0,0
2020-06-19 08:00:00,0.95068,0.95113,0.94978,0.95048,10044,0,0
2020-06-19 12:00:00,0.95048,0.95153,0.94878,0.9494,13317,0,0
2020-06-19 16:00:00,0.9494,0.95305,0.94905,0.95142,22454,0,0
2020-06-19 20:00:00,0.95142,0.95258,0.95113,0.95219,8435,0,0
2020-06-22 00:00:00,0.95196,0.95267,0.951,0.9523,2578,0,0
2020-06-22 04:00:00,0.95229,0.95231,0.95071,0.95079,7182,0,0
2020-06-22 08:00:00,0.95081,0.95182,0.94952,0.94969,13412,0,0
2020-06-22 12:00:00,0.94969,0.95112,0.94952,0.95026,10806,0,0
2020-06-22 16:00:00,0.95026,0.95032,0.94651,0.94762,16461,0,0
2020-06-22 20:00:00,0.94762,0.948,0.94724,0.94762,5290,0,0
2020-06-23 00:00:00,0.94765,0.94765,0.94671,0.94739,2146,0,0
2020-06-23 04:00:00,0.94739,0.94935,0.94691,0.94754,12934,0,0
2020-06-23 08:00:00,0.94754,0.94766,0.94429,0.94461,15494,0,0
2020-06-23 12:00:00,0.94459,0.94694,0.94362,0.94426,14682,0,0
2020-06-23 16:00:00,0.94424,0.94491,0.94201,0.94481,16106,0,0
2020-06-23 20:00:00,0.94481,0.94541,0.9443,0.94481,5346,0,0
2020-06-24 00:00:00,0.94482,0.94498,0.94384,0.94452,2889,0,0
2020-06-24 04:00:00,0.94452,0.94479,0.94364,0.9443,6246,0,0
2020-06-24 08:00:00,0.9443,0.9457,0.94331,0.94486,9506,0,0
2020-06-24 12:00:00,0.94486,0.9478,0.94409,0.94774,13832,0,0
2020-06-24 16:00:00,0.94774,0.94861,0.94658,0.94705,21922,0,0
2020-06-24 20:00:00,0.94705,0.94822,0.94656,0.94792,7414,0,0
2020-06-25 00:00:00,0.94761,0.94865,0.94688,0.94822,2375,0,0
2020-06-25 04:00:00,0.94822,0.9492,0.94806,0.94886,7905,0,0
2020-06-25 08:00:00,0.94886,0.94931,0.9476,0.94894,13522,0,0
2020-06-25 12:00:00,0.94893,0.95081,0.94801,0.9493,16247,0,0
2020-06-25 16:00:00,0.94929,0.95005,0.94761,0.94805,18234,0,0
2020-06-25 20:00:00,0.94805,0.94899,0.94786,0.94842,6463,0,0
2020-06-26 00:00:00,0.94846,0.94906,0.94774,0.9488,4249,0,0
2020-06-26 04:00:00,0.9488,0.94882,0.9479,0.9479,5656,0,0
2020-06-26 08:00:00,0.94789,0.949,0.94694,0.94703,10945,0,0
2020-06-26 12:00:00,0.94703,0.9485,0.94692,0.94794,11496,0,0
2020-06-26 16:00:00,0.94793,0.94996,0.94697,0.9472,18397,0,0
2020-06-26 20:00:00,0.94719,0.94831,0.94676,0.94805,8269,0,0
2020-06-29 00:00:00,0.94661,0.94814,0.94661,0.94768,1967,0,0
2020-06-29 04:00:00,0.94768,0.94798,0.94704,0.94715,9148,0,0
2020-06-29 08:00:00,0.94716,0.94802,0.94589,0.94666,11150,0,0
2020-06-29 12:00:00,0.94666,0.94698,0.94416,0.94545,10073,0,0
2020-06-29 16:00:00,0.94545,0.95244,0.94541,0.95228,14112,0,0
2020-06-29 20:00:00,0.95228,0.95249,0.95111,0.95118,5531,0,0
2020-06-30 00:00:00,0.95116,0.95196,0.95055,0.95172,2623,0,0
2020-06-30 04:00:00,0.95172,0.95188,0.9509,0.95151,3869,0,0
2020-06-30 08:00:00,0.95151,0.95326,0.95128,0.95186,11430,0,0
2020-06-30 12:00:00,0.95186,0.95274,0.94962,0.95048,11252,0,0
2020-06-30 16:00:00,0.95043,0.9506,0.94615,0.94704,19790,0,0
2020-06-30 20:00:00,0.94705,0.94778,0.94621,0.94743,8114,0,0
2020-07-01 00:00:00,0.9472,0.94781,0.94618,0.94751,2038,0,0
2020-07-01 04:00:00,0.94751,0.94756,0.94626,0.94707,4723,0,0
2020-07-01 08:00:00,0.94707,0.9476,0.94575,0.94697,9541,0,0
2020-07-01 12:00:00,0.94699,0.9494,0.94672,0.94807,15381,0,0
2020-07-01 16:00:00,0.94807,0.94829,0.94449,0.94559,14504,0,0
2020-07-01 20:00:00,0.94559,0.94649,0.94538,0.94579,6216,0,0
2020-07-02 00:00:00,0.94578,0.94642,0.94497,0.94609,3418,0,0
2020-07-02 04:00:00,0.94609,0.94644,0.94551,0.94571,4873,0,0
2020-07-02 08:00:00,0.94571,0.94593,0.94265,0.94297,10399,0,0
2020-07-02 12:00:00,0.94298,0.94486,0.94284,0.94486,10852,0,0
2020-07-02 16:00:00,0.94484,0.94651,0.94334,0.94621,16433,0,0
2020-07-02 20:00:00,0.94621,0.94623,0.94501,0.94529,4896,0,0
2020-07-03 00:00:00,0.94532,0.94606,0.94509,0.9458,1564,0,0
2020-07-03 04:00:00,0.94581,0.94601,0.9452,0.94589,6373,0,0
2020-07-03 08:00:00,0.94589,0.94704,0.94555,0.94638,8856,0,0
2020-07-03 12:00:00,0.94639,0.94678,0.94592,0.94613,7201,0,0
2020-07-03 16:00:00,0.94613,0.94649,0.94462,0.94498,7663,0,0
2020-07-03 20:00:00,0.94501,0.94523,0.94378,0.94418,8473,0,0
2020-07-06 00:00:00,0.94438,0.94527,0.94369,0.94418,2999,0,0
2020-07-06 04:00:00,0.94418,0.94442,0.9427,0.94272,4989,0,0
2020-07-06 08:00:00,0.94272,0.94331,0.94133,0.94209,8528,0,0
2020-07-06 12:00:00,0.94209,0.94244,0.93893,0.93898,9732,0,0
2020-07-06 16:00:00,0.93898,0.94236,0.93846,0.94139,13031,0,0
2020-07-06 20:00:00,0.94139,0.94238,0.94106,0.94215,6022,0,0
2020-07-07 00:00:00,0.94215,0.94222,0.94096,0.9414,2633,0,0
2020-07-07 04:00:00,0.9414,0.94284,0.94129,0.94267,8347,0,0
2020-07-07 08:00:00,0.94267,0.94454,0.94229,0.94442,10509,0,0
2020-07-07 12:00:00,0.94442,0.9453,0.94186,0.94201,9550,0,0
2020-07-07 16:00:00,0.94201,0.94299,0.94084,0.94155,13186,0,0
2020-07-07 20:00:00,0.94155,0.94277,0.94126,0.94249,6207,0,0
2020-07-08 00:00:00,0.94243,0.94324,0.94216,0.94306,3774,0,0
2020-07-08 04:00:00,0.94306,0.94306,0.94227,0.94237,5340,0,0
2020-07-08 08:00:00,0.94237,0.94306,0.94053,0.9417,8815,0,0
2020-07-08 12:00:00,0.9417,0.94225,0.94074,0.9415,9114,0,0
2020-07-08 16:00:00,0.9415,0.94153,0.93699,0.93764,14641,0,0
2020-07-08 20:00:00,0.93764,0.93852,0.93746,0.93844,6317,0,0
2020-07-09 00:00:00,0.93829,0.93866,0.93755,0.9384,3486,0,0
2020-07-09 04:00:00,0.9384,0.9386,0.93631,0.93662,7345,0,0
2020-07-09 08:00:00,0.93662,0.93844,0.93622,0.93839,10930,0,0
2020-07-09 12:00:00,0.93839,0.93936,0.93705,0.93736,11255,0,0
2020-07-09 16:00:00,0.93736,0.9405,0.93723,0.9403,20279,0,0
2020-07-09 20:00:00,0.9403,0.94104,0.93999,0.94006,6443,0,0
2020-07-10 00:00:00,0.9401,0.94132,0.93983,0.94094,3320,0,0
2020-07-10 04:00:00,0.94094,0.94215,0.94085,0.9417,8032,0,0
2020-07-10 08:00:00,0.9417,0.94314,0.94135,0.94176,11126,0,0
2020-07-10 12:00:00,0.94176,0.94247,0.94102,0.94132,8568,0,0
2020-07-10 16:00:00,0.94132,0.94137,0.93849,0.94076,14613,0,0
2020-07-10 20:00:00,0.94076,0.9418,0.94068,0.94116,5606,0,0
2020-07-13 00:00:00,0.94,0.94102,0.93982,0.94036,2611,0,0
2020-07-13 04:00:00,0.94036,0.94041,0.93937,0.93999,3126,0,0
2020-07-13 08:00:00,0.93998,0.94235,0.93923,0.94196,7074,0,0
2020-07-13 12:00:00,0.94196,0.94377,0.94143,0.94296,7531,0,0
2020-07-13 16:00:00,0.94296,0.94299,0.93983,0.94043,12022,0,0
2020-07-13 20:00:00,0.94043,0.94196,0.94008,0.9417,8793,0,0
2020-07-14 00:00:00,0.94157,0.94245,0.94108,0.94211,3532,0,0
2020-07-14 04:00:00,0.94211,0.94242,0.94175,0.94181,6941,0,0
2020-07-14 08:00:00,0.94181,0.94218,0.93942,0.93952,9116,0,0
2020-07-14 12:00:00,0.93952,0.94062,0.93896,0.93952,13065,0,0
2020-07-14 16:00:00,0.93953,0.94059,0.93799,0.9385,20415,0,0
2020-07-14 20:00:00,0.9385,0.94067,0.9384,0.93995,7758,0,0
2020-07-15 00:00:00,0.93994,0.94044,0.93909,0.94029,4960,0,0
2020-07-15 04:00:00,0.94029,0.94068,0.93971,0.94066,6873,0,0
2020-07-15 08:00:00,0.94066,0.94081,0.93702,0.93856,10108,0,0
2020-07-15 12:00:00,0.93856,0.94234,0.93856,0.94233,16171,0,0
2020-07-15 16:00:00,0.94233,0.94452,0.94108,0.94435,15340,0,0
2020-07-15 20:00:00,0.94435,0.94576,0.94413,0.9444,6148,0,0
2020-07-16 00:00:00,0.94437,0.94517,0.94387,0.94516,2801,0,0
2020-07-16 04:00:00,0.94515,0.94568,0.94493,0.9453,5921,0,0
2020-07-16 08:00:00,0.9453,0.9462,0.94386,0.94496,9832,0,0
2020-07-16 12:00:00,0.94494,0.94678,0.94454,0.94554,14367,0,0
2020-07-16 16:00:00,0.94556,0.94612,0.94294,0.9435,14478,0,0
2020-07-16 20:00:00,0.9435,0.94581,0.94344,0.9458,9435,0,0
2020-07-17 00:00:00,0.94555,0.9457,0.94464,0.94543,4993,0,0
2020-07-17 04:00:00,0.94543,0.94588,0.94462,0.94486,7153,0,0
2020-07-17 08:00:00,0.94486,0.94533,0.94269,0.94278,8871,0,0
2020-07-17 12:00:00,0.94278,0.94287,0.9402,0.94104,9839,0,0
2020-07-17 16:00:00,0.94104,0.94113,0.93845,0.93877,10695,0,0
2020-07-17 20:00:00,0.93877,0.93902,0.93802,0.93888,5710,0,0
2020-07-20 00:00:00,0.94002,0.94017,0.93795,0.93986,4239,0,0
2020-07-20 04:00:00,0.93986,0.94044,0.93867,0.93867,6558,0,0
2020-07-20 08:00:00,0.93867,0.94102,0.93849,0.93941,12608,0,0
2020-07-20 12:00:00,0.93942,0.93979,0.9374,0.93922,11121,0,0
2020-07-20 16:00:00,0.93922,0.9404,0.93842,0.93961,13345,0,0
2020-07-20 20:00:00,0.93961,0.94013,0.93879,0.93885,4511,0,0
2020-07-21 00:00:00,0.93886,0.93949,0.93843,0.93895,2687,0,0
2020-07-21 04:00:00,0.93895,0.93982,0.93771,0.93931,7665,0,0
2020-07-21 08:00:00,0.93931,0.93944,0.93723,0.93856,12029,0,0
2020-07-21 12:00:00,0.93856,0.93929,0.93669,0.93817,12801,0,0
2020-07-21 16:00:00,0.93817,0.93923,0.93269,0.9328,16195,0,0
2020-07-21 20:00:00,0.9328,0.93342,0.93212,0.93313,7510,0,0
2020-07-22 00:00:00,0.93309,0.93328,0.93218,0.9327,3681,0,0
2020-07-22 04:00:00,0.9327,0.93278,0.93182,0.93225,6978,0,0
2020-07-22 08:00:00,0.93226,0.93517,0.93129,0.93426,14593,0,0
2020-07-22 12:00:00,0.93426,0.93434,0.93017,0.93087,13886,0,0
2020-07-22 16:00:00,0.93087,0.93156,0.92867,0.92936,16036,0,0
2020-07-22 20:00:00,0.92936,0.93008,0.9291,0.92969,6562,0,0
2020-07-23 00:00:00,0.92957,0.92992,0.92863,0.92941,3343,0,0
2020-07-23 04:00:00,0.92941,0.92964,0.92829,0.92843,6434,0,0
2020-07-23 08:00:00,0.92845,0.929,0.92727,0.92807,11069,0,0
2020-07-23 12:00:00,0.92807,0.92868,0.92662,0.92844,12275,0,0
2020-07-23 16:00:00,0.92844,0.92872,0.92468,0.92483,18234,0,0
2020-07-23 20:00:00,0.92483,0.92647,0.92454,0.92543,11114,0,0
2020-07-24 00:00:00,0.9254,0.92555,0.92394,0.92414,3083,0,0
2020-07-24 04:00:00,0.92415,0.92501,0.92377,0.9248,7226,0,0
2020-07-24 08:00:00,0.9248,0.92607,0.92366,0.9256,15831,0,0
2020-07-24 12:00:00,0.9256,0.92598,0.92375,0.92386,12477,0,0
2020-07-24 16:00:00,0.92386,0.92475,0.9219,0.92246,18100,0,0
2020-07-24 20:00:00,0.92246,0.92269,0.92073,0.92073,6538,0,0
2020-07-27 00:00:00,0.92094,0.92179,0.91859,0.91953,6004,0,0
2020-07-27 04:00:00,0.91953,0.91972,0.91663,0.91754,12473,0,0
2020-07-27 08:00:00,0.91754,0.9205,0.91671,0.9205,14143,0,0
2020-07-27 12:00:00,0.9205,0.92302,0.91927,0.92202,20762,0,0
2020-07-27 16:00:00,0.92202,0.92294,0.91865,0.92063,16286,0,0
2020-07-27 20:00:00,0.92064,0.92094,0.91969,0.91994,7343,0,0
2020-07-28 00:00:00,0.9199,0.92046,0.9194,0.91996,4749,0,0
2020-07-28 04:00:00,0.91996,0.92258,0.91959,0.92164,14628,0,0
2020-07-28 08:00:00,0.92164,0.92279,0.91997,0.9201,14392,0,0
2020-07-28 12:00:00,0.9201,0.92064,0.91601,0.9162,13227,0,0
2020-07-28 16:00:00,0.9162,0.91841,0.91553,0.91672,22765,0,0
2020-07-28 20:00:00,0.91672,0.91809,0.91672,0.91788,7288,0,0
2020-07-29 00:00:00,0.91791,0.91858,0.9168,0.91831,5171,0,0
2020-07-29 04:00:00,0.91831,0.91853,0.91707,0.91761,8103,0,0
2020-07-29 08:00:00,0.91761,0.91775,0.91398,0.91551,12795,0,0
2020-07-29 12:00:00,0.91551,0.91877,0.91522,0.91771,13756,0,0
2020-07-29 16:00:00,0.9177,0.91782,0.91326,0.91346,14416,0,0
2020-07-29 20:00:00,0.91347,0.91483,0.91168,0.91267,20034,0,0
2020-07-30 00:00:00,0.91257,0.91321,0.91185,0.91267,3683,0,0
2020-07-30 04:00:00,0.91267,0.91369,0.91206,0.91297,6949,0,0
2020-07-30 08:00:00,0.91297,0.91498,0.91291,0.9145,13917,0,0
2020-07-30 12:00:00,0.9145,0.91515,0.91272,0.91287,12655,0,0
2020-07-30 16:00:00,0.91287,0.91312,0.91107,0.91145,23793,0,0
2020-07-30 20:00:00,0.91145,0.91165,0.90881,0.90895,10526,0,0
2020-07-31 00:00:00,0.90891,0.90974,0.90722,0.90815,8545,0,0
2020-07-31 04:00:00,0.90816,0.9086,0.90613,0.90646,13706,0,0
2020-07-31 08:00:00,0.90646,0.90887,0.90562,0.90765,15027,0,0
2020-07-31 12:00:00,0.90765,0.91026,0.90712,0.9094,15607,0,0
2020-07-31 16:00:00,0.9094,0.91438,0.90849,0.91316,29240,0,0
2020-07-31 20:00:00,0.91316,0.91489,0.91261,0.91384,11873,0,0
2020-08-03 00:00:00,0.91389,0.91663,0.91277,0.91576,8377,0,0
2020-08-03 04:00:00,0.91576,0.91622,0.91394,0.9153,13817,0,0
2020-08-03 08:00:00,0.9153,0.91849,0.91525,0.9171,14248,0,0
2020-08-03 12:00:00,0.91711,0.92195,0.91635,0.92186,14622,0,0
2020-08-03 16:00:00,0.92186,0.92416,0.9191,0.91923,19272,0,0
2020-08-03 20:00:00,0.91923,0.91932,0.91728,0.9178,7676,0,0
2020-08-04 00:00:00,0.91775,0.91883,0.91694,0.91864,5602,0,0
2020-08-04 04:00:00,0.91864,0.91864,0.91732,0.91765,7429,0,0
2020-08-04 08:00:00,0.91765,0.91839,0.91509,0.91562,11583,0,0
2020-08-04 12:00:00,0.91562,0.91646,0.91424,0.91607,13792,0,0
2020-08-04 16:00:00,0.91607,0.91761,0.91479,0.91508,15674,0,0
2020-08-04 20:00:00,0.91509,0.91516,0.91303,0.91328,6503,0,0
2020-08-05 00:00:00,0.91325,0.9139,0.91252,0.91312,3061,0,0
2020-08-05 04:00:00,0.91314,0.91332,0.91213,0.9122,7033,0,0
2020-08-05 08:00:00,0.9122,0.91327,0.91005,0.91014,9733,0,0
2020-08-05 12:00:00,0.91014,0.91087,0.90661,0.90684,15669,0,0
2020-08-05 16:00:00,0.90684,0.90828,0.90504,0.90708,17789,0,0
2020-08-05 20:00:00,0.90708,0.9091,0.90704,0.90843,5949,0,0
2020-08-06 00:00:00,0.90843,0.90843,0.90724,0.90808,3933,0,0
2020-08-06 04:00:00,0.90808,0.90883,0.90771,0.90841,8605,0,0
2020-08-06 08:00:00,0.90841,0.91071,0.90655,0.9083,17528,0,0
2020-08-06 12:00:00,0.9083,0.91006,0.90737,0.90999,13163,0,0
2020-08-06 16:00:00,0.91,0.91291,0.90848,0.91029,22667,0,0
2020-08-06 20:00:00,0.91029,0.91097,0.90937,0.90976,9222,0,0
2020-08-07 00:00:00,0.90963,0.9107,0.90852,0.91049,3349,0,0
2020-08-07 04:00:00,0.91049,0.91342,0.91048,0.91215,12553,0,0
2020-08-07 08:00:00,0.91216,0.91401,0.91034,0.91299,13023,0,0
2020-08-07 12:00:00,0.913,0.91532,0.91121,0.91236,17164,0,0
2020-08-07 16:00:00,0.91236,0.91581,0.91215,0.91435,22306,0,0
2020-08-07 20:00:00,0.91436,0.91451,0.91246,0.91249,8269,0,0
2020-08-10 00:00:00,0.91243,0.91328,0.912,0.91248,3160,0,0
2020-08-10 04:00:00,0.91248,0.9134,0.91227,0.91331,5350,0,0
2020-08-10 08:00:00,0.91331,0.91609,0.91293,0.9155,10560,0,0
2020-08-10 12:00:00,0.9155,0.91843,0.91516,0.91671,12843,0,0
2020-08-10 16:00:00,0.91671,0.91694,0.91387,0.91458,14298,0,0
2020-08-10 20:00:00,0.91457,0.91574,0.91452,0.91565,5907,0,0
2020-08-11 00:00:00,0.9156,0.91682,0.91506,0.91649,2940,0,0
2020-08-11 04:00:00,0.91649,0.91668,0.91487,0.91496,8063,0,0
2020-08-11 08:00:00,0.91496,0.91626,0.9133,0.91433,14505,0,0
2020-08-11 12:00:00,0.91428,0.91459,0.91053,0.91156,19574,0,0
2020-08-11 16:00:00,0.91156,0.9167,0.9115,0.91563,20718,0,0
2020-08-11 20:00:00,0.91563,0.9178,0.91548,0.91685,9528,0,0
2020-08-12 00:00:00,0.91679,0.91787,0.91627,0.9176,11719,0,0
2020-08-12 04:00:00,0.91759,0.91979,0.91714,0.91964,12214,0,0
2020-08-12 08:00:00,0.91963,0.91968,0.91492,0.91598,13567,0,0
2020-08-12 12:00:00,0.91598,0.91607,0.91148,0.91197,14100,0,0
2020-08-12 16:00:00,0.91197,0.91256,0.90973,0.91114,17712,0,0
2020-08-12 20:00:00,0.91113,0.91244,0.9108,0.91201,7091,0,0
2020-08-13 00:00:00,0.91126,0.91224,0.91042,0.91114,4663,0,0
2020-08-13 04:00:00,0.91114,0.91147,0.91002,0.91139,8278,0,0
2020-08-13 08:00:00,0.9114,0.91144,0.90885,0.90921,13130,0,0
2020-08-13 12:00:00,0.90921,0.91199,0.90921,0.90975,14423,0,0
2020-08-13 16:00:00,0.90975,0.91071,0.90822,0.91008,13939,0,0
2020-08-13 20:00:00,0.91008,0.91118,0.90954,0.90963,7574,0,0
2020-08-14 00:00:00,0.91004,0.91054,0.90944,0.90992,2518,0,0
2020-08-14 04:00:00,0.90992,0.91047,0.90967,0.9102,5501,0,0
2020-08-14 08:00:00,0.9102,0.91144,0.90921,0.91002,11478,0,0
2020-08-14 12:00:00,0.91002,0.9123,0.9093,0.90994,12844,0,0
2020-08-14 16:00:00,0.90996,0.91059,0.90871,0.90931,14279,0,0
2020-08-14 20:00:00,0.90931,0.90988,0.90888,0.90911,6671,0,0
2020-08-17 00:00:00,0.909,0.90967,0.90864,0.90933,2399,0,0
2020-08-17 04:00:00,0.90933,0.90961,0.90872,0.90926,4183,0,0
2020-08-17 08:00:00,0.90926,0.90937,0.90668,0.90801,11632,0,0
2020-08-17 12:00:00,0.90801,0.90936,0.90683,0.9084,12194,0,0
2020-08-17 16:00:00,0.9084,0.9084,0.90514,0.90583,11720,0,0
2020-08-17 20:00:00,0.90583,0.90666,0.9057,0.90655,5177,0,0
2020-08-18 00:00:00,0.90661,0.90678,0.90552,0.90561,4181,0,0
2020-08-18 04:00:00,0.90562,0.90595,0.90482,0.90527,8344,0,0
2020-08-18 08:00:00,0.90527,0.90658,0.90371,0.90502,14580,0,0
2020-08-18 12:00:00,0.90502,0.90616,0.90277,0.90335,14097,0,0
2020-08-18 16:00:00,0.90335,0.90424,0.90098,0.90268,18838,0,0
2020-08-18 20:00:00,0.90268,0.90384,0.90268,0.90371,6189,0,0
2020-08-19 00:00:00,0.90376,0.90378,0.90251,0.90292,5732,0,0
2020-08-19 04:00:00,0.90292,0.90406,0.90254,0.90366,5865,0,0
2020-08-19 08:00:00,0.90366,0.90388,0.90206,0.90239,10935,0,0
2020-08-19 12:00:00,0.90239,0.90828,0.90191,0.90784,11293,0,0
2020-08-19 16:00:00,0.90784,0.91324,0.9064,0.91244,18631,0,0
2020-08-19 20:00:00,0.91245,0.91544,0.91213,0.91506,15965,0,0
2020-08-20 00:00:00,0.91514,0.91531,0.91419,0.91526,3241,0,0
2020-08-20 04:00:00,0.91526,0.91616,0.91422,0.91456,6993,0,0
2020-08-20 08:00:00,0.91456,0.91572,0.9118,0.9123,17868,0,0
2020-08-20 12:00:00,0.91231,0.91308,0.90974,0.91106,17771,0,0
2020-08-20 16:00:00,0.91106,0.91236,0.90809,0.90886,22264,0,0
2020-08-20 20:00:00,0.90886,0.90919,0.90722,0.90764,7268,0,0
2020-08-21 00:00:00,0.90765,0.908,0.90656,0.90699,5232,0,0
2020-08-21 04:00:00,0.90699,0.90773,0.90689,0.90716,5549,0,0
2020-08-21 08:00:00,0.90716,0.91138,0.90611,0.91063,13211,0,0
2020-08-21 12:00:00,0.91063,0.91375,0.91011,0.91208,16326,0,0
2020-08-21 16:00:00,0.91208,0.91398,0.91172,0.91346,17519,0,0
2020-08-21 20:00:00,0.91346,0.91362,0.91115,0.91162,6956,0,0
2020-08-24 00:00:00,0.91203,0.91268,0.911,0.91249,3588,0,0
2020-08-24 04:00:00,0.91249,0.91279,0.91173,0.91236,4923,0,0
2020-08-24 08:00:00,0.91236,0.91257,0.90937,0.91007,11021,0,0
2020-08-24 12:00:00,0.91007,0.91036,0.90746,0.90801,10534,0,0
2020-08-24 16:00:00,0.90801,0.91162,0.90776,0.91083,15176,0,0
2020-08-24 20:00:00,0.91083,0.91204,0.91036,0.91188,6682,0,0
2020-08-25 00:00:00,0.91185,0.91262,0.91088,0.91103,8907,0,0
2020-08-25 04:00:00,0.91103,0.91181,0.91048,0.91129,6241,0,0
2020-08-25 08:00:00,0.91129,0.91228,0.90922,0.90935,11179,0,0
2020-08-25 12:00:00,0.90935,0.91078,0.90817,0.91024,12253,0,0
2020-08-25 16:00:00,0.91024,0.91036,0.90776,0.90922,17273,0,0
2020-08-25 20:00:00,0.90921,0.9093,0.9074,0.90774,6977,0,0
2020-08-26 00:00:00,0.9077,0.90867,0.90722,0.90825,4151,0,0
2020-08-26 04:00:00,0.90825,0.90919,0.90817,0.90917,3833,0,0
2020-08-26 08:00:00,0.90917,0.91103,0.90911,0.91018,11642,0,0
2020-08-26 12:00:00,0.91018,0.91208,0.90827,0.91091,13045,0,0
2020-08-26 16:00:00,0.91091,0.91153,0.90728,0.90758,15693,0,0
2020-08-26 20:00:00,0.90758,0.90885,0.90724,0.90836,6420,0,0
2020-08-27 00:00:00,0.90766,0.90852,0.90713,0.90783,3752,0,0
2020-08-27 04:00:00,0.90783,0.90867,0.90725,0.90769,8119,0,0
2020-08-27 08:00:00,0.90769,0.90981,0.90678,0.9077,14176,0,0
2020-08-27 12:00:00,0.90767,0.91182,0.90727,0.90848,16702,0,0
2020-08-27 16:00:00,0.90848,0.91238,0.90361,0.90996,42917,0,0
2020-08-27 20:00:00,0.90996,0.91015,0.90816,0.90902,12379,0,0
2020-08-28 00:00:00,0.90898,0.90998,0.9079,0.90934,7096,0,0
2020-08-28 04:00:00,0.90934,0.90971,0.90598,0.90604,11031,0,0
2020-08-28 08:00:00,0.90604,0.90647,0.90271,0.90317,26995,0,0
2020-08-28 12:00:00,0.90317,0.90572,0.90242,0.90531,17732,0,0
2020-08-28 16:00:00,0.90532,0.90699,0.90321,0.9049,20036,0,0
2020-08-28 20:00:00,0.90489,0.90561,0.90396,0.90402,5811,0,0
2020-08-31 00:00:00,0.90399,0.9048,0.90266,0.90374,6310,0,0
2020-08-31 04:00:00,0.90374,0.90489,0.90351,0.90432,5356,0,0
2020-08-31 08:00:00,0.90432,0.90464,0.90281,0.90312,14978,0,0
2020-08-31 12:00:00,0.90309,0.90534,0.90195,0.90284,12774,0,0
2020-08-31 16:00:00,0.90283,0.90341,0.89987,0.90284,19254,0,0
2020-08-31 20:00:00,0.90284,0.90422,0.90233,0.90372,7308,0,0
2020-09-01 00:00:00,0.90379,0.90447,0.90276,0.90395,3773,0,0
2020-09-01 04:00:00,0.90395,0.90395,0.90055,0.90113,10935,0,0
2020-09-01 08:00:00,0.90113,0.9032,0.89991,0.90263,19035,0,0
2020-09-01 12:00:00,0.90263,0.90777,0.90261,0.90652,17438,0,0
2020-09-01 16:00:00,0.90652,0.91011,0.90546,0.90852,21672,0,0
2020-09-01 20:00:00,0.90852,0.90992,0.90842,0.90935,10589,0,0
2020-09-02 00:00:00,0.9093,0.91099,0.90859,0.91097,2436,0,0
2020-09-02 04:00:00,0.91097,0.91197,0.91049,0.91073,4849,0,0
2020-09-02 08:00:00,0.91073,0.91369,0.91057,0.91279,14162,0,0
2020-09-02 12:00:00,0.91279,0.91303,0.90991,0.91136,17981,0,0
2020-09-02 16:00:00,0.91136,0.91329,0.91042,0.91168,21118,0,0
2020-09-02 20:00:00,0.91167,0.91326,0.9105,0.91075,9124,0,0
2020-09-03 00:00:00,0.91063,0.91257,0.90992,0.91239,4152,0,0
2020-09-03 04:00:00,0.91239,0.91309,0.91154,0.91294,7037,0,0
2020-09-03 08:00:00,0.91294,0.91424,0.91088,0.91122,15852,0,0
2020-09-03 12:00:00,0.91123,0.91318,0.91009,0.9109,14251,0,0
2020-09-03 16:00:00,0.9109,0.91146,0.90825,0.91026,22406,0,0
2020-09-03 20:00:00,0.91026,0.91074,0.90854,0.90941,10094,0,0
2020-09-04 00:00:00,0.90936,0.91016,0.90876,0.90943,2571,0,0
2020-09-04 04:00:00,0.90943,0.91016,0.90904,0.90955,5841,0,0
2020-09-04 08:00:00,0.90954,0.91174,0.90942,0.90966,12211,0,0
2020-09-04 12:00:00,0.90966,0.91347,0.90942,0.91306,16580,0,0
2020-09-04 16:00:00,0.91307,0.91634,0.91284,0.91399,25001,0,0
2020-09-04 20:00:00,0.91399,0.91408,0.91215,0.91344,8570,0,0
2020-09-07 00:00:00,0.91304,0.91372,0.91304,0.91347,2635,0,0
2020-09-07 04:00:00,0.91347,0.91443,0.91345,0.9141,3859,0,0
2020-09-07 08:00:00,0.9141,0.91458,0.91207,0.91305,10463,0,0
2020-09-07 12:00:00,0.91305,0.91551,0.91304,0.91536,9157,0,0
2020-09-07 16:00:00,0.91536,0.91653,0.91425,0.91648,6955,0,0
2020-09-07 20:00:00,0.91648,0.91697,0.91604,0.91618,2271,0,0
2020-09-08 00:00:00,0.91606,0.91747,0.91591,0.9174,2843,0,0
2020-09-08 04:00:00,0.9174,0.91805,0.91729,0.91774,3793,0,0
2020-09-08 08:00:00,0.91774,0.91836,0.91647,0.91774,14457,0,0
2020-09-08 12:00:00,0.91774,0.92006,0.91674,0.9172,20129,0,0
2020-09-08 16:00:00,0.9172,0.9193,0.91561,0.91636,21762,0,0
2020-09-08 20:00:00,0.91637,0.91818,0.91618,0.91786,10207,0,0
2020-09-09 00:00:00,0.91784,0.91862,0.91755,0.918,2798,0,0
2020-09-09 04:00:00,0.918,0.91858,0.91765,0.918,4608,0,0
2020-09-09 08:00:00,0.918,0.91907,0.91705,0.91788,11593,0,0
2020-09-09 12:00:00,0.91788,0.91902,0.91511,0.91591,14082,0,0
2020-09-09 16:00:00,0.9159,0.91614,0.91234,0.91338,18434,0,0
2020-09-09 20:00:00,0.91337,0.91348,0.91202,0.91236,6470,0,0
2020-09-10 00:00:00,0.91238,0.91298,0.91149,0.91192,2928,0,0
2020-09-10 04:00:00,0.91191,0.91202,0.91112,0.91162,6047,0,0
2020-09-10 08:00:00,0.91162,0.91163,0.90843,0.9086,12319,0,0
2020-09-10 12:00:00,0.9086,0.90959,0.906,0.9064,17881,0,0
2020-09-10 16:00:00,0.9064,0.90902,0.9049,0.90838,21109,0,0
2020-09-10 20:00:00,0.90837,0.91098,0.90783,0.9106,13377,0,0
2020-09-11 00:00:00,0.91056,0.91088,0.90954,0.90987,4274,0,0
2020-09-11 04:00:00,0.90987,0.91019,0.90956,0.90981,4894,0,0
2020-09-11 08:00:00,0.9098,0.91063,0.90844,0.90862,10924,0,0
2020-09-11 12:00:00,0.90862,0.91026,0.90796,0.90921,12897,0,0
2020-09-11 16:00:00,0.90921,0.90972,0.90821,0.9092,13718,0,0
2020-09-11 20:00:00,0.9092,0.90998,0.90874,0.90893,6453,0,0
2020-09-14 00:00:00,0.90877,0.90985,0.9085,0.90978,2411,0,0
2020-09-14 04:00:00,0.90978,0.90986,0.90856,0.90871,4356,0,0
2020-09-14 08:00:00,0.90871,0.90921,0.90722,0.90784,9611,0,0
2020-09-14 12:00:00,0.90784,0.90906,0.90626,0.90682,10649,0,0
2020-09-14 16:00:00,0.90681,0.90786,0.90584,0.90753,12544,0,0
2020-09-14 20:00:00,0.90753,0.90856,0.90736,0.90839,5797,0,0
2020-09-15 00:00:00,0.90824,0.9089,0.90785,0.90835,2757,0,0
2020-09-15 04:00:00,0.90835,0.90857,0.90662,0.9068,6693,0,0
2020-09-15 08:00:00,0.9068,0.90708,0.90542,0.9062,9777,0,0
2020-09-15 12:00:00,0.90621,0.90766,0.90515,0.90673,11258,0,0
2020-09-15 16:00:00,0.90674,0.90864,0.90608,0.90816,13252,0,0
2020-09-15 20:00:00,0.90816,0.90862,0.90779,0.90812,5832,0,0
2020-09-16 00:00:00,0.90807,0.90935,0.90759,0.90918,4423,0,0
2020-09-16 04:00:00,0.90918,0.90942,0.90779,0.90783,5543,0,0
2020-09-16 08:00:00,0.90784,0.90843,0.9063,0.90698,7470,0,0
2020-09-16 12:00:00,0.90698,0.90782,0.9055,0.90695,10703,0,0
2020-09-16 16:00:00,0.90695,0.90939,0.90586,0.90812,14867,0,0
2020-09-16 20:00:00,0.90812,0.91106,0.90637,0.90944,22201,0,0
2020-09-17 00:00:00,0.90939,0.91225,0.90862,0.91196,4025,0,0
2020-09-17 04:00:00,0.91195,0.91394,0.91087,0.91302,9759,0,0
2020-09-17 08:00:00,0.91302,0.91346,0.91007,0.91065,14286,0,0
2020-09-17 12:00:00,0.91064,0.91229,0.90965,0.90986,12153,0,0
2020-09-17 16:00:00,0.90986,0.9113,0.90923,0.90983,14662,0,0
2020-09-17 20:00:00,0.90983,0.91014,0.90806,0.90844,5209,0,0
2020-09-18 00:00:00,0.90813,0.90841,0.90765,0.90814,3038,0,0
2020-09-18 04:00:00,0.90816,0.90897,0.90776,0.90847,6268,0,0
2020-09-18 08:00:00,0.90847,0.90889,0.9075,0.90842,10566,0,0
2020-09-18 12:00:00,0.90842,0.91068,0.90761,0.90949,12259,0,0
2020-09-18 16:00:00,0.90949,0.91136,0.90885,0.90922,13273,0,0
2020-09-18 20:00:00,0.90922,0.91138,0.90916,0.91121,5964,0,0
2020-09-21 00:00:00,0.91129,0.91148,0.90986,0.91033,3302,0,0
2020-09-21 04:00:00,0.91033,0.91068,0.90954,0.90984,3925,0,0
2020-09-21 08:00:00,0.90984,0.91387,0.90869,0.9135,13682,0,0
2020-09-21 12:00:00,0.9135,0.91546,0.91238,0.91427,14131,0,0
2020-09-21 16:00:00,0.91426,0.91713,0.91334,0.91611,18547,0,0
2020-09-21 20:00:00,0.91612,0.91643,0.91409,0.91454,6619,0,0
2020-09-22 00:00:00,0.91451,0.91605,0.91358,0.91502,3037,0,0
2020-09-22 04:00:00,0.91502,0.91588,0.91437,0.91442,4403,0,0
2020-09-22 08:00:00,0.91442,0.91734,0.91439,0.91542,13214,0,0
2020-09-22 12:00:00,0.91542,0.91697,0.91366,0.91546,14215,0,0
2020-09-22 16:00:00,0.91546,0.92078,0.91471,0.92052,17952,0,0
2020-09-22 20:00:00,0.92051,0.92058,0.91914,0.91983,5179,0,0
2020-09-23 00:00:00,0.91974,0.92166,0.91898,0.92118,4211,0,0
2020-09-23 04:00:00,0.92118,0.92184,0.92067,0.92133,8997,0,0
2020-09-23 08:00:00,0.92133,0.92227,0.91982,0.91997,13638,0,0
2020-09-23 12:00:00,0.91997,0.92164,0.919,0.92117,12465,0,0
2020-09-23 16:00:00,0.92118,0.9243,0.92059,0.92273,16192,0,0
2020-09-23 20:00:00,0.92273,0.92436,0.92268,0.92387,7340,0,0
2020-09-24 00:00:00,0.92387,0.92455,0.92162,0.92218,5160,0,0
2020-09-24 04:00:00,0.92218,0.92353,0.92159,0.92345,8925,0,0
2020-09-24 08:00:00,0.92345,0.92574,0.92318,0.92469,11723,0,0
2020-09-24 12:00:00,0.92469,0.92694,0.92426,0.92568,12884,0,0
2020-09-24 16:00:00,0.92568,0.92802,0.92518,0.92631,18214,0,0
2020-09-24 20:00:00,0.92631,0.9273,0.92495,0.92682,8172,0,0
2020-09-25 00:00:00,0.92667,0.92726,0.92542,0.92708,3155,0,0
2020-09-25 04:00:00,0.92708,0.92769,0.92642,0.92644,4126,0,0
2020-09-25 08:00:00,0.92644,0.92701,0.92507,0.92688,12463,0,0
2020-09-25 12:00:00,0.92688,0.92862,0.92683,0.92787,13174,0,0
2020-09-25 16:00:00,0.92786,0.92963,0.92785,0.92936,13660,0,0
2020-09-25 20:00:00,0.92936,0.92964,0.92827,0.92873,4957,0,0
2020-09-28 00:00:00,0.92828,0.92932,0.92799,0.92916,3905,0,0
2020-09-28 04:00:00,0.92916,0.92921,0.92834,0.92868,5561,0,0
2020-09-28 08:00:00,0.92869,0.92956,0.92681,0.92697,11404,0,0
2020-09-28 12:00:00,0.92697,0.92749,0.92555,0.92718,12143,0,0
2020-09-28 16:00:00,0.9272,0.92868,0.92423,0.92458,14443,0,0
2020-09-28 20:00:00,0.92458,0.92496,0.92411,0.92435,5039,0,0
2020-09-29 00:00:00,0.92416,0.92489,0.92341,0.924,2576,0,0
2020-09-29 04:00:00,0.924,0.92443,0.92368,0.92406,3051,0,0
2020-09-29 08:00:00,0.92406,0.92472,0.92296,0.92303,11260,0,0
2020-09-29 12:00:00,0.92303,0.92346,0.92141,0.92183,11467,0,0
2020-09-29 16:00:00,0.92183,0.92246,0.91909,0.91942,14779,0,0
2020-09-29 20:00:00,0.91941,0.92002,0.91908,0.91924,5138,0,0
2020-09-30 00:00:00,0.91943,0.92044,0.91911,0.92014,2452,0,0
2020-09-30 04:00:00,0.92014,0.92162,0.91956,0.92106,7403,0,0
2020-09-30 08:00:00,0.92106,0.92316,0.92052,0.92316,13765,0,0
2020-09-30 12:00:00,0.92316,0.92383,0.92152,0.92268,14229,0,0
2020-09-30 16:00:00,0.92269,0.92446,0.91625,0.92135,23484,0,0
2020-09-30 20:00:00,0.92135,0.9223,0.92046,0.92116,6336,0,0
2020-10-01 00:00:00,0.92079,0.92148,0.92,0.92138,2751,0,0
2020-10-01 04:00:00,0.92138,0.92142,0.91921,0.91938,5690,0,0
2020-10-01 08:00:00,0.91938,0.9209,0.91861,0.91949,14536,0,0
2020-10-01 12:00:00,0.91949,0.91952,0.91645,0.91763,16460,0,0
2020-10-01 16:00:00,0.91763,0.91992,0.91734,0.91875,17432,0,0
2020-10-01 20:00:00,0.91875,0.91924,0.91821,0.91855,6302,0,0
2020-10-02 00:00:00,0.9188,0.91973,0.91772,0.91949,2923,0,0
2020-10-02 04:00:00,0.91949,0.92136,0.91943,0.92109,7462,0,0
2020-10-02 08:00:00,0.92108,0.92146,0.91812,0.92124,25172,0,0
2020-10-02 12:00:00,0.92121,0.92187,0.91968,0.92113,16164,0,0
2020-10-02 16:00:00,0.92114,0.9217,0.91966,0.92025,16951,0,0
2020-10-02 20:00:00,0.92024,0.921,0.91992,0.92033,6640,0,0
2020-10-05 00:00:00,0.91921,0.92,0.91621,0.91791,6098,0,0
2020-10-05 04:00:00,0.91791,0.91836,0.91648,0.91734,6140,0,0
2020-10-05 08:00:00,0.91734,0.91837,0.91638,0.91651,10574,0,0
2020-10-05 12:00:00,0.91651,0.91712,0.9156,0.9163,8611,0,0
2020-10-05 16:00:00,0.9163,0.91638,0.91452,0.91558,12353,0,0
2020-10-05 20:00:00,0.91557,0.91633,0.91466,0.91502,4685,0,0
2020-10-06 00:00:00,0.91498,0.91551,0.91465,0.91482,1988,0,0
2020-10-06 04:00:00,0.91482,0.91536,0.91435,0.91491,3278,0,0
2020-10-06 08:00:00,0.91491,0.91535,0.91377,0.91484,9717,0,0
2020-10-06 12:00:00,0.91484,0.91526,0.91334,0.91452,10494,0,0
2020-10-06 16:00:00,0.91452,0.91563,0.91334,0.91503,12478,0,0
2020-10-06 20:00:00,0.91505,0.91798,0.91455,0.91776,11714,0,0
2020-10-07 00:00:00,0.91776,0.91828,0.91747,0.91796,2107,0,0
2020-10-07 04:00:00,0.91796,0.91847,0.91775,0.91809,6727,0,0
2020-10-07 08:00:00,0.91809,0.91829,0.91603,0.91754,9946,0,0
2020-10-07 12:00:00,0.91752,0.91829,0.91598,0.91611,10452,0,0
2020-10-07 16:00:00,0.91612,0.91768,0.91596,0.91645,11864,0,0
2020-10-07 20:00:00,0.91646,0.91765,0.9163,0.91726,5300,0,0
2020-10-08 00:00:00,0.9173,0.91752,0.91611,0.91702,1887,0,0
2020-10-08 04:00:00,0.91702,0.91726,0.91661,0.91689,3633,0,0
2020-10-08 08:00:00,0.91689,0.91799,0.91574,0.91767,8581,0,0
2020-10-08 12:00:00,0.91767,0.91853,0.91674,0.918,8833,0,0
2020-10-08 16:00:00,0.918,0.91979,0.91727,0.91772,10346,0,0
2020-10-08 20:00:00,0.91772,0.91778,0.91694,0.9171,3503,0,0
2020-10-09 00:00:00,0.91687,0.91743,0.91666,0.91669,2276,0,0
2020-10-09 04:00:00,0.91669,0.9167,0.91526,0.91556,2667,0,0
2020-10-09 08:00:00,0.91556,0.91624,0.91258,0.91274,8021,0,0
2020-10-09 12:00:00,0.91274,0.91367,0.91188,0.91206,8728,0,0
2020-10-09 16:00:00,0.91206,0.91286,0.90972,0.9099,10942,0,0
2020-10-09 20:00:00,0.9099,0.91036,0.90933,0.90943,4226,0,0
2020-10-12 00:00:00,0.91069,0.911,0.90971,0.91068,2967,0,0
2020-10-12 04:00:00,0.91068,0.91103,0.90985,0.91054,4432,0,0
2020-10-12 08:00:00,0.91054,0.91237,0.90984,0.91083,8260,0,0
2020-10-12 12:00:00,0.91083,0.912,0.90958,0.90973,8749,0,0
2020-10-12 16:00:00,0.90972,0.91017,0.90875,0.90923,8505,0,0
2020-10-12 20:00:00,0.90923,0.90974,0.90891,0.90925,3234,0,0
2020-10-13 00:00:00,0.9088,0.91034,0.9087,0.90994,2898,0,0
2020-10-13 04:00:00,0.90994,0.91008,0.90929,0.90947,4727,0,0
2020-10-13 08:00:00,0.90947,0.91124,0.9092,0.91036,9117,0,0
2020-10-13 12:00:00,0.91038,0.91153,0.90965,0.9104,8476,0,0
2020-10-13 16:00:00,0.91039,0.91542,0.91039,0.91508,12826,0,0
2020-10-13 20:00:00,0.91508,0.9155,0.91435,0.91487,5320,0,0
2020-10-14 00:00:00,0.91496,0.91546,0.91389,0.91507,2273,0,0
2020-10-14 04:00:00,0.91507,0.91556,0.91462,0.91491,6691,0,0
2020-10-14 08:00:00,0.91492,0.91535,0.91326,0.91432,9623,0,0
2020-10-14 12:00:00,0.91432,0.91628,0.9125,0.91298,11394,0,0
2020-10-14 16:00:00,0.91298,0.91427,0.91133,0.9129,10443,0,0
2020-10-14 20:00:00,0.91288,0.91346,0.91242,0.91343,4448,0,0
2020-10-15 00:00:00,0.91358,0.9137,0.91281,0.91328,2375,0,0
2020-10-15 04:00:00,0.91328,0.91386,0.91289,0.91306,4771,0,0
2020-10-15 08:00:00,0.91306,0.91553,0.91265,0.91539,10692,0,0
2020-10-15 12:00:00,0.91539,0.91558,0.91331,0.91414,11587,0,0
2020-10-15 16:00:00,0.91413,0.91509,0.91362,0.91461,12445,0,0
2020-10-15 20:00:00,0.91461,0.91548,0.91414,0.91433,3771,0,0
2020-10-16 00:00:00,0.91461,0.91504,0.91356,0.91424,2794,0,0
2020-10-16 04:00:00,0.91424,0.9152,0.91404,0.91505,3135,0,0
2020-10-16 08:00:00,0.91505,0.91582,0.91449,0.91554,7539,0,0
2020-10-16 12:00:00,0.91554,0.91625,0.91231,0.91317,12386,0,0
2020-10-16 16:00:00,0.91317,0.91556,0.91302,0.91536,10804,0,0
2020-10-16 20:00:00,0.91536,0.9156,0.91484,0.91489,4338,0,0
2020-10-19 00:00:00,0.9143,0.91528,0.91419,0.91494,1542,0,0
2020-10-19 04:00:00,0.91489,0.91593,0.91476,0.91592,4594,0,0
2020-10-19 08:00:00,0.91592,0.91656,0.913,0.91317,8615,0,0
2020-10-19 12:00:00,0.91315,0.91328,0.90964,0.90998,10400,0,0
2020-10-19 16:00:00,0.90998,0.91059,0.90903,0.9095,9591,0,0
2020-10-19 20:00:00,0.9095,0.91054,0.90906,0.91015,4410,0,0
2020-10-20 00:00:00,0.90971,0.91072,0.90962,0.90988,1921,0,0
2020-10-20 04:00:00,0.90988,0.91093,0.9096,0.90974,4188,0,0
2020-10-20 08:00:00,0.90975,0.911,0.90832,0.90928,10345,0,0
2020-10-20 12:00:00,0.90928,0.90934,0.90702,0.90792,10341,0,0
2020-10-20 16:00:00,0.90791,0.90812,0.90554,0.9071,11127,0,0
2020-10-20 20:00:00,0.90709,0.9072,0.9064,0.90714,5592,0,0
2020-10-21 00:00:00,0.90697,0.90707,0.90638,0.90641,2141,0,0
2020-10-21 04:00:00,0.90641,0.90663,0.90569,0.90589,5314,0,0
2020-10-21 08:00:00,0.9059,0.90626,0.90328,0.90428,12348,0,0
2020-10-21 12:00:00,0.90428,0.90504,0.90327,0.90363,11382,0,0
2020-10-21 16:00:00,0.90362,0.90513,0.90307,0.90428,13298,0,0
2020-10-21 20:00:00,0.90427,0.90568,0.90412,0.90533,5318,0,0
2020-10-22 00:00:00,0.90536,0.90664,0.9038,0.9065,6364,0,0
2020-10-22 04:00:00,0.90649,0.90707,0.90613,0.90648,4910,0,0
2020-10-22 08:00:00,0.90648,0.90717,0.9054,0.90681,10734,0,0
2020-10-22 12:00:00,0.90683,0.90804,0.9064,0.90658,11172,0,0
2020-10-22 16:00:00,0.90659,0.9077,0.90622,0.90727,10197,0,0
2020-10-22 20:00:00,0.90727,0.90762,0.9067,0.90719,3733,0,0
2020-10-23 00:00:00,0.90699,0.90922,0.90652,0.90796,5206,0,0
2020-10-23 04:00:00,0.90797,0.90817,0.90707,0.90757,2900,0,0
2020-10-23 08:00:00,0.90757,0.90818,0.90447,0.90476,7625,0,0
2020-10-23 12:00:00,0.90477,0.90508,0.90342,0.90378,7404,0,0
2020-10-23 16:00:00,0.90378,0.90706,0.90346,0.9053,8634,0,0
2020-10-23 20:00:00,0.9053,0.90537,0.90352,0.90407,3702,0,0
2020-10-26 00:00:00,0.90474,0.90514,0.90394,0.90468,3515,0,0
2020-10-26 04:00:00,0.90468,0.90528,0.90437,0.90506,3627,0,0
2020-10-26 08:00:00,0.90506,0.90693,0.90446,0.90664,8039,0,0
2020-10-26 12:00:00,0.90656,0.90794,0.9062,0.9073,9135,0,0
2020-10-26 16:00:00,0.9073,0.90798,0.90661,0.90693,9027,0,0
2020-10-26 20:00:00,0.90693,0.90807,0.90659,0.90787,4893,0,0
2020-10-27 00:00:00,0.90777,0.90824,0.90682,0.90714,1946,0,0
2020-10-27 04:00:00,0.90714,0.90741,0.90639,0.90682,2545,0,0
2020-10-27 08:00:00,0.90682,0.90863,0.90617,0.9082,6121,0,0
2020-10-27 12:00:00,0.9082,0.90978,0.9073,0.90734,8065,0,0
2020-10-27 16:00:00,0.90734,0.90783,0.90618,0.90661,8020,0,0
2020-10-27 20:00:00,0.90661,0.90882,0.9064,0.90869,3648,0,0
2020-10-28 00:00:00,0.90858,0.90994,0.90844,0.90918,4742,0,0
2020-10-28 04:00:00,0.90918,0.90939,0.9085,0.90904,3049,0,0
2020-10-28 08:00:00,0.90904,0.91187,0.90873,0.91048,7280,0,0
2020-10-28 12:00:00,0.91048,0.91276,0.91048,0.91196,11057,0,0
2020-10-28 16:00:00,0.91196,0.9123,0.90915,0.90969,12543,0,0
2020-10-28 20:00:00,0.90969,0.91055,0.90949,0.91042,5646,0,0
2020-10-29 00:00:00,0.9104,0.91099,0.90987,0.91044,2050,0,0
2020-10-29 04:00:00,0.91044,0.91082,0.90903,0.90936,2962,0,0
2020-10-29 08:00:00,0.90935,0.91191,0.90891,0.91102,7451,0,0
2020-10-29 12:00:00,0.91102,0.91343,0.91025,0.91286,11697,0,0
2020-10-29 16:00:00,0.91286,0.91718,0.91224,0.91666,16060,0,0
2020-10-29 20:00:00,0.91666,0.91728,0.91524,0.91585,4387,0,0
2020-10-30 00:00:00,0.91457,0.91602,0.9145,0.91528,2423,0,0
2020-10-30 04:00:00,0.91528,0.91545,0.91382,0.91458,4015,0,0
2020-10-30 08:00:00,0.91458,0.9166,0.91399,0.91623,9351,0,0
2020-10-30 12:00:00,0.91623,0.91689,0.91433,0.91448,12515,0,0
2020-10-30 16:00:00,0.91448,0.91691,0.91408,0.91616,13491,0,0
2020-10-30 20:00:00,0.91616,0.91729,0.91616,0.91688,5335,0,0
2020-11-02 00:00:00,0.91604,0.91746,0.91498,0.91709,3300,0,0
2020-11-02 04:00:00,0.91709,0.91781,0.91662,0.91732,2541,0,0
2020-11-02 08:00:00,0.91732,0.91884,0.91676,0.91734,10319,0,0
2020-11-02 12:00:00,0.91734,0.91929,0.91685,0.91888,7891,0,0
2020-11-02 16:00:00,0.91888,0.92077,0.91883,0.92028,8262,0,0
2020-11-02 20:00:00,0.92028,0.92056,0.91909,0.91919,4367,0,0
2020-11-03 00:00:00,0.91847,0.91918,0.9182,0.91863,2187,0,0
2020-11-03 04:00:00,0.91863,0.91893,0.91802,0.91812,2816,0,0
2020-11-03 08:00:00,0.91812,0.91829,0.91546,0.91553,7491,0,0
2020-11-03 12:00:00,0.91553,0.91623,0.91416,0.91536,7382,0,0
2020-11-03 16:00:00,0.91536,0.91539,0.91182,0.91282,8810,0,0
2020-11-03 20:00:00,0.91282,0.91334,0.91173,0.91215,4572,0,0
2020-11-04 00:00:00,0.91279,0.91516,0.90896,0.91452,12462,0,0
2020-11-04 04:00:00,0.91452,0.91962,0.91358,0.91533,21530,0,0
2020-11-04 08:00:00,0.91533,0.91726,0.91322,0.91556,16108,0,0
2020-11-04 12:00:00,0.91556,0.91562,0.91013,0.91167,15005,0,0
2020-11-04 16:00:00,0.91166,0.91368,0.91045,0.9126,16264,0,0
2020-11-04 20:00:00,0.9126,0.91314,0.9118,0.91212,5964,0,0
2020-11-05 00:00:00,0.91092,0.91321,0.91072,0.91168,4391,0,0
2020-11-05 04:00:00,0.91169,0.9126,0.9108,0.91109,4396,0,0
2020-11-05 08:00:00,0.91109,0.91178,0.90725,0.90775,11931,0,0
2020-11-05 12:00:00,0.90774,0.90831,0.90439,0.90563,13234,0,0
2020-11-05 16:00:00,0.90562,0.90828,0.9056,0.90624,13145,0,0
2020-11-05 20:00:00,0.90623,0.90646,0.9037,0.904,7318,0,0
2020-11-06 00:00:00,0.90416,0.90567,0.90293,0.90469,7186,0,0
2020-11-06 04:00:00,0.90469,0.90501,0.90322,0.90379,5773,0,0
2020-11-06 08:00:00,0.90379,0.90391,0.90138,0.90155,9803,0,0
2020-11-06 12:00:00,0.90157,0.90186,0.89863,0.89871,12650,0,0
2020-11-06 16:00:00,0.89871,0.90235,0.89826,0.89934,16603,0,0
2020-11-06 20:00:00,0.89935,0.90083,0.89879,0.9002,5026,0,0
2020-11-09 00:00:00,0.89878,0.9002,0.89868,0.8998,5228,0,0
2020-11-09 04:00:00,0.8998,0.89988,0.8992,0.89978,3821,0,0
2020-11-09 08:00:00,0.89978,0.90084,0.89839,0.9003,11172,0,0
2020-11-09 12:00:00,0.9003,0.90797,0.89933,0.9072,23226,0,0
2020-11-09 16:00:00,0.9072,0.91372,0.90546,0.91205,21533,0,0
2020-11-09 20:00:00,0.91205,0.91432,0.91174,0.91374,8249,0,0
2020-11-10 00:00:00,0.9125,0.91411,0.91202,0.91234,6808,0,0
2020-11-10 04:00:00,0.91234,0.91305,0.91153,0.91248,6417,0,0
2020-11-10 08:00:00,0.91248,0.91651,0.91206,0.91605,12411,0,0
2020-11-10 12:00:00,0.91605,0.91756,0.91494,0.91527,15523,0,0
2020-11-10 16:00:00,0.91526,0.91574,0.91275,0.91406,16745,0,0
2020-11-10 20:00:00,0.91406,0.91584,0.91379,0.91504,6024,0,0
2020-11-11 00:00:00,0.91536,0.91548,0.91326,0.91396,3649,0,0
2020-11-11 04:00:00,0.91396,0.91493,0.91383,0.91469,3532,0,0
2020-11-11 08:00:00,0.91469,0.91836,0.91461,0.91742,10316,0,0
2020-11-11 12:00:00,0.91742,0.919,0.91652,0.91752,11671,0,0
2020-11-11 16:00:00,0.91752,0.91919,0.91719,0.91734,9309,0,0
2020-11-11 20:00:00,0.91734,0.91754,0.91673,0.91693,3336,0,0
2020-11-12 00:00:00,0.91677,0.91707,0.91588,0.91615,2382,0,0
2020-11-12 04:00:00,0.91615,0.91635,0.91565,0.91619,3510,0,0
2020-11-12 08:00:00,0.91619,0.91706,0.91344,0.91401,8953,0,0
2020-11-12 12:00:00,0.91401,0.91646,0.91328,0.91437,9022,0,0
2020-11-12 16:00:00,0.91437,0.9154,0.91316,0.91515,10577,0,0
2020-11-12 20:00:00,0.91515,0.91564,0.91458,0.91516,5696,0,0
2020-11-13 00:00:00,0.91427,0.91501,0.91386,0.91439,3003,0,0
2020-11-13 04:00:00,0.91439,0.91522,0.91419,0.9144,3007,0,0
2020-11-13 08:00:00,0.9144,0.91591,0.91374,0.91376,7129,0,0
2020-11-13 12:00:00,0.9137,0.91553,0.91269,0.9133,7685,0,0
2020-11-13 16:00:00,0.9133,0.91419,0.91259,0.9134,8239,0,0
2020-11-13 20:00:00,0.9134,0.91381,0.91258,0.91266,3611,0,0
2020-11-16 00:00:00,0.91252,0.91308,0.91138,0.91159,3880,0,0
2020-11-16 04:00:00,0.91159,0.91239,0.91141,0.91234,3389,0,0
2020-11-16 08:00:00,0.91234,0.91236,0.90978,0.9112,8089,0,0
2020-11-16 12:00:00,0.9112,0.91516,0.91106,0.91418,15538,0,0
2020-11-16 16:00:00,0.91418,0.91456,0.91179,0.91221,9155,0,0
2020-11-16 20:00:00,0.91222,0.91292,0.91186,0.91249,3942,0,0
2020-11-17 00:00:00,0.91239,0.91281,0.91182,0.91212,2675,0,0
2020-11-17 04:00:00,0.91212,0.91273,0.91163,0.91248,2643,0,0
2020-11-17 08:00:00,0.91249,0.91285,0.90994,0.91066,8524,0,0
2020-11-17 12:00:00,0.91066,0.91133,0.90884,0.90936,9702,0,0
2020-11-17 16:00:00,0.90937,0.91158,0.90923,0.91068,10707,0,0
2020-11-17 20:00:00,0.91068,0.91166,0.91033,0.91148,4141,0,0
2020-11-18 00:00:00,0.91133,0.91195,0.91109,0.91141,3095,0,0
2020-11-18 04:00:00,0.91141,0.91153,0.91013,0.91047,3286,0,0
2020-11-18 08:00:00,0.91047,0.91126,0.90972,0.90975,9424,0,0
2020-11-18 12:00:00,0.90976,0.91228,0.90973,0.91166,11004,0,0
2020-11-18 16:00:00,0.91166,0.91201,0.9092,0.90972,10638,0,0
2020-11-18 20:00:00,0.90974,0.9116,0.90959,0.91103,5800,0,0
2020-11-19 00:00:00,0.91148,0.91252,0.91094,0.9116,4242,0,0
2020-11-19 04:00:00,0.9116,0.91176,0.91085,0.91108,3161,0,0
2020-11-19 08:00:00,0.91108,0.91384,0.91041,0.91366,10805,0,0
2020-11-19 12:00:00,0.91366,0.91396,0.91166,0.91248,10792,0,0
2020-11-19 16:00:00,0.91248,0.91391,0.91138,0.91222,10213,0,0
2020-11-19 20:00:00,0.91222,0.91223,0.91,0.9106,4709,0,0
2020-11-20 00:00:00,0.91048,0.91118,0.9102,0.91032,2759,0,0
2020-11-20 04:00:00,0.91032,0.91073,0.90945,0.90958,3633,0,0
2020-11-20 08:00:00,0.9096,0.91105,0.90918,0.91096,9671,0,0
2020-11-20 12:00:00,0.91096,0.91233,0.91052,0.91058,9742,0,0
2020-11-20 16:00:00,0.91058,0.91192,0.90966,0.91176,8856,0,0
2020-11-20 20:00:00,0.91177,0.91211,0.91074,0.91089,3739,0,0
2020-11-23 00:00:00,0.91075,0.91136,0.90981,0.91004,4113,0,0
2020-11-23 04:00:00,0.91006,0.9104,0.90979,0.90981,1813,0,0
2020-11-23 08:00:00,0.90981,0.91099,0.90965,0.91068,8307,0,0
2020-11-23 12:00:00,0.91068,0.91088,0.9077,0.90776,9821,0,0
2020-11-23 16:00:00,0.90776,0.91481,0.90765,0.91213,15399,0,0
2020-11-23 20:00:00,0.91213,0.91304,0.91182,0.91244,5403,0,0
2020-11-24 00:00:00,0.91306,0.91306,0.91187,0.91244,3839,0,0
2020-11-24 04:00:00,0.91244,0.91285,0.91161,0.91175,4172,0,0
2020-11-24 08:00:00,0.91173,0.91228,0.90977,0.91112,8272,0,0
2020-11-24 12:00:00,0.91112,0.91366,0.91085,0.9125,11194,0,0
2020-11-24 16:00:00,0.91251,0.9134,0.91109,0.91252,12936,0,0
2020-11-24 20:00:00,0.91252,0.91283,0.91101,0.91121,5467,0,0
2020-11-25 00:00:00,0.91122,0.91147,0.91035,0.91094,3343,0,0
2020-11-25 04:00:00,0.91095,0.91136,0.91063,0.91121,5073,0,0
2020-11-25 08:00:00,0.91121,0.91392,0.90992,0.91223,11531,0,0
2020-11-25 12:00:00,0.91224,0.91285,0.91007,0.9106,10741,0,0
2020-11-25 16:00:00,0.9106,0.91121,0.90785,0.90812,13422,0,0
2020-11-25 20:00:00,0.90812,0.90885,0.90781,0.90836,5635,0,0
2020-11-26 00:00:00,0.90774,0.90852,0.9073,0.90746,2619,0,0
2020-11-26 04:00:00,0.90746,0.90755,0.90673,0.90701,3326,0,0
2020-11-26 08:00:00,0.90701,0.90898,0.90647,0.90888,7566,0,0
2020-11-26 12:00:00,0.9089,0.90936,0.90758,0.90834,8447,0,0
2020-11-26 16:00:00,0.90832,0.90883,0.90605,0.90665,5918,0,0
2020-11-26 20:00:00,0.90669,0.90688,0.90594,0.906,2475,0,0
2020-11-27 00:00:00,0.90606,0.90672,0.90598,0.90638,1778,0,0
2020-11-27 04:00:00,0.90638,0.90658,0.90551,0.90561,2067,0,0
2020-11-27 08:00:00,0.90561,0.90772,0.90553,0.90677,7128,0,0
2020-11-27 12:00:00,0.90677,0.90828,0.90628,0.9067,8913,0,0
2020-11-27 16:00:00,0.90671,0.90718,0.90405,0.905,10480,0,0
2020-11-27 20:00:00,0.90501,0.90558,0.90446,0.9045,4123,0,0
2020-11-30 00:00:00,0.90395,0.90469,0.9035,0.90355,2986,0,0
2020-11-30 04:00:00,0.90355,0.90397,0.90288,0.90299,3122,0,0
2020-11-30 08:00:00,0.90299,0.90347,0.90194,0.90326,8993,0,0
2020-11-30 12:00:00,0.90326,0.90526,0.90294,0.90494,8580,0,0
2020-11-30 16:00:00,0.90494,0.90656,0.9033,0.90577,15537,0,0
2020-11-30 20:00:00,0.90577,0.9093,0.9054,0.9087,5275,0,0
2020-12-01 00:00:00,0.9086,0.90879,0.9046,0.90756,4673,0,0
2020-12-01 04:00:00,0.90756,0.90772,0.90694,0.90717,2280,0,0
2020-12-01 08:00:00,0.90717,0.90745,0.90552,0.90635,8671,0,0
2020-12-01 12:00:00,0.90635,0.9068,0.9037,0.90382,9704,0,0
2020-12-01 16:00:00,0.90387,0.90529,0.89984,0.90039,15016,0,0
2020-12-01 20:00:00,0.90039,0.90099,0.89942,0.89989,5649,0,0
2020-12-02 00:00:00,0.89935,0.89988,0.899,0.8993,2934,0,0
2020-12-02 04:00:00,0.8993,0.89986,0.89834,0.8998,3384,0,0
2020-12-02 08:00:00,0.8998,0.90135,0.89895,0.90078,11114,0,0
2020-12-02 12:00:00,0.90079,0.90083,0.89586,0.89661,11554,0,0
2020-12-02 16:00:00,0.8966,0.89678,0.89436,0.89623,12926,0,0
2020-12-02 20:00:00,0.89623,0.89654,0.89459,0.89472,4938,0,0
2020-12-03 00:00:00,0.89457,0.89538,0.89414,0.89466,2432,0,0
2020-12-03 04:00:00,0.89466,0.89473,0.89368,0.89381,2711,0,0
2020-12-03 08:00:00,0.89381,0.8948,0.89255,0.89407,9485,0,0
2020-12-03 12:00:00,0.89407,0.89439,0.8906,0.89152,10953,0,0
2020-12-03 16:00:00,0.89152,0.89181,0.88914,0.8914,11497,0,0
2020-12-03 20:00:00,0.8914,0.89241,0.89063,0.89067,4956,0,0
2020-12-04 00:00:00,0.89148,0.89164,0.8901,0.89103,2372,0,0
2020-12-04 04:00:00,0.89103,0.89128,0.89054,0.89061,2873,0,0
2020-12-04 08:00:00,0.89061,0.89172,0.89001,0.89149,8409,0,0
2020-12-04 12:00:00,0.89149,0.8917,0.88858,0.8906,11474,0,0
2020-12-04 16:00:00,0.8906,0.89141,0.88866,0.89036,11580,0,0
2020-12-04 20:00:00,0.89036,0.89232,0.89008,0.89184,4905,0,0
2020-12-07 00:00:00,0.8905,0.89196,0.8905,0.89072,4523,0,0
2020-12-07 04:00:00,0.89072,0.891,0.89047,0.89092,2213,0,0
2020-12-07 08:00:00,0.89092,0.89467,0.89077,0.89338,10542,0,0
2020-12-07 12:00:00,0.89336,0.89384,0.88969,0.88974,11115,0,0
2020-12-07 16:00:00,0.88974,0.89011,0.88753,0.8894,10596,0,0
2020-12-07 20:00:00,0.88939,0.89107,0.88939,0.89097,6350,0,0
2020-12-08 00:00:00,0.89002,0.8913,0.89002,0.89108,2188,0,0
2020-12-08 04:00:00,0.89108,0.89126,0.8908,0.89088,2383,0,0
2020-12-08 08:00:00,0.89088,0.89141,0.88915,0.88928,8587,0,0
2020-12-08 12:00:00,0.88928,0.89056,0.88874,0.88936,11463,0,0
2020-12-08 16:00:00,0.88936,0.88987,0.88816,0.88861,11461,0,0
2020-12-08 20:00:00,0.88861,0.88938,0.88837,0.88901,4168,0,0
2020-12-09 00:00:00,0.88885,0.88919,0.88859,0.8889,1849,0,0
2020-12-09 04:00:00,0.8889,0.88896,0.88779,0.88779,2641,0,0
2020-12-09 08:00:00,0.88779,0.88889,0.88713,0.8882,7149,0,0
2020-12-09 12:00:00,0.8882,0.88976,0.88742,0.88809,9003,0,0
2020-12-09 16:00:00,0.8881,0.89146,0.88783,0.89048,11415,0,0
2020-12-09 20:00:00,0.89048,0.89115,0.8891,0.88951,5807,0,0
2020-12-10 00:00:00,0.88936,0.88962,0.8883,0.88935,1943,0,0
2020-12-10 04:00:00,0.88935,0.88959,0.88863,0.88886,2481,0,0
2020-12-10 08:00:00,0.88886,0.89016,0.88853,0.88898,7952,0,0
2020-12-10 12:00:00,0.88898,0.88968,0.88634,0.88701,11660,0,0
2020-12-10 16:00:00,0.88701,0.88853,0.88521,0.88794,15486,0,0
2020-12-10 20:00:00,0.88794,0.88846,0.88584,0.88592,6039,0,0
2020-12-11 00:00:00,0.88599,0.88627,0.88514,0.88546,2231,0,0
2020-12-11 04:00:00,0.88546,0.88582,0.88533,0.88547,2406,0,0
2020-12-11 08:00:00,0.88547,0.88754,0.88533,0.8872,8512,0,0
2020-12-11 12:00:00,0.8872,0.88986,0.88665,0.88975,10877,0,0
2020-12-11 16:00:00,0.88975,0.89092,0.88848,0.88958,11295,0,0
2020-12-11 20:00:00,0.88958,0.88982,0.88918,0.88954,3531,0,0
2020-12-14 00:00:00,0.88822,0.88958,0.88782,0.88926,3131,0,0
2020-12-14 04:00:00,0.88926,0.88926,0.88855,0.88878,2103,0,0
2020-12-14 08:00:00,0.88878,0.88884,0.88541,0.88555,6358,0,0
2020-12-14 12:00:00,0.88555,0.88672,0.88503,0.88554,8223,0,0
2020-12-14 16:00:00,0.88554,0.88885,0.88554,0.8861,11752,0,0
2020-12-14 20:00:00,0.8861,0.88717,0.88606,0.88694,4110,0,0
2020-12-15 00:00:00,0.88616,0.88703,0.88592,0.8864,3432,0,0
2020-12-15 04:00:00,0.8864,0.88702,0.88572,0.88644,3328,0,0
2020-12-15 08:00:00,0.88644,0.88808,0.88504,0.8859,8163,0,0
2020-12-15 12:00:00,0.8859,0.888,0.8853,0.8873,9574,0,0
2020-12-15 16:00:00,0.8873,0.88759,0.88571,0.88588,10532,0,0
2020-12-15 20:00:00,0.88588,0.88634,0.8851,0.88566,4600,0,0
2020-12-16 00:00:00,0.88572,0.88618,0.88526,0.88604,1765,0,0
2020-12-16 04:00:00,0.88603,0.88606,0.88521,0.88539,2118,0,0
2020-12-16 08:00:00,0.88539,0.88594,0.88259,0.88307,9389,0,0
2020-12-16 12:00:00,0.88306,0.88567,0.88262,0.88567,10777,0,0
2020-12-16 16:00:00,0.88566,0.8871,0.88397,0.88692,11111,0,0
2020-12-16 20:00:00,0.88693,0.88923,0.88483,0.885,10959,0,0
2020-12-17 00:00:00,0.88517,0.88581,0.88402,0.88511,3099,0,0
2020-12-17 04:00:00,0.88511,0.8852,0.88376,0.88414,3215,0,0
2020-12-17 08:00:00,0.88414,0.88472,0.88224,0.88245,8977,0,0
2020-12-17 12:00:00,0.88245,0.88422,0.88238,0.88415,9386,0,0
2020-12-17 16:00:00,0.88415,0.88573,0.88296,0.88436,10908,0,0
2020-12-17 20:00:00,0.88437,0.88511,0.88389,0.88411,4923,0,0
2020-12-18 00:00:00,0.88446,0.88536,0.88386,0.88444,2918,0,0
2020-12-18 04:00:00,0.88444,0.88529,0.8842,0.88482,3047,0,0
2020-12-18 08:00:00,0.88482,0.88569,0.88392,0.88496,7049,0,0
2020-12-18 12:00:00,0.88496,0.88535,0.88255,0.88488,8988,0,0
2020-12-18 16:00:00,0.88488,0.88682,0.88463,0.88482,10818,0,0
2020-12-18 20:00:00,0.88482,0.88489,0.88285,0.88307,4568,0,0
2020-12-21 00:00:00,0.88449,0.88598,0.8839,0.88558,4483,0,0
2020-12-21 04:00:00,0.88559,0.88692,0.88523,0.88639,5075,0,0
2020-12-21 08:00:00,0.88639,0.8887,0.88425,0.8885,13957,0,0
2020-12-21 12:00:00,0.8885,0.89192,0.8858,0.88724,19597,0,0
2020-12-21 16:00:00,0.88724,0.88853,0.8853,0.88542,13102,0,0
2020-12-21 20:00:00,0.88542,0.886,0.88451,0.88563,7017,0,0
2020-12-22 00:00:00,0.88569,0.88663,0.88517,0.88639,3227,0,0
2020-12-22 04:00:00,0.88639,0.88698,0.88586,0.88695,3505,0,0
2020-12-22 08:00:00,0.88695,0.88807,0.88614,0.88693,8425,0,0
2020-12-22 12:00:00,0.88693,0.88715,0.88452,0.88548,11960,0,0
2020-12-22 16:00:00,0.88549,0.88966,0.88492,0.8891,15885,0,0
2020-12-22 20:00:00,0.8891,0.89048,0.88901,0.8894,5304,0,0
2020-12-23 00:00:00,0.88941,0.88977,0.88782,0.88832,6005,0,0
2020-12-23 04:00:00,0.88832,0.88866,0.88752,0.88782,4632,0,0
2020-12-23 08:00:00,0.88782,0.88964,0.88773,0.88924,6962,0,0
2020-12-23 12:00:00,0.88924,0.89112,0.88861,0.89044,9535,0,0
2020-12-23 16:00:00,0.89045,0.89064,0.88678,0.88828,16088,0,0
2020-12-23 20:00:00,0.88827,0.88938,0.88757,0.88821,5888,0,0
2020-12-24 00:00:00,0.88788,0.88835,0.88695,0.88741,3619,0,0
2020-12-24 04:00:00,0.88741,0.88779,0.88687,0.88754,3649,0,0
2020-12-24 08:00:00,0.88754,0.88914,0.88741,0.88885,6259,0,0
2020-12-24 12:00:00,0.88887,0.89073,0.88802,0.89042,5649,0,0
2020-12-24 16:00:00,0.89043,0.89177,0.89012,0.89166,7780,0,0
2020-12-24 20:00:00,0.89166,0.89182,0.8904,0.89136,871,0,0
2020-12-28 00:00:00,0.88886,0.89099,0.88876,0.88989,5226,0,0
2020-12-28 04:00:00,0.88989,0.89014,0.88915,0.88916,3674,0,0
2020-12-28 08:00:00,0.88916,0.89008,0.88854,0.88876,7089,0,0
2020-12-28 12:00:00,0.88876,0.89189,0.88796,0.88942,9869,0,0
2020-12-28 16:00:00,0.88936,0.89013,0.88761,0.89007,9273,0,0
2020-12-28 20:00:00,0.89007,0.89019,0.88855,0.88869,4628,0,0
2020-12-29 00:00:00,0.8889,0.88924,0.88756,0.88832,3777,0,0
2020-12-29 04:00:00,0.88832,0.88843,0.88674,0.88717,4284,0,0
2020-12-29 08:00:00,0.88718,0.88734,0.88492,0.88549,6146,0,0
2020-12-29 12:00:00,0.88549,0.88783,0.88481,0.88557,8299,0,0
2020-12-29 16:00:00,0.88556,0.88569,0.88307,0.88453,11104,0,0
2020-12-29 20:00:00,0.88453,0.88496,0.88391,0.88404,5116,0,0
2020-12-30 00:00:00,0.88388,0.88421,0.882,0.88232,6046,0,0
2020-12-30 04:00:00,0.88232,0.88289,0.88151,0.88203,4270,0,0
2020-12-30 08:00:00,0.88203,0.88547,0.88191,0.88471,8343,0,0
2020-12-30 12:00:00,0.88471,0.88514,0.88246,0.88274,8729,0,0
2020-12-30 16:00:00,0.88274,0.88412,0.8817,0.88296,13231,0,0
2020-12-30 20:00:00,0.88296,0.88316,0.88118,0.88138,3988,0,0
2020-12-31 00:00:00,0.881,0.88179,0.88085,0.88119,2546,0,0
2020-12-31 04:00:00,0.88119,0.88241,0.88073,0.88198,4165,0,0
2020-12-31 08:00:00,0.88198,0.88222,0.88038,0.88128,8615,0,0
2020-12-31 12:00:00,0.88128,0.88192,0.87964,0.87973,8968,0,0
2020-12-31 16:00:00,0.87972,0.88526,0.87939,0.88514,11991,0,0
2020-12-31 20:00:00,0.88514,0.88566,0.88482,0.88554,1295,0,0
2021-01-04 00:00:00,0.88292,0.88435,0.88265,0.88359,4343,0,0
2021-01-04 04:00:00,0.88359,0.88458,0.88325,0.88361,4523,0,0
2021-01-04 08:00:00,0.88361,0.88441,0.87902,0.87976,9747,0,0
2021-01-04 12:00:00,0.87975,0.88036,0.87848,0.8795,10077,0,0
2021-01-04 16:00:00,0.8795,0.882,0.87883,0.88138,17174,0,0
2021-01-04 20:00:00,0.88138,0.88172,0.88061,0.88097,7215,0,0
2021-01-05 00:00:00,0.88124,0.88166,0.88068,0.88142,3902,0,0
2021-01-05 04:00:00,0.88142,0.88154,0.8799,0.88034,5001,0,0
2021-01-05 08:00:00,0.88034,0.88115,0.87895,0.88008,9596,0,0
2021-01-05 12:00:00,0.88008,0.88102,0.87918,0.88042,10330,0,0
2021-01-05 16:00:00,0.88043,0.88094,0.87762,0.87794,16186,0,0
2021-01-05 20:00:00,0.87794,0.87883,0.87758,0.87832,5759,0,0
2021-01-06 00:00:00,0.87835,0.87951,0.87702,0.87905,7873,0,0
2021-01-06 04:00:00,0.87905,0.87982,0.87778,0.87851,8389,0,0
2021-01-06 08:00:00,0.87851,0.87853,0.87601,0.87678,13034,0,0
2021-01-06 12:00:00,0.87678,0.87922,0.87578,0.87921,12710,0,0
2021-01-06 16:00:00,0.87921,0.88216,0.87901,0.8809,18379,0,0
2021-01-06 20:00:00,0.8809,0.88102,0.87802,0.87844,12893,0,0
2021-01-07 00:00:00,0.87835,0.87874,0.87746,0.87864,5173,0,0
2021-01-07 04:00:00,0.87864,0.87948,0.87838,0.8794,5057,0,0
2021-01-07 08:00:00,0.8794,0.88354,0.87859,0.88318,12962,0,0
2021-01-07 12:00:00,0.88318,0.88454,0.8823,0.88268,14290,0,0
2021-01-07 16:00:00,0.88268,0.8861,0.88211,0.88476,17395,0,0
2021-01-07 20:00:00,0.88476,0.88555,0.88449,0.8854,6817,0,0
2021-01-08 00:00:00,0.88456,0.8872,0.88414,0.88639,5467,0,0
2021-01-08 04:00:00,0.88639,0.88668,0.8851,0.88568,5716,0,0
2021-01-08 08:00:00,0.88568,0.88847,0.88506,0.88587,13306,0,0
2021-01-08 12:00:00,0.88587,0.88629,0.88224,0.88279,14116,0,0
2021-01-08 16:00:00,0.88279,0.88635,0.8825,0.88597,21815,0,0
2021-01-08 20:00:00,0.88599,0.88763,0.88506,0.88544,9207,0,0
2021-01-11 00:00:00,0.88478,0.88883,0.88438,0.88857,6760,0,0
2021-01-11 04:00:00,0.88857,0.889,0.8882,0.88823,5285,0,0
2021-01-11 08:00:00,0.88823,0.88986,0.88688,0.88963,12831,0,0
2021-01-11 12:00:00,0.88963,0.89204,0.88941,0.89163,12357,0,0
2021-01-11 16:00:00,0.89163,0.89203,0.8886,0.88921,16859,0,0
2021-01-11 20:00:00,0.88921,0.89045,0.88868,0.89035,5989,0,0
2021-01-12 00:00:00,0.89025,0.89132,0.88961,0.89079,4478,0,0
2021-01-12 04:00:00,0.89079,0.89163,0.89058,0.89068,4097,0,0
2021-01-12 08:00:00,0.89068,0.89094,0.88904,0.8899,11159,0,0
2021-01-12 12:00:00,0.88991,0.89068,0.88892,0.8902,11764,0,0
2021-01-12 16:00:00,0.89019,0.89082,0.88886,0.88901,13319,0,0
2021-01-12 20:00:00,0.88902,0.88919,0.8861,0.88646,8164,0,0
2021-01-13 00:00:00,0.88629,0.88672,0.88566,0.88583,3905,0,0
2021-01-13 04:00:00,0.88583,0.88629,0.88559,0.8861,3621,0,0
2021-01-13 08:00:00,0.8861,0.88831,0.88494,0.8873,9900,0,0
2021-01-13 12:00:00,0.8873,0.88894,0.88699,0.88836,11905,0,0
2021-01-13 16:00:00,0.88836,0.88876,0.88554,0.88722,14631,0,0
2021-01-13 20:00:00,0.8872,0.88814,0.88643,0.88758,6334,0,0
2021-01-14 00:00:00,0.88752,0.88782,0.88668,0.88714,4153,0,0
2021-01-14 04:00:00,0.88714,0.88921,0.8871,0.88727,8430,0,0
2021-01-14 08:00:00,0.88728,0.88834,0.88644,0.88725,11380,0,0
2021-01-14 12:00:00,0.88725,0.89174,0.88713,0.89038,13434,0,0
2021-01-14 16:00:00,0.89038,0.89063,0.88559,0.88636,15876,0,0
2021-01-14 20:00:00,0.88636,0.88828,0.88627,0.88815,8744,0,0
2021-01-15 00:00:00,0.88817,0.88848,0.88757,0.88822,4180,0,0
2021-01-15 04:00:00,0.88822,0.88955,0.88792,0.88918,4889,0,0
2021-01-15 08:00:00,0.88918,0.88937,0.88727,0.88735,10512,0,0
2021-01-15 12:00:00,0.88735,0.88903,0.88695,0.88815,11861,0,0
2021-01-15 16:00:00,0.88815,0.89055,0.88801,0.88997,16311,0,0
2021-01-15 20:00:00,0.88997,0.8915,0.88997,0.89129,5790,0,0
2021-01-18 00:00:00,0.89,0.8926,0.88949,0.89105,5669,0,0
2021-01-18 04:00:00,0.89105,0.89214,0.89078,0.89138,4934,0,0
2021-01-18 08:00:00,0.89138,0.89245,0.89084,0.89138,10452,0,0
2021-01-18 12:00:00,0.89139,0.89206,0.88983,0.89122,9578,0,0
2021-01-18 16:00:00,0.89122,0.8917,0.89036,0.89126,6278,0,0
2021-01-18 20:00:00,0.89126,0.89128,0.89016,0.89062,4150,0,0
2021-01-19 00:00:00,0.89045,0.89117,0.89018,0.89046,3838,0,0
2021-01-19 04:00:00,0.89046,0.89126,0.89014,0.89087,4033,0,0
2021-01-19 08:00:00,0.89087,0.89166,0.88801,0.88814,10422,0,0
2021-01-19 12:00:00,0.88811,0.8885,0.88642,0.88736,11128,0,0
2021-01-19 16:00:00,0.8874,0.88924,0.88695,0.88896,11974,0,0
2021-01-19 20:00:00,0.88896,0.88945,0.88841,0.88862,4787,0,0
2021-01-20 00:00:00,0.88832,0.88874,0.88748,0.8878,4518,0,0
2021-01-20 04:00:00,0.8878,0.88813,0.88738,0.88787,3989,0,0
2021-01-20 08:00:00,0.88787,0.88914,0.88672,0.88863,10364,0,0
2021-01-20 12:00:00,0.88863,0.89107,0.88861,0.89017,11074,0,0
2021-01-20 16:00:00,0.89017,0.89205,0.88862,0.89026,13973,0,0
2021-01-20 20:00:00,0.89026,0.89042,0.88942,0.8897,4855,0,0
2021-01-21 00:00:00,0.8894,0.89005,0.88851,0.88891,4217,0,0
2021-01-21 04:00:00,0.88891,0.88911,0.88827,0.8886,3883,0,0
2021-01-21 08:00:00,0.8886,0.8897,0.88629,0.88738,9172,0,0
2021-01-21 12:00:00,0.88738,0.88812,0.88512,0.88695,12072,0,0
2021-01-21 16:00:00,0.88695,0.88749,0.88478,0.88634,13720,0,0
2021-01-21 20:00:00,0.88634,0.8864,0.88486,0.88518,4212,0,0
2021-01-22 00:00:00,0.88491,0.88567,0.88444,0.88519,3653,0,0
2021-01-22 04:00:00,0.88519,0.88536,0.88467,0.88503,2924,0,0
2021-01-22 08:00:00,0.88503,0.88624,0.88385,0.88487,10357,0,0
2021-01-22 12:00:00,0.88488,0.88631,0.88434,0.88582,9730,0,0
2021-01-22 16:00:00,0.88582,0.88663,0.88432,0.88595,11568,0,0
2021-01-22 20:00:00,0.88595,0.88619,0.88508,0.88516,5295,0,0
2021-01-25 00:00:00,0.88487,0.88614,0.88471,0.88587,4113,0,0
2021-01-25 04:00:00,0.88587,0.88587,0.8849,0.88495,3232,0,0
2021-01-25 08:00:00,0.88495,0.88741,0.88479,0.88715,11556,0,0
2021-01-25 12:00:00,0.88715,0.88768,0.88606,0.88715,11068,0,0
2021-01-25 16:00:00,0.88712,0.88928,0.88675,0.88802,15195,0,0
2021-01-25 20:00:00,0.88802,0.88845,0.88784,0.88815,4617,0,0
2021-01-26 00:00:00,0.88821,0.88865,0.88769,0.88785,2466,0,0
2021-01-26 04:00:00,0.88785,0.88899,0.88776,0.88874,4207,0,0
2021-01-26 08:00:00,0.88874,0.8896,0.88817,0.88921,11145,0,0
2021-01-26 12:00:00,0.88921,0.88951,0.88747,0.88784,10277,0,0
2021-01-26 16:00:00,0.88784,0.88853,0.88669,0.88718,12013,0,0
2021-01-26 20:00:00,0.88718,0.88722,0.88609,0.88676,4507,0,0
2021-01-27 00:00:00,0.88621,0.88692,0.88601,0.88661,3230,0,0
2021-01-27 04:00:00,0.88661,0.88707,0.88621,0.88635,3781,0,0
2021-01-27 08:00:00,0.88635,0.88895,0.88617,0.88842,10521,0,0
2021-01-27 12:00:00,0.88842,0.88961,0.88739,0.88866,11788,0,0
2021-01-27 16:00:00,0.88866,0.89176,0.88795,0.88804,19891,0,0
2021-01-27 20:00:00,0.88804,0.88963,0.88741,0.88857,14019,0,0
2021-01-28 00:00:00,0.88848,0.89041,0.88828,0.88943,6125,0,0
2021-01-28 04:00:00,0.88945,0.88983,0.8887,0.8887,6866,0,0
2021-01-28 08:00:00,0.8887,0.89075,0.88845,0.88962,14080,0,0
2021-01-28 12:00:00,0.88962,0.89188,0.88905,0.88914,14220,0,0
2021-01-28 16:00:00,0.88913,0.88948,0.88693,0.88826,16916,0,0
2021-01-28 20:00:00,0.88826,0.88882,0.8873,0.88858,6834,0,0
2021-01-29 00:00:00,0.88857,0.88962,0.8875,0.88929,4216,0,0
2021-01-29 04:00:00,0.88928,0.89008,0.8892,0.88947,4589,0,0
2021-01-29 08:00:00,0.88947,0.89016,0.88839,0.88934,13232,0,0
2021-01-29 12:00:00,0.88935,0.88999,0.88752,0.88805,15790,0,0
2021-01-29 16:00:00,0.88804,0.89081,0.88745,0.89053,17345,0,0
2021-01-29 20:00:00,0.89054,0.89119,0.89018,0.89081,7984,0,0
2021-02-01 00:00:00,0.88962,0.89193,0.88962,0.89118,6993,0,0
2021-02-01 04:00:00,0.89118,0.89219,0.89109,0.89178,4215,0,0
2021-02-01 08:00:00,0.89178,0.89574,0.89133,0.89481,14243,0,0
2021-02-01 12:00:00,0.89484,0.8965,0.89456,0.89578,12966,0,0
2021-02-01 16:00:00,0.89578,0.89689,0.89418,0.89648,14463,0,0
2021-02-01 20:00:00,0.89648,0.89728,0.89588,0.89705,6577,0,0
2021-02-02 00:00:00,0.8968,0.89707,0.89549,0.89585,4578,0,0
2021-02-02 04:00:00,0.89585,0.8968,0.89569,0.89643,6284,0,0
2021-02-02 08:00:00,0.89643,0.89764,0.89471,0.89619,11102,0,0
2021-02-02 12:00:00,0.89619,0.89843,0.89604,0.89719,12769,0,0
2021-02-02 16:00:00,0.89721,0.89954,0.89708,0.89881,14859,0,0
2021-02-02 20:00:00,0.8988,0.89896,0.89734,0.89745,6663,0,0
2021-02-03 00:00:00,0.89729,0.89802,0.89704,0.89723,4235,0,0
2021-02-03 04:00:00,0.89723,0.89796,0.8972,0.89774,3149,0,0
2021-02-03 08:00:00,0.89774,0.89994,0.89772,0.89884,9426,0,0
2021-02-03 12:00:00,0.89882,0.90006,0.89847,0.89875,10508,0,0
2021-02-03 16:00:00,0.89875,0.90028,0.89813,0.8993,12311,0,0
2021-02-03 20:00:00,0.8993,0.89965,0.89866,0.89902,4849,0,0
2021-02-04 00:00:00,0.89902,0.89924,0.89838,0.89914,3937,0,0
2021-02-04 04:00:00,0.89916,0.90035,0.89876,0.9,4315,0,0
2021-02-04 08:00:00,0.9,0.90265,0.9,0.90232,10896,0,0
2021-02-04 12:00:00,0.9023,0.90279,0.90143,0.90252,11241,0,0
2021-02-04 16:00:00,0.90252,0.90409,0.90232,0.90394,10269,0,0
2021-02-04 20:00:00,0.90394,0.90449,0.9036,0.90443,4294,0,0
2021-02-05 00:00:00,0.90402,0.90432,0.90358,0.9038,3040,0,0
2021-02-05 04:00:00,0.90379,0.90459,0.90372,0.90386,3976,0,0
2021-02-05 08:00:00,0.90385,0.90404,0.90191,0.90294,8407,0,0
2021-02-05 12:00:00,0.90294,0.90368,0.90045,0.90206,11973,0,0
2021-02-05 16:00:00,0.90206,0.90233,0.89923,0.89987,13010,0,0
2021-02-05 20:00:00,0.89986,0.89996,0.89876,0.89893,4940,0,0
2021-02-08 00:00:00,0.89882,0.90067,0.89842,0.89984,5516,0,0
2021-02-08 04:00:00,0.89984,0.90044,0.89948,0.8998,2519,0,0
2021-02-08 08:00:00,0.8998,0.9011,0.89917,0.90102,6529,0,0
2021-02-08 12:00:00,0.90102,0.90198,0.89998,0.90054,8520,0,0
2021-02-08 16:00:00,0.9006,0.9006,0.89822,0.89867,12227,0,0
2021-02-08 20:00:00,0.89867,0.89907,0.89844,0.89899,4236,0,0
2021-02-09 00:00:00,0.89792,0.89906,0.89768,0.89808,3495,0,0
2021-02-09 04:00:00,0.89808,0.89808,0.89616,0.89626,3914,0,0
2021-02-09 08:00:00,0.89626,0.89691,0.89312,0.89355,10709,0,0
2021-02-09 12:00:00,0.89355,0.89427,0.89294,0.89344,9971,0,0
2021-02-09 16:00:00,0.89342,0.89464,0.89263,0.89273,12071,0,0
2021-02-09 20:00:00,0.89273,0.89298,0.89195,0.89221,4626,0,0
2021-02-10 00:00:00,0.89228,0.89315,0.8918,0.89267,3148,0,0
2021-02-10 04:00:00,0.89267,0.89279,0.89141,0.89175,3215,0,0
2021-02-10 08:00:00,0.89175,0.89183,0.88979,0.8916,8565,0,0
2021-02-10 12:00:00,0.89161,0.89184,0.88948,0.89032,8985,0,0
2021-02-10 16:00:00,0.89032,0.891,0.88904,0.88925,13589,0,0
2021-02-10 20:00:00,0.88926,0.89058,0.88925,0.89025,5011,0,0
2021-02-11 00:00:00,0.88985,0.89076,0.88984,0.89022,1789,0,0
2021-02-11 04:00:00,0.89023,0.89045,0.88979,0.88989,2075,0,0
2021-02-11 08:00:00,0.88989,0.89077,0.88954,0.89006,5982,0,0
2021-02-11 12:00:00,0.89005,0.89076,0.88922,0.88976,6468,0,0
2021-02-11 16:00:00,0.88976,0.89104,0.88957,0.89062,10821,0,0
2021-02-11 20:00:00,0.89062,0.89086,0.88963,0.88993,5053,0,0
2021-02-12 00:00:00,0.89005,0.8904,0.88956,0.89027,2177,0,0
2021-02-12 04:00:00,0.89027,0.89079,0.8901,0.8902,2377,0,0
2021-02-12 08:00:00,0.8902,0.89278,0.89012,0.89236,6783,0,0
2021-02-12 12:00:00,0.89236,0.89398,0.89174,0.89369,8012,0,0
2021-02-12 16:00:00,0.89369,0.89399,0.89087,0.89148,10929,0,0
2021-02-12 20:00:00,0.89148,0.89222,0.89131,0.89187,3933,0,0
2021-02-15 00:00:00,0.8912,0.89249,0.89064,0.89145,3671,0,0
2021-02-15 04:00:00,0.89145,0.89162,0.89064,0.89074,2885,0,0
2021-02-15 08:00:00,0.89074,0.89154,0.89009,0.89063,6444,0,0
2021-02-15 12:00:00,0.89063,0.89104,0.88991,0.89083,4768,0,0
2021-02-15 16:00:00,0.89083,0.89107,0.88977,0.89026,4222,0,0
2021-02-15 20:00:00,0.89025,0.89032,0.88981,0.8902,2186,0,0
2021-02-16 00:00:00,0.88996,0.89026,0.88874,0.88898,3135,0,0
2021-02-16 04:00:00,0.88898,0.88922,0.88833,0.88897,3016,0,0
2021-02-16 08:00:00,0.88897,0.88981,0.88796,0.88853,7971,0,0
2021-02-16 12:00:00,0.88852,0.89198,0.88713,0.89183,9768,0,0
2021-02-16 16:00:00,0.89183,0.89304,0.89095,0.89236,13806,0,0
2021-02-16 20:00:00,0.89236,0.89281,0.89177,0.89279,3271,0,0
2021-02-17 00:00:00,0.89206,0.894,0.89133,0.89308,4525,0,0
2021-02-17 04:00:00,0.89308,0.89359,0.89272,0.89299,6369,0,0
2021-02-17 08:00:00,0.89299,0.89584,0.89298,0.89485,10019,0,0
2021-02-17 12:00:00,0.89485,0.89811,0.89456,0.89802,9806,0,0
2021-02-17 16:00:00,0.89802,0.89916,0.89696,0.89822,14595,0,0
2021-02-17 20:00:00,0.89822,0.89924,0.89817,0.89882,4757,0,0
2021-02-18 00:00:00,0.89857,0.89882,0.8978,0.89846,3701,0,0
2021-02-18 04:00:00,0.89846,0.89907,0.89839,0.89873,3756,0,0
2021-02-18 08:00:00,0.89876,0.89956,0.89637,0.89661,9925,0,0
2021-02-18 12:00:00,0.89661,0.89778,0.89573,0.89592,10634,0,0
2021-02-18 16:00:00,0.89592,0.89798,0.89582,0.89636,14291,0,0
2021-02-18 20:00:00,0.89636,0.89668,0.89573,0.89592,4820,0,0
2021-02-19 00:00:00,0.89579,0.89647,0.89523,0.89644,3966,0,0
2021-02-19 04:00:00,0.89645,0.89692,0.8961,0.89628,5100,0,0
2021-02-19 08:00:00,0.89628,0.8966,0.89338,0.89416,9346,0,0
2021-02-19 12:00:00,0.89416,0.89533,0.89341,0.89464,10785,0,0
2021-02-19 16:00:00,0.89464,0.89657,0.89426,0.89613,11865,0,0
2021-02-19 20:00:00,0.89613,0.89727,0.89596,0.89636,5651,0,0
2021-02-22 00:00:00,0.89612,0.89744,0.89506,0.89669,5642,0,0
2021-02-22 04:00:00,0.89669,0.89816,0.89667,0.89814,5384,0,0
2021-02-22 08:00:00,0.89814,0.90239,0.8977,0.89936,12624,0,0
2021-02-22 12:00:00,0.89935,0.89957,0.89586,0.89622,11763,0,0
2021-02-22 16:00:00,0.89622,0.89718,0.89485,0.89536,16139,0,0
2021-02-22 20:00:00,0.89536,0.8966,0.89536,0.89605,4811,0,0
2021-02-23 00:00:00,0.89589,0.89611,0.89494,0.89503,4163,0,0
2021-02-23 04:00:00,0.89503,0.89588,0.89488,0.8957,4218,0,0
2021-02-23 08:00:00,0.8957,0.9013,0.89534,0.89955,11095,0,0
2021-02-23 12:00:00,0.89955,0.90158,0.89955,0.90055,12772,0,0
2021-02-23 16:00:00,0.90054,0.90388,0.89944,0.90387,18288,0,0
2021-02-23 20:00:00,0.90387,0.90574,0.90335,0.90523,5569,0,0
2021-02-24 00:00:00,0.90504,0.90645,0.90376,0.90583,7675,0,0
2021-02-24 04:00:00,0.90584,0.90695,0.90529,0.90678,8226,0,0
2021-02-24 08:00:00,0.90678,0.90857,0.90485,0.9068,14842,0,0
2021-02-24 12:00:00,0.9068,0.90851,0.90579,0.9077,15090,0,0
2021-02-24 16:00:00,0.90771,0.90948,0.90711,0.90766,18911,0,0
2021-02-24 20:00:00,0.90766,0.90785,0.90641,0.90656,8221,0,0
2021-02-25 00:00:00,0.90649,0.90755,0.90639,0.90746,6978,0,0
2021-02-25 04:00:00,0.90746,0.90747,0.90586,0.90605,7486,0,0
2021-02-25 08:00:00,0.90605,0.90671,0.90423,0.90614,12396,0,0
2021-02-25 12:00:00,0.90614,0.90815,0.90459,0.90668,15210,0,0
2021-02-25 16:00:00,0.90668,0.90722,0.90282,0.90477,22286,0,0
2021-02-25 20:00:00,0.90476,0.90647,0.90355,0.90475,25660,0,0
2021-02-26 00:00:00,0.90474,0.90666,0.90358,0.90535,16113,0,0
2021-02-26 04:00:00,0.90535,0.90639,0.90417,0.90566,15649,0,0
2021-02-26 08:00:00,0.90566,0.90586,0.90268,0.90422,17909,0,0
2021-02-26 12:00:00,0.90424,0.90691,0.9039,0.90599,19525,0,0
2021-02-26 16:00:00,0.90598,0.91019,0.90451,0.90984,25784,0,0
2021-02-26 20:00:00,0.90986,0.91001,0.90844,0.90857,11051,0,0
2021-03-01 00:00:00,0.90812,0.90874,0.90709,0.90834,8291,0,0
2021-03-01 04:00:00,0.90834,0.90895,0.90788,0.90846,9642,0,0
2021-03-01 08:00:00,0.90846,0.91186,0.90794,0.91166,13362,0,0
2021-03-01 12:00:00,0.91167,0.91493,0.91163,0.91426,14465,0,0
2021-03-01 16:00:00,0.91425,0.91574,0.9125,0.91472,17947,0,0
2021-03-01 20:00:00,0.91472,0.91594,0.91468,0.91484,6004,0,0
2021-03-02 00:00:00,0.9151,0.91619,0.91409,0.91586,5631,0,0
2021-03-02 04:00:00,0.91586,0.91643,0.91517,0.91597,11085,0,0
2021-03-02 08:00:00,0.91597,0.91939,0.91567,0.91851,12979,0,0
2021-03-02 12:00:00,0.91846,0.9189,0.91678,0.91802,14308,0,0
2021-03-02 16:00:00,0.91802,0.91836,0.9138,0.91416,15284,0,0
2021-03-02 20:00:00,0.91416,0.91472,0.91363,0.91446,5115,0,0
2021-03-03 00:00:00,0.91495,0.91531,0.91442,0.91504,4713,0,0
2021-03-03 04:00:00,0.91503,0.91551,0.91495,0.91523,5343,0,0
2021-03-03 08:00:00,0.91523,0.91734,0.91404,0.91533,12353,0,0
2021-03-03 12:00:00,0.91534,0.91884,0.9149,0.91735,13962,0,0
2021-03-03 16:00:00,0.91735,0.91874,0.91672,0.91848,16763,0,0
2021-03-03 20:00:00,0.91848,0.92,0.91791,0.91997,8477,0,0
2021-03-04 00:00:00,0.91984,0.92012,0.91854,0.91933,7954,0,0
2021-03-04 04:00:00,0.91934,0.91998,0.91894,0.91934,12199,0,0
2021-03-04 08:00:00,0.91934,0.92375,0.91905,0.92301,14344,0,0
2021-03-04 12:00:00,0.92302,0.92538,0.92202,0.92401,13669,0,0
2021-03-04 16:00:00,0.92401,0.92874,0.92328,0.92858,21804,0,0
2021-03-04 20:00:00,0.92857,0.9298,0.92815,0.92885,17579,0,0
2021-03-05 00:00:00,0.92868,0.92965,0.92815,0.92893,8389,0,0
2021-03-05 04:00:00,0.92893,0.92949,0.92854,0.92907,16045,0,0
2021-03-05 08:00:00,0.92907,0.93112,0.92877,0.92927,14312,0,0
2021-03-05 12:00:00,0.92927,0.93068,0.92638,0.92852,16780,0,0
2021-03-05 16:00:00,0.92853,0.93191,0.92578,0.93113,24897,0,0
2021-03-05 20:00:00,0.93113,0.93163,0.93023,0.93118,8023,0,0
2021-03-08 00:00:00,0.92832,0.9308,0.92832,0.93058,8484,0,0
2021-03-08 04:00:00,0.93058,0.93197,0.93049,0.9317,7795,0,0
2021-03-08 08:00:00,0.9317,0.93467,0.93164,0.93357,13330,0,0
2021-03-08 12:00:00,0.93355,0.93526,0.93267,0.93395,13465,0,0
2021-03-08 16:00:00,0.93395,0.93602,0.93282,0.93553,18064,0,0
2021-03-08 20:00:00,0.93552,0.93699,0.93464,0.93679,7492,0,0
2021-03-09 00:00:00,0.93564,0.93754,0.93527,0.93735,7001,0,0
2021-03-09 04:00:00,0.93736,0.93739,0.93543,0.93598,13798,0,0
2021-03-09 08:00:00,0.93598,0.93613,0.93301,0.93311,18757,0,0
2021-03-09 12:00:00,0.93311,0.93324,0.93041,0.93143,14459,0,0
2021-03-09 16:00:00,0.93143,0.93194,0.92824,0.92857,15863,0,0
2021-03-09 20:00:00,0.92857,0.92884,0.92778,0.92781,7867,0,0
2021-03-10 00:00:00,0.92768,0.92989,0.92737,0.92966,4993,0,0
2021-03-10 04:00:00,0.92965,0.93051,0.92949,0.93019,6701,0,0
2021-03-10 08:00:00,0.93019,0.93061,0.92849,0.92941,13443,0,0
2021-03-10 12:00:00,0.92941,0.93179,0.92892,0.92916,17671,0,0
2021-03-10 16:00:00,0.92916,0.93233,0.92808,0.93069,17645,0,0
2021-03-10 20:00:00,0.9307,0.93126,0.92913,0.92965,8778,0,0
2021-03-11 00:00:00,0.92953,0.9309,0.92897,0.93082,4998,0,0
2021-03-11 04:00:00,0.93082,0.93082,0.92977,0.93047,6099,0,0
2021-03-11 08:00:00,0.93047,0.93083,0.9244,0.92507,12793,0,0
2021-03-11 12:00:00,0.92507,0.92606,0.9244,0.92565,14614,0,0
2021-03-11 16:00:00,0.92565,0.92784,0.92443,0.9253,14900,0,0
2021-03-11 20:00:00,0.92529,0.92531,0.92345,0.92463,6712,0,0
2021-03-12 00:00:00,0.92333,0.92512,0.92333,0.92483,3841,0,0
2021-03-12 04:00:00,0.92483,0.92675,0.92481,0.92659,6846,0,0
2021-03-12 08:00:00,0.92658,0.93213,0.92655,0.93108,12854,0,0
2021-03-12 12:00:00,0.93108,0.93148,0.92918,0.93104,10533,0,0
2021-03-12 16:00:00,0.93101,0.93251,0.92782,0.92894,16428,0,0
2021-03-12 20:00:00,0.92894,0.92985,0.92849,0.92936,5899,0,0
2021-03-15 00:00:00,0.92836,0.92969,0.92802,0.92888,6999,0,0
2021-03-15 04:00:00,0.92888,0.92985,0.92762,0.92973,9178,0,0
2021-03-15 08:00:00,0.92974,0.93126,0.92884,0.92951,11506,0,0
2021-03-15 12:00:00,0.92951,0.93048,0.92776,0.92968,10301,0,0
2021-03-15 16:00:00,0.92968,0.93004,0.92669,0.92774,13350,0,0
2021-03-15 20:00:00,0.92774,0.92849,0.92715,0.92737,4890,0,0
2021-03-16 00:00:00,0.92782,0.92792,0.92664,0.92779,2602,0,0
2021-03-16 04:00:00,0.92779,0.9278,0.92625,0.92646,9628,0,0
2021-03-16 08:00:00,0.92646,0.92872,0.92646,0.92764,12080,0,0
2021-03-16 12:00:00,0.92765,0.92871,0.92431,0.92607,10741,0,0
2021-03-16 16:00:00,0.92606,0.92716,0.92479,0.9264,15778,0,0
2021-03-16 20:00:00,0.9264,0.92642,0.92425,0.92472,7728,0,0
2021-03-17 00:00:00,0.92454,0.92578,0.92436,0.92555,3089,0,0
2021-03-17 04:00:00,0.92555,0.92635,0.92544,0.92562,3531,0,0
2021-03-17 08:00:00,0.92564,0.92799,0.92536,0.92701,6086,0,0
2021-03-17 12:00:00,0.92701,0.92962,0.92541,0.92774,9907,0,0
2021-03-17 16:00:00,0.92777,0.92894,0.92666,0.92795,10430,0,0
2021-03-17 20:00:00,0.92795,0.92827,0.92137,0.92254,19697,0,0
2021-03-18 00:00:00,0.92266,0.92284,0.92187,0.92243,4338,0,0
2021-03-18 04:00:00,0.92243,0.92427,0.9223,0.92391,8144,0,0
2021-03-18 08:00:00,0.92392,0.92707,0.92192,0.9235,13572,0,0
2021-03-18 12:00:00,0.9235,0.92904,0.92348,0.92811,13284,0,0
2021-03-18 16:00:00,0.92811,0.93055,0.92708,0.92908,15609,0,0
2021-03-18 20:00:00,0.92908,0.92927,0.9268,0.92743,9400,0,0
2021-03-19 00:00:00,0.92695,0.92844,0.92681,0.92809,3104,0,0
2021-03-19 04:00:00,0.9281,0.92851,0.92668,0.92713,6405,0,0
2021-03-19 08:00:00,0.92713,0.9277,0.92514,0.92713,8462,0,0
2021-03-19 12:00:00,0.92713,0.93045,0.9269,0.92964,9586,0,0
2021-03-19 16:00:00,0.92964,0.932,0.92919,0.92983,17950,0,0
2021-03-19 20:00:00,0.92983,0.92995,0.92883,0.92909,4792,0,0
2021-03-22 00:00:00,0.92973,0.93098,0.92842,0.93003,3143,0,0
2021-03-22 04:00:00,0.93003,0.93083,0.9288,0.92939,2938,0,0
2021-03-22 08:00:00,0.92939,0.93095,0.92667,0.92698,8278,0,0
2021-03-22 12:00:00,0.92698,0.92811,0.92448,0.92518,9889,0,0
2021-03-22 16:00:00,0.92518,0.92616,0.92226,0.92315,12697,0,0
2021-03-22 20:00:00,0.92315,0.92399,0.9225,0.92332,4247,0,0
2021-03-23 00:00:00,0.92311,0.92453,0.92274,0.9243,2927,0,0
2021-03-23 04:00:00,0.9243,0.92458,0.9239,0.92452,4279,0,0
2021-03-23 08:00:00,0.92453,0.92903,0.92397,0.92862,9181,0,0
2021-03-23 12:00:00,0.92862,0.93081,0.92817,0.93048,9738,0,0
2021-03-23 16:00:00,0.93048,0.93361,0.93035,0.93325,13134,0,0
2021-03-23 20:00:00,0.93325,0.9347,0.93286,0.93393,6846,0,0
2021-03-24 00:00:00,0.93392,0.93474,0.93364,0.93435,2957,0,0
2021-03-24 04:00:00,0.93435,0.93466,0.93373,0.93435,6647,0,0
2021-03-24 08:00:00,0.93435,0.93698,0.93412,0.93515,9766,0,0
2021-03-24 12:00:00,0.93514,0.93613,0.93444,0.93518,10372,0,0
2021-03-24 16:00:00,0.93518,0.93686,0.9347,0.93606,14246,0,0
2021-03-24 20:00:00,0.93605,0.93636,0.93485,0.93559,6897,0,0
2021-03-25 00:00:00,0.93562,0.93617,0.93545,0.93559,2955,0,0
2021-03-25 04:00:00,0.93559,0.93659,0.93512,0.93557,5434,0,0
2021-03-25 08:00:00,0.93557,0.93761,0.93531,0.93698,7048,0,0
2021-03-25 12:00:00,0.93697,0.9372,0.93506,0.93629,9749,0,0
2021-03-25 16:00:00,0.93629,0.9397,0.93494,0.93966,16753,0,0
2021-03-25 20:00:00,0.93966,0.94018,0.93873,0.94018,8465,0,0
2021-03-26 00:00:00,0.93959,0.93993,0.9384,0.93949,4633,0,0
2021-03-26 04:00:00,0.93949,0.94021,0.93924,0.94011,3347,0,0
2021-03-26 08:00:00,0.94011,0.94174,0.93959,0.94061,5266,0,0
2021-03-26 12:00:00,0.94056,0.94179,0.93913,0.94139,9597,0,0
2021-03-26 16:00:00,0.9414,0.94148,0.9389,0.93934,11481,0,0
2021-03-26 20:00:00,0.93934,0.93995,0.93827,0.93909,6467,0,0
2021-03-29 00:00:00,0.93863,0.94012,0.93834,0.94002,2555,0,0
2021-03-29 04:00:00,0.94002,0.94029,0.93935,0.93989,3746,0,0
2021-03-29 08:00:00,0.93989,0.94004,0.93702,0.93841,9453,0,0
2021-03-29 12:00:00,0.93841,0.94046,0.93776,0.93977,8513,0,0
2021-03-29 16:00:00,0.93978,0.93988,0.93749,0.93804,13060,0,0
2021-03-29 20:00:00,0.93804,0.93972,0.93769,0.93932,4743,0,0
2021-03-30 00:00:00,0.93923,0.93948,0.93808,0.9392,1553,0,0
2021-03-30 04:00:00,0.9392,0.93973,0.93907,0.93946,3713,0,0
2021-03-30 08:00:00,0.93946,0.94237,0.93937,0.9421,8939,0,0
2021-03-30 12:00:00,0.94207,0.94262,0.94143,0.94203,9937,0,0
2021-03-30 16:00:00,0.94202,0.94388,0.94116,0.94236,15135,0,0
2021-03-30 20:00:00,0.94236,0.94242,0.94178,0.9421,4267,0,0
2021-03-31 00:00:00,0.94214,0.94318,0.94154,0.94266,3763,0,0
2021-03-31 04:00:00,0.94267,0.94423,0.94239,0.94408,5476,0,0
2021-03-31 08:00:00,0.94408,0.94472,0.94144,0.94194,8291,0,0
2021-03-31 12:00:00,0.94195,0.94426,0.94181,0.94396,8992,0,0
2021-03-31 16:00:00,0.94396,0.94418,0.94038,0.94203,13434,0,0
2021-03-31 20:00:00,0.94203,0.94587,0.94197,0.94376,7302,0,0
2021-04-01 00:00:00,0.9434,0.94483,0.94311,0.94467,2714,0,0
2021-04-01 04:00:00,0.94467,0.9459,0.94419,0.94583,6384,0,0
2021-04-01 08:00:00,0.94583,0.94693,0.94418,0.9468,11267,0,0
2021-04-01 12:00:00,0.94682,0.94728,0.94368,0.94421,10804,0,0
2021-04-01 16:00:00,0.94422,0.94532,0.94047,0.94111,14037,0,0
2021-04-01 20:00:00,0.94111,0.94213,0.94103,0.94176,7409,0,0
2021-04-02 00:00:00,0.94154,0.94225,0.94138,0.94208,2514,0,0
2021-04-02 04:00:00,0.94208,0.9423,0.94137,0.94174,3368,0,0
2021-04-02 08:00:00,0.94173,0.94237,0.94085,0.94099,2861,0,0
2021-04-02 12:00:00,0.94099,0.94221,0.94053,0.94182,4023,0,0
2021-04-02 16:00:00,0.94182,0.94343,0.94138,0.94142,4313,0,0
2021-04-02 20:00:00,0.94203,0.94287,0.94111,0.94196,3499,0,0
2021-04-05 00:00:00,0.94255,0.94309,0.94198,0.94231,3454,0,0
2021-04-05 04:00:00,0.94231,0.9431,0.94164,0.94309,4372,0,0
2021-04-05 08:00:00,0.94309,0.94388,0.94218,0.94284,4346,0,0
2021-04-05 12:00:00,0.94284,0.9437,0.94006,0.94038,5429,0,0
2021-04-05 16:00:00,0.94038,0.94051,0.9354,0.93601,10695,0,0
2021-04-05 20:00:00,0.93603,0.93662,0.93602,0.93625,4327,0,0
2021-04-06 00:00:00,0.93631,0.93711,0.93535,0.9371,2014,0,0
2021-04-06 04:00:00,0.9371,0.93831,0.93692,0.93736,6524,0,0
2021-04-06 08:00:00,0.93736,0.93961,0.93693,0.93783,9134,0,0
2021-04-06 12:00:00,0.93783,0.93914,0.93501,0.93531,10910,0,0
2021-04-06 16:00:00,0.93531,0.93593,0.93216,0.93237,10611,0,0
2021-04-06 20:00:00,0.93238,0.93325,0.93028,0.93079,5142,0,0
2021-04-07 00:00:00,0.93084,0.93163,0.93054,0.93119,3237,0,0
2021-04-07 04:00:00,0.93118,0.93138,0.93047,0.93089,3871,0,0
2021-04-07 08:00:00,0.9309,0.93126,0.92891,0.92937,10463,0,0
2021-04-07 12:00:00,0.92937,0.92963,0.92832,0.92915,8637,0,0
2021-04-07 16:00:00,0.92916,0.92922,0.92681,0.92845,13914,0,0
2021-04-07 20:00:00,0.92845,0.93028,0.9279,0.92954,5813,0,0
2021-04-08 00:00:00,0.92989,0.93066,0.92896,0.93013,3796,0,0
2021-04-08 04:00:00,0.93014,0.93023,0.92917,0.9292,3197,0,0
2021-04-08 08:00:00,0.9292,0.92928,0.92754,0.92767,6780,0,0
2021-04-08 12:00:00,0.92767,0.92888,0.92625,0.92633,8531,0,0
2021-04-08 16:00:00,0.92628,0.92662,0.92323,0.92351,10586,0,0
2021-04-08 20:00:00,0.92351,0.92452,0.92344,0.92414,3223,0,0
2021-04-09 00:00:00,0.92416,0.92457,0.92354,0.92385,2161,0,0
2021-04-09 04:00:00,0.92384,0.92501,0.92366,0.9249,3759,0,0
2021-04-09 08:00:00,0.9249,0.92603,0.92396,0.9259,9737,0,0
2021-04-09 12:00:00,0.92591,0.92817,0.92515,0.9276,8261,0,0
2021-04-09 16:00:00,0.9276,0.92791,0.92458,0.92521,11167,0,0
2021-04-09 20:00:00,0.92521,0.92525,0.92427,0.92451,5101,0,0
2021-04-12 00:00:00,0.92478,0.92581,0.92418,0.92581,2183,0,0
2021-04-12 04:00:00,0.92581,0.92641,0.92541,0.92632,7044,0,0
2021-04-12 08:00:00,0.92632,0.92684,0.92464,0.92535,9337,0,0
2021-04-12 12:00:00,0.92535,0.92535,0.9228,0.92331,8635,0,0
2021-04-12 16:00:00,0.92331,0.92414,0.92128,0.92234,12179,0,0
2021-04-12 20:00:00,0.92234,0.9233,0.92197,0.92214,4300,0,0
2021-04-13 00:00:00,0.92243,0.92353,0.92153,0.92338,2960,0,0
2021-04-13 04:00:00,0.92338,0.92481,0.92338,0.92456,5799,0,0
2021-04-13 08:00:00,0.92456,0.92542,0.92316,0.92451,9562,0,0
2021-04-13 12:00:00,0.9245,0.92597,0.92159,0.92252,12680,0,0
2021-04-13 16:00:00,0.9225,0.92271,0.92063,0.92129,13104,0,0
2021-04-13 20:00:00,0.92127,0.92137,0.91978,0.92065,5976,0,0
2021-04-14 00:00:00,0.9206,0.92086,0.91995,0.9203,3265,0,0
2021-04-14 04:00:00,0.9203,0.92056,0.9196,0.91979,5595,0,0
2021-04-14 08:00:00,0.91979,0.92079,0.91893,0.91911,8484,0,0
2021-04-14 12:00:00,0.91911,0.92322,0.91869,0.92223,9627,0,0
2021-04-14 16:00:00,0.92223,0.92342,0.92157,0.92228,14509,0,0
2021-04-14 20:00:00,0.92228,0.92318,0.92207,0.92295,5266,0,0
2021-04-15 00:00:00,0.9222,0.92319,0.92179,0.92267,3144,0,0
2021-04-15 04:00:00,0.92267,0.92401,0.92237,0.92377,5020,0,0
2021-04-15 08:00:00,0.92377,0.92377,0.92173,0.92265,9105,0,0
2021-04-15 12:00:00,0.92266,0.92458,0.92141,0.92447,10770,0,0
2021-04-15 16:00:00,0.92447,0.92458,0.92064,0.92234,14271,0,0
2021-04-15 20:00:00,0.92234,0.92305,0.92137,0.92224,4848,0,0
2021-04-16 00:00:00,0.92244,0.92318,0.9213,0.92283,2595,0,0
2021-04-16 04:00:00,0.92284,0.92351,0.92211,0.92216,4448,0,0
2021-04-16 08:00:00,0.92216,0.92232,0.91793,0.9199,10462,0,0
2021-04-16 12:00:00,0.9199,0.9204,0.91836,0.9192,10653,0,0
2021-04-16 16:00:00,0.9192,0.92012,0.91818,0.91996,10386,0,0
2021-04-16 20:00:00,0.91996,0.92063,0.91964,0.91999,3511,0,0
2021-04-19 00:00:00,0.9194,0.92086,0.91906,0.92068,4225,0,0
2021-04-19 04:00:00,0.92066,0.92153,0.92049,0.92086,5339,0,0
2021-04-19 08:00:00,0.92086,0.92097,0.91458,0.9146,8591,0,0
2021-04-19 12:00:00,0.9146,0.91507,0.91288,0.91329,8057,0,0
2021-04-19 16:00:00,0.91331,0.91612,0.91317,0.91507,8885,0,0
2021-04-19 20:00:00,0.91507,0.9156,0.91451,0.91529,3415,0,0
2021-04-20 00:00:00,0.91399,0.91548,0.91386,0.91548,1710,0,0
2021-04-20 04:00:00,0.91548,0.91565,0.91351,0.91406,3866,0,0
2021-04-20 08:00:00,0.91407,0.91564,0.91353,0.91468,7849,0,0
2021-04-20 12:00:00,0.91467,0.91698,0.91444,0.91638,7262,0,0
2021-04-20 16:00:00,0.91637,0.91658,0.91379,0.91605,9178,0,0
2021-04-20 20:00:00,0.91605,0.9168,0.91558,0.91563,2950,0,0
2021-04-21 00:00:00,0.91593,0.9162,0.91482,0.91613,1491,0,0
2021-04-21 04:00:00,0.91612,0.91671,0.91535,0.91646,2417,0,0
2021-04-21 08:00:00,0.91646,0.91854,0.91539,0.91842,6395,0,0
2021-04-21 12:00:00,0.91842,0.91862,0.91667,0.91786,6759,0,0
2021-04-21 16:00:00,0.91786,0.91956,0.91635,0.91715,8519,0,0
2021-04-21 20:00:00,0.91716,0.91753,0.91674,0.91692,2896,0,0
2021-04-22 00:00:00,0.91693,0.91704,0.91615,0.9166,1439,0,0
2021-04-22 04:00:00,0.91658,0.91662,0.91576,0.9165,2118,0,0
2021-04-22 08:00:00,0.9165,0.91668,0.91452,0.91611,5676,0,0
2021-04-22 12:00:00,0.91613,0.9169,0.91436,0.91568,7200,0,0
2021-04-22 16:00:00,0.91566,0.91885,0.9151,0.91881,11008,0,0
2021-04-22 20:00:00,0.9188,0.91914,0.91685,0.91695,5785,0,0
2021-04-23 00:00:00,0.91712,0.91726,0.91654,0.9167,1994,0,0
2021-04-23 04:00:00,0.91673,0.91723,0.91646,0.91673,3420,0,0
2021-04-23 08:00:00,0.91669,0.91735,0.91522,0.91536,6244,0,0
2021-04-23 12:00:00,0.91536,0.9157,0.91421,0.91476,6253,0,0
2021-04-23 16:00:00,0.91476,0.91723,0.91437,0.91444,9399,0,0
2021-04-23 20:00:00,0.91444,0.91474,0.91278,0.91361,3265,0,0
2021-04-26 00:00:00,0.91312,0.91402,0.91306,0.91348,1991,0,0
2021-04-26 04:00:00,0.91347,0.91347,0.91218,0.91256,3480,0,0
2021-04-26 08:00:00,0.91257,0.91467,0.91224,0.91432,6502,0,0
2021-04-26 12:00:00,0.91432,0.91642,0.91299,0.91598,6876,0,0
2021-04-26 16:00:00,0.91598,0.91662,0.91364,0.91421,8549,0,0
2021-04-26 20:00:00,0.91421,0.91472,0.91386,0.91432,3215,0,0
2021-04-27 00:00:00,0.91378,0.91487,0.91342,0.91456,1619,0,0
2021-04-27 04:00:00,0.91456,0.91615,0.91447,0.91556,2388,0,0
2021-04-27 08:00:00,0.91556,0.91719,0.91513,0.91684,6167,0,0
2021-04-27 12:00:00,0.91684,0.91689,0.91261,0.91345,6882,0,0
2021-04-27 16:00:00,0.91345,0.91489,0.91234,0.91392,7951,0,0
2021-04-27 20:00:00,0.91392,0.91446,0.91316,0.91367,3004,0,0
2021-04-28 00:00:00,0.9128,0.91518,0.9128,0.91516,1531,0,0
2021-04-28 04:00:00,0.91515,0.91552,0.91448,0.91551,2687,0,0
2021-04-28 08:00:00,0.91551,0.91816,0.91526,0.91605,6168,0,0
2021-04-28 12:00:00,0.91606,0.91658,0.91433,0.91511,6969,0,0
2021-04-28 16:00:00,0.91511,0.91584,0.912,0.91268,8766,0,0
2021-04-28 20:00:00,0.91268,0.91427,0.90883,0.90928,9614,0,0
2021-04-29 00:00:00,0.90977,0.91008,0.90861,0.90865,1409,0,0
2021-04-29 04:00:00,0.90865,0.91001,0.90816,0.90967,2990,0,0
2021-04-29 08:00:00,0.90967,0.91127,0.90942,0.91042,5638,0,0
2021-04-29 12:00:00,0.91034,0.91041,0.90801,0.90871,8054,0,0
2021-04-29 16:00:00,0.90873,0.91195,0.90856,0.90974,11392,0,0
2021-04-29 20:00:00,0.90974,0.90977,0.9082,0.909,3501,0,0
2021-04-30 00:00:00,0.90797,0.90924,0.90797,0.90858,2376,0,0
2021-04-30 04:00:00,0.90857,0.90906,0.90817,0.90897,2827,0,0
2021-04-30 08:00:00,0.90896,0.90988,0.90803,0.90955,6150,0,0
2021-04-30 12:00:00,0.90955,0.9111,0.90823,0.91062,7840,0,0
2021-04-30 16:00:00,0.91059,0.91346,0.90964,0.91292,12208,0,0
2021-04-30 20:00:00,0.91295,0.91404,0.91269,0.91306,3351,0,0
2021-05-03 00:00:00,0.91256,0.9136,0.91153,0.91299,988,0,0
2021-05-03 04:00:00,0.91299,0.91413,0.91283,0.91386,1735,0,0
2021-05-03 08:00:00,0.91386,0.91418,0.91208,0.91255,5569,0,0
2021-05-03 12:00:00,0.91254,0.91478,0.9119,0.91378,6206,0,0
2021-05-03 16:00:00,0.91378,0.91389,0.90931,0.91193,8755,0,0
2021-05-03 20:00:00,0.91194,0.91201,0.91099,0.91121,3670,0,0
2021-05-04 00:00:00,0.91026,0.91217,0.9099,0.91205,2362,0,0
2021-05-04 04:00:00,0.91206,0.91447,0.91199,0.91446,1985,0,0
2021-05-04 08:00:00,0.91446,0.9156,0.9137,0.91531,6779,0,0
2021-05-04 12:00:00,0.91531,0.91609,0.91203,0.91233,7056,0,0
2021-05-04 16:00:00,0.91232,0.91415,0.91149,0.91359,12915,0,0
2021-05-04 20:00:00,0.91359,0.91388,0.91279,0.91335,4769,0,0
2021-05-05 00:00:00,0.9132,0.91377,0.91293,0.91336,1006,0,0
2021-05-05 04:00:00,0.91336,0.91339,0.91277,0.91295,1522,0,0
2021-05-05 08:00:00,0.91295,0.91646,0.91294,0.91554,6912,0,0
2021-05-05 12:00:00,0.91555,0.91588,0.91271,0.91348,5610,0,0
2021-05-05 16:00:00,0.91349,0.91378,0.91214,0.91356,8959,0,0
2021-05-05 20:00:00,0.91356,0.91387,0.91288,0.91301,3306,0,0
2021-05-06 00:00:00,0.91248,0.9139,0.91245,0.9139,1267,0,0
2021-05-06 04:00:00,0.91389,0.91451,0.91319,0.91397,2971,0,0
2021-05-06 08:00:00,0.91398,0.91399,0.90972,0.91043,6198,0,0
2021-05-06 12:00:00,0.91043,0.9108,0.90807,0.90899,6698,0,0
2021-05-06 16:00:00,0.90899,0.9101,0.90705,0.90913,8922,0,0
2021-05-06 20:00:00,0.90913,0.90925,0.90739,0.90739,3352,0,0
2021-05-07 00:00:00,0.907,0.9081,0.907,0.90773,1546,0,0
2021-05-07 04:00:00,0.90773,0.90813,0.90705,0.9074,2954,0,0
2021-05-07 08:00:00,0.9074,0.90881,0.90579,0.90746,5487,0,0
2021-05-07 12:00:00,0.90745,0.90937,0.90207,0.90365,7921,0,0
2021-05-07 16:00:00,0.90364,0.90599,0.9008,0.90204,12139,0,0
2021-05-07 20:00:00,0.90208,0.90216,0.90046,0.90054,4205,0,0
2021-05-10 00:00:00,0.90072,0.9014,0.90001,0.90106,2540,0,0
2021-05-10 04:00:00,0.90106,0.90178,0.90099,0.90164,2992,0,0
2021-05-10 08:00:00,0.90164,0.90193,0.89947,0.90006,6909,0,0
2021-05-10 12:00:00,0.9001,0.90137,0.89862,0.89874,5753,0,0
2021-05-10 16:00:00,0.89877,0.90062,0.89856,0.89994,10171,0,0
2021-05-10 20:00:00,0.89994,0.90139,0.89984,0.90132,4739,0,0
2021-05-11 00:00:00,0.90111,0.9014,0.90046,0.90128,2942,0,0
2021-05-11 04:00:00,0.90127,0.90132,0.90013,0.90046,4219,0,0
2021-05-11 08:00:00,0.90046,0.90332,0.90034,0.90184,6859,0,0
2021-05-11 12:00:00,0.90184,0.90284,0.901,0.90201,7480,0,0
2021-05-11 16:00:00,0.90201,0.90322,0.90037,0.90308,11396,0,0
2021-05-11 20:00:00,0.90309,0.90395,0.903,0.90361,4192,0,0
2021-05-12 00:00:00,0.90302,0.90439,0.90253,0.90439,1695,0,0
2021-05-12 04:00:00,0.90439,0.90584,0.90438,0.90558,2768,0,0
2021-05-12 08:00:00,0.90558,0.90576,0.9034,0.90448,6187,0,0
2021-05-12 12:00:00,0.90447,0.90794,0.90329,0.90474,9034,0,0
2021-05-12 16:00:00,0.90474,0.9094,0.903,0.90922,16104,0,0
2021-05-12 20:00:00,0.90922,0.90925,0.90781,0.90906,6244,0,0
2021-05-13 00:00:00,0.90904,0.90932,0.90798,0.90844,2164,0,0
2021-05-13 04:00:00,0.90844,0.90885,0.90786,0.90853,3483,0,0
2021-05-13 08:00:00,0.90853,0.90924,0.90661,0.90852,9399,0,0
2021-05-13 12:00:00,0.9085,0.90879,0.90646,0.90776,10120,0,0
2021-05-13 16:00:00,0.90776,0.90776,0.90509,0.90608,11505,0,0
2021-05-13 20:00:00,0.90608,0.90692,0.90513,0.90581,6921,0,0
2021-05-14 00:00:00,0.90596,0.90633,0.90487,0.90605,1137,0,0
2021-05-14 04:00:00,0.90605,0.90636,0.90525,0.90531,3553,0,0
2021-05-14 08:00:00,0.90531,0.90547,0.90207,0.90246,6296,0,0
2021-05-14 12:00:00,0.90246,0.90513,0.90241,0.90323,7586,0,0
2021-05-14 16:00:00,0.90321,0.9038,0.90126,0.90266,8772,0,0
2021-05-14 20:00:00,0.90268,0.9029,0.90109,0.90117,2846,0,0
2021-05-17 00:00:00,0.90135,0.90231,0.90109,0.90231,1212,0,0
2021-05-17 04:00:00,0.90231,0.90285,0.90191,0.90246,2109,0,0
2021-05-17 08:00:00,0.90247,0.90289,0.90113,0.9018,5926,0,0
2021-05-17 12:00:00,0.90181,0.90237,0.90023,0.90168,6683,0,0
2021-05-17 16:00:00,0.90172,0.90231,0.90069,0.90183,8439,0,0
2021-05-17 20:00:00,0.90183,0.9033,0.90175,0.90318,2574,0,0
2021-05-18 00:00:00,0.90296,0.9035,0.9024,0.90337,1568,0,0
2021-05-18 04:00:00,0.90336,0.9034,0.90159,0.90189,2988,0,0
2021-05-18 08:00:00,0.90189,0.90228,0.89654,0.89711,7202,0,0
2021-05-18 12:00:00,0.89711,0.89857,0.89606,0.89709,6776,0,0
2021-05-18 16:00:00,0.89709,0.89873,0.8965,0.8979,8959,0,0
2021-05-18 20:00:00,0.8979,0.89792,0.89634,0.89774,3082,0,0
2021-05-19 00:00:00,0.89753,0.89784,0.89675,0.89765,1682,0,0
2021-05-19 04:00:00,0.89765,0.89852,0.89707,0.8974,2714,0,0
2021-05-19 08:00:00,0.8974,0.90137,0.89681,0.90024,6982,0,0
2021-05-19 12:00:00,0.90024,0.90312,0.89989,0.90197,8182,0,0
2021-05-19 16:00:00,0.902,0.9021,0.89953,0.90055,12492,0,0
2021-05-19 20:00:00,0.90055,0.90476,0.90038,0.90363,9574,0,0
2021-05-20 00:00:00,0.90351,0.90446,0.90204,0.90374,1982,0,0
2021-05-20 04:00:00,0.90374,0.90472,0.90344,0.90383,3225,0,0
2021-05-20 08:00:00,0.90383,0.90427,0.89975,0.9018,5849,0,0
2021-05-20 12:00:00,0.90182,0.90211,0.90023,0.90088,5948,0,0
2021-05-20 16:00:00,0.90085,0.90099,0.89826,0.89877,8776,0,0
2021-05-20 20:00:00,0.89876,0.89893,0.89736,0.89744,2921,0,0
2021-05-21 00:00:00,0.89668,0.89767,0.89664,0.89718,1839,0,0
2021-05-21 04:00:00,0.89718,0.89755,0.89641,0.89656,3339,0,0
2021-05-21 08:00:00,0.89656,0.89755,0.89537,0.89702,5867,0,0
2021-05-21 12:00:00,0.89702,0.89916,0.8956,0.89782,7334,0,0
2021-05-21 16:00:00,0.89781,0.90005,0.89751,0.89926,9613,0,0
2021-05-21 20:00:00,0.89924,0.89931,0.89709,0.89778,3633,0,0
2021-05-24 00:00:00,0.89779,0.89828,0.89726,0.89778,2064,0,0
2021-05-24 04:00:00,0.89778,0.89817,0.89749,0.89815,3640,0,0
2021-05-24 08:00:00,0.89815,0.90022,0.89697,0.89882,6602,0,0
2021-05-24 12:00:00,0.89882,0.89912,0.89687,0.89744,6586,0,0
2021-05-24 16:00:00,0.89743,0.89792,0.89569,0.89691,8076,0,0
2021-05-24 20:00:00,0.89691,0.89742,0.89655,0.89686,2153,0,0
2021-05-25 00:00:00,0.89676,0.89714,0.89626,0.89656,1255,0,0
2021-05-25 04:00:00,0.89656,0.89656,0.89589,0.89619,2510,0,0
2021-05-25 08:00:00,0.89614,0.8968,0.8934,0.89357,8938,0,0
2021-05-25 12:00:00,0.89357,0.89648,0.89305,0.89625,7811,0,0
2021-05-25 16:00:00,0.89624,0.89748,0.89538,0.8964,10266,0,0
2021-05-25 20:00:00,0.8964,0.89657,0.89505,0.89514,3756,0,0
2021-05-26 00:00:00,0.8947,0.89575,0.89443,0.89557,2133,0,0
2021-05-26 04:00:00,0.89557,0.89577,0.89434,0.89443,3788,0,0
2021-05-26 08:00:00,0.89443,0.89575,0.89436,0.89503,6277,0,0
2021-05-26 12:00:00,0.89503,0.89734,0.89418,0.89684,7139,0,0
2021-05-26 16:00:00,0.89685,0.89822,0.89478,0.89751,9143,0,0
2021-05-26 20:00:00,0.8975,0.89875,0.8971,0.89791,3692,0,0
2021-05-27 00:00:00,0.89777,0.89841,0.89694,0.89802,1633,0,0
2021-05-27 04:00:00,0.89802,0.89869,0.897,0.89705,3493,0,0
2021-05-27 08:00:00,0.89705,0.89878,0.89607,0.89859,6492,0,0
2021-05-27 12:00:00,0.89859,0.90034,0.89729,0.89999,7801,0,0
2021-05-27 16:00:00,0.89998,0.90088,0.89684,0.89762,11530,0,0
2021-05-27 20:00:00,0.89762,0.89771,0.8965,0.89692,3384,0,0
2021-05-28 00:00:00,0.89669,0.89786,0.89638,0.89755,1800,0,0
2021-05-28 04:00:00,0.89755,0.89797,0.89731,0.89755,3071,0,0
2021-05-28 08:00:00,0.89755,0.89926,0.89721,0.89794,6924,0,0
2021-05-28 12:00:00,0.89794,0.90298,0.8978,0.90291,8464,0,0
2021-05-28 16:00:00,0.90291,0.90294,0.89901,0.89948,10054,0,0
2021-05-28 20:00:00,0.8995,0.90017,0.89897,0.89983,4078,0,0
2021-05-31 00:00:00,0.89878,0.90046,0.89876,0.8998,1095,0,0
2021-05-31 04:00:00,0.8998,0.90005,0.89847,0.89911,3088,0,0
2021-05-31 08:00:00,0.89912,0.90128,0.89902,0.89978,5316,0,0
2021-05-31 12:00:00,0.89977,0.90103,0.89962,0.90013,4505,0,0
2021-05-31 16:00:00,0.90012,0.90101,0.89841,0.89877,4747,0,0
2021-05-31 20:00:00,0.89878,0.89898,0.89851,0.89879,1465,0,0
2021-06-01 00:00:00,0.89871,0.89888,0.89823,0.8985,1763,0,0
2021-06-01 04:00:00,0.8985,0.89907,0.8981,0.89897,3257,0,0
2021-06-01 08:00:00,0.89898,0.89989,0.89781,0.89879,6699,0,0
2021-06-01 12:00:00,0.89879,0.89961,0.89844,0.89852,5571,0,0
2021-06-01 16:00:00,0.89855,0.89888,0.8947,0.89614,8594,0,0
2021-06-01 20:00:00,0.89614,0.8975,0.89612,0.89734,2837,0,0
2021-06-02 00:00:00,0.89712,0.89744,0.89646,0.89711,1415,0,0
2021-06-02 04:00:00,0.89711,0.8975,0.8967,0.89748,2380,0,0
2021-06-02 08:00:00,0.89749,0.90102,0.89691,0.90052,6570,0,0
2021-06-02 12:00:00,0.9005,0.90244,0.90036,0.90093,8087,0,0
2021-06-02 16:00:00,0.90093,0.90104,0.89787,0.8983,5807,0,0
2021-06-02 20:00:00,0.89829,0.89857,0.89762,0.89802,2452,0,0
2021-06-03 00:00:00,0.8975,0.89826,0.89748,0.89802,686,0,0
2021-06-03 04:00:00,0.89802,0.89848,0.89796,0.8984,1296,0,0
2021-06-03 08:00:00,0.8984,0.90105,0.8984,0.90032,4921,0,0
2021-06-03 12:00:00,0.90031,0.90189,0.8986,0.90177,8838,0,0
2021-06-03 16:00:00,0.90177,0.9052,0.9015,0.90469,10358,0,0
2021-06-03 20:00:00,0.90469,0.90482,0.9033,0.90352,2580,0,0
2021-06-04 00:00:00,0.90332,0.90437,0.90332,0.90378,1466,0,0
2021-06-04 04:00:00,0.90378,0.90467,0.90347,0.90458,3135,0,0
2021-06-04 08:00:00,0.90458,0.90538,0.9042,0.90438,5410,0,0
2021-06-04 12:00:00,0.90438,0.90486,0.89878,0.89935,7215,0,0
2021-06-04 16:00:00,0.89936,0.89974,0.89822,0.89958,9442,0,0
2021-06-04 20:00:00,0.89954,0.89967,0.89849,0.89909,2646,0,0
2021-06-07 00:00:00,0.89914,0.89946,0.89868,0.89924,2141,0,0
2021-06-07 04:00:00,0.89924,0.89968,0.89885,0.89903,1816,0,0
2021-06-07 08:00:00,0.89903,0.90102,0.89891,0.8994,3724,0,0
2021-06-07 12:00:00,0.8994,0.90032,0.89806,0.89923,4011,0,0
2021-06-07 16:00:00,0.89923,0.89968,0.89674,0.89723,5806,0,0
2021-06-07 20:00:00,0.89722,0.8978,0.89698,0.89754,1584,0,0
2021-06-08 00:00:00,0.89727,0.89811,0.89674,0.89785,1706,0,0
2021-06-08 04:00:00,0.89785,0.89808,0.89728,0.89786,2687,0,0
2021-06-08 08:00:00,0.89786,0.89894,0.8967,0.89696,4849,0,0
2021-06-08 12:00:00,0.89696,0.89728,0.89519,0.89635,6750,0,0
2021-06-08 16:00:00,0.8964,0.89724,0.89535,0.8967,7593,0,0
2021-06-08 20:00:00,0.8967,0.89699,0.89629,0.89679,2882,0,0
2021-06-09 00:00:00,0.89672,0.89702,0.89657,0.89678,896,0,0
2021-06-09 04:00:00,0.89678,0.8968,0.89605,0.89651,1405,0,0
2021-06-09 08:00:00,0.89651,0.89716,0.89565,0.8962,4418,0,0
2021-06-09 12:00:00,0.8962,0.89651,0.89458,0.89472,4644,0,0
2021-06-09 16:00:00,0.89474,0.89656,0.89263,0.89653,6988,0,0
2021-06-09 20:00:00,0.89653,0.89654,0.89552,0.89584,2810,0,0
2021-06-10 00:00:00,0.89517,0.89639,0.89497,0.89622,936,0,0
2021-06-10 04:00:00,0.89623,0.89637,0.89574,0.89588,2084,0,0
2021-06-10 08:00:00,0.89584,0.89717,0.89542,0.89627,5156,0,0
2021-06-10 12:00:00,0.89626,0.8986,0.89512,0.89584,9290,0,0
2021-06-10 16:00:00,0.8959,0.89915,0.89404,0.89483,12268,0,0
2021-06-10 20:00:00,0.89483,0.89518,0.89446,0.89454,2482,0,0
2021-06-11 00:00:00,0.89418,0.895,0.89418,0.8944,1053,0,0
2021-06-11 04:00:00,0.8944,0.89445,0.8934,0.89374,2061,0,0
2021-06-11 08:00:00,0.89374,0.89588,0.8933,0.89564,6134,0,0
2021-06-11 12:00:00,0.89564,0.89763,0.89542,0.89742,6669,0,0
2021-06-11 16:00:00,0.89741,0.90002,0.89709,0.89917,7909,0,0
2021-06-11 20:00:00,0.89916,0.89934,0.8979,0.89795,2401,0,0
2021-06-14 00:00:00,0.89809,0.89892,0.89777,0.8988,1243,0,0
2021-06-14 04:00:00,0.89884,0.89907,0.89846,0.89877,1854,0,0
2021-06-14 08:00:00,0.89877,0.90006,0.89836,0.89907,5898,0,0
2021-06-14 12:00:00,0.89907,0.89938,0.89785,0.89872,5933,0,0
2021-06-14 16:00:00,0.89872,0.89978,0.89797,0.8994,7195,0,0
2021-06-14 20:00:00,0.89941,0.90015,0.89938,0.89951,2102,0,0
2021-06-15 00:00:00,0.89954,0.89981,0.89905,0.8994,1511,0,0
2021-06-15 04:00:00,0.8994,0.90021,0.89932,0.89937,2239,0,0
2021-06-15 08:00:00,0.89937,0.8996,0.89655,0.89775,5663,0,0
2021-06-15 12:00:00,0.89778,0.90079,0.89777,0.89993,6981,0,0
2021-06-15 16:00:00,0.89996,0.90039,0.89785,0.89875,6825,0,0
2021-06-15 20:00:00,0.89875,0.89878,0.89786,0.89839,1956,0,0
2021-06-16 00:00:00,0.89722,0.89872,0.89722,0.89864,1056,0,0
2021-06-16 04:00:00,0.89864,0.89908,0.89855,0.89864,1847,0,0
2021-06-16 08:00:00,0.89864,0.89903,0.89774,0.89817,5048,0,0
2021-06-16 12:00:00,0.89817,0.8997,0.89814,0.89953,5244,0,0
2021-06-16 16:00:00,0.89951,0.90012,0.89858,0.89881,5774,0,0
2021-06-16 20:00:00,0.89882,0.90881,0.89878,0.90859,13807,0,0
2021-06-17 00:00:00,0.90843,0.90914,0.90831,0.90903,3098,0,0
2021-06-17 04:00:00,0.90902,0.90904,0.90769,0.90835,4755,0,0
2021-06-17 08:00:00,0.90836,0.91417,0.90782,0.91363,9773,0,0
2021-06-17 12:00:00,0.91363,0.91571,0.91296,0.91504,9326,0,0
2021-06-17 16:00:00,0.91505,0.9188,0.91331,0.91866,10992,0,0
2021-06-17 20:00:00,0.91866,0.91866,0.91656,0.9178,4697,0,0
2021-06-18 00:00:00,0.91613,0.91839,0.91613,0.91828,1715,0,0
2021-06-18 04:00:00,0.91828,0.91837,0.91687,0.91768,3689,0,0
2021-06-18 08:00:00,0.91768,0.91939,0.91727,0.9186,9475,0,0
2021-06-18 12:00:00,0.9186,0.92185,0.91795,0.92022,9914,0,0
2021-06-18 16:00:00,0.92022,0.92318,0.92021,0.92161,14334,0,0
2021-06-18 20:00:00,0.92161,0.92389,0.92099,0.92332,5561,0,0
2021-06-21 00:00:00,0.92197,0.92268,0.92156,0.92199,2487,0,0
2021-06-21 04:00:00,0.92199,0.92361,0.92165,0.92277,5871,0,0
2021-06-21 08:00:00,0.92278,0.9237,0.92082,0.92092,8242,0,0
2021-06-21 12:00:00,0.92093,0.92169,0.92071,0.92097,7445,0,0
2021-06-21 16:00:00,0.92095,0.92123,0.91754,0.91803,9583,0,0
2021-06-21 20:00:00,0.91801,0.91854,0.91757,0.91794,3973,0,0
2021-06-22 00:00:00,0.91732,0.91917,0.91732,0.91897,1566,0,0
2021-06-22 04:00:00,0.91897,0.91971,0.91886,0.9197,5482,0,0
2021-06-22 08:00:00,0.91968,0.92095,0.91877,0.91994,8969,0,0
2021-06-22 12:00:00,0.91994,0.9213,0.91951,0.92044,7475,0,0
2021-06-22 16:00:00,0.92045,0.92074,0.91846,0.91859,10846,0,0
2021-06-22 20:00:00,0.91858,0.91881,0.9173,0.91818,3901,0,0
2021-06-23 00:00:00,0.91722,0.91917,0.91713,0.91895,1617,0,0
2021-06-23 04:00:00,0.91895,0.92,0.91887,0.91972,2458,0,0
2021-06-23 08:00:00,0.91972,0.91997,0.91745,0.91864,7542,0,0
2021-06-23 12:00:00,0.91863,0.91888,0.91665,0.9169,7116,0,0
2021-06-23 16:00:00,0.9169,0.91848,0.91542,0.91842,8765,0,0
2021-06-23 20:00:00,0.91842,0.91916,0.91786,0.91825,3164,0,0
2021-06-24 00:00:00,0.91827,0.91881,0.91781,0.9183,1751,0,0
2021-06-24 04:00:00,0.9183,0.91954,0.91821,0.91939,2918,0,0
2021-06-24 08:00:00,0.91939,0.92002,0.91794,0.91986,6704,0,0
2021-06-24 12:00:00,0.91987,0.91996,0.91738,0.91763,7489,0,0
2021-06-24 16:00:00,0.91763,0.91954,0.91744,0.91859,7574,0,0
2021-06-24 20:00:00,0.91859,0.91859,0.91783,0.91799,3277,0,0
2021-06-25 00:00:00,0.9167,0.91826,0.9167,0.91799,1771,0,0
2021-06-25 04:00:00,0.91799,0.91801,0.91703,0.91779,2207,0,0
2021-06-25 08:00:00,0.91779,0.91814,0.91663,0.91677,5236,0,0
2021-06-25 12:00:00,0.91676,0.91776,0.91537,0.91628,7646,0,0
2021-06-25 16:00:00,0.91628,0.91784,0.91424,0.9173,8826,0,0
2021-06-25 20:00:00,0.9173,0.9183,0.91658,0.91686,2600,0,0
2021-06-28 00:00:00,0.91756,0.91756,0.91637,0.91738,1257,0,0
2021-06-28 04:00:00,0.91738,0.91898,0.91723,0.91863,2171,0,0
2021-06-28 08:00:00,0.91863,0.91905,0.91722,0.91791,5666,0,0
2021-06-28 12:00:00,0.91791,0.92146,0.91773,0.92001,6851,0,0
2021-06-28 16:00:00,0.91999,0.92027,0.91827,0.91938,8599,0,0
2021-06-28 20:00:00,0.91937,0.92007,0.91909,0.91972,2414,0,0
2021-06-29 00:00:00,0.91904,0.92048,0.91897,0.9203,1355,0,0
2021-06-29 04:00:00,0.92029,0.92068,0.91975,0.92033,2077,0,0
2021-06-29 08:00:00,0.92033,0.92119,0.91898,0.92108,6208,0,0
2021-06-29 12:00:00,0.92108,0.92316,0.91999,0.92276,7919,0,0
2021-06-29 16:00:00,0.92276,0.92332,0.91979,0.9208,7890,0,0
2021-06-29 20:00:00,0.92083,0.92147,0.92051,0.92118,2182,0,0
2021-06-30 00:00:00,0.92004,0.92132,0.92004,0.92114,1274,0,0
2021-06-30 04:00:00,0.92113,0.92149,0.92061,0.92143,2649,0,0
2021-06-30 08:00:00,0.92144,0.92322,0.92082,0.92287,6347,0,0
2021-06-30 12:00:00,0.92287,0.9246,0.92211,0.92415,8360,0,0
2021-06-30 16:00:00,0.92414,0.92582,0.9234,0.92547,11383,0,0
2021-06-30 20:00:00,0.92545,0.92621,0.9249,0.92509,3897,0,0
2021-07-01 00:00:00,0.92466,0.92595,0.92431,0.92571,1802,0,0
2021-07-01 04:00:00,0.9257,0.92596,0.92543,0.92576,2086,0,0
2021-07-01 08:00:00,0.92577,0.92716,0.9247,0.92666,9069,0,0
2021-07-01 12:00:00,0.92666,0.92717,0.9241,0.92417,10098,0,0
2021-07-01 16:00:00,0.92417,0.92608,0.92359,0.92577,10575,0,0
2021-07-01 20:00:00,0.92579,0.92647,0.92532,0.92547,3853,0,0
2021-07-02 00:00:00,0.92497,0.92618,0.92458,0.92591,1118,0,0
2021-07-02 04:00:00,0.92591,0.92649,0.92572,0.92619,2710,0,0
2021-07-02 08:00:00,0.92619,0.92748,0.92576,0.92608,7272,0,0
2021-07-02 12:00:00,0.92609,0.92722,0.92285,0.92313,10182,0,0
2021-07-02 16:00:00,0.92313,0.92586,0.92222,0.92256,12820,0,0
2021-07-02 20:00:00,0.92256,0.92295,0.92002,0.92051,3322,0,0
2021-07-05 00:00:00,0.92091,0.92228,0.92016,0.92208,1740,0,0
2021-07-05 04:00:00,0.92208,0.92254,0.92153,0.92222,1679,0,0
2021-07-05 08:00:00,0.92225,0.92326,0.92145,0.92166,4414,0,0
2021-07-05 12:00:00,0.92166,0.92216,0.92039,0.9216,4793,0,0
2021-07-05 16:00:00,0.9216,0.9229,0.92151,0.92192,3533,0,0
2021-07-05 20:00:00,0.92192,0.92255,0.92153,0.92162,3122,0,0
2021-07-06 00:00:00,0.921,0.92236,0.921,0.92201,1481,0,0
2021-07-06 04:00:00,0.92201,0.92233,0.9206,0.92095,2143,0,0
2021-07-06 08:00:00,0.92095,0.92352,0.91936,0.9234,7967,0,0
2021-07-06 12:00:00,0.92342,0.92456,0.92234,0.92361,8805,0,0
2021-07-06 16:00:00,0.92367,0.92515,0.92273,0.92485,13759,0,0
2021-07-06 20:00:00,0.92485,0.92505,0.924,0.92456,3519,0,0
2021-07-07 00:00:00,0.92351,0.92501,0.92334,0.92447,1286,0,0
2021-07-07 04:00:00,0.92448,0.92491,0.92369,0.92369,1706,0,0
2021-07-07 08:00:00,0.92369,0.92462,0.92254,0.92325,7066,0,0
2021-07-07 12:00:00,0.92327,0.92426,0.92229,0.92401,8930,0,0
2021-07-07 16:00:00,0.924,0.92677,0.92387,0.92555,11045,0,0
2021-07-07 20:00:00,0.92555,0.92585,0.924,0.92564,5780,0,0
2021-07-08 00:00:00,0.9254,0.92595,0.92476,0.92589,1318,0,0
2021-07-08 04:00:00,0.92589,0.92612,0.92532,0.92532,2023,0,0
2021-07-08 08:00:00,0.92534,0.92548,0.91746,0.91767,10280,0,0
2021-07-08 12:00:00,0.91767,0.91804,0.91542,0.9161,11054,0,0
2021-07-08 16:00:00,0.9161,0.91632,0.91334,0.91548,11421,0,0
2021-07-08 20:00:00,0.91548,0.91648,0.91474,0.91498,3652,0,0
2021-07-09 00:00:00,0.91519,0.91554,0.91431,0.9153,1757,0,0
2021-07-09 04:00:00,0.9153,0.91584,0.91485,0.91572,2256,0,0
2021-07-09 08:00:00,0.91573,0.91754,0.91458,0.91559,7854,0,0
2021-07-09 12:00:00,0.91559,0.91595,0.9143,0.91458,8250,0,0
2021-07-09 16:00:00,0.91458,0.91626,0.91442,0.91478,7036,0,0
2021-07-09 20:00:00,0.91478,0.91496,0.9136,0.91381,1936,0,0
2021-07-12 00:00:00,0.91398,0.91457,0.91345,0.91399,1570,0,0
2021-07-12 04:00:00,0.91399,0.91483,0.91349,0.91455,2185,0,0
2021-07-12 08:00:00,0.91455,0.91562,0.91324,0.91453,4863,0,0
2021-07-12 12:00:00,0.91452,0.9171,0.91405,0.9151,6331,0,0
2021-07-12 16:00:00,0.91507,0.91616,0.91424,0.91544,7358,0,0
2021-07-12 20:00:00,0.91544,0.91587,0.915,0.91509,2855,0,0
2021-07-13 00:00:00,0.91506,0.91526,0.91456,0.91458,899,0,0
2021-07-13 04:00:00,0.91458,0.91487,0.91431,0.91483,1766,0,0
2021-07-13 08:00:00,0.91483,0.91629,0.91461,0.91555,4554,0,0
2021-07-13 12:00:00,0.91555,0.92004,0.91554,0.91956,7954,0,0
2021-07-13 16:00:00,0.91954,0.92005,0.91572,0.91712,11309,0,0
2021-07-13 20:00:00,0.91712,0.91903,0.91712,0.91872,5136,0,0
2021-07-14 00:00:00,0.91845,0.91921,0.91757,0.9189,1506,0,0
2021-07-14 04:00:00,0.91889,0.91893,0.91805,0.91835,4849,0,0
2021-07-14 08:00:00,0.91836,0.91931,0.91726,0.91914,6104,0,0
2021-07-14 12:00:00,0.91914,0.91987,0.91626,0.91675,6930,0,0
2021-07-14 16:00:00,0.91676,0.91748,0.91446,0.91454,10818,0,0
2021-07-14 20:00:00,0.91454,0.91518,0.91422,0.91436,3210,0,0
2021-07-15 00:00:00,0.91482,0.91494,0.91407,0.91448,1859,0,0
2021-07-15 04:00:00,0.91447,0.91548,0.91432,0.91456,2197,0,0
2021-07-15 08:00:00,0.91456,0.9148,0.91177,0.91224,5974,0,0
2021-07-15 12:00:00,0.91229,0.91809,0.91212,0.91788,9230,0,0
2021-07-15 16:00:00,0.9179,0.91904,0.91649,0.91894,9976,0,0
2021-07-15 20:00:00,0.91894,0.91932,0.91763,0.91773,4526,0,0
2021-07-16 00:00:00,0.91753,0.91814,0.91683,0.91808,1433,0,0
2021-07-16 04:00:00,0.91808,0.91893,0.91804,0.91853,2263,0,0
2021-07-16 08:00:00,0.91852,0.92035,0.91805,0.91922,5860,0,0
2021-07-16 12:00:00,0.91923,0.92036,0.9184,0.91993,7952,0,0
2021-07-16 16:00:00,0.91993,0.92021,0.91852,0.91926,8839,0,0
2021-07-16 20:00:00,0.91926,0.91996,0.91881,0.91952,3236,0,0
2021-07-19 00:00:00,0.91766,0.92006,0.91766,0.91938,1601,0,0
2021-07-19 04:00:00,0.91938,0.91969,0.91901,0.91911,1967,0,0
2021-07-19 08:00:00,0.91911,0.92166,0.91901,0.92129,6229,0,0
2021-07-19 12:00:00,0.92129,0.92216,0.91882,0.91895,10118,0,0
2021-07-19 16:00:00,0.91895,0.91917,0.9163,0.9178,13488,0,0
2021-07-19 20:00:00,0.9178,0.91838,0.91771,0.91793,4767,0,0
2021-07-20 00:00:00,0.91675,0.91884,0.91663,0.9185,1461,0,0
2021-07-20 04:00:00,0.9185,0.91882,0.91789,0.9185,3410,0,0
2021-07-20 08:00:00,0.9185,0.91954,0.91812,0.91831,8129,0,0
2021-07-20 12:00:00,0.91831,0.92186,0.91729,0.92086,10676,0,0
2021-07-20 16:00:00,0.92087,0.92328,0.92074,0.92184,13030,0,0
2021-07-20 20:00:00,0.92184,0.92214,0.92099,0.92133,3229,0,0
2021-07-21 00:00:00,0.92165,0.92165,0.92099,0.92142,930,0,0
2021-07-21 04:00:00,0.92142,0.92193,0.92104,0.92126,1561,0,0
2021-07-21 08:00:00,0.92126,0.92314,0.92073,0.92105,6379,0,0
2021-07-21 12:00:00,0.92105,0.9223,0.92104,0.92184,6421,0,0
2021-07-21 16:00:00,0.92184,0.92209,0.91766,0.91835,8911,0,0
2021-07-21 20:00:00,0.91834,0.91855,0.91698,0.91764,3222,0,0
2021-07-22 00:00:00,0.9174,0.91798,0.91695,0.91795,874,0,0
2021-07-22 04:00:00,0.91795,0.91801,0.91716,0.91738,1848,0,0
2021-07-22 08:00:00,0.91739,0.91913,0.91648,0.91776,6258,0,0
2021-07-22 12:00:00,0.91777,0.9199,0.91712,0.91754,9941,0,0
2021-07-22 16:00:00,0.91757,0.92001,0.91549,0.91976,11488,0,0
2021-07-22 20:00:00,0.91975,0.92017,0.91862,0.91901,3470,0,0
2021-07-23 00:00:00,0.91849,0.91927,0.91849,0.91881,1024,0,0
2021-07-23 04:00:00,0.91881,0.92008,0.91866,0.91997,1094,0,0
2021-07-23 08:00:00,0.91997,0.9208,0.91898,0.92048,5350,0,0
2021-07-23 12:00:00,0.92048,0.9222,0.9199,0.91996,8217,0,0
2021-07-23 16:00:00,0.91996,0.92156,0.91965,0.92055,8341,0,0
2021-07-23 20:00:00,0.92055,0.92055,0.91936,0.91955,1987,0,0
2021-07-26 00:00:00,0.91932,0.92024,0.91902,0.92002,777,0,0
2021-07-26 04:00:00,0.92002,0.92004,0.91861,0.91869,1951,0,0
2021-07-26 08:00:00,0.91869,0.91935,0.91664,0.91828,6406,0,0
2021-07-26 12:00:00,0.91828,0.91948,0.91739,0.91924,7202,0,0
2021-07-26 16:00:00,0.91924,0.91952,0.91536,0.91544,8084,0,0
2021-07-26 20:00:00,0.91544,0.91609,0.91487,0.91577,2501,0,0
2021-07-27 00:00:00,0.91595,0.91595,0.91482,0.91516,972,0,0
2021-07-27 04:00:00,0.91516,0.91623,0.91516,0.91591,2147,0,0
2021-07-27 08:00:00,0.91591,0.91811,0.91588,0.91719,6510,0,0
2021-07-27 12:00:00,0.9172,0.91866,0.91421,0.91424,7597,0,0
2021-07-27 16:00:00,0.91424,0.91581,0.9132,0.91325,9918,0,0
2021-07-27 20:00:00,0.91326,0.91464,0.91292,0.91457,2611,0,0
2021-07-28 00:00:00,0.91421,0.91523,0.9133,0.9152,1148,0,0
2021-07-28 04:00:00,0.9152,0.91526,0.91426,0.91497,1894,0,0
2021-07-28 08:00:00,0.91496,0.91597,0.9132,0.91336,4718,0,0
2021-07-28 12:00:00,0.91336,0.91642,0.91336,0.91586,6225,0,0
2021-07-28 16:00:00,0.91589,0.91675,0.91286,0.91299,8605,0,0
2021-07-28 20:00:00,0.91298,0.91578,0.90998,0.91008,11248,0,0
2021-07-29 00:00:00,0.90958,0.9101,0.90958,0.90983,1084,0,0
2021-07-29 04:00:00,0.90983,0.90992,0.90866,0.909,2427,0,0
2021-07-29 08:00:00,0.90901,0.90949,0.90758,0.90811,6151,0,0
2021-07-29 12:00:00,0.90812,0.90924,0.90725,0.90773,6744,0,0
2021-07-29 16:00:00,0.90771,0.90827,0.9055,0.90638,6612,0,0
2021-07-29 20:00:00,0.90638,0.9066,0.90543,0.90613,2424,0,0
2021-07-30 00:00:00,0.90578,0.90637,0.90537,0.90627,1133,0,0
2021-07-30 04:00:00,0.90625,0.90709,0.90615,0.90696,1819,0,0
2021-07-30 08:00:00,0.90692,0.90756,0.90479,0.90489,4961,0,0
2021-07-30 12:00:00,0.90489,0.90692,0.90395,0.90634,6295,0,0
2021-07-30 16:00:00,0.90632,0.90748,0.90546,0.9063,9322,0,0
2021-07-30 20:00:00,0.90631,0.90658,0.90492,0.90525,3779,0,0
2021-08-02 00:00:00,0.90498,0.9063,0.90498,0.90597,1315,0,0
2021-08-02 04:00:00,0.90597,0.90656,0.90547,0.90582,1657,0,0
2021-08-02 08:00:00,0.90582,0.90647,0.90476,0.90548,4310,0,0
2021-08-02 12:00:00,0.90548,0.90674,0.90463,0.90662,5248,0,0
2021-08-02 16:00:00,0.90659,0.90659,0.90376,0.90517,8824,0,0
2021-08-02 20:00:00,0.90517,0.90568,0.90494,0.90513,2701,0,0
2021-08-03 00:00:00,0.90532,0.90552,0.90444,0.90548,1262,0,0
2021-08-03 04:00:00,0.90548,0.90578,0.90488,0.90496,2755,0,0
2021-08-03 08:00:00,0.90496,0.90576,0.9043,0.90438,5685,0,0
2021-08-03 12:00:00,0.90439,0.90472,0.9023,0.90281,5451,0,0
2021-08-03 16:00:00,0.90276,0.90483,0.90261,0.90397,8364,0,0
2021-08-03 20:00:00,0.90397,0.90469,0.9039,0.90402,2327,0,0
2021-08-04 00:00:00,0.90329,0.90427,0.90324,0.9042,819,0,0
2021-08-04 04:00:00,0.9042,0.9042,0.90336,0.90371,1737,0,0
2021-08-04 08:00:00,0.90371,0.90609,0.90334,0.90565,4134,0,0
2021-08-04 12:00:00,0.90565,0.90579,0.90248,0.90249,5281,0,0
2021-08-04 16:00:00,0.9025,0.90761,0.90185,0.9063,11274,0,0
2021-08-04 20:00:00,0.90629,0.90659,0.90599,0.90638,2358,0,0
2021-08-05 00:00:00,0.9066,0.90733,0.90582,0.90731,1071,0,0
2021-08-05 04:00:00,0.90731,0.90768,0.9069,0.90724,1667,0,0
2021-08-05 08:00:00,0.90724,0.90779,0.90528,0.90648,4571,0,0
2021-08-05 12:00:00,0.90646,0.90726,0.90514,0.90702,6572,0,0
2021-08-05 16:00:00,0.90702,0.90734,0.90581,0.90666,8283,0,0
2021-08-05 20:00:00,0.90666,0.90684,0.90621,0.90671,2359,0,0
2021-08-06 00:00:00,0.90662,0.90734,0.90632,0.90729,833,0,0
2021-08-06 04:00:00,0.90728,0.90818,0.90722,0.90786,1371,0,0
2021-08-06 08:00:00,0.90787,0.90829,0.90684,0.908,5258,0,0
2021-08-06 12:00:00,0.90799,0.91085,0.90777,0.91054,8318,0,0
2021-08-06 16:00:00,0.91055,0.91564,0.91033,0.91547,10698,0,0
2021-08-06 20:00:00,0.91547,0.91547,0.91444,0.91503,3297,0,0
2021-08-09 00:00:00,0.91388,0.91633,0.91388,0.91574,2739,0,0
2021-08-09 04:00:00,0.91574,0.91574,0.9148,0.91486,1969,0,0
2021-08-09 08:00:00,0.91486,0.91679,0.91456,0.9167,5809,0,0
2021-08-09 12:00:00,0.9167,0.91739,0.91584,0.91695,5729,0,0
2021-08-09 16:00:00,0.91696,0.91996,0.91634,0.91976,7375,0,0
2021-08-09 20:00:00,0.91976,0.92072,0.91952,0.92058,2838,0,0
2021-08-10 00:00:00,0.91924,0.92097,0.91904,0.92017,1115,0,0
2021-08-10 04:00:00,0.92017,0.92052,0.9195,0.92008,1486,0,0
2021-08-10 08:00:00,0.92008,0.92181,0.9197,0.92102,5006,0,0
2021-08-10 12:00:00,0.92102,0.92328,0.92084,0.92314,5355,0,0
2021-08-10 16:00:00,0.92314,0.92339,0.92207,0.9233,6894,0,0
2021-08-10 20:00:00,0.9233,0.92344,0.92268,0.92284,2346,0,0
2021-08-11 00:00:00,0.92137,0.92323,0.92137,0.9232,2198,0,0
2021-08-11 04:00:00,0.92321,0.92331,0.92202,0.92276,1397,0,0
2021-08-11 08:00:00,0.92276,0.92423,0.92264,0.92372,4013,0,0
2021-08-11 12:00:00,0.92371,0.92395,0.92026,0.92142,6235,0,0
2021-08-11 16:00:00,0.92141,0.92259,0.9205,0.92103,7390,0,0
2021-08-11 20:00:00,0.92104,0.92212,0.92051,0.92178,3035,0,0
2021-08-12 00:00:00,0.92166,0.92198,0.9208,0.92172,1080,0,0
2021-08-12 04:00:00,0.92172,0.92214,0.92125,0.92166,1165,0,0
2021-08-12 08:00:00,0.92161,0.92238,0.92117,0.92148,3725,0,0
2021-08-12 12:00:00,0.92148,0.92323,0.92136,0.92233,4209,0,0
2021-08-12 16:00:00,0.9224,0.92371,0.92233,0.92327,4756,0,0
2021-08-12 20:00:00,0.92328,0.92397,0.92304,0.92341,2411,0,0
2021-08-13 00:00:00,0.92208,0.92349,0.92208,0.92328,899,0,0
2021-08-13 04:00:00,0.92328,0.92337,0.92288,0.92314,1155,0,0
2021-08-13 08:00:00,0.92314,0.92391,0.92248,0.92256,2749,0,0
2021-08-13 12:00:00,0.92255,0.92271,0.91973,0.91994,3854,0,0
2021-08-13 16:00:00,0.91995,0.92013,0.9151,0.9157,7239,0,0
2021-08-13 20:00:00,0.91569,0.91582,0.91513,0.91526,2552,0,0
2021-08-16 00:00:00,0.9152,0.91591,0.91498,0.91541,843,0,0
2021-08-16 04:00:00,0.91541,0.9163,0.91486,0.91585,1368,0,0
2021-08-16 08:00:00,0.91585,0.91637,0.91281,0.91287,4259,0,0
2021-08-16 12:00:00,0.91287,0.91453,0.91278,0.91335,5842,0,0
2021-08-16 16:00:00,0.91335,0.91344,0.91092,0.91246,6906,0,0
2021-08-16 20:00:00,0.91245,0.91257,0.91208,0.91245,1829,0,0
2021-08-17 00:00:00,0.9118,0.91303,0.91175,0.913,1468,0,0
2021-08-17 04:00:00,0.913,0.91364,0.91274,0.9135,2118,0,0
2021-08-17 08:00:00,0.9135,0.9136,0.9101,0.91063,5175,0,0
2021-08-17 12:00:00,0.91063,0.91264,0.90997,0.91226,6568,0,0
2021-08-17 16:00:00,0.91225,0.91489,0.91169,0.91468,8651,0,0
2021-08-17 20:00:00,0.91468,0.91517,0.91389,0.91486,3031,0,0
2021-08-18 00:00:00,0.91392,0.91528,0.91366,0.91477,1206,0,0
2021-08-18 04:00:00,0.91477,0.91482,0.9136,0.91421,2744,0,0
2021-08-18 08:00:00,0.91421,0.91456,0.91272,0.91324,3983,0,0
2021-08-18 12:00:00,0.91324,0.91638,0.91296,0.91563,5073,0,0
2021-08-18 16:00:00,0.91563,0.91966,0.9153,0.91811,7454,0,0
2021-08-18 20:00:00,0.91809,0.91823,0.91491,0.91693,6918,0,0
2021-08-19 00:00:00,0.91643,0.91912,0.9153,0.91875,2539,0,0
2021-08-19 04:00:00,0.91874,0.9207,0.91865,0.91978,2734,0,0
2021-08-19 08:00:00,0.91978,0.91998,0.91454,0.91615,7112,0,0
2021-08-19 12:00:00,0.91615,0.91768,0.9156,0.91699,6965,0,0
2021-08-19 16:00:00,0.91699,0.91869,0.91671,0.91736,9067,0,0
2021-08-19 20:00:00,0.91737,0.91907,0.91736,0.91862,4367,0,0
2021-08-20 00:00:00,0.91844,0.919,0.91791,0.918,1064,0,0
2021-08-20 04:00:00,0.918,0.91806,0.9161,0.91653,2683,0,0
2021-08-20 08:00:00,0.91652,0.91846,0.91588,0.91787,5802,0,0
2021-08-20 12:00:00,0.91788,0.91865,0.9163,0.91836,4663,0,0
2021-08-20 16:00:00,0.91836,0.91849,0.91638,0.91676,7718,0,0
2021-08-20 20:00:00,0.91676,0.91799,0.91656,0.91702,2426,0,0
2021-08-23 00:00:00,0.91636,0.91777,0.91636,0.91727,1274,0,0
2021-08-23 04:00:00,0.91727,0.91743,0.91576,0.91643,1937,0,0
2021-08-23 08:00:00,0.91642,0.91696,0.91402,0.91407,4752,0,0
2021-08-23 12:00:00,0.91407,0.91781,0.91402,0.91628,5512,0,0
2021-08-23 16:00:00,0.91626,0.91628,0.91271,0.91317,8145,0,0
2021-08-23 20:00:00,0.91316,0.91317,0.91224,0.91238,2212,0,0
2021-08-24 00:00:00,0.9118,0.91316,0.9118,0.91301,1104,0,0
2021-08-24 04:00:00,0.91301,0.91344,0.91275,0.91313,1360,0,0
2021-08-24 08:00:00,0.91313,0.91367,0.91222,0.91312,4144,0,0
2021-08-24 12:00:00,0.91314,0.9136,0.91106,0.91138,4971,0,0
2021-08-24 16:00:00,0.91138,0.91332,0.91108,0.91291,8229,0,0
2021-08-24 20:00:00,0.91291,0.91393,0.91262,0.91283,2250,0,0
2021-08-25 00:00:00,0.91159,0.91471,0.91145,0.9146,1189,0,0
2021-08-25 04:00:00,0.91459,0.91532,0.9143,0.91454,1743,0,0
2021-08-25 08:00:00,0.91454,0.91513,0.91252,0.91301,4551,0,0
2021-08-25 12:00:00,0.913,0.91581,0.91278,0.91495,5456,0,0
2021-08-25 16:00:00,0.91502,0.9152,0.91312,0.91373,8770,0,0
2021-08-25 20:00:00,0.91373,0.91454,0.91299,0.91371,3549,0,0
2021-08-26 00:00:00,0.91358,0.91418,0.9123,0.91413,1369,0,0
2021-08-26 04:00:00,0.91413,0.91476,0.91394,0.91472,1949,0,0
2021-08-26 08:00:00,0.91467,0.91767,0.91411,0.91732,6118,0,0
2021-08-26 12:00:00,0.91732,0.91791,0.91535,0.91742,6688,0,0
2021-08-26 16:00:00,0.9174,0.91923,0.91695,0.91868,10380,0,0
2021-08-26 20:00:00,0.91868,0.91906,0.91791,0.91792,4034,0,0
2021-08-27 00:00:00,0.9171,0.91833,0.91696,0.91817,1666,0,0
2021-08-27 04:00:00,0.91815,0.91822,0.91626,0.91627,1857,0,0
2021-08-27 08:00:00,0.91627,0.91843,0.91568,0.91839,4212,0,0
2021-08-27 12:00:00,0.91839,0.91841,0.91718,0.9182,5249,0,0
2021-08-27 16:00:00,0.91816,0.91998,0.91061,0.91072,14039,0,0
2021-08-27 20:00:00,0.91072,0.91179,0.91069,0.9111,2809,0,0
2021-08-30 00:00:00,0.91111,0.91164,0.91059,0.91064,1762,0,0
2021-08-30 04:00:00,0.91064,0.91106,0.91013,0.91104,2226,0,0
2021-08-30 08:00:00,0.91103,0.91575,0.91083,0.91571,4112,0,0
2021-08-30 12:00:00,0.91571,0.91618,0.91446,0.91602,4141,0,0
2021-08-30 16:00:00,0.91602,0.91852,0.91523,0.91656,6709,0,0
2021-08-30 20:00:00,0.91656,0.91747,0.91633,0.9172,2208,0,0
2021-08-31 00:00:00,0.91632,0.91732,0.91581,0.91672,1771,0,0
2021-08-31 04:00:00,0.91672,0.91709,0.91513,0.91548,1612,0,0
2021-08-31 08:00:00,0.91546,0.91593,0.91413,0.91427,4309,0,0
2021-08-31 12:00:00,0.91424,0.91432,0.91145,0.91221,6913,0,0
2021-08-31 16:00:00,0.91222,0.9173,0.91171,0.91588,10805,0,0
2021-08-31 20:00:00,0.91588,0.91626,0.91483,0.91523,3402,0,0
2021-09-01 00:00:00,0.91446,0.91646,0.91446,0.91645,1461,0,0
2021-09-01 04:00:00,0.91645,0.91834,0.91639,0.91831,3079,0,0
2021-09-01 08:00:00,0.91831,0.91895,0.91707,0.91746,5874,0,0
2021-09-01 12:00:00,0.91746,0.91799,0.915,0.91503,6023,0,0
2021-09-01 16:00:00,0.91501,0.91639,0.91393,0.91465,8076,0,0
2021-09-01 20:00:00,0.91464,0.91587,0.91436,0.91562,3056,0,0
2021-09-02 00:00:00,0.91424,0.91566,0.91424,0.91515,1095,0,0
2021-09-02 04:00:00,0.91515,0.91573,0.91515,0.91571,1221,0,0
2021-09-02 08:00:00,0.91571,0.91604,0.91455,0.91558,4227,0,0
2021-09-02 12:00:00,0.91557,0.91679,0.91453,0.91606,5606,0,0
2021-09-02 16:00:00,0.91607,0.91659,0.91402,0.91546,7398,0,0
2021-09-02 20:00:00,0.91546,0.91546,0.91411,0.91428,3332,0,0
2021-09-03 00:00:00,0.91424,0.91458,0.91368,0.91403,1491,0,0
2021-09-03 04:00:00,0.91402,0.91445,0.91349,0.91444,2847,0,0
2021-09-03 08:00:00,0.91443,0.91456,0.91348,0.91414,3652,0,0
2021-09-03 12:00:00,0.91414,0.91592,0.91152,0.91386,8578,0,0
2021-09-03 16:00:00,0.91384,0.9149,0.91165,0.91348,10595,0,0
2021-09-03 20:00:00,0.91348,0.91439,0.91258,0.91388,3123,0,0
2021-09-06 00:00:00,0.91304,0.91453,0.91284,0.91435,1539,0,0
2021-09-06 04:00:00,0.91436,0.91499,0.91421,0.91476,1872,0,0
2021-09-06 08:00:00,0.91476,0.91612,0.91454,0.91564,4092,0,0
2021-09-06 12:00:00,0.91562,0.91656,0.9154,0.91642,4002,0,0
2021-09-06 16:00:00,0.91644,0.91686,0.91509,0.91515,3785,0,0
2021-09-06 20:00:00,0.91515,0.91537,0.9148,0.9148,2308,0,0
2021-09-07 00:00:00,0.91477,0.91538,0.91402,0.91409,1173,0,0
2021-09-07 04:00:00,0.91409,0.91433,0.91363,0.91433,2432,0,0
2021-09-07 08:00:00,0.91433,0.91557,0.91329,0.91416,6014,0,0
2021-09-07 12:00:00,0.91416,0.91564,0.91372,0.91557,7618,0,0
2021-09-07 16:00:00,0.91557,0.91889,0.91524,0.91873,9618,0,0
2021-09-07 20:00:00,0.91873,0.9199,0.91846,0.91951,3389,0,0
2021-09-08 00:00:00,0.91953,0.91974,0.91832,0.91906,1613,0,0
2021-09-08 04:00:00,0.91906,0.91965,0.91898,0.91948,2338,0,0
2021-09-08 08:00:00,0.91948,0.92059,0.91836,0.91988,6943,0,0
2021-09-08 12:00:00,0.91986,0.92138,0.91928,0.92138,7586,0,0
2021-09-08 16:00:00,0.92138,0.92349,0.9211,0.92207,9945,0,0
2021-09-08 20:00:00,0.92207,0.92238,0.92071,0.92213,4256,0,0
2021-09-09 00:00:00,0.92082,0.92232,0.92082,0.9218,1380,0,0
2021-09-09 04:00:00,0.92179,0.92186,0.92012,0.92063,2168,0,0
2021-09-09 08:00:00,0.92063,0.92085,0.91857,0.91909,5146,0,0
2021-09-09 12:00:00,0.91911,0.91989,0.91668,0.91861,8660,0,0
2021-09-09 16:00:00,0.9186,0.91959,0.91652,0.91669,9461,0,0
2021-09-09 20:00:00,0.91668,0.91714,0.9161,0.91663,3888,0,0
2021-09-10 00:00:00,0.91654,0.91685,0.91602,0.91657,1924,0,0
2021-09-10 04:00:00,0.91657,0.91699,0.91625,0.91675,2686,0,0
2021-09-10 08:00:00,0.91675,0.91712,0.91502,0.91529,4916,0,0
2021-09-10 12:00:00,0.91529,0.91837,0.91502,0.91754,5816,0,0
2021-09-10 16:00:00,0.91754,0.91843,0.91647,0.91792,7504,0,0
2021-09-10 20:00:00,0.91792,0.91848,0.91763,0.91814,2944,0,0
2021-09-13 00:00:00,0.91794,0.91894,0.91765,0.91887,2041,1,0
2021-09-13 04:00:00,0.91887,0.9192,0.91839,0.91915,1134,0,0
2021-09-13 08:00:00,0.91915,0.92162,0.91908,0.92133,4887,0,0
2021-09-13 12:00:00,0.92132,0.9241,0.92083,0.92274,5583,0,0
2021-09-13 16:00:00,0.92273,0.92278,0.92046,0.92182,6896,0,0
2021-09-13 20:00:00,0.92182,0.92303,0.9218,0.9222,3165,0,0
2021-09-14 00:00:00,0.92114,0.92262,0.92096,0.92256,2104,0,0
2021-09-14 04:00:00,0.92256,0.92279,0.92159,0.92192,1700,0,0
2021-09-14 08:00:00,0.92192,0.92234,0.92063,0.9218,5147,0,0
2021-09-14 12:00:00,0.92178,0.92251,0.91837,0.91887,7046,0,0
2021-09-14 16:00:00,0.91886,0.9209,0.91826,0.91892,8720,0,0
2021-09-14 20:00:00,0.91892,0.92008,0.91812,0.92005,3922,0,0
2021-09-15 00:00:00,0.92021,0.9204,0.91889,0.9201,1356,0,0
2021-09-15 04:00:00,0.9201,0.92036,0.91934,0.92022,1781,0,0
2021-09-15 08:00:00,0.92021,0.9205,0.91754,0.91785,5156,0,0
2021-09-15 12:00:00,0.91784,0.91928,0.91639,0.91874,7455,0,0
2021-09-15 16:00:00,0.91873,0.92016,0.91767,0.92012,8884,0,0
2021-09-15 20:00:00,0.92012,0.92054,0.91929,0.91976,2737,0,0
2021-09-16 00:00:00,0.91922,0.9202,0.91858,0.91989,1650,0,0
2021-09-16 04:00:00,0.91987,0.92042,0.9194,0.92018,1575,0,0
2021-09-16 08:00:00,0.92018,0.92387,0.91984,0.92382,6455,0,0
2021-09-16 12:00:00,0.92382,0.92692,0.92285,0.92641,8658,0,0
2021-09-16 16:00:00,0.92644,0.92717,0.92455,0.92603,9034,0,0
2021-09-16 20:00:00,0.92602,0.92779,0.92587,0.92772,4447,0,0
2021-09-17 00:00:00,0.92753,0.92791,0.92714,0.92769,1271,0,0
2021-09-17 04:00:00,0.92769,0.92808,0.92642,0.92671,1826,0,0
2021-09-17 08:00:00,0.92669,0.92735,0.92597,0.92729,5696,0,0
2021-09-17 12:00:00,0.9273,0.92846,0.9266,0.9283,7336,0,0
2021-09-17 16:00:00,0.9283,0.93228,0.9281,0.93224,9553,0,0
2021-09-17 20:00:00,0.93222,0.93247,0.9315,0.93227,3536,0,0
2021-09-20 00:00:00,0.93149,0.93258,0.9309,0.93226,1435,0,0
2021-09-20 04:00:00,0.93226,0.93328,0.93214,0.93223,2974,0,0
2021-09-20 08:00:00,0.93223,0.93328,0.93125,0.93152,5121,0,0
2021-09-20 12:00:00,0.93152,0.933,0.9285,0.9286,7143,0,0
2021-09-20 16:00:00,0.9286,0.92993,0.92709,0.92785,8578,0,0
2021-09-20 20:00:00,0.92785,0.92808,0.92753,0.92776,3231,0,0
2021-09-21 00:00:00,0.92697,0.92816,0.92694,0.92775,1292,0,0
2021-09-21 04:00:00,0.92775,0.92809,0.92653,0.92769,2113,0,0
2021-09-21 08:00:00,0.92769,0.92836,0.92535,0.9257,5907,0,0
2021-09-21 12:00:00,0.9257,0.92584,0.92345,0.92354,7369,0,0
2021-09-21 16:00:00,0.92354,0.9249,0.92252,0.92339,9247,0,0
2021-09-21 20:00:00,0.92338,0.9244,0.92307,0.92357,3463,0,0
2021-09-22 00:00:00,0.92354,0.92431,0.92265,0.92419,1677,0,0
2021-09-22 04:00:00,0.92418,0.92488,0.92375,0.92471,3599,0,0
2021-09-22 08:00:00,0.92471,0.92503,0.92226,0.92231,5119,0,0
2021-09-22 12:00:00,0.9223,0.92286,0.92166,0.92238,5324,0,0
2021-09-22 16:00:00,0.92238,0.9233,0.9216,0.92303,7209,0,0
2021-09-22 20:00:00,0.92303,0.9273,0.92154,0.92644,14681,0,0
2021-09-23 00:00:00,0.9257,0.92736,0.92478,0.92687,1522,0,0
2021-09-23 04:00:00,0.92687,0.92735,0.92603,0.92607,2227,0,0
2021-09-23 08:00:00,0.92607,0.92625,0.9229,0.92381,7104,0,0
2021-09-23 12:00:00,0.92381,0.92554,0.92292,0.92357,9568,0,0
2021-09-23 16:00:00,0.92357,0.92485,0.92174,0.92347,9595,0,0
2021-09-23 20:00:00,0.92346,0.92525,0.92272,0.92463,3380,0,0
2021-09-24 00:00:00,0.92245,0.92481,0.92245,0.92419,2007,0,0
2021-09-24 04:00:00,0.92418,0.92516,0.92418,0.92506,1910,0,0
2021-09-24 08:00:00,0.92506,0.92607,0.92382,0.92405,6393,0,0
2021-09-24 12:00:00,0.92405,0.92524,0.92222,0.92518,6645,0,0
2021-09-24 16:00:00,0.92518,0.92578,0.92403,0.92488,8557,0,0
2021-09-24 20:00:00,0.92488,0.9253,0.92417,0.92439,3080,0,0
2021-09-27 00:00:00,0.92405,0.92514,0.92386,0.9251,1797,0,0
2021-09-27 04:00:00,0.9251,0.92564,0.92463,0.92554,2184,0,0
2021-09-27 08:00:00,0.92554,0.9291,0.92552,0.92833,7644,0,0
2021-09-27 12:00:00,0.92834,0.92861,0.92597,0.92682,9926,0,0
2021-09-27 16:00:00,0.92681,0.92836,0.92488,0.9258,9941,0,0
2021-09-27 20:00:00,0.92579,0.92616,0.92512,0.92584,3497,0,0
2021-09-28 00:00:00,0.92551,0.92662,0.92516,0.92648,1441,0,0
2021-09-28 04:00:00,0.92648,0.92696,0.92599,0.92629,1882,0,0
2021-09-28 08:00:00,0.92629,0.9295,0.926,0.92783,8751,0,0
2021-09-28 12:00:00,0.92783,0.92944,0.92676,0.92848,11149,0,0
2021-09-28 16:00:00,0.92848,0.93018,0.9266,0.9289,12888,0,0
2021-09-28 20:00:00,0.92889,0.93009,0.92889,0.9293,4591,0,0
2021-09-29 00:00:00,0.92915,0.92986,0.92814,0.92977,1687,0,0
2021-09-29 04:00:00,0.92975,0.92991,0.92805,0.92931,1874,0,0
2021-09-29 08:00:00,0.92931,0.93071,0.92851,0.92945,8025,0,0
2021-09-29 12:00:00,0.92944,0.93032,0.928,0.93016,9261,0,0
2021-09-29 16:00:00,0.93015,0.935,0.92965,0.93498,10578,0,0
2021-09-29 20:00:00,0.93499,0.93552,0.93432,0.93456,4874,0,0
2021-09-30 00:00:00,0.93368,0.93476,0.93332,0.9338,1265,0,0
2021-09-30 04:00:00,0.9338,0.93419,0.93304,0.93336,1780,0,0
2021-09-30 08:00:00,0.93335,0.93506,0.93285,0.93443,7184,0,0
2021-09-30 12:00:00,0.93442,0.93683,0.93366,0.93371,8280,0,0
2021-09-30 16:00:00,0.9337,0.93564,0.93212,0.93409,13368,0,0
2021-09-30 20:00:00,0.9341,0.9344,0.93149,0.93159,5770,0,0
2021-10-01 00:00:00,0.93161,0.93331,0.93067,0.93306,1754,0,0
2021-10-01 04:00:00,0.93305,0.93332,0.93129,0.93152,2154,0,0
2021-10-01 08:00:00,0.93152,0.93231,0.93,0.93191,6910,0,0
2021-10-01 12:00:00,0.93192,0.93376,0.92835,0.9284,9224,0,0
2021-10-01 16:00:00,0.92841,0.9309,0.92814,0.92982,11831,0,0
2021-10-01 20:00:00,0.92985,0.931,0.9295,0.93053,3360,0,0
2021-10-04 00:00:00,0.93006,0.93028,0.92893,0.93005,2145,0,0
2021-10-04 04:00:00,0.93005,0.9311,0.92991,0.93088,1787,0,0
2021-10-04 08:00:00,0.93082,0.93104,0.92892,0.92904,6158,0,0
2021-10-04 12:00:00,0.92904,0.92919,0.9242,0.92499,7161,0,0
2021-10-04 16:00:00,0.92498,0.92538,0.92306,0.92456,9375,0,0
2021-10-04 20:00:00,0.92456,0.92508,0.92413,0.92454,3553,0,0
2021-10-05 00:00:00,0.92475,0.92557,0.92381,0.92546,1305,0,0
2021-10-05 04:00:00,0.92546,0.92666,0.92534,0.92665,1834,0,0
2021-10-05 08:00:00,0.92666,0.92706,0.9259,0.92648,6949,0,0
2021-10-05 12:00:00,0.92648,0.92752,0.92608,0.9275,5898,0,0
2021-10-05 16:00:00,0.92752,0.92881,0.92619,0.92768,9071,0,0
2021-10-05 20:00:00,0.92768,0.92839,0.92736,0.92823,2677,0,0
2021-10-06 00:00:00,0.92756,0.92914,0.92756,0.92886,1185,0,0
2021-10-06 04:00:00,0.92886,0.92976,0.92857,0.92962,2047,0,0
2021-10-06 08:00:00,0.92962,0.9307,0.9291,0.93014,7776,0,0
2021-10-06 12:00:00,0.93015,0.93077,0.9283,0.92867,10220,0,0
2021-10-06 16:00:00,0.92864,0.92926,0.9272,0.92825,8958,0,0
2021-10-06 20:00:00,0.92825,0.92844,0.92715,0.92733,3933,0,0
2021-10-07 00:00:00,0.92722,0.92792,0.92682,0.9279,1446,0,0
2021-10-07 04:00:00,0.9279,0.9284,0.92741,0.92748,1408,0,0
2021-10-07 08:00:00,0.92749,0.92836,0.92632,0.92709,5047,0,0
2021-10-07 12:00:00,0.92712,0.92757,0.92529,0.92728,6813,0,0
2021-10-07 16:00:00,0.92729,0.92852,0.92595,0.92841,8893,0,0
2021-10-07 20:00:00,0.92841,0.92923,0.92759,0.92894,4356,0,0
2021-10-08 00:00:00,0.92747,0.9294,0.92724,0.92895,1155,0,0
2021-10-08 04:00:00,0.92894,0.92998,0.92883,0.92991,1935,0,0
2021-10-08 08:00:00,0.9299,0.93056,0.9294,0.93028,4732,0,0
2021-10-08 12:00:00,0.9303,0.93043,0.92587,0.9266,8061,0,0
2021-10-08 16:00:00,0.92659,0.92886,0.92611,0.92751,9811,0,0
2021-10-08 20:00:00,0.92752,0.9278,0.92628,0.92701,3326,0,0
2021-10-11 00:00:00,0.92654,0.92796,0.92635,0.92746,1108,0,0
2021-10-11 04:00:00,0.92746,0.92879,0.92725,0.92821,1694,0,0
2021-10-11 08:00:00,0.9282,0.92845,0.92594,0.92652,5786,0,0
2021-10-11 12:00:00,0.92652,0.92824,0.92612,0.92721,5432,0,0
2021-10-11 16:00:00,0.92719,0.92744,0.92502,0.9274,5704,0,0
2021-10-11 20:00:00,0.92739,0.92801,0.9271,0.92769,3015,0,0
2021-10-12 00:00:00,0.92768,0.92798,0.92706,0.92774,840,0,0
2021-10-12 04:00:00,0.92781,0.92791,0.92734,0.92787,1353,0,0
2021-10-12 08:00:00,0.92786,0.92794,0.92571,0.92783,5347,0,0
2021-10-12 12:00:00,0.9278,0.93089,0.92688,0.93026,7223,0,0
2021-10-12 16:00:00,0.93024,0.93124,0.92886,0.93122,8908,0,0
2021-10-12 20:00:00,0.93122,0.93133,0.93026,0.93071,3391,0,0
2021-10-13 00:00:00,0.93035,0.93085,0.92982,0.92995,1358,0,0
2021-10-13 04:00:00,0.92993,0.93004,0.92877,0.92931,1585,0,0
2021-10-13 08:00:00,0.92929,0.92986,0.92817,0.92854,4476,0,0
2021-10-13 12:00:00,0.92855,0.92987,0.92701,0.92912,7944,0,0
2021-10-13 16:00:00,0.92916,0.92969,0.92518,0.92524,10919,0,0
2021-10-13 20:00:00,0.92525,0.92525,0.92354,0.92387,4918,0,0
2021-10-14 00:00:00,0.92387,0.92433,0.92336,0.92342,939,0,0
2021-10-14 04:00:00,0.92342,0.92441,0.92324,0.92337,1601,0,0
2021-10-14 08:00:00,0.92339,0.9235,0.91986,0.92031,5569,0,0
2021-10-14 12:00:00,0.92031,0.92197,0.91943,0.92101,6900,0,0
2021-10-14 16:00:00,0.921,0.92403,0.92096,0.92373,7883,0,0
2021-10-14 20:00:00,0.92376,0.9241,0.92296,0.92369,2870,0,0
2021-10-15 00:00:00,0.92287,0.92459,0.92238,0.92436,1518,0,0
2021-10-15 04:00:00,0.92434,0.92434,0.92282,0.92291,2301,0,0
2021-10-15 08:00:00,0.9229,0.92388,0.9225,0.9232,5833,0,0
2021-10-15 12:00:00,0.92319,0.92641,0.92288,0.92609,7418,0,0
2021-10-15 16:00:00,0.92606,0.92609,0.92247,0.92401,9322,0,0
2021-10-15 20:00:00,0.92402,0.92417,0.9222,0.92316,2442,0,0
2021-10-18 00:00:00,0.92293,0.92442,0.92277,0.92433,2925,0,0
2021-10-18 04:00:00,0.92429,0.92519,0.92362,0.92508,2185,0,0
2021-10-18 08:00:00,0.9251,0.92644,0.92467,0.92638,6083,0,0
2021-10-18 12:00:00,0.92637,0.92732,0.9227,0.92399,8388,0,0
2021-10-18 16:00:00,0.92399,0.92472,0.92233,0.92242,8018,0,0
2021-10-18 20:00:00,0.92244,0.92382,0.92241,0.92378,2695,0,0
2021-10-19 00:00:00,0.92366,0.92392,0.92244,0.92273,1032,0,0
2021-10-19 04:00:00,0.92273,0.92279,0.92061,0.9212,1966,0,0
2021-10-19 08:00:00,0.9212,0.92127,0.91897,0.91935,6662,0,0
2021-10-19 12:00:00,0.91936,0.92005,0.91851,0.91994,7986,0,0
2021-10-19 16:00:00,0.91993,0.92322,0.91909,0.92278,8372,0,0
2021-10-19 20:00:00,0.92278,0.92328,0.92218,0.92298,2953,0,0
2021-10-20 00:00:00,0.92293,0.92418,0.92097,0.92413,1471,0,0
2021-10-20 04:00:00,0.92411,0.92437,0.92327,0.92372,2723,0,0
2021-10-20 08:00:00,0.92371,0.92524,0.92346,0.92472,6709,0,0
2021-10-20 12:00:00,0.92469,0.92482,0.92166,0.92202,6307,0,0
2021-10-20 16:00:00,0.92202,0.9221,0.91888,0.91898,8770,0,0
2021-10-20 20:00:00,0.91896,0.9195,0.91864,0.91885,4331,0,0
2021-10-21 00:00:00,0.91871,0.9192,0.91845,0.91888,1118,0,0
2021-10-21 04:00:00,0.9189,0.9195,0.9185,0.91894,2279,0,0
2021-10-21 08:00:00,0.91894,0.92063,0.91855,0.91961,5820,0,0
2021-10-21 12:00:00,0.91958,0.91964,0.91736,0.91786,6828,0,0
2021-10-21 16:00:00,0.91786,0.91881,0.91706,0.91805,8571,0,0
2021-10-21 20:00:00,0.91808,0.91898,0.91788,0.91823,3361,0,0
2021-10-22 00:00:00,0.91787,0.91856,0.91773,0.91832,1238,0,0
2021-10-22 04:00:00,0.91831,0.91846,0.91755,0.91792,2089,0,0
2021-10-22 08:00:00,0.91792,0.91824,0.91653,0.9171,5093,0,0
2021-10-22 12:00:00,0.91708,0.91775,0.91626,0.91634,6363,0,0
2021-10-22 16:00:00,0.91635,0.91754,0.91511,0.91663,11116,0,0
2021-10-22 20:00:00,0.91663,0.9175,0.91589,0.91605,3359,0,0
2021-10-25 00:00:00,0.91585,0.91695,0.91538,0.91615,1950,0,0
2021-10-25 04:00:00,0.91614,0.91714,0.915,0.91517,2032,0,0
2021-10-25 08:00:00,0.91522,0.91799,0.91518,0.91747,5466,0,0
2021-10-25 12:00:00,0.91747,0.92025,0.91715,0.9199,7760,0,0
2021-10-25 16:00:00,0.91988,0.91998,0.91772,0.9199,8391,0,0
2021-10-25 20:00:00,0.91989,0.91995,0.91902,0.91987,2467,0,0
2021-10-26 00:00:00,0.91986,0.92074,0.91804,0.92064,1300,0,0
2021-10-26 04:00:00,0.92062,0.92092,0.92044,0.92065,1412,0,0
2021-10-26 08:00:00,0.92069,0.92264,0.92008,0.92139,5303,0,0
2021-10-26 12:00:00,0.92139,0.92156,0.91872,0.91955,7125,0,0
2021-10-26 16:00:00,0.91954,0.92097,0.91898,0.92045,7688,0,0
2021-10-26 20:00:00,0.92047,0.92053,0.91949,0.91976,2603,0,0
2021-10-27 00:00:00,0.9198,0.92002,0.91915,0.91983,1348,0,0
2021-10-27 04:00:00,0.91978,0.91995,0.91902,0.91914,1271,0,0
2021-10-27 08:00:00,0.91913,0.91995,0.91719,0.91816,5450,0,0
2021-10-27 12:00:00,0.91816,0.92038,0.91731,0.91772,8495,0,0
2021-10-27 16:00:00,0.91771,0.91871,0.91644,0.91777,11268,0,0
2021-10-27 20:00:00,0.91779,0.91832,0.91674,0.91807,3608,0,0
2021-10-28 00:00:00,0.9181,0.91901,0.91638,0.91866,1424,0,0
2021-10-28 04:00:00,0.91866,0.91899,0.91738,0.9184,1592,0,0
2021-10-28 08:00:00,0.9184,0.91941,0.91663,0.91858,6830,0,0
2021-10-28 12:00:00,0.91858,0.91949,0.91667,0.91685,10497,0,0
2021-10-28 16:00:00,0.91682,0.91704,0.91161,0.91226,14266,0,0
2021-10-28 20:00:00,0.91228,0.91288,0.91154,0.91194,4477,0,0
2021-10-29 00:00:00,0.91125,0.91196,0.91115,0.91126,2118,0,0
2021-10-29 04:00:00,0.91123,0.91227,0.91083,0.91224,1789,0,0
2021-10-29 08:00:00,0.91223,0.9125,0.91025,0.91177,5984,0,0
2021-10-29 12:00:00,0.9117,0.91294,0.91059,0.91189,7928,0,0
2021-10-29 16:00:00,0.91189,0.9176,0.91133,0.91681,13647,0,0
2021-10-29 20:00:00,0.9168,0.91682,0.91502,0.91515,4023,0,0
2021-11-01 00:00:00,0.91529,0.91656,0.9149,0.91622,1364,0,0
2021-11-01 04:00:00,0.91622,0.91715,0.91577,0.91679,2064,0,0
2021-11-01 08:00:00,0.9168,0.91714,0.915,0.91621,4799,0,0
2021-11-01 12:00:00,0.9162,0.91623,0.91257,0.9127,6555,0,0
2021-11-01 16:00:00,0.9127,0.91314,0.91048,0.91102,7970,0,0
2021-11-01 20:00:00,0.91102,0.91102,0.90882,0.90918,4087,0,0
2021-11-02 00:00:00,0.90893,0.9104,0.90854,0.9102,2105,0,0
2021-11-02 04:00:00,0.9102,0.91089,0.90907,0.90927,2103,0,0
2021-11-02 08:00:00,0.90928,0.91177,0.90902,0.91169,4400,0,0
2021-11-02 12:00:00,0.91174,0.91375,0.91124,0.91289,7046,0,0
2021-11-02 16:00:00,0.91292,0.91504,0.9127,0.91468,8850,0,0
2021-11-02 20:00:00,0.91465,0.91478,0.91384,0.9146,3261,0,0
2021-11-03 00:00:00,0.91449,0.9151,0.91377,0.91455,851,0,0
2021-11-03 04:00:00,0.91455,0.91482,0.91357,0.91379,1269,0,0
2021-11-03 08:00:00,0.9138,0.91456,0.91223,0.91262,3260,0,0
2021-11-03 12:00:00,0.9126,0.91283,0.91058,0.91194,6000,0,0
2021-11-03 16:00:00,0.91195,0.91384,0.9119,0.91315,8908,0,0
2021-11-03 20:00:00,0.91315,0.9141,0.91049,0.91172,12646,0,0
2021-11-04 00:00:00,0.9117,0.91194,0.91114,0.91177,1650,0,0
2021-11-04 04:00:00,0.91177,0.91248,0.91161,0.91219,1794,0,0
2021-11-04 08:00:00,0.91219,0.91436,0.91211,0.91281,5122,0,0
2021-11-04 12:00:00,0.91279,0.91402,0.91229,0.91281,8137,0,0
2021-11-04 16:00:00,0.9128,0.9145,0.91193,0.91323,10609,0,0
2021-11-04 20:00:00,0.91321,0.91321,0.91208,0.91246,4005,0,0
2021-11-05 00:00:00,0.91259,0.91312,0.9123,0.91265,1083,0,0
2021-11-05 04:00:00,0.91264,0.91353,0.91204,0.91248,1929,0,0
2021-11-05 08:00:00,0.91249,0.91388,0.91221,0.91351,3320,0,0
2021-11-05 12:00:00,0.91352,0.91748,0.91347,0.91697,8242,0,0
2021-11-05 16:00:00,0.917,0.91719,0.91166,0.91187,11622,0,0
2021-11-05 20:00:00,0.91186,0.91276,0.91126,0.91212,3517,0,0
2021-11-08 00:00:00,0.9123,0.91347,0.91156,0.91345,2006,0,0
2021-11-08 04:00:00,0.91346,0.91386,0.91301,0.91342,1301,0,0
2021-11-08 08:00:00,0.91343,0.91503,0.91286,0.91483,5569,0,0
2021-11-08 12:00:00,0.91484,0.91569,0.91409,0.9154,5948,0,0
2021-11-08 16:00:00,0.91539,0.91578,0.91291,0.91366,7352,0,0
2021-11-08 20:00:00,0.91364,0.91381,0.91294,0.91355,2447,0,0
2021-11-09 00:00:00,0.91232,0.91399,0.91226,0.91359,1659,0,0
2021-11-09 04:00:00,0.91356,0.91364,0.91169,0.91206,2270,0,0
2021-11-09 08:00:00,0.91201,0.9139,0.91169,0.91285,5463,0,0
2021-11-09 12:00:00,0.91284,0.91541,0.91245,0.91314,7161,0,0
2021-11-09 16:00:00,0.91315,0.91459,0.91099,0.91112,10165,0,0
2021-11-09 20:00:00,0.91112,0.91164,0.91019,0.91107,3405,0,0
2021-11-10 00:00:00,0.91121,0.9119,0.91037,0.91144,1702,0,0
2021-11-10 04:00:00,0.91144,0.91295,0.91132,0.9129,1981,0,0
2021-11-10 08:00:00,0.9129,0.9138,0.91162,0.91234,6441,0,0
2021-11-10 12:00:00,0.91235,0.915,0.91173,0.91294,9356,0,0
2021-11-10 16:00:00,0.9129,0.91748,0.91186,0.91681,13813,0,0
2021-11-10 20:00:00,0.91681,0.91862,0.91654,0.91831,8045,0,0
2021-11-11 00:00:00,0.91778,0.91879,0.91707,0.91848,1712,0,0
2021-11-11 04:00:00,0.91847,0.919,0.91812,0.91876,1569,0,0
2021-11-11 08:00:00,0.91878,0.92122,0.9179,0.92093,5760,0,0
2021-11-11 12:00:00,0.92093,0.92247,0.91977,0.92192,7188,0,0
2021-11-11 16:00:00,0.92191,0.92232,0.92003,0.92107,7053,0,0
2021-11-11 20:00:00,0.92108,0.92201,0.9209,0.92096,2799,0,0
2021-11-12 00:00:00,0.92014,0.92277,0.92001,0.92268,2080,0,0
2021-11-12 04:00:00,0.92268,0.92296,0.92201,0.92201,1642,0,0
2021-11-12 08:00:00,0.92201,0.92242,0.92094,0.9222,4976,0,0
2021-11-12 12:00:00,0.92221,0.92352,0.92217,0.92278,5642,0,0
2021-11-12 16:00:00,0.92278,0.92379,0.92022,0.92081,9123,0,0
2021-11-12 20:00:00,0.92081,0.92134,0.92043,0.92123,2741,0,0
2021-11-15 00:00:00,0.92039,0.92135,0.91903,0.91903,1721,0,0
2021-11-15 04:00:00,0.91904,0.91997,0.91872,0.91953,1572,0,0
2021-11-15 08:00:00,0.91954,0.92137,0.91938,0.92025,5408,0,0
2021-11-15 12:00:00,0.92024,0.92104,0.91964,0.92026,6760,0,0
2021-11-15 16:00:00,0.92027,0.92419,0.91992,0.92351,9484,0,0
2021-11-15 20:00:00,0.92352,0.92572,0.92325,0.92514,4443,0,0
2021-11-16 00:00:00,0.92514,0.9258,0.92433,0.92468,2096,0,0
2021-11-16 04:00:00,0.92468,0.92483,0.92373,0.92474,1434,0,0
2021-11-16 08:00:00,0.92472,0.9278,0.92459,0.92725,5518,0,0
2021-11-16 12:00:00,0.92722,0.92874,0.92583,0.92708,8361,0,0
2021-11-16 16:00:00,0.9271,0.93094,0.92683,0.93075,11227,0,0
2021-11-16 20:00:00,0.93073,0.93119,0.92969,0.93019,5264,0,0
2021-11-17 00:00:00,0.92937,0.93078,0.92917,0.93023,2795,0,0
2021-11-17 04:00:00,0.93021,0.93297,0.93021,0.93221,3354,0,0
2021-11-17 08:00:00,0.9322,0.93223,0.9303,0.93162,6222,0,0
2021-11-17 12:00:00,0.93157,0.93199,0.92986,0.93187,6378,0,0
2021-11-17 16:00:00,0.93186,0.93201,0.92763,0.92836,8973,0,0
2021-11-17 20:00:00,0.92835,0.92895,0.92761,0.92819,5150,0,0
2021-11-18 00:00:00,0.92809,0.92879,0.92754,0.9282,2605,0,0
2021-11-18 04:00:00,0.92819,0.92874,0.92699,0.92862,3207,0,0
2021-11-18 08:00:00,0.92861,0.9292,0.92679,0.92717,6217,0,0
2021-11-18 12:00:00,0.92717,0.92777,0.92564,0.9274,8183,0,0
2021-11-18 16:00:00,0.92743,0.928,0.92509,0.92555,9621,0,0
2021-11-18 20:00:00,0.92556,0.92582,0.92526,0.92554,3088,0,0
2021-11-19 00:00:00,0.9252,0.92681,0.92507,0.9268,1714,0,0
2021-11-19 04:00:00,0.92679,0.92702,0.92602,0.92639,1397,0,0
2021-11-19 08:00:00,0.92639,0.92861,0.92501,0.92574,7928,0,0
2021-11-19 12:00:00,0.92574,0.92904,0.92536,0.92675,12041,0,0
2021-11-19 16:00:00,0.92672,0.92861,0.92567,0.92825,11574,0,0
2021-11-19 20:00:00,0.92826,0.92899,0.92802,0.92886,4097,0,0
2021-11-22 00:00:00,0.92776,0.93017,0.92764,0.92982,3938,0,0
2021-11-22 04:00:00,0.9298,0.92998,0.9287,0.92909,2609,0,0
2021-11-22 08:00:00,0.9291,0.9304,0.92751,0.92822,6617,0,0
2021-11-22 12:00:00,0.92825,0.92901,0.92669,0.92714,7421,0,0
2021-11-22 16:00:00,0.92715,0.93199,0.92714,0.93191,11209,0,0
2021-11-22 20:00:00,0.93191,0.93348,0.93149,0.93326,3943,0,0
2021-11-23 00:00:00,0.93129,0.93293,0.9312,0.93231,2913,0,0
2021-11-23 04:00:00,0.93232,0.93354,0.93222,0.93298,1599,0,0
2021-11-23 08:00:00,0.93297,0.93299,0.93014,0.93204,10374,0,0
2021-11-23 12:00:00,0.93204,0.93369,0.93031,0.93332,9994,0,0
2021-11-23 16:00:00,0.93332,0.93443,0.93178,0.93302,10673,0,0
2021-11-23 20:00:00,0.93303,0.93375,0.93299,0.9332,4667,0,0
2021-11-24 00:00:00,0.93274,0.93446,0.93158,0.934,1609,0,0
2021-11-24 04:00:00,0.93401,0.93451,0.93331,0.93359,1842,0,0
2021-11-24 08:00:00,0.93359,0.9359,0.93283,0.93563,7049,0,0
2021-11-24 12:00:00,0.93561,0.93688,0.93502,0.93544,9134,0,0
2021-11-24 16:00:00,0.93543,0.93736,0.93481,0.93518,12420,0,0
2021-11-24 20:00:00,0.93517,0.93522,0.93339,0.93395,3827,0,0
2021-11-25 00:00:00,0.93374,0.93429,0.93306,0.93401,1364,0,0
2021-11-25 04:00:00,0.93401,0.93402,0.93354,0.93373,1012,0,0
2021-11-25 08:00:00,0.93375,0.93378,0.93243,0.9336,4273,0,0
2021-11-25 12:00:00,0.93363,0.93452,0.93304,0.93376,5411,0,0
2021-11-25 16:00:00,0.93381,0.93616,0.93367,0.93568,4011,0,0
2021-11-25 20:00:00,0.93569,0.93598,0.93565,0.93568,4472,0,0
2021-11-26 00:00:00,0.93576,0.93596,0.93335,0.93399,3150,0,0
2021-11-26 04:00:00,0.93401,0.93447,0.93161,0.93191,2985,0,0
2021-11-26 08:00:00,0.93191,0.93223,0.92632,0.92648,14658,0,0
2021-11-26 12:00:00,0.92649,0.92738,0.92467,0.9255,12824,0,0
2021-11-26 16:00:00,0.92554,0.92669,0.92189,0.9226,13675,0,0
2021-11-26 20:00:00,0.9226,0.9242,0.92149,0.92316,4676,0,0
2021-11-29 00:00:00,0.92277,0.92586,0.9222,0.92581,4001,0,0
2021-11-29 04:00:00,0.92582,0.92634,0.92508,0.92523,4305,0,0
2021-11-29 08:00:00,0.92524,0.9273,0.92383,0.92481,11278,0,0
2021-11-29 12:00:00,0.92479,0.92631,0.92341,0.92612,9123,0,0
2021-11-29 16:00:00,0.92614,0.9264,0.92438,0.92457,10121,0,0
2021-11-29 20:00:00,0.92458,0.92478,0.92274,0.92283,4637,0,0
2021-11-30 00:00:00,0.92261,0.92354,0.9225,0.92276,1642,0,0
2021-11-30 04:00:00,0.92277,0.92285,0.92093,0.92112,3854,0,0
2021-11-30 08:00:00,0.92111,0.92203,0.91798,0.91816,11070,0,0
2021-11-30 12:00:00,0.91813,0.91965,0.91682,0.91775,9480,0,0
2021-11-30 16:00:00,0.91775,0.92667,0.91574,0.92031,18384,0,0
2021-11-30 20:00:00,0.92027,0.92048,0.91798,0.91829,5987,0,0
2021-12-01 00:00:00,0.9191,0.92132,0.91812,0.92131,3274,0,0
2021-12-01 04:00:00,0.92131,0.9218,0.92013,0.92023,2392,0,0
2021-12-01 08:00:00,0.9202,0.92126,0.9173,0.91938,9630,0,0
2021-12-01 12:00:00,0.91939,0.92179,0.91829,0.91926,8197,0,0
2021-12-01 16:00:00,0.91925,0.92066,0.91691,0.91918,11502,0,0
2021-12-01 20:00:00,0.91921,0.92097,0.91867,0.92049,5817,0,0
2021-12-02 00:00:00,0.91883,0.92083,0.91833,0.91969,3870,0,0
2021-12-02 04:00:00,0.91969,0.92134,0.91883,0.92121,2454,0,0
2021-12-02 08:00:00,0.9212,0.92198,0.9203,0.92165,4603,0,0
2021-12-02 16:00:00,0.91852,0.92123,0.91834,0.9207,10250,0,0
2021-12-02 20:00:00,0.92072,0.92107,0.91991,0.9203,4017,0,0
2021-12-03 00:00:00,0.92026,0.92063,0.91888,0.92002,1750,0,0
2021-12-03 04:00:00,0.92002,0.92083,0.91997,0.92058,1981,0,0
2021-12-03 08:00:00,0.92058,0.92177,0.92024,0.92061,5595,0,0
2021-12-03 12:00:00,0.92061,0.92085,0.91692,0.91933,9666,0,0
2021-12-03 16:00:00,0.91934,0.92114,0.91789,0.9181,16472,0,0
2021-12-03 20:00:00,0.91811,0.91858,0.91658,0.91784,5124,0,0
2021-12-06 00:00:00,0.91632,0.92018,0.91632,0.91996,1971,0,0
2021-12-06 04:00:00,0.91998,0.92075,0.91981,0.92075,2713,0,0
2021-12-06 08:00:00,0.92075,0.92274,0.9205,0.92258,6024,0,0
2021-12-06 12:00:00,0.92258,0.92318,0.921,0.92245,6966,0,0
2021-12-06 16:00:00,0.92248,0.92647,0.92147,0.92637,10674,0,0
2021-12-06 20:00:00,0.92638,0.92691,0.92531,0.92554,3605,0,0
2021-12-07 00:00:00,0.92458,0.92575,0.92458,0.92516,1337,0,0
2021-12-07 04:00:00,0.92515,0.92516,0.92402,0.92488,1564,0,0
2021-12-07 08:00:00,0.92491,0.92539,0.92309,0.92352,5738,0,0
2021-12-07 12:00:00,0.9235,0.92751,0.92332,0.92661,7911,0,0
2021-12-07 16:00:00,0.9266,0.927,0.92485,0.9265,8184,0,0
2021-12-07 20:00:00,0.92648,0.92659,0.92436,0.92482,3851,0,0
2021-12-08 00:00:00,0.92484,0.92515,0.92376,0.92402,1329,0,0
2021-12-08 04:00:00,0.92402,0.9242,0.9234,0.92351,1688,0,0
2021-12-08 08:00:00,0.92351,0.92526,0.92295,0.9242,5887,0,0
2021-12-08 12:00:00,0.9242,0.92516,0.92249,0.92257,11718,0,0
2021-12-08 16:00:00,0.92255,0.92391,0.92061,0.92068,9205,0,0
2021-12-08 20:00:00,0.9207,0.92106,0.91952,0.92052,3696,0,0
2021-12-09 00:00:00,0.91921,0.92132,0.91921,0.92124,1280,0,0
2021-12-09 04:00:00,0.92125,0.92149,0.92032,0.92101,1705,0,0
2021-12-09 08:00:00,0.92104,0.92182,0.92015,0.92174,5575,0,0
2021-12-09 12:00:00,0.92174,0.92404,0.92119,0.9236,7282,0,0
2021-12-09 16:00:00,0.92361,0.92649,0.92284,0.92499,9209,0,0
2021-12-09 20:00:00,0.92498,0.92562,0.9235,0.92374,4670,0,0
2021-12-10 00:00:00,0.92308,0.92411,0.92273,0.92344,1471,0,0
2021-12-10 04:00:00,0.92344,0.9242,0.92342,0.92416,1430,0,0
2021-12-10 08:00:00,0.92416,0.92525,0.92299,0.92382,5835,0,0
2021-12-10 12:00:00,0.92382,0.92531,0.92225,0.92322,6824,0,0
2021-12-10 16:00:00,0.92325,0.92382,0.91991,0.92036,8961,0,0
2021-12-10 20:00:00,0.92038,0.92109,0.92003,0.92059,2429,0,0
2021-12-13 00:00:00,0.92077,0.92189,0.91987,0.92165,1417,0,0
2021-12-13 04:00:00,0.92166,0.9221,0.92148,0.92203,1305,0,0
2021-12-13 08:00:00,0.92201,0.92565,0.92194,0.92485,4336,0,0
2021-12-13 12:00:00,0.92486,0.92486,0.92217,0.92297,6261,0,0
2021-12-13 16:00:00,0.92297,0.92338,0.92061,0.92169,8015,0,0
2021-12-13 20:00:00,0.92168,0.92274,0.92133,0.92239,2677,0,0
2021-12-14 00:00:00,0.92283,0.92346,0.92223,0.92283,1645,0,0
2021-12-14 04:00:00,0.92284,0.9236,0.92284,0.92318,1193,0,0
2021-12-14 08:00:00,0.92317,0.92373,0.92035,0.9206,3956,0,0
2021-12-14 12:00:00,0.92059,0.92061,0.91884,0.91952,7893,0,0
2021-12-14 16:00:00,0.91953,0.92439,0.91951,0.92288,8356,0,0
2021-12-14 20:00:00,0.92287,0.9245,0.92278,0.92416,2836,0,0
2021-12-15 00:00:00,0.92261,0.92425,0.92252,0.92367,1027,0,0
2021-12-15 04:00:00,0.92366,0.92434,0.92346,0.92394,1929,0,0
2021-12-15 08:00:00,0.92394,0.92496,0.92338,0.92424,4568,0,0
2021-12-15 12:00:00,0.92427,0.92518,0.9242,0.92452,6769,0,0
2021-12-15 16:00:00,0.92451,0.92702,0.92442,0.92664,9540,0,0
2021-12-15 20:00:00,0.92662,0.92942,0.92397,0.92452,12613,0,0
2021-12-16 00:00:00,0.9249,0.92541,0.9232,0.92495,3739,0,0
2021-12-16 04:00:00,0.92494,0.92564,0.92386,0.92511,2486,0,0
2021-12-16 08:00:00,0.92513,0.92537,0.92208,0.92401,5143,0,0
2021-12-16 12:00:00,0.92401,0.92552,0.9204,0.92058,9807,0,0
2021-12-16 16:00:00,0.9206,0.92287,0.91991,0.92059,10931,0,0
2021-12-16 20:00:00,0.92063,0.92072,0.91896,0.91938,4245,0,0
2021-12-17 00:00:00,0.919,0.9197,0.91878,0.9195,1684,0,0
2021-12-17 04:00:00,0.91951,0.91974,0.91801,0.91809,2590,0,0
2021-12-17 08:00:00,0.91808,0.91984,0.91746,0.91799,5851,0,0
2021-12-17 12:00:00,0.91799,0.92098,0.91772,0.92078,6501,0,0
2021-12-17 16:00:00,0.92077,0.92384,0.9201,0.92364,8272,0,0
2021-12-17 20:00:00,0.92364,0.9246,0.92325,0.92427,3929,0,0
2021-12-20 00:00:00,0.92363,0.92442,0.92324,0.92408,2055,0,0
2021-12-20 04:00:00,0.92407,0.92434,0.92319,0.92328,2133,0,0
2021-12-20 08:00:00,0.92328,0.92507,0.92246,0.92401,5798,0,0
2021-12-20 12:00:00,0.924,0.92433,0.92146,0.92198,7320,0,0
2021-12-20 16:00:00,0.92196,0.92219,0.91926,0.92126,8181,0,0
2021-12-20 20:00:00,0.9213,0.92246,0.92113,0.92143,3825,0,0
2021-12-21 00:00:00,0.92023,0.92192,0.91984,0.9216,1254,0,0
2021-12-21 04:00:00,0.9216,0.92213,0.92132,0.92202,1532,0,0
2021-12-21 08:00:00,0.922,0.92213,0.91952,0.92069,5772,0,0
2021-12-21 12:00:00,0.9207,0.9229,0.9205,0.92274,6679,0,0
2021-12-21 16:00:00,0.92272,0.92543,0.92251,0.92507,7464,0,0
2021-12-21 20:00:00,0.92506,0.92524,0.92336,0.92338,3171,0,0
2021-12-22 00:00:00,0.92296,0.92384,0.9227,0.9237,1269,0,0
2021-12-22 04:00:00,0.92368,0.92489,0.92368,0.92428,1174,0,0
2021-12-22 08:00:00,0.92428,0.92525,0.92401,0.92445,4436,0,0
2021-12-22 12:00:00,0.92445,0.92472,0.9219,0.92202,6880,0,0
2021-12-22 16:00:00,0.92206,0.92246,0.91959,0.91986,7355,0,0
2021-12-22 20:00:00,0.91988,0.92048,0.91902,0.91952,3129,0,0
2021-12-23 00:00:00,0.91935,0.91996,0.91895,0.91905,1228,0,0
2021-12-23 04:00:00,0.91903,0.9195,0.91879,0.91912,602,0,0
2021-12-23 08:00:00,0.9191,0.92191,0.91897,0.9203,3436,0,0
2021-12-23 12:00:00,0.92031,0.92135,0.91917,0.92046,6486,0,0
2021-12-23 16:00:00,0.92049,0.92127,0.91766,0.91767,8076,0,0
2021-12-23 20:00:00,0.91767,0.91852,0.91755,0.91817,2136,0,0
2021-12-24 00:00:00,0.91772,0.91845,0.91726,0.91747,3785,1,0
2021-12-24 04:00:00,0.91747,0.91802,0.91655,0.91691,4495,0,0
2021-12-24 08:00:00,0.9169,0.91831,0.91687,0.91729,3944,0,0
2021-12-24 12:00:00,0.91729,0.9196,0.91696,0.91845,4166,0,0
2021-12-24 16:00:00,0.91845,0.91957,0.91813,0.91909,4740,0,0
2021-12-24 20:00:00,0.91909,0.91928,0.91756,0.91759,1887,14,0
2021-12-27 00:00:00,0.91788,0.91958,0.91762,0.91923,1143,0,0
2021-12-27 04:00:00,0.91923,0.91981,0.91917,0.91955,641,0,0
2021-12-27 08:00:00,0.91955,0.92,0.91845,0.91962,3345,0,0
2021-12-27 12:00:00,0.91964,0.91988,0.91803,0.91921,3697,0,0
2021-12-27 16:00:00,0.91916,0.91944,0.91725,0.91777,4248,0,0
2021-12-27 20:00:00,0.91779,0.918,0.91724,0.91756,2278,0,0
2021-12-28 00:00:00,0.91742,0.91816,0.91683,0.91779,1146,0,0
2021-12-28 04:00:00,0.91778,0.91782,0.91726,0.91742,844,0,0
2021-12-28 08:00:00,0.91743,0.91815,0.91639,0.9164,3112,0,0
2021-12-28 12:00:00,0.91639,0.91684,0.91595,0.91661,4085,0,0
2021-12-28 16:00:00,0.9166,0.91905,0.91621,0.91688,5050,0,0
2021-12-28 20:00:00,0.91689,0.91775,0.91689,0.91723,2196,0,0
2021-12-29 00:00:00,0.91718,0.91766,0.91642,0.91759,1077,0,0
2021-12-29 04:00:00,0.91758,0.91763,0.91692,0.9175,987,0,0
2021-12-29 08:00:00,0.9175,0.9196,0.91713,0.91922,3307,0,0
2021-12-29 12:00:00,0.91923,0.92015,0.91669,0.91698,5587,0,0
2021-12-29 16:00:00,0.91698,0.91736,0.91269,0.91506,6929,0,0
2021-12-29 20:00:00,0.91506,0.91572,0.91424,0.91469,2626,0,0
2021-12-30 00:00:00,0.91448,0.91514,0.9139,0.91504,1100,0,0
2021-12-30 04:00:00,0.91504,0.9163,0.91496,0.91619,1124,0,0
2021-12-30 08:00:00,0.91615,0.91815,0.91593,0.91789,3686,0,0
2021-12-30 12:00:00,0.91791,0.91795,0.91357,0.91621,6081,0,0
2021-12-30 16:00:00,0.91621,0.91691,0.91322,0.91434,6383,0,0
2021-12-30 20:00:00,0.91435,0.91535,0.91367,0.91374,2040,0,0
2021-12-31 00:00:00,0.91318,0.91412,0.91317,0.91404,778,0,0
2021-12-31 04:00:00,0.91404,0.91456,0.91356,0.9145,628,0,0
2021-12-31 08:00:00,0.9145,0.91477,0.91255,0.9126,3335,0,0
2021-12-31 12:00:00,0.9126,0.91367,0.9109,0.91144,5792,0,0
2021-12-31 16:00:00,0.91148,0.9143,0.91021,0.91133,7807,0,0
2021-12-31 20:00:00,0.91133,0.91187,0.91117,0.9115,586,0,0
2022-01-03 00:00:00,0.91156,0.91372,0.91104,0.91301,1858,0,0
2022-01-03 04:00:00,0.91302,0.91492,0.91302,0.91472,1169,0,0
2022-01-03 08:00:00,0.91472,0.91473,0.91175,0.91192,4279,0,0
2022-01-03 12:00:00,0.91192,0.9152,0.91159,0.9148,6233,0,0
2022-01-03 16:00:00,0.91481,0.92001,0.91465,0.91921,9156,0,0
2022-01-03 20:00:00,0.91921,0.91925,0.91805,0.91885,2932,0,0
2022-01-04 00:00:00,0.91904,0.91923,0.91731,0.91761,1444,0,0
2022-01-04 04:00:00,0.91753,0.91905,0.91738,0.91798,1701,0,0
2022-01-04 08:00:00,0.91798,0.91929,0.91747,0.91782,4990,0,0
2022-01-04 12:00:00,0.91781,0.9191,0.91718,0.91742,6792,0,0
2022-01-04 16:00:00,0.9174,0.91758,0.91368,0.91548,7847,0,0
2022-01-04 20:00:00,0.91549,0.91702,0.91544,0.91614,3050,0,0
2022-01-05 00:00:00,0.91584,0.91685,0.91558,0.91633,1999,0,0
2022-01-05 04:00:00,0.91633,0.91668,0.91587,0.91605,1221,0,0
2022-01-05 08:00:00,0.91606,0.91613,0.91412,0.91584,4320,0,0
2022-01-05 12:00:00,0.91583,0.91698,0.91482,0.91556,7384,0,0
2022-01-05 16:00:00,0.91557,0.9165,0.91457,0.91613,6728,0,0
2022-01-05 20:00:00,0.91615,0.91836,0.91549,0.9173,6030,0,0
2022-01-06 00:00:00,0.91584,0.91835,0.91565,0.917,1260,0,0
2022-01-06 04:00:00,0.91701,0.9183,0.91692,0.91779,1794,0,0
2022-01-06 08:00:00,0.9178,0.91995,0.91779,0.91868,5596,0,0
2022-01-06 12:00:00,0.91866,0.9195,0.91725,0.91845,7493,0,0
2022-01-06 16:00:00,0.91847,0.92076,0.91682,0.92046,9989,0,0
2022-01-06 20:00:00,0.92046,0.9224,0.92043,0.92122,4171,0,0
2022-01-07 00:00:00,0.92094,0.9218,0.92094,0.92101,1223,0,0
2022-01-07 04:00:00,0.92101,0.92152,0.9209,0.92113,1170,0,0
2022-01-07 08:00:00,0.92112,0.92173,0.92017,0.92124,4461,0,0
2022-01-07 12:00:00,0.92126,0.92325,0.92067,0.92274,7608,0,0
2022-01-07 16:00:00,0.92276,0.92311,0.9187,0.9188,10913,0,0
2022-01-07 20:00:00,0.9188,0.91912,0.91823,0.91837,3048,0,0
2022-01-10 00:00:00,0.91864,0.91931,0.91816,0.91901,1576,0,0
2022-01-10 04:00:00,0.919,0.92082,0.91883,0.92046,1211,0,0
2022-01-10 08:00:00,0.92047,0.92165,0.91948,0.92099,6130,0,0
2022-01-10 12:00:00,0.921,0.92543,0.92053,0.92529,8386,0,0
2022-01-10 16:00:00,0.92527,0.92674,0.92469,0.92622,10367,0,0
2022-01-10 20:00:00,0.92621,0.92754,0.92604,0.92721,4353,0,0
2022-01-11 00:00:00,0.92718,0.92732,0.92633,0.92696,1248,0,0
2022-01-11 04:00:00,0.92701,0.92718,0.92589,0.9263,1123,0,0
2022-01-11 08:00:00,0.92629,0.92666,0.92421,0.92623,5913,0,0
2022-01-11 12:00:00,0.92622,0.92724,0.92575,0.9272,7928,0,0
2022-01-11 16:00:00,0.9272,0.92781,0.92348,0.92478,9965,0,0
2022-01-11 20:00:00,0.92478,0.92488,0.92328,0.92354,4115,0,0
2022-01-12 00:00:00,0.92298,0.92365,0.92297,0.92349,1045,0,0
2022-01-12 04:00:00,0.92349,0.92356,0.92316,0.92333,841,0,0
2022-01-12 08:00:00,0.9233,0.92444,0.92314,0.92325,5079,0,0
2022-01-12 12:00:00,0.92324,0.9238,0.91874,0.91926,8568,0,0
2022-01-12 16:00:00,0.9192,0.92062,0.91302,0.91332,11852,0,0
2022-01-12 20:00:00,0.9133,0.91437,0.91327,0.91412,5185,0,0
2022-01-13 00:00:00,0.91434,0.91477,0.9137,0.91462,1730,0,0
2022-01-13 04:00:00,0.91461,0.91482,0.91411,0.9148,1625,0,0
2022-01-13 08:00:00,0.91481,0.91485,0.91169,0.91254,6731,0,0
2022-01-13 12:00:00,0.91257,0.91366,0.91056,0.91056,8262,0,0
2022-01-13 16:00:00,0.9106,0.91113,0.90921,0.91049,9520,0,0
2022-01-13 20:00:00,0.91049,0.9115,0.91016,0.91114,3878,0,0
2022-01-14 00:00:00,0.91109,0.91168,0.91034,0.91074,1846,0,0
2022-01-14 04:00:00,0.91075,0.91089,0.90955,0.90975,2044,0,0
2022-01-14 08:00:00,0.90973,0.91104,0.90946,0.91103,5623,0,0
2022-01-14 12:00:00,0.91103,0.91189,0.91014,0.91135,7723,0,0
2022-01-14 16:00:00,0.9113,0.9142,0.9102,0.9141,11263,0,0
2022-01-14 20:00:00,0.9141,0.91413,0.91326,0.91378,4370,0,0
2022-01-17 00:00:00,0.91223,0.91588,0.9122,0.91548,2031,0,0
2022-01-17 04:00:00,0.91548,0.91555,0.9141,0.91437,1255,0,0
2022-01-17 08:00:00,0.91436,0.91494,0.91219,0.91358,4921,0,0
2022-01-17 12:00:00,0.91358,0.91564,0.91284,0.91407,6398,0,0
2022-01-17 16:00:00,0.91408,0.91465,0.91314,0.91404,5331,0,0
2022-01-17 20:00:00,0.91405,0.91445,0.91387,0.9141,930,0,0
2022-01-18 00:00:00,0.91321,0.91437,0.91276,0.91334,1273,0,0
2022-01-18 04:00:00,0.91334,0.91664,0.91321,0.91546,3469,0,0
2022-01-18 08:00:00,0.91545,0.9158,0.91405,0.91473,8362,0,0
2022-01-18 12:00:00,0.91474,0.91646,0.91388,0.91505,8885,0,0
2022-01-18 16:00:00,0.91507,0.91758,0.91504,0.91738,10012,0,0
2022-01-18 20:00:00,0.91738,0.91793,0.91656,0.9173,4262,0,0
2022-01-19 00:00:00,0.91717,0.91776,0.91665,0.91707,1544,0,0
2022-01-19 04:00:00,0.91707,0.91733,0.91561,0.91574,2265,0,0
2022-01-19 08:00:00,0.91576,0.9165,0.915,0.91581,5522,0,0
2022-01-19 12:00:00,0.9158,0.91646,0.91446,0.91632,6726,0,0
2022-01-19 16:00:00,0.91632,0.91699,0.91486,0.91574,8942,0,0
2022-01-19 20:00:00,0.91572,0.91626,0.91492,0.91577,3705,0,0
2022-01-20 00:00:00,0.91596,0.91602,0.91421,0.91457,2493,0,0
2022-01-20 04:00:00,0.91455,0.91583,0.91448,0.9156,2328,0,0
2022-01-20 08:00:00,0.91559,0.91585,0.91391,0.91551,5216,0,0
2022-01-20 12:00:00,0.91552,0.91616,0.91446,0.91486,7614,0,0
2022-01-20 16:00:00,0.91482,0.91688,0.91414,0.91685,10328,0,0
2022-01-20 20:00:00,0.91684,0.91812,0.91662,0.91719,5300,0,0
2022-01-21 00:00:00,0.91651,0.91722,0.91578,0.9159,2476,0,0
2022-01-21 04:00:00,0.91589,0.91639,0.91486,0.91526,2459,0,0
2022-01-21 08:00:00,0.91527,0.91548,0.9117,0.91241,6326,0,0
2022-01-21 12:00:00,0.91241,0.91336,0.91173,0.91191,6850,0,0
2022-01-21 16:00:00,0.91192,0.91259,0.91079,0.91156,9971,0,0
2022-01-21 20:00:00,0.91156,0.91234,0.91114,0.91189,4476,0,0
2022-01-24 00:00:00,0.91133,0.91338,0.91104,0.91317,1706,0,0
2022-01-24 04:00:00,0.91317,0.91415,0.91309,0.91397,1503,0,0
2022-01-24 08:00:00,0.91392,0.91433,0.91092,0.91162,6279,0,0
2022-01-24 12:00:00,0.91161,0.91389,0.91098,0.91359,8845,0,0
2022-01-24 16:00:00,0.9136,0.91588,0.91298,0.91312,12453,0,0
2022-01-24 20:00:00,0.91312,0.91454,0.91252,0.91406,5660,0,0
2022-01-25 00:00:00,0.91257,0.9151,0.91256,0.91504,1892,0,0
2022-01-25 04:00:00,0.91502,0.91616,0.91482,0.91607,1445,0,0
2022-01-25 08:00:00,0.91608,0.91963,0.91589,0.91919,5701,0,0
2022-01-25 12:00:00,0.9192,0.92037,0.91848,0.91856,7378,0,0
2022-01-25 16:00:00,0.91854,0.91986,0.91764,0.91932,8254,0,0
2022-01-25 20:00:00,0.91927,0.91939,0.91792,0.91815,3781,0,0
2022-01-26 00:00:00,0.91797,0.91814,0.91614,0.91797,1237,0,0
2022-01-26 04:00:00,0.91798,0.91798,0.91715,0.91746,1078,0,0
2022-01-26 08:00:00,0.91745,0.92069,0.91736,0.92022,4434,0,0
2022-01-26 12:00:00,0.9202,0.92102,0.91978,0.92036,6329,0,0
2022-01-26 16:00:00,0.92038,0.92162,0.91888,0.92091,7734,0,0
2022-01-26 20:00:00,0.9209,0.92464,0.92,0.92416,13207,0,0
2022-01-27 00:00:00,0.92292,0.92454,0.92249,0.92417,2150,0,0
2022-01-27 04:00:00,0.9242,0.9249,0.92375,0.92453,1730,0,0
2022-01-27 08:00:00,0.92452,0.92745,0.92432,0.92733,6582,0,0
2022-01-27 12:00:00,0.92738,0.93224,0.92738,0.93162,9786,0,0
2022-01-27 16:00:00,0.93164,0.93379,0.92995,0.93147,11113,0,0
2022-01-27 20:00:00,0.93147,0.93168,0.93057,0.93098,4898,0,0
2022-01-28 00:00:00,0.93034,0.93168,0.93021,0.93069,1761,0,0
2022-01-28 04:00:00,0.9307,0.93071,0.92968,0.92977,1086,0,0
2022-01-28 08:00:00,0.92977,0.93226,0.92966,0.93107,5494,0,0
2022-01-28 12:00:00,0.93108,0.93296,0.92979,0.93012,9669,0,0
2022-01-28 16:00:00,0.93014,0.93204,0.92902,0.93123,11002,0,0
2022-01-28 20:00:00,0.93122,0.93156,0.93069,0.93096,4123,0,0
2022-01-31 00:00:00,0.93068,0.93191,0.93026,0.9312,1751,0,0
2022-01-31 04:00:00,0.9312,0.93161,0.93081,0.93091,1165,0,0
2022-01-31 08:00:00,0.93092,0.93264,0.9306,0.9318,5137,0,0
2022-01-31 12:00:00,0.9318,0.93431,0.92976,0.92988,7601,0,0
2022-01-31 16:00:00,0.92988,0.93181,0.92949,0.92998,10726,0,0
2022-01-31 20:00:00,0.92999,0.93002,0.92517,0.92693,5396,0,0
2022-02-01 00:00:00,0.92704,0.92773,0.92633,0.92728,1227,0,0
2022-02-01 04:00:00,0.92729,0.92747,0.92505,0.92539,1675,0,0
2022-02-01 08:00:00,0.92539,0.92596,0.92244,0.92284,6290,0,0
2022-02-01 12:00:00,0.92283,0.92341,0.92043,0.92162,6853,0,0
2022-02-01 16:00:00,0.92164,0.92366,0.92117,0.92201,10411,0,0
2022-02-01 20:00:00,0.922,0.92228,0.9209,0.92102,4575,0,0
2022-02-02 00:00:00,0.92146,0.92146,0.92062,0.921,1045,0,0
2022-02-02 04:00:00,0.92099,0.92146,0.92091,0.92102,905,0,0
2022-02-02 08:00:00,0.92105,0.92222,0.91918,0.91998,5125,0,0
2022-02-02 12:00:00,0.91999,0.92027,0.91775,0.91992,7983,0,0
2022-02-02 16:00:00,0.91989,0.92024,0.91792,0.91806,8434,0,0
2022-02-02 20:00:00,0.91806,0.91919,0.91791,0.919,3533,0,0
2022-02-03 00:00:00,0.91788,0.91983,0.91784,0.91931,1568,0,0
2022-02-03 04:00:00,0.91931,0.91988,0.91884,0.91959,1273,0,0
2022-02-03 08:00:00,0.91958,0.92247,0.91953,0.92237,4989,0,0
2022-02-03 12:00:00,0.92237,0.92358,0.91921,0.91979,11869,0,0
2022-02-03 16:00:00,0.91971,0.92181,0.91772,0.91945,16814,0,0
2022-02-03 20:00:00,0.9195,0.92156,0.91924,0.92014,4999,0,0
2022-02-04 00:00:00,0.919,0.92075,0.91898,0.91956,1480,0,0
2022-02-04 04:00:00,0.91955,0.92025,0.9193,0.92023,1799,0,0
2022-02-04 08:00:00,0.92023,0.92271,0.91982,0.92124,8625,0,0
2022-02-04 12:00:00,0.92124,0.92564,0.92115,0.92458,12469,0,0
2022-02-04 16:00:00,0.92452,0.92589,0.92333,0.92502,13888,0,0
2022-02-04 20:00:00,0.92504,0.92574,0.9246,0.92557,5036,0,0
2022-02-07 00:00:00,0.9242,0.92578,0.9242,0.92578,2173,0,0
2022-02-07 04:00:00,0.92575,0.9262,0.92507,0.92537,1589,0,0
2022-02-07 08:00:00,0.92538,0.9257,0.92394,0.92488,6511,0,0
2022-02-07 12:00:00,0.92489,0.92511,0.92281,0.92366,7977,0,0
2022-02-07 16:00:00,0.92368,0.92497,0.92216,0.92472,9131,0,0
2022-02-07 20:00:00,0.92472,0.92475,0.92307,0.9235,3093,0,0
2022-02-08 00:00:00,0.92365,0.92396,0.92261,0.92394,1801,0,0
2022-02-08 04:00:00,0.92395,0.92543,0.9239,0.92539,1541,0,0
2022-02-08 08:00:00,0.9254,0.9263,0.92327,0.92365,7554,0,0
2022-02-08 12:00:00,0.92368,0.92471,0.92259,0.92384,6905,0,0
2022-02-08 16:00:00,0.9239,0.9252,0.92371,0.92478,7612,0,0
2022-02-08 20:00:00,0.92478,0.92565,0.9243,0.9251,3336,0,0
2022-02-09 00:00:00,0.92384,0.92547,0.92384,0.92472,1465,0,0
2022-02-09 04:00:00,0.92471,0.92497,0.92399,0.92492,1587,0,0
2022-02-09 08:00:00,0.9249,0.92519,0.92308,0.92361,5359,0,0
2022-02-09 12:00:00,0.9236,0.92396,0.9222,0.92262,6532,0,0
2022-02-09 16:00:00,0.92263,0.92393,0.92235,0.92337,8087,0,0
2022-02-09 20:00:00,0.92338,0.9247,0.92299,0.92419,4145,0,0
2022-02-10 00:00:00,0.92421,0.92478,0.92384,0.92419,1305,0,0
2022-02-10 04:00:00,0.9242,0.92471,0.92367,0.92446,1196,0,0
2022-02-10 08:00:00,0.92444,0.9245,0.92304,0.9235,5434,0,0
2022-02-10 12:00:00,0.92352,0.92893,0.9232,0.9275,8960,0,0
2022-02-10 16:00:00,0.92756,0.92972,0.92268,0.92427,15336,0,0
2022-02-10 20:00:00,0.92427,0.92732,0.92366,0.92531,8730,0,0
2022-02-11 00:00:00,0.92418,0.92706,0.92401,0.92613,2131,0,0
2022-02-11 04:00:00,0.92616,0.92795,0.92584,0.92724,1489,0,0
2022-02-11 08:00:00,0.92723,0.9287,0.92677,0.9277,7535,0,0
2022-02-11 12:00:00,0.92771,0.92821,0.92463,0.9269,7306,0,0
2022-02-11 16:00:00,0.92694,0.92713,0.92504,0.92579,10911,0,0
2022-02-11 20:00:00,0.92579,0.92762,0.92376,0.92426,16776,0,0
2022-02-14 00:00:00,0.9247,0.92522,0.92413,0.9248,2680,0,0
2022-02-14 04:00:00,0.9248,0.92634,0.9248,0.92531,2384,0,0
2022-02-14 08:00:00,0.92533,0.92605,0.92379,0.92427,8552,0,0
2022-02-14 12:00:00,0.92428,0.9265,0.92384,0.92563,11286,0,0
2022-02-14 16:00:00,0.92564,0.92725,0.92466,0.9255,10568,0,0
2022-02-14 20:00:00,0.92549,0.92598,0.92441,0.92453,7418,0,0
2022-02-15 00:00:00,0.92407,0.92464,0.92352,0.92371,1842,0,0
2022-02-15 04:00:00,0.92372,0.92428,0.92357,0.92392,1747,0,0
2022-02-15 08:00:00,0.92393,0.92694,0.92338,0.92523,8510,0,0
2022-02-15 12:00:00,0.92523,0.9255,0.92271,0.92329,9273,0,0
2022-02-15 16:00:00,0.92329,0.92742,0.92268,0.92624,11094,0,0
2022-02-15 20:00:00,0.92624,0.92624,0.92513,0.92529,3491,0,0
2022-02-16 00:00:00,0.92468,0.92596,0.92468,0.92536,1132,0,0
2022-02-16 04:00:00,0.92536,0.92564,0.92517,0.92535,1156,0,0
2022-02-16 08:00:00,0.92534,0.92609,0.92418,0.92441,6587,0,0
2022-02-16 12:00:00,0.9244,0.92584,0.92355,0.92384,7481,0,0
2022-02-16 16:00:00,0.92385,0.92422,0.92153,0.92188,8900,0,0
2022-02-16 20:00:00,0.9219,0.9224,0.92064,0.92215,7441,0,0
2022-02-17 00:00:00,0.9224,0.92257,0.92112,0.92124,1658,0,0
2022-02-17 04:00:00,0.92124,0.9229,0.92117,0.92132,6647,0,0
2022-02-17 08:00:00,0.9213,0.92291,0.92085,0.92142,10048,0,0
2022-02-17 12:00:00,0.9214,0.92215,0.91952,0.92011,9223,0,0
2022-02-17 16:00:00,0.92012,0.92118,0.91886,0.92039,12249,0,0
2022-02-17 20:00:00,0.92038,0.92058,0.91985,0.92013,4345,0,0
2022-02-18 00:00:00,0.91948,0.92129,0.91924,0.92102,2768,0,0
2022-02-18 04:00:00,0.92105,0.92149,0.92066,0.92126,1870,0,0
2022-02-18 08:00:00,0.92127,0.92184,0.92035,0.92056,5690,0,0
2022-02-18 12:00:00,0.92054,0.92181,0.91964,0.92058,7878,0,0
2022-02-18 16:00:00,0.92056,0.92177,0.91917,0.92111,11544,0,0
2022-02-18 20:00:00,0.92112,0.92154,0.92072,0.92105,5561,0,0
2022-02-21 00:00:00,0.9206,0.92184,0.9199,0.92033,3181,0,0
2022-02-21 04:00:00,0.92034,0.92035,0.91951,0.9201,1732,0,0
2022-02-21 08:00:00,0.92011,0.9205,0.9178,0.91786,5334,0,0
2022-02-21 12:00:00,0.91786,0.91794,0.91604,0.91703,6763,0,0
2022-02-21 16:00:00,0.91704,0.91748,0.91502,0.91543,6589,0,0
2022-02-21 20:00:00,0.9154,0.91652,0.91527,0.91573,3068,0,0
2022-02-22 00:00:00,0.91566,0.91693,0.91543,0.9166,4387,0,0
2022-02-22 04:00:00,0.91661,0.91672,0.91573,0.91597,2053,0,0
2022-02-22 08:00:00,0.91598,0.91899,0.91515,0.91858,8588,0,0
2022-02-22 12:00:00,0.91858,0.91985,0.9177,0.91975,10976,0,0
2022-02-22 16:00:00,0.91979,0.92279,0.91929,0.92083,10093,0,0
2022-02-22 20:00:00,0.92083,0.9219,0.92058,0.92169,5975,0,0
2022-02-23 00:00:00,0.92078,0.9216,0.91921,0.92083,1117,0,0
2022-02-23 04:00:00,0.92083,0.92133,0.92043,0.92061,1110,0,0
2022-02-23 08:00:00,0.9206,0.92188,0.92001,0.92017,5781,0,0
2022-02-23 12:00:00,0.92019,0.92053,0.91833,0.91849,7230,0,0
2022-02-23 16:00:00,0.91852,0.91852,0.91682,0.91808,8078,0,0
2022-02-23 20:00:00,0.9181,0.91858,0.91776,0.91822,3301,0,0
2022-02-24 00:00:00,0.91747,0.9188,0.91698,0.91861,2740,0,0
2022-02-24 04:00:00,0.9186,0.91923,0.91724,0.91843,10278,0,0
2022-02-24 08:00:00,0.91843,0.92158,0.9174,0.92136,16372,0,0
2022-02-24 12:00:00,0.92137,0.92474,0.92124,0.9233,19160,0,0
2022-02-24 16:00:00,0.92334,0.92891,0.92186,0.92574,19122,0,0
2022-02-24 20:00:00,0.92582,0.92639,0.92432,0.92536,13036,0,0
2022-02-25 00:00:00,0.92565,0.92595,0.92419,0.92446,3977,0,0
2022-02-25 04:00:00,0.92445,0.92469,0.92287,0.92291,3463,0,0
2022-02-25 08:00:00,0.92292,0.92662,0.92292,0.92626,9641,0,0
2022-02-25 12:00:00,0.92626,0.92749,0.92559,0.92707,11730,0,0
2022-02-25 16:00:00,0.92706,0.92842,0.92632,0.9278,10530,0,0
2022-02-25 20:00:00,0.92779,0.92779,0.9253,0.92533,5061,0,0
2022-02-28 00:00:00,0.92673,0.92779,0.92466,0.92687,9722,0,0
2022-02-28 04:00:00,0.92685,0.92745,0.92606,0.92608,4289,0,0
2022-02-28 08:00:00,0.92608,0.92664,0.92217,0.92262,10790,0,0
2022-02-28 12:00:00,0.92261,0.92382,0.91855,0.91881,13014,0,0
2022-02-28 16:00:00,0.91877,0.91986,0.9172,0.91878,13852,0,0
2022-02-28 20:00:00,0.91878,0.91882,0.9166,0.91686,6056,0,0
2022-03-01 00:00:00,0.91658,0.9192,0.91652,0.91917,2180,0,0
2022-03-01 04:00:00,0.91916,0.91947,0.91804,0.91836,2408,0,0
2022-03-01 08:00:00,0.91836,0.91856,0.91502,0.91645,7649,0,0
2022-03-01 12:00:00,0.91646,0.92053,0.91576,0.91904,12297,0,0
2022-03-01 16:00:00,0.91903,0.92029,0.91802,0.9197,14286,0,0
2022-03-01 20:00:00,0.91972,0.9201,0.91783,0.91865,8564,0,0
2022-03-02 00:00:00,0.91798,0.9197,0.91798,0.91947,2213,0,0
2022-03-02 04:00:00,0.91947,0.92041,0.91915,0.91916,2499,0,0
2022-03-02 08:00:00,0.91916,0.92058,0.91668,0.91712,10475,0,0
2022-03-02 12:00:00,0.91712,0.92086,0.91694,0.91987,9838,0,0
2022-03-02 16:00:00,0.91986,0.92399,0.91981,0.92222,15873,0,0
2022-03-02 20:00:00,0.92222,0.92234,0.92011,0.9202,6233,0,0
2022-03-03 00:00:00,0.92008,0.9216,0.91996,0.92116,2743,0,0
2022-03-03 04:00:00,0.92116,0.92167,0.92008,0.92032,2877,0,0
2022-03-03 08:00:00,0.9203,0.92089,0.91897,0.91986,5916,0,0
2022-03-03 12:00:00,0.91988,0.92071,0.91868,0.92001,8727,0,0
2022-03-03 16:00:00,0.92003,0.92097,0.91787,0.91983,12391,0,0
2022-03-03 20:00:00,0.91981,0.91996,0.91725,0.91733,5921,0,0
2022-03-04 00:00:00,0.91698,0.91944,0.91698,0.91929,7090,0,0
2022-03-04 04:00:00,0.91929,0.91956,0.91809,0.91897,4916,0,0
2022-03-04 08:00:00,0.91894,0.91969,0.91794,0.91886,6671,0,0
2022-03-04 12:00:00,0.91885,0.9209,0.91667,0.92004,11995,0,0
2022-03-04 16:00:00,0.92003,0.92102,0.91746,0.91858,13574,0,0
2022-03-04 20:00:00,0.91859,0.91951,0.91636,0.91706,7133,0,0
2022-03-07 00:00:00,0.91638,0.92162,0.91638,0.92085,5874,0,0
2022-03-07 04:00:00,0.92085,0.92143,0.91972,0.92054,5648,0,0
2022-03-07 08:00:00,0.92054,0.92494,0.9199,0.92454,9732,0,0
2022-03-07 12:00:00,0.92455,0.9259,0.92298,0.92461,13825,0,0
2022-03-07 16:00:00,0.92463,0.92722,0.9237,0.92654,15431,0,0
2022-03-07 20:00:00,0.92654,0.92685,0.92518,0.92535,9122,0,0
2022-03-08 00:00:00,0.92547,0.92618,0.92507,0.92572,2966,0,0
2022-03-08 04:00:00,0.92569,0.9263,0.92493,0.92604,3556,0,0
2022-03-08 08:00:00,0.92603,0.92899,0.92486,0.92874,12208,0,0
2022-03-08 12:00:00,0.92875,0.92934,0.92524,0.92824,11793,0,0
2022-03-08 16:00:00,0.92825,0.93068,0.92682,0.92883,17127,0,0
2022-03-08 20:00:00,0.92886,0.92958,0.92827,0.9293,8955,0,0
2022-03-09 00:00:00,0.92756,0.93025,0.92725,0.92945,2883,0,0
2022-03-09 04:00:00,0.92944,0.92974,0.92774,0.92836,2814,0,0
2022-03-09 08:00:00,0.92837,0.92927,0.92746,0.92781,7272,0,0
2022-03-09 12:00:00,0.9278,0.92861,0.92733,0.92803,9246,0,0
2022-03-09 16:00:00,0.92803,0.92889,0.92503,0.92587,14849,0,0
2022-03-09 20:00:00,0.92587,0.92714,0.92571,0.92641,6751,0,0
2022-03-10 00:00:00,0.92597,0.92839,0.92519,0.9279,2232,0,0
2022-03-10 04:00:00,0.9279,0.92832,0.92762,0.92763,2529,0,0
2022-03-10 08:00:00,0.92766,0.92776,0.92588,0.92681,8343,0,0
2022-03-10 12:00:00,0.92678,0.93025,0.92551,0.93014,15381,0,0
2022-03-10 16:00:00,0.93015,0.9309,0.92696,0.93047,13667,0,0
2022-03-10 20:00:00,0.93048,0.93077,0.92995,0.93005,5220,0,0
2022-03-11 00:00:00,0.92829,0.93081,0.92829,0.93048,2423,0,0
2022-03-11 04:00:00,0.93049,0.93094,0.92948,0.93068,3114,0,0
2022-03-11 08:00:00,0.93068,0.93208,0.92949,0.93184,7607,0,0
2022-03-11 12:00:00,0.93184,0.932,0.92956,0.93143,11909,0,0
2022-03-11 16:00:00,0.93142,0.93472,0.93123,0.93406,11074,0,0
2022-03-11 20:00:00,0.93406,0.93499,0.93341,0.93479,5394,0,0
2022-03-14 00:00:00,0.93319,0.93636,0.93319,0.93576,2557,0,0
2022-03-14 04:00:00,0.93572,0.93636,0.9353,0.93543,3392,0,0
2022-03-14 08:00:00,0.93543,0.93638,0.93507,0.9356,6237,0,0
2022-03-14 12:00:00,0.93558,0.9362,0.93201,0.93511,9895,0,0
2022-03-14 16:00:00,0.9351,0.93666,0.93401,0.93636,10064,0,0
2022-03-14 20:00:00,0.93635,0.93865,0.93588,0.93857,5212,0,0
2022-03-15 00:00:00,0.9385,0.9388,0.93737,0.93874,1787,0,0
2022-03-15 04:00:00,0.93875,0.93974,0.93809,0.93934,4840,0,0
2022-03-15 08:00:00,0.93934,0.94103,0.93717,0.93827,8734,0,0
2022-03-15 12:00:00,0.93829,0.93957,0.93784,0.93916,9146,0,0
2022-03-15 16:00:00,0.93919,0.94318,0.9383,0.94199,13011,0,0
2022-03-15 20:00:00,0.942,0.94288,0.9404,0.9412,6465,0,0
2022-03-16 00:00:00,0.94039,0.94166,0.94,0.94082,2341,0,0
2022-03-16 04:00:00,0.94079,0.94104,0.93926,0.94009,3093,0,0
2022-03-16 08:00:00,0.94009,0.94113,0.93899,0.94004,6228,0,0
2022-03-16 12:00:00,0.94004,0.94118,0.93903,0.94059,8834,0,0
2022-03-16 16:00:00,0.94058,0.94257,0.93911,0.94225,11658,0,0
2022-03-16 20:00:00,0.94226,0.94603,0.93981,0.94077,14083,0,0
2022-03-17 00:00:00,0.93968,0.943,0.9392,0.94012,3958,0,0
2022-03-17 04:00:00,0.94013,0.94103,0.93947,0.93983,4006,0,0
2022-03-17 08:00:00,0.93982,0.94178,0.93949,0.94059,6382,0,0
2022-03-17 12:00:00,0.94059,0.94089,0.93919,0.94053,9240,0,0
2022-03-17 16:00:00,0.94053,0.94053,0.93387,0.93397,8272,0,0
2022-03-17 20:00:00,0.93398,0.93762,0.93359,0.93695,5214,0,0
2022-03-18 00:00:00,0.93641,0.93735,0.93534,0.93667,2052,0,0
2022-03-18 04:00:00,0.93664,0.93715,0.93584,0.93642,2998,0,0
2022-03-18 08:00:00,0.93642,0.93825,0.93529,0.93534,4924,0,0
2022-03-18 12:00:00,0.93535,0.93665,0.93325,0.93629,8043,0,0
2022-03-18 16:00:00,0.93629,0.93732,0.93154,0.93235,10694,0,0
2022-03-18 20:00:00,0.93234,0.9333,0.93139,0.93182,4343,0,0
2022-03-21 00:00:00,0.93203,0.93323,0.93104,0.93208,1921,0,0
2022-03-21 04:00:00,0.9321,0.93347,0.9318,0.9333,2823,0,0
2022-03-21 08:00:00,0.93329,0.93524,0.93014,0.93016,5692,0,0
2022-03-21 12:00:00,0.93016,0.93157,0.92956,0.93102,7412,0,0
2022-03-21 16:00:00,0.931,0.93169,0.92941,0.93145,9643,0,0
2022-03-21 20:00:00,0.93145,0.93378,0.93143,0.93365,7670,0,0
2022-03-22 00:00:00,0.93328,0.93628,0.93323,0.93579,2265,0,0
2022-03-22 04:00:00,0.93582,0.93663,0.93495,0.93629,5336,0,0
2022-03-22 08:00:00,0.93631,0.93757,0.934,0.934,5930,0,0
2022-03-22 12:00:00,0.934,0.9368,0.9321,0.9325,9356,0,0
2022-03-22 16:00:00,0.93252,0.93316,0.93139,0.93299,10005,0,0
2022-03-22 20:00:00,0.93298,0.93352,0.93256,0.93279,4412,0,0
2022-03-23 00:00:00,0.93288,0.93432,0.93226,0.93402,2559,0,0
2022-03-23 04:00:00,0.93402,0.93503,0.93277,0.93472,3998,0,0
2022-03-23 08:00:00,0.93471,0.93559,0.93367,0.93461,4628,0,0
2022-03-23 12:00:00,0.93461,0.93576,0.93387,0.93444,8415,0,0
2022-03-23 16:00:00,0.93444,0.93527,0.93078,0.93141,9400,0,0
2022-03-23 20:00:00,0.93138,0.93187,0.93012,0.93059,5401,0,0
2022-03-24 00:00:00,0.93052,0.93144,0.92949,0.9313,1972,0,0
2022-03-24 04:00:00,0.93129,0.93234,0.93115,0.93201,2586,0,0
2022-03-24 08:00:00,0.93201,0.93444,0.93179,0.9339,6607,0,0
2022-03-24 12:00:00,0.9339,0.93411,0.93021,0.93057,9321,0,0
2022-03-24 16:00:00,0.93057,0.93234,0.93036,0.93193,11745,0,0
2022-03-24 20:00:00,0.93194,0.93198,0.9301,0.93013,5446,0,0
2022-03-25 00:00:00,0.92993,0.93024,0.92763,0.92774,2159,0,0
2022-03-25 04:00:00,0.92775,0.92801,0.92603,0.92703,4779,0,0
2022-03-25 08:00:00,0.92704,0.92783,0.9264,0.92715,5565,0,0
2022-03-25 12:00:00,0.92715,0.92782,0.92604,0.92732,6657,0,0
2022-03-25 16:00:00,0.92733,0.93095,0.92709,0.93037,11634,0,0
2022-03-25 20:00:00,0.93036,0.93136,0.93018,0.93026,4797,0,0
2022-03-28 00:00:00,0.93011,0.93182,0.9296,0.93182,1871,0,0
2022-03-28 04:00:00,0.93182,0.93407,0.9316,0.93379,5683,0,0
2022-03-28 08:00:00,0.93381,0.93815,0.93359,0.93618,9512,0,0
2022-03-28 12:00:00,0.93621,0.9372,0.93424,0.93528,12633,0,0
2022-03-28 16:00:00,0.9353,0.93668,0.93354,0.93378,10833,0,0
2022-03-28 20:00:00,0.9338,0.93604,0.93332,0.93442,6431,0,0
2022-03-29 00:00:00,0.93349,0.93561,0.93308,0.93506,3650,0,0
2022-03-29 04:00:00,0.93505,0.9351,0.93264,0.93388,7542,0,0
2022-03-29 08:00:00,0.93387,0.93738,0.93288,0.93689,8626,0,0
2022-03-29 12:00:00,0.9369,0.93741,0.93204,0.9328,14721,0,0
2022-03-29 16:00:00,0.93279,0.93321,0.92978,0.9322,15579,0,0
2022-03-29 20:00:00,0.93219,0.93283,0.93061,0.93088,6410,0,0
2022-03-30 00:00:00,0.93086,0.93135,0.93003,0.93015,4032,0,0
2022-03-30 04:00:00,0.93013,0.9302,0.92762,0.92849,8342,0,0
2022-03-30 08:00:00,0.9285,0.92906,0.92513,0.92537,9724,0,0
2022-03-30 12:00:00,0.92538,0.92725,0.9243,0.9262,10752,0,0
2022-03-30 16:00:00,0.9262,0.9268,0.92201,0.92278,11108,0,0
2022-03-30 20:00:00,0.92279,0.92352,0.92231,0.92322,4725,0,0
2022-03-31 00:00:00,0.92266,0.92386,0.92208,0.92257,3674,0,0
2022-03-31 04:00:00,0.92255,0.92495,0.92232,0.92484,4758,0,0
2022-03-31 08:00:00,0.92483,0.92591,0.92291,0.92467,8714,0,0
2022-03-31 12:00:00,0.92468,0.92539,0.92332,0.92464,10274,0,0
2022-03-31 16:00:00,0.92466,0.92533,0.91952,0.9222,14292,0,0
2022-03-31 20:00:00,0.92223,0.92426,0.92125,0.92271,6230,0,0
2022-04-01 00:00:00,0.92237,0.92438,0.92168,0.92424,2078,0,0
2022-04-01 04:00:00,0.92424,0.92497,0.92378,0.92455,3059,0,0
2022-04-01 08:00:00,0.92453,0.92458,0.92206,0.92391,7866,0,0
2022-04-01 12:00:00,0.9239,0.92582,0.92367,0.92575,8206,0,0
2022-04-01 16:00:00,0.92574,0.928,0.92496,0.92586,10206,0,0
2022-04-01 20:00:00,0.92585,0.926,0.9247,0.92545,4776,0,0
2022-04-04 00:00:00,0.92586,0.92648,0.92479,0.92552,2333,0,0
2022-04-04 04:00:00,0.92552,0.92674,0.9255,0.92646,3129,0,0
2022-04-04 08:00:00,0.92645,0.92709,0.92471,0.92688,6436,0,0
2022-04-04 12:00:00,0.92688,0.92811,0.92501,0.92565,6687,0,0
2022-04-04 16:00:00,0.92562,0.92691,0.92451,0.92649,8579,0,0
2022-04-04 20:00:00,0.92649,0.92689,0.92609,0.92643,4650,0,0
2022-04-05 00:00:00,0.92618,0.92671,0.9254,0.92573,2251,0,0
2022-04-05 04:00:00,0.92572,0.92676,0.92564,0.92646,2869,0,0
2022-04-05 08:00:00,0.92647,0.92666,0.92505,0.92632,6785,0,0
2022-04-05 12:00:00,0.92632,0.92634,0.92439,0.92474,7086,0,0
2022-04-05 16:00:00,0.92473,0.92971,0.92375,0.92962,10639,0,0
2022-04-05 20:00:00,0.92964,0.92982,0.92887,0.92939,4861,0,0
2022-04-06 00:00:00,0.92923,0.93109,0.92892,0.93083,1916,0,0
2022-04-06 04:00:00,0.93082,0.93153,0.92979,0.93106,4170,0,0
2022-04-06 08:00:00,0.93108,0.93499,0.93066,0.93249,8277,0,0
2022-04-06 12:00:00,0.93247,0.93386,0.93219,0.93301,7778,0,0
2022-04-06 16:00:00,0.933,0.93396,0.93194,0.93263,9331,0,0
2022-04-06 20:00:00,0.93263,0.93444,0.93044,0.93325,9645,0,0
2022-04-07 00:00:00,0.93289,0.93344,0.9315,0.93219,2467,0,0
2022-04-07 04:00:00,0.93218,0.93297,0.93182,0.93282,3797,0,0
2022-04-07 08:00:00,0.9328,0.93329,0.93175,0.93298,7390,0,0
2022-04-07 12:00:00,0.93299,0.9348,0.93256,0.93348,8882,0,0
2022-04-07 16:00:00,0.93343,0.93439,0.93204,0.93422,9807,0,0
2022-04-07 20:00:00,0.93422,0.93453,0.93298,0.9341,5435,0,0
2022-04-08 00:00:00,0.932,0.93478,0.93199,0.93441,3320,0,0
2022-04-08 04:00:00,0.9344,0.93533,0.93402,0.93525,3175,0,0
2022-04-08 08:00:00,0.93528,0.93532,0.93398,0.93515,6362,0,0
2022-04-08 12:00:00,0.93516,0.93624,0.93451,0.93624,6376,0,0
2022-04-08 16:00:00,0.93624,0.93738,0.93272,0.93365,9770,0,0
2022-04-08 20:00:00,0.93366,0.93432,0.93346,0.9341,5322,0,0
2022-04-11 00:00:00,0.93206,0.935,0.93114,0.93496,2892,0,0
2022-04-11 04:00:00,0.93495,0.93644,0.93422,0.93555,4694,0,0
2022-04-11 08:00:00,0.93555,0.93719,0.93411,0.93446,7267,0,0
2022-04-11 12:00:00,0.93445,0.93483,0.93288,0.9331,7161,0,0
2022-04-11 16:00:00,0.93307,0.93435,0.93036,0.93097,9341,0,0
2022-04-11 20:00:00,0.93096,0.93169,0.93062,0.93108,4004,0,0
2022-04-12 00:00:00,0.92986,0.93227,0.92981,0.93172,1675,0,0
2022-04-12 04:00:00,0.93174,0.93221,0.93051,0.93109,3028,0,0
2022-04-12 08:00:00,0.9311,0.93449,0.93067,0.93309,7245,0,0
2022-04-12 12:00:00,0.93309,0.93338,0.92896,0.9291,7988,0,0
2022-04-12 16:00:00,0.92916,0.93187,0.92868,0.93133,12668,0,0
2022-04-12 20:00:00,0.93134,0.93287,0.93109,0.93275,6433,0,0
2022-04-13 00:00:00,0.93274,0.93381,0.93202,0.9336,1747,0,0
2022-04-13 04:00:00,0.9336,0.93363,0.93215,0.93278,2406,0,0
2022-04-13 08:00:00,0.93277,0.93431,0.93141,0.93178,6227,0,0
2022-04-13 12:00:00,0.93179,0.93562,0.93157,0.93559,7831,0,0
2022-04-13 16:00:00,0.9356,0.93563,0.93246,0.93391,10820,0,0
2022-04-13 20:00:00,0.9339,0.93514,0.93357,0.93476,6361,0,0
2022-04-14 00:00:00,0.93258,0.93528,0.93258,0.93493,1889,0,0
2022-04-14 04:00:00,0.93488,0.93532,0.93241,0.93278,3022,0,0
2022-04-14 08:00:00,0.93275,0.93509,0.9325,0.93508,5541,0,0
2022-04-14 12:00:00,0.93509,0.93771,0.93417,0.93748,9212,0,0
2022-04-14 16:00:00,0.93748,0.94335,0.93744,0.94298,16100,0,0
2022-04-14 20:00:00,0.94295,0.94328,0.94216,0.94251,5318,0,0
2022-04-15 00:00:00,0.94177,0.9433,0.94103,0.94259,3165,1,0
2022-04-15 04:00:00,0.9426,0.94436,0.94222,0.94296,6668,0,0
2022-04-15 08:00:00,0.94298,0.94367,0.94118,0.94217,14495,0,0
2022-04-15 12:00:00,0.94217,0.94249,0.94173,0.9419,9927,0,0
2022-04-15 16:00:00,0.94186,0.94339,0.94167,0.94259,7918,0,0
2022-04-15 20:00:00,0.94259,0.94336,0.94204,0.94277,913,16,0
2022-04-18 00:00:00,0.94258,0.94379,0.94156,0.94309,3070,0,0
2022-04-18 04:00:00,0.94308,0.94449,0.94226,0.94439,3216,0,0
2022-04-18 08:00:00,0.94439,0.94488,0.94316,0.94471,3969,0,0
2022-04-18 12:00:00,0.94471,0.94471,0.9421,0.94343,4224,0,0
2022-04-18 16:00:00,0.94343,0.94534,0.94255,0.94466,7171,0,0
2022-04-18 20:00:00,0.94466,0.94484,0.94409,0.94481,5210,0,0
2022-04-19 00:00:00,0.94341,0.94619,0.94295,0.94556,3232,0,0
2022-04-19 04:00:00,0.94555,0.94664,0.94496,0.94591,5290,0,0
2022-04-19 08:00:00,0.94591,0.94656,0.94416,0.94608,8112,0,0
2022-04-19 12:00:00,0.94608,0.94921,0.94337,0.94466,9289,0,0
2022-04-19 16:00:00,0.94466,0.94974,0.9446,0.94934,11932,0,0
2022-04-19 20:00:00,0.94932,0.95235,0.94878,0.95224,5739,0,0
2022-04-20 00:00:00,0.9512,0.9531,0.9512,0.95275,2653,0,0
2022-04-20 04:00:00,0.95275,0.95362,0.9507,0.95083,8201,0,0
2022-04-20 08:00:00,0.95083,0.9515,0.94802,0.94805,7115,0,0
2022-04-20 12:00:00,0.94807,0.94898,0.94545,0.94832,9537,0,0
2022-04-20 16:00:00,0.9483,0.94923,0.94599,0.9489,11766,0,0
2022-04-20 20:00:00,0.94895,0.94916,0.94762,0.94839,6841,0,0
2022-04-21 00:00:00,0.94803,0.95,0.94803,0.94974,2804,0,0
2022-04-21 04:00:00,0.94975,0.95146,0.94949,0.95067,4635,0,0
2022-04-21 08:00:00,0.95068,0.95084,0.94571,0.94839,9924,0,0
2022-04-21 12:00:00,0.9484,0.95,0.94709,0.94897,9121,0,0
2022-04-21 16:00:00,0.94897,0.95533,0.94878,0.95406,12403,0,0
2022-04-21 20:00:00,0.95406,0.95431,0.95225,0.95341,9256,0,0
2022-04-22 00:00:00,0.95265,0.95471,0.95262,0.9545,2688,0,0
2022-04-22 04:00:00,0.95449,0.9545,0.95305,0.95347,4723,0,0
2022-04-22 08:00:00,0.95347,0.95592,0.95285,0.95555,8935,0,0
2022-04-22 12:00:00,0.95557,0.95608,0.95438,0.95538,7972,0,0
2022-04-22 16:00:00,0.95538,0.95929,0.95433,0.95805,12112,0,0
2022-04-22 20:00:00,0.95811,0.95816,0.95623,0.95682,6048,0,0
2022-04-25 00:00:00,0.9566,0.95753,0.95552,0.9565,3162,0,0
2022-04-25 04:00:00,0.95647,0.95829,0.95629,0.95805,6077,0,0
2022-04-25 08:00:00,0.95803,0.95973,0.9562,0.95873,11475,0,0
2022-04-25 12:00:00,0.95871,0.95918,0.9547,0.95532,9602,0,0
2022-04-25 16:00:00,0.9553,0.95897,0.95527,0.95886,13136,0,0
2022-04-25 20:00:00,0.95888,0.95964,0.95827,0.95959,6785,0,0
2022-04-26 00:00:00,0.95834,0.95922,0.957,0.9575,4199,0,0
2022-04-26 04:00:00,0.95751,0.95904,0.95705,0.9586,6624,0,0
2022-04-26 08:00:00,0.95859,0.96031,0.95822,0.95969,8366,0,0
2022-04-26 12:00:00,0.95967,0.95988,0.95673,0.95716,8464,0,0
2022-04-26 16:00:00,0.95709,0.96133,0.95649,0.96099,10843,0,0
2022-04-26 20:00:00,0.96099,0.96264,0.96082,0.96251,5103,0,0
2022-04-27 00:00:00,0.96207,0.9632,0.96154,0.9627,2566,0,0
2022-04-27 04:00:00,0.96263,0.96389,0.96168,0.9627,4129,0,0
2022-04-27 08:00:00,0.9627,0.96568,0.96244,0.96562,8346,0,0
2022-04-27 12:00:00,0.96562,0.96965,0.96324,0.96889,10333,0,0
2022-04-27 16:00:00,0.96892,0.97013,0.96781,0.96816,12209,0,0
2022-04-27 20:00:00,0.96817,0.96926,0.96744,0.96902,6426,0,0
2022-04-28 00:00:00,0.96899,0.96995,0.9666,0.96952,3151,0,0
2022-04-28 04:00:00,0.96952,0.9718,0.9689,0.97089,7107,0,0
2022-04-28 08:00:00,0.97089,0.97205,0.96805,0.97144,13363,0,0
2022-04-28 12:00:00,0.97144,0.97588,0.97021,0.97571,13050,0,0
2022-04-28 16:00:00,0.97568,0.97585,0.97049,0.9706,14226,0,0
2022-04-28 20:00:00,0.9706,0.97234,0.97048,0.97189,7396,0,0
2022-04-29 00:00:00,0.97158,0.97221,0.97097,0.97106,2199,0,0
2022-04-29 04:00:00,0.97108,0.97219,0.96997,0.97095,3870,0,0
2022-04-29 08:00:00,0.97091,0.97159,0.96797,0.96858,8853,0,0
2022-04-29 12:00:00,0.9685,0.97358,0.96842,0.97243,9736,0,0
2022-04-29 16:00:00,0.97251,0.97366,0.96711,0.97222,12691,0,0
2022-04-29 20:00:00,0.97222,0.9735,0.96993,0.97341,6624,0,0
2022-05-02 00:00:00,0.97079,0.9748,0.97054,0.97473,2357,0,0
2022-05-02 04:00:00,0.97473,0.97497,0.97342,0.9748,2724,0,0
2022-05-02 08:00:00,0.9748,0.975,0.97145,0.97145,4717,0,0
2022-05-02 12:00:00,0.97145,0.97628,0.97145,0.97604,3265,0,0
2022-05-02 16:00:00,0.97603,0.97849,0.97517,0.97793,5418,0,0
2022-05-02 20:00:00,0.97793,0.97893,0.97736,0.97764,3489,0,0
2022-05-03 00:00:00,0.97779,0.97837,0.97657,0.97674,1932,0,0
2022-05-03 04:00:00,0.97676,0.97907,0.97663,0.97907,2608,0,0
2022-05-03 08:00:00,0.97907,0.97917,0.97736,0.97879,5028,0,0
2022-05-03 12:00:00,0.97876,0.97942,0.97202,0.97354,6149,0,0
2022-05-03 16:00:00,0.97354,0.97997,0.9729,0.97913,7568,0,0
2022-05-03 20:00:00,0.97914,0.97983,0.97792,0.97889,4662,0,0
2022-05-04 00:00:00,0.97764,0.97937,0.97698,0.97893,1897,0,0
2022-05-04 04:00:00,0.97891,0.97994,0.9785,0.97975,2331,0,0
2022-05-04 08:00:00,0.97975,0.98063,0.97813,0.98063,4697,0,0
2022-05-04 12:00:00,0.98062,0.98188,0.9791,0.98013,5703,0,0
2022-05-04 16:00:00,0.98012,0.9839,0.98003,0.98331,8666,0,0
2022-05-04 20:00:00,0.98331,0.98522,0.97208,0.9722,15240,0,0
2022-05-05 00:00:00,0.97203,0.97481,0.97201,0.97331,3801,0,0
2022-05-05 04:00:00,0.97329,0.97365,0.97099,0.97309,5007,0,0
2022-05-05 08:00:00,0.97311,0.97988,0.9727,0.97824,7571,0,0
2022-05-05 12:00:00,0.97826,0.98274,0.97536,0.98258,9266,0,0
2022-05-05 16:00:00,0.98263,0.98883,0.98164,0.98756,12205,0,0
2022-05-05 20:00:00,0.98758,0.989,0.98456,0.98497,6914,0,0
2022-05-06 00:00:00,0.98414,0.98604,0.98414,0.98558,3092,0,0
2022-05-06 04:00:00,0.98556,0.9884,0.98547,0.9864,4852,0,0
2022-05-06 08:00:00,0.9864,0.98809,0.98315,0.98456,9531,0,0
2022-05-06 12:00:00,0.98456,0.98798,0.98285,0.98686,9103,0,0
2022-05-06 16:00:00,0.98686,0.98879,0.98275,0.98651,11695,0,0
2022-05-06 20:00:00,0.98649,0.98922,0.98602,0.98845,5338,0,0
2022-05-09 00:00:00,0.9864,0.99082,0.98639,0.99063,3340,0,0
2022-05-09 04:00:00,0.99063,0.99233,0.98994,0.99218,5375,0,0
2022-05-09 08:00:00,0.9922,0.99461,0.99166,0.99364,8410,0,0
2022-05-09 12:00:00,0.99363,0.99391,0.98931,0.99012,8330,0,0
2022-05-09 16:00:00,0.99012,0.99658,0.98982,0.99217,10457,0,0
2022-05-09 20:00:00,0.9922,0.99405,0.99209,0.99391,6075,0,0
2022-05-10 00:00:00,0.99348,0.99386,0.99221,0.99275,3542,0,0
2022-05-10 04:00:00,0.99276,0.99293,0.99122,0.99167,5313,0,0
2022-05-10 08:00:00,0.99165,0.99394,0.99099,0.99325,8816,0,0
2022-05-10 12:00:00,0.99325,0.99749,0.99071,0.99122,8580,0,0
2022-05-10 16:00:00,0.99121,0.99542,0.99058,0.99517,11140,0,0
2022-05-10 20:00:00,0.99517,0.99646,0.99468,0.99547,4318,0,0
2022-05-11 00:00:00,0.99568,0.99641,0.99447,0.9957,2203,0,0
2022-05-11 04:00:00,0.99568,0.99589,0.99454,0.99465,3593,0,0
2022-05-11 08:00:00,0.99467,0.9952,0.98772,0.98859,8727,0,0
2022-05-11 12:00:00,0.9886,0.99621,0.98718,0.99555,11514,0,0
2022-05-11 16:00:00,0.99563,0.99585,0.98738,0.99182,17545,0,0
2022-05-11 20:00:00,0.99181,0.99452,0.99131,0.99389,8937,0,0
2022-05-12 00:00:00,0.99387,0.99515,0.99276,0.99417,2948,0,0
2022-05-12 04:00:00,0.99416,0.9959,0.99384,0.99586,3647,0,0
2022-05-12 08:00:00,0.99584,0.99686,0.99319,0.99653,10617,0,0
2022-05-12 12:00:00,0.99652,0.99761,0.99467,0.99675,10344,0,0
2022-05-12 16:00:00,0.99664,1.00374,0.99595,1.00366,14846,0,0
2022-05-12 20:00:00,1.00362,1.00494,1.00283,1.00297,8852,0,0
2022-05-13 00:00:00,1.00304,1.00357,1.00238,1.00282,2932,0,0
2022-05-13 04:00:00,1.00283,1.00415,1.00171,1.00253,5906,0,0
2022-05-13 08:00:00,1.00253,1.00304,0.9994,1.00015,8887,0,0
2022-05-13 12:00:00,1.00015,1.00174,0.99921,1.0014,8395,0,0
2022-05-13 16:00:00,1.00141,1.0047,1.00044,1.00205,12562,0,0
2022-05-13 20:00:00,1.00205,1.00349,1.00161,1.0022,6447,0,0
2022-05-16 00:00:00,1.00164,1.00314,1.00078,1.00253,2324,0,0
2022-05-16 04:00:00,1.00253,1.00331,1.00174,1.00309,4026,0,0
2022-05-16 08:00:00,1.00309,1.0054400000000001,1.00224,1.00459,6122,0,0
2022-05-16 12:00:00,1.00458,1.00643,1.00327,1.00447,7649,0,0
2022-05-16 16:00:00,1.0045,1.0061,1.00241,1.00248,9319,0,0
2022-05-16 20:00:00,1.00252,1.00337,1.00076,1.00177,6260,0,0
2022-05-17 00:00:00,1.00176,1.00225,1.00106,1.00165,2129,0,0
2022-05-17 04:00:00,1.00166,1.00236,1.00136,1.00177,2773,0,0
2022-05-17 08:00:00,1.00176,1.0018,0.99575,0.99637,7519,0,0
2022-05-17 12:00:00,0.99637,0.9974,0.99183,0.99228,9718,0,0
2022-05-17 16:00:00,0.99223,0.99396,0.9919,0.99353,9944,0,0
2022-05-17 20:00:00,0.99348,0.9959,0.99244,0.9936,8470,0,0
2022-05-18 00:00:00,0.99282,0.99442,0.99236,0.99278,2092,0,0
2022-05-18 04:00:00,0.99279,0.99477,0.99278,0.99449,3093,0,0
2022-05-18 08:00:00,0.9945,0.99847,0.99367,0.99736,6855,0,0
2022-05-18 12:00:00,0.99735,0.99776,0.99547,0.99714,7186,0,0
2022-05-18 16:00:00,0.99714,0.99747,0.98622,0.98732,10746,0,0
2022-05-18 20:00:00,0.98729,0.98869,0.98605,0.98833,4683,0,0
2022-05-19 00:00:00,0.98902,0.98902,0.98588,0.98696,3602,0,0
2022-05-19 04:00:00,0.98691,0.98743,0.98524,0.98589,4613,0,0
2022-05-19 08:00:00,0.98588,0.98661,0.97573,0.9763,8698,0,0
2022-05-19 12:00:00,0.97637,0.97809,0.97194,0.97384,9336,0,0
2022-05-19 16:00:00,0.97385,0.97393,0.97092,0.97134,15259,0,0
2022-05-19 20:00:00,0.97136,0.97296,0.96972,0.9729,6716,0,0
2022-05-20 00:00:00,0.97093,0.97339,0.97084,0.97294,1921,0,0
2022-05-20 04:00:00,0.97295,0.97357,0.97051,0.97094,3847,0,0
2022-05-20 08:00:00,0.97094,0.97458,0.96941,0.97275,8336,0,0
2022-05-20 12:00:00,0.97276,0.97363,0.97,0.97355,8405,0,0
2022-05-20 16:00:00,0.97355,0.97588,0.97315,0.97464,11374,0,0
2022-05-20 20:00:00,0.97463,0.97641,0.97415,0.97469,8100,0,0
2022-05-23 00:00:00,0.97398,0.97512,0.97291,0.9736,2498,0,0
2022-05-23 04:00:00,0.9736,0.97396,0.97125,0.97193,3534,0,0
2022-05-23 08:00:00,0.97201,0.97283,0.96894,0.96895,7720,0,0
2022-05-23 12:00:00,0.96896,0.96925,0.96277,0.96516,10993,0,0
2022-05-23 16:00:00,0.96518,0.96659,0.96406,0.96638,8415,0,0
2022-05-23 20:00:00,0.96638,0.96693,0.96532,0.96548,4908,0,0
2022-05-24 00:00:00,0.96597,0.96685,0.96519,0.96671,2228,0,0
2022-05-24 04:00:00,0.9667,0.967,0.96614,0.96669,2507,0,0
2022-05-24 08:00:00,0.96663,0.96674,0.96103,0.96307,9797,0,0
2022-05-24 12:00:00,0.96307,0.96655,0.96239,0.96372,9228,0,0
2022-05-24 16:00:00,0.96368,0.96389,0.9574,0.96051,12005,0,0
2022-05-24 20:00:00,0.96052,0.96111,0.95988,0.96057,5601,0,0
2022-05-25 00:00:00,0.95952,0.96152,0.95911,0.96118,1955,0,0
2022-05-25 04:00:00,0.96114,0.96293,0.96088,0.96225,4571,0,0
2022-05-25 08:00:00,0.96226,0.96306,0.96131,0.96275,8259,0,0
2022-05-25 12:00:00,0.96277,0.96422,0.96074,0.96197,10177,0,0
2022-05-25 16:00:00,0.96192,0.96382,0.9613,0.9638,9328,0,0
2022-05-25 20:00:00,0.9638,0.96384,0.96087,0.96204,6343,0,0
2022-05-26 00:00:00,0.96107,0.96238,0.96068,0.96143,1997,0,0
2022-05-26 04:00:00,0.96143,0.96247,0.96116,0.96239,3378,0,0
2022-05-26 08:00:00,0.96239,0.96326,0.95907,0.9597,6350,0,0
2022-05-26 12:00:00,0.95971,0.96161,0.95827,0.96095,10235,0,0
2022-05-26 16:00:00,0.96095,0.96139,0.95911,0.96069,10902,0,0
2022-05-26 20:00:00,0.96068,0.96081,0.95862,0.95871,6433,0,0
2022-05-27 00:00:00,0.95984,0.95984,0.95833,0.95837,2068,0,0
2022-05-27 04:00:00,0.95836,0.95862,0.95654,0.9577,3989,0,0
2022-05-27 08:00:00,0.95773,0.96027,0.9574,0.95872,7432,0,0
2022-05-27 12:00:00,0.9587,0.95985,0.95487,0.95797,8950,0,0
2022-05-27 16:00:00,0.95792,0.95854,0.95448,0.95781,9210,0,0
2022-05-27 20:00:00,0.95782,0.9585,0.95711,0.95734,4258,0,0
2022-05-30 00:00:00,0.9569,0.95831,0.9557,0.95788,1980,0,0
2022-05-30 04:00:00,0.95786,0.9581,0.95562,0.95638,3277,0,0
2022-05-30 08:00:00,0.95639,0.95894,0.95537,0.95665,6020,0,0
2022-05-30 12:00:00,0.95664,0.96063,0.95653,0.96012,7526,0,0
2022-05-30 16:00:00,0.96015,0.9603,0.95683,0.95754,7120,0,0
2022-05-30 20:00:00,0.95755,0.95779,0.95702,0.95722,2017,0,0
2022-05-31 00:00:00,0.95727,0.96126,0.95649,0.9611,2400,0,0
2022-05-31 04:00:00,0.96115,0.96138,0.95925,0.96002,4802,0,0
2022-05-31 08:00:00,0.96003,0.96165,0.95891,0.96088,6275,0,0
2022-05-31 12:00:00,0.96087,0.96203,0.95794,0.96134,9476,0,0
2022-05-31 16:00:00,0.96131,0.96131,0.95679,0.9584,12847,0,0
2022-05-31 20:00:00,0.95841,0.95989,0.95697,0.95954,5102,0,0
2022-06-01 00:00:00,0.9596,0.96007,0.95804,0.96007,2552,0,0
2022-06-01 04:00:00,0.96006,0.96172,0.96002,0.96142,3957,0,0
2022-06-01 08:00:00,0.96142,0.96185,0.95892,0.96144,5856,0,0
2022-06-01 12:00:00,0.96144,0.96276,0.96014,0.96037,6368,0,0
2022-06-01 16:00:00,0.96034,0.96588,0.95956,0.96356,12335,0,0
2022-06-01 20:00:00,0.96364,0.96377,0.96228,0.96323,5008,0,0
2022-06-02 00:00:00,0.96232,0.9635,0.96196,0.96277,1782,0,0
2022-06-02 04:00:00,0.96278,0.96365,0.96244,0.96287,3094,0,0
2022-06-02 08:00:00,0.96287,0.96357,0.9575,0.96078,7875,0,0
2022-06-02 12:00:00,0.96082,0.96127,0.95808,0.959,7413,0,0
2022-06-02 16:00:00,0.959,0.96145,0.95825,0.95875,9915,0,0
2022-06-02 20:00:00,0.95874,0.95914,0.95744,0.95768,4139,0,0
2022-06-03 00:00:00,0.95775,0.95819,0.95679,0.95706,1958,0,0
2022-06-03 04:00:00,0.95705,0.95796,0.95702,0.95795,2306,0,0
2022-06-03 08:00:00,0.95795,0.9584,0.95567,0.95826,5308,0,0
2022-06-03 12:00:00,0.9583,0.96426,0.95809,0.96262,8343,0,0
2022-06-03 16:00:00,0.96261,0.96386,0.96003,0.96235,10146,0,0
2022-06-03 20:00:00,0.96236,0.96306,0.96206,0.96266,3664,0,0
2022-06-06 00:00:00,0.96144,0.9633,0.96144,0.96285,1827,0,0
2022-06-06 04:00:00,0.96285,0.96285,0.96126,0.9616,3236,0,0
2022-06-06 08:00:00,0.96156,0.96239,0.96058,0.96077,5382,0,0
2022-06-06 12:00:00,0.9609,0.96338,0.96055,0.96303,4535,0,0
2022-06-06 16:00:00,0.96303,0.96994,0.96292,0.96965,10201,0,0
2022-06-06 20:00:00,0.96961,0.97144,0.9695,0.9707,5226,0,0
2022-06-07 00:00:00,0.97044,0.97188,0.97036,0.97168,2506,0,0
2022-06-07 04:00:00,0.97176,0.97247,0.97048,0.97193,4427,0,0
2022-06-07 08:00:00,0.97192,0.97588,0.97163,0.97585,7018,0,0
2022-06-07 12:00:00,0.97586,0.9779,0.9754,0.97654,6708,0,0
2022-06-07 16:00:00,0.97663,0.97701,0.97201,0.97332,10040,0,0
2022-06-07 20:00:00,0.9733,0.97416,0.97159,0.97265,4722,0,0
2022-06-08 00:00:00,0.97161,0.97418,0.97142,0.97415,1905,0,0
2022-06-08 04:00:00,0.97416,0.97527,0.97377,0.97526,4069,0,0
2022-06-08 08:00:00,0.97528,0.97891,0.97367,0.97886,7104,0,0
2022-06-08 12:00:00,0.97888,0.9789,0.97531,0.97733,9759,0,0
2022-06-08 16:00:00,0.97734,0.9776,0.97305,0.97573,10115,0,0
2022-06-08 20:00:00,0.97573,0.9788,0.97573,0.97845,4278,0,0
2022-06-09 00:00:00,0.97811,0.97934,0.97678,0.9789,1973,0,0
2022-06-09 04:00:00,0.97887,0.9791,0.97687,0.97783,2804,0,0
2022-06-09 08:00:00,0.97784,0.98011,0.97696,0.97869,5841,0,0
2022-06-09 12:00:00,0.97868,0.97916,0.97514,0.97516,11471,0,0
2022-06-09 16:00:00,0.97509,0.97966,0.97238,0.97808,14034,0,0
2022-06-09 20:00:00,0.97808,0.98173,0.97763,0.98014,5088,0,0
2022-06-10 00:00:00,0.97951,0.98086,0.97939,0.9794,2363,0,0
2022-06-10 04:00:00,0.97941,0.98,0.97888,0.97953,3642,0,0
2022-06-10 08:00:00,0.97954,0.97954,0.9766,0.97904,8690,0,0
2022-06-10 12:00:00,0.97907,0.98664,0.9788,0.98622,11686,0,0
2022-06-10 16:00:00,0.9862,0.9898,0.98477,0.98876,15417,0,0
2022-06-10 20:00:00,0.98878,0.98891,0.98719,0.9876,6870,0,0
2022-06-13 00:00:00,0.98694,0.98999,0.98652,0.98962,4618,0,0
2022-06-13 04:00:00,0.98962,0.98999,0.98835,0.98895,7140,0,0
2022-06-13 08:00:00,0.98894,0.99234,0.98815,0.99144,9376,0,0
2022-06-13 12:00:00,0.99144,0.99453,0.99025,0.99173,13548,0,0
2022-06-13 16:00:00,0.99175,0.99789,0.99139,0.99582,13955,0,0
2022-06-13 20:00:00,0.99582,0.99943,0.99461,0.99699,11165,0,0
2022-06-14 00:00:00,0.99818,0.99818,0.99537,0.99569,4903,0,0
2022-06-14 04:00:00,0.9957,0.99773,0.9948,0.996,9445,0,0
2022-06-14 08:00:00,0.99597,0.99686,0.98735,0.98895,10642,0,0
2022-06-14 12:00:00,0.98895,0.99538,0.98863,0.99507,13708,0,0
2022-06-14 16:00:00,0.9951,1.00279,0.99369,1.00262,16704,0,0
2022-06-14 20:00:00,1.00262,1.0037,1.0001,1.00149,8976,0,0
2022-06-15 00:00:00,1.00164,1.00328,0.99889,0.99964,6499,0,0
2022-06-15 04:00:00,0.99965,1.00091,0.99862,1.00082,7018,0,0
2022-06-15 08:00:00,1.0008,1.00197,0.99711,0.99713,13375,0,0
2022-06-15 12:00:00,0.99714,1.00094,0.99609,1.00055,14200,0,0
2022-06-15 16:00:00,1.00054,1.00301,0.99909,1.00289,15112,0,0
2022-06-15 20:00:00,1.00288,1.00498,0.9931,0.99406,20847,0,0
2022-06-16 00:00:00,0.99428,0.99618,0.99315,0.99512,6576,0,0
2022-06-16 04:00:00,0.99513,0.99813,0.99482,0.99575,6981,0,0
2022-06-16 08:00:00,0.99574,0.99895,0.97842,0.97989,17729,0,0
2022-06-16 12:00:00,0.97989,0.98171,0.97207,0.97491,16469,0,0
2022-06-16 16:00:00,0.97488,0.97495,0.96436,0.96547,19432,0,0
2022-06-16 20:00:00,0.96545,0.96665,0.96294,0.96663,11310,0,0
2022-06-17 00:00:00,0.96686,0.96868,0.96464,0.96837,7934,0,0
2022-06-17 04:00:00,0.96837,0.97119,0.96798,0.96899,10485,0,0
2022-06-17 08:00:00,0.969,0.96976,0.96334,0.96553,14558,0,0
2022-06-17 12:00:00,0.96552,0.96743,0.96193,0.96322,13089,0,0
2022-06-17 16:00:00,0.96323,0.97325,0.96297,0.9715,18071,0,0
2022-06-17 20:00:00,0.97148,0.97163,0.96923,0.96975,8800,0,0
2022-06-20 00:00:00,0.9704,0.97135,0.96861,0.96946,5714,0,0
2022-06-20 04:00:00,0.96947,0.96968,0.96589,0.96695,8061,0,0
2022-06-20 08:00:00,0.96696,0.96729,0.96428,0.96543,10597,0,0
2022-06-20 12:00:00,0.9654,0.96671,0.96218,0.96576,10320,0,0
2022-06-20 16:00:00,0.96578,0.96823,0.96548,0.96728,10860,0,0
2022-06-20 20:00:00,0.96729,0.96904,0.96724,0.96758,5531,0,0
2022-06-21 00:00:00,0.96829,0.9684,0.96579,0.96616,3858,0,0
2022-06-21 04:00:00,0.96617,0.96741,0.96573,0.96695,5175,0,0
2022-06-21 08:00:00,0.96696,0.96758,0.96385,0.96482,11911,0,0
2022-06-21 12:00:00,0.96481,0.96839,0.96475,0.96801,12416,0,0
2022-06-21 16:00:00,0.96802,0.96809,0.96321,0.96596,15086,0,0
2022-06-21 20:00:00,0.96597,0.96717,0.96507,0.96606,8176,0,0
2022-06-22 00:00:00,0.96517,0.96797,0.96478,0.96765,6264,0,0
2022-06-22 04:00:00,0.96764,0.96804,0.96574,0.96767,5815,0,0
2022-06-22 08:00:00,0.96766,0.96895,0.96614,0.96769,11946,0,0
2022-06-22 12:00:00,0.9677,0.96812,0.9629,0.96324,13815,0,0
2022-06-22 16:00:00,0.96324,0.96386,0.95801,0.96223,19014,0,0
2022-06-22 20:00:00,0.96223,0.96233,0.96028,0.96106,7510,0,0
2022-06-23 00:00:00,0.96108,0.96195,0.9604,0.96051,3616,0,0
2022-06-23 04:00:00,0.96052,0.96243,0.95981,0.96143,7974,0,0
2022-06-23 08:00:00,0.96144,0.96786,0.96034,0.96773,14450,0,0
2022-06-23 12:00:00,0.96772,0.96772,0.96265,0.9634,13784,0,0
2022-06-23 16:00:00,0.9634,0.9634,0.95666,0.96059,22835,0,0
2022-06-23 20:00:00,0.96058,0.96191,0.95984,0.96142,8662,0,0
2022-06-24 00:00:00,0.95873,0.96272,0.95873,0.96168,3634,0,0
2022-06-24 04:00:00,0.96169,0.96201,0.96005,0.96037,6010,0,0
2022-06-24 08:00:00,0.96037,0.96325,0.95861,0.95972,11097,0,0
2022-06-24 12:00:00,0.95973,0.95986,0.95452,0.95579,13583,0,0
2022-06-24 16:00:00,0.95578,0.95873,0.95214,0.95829,20090,0,0
2022-06-24 20:00:00,0.95828,0.96016,0.95773,0.95831,6445,0,0
2022-06-27 00:00:00,0.95718,0.95834,0.95627,0.95753,4859,0,0
2022-06-27 04:00:00,0.95753,0.95819,0.95639,0.95694,6464,0,0
2022-06-27 08:00:00,0.95693,0.95848,0.95587,0.95808,9480,0,0
2022-06-27 12:00:00,0.95808,0.96202,0.95704,0.96022,11267,0,0
2022-06-27 16:00:00,0.96019,0.96019,0.95428,0.95497,14439,0,0
2022-06-27 20:00:00,0.95498,0.95659,0.9546,0.95626,5881,0,0
2022-06-28 00:00:00,0.95538,0.95673,0.95534,0.95593,2808,0,0
2022-06-28 04:00:00,0.95592,0.95641,0.95508,0.95636,5137,0,0
2022-06-28 08:00:00,0.95633,0.9568,0.9538,0.95408,11646,0,0
2022-06-28 12:00:00,0.9541,0.95846,0.9534,0.95795,13060,0,0
2022-06-28 16:00:00,0.95796,0.95868,0.95582,0.95656,15794,0,0
2022-06-28 20:00:00,0.95656,0.95797,0.9556,0.95744,8348,0,0
2022-06-29 00:00:00,0.95656,0.95742,0.95627,0.95684,4203,0,0
2022-06-29 04:00:00,0.95685,0.95711,0.95505,0.95694,6371,0,0
2022-06-29 08:00:00,0.95694,0.95781,0.95457,0.95539,11803,0,0
2022-06-29 12:00:00,0.95539,0.95546,0.94952,0.95255,14203,0,0
2022-06-29 16:00:00,0.95253,0.95504,0.95182,0.95493,19122,0,0
2022-06-29 20:00:00,0.95493,0.9554,0.95413,0.95481,5509,0,0
2022-06-30 00:00:00,0.95468,0.95549,0.95401,0.95445,3830,0,0
2022-06-30 04:00:00,0.9545,0.95522,0.95365,0.95421,6608,1,0
2022-06-30 08:00:00,0.95422,0.95746,0.95295,0.95579,13082,0,0
2022-06-30 12:00:00,0.95578,0.96054,0.9555,0.95798,13331,0,0
2022-06-30 16:00:00,0.95801,0.9594,0.95347,0.9537,16476,0,0
2022-06-30 20:00:00,0.95371,0.95513,0.95353,0.95483,7271,0,0
2022-07-01 00:00:00,0.95454,0.95595,0.95399,0.95555,3352,0,0
2022-07-01 04:00:00,0.95556,0.95735,0.95486,0.95665,6881,0,0
2022-07-01 08:00:00,0.95666,0.95972,0.95471,0.9581,12329,0,0
2022-07-01 12:00:00,0.95809,0.96259,0.9569,0.96258,13446,0,0
2022-07-01 16:00:00,0.96258,0.96415,0.96021,0.9619,19675,0,0
2022-07-01 20:00:00,0.96188,0.96224,0.95919,0.95951,9240,0,0
2022-07-04 00:00:00,0.96053,0.96097,0.95803,0.95842,5808,0,0
2022-07-04 04:00:00,0.95844,0.95957,0.95817,0.95929,5210,0,0
2022-07-04 08:00:00,0.95933,0.9606,0.95603,0.95991,9347,0,0
2022-07-04 12:00:00,0.9599,0.96106,0.95888,0.96071,9968,0,0
2022-07-04 16:00:00,0.9607,0.96175,0.95984,0.96114,9176,0,0
2022-07-04 20:00:00,0.96113,0.9616,0.96072,0.96086,2462,0,0
2022-07-05 00:00:00,0.96071,0.96132,0.96031,0.96083,3385,1,0
2022-07-05 04:00:00,0.96082,0.96144,0.96033,0.96042,4442,0,0
2022-07-05 08:00:00,0.96044,0.9647,0.95926,0.96437,11500,0,0
2022-07-05 12:00:00,0.96435,0.96748,0.96295,0.96616,14148,0,0
2022-07-05 16:00:00,0.96619,0.97044,0.96584,0.96955,16630,0,0
2022-07-05 20:00:00,0.96954,0.96998,0.96793,0.96853,9488,0,0
2022-07-06 00:00:00,0.9676,0.96892,0.9676,0.96812,3201,1,0
2022-07-06 04:00:00,0.9681,0.96892,0.96716,0.96839,4667,0,0
2022-07-06 08:00:00,0.96841,0.96992,0.96713,0.96914,12317,0,0
2022-07-06 12:00:00,0.96912,0.97256,0.96873,0.97139,15012,0,0
2022-07-06 16:00:00,0.97144,0.97435,0.96878,0.97132,18456,0,0
2022-07-06 20:00:00,0.97133,0.9728,0.96976,0.97063,11612,0,0
2022-07-07 00:00:00,0.97062,0.97086,0.96881,0.97009,3684,0,0
2022-07-07 04:00:00,0.97008,0.97032,0.96847,0.96875,5502,0,0
2022-07-07 08:00:00,0.9687,0.97202,0.96816,0.97147,11875,0,0
2022-07-07 12:00:00,0.97145,0.97418,0.97087,0.97407,14102,0,0
2022-07-07 16:00:00,0.97407,0.97432,0.97193,0.97399,14920,0,0
2022-07-07 20:00:00,0.97397,0.97485,0.97364,0.97403,6641,0,0
2022-07-08 00:00:00,0.97265,0.97432,0.97128,0.97282,2516,0,0
2022-07-08 04:00:00,0.97282,0.97466,0.97228,0.97386,5849,0,0
2022-07-08 08:00:00,0.97385,0.97975,0.97328,0.97706,11330,0,0
2022-07-08 12:00:00,0.97706,0.97923,0.97462,0.97784,14250,0,0
2022-07-08 16:00:00,0.97783,0.97929,0.97523,0.97819,17252,0,0
2022-07-08 20:00:00,0.97815,0.97894,0.97609,0.97647,6800,0,0
2022-07-11 00:00:00,0.9764,0.9789,0.97406,0.97887,3669,2,0
2022-07-11 04:00:00,0.97886,0.97972,0.97759,0.97823,5361,0,0
2022-07-11 08:00:00,0.97824,0.98015,0.97805,0.97934,10943,0,0
2022-07-11 12:00:00,0.97935,0.98244,0.97879,0.98145,11972,0,0
2022-07-11 16:00:00,0.98145,0.9843,0.97906,0.98006,15899,0,0
2022-07-11 20:00:00,0.98008,0.98336,0.9787,0.98326,7407,0,0
2022-07-12 00:00:00,0.98304,0.98341,0.98149,0.98207,3301,0,0
2022-07-12 04:00:00,0.98207,0.98437,0.98193,0.98355,7942,1,0
2022-07-12 08:00:00,0.98355,0.98526,0.98326,0.98468,13842,0,0
2022-07-12 12:00:00,0.98468,0.98588,0.98268,0.98288,15792,0,0
2022-07-12 16:00:00,0.98286,0.98375,0.98038,0.98135,13977,0,0
2022-07-12 20:00:00,0.98136,0.98241,0.98096,0.98173,7136,0,0
2022-07-13 00:00:00,0.98216,0.98346,0.98118,0.98234,3051,1,0
2022-07-13 04:00:00,0.98225,0.98298,0.9811,0.98203,4861,1,0
2022-07-13 08:00:00,0.98203,0.98251,0.97754,0.97876,12598,0,0
2022-07-13 12:00:00,0.97876,0.98199,0.97554,0.98054,14678,0,0
2022-07-13 16:00:00,0.98053,0.98267,0.97623,0.97739,21784,0,0
2022-07-13 20:00:00,0.97737,0.97949,0.97676,0.97882,9344,0,0
2022-07-14 00:00:00,0.97803,0.98171,0.97554,0.98137,4473,0,0
2022-07-14 04:00:00,0.98136,0.98261,0.98107,0.98214,6362,1,0
2022-07-14 08:00:00,0.98215,0.98626,0.98171,0.98445,12308,0,0
2022-07-14 12:00:00,0.98446,0.98516,0.98262,0.98506,15038,0,0
2022-07-14 16:00:00,0.98505,0.98857,0.98223,0.98527,20722,0,0
2022-07-14 20:00:00,0.98524,0.98527,0.98242,0.98371,12782,0,0
2022-07-15 00:00:00,0.98246,0.98388,0.98208,0.98252,3492,2,0
2022-07-15 04:00:00,0.98252,0.98323,0.98102,0.9826,4698,2,0
2022-07-15 08:00:00,0.98259,0.98408,0.98013,0.98026,10861,0,0
2022-07-15 12:00:00,0.98028,0.98097,0.97705,0.97752,13639,0,0
2022-07-15 16:00:00,0.9775,0.982,0.97705,0.97778,16333,0,0
2022-07-15 20:00:00,0.97775,0.97854,0.97591,0.97608,5742,0,0
2022-07-18 00:00:00,0.9762,0.97687,0.97464,0.97505,2951,0,0
2022-07-18 04:00:00,0.97503,0.97622,0.97366,0.97604,4420,0,0
2022-07-18 08:00:00,0.97609,0.97696,0.97373,0.97449,11790,0,0
2022-07-18 12:00:00,0.97451,0.97898,0.9732,0.97755,11731,0,0
2022-07-18 16:00:00,0.97756,0.97835,0.97309,0.97628,13305,0,0
2022-07-18 20:00:00,0.97627,0.97764,0.97559,0.97733,7272,0,0
2022-07-19 00:00:00,0.97685,0.97831,0.97591,0.97828,3086,1,0
2022-07-19 04:00:00,0.97827,0.97864,0.97649,0.97732,3918,0,0
2022-07-19 08:00:00,0.9773,0.97735,0.96949,0.97002,12762,0,0
2022-07-19 12:00:00,0.97003,0.97104,0.96723,0.96783,14729,0,0
2022-07-19 16:00:00,0.96788,0.96934,0.96542,0.96835,15209,0,0
2022-07-19 20:00:00,0.96834,0.96947,0.96794,0.9687,6650,0,0
2022-07-20 00:00:00,0.96743,0.96918,0.96642,0.96815,4167,0,0
2022-07-20 04:00:00,0.96815,0.96872,0.96779,0.96856,3566,1,0
2022-07-20 08:00:00,0.96856,0.97026,0.9676,0.96959,10434,0,0
2022-07-20 12:00:00,0.96963,0.97165,0.96795,0.96995,13215,0,0
2022-07-20 16:00:00,0.96996,0.97361,0.9685,0.97307,14256,0,0
2022-07-20 20:00:00,0.97308,0.97355,0.9712,0.97139,7974,0,0
2022-07-21 00:00:00,0.97086,0.97193,0.96972,0.9716,4307,2,0
2022-07-21 04:00:00,0.97159,0.97197,0.96946,0.9697,4606,0,0
2022-07-21 08:00:00,0.9697,0.97392,0.96948,0.97243,12539,0,0
2022-07-21 12:00:00,0.97245,0.97334,0.96704,0.96718,16328,0,0
2022-07-21 16:00:00,0.96717,0.9726,0.96678,0.96965,20512,0,0
2022-07-21 20:00:00,0.96966,0.96986,0.9664,0.96665,7159,0,0
2022-07-22 00:00:00,0.96665,0.96721,0.96582,0.96714,3142,0,0
2022-07-22 04:00:00,0.96717,0.96897,0.96683,0.96891,3917,1,0
2022-07-22 08:00:00,0.96895,0.97039,0.96685,0.968,12050,0,0
2022-07-22 12:00:00,0.96799,0.96804,0.96441,0.96604,14321,0,0
2022-07-22 16:00:00,0.96604,0.96646,0.95999,0.96073,17321,0,0
2022-07-22 20:00:00,0.96074,0.96407,0.96033,0.96106,9273,0,0
2022-07-25 00:00:00,0.9616,0.96456,0.96014,0.96428,3935,0,0
2022-07-25 04:00:00,0.96428,0.9643,0.96208,0.96298,5439,2,0
2022-07-25 08:00:00,0.96299,0.96602,0.96291,0.96351,12514,0,0
2022-07-25 12:00:00,0.96352,0.96497,0.96178,0.96381,13375,0,0
2022-07-25 16:00:00,0.96382,0.96579,0.96345,0.96516,12408,0,0
2022-07-25 20:00:00,0.96518,0.96531,0.96401,0.96457,4009,0,0
2022-07-26 00:00:00,0.96314,0.96472,0.96314,0.96357,1985,0,0
2022-07-26 04:00:00,0.96355,0.96434,0.96226,0.96433,2926,1,0
2022-07-26 08:00:00,0.96433,0.96553,0.96309,0.96412,9715,0,0
2022-07-26 12:00:00,0.96412,0.96677,0.96351,0.96391,14497,0,0
2022-07-26 16:00:00,0.96391,0.96473,0.96156,0.96249,11193,0,0
2022-07-26 20:00:00,0.96249,0.96364,0.96203,0.96304,5184,0,0
2022-07-27 00:00:00,0.96216,0.96289,0.96168,0.9622,2370,0,0
2022-07-27 04:00:00,0.96224,0.96259,0.9615,0.96166,3344,2,0
2022-07-27 08:00:00,0.96167,0.9638,0.96074,0.9613,9405,0,0
2022-07-27 12:00:00,0.9613,0.96281,0.96044,0.96202,11334,0,0
2022-07-27 16:00:00,0.96189,0.96592,0.96035,0.96557,11822,0,0
2022-07-27 20:00:00,0.96557,0.96573,0.95837,0.95947,14541,0,0
2022-07-28 00:00:00,0.95908,0.95991,0.95785,0.95934,4299,0,0
2022-07-28 04:00:00,0.95933,0.95958,0.95718,0.959,6281,0,0
2022-07-28 08:00:00,0.95899,0.96045,0.95737,0.95742,12322,0,0
2022-07-28 12:00:00,0.95746,0.96321,0.95655,0.95736,17019,0,0
2022-07-28 16:00:00,0.95736,0.95901,0.9557,0.95652,17796,0,0
2022-07-28 20:00:00,0.95652,0.95699,0.95445,0.95477,5850,0,0
2022-07-29 00:00:00,0.95429,0.9553,0.95363,0.9541,3489,0,0
2022-07-29 04:00:00,0.95408,0.95454,0.95141,0.95247,5923,0,0
2022-07-29 08:00:00,0.95245,0.9532,0.95017,0.95253,13538,0,0
2022-07-29 12:00:00,0.95253,0.95712,0.95145,0.95699,14819,0,0
2022-07-29 16:00:00,0.95699,0.95938,0.95077,0.95223,18181,0,0
2022-07-29 20:00:00,0.95223,0.95334,0.9509,0.95118,7071,0,0
2022-08-01 00:00:00,0.95156,0.95338,0.95044,0.95157,3757,1,0
2022-08-01 04:00:00,0.95158,0.95181,0.95007,0.95109,5832,0,0
2022-08-01 08:00:00,0.95109,0.95189,0.9495,0.94962,10628,0,0
2022-08-01 12:00:00,0.94959,0.95047,0.94826,0.94964,12638,0,0
2022-08-01 16:00:00,0.94963,0.95108,0.94823,0.94947,15201,0,0
2022-08-01 20:00:00,0.94949,0.95161,0.94946,0.94972,5238,0,0
2022-08-02 00:00:00,0.94892,0.95071,0.94704,0.94837,4518,0,0
2022-08-02 04:00:00,0.94837,0.95043,0.94795,0.94969,6789,0,0
2022-08-02 08:00:00,0.94969,0.95337,0.9495,0.95159,13118,0,0
2022-08-02 12:00:00,0.95164,0.95305,0.95048,0.95229,13556,0,0
2022-08-02 16:00:00,0.95227,0.95597,0.95209,0.95394,18624,0,0
2022-08-02 20:00:00,0.95399,0.95748,0.95378,0.9573,8170,0,0
2022-08-03 00:00:00,0.95731,0.95903,0.95528,0.95848,4367,0,0
2022-08-03 04:00:00,0.95846,0.95857,0.95421,0.95491,6523,0,0
2022-08-03 08:00:00,0.9549,0.95951,0.95482,0.95922,10891,0,0
2022-08-03 12:00:00,0.95922,0.9603,0.95701,0.95962,13224,0,0
2022-08-03 16:00:00,0.95966,0.96513,0.9596,0.96267,18044,0,0
2022-08-03 20:00:00,0.96267,0.96303,0.96015,0.96042,6569,0,0
2022-08-04 00:00:00,0.95958,0.96172,0.95947,0.96054,3033,0,0
2022-08-04 04:00:00,0.96052,0.96142,0.96017,0.96103,4042,0,0
2022-08-04 08:00:00,0.96102,0.96229,0.96063,0.96091,9731,0,0
2022-08-04 12:00:00,0.9609,0.96115,0.95799,0.95888,12964,0,0
2022-08-04 16:00:00,0.95891,0.96064,0.95512,0.95562,13893,0,0
2022-08-04 20:00:00,0.95565,0.95593,0.95438,0.95492,5286,0,0
2022-08-05 00:00:00,0.95476,0.95569,0.95387,0.95556,4124,0,0
2022-08-05 04:00:00,0.95553,0.95668,0.95519,0.9565,3849,0,0
2022-08-05 08:00:00,0.95651,0.95744,0.95551,0.95572,7640,0,0
2022-08-05 12:00:00,0.9557,0.9625,0.95379,0.96215,11801,0,0
2022-08-05 16:00:00,0.96219,0.96499,0.96138,0.96222,18921,0,0
2022-08-05 20:00:00,0.96226,0.96239,0.96113,0.96183,7179,0,0
2022-08-08 00:00:00,0.9605,0.96349,0.9605,0.96272,3055,0,0
2022-08-08 04:00:00,0.96271,0.96291,0.9611,0.96116,3590,0,0
2022-08-08 08:00:00,0.96119,0.96156,0.95695,0.95823,9499,0,0
2022-08-08 12:00:00,0.95822,0.9592,0.95644,0.95745,9737,0,0
2022-08-08 16:00:00,0.95744,0.95783,0.95219,0.95523,12124,0,0
2022-08-08 20:00:00,0.95523,0.95654,0.95457,0.95527,5514,0,0
2022-08-09 00:00:00,0.95406,0.9556,0.95376,0.95544,2260,2,0
2022-08-09 04:00:00,0.95542,0.95553,0.95502,0.95509,2666,2,0
2022-08-09 08:00:00,0.95511,0.95532,0.95183,0.95188,7696,0,0
2022-08-09 12:00:00,0.95188,0.95496,0.95163,0.95188,11181,0,0
2022-08-09 16:00:00,0.95187,0.95365,0.95112,0.95356,9537,0,0
2022-08-09 20:00:00,0.95355,0.95465,0.95341,0.95359,4125,0,0
2022-08-10 00:00:00,0.95271,0.95452,0.95218,0.95424,2016,0,0
2022-08-10 04:00:00,0.95426,0.95427,0.95325,0.95368,2504,0,0
2022-08-10 08:00:00,0.95367,0.95408,0.95093,0.95169,7185,0,0
2022-08-10 12:00:00,0.9517,0.95191,0.94073,0.94297,13036,0,0
2022-08-10 16:00:00,0.94296,0.94375,0.93937,0.94059,16636,0,0
2022-08-10 20:00:00,0.94056,0.94307,0.94,0.94269,7112,0,0
2022-08-11 00:00:00,0.94258,0.94286,0.94201,0.94268,2525,0,0
2022-08-11 04:00:00,0.94267,0.94448,0.94267,0.94413,3689,0,0
2022-08-11 08:00:00,0.94412,0.94459,0.93914,0.93915,10069,0,0
2022-08-11 12:00:00,0.93921,0.94174,0.93816,0.93841,12147,0,0
2022-08-11 16:00:00,0.93841,0.94082,0.93705,0.93952,15685,0,0
2022-08-11 20:00:00,0.93951,0.94236,0.93939,0.94105,6882,0,0
2022-08-12 00:00:00,0.9408,0.94256,0.94038,0.94179,3301,0,0
2022-08-12 04:00:00,0.94177,0.94245,0.9411,0.94163,3892,0,0
2022-08-12 08:00:00,0.94163,0.94266,0.94078,0.94081,7949,0,0
2022-08-12 12:00:00,0.94082,0.94337,0.94082,0.94164,10638,0,0
2022-08-12 16:00:00,0.94164,0.94505,0.94087,0.94189,13906,0,0
2022-08-12 20:00:00,0.94189,0.94255,0.9412,0.94122,4106,0,0
2022-08-15 00:00:00,0.93993,0.94217,0.93988,0.94112,2492,0,0
2022-08-15 04:00:00,0.94113,0.9426,0.94104,0.94237,3220,0,0
2022-08-15 08:00:00,0.94237,0.94616,0.94194,0.94573,7482,0,0
2022-08-15 12:00:00,0.94571,0.94674,0.94208,0.94389,12056,0,0
2022-08-15 16:00:00,0.94387,0.94569,0.94189,0.94524,9732,0,0
2022-08-15 20:00:00,0.94523,0.94711,0.9452,0.94631,4364,0,0
2022-08-16 00:00:00,0.94468,0.94651,0.94447,0.94645,3808,0,0
2022-08-16 04:00:00,0.94642,0.94694,0.94544,0.94655,3317,0,0
2022-08-16 08:00:00,0.94657,0.94924,0.94551,0.94865,9578,0,0
2022-08-16 12:00:00,0.94862,0.9514,0.94848,0.9503,12290,0,0
2022-08-16 16:00:00,0.95031,0.95132,0.94822,0.95058,11132,0,0
2022-08-16 20:00:00,0.95059,0.95073,0.9491,0.9494,6065,0,0
2022-08-17 00:00:00,0.94878,0.95012,0.9482,0.94921,4252,0,0
2022-08-17 04:00:00,0.94921,0.94972,0.94828,0.94904,4645,0,0
2022-08-17 08:00:00,0.94904,0.95223,0.94882,0.95094,11546,0,0
2022-08-17 12:00:00,0.95094,0.95386,0.95,0.95223,13674,0,0
2022-08-17 16:00:00,0.95224,0.95436,0.95116,0.9533,13270,0,0
2022-08-17 20:00:00,0.95327,0.95363,0.94979,0.95162,9513,0,0
2022-08-18 00:00:00,0.95127,0.95193,0.94978,0.95017,3109,0,0
2022-08-18 04:00:00,0.95018,0.95223,0.95009,0.95195,3683,0,0
2022-08-18 08:00:00,0.95196,0.95412,0.95126,0.95353,10634,0,0
2022-08-18 12:00:00,0.95355,0.95445,0.95014,0.9512,13151,0,0
2022-08-18 16:00:00,0.9512,0.95677,0.95056,0.95663,14502,0,0
2022-08-18 20:00:00,0.95663,0.95714,0.95554,0.95686,5495,0,0
2022-08-19 00:00:00,0.95502,0.95821,0.95455,0.9577,3530,0,0
2022-08-19 04:00:00,0.95766,0.95926,0.95709,0.95892,4124,0,0
2022-08-19 08:00:00,0.95891,0.9592,0.95667,0.95716,10873,0,0
2022-08-19 12:00:00,0.95714,0.95749,0.95531,0.95617,12567,0,0
2022-08-19 16:00:00,0.95619,0.95985,0.95588,0.95935,12644,0,0
2022-08-19 20:00:00,0.95934,0.95938,0.95821,0.95881,4730,0,0
2022-08-22 00:00:00,0.95746,0.95987,0.95738,0.95979,3655,0,0
2022-08-22 04:00:00,0.95978,0.95985,0.95842,0.95896,3947,0,0
2022-08-22 08:00:00,0.95897,0.96052,0.95802,0.95917,10590,0,0
2022-08-22 12:00:00,0.95914,0.96019,0.95741,0.95831,10487,0,0
2022-08-22 16:00:00,0.95831,0.96586,0.95825,0.96433,13836,0,0
2022-08-22 20:00:00,0.96434,0.96503,0.96406,0.96431,5329,0,0
2022-08-23 00:00:00,0.9626,0.96545,0.96202,0.9641,3868,0,0
2022-08-23 04:00:00,0.9641,0.96434,0.96353,0.96433,4001,0,0
2022-08-23 08:00:00,0.96437,0.96679,0.96376,0.96644,11425,0,0
2022-08-23 12:00:00,0.96647,0.96925,0.96576,0.9691,11261,0,0
2022-08-23 16:00:00,0.96908,0.96923,0.96031,0.96303,18150,0,0
2022-08-23 20:00:00,0.96305,0.96494,0.96299,0.96429,6088,0,0
2022-08-24 00:00:00,0.96285,0.96559,0.96258,0.96545,2762,0,0
2022-08-24 04:00:00,0.96545,0.96599,0.96456,0.9647,4330,0,0
2022-08-24 08:00:00,0.96475,0.96631,0.96213,0.96216,8454,0,0
2022-08-24 12:00:00,0.96215,0.96725,0.96076,0.96632,13486,0,0
2022-08-24 16:00:00,0.96631,0.96878,0.96454,0.96686,14023,0,0
2022-08-24 20:00:00,0.96686,0.96724,0.966,0.96673,4881,0,0
2022-08-25 00:00:00,0.96506,0.9671,0.96471,0.96591,3167,0,0
2022-08-25 04:00:00,0.96593,0.96617,0.96256,0.96316,4662,0,0
2022-08-25 08:00:00,0.96312,0.96445,0.96129,0.96225,10622,0,0
2022-08-25 12:00:00,0.96225,0.96552,0.9616,0.96449,12291,0,0
2022-08-25 16:00:00,0.96447,0.96542,0.96266,0.96461,12412,0,0
2022-08-25 20:00:00,0.96463,0.96465,0.96293,0.96325,6198,0,0
2022-08-26 00:00:00,0.9625,0.96439,0.96216,0.96423,2168,0,0
2022-08-26 04:00:00,0.96423,0.96471,0.9637,0.96439,2831,0,0
2022-08-26 08:00:00,0.96439,0.96599,0.96373,0.96475,7868,0,0
2022-08-26 12:00:00,0.96478,0.96485,0.96201,0.96202,10196,0,0
2022-08-26 16:00:00,0.96203,0.96576,0.95779,0.96515,20564,0,0
2022-08-26 20:00:00,0.96515,0.96694,0.96488,0.96589,5111,0,0
2022-08-29 00:00:00,0.96528,0.96915,0.96486,0.96887,4638,0,0
2022-08-29 04:00:00,0.96886,0.96991,0.96818,0.96985,5230,0,0
2022-08-29 08:00:00,0.96986,0.97079,0.96865,0.96921,10810,0,0
2022-08-29 12:00:00,0.96922,0.96951,0.96594,0.96732,14003,0,0
2022-08-29 16:00:00,0.96735,0.97002,0.96615,0.9682,13087,0,0
2022-08-29 20:00:00,0.96817,0.96889,0.96758,0.96822,6303,0,0
2022-08-30 00:00:00,0.96696,0.96818,0.9666,0.96697,2158,0,0
2022-08-30 04:00:00,0.96698,0.96849,0.96656,0.96752,4849,0,0
2022-08-30 08:00:00,0.96754,0.97233,0.96687,0.96992,11330,0,0
2022-08-30 12:00:00,0.96989,0.97232,0.96891,0.97218,12643,0,0
2022-08-30 16:00:00,0.9722,0.9762,0.97089,0.97392,16832,0,0
2022-08-30 20:00:00,0.97394,0.97449,0.9729,0.9742,6211,0,0
2022-08-31 00:00:00,0.97324,0.97452,0.97308,0.97332,3185,0,0
2022-08-31 04:00:00,0.97331,0.97418,0.97267,0.97313,4608,0,0
2022-08-31 08:00:00,0.97315,0.9784,0.97267,0.97702,10241,0,0
2022-08-31 12:00:00,0.97702,0.98073,0.97656,0.97867,13350,0,0
2022-08-31 16:00:00,0.97867,0.9802,0.97343,0.97516,16538,0,0
2022-08-31 20:00:00,0.97516,0.97845,0.97472,0.97765,6925,0,0
2022-09-01 00:00:00,0.97573,0.98078,0.97573,0.98024,4220,0,0
2022-09-01 04:00:00,0.98023,0.98091,0.97957,0.98001,4610,0,0
2022-09-01 08:00:00,0.98,0.98072,0.97443,0.97593,10854,0,0
2022-09-01 12:00:00,0.97591,0.98246,0.97535,0.98047,12759,0,0
2022-09-01 16:00:00,0.98042,0.98609,0.97865,0.98293,17355,0,0
2022-09-01 20:00:00,0.98295,0.98324,0.98088,0.98164,7060,0,0
2022-09-02 00:00:00,0.98122,0.98197,0.98066,0.98099,2357,0,0
2022-09-02 04:00:00,0.98099,0.98134,0.98065,0.98091,3076,0,0
2022-09-02 08:00:00,0.98091,0.98118,0.9787,0.97999,7242,0,0
2022-09-02 12:00:00,0.97999,0.98587,0.97953,0.98396,13455,0,0
2022-09-02 16:00:00,0.98403,0.98437,0.97838,0.98195,17795,0,0
2022-09-02 20:00:00,0.98194,0.98207,0.98008,0.98122,8001,0,0
2022-09-05 00:00:00,0.98066,0.98338,0.98022,0.98224,5486,0,0
2022-09-05 04:00:00,0.98228,0.98337,0.98149,0.98245,5461,0,0
2022-09-05 08:00:00,0.98246,0.9837,0.98152,0.98344,10667,0,0
2022-09-05 12:00:00,0.98342,0.98372,0.97953,0.9813,11483,0,0
2022-09-05 16:00:00,0.9813,0.98183,0.97971,0.9803,9170,0,0
2022-09-05 20:00:00,0.98028,0.98061,0.97935,0.97968,3142,0,0
2022-09-06 00:00:00,0.97863,0.9801,0.97654,0.97663,4872,0,0
2022-09-06 04:00:00,0.97663,0.97988,0.97653,0.97958,9135,0,0
2022-09-06 08:00:00,0.97958,0.98173,0.9784,0.98037,16631,0,0
2022-09-06 12:00:00,0.98038,0.98331,0.97951,0.9833,17589,0,0
2022-09-06 16:00:00,0.9833,0.98613,0.98186,0.9847,23075,0,0
2022-09-06 20:00:00,0.98471,0.98538,0.98413,0.9843,9723,0,0
2022-09-07 00:00:00,0.98156,0.98619,0.98137,0.98523,6772,0,0
2022-09-07 04:00:00,0.98524,0.98698,0.98465,0.98524,10124,0,0
2022-09-07 08:00:00,0.98521,0.98575,0.98171,0.98281,14768,0,0
2022-09-07 12:00:00,0.98279,0.98653,0.98236,0.98518,16125,0,0
2022-09-07 16:00:00,0.98517,0.98614,0.97942,0.9795,19047,0,0
2022-09-07 20:00:00,0.97953,0.9796,0.9761,0.97636,7939,0,0
2022-09-08 00:00:00,0.97642,0.9781,0.97598,0.97798,4651,0,0
2022-09-08 04:00:00,0.97796,0.97822,0.97657,0.97743,7671,0,0
2022-09-08 08:00:00,0.97743,0.97756,0.97413,0.97549,14430,0,0
2022-09-08 12:00:00,0.97553,0.97575,0.97082,0.97262,18363,0,0
2022-09-08 16:00:00,0.97276,0.97584,0.97091,0.97214,27215,0,0
2022-09-08 20:00:00,0.97213,0.97253,0.97018,0.97033,11180,0,0
2022-09-09 00:00:00,0.97004,0.97078,0.96655,0.96715,4376,0,0
2022-09-09 04:00:00,0.96714,0.96728,0.96403,0.96444,9753,0,0
2022-09-09 08:00:00,0.96446,0.96549,0.95623,0.95693,15739,0,0
2022-09-09 12:00:00,0.95695,0.96271,0.95472,0.96007,17723,0,0
2022-09-09 16:00:00,0.96006,0.96221,0.95916,0.95992,17187,0,0
2022-09-09 20:00:00,0.95993,0.96153,0.95993,0.96062,6575,0,0
2022-09-12 00:00:00,0.95825,0.96093,0.9575,0.95949,5770,0,0
2022-09-12 04:00:00,0.9595,0.96047,0.9578,0.96008,7586,0,0
2022-09-12 08:00:00,0.96009,0.96081,0.95326,0.95446,16834,0,0
2022-09-12 12:00:00,0.95447,0.95701,0.95136,0.95333,17040,0,0
2022-09-12 16:00:00,0.95334,0.95502,0.95091,0.95136,16137,0,0
2022-09-12 20:00:00,0.95133,0.9546,0.95116,0.95382,7620,0,0
2022-09-13 00:00:00,0.95273,0.95376,0.95136,0.95215,4722,0,0
2022-09-13 04:00:00,0.95216,0.9529,0.95171,0.95215,6691,0,0
2022-09-13 08:00:00,0.95215,0.95271,0.94974,0.95096,11178,0,0
2022-09-13 12:00:00,0.95097,0.96055,0.94797,0.96048,16678,0,0
2022-09-13 16:00:00,0.96051,0.96331,0.95903,0.95957,22131,0,0
2022-09-13 20:00:00,0.9596,0.96193,0.95815,0.96187,9064,0,0
2022-09-14 00:00:00,0.96103,0.96256,0.95989,0.96072,6492,0,0
2022-09-14 04:00:00,0.96071,0.96196,0.96003,0.96093,8900,0,0
2022-09-14 08:00:00,0.96092,0.96277,0.9589,0.9606,17826,0,0
2022-09-14 12:00:00,0.96063,0.96315,0.96008,0.96083,18735,0,0
2022-09-14 16:00:00,0.96087,0.96236,0.95941,0.96131,18182,0,0
2022-09-14 20:00:00,0.9613,0.96364,0.96122,0.96221,6465,0,0
2022-09-15 00:00:00,0.96108,0.96305,0.96073,0.96247,3277,0,0
2022-09-15 04:00:00,0.96249,0.96359,0.96188,0.96333,6314,0,0
2022-09-15 08:00:00,0.96334,0.9642,0.96055,0.96068,9551,0,0
2022-09-15 12:00:00,0.96067,0.96128,0.95563,0.95679,13970,0,0
2022-09-15 16:00:00,0.95678,0.96168,0.95581,0.9604,15982,0,0
2022-09-15 20:00:00,0.96039,0.96169,0.9591,0.96164,6594,0,0
2022-09-16 00:00:00,0.96128,0.96211,0.96006,0.96072,4055,0,0
2022-09-16 04:00:00,0.96071,0.96251,0.96003,0.96177,7210,0,0
2022-09-16 08:00:00,0.96177,0.96527,0.96174,0.96446,13393,0,0
2022-09-16 12:00:00,0.96439,0.96465,0.9604,0.96341,14932,0,0
2022-09-16 16:00:00,0.96341,0.96612,0.96089,0.96527,20096,0,0
2022-09-16 20:00:00,0.96529,0.96552,0.96346,0.96399,7581,0,0
2022-09-19 00:00:00,0.96381,0.96487,0.96248,0.96429,4214,0,0
2022-09-19 04:00:00,0.96432,0.96636,0.964,0.96622,5106,0,0
2022-09-19 08:00:00,0.96622,0.96955,0.96612,0.96694,11360,0,0
2022-09-19 12:00:00,0.96705,0.9675,0.9647,0.9668,13212,0,0
2022-09-19 16:00:00,0.96679,0.96785,0.96452,0.96525,13210,0,0
2022-09-19 20:00:00,0.96525,0.96624,0.96412,0.96432,4109,0,0
2022-09-20 00:00:00,0.96424,0.96467,0.96263,0.96436,4240,0,0
2022-09-20 04:00:00,0.96436,0.96566,0.96405,0.96553,6715,0,0
2022-09-20 08:00:00,0.96553,0.96635,0.96234,0.96609,14303,0,0
2022-09-20 12:00:00,0.9661,0.96824,0.96491,0.96712,18254,0,0
2022-09-20 16:00:00,0.96713,0.968,0.96262,0.96368,17229,0,0
2022-09-20 20:00:00,0.96368,0.96447,0.96293,0.96404,7269,0,0
2022-09-21 00:00:00,0.964,0.96492,0.96261,0.964,4191,0,0
2022-09-21 04:00:00,0.96399,0.965,0.9635,0.9649,5563,0,0
2022-09-21 08:00:00,0.9649,0.96832,0.96303,0.96441,17870,0,0
2022-09-21 12:00:00,0.96438,0.9653,0.96248,0.96368,13125,0,0
2022-09-21 16:00:00,0.96367,0.9665,0.96268,0.96636,15918,0,0
2022-09-21 20:00:00,0.96633,0.96999,0.96199,0.96628,22182,0,0
2022-09-22 00:00:00,0.96564,0.96935,0.9643,0.96878,6718,0,0
2022-09-22 04:00:00,0.96878,0.96878,0.96387,0.96562,11790,0,0
2022-09-22 08:00:00,0.96561,0.97996,0.9621,0.97415,24616,0,0
2022-09-22 12:00:00,0.97418,0.98498,0.97244,0.97693,25604,0,0
2022-09-22 16:00:00,0.97692,0.98295,0.97623,0.97976,23137,0,0
2022-09-22 20:00:00,0.97976,0.9798,0.97629,0.97709,11152,0,0
2022-09-23 00:00:00,0.97588,0.9774,0.97556,0.97653,4492,0,0
2022-09-23 04:00:00,0.97655,0.97906,0.97614,0.97834,7981,0,0
2022-09-23 08:00:00,0.97834,0.98185,0.97722,0.9816,14003,0,0
2022-09-23 12:00:00,0.9816,0.98321,0.9785,0.97941,23524,0,0
2022-09-23 16:00:00,0.97938,0.9821,0.97565,0.98056,22846,0,0
2022-09-23 20:00:00,0.98056,0.984,0.98007,0.98127,12715,0,0
2022-09-26 00:00:00,0.98238,0.98508,0.97918,0.98456,9871,0,0
2022-09-26 04:00:00,0.98456,0.98504,0.98132,0.98486,16869,0,0
2022-09-26 08:00:00,0.98486,0.98736,0.98039,0.98517,22519,0,0
2022-09-26 12:00:00,0.98522,0.99244,0.9847,0.98693,23058,0,0
2022-09-26 16:00:00,0.98696,0.99585,0.98536,0.9948,27221,0,0
2022-09-26 20:00:00,0.99481,0.99655,0.99215,0.9933,16661,0,0
2022-09-27 00:00:00,0.99352,0.99439,0.99081,0.99096,8098,0,0
2022-09-27 04:00:00,0.99096,0.9929,0.99074,0.99154,9707,0,0
2022-09-27 08:00:00,0.99152,0.99187,0.98681,0.98681,19008,0,0
2022-09-27 12:00:00,0.98677,0.9906,0.98491,0.98911,20593,0,0
2022-09-27 16:00:00,0.9891,0.99152,0.98661,0.99049,24375,0,0
2022-09-27 20:00:00,0.9905,0.99238,0.99035,0.99185,11569,0,0
2022-09-28 00:00:00,0.98844,0.99361,0.9881,0.99348,6361,0,0
2022-09-28 04:00:00,0.99348,0.99534,0.9931,0.99497,13116,0,0
2022-09-28 08:00:00,0.995,0.99659,0.99004,0.99348,20170,0,0
2022-09-28 12:00:00,0.99345,0.99411,0.98399,0.98626,29277,0,0
2022-09-28 16:00:00,0.98633,0.98724,0.9746,0.97673,27196,0,0
2022-09-28 20:00:00,0.97673,0.97748,0.97504,0.97598,14238,0,0
2022-09-29 00:00:00,0.97569,0.97805,0.97469,0.97802,6956,0,0
2022-09-29 04:00:00,0.97801,0.97973,0.97701,0.97926,9179,0,0
2022-09-29 08:00:00,0.97926,0.9856,0.97904,0.98292,19924,0,0
2022-09-29 12:00:00,0.98291,0.98439,0.9782,0.98428,22799,0,0
2022-09-29 16:00:00,0.98427,0.98553,0.97837,0.98053,25912,0,0
2022-09-29 20:00:00,0.98054,0.98112,0.9752,0.97525,11471,0,0
2022-09-30 00:00:00,0.97416,0.97592,0.97341,0.97459,7645,0,0
2022-09-30 04:00:00,0.97458,0.97656,0.974,0.97643,10386,0,0
2022-09-30 08:00:00,0.97643,0.97903,0.9743,0.9765,21042,0,0
2022-09-30 12:00:00,0.97632,0.98175,0.97533,0.97955,23366,0,0
2022-09-30 16:00:00,0.97954,0.9868,0.97775,0.98371,26034,0,0
2022-09-30 20:00:00,0.98375,0.98768,0.98364,0.98731,12584,0,0
2022-10-03 00:00:00,0.98431,0.98686,0.98391,0.98585,6974,0,0
2022-10-03 04:00:00,0.98584,0.98665,0.98347,0.98659,7578,0,0
2022-10-03 08:00:00,0.98659,0.98891,0.98318,0.98811,19669,0,0
2022-10-03 12:00:00,0.98808,0.9918,0.98763,0.98919,18781,0,0
2022-10-03 16:00:00,0.9892,0.99408,0.98723,0.99182,24492,0,0
2022-10-03 20:00:00,0.99185,0.99501,0.99174,0.99236,12216,0,0
2022-10-04 00:00:00,0.99052,0.993,0.99052,0.99266,4924,0,0
2022-10-04 04:00:00,0.99264,0.99416,0.98978,0.99129,10552,0,0
2022-10-04 08:00:00,0.99128,0.99261,0.98672,0.98779,19740,0,0
2022-10-04 12:00:00,0.98779,0.9895,0.98525,0.9862,20869,0,0
2022-10-04 16:00:00,0.98618,0.98752,0.97849,0.98008,21631,0,0
2022-10-04 20:00:00,0.98007,0.98099,0.97859,0.9795,11333,0,0
2022-10-05 00:00:00,0.97941,0.98017,0.97849,0.97968,5884,0,0
2022-10-05 04:00:00,0.97969,0.98083,0.97878,0.98028,10743,0,0
2022-10-05 08:00:00,0.98029,0.98383,0.9793,0.98139,15698,0,0
2022-10-05 12:00:00,0.98141,0.98547,0.98052,0.98278,13714,0,0
2022-10-05 16:00:00,0.98281,0.98888,0.98219,0.98444,20289,0,0
2022-10-05 20:00:00,0.98444,0.98485,0.98137,0.98339,11395,0,0
2022-10-06 00:00:00,0.98343,0.98343,0.98002,0.98085,5821,0,0
2022-10-06 04:00:00,0.98082,0.98224,0.97984,0.98058,9077,0,0
2022-10-06 08:00:00,0.98058,0.98261,0.97804,0.98225,16826,0,0
2022-10-06 12:00:00,0.98224,0.98563,0.98171,0.98559,17838,0,0
2022-10-06 16:00:00,0.9856,0.99137,0.98542,0.98984,23108,0,0
2022-10-06 20:00:00,0.98986,0.99123,0.98875,0.99049,10930,0,0
2022-10-07 00:00:00,0.99003,0.99066,0.98811,0.99024,4918,0,0
2022-10-07 04:00:00,0.99024,0.99086,0.98928,0.99007,8370,0,0
2022-10-07 08:00:00,0.99005,0.99136,0.98782,0.99049,14114,0,0
2022-10-07 12:00:00,0.99051,0.99535,0.98952,0.99344,15866,0,0
2022-10-07 16:00:00,0.99347,0.99496,0.99106,0.99324,22311,0,0
2022-10-07 20:00:00,0.99329,0.99502,0.99296,0.99467,8260,0,0
2022-10-10 00:00:00,0.9927,0.99508,0.99261,0.99407,5371,0,0
2022-10-10 04:00:00,0.99405,0.99452,0.99318,0.99415,7761,0,0
2022-10-10 08:00:00,0.99415,0.99913,0.99375,0.9974,13564,0,0
2022-10-10 12:00:00,0.99739,0.99944,0.99668,0.99793,13725,0,0
2022-10-10 16:00:00,0.99794,1.00055,0.99746,1.00042,15101,0,0
2022-10-10 20:00:00,1.00044,1.00104,0.99883,0.99999,9082,0,0
2022-10-11 00:00:00,0.99877,1.0003,0.99797,0.99865,4455,0,0
2022-10-11 04:00:00,0.99865,1.00207,0.99855,1.00186,8585,0,0
2022-10-11 08:00:00,1.00187,1.00205,0.99838,0.99993,15933,0,0
2022-10-11 12:00:00,0.99991,1.00001,0.99461,0.99719,17189,0,0
2022-10-11 16:00:00,0.99722,0.99911,0.99159,0.9921,20231,0,0
2022-10-11 20:00:00,0.99207,0.99792,0.99193,0.99692,10836,0,0
2022-10-12 00:00:00,0.99704,0.99844,0.99618,0.99733,5780,0,0
2022-10-12 04:00:00,0.99732,0.99884,0.99518,0.99649,11272,0,0
2022-10-12 08:00:00,0.99649,0.99693,0.99309,0.99568,17115,0,0
2022-10-12 12:00:00,0.99569,0.99681,0.99448,0.99519,15733,0,0
2022-10-12 16:00:00,0.99519,1.00042,0.99484,0.99866,18830,0,0
2022-10-12 20:00:00,0.99867,0.9991,0.99571,0.99749,10108,0,0
2022-10-13 00:00:00,0.99735,0.99815,0.99632,0.99676,3978,0,0
2022-10-13 04:00:00,0.99675,0.99826,0.99655,0.99759,5090,0,0
2022-10-13 08:00:00,0.99756,1.00041,0.99729,0.99861,9208,0,0
2022-10-13 12:00:00,0.99867,1.00708,0.99609,1.0045,18542,0,0
2022-10-13 16:00:00,1.00452,1.00738,0.99699,0.99993,29995,0,0
2022-10-13 20:00:00,0.99994,1.00141,0.9971,1.00121,11166,0,0
2022-10-14 00:00:00,0.99849,1.00195,0.99826,1.00144,6333,1,0
2022-10-14 04:00:00,1.00144,1.00145,0.99809,0.99922,8495,0,0
2022-10-14 08:00:00,0.99921,1.00088,0.99648,1.00078,14001,0,0
2022-10-14 12:00:00,1.00076,1.00472,0.99943,0.99966,16613,0,0
2022-10-14 16:00:00,0.99966,1.00593,0.99837,1.00564,23768,0,0
2022-10-14 20:00:00,1.00565,1.00663,1.0045,1.00554,10463,0,0
2022-10-17 00:00:00,1.00306,1.0056,1.00268,1.00336,6636,0,0
2022-10-17 04:00:00,1.00333,1.00453,1.0032,1.00385,6765,0,0
2022-10-17 08:00:00,1.00384,1.00387,0.99922,1.00264,14850,0,0
2022-10-17 12:00:00,1.00264,1.00282,0.99755,0.99837,14038,0,0
2022-10-17 16:00:00,0.99839,0.9985,0.99435,0.99602,16861,0,0
2022-10-17 20:00:00,0.99599,0.99663,0.99525,0.99581,6635,0,0
2022-10-18 00:00:00,0.99533,0.99606,0.99447,0.99501,4625,0,0
2022-10-18 04:00:00,0.99505,0.99607,0.99215,0.99336,7778,0,0
2022-10-18 08:00:00,0.99333,0.99669,0.99188,0.99667,13690,0,0
2022-10-18 12:00:00,0.99667,0.99747,0.99312,0.99346,14589,0,0
2022-10-18 16:00:00,0.99348,0.99788,0.99299,0.99592,16630,0,0
2022-10-18 20:00:00,0.99593,0.99703,0.99375,0.99412,8860,0,0
2022-10-19 00:00:00,0.9931,0.99474,0.99285,0.99425,7970,0,0
2022-10-19 04:00:00,0.99425,0.99541,0.9935,0.99514,7357,0,0
2022-10-19 08:00:00,0.99514,0.99996,0.99508,0.99985,12941,0,0
2022-10-19 12:00:00,0.99984,1.00453,0.99927,1.00367,15455,0,0
2022-10-19 16:00:00,1.00367,1.00542,1.00212,1.00531,15726,0,0
2022-10-19 20:00:00,1.00534,1.0063,1.00439,1.00463,7401,0,0
2022-10-20 00:00:00,1.0029,1.00566,1.00221,1.00506,3446,1,0
2022-10-20 04:00:00,1.00506,1.00642,1.00425,1.00484,6688,0,0
2022-10-20 08:00:00,1.00485,1.00686,1.00368,1.00626,14510,0,0
2022-10-20 12:00:00,1.00623,1.00625,1.00063,1.00391,15631,0,0
2022-10-20 16:00:00,1.00388,1.00476,0.99946,1.00231,18045,0,0
2022-10-20 20:00:00,1.00231,1.00502,1.00216,1.003,8829,0,0
2022-10-21 00:00:00,1.00279,1.00521,1.00256,1.00474,3537,0,0
2022-10-21 04:00:00,1.00473,1.00643,1.00456,1.00605,4733,0,0
2022-10-21 08:00:00,1.00605,1.01001,1.00363,1.00982,12820,0,0
2022-10-21 12:00:00,1.00982,1.01478,1.00819,1.0099,15516,0,0
2022-10-21 16:00:00,1.00992,1.01131,0.99614,0.99945,35280,0,0
2022-10-21 20:00:00,0.99942,1.00115,0.99726,0.99787,14642,0,0
2022-10-24 00:00:00,0.99614,1.0016,0.99446,0.9992,13609,0,0
2022-10-24 04:00:00,0.9992,0.99999,0.99763,0.99803,11037,0,0
2022-10-24 08:00:00,0.99804,1.00194,0.99649,1.00112,20016,0,0
2022-10-24 12:00:00,1.00113,1.00313,0.99949,1.00123,19971,0,0
2022-10-24 16:00:00,1.00121,1.00295,0.99693,1.00189,23556,0,0
2022-10-24 20:00:00,1.00189,1.00206,1.00049,1.00072,7573,0,0
2022-10-25 00:00:00,1.00032,1.00085,0.9983,0.99854,5276,0,0
2022-10-25 04:00:00,0.99854,1.00058,0.99809,1.00047,7577,0,0
2022-10-25 08:00:00,1.00047,1.00298,1.0003,1.00282,12816,0,0
2022-10-25 12:00:00,1.00283,1.00316,1.00173,1.00273,13848,0,0
2022-10-25 16:00:00,1.00278,1.00303,0.99401,0.99678,21974,0,0
2022-10-25 20:00:00,0.99678,0.99719,0.9943,0.99445,9971,0,0
2022-10-26 00:00:00,0.99455,0.99623,0.99396,0.99595,5989,0,0
2022-10-26 04:00:00,0.99595,0.9962,0.99425,0.99469,7015,0,0
2022-10-26 08:00:00,0.99471,0.99508,0.98589,0.98624,15711,0,0
2022-10-26 12:00:00,0.98639,0.99287,0.98543,0.99161,17120,0,0
2022-10-26 16:00:00,0.99164,0.99187,0.98524,0.98688,20115,0,0
2022-10-26 20:00:00,0.98689,0.98779,0.98546,0.98612,9182,0,0
2022-10-27 00:00:00,0.98539,0.9865,0.98414,0.98561,6877,0,0
2022-10-27 04:00:00,0.98562,0.98699,0.98467,0.98619,6800,0,0
2022-10-27 08:00:00,0.98619,0.98862,0.98504,0.98787,13780,0,0
2022-10-27 12:00:00,0.98786,0.99275,0.98739,0.98962,18581,0,0
2022-10-27 16:00:00,0.98959,0.99154,0.98694,0.99064,23693,0,0
2022-10-27 20:00:00,0.99057,0.99237,0.98898,0.99056,8416,0,0
2022-10-28 00:00:00,0.99023,0.9914,0.98972,0.99094,5894,0,0
2022-10-28 04:00:00,0.99094,0.9911,0.98827,0.98921,8459,0,0
2022-10-28 08:00:00,0.98923,0.99614,0.989,0.99522,15531,0,0
2022-10-28 12:00:00,0.99506,0.99799,0.99351,0.99653,16950,0,0
2022-10-28 16:00:00,0.99654,0.99793,0.99409,0.99654,19130,0,0
2022-10-28 20:00:00,0.99653,0.99728,0.9954,0.99601,6340,0,0
2022-10-31 00:00:00,0.99562,0.99852,0.99546,0.99686,7775,0,0
2022-10-31 04:00:00,0.99686,0.99752,0.99618,0.99663,6978,0,0
2022-10-31 08:00:00,0.99663,1.00127,0.99653,1.00042,9931,0,0
2022-10-31 12:00:00,1.00042,1.00168,0.9983,1.00152,13247,0,0
2022-10-31 16:00:00,1.00156,1.00325,0.99951,1.00145,17892,0,0
2022-10-31 20:00:00,1.00145,1.00216,1.00045,1.00172,8404,0,0
2022-11-01 00:00:00,1.00114,1.00209,0.99736,1.00163,4963,0,0
2022-11-01 04:00:00,1.00164,1.00172,0.99951,1.00043,7411,0,0
2022-11-01 08:00:00,1.00042,1.00054,0.99425,0.99452,11530,0,0
2022-11-01 12:00:00,0.99442,0.99521,0.99151,0.9929,13448,0,0
2022-11-01 16:00:00,0.99291,1.00128,0.99238,1.0005,21938,0,0
2022-11-01 20:00:00,1.00051,1.00077,0.99872,1.00014,6272,0,0
2022-11-02 00:00:00,0.99772,1.00104,0.99772,0.99849,5128,0,0
2022-11-02 04:00:00,0.99853,0.9992,0.99748,0.99883,6409,0,0
2022-11-02 08:00:00,0.99883,0.99965,0.99746,0.99748,8826,0,0
2022-11-02 12:00:00,0.9975,0.998,0.99473,0.99484,13869,0,0
2022-11-02 16:00:00,0.99485,0.99978,0.99429,0.99893,14578,0,0
2022-11-02 20:00:00,0.99894,1.00409,0.99105,1.00338,21317,0,0
2022-11-03 00:00:00,1.00263,1.00403,1.0004,1.00231,5551,0,0
2022-11-03 04:00:00,1.00233,1.0026,1.0007,1.00174,6245,0,0
2022-11-03 08:00:00,1.00173,1.01156,1.00166,1.01098,12569,0,0
2022-11-03 12:00:00,1.01095,1.01447,1.01043,1.01435,16567,0,0
2022-11-03 16:00:00,1.01435,1.01473,1.00903,1.01281,21356,0,0
2022-11-03 20:00:00,1.01283,1.01368,1.01187,1.01343,6377,0,0
2022-11-04 00:00:00,1.01206,1.01448,1.01186,1.01281,4835,0,0
2022-11-04 04:00:00,1.0128,1.01296,1.00877,1.00884,5947,0,0
2022-11-04 08:00:00,1.00884,1.01163,1.00827,1.01073,11408,0,0
2022-11-04 12:00:00,1.0107,1.01095,1.00073,1.00111,16778,0,0
2022-11-04 16:00:00,1.00118,1.0023,0.99411,0.99752,26722,0,0
2022-11-04 20:00:00,0.99752,0.99771,0.99318,0.9944,11071,0,0
2022-11-07 00:00:00,0.99789,0.99848,0.99499,0.99684,8082,0,0
2022-11-07 04:00:00,0.99684,0.99733,0.99443,0.99543,5616,0,0
2022-11-07 08:00:00,0.99543,0.99699,0.99075,0.99187,15035,0,0
2022-11-07 12:00:00,0.99188,0.99197,0.98759,0.98869,15220,0,0
2022-11-07 16:00:00,0.98867,0.99138,0.98769,0.9888,18530,0,0
2022-11-07 20:00:00,0.9888,0.98903,0.98752,0.98822,6035,0,0
2022-11-08 00:00:00,0.98797,0.98999,0.98765,0.98962,4879,0,0
2022-11-08 04:00:00,0.98961,0.99217,0.98956,0.99211,4049,0,0
2022-11-08 08:00:00,0.99212,0.99233,0.98866,0.98896,12109,0,0
2022-11-08 12:00:00,0.98896,0.99269,0.98848,0.99038,12081,0,0
2022-11-08 16:00:00,0.99039,0.99075,0.9837,0.98459,16539,0,0
2022-11-08 20:00:00,0.98461,0.98773,0.98378,0.98585,10846,0,0
2022-11-09 00:00:00,0.98439,0.98676,0.98391,0.98661,5217,0,0
2022-11-09 04:00:00,0.98656,0.9872,0.9844,0.98675,7746,0,0
2022-11-09 08:00:00,0.98674,0.9874,0.98252,0.98624,13642,0,0
2022-11-09 12:00:00,0.98625,0.98645,0.9813,0.98479,16259,0,0
2022-11-09 16:00:00,0.98473,0.98586,0.98004,0.98398,17952,0,0
2022-11-09 20:00:00,0.98395,0.9866,0.98358,0.98394,9741,0,0
2022-11-10 00:00:00,0.98353,0.98456,0.9828,0.98375,5010,0,0
2022-11-10 04:00:00,0.98374,0.98482,0.98254,0.98278,5683,0,0
2022-11-10 08:00:00,0.98278,0.98799,0.98249,0.9879,13416,0,0
2022-11-10 12:00:00,0.9879,0.98992,0.97335,0.97615,21135,0,0
2022-11-10 16:00:00,0.97611,0.97631,0.96597,0.96943,27558,0,0
2022-11-10 20:00:00,0.96924,0.96938,0.96306,0.96345,11758,0,0
2022-11-11 00:00:00,0.96226,0.96806,0.96226,0.96803,8094,0,0
2022-11-11 04:00:00,0.96804,0.96818,0.96403,0.96461,9297,0,0
2022-11-11 08:00:00,0.96459,0.96536,0.95896,0.95925,17156,0,0
2022-11-11 12:00:00,0.95925,0.96143,0.9451,0.94867,20240,0,0
2022-11-11 16:00:00,0.94865,0.95459,0.94191,0.94236,19964,0,0
2022-11-11 20:00:00,0.94234,0.94279,0.93974,0.94124,9662,0,0
2022-11-14 00:00:00,0.94233,0.9449,0.94025,0.94446,9016,0,0
2022-11-14 04:00:00,0.94448,0.9485,0.94396,0.94798,7784,0,0
2022-11-14 08:00:00,0.94797,0.94799,0.94248,0.94583,14454,0,0
2022-11-14 12:00:00,0.94584,0.94892,0.94391,0.94574,16099,0,0
2022-11-14 16:00:00,0.94571,0.94785,0.94065,0.94239,17106,0,0
2022-11-14 20:00:00,0.94237,0.94335,0.94051,0.94307,7229,0,0
2022-11-15 00:00:00,0.94336,0.94488,0.94161,0.94442,7316,0,0
2022-11-15 04:00:00,0.94442,0.94539,0.94352,0.94413,5708,0,0
2022-11-15 08:00:00,0.94413,0.94432,0.93797,0.93974,15547,0,0
2022-11-15 12:00:00,0.93958,0.9425,0.93566,0.93981,20182,0,0
2022-11-15 16:00:00,0.93976,0.94659,0.93934,0.94414,24977,0,0
2022-11-15 20:00:00,0.94411,0.94754,0.94179,0.94458,20266,0,0
2022-11-16 00:00:00,0.94226,0.94564,0.94226,0.94506,6710,0,0
2022-11-16 04:00:00,0.94508,0.94694,0.94319,0.94414,9493,0,0
2022-11-16 08:00:00,0.94417,0.94505,0.94038,0.94066,15132,0,0
2022-11-16 12:00:00,0.94066,0.94322,0.93862,0.94196,16565,0,0
2022-11-16 16:00:00,0.94192,0.9448,0.94038,0.94389,16718,0,0
2022-11-16 20:00:00,0.94388,0.94569,0.94339,0.94459,8250,0,0
2022-11-17 00:00:00,0.94408,0.94561,0.94354,0.94547,4507,0,0
2022-11-17 04:00:00,0.94547,0.94682,0.94521,0.94534,6986,0,0
2022-11-17 08:00:00,0.94534,0.94797,0.94328,0.94734,12189,0,0
2022-11-17 12:00:00,0.94734,0.95235,0.9469,0.95209,17325,0,0
2022-11-17 16:00:00,0.95211,0.95576,0.95084,0.95281,16443,0,0
2022-11-17 20:00:00,0.95281,0.95295,0.95107,0.95213,7196,0,0
2022-11-18 00:00:00,0.9508,0.95307,0.95076,0.95158,6356,0,0
2022-11-18 04:00:00,0.95158,0.9526,0.95065,0.95171,7962,0,0
2022-11-18 08:00:00,0.95169,0.95312,0.94983,0.95085,12233,0,0
2022-11-18 12:00:00,0.95085,0.95389,0.9507,0.95314,12877,0,0
2022-11-18 16:00:00,0.95315,0.95478,0.95026,0.95313,12846,0,0
2022-11-18 20:00:00,0.95313,0.95491,0.95309,0.95468,5491,0,0
2022-11-21 00:00:00,0.95327,0.95531,0.95308,0.95428,6362,0,0
2022-11-21 04:00:00,0.95427,0.95627,0.95422,0.95562,5573,0,0
2022-11-21 08:00:00,0.95564,0.95939,0.95527,0.95922,11881,0,0
2022-11-21 12:00:00,0.95919,0.95978,0.95703,0.95786,13319,0,0
2022-11-21 16:00:00,0.95784,0.95944,0.95615,0.95893,13054,0,0
2022-11-21 20:00:00,0.95898,0.95984,0.95851,0.95895,7815,0,0
2022-11-22 00:00:00,0.9574,0.95878,0.95621,0.95696,5819,0,0
2022-11-22 04:00:00,0.95697,0.95784,0.95622,0.95739,6204,0,0
2022-11-22 08:00:00,0.95738,0.95822,0.95532,0.95549,12543,0,0
2022-11-22 12:00:00,0.9555,0.95577,0.95093,0.9518,12232,0,0
2022-11-22 16:00:00,0.95164,0.95411,0.95125,0.95206,11534,0,0
2022-11-22 20:00:00,0.95208,0.95267,0.95132,0.95191,5282,0,0
2022-11-23 00:00:00,0.95103,0.9522,0.95036,0.95126,4678,0,0
2022-11-23 04:00:00,0.95129,0.95204,0.95029,0.95074,4561,0,0
2022-11-23 08:00:00,0.95074,0.95303,0.94887,0.9513,10004,0,0
2022-11-23 12:00:00,0.9513,0.95333,0.94804,0.94924,10681,0,0
2022-11-23 16:00:00,0.94922,0.94928,0.94212,0.94431,16398,0,0
2022-11-23 20:00:00,0.94432,0.94473,0.9412,0.94259,11279,0,0
2022-11-24 00:00:00,0.94197,0.94253,0.93985,0.94,5537,0,0
2022-11-24 04:00:00,0.93995,0.94074,0.93872,0.93963,6105,0,0
2022-11-24 08:00:00,0.93963,0.94421,0.93921,0.94343,10884,0,0
2022-11-24 12:00:00,0.94344,0.94456,0.94136,0.94176,13033,0,0
2022-11-24 16:00:00,0.94175,0.94402,0.94145,0.94325,9027,0,0
2022-11-24 20:00:00,0.94326,0.94362,0.94286,0.94321,4576,0,0
2022-11-25 00:00:00,0.94266,0.94467,0.94204,0.94383,5545,1,0
2022-11-25 04:00:00,0.94384,0.94423,0.94227,0.94393,4771,0,0
2022-11-25 08:00:00,0.94397,0.94599,0.94262,0.94509,10346,0,0
2022-11-25 12:00:00,0.94509,0.94955,0.94287,0.94872,11775,0,0
2022-11-25 16:00:00,0.94871,0.95,0.94479,0.9451,12649,0,0
2022-11-25 20:00:00,0.94513,0.94718,0.94436,0.9449,9774,0,0
2022-11-28 00:00:00,0.94569,0.94796,0.94461,0.94656,6966,0,0
2022-11-28 04:00:00,0.94656,0.94749,0.94563,0.94673,7749,0,0
2022-11-28 08:00:00,0.94673,0.94722,0.94052,0.94264,13931,0,0
2022-11-28 12:00:00,0.94262,0.94516,0.94064,0.94296,17100,0,0
2022-11-28 16:00:00,0.94297,0.94783,0.94297,0.94778,18154,0,0
2022-11-28 20:00:00,0.94779,0.94977,0.94752,0.94887,7395,0,0
2022-11-29 00:00:00,0.94859,0.95012,0.94778,0.94818,5928,0,0
2022-11-29 04:00:00,0.94819,0.94928,0.94605,0.94631,7985,0,0
2022-11-29 08:00:00,0.9463,0.95241,0.94621,0.95184,15377,0,0
2022-11-29 12:00:00,0.95184,0.9539,0.94842,0.95268,14007,0,0
2022-11-29 16:00:00,0.95269,0.95455,0.95009,0.95226,16432,0,0
2022-11-29 20:00:00,0.95227,0.95446,0.9522,0.95395,8749,0,0
2022-11-30 00:00:00,0.95104,0.95468,0.95098,0.9528,5668,0,0
2022-11-30 04:00:00,0.9528,0.9537,0.95179,0.95292,4553,1,0
2022-11-30 08:00:00,0.95292,0.95473,0.94991,0.95038,11328,0,0
2022-11-30 12:00:00,0.95036,0.952,0.94826,0.95176,13799,0,0
2022-11-30 16:00:00,0.95176,0.95449,0.94753,0.95143,21290,0,0
2022-11-30 20:00:00,0.95144,0.95304,0.94315,0.94538,18917,0,0
2022-12-01 00:00:00,0.94449,0.94591,0.94151,0.94318,8831,0,0
2022-12-01 04:00:00,0.94319,0.94387,0.94249,0.94279,7612,0,0
2022-12-01 08:00:00,0.94279,0.94531,0.94131,0.94388,14803,0,0
2022-12-01 12:00:00,0.94388,0.94605,0.9396,0.94116,17044,0,0
2022-12-01 16:00:00,0.9412,0.94164,0.93678,0.93805,23927,0,0
2022-12-01 20:00:00,0.93808,0.93837,0.93654,0.93681,9553,0,0
2022-12-02 00:00:00,0.93653,0.93835,0.93597,0.93768,5838,0,0
2022-12-02 04:00:00,0.93768,0.93857,0.93712,0.93776,6643,0,0
2022-12-02 08:00:00,0.93777,0.93781,0.93363,0.93512,14983,0,0
2022-12-02 12:00:00,0.93513,0.94392,0.93265,0.94147,17199,0,0
2022-12-02 16:00:00,0.9415,0.94369,0.93641,0.93759,24022,0,0
2022-12-02 20:00:00,0.93755,0.93936,0.93657,0.93674,9263,0,0
2022-12-05 00:00:00,0.93808,0.93863,0.93503,0.93556,9255,0,0
2022-12-05 04:00:00,0.93556,0.93589,0.93433,0.93471,6056,1,0
2022-12-05 08:00:00,0.93471,0.93696,0.93306,0.93418,10724,0,0
2022-12-05 12:00:00,0.93418,0.93681,0.93387,0.93653,13117,0,0
2022-12-05 16:00:00,0.93653,0.94263,0.93629,0.94254,19227,0,0
2022-12-05 20:00:00,0.94254,0.94354,0.94159,0.94261,8162,0,0
2022-12-06 00:00:00,0.9414,0.94275,0.94023,0.94146,6602,0,0
2022-12-06 04:00:00,0.94146,0.94354,0.94117,0.9429,6821,0,0
2022-12-06 08:00:00,0.9429,0.9456,0.94207,0.94332,12409,0,0
2022-12-06 12:00:00,0.94337,0.94353,0.9381,0.93878,12625,0,0
2022-12-06 16:00:00,0.93873,0.94242,0.93807,0.94172,16610,0,0
2022-12-06 20:00:00,0.94172,0.94273,0.94145,0.9421,7076,0,0
2022-12-07 00:00:00,0.94132,0.94327,0.94042,0.94195,6094,0,0
2022-12-07 04:00:00,0.94194,0.94287,0.94155,0.94229,5032,0,0
2022-12-07 08:00:00,0.94229,0.94375,0.94058,0.94166,12214,0,0
2022-12-07 12:00:00,0.94166,0.94286,0.93657,0.93709,14222,0,0
2022-12-07 16:00:00,0.93706,0.94104,0.93635,0.94042,18783,0,0
2022-12-07 20:00:00,0.94042,0.94098,0.93914,0.94075,7375,0,0
2022-12-08 00:00:00,0.94076,0.94241,0.93944,0.94181,6630,0,0
2022-12-08 04:00:00,0.94181,0.94249,0.9414,0.94177,4598,0,0
2022-12-08 08:00:00,0.94179,0.94252,0.93933,0.94244,11497,0,0
2022-12-08 12:00:00,0.94244,0.94267,0.93843,0.9393,12214,0,0
2022-12-08 16:00:00,0.93928,0.93966,0.93434,0.93691,15364,0,0
2022-12-08 20:00:00,0.9369,0.93794,0.93579,0.93629,8083,0,0
2022-12-09 00:00:00,0.93586,0.9368,0.93345,0.93366,4954,0,0
2022-12-09 04:00:00,0.93366,0.9348,0.93308,0.9338,6711,0,0
2022-12-09 08:00:00,0.93379,0.93497,0.93248,0.93419,10500,0,0
2022-12-09 12:00:00,0.93418,0.93816,0.93223,0.93434,14111,0,0
2022-12-09 16:00:00,0.93432,0.9357,0.9312,0.93312,17624,0,0
2022-12-09 20:00:00,0.93312,0.93501,0.93271,0.93451,6592,0,0
2022-12-12 00:00:00,0.9331,0.93667,0.93273,0.93638,4287,0,0
2022-12-12 04:00:00,0.93638,0.93669,0.93583,0.93643,3594,0,0
2022-12-12 08:00:00,0.93643,0.9369,0.93251,0.9328,10285,0,0
2022-12-12 12:00:00,0.9328,0.93366,0.93133,0.93271,9736,0,0
2022-12-12 16:00:00,0.93271,0.93677,0.93225,0.93583,13344,0,0
2022-12-12 20:00:00,0.93583,0.93799,0.93575,0.93597,8408,0,0
2022-12-13 00:00:00,0.93682,0.93682,0.93507,0.93544,3371,0,0
2022-12-13 04:00:00,0.93544,0.93682,0.93508,0.93532,4469,0,0
2022-12-13 08:00:00,0.93528,0.93749,0.93392,0.93643,10119,0,0
2022-12-13 12:00:00,0.93646,0.93737,0.92445,0.92581,16362,0,0
2022-12-13 16:00:00,0.92579,0.92963,0.92316,0.9296,23937,0,0
2022-12-13 20:00:00,0.92958,0.92988,0.92825,0.92849,10396,0,0
2022-12-14 00:00:00,0.92752,0.92954,0.92752,0.92861,5487,0,0
2022-12-14 04:00:00,0.92861,0.92972,0.92857,0.92905,3439,0,0
2022-12-14 08:00:00,0.92906,0.92959,0.92674,0.92691,11266,0,0
2022-12-14 12:00:00,0.9269,0.92848,0.92603,0.92663,12488,0,0
2022-12-14 16:00:00,0.92661,0.92786,0.92268,0.92494,15557,0,0
2022-12-14 20:00:00,0.92493,0.92744,0.92151,0.9243,23700,0,0
2022-12-15 00:00:00,0.9231,0.92554,0.92268,0.92527,4536,0,0
2022-12-15 04:00:00,0.92526,0.92633,0.92494,0.9254,4714,0,0
2022-12-15 08:00:00,0.9254,0.93043,0.92454,0.92878,12858,0,0
2022-12-15 12:00:00,0.92878,0.92985,0.926,0.92692,15428,0,0
2022-12-15 16:00:00,0.92692,0.93118,0.92322,0.93095,22412,0,0
2022-12-15 20:00:00,0.93088,0.93171,0.92797,0.92867,8636,0,0
2022-12-16 00:00:00,0.92714,0.92967,0.92659,0.92721,4602,0,0
2022-12-16 04:00:00,0.92721,0.9273,0.92537,0.92706,6173,0,0
2022-12-16 08:00:00,0.92706,0.92997,0.92602,0.92983,11645,0,0
2022-12-16 12:00:00,0.92983,0.93067,0.92844,0.93049,11560,0,0
2022-12-16 16:00:00,0.93049,0.93355,0.92915,0.93214,17396,0,0
2022-12-16 20:00:00,0.93214,0.93422,0.93164,0.93414,6988,0,0
2022-12-19 00:00:00,0.93155,0.9347,0.93155,0.93203,4639,0,0
2022-12-19 04:00:00,0.93203,0.93292,0.9316,0.93277,3532,0,0
2022-12-19 08:00:00,0.93279,0.93306,0.92839,0.93047,10348,0,0
2022-12-19 12:00:00,0.93044,0.93274,0.92998,0.93237,9755,0,0
2022-12-19 16:00:00,0.93234,0.93405,0.92912,0.92955,13636,0,0
2022-12-19 20:00:00,0.92955,0.9307,0.92857,0.92861,5651,0,0
2022-12-20 00:00:00,0.92853,0.93074,0.92764,0.92986,5756,0,0
2022-12-20 04:00:00,0.92986,0.93013,0.92551,0.92892,14657,0,0
2022-12-20 08:00:00,0.92887,0.92984,0.92495,0.92586,16987,0,0
2022-12-20 12:00:00,0.92586,0.92996,0.9254,0.92861,14032,0,0
2022-12-20 16:00:00,0.9286,0.93003,0.92418,0.92664,17548,0,0
2022-12-20 20:00:00,0.92664,0.92789,0.92596,0.92613,6925,0,0
2022-12-21 00:00:00,0.92564,0.92813,0.92564,0.92773,5806,0,0
2022-12-21 04:00:00,0.92774,0.92871,0.92735,0.92828,4700,0,0
2022-12-21 08:00:00,0.92828,0.92891,0.92514,0.92631,10635,0,0
2022-12-21 12:00:00,0.92634,0.9274,0.92386,0.9249,11967,0,0
2022-12-21 16:00:00,0.92492,0.92816,0.92392,0.92708,15094,0,0
2022-12-21 20:00:00,0.92707,0.92769,0.92544,0.92677,5783,0,0
2022-12-22 00:00:00,0.92661,0.92696,0.92498,0.92509,5160,0,0
2022-12-22 04:00:00,0.92508,0.92525,0.92357,0.92404,5679,0,0
2022-12-22 08:00:00,0.92404,0.92475,0.92265,0.92319,8699,0,0
2022-12-22 12:00:00,0.92319,0.92916,0.92287,0.92882,12043,0,0
2022-12-22 16:00:00,0.92882,0.93164,0.92751,0.9312,15310,0,0
2022-12-22 20:00:00,0.9312,0.93213,0.93056,0.93097,6730,0,0
2022-12-23 00:00:00,0.93105,0.93218,0.93028,0.93191,10234,0,0
2022-12-23 04:00:00,0.93191,0.93191,0.93145,0.93174,5070,0,0
2022-12-23 08:00:00,0.93174,0.9327,0.93031,0.93127,7576,0,0
2022-12-23 12:00:00,0.93126,0.93155,0.92843,0.93118,12568,0,0
2022-12-23 16:00:00,0.93115,0.93417,0.93059,0.93292,16081,0,0
2022-12-23 20:00:00,0.93292,0.93444,0.93283,0.93327,8998,0,0
2022-12-27 00:00:00,0.93099,0.93305,0.93037,0.93058,6942,0,0
2022-12-27 04:00:00,0.93057,0.93181,0.93004,0.93034,7512,0,0
2022-12-27 08:00:00,0.93033,0.93215,0.92839,0.92842,8503,0,0
2022-12-27 12:00:00,0.92842,0.93085,0.92696,0.93071,9106,0,0
2022-12-27 16:00:00,0.93074,0.93162,0.92712,0.93005,14049,0,0
2022-12-27 20:00:00,0.93005,0.93016,0.92864,0.9293,7702,0,0
2022-12-28 00:00:00,0.92814,0.93065,0.92662,0.9294,4828,0,0
2022-12-28 04:00:00,0.9294,0.93052,0.92921,0.92925,4406,0,0
2022-12-28 08:00:00,0.92925,0.93072,0.92756,0.9302,7668,0,0
2022-12-28 12:00:00,0.9302,0.9306,0.92586,0.92618,10347,0,0
2022-12-28 16:00:00,0.92617,0.92886,0.92452,0.92627,13013,0,0
2022-12-28 20:00:00,0.92627,0.92946,0.92579,0.92888,8465,0,0
2022-12-29 00:00:00,0.92732,0.92872,0.92673,0.92708,5050,0,0
2022-12-29 04:00:00,0.9271,0.92755,0.92675,0.92726,2644,0,0
2022-12-29 08:00:00,0.92723,0.92878,0.92289,0.92345,7290,0,0
2022-12-29 12:00:00,0.92345,0.92609,0.92242,0.92349,11228,0,0
2022-12-29 16:00:00,0.92349,0.9255,0.92107,0.9227,15542,0,0
2022-12-29 20:00:00,0.92268,0.92335,0.9216,0.9232,5412,0,0
2022-12-30 00:00:00,0.92297,0.92352,0.92175,0.923,3179,0,0
2022-12-30 04:00:00,0.923,0.92388,0.92264,0.92377,3535,0,0
2022-12-30 08:00:00,0.92379,0.92503,0.92295,0.92312,9263,0,0
2022-12-30 12:00:00,0.92311,0.92479,0.92114,0.92365,12458,0,0
2022-12-30 16:00:00,0.92365,0.9268,0.92007,0.92183,19388,0,0
2022-12-30 20:00:00,0.92183,0.92537,0.92164,0.92476,11085,0,0
2023-01-02 00:00:00,0.92307,0.92693,0.92244,0.92427,826,1,0
2023-01-02 04:00:00,0.92427,0.92459,0.92286,0.92426,840,11,0
2023-01-02 08:00:00,0.92426,0.92604,0.92166,0.92462,5249,0,0
2023-01-02 12:00:00,0.92461,0.92467,0.92362,0.92424,14821,0,0
2023-01-02 16:00:00,0.92424,0.92592,0.92419,0.92561,4220,0,0
2023-01-02 20:00:00,0.92561,0.92582,0.92305,0.92412,2080,0,0
2023-01-03 00:00:00,0.92492,0.9271,0.92322,0.92448,8535,0,0
2023-01-03 04:00:00,0.92449,0.92481,0.9231,0.92463,9015,0,0
2023-01-03 08:00:00,0.92463,0.93823,0.92422,0.93703,16353,0,0
2023-01-03 12:00:00,0.93702,0.93986,0.93488,0.93572,11706,0,0
2023-01-03 16:00:00,0.93574,0.9392,0.93177,0.9371,16256,0,0
2023-01-03 20:00:00,0.9371,0.93761,0.93485,0.93573,7733,0,0
2023-01-04 00:00:00,0.93664,0.93668,0.93319,0.93338,5506,0,0
2023-01-04 04:00:00,0.93338,0.93439,0.93249,0.93394,5385,0,0
2023-01-04 08:00:00,0.93394,0.93412,0.92533,0.9272,14671,0,0
2023-01-04 12:00:00,0.92719,0.92909,0.92635,0.92744,11364,0,0
2023-01-04 16:00:00,0.92744,0.93146,0.92668,0.92892,18088,0,0
2023-01-04 20:00:00,0.92892,0.93093,0.92864,0.92964,10733,0,0
2023-01-05 00:00:00,0.92932,0.93014,0.92797,0.92834,7102,0,0
2023-01-05 04:00:00,0.92836,0.9308,0.92836,0.93016,6804,0,0
2023-01-05 08:00:00,0.93013,0.9308,0.92609,0.92658,10716,0,0
2023-01-05 12:00:00,0.9265,0.93352,0.92606,0.93345,13298,0,0
2023-01-05 16:00:00,0.93346,0.93778,0.9328,0.93614,19701,0,0
2023-01-05 20:00:00,0.93614,0.93686,0.93475,0.93613,8599,0,0
2023-01-06 00:00:00,0.93587,0.93645,0.935,0.93612,5936,0,0
2023-01-06 04:00:00,0.93612,0.93781,0.93526,0.93755,5697,0,0
2023-01-06 08:00:00,0.93754,0.94052,0.93649,0.94001,11749,0,0
2023-01-06 12:00:00,0.93994,0.94076,0.93445,0.9351,13800,0,0
2023-01-06 16:00:00,0.93509,0.93997,0.92808,0.92826,22151,0,0
2023-01-06 20:00:00,0.92824,0.92866,0.92704,0.92772,7452,0,0
2023-01-09 00:00:00,0.92698,0.92799,0.92626,0.9266,6522,0,0
2023-01-09 04:00:00,0.9266,0.92664,0.92523,0.92562,5832,0,0
2023-01-09 08:00:00,0.92562,0.92577,0.92165,0.92447,11449,0,0
2023-01-09 12:00:00,0.92447,0.92519,0.91884,0.91926,11746,0,0
2023-01-09 16:00:00,0.91925,0.92075,0.9167,0.91962,14616,0,0
2023-01-09 20:00:00,0.91961,0.92158,0.91941,0.92143,7506,0,0
2023-01-10 00:00:00,0.92057,0.92218,0.92004,0.92068,6164,0,0
2023-01-10 04:00:00,0.92068,0.92229,0.9206,0.92098,5839,0,0
2023-01-10 08:00:00,0.92098,0.92238,0.91953,0.91987,11583,0,0
2023-01-10 12:00:00,0.91987,0.92522,0.9198,0.92441,10344,0,0
2023-01-10 16:00:00,0.9244,0.92441,0.92052,0.92285,17873,0,0
2023-01-10 20:00:00,0.92287,0.92358,0.92224,0.92272,5827,0,0
2023-01-11 00:00:00,0.92162,0.92356,0.92108,0.92312,4802,0,0
2023-01-11 04:00:00,0.92312,0.92335,0.92097,0.92141,5402,0,0
2023-01-11 08:00:00,0.92142,0.92351,0.92046,0.92316,10472,0,0
2023-01-11 12:00:00,0.92313,0.9296,0.92204,0.92906,11588,0,0
2023-01-11 16:00:00,0.92908,0.93179,0.92814,0.9314,14684,0,0
2023-01-11 20:00:00,0.93141,0.93317,0.93018,0.93134,9028,0,0
2023-01-12 00:00:00,0.93059,0.9316,0.92948,0.93153,6969,0,0
2023-01-12 04:00:00,0.93153,0.93176,0.93059,0.93151,5918,0,0
2023-01-12 08:00:00,0.93151,0.93484,0.93048,0.93112,10088,0,0
2023-01-12 12:00:00,0.93112,0.93593,0.92662,0.92773,16005,0,0
2023-01-12 16:00:00,0.92768,0.93439,0.92738,0.92807,28079,0,0
2023-01-12 20:00:00,0.92807,0.92954,0.92682,0.92736,11638,0,0
2023-01-13 00:00:00,0.92694,0.9286,0.92574,0.92803,5375,0,0
2023-01-13 04:00:00,0.92804,0.93082,0.92799,0.93047,5026,0,0
2023-01-13 08:00:00,0.93045,0.93159,0.92712,0.92853,12253,0,0
2023-01-13 12:00:00,0.92852,0.93095,0.92679,0.93083,13740,0,0
2023-01-13 16:00:00,0.93083,0.93169,0.92562,0.92649,17441,0,0
2023-01-13 20:00:00,0.92648,0.92725,0.92566,0.92631,6203,0,0
2023-01-16 00:00:00,0.92564,0.92737,0.92306,0.92316,6954,0,0
2023-01-16 04:00:00,0.92316,0.92427,0.92188,0.92398,5170,0,0
2023-01-16 08:00:00,0.92396,0.92884,0.92396,0.92496,11463,0,0
2023-01-16 12:00:00,0.92496,0.92777,0.92458,0.92542,10365,0,0
2023-01-16 16:00:00,0.92542,0.92778,0.92522,0.92604,7840,0,0
2023-01-16 20:00:00,0.92603,0.92696,0.92582,0.92604,4202,0,0
2023-01-17 00:00:00,0.92519,0.92665,0.92411,0.92642,4806,0,0
2023-01-17 04:00:00,0.92642,0.92758,0.92427,0.92431,6227,0,0
2023-01-17 08:00:00,0.92431,0.92607,0.92259,0.92336,11062,0,0
2023-01-17 12:00:00,0.92336,0.92393,0.92005,0.92089,13969,0,0
2023-01-17 16:00:00,0.92089,0.92323,0.91876,0.92242,17602,0,0
2023-01-17 20:00:00,0.92241,0.92289,0.92162,0.92194,6813,0,0
2023-01-18 00:00:00,0.92188,0.92294,0.92102,0.92193,3735,0,0
2023-01-18 04:00:00,0.92193,0.92459,0.92168,0.9228,10963,0,0
2023-01-18 08:00:00,0.9228,0.92348,0.91288,0.91296,16692,0,0
2023-01-18 12:00:00,0.91294,0.91493,0.91134,0.91218,16141,0,0
2023-01-18 16:00:00,0.9122,0.91724,0.90853,0.91586,21410,0,0
2023-01-18 20:00:00,0.91582,0.91694,0.91531,0.91651,7975,0,0
2023-01-19 00:00:00,0.915,0.9175,0.91456,0.91716,5703,0,0
2023-01-19 04:00:00,0.91714,0.91762,0.9153,0.91648,5744,0,0
2023-01-19 08:00:00,0.91647,0.91713,0.91489,0.91626,11708,0,0
2023-01-19 12:00:00,0.91627,0.91895,0.91568,0.918,14737,0,0
2023-01-19 16:00:00,0.918,0.91848,0.91519,0.91609,16296,0,0
2023-01-19 20:00:00,0.91609,0.91694,0.91474,0.91592,9334,0,0
2023-01-20 00:00:00,0.91457,0.91638,0.91457,0.91622,4405,0,0
2023-01-20 04:00:00,0.91623,0.91753,0.91558,0.91654,5731,0,0
2023-01-20 08:00:00,0.91654,0.92143,0.91412,0.92041,10967,0,0
2023-01-20 12:00:00,0.92041,0.92336,0.91862,0.9232,11350,0,0
2023-01-20 16:00:00,0.92322,0.92346,0.91951,0.92214,12848,0,0
2023-01-20 20:00:00,0.92214,0.92254,0.91974,0.9201,7208,0,0
2023-01-23 00:00:00,0.91758,0.91999,0.91708,0.91817,5885,0,0
2023-01-23 04:00:00,0.91817,0.91834,0.91702,0.91797,4583,0,0
2023-01-23 08:00:00,0.91796,0.91924,0.91598,0.91773,11185,0,0
2023-01-23 12:00:00,0.91774,0.92294,0.91625,0.92223,12762,0,0
2023-01-23 16:00:00,0.92225,0.92411,0.92114,0.92333,13923,0,0
2023-01-23 20:00:00,0.92333,0.92346,0.92158,0.92175,7167,0,0
2023-01-24 00:00:00,0.92163,0.92204,0.92077,0.92119,2849,0,0
2023-01-24 04:00:00,0.92119,0.92206,0.92099,0.92157,3779,0,0
2023-01-24 08:00:00,0.92157,0.9225,0.91921,0.92188,9412,0,0
2023-01-24 12:00:00,0.92188,0.92686,0.92118,0.92606,11111,0,0
2023-01-24 16:00:00,0.92608,0.92794,0.92239,0.9226,17127,0,0
2023-01-24 20:00:00,0.92257,0.92357,0.92211,0.92243,6839,0,0
2023-01-25 00:00:00,0.92236,0.92302,0.92117,0.92226,5583,0,0
2023-01-25 04:00:00,0.92225,0.92331,0.92174,0.92286,6195,0,0
2023-01-25 08:00:00,0.92286,0.92452,0.92213,0.9231,10349,0,0
2023-01-25 12:00:00,0.92312,0.92399,0.9205,0.92238,10242,0,0
2023-01-25 16:00:00,0.92237,0.92301,0.91726,0.91967,14896,0,0
2023-01-25 20:00:00,0.91967,0.91967,0.91759,0.9179,5058,0,0
2023-01-26 00:00:00,0.91753,0.91793,0.91688,0.91718,4886,0,0
2023-01-26 04:00:00,0.91718,0.91784,0.91697,0.91715,3670,0,0
2023-01-26 08:00:00,0.91715,0.91971,0.91613,0.91951,11353,0,0
2023-01-26 12:00:00,0.91951,0.91986,0.91644,0.91645,12931,0,0
2023-01-26 16:00:00,0.91637,0.92252,0.91582,0.92152,15909,0,0
2023-01-26 20:00:00,0.92153,0.92158,0.91961,0.92029,5420,0,0
2023-01-27 00:00:00,0.91998,0.92058,0.91755,0.92045,5524,0,0
2023-01-27 04:00:00,0.92046,0.92229,0.92033,0.92176,3704,0,0
2023-01-27 08:00:00,0.92177,0.92287,0.92014,0.92102,9160,0,0
2023-01-27 12:00:00,0.92103,0.92313,0.92035,0.92189,10826,0,0
2023-01-27 16:00:00,0.92189,0.924,0.92054,0.92159,14561,0,0
2023-01-27 20:00:00,0.9216,0.92217,0.92075,0.92089,5822,0,0
2023-01-30 00:00:00,0.91961,0.92199,0.91917,0.9212,5176,0,0
2023-01-30 04:00:00,0.92122,0.92183,0.92011,0.92078,6708,0,0
2023-01-30 08:00:00,0.92078,0.92311,0.91927,0.91936,9721,0,0
2023-01-30 12:00:00,0.91935,0.92262,0.91819,0.92248,10379,0,0
2023-01-30 16:00:00,0.92247,0.9239,0.92203,0.9235,12400,0,0
2023-01-30 20:00:00,0.92351,0.92564,0.92339,0.92489,6372,0,0
2023-01-31 00:00:00,0.9231,0.92567,0.92292,0.924,4640,0,0
2023-01-31 04:00:00,0.924,0.92579,0.92394,0.92576,3698,0,0
2023-01-31 08:00:00,0.92572,0.92882,0.92467,0.92671,10584,0,0
2023-01-31 12:00:00,0.92671,0.92879,0.92322,0.92369,12064,0,0
2023-01-31 16:00:00,0.92367,0.92406,0.91654,0.91755,15803,0,0
2023-01-31 20:00:00,0.91755,0.91781,0.91505,0.91612,5909,0,0
2023-02-01 00:00:00,0.91558,0.91676,0.91542,0.91669,3632,0,0
2023-02-01 04:00:00,0.91669,0.91726,0.91587,0.91624,2847,0,0
2023-02-01 08:00:00,0.91624,0.91703,0.9152,0.91598,8392,0,0
2023-02-01 12:00:00,0.91601,0.9165,0.91431,0.91525,9613,0,0
2023-02-01 16:00:00,0.91524,0.91727,0.91367,0.91604,12670,0,0
2023-02-01 20:00:00,0.916,0.91832,0.907,0.90846,18264,0,0
2023-02-02 00:00:00,0.9081,0.90924,0.90593,0.90742,7245,0,0
2023-02-02 04:00:00,0.90743,0.90752,0.90655,0.90716,4446,0,0
2023-02-02 08:00:00,0.90716,0.91001,0.90672,0.90786,9101,0,0
2023-02-02 12:00:00,0.90786,0.91069,0.90785,0.91029,15290,0,0
2023-02-02 16:00:00,0.91032,0.91357,0.90903,0.91344,19779,0,0
2023-02-02 20:00:00,0.91343,0.91392,0.91221,0.91311,9816,0,0
2023-02-03 00:00:00,0.9132,0.9147,0.91221,0.9142,3454,0,0
2023-02-03 04:00:00,0.9142,0.91469,0.91385,0.91426,3753,0,0
2023-02-03 08:00:00,0.91424,0.91679,0.91262,0.9129,9556,0,0
2023-02-03 12:00:00,0.91293,0.92338,0.91261,0.92295,12345,0,0
2023-02-03 16:00:00,0.92296,0.92692,0.9222,0.92442,21907,0,0
2023-02-03 20:00:00,0.92442,0.92644,0.92438,0.92576,7477,0,0
2023-02-06 00:00:00,0.9273,0.92765,0.92526,0.92672,6774,0,0
2023-02-06 04:00:00,0.92673,0.92687,0.92493,0.925,5914,0,0
2023-02-06 08:00:00,0.925,0.92679,0.92273,0.92364,10844,0,0
2023-02-06 12:00:00,0.92363,0.92724,0.92363,0.92592,10081,0,0
2023-02-06 16:00:00,0.92594,0.92909,0.92556,0.9286,14912,0,0
2023-02-06 20:00:00,0.92858,0.92889,0.92695,0.92816,7002,0,0
2023-02-07 00:00:00,0.92622,0.92823,0.92622,0.9265,4054,0,0
2023-02-07 04:00:00,0.92649,0.92731,0.92625,0.92659,6587,0,0
2023-02-07 08:00:00,0.92658,0.92898,0.92423,0.92616,11140,0,0
2023-02-07 12:00:00,0.92615,0.92741,0.92458,0.92562,10886,0,0
2023-02-07 16:00:00,0.9256,0.9273,0.91916,0.91972,17271,0,0
2023-02-07 20:00:00,0.91975,0.92496,0.91925,0.92191,16742,0,0
2023-02-08 00:00:00,0.92109,0.92222,0.92073,0.92214,3856,0,0
2023-02-08 04:00:00,0.92214,0.92235,0.9215,0.92166,4890,0,0
2023-02-08 08:00:00,0.92165,0.92226,0.9178,0.91805,10856,0,0
2023-02-08 12:00:00,0.91804,0.92122,0.9179,0.91973,9656,0,0
2023-02-08 16:00:00,0.91972,0.92171,0.91868,0.92004,14186,0,0
2023-02-08 20:00:00,0.92003,0.92117,0.91901,0.92093,6815,0,0
2023-02-09 00:00:00,0.92078,0.92187,0.91941,0.92062,6585,0,0
2023-02-09 04:00:00,0.92061,0.9207,0.91899,0.91943,4314,0,0
2023-02-09 08:00:00,0.91943,0.91996,0.91719,0.91835,9675,0,0
2023-02-09 12:00:00,0.91835,0.92014,0.91611,0.91615,9746,0,0
2023-02-09 16:00:00,0.91607,0.9211,0.91604,0.92021,12041,0,0
2023-02-09 20:00:00,0.92021,0.92286,0.92008,0.92219,8573,0,0
2023-02-10 00:00:00,0.92207,0.92317,0.92086,0.92253,3559,0,0
2023-02-10 04:00:00,0.92256,0.92374,0.92237,0.92282,4593,0,0
2023-02-10 08:00:00,0.92283,0.92438,0.91981,0.92297,15672,0,0
2023-02-10 12:00:00,0.92297,0.9244,0.92219,0.92317,10699,0,0
2023-02-10 16:00:00,0.92316,0.92505,0.92225,0.9248,15178,0,0
2023-02-10 20:00:00,0.9248,0.92531,0.92354,0.92358,5532,0,0
2023-02-13 00:00:00,0.92321,0.92597,0.92299,0.92518,5380,0,0
2023-02-13 04:00:00,0.92517,0.92586,0.92496,0.92539,4742,0,0
2023-02-13 08:00:00,0.92539,0.92548,0.92194,0.92326,10479,0,0
2023-02-13 12:00:00,0.92326,0.92346,0.92074,0.92298,8573,0,0
2023-02-13 16:00:00,0.92298,0.92344,0.91992,0.92026,11927,0,0
2023-02-13 20:00:00,0.92026,0.92062,0.91913,0.91934,4200,0,0
2023-02-14 00:00:00,0.9191,0.9196,0.91791,0.91839,4918,0,0
2023-02-14 04:00:00,0.91839,0.91883,0.91773,0.91787,4823,0,0
2023-02-14 08:00:00,0.91787,0.91864,0.9158,0.91636,10410,0,0
2023-02-14 12:00:00,0.91637,0.92035,0.91372,0.91779,14763,0,0
2023-02-14 16:00:00,0.91775,0.9234,0.91666,0.92191,26019,0,0
2023-02-14 20:00:00,0.92191,0.92233,0.92025,0.92169,10462,0,0
2023-02-15 00:00:00,0.9208,0.92207,0.92,0.92194,5312,0,0
2023-02-15 04:00:00,0.92192,0.92393,0.92188,0.92374,5226,0,0
2023-02-15 08:00:00,0.92374,0.92482,0.92225,0.92235,11899,0,0
2023-02-15 12:00:00,0.92235,0.92596,0.92159,0.9244,14412,0,0
2023-02-15 16:00:00,0.92446,0.92625,0.92348,0.92538,16518,0,0
2023-02-15 20:00:00,0.92539,0.92589,0.92362,0.92373,7287,0,0
2023-02-16 00:00:00,0.92381,0.92405,0.92211,0.92234,6279,0,0
2023-02-16 04:00:00,0.92234,0.92279,0.92173,0.92234,5937,0,0
2023-02-16 08:00:00,0.92234,0.92338,0.9217,0.92247,8558,0,0
2023-02-16 12:00:00,0.92248,0.92616,0.9214,0.92473,11248,0,0
2023-02-16 16:00:00,0.92478,0.92719,0.92385,0.92421,16943,0,0
2023-02-16 20:00:00,0.92421,0.92609,0.92366,0.92575,9014,0,0
2023-02-17 00:00:00,0.92509,0.92841,0.92483,0.92828,4471,0,0
2023-02-17 04:00:00,0.92828,0.92939,0.92791,0.92916,5240,0,0
2023-02-17 08:00:00,0.92916,0.93234,0.92898,0.93234,10459,0,0
2023-02-17 12:00:00,0.93235,0.93322,0.9291,0.93006,11467,0,0
2023-02-17 16:00:00,0.93007,0.93117,0.92539,0.92656,16095,0,0
2023-02-17 20:00:00,0.92659,0.92678,0.92404,0.92417,6385,0,0
2023-02-20 00:00:00,0.9245,0.926,0.9236,0.92572,4959,0,0
2023-02-20 04:00:00,0.92573,0.92576,0.92411,0.92437,6209,0,0
2023-02-20 08:00:00,0.92437,0.92467,0.92206,0.9238,10452,0,0
2023-02-20 12:00:00,0.9238,0.92449,0.92222,0.92407,11044,0,0
2023-02-20 16:00:00,0.92406,0.92413,0.92251,0.92317,7481,0,0
2023-02-20 20:00:00,0.92317,0.92337,0.92288,0.92326,5139,0,0
2023-02-21 00:00:00,0.9223,0.92444,0.92223,0.92352,4356,0,0
2023-02-21 04:00:00,0.92352,0.92443,0.92346,0.92374,3264,0,0
2023-02-21 08:00:00,0.92374,0.9272,0.92323,0.92441,10366,0,0
2023-02-21 12:00:00,0.92442,0.92577,0.92374,0.92535,10920,0,0
2023-02-21 16:00:00,0.92534,0.92819,0.92478,0.92649,16444,0,0
2023-02-21 20:00:00,0.92646,0.92827,0.92624,0.92778,6720,0,0
2023-02-22 00:00:00,0.92751,0.92786,0.926,0.9268,4573,0,0
2023-02-22 04:00:00,0.9268,0.92707,0.92617,0.92639,6446,0,0
2023-02-22 08:00:00,0.92639,0.92871,0.92528,0.92756,9609,0,0
2023-02-22 12:00:00,0.92755,0.92873,0.92637,0.92726,10250,0,0
2023-02-22 16:00:00,0.92727,0.93047,0.926,0.92945,13354,0,0
2023-02-22 20:00:00,0.92945,0.93187,0.92882,0.93128,11085,0,0
2023-02-23 00:00:00,0.93119,0.9314,0.92981,0.92991,3535,0,0
2023-02-23 04:00:00,0.92991,0.93025,0.92907,0.92959,2481,0,0
2023-02-23 08:00:00,0.92959,0.93347,0.92904,0.9331,8527,0,0
2023-02-23 12:00:00,0.93311,0.93435,0.93146,0.93343,11770,0,0
2023-02-23 16:00:00,0.93343,0.93487,0.93197,0.93425,15807,0,0
2023-02-23 20:00:00,0.93424,0.93459,0.93292,0.9339,7943,0,0
2023-02-24 00:00:00,0.93394,0.93425,0.93257,0.93388,6754,0,0
2023-02-24 04:00:00,0.93388,0.93423,0.93305,0.93401,4554,0,0
2023-02-24 08:00:00,0.93401,0.93648,0.93373,0.93462,9705,0,0
2023-02-24 12:00:00,0.93462,0.93806,0.9341,0.93707,12046,0,0
2023-02-24 16:00:00,0.93706,0.94062,0.93702,0.94007,17619,0,0
2023-02-24 20:00:00,0.94005,0.94122,0.9395,0.94101,6100,0,0
2023-02-27 00:00:00,0.93949,0.94084,0.93949,0.94011,3771,0,0
2023-02-27 04:00:00,0.94014,0.94186,0.94003,0.9416,4023,0,0
2023-02-27 08:00:00,0.9416,0.9429,0.94063,0.94115,9911,0,0
2023-02-27 12:00:00,0.94116,0.94156,0.93696,0.9373,8872,0,0
2023-02-27 16:00:00,0.93727,0.93848,0.93442,0.93665,11534,0,0
2023-02-27 20:00:00,0.93664,0.93699,0.93528,0.93577,4434,0,0
2023-02-28 00:00:00,0.9357,0.93664,0.93472,0.93662,2508,0,0
2023-02-28 04:00:00,0.93662,0.93722,0.93577,0.93687,3619,0,0
2023-02-28 08:00:00,0.93692,0.93888,0.93609,0.93779,8362,0,0
2023-02-28 12:00:00,0.93779,0.93892,0.9355,0.93561,7374,0,0
2023-02-28 16:00:00,0.93563,0.93833,0.93412,0.93728,15165,0,0
2023-02-28 20:00:00,0.93728,0.9423,0.93724,0.9421,6248,0,0
2023-03-01 00:00:00,0.942,0.94282,0.9412,0.94124,3893,0,0
2023-03-01 04:00:00,0.94126,0.94152,0.94013,0.9407,3820,0,0
2023-03-01 08:00:00,0.9407,0.94072,0.93686,0.93746,11886,0,0
2023-03-01 12:00:00,0.93745,0.93874,0.93503,0.93783,10714,0,0
2023-03-01 16:00:00,0.93784,0.94117,0.93728,0.93992,16524,0,0
2023-03-01 20:00:00,0.93991,0.94137,0.93954,0.93967,5651,0,0
2023-03-02 00:00:00,0.93935,0.94173,0.93754,0.94137,3505,0,0
2023-03-02 04:00:00,0.94137,0.94302,0.94116,0.94276,3795,0,0
2023-03-02 08:00:00,0.94275,0.94401,0.94118,0.94141,9491,0,0
2023-03-02 12:00:00,0.94137,0.94344,0.93959,0.94298,12099,0,0
2023-03-02 16:00:00,0.94297,0.944,0.94081,0.94351,13463,0,0
2023-03-02 20:00:00,0.94351,0.94379,0.94105,0.94237,6812,0,0
2023-03-03 00:00:00,0.94127,0.9421,0.94038,0.94122,4639,0,0
2023-03-03 04:00:00,0.94122,0.94155,0.94044,0.94079,5218,1,0
2023-03-03 08:00:00,0.9408,0.94081,0.93684,0.93783,8558,0,0
2023-03-03 12:00:00,0.93782,0.93985,0.93705,0.93776,9477,0,0
2023-03-03 16:00:00,0.93775,0.94077,0.93699,0.93769,14718,0,0
2023-03-03 20:00:00,0.93768,0.93831,0.9359,0.9361,5149,0,0
2023-03-06 00:00:00,0.93611,0.93729,0.93611,0.93636,3894,0,0
2023-03-06 04:00:00,0.93636,0.93695,0.93534,0.93573,4690,0,0
2023-03-06 08:00:00,0.93573,0.93655,0.93129,0.93418,9431,0,0
2023-03-06 12:00:00,0.93418,0.93594,0.93318,0.93438,10139,0,0
2023-03-06 16:00:00,0.93438,0.93494,0.93053,0.93154,12009,0,0
2023-03-06 20:00:00,0.93154,0.93271,0.93055,0.93068,4435,0,0
2023-03-07 00:00:00,0.9305,0.93149,0.93044,0.93074,2707,0,0
2023-03-07 04:00:00,0.93074,0.93082,0.92952,0.92997,3981,0,0
2023-03-07 08:00:00,0.92997,0.93281,0.92857,0.93268,9481,0,0
2023-03-07 12:00:00,0.93268,0.93467,0.93205,0.93443,9038,0,0
2023-03-07 16:00:00,0.93439,0.94171,0.93419,0.94112,21300,0,0
2023-03-07 20:00:00,0.94112,0.94246,0.93977,0.94206,7728,0,0
2023-03-08 00:00:00,0.94118,0.94261,0.94068,0.9424,3580,0,0
2023-03-08 04:00:00,0.94239,0.94388,0.94227,0.94329,4655,0,0
2023-03-08 08:00:00,0.94329,0.94338,0.94155,0.94264,8008,0,0
2023-03-08 12:00:00,0.94264,0.94345,0.94132,0.942,8700,0,0
2023-03-08 16:00:00,0.942,0.94358,0.93885,0.94131,15874,0,0
2023-03-08 20:00:00,0.94131,0.94214,0.94082,0.9414,4902,0,0
2023-03-09 00:00:00,0.94159,0.94184,0.93974,0.94138,2728,0,0
2023-03-09 04:00:00,0.94138,0.94146,0.93978,0.94007,2614,1,0
2023-03-09 08:00:00,0.94007,0.94043,0.93716,0.93716,6765,0,0
2023-03-09 12:00:00,0.93719,0.93936,0.93668,0.93728,9646,0,0
2023-03-09 16:00:00,0.93729,0.93845,0.93544,0.93635,11629,0,0
2023-03-09 20:00:00,0.93636,0.93689,0.93234,0.93249,8931,0,0
2023-03-10 00:00:00,0.93243,0.93326,0.93146,0.93193,6993,0,0
2023-03-10 04:00:00,0.93194,0.93259,0.92814,0.93046,6990,0,0
2023-03-10 08:00:00,0.93045,0.93165,0.92868,0.93028,10051,0,0
2023-03-10 12:00:00,0.93029,0.93055,0.92306,0.92535,13422,0,0
2023-03-10 16:00:00,0.92536,0.92621,0.91747,0.91879,24435,0,0
2023-03-10 20:00:00,0.91886,0.92199,0.91845,0.92109,9744,0,0
2023-03-13 00:00:00,0.91873,0.92044,0.91518,0.9191,9032,0,0
2023-03-13 04:00:00,0.91907,0.92027,0.9152,0.917,12585,0,0
2023-03-13 08:00:00,0.91702,0.91764,0.91444,0.91566,13174,0,0
2023-03-13 12:00:00,0.91569,0.91598,0.90932,0.90974,26990,0,0
2023-03-13 16:00:00,0.90972,0.91273,0.90712,0.91099,25356,0,0
2023-03-13 20:00:00,0.91099,0.91239,0.90942,0.91187,14290,0,0
2023-03-14 00:00:00,0.91036,0.91279,0.91004,0.91233,5246,3,0
2023-03-14 04:00:00,0.91233,0.91453,0.91209,0.91415,5802,1,0
2023-03-14 08:00:00,0.91415,0.91444,0.9105,0.91214,14995,0,0
2023-03-14 12:00:00,0.91214,0.91389,0.90954,0.91099,16686,0,0
2023-03-14 16:00:00,0.911,0.91645,0.91059,0.9151,20350,0,0
2023-03-14 20:00:00,0.91508,0.91511,0.91219,0.91409,11801,0,0
2023-03-15 00:00:00,0.91178,0.91486,0.91178,0.91424,9572,0,0
2023-03-15 04:00:00,0.91425,0.9144,0.91231,0.91392,7727,1,0
2023-03-15 08:00:00,0.91392,0.91608,0.91388,0.91527,10189,0,0
2023-03-15 12:00:00,0.91527,0.92569,0.91469,0.92164,23019,0,0
2023-03-15 16:00:00,0.92168,0.92852,0.92036,0.92789,27485,0,0
2023-03-15 20:00:00,0.92788,0.93378,0.92633,0.93342,19302,0,0
2023-03-16 00:00:00,0.93291,0.93414,0.92978,0.93169,10130,0,0
2023-03-16 04:00:00,0.93169,0.93204,0.92981,0.93012,9424,0,0
2023-03-16 08:00:00,0.93013,0.93065,0.92293,0.9262,12529,0,0
2023-03-16 12:00:00,0.92622,0.93034,0.92518,0.92652,15000,0,0
2023-03-16 16:00:00,0.9265,0.93225,0.92625,0.92926,27324,0,0
2023-03-16 20:00:00,0.92927,0.93199,0.92847,0.92929,12550,0,0
2023-03-17 00:00:00,0.92934,0.92999,0.92877,0.92917,6244,0,0
2023-03-17 04:00:00,0.92917,0.92931,0.92643,0.92645,8634,0,0
2023-03-17 08:00:00,0.92644,0.92712,0.92405,0.92514,11309,0,0
2023-03-17 12:00:00,0.92513,0.92866,0.92397,0.92792,14248,0,0
2023-03-17 16:00:00,0.92788,0.92932,0.92634,0.92863,16918,0,0
2023-03-17 20:00:00,0.92862,0.92898,0.92496,0.92631,12851,0,0
2023-03-20 00:00:00,0.92491,0.92791,0.92425,0.92655,6916,0,0
2023-03-20 04:00:00,0.92655,0.92713,0.92537,0.92594,7197,0,0
2023-03-20 08:00:00,0.92595,0.93123,0.92449,0.92857,13367,0,0
2023-03-20 12:00:00,0.92855,0.93072,0.92539,0.9274,12867,0,0
2023-03-20 16:00:00,0.92738,0.92746,0.92402,0.92612,12335,0,0
2023-03-20 20:00:00,0.9261,0.92942,0.92583,0.92927,6031,0,0
2023-03-21 00:00:00,0.92881,0.92931,0.92653,0.92864,8112,0,0
2023-03-21 04:00:00,0.92863,0.92976,0.92849,0.92972,8472,0,0
2023-03-21 08:00:00,0.92972,0.93169,0.92809,0.92809,9335,0,0
2023-03-21 12:00:00,0.9281,0.92886,0.9233,0.92419,9564,0,0
2023-03-21 16:00:00,0.92419,0.9255,0.92095,0.92254,12290,0,0
2023-03-21 20:00:00,0.92257,0.92334,0.92219,0.9223,6732,0,0
2023-03-22 00:00:00,0.9222,0.92251,0.92119,0.92231,5249,0,0
2023-03-22 04:00:00,0.92228,0.92302,0.92204,0.9229,5399,1,0
2023-03-22 08:00:00,0.9229,0.92452,0.9212,0.92235,8697,0,0
2023-03-22 12:00:00,0.92234,0.92359,0.92062,0.9229,10412,0,0
2023-03-22 16:00:00,0.9229,0.92456,0.92184,0.92321,8189,0,0
2023-03-22 20:00:00,0.92321,0.92419,0.91472,0.91734,18590,0,0
2023-03-23 00:00:00,0.91738,0.91752,0.91581,0.91581,3889,0,0
2023-03-23 04:00:00,0.91582,0.91732,0.91451,0.91522,6469,0,0
2023-03-23 08:00:00,0.91522,0.91669,0.91185,0.91392,13120,0,0
2023-03-23 12:00:00,0.91391,0.91807,0.91313,0.91673,12066,0,0
2023-03-23 16:00:00,0.91673,0.91678,0.91278,0.91391,11857,0,0
2023-03-23 20:00:00,0.9139,0.91673,0.91365,0.91649,10732,0,0
2023-03-24 00:00:00,0.91636,0.91726,0.91544,0.91631,5215,0,0
2023-03-24 04:00:00,0.91632,0.91789,0.9156,0.91561,6561,0,0
2023-03-24 08:00:00,0.91561,0.91927,0.91549,0.91745,11134,0,0
2023-03-24 12:00:00,0.91746,0.92169,0.91698,0.91908,16638,0,0
2023-03-24 16:00:00,0.91907,0.92015,0.91734,0.91847,14625,0,0
2023-03-24 20:00:00,0.91847,0.9203,0.91829,0.91987,6136,0,0
2023-03-27 00:00:00,0.91811,0.91992,0.91638,0.91992,7389,0,0
2023-03-27 04:00:00,0.91992,0.91995,0.91796,0.91863,5344,0,0
2023-03-27 08:00:00,0.91863,0.91973,0.91573,0.91617,10777,0,0
2023-03-27 12:00:00,0.91617,0.91779,0.91564,0.91755,9976,0,0
2023-03-27 16:00:00,0.91755,0.91762,0.91557,0.91618,10397,0,0
2023-03-27 20:00:00,0.91617,0.91692,0.91535,0.91549,5960,0,0
2023-03-28 00:00:00,0.9153,0.91596,0.91421,0.91459,4780,1,0
2023-03-28 04:00:00,0.91459,0.91488,0.91367,0.91419,4802,0,0
2023-03-28 08:00:00,0.91419,0.91808,0.91403,0.91724,7384,0,0
2023-03-28 12:00:00,0.91724,0.9188,0.91671,0.91814,7917,0,0
2023-03-28 16:00:00,0.91814,0.92227,0.91812,0.91936,10056,0,0
2023-03-28 20:00:00,0.91936,0.92006,0.91865,0.91954,4266,0,0
2023-03-29 00:00:00,0.91951,0.92091,0.91858,0.91969,2308,0,0
2023-03-29 04:00:00,0.9197,0.92097,0.91961,0.92064,3855,1,0
2023-03-29 08:00:00,0.92061,0.92231,0.91936,0.91989,8693,0,0
2023-03-29 12:00:00,0.91988,0.92041,0.91652,0.91913,10552,0,0
2023-03-29 16:00:00,0.91912,0.92127,0.91841,0.92055,12421,0,0
2023-03-29 20:00:00,0.92055,0.92062,0.9182,0.91826,4889,0,0
2023-03-30 00:00:00,0.91819,0.91955,0.91813,0.91929,3196,0,0
2023-03-30 04:00:00,0.91929,0.92002,0.9187,0.91889,3479,0,0
2023-03-30 08:00:00,0.91887,0.91898,0.91579,0.91615,10207,0,0
2023-03-30 12:00:00,0.91615,0.91663,0.91284,0.9131,9956,0,0
2023-03-30 16:00:00,0.9131,0.91457,0.9126,0.91389,11111,0,0
2023-03-30 20:00:00,0.91387,0.91453,0.91323,0.91333,4244,0,0
2023-03-31 00:00:00,0.91209,0.91418,0.91209,0.9134,4140,0,0
2023-03-31 04:00:00,0.91341,0.91412,0.91243,0.91389,4880,0,0
2023-03-31 08:00:00,0.91389,0.91646,0.9134,0.91614,10086,0,0
2023-03-31 12:00:00,0.91599,0.91777,0.91433,0.91454,10563,0,0
2023-03-31 16:00:00,0.91454,0.9151,0.91157,0.91381,12708,0,0
2023-03-31 20:00:00,0.9138,0.91548,0.91361,0.91514,6282,0,0
2023-04-03 00:00:00,0.91595,0.91825,0.91342,0.91679,6083,0,0
2023-04-03 04:00:00,0.91679,0.91857,0.91632,0.91848,4885,1,0
2023-04-03 08:00:00,0.91848,0.91961,0.91703,0.91761,9314,0,0
2023-04-03 12:00:00,0.91762,0.91765,0.91435,0.91558,10456,0,0
2023-04-03 16:00:00,0.9156,0.91568,0.91153,0.91336,13168,0,0
2023-04-03 20:00:00,0.91336,0.91404,0.91228,0.91264,5327,0,0
2023-04-04 00:00:00,0.91258,0.91309,0.91205,0.91292,3932,0,0
2023-04-04 04:00:00,0.91292,0.91396,0.91284,0.91319,3538,0,0
2023-04-04 08:00:00,0.91318,0.91428,0.91003,0.91177,9762,0,0
2023-04-04 12:00:00,0.91174,0.91407,0.91073,0.91346,9933,0,0
2023-04-04 16:00:00,0.91346,0.91347,0.9055,0.90628,14186,0,0
2023-04-04 20:00:00,0.90628,0.90646,0.90564,0.90613,4471,0,0
2023-04-05 00:00:00,0.90564,0.90599,0.90509,0.90574,2844,0,0
2023-04-05 04:00:00,0.90573,0.90602,0.90533,0.90588,3864,0,0
2023-04-05 08:00:00,0.90588,0.90602,0.90408,0.90468,8025,0,0
2023-04-05 12:00:00,0.90469,0.90584,0.90303,0.90352,10020,0,0
2023-04-05 16:00:00,0.90352,0.90761,0.90066,0.9073,13364,0,0
2023-04-05 20:00:00,0.90733,0.90759,0.90574,0.90666,4048,0,0
2023-04-06 00:00:00,0.90701,0.90701,0.90484,0.90687,3395,0,0
2023-04-06 04:00:00,0.90687,0.90749,0.90675,0.90712,2714,0,0
2023-04-06 08:00:00,0.90714,0.9075,0.90365,0.90445,8472,0,0
2023-04-06 12:00:00,0.90446,0.90636,0.90418,0.90616,9295,0,0
2023-04-06 16:00:00,0.90617,0.90671,0.9036,0.904,9068,0,0
2023-04-06 20:00:00,0.90402,0.90496,0.90376,0.90461,3940,0,0
2023-04-07 00:00:00,0.90406,0.90484,0.9036,0.90465,4436,2,0
2023-04-07 04:00:00,0.90465,0.90469,0.90414,0.90469,4033,1,0
2023-04-07 08:00:00,0.90469,0.90492,0.90341,0.90394,3499,0,0
2023-04-07 12:00:00,0.90394,0.90814,0.9033,0.9063,5572,0,0
2023-04-07 16:00:00,0.90626,0.90679,0.90344,0.9051,5453,0,0
2023-04-07 20:00:00,0.90512,0.90537,0.90398,0.90501,5523,0,0
2023-04-10 00:00:00,0.90318,0.90573,0.90268,0.90572,4040,0,0
2023-04-10 04:00:00,0.90572,0.90633,0.90533,0.90623,4056,0,0
2023-04-10 08:00:00,0.90623,0.90672,0.90508,0.90554,4580,0,0
2023-04-10 12:00:00,0.90554,0.91032,0.90541,0.91019,8360,0,0
2023-04-10 16:00:00,0.91023,0.91203,0.90963,0.91033,7913,0,0
2023-04-10 20:00:00,0.91031,0.91031,0.9093,0.9094,4917,0,0
2023-04-11 00:00:00,0.90909,0.90958,0.9072,0.90852,3188,0,0
2023-04-11 04:00:00,0.90853,0.90902,0.90776,0.908,2657,0,0
2023-04-11 08:00:00,0.908,0.90801,0.90377,0.90413,7165,0,0
2023-04-11 12:00:00,0.90412,0.90556,0.90372,0.90515,8971,0,0
2023-04-11 16:00:00,0.90512,0.90595,0.9032,0.90461,8858,0,0
2023-04-11 20:00:00,0.90461,0.90486,0.90277,0.90322,3756,0,0
2023-04-12 00:00:00,0.9033,0.90336,0.90249,0.90255,3286,0,0
2023-04-12 04:00:00,0.90255,0.90315,0.90185,0.9026,3005,0,0
2023-04-12 08:00:00,0.9026,0.90348,0.9017,0.90298,5982,0,0
2023-04-12 12:00:00,0.903,0.90306,0.89676,0.89784,9665,0,0
2023-04-12 16:00:00,0.89784,0.89824,0.89439,0.8954,12929,0,0
2023-04-12 20:00:00,0.89543,0.89663,0.89494,0.89631,6369,0,0
2023-04-13 00:00:00,0.89569,0.89634,0.89458,0.89546,2980,0,0
2023-04-13 04:00:00,0.89546,0.8971,0.89545,0.89701,2737,0,0
2023-04-13 08:00:00,0.89696,0.89749,0.89039,0.89152,7781,0,0
2023-04-13 12:00:00,0.89155,0.89189,0.88702,0.8874,10187,0,0
2023-04-13 16:00:00,0.88736,0.89002,0.88598,0.88743,12001,0,0
2023-04-13 20:00:00,0.88742,0.88962,0.88742,0.88947,3649,0,0
2023-04-14 00:00:00,0.88942,0.88968,0.88848,0.88893,2178,0,0
2023-04-14 04:00:00,0.88893,0.88912,0.88739,0.88772,4244,0,0
2023-04-14 08:00:00,0.88773,0.88885,0.88708,0.88822,6201,0,0
2023-04-14 12:00:00,0.8882,0.8927,0.88668,0.89165,9560,0,0
2023-04-14 16:00:00,0.89166,0.89589,0.89095,0.89539,13538,0,0
2023-04-14 20:00:00,0.8954,0.89559,0.89368,0.89394,4090,0,0
2023-04-17 00:00:00,0.89399,0.89556,0.89399,0.89556,2749,0,0
2023-04-17 04:00:00,0.89554,0.89596,0.89405,0.89407,3277,0,0
2023-04-17 08:00:00,0.89407,0.89502,0.89219,0.89497,6970,0,0
2023-04-17 12:00:00,0.89498,0.8957,0.89313,0.89558,7942,0,0
2023-04-17 16:00:00,0.89558,0.89964,0.89549,0.8995,10184,0,0
2023-04-17 20:00:00,0.8995,0.89958,0.89831,0.89867,3744,0,0
2023-04-18 00:00:00,0.8973,0.89874,0.897,0.89833,2239,0,0
2023-04-18 04:00:00,0.89833,0.89858,0.89706,0.89771,4026,0,0
2023-04-18 08:00:00,0.89771,0.89851,0.89575,0.89591,7756,0,0
2023-04-18 12:00:00,0.89591,0.89765,0.89545,0.89755,7920,0,0
2023-04-18 16:00:00,0.8975,0.89869,0.89693,0.89695,8972,0,0
2023-04-18 20:00:00,0.89695,0.89726,0.89611,0.89614,4169,0,0
2023-04-19 00:00:00,0.89542,0.89653,0.89542,0.89597,2471,0,0
2023-04-19 04:00:00,0.89597,0.89742,0.89594,0.89712,2259,0,0
2023-04-19 08:00:00,0.89708,0.89908,0.89596,0.89831,9684,0,0
2023-04-19 12:00:00,0.89832,0.9003,0.89783,0.89802,10018,0,0
2023-04-19 16:00:00,0.89802,0.89866,0.89588,0.8974,8297,0,0
2023-04-19 20:00:00,0.89739,0.89799,0.89724,0.89745,4988,0,0
2023-04-20 00:00:00,0.89704,0.89799,0.89686,0.89784,2322,0,0
2023-04-20 04:00:00,0.89784,0.8983,0.89657,0.89657,2723,0,0
2023-04-20 08:00:00,0.89657,0.89711,0.89489,0.89579,8100,0,0
2023-04-20 12:00:00,0.8958,0.89681,0.8923,0.89299,9517,0,0
2023-04-20 16:00:00,0.89299,0.89463,0.89202,0.89422,11616,0,0
2023-04-20 20:00:00,0.89419,0.89428,0.89231,0.89232,4444,0,0
2023-04-21 00:00:00,0.8921,0.89331,0.89157,0.89279,2814,0,0
2023-04-21 04:00:00,0.89279,0.89347,0.89239,0.89336,2381,0,0
2023-04-21 08:00:00,0.89335,0.89535,0.89302,0.89354,8214,0,0
2023-04-21 12:00:00,0.89354,0.89448,0.89128,0.89139,7897,0,0
2023-04-21 16:00:00,0.89139,0.89543,0.89078,0.89272,12766,0,0
2023-04-21 20:00:00,0.89277,0.89335,0.89195,0.89225,4263,0,0
2023-04-24 00:00:00,0.89245,0.89264,0.89164,0.89182,18553,0,0
2023-04-24 04:00:00,0.89181,0.89282,0.89161,0.89223,3750,0,0
2023-04-24 08:00:00,0.89223,0.89261,0.88925,0.88927,6356,0,0
2023-04-24 12:00:00,0.88927,0.8908,0.8883,0.88883,8207,0,0
2023-04-24 16:00:00,0.88884,0.88991,0.88793,0.88852,8953,0,0
2023-04-24 20:00:00,0.8885,0.88859,0.88756,0.88757,3368,0,0
2023-04-25 00:00:00,0.8876,0.8876,0.88663,0.88711,1533,0,0
2023-04-25 04:00:00,0.88713,0.88738,0.88633,0.88734,2371,0,0
2023-04-25 08:00:00,0.88734,0.88926,0.88612,0.88649,7604,0,0
2023-04-25 12:00:00,0.88653,0.88883,0.88607,0.88846,8731,0,0
2023-04-25 16:00:00,0.88846,0.89274,0.8884,0.89246,9792,0,0
2023-04-25 20:00:00,0.89243,0.89261,0.89144,0.89191,4840,0,0
2023-04-26 00:00:00,0.89156,0.89232,0.88986,0.89199,3749,0,0
2023-04-26 04:00:00,0.89201,0.89259,0.89087,0.89095,3289,0,0
2023-04-26 08:00:00,0.89096,0.89188,0.88951,0.88981,7851,0,0
2023-04-26 12:00:00,0.88982,0.89011,0.88782,0.88872,10177,0,0
2023-04-26 16:00:00,0.88875,0.8917,0.88516,0.89157,12323,0,0
2023-04-26 20:00:00,0.89157,0.89203,0.8907,0.89129,4000,0,0
2023-04-27 00:00:00,0.89101,0.89119,0.88986,0.89054,4583,0,0
2023-04-27 04:00:00,0.89054,0.89116,0.89053,0.89092,3825,0,0
2023-04-27 08:00:00,0.89094,0.89304,0.89029,0.89241,7493,0,0
2023-04-27 12:00:00,0.89246,0.8976,0.89193,0.89623,10166,0,0
2023-04-27 16:00:00,0.89625,0.89764,0.89494,0.89554,11319,0,0
2023-04-27 20:00:00,0.89552,0.89578,0.89363,0.8943,4089,0,0
2023-04-28 00:00:00,0.89425,0.8944,0.89259,0.89358,2253,1,0
2023-04-28 04:00:00,0.89358,0.89494,0.89312,0.89473,6759,0,0
2023-04-28 08:00:00,0.89473,0.89751,0.89333,0.89559,10032,0,0
2023-04-28 12:00:00,0.89559,0.89719,0.89477,0.89483,10508,0,0
2023-04-28 16:00:00,0.8948,0.89512,0.88963,0.89225,14657,0,0
2023-04-28 20:00:00,0.89225,0.89482,0.89225,0.89414,4278,0,0
2023-05-01 00:00:00,0.89141,0.8954,0.8914,0.895,3549,0,0
2023-05-01 04:00:00,0.89499,0.89522,0.89381,0.89415,3212,0,0
2023-05-01 08:00:00,0.89419,0.89492,0.89273,0.89439,6182,0,0
2023-05-01 12:00:00,0.89439,0.89467,0.89151,0.89173,7356,0,0
2023-05-01 16:00:00,0.89173,0.89665,0.89153,0.89601,11291,0,0
2023-05-01 20:00:00,0.89601,0.89666,0.89536,0.89561,4126,0,0
2023-05-02 00:00:00,0.89497,0.89606,0.89336,0.89569,2828,0,0
2023-05-02 04:00:00,0.89568,0.89591,0.89421,0.89582,3680,0,0
2023-05-02 08:00:00,0.89582,0.89864,0.89493,0.89826,8964,0,0
2023-05-02 12:00:00,0.89823,0.89949,0.89671,0.89868,8528,0,0
2023-05-02 16:00:00,0.89868,0.89915,0.89271,0.89311,12820,0,0
2023-05-02 20:00:00,0.89308,0.89358,0.89238,0.89326,3453,0,0
2023-05-03 00:00:00,0.89289,0.89318,0.8918,0.89182,2937,0,0
2023-05-03 04:00:00,0.89183,0.89207,0.89073,0.89142,2191,0,0
2023-05-03 08:00:00,0.8914,0.89159,0.8871,0.88781,6702,0,0
2023-05-03 12:00:00,0.88783,0.89055,0.88714,0.88855,9137,0,0
2023-05-03 16:00:00,0.88853,0.88909,0.88634,0.88687,10645,0,0
2023-05-03 20:00:00,0.88688,0.88775,0.88327,0.88414,14163,0,0
2023-05-04 00:00:00,0.88384,0.88495,0.88201,0.88286,5271,0,0
2023-05-04 04:00:00,0.88284,0.8833,0.88228,0.88311,3821,0,0
2023-05-04 08:00:00,0.88312,0.88815,0.8824,0.88792,8954,0,0
2023-05-04 12:00:00,0.88793,0.88907,0.88422,0.88864,12784,0,0
2023-05-04 16:00:00,0.88865,0.88913,0.88386,0.88499,19263,0,0
2023-05-04 20:00:00,0.88504,0.8862,0.88455,0.88589,5237,0,0
2023-05-05 00:00:00,0.88426,0.886,0.88426,0.88531,2389,0,0
2023-05-05 04:00:00,0.88527,0.88527,0.88384,0.88403,2244,0,0
2023-05-05 08:00:00,0.88405,0.89314,0.88345,0.89182,8158,0,0
2023-05-05 12:00:00,0.89183,0.89735,0.89104,0.89559,11038,0,0
2023-05-05 16:00:00,0.8956,0.89571,0.89036,0.89067,12686,0,0
2023-05-05 20:00:00,0.89065,0.89164,0.8901,0.89067,4232,0,0
2023-05-08 00:00:00,0.88941,0.89123,0.88854,0.89023,3289,1,0
2023-05-08 04:00:00,0.89023,0.89069,0.88868,0.88886,3376,0,0
2023-05-08 08:00:00,0.88885,0.88961,0.88676,0.88849,6104,0,0
2023-05-08 12:00:00,0.88849,0.88984,0.88801,0.88906,8427,0,0
2023-05-08 16:00:00,0.88906,0.89019,0.88819,0.8882,6932,0,0
2023-05-08 20:00:00,0.8882,0.89006,0.88784,0.88941,2780,0,0
2023-05-09 00:00:00,0.88912,0.89078,0.88896,0.8905,3117,0,0
2023-05-09 04:00:00,0.8905,0.89063,0.88922,0.88966,2628,0,0
2023-05-09 08:00:00,0.88966,0.89274,0.88885,0.89215,7033,0,0
2023-05-09 12:00:00,0.89214,0.89376,0.89116,0.89365,7087,0,0
2023-05-09 16:00:00,0.89363,0.89428,0.89061,0.89149,7862,0,0
2023-05-09 20:00:00,0.89151,0.89161,0.88964,0.89041,3663,0,0
2023-05-10 00:00:00,0.89043,0.89066,0.88968,0.88999,2106,0,0
2023-05-10 04:00:00,0.88998,0.89006,0.88962,0.88993,1920,0,0
2023-05-10 08:00:00,0.88996,0.89072,0.88863,0.89063,7089,0,0
2023-05-10 12:00:00,0.89065,0.89272,0.88683,0.88722,9987,0,0
2023-05-10 16:00:00,0.88718,0.89124,0.88695,0.89069,12602,0,0
2023-05-10 20:00:00,0.89069,0.89094,0.88883,0.88971,4498,0,0
2023-05-11 00:00:00,0.88969,0.88969,0.88719,0.88894,1728,0,0
2023-05-11 04:00:00,0.8889,0.89104,0.88867,0.89045,2578,0,0
2023-05-11 08:00:00,0.89047,0.89502,0.89014,0.89471,8831,0,0
2023-05-11 12:00:00,0.8947,0.89489,0.89134,0.89188,12599,0,0
2023-05-11 16:00:00,0.89188,0.89579,0.89185,0.89404,10898,0,0
2023-05-11 20:00:00,0.89405,0.8946,0.89382,0.89422,3473,0,0
2023-05-12 00:00:00,0.89409,0.89427,0.89314,0.89351,2374,1,0
2023-05-12 04:00:00,0.89351,0.8937,0.89251,0.89269,2643,0,0
2023-05-12 08:00:00,0.89271,0.89295,0.88971,0.89178,7498,0,0
2023-05-12 12:00:00,0.89178,0.89499,0.89133,0.89339,7700,0,0
2023-05-12 16:00:00,0.89341,0.89855,0.89283,0.89805,11711,0,0
2023-05-12 20:00:00,0.89806,0.89875,0.89753,0.89836,3874,0,0
2023-05-15 00:00:00,0.89546,0.89878,0.8954,0.89839,4175,0,0
2023-05-15 04:00:00,0.89837,0.89841,0.89727,0.89772,2985,0,0
2023-05-15 08:00:00,0.89772,0.89775,0.8961,0.89705,6770,0,0
2023-05-15 12:00:00,0.89705,0.89765,0.89459,0.89615,8101,0,0
2023-05-15 16:00:00,0.89617,0.8965,0.89425,0.89425,7788,0,0
2023-05-15 20:00:00,0.89425,0.89564,0.89425,0.89562,2708,0,0
2023-05-16 00:00:00,0.89561,0.89584,0.89459,0.89486,3273,0,0
2023-05-16 04:00:00,0.89487,0.8957,0.89481,0.89489,2812,0,0
2023-05-16 08:00:00,0.89489,0.89625,0.89225,0.8928,6182,0,0
2023-05-16 12:00:00,0.8928,0.89563,0.89198,0.8946,8434,0,0
2023-05-16 16:00:00,0.8946,0.89706,0.89406,0.8961,11342,0,0
2023-05-16 20:00:00,0.8961,0.89663,0.89562,0.89629,4007,0,0
2023-05-17 00:00:00,0.89663,0.89663,0.89584,0.8959,1891,1,0
2023-05-17 04:00:00,0.89591,0.89648,0.89492,0.89588,2649,0,0
2023-05-17 08:00:00,0.89588,0.90077,0.89578,0.90021,7340,0,0
2023-05-17 12:00:00,0.90022,0.90117,0.89845,0.90061,8623,0,0
2023-05-17 16:00:00,0.90064,0.90255,0.89803,0.89824,10574,0,0
2023-05-17 20:00:00,0.89823,0.8989,0.89782,0.89839,3938,0,0
2023-05-18 00:00:00,0.89828,0.89891,0.89712,0.89845,2171,1,0
2023-05-18 04:00:00,0.89846,0.8992,0.89804,0.89916,2429,0,0
2023-05-18 08:00:00,0.89915,0.90107,0.89835,0.90046,7669,0,0
2023-05-18 12:00:00,0.90044,0.90229,0.89996,0.902,7529,0,0
2023-05-18 16:00:00,0.90199,0.90627,0.90119,0.90538,10358,0,0
2023-05-18 20:00:00,0.90536,0.90574,0.90463,0.90505,4040,0,0
2023-05-19 00:00:00,0.90514,0.90532,0.90425,0.90462,2957,0,0
2023-05-19 04:00:00,0.90463,0.90587,0.90442,0.905,3431,0,0
2023-05-19 08:00:00,0.90502,0.90511,0.90198,0.90298,7910,0,0
2023-05-19 12:00:00,0.90296,0.90363,0.90037,0.90186,8402,0,0
2023-05-19 16:00:00,0.9019,0.90314,0.89745,0.89881,12139,0,0
2023-05-19 20:00:00,0.89879,0.90048,0.89805,0.89947,3633,0,0
2023-05-22 00:00:00,0.89822,0.89931,0.8978,0.89793,2195,0,0
2023-05-22 04:00:00,0.89791,0.89836,0.89701,0.89822,4623,0,0
2023-05-22 08:00:00,0.89822,0.8997,0.89545,0.89564,7692,0,0
2023-05-22 12:00:00,0.89564,0.89719,0.89409,0.89691,8546,0,0
2023-05-22 16:00:00,0.8969,0.89939,0.8961,0.89818,10363,0,0
2023-05-22 20:00:00,0.89817,0.89833,0.89696,0.89778,4141,0,0
2023-05-23 00:00:00,0.89783,0.89858,0.89741,0.89814,2556,0,0
2023-05-23 04:00:00,0.89814,0.89911,0.8981,0.89846,2932,0,0
2023-05-23 08:00:00,0.89846,0.90046,0.89789,0.89932,7868,0,0
2023-05-23 12:00:00,0.89931,0.90294,0.89924,0.90288,8419,0,0
2023-05-23 16:00:00,0.90287,0.90287,0.89856,0.90164,12801,0,0
2023-05-23 20:00:00,0.90163,0.90206,0.90112,0.90132,3918,0,0
2023-05-24 00:00:00,0.90123,0.90174,0.90064,0.90106,1448,0,0
2023-05-24 04:00:00,0.90107,0.90151,0.90068,0.9009,4352,0,0
2023-05-24 08:00:00,0.90089,0.9023,0.90049,0.90201,9184,0,0
2023-05-24 12:00:00,0.902,0.90372,0.90166,0.90259,9327,0,0
2023-05-24 16:00:00,0.90257,0.9067,0.90229,0.90588,11487,0,0
2023-05-24 20:00:00,0.90587,0.90605,0.90377,0.9051,6570,0,0
2023-05-25 00:00:00,0.90454,0.90533,0.9037,0.90436,3915,0,0
2023-05-25 04:00:00,0.90438,0.90648,0.9039,0.90632,3231,0,0
2023-05-25 08:00:00,0.90633,0.90685,0.90455,0.90579,7810,0,0
2023-05-25 12:00:00,0.9058,0.90691,0.90377,0.90638,9752,0,0
2023-05-25 16:00:00,0.9064,0.90733,0.90453,0.90716,11206,0,0
2023-05-25 20:00:00,0.90715,0.90716,0.90559,0.90562,5196,0,0
2023-05-26 00:00:00,0.9055,0.90577,0.90402,0.90522,2815,0,0
2023-05-26 04:00:00,0.90515,0.90524,0.90433,0.90458,3175,0,0
2023-05-26 08:00:00,0.90456,0.90547,0.90187,0.90391,8318,0,0
2023-05-26 12:00:00,0.90392,0.90437,0.90205,0.90356,8656,0,0
2023-05-26 16:00:00,0.90357,0.90743,0.90311,0.90547,10503,0,0
2023-05-26 20:00:00,0.90547,0.90552,0.9046,0.90496,3707,0,0
2023-05-29 00:00:00,0.90491,0.9062,0.90419,0.90587,2579,0,0
2023-05-29 04:00:00,0.90588,0.906,0.90485,0.90486,2278,0,0
2023-05-29 08:00:00,0.90483,0.90522,0.90314,0.90332,4972,0,0
2023-05-29 12:00:00,0.90333,0.90434,0.90273,0.90342,6164,0,0
2023-05-29 16:00:00,0.90342,0.9043,0.90329,0.90384,3838,0,0
2023-05-29 20:00:00,0.90384,0.90451,0.90373,0.90441,1348,1,0
2023-05-30 00:00:00,0.90384,0.90475,0.90312,0.90386,2850,2,0
2023-05-30 04:00:00,0.90386,0.90455,0.90311,0.90405,3043,0,0
2023-05-30 08:00:00,0.90405,0.90842,0.90405,0.90477,9362,0,0
2023-05-30 12:00:00,0.90476,0.90561,0.90144,0.9031,10219,0,0
2023-05-30 16:00:00,0.90311,0.90638,0.90243,0.90637,9270,0,0
2023-05-30 20:00:00,0.90636,0.90693,0.90559,0.90589,4146,0,0
2023-05-31 00:00:00,0.90561,0.90671,0.90534,0.90572,2050,0,0
2023-05-31 04:00:00,0.90573,0.90856,0.90557,0.90824,3020,0,0
2023-05-31 08:00:00,0.90823,0.9119,0.90765,0.91126,8188,0,0
2023-05-31 12:00:00,0.91123,0.91155,0.90985,0.91071,6816,0,0
2023-05-31 16:00:00,0.91071,0.91476,0.9096,0.91431,13064,0,0
2023-05-31 20:00:00,0.91429,0.91447,0.91037,0.91063,6909,0,0
2023-06-01 00:00:00,0.91052,0.91086,0.90898,0.91052,2680,0,0
2023-06-01 04:00:00,0.91053,0.91119,0.91033,0.91095,3171,0,0
2023-06-01 08:00:00,0.91094,0.9114,0.91001,0.91008,6968,0,0
2023-06-01 12:00:00,0.91008,0.91114,0.90749,0.90868,9248,0,0
2023-06-01 16:00:00,0.90867,0.91015,0.90666,0.90703,12120,0,0
2023-06-01 20:00:00,0.90702,0.90736,0.90537,0.90551,3498,0,0
2023-06-02 00:00:00,0.90513,0.90606,0.90506,0.90521,2900,0,0
2023-06-02 04:00:00,0.9052,0.9055,0.90421,0.90469,3734,0,0
2023-06-02 08:00:00,0.90468,0.90519,0.90346,0.9044,7827,0,0
2023-06-02 12:00:00,0.90438,0.9086,0.90427,0.90735,9755,0,0
2023-06-02 16:00:00,0.90732,0.90897,0.9047,0.90856,11499,0,0
2023-06-02 20:00:00,0.90856,0.90917,0.90804,0.9088,4423,0,0
2023-06-05 00:00:00,0.90756,0.91051,0.90716,0.91019,2235,0,0
2023-06-05 04:00:00,0.91018,0.91056,0.90948,0.90999,4061,0,0
2023-06-05 08:00:00,0.90998,0.91196,0.90946,0.91078,7832,0,0
2023-06-05 12:00:00,0.91077,0.91193,0.90972,0.9113,5911,0,0
2023-06-05 16:00:00,0.9113,0.91153,0.90524,0.90578,11062,0,0
2023-06-05 20:00:00,0.90578,0.90641,0.90524,0.90623,4128,0,0
2023-06-06 00:00:00,0.90597,0.90661,0.90472,0.90582,2349,0,0
2023-06-06 04:00:00,0.90582,0.906,0.9049,0.9049,2734,0,0
2023-06-06 08:00:00,0.90488,0.90732,0.90335,0.90608,9251,0,0
2023-06-06 12:00:00,0.90608,0.90968,0.90589,0.90879,7634,0,0
2023-06-06 16:00:00,0.90884,0.90981,0.90721,0.90767,7810,0,0
2023-06-06 20:00:00,0.90768,0.90796,0.90739,0.90758,2212,0,0
2023-06-07 00:00:00,0.90717,0.90768,0.90631,0.90668,1511,1,0
2023-06-07 04:00:00,0.90667,0.90768,0.90632,0.90703,3112,0,0
2023-06-07 08:00:00,0.90702,0.90873,0.90639,0.90639,5788,0,0
2023-06-07 12:00:00,0.90635,0.90693,0.90502,0.90604,7579,0,0
2023-06-07 16:00:00,0.90603,0.9099,0.90432,0.90973,10885,0,0
2023-06-07 20:00:00,0.90971,0.91068,0.90939,0.91015,4145,0,0
2023-06-08 00:00:00,0.90956,0.91014,0.90831,0.90919,2211,0,0
2023-06-08 04:00:00,0.90918,0.9098,0.90895,0.90932,2962,0,0
2023-06-08 08:00:00,0.90933,0.91076,0.9081,0.90865,5707,0,0
2023-06-08 12:00:00,0.90865,0.91004,0.90252,0.90284,8750,0,0
2023-06-08 16:00:00,0.90285,0.90296,0.89971,0.90019,10770,0,0
2023-06-08 20:00:00,0.9002,0.90037,0.89897,0.89899,3690,0,0
2023-06-09 00:00:00,0.89869,0.8993,0.89799,0.89919,2226,0,0
2023-06-09 04:00:00,0.8992,0.89974,0.89897,0.89964,2146,0,0
2023-06-09 08:00:00,0.89963,0.90162,0.89847,0.90048,6875,0,0
2023-06-09 12:00:00,0.90048,0.90244,0.89981,0.90107,8519,0,0
2023-06-09 16:00:00,0.90107,0.90326,0.90052,0.90305,8566,0,0
2023-06-09 20:00:00,0.90305,0.90391,0.90243,0.90311,2274,0,0
2023-06-12 00:00:00,0.90088,0.90394,0.90088,0.90367,1690,1,0
2023-06-12 04:00:00,0.90368,0.90457,0.90345,0.9043,2192,0,0
2023-06-12 08:00:00,0.9043,0.90451,0.90155,0.90235,5863,0,0
2023-06-12 12:00:00,0.90232,0.90628,0.90205,0.90592,6816,0,0
2023-06-12 16:00:00,0.90592,0.91092,0.90568,0.9105,8263,0,0
2023-06-12 20:00:00,0.9105,0.91064,0.90851,0.90888,5103,0,0
2023-06-13 00:00:00,0.90878,0.90892,0.90749,0.90892,1525,0,0
2023-06-13 04:00:00,0.90892,0.90893,0.9068,0.90681,2414,0,0
2023-06-13 08:00:00,0.90679,0.90683,0.90358,0.90468,7282,0,0
2023-06-13 12:00:00,0.90468,0.90673,0.90319,0.90477,9302,0,0
2023-06-13 16:00:00,0.90482,0.90734,0.9032,0.90381,11726,0,0
2023-06-13 20:00:00,0.9038,0.90624,0.90352,0.90509,4719,0,0
2023-06-14 00:00:00,0.90489,0.9057,0.90459,0.90532,2533,0,0
2023-06-14 04:00:00,0.90534,0.90544,0.90433,0.90492,1728,0,0
2023-06-14 08:00:00,0.90492,0.90601,0.90374,0.90422,5205,0,0
2023-06-14 12:00:00,0.90423,0.90429,0.89882,0.89891,6731,0,0
2023-06-14 16:00:00,0.8989,0.89973,0.89654,0.89674,6885,0,0
2023-06-14 20:00:00,0.89675,0.90296,0.89654,0.90107,12830,0,0
2023-06-15 00:00:00,0.90058,0.90106,0.89974,0.90074,1625,0,0
2023-06-15 04:00:00,0.90075,0.90393,0.90075,0.90391,3111,0,0
2023-06-15 08:00:00,0.90391,0.90561,0.9025,0.90321,6363,0,0
2023-06-15 12:00:00,0.90318,0.90321,0.8986,0.89954,8820,0,0
2023-06-15 16:00:00,0.89962,0.89966,0.89087,0.89138,10736,0,0
2023-06-15 20:00:00,0.89138,0.892,0.89074,0.89173,3948,0,0
2023-06-16 00:00:00,0.89169,0.89227,0.89127,0.89202,2836,0,0
2023-06-16 04:00:00,0.89202,0.89243,0.89141,0.8923,4096,0,0
2023-06-16 08:00:00,0.8923,0.89231,0.89015,0.89083,8981,0,0
2023-06-16 12:00:00,0.89082,0.89287,0.89041,0.89274,7982,0,0
2023-06-16 16:00:00,0.89273,0.89491,0.89121,0.89375,10753,0,0
2023-06-16 20:00:00,0.89375,0.89472,0.89292,0.89373,5104,0,0
2023-06-19 00:00:00,0.89246,0.89474,0.89219,0.89448,5130,0,0
2023-06-19 04:00:00,0.89448,0.89481,0.89391,0.89423,2472,0,0
2023-06-19 08:00:00,0.89423,0.895,0.89334,0.89464,6585,0,0
2023-06-19 12:00:00,0.89464,0.89702,0.89414,0.8954,7429,0,0
2023-06-19 16:00:00,0.89538,0.89749,0.89506,0.89629,6823,0,0
2023-06-19 20:00:00,0.89629,0.89638,0.89569,0.89571,2695,0,0
2023-06-20 00:00:00,0.89535,0.89656,0.89503,0.89611,2583,1,0
2023-06-20 04:00:00,0.89611,0.89724,0.89592,0.89721,4474,0,0
2023-06-20 08:00:00,0.89722,0.89865,0.89539,0.89685,8943,0,0
2023-06-20 12:00:00,0.89686,0.89837,0.8964,0.89747,8498,0,0
2023-06-20 16:00:00,0.89749,0.90012,0.89741,0.89822,11655,0,0
2023-06-20 20:00:00,0.89822,0.89854,0.89762,0.89768,3339,0,0
2023-06-21 00:00:00,0.89782,0.89827,0.89729,0.89812,2390,0,0
2023-06-21 04:00:00,0.89815,0.89891,0.89802,0.89837,4781,0,0
2023-06-21 08:00:00,0.89837,0.89945,0.89684,0.89684,8978,0,0
2023-06-21 12:00:00,0.89685,0.89915,0.89666,0.89787,9641,0,0
2023-06-21 16:00:00,0.89788,0.89977,0.89349,0.89407,12917,0,0
2023-06-21 20:00:00,0.89409,0.89443,0.89198,0.89305,5685,0,0
2023-06-22 00:00:00,0.89299,0.89299,0.89221,0.89249,2119,0,0
2023-06-22 04:00:00,0.89249,0.89274,0.89195,0.89271,2480,0,0
2023-06-22 08:00:00,0.89271,0.89541,0.89066,0.89403,10626,0,0
2023-06-22 12:00:00,0.89403,0.89545,0.89215,0.89544,11642,0,0
2023-06-22 16:00:00,0.89548,0.8971,0.8942,0.89693,11914,0,0
2023-06-22 20:00:00,0.89693,0.89727,0.89472,0.89473,7642,0,0
2023-06-23 00:00:00,0.89445,0.89552,0.89409,0.89515,4376,0,0
2023-06-23 04:00:00,0.89515,0.89759,0.89511,0.89713,4915,0,0
2023-06-23 08:00:00,0.89714,0.90131,0.89687,0.90043,10877,0,0
2023-06-23 12:00:00,0.90043,0.90103,0.89569,0.89615,9003,0,0
2023-06-23 16:00:00,0.89613,0.89859,0.89458,0.8981,12744,0,0
2023-06-23 20:00:00,0.8981,0.89814,0.89662,0.89694,5520,0,0
2023-06-26 00:00:00,0.89605,0.89627,0.89513,0.89606,3050,0,0
2023-06-26 04:00:00,0.89607,0.89659,0.89544,0.89594,4165,1,0
2023-06-26 08:00:00,0.89594,0.89683,0.89468,0.89515,8012,0,0
2023-06-26 12:00:00,0.89517,0.89538,0.89116,0.89278,6997,0,0
2023-06-26 16:00:00,0.8928,0.89544,0.89275,0.89486,8962,0,0
2023-06-26 20:00:00,0.89486,0.89575,0.89471,0.8957,2886,0,0
2023-06-27 00:00:00,0.89568,0.89657,0.89419,0.89645,4969,1,0
2023-06-27 04:00:00,0.89645,0.89654,0.89399,0.89503,5861,0,0
2023-06-27 08:00:00,0.89503,0.89603,0.89379,0.89472,7320,0,0
2023-06-27 12:00:00,0.89475,0.89562,0.89239,0.89312,8919,0,0
2023-06-27 16:00:00,0.8931,0.89705,0.89298,0.89352,12037,0,0
2023-06-27 20:00:00,0.89353,0.89379,0.89296,0.89366,3986,0,0
2023-06-28 00:00:00,0.89345,0.89383,0.89184,0.89365,2739,1,0
2023-06-28 04:00:00,0.89365,0.89485,0.89358,0.89431,4018,0,0
2023-06-28 08:00:00,0.89431,0.89545,0.89376,0.89477,8092,0,0
2023-06-28 12:00:00,0.89478,0.8987,0.89461,0.89858,9270,0,0
2023-06-28 16:00:00,0.89857,0.89869,0.89592,0.89646,12853,0,0
2023-06-28 20:00:00,0.89646,0.89709,0.89572,0.8969,5320,0,0
2023-06-29 00:00:00,0.89693,0.8976,0.89562,0.89717,1848,1,0
2023-06-29 04:00:00,0.89715,0.89869,0.89655,0.89854,4099,0,0
2023-06-29 08:00:00,0.89854,0.89898,0.89668,0.89684,7793,0,0
2023-06-29 12:00:00,0.89684,0.89877,0.89433,0.8983,8675,0,0
2023-06-29 16:00:00,0.8983,0.90017,0.89679,0.89895,12542,0,0
2023-06-29 20:00:00,0.89895,0.89996,0.89865,0.8995,4732,0,0
2023-06-30 00:00:00,0.89892,0.89958,0.89848,0.89875,2011,0,0
2023-06-30 04:00:00,0.89876,0.89925,0.89831,0.89861,4107,0,0
2023-06-30 08:00:00,0.89861,0.90155,0.89808,0.90121,8345,0,0
2023-06-30 12:00:00,0.90121,0.90166,0.89771,0.8978,9178,0,0
2023-06-30 16:00:00,0.89787,0.89793,0.89354,0.89472,12587,0,0
2023-06-30 20:00:00,0.89471,0.89572,0.89416,0.89497,5158,0,0
2023-07-03 00:00:00,0.8936,0.89574,0.89359,0.89563,1825,0,0
2023-07-03 04:00:00,0.89566,0.89568,0.89457,0.8946,2910,0,0
2023-07-03 08:00:00,0.8946,0.89927,0.89407,0.89892,8091,0,0
2023-07-03 12:00:00,0.89892,0.90041,0.89803,0.89827,7984,0,0
2023-07-03 16:00:00,0.89828,0.89856,0.89524,0.89617,9744,0,0
2023-07-03 20:00:00,0.89615,0.89671,0.89602,0.89618,2745,0,0
2023-07-04 00:00:00,0.89625,0.8967,0.89565,0.89635,1944,2,0
2023-07-04 04:00:00,0.89635,0.897,0.89569,0.89697,4548,0,0
2023-07-04 08:00:00,0.89697,0.89731,0.89518,0.89582,5881,0,0
2023-07-04 12:00:00,0.89579,0.89631,0.89458,0.89524,5435,0,0
2023-07-04 16:00:00,0.89524,0.89648,0.895,0.89634,4576,0,0
2023-07-04 20:00:00,0.89632,0.89749,0.89604,0.89711,3258,0,0
2023-07-05 00:00:00,0.8957,0.89721,0.8957,0.89654,1926,1,0
2023-07-05 04:00:00,0.89654,0.89771,0.8965,0.89755,2738,0,0
2023-07-05 08:00:00,0.89755,0.89875,0.89621,0.898,8373,0,0
2023-07-05 12:00:00,0.89799,0.89947,0.89705,0.89753,7241,0,0
2023-07-05 16:00:00,0.89753,0.89883,0.89623,0.89838,8661,0,0
2023-07-05 20:00:00,0.89837,0.89905,0.89774,0.89882,4816,0,0
2023-07-06 00:00:00,0.89847,0.899,0.89732,0.89873,2005,0,0
2023-07-06 04:00:00,0.89875,0.8991,0.89794,0.89849,3650,0,0
2023-07-06 08:00:00,0.89849,0.89925,0.89655,0.89751,8171,0,0
2023-07-06 12:00:00,0.89749,0.89851,0.89509,0.89764,11051,0,0
2023-07-06 16:00:00,0.89762,0.89978,0.89582,0.89639,14771,0,0
2023-07-06 20:00:00,0.89639,0.89652,0.89512,0.89525,5689,0,0
2023-07-07 00:00:00,0.89512,0.89676,0.89353,0.8965,2927,0,0
2023-07-07 04:00:00,0.89649,0.89654,0.89554,0.89583,3213,0,0
2023-07-07 08:00:00,0.89584,0.89651,0.89488,0.89577,6937,0,0
2023-07-07 12:00:00,0.89577,0.89701,0.89208,0.89315,11491,0,0
2023-07-07 16:00:00,0.89322,0.89465,0.88787,0.88797,13067,0,0
2023-07-07 20:00:00,0.88796,0.88932,0.88759,0.88916,4072,0,0
2023-07-10 00:00:00,0.88886,0.88997,0.88726,0.88956,2700,0,0
2023-07-10 04:00:00,0.88956,0.89082,0.88916,0.89078,4337,0,0
2023-07-10 08:00:00,0.89078,0.89158,0.88922,0.88938,6725,0,0
2023-07-10 12:00:00,0.88937,0.89179,0.88871,0.89151,7858,0,0
2023-07-10 16:00:00,0.8915,0.8915,0.88631,0.88653,9413,0,0
2023-07-10 20:00:00,0.88653,0.88669,0.88518,0.88536,3910,0,0
2023-07-11 00:00:00,0.88508,0.88568,0.88473,0.88504,2008,0,0
2023-07-11 04:00:00,0.88504,0.88507,0.88392,0.88428,3809,0,0
2023-07-11 08:00:00,0.88427,0.88482,0.88105,0.88177,8798,0,0
2023-07-11 12:00:00,0.88176,0.88371,0.88127,0.88333,7199,0,0
2023-07-11 16:00:00,0.88332,0.8835,0.87987,0.87994,8662,0,0
2023-07-11 20:00:00,0.87994,0.8802,0.87931,0.87948,3807,0,0
2023-07-12 00:00:00,0.87918,0.87951,0.87795,0.87835,3045,0,0
2023-07-12 04:00:00,0.87836,0.87855,0.87741,0.87747,5157,0,0
2023-07-12 08:00:00,0.87747,0.87921,0.8764,0.87796,8433,0,0
2023-07-12 12:00:00,0.87797,0.8789,0.87344,0.87482,10874,0,0
2023-07-12 16:00:00,0.8748,0.87487,0.86594,0.8677,15053,0,0
2023-07-12 20:00:00,0.86773,0.8685,0.86676,0.86754,5811,0,0
2023-07-13 00:00:00,0.86689,0.86732,0.8659,0.86672,3084,0,0
2023-07-13 04:00:00,0.86679,0.86709,0.8651,0.86591,4065,0,0
2023-07-13 08:00:00,0.86593,0.86691,0.86154,0.86304,9605,0,0
2023-07-13 12:00:00,0.86304,0.8641,0.86166,0.86223,9480,0,0
2023-07-13 16:00:00,0.86222,0.86274,0.85825,0.85864,11537,0,0
2023-07-13 20:00:00,0.85865,0.85911,0.85822,0.85875,4859,0,0
2023-07-14 00:00:00,0.85868,0.85944,0.858,0.8588,2991,0,0
2023-07-14 04:00:00,0.8588,0.85895,0.85697,0.85771,4480,0,0
2023-07-14 08:00:00,0.85771,0.8598,0.85658,0.85748,8250,0,0
2023-07-14 12:00:00,0.85748,0.86178,0.85692,0.86083,7700,0,0
2023-07-14 16:00:00,0.86083,0.86313,0.85978,0.86141,11042,0,0
2023-07-14 20:00:00,0.86138,0.8625,0.86138,0.86194,5308,0,0
2023-07-17 00:00:00,0.85968,0.8625,0.85882,0.86172,2627,0,0
2023-07-17 04:00:00,0.8617,0.8619,0.86091,0.86103,3110,0,0
2023-07-17 08:00:00,0.86103,0.86125,0.8578,0.85903,6902,0,0
2023-07-17 12:00:00,0.85903,0.86145,0.85791,0.86044,6785,0,0
2023-07-17 16:00:00,0.86042,0.86306,0.85989,0.86048,7676,0,0
2023-07-17 20:00:00,0.86048,0.86083,0.85971,0.86025,2560,0,0
2023-07-18 00:00:00,0.86009,0.86073,0.85901,0.86005,2244,0,0
2023-07-18 04:00:00,0.86005,0.86021,0.85846,0.8586,3483,0,0
2023-07-18 08:00:00,0.8586,0.86043,0.8568,0.85922,8922,0,0
2023-07-18 12:00:00,0.85923,0.85982,0.85546,0.85746,10704,0,0
2023-07-18 16:00:00,0.85743,0.85954,0.85662,0.85945,13588,0,0
2023-07-18 20:00:00,0.85945,0.85966,0.85712,0.85754,3514,0,0
2023-07-19 00:00:00,0.85745,0.85791,0.85649,0.85737,2535,0,0
2023-07-19 04:00:00,0.85737,0.8585,0.85728,0.85823,4260,0,0
2023-07-19 08:00:00,0.85823,0.85994,0.85668,0.85897,10147,0,0
2023-07-19 12:00:00,0.85897,0.85928,0.85714,0.8578,9847,0,0
2023-07-19 16:00:00,0.8578,0.86133,0.85712,0.85961,11669,0,0
2023-07-19 20:00:00,0.85962,0.85993,0.85822,0.85838,4678,0,0
2023-07-20 00:00:00,0.85865,0.85878,0.85713,0.85724,3068,0,0
2023-07-20 04:00:00,0.85722,0.85736,0.85609,0.85645,4518,0,0
2023-07-20 08:00:00,0.85645,0.85877,0.85607,0.85815,8860,0,0
2023-07-20 12:00:00,0.85817,0.86287,0.85766,0.86244,10262,0,0
2023-07-20 16:00:00,0.86248,0.868,0.86152,0.86753,12113,0,0
2023-07-20 20:00:00,0.86753,0.86842,0.8665,0.86664,4104,0,0
2023-07-21 00:00:00,0.86676,0.8668,0.86561,0.86576,2271,0,0
2023-07-21 04:00:00,0.86576,0.86663,0.8656,0.86628,3448,0,0
2023-07-21 08:00:00,0.86628,0.86723,0.86492,0.86636,9850,0,0
2023-07-21 12:00:00,0.86635,0.86693,0.86454,0.86499,10025,0,0
2023-07-21 16:00:00,0.86501,0.86641,0.86408,0.86565,8900,0,0
2023-07-21 20:00:00,0.86564,0.86622,0.86542,0.86599,2860,0,0
2023-07-24 00:00:00,0.86478,0.86639,0.86385,0.86611,2183,0,0
2023-07-24 04:00:00,0.86611,0.86689,0.86562,0.86672,3825,0,0
2023-07-24 08:00:00,0.86671,0.86835,0.86482,0.86773,10096,0,0
2023-07-24 12:00:00,0.86773,0.86789,0.86374,0.86484,9564,0,0
2023-07-24 16:00:00,0.86485,0.86765,0.86388,0.86749,13278,0,0
2023-07-24 20:00:00,0.86749,0.86999,0.86745,0.86963,4831,0,0
2023-07-25 00:00:00,0.8697,0.87007,0.86892,0.86949,2429,0,0
2023-07-25 04:00:00,0.86949,0.86951,0.86848,0.86951,4108,0,0
2023-07-25 08:00:00,0.86951,0.86969,0.86754,0.86807,8913,0,0
2023-07-25 12:00:00,0.86807,0.86976,0.8675,0.86792,8990,0,0
2023-07-25 16:00:00,0.86791,0.86927,0.86369,0.86466,9443,0,0
2023-07-25 20:00:00,0.86466,0.86568,0.86382,0.86382,3258,0,0
2023-07-26 00:00:00,0.86346,0.86556,0.86262,0.86535,2568,0,0
2023-07-26 04:00:00,0.86534,0.86563,0.86438,0.865,3829,0,0
2023-07-26 08:00:00,0.865,0.86517,0.86132,0.86256,9419,0,0
2023-07-26 12:00:00,0.86256,0.864,0.86108,0.86257,7848,0,0
2023-07-26 16:00:00,0.86257,0.86399,0.86201,0.8632,9645,0,0
2023-07-26 20:00:00,0.8632,0.86402,0.85971,0.86078,13848,0,0
2023-07-27 00:00:00,0.86063,0.86178,0.85897,0.86081,2458,0,0
2023-07-27 04:00:00,0.86082,0.86084,0.85802,0.85984,5097,0,0
2023-07-27 08:00:00,0.85987,0.86125,0.85558,0.85595,10397,0,0
2023-07-27 12:00:00,0.85594,0.86256,0.85522,0.86159,12958,0,0
2023-07-27 16:00:00,0.86161,0.86945,0.86129,0.86793,16330,0,0
2023-07-27 20:00:00,0.8679,0.86984,0.86606,0.86924,10113,0,0
2023-07-28 00:00:00,0.86823,0.86951,0.86696,0.86946,3175,0,0
2023-07-28 04:00:00,0.86946,0.87001,0.86857,0.86883,9506,0,0
2023-07-28 08:00:00,0.86883,0.87359,0.86824,0.87115,14696,0,0
2023-07-28 12:00:00,0.87115,0.87195,0.86653,0.86829,11094,0,0
2023-07-28 16:00:00,0.86829,0.86972,0.86606,0.86823,13635,0,0
2023-07-28 20:00:00,0.86824,0.87074,0.86824,0.87041,5035,0,0
2023-07-31 00:00:00,0.86744,0.87026,0.86718,0.86982,2719,0,0
2023-07-31 04:00:00,0.86982,0.8719,0.86963,0.87188,4174,0,0
2023-07-31 08:00:00,0.87193,0.87196,0.86917,0.87051,9100,0,0
2023-07-31 12:00:00,0.87048,0.87297,0.86947,0.87144,7907,0,0
2023-07-31 16:00:00,0.87144,0.87249,0.86655,0.86946,11207,0,0
2023-07-31 20:00:00,0.86945,0.87237,0.8691,0.87175,4474,0,0
2023-08-01 00:00:00,0.87184,0.87246,0.86965,0.87245,1978,0,0
2023-08-01 04:00:00,0.87245,0.87318,0.87194,0.87242,3651,0,0
2023-08-01 08:00:00,0.87243,0.87543,0.87125,0.87489,8048,0,0
2023-08-01 12:00:00,0.8749,0.87779,0.8748,0.87738,9573,0,0
2023-08-01 16:00:00,0.87732,0.87755,0.8742,0.87584,12520,0,0
2023-08-01 20:00:00,0.87584,0.87675,0.87487,0.87506,4372,0,0
2023-08-02 00:00:00,0.87523,0.87523,0.87121,0.87295,5662,0,0
2023-08-02 04:00:00,0.87295,0.87567,0.87259,0.87524,5635,0,0
2023-08-02 08:00:00,0.87523,0.87854,0.87387,0.87707,11104,0,0
2023-08-02 12:00:00,0.87708,0.88032,0.87628,0.87945,12552,0,0
2023-08-02 16:00:00,0.87943,0.88059,0.87628,0.8763,12074,0,0
2023-08-02 20:00:00,0.8763,0.87804,0.87574,0.8775,4070,0,0
2023-08-03 00:00:00,0.87747,0.87772,0.87634,0.87745,2571,0,0
2023-08-03 04:00:00,0.87745,0.87874,0.87667,0.87871,5105,0,0
2023-08-03 08:00:00,0.87873,0.87986,0.87716,0.87722,11874,0,0
2023-08-03 12:00:00,0.8772,0.87745,0.87369,0.87512,13098,0,0
2023-08-03 16:00:00,0.87515,0.87739,0.87329,0.87382,13933,0,0
2023-08-03 20:00:00,0.87382,0.87557,0.87361,0.87413,5409,0,0
2023-08-04 00:00:00,0.87384,0.87466,0.87346,0.87398,3417,0,0
2023-08-04 04:00:00,0.87397,0.87459,0.87305,0.8745,4681,0,0
2023-08-04 08:00:00,0.8745,0.87796,0.87376,0.8776,7361,0,0
2023-08-04 12:00:00,0.87759,0.87826,0.87239,0.87292,10354,0,0
2023-08-04 16:00:00,0.87295,0.87312,0.86993,0.87102,13048,0,0
2023-08-04 20:00:00,0.87102,0.87344,0.87072,0.87274,3341,0,0
2023-08-07 00:00:00,0.87031,0.87458,0.87022,0.87382,4138,0,0
2023-08-07 04:00:00,0.87384,0.87533,0.87376,0.87445,3525,0,0
2023-08-07 08:00:00,0.87444,0.87686,0.87378,0.87574,7791,0,0
2023-08-07 12:00:00,0.87574,0.87735,0.8748,0.87486,6666,0,0
2023-08-07 16:00:00,0.87485,0.87575,0.87336,0.87395,8936,0,0
2023-08-07 20:00:00,0.87395,0.87429,0.87275,0.8728,3766,0,0
2023-08-08 00:00:00,0.87237,0.87393,0.87209,0.87354,2425,0,0
2023-08-08 04:00:00,0.87354,0.87471,0.87345,0.87365,5204,0,0
2023-08-08 08:00:00,0.87367,0.87555,0.87202,0.87376,9392,0,0
2023-08-08 12:00:00,0.87373,0.87783,0.87363,0.87758,10026,0,0
2023-08-08 16:00:00,0.87759,0.87828,0.87502,0.87578,9455,0,0
2023-08-08 20:00:00,0.87578,0.8763,0.87514,0.87562,3507,0,0
2023-08-09 00:00:00,0.8755,0.87618,0.8747,0.87531,3601,0,0
2023-08-09 04:00:00,0.87532,0.87542,0.87427,0.87462,3967,0,0
2023-08-09 08:00:00,0.87462,0.87516,0.87316,0.87478,7622,0,0
2023-08-09 12:00:00,0.87478,0.87828,0.87466,0.87652,7394,0,0
2023-08-09 16:00:00,0.87652,0.87738,0.87502,0.87683,9306,0,0
2023-08-09 20:00:00,0.87682,0.87753,0.87578,0.87723,3736,0,0
2023-08-10 00:00:00,0.87699,0.87746,0.87538,0.87712,2446,0,0
2023-08-10 04:00:00,0.87712,0.87767,0.87629,0.87698,2801,0,0
2023-08-10 08:00:00,0.87698,0.87714,0.87227,0.87331,7927,0,0
2023-08-10 12:00:00,0.87331,0.8739,0.869,0.87186,10510,0,0
2023-08-10 16:00:00,0.87187,0.87523,0.87161,0.87387,15646,0,0
2023-08-10 20:00:00,0.87388,0.87725,0.87381,0.87683,7199,0,0
2023-08-11 00:00:00,0.87661,0.87713,0.87492,0.87644,3107,0,0
2023-08-11 04:00:00,0.87644,0.87655,0.87574,0.8764,4208,0,0
2023-08-11 08:00:00,0.8764,0.87767,0.87588,0.87656,8519,0,0
2023-08-11 12:00:00,0.87656,0.87744,0.87336,0.87667,9642,0,0
2023-08-11 16:00:00,0.87668,0.87806,0.87498,0.87731,12226,0,0
2023-08-11 20:00:00,0.87732,0.87745,0.8759,0.87635,3865,0,0
2023-08-14 00:00:00,0.87517,0.87771,0.87486,0.87749,2798,0,0
2023-08-14 04:00:00,0.8775,0.87793,0.87704,0.87736,4557,0,0
2023-08-14 08:00:00,0.87732,0.8777,0.87552,0.8769,8956,0,0
2023-08-14 12:00:00,0.87689,0.88107,0.87617,0.88068,10778,0,0
2023-08-14 16:00:00,0.88067,0.88276,0.87624,0.87697,11588,0,0
2023-08-14 20:00:00,0.87699,0.8791,0.87662,0.87815,4163,0,0
2023-08-15 00:00:00,0.8783,0.87867,0.87686,0.87804,2790,0,0
2023-08-15 04:00:00,0.87803,0.87844,0.87669,0.87761,4451,0,0
2023-08-15 08:00:00,0.87763,0.87831,0.8753,0.87588,8095,0,0
2023-08-15 12:00:00,0.8759,0.87963,0.87439,0.877,12226,0,0
2023-08-15 16:00:00,0.877,0.87836,0.87547,0.87831,13430,0,0
2023-08-15 20:00:00,0.87833,0.8789,0.87722,0.87846,4102,0,0
2023-08-16 00:00:00,0.87836,0.87909,0.87743,0.87892,3685,0,0
2023-08-16 04:00:00,0.87892,0.87914,0.87788,0.87815,3542,0,0
2023-08-16 08:00:00,0.87814,0.87903,0.87743,0.87797,8829,0,0
2023-08-16 12:00:00,0.87797,0.88129,0.87788,0.88123,9074,0,0
2023-08-16 16:00:00,0.88125,0.88141,0.8781,0.87935,12692,0,0
2023-08-16 20:00:00,0.87934,0.88067,0.87799,0.87999,6794,0,0
2023-08-17 00:00:00,0.87983,0.88075,0.87934,0.88051,6027,0,0
2023-08-17 04:00:00,0.88051,0.88094,0.88001,0.8803,4819,0,0
2023-08-17 08:00:00,0.8803,0.88095,0.87919,0.87932,8532,0,0
2023-08-17 12:00:00,0.87935,0.87983,0.87602,0.87698,12701,0,0
2023-08-17 16:00:00,0.877,0.87983,0.87609,0.87912,13045,0,0
2023-08-17 20:00:00,0.87912,0.88035,0.87816,0.87842,5200,0,0
2023-08-18 00:00:00,0.87831,0.8789,0.87568,0.87791,3613,0,0
2023-08-18 04:00:00,0.87791,0.87867,0.87739,0.87866,3283,0,0
2023-08-18 08:00:00,0.87866,0.88062,0.87799,0.88039,8048,0,0
2023-08-18 12:00:00,0.88039,0.88251,0.8794,0.88143,8027,0,0
2023-08-18 16:00:00,0.88143,0.88196,0.87925,0.88175,10593,0,0
2023-08-18 20:00:00,0.88175,0.88276,0.88097,0.88263,4386,0,0
2023-08-21 00:00:00,0.88093,0.88257,0.88077,0.88156,2164,0,0
2023-08-21 04:00:00,0.88157,0.88281,0.88157,0.88211,3348,0,0
2023-08-21 08:00:00,0.8821,0.88248,0.87917,0.88029,7426,0,0
2023-08-21 12:00:00,0.88029,0.88054,0.87876,0.87928,9469,0,0
2023-08-21 16:00:00,0.87927,0.88145,0.87851,0.8786,9960,0,0
2023-08-21 20:00:00,0.87861,0.87896,0.87802,0.87851,4013,0,0
2023-08-22 00:00:00,0.87844,0.87907,0.87814,0.87828,2892,0,0
2023-08-22 04:00:00,0.87828,0.87834,0.87719,0.87797,3630,0,0
2023-08-22 08:00:00,0.87797,0.87827,0.87673,0.87759,7202,0,0
2023-08-22 12:00:00,0.87758,0.87984,0.8765,0.87943,8954,0,0
2023-08-22 16:00:00,0.87943,0.88093,0.87899,0.87971,10635,0,0
2023-08-22 20:00:00,0.8797,0.88069,0.87951,0.88044,3076,0,0
2023-08-23 00:00:00,0.88028,0.88056,0.87891,0.88047,2633,0,0
2023-08-23 04:00:00,0.88047,0.88074,0.87958,0.87963,2948,0,0
2023-08-23 08:00:00,0.87962,0.88149,0.8779,0.88039,10522,0,0
2023-08-23 12:00:00,0.88039,0.88173,0.87978,0.88124,8671,0,0
2023-08-23 16:00:00,0.88123,0.88126,0.8775,0.87839,13511,0,0
2023-08-23 20:00:00,0.8784,0.87907,0.87741,0.87785,4741,0,0
2023-08-24 00:00:00,0.87798,0.878,0.8767,0.877,3329,0,0
2023-08-24 04:00:00,0.87702,0.87805,0.87651,0.87731,3395,0,0
2023-08-24 08:00:00,0.87731,0.87991,0.87598,0.87933,8822,0,0
2023-08-24 12:00:00,0.87931,0.8839,0.87901,0.88299,9967,0,0
2023-08-24 16:00:00,0.88298,0.88334,0.88072,0.88322,11714,0,0
2023-08-24 20:00:00,0.88319,0.88511,0.88313,0.88441,3026,0,0
2023-08-25 00:00:00,0.88446,0.88548,0.88258,0.8853,4205,0,0
2023-08-25 04:00:00,0.88529,0.88655,0.88513,0.88634,2720,0,0
2023-08-25 08:00:00,0.88634,0.88688,0.88506,0.88557,7342,0,0
2023-08-25 12:00:00,0.88557,0.88626,0.8844,0.88463,7937,0,0
2023-08-25 16:00:00,0.88465,0.88762,0.88219,0.88545,15231,0,0
2023-08-25 20:00:00,0.88542,0.88542,0.88343,0.88443,6230,0,0
2023-08-28 00:00:00,0.8836,0.88516,0.88292,0.8841,3014,0,0
2023-08-28 04:00:00,0.88411,0.8842,0.88306,0.88321,2828,0,0
2023-08-28 08:00:00,0.88321,0.88447,0.8818,0.88424,7097,0,0
2023-08-28 12:00:00,0.88425,0.88505,0.88284,0.88376,8260,0,0
2023-08-28 16:00:00,0.88376,0.88536,0.88309,0.88388,8666,0,0
2023-08-28 20:00:00,0.88388,0.8844,0.88352,0.88379,3682,0,0
2023-08-29 00:00:00,0.88378,0.88392,0.88265,0.88327,3578,0,0
2023-08-29 04:00:00,0.88327,0.88349,0.8826,0.88343,2873,0,0
2023-08-29 08:00:00,0.88342,0.8851,0.88309,0.88469,6533,0,0
2023-08-29 12:00:00,0.8847,0.88573,0.88382,0.88502,7138,0,0
2023-08-29 16:00:00,0.88503,0.88589,0.87876,0.87901,14298,0,0
2023-08-29 20:00:00,0.87903,0.87955,0.87746,0.87838,5608,0,0
2023-08-30 00:00:00,0.87808,0.87907,0.87747,0.87855,5076,0,0
2023-08-30 04:00:00,0.87855,0.87964,0.87847,0.87963,3996,0,0
2023-08-30 08:00:00,0.87963,0.88034,0.87841,0.87951,8569,0,0
2023-08-30 12:00:00,0.8795,0.88007,0.87619,0.8767,12052,0,0
2023-08-30 16:00:00,0.87673,0.87873,0.87448,0.87843,11603,0,0
2023-08-30 20:00:00,0.87843,0.87883,0.87763,0.87846,3518,0,0
2023-08-31 00:00:00,0.8783,0.87864,0.877,0.87784,2210,0,0
2023-08-31 04:00:00,0.87784,0.87865,0.87712,0.87858,2777,0,0
2023-08-31 08:00:00,0.87858,0.88086,0.87843,0.88081,7742,0,0
2023-08-31 12:00:00,0.8808,0.88286,0.88069,0.88109,10454,0,0
2023-08-31 16:00:00,0.88111,0.88457,0.88081,0.8829,11679,0,0
2023-08-31 20:00:00,0.88286,0.88364,0.88237,0.8833,4010,0,0
2023-09-01 00:00:00,0.88333,0.88396,0.88216,0.88356,2979,0,0
2023-09-01 04:00:00,0.88356,0.88388,0.88229,0.88322,3809,0,0
2023-09-01 08:00:00,0.88321,0.88435,0.88124,0.88271,7494,0,0
2023-09-01 12:00:00,0.88272,0.88367,0.87962,0.8809,10485,0,0
2023-09-01 16:00:00,0.88088,0.88635,0.87951,0.88582,16382,0,0
2023-09-01 20:00:00,0.88579,0.88611,0.88507,0.88568,3425,0,0
2023-09-04 00:00:00,0.88484,0.8858,0.88467,0.88518,1626,0,0
2023-09-04 04:00:00,0.88518,0.88533,0.88404,0.8848,2663,0,0
2023-09-04 08:00:00,0.88481,0.88481,0.88324,0.8842,6852,0,0
2023-09-04 12:00:00,0.8842,0.8849,0.88347,0.8845,6295,0,0
2023-09-04 16:00:00,0.8845,0.88545,0.88411,0.8843,3943,0,0
2023-09-04 20:00:00,0.88431,0.88493,0.88369,0.88436,2688,0,0
2023-09-05 00:00:00,0.88364,0.88502,0.88297,0.88455,2095,0,0
2023-09-05 04:00:00,0.88455,0.88569,0.88447,0.88499,2722,0,0
2023-09-05 08:00:00,0.88499,0.88807,0.88491,0.88788,7778,0,0
2023-09-05 12:00:00,0.88789,0.89033,0.8873,0.88796,8029,0,0
2023-09-05 16:00:00,0.88796,0.88954,0.88763,0.88881,10788,0,0
2023-09-05 20:00:00,0.88881,0.88998,0.88878,0.8894,3232,0,0
2023-09-06 00:00:00,0.88927,0.88998,0.88825,0.88982,1864,0,0
2023-09-06 04:00:00,0.88982,0.89028,0.88852,0.88878,2585,0,0
2023-09-06 08:00:00,0.88874,0.89037,0.88808,0.88979,7016,0,0
2023-09-06 12:00:00,0.88979,0.89063,0.88926,0.89048,6757,0,0
2023-09-06 16:00:00,0.89049,0.89446,0.89049,0.89224,11130,0,0
2023-09-06 20:00:00,0.89224,0.89235,0.89095,0.89106,3137,0,0
2023-09-07 00:00:00,0.8911,0.89178,0.89066,0.89162,2766,0,0
2023-09-07 04:00:00,0.89162,0.89183,0.89083,0.89174,2762,0,0
2023-09-07 08:00:00,0.89174,0.89235,0.89124,0.89199,6619,0,0
2023-09-07 12:00:00,0.89199,0.89373,0.89143,0.8934,6963,0,0
2023-09-07 16:00:00,0.89339,0.89405,0.89232,0.89294,8866,0,0
2023-09-07 20:00:00,0.89294,0.89317,0.89206,0.89269,3351,0,0
2023-09-08 00:00:00,0.89252,0.89288,0.89098,0.89126,3929,0,0
2023-09-08 04:00:00,0.89126,0.89195,0.89053,0.89111,3245,0,0
2023-09-08 08:00:00,0.89111,0.89138,0.88949,0.8908,6974,0,0
2023-09-08 12:00:00,0.89079,0.89215,0.89065,0.89201,7204,0,0
2023-09-08 16:00:00,0.89201,0.89347,0.88991,0.89289,8590,0,0
2023-09-08 20:00:00,0.89293,0.89365,0.89241,0.89287,3937,0,0
2023-09-11 00:00:00,0.89084,0.89263,0.8904,0.89188,5548,0,0
2023-09-11 04:00:00,0.89188,0.89224,0.89017,0.89033,3889,0,0
2023-09-11 08:00:00,0.89034,0.89192,0.88968,0.89148,6565,0,0
2023-09-11 12:00:00,0.89149,0.89219,0.89101,0.89141,6840,0,0
2023-09-11 16:00:00,0.89141,0.89227,0.89018,0.8904,7766,0,0
2023-09-11 20:00:00,0.8904,0.89143,0.89026,0.89083,4162,0,0
2023-09-12 00:00:00,0.89073,0.89181,0.8898,0.89157,3217,0,0
2023-09-12 04:00:00,0.89157,0.89201,0.89048,0.89129,2684,0,0
2023-09-12 08:00:00,0.89129,0.8919,0.89016,0.8917,6592,0,0
2023-09-12 12:00:00,0.89172,0.89295,0.89116,0.89295,6157,0,0
2023-09-12 16:00:00,0.89295,0.89342,0.89074,0.89166,7356,0,0
2023-09-12 20:00:00,0.89166,0.89213,0.89074,0.89136,4288,0,0
2023-09-13 00:00:00,0.89092,0.89153,0.88851,0.8913,3316,0,0
2023-09-13 04:00:00,0.8913,0.89244,0.89083,0.89104,2849,0,0
2023-09-13 08:00:00,0.89104,0.89329,0.89088,0.89301,7269,0,0
2023-09-13 12:00:00,0.893,0.89524,0.89117,0.89241,9502,0,0
2023-09-13 16:00:00,0.8924,0.89401,0.89152,0.89234,11517,0,0
2023-09-13 20:00:00,0.89235,0.89372,0.8921,0.89364,3499,0,0
2023-09-14 00:00:00,0.89351,0.89359,0.89175,0.89224,2761,0,0
2023-09-14 04:00:00,0.89224,0.89295,0.89201,0.89226,3061,0,0
2023-09-14 08:00:00,0.89226,0.8939,0.89144,0.89344,5408,0,0
2023-09-14 12:00:00,0.89344,0.89702,0.89273,0.89499,12879,0,0
2023-09-14 16:00:00,0.89498,0.89611,0.89303,0.89601,14671,0,0
2023-09-14 20:00:00,0.89599,0.89701,0.89538,0.8956,4085,0,0
2023-09-15 00:00:00,0.89558,0.89632,0.89452,0.89548,3495,0,0
2023-09-15 04:00:00,0.89548,0.89612,0.895,0.89518,3765,0,0
2023-09-15 08:00:00,0.89518,0.89638,0.89458,0.89553,6338,0,0
2023-09-15 12:00:00,0.89556,0.89737,0.8951,0.89695,6081,0,0
2023-09-15 16:00:00,0.89694,0.89775,0.89524,0.89645,11105,0,0
2023-09-15 20:00:00,0.89645,0.89773,0.89623,0.89759,3754,0,0
2023-09-18 00:00:00,0.8947,0.89757,0.8945,0.89668,2128,0,0
2023-09-18 04:00:00,0.89668,0.8977,0.89629,0.89702,2043,0,0
2023-09-18 08:00:00,0.89702,0.89712,0.89555,0.89628,5632,0,0
2023-09-18 12:00:00,0.89628,0.89788,0.8954,0.89778,4992,0,0
2023-09-18 16:00:00,0.89778,0.89826,0.89616,0.89684,7239,0,0
2023-09-18 20:00:00,0.89684,0.89805,0.89634,0.89697,3085,0,0
2023-09-19 00:00:00,0.89696,0.89736,0.89615,0.89704,2763,0,0
2023-09-19 04:00:00,0.89704,0.89786,0.89694,0.89731,2380,0,0
2023-09-19 08:00:00,0.89731,0.89831,0.89478,0.8963,5509,0,0
2023-09-19 12:00:00,0.89633,0.89711,0.89503,0.89644,6831,0,0
2023-09-19 16:00:00,0.89643,0.8984,0.89633,0.8981,7874,0,0
2023-09-19 20:00:00,0.8981,0.89832,0.89745,0.89771,3442,0,0
2023-09-20 00:00:00,0.89769,0.89785,0.89678,0.89756,2278,0,0
2023-09-20 04:00:00,0.89759,0.89821,0.89743,0.89811,1653,0,0
2023-09-20 08:00:00,0.89811,0.8984,0.89645,0.89726,6839,0,0
2023-09-20 12:00:00,0.89726,0.89773,0.89609,0.89675,5585,0,0
2023-09-20 16:00:00,0.89673,0.89685,0.89318,0.89357,8720,0,0
2023-09-20 20:00:00,0.89358,0.89956,0.8935,0.89859,12916,0,0
2023-09-21 00:00:00,0.89848,0.90049,0.89792,0.90043,6158,0,0
2023-09-21 04:00:00,0.90043,0.90087,0.89962,0.89993,2827,0,0
2023-09-21 08:00:00,0.89993,0.90741,0.89854,0.90712,9156,0,0
2023-09-21 12:00:00,0.90712,0.90784,0.90417,0.90426,11846,0,0
2023-09-21 16:00:00,0.90419,0.90619,0.90203,0.90421,11083,0,0
2023-09-21 20:00:00,0.90421,0.90473,0.90298,0.90453,4699,0,0
2023-09-22 00:00:00,0.90409,0.90528,0.90158,0.90483,2322,0,0
2023-09-22 04:00:00,0.90483,0.90528,0.90428,0.90457,3394,0,0
2023-09-22 08:00:00,0.90457,0.90694,0.90426,0.90615,9463,0,0
2023-09-22 12:00:00,0.90615,0.90702,0.90457,0.90537,7858,0,0
2023-09-22 16:00:00,0.90538,0.90658,0.90449,0.90642,9230,0,0
2023-09-22 20:00:00,0.90642,0.90751,0.90619,0.90703,3778,0,0
2023-09-25 00:00:00,0.90491,0.9076,0.90483,0.90705,3230,0,0
2023-09-25 04:00:00,0.90705,0.90819,0.90702,0.90802,1980,0,0
2023-09-25 08:00:00,0.90801,0.9105,0.90739,0.90982,7560,0,0
2023-09-25 12:00:00,0.90981,0.91126,0.90859,0.91037,8766,0,0
2023-09-25 16:00:00,0.91037,0.91355,0.91025,0.91202,9398,0,0
2023-09-25 20:00:00,0.91202,0.91253,0.91119,0.91203,3142,0,0
2023-09-26 00:00:00,0.91191,0.91302,0.91098,0.91271,2686,0,0
2023-09-26 04:00:00,0.91271,0.91359,0.91209,0.91222,3000,0,0
2023-09-26 08:00:00,0.91221,0.91504,0.91211,0.91244,8190,0,0
2023-09-26 12:00:00,0.91243,0.91322,0.91186,0.91221,8299,0,0
2023-09-26 16:00:00,0.91225,0.91472,0.91219,0.91463,10878,0,0
2023-09-26 20:00:00,0.91463,0.91588,0.91401,0.91579,4735,0,0
2023-09-27 00:00:00,0.91554,0.9167,0.9132,0.91635,2711,0,0
2023-09-27 04:00:00,0.91635,0.91746,0.91564,0.91715,2862,0,0
2023-09-27 08:00:00,0.91715,0.91767,0.91541,0.91664,6017,0,0
2023-09-27 12:00:00,0.91664,0.91934,0.916,0.9178,8362,0,0
2023-09-27 16:00:00,0.9178,0.92069,0.91702,0.92047,11404,0,0
2023-09-27 20:00:00,0.92047,0.92251,0.91971,0.92124,6896,0,0
2023-09-28 00:00:00,0.9193,0.92094,0.91882,0.9205,3079,0,0
2023-09-28 04:00:00,0.9205,0.92167,0.92038,0.92076,2438,0,0
2023-09-28 08:00:00,0.92076,0.92162,0.91843,0.91855,7997,0,0
2023-09-28 12:00:00,0.91853,0.91981,0.91642,0.91959,10494,0,0
2023-09-28 16:00:00,0.91959,0.9196,0.91471,0.91637,13727,0,0
2023-09-28 20:00:00,0.91636,0.91716,0.91483,0.9149,5773,0,0
2023-09-29 00:00:00,0.91496,0.91556,0.9145,0.91502,2339,0,0
2023-09-29 04:00:00,0.91502,0.91531,0.91319,0.91347,3334,0,0
2023-09-29 08:00:00,0.91346,0.91369,0.9091,0.90973,9517,0,0
2023-09-29 12:00:00,0.90977,0.91319,0.90949,0.91139,10957,0,0
2023-09-29 16:00:00,0.9114,0.91634,0.91052,0.91451,14332,0,0
2023-09-29 20:00:00,0.9145,0.91614,0.9145,0.91495,6834,0,0
2023-10-02 00:00:00,0.91385,0.91614,0.91347,0.91602,3123,0,0
2023-10-02 04:00:00,0.91602,0.91635,0.91513,0.91578,2406,0,0
2023-10-02 08:00:00,0.9158,0.91666,0.91103,0.91153,7781,0,0
2023-10-02 12:00:00,0.91153,0.9162,0.91142,0.91588,10223,0,0
2023-10-02 16:00:00,0.9159,0.91948,0.91583,0.91852,12891,0,0
2023-10-02 20:00:00,0.91853,0.91853,0.91659,0.91823,5765,0,0
2023-10-03 00:00:00,0.91796,0.91909,0.9156,0.91847,4206,0,0
2023-10-03 04:00:00,0.91847,0.91945,0.91829,0.91933,3913,0,0
2023-10-03 08:00:00,0.91933,0.92186,0.91875,0.9198,8980,0,0
2023-10-03 12:00:00,0.9198,0.92377,0.9198,0.92229,10023,0,0
2023-10-03 16:00:00,0.92226,0.92446,0.92007,0.92152,18323,0,0
2023-10-03 20:00:00,0.92153,0.92168,0.92024,0.92095,6931,0,0
2023-10-04 00:00:00,0.91968,0.92152,0.91962,0.921,4155,0,0
2023-10-04 04:00:00,0.92099,0.92254,0.92094,0.9214,5616,0,0
2023-10-04 08:00:00,0.92142,0.92323,0.91818,0.91861,9598,0,0
2023-10-04 12:00:00,0.91856,0.91942,0.91439,0.91505,12333,0,0
2023-10-04 16:00:00,0.91505,0.9195,0.91465,0.91604,14213,0,0
2023-10-04 20:00:00,0.91607,0.91747,0.9155,0.91722,7672,0,0
2023-10-05 00:00:00,0.91702,0.91729,0.91479,0.91494,3072,0,0
2023-10-05 04:00:00,0.91494,0.91494,0.91343,0.91412,4081,0,0
2023-10-05 08:00:00,0.91415,0.9181,0.91372,0.91781,7307,0,0
2023-10-05 12:00:00,0.91784,0.91823,0.91397,0.91595,11577,0,0
2023-10-05 16:00:00,0.91593,0.91697,0.91311,0.91366,13702,0,0
2023-10-05 20:00:00,0.91367,0.91425,0.91213,0.91238,5496,0,0
2023-10-06 00:00:00,0.91205,0.91333,0.91064,0.91323,5566,0,0
2023-10-06 04:00:00,0.91323,0.9136,0.91274,0.91349,3026,0,0
2023-10-06 08:00:00,0.91347,0.91456,0.91206,0.91291,7675,0,0
2023-10-06 12:00:00,0.91293,0.91757,0.91094,0.91668,11499,0,0
2023-10-06 16:00:00,0.91667,0.91729,0.9073,0.9101,20437,0,0
2023-10-06 20:00:00,0.91011,0.9104,0.90869,0.90956,4407,0,0
2023-10-09 00:00:00,0.90864,0.91022,0.90793,0.90802,4995,0,0
2023-10-09 04:00:00,0.90804,0.91066,0.908,0.9104,4746,0,0
2023-10-09 08:00:00,0.91041,0.91236,0.90905,0.91058,9201,0,0
2023-10-09 12:00:00,0.91054,0.91083,0.90827,0.90865,8331,0,0
2023-10-09 16:00:00,0.90867,0.90868,0.90631,0.90812,10492,0,0
2023-10-09 20:00:00,0.9081,0.90812,0.90496,0.90662,5206,0,0
2023-10-10 00:00:00,0.90637,0.9064,0.90439,0.90544,3751,0,0
2023-10-10 04:00:00,0.90544,0.90639,0.90445,0.90623,4423,0,0
2023-10-10 08:00:00,0.90623,0.9073,0.90355,0.90413,10495,0,0
2023-10-10 12:00:00,0.90419,0.90776,0.90339,0.90682,11558,0,0
2023-10-10 16:00:00,0.90682,0.90828,0.90372,0.90395,11524,0,0
2023-10-10 20:00:00,0.90395,0.90552,0.90384,0.90468,6668,0,0
2023-10-11 00:00:00,0.90428,0.90485,0.90369,0.90419,2562,0,0
2023-10-11 04:00:00,0.90419,0.90499,0.90387,0.90495,2896,0,0
2023-10-11 08:00:00,0.90495,0.90546,0.90262,0.90275,9567,0,0
2023-10-11 12:00:00,0.90276,0.90479,0.90182,0.90198,12401,0,0
2023-10-11 16:00:00,0.90196,0.90337,0.90017,0.90273,13731,0,0
2023-10-11 20:00:00,0.90273,0.90472,0.90174,0.90193,5222,0,0
2023-10-12 00:00:00,0.90164,0.90188,0.90035,0.90115,3409,0,0
2023-10-12 04:00:00,0.90115,0.90119,0.90021,0.90057,2986,0,0
2023-10-12 08:00:00,0.90056,0.90162,0.89864,0.89999,7665,0,0
2023-10-12 12:00:00,0.89996,0.90448,0.89938,0.90273,10567,0,0
2023-10-12 16:00:00,0.90278,0.90719,0.90226,0.90701,13117,0,0
2023-10-12 20:00:00,0.90702,0.90879,0.90699,0.90839,5865,0,0
2023-10-13 00:00:00,0.90829,0.9084,0.9064,0.90726,2961,0,0
2023-10-13 04:00:00,0.90725,0.90754,0.90653,0.90653,2709,0,0
2023-10-13 08:00:00,0.90649,0.90813,0.90563,0.90651,7700,0,0
2023-10-13 12:00:00,0.90651,0.90848,0.90472,0.90525,11343,0,0
2023-10-13 16:00:00,0.90525,0.90644,0.90065,0.90127,13327,0,0
2023-10-13 20:00:00,0.90127,0.9026,0.90021,0.90237,4637,0,0
2023-10-16 00:00:00,0.90051,0.90291,0.89984,0.90235,3601,0,0
2023-10-16 04:00:00,0.90235,0.90236,0.90129,0.90153,3046,0,0
2023-10-16 08:00:00,0.90152,0.9042,0.90107,0.90274,8360,0,0
2023-10-16 12:00:00,0.90277,0.90317,0.90071,0.90112,7703,0,0
2023-10-16 16:00:00,0.90112,0.90339,0.90029,0.90062,9707,0,0
2023-10-16 20:00:00,0.90062,0.90103,0.89956,0.9001,4227,0,0
2023-10-17 00:00:00,0.89953,0.90052,0.89829,0.90025,3708,0,0
2023-10-17 04:00:00,0.90025,0.90124,0.90024,0.90116,2684,0,0
2023-10-17 08:00:00,0.90116,0.90306,0.90076,0.90261,6243,0,0
2023-10-17 12:00:00,0.90259,0.90323,0.89945,0.90227,10186,0,0
2023-10-17 16:00:00,0.9023,0.90277,0.899,0.90068,13766,0,0
2023-10-17 20:00:00,0.90069,0.90134,0.89964,0.90024,5123,0,0
2023-10-18 00:00:00,0.89993,0.90085,0.89884,0.90061,3371,0,0
2023-10-18 04:00:00,0.90061,0.90074,0.89877,0.8992,4492,0,0
2023-10-18 08:00:00,0.89922,0.90006,0.89735,0.89905,9195,0,0
2023-10-18 12:00:00,0.89905,0.89974,0.89748,0.89867,10489,0,0
2023-10-18 16:00:00,0.89866,0.89941,0.89546,0.89851,13694,0,0
2023-10-18 20:00:00,0.8985,0.89926,0.89721,0.89897,6578,0,0
2023-10-19 00:00:00,0.89858,0.89914,0.89704,0.89886,3251,0,0
2023-10-19 04:00:00,0.89886,0.89947,0.89835,0.89897,3975,0,0
2023-10-19 08:00:00,0.89897,0.90017,0.89742,0.89944,8569,0,0
2023-10-19 12:00:00,0.89945,0.89947,0.89594,0.89647,9154,0,0
2023-10-19 16:00:00,0.89648,0.8976,0.89279,0.89336,16786,0,0
2023-10-19 20:00:00,0.89336,0.89382,0.89086,0.89147,11294,0,0
2023-10-20 00:00:00,0.89117,0.8929,0.89075,0.89231,3629,0,0
2023-10-20 04:00:00,0.89233,0.89293,0.89144,0.89286,4770,0,0
2023-10-20 08:00:00,0.89289,0.89351,0.89023,0.89155,8912,0,0
2023-10-20 12:00:00,0.89155,0.89322,0.89082,0.89276,9505,0,0
2023-10-20 16:00:00,0.89275,0.89345,0.89068,0.89211,12383,0,0
2023-10-20 20:00:00,0.89211,0.89271,0.89099,0.89237,6595,0,0
2023-10-23 00:00:00,0.89045,0.89366,0.88998,0.89351,4699,0,0
2023-10-23 04:00:00,0.89349,0.89488,0.89349,0.89455,2799,0,0
2023-10-23 08:00:00,0.89455,0.89569,0.89201,0.89245,8088,0,0
2023-10-23 12:00:00,0.89245,0.8936,0.8913,0.89345,8832,0,0
2023-10-23 16:00:00,0.89345,0.89483,0.89119,0.89144,11264,0,0
2023-10-23 20:00:00,0.89144,0.89222,0.89057,0.89112,5112,0,0
2023-10-24 00:00:00,0.89076,0.89124,0.89019,0.89084,3413,0,0
2023-10-24 04:00:00,0.89084,0.89126,0.88998,0.89062,3689,0,0
2023-10-24 08:00:00,0.89062,0.89233,0.88881,0.89156,9193,0,0
2023-10-24 12:00:00,0.89164,0.89425,0.89159,0.89384,7663,0,0
2023-10-24 16:00:00,0.89389,0.89521,0.89278,0.89369,11855,0,0
2023-10-24 20:00:00,0.89369,0.894,0.89283,0.89303,4016,0,0
2023-10-25 00:00:00,0.89306,0.89356,0.89224,0.89301,3592,0,0
2023-10-25 04:00:00,0.89299,0.8933,0.89255,0.89267,2713,0,0
2023-10-25 08:00:00,0.89266,0.89526,0.89207,0.89511,6528,0,0
2023-10-25 12:00:00,0.89512,0.89647,0.89498,0.89532,7185,0,0
2023-10-25 16:00:00,0.89531,0.89686,0.89424,0.89633,11110,0,0
2023-10-25 20:00:00,0.89633,0.89694,0.89598,0.89682,6010,0,0
2023-10-26 00:00:00,0.89649,0.89739,0.89596,0.89713,4635,0,0
2023-10-26 04:00:00,0.89713,0.89826,0.89688,0.89817,4824,0,0
2023-10-26 08:00:00,0.89815,0.89985,0.89787,0.8996,9075,0,0
2023-10-26 12:00:00,0.8996,0.89994,0.89674,0.89674,10937,0,0
2023-10-26 16:00:00,0.89669,0.90048,0.8963,0.90015,13659,0,0
2023-10-26 20:00:00,0.90015,0.90022,0.89863,0.89892,6572,0,0
2023-10-27 00:00:00,0.8983,0.89929,0.89675,0.89925,4863,0,0
2023-10-27 04:00:00,0.89925,0.89955,0.89804,0.89863,3918,0,0
2023-10-27 08:00:00,0.89862,0.90116,0.89838,0.90054,7698,0,0
2023-10-27 12:00:00,0.90053,0.9025,0.89927,0.90146,9562,0,0
2023-10-27 16:00:00,0.90145,0.90345,0.9004,0.90305,13827,0,0
2023-10-27 20:00:00,0.90306,0.90346,0.90103,0.90227,6844,0,0
2023-10-30 00:00:00,0.89972,0.90331,0.89922,0.90305,3520,0,0
2023-10-30 04:00:00,0.90306,0.90347,0.90282,0.90318,2503,0,0
2023-10-30 08:00:00,0.90318,0.90411,0.90211,0.90257,5939,0,0
2023-10-30 12:00:00,0.90255,0.90488,0.9021,0.90211,8569,0,0
2023-10-30 16:00:00,0.9021,0.90296,0.90074,0.90232,11725,0,0
2023-10-30 20:00:00,0.90231,0.90312,0.90138,0.902,3794,0,0
2023-10-31 00:00:00,0.90197,0.90235,0.90114,0.90191,2083,0,0
2023-10-31 04:00:00,0.90189,0.90316,0.90166,0.90235,4695,0,0
2023-10-31 08:00:00,0.90235,0.90277,0.90103,0.9012,6899,0,0
2023-10-31 12:00:00,0.9012,0.90491,0.90096,0.90476,9905,0,0
2023-10-31 16:00:00,0.90482,0.91044,0.90423,0.90949,14766,0,0
2023-10-31 20:00:00,0.90949,0.91063,0.90798,0.91033,5853,0,0
2023-11-01 00:00:00,0.91043,0.91074,0.90643,0.91019,4234,0,0
2023-11-01 04:00:00,0.91019,0.91068,0.90941,0.90989,3599,0,0
2023-11-01 08:00:00,0.90991,0.91012,0.90841,0.90988,6508,0,0
2023-11-01 12:00:00,0.90988,0.91013,0.90711,0.90813,9483,0,0
2023-11-01 16:00:00,0.90813,0.91065,0.90703,0.91042,13552,0,0
2023-11-01 20:00:00,0.91038,0.9112,0.90732,0.9078,13620,0,0
2023-11-02 00:00:00,0.90742,0.90783,0.90469,0.90477,5191,0,0
2023-11-02 04:00:00,0.90477,0.90521,0.90249,0.90333,4203,0,0
2023-11-02 08:00:00,0.90333,0.90567,0.90312,0.90517,6933,0,0
2023-11-02 12:00:00,0.90517,0.90555,0.90223,0.9023,11408,0,0
2023-11-02 16:00:00,0.90231,0.90687,0.90178,0.90601,12157,0,0
2023-11-02 20:00:00,0.906,0.90627,0.90467,0.90587,5265,0,0
2023-11-03 00:00:00,0.90589,0.9062,0.90549,0.90576,2698,0,0
2023-11-03 04:00:00,0.90575,0.90619,0.90531,0.90544,3167,0,0
2023-11-03 08:00:00,0.90544,0.90691,0.90493,0.90689,4579,0,0
2023-11-03 12:00:00,0.90689,0.9074,0.89888,0.89918,10631,0,0
2023-11-03 16:00:00,0.89916,0.90138,0.89705,0.8971,16904,0,0
2023-11-03 20:00:00,0.89709,0.89955,0.8965,0.8993,5462,0,0
2023-11-06 00:00:00,0.89793,0.89961,0.89793,0.89811,4067,0,0
2023-11-06 04:00:00,0.89809,0.89825,0.89668,0.89707,3606,0,0
2023-11-06 08:00:00,0.89709,0.89811,0.89535,0.8962,7984,0,0
2023-11-06 12:00:00,0.8962,0.89881,0.89588,0.89823,7718,0,0
2023-11-06 16:00:00,0.89821,0.89862,0.89677,0.89783,8390,0,0
2023-11-06 20:00:00,0.89783,0.89945,0.8978,0.89938,4543,0,0
2023-11-07 00:00:00,0.89922,0.89943,0.8981,0.89919,4395,0,0
2023-11-07 04:00:00,0.8992,0.90062,0.89905,0.90029,4205,0,0
2023-11-07 08:00:00,0.90029,0.90117,0.89902,0.90023,7119,0,0
2023-11-07 12:00:00,0.90027,0.90158,0.89941,0.9007,8547,0,0
2023-11-07 16:00:00,0.90069,0.90187,0.89923,0.90133,10474,0,0
2023-11-07 20:00:00,0.90134,0.9014,0.89967,0.90007,5423,0,0
2023-11-08 00:00:00,0.8997,0.90111,0.8974,0.9006,3330,0,0
2023-11-08 04:00:00,0.9006,0.90108,0.89987,0.90108,2983,0,0
2023-11-08 08:00:00,0.90108,0.90241,0.90101,0.90202,8130,0,0
2023-11-08 12:00:00,0.90206,0.9024,0.89937,0.9002,8168,0,0
2023-11-08 16:00:00,0.90016,0.90058,0.89765,0.89929,10713,0,0
2023-11-08 20:00:00,0.89929,0.89998,0.89867,0.89926,5488,0,0
2023-11-09 00:00:00,0.89894,0.89972,0.89771,0.89889,4484,0,0
2023-11-09 04:00:00,0.89889,0.89985,0.89888,0.89969,2288,0,0
2023-11-09 08:00:00,0.89969,0.90101,0.8992,0.90056,7524,0,0
2023-11-09 12:00:00,0.90055,0.9016,0.89999,0.90012,7225,0,0
2023-11-09 16:00:00,0.90012,0.90067,0.89912,0.9005,9335,0,0
2023-11-09 20:00:00,0.9005,0.9041,0.90002,0.90285,10695,0,0
2023-11-10 00:00:00,0.90272,0.90373,0.90193,0.90321,3399,0,0
2023-11-10 04:00:00,0.90319,0.90374,0.90296,0.90345,1923,0,0
2023-11-10 08:00:00,0.90346,0.9046,0.90204,0.90225,7098,0,0
2023-11-10 12:00:00,0.90228,0.90281,0.90018,0.90153,8350,0,0
2023-11-10 16:00:00,0.90151,0.90379,0.90128,0.90239,10160,0,0
2023-11-10 20:00:00,0.90239,0.90305,0.90194,0.90238,4343,0,0
2023-11-13 00:00:00,0.90154,0.90263,0.90134,0.90215,2255,0,0
2023-11-13 04:00:00,0.90215,0.90268,0.90205,0.90232,2367,0,0
2023-11-13 08:00:00,0.90232,0.90249,0.90111,0.9021,6203,0,0
2023-11-13 12:00:00,0.9021,0.90521,0.90199,0.90409,6281,0,0
2023-11-13 16:00:00,0.90408,0.90452,0.90072,0.90196,8612,0,0
2023-11-13 20:00:00,0.90196,0.90243,0.9013,0.9016,3267,0,0
2023-11-14 00:00:00,0.90151,0.90225,0.90034,0.90212,2263,0,0
2023-11-14 04:00:00,0.90212,0.90262,0.90176,0.90249,1882,0,0
2023-11-14 08:00:00,0.90249,0.9026,0.90095,0.90149,5833,0,0
2023-11-14 12:00:00,0.90149,0.90272,0.89469,0.89624,10428,0,0
2023-11-14 16:00:00,0.89626,0.89628,0.89022,0.89027,14366,0,0
2023-11-14 20:00:00,0.89028,0.89031,0.88797,0.88905,3730,0,0
2023-11-15 00:00:00,0.88905,0.89032,0.88766,0.88952,3576,0,0
2023-11-15 04:00:00,0.8895,0.88957,0.88826,0.88878,2310,0,0
2023-11-15 08:00:00,0.88878,0.88935,0.88678,0.88915,7996,0,0
2023-11-15 12:00:00,0.88915,0.88918,0.88547,0.88752,8716,0,0
2023-11-15 16:00:00,0.88752,0.88929,0.88605,0.88749,11487,0,0
2023-11-15 20:00:00,0.88751,0.88884,0.88741,0.888,4128,0,0
2023-11-16 00:00:00,0.88783,0.88835,0.88632,0.88801,2961,0,0
2023-11-16 04:00:00,0.88801,0.88886,0.88798,0.8885,3007,0,0
2023-11-16 08:00:00,0.8885,0.88968,0.88789,0.8892,6392,0,0
2023-11-16 12:00:00,0.88921,0.89,0.88719,0.88731,8351,0,0
2023-11-16 16:00:00,0.88733,0.88858,0.88541,0.88791,12255,0,0
2023-11-16 20:00:00,0.88791,0.88914,0.88755,0.88863,3484,0,0
2023-11-17 00:00:00,0.88848,0.889,0.88595,0.88891,2053,0,0
2023-11-17 04:00:00,0.88889,0.88916,0.88809,0.88882,3250,0,0
2023-11-17 08:00:00,0.88882,0.88941,0.88728,0.88769,8120,0,0
2023-11-17 12:00:00,0.88768,0.88812,0.88621,0.887,9031,0,0
2023-11-17 16:00:00,0.887,0.8884,0.8861,0.88643,10665,0,0
2023-11-17 20:00:00,0.88643,0.88659,0.88522,0.88556,5010,0,0
2023-11-20 00:00:00,0.88543,0.88658,0.88477,0.88498,3644,0,0
2023-11-20 04:00:00,0.88497,0.88509,0.88304,0.88377,4426,0,0
2023-11-20 08:00:00,0.88376,0.8849,0.88262,0.88269,8301,0,0
2023-11-20 12:00:00,0.8827,0.88552,0.88268,0.88485,6816,0,0
2023-11-20 16:00:00,0.88484,0.88521,0.88318,0.88488,8054,0,0
2023-11-20 20:00:00,0.8849,0.88511,0.88368,0.88501,4750,0,0
2023-11-21 00:00:00,0.88482,0.88488,0.88321,0.88385,4163,0,0
2023-11-21 04:00:00,0.88389,0.88418,0.88268,0.88339,3919,0,0
2023-11-21 08:00:00,0.88339,0.8846,0.88275,0.88415,8168,0,0
2023-11-21 12:00:00,0.88415,0.88443,0.88226,0.88278,7527,0,0
2023-11-21 16:00:00,0.88276,0.88378,0.88194,0.88353,10305,0,0
2023-11-21 20:00:00,0.88353,0.88484,0.88346,0.8836,4696,0,0
2023-11-22 00:00:00,0.88352,0.88378,0.88285,0.88349,4174,0,0
2023-11-22 04:00:00,0.88349,0.88406,0.88294,0.88388,3894,0,0
2023-11-22 08:00:00,0.8839,0.88624,0.88316,0.88446,7906,0,0
2023-11-22 12:00:00,0.88446,0.88483,0.88199,0.88422,9450,0,0
2023-11-22 16:00:00,0.8842,0.88723,0.88406,0.88458,10736,0,0
2023-11-22 20:00:00,0.8846,0.88484,0.88356,0.88378,3650,0,0
2023-11-23 00:00:00,0.88368,0.88454,0.88296,0.88323,3449,0,0
2023-11-23 04:00:00,0.88323,0.88323,0.88247,0.88259,2470,0,0
2023-11-23 08:00:00,0.88261,0.88397,0.88169,0.88284,8852,0,0
2023-11-23 12:00:00,0.88284,0.88494,0.88232,0.88396,5821,0,0
2023-11-23 16:00:00,0.88397,0.88493,0.8829,0.88377,4541,0,0
2023-11-23 20:00:00,0.88378,0.88455,0.88355,0.88417,3562,0,0
2023-11-24 00:00:00,0.88383,0.8846,0.88198,0.88422,5137,0,0
2023-11-24 04:00:00,0.88423,0.88488,0.88289,0.88302,2687,0,0
2023-11-24 08:00:00,0.88302,0.88456,0.88302,0.88434,6098,0,0
2023-11-24 12:00:00,0.88434,0.88434,0.88245,0.88277,5768,0,0
2023-11-24 16:00:00,0.88276,0.88315,0.8811,0.88149,6199,0,0
2023-11-24 20:00:00,0.88149,0.88246,0.88116,0.88148,8825,0,0
2023-11-27 00:00:00,0.88152,0.8828,0.88136,0.88176,2759,0,0
2023-11-27 04:00:00,0.88176,0.88275,0.88168,0.88187,4292,0,0
2023-11-27 08:00:00,0.8819,0.88208,0.88013,0.88147,6981,0,0
2023-11-27 12:00:00,0.88147,0.88156,0.87936,0.88009,8039,0,0
2023-11-27 16:00:00,0.88007,0.88176,0.88001,0.8814,9107,0,0
2023-11-27 20:00:00,0.8814,0.88159,0.8801,0.88029,4030,0,0
2023-11-28 00:00:00,0.88025,0.88054,0.87893,0.87998,5963,0,0
2023-11-28 04:00:00,0.87998,0.88049,0.87952,0.88041,3104,0,0
2023-11-28 08:00:00,0.88041,0.88169,0.87987,0.87994,6756,0,0
2023-11-28 12:00:00,0.87994,0.88187,0.87903,0.87909,7796,0,0
2023-11-28 16:00:00,0.87909,0.87976,0.87612,0.87762,14068,0,0
2023-11-28 20:00:00,0.87762,0.87892,0.87746,0.87801,5861,0,0
2023-11-29 00:00:00,0.87771,0.87792,0.8757,0.87651,6213,0,0
2023-11-29 04:00:00,0.8765,0.87711,0.87617,0.87646,2841,0,0
2023-11-29 08:00:00,0.87648,0.87841,0.87591,0.87669,8727,0,0
2023-11-29 12:00:00,0.87669,0.87774,0.87541,0.87644,10583,0,0
2023-11-29 16:00:00,0.87642,0.87719,0.87324,0.87447,12686,0,0
2023-11-29 20:00:00,0.87447,0.87468,0.87201,0.87384,5142,0,0
2023-11-30 00:00:00,0.87379,0.87422,0.87208,0.87311,3357,0,0
2023-11-30 04:00:00,0.87311,0.87347,0.87166,0.87302,3797,0,0
2023-11-30 08:00:00,0.87303,0.87549,0.87189,0.8748,8882,0,0
2023-11-30 12:00:00,0.8748,0.87613,0.87319,0.87526,10403,0,0
2023-11-30 16:00:00,0.87524,0.87707,0.86847,0.87488,17362,0,0
2023-11-30 20:00:00,0.87488,0.87654,0.87394,0.87517,5714,0,0
2023-12-01 00:00:00,0.87484,0.87543,0.87333,0.87412,4968,0,0
2023-12-01 04:00:00,0.87412,0.87507,0.87368,0.87416,2799,0,0
2023-12-01 08:00:00,0.87418,0.87497,0.87311,0.87384,8032,0,0
2023-12-01 12:00:00,0.87385,0.87674,0.87345,0.8764,7260,0,0
2023-12-01 16:00:00,0.87642,0.87684,0.86973,0.87038,17985,0,0
2023-12-01 20:00:00,0.87041,0.87052,0.86791,0.869,6221,0,0
2023-12-04 00:00:00,0.86954,0.8709,0.86666,0.87039,7601,0,0
2023-12-04 04:00:00,0.87039,0.87091,0.86944,0.87073,3674,0,0
2023-12-04 08:00:00,0.87072,0.8755,0.87017,0.87244,9537,0,0
2023-12-04 12:00:00,0.87242,0.87387,0.87154,0.87281,8461,0,0
2023-12-04 16:00:00,0.87281,0.8753,0.87119,0.87269,14984,0,0
2023-12-04 20:00:00,0.87267,0.87381,0.87253,0.87272,4499,0,0
2023-12-05 00:00:00,0.87241,0.87285,0.87143,0.87241,3822,0,0
2023-12-05 04:00:00,0.87241,0.87296,0.87182,0.87189,3058,0,0
2023-12-05 08:00:00,0.87188,0.8748,0.8718,0.87359,9383,0,0
2023-12-05 12:00:00,0.8736,0.8745,0.87256,0.87321,9506,0,0
2023-12-05 16:00:00,0.87321,0.87663,0.87285,0.87484,15808,0,0
2023-12-05 20:00:00,0.87484,0.87605,0.87472,0.87491,4574,0,0
2023-12-06 00:00:00,0.87465,0.87527,0.8734,0.87496,5307,0,0
2023-12-06 04:00:00,0.87496,0.8754,0.87455,0.87465,3512,0,0
2023-12-06 08:00:00,0.87465,0.876,0.87382,0.87422,8126,0,0
2023-12-06 12:00:00,0.87422,0.87545,0.87308,0.87333,9836,0,0
2023-12-06 16:00:00,0.87334,0.87479,0.87291,0.87468,10890,0,0
2023-12-06 20:00:00,0.87469,0.87568,0.87361,0.87478,4293,0,0
2023-12-07 00:00:00,0.87463,0.87494,0.87372,0.87486,4317,0,0
2023-12-07 04:00:00,0.87486,0.87618,0.87443,0.87571,3552,0,0
2023-12-07 08:00:00,0.8757,0.87593,0.87299,0.8734,8699,0,0
2023-12-07 12:00:00,0.8734,0.87795,0.87288,0.87527,12446,0,0
2023-12-07 16:00:00,0.87527,0.87822,0.8728,0.87382,16044,0,0
2023-12-07 20:00:00,0.87384,0.87587,0.87334,0.87516,5919,0,0
2023-12-08 00:00:00,0.8749,0.87554,0.87435,0.8752,6230,0,0
2023-12-08 04:00:00,0.87521,0.87562,0.87471,0.87531,5695,0,0
2023-12-08 08:00:00,0.87531,0.87642,0.87413,0.8752,8417,0,0
2023-12-08 12:00:00,0.8752,0.88069,0.87444,0.87947,11430,0,0
2023-12-08 16:00:00,0.87949,0.88206,0.87701,0.88066,15605,0,0
2023-12-08 20:00:00,0.88066,0.88106,0.87963,0.88005,4497,0,0
2023-12-11 00:00:00,0.87901,0.88057,0.87843,0.87927,4789,0,0
2023-12-11 04:00:00,0.87927,0.88019,0.87907,0.87997,2706,0,0
2023-12-11 08:00:00,0.87997,0.8805,0.8785,0.87897,7785,0,0
2023-12-11 12:00:00,0.87896,0.8816,0.87888,0.88023,7858,0,0
2023-12-11 16:00:00,0.88024,0.8814,0.87876,0.88002,9342,0,0
2023-12-11 20:00:00,0.88002,0.88013,0.8779,0.87836,3865,0,0
2023-12-12 00:00:00,0.87815,0.87858,0.87739,0.87787,3477,0,0
2023-12-12 04:00:00,0.87787,0.87808,0.87641,0.87668,2252,0,0
2023-12-12 08:00:00,0.87668,0.8782,0.87546,0.87773,7799,0,0
2023-12-12 12:00:00,0.87773,0.87775,0.87224,0.87704,11134,0,0
2023-12-12 16:00:00,0.87698,0.87803,0.87439,0.8762,12793,0,0
2023-12-12 20:00:00,0.8762,0.87634,0.87509,0.87525,4255,0,0
2023-12-13 00:00:00,0.87521,0.87577,0.87297,0.87549,5211,0,0
2023-12-13 04:00:00,0.87549,0.87584,0.87529,0.8755,3965,0,0
2023-12-13 08:00:00,0.8755,0.87677,0.87533,0.87603,6749,0,0
2023-12-13 12:00:00,0.87603,0.87707,0.875,0.87533,8272,0,0
2023-12-13 16:00:00,0.87533,0.87781,0.87492,0.87714,9736,0,0
2023-12-13 20:00:00,0.87715,0.87803,0.86902,0.87156,16993,0,0
2023-12-14 00:00:00,0.87061,0.87133,0.86884,0.86895,6742,0,0
2023-12-14 04:00:00,0.86895,0.86928,0.86654,0.8679,5350,0,0
2023-12-14 08:00:00,0.86789,0.87319,0.86767,0.87102,14254,0,0
2023-12-14 12:00:00,0.87103,0.87157,0.86689,0.86967,13710,0,0
2023-12-14 16:00:00,0.86967,0.87069,0.863,0.86382,16260,0,0
2023-12-14 20:00:00,0.86382,0.86765,0.86382,0.86764,5879,0,0
2023-12-15 00:00:00,0.86729,0.86814,0.86383,0.86713,8100,0,0
2023-12-15 04:00:00,0.86713,0.86726,0.86521,0.86702,4947,0,0
2023-12-15 08:00:00,0.86702,0.86846,0.86618,0.8667,9695,0,0
2023-12-15 12:00:00,0.86672,0.86986,0.86574,0.86926,10366,0,0
2023-12-15 16:00:00,0.86925,0.86937,0.86646,0.86859,13004,0,0
2023-12-15 20:00:00,0.86859,0.87112,0.86845,0.87023,6962,0,0
2023-12-18 00:00:00,0.8686,0.87116,0.86804,0.87073,6725,0,0
2023-12-18 04:00:00,0.87073,0.87073,0.86898,0.86925,3815,0,0
2023-12-18 08:00:00,0.86924,0.86981,0.86797,0.86876,6749,0,0
2023-12-18 12:00:00,0.86876,0.86924,0.86665,0.86763,8739,0,0
2023-12-18 16:00:00,0.86762,0.86917,0.86716,0.86775,10167,0,0
2023-12-18 20:00:00,0.86775,0.86869,0.86708,0.86708,5092,0,0
2023-12-19 00:00:00,0.86708,0.86756,0.86569,0.86733,5213,0,0
2023-12-19 04:00:00,0.86733,0.86771,0.86621,0.86628,4378,0,0
2023-12-19 08:00:00,0.8663,0.86747,0.86515,0.86614,10208,0,0
2023-12-19 12:00:00,0.86614,0.86666,0.86283,0.86372,9688,0,0
2023-12-19 16:00:00,0.86372,0.86464,0.85928,0.86182,12197,0,0
2023-12-19 20:00:00,0.86184,0.86203,0.86067,0.86093,3923,0,0
2023-12-20 00:00:00,0.86064,0.86118,0.85889,0.861,4489,0,0
2023-12-20 04:00:00,0.861,0.86152,0.86094,0.86133,3376,0,0
2023-12-20 08:00:00,0.86131,0.86227,0.86016,0.86144,8561,0,0
2023-12-20 12:00:00,0.86144,0.8651,0.86134,0.86203,8502,0,0
2023-12-20 16:00:00,0.86201,0.86271,0.86048,0.86168,9312,0,0
2023-12-20 20:00:00,0.86168,0.86402,0.86135,0.86266,6103,0,0
2023-12-21 00:00:00,0.8624,0.86279,0.86135,0.86182,3583,0,0
2023-12-21 04:00:00,0.86182,0.86241,0.86114,0.86144,4035,0,0
2023-12-21 08:00:00,0.86144,0.86326,0.86134,0.86204,8842,0,0
2023-12-21 12:00:00,0.86205,0.86234,0.85624,0.858,10476,0,0
2023-12-21 16:00:00,0.858,0.85921,0.85629,0.85816,17264,0,0
2023-12-21 20:00:00,0.85815,0.85887,0.85603,0.85619,6835,0,0
2023-12-22 00:00:00,0.85599,0.85651,0.8554,0.85645,4849,0,0
2023-12-22 04:00:00,0.85645,0.85735,0.85625,0.85723,4184,0,0
2023-12-22 08:00:00,0.85724,0.85728,0.85502,0.85563,10091,0,0
2023-12-22 12:00:00,0.85564,0.8565,0.85298,0.85313,13129,0,0
2023-12-22 16:00:00,0.85305,0.85686,0.85136,0.85591,14749,0,0
2023-12-22 20:00:00,0.85591,0.85736,0.85523,0.85574,6429,0,0
2023-12-26 00:00:00,0.85458,0.85666,0.85417,0.85582,3419,0,0
2023-12-26 04:00:00,0.85582,0.856,0.85487,0.85495,2937,0,0
2023-12-26 08:00:00,0.85496,0.85799,0.85441,0.85748,6477,0,0
2023-12-26 12:00:00,0.85747,0.85787,0.85449,0.85553,7966,0,0
2023-12-26 16:00:00,0.85553,0.85583,0.85379,0.8552,9812,0,0
2023-12-26 20:00:00,0.85521,0.85522,0.85313,0.85366,5011,0,0
2023-12-27 00:00:00,0.85296,0.85454,0.85296,0.85392,3276,0,0
2023-12-27 04:00:00,0.85392,0.85418,0.85332,0.85374,3357,0,0
2023-12-27 08:00:00,0.85374,0.85492,0.85162,0.85193,6394,0,0
2023-12-27 12:00:00,0.85194,0.85369,0.85154,0.85162,6612,0,0
2023-12-27 16:00:00,0.85158,0.85164,0.84086,0.84363,11932,0,0
2023-12-27 20:00:00,0.84363,0.84399,0.84214,0.84302,6299,0,0
2023-12-28 00:00:00,0.84238,0.84353,0.84052,0.84066,4247,0,0
2023-12-28 04:00:00,0.84066,0.8412,0.83938,0.84043,4381,0,0
2023-12-28 08:00:00,0.84043,0.84089,0.83377,0.8353,10423,0,0
2023-12-28 12:00:00,0.83536,0.83969,0.83534,0.8395,10096,0,0
2023-12-28 16:00:00,0.83949,0.8411,0.83327,0.84084,13343,0,0
2023-12-28 20:00:00,0.84086,0.84512,0.84053,0.8448,7361,0,0
2023-12-29 00:00:00,0.84399,0.84478,0.84216,0.84249,5760,0,0
2023-12-29 04:00:00,0.84249,0.84358,0.84232,0.84319,5576,0,0
2023-12-29 08:00:00,0.84319,0.84323,0.8396,0.84028,9684,0,0
2023-12-29 12:00:00,0.84027,0.8403,0.83566,0.84016,11885,0,0
2023-12-29 16:00:00,0.84015,0.84321,0.83619,0.83917,15230,0,0
2023-12-29 20:00:00,0.83918,0.84192,0.83918,0.84151,7031,0,0
2024-01-02 00:00:00,0.83959,0.84265,0.83863,0.84264,3645,0,0
2024-01-02 04:00:00,0.84264,0.84558,0.84256,0.84393,4809,0,0
2024-01-02 08:00:00,0.84394,0.84712,0.84329,0.84624,11023,0,0
2024-01-02 12:00:00,0.84625,0.85035,0.84611,0.84938,13008,0,0
2024-01-02 16:00:00,0.84942,0.85031,0.84639,0.85017,15066,0,0
2024-01-02 20:00:00,0.85017,0.85068,0.84901,0.8502,6360,0,0
2024-01-03 00:00:00,0.84885,0.85041,0.84756,0.84956,3736,0,0
2024-01-03 04:00:00,0.84956,0.85025,0.84891,0.84998,3237,0,0
2024-01-03 08:00:00,0.84996,0.8522,0.84922,0.85144,9864,0,0
2024-01-03 12:00:00,0.85143,0.85545,0.85129,0.8528,11634,0,0
2024-01-03 16:00:00,0.8528,0.85474,0.85064,0.85171,17081,0,0
2024-01-03 20:00:00,0.85172,0.85313,0.84897,0.84904,10640,0,0
2024-01-04 00:00:00,0.8489,0.85058,0.84778,0.85039,5025,0,0
2024-01-04 04:00:00,0.85041,0.85044,0.84824,0.84978,4891,0,0
2024-01-04 08:00:00,0.84978,0.85123,0.8477,0.84942,11895,0,0
2024-01-04 12:00:00,0.84942,0.8529,0.84869,0.85135,11802,0,0
2024-01-04 16:00:00,0.85136,0.85237,0.84862,0.85143,12968,0,0
2024-01-04 20:00:00,0.85143,0.85205,0.84975,0.85019,5375,0,0
2024-01-05 00:00:00,0.84987,0.85053,0.84848,0.84921,4283,0,0
2024-01-05 04:00:00,0.84922,0.85085,0.84902,0.85049,3692,0,0
2024-01-05 08:00:00,0.85049,0.85341,0.85039,0.85298,10287,0,0
2024-01-05 12:00:00,0.85296,0.85768,0.85226,0.85281,13249,0,0
2024-01-05 16:00:00,0.85281,0.85281,0.84552,0.84993,20007,0,0
2024-01-05 20:00:00,0.84996,0.85072,0.84849,0.8503,7325,0,0
2024-01-08 00:00:00,0.84993,0.85133,0.84725,0.85026,3662,0,0
2024-01-08 04:00:00,0.85026,0.85214,0.85026,0.8517,5689,0,0
2024-01-08 08:00:00,0.8517,0.85209,0.84871,0.85084,12505,0,0
2024-01-08 12:00:00,0.85077,0.85175,0.84918,0.84987,11272,0,0
2024-01-08 16:00:00,0.84987,0.85002,0.84604,0.84708,13660,0,0
2024-01-08 20:00:00,0.84708,0.84832,0.84686,0.84801,5865,0,0
2024-01-09 00:00:00,0.84724,0.84828,0.84619,0.84657,4148,0,0
2024-01-09 04:00:00,0.84656,0.8479,0.84643,0.84776,4129,0,0
2024-01-09 08:00:00,0.84776,0.85035,0.8472,0.84971,10559,0,0
2024-01-09 12:00:00,0.8497,0.85205,0.84921,0.84993,11189,0,0
2024-01-09 16:00:00,0.84993,0.85317,0.84962,0.85163,13966,0,0
2024-01-09 20:00:00,0.85162,0.85289,0.85105,0.85233,7124,0,0
2024-01-10 00:00:00,0.85218,0.8527,0.85152,0.85221,4437,0,0
2024-01-10 04:00:00,0.85221,0.85255,0.8519,0.85227,3684,0,0
2024-01-10 08:00:00,0.85228,0.85356,0.85148,0.85216,11657,0,0
2024-01-10 12:00:00,0.85216,0.85327,0.85127,0.85259,8533,0,0
2024-01-10 16:00:00,0.85261,0.85312,0.85075,0.85104,12053,0,0
2024-01-10 20:00:00,0.85104,0.85223,0.85071,0.85081,7059,0,0
2024-01-11 00:00:00,0.85082,0.85108,0.84941,0.84946,3422,0,0
2024-01-11 04:00:00,0.84946,0.85008,0.8491,0.84998,3696,0,0
2024-01-11 08:00:00,0.84998,0.85108,0.84908,0.85087,8553,0,0
2024-01-11 12:00:00,0.85087,0.85511,0.84887,0.85482,13322,0,0
2024-01-11 16:00:00,0.85479,0.85664,0.85108,0.85549,25536,0,0
2024-01-11 20:00:00,0.85548,0.85564,0.85181,0.85194,10412,0,0
2024-01-12 00:00:00,0.85187,0.85248,0.85089,0.85153,9137,0,0
2024-01-12 04:00:00,0.85153,0.85234,0.85146,0.8523,4954,0,0
2024-01-12 08:00:00,0.8523,0.85397,0.85151,0.85376,9367,0,0
2024-01-12 12:00:00,0.85376,0.8551,0.85144,0.85255,13249,0,0
2024-01-12 16:00:00,0.85254,0.85364,0.84887,0.85343,17918,0,0
2024-01-12 20:00:00,0.85346,0.85355,0.85199,0.85263,4680,0,0
2024-01-15 00:00:00,0.8509,0.85408,0.8509,0.85307,4389,0,0
2024-01-15 04:00:00,0.85307,0.85308,0.85225,0.85273,3459,0,0
2024-01-15 08:00:00,0.85273,0.85434,0.85222,0.85395,8722,0,0
2024-01-15 12:00:00,0.85395,0.85479,0.8534,0.85378,9520,0,0
2024-01-15 16:00:00,0.85377,0.85613,0.85368,0.85601,7806,0,0
2024-01-15 20:00:00,0.85602,0.85622,0.85566,0.85567,2950,0,0
2024-01-16 00:00:00,0.85523,0.85769,0.85523,0.857,7692,0,0
2024-01-16 04:00:00,0.857,0.85939,0.857,0.85916,4893,0,0
2024-01-16 08:00:00,0.85912,0.86164,0.85834,0.86052,12887,0,0
2024-01-16 12:00:00,0.86052,0.86135,0.8593,0.86094,13668,0,0
2024-01-16 16:00:00,0.86095,0.86195,0.85916,0.86187,20606,0,0
2024-01-16 20:00:00,0.86187,0.86196,0.86071,0.8615,8624,0,0
2024-01-17 00:00:00,0.8606,0.8622,0.85885,0.86133,7028,0,0
2024-01-17 04:00:00,0.86133,0.86278,0.86076,0.86251,5187,0,0
2024-01-17 08:00:00,0.86251,0.86346,0.8614,0.8619,13778,0,0
2024-01-17 12:00:00,0.86195,0.86729,0.86077,0.8662,14988,0,0
2024-01-17 16:00:00,0.86619,0.86853,0.86516,0.86546,16699,0,0
2024-01-17 20:00:00,0.86544,0.86648,0.86428,0.86435,7812,0,0
2024-01-18 00:00:00,0.86389,0.86484,0.86333,0.864,4898,0,0
2024-01-18 04:00:00,0.864,0.8651,0.86344,0.86475,3897,0,0
2024-01-18 08:00:00,0.86474,0.86644,0.86377,0.86431,12931,0,0
2024-01-18 12:00:00,0.8643,0.86899,0.8642,0.86879,12322,0,0
2024-01-18 16:00:00,0.86879,0.86909,0.8671,0.86877,19218,0,0
2024-01-18 20:00:00,0.86877,0.8694,0.86777,0.86805,7017,0,0
2024-01-19 00:00:00,0.86759,0.86864,0.86702,0.8681,5505,0,0
2024-01-19 04:00:00,0.8681,0.86886,0.86784,0.86871,5990,0,0
2024-01-19 08:00:00,0.86871,0.86936,0.86767,0.86848,9515,0,0
2024-01-19 12:00:00,0.86849,0.8694,0.86781,0.86908,8892,0,0
2024-01-19 16:00:00,0.86908,0.87046,0.868,0.86914,13909,0,0
2024-01-19 20:00:00,0.86914,0.86969,0.86788,0.86805,5070,0,0
2024-01-22 00:00:00,0.86718,0.86891,0.86622,0.86798,5429,0,0
2024-01-22 04:00:00,0.86798,0.86857,0.86767,0.86822,4065,0,0
2024-01-22 08:00:00,0.86822,0.86917,0.86661,0.86776,12041,0,0
2024-01-22 12:00:00,0.86777,0.86899,0.86709,0.86742,9964,0,0
2024-01-22 16:00:00,0.86742,0.87007,0.8674,0.8685,10407,0,0
2024-01-22 20:00:00,0.8685,0.86982,0.86848,0.86901,5843,0,0
2024-01-23 00:00:00,0.86816,0.86937,0.868,0.86803,4306,0,0
2024-01-23 04:00:00,0.86803,0.86824,0.86559,0.86568,6915,0,0
2024-01-23 08:00:00,0.86569,0.86879,0.865,0.86817,13186,0,0
2024-01-23 12:00:00,0.86819,0.8697,0.86797,0.8687,9932,0,0
2024-01-23 16:00:00,0.8687,0.87283,0.8687,0.87142,11669,0,0
2024-01-23 20:00:00,0.87142,0.87194,0.87002,0.87024,5104,0,0
2024-01-24 00:00:00,0.86952,0.87021,0.86937,0.8694,4130,0,0
2024-01-24 04:00:00,0.8694,0.86996,0.869,0.86916,3459,0,0
2024-01-24 08:00:00,0.86916,0.86955,0.86493,0.86512,11097,0,0
2024-01-24 12:00:00,0.86512,0.8657,0.86084,0.8611,10967,0,0
2024-01-24 16:00:00,0.86115,0.86446,0.86067,0.86219,16236,0,0
2024-01-24 20:00:00,0.86221,0.86391,0.86207,0.86277,8384,0,0
2024-01-25 00:00:00,0.86225,0.86494,0.86199,0.86422,5308,0,0
2024-01-25 04:00:00,0.86422,0.86481,0.86372,0.86466,4733,0,0
2024-01-25 08:00:00,0.86465,0.86476,0.86263,0.86344,9715,0,0
2024-01-25 12:00:00,0.86344,0.86697,0.86291,0.86503,13048,0,0
2024-01-25 16:00:00,0.86506,0.86849,0.86477,0.86751,18756,0,0
2024-01-25 20:00:00,0.86753,0.86802,0.86667,0.86701,7655,0,0
2024-01-26 00:00:00,0.8662,0.86766,0.86609,0.86673,6630,0,0
2024-01-26 04:00:00,0.86672,0.86724,0.86639,0.86667,4719,0,0
2024-01-26 08:00:00,0.86666,0.8685,0.86446,0.86509,10048,0,0
2024-01-26 12:00:00,0.86509,0.86512,0.8619,0.86332,12176,0,0
2024-01-26 16:00:00,0.86334,0.86437,0.86163,0.86379,13896,0,0
2024-01-26 20:00:00,0.86379,0.86491,0.86347,0.86347,5540,0,0
2024-01-29 00:00:00,0.86373,0.86467,0.86318,0.86348,8060,0,0
2024-01-29 04:00:00,0.86348,0.86394,0.86302,0.86391,3503,0,0
2024-01-29 08:00:00,0.86391,0.86391,0.86072,0.86194,10604,0,0
2024-01-29 12:00:00,0.86193,0.86354,0.86158,0.86321,9453,0,0
2024-01-29 16:00:00,0.86321,0.86494,0.86262,0.86391,8751,0,0
2024-01-29 20:00:00,0.86391,0.86442,0.86071,0.86128,8148,0,0
2024-01-30 00:00:00,0.86013,0.86178,0.86013,0.86144,7919,0,0
2024-01-30 04:00:00,0.86145,0.86192,0.86116,0.86172,5594,0,0
2024-01-30 08:00:00,0.8617,0.86392,0.86078,0.86305,10711,0,0
2024-01-30 12:00:00,0.86304,0.86373,0.86214,0.86226,9689,0,0
2024-01-30 16:00:00,0.86225,0.86433,0.8608,0.86258,14382,0,0
2024-01-30 20:00:00,0.86258,0.86308,0.86152,0.86171,5817,0,0
2024-01-31 00:00:00,0.86136,0.86236,0.86129,0.86235,4651,0,0
2024-01-31 04:00:00,0.86236,0.86363,0.86235,0.86288,3948,0,0
2024-01-31 08:00:00,0.86292,0.86427,0.86189,0.86284,9814,0,0
2024-01-31 12:00:00,0.86284,0.86433,0.86068,0.86135,12188,0,0
2024-01-31 16:00:00,0.86137,0.8617,0.85511,0.85968,20378,0,0
2024-01-31 20:00:00,0.85968,0.86439,0.858,0.86135,22872,0,0
2024-02-01 00:00:00,0.85982,0.86348,0.85982,0.86321,5082,0,0
2024-02-01 04:00:00,0.86322,0.86364,0.86187,0.8636,5084,0,0
2024-02-01 08:00:00,0.8636,0.86497,0.86251,0.86278,10504,0,0
2024-02-01 12:00:00,0.86272,0.86393,0.86121,0.86255,14216,0,0
2024-02-01 16:00:00,0.86256,0.86398,0.8571,0.85858,20756,0,0
2024-02-01 20:00:00,0.85859,0.85921,0.8573,0.85774,10348,0,0
2024-02-02 00:00:00,0.85555,0.85782,0.85527,0.85746,4469,0,0
2024-02-02 04:00:00,0.85743,0.85778,0.85652,0.85737,5295,0,0
2024-02-02 08:00:00,0.85736,0.85768,0.85567,0.85637,8177,0,0
2024-02-02 12:00:00,0.85635,0.86414,0.85534,0.86363,10933,0,0
2024-02-02 16:00:00,0.86363,0.86808,0.8629,0.86756,20049,0,0
2024-02-02 20:00:00,0.86756,0.86776,0.86611,0.86689,7111,0,0
2024-02-05 00:00:00,0.86545,0.86875,0.86369,0.86746,8527,0,0
2024-02-05 04:00:00,0.86751,0.86816,0.86736,0.86776,4796,0,0
2024-02-05 08:00:00,0.86776,0.87043,0.86708,0.87028,11740,0,0
2024-02-05 12:00:00,0.87029,0.87109,0.86886,0.87099,11416,0,0
2024-02-05 16:00:00,0.87095,0.87187,0.86979,0.87015,12451,0,0
2024-02-05 20:00:00,0.87015,0.87109,0.86955,0.87064,5043,0,0
2024-02-06 00:00:00,0.87,0.87084,0.87,0.87055,3981,0,0
2024-02-06 04:00:00,0.87054,0.87067,0.86937,0.86958,6031,0,0
2024-02-06 08:00:00,0.8696,0.87281,0.86901,0.87273,9561,0,0
2024-02-06 12:00:00,0.87273,0.87353,0.87154,0.87303,10130,0,0
2024-02-06 16:00:00,0.87304,0.87413,0.86993,0.8702,15568,0,0
2024-02-06 20:00:00,0.8702,0.87078,0.86957,0.86975,6831,0,0
2024-02-07 00:00:00,0.86884,0.86984,0.86884,0.86923,4181,0,0
2024-02-07 04:00:00,0.86923,0.86987,0.8692,0.86954,4077,0,0
2024-02-07 08:00:00,0.86954,0.87197,0.86883,0.87132,9346,0,0
2024-02-07 12:00:00,0.87131,0.87299,0.87092,0.87138,11007,0,0
2024-02-07 16:00:00,0.87138,0.87451,0.87045,0.87389,16508,0,0
2024-02-07 20:00:00,0.87388,0.87534,0.87324,0.87465,7041,0,0
2024-02-08 00:00:00,0.87343,0.87461,0.8732,0.87326,3835,0,0
2024-02-08 04:00:00,0.87326,0.87346,0.87249,0.87312,4138,0,0
2024-02-08 08:00:00,0.87311,0.87404,0.87244,0.87282,9009,0,0
2024-02-08 12:00:00,0.87282,0.87604,0.8725,0.87601,11900,0,0
2024-02-08 16:00:00,0.87603,0.87611,0.87351,0.87436,12524,0,0
2024-02-08 20:00:00,0.87437,0.87467,0.87345,0.8737,7339,0,0
2024-02-09 00:00:00,0.87264,0.87397,0.87263,0.87377,3662,0,0
2024-02-09 04:00:00,0.87377,0.87454,0.87357,0.8744,3287,0,0
2024-02-09 08:00:00,0.87439,0.87622,0.87399,0.87579,8125,0,0
2024-02-09 12:00:00,0.87579,0.87619,0.87315,0.87476,12359,0,0
2024-02-09 16:00:00,0.87486,0.87542,0.87369,0.87494,12875,0,0
2024-02-09 20:00:00,0.87494,0.87557,0.87449,0.87466,4689,0,0
2024-02-12 00:00:00,0.87372,0.87457,0.87349,0.87435,3966,0,0
2024-02-12 04:00:00,0.87435,0.87479,0.87417,0.8745,3937,0,0
2024-02-12 08:00:00,0.8745,0.87558,0.87266,0.87554,8111,0,0
2024-02-12 12:00:00,0.87554,0.87727,0.8749,0.87692,7919,0,0
2024-02-12 16:00:00,0.87691,0.8773,0.87521,0.87521,9699,0,0
2024-02-12 20:00:00,0.8752,0.87617,0.87507,0.87573,4925,0,0
2024-02-13 00:00:00,0.87464,0.87625,0.87458,0.87614,3619,0,0
2024-02-13 04:00:00,0.87614,0.87673,0.87596,0.87612,2866,0,0
2024-02-13 08:00:00,0.87611,0.88173,0.87556,0.8797,11493,0,0
2024-02-13 12:00:00,0.87967,0.88609,0.87728,0.88569,14417,0,0
2024-02-13 16:00:00,0.88569,0.88762,0.88441,0.88715,18425,0,0
2024-02-13 20:00:00,0.88715,0.8881,0.88645,0.88706,5584,0,0
2024-02-14 00:00:00,0.88629,0.88755,0.88627,0.88685,3792,0,0
2024-02-14 04:00:00,0.88685,0.88697,0.886,0.88611,3020,0,0
2024-02-14 08:00:00,0.88611,0.88858,0.88574,0.88731,9663,0,0
2024-02-14 12:00:00,0.88731,0.88822,0.8858,0.8865,8913,0,0
2024-02-14 16:00:00,0.8865,0.88746,0.88486,0.88517,11271,0,0
2024-02-14 20:00:00,0.88517,0.88596,0.88476,0.88572,4667,0,0
2024-02-15 00:00:00,0.88551,0.88582,0.88486,0.88557,5281,0,0
2024-02-15 04:00:00,0.88557,0.88569,0.88488,0.88508,7339,0,0
2024-02-15 08:00:00,0.88508,0.8852,0.88255,0.88323,9449,0,0
2024-02-15 12:00:00,0.88323,0.88362,0.87994,0.88116,11183,0,0
2024-02-15 16:00:00,0.88116,0.88168,0.8783,0.88051,16867,0,0
2024-02-15 20:00:00,0.8805,0.88068,0.87898,0.87992,7083,0,0
2024-02-16 00:00:00,0.8787,0.88106,0.8787,0.88059,3693,0,0
2024-02-16 04:00:00,0.88059,0.88147,0.88058,0.88105,3337,0,0
2024-02-16 08:00:00,0.88106,0.88167,0.88054,0.8811,6705,0,0
2024-02-16 12:00:00,0.8811,0.88394,0.88024,0.88254,9206,0,0
2024-02-16 16:00:00,0.88252,0.88349,0.88019,0.88077,13289,0,0
2024-02-16 20:00:00,0.88077,0.88137,0.87979,0.88093,6678,0,0
2024-02-19 00:00:00,0.8812,0.8812,0.87831,0.88071,4698,0,0
2024-02-19 04:00:00,0.88072,0.88164,0.88052,0.88092,4768,0,0
2024-02-19 08:00:00,0.88092,0.8817,0.88012,0.88118,8572,0,0
2024-02-19 12:00:00,0.88118,0.8814,0.87997,0.88113,6026,0,0
2024-02-19 16:00:00,0.88113,0.88283,0.88099,0.88282,5135,0,0
2024-02-19 20:00:00,0.88282,0.88283,0.88198,0.8823,3188,0,0
2024-02-20 00:00:00,0.88177,0.88324,0.88172,0.88309,3976,0,0
2024-02-20 04:00:00,0.88309,0.88338,0.88253,0.8829,5135,0,0
2024-02-20 08:00:00,0.88292,0.88379,0.88148,0.88173,8233,0,0
2024-02-20 12:00:00,0.88173,0.88261,0.87955,0.87978,10698,0,0
2024-02-20 16:00:00,0.87976,0.88133,0.87858,0.88124,12365,0,0
2024-02-20 20:00:00,0.88124,0.88213,0.88113,0.8819,5053,0,0
2024-02-21 00:00:00,0.8811,0.88206,0.8811,0.88147,2825,0,0
2024-02-21 04:00:00,0.88147,0.88152,0.8805,0.88071,3332,0,0
2024-02-21 08:00:00,0.88071,0.88185,0.88034,0.8806,7857,0,0
2024-02-21 12:00:00,0.8806,0.8809,0.87963,0.88003,8076,0,0
2024-02-21 16:00:00,0.88001,0.8812,0.87929,0.88053,8907,0,0
2024-02-21 20:00:00,0.88054,0.88116,0.87886,0.87956,9736,0,0
2024-02-22 00:00:00,0.87897,0.87966,0.87826,0.87889,4781,0,0
2024-02-22 04:00:00,0.87889,0.87942,0.87764,0.87811,5097,0,0
2024-02-22 08:00:00,0.87811,0.87812,0.87423,0.87713,12903,0,0
2024-02-22 12:00:00,0.87715,0.88048,0.87697,0.88027,11156,0,0
2024-02-22 16:00:00,0.88027,0.88214,0.88017,0.88156,14175,0,0
2024-02-22 20:00:00,0.88156,0.88176,0.88,0.8802,8761,0,0
2024-02-23 00:00:00,0.87971,0.88089,0.87971,0.88039,4296,0,0
2024-02-23 04:00:00,0.88038,0.88102,0.88016,0.88086,2475,0,0
2024-02-23 08:00:00,0.88086,0.88197,0.88026,0.88166,6841,0,0
2024-02-23 12:00:00,0.88164,0.88169,0.87813,0.87982,9989,0,0
2024-02-23 16:00:00,0.87987,0.88179,0.87964,0.88059,11656,0,0
2024-02-23 20:00:00,0.88059,0.88147,0.88031,0.8812,4478,0,0
2024-02-26 00:00:00,0.87932,0.88203,0.87912,0.88162,4153,0,0
2024-02-26 04:00:00,0.88162,0.88222,0.88079,0.88094,4347,0,0
2024-02-26 08:00:00,0.88094,0.88134,0.8798,0.87981,7687,0,0
2024-02-26 12:00:00,0.8798,0.8803,0.87882,0.87928,10013,0,0
2024-02-26 16:00:00,0.87929,0.8814,0.87909,0.88083,11489,0,0
2024-02-26 20:00:00,0.88083,0.88128,0.87994,0.87999,5498,0,0
2024-02-27 00:00:00,0.87962,0.88073,0.87902,0.88026,3863,0,0
2024-02-27 04:00:00,0.88026,0.88039,0.87919,0.87984,4718,0,0
2024-02-27 08:00:00,0.87983,0.88019,0.87847,0.87966,8830,0,0
2024-02-27 12:00:00,0.87966,0.88082,0.87852,0.87986,10088,0,0
2024-02-27 16:00:00,0.87984,0.88105,0.87867,0.87979,11503,0,0
2024-02-27 20:00:00,0.87979,0.88022,0.87851,0.87855,6666,0,0
2024-02-28 00:00:00,0.87811,0.87964,0.87811,0.8792,4715,0,0
2024-02-28 04:00:00,0.8792,0.88055,0.87915,0.88026,4688,0,0
2024-02-28 08:00:00,0.88027,0.88157,0.88012,0.88139,8395,0,0
2024-02-28 12:00:00,0.88139,0.88147,0.8794,0.88015,10839,0,0
2024-02-28 16:00:00,0.88015,0.88067,0.87841,0.87913,10738,0,0
2024-02-28 20:00:00,0.87913,0.87935,0.8786,0.87878,5655,0,0
2024-02-29 00:00:00,0.87804,0.87895,0.87804,0.87872,4022,0,0
2024-02-29 04:00:00,0.87869,0.87885,0.87808,0.87832,7675,0,0
2024-02-29 08:00:00,0.87832,0.87935,0.87798,0.87805,9848,0,0
2024-02-29 12:00:00,0.87804,0.88103,0.87796,0.87915,13757,0,0
2024-02-29 16:00:00,0.87916,0.88442,0.87793,0.88388,16656,0,0
2024-02-29 20:00:00,0.88388,0.8847,0.88324,0.88466,6732,0,0
2024-03-01 00:00:00,0.8841,0.88488,0.88398,0.88423,4399,0,0
2024-03-01 04:00:00,0.88423,0.88492,0.88396,0.88487,3728,0,0
2024-03-01 08:00:00,0.88488,0.88704,0.88456,0.88515,11460,0,0
2024-03-01 12:00:00,0.8851,0.88788,0.88478,0.88785,11947,0,0
2024-03-01 16:00:00,0.88785,0.88929,0.88375,0.88399,16663,0,0
2024-03-01 20:00:00,0.88401,0.8848,0.88295,0.88307,8575,0,0
2024-03-04 00:00:00,0.88288,0.88384,0.88264,0.88354,6626,0,0
2024-03-04 04:00:00,0.88354,0.88373,0.88252,0.88312,4293,0,0
2024-03-04 08:00:00,0.88312,0.88342,0.88057,0.88254,10944,0,0
2024-03-04 12:00:00,0.88253,0.88641,0.88253,0.88447,9467,0,0
2024-03-04 16:00:00,0.88447,0.88615,0.88393,0.88435,12102,0,0
2024-03-04 20:00:00,0.88435,0.88519,0.8839,0.88487,5657,0,0
2024-03-05 00:00:00,0.88418,0.88575,0.88387,0.88553,5346,0,0
2024-03-05 04:00:00,0.88553,0.88572,0.8849,0.88558,6117,0,0
2024-03-05 08:00:00,0.88558,0.88655,0.88507,0.88582,10474,0,0
2024-03-05 12:00:00,0.88584,0.88663,0.88509,0.88535,7937,0,0
2024-03-05 16:00:00,0.88535,0.88548,0.88257,0.88367,15100,0,0
2024-03-05 20:00:00,0.88366,0.88407,0.88302,0.88337,7176,0,0
2024-03-06 00:00:00,0.88268,0.88526,0.8821,0.88491,6104,0,0
2024-03-06 04:00:00,0.88492,0.88497,0.8841,0.88441,3122,0,0
2024-03-06 08:00:00,0.88441,0.88557,0.88373,0.88449,6822,0,0
2024-03-06 12:00:00,0.8845,0.88556,0.88357,0.88362,10015,0,0
2024-03-06 16:00:00,0.88361,0.88386,0.88044,0.88194,12753,0,0
2024-03-06 20:00:00,0.88194,0.88263,0.88141,0.88202,5782,0,0
2024-03-07 00:00:00,0.88153,0.88236,0.88121,0.88176,4799,0,0
2024-03-07 04:00:00,0.88175,0.88222,0.88092,0.88177,4252,0,0
2024-03-07 08:00:00,0.88179,0.88199,0.88069,0.8808,8197,0,0
2024-03-07 12:00:00,0.88081,0.88135,0.8785,0.87936,10504,0,0
2024-03-07 16:00:00,0.87935,0.8804,0.8775,0.87867,14358,0,0
2024-03-07 20:00:00,0.87869,0.8787,0.87727,0.87765,4893,0,0
2024-03-08 00:00:00,0.87673,0.87772,0.87668,0.87734,3865,0,0
2024-03-08 04:00:00,0.87737,0.87776,0.87705,0.87728,3944,0,0
2024-03-08 08:00:00,0.87728,0.87767,0.87578,0.87648,7453,0,0
2024-03-08 12:00:00,0.8765,0.87827,0.87297,0.87512,11798,0,0
2024-03-08 16:00:00,0.87512,0.87703,0.87429,0.87674,15884,0,0
2024-03-08 20:00:00,0.87674,0.87789,0.87665,0.87749,6197,0,0
2024-03-11 00:00:00,0.87521,0.87811,0.87448,0.8773,3843,0,0
2024-03-11 04:00:00,0.87731,0.87799,0.87678,0.87773,6909,0,0
2024-03-11 08:00:00,0.87773,0.87797,0.87551,0.87595,11217,0,0
2024-03-11 12:00:00,0.87594,0.87777,0.87552,0.87776,12782,0,0
2024-03-11 16:00:00,0.87777,0.8795,0.87753,0.87836,14944,0,0
2024-03-11 20:00:00,0.87836,0.87882,0.87735,0.87742,7350,0,0
2024-03-12 00:00:00,0.87716,0.87771,0.87705,0.87741,6860,0,0
2024-03-12 04:00:00,0.8774,0.87761,0.87696,0.8771,7353,0,0
2024-03-12 08:00:00,0.8771,0.87737,0.87613,0.87653,8949,0,0
2024-03-12 12:00:00,0.87653,0.87929,0.87473,0.87731,14807,0,0
2024-03-12 16:00:00,0.87731,0.8795,0.87723,0.87808,18619,0,0
2024-03-12 20:00:00,0.87808,0.87867,0.87713,0.87723,9257,0,0
2024-03-13 00:00:00,0.87687,0.87769,0.87687,0.8774,5316,0,0
2024-03-13 04:00:00,0.8774,0.87797,0.87726,0.87782,5728,0,0
2024-03-13 08:00:00,0.87782,0.87859,0.87746,0.87853,9121,0,0
2024-03-13 12:00:00,0.87854,0.87886,0.8771,0.87745,10620,0,0
2024-03-13 16:00:00,0.87745,0.87835,0.87663,0.87779,16206,0,0
2024-03-13 20:00:00,0.8778,0.87896,0.87688,0.87881,9888,0,0
2024-03-14 00:00:00,0.87833,0.87876,0.87822,0.87848,5551,0,0
2024-03-14 04:00:00,0.87848,0.87972,0.87819,0.87932,8664,0,0
2024-03-14 08:00:00,0.87932,0.88026,0.87928,0.87995,8370,0,0
2024-03-14 12:00:00,0.87996,0.88002,0.87821,0.87967,13746,0,0
2024-03-14 16:00:00,0.87967,0.88384,0.87948,0.88317,20511,0,0
2024-03-14 20:00:00,0.88317,0.88413,0.88297,0.88373,7768,0,0
2024-03-15 00:00:00,0.88308,0.88492,0.88308,0.88483,9386,0,0
2024-03-15 04:00:00,0.88483,0.88507,0.88448,0.88477,6501,0,0
2024-03-15 08:00:00,0.88476,0.8853,0.88388,0.88423,12143,0,0
2024-03-15 12:00:00,0.88423,0.88424,0.88194,0.8827,12319,0,0
2024-03-15 16:00:00,0.8827,0.88416,0.88199,0.8841,14037,0,0
2024-03-15 20:00:00,0.8841,0.88454,0.8834,0.88357,6186,0,0
2024-03-18 00:00:00,0.88264,0.88385,0.88175,0.88361,10307,0,0
2024-03-18 04:00:00,0.88361,0.88393,0.88281,0.88355,4735,0,0
2024-03-18 08:00:00,0.88355,0.88425,0.88332,0.88361,9357,0,0
2024-03-18 12:00:00,0.88361,0.8845,0.88217,0.88371,10917,0,0
2024-03-18 16:00:00,0.88372,0.88706,0.88371,0.88697,13407,0,0
2024-03-18 20:00:00,0.88697,0.88847,0.88662,0.88779,6937,0,0
2024-03-19 00:00:00,0.88748,0.88842,0.88626,0.88842,9366,0,0
2024-03-19 04:00:00,0.88841,0.88874,0.88774,0.88835,13449,0,0
2024-03-19 08:00:00,0.88835,0.88988,0.88704,0.88734,15979,0,0
2024-03-19 12:00:00,0.88734,0.88956,0.88705,0.88705,17412,0,0
2024-03-19 16:00:00,0.88705,0.88877,0.88672,0.88809,11493,0,0
2024-03-19 20:00:00,0.88809,0.88837,0.8875,0.88804,6743,0,0
2024-03-20 00:00:00,0.88733,0.889,0.8869,0.88864,8612,0,0
2024-03-20 04:00:00,0.88863,0.88927,0.88848,0.88925,5264,0,0
2024-03-20 08:00:00,0.88925,0.89047,0.88862,0.89012,11211,0,0
2024-03-20 12:00:00,0.89012,0.89188,0.89009,0.89051,10982,0,0
2024-03-20 16:00:00,0.89051,0.89165,0.89026,0.89078,10988,0,0
2024-03-20 20:00:00,0.89078,0.89167,0.88593,0.88676,27132,0,0
2024-03-21 00:00:00,0.88533,0.88672,0.885,0.88508,12733,0,0
2024-03-21 04:00:00,0.88508,0.8854,0.88395,0.88533,13153,0,0
2024-03-21 08:00:00,0.88534,0.89743,0.8845,0.89488,16519,0,0
2024-03-21 12:00:00,0.89488,0.89687,0.8924,0.89468,23362,0,0
2024-03-21 16:00:00,0.89468,0.89942,0.89468,0.89824,22801,0,0
2024-03-21 20:00:00,0.89824,0.89883,0.89742,0.89751,7629,0,0
2024-03-22 00:00:00,0.89714,0.89799,0.89703,0.89751,5265,0,0
2024-03-22 04:00:00,0.89751,0.89953,0.89741,0.89912,11083,0,0
2024-03-22 08:00:00,0.89911,0.90203,0.89817,0.90106,12926,0,0
2024-03-22 12:00:00,0.90106,0.90128,0.89841,0.89846,14943,0,0
2024-03-22 16:00:00,0.89846,0.89905,0.89693,0.89875,15730,0,0
2024-03-22 20:00:00,0.89874,0.89903,0.89656,0.89719,7436,0,0
2024-03-25 00:00:00,0.89661,0.89845,0.89645,0.89835,6504,0,0
2024-03-25 04:00:00,0.89835,0.8984,0.89697,0.89773,9942,0,0
2024-03-25 08:00:00,0.89773,0.89869,0.89702,0.89832,9321,0,0
2024-03-25 12:00:00,0.89832,0.89862,0.89723,0.89761,10092,0,0
2024-03-25 16:00:00,0.89762,0.89906,0.89691,0.89903,9654,0,0
2024-03-25 20:00:00,0.89902,0.89955,0.8985,0.89937,5407,0,0
2024-03-26 00:00:00,0.89864,0.8999,0.89832,0.89941,9317,0,0
2024-03-26 04:00:00,0.89941,0.9006,0.89905,0.90046,6598,0,0
2024-03-26 08:00:00,0.90046,0.90178,0.89958,0.90096,9168,0,0
2024-03-26 12:00:00,0.90097,0.90395,0.90015,0.90334,13681,0,0
2024-03-26 16:00:00,0.90334,0.90434,0.90206,0.90367,14736,0,0
2024-03-26 20:00:00,0.90367,0.90416,0.90306,0.90394,6156,0,0
2024-03-27 00:00:00,0.90321,0.904,0.90273,0.90358,4022,0,0
2024-03-27 04:00:00,0.90358,0.90425,0.90329,0.90388,6128,0,0
2024-03-27 08:00:00,0.90388,0.90631,0.90375,0.90532,10472,0,0
2024-03-27 12:00:00,0.90532,0.90709,0.90382,0.90678,15315,0,0
2024-03-27 16:00:00,0.90678,0.90715,0.90471,0.90487,11490,0,0
2024-03-27 20:00:00,0.90488,0.90601,0.90368,0.90376,5729,0,0
2024-03-28 00:00:00,0.90317,0.90644,0.90317,0.9057,6749,0,0
2024-03-28 04:00:00,0.9057,0.90596,0.90435,0.9049,8494,0,0
2024-03-28 08:00:00,0.9049,0.90649,0.90461,0.9061,12678,0,0
2024-03-28 12:00:00,0.9061,0.90643,0.90357,0.90362,13975,0,0
2024-03-28 16:00:00,0.90363,0.90379,0.89998,0.90083,18497,0,0
2024-03-28 20:00:00,0.90083,0.90227,0.90049,0.90165,9561,0,0
2024-03-29 00:00:00,0.9003,0.90245,0.90026,0.90135,25585,0,0
2024-03-29 04:00:00,0.90135,0.90277,0.90126,0.90208,13709,0,0
2024-03-29 08:00:00,0.90218,0.90275,0.90064,0.90122,17435,0,0
2024-03-29 12:00:00,0.90134,0.90214,0.90079,0.90113,25629,0,0
2024-03-29 16:00:00,0.90112,0.90225,0.9009,0.90219,18617,0,0
2024-03-29 20:00:00,0.90218,0.90262,0.90062,0.90072,10763,0,0
2024-04-01 00:00:00,0.89916,0.90234,0.89916,0.90191,9425,0,0
2024-04-01 04:00:00,0.90191,0.90238,0.90145,0.90184,9113,0,0
2024-04-01 08:00:00,0.90184,0.90207,0.90053,0.90088,8521,0,0
2024-04-01 12:00:00,0.90088,0.90291,0.90067,0.90221,9058,0,0
2024-04-01 16:00:00,0.90222,0.90571,0.90205,0.90495,14164,0,0
2024-04-01 20:00:00,0.90493,0.90534,0.90416,0.90428,6983,0,0
2024-04-02 00:00:00,0.90348,0.90563,0.90348,0.90521,5788,0,0
2024-04-02 04:00:00,0.90521,0.90642,0.90513,0.90635,4772,0,0
2024-04-02 08:00:00,0.90637,0.90895,0.90617,0.90852,11059,0,0
2024-04-02 12:00:00,0.90852,0.9091,0.90737,0.908,12201,0,0
2024-04-02 16:00:00,0.908,0.90822,0.90536,0.90713,18347,0,0
2024-04-02 20:00:00,0.90713,0.90874,0.90707,0.90797,5680,0,0
2024-04-03 00:00:00,0.90696,0.90823,0.9068,0.90818,4395,0,0
2024-04-03 04:00:00,0.90819,0.90855,0.90773,0.90822,5830,0,0
2024-04-03 08:00:00,0.90823,0.90956,0.90796,0.90825,7864,0,0
2024-04-03 12:00:00,0.90826,0.90926,0.90774,0.90898,11302,0,0
2024-04-03 16:00:00,0.90898,0.90904,0.90298,0.90386,19164,0,0
2024-04-03 20:00:00,0.90386,0.90434,0.90272,0.90284,6007,0,0
2024-04-04 00:00:00,0.9023,0.90331,0.90229,0.90274,3463,0,0
2024-04-04 04:00:00,0.90274,0.90347,0.9027,0.90343,3735,0,0
2024-04-04 08:00:00,0.90344,0.90744,0.90266,0.90587,12658,0,0
2024-04-04 12:00:00,0.90588,0.9075,0.90482,0.90486,10057,0,0
2024-04-04 16:00:00,0.90486,0.90569,0.90385,0.90449,12519,0,0
2024-04-04 20:00:00,0.90449,0.90505,0.90089,0.90131,13978,0,0
2024-04-05 00:00:00,0.89977,0.90206,0.89977,0.90143,10248,0,0
2024-04-05 04:00:00,0.90143,0.9028,0.90131,0.90264,7351,0,0
2024-04-05 08:00:00,0.90264,0.90451,0.90157,0.90346,12653,0,0
2024-04-05 12:00:00,0.90346,0.9071,0.90266,0.90541,13316,0,0
2024-04-05 16:00:00,0.90541,0.90614,0.89979,0.90141,20015,0,0
2024-04-05 20:00:00,0.9014,0.90267,0.90103,0.90181,9418,0,0
2024-04-08 00:00:00,0.89963,0.90408,0.89874,0.90401,10630,0,0
2024-04-08 04:00:00,0.90402,0.9042,0.90238,0.90401,13394,0,0
2024-04-08 08:00:00,0.90401,0.90593,0.903,0.90566,14237,0,0
2024-04-08 12:00:00,0.90566,0.90657,0.90475,0.90489,10323,0,0
2024-04-08 16:00:00,0.90489,0.90622,0.90402,0.90562,14531,0,0
2024-04-08 20:00:00,0.90562,0.90593,0.90432,0.90535,6447,0,0
2024-04-09 00:00:00,0.90439,0.90564,0.90362,0.90551,5568,0,0
2024-04-09 04:00:00,0.90551,0.90563,0.90475,0.90488,4589,0,0
2024-04-09 08:00:00,0.90488,0.90525,0.90407,0.9045,7282,0,0
2024-04-09 12:00:00,0.90451,0.90457,0.90171,0.90196,13157,0,0
2024-04-09 16:00:00,0.90196,0.9039,0.90128,0.90345,16023,0,0
2024-04-09 20:00:00,0.90344,0.90414,0.90329,0.90349,6451,0,0
2024-04-10 00:00:00,0.90277,0.90355,0.90249,0.90337,6556,0,0
2024-04-10 04:00:00,0.90337,0.90408,0.9032,0.90384,5578,0,0
2024-04-10 08:00:00,0.90386,0.90431,0.90294,0.90367,8682,0,0
2024-04-10 12:00:00,0.90368,0.90983,0.90245,0.909,15110,0,0
2024-04-10 16:00:00,0.909,0.91425,0.90898,0.91417,23712,0,0
2024-04-10 20:00:00,0.91417,0.91476,0.91149,0.91285,15694,0,0
2024-04-11 00:00:00,0.9119,0.9136,0.91161,0.91316,8917,0,0
2024-04-11 04:00:00,0.91316,0.91327,0.91232,0.91253,6067,0,0
2024-04-11 08:00:00,0.91252,0.91467,0.91231,0.91384,14601,0,0
2024-04-11 12:00:00,0.91384,0.91407,0.90745,0.90887,19769,0,0
2024-04-11 16:00:00,0.90887,0.9124,0.90882,0.9105,22160,0,0
2024-04-11 20:00:00,0.9105,0.91065,0.90864,0.90996,9137,0,0
2024-04-12 00:00:00,0.9088,0.91047,0.90831,0.9097,4398,0,0
2024-04-12 04:00:00,0.9097,0.91126,0.90936,0.91124,7667,0,0
2024-04-12 08:00:00,0.91124,0.91311,0.9107,0.91268,13564,0,0
2024-04-12 12:00:00,0.91267,0.91372,0.91072,0.9114,15764,0,0
2024-04-12 16:00:00,0.9114,0.91276,0.91036,0.91247,24892,0,0
2024-04-12 20:00:00,0.91248,0.9145,0.91213,0.91445,8692,0,0
2024-04-15 00:00:00,0.91136,0.91438,0.90953,0.9143,9646,0,0
2024-04-15 04:00:00,0.9143,0.91478,0.9132,0.9142,8222,0,0
2024-04-15 08:00:00,0.91421,0.9144,0.91214,0.91288,13975,0,0
2024-04-15 12:00:00,0.91287,0.91514,0.91221,0.91347,14437,0,0
2024-04-15 16:00:00,0.91346,0.91522,0.91277,0.91336,20018,0,0
2024-04-15 20:00:00,0.91337,0.91351,0.91135,0.91142,12645,0,0
2024-04-16 00:00:00,0.91009,0.91286,0.91009,0.91284,5073,0,0
2024-04-16 04:00:00,0.91283,0.9137,0.91246,0.91283,7567,0,0
2024-04-16 08:00:00,0.91283,0.91421,0.91174,0.91335,13883,0,0
2024-04-16 12:00:00,0.91335,0.91351,0.91115,0.91199,15381,0,0
2024-04-16 16:00:00,0.91199,0.91375,0.91178,0.91248,21171,0,0
2024-04-16 20:00:00,0.91246,0.91399,0.91193,0.91297,16449,0,0
2024-04-17 00:00:00,0.91217,0.91312,0.91205,0.91231,8040,0,0
2024-04-17 04:00:00,0.91231,0.9126,0.91185,0.91239,8410,0,0
2024-04-17 08:00:00,0.91239,0.91326,0.90937,0.90996,13759,0,0
2024-04-17 12:00:00,0.90996,0.91183,0.90979,0.9117,13940,0,0
2024-04-17 16:00:00,0.91171,0.91314,0.91056,0.91096,17872,0,0
2024-04-17 20:00:00,0.91097,0.91115,0.90958,0.91078,11819,0,0
2024-04-18 00:00:00,0.91021,0.911,0.91018,0.91043,4295,0,0
2024-04-18 04:00:00,0.91043,0.91093,0.90962,0.9101,7152,0,0
2024-04-18 08:00:00,0.9101,0.91021,0.90812,0.90862,11580,0,0
2024-04-18 12:00:00,0.9086,0.91031,0.90822,0.90959,12278,0,0
2024-04-18 16:00:00,0.9096,0.9122,0.90937,0.91181,16867,0,0
2024-04-18 20:00:00,0.91181,0.91254,0.91131,0.91233,7797,0,0
2024-04-19 00:00:00,0.91151,0.91312,0.91151,0.912,4553,0,0
2024-04-19 04:00:00,0.912,0.91203,0.90116,0.90829,33091,0,0
2024-04-19 08:00:00,0.90829,0.9095,0.90701,0.90849,25833,0,0
2024-04-19 12:00:00,0.90849,0.9095,0.90718,0.90796,14655,0,0
2024-04-19 16:00:00,0.90796,0.91013,0.90745,0.90995,17140,0,0
2024-04-19 20:00:00,0.90995,0.91063,0.90933,0.91018,7604,0,0
2024-04-22 00:00:00,0.90891,0.9113,0.90891,0.91103,10147,0,0
2024-04-22 04:00:00,0.91103,0.91231,0.91019,0.91168,8981,0,0
2024-04-22 08:00:00,0.91167,0.91225,0.90986,0.91089,13453,0,0
2024-04-22 12:00:00,0.91089,0.91196,0.91053,0.91121,12427,0,0
2024-04-22 16:00:00,0.9112,0.9124,0.91058,0.91168,11232,0,0
2024-04-22 20:00:00,0.91168,0.91215,0.91073,0.912,5045,0,0
2024-04-23 00:00:00,0.91193,0.9121,0.91091,0.91146,8093,0,0
2024-04-23 04:00:00,0.91147,0.91231,0.91129,0.9123,5419,0,0
2024-04-23 08:00:00,0.91231,0.91301,0.91003,0.91184,10964,0,0
2024-04-23 12:00:00,0.91185,0.9125,0.91072,0.91141,9193,0,0
2024-04-23 16:00:00,0.91142,0.91242,0.90869,0.91169,16988,0,0
2024-04-23 20:00:00,0.91169,0.91201,0.91061,0.91188,6478,0,0
2024-04-24 00:00:00,0.91194,0.91203,0.91091,0.91154,4452,0,0
2024-04-24 04:00:00,0.91153,0.91188,0.91134,0.91171,4922,0,0
2024-04-24 08:00:00,0.91171,0.91473,0.91167,0.91431,10026,0,0
2024-04-24 12:00:00,0.91431,0.91531,0.9133,0.91332,8644,0,0
2024-04-24 16:00:00,0.91332,0.91438,0.91204,0.91394,12912,0,0
2024-04-24 20:00:00,0.91394,0.91526,0.91313,0.91513,6314,0,0
2024-04-25 00:00:00,0.91507,0.91507,0.91357,0.91443,6234,0,0
2024-04-25 04:00:00,0.91443,0.91485,0.91403,0.91447,4989,0,0
2024-04-25 08:00:00,0.91447,0.91449,0.91255,0.91259,9265,0,0
2024-04-25 12:00:00,0.91258,0.91556,0.91196,0.91522,12602,0,0
2024-04-25 16:00:00,0.9152,0.91568,0.91272,0.91293,16691,0,0
2024-04-25 20:00:00,0.91293,0.91303,0.91174,0.9122,7404,0,0
2024-04-26 00:00:00,0.91219,0.91324,0.9114,0.91283,6585,0,0
2024-04-26 04:00:00,0.91283,0.91347,0.9126,0.91319,7683,0,0
2024-04-26 08:00:00,0.91319,0.91335,0.90959,0.91158,13051,0,0
2024-04-26 12:00:00,0.9116,0.9134,0.9104,0.91299,14084,0,0
2024-04-26 16:00:00,0.91298,0.91505,0.91203,0.91393,16309,0,0
2024-04-26 20:00:00,0.91393,0.91477,0.91309,0.9144,4833,0,0
2024-04-29 00:00:00,0.91258,0.91426,0.91228,0.91314,5263,0,0
2024-04-29 04:00:00,0.91314,0.91519,0.91014,0.91071,14721,0,0
2024-04-29 08:00:00,0.9107,0.9131,0.90968,0.91164,19791,0,0
2024-04-29 12:00:00,0.91163,0.91235,0.91109,0.91211,10665,0,0
2024-04-29 16:00:00,0.91211,0.91329,0.90883,0.90987,15116,0,0
2024-04-29 20:00:00,0.90981,0.91076,0.90966,0.91051,7584,0,0
2024-04-30 00:00:00,0.91031,0.91137,0.90904,0.91106,7203,0,0
2024-04-30 04:00:00,0.91107,0.91193,0.91082,0.91132,5656,0,0
2024-04-30 08:00:00,0.91132,0.91373,0.91128,0.91238,9438,0,0
2024-04-30 12:00:00,0.91237,0.91546,0.91049,0.91485,14245,0,0
2024-04-30 16:00:00,0.91485,0.91848,0.91294,0.91772,20402,0,0
2024-04-30 20:00:00,0.91772,0.91952,0.91729,0.91938,7269,0,0
2024-05-01 00:00:00,0.91943,0.92005,0.91744,0.91996,6430,0,0
2024-05-01 04:00:00,0.91996,0.92162,0.91975,0.92125,3754,0,0
2024-05-01 08:00:00,0.92126,0.92244,0.92068,0.92107,9771,0,0
2024-05-01 12:00:00,0.92106,0.92125,0.91923,0.91968,10109,0,0
2024-05-01 16:00:00,0.91968,0.92024,0.91871,0.92013,11594,0,0
2024-05-01 20:00:00,0.92014,0.92081,0.91454,0.91581,25212,0,0
2024-05-02 00:00:00,0.91569,0.91715,0.91453,0.91683,10047,0,0
2024-05-02 04:00:00,0.91683,0.91735,0.91619,0.91639,6866,0,0
2024-05-02 08:00:00,0.91639,0.91664,0.90986,0.91268,15730,0,0
2024-05-02 12:00:00,0.91268,0.91295,0.9109,0.91215,13246,0,0
2024-05-02 16:00:00,0.91215,0.91383,0.911,0.91154,18757,0,0
2024-05-02 20:00:00,0.91155,0.91198,0.9098,0.91067,8638,0,0
2024-05-03 00:00:00,0.91057,0.91057,0.90921,0.90956,5756,0,0
2024-05-03 04:00:00,0.90956,0.90977,0.90885,0.90953,5592,0,0
2024-05-03 08:00:00,0.90953,0.9096,0.90704,0.90784,11643,0,0
2024-05-03 12:00:00,0.90784,0.90796,0.90059,0.90303,15679,0,0
2024-05-03 16:00:00,0.90303,0.90623,0.90245,0.90572,25517,0,0
2024-05-03 20:00:00,0.90572,0.90596,0.90468,0.90492,5807,0,0
2024-05-06 00:00:00,0.90404,0.90613,0.90363,0.90563,6014,0,0
2024-05-06 04:00:00,0.90563,0.90625,0.90508,0.90603,6052,0,0
2024-05-06 08:00:00,0.90604,0.90638,0.90421,0.90469,7056,0,0
2024-05-06 12:00:00,0.90469,0.906,0.90376,0.90385,8095,0,0
2024-05-06 16:00:00,0.90385,0.90634,0.90359,0.90609,8666,0,0
2024-05-06 20:00:00,0.90609,0.90664,0.90582,0.90624,4550,0,0
2024-05-07 00:00:00,0.90624,0.90697,0.90476,0.90611,4837,0,0
2024-05-07 04:00:00,0.90611,0.90769,0.90588,0.90713,6146,0,0
2024-05-07 08:00:00,0.90713,0.90805,0.90605,0.9078,8824,0,0
2024-05-07 12:00:00,0.9078,0.90865,0.90655,0.90663,8361,0,0
2024-05-07 16:00:00,0.90663,0.90802,0.90581,0.90768,8913,0,0
2024-05-07 20:00:00,0.90767,0.90937,0.90754,0.90831,5949,0,0
2024-05-08 00:00:00,0.90831,0.9088,0.90763,0.90871,4795,0,0
2024-05-08 04:00:00,0.9087,0.90935,0.90847,0.90915,4412,0,0
2024-05-08 08:00:00,0.90915,0.90959,0.90833,0.90834,6930,0,0
2024-05-08 12:00:00,0.90834,0.90926,0.90786,0.90841,7051,0,0
2024-05-08 16:00:00,0.90841,0.90895,0.90733,0.90811,8763,0,0
2024-05-08 20:00:00,0.90811,0.90827,0.90761,0.90797,3152,0,0
2024-05-09 00:00:00,0.90795,0.90849,0.9072,0.90848,4788,0,0
2024-05-09 04:00:00,0.90848,0.90859,0.908,0.90841,5791,0,0
2024-05-09 08:00:00,0.90841,0.90947,0.90824,0.90947,8990,0,0
2024-05-09 12:00:00,0.90947,0.90988,0.90644,0.90729,9743,0,0
2024-05-09 16:00:00,0.90729,0.90826,0.90602,0.90673,10570,0,0
2024-05-09 20:00:00,0.90674,0.90685,0.90561,0.90592,4193,0,0
2024-05-10 00:00:00,0.90587,0.90658,0.90512,0.90635,5851,0,0
2024-05-10 04:00:00,0.90635,0.90703,0.90597,0.90662,5286,0,0
2024-05-10 08:00:00,0.90662,0.90707,0.90561,0.90633,10355,0,0
2024-05-10 12:00:00,0.90631,0.9079,0.90593,0.90754,8650,0,0
2024-05-10 16:00:00,0.90755,0.90857,0.90597,0.9061,9981,0,0
2024-05-10 20:00:00,0.9061,0.90657,0.90561,0.90646,3782,0,0
2024-05-13 00:00:00,0.9055,0.90666,0.90452,0.90643,3863,0,0
2024-05-13 04:00:00,0.90643,0.907,0.90634,0.90686,5733,0,0
2024-05-13 08:00:00,0.90686,0.90706,0.90623,0.9065,9733,0,0
2024-05-13 12:00:00,0.90649,0.90757,0.90535,0.90555,10305,0,0
2024-05-13 16:00:00,0.90555,0.90772,0.90456,0.90734,10120,0,0
2024-05-13 20:00:00,0.90734,0.90876,0.90732,0.90827,4546,0,0
2024-05-14 00:00:00,0.90817,0.90863,0.90749,0.90837,3856,0,0
2024-05-14 04:00:00,0.90837,0.90884,0.90823,0.90865,4893,0,0
2024-05-14 08:00:00,0.90865,0.90879,0.90744,0.90752,6745,0,0
2024-05-14 12:00:00,0.90752,0.91022,0.90707,0.90741,10927,0,0
2024-05-14 16:00:00,0.90741,0.90786,0.90551,0.90656,12807,0,0
2024-05-14 20:00:00,0.90656,0.90699,0.90639,0.90646,4959,0,0
2024-05-15 00:00:00,0.90644,0.9071,0.90532,0.90657,8334,0,0
2024-05-15 04:00:00,0.90657,0.90663,0.90582,0.90618,3889,0,0
2024-05-15 08:00:00,0.90617,0.90621,0.90445,0.90498,8413,0,0
2024-05-15 12:00:00,0.90498,0.90579,0.90147,0.90354,12953,0,0
2024-05-15 16:00:00,0.90356,0.90634,0.90277,0.90296,16211,0,0
2024-05-15 20:00:00,0.90296,0.90356,0.90197,0.90221,6764,0,0
2024-05-16 00:00:00,0.90214,0.90237,0.89881,0.89898,10578,0,0
2024-05-16 04:00:00,0.89898,0.90077,0.89893,0.90068,8576,0,0
2024-05-16 08:00:00,0.90068,0.90224,0.8998,0.90209,10894,0,0
2024-05-16 12:00:00,0.90209,0.90447,0.90167,0.90441,11308,0,0
2024-05-16 16:00:00,0.90441,0.90574,0.90394,0.90469,9651,0,0
2024-05-16 20:00:00,0.90469,0.90628,0.90437,0.90613,4735,0,0
2024-05-17 00:00:00,0.90615,0.90729,0.90501,0.90681,5344,0,0
2024-05-17 04:00:00,0.90682,0.90737,0.90667,0.90727,5653,0,0
2024-05-17 08:00:00,0.90726,0.90984,0.90642,0.90897,8257,0,0
2024-05-17 12:00:00,0.90897,0.90978,0.90851,0.90875,6560,0,0
2024-05-17 16:00:00,0.90875,0.90909,0.90673,0.90802,10270,0,0
2024-05-17 20:00:00,0.908,0.90916,0.90752,0.90912,4852,0,0
2024-05-20 00:00:00,0.90873,0.90944,0.90778,0.9092,3903,0,0
2024-05-20 04:00:00,0.9092,0.90973,0.90898,0.90925,5557,0,0
2024-05-20 08:00:00,0.90925,0.91,0.90868,0.90892,6485,0,0
2024-05-20 12:00:00,0.90892,0.91088,0.90856,0.91055,7788,0,0
2024-05-20 16:00:00,0.91055,0.91059,0.9079,0.90933,10167,0,0
2024-05-20 20:00:00,0.90933,0.91087,0.90915,0.91054,5518,0,0
2024-05-21 00:00:00,0.91048,0.91073,0.90932,0.91069,6748,0,0
2024-05-21 04:00:00,0.91069,0.91165,0.91061,0.91077,5447,0,0
2024-05-21 08:00:00,0.91077,0.91089,0.90959,0.91001,7785,0,0
2024-05-21 12:00:00,0.91001,0.91011,0.90871,0.90998,8555,0,0
2024-05-21 16:00:00,0.90998,0.91133,0.90901,0.91063,14364,0,0
2024-05-21 20:00:00,0.91063,0.91143,0.91059,0.91095,5565,0,0
2024-05-22 00:00:00,0.91093,0.91132,0.91025,0.91113,4964,0,0
2024-05-22 04:00:00,0.91114,0.91163,0.91068,0.91152,5842,0,0
2024-05-22 08:00:00,0.91152,0.91345,0.91093,0.9128,8697,0,0
2024-05-22 12:00:00,0.9128,0.91584,0.91276,0.91435,9465,0,0
2024-05-22 16:00:00,0.91435,0.91463,0.91327,0.91381,10126,0,0
2024-05-22 20:00:00,0.91381,0.91578,0.91377,0.91571,9103,0,0
2024-05-23 00:00:00,0.91564,0.91564,0.91455,0.91516,6143,0,0
2024-05-23 04:00:00,0.91516,0.91537,0.9143,0.91463,7041,0,0
2024-05-23 08:00:00,0.91463,0.91545,0.91398,0.91461,11137,0,0
2024-05-23 12:00:00,0.91461,0.91462,0.91266,0.91343,10940,0,0
2024-05-23 16:00:00,0.91343,0.9152,0.91264,0.91486,18631,0,0
2024-05-23 20:00:00,0.91486,0.91524,0.91417,0.91433,8052,0,0
2024-05-24 00:00:00,0.91432,0.91514,0.91374,0.9147,17331,0,0
2024-05-24 04:00:00,0.9147,0.91546,0.91451,0.91525,4545,0,0
2024-05-24 08:00:00,0.91526,0.91557,0.9143,0.91486,6714,0,0
2024-05-24 12:00:00,0.91486,0.9158,0.9143,0.9147,7425,0,0
2024-05-24 16:00:00,0.9147,0.91514,0.91338,0.91426,9385,0,0
2024-05-24 20:00:00,0.91427,0.91483,0.91381,0.91468,4280,0,0
2024-05-27 00:00:00,0.91337,0.91465,0.91291,0.91454,3130,0,0
2024-05-27 04:00:00,0.91454,0.91464,0.91404,0.91441,5558,0,0
2024-05-27 08:00:00,0.91441,0.91538,0.91421,0.91452,5984,0,0
2024-05-27 12:00:00,0.91452,0.91534,0.91333,0.91475,8370,0,0
2024-05-27 16:00:00,0.91476,0.91482,0.91324,0.91355,7828,0,0
2024-05-27 20:00:00,0.91355,0.91374,0.91336,0.91347,3163,0,0
2024-05-28 00:00:00,0.91309,0.91388,0.91262,0.91294,11298,0,0
2024-05-28 04:00:00,0.91294,0.913,0.91171,0.91207,7765,0,0
2024-05-28 08:00:00,0.91207,0.9125,0.91102,0.91204,10948,0,0
2024-05-28 12:00:00,0.91204,0.91217,0.90856,0.90997,10878,0,0
2024-05-28 16:00:00,0.91,0.9117,0.90932,0.91102,13469,0,0
2024-05-28 20:00:00,0.91102,0.9125,0.91097,0.91243,8321,0,0
2024-05-29 00:00:00,0.91239,0.91271,0.91115,0.91243,12529,0,0
2024-05-29 04:00:00,0.91243,0.91277,0.91185,0.91252,5709,0,0
2024-05-29 08:00:00,0.91252,0.91321,0.91176,0.91273,10544,0,0
2024-05-29 12:00:00,0.91273,0.91436,0.91129,0.91168,11386,0,0
2024-05-29 16:00:00,0.91167,0.91406,0.91163,0.9136,13978,0,0
2024-05-29 20:00:00,0.9136,0.91397,0.91314,0.91322,8342,0,0
2024-05-30 00:00:00,0.91311,0.91368,0.91279,0.91352,4968,0,0
2024-05-30 04:00:00,0.91352,0.9141,0.91272,0.91295,7634,0,0
2024-05-30 08:00:00,0.91295,0.91311,0.90701,0.90707,14244,0,0
2024-05-30 12:00:00,0.90707,0.90775,0.90481,0.90499,14423,0,0
2024-05-30 16:00:00,0.90499,0.90567,0.90314,0.90387,12808,0,0
2024-05-30 20:00:00,0.90388,0.904,0.90312,0.90332,6213,0,0
2024-05-31 00:00:00,0.90327,0.90363,0.90241,0.90283,5446,0,0
2024-05-31 04:00:00,0.90283,0.90428,0.90259,0.90398,7864,0,0
2024-05-31 08:00:00,0.90399,0.90602,0.90389,0.906,11110,0,0
2024-05-31 12:00:00,0.906,0.90693,0.90286,0.90319,14143,0,0
2024-05-31 16:00:00,0.90319,0.90408,0.90024,0.90329,16984,0,0
2024-05-31 20:00:00,0.90329,0.90346,0.90213,0.90223,6676,0,0
2024-06-03 00:00:00,0.90231,0.90252,0.90075,0.90104,5856,0,0
2024-06-03 04:00:00,0.90104,0.90166,0.90052,0.90141,6744,0,0
2024-06-03 08:00:00,0.90141,0.90312,0.90098,0.90272,11080,0,0
2024-06-03 12:00:00,0.90272,0.90357,0.90042,0.90111,11143,0,0
2024-06-03 16:00:00,0.90111,0.90129,0.89504,0.89553,15998,0,0
2024-06-03 20:00:00,0.89553,0.89641,0.89514,0.89574,6874,0,0
2024-06-04 00:00:00,0.89569,0.8959,0.89466,0.89523,7473,0,0
2024-06-04 04:00:00,0.89522,0.89607,0.89522,0.89566,5386,0,0
2024-06-04 08:00:00,0.89566,0.89727,0.89335,0.89515,13023,0,0
2024-06-04 12:00:00,0.89515,0.89596,0.89224,0.89336,16281,0,0
2024-06-04 16:00:00,0.89336,0.89376,0.88911,0.88929,16362,0,0
2024-06-04 20:00:00,0.88929,0.89024,0.88845,0.89015,7152,0,0
2024-06-05 00:00:00,0.89022,0.89077,0.88942,0.89048,5689,0,0
2024-06-05 04:00:00,0.8905,0.89108,0.89022,0.89098,5592,0,0
2024-06-05 08:00:00,0.89098,0.89314,0.89088,0.89221,9493,0,0
2024-06-05 12:00:00,0.89221,0.89296,0.89167,0.89198,8724,0,0
2024-06-05 16:00:00,0.89198,0.89489,0.89138,0.89384,13949,0,0
2024-06-05 20:00:00,0.89384,0.89434,0.89303,0.8935,4140,0,0
2024-06-06 00:00:00,0.89348,0.89358,0.89142,0.89144,4619,0,0
2024-06-06 04:00:00,0.89144,0.89144,0.89036,0.8911,4970,0,0
2024-06-06 08:00:00,0.8911,0.89309,0.89083,0.89205,7768,0,0
2024-06-06 12:00:00,0.89206,0.89213,0.89022,0.89176,10364,0,0
2024-06-06 16:00:00,0.89176,0.89295,0.89115,0.89155,11186,0,0
2024-06-06 20:00:00,0.89155,0.89192,0.88918,0.88926,4750,0,0
2024-06-07 00:00:00,0.88924,0.89041,0.88868,0.89023,5411,0,0
2024-06-07 04:00:00,0.89023,0.89064,0.88957,0.88986,3793,0,0
2024-06-07 08:00:00,0.88986,0.89023,0.88812,0.88939,9445,0,0
2024-06-07 12:00:00,0.88939,0.89586,0.88886,0.89533,14085,0,0
2024-06-07 16:00:00,0.89533,0.8973,0.89516,0.89614,15916,0,0
2024-06-07 20:00:00,0.89615,0.89681,0.89612,0.89662,4684,0,0
2024-06-10 00:00:00,0.89899,0.89899,0.89496,0.89671,7236,0,0
2024-06-10 04:00:00,0.8967,0.89794,0.8965,0.89744,4772,0,0
2024-06-10 08:00:00,0.89744,0.8983,0.89664,0.89694,10232,0,0
2024-06-10 12:00:00,0.89694,0.8971,0.89545,0.89681,9158,0,0
2024-06-10 16:00:00,0.89681,0.89751,0.89603,0.89678,8468,0,0
2024-06-10 20:00:00,0.89678,0.89691,0.89619,0.89647,5399,0,0
2024-06-11 00:00:00,0.89649,0.89709,0.89503,0.89697,4773,0,0
2024-06-11 04:00:00,0.89697,0.89709,0.89646,0.89665,3000,0,0
2024-06-11 08:00:00,0.89665,0.89736,0.89595,0.89682,7175,0,0
2024-06-11 12:00:00,0.89682,0.89745,0.89608,0.89721,9137,0,0
2024-06-11 16:00:00,0.89721,0.89933,0.89714,0.89845,8975,0,0
2024-06-11 20:00:00,0.89845,0.89856,0.89681,0.8976,4549,0,0
2024-06-12 00:00:00,0.89755,0.89834,0.89665,0.89827,4985,0,0
2024-06-12 04:00:00,0.89827,0.89834,0.89746,0.89786,3292,0,0
2024-06-12 08:00:00,0.89786,0.89793,0.89647,0.89661,5191,0,0
2024-06-12 12:00:00,0.89662,0.89688,0.88932,0.89048,10985,0,0
2024-06-12 16:00:00,0.89048,0.89291,0.89028,0.8913,17111,0,0
2024-06-12 20:00:00,0.8913,0.89496,0.89063,0.8944,17107,0,0
2024-06-13 00:00:00,0.89435,0.89468,0.89242,0.89405,4354,0,0
2024-06-13 04:00:00,0.89405,0.89548,0.89391,0.89546,4869,0,0
2024-06-13 08:00:00,0.89546,0.89607,0.89485,0.89544,7216,0,0
2024-06-13 12:00:00,0.89544,0.89674,0.89321,0.89468,12308,0,0
2024-06-13 16:00:00,0.89466,0.89593,0.89319,0.89466,15616,0,0
2024-06-13 20:00:00,0.89466,0.89469,0.8934,0.89375,5730,0,0
2024-06-14 00:00:00,0.89385,0.89421,0.89276,0.89398,4754,0,0
2024-06-14 04:00:00,0.89398,0.89437,0.89323,0.89424,9759,0,0
2024-06-14 08:00:00,0.89424,0.89478,0.89117,0.89216,13394,0,0
2024-06-14 12:00:00,0.89215,0.89446,0.89163,0.8924,16937,0,0
2024-06-14 16:00:00,0.89241,0.89272,0.88972,0.89061,15886,0,0
2024-06-14 20:00:00,0.89061,0.89068,0.88947,0.89011,5323,0,0
2024-06-17 00:00:00,0.88982,0.89096,0.88875,0.89052,5374,0,0
2024-06-17 04:00:00,0.89052,0.89093,0.89038,0.89044,5313,0,0
2024-06-17 08:00:00,0.89042,0.89191,0.89029,0.89184,11492,0,0
2024-06-17 12:00:00,0.89183,0.89322,0.89171,0.89296,9557,0,0
2024-06-17 16:00:00,0.89296,0.89296,0.89085,0.89095,9105,0,0
2024-06-17 20:00:00,0.89096,0.89102,0.88952,0.88958,4890,0,0
2024-06-18 00:00:00,0.88951,0.88982,0.888,0.88819,4867,0,0
2024-06-18 04:00:00,0.88819,0.88971,0.88812,0.88966,8566,0,0
2024-06-18 08:00:00,0.88966,0.89001,0.88862,0.88891,9609,0,0
2024-06-18 12:00:00,0.8889,0.88899,0.88513,0.88526,12881,0,0
2024-06-18 16:00:00,0.88526,0.88536,0.88268,0.88404,15562,0,0
2024-06-18 20:00:00,0.88404,0.8847,0.88361,0.88412,6771,0,0
2024-06-19 00:00:00,0.88411,0.88461,0.88333,0.88422,11802,0,0
2024-06-19 04:00:00,0.88422,0.88443,0.88383,0.88435,5328,0,0
2024-06-19 08:00:00,0.88435,0.88481,0.8834,0.88427,9906,0,0
2024-06-19 12:00:00,0.88427,0.88544,0.88373,0.88409,10011,0,0
2024-06-19 16:00:00,0.88409,0.88443,0.88362,0.88426,5890,0,0
2024-06-19 20:00:00,0.88426,0.88478,0.88424,0.88451,2174,0,0
2024-06-20 00:00:00,0.88401,0.88449,0.88334,0.88406,4940,0,0
2024-06-20 04:00:00,0.88406,0.88409,0.88346,0.88386,5140,0,0
2024-06-20 08:00:00,0.88386,0.89115,0.88323,0.88944,11978,0,0
2024-06-20 12:00:00,0.88944,0.89192,0.88903,0.89176,14092,0,0
2024-06-20 16:00:00,0.89174,0.89262,0.89015,0.89128,12312,0,0
2024-06-20 20:00:00,0.89128,0.89148,0.89034,0.89138,6428,0,0
2024-06-21 00:00:00,0.89129,0.89198,0.89041,0.89194,5762,0,0
2024-06-21 04:00:00,0.89194,0.89206,0.8911,0.89113,6452,0,0
2024-06-21 08:00:00,0.89113,0.89258,0.89051,0.89202,11878,0,0
2024-06-21 12:00:00,0.89202,0.89294,0.8917,0.89256,10048,0,0
2024-06-21 16:00:00,0.89256,0.89445,0.89229,0.89433,11742,0,0
2024-06-21 20:00:00,0.89433,0.89446,0.89401,0.89425,3110,0,0
2024-06-24 00:00:00,0.8926,0.89453,0.89235,0.89384,4515,0,0
2024-06-24 04:00:00,0.89384,0.89412,0.89322,0.89365,4723,0,0
2024-06-24 08:00:00,0.89365,0.89418,0.89312,0.89393,10786,0,0
2024-06-24 12:00:00,0.89393,0.89414,0.89217,0.8925,9552,0,0
2024-06-24 16:00:00,0.8925,0.89415,0.89221,0.89401,10214,0,0
2024-06-24 20:00:00,0.89401,0.89419,0.89273,0.89281,4712,0,0
2024-06-25 00:00:00,0.89228,0.89332,0.89178,0.89189,4430,0,0
2024-06-25 04:00:00,0.89188,0.89256,0.89171,0.89191,3677,0,0
2024-06-25 08:00:00,0.89191,0.89385,0.89131,0.89362,7688,0,0
2024-06-25 12:00:00,0.89362,0.89423,0.89274,0.89418,9592,0,0
2024-06-25 16:00:00,0.89418,0.89498,0.89376,0.89496,6930,0,0
2024-06-25 20:00:00,0.89496,0.89526,0.89427,0.89472,3445,0,0
2024-06-26 00:00:00,0.89458,0.89569,0.89382,0.89538,4306,0,0
2024-06-26 04:00:00,0.89538,0.89539,0.89466,0.89507,4737,0,0
2024-06-26 08:00:00,0.89507,0.89724,0.89504,0.89717,6535,0,0
2024-06-26 12:00:00,0.89717,0.89831,0.89583,0.89627,10036,0,0
2024-06-26 16:00:00,0.89627,0.89778,0.8953,0.89759,11851,0,0
2024-06-26 20:00:00,0.89759,0.89769,0.89687,0.89737,4040,0,0
2024-06-27 00:00:00,0.89734,0.89751,0.89632,0.89733,6252,0,0
2024-06-27 04:00:00,0.89733,0.89739,0.89667,0.89671,4381,0,0
2024-06-27 08:00:00,0.89671,0.89802,0.89651,0.89769,7228,0,0
2024-06-27 12:00:00,0.89769,0.89802,0.89605,0.89629,8565,0,0
2024-06-27 16:00:00,0.8963,0.89843,0.89574,0.89808,10009,0,0
2024-06-27 20:00:00,0.89807,0.89888,0.89786,0.89882,4457,0,0
2024-06-28 00:00:00,0.89853,0.89954,0.89765,0.89952,3568,0,0
2024-06-28 04:00:00,0.89952,0.90001,0.89914,0.89952,5051,0,0
2024-06-28 08:00:00,0.89952,0.90019,0.89859,0.89948,7349,0,0
2024-06-28 12:00:00,0.89948,0.90043,0.89852,0.8994,12030,0,0
2024-06-28 16:00:00,0.89941,0.90098,0.89796,0.89849,15438,0,0
2024-06-28 20:00:00,0.89849,0.89885,0.89794,0.89861,5762,0,0
2024-07-01 00:00:00,0.89766,0.9005,0.89623,0.89951,6898,0,0
2024-07-01 04:00:00,0.89951,0.89986,0.8989,0.89959,5271,0,0
2024-07-01 08:00:00,0.89959,0.90086,0.89843,0.90027,9331,0,0
2024-07-01 12:00:00,0.90027,0.90247,0.89966,0.90238,7970,0,0
2024-07-01 16:00:00,0.90237,0.90447,0.89986,0.90353,13725,0,0
2024-07-01 20:00:00,0.90354,0.90401,0.90266,0.90278,4128,0,0
2024-07-02 00:00:00,0.90263,0.90361,0.90215,0.90332,6328,0,0
2024-07-02 04:00:00,0.90332,0.9041,0.90306,0.90399,3863,0,0
2024-07-02 08:00:00,0.90399,0.90471,0.9035,0.90423,7326,0,0
2024-07-02 12:00:00,0.90424,0.90433,0.9036,0.90426,7469,0,0
2024-07-02 16:00:00,0.90426,0.90497,0.90317,0.9045,13690,0,0
2024-07-02 20:00:00,0.90449,0.90479,0.90367,0.90393,3198,0,0
2024-07-03 00:00:00,0.90387,0.90397,0.90321,0.90383,2775,0,0
2024-07-03 04:00:00,0.90383,0.90437,0.90382,0.90424,2574,0,0
2024-07-03 08:00:00,0.90424,0.90504,0.90343,0.90364,5093,0,0
2024-07-03 12:00:00,0.90364,0.90383,0.9026,0.90267,8892,0,0
2024-07-03 16:00:00,0.90267,0.90286,0.89856,0.90071,14205,0,0
2024-07-03 20:00:00,0.9007,0.90189,0.9007,0.90145,3591,0,0
2024-07-04 00:00:00,0.90111,0.90176,0.89973,0.90065,5422,0,0
2024-07-04 04:00:00,0.90065,0.90118,0.90032,0.90107,3097,0,0
2024-07-04 08:00:00,0.90107,0.90396,0.90004,0.90134,9245,0,0
2024-07-04 12:00:00,0.90133,0.90134,0.89915,0.89997,6041,0,0
2024-07-04 16:00:00,0.89997,0.90056,0.89943,0.89988,5323,0,0
2024-07-04 20:00:00,0.89988,0.90005,0.89971,0.89997,1302,0,0
2024-07-05 00:00:00,0.89992,0.90036,0.89953,0.89976,2499,0,0
2024-07-05 04:00:00,0.89976,0.89983,0.89828,0.89852,5391,0,0
2024-07-05 08:00:00,0.89852,0.89901,0.89794,0.89832,5560,0,0
2024-07-05 12:00:00,0.89832,0.90062,0.89733,0.89801,10087,0,0
2024-07-05 16:00:00,0.89801,0.8991,0.897,0.89758,14959,0,0
2024-07-05 20:00:00,0.89758,0.8976,0.8954,0.89569,3984,0,0
2024-07-08 00:00:00,0.89522,0.89569,0.89433,0.89552,5692,0,0
2024-07-08 04:00:00,0.89552,0.89574,0.89492,0.89504,7662,0,0
2024-07-08 08:00:00,0.89504,0.8957,0.8945,0.89549,9519,0,0
2024-07-08 12:00:00,0.89549,0.89672,0.89524,0.89624,7686,0,0
2024-07-08 16:00:00,0.89624,0.8973,0.89562,0.89716,9519,0,0
2024-07-08 20:00:00,0.89716,0.89769,0.89678,0.89759,2684,0,0
2024-07-09 00:00:00,0.89761,0.8983,0.89647,0.8982,3244,0,0
2024-07-09 04:00:00,0.8982,0.89905,0.89801,0.89823,3290,0,0
2024-07-09 08:00:00,0.89823,0.89879,0.89791,0.89853,5057,0,0
2024-07-09 12:00:00,0.89853,0.89855,0.8974,0.89807,7813,0,0
2024-07-09 16:00:00,0.89807,0.89864,0.89685,0.89776,11291,0,0
2024-07-09 20:00:00,0.89776,0.898,0.8973,0.89778,4658,0,0
2024-07-10 00:00:00,0.89775,0.89803,0.89699,0.89799,3409,0,0
2024-07-10 04:00:00,0.89799,0.8982,0.89723,0.89733,3615,0,0
2024-07-10 08:00:00,0.89733,0.89765,0.89641,0.89735,5514,0,0
2024-07-10 12:00:00,0.89735,0.8984,0.89732,0.89814,6648,0,0
2024-07-10 16:00:00,0.89814,0.89975,0.8981,0.8992,10871,0,0
2024-07-10 20:00:00,0.8992,0.9001,0.89902,0.89955,3956,0,0
2024-07-11 00:00:00,0.89953,0.89953,0.89837,0.89905,2482,0,0
2024-07-11 04:00:00,0.89906,0.89932,0.89858,0.89926,2956,0,0
2024-07-11 08:00:00,0.89926,0.8998,0.89833,0.89842,6707,0,0
2024-07-11 12:00:00,0.89842,0.8987,0.89183,0.89325,12654,0,0
2024-07-11 16:00:00,0.89327,0.8944,0.89153,0.89432,18956,0,0
2024-07-11 20:00:00,0.89432,0.89659,0.89417,0.89644,8039,0,0
2024-07-12 00:00:00,0.89641,0.89705,0.89415,0.89602,9828,0,0
2024-07-12 04:00:00,0.89602,0.89699,0.896,0.89626,4211,0,0
2024-07-12 08:00:00,0.89626,0.89627,0.89546,0.89584,6311,0,0
2024-07-12 12:00:00,0.89584,0.89642,0.89423,0.89475,9739,0,0
2024-07-12 16:00:00,0.89475,0.89523,0.89325,0.89466,16049,0,0
2024-07-12 20:00:00,0.89466,0.89499,0.89405,0.89445,2798,0,0
2024-07-15 00:00:00,0.89353,0.89722,0.89089,0.89626,6593,0,0
2024-07-15 04:00:00,0.89626,0.89677,0.89556,0.89561,3437,0,0
2024-07-15 08:00:00,0.89561,0.89602,0.89388,0.894,6801,0,0
2024-07-15 12:00:00,0.894,0.89502,0.89342,0.89423,8078,0,0
2024-07-15 16:00:00,0.89423,0.89548,0.89353,0.89473,10865,0,0
2024-07-15 20:00:00,0.89473,0.89601,0.89473,0.89573,7645,0,0
2024-07-16 00:00:00,0.89573,0.89588,0.89477,0.89571,4039,0,0
2024-07-16 04:00:00,0.89571,0.89604,0.89526,0.89533,3515,0,0
2024-07-16 08:00:00,0.89533,0.89556,0.89452,0.89524,8967,0,0
2024-07-16 12:00:00,0.89524,0.89792,0.895,0.8972,9845,0,0
2024-07-16 16:00:00,0.89719,0.8973,0.89508,0.89513,9311,0,0
2024-07-16 20:00:00,0.89513,0.89515,0.89352,0.8938,5125,0,0
2024-07-17 00:00:00,0.89361,0.89422,0.8926,0.89415,3350,0,0
2024-07-17 04:00:00,0.89414,0.8945,0.89371,0.89376,3601,0,0
2024-07-17 08:00:00,0.89376,0.89413,0.8872,0.88741,12017,0,0
2024-07-17 12:00:00,0.88741,0.88905,0.88526,0.88607,14441,0,0
2024-07-17 16:00:00,0.88607,0.88655,0.88361,0.88442,15315,0,0
2024-07-17 20:00:00,0.88442,0.88504,0.88273,0.88334,6691,0,0
2024-07-18 00:00:00,0.8834,0.88375,0.88189,0.88363,6496,0,0
2024-07-18 04:00:00,0.88363,0.88477,0.88363,0.88463,6483,0,0
2024-07-18 08:00:00,0.88463,0.88473,0.88266,0.88428,11265,0,0
2024-07-18 12:00:00,0.88428,0.88451,0.88316,0.88347,10147,0,0
2024-07-18 16:00:00,0.88347,0.88647,0.88334,0.886,14193,0,0
2024-07-18 20:00:00,0.886,0.88787,0.88592,0.88777,7252,0,0
2024-07-19 00:00:00,0.88758,0.88826,0.88396,0.888,5962,0,0
2024-07-19 04:00:00,0.888,0.88936,0.8879,0.88933,3826,0,0
2024-07-19 08:00:00,0.88933,0.88964,0.88745,0.88832,9620,0,0
2024-07-19 12:00:00,0.88832,0.89,0.88767,0.88985,8870,0,0
2024-07-19 16:00:00,0.88985,0.88989,0.88816,0.88856,11934,0,0
2024-07-19 20:00:00,0.88856,0.8895,0.88854,0.88891,3638,0,0
2024-07-22 00:00:00,0.8871,0.88892,0.88694,0.88817,5702,0,0
2024-07-22 04:00:00,0.88817,0.88896,0.88814,0.88859,4513,0,0
2024-07-22 08:00:00,0.88859,0.88902,0.88711,0.88778,10557,0,0
2024-07-22 12:00:00,0.88778,0.88935,0.88735,0.8889,9183,0,0
2024-07-22 16:00:00,0.8889,0.89023,0.88865,0.88962,10449,0,0
2024-07-22 20:00:00,0.88962,0.88981,0.88927,0.88963,3778,0,0
2024-07-23 00:00:00,0.88946,0.88986,0.88832,0.88934,6115,0,0
2024-07-23 04:00:00,0.88934,0.88965,0.88885,0.88904,5114,0,0
2024-07-23 08:00:00,0.88904,0.89057,0.88893,0.89006,9504,0,0
2024-07-23 12:00:00,0.89006,0.89206,0.89005,0.8914,8611,0,0
2024-07-23 16:00:00,0.8914,0.8924,0.89076,0.89162,9334,0,0
2024-07-23 20:00:00,0.89163,0.89167,0.89104,0.89136,5946,0,0
2024-07-24 00:00:00,0.89127,0.89211,0.89044,0.8919,3003,0,0
2024-07-24 04:00:00,0.8919,0.89215,0.89096,0.89121,6439,0,0
2024-07-24 08:00:00,0.89121,0.89134,0.889,0.88913,11661,0,0
2024-07-24 12:00:00,0.88913,0.88926,0.88452,0.88479,12030,0,0
2024-07-24 16:00:00,0.88478,0.88501,0.88288,0.88422,13745,0,0
2024-07-24 20:00:00,0.88422,0.88608,0.88401,0.88515,8279,0,0
2024-07-25 00:00:00,0.88507,0.88541,0.88373,0.88446,7795,0,0
2024-07-25 04:00:00,0.88446,0.88449,0.88268,0.88295,10086,0,0
2024-07-25 08:00:00,0.88295,0.88338,0.87962,0.8807,14595,0,0
2024-07-25 12:00:00,0.8807,0.88105,0.87769,0.88081,15816,0,0
2024-07-25 16:00:00,0.88081,0.88209,0.87865,0.88025,21648,0,0
2024-07-25 20:00:00,0.88024,0.88163,0.87963,0.88161,8674,0,0
2024-07-26 00:00:00,0.88161,0.88167,0.88005,0.8812,7185,0,0
2024-07-26 04:00:00,0.8812,0.88137,0.88025,0.88099,6884,0,0
2024-07-26 08:00:00,0.88099,0.88421,0.8807,0.88339,10373,0,0
2024-07-26 12:00:00,0.88339,0.88444,0.88209,0.88269,10973,0,0
2024-07-26 16:00:00,0.88269,0.88346,0.88196,0.88314,13082,0,0
2024-07-26 20:00:00,0.88313,0.88388,0.88295,0.88369,7027,0,0
2024-07-29 00:00:00,0.88279,0.88465,0.88173,0.88313,5537,0,0
2024-07-29 04:00:00,0.88313,0.88356,0.88203,0.88312,5920,0,0
2024-07-29 08:00:00,0.88313,0.88551,0.88286,0.8852,12024,0,0
2024-07-29 12:00:00,0.8852,0.88557,0.88416,0.88486,7753,0,0
2024-07-29 16:00:00,0.88486,0.88717,0.88474,0.88618,9251,0,0
2024-07-29 20:00:00,0.88618,0.88646,0.88574,0.88613,4034,0,0
2024-07-30 00:00:00,0.88608,0.88648,0.88504,0.8863,4001,0,0
2024-07-30 04:00:00,0.8863,0.88692,0.88624,0.88672,4567,0,0
2024-07-30 08:00:00,0.88672,0.88756,0.88535,0.8861,9194,0,0
2024-07-30 12:00:00,0.8861,0.88674,0.88541,0.88627,9595,0,0
2024-07-30 16:00:00,0.88628,0.88637,0.88313,0.88316,16829,0,0
2024-07-30 20:00:00,0.88316,0.88418,0.88256,0.8827,7429,0,0
2024-07-31 00:00:00,0.88264,0.88314,0.88136,0.88177,8478,0,0
2024-07-31 04:00:00,0.88177,0.88305,0.88069,0.88103,9181,0,0
2024-07-31 08:00:00,0.88103,0.88283,0.88028,0.88121,13766,0,0
2024-07-31 12:00:00,0.88121,0.88194,0.8782,0.87864,12252,0,0
2024-07-31 16:00:00,0.87864,0.88081,0.87704,0.88048,15335,0,0
2024-07-31 20:00:00,0.88048,0.88187,0.87723,0.87803,15562,0,0
2024-08-01 00:00:00,0.878,0.87839,0.87725,0.87742,5345,0,0
2024-08-01 04:00:00,0.87742,0.8776,0.87596,0.87704,10897,0,0
2024-08-01 08:00:00,0.87704,0.87751,0.8754,0.8757,13571,0,0
2024-08-01 12:00:00,0.87574,0.87772,0.8746,0.87617,12444,0,0
2024-08-01 16:00:00,0.87617,0.87698,0.87272,0.87392,17836,0,0
2024-08-01 20:00:00,0.87392,0.8742,0.87261,0.87293,7201,0,0
2024-08-02 00:00:00,0.87294,0.8734,0.87192,0.87251,8283,0,0
2024-08-02 04:00:00,0.87251,0.8733,0.87178,0.87185,6859,0,0
2024-08-02 08:00:00,0.87185,0.87281,0.87069,0.87175,15352,0,0
2024-08-02 12:00:00,0.87175,0.87184,0.86319,0.86421,16676,0,0
2024-08-02 16:00:00,0.86422,0.86639,0.8577,0.85988,30026,0,0
2024-08-02 20:00:00,0.85988,0.85997,0.85737,0.8579,9908,0,0
2024-08-05 00:00:00,0.85689,0.85947,0.85363,0.85463,19405,0,0
2024-08-05 04:00:00,0.8546,0.85582,0.84877,0.84922,23261,0,0
2024-08-05 08:00:00,0.84922,0.85342,0.84471,0.85013,37847,0,0
2024-08-05 12:00:00,0.85015,0.85125,0.84323,0.84447,25534,0,0
2024-08-05 16:00:00,0.84447,0.85533,0.84428,0.85345,35803,0,0
2024-08-05 20:00:00,0.85345,0.85427,0.84978,0.85229,19052,0,0
2024-08-06 00:00:00,0.85168,0.85555,0.85088,0.85437,14567,0,0
2024-08-06 04:00:00,0.85436,0.85648,0.8537,0.85613,15357,0,0
2024-08-06 08:00:00,0.85613,0.85721,0.85331,0.85435,22585,0,0
2024-08-06 12:00:00,0.85435,0.85555,0.85226,0.85304,20564,0,0
2024-08-06 16:00:00,0.85304,0.85423,0.85011,0.8536,25523,0,0
2024-08-06 20:00:00,0.8536,0.854,0.85092,0.85117,11416,0,0
2024-08-07 00:00:00,0.85136,0.85419,0.84956,0.85354,11873,0,0
2024-08-07 04:00:00,0.85354,0.85925,0.85302,0.85889,21930,0,0
2024-08-07 08:00:00,0.85889,0.85934,0.85465,0.85877,21362,0,0
2024-08-07 12:00:00,0.85877,0.86406,0.85863,0.86113,14505,0,0
2024-08-07 16:00:00,0.86113,0.86623,0.86081,0.86305,20769,0,0
2024-08-07 20:00:00,0.86306,0.86348,0.86082,0.86165,13095,0,0
2024-08-08 00:00:00,0.86164,0.86295,0.85726,0.85854,13084,0,0
2024-08-08 04:00:00,0.85854,0.861,0.85851,0.85914,14131,0,0
2024-08-08 08:00:00,0.85914,0.86036,0.85796,0.85841,17948,0,0
2024-08-08 12:00:00,0.85841,0.86291,0.85598,0.86205,18328,0,0
2024-08-08 16:00:00,0.86205,0.86743,0.86167,0.86619,24416,0,0
2024-08-08 20:00:00,0.86619,0.86706,0.86536,0.86668,11152,0,0
2024-08-09 00:00:00,0.8666,0.86706,0.8649,0.86628,12220,0,0
2024-08-09 04:00:00,0.86629,0.86672,0.86504,0.86531,9623,0,0
2024-08-09 08:00:00,0.86531,0.86719,0.8648,0.86544,10740,0,0
2024-08-09 12:00:00,0.86544,0.86582,0.86377,0.8647,17047,0,0
2024-08-09 16:00:00,0.8647,0.86509,0.86322,0.86448,14379,0,0
2024-08-09 20:00:00,0.86448,0.8654,0.86435,0.86516,5421,0,0
2024-08-12 00:00:00,0.86312,0.86624,0.86295,0.86505,5482,0,0
2024-08-12 04:00:00,0.86505,0.86682,0.8646,0.86672,6315,0,0
2024-08-12 08:00:00,0.86672,0.86938,0.86649,0.86852,13148,0,0
2024-08-12 12:00:00,0.86852,0.86963,0.8678,0.86911,9308,0,0
2024-08-12 16:00:00,0.86911,0.87119,0.86601,0.86679,18812,0,0
2024-08-12 20:00:00,0.86679,0.86679,0.86446,0.86517,10727,0,0
2024-08-13 00:00:00,0.86514,0.86656,0.86447,0.8663,8181,0,0
2024-08-13 04:00:00,0.8663,0.86791,0.86562,0.86733,5791,0,0
2024-08-13 08:00:00,0.86733,0.86792,0.86626,0.86732,10561,0,0
2024-08-13 12:00:00,0.86732,0.86801,0.86571,0.86662,13137,0,0
2024-08-13 16:00:00,0.86662,0.86676,0.8642,0.86487,14868,0,0
2024-08-13 20:00:00,0.86486,0.8656,0.86371,0.86477,10725,0,0
2024-08-14 00:00:00,0.86481,0.8655,0.86399,0.86548,7240,0,0
2024-08-14 04:00:00,0.86548,0.86588,0.86377,0.86465,13000,0,0
2024-08-14 08:00:00,0.86464,0.8655,0.86222,0.86247,11969,0,0
2024-08-14 12:00:00,0.86247,0.86611,0.86173,0.86514,14265,0,0
2024-08-14 16:00:00,0.86515,0.86573,0.86196,0.86477,18240,0,0
2024-08-14 20:00:00,0.86477,0.86558,0.86473,0.86509,4188,0,0
2024-08-15 00:00:00,0.86515,0.86551,0.86403,0.86504,5477,0,0
2024-08-15 04:00:00,0.86504,0.86637,0.865,0.86536,6337,0,0
2024-08-15 08:00:00,0.86536,0.86637,0.86471,0.86616,10830,0,0
2024-08-15 12:00:00,0.86616,0.87376,0.86601,0.87306,11936,0,0
2024-08-15 16:00:00,0.87304,0.87487,0.87058,0.8722,21276,0,0
2024-08-15 20:00:00,0.8722,0.87298,0.8718,0.87254,7154,0,0
2024-08-16 00:00:00,0.87256,0.87285,0.87118,0.87195,5939,0,0
2024-08-16 04:00:00,0.87195,0.87216,0.87099,0.87114,6591,0,0
2024-08-16 08:00:00,0.87114,0.87149,0.86818,0.86867,7123,0,0
2024-08-16 12:00:00,0.86867,0.86926,0.86646,0.86684,12268,0,0
2024-08-16 16:00:00,0.86684,0.86968,0.86662,0.86843,14405,0,0
2024-08-16 20:00:00,0.86844,0.86844,0.86598,0.86599,4333,0,0
2024-08-19 00:00:00,0.86427,0.86776,0.86357,0.86683,6800,0,0
2024-08-19 04:00:00,0.86683,0.86719,0.86335,0.86392,8822,0,0
2024-08-19 08:00:00,0.86392,0.86477,0.86158,0.8646,15069,0,0
2024-08-19 12:00:00,0.86461,0.86566,0.86385,0.86537,12143,0,0
2024-08-19 16:00:00,0.86538,0.86636,0.86268,0.86304,12701,0,0
2024-08-19 20:00:00,0.86304,0.86332,0.86229,0.86288,7115,0,0
2024-08-20 00:00:00,0.86275,0.86308,0.86176,0.86208,6122,0,0
2024-08-20 04:00:00,0.86208,0.86232,0.86048,0.86204,9761,0,0
2024-08-20 08:00:00,0.86204,0.86252,0.85885,0.8601,11764,0,0
2024-08-20 12:00:00,0.86008,0.86047,0.85905,0.85913,11205,0,0
2024-08-20 16:00:00,0.85913,0.85937,0.85581,0.85618,18110,0,0
2024-08-20 20:00:00,0.85618,0.85649,0.85398,0.85403,5581,0,0
2024-08-21 00:00:00,0.85397,0.85425,0.8521,0.85353,7332,0,0
2024-08-21 04:00:00,0.85353,0.85438,0.85336,0.8542,8212,0,0
2024-08-21 08:00:00,0.8542,0.85615,0.85344,0.85523,10716,0,0
2024-08-21 12:00:00,0.85523,0.85596,0.85378,0.85401,6998,0,0
2024-08-21 16:00:00,0.85401,0.85571,0.85073,0.85134,24016,0,0
2024-08-21 20:00:00,0.85135,0.8523,0.84953,0.85167,8342,0,0
2024-08-22 00:00:00,0.85156,0.85188,0.85018,0.85179,5585,0,0
2024-08-22 04:00:00,0.85179,0.85253,0.85106,0.85141,5641,0,0
2024-08-22 08:00:00,0.85141,0.85157,0.84892,0.85124,10690,0,0
2024-08-22 12:00:00,0.85124,0.85329,0.85067,0.85134,12382,0,0
2024-08-22 16:00:00,0.85134,0.85342,0.85059,0.85205,15705,0,0
2024-08-22 20:00:00,0.85205,0.8527,0.85147,0.8522,6655,0,0
2024-08-23 00:00:00,0.85221,0.85227,0.85065,0.85163,7357,0,0
2024-08-23 04:00:00,0.85163,0.85219,0.85042,0.85175,7869,0,0
2024-08-23 08:00:00,0.85175,0.85237,0.85048,0.85194,9197,0,0
2024-08-23 12:00:00,0.85194,0.85272,0.85166,0.85224,8127,0,0
2024-08-23 16:00:00,0.85226,0.85419,0.84706,0.84977,24637,0,0
2024-08-23 20:00:00,0.84978,0.84985,0.84709,0.84775,8580,0,0
2024-08-26 00:00:00,0.84705,0.84826,0.84559,0.84639,8471,0,0
2024-08-26 04:00:00,0.84639,0.84744,0.84564,0.84719,7581,0,0
2024-08-26 08:00:00,0.84719,0.8479,0.84572,0.84584,9773,0,0
2024-08-26 12:00:00,0.84585,0.84858,0.8456,0.84744,10055,0,0
2024-08-26 16:00:00,0.84745,0.84847,0.8463,0.84731,14072,0,0
2024-08-26 20:00:00,0.84731,0.84777,0.84674,0.84725,5429,0,0
2024-08-27 00:00:00,0.8472,0.84778,0.84495,0.84763,4605,0,0
2024-08-27 04:00:00,0.84762,0.84793,0.84672,0.84706,6256,0,0
2024-08-27 08:00:00,0.84706,0.84844,0.84675,0.8476,9999,0,0
2024-08-27 12:00:00,0.8476,0.8477,0.84506,0.84532,10481,0,0
2024-08-27 16:00:00,0.84532,0.8456,0.84216,0.84318,16054,0,0
2024-08-27 20:00:00,0.84318,0.84331,0.84091,0.84158,7157,0,0
2024-08-28 00:00:00,0.84163,0.84219,0.84097,0.84176,5782,0,0
2024-08-28 04:00:00,0.84177,0.84369,0.84166,0.84346,9614,0,0
2024-08-28 08:00:00,0.84346,0.84465,0.84277,0.84309,11400,0,0
2024-08-28 12:00:00,0.84309,0.84505,0.84217,0.84449,11747,0,0
2024-08-28 16:00:00,0.84449,0.84521,0.84114,0.84301,12987,0,0
2024-08-28 20:00:00,0.84301,0.84326,0.84158,0.84214,7127,0,0
2024-08-29 00:00:00,0.84218,0.84228,0.84074,0.84163,8827,0,0
2024-08-29 04:00:00,0.84163,0.84178,0.84025,0.8406,7276,0,0
2024-08-29 08:00:00,0.8406,0.84606,0.84002,0.84445,14729,0,0
2024-08-29 12:00:00,0.84445,0.84789,0.84321,0.84689,13938,0,0
2024-08-29 16:00:00,0.84689,0.84935,0.84632,0.8468,18626,0,0
2024-08-29 20:00:00,0.84682,0.84743,0.84598,0.84735,8616,0,0
2024-08-30 00:00:00,0.84724,0.84752,0.84546,0.8471,4702,0,0
2024-08-30 04:00:00,0.84711,0.84784,0.8467,0.84771,6101,0,0
2024-08-30 08:00:00,0.8477,0.84873,0.84709,0.84863,9526,0,0
2024-08-30 12:00:00,0.84863,0.85078,0.84793,0.85011,11403,0,0
2024-08-30 16:00:00,0.8501,0.85106,0.84751,0.85084,17389,0,0
2024-08-30 20:00:00,0.85084,0.85093,0.8496,0.84986,6200,0,0
2024-09-02 00:00:00,0.84871,0.85102,0.84809,0.85004,5581,0,0
2024-09-02 04:00:00,0.85005,0.85043,0.84924,0.8499,7700,0,0
2024-09-02 08:00:00,0.84989,0.8505,0.84851,0.8499,9931,0,0
2024-09-02 12:00:00,0.8499,0.85157,0.84944,0.85119,7751,0,0
2024-09-02 16:00:00,0.85119,0.85374,0.85089,0.85146,6981,0,0
2024-09-02 20:00:00,0.85146,0.85167,0.85127,0.85164,3112,0,0
2024-09-03 00:00:00,0.85147,0.85268,0.8504,0.85253,4168,0,0
2024-09-03 04:00:00,0.85253,0.85295,0.85181,0.85274,9518,0,0
2024-09-03 08:00:00,0.85274,0.85377,0.8511,0.85262,12622,0,0
2024-09-03 12:00:00,0.8526,0.85341,0.8507,0.85084,12158,0,0
2024-09-03 16:00:00,0.85084,0.8511,0.84781,0.85066,19259,0,0
2024-09-03 20:00:00,0.85066,0.85113,0.84993,0.85034,6546,0,0
2024-09-04 00:00:00,0.85003,0.85069,0.84839,0.84847,7773,0,0
2024-09-04 04:00:00,0.84847,0.84941,0.84828,0.8485,8893,0,0
2024-09-04 08:00:00,0.8485,0.84921,0.84719,0.8487,14353,0,0
2024-09-04 12:00:00,0.84871,0.85187,0.84858,0.85108,10567,0,0
2024-09-04 16:00:00,0.85108,0.85124,0.84716,0.84796,18162,0,0
2024-09-04 20:00:00,0.84796,0.84817,0.8463,0.84648,7011,0,0
2024-09-05 00:00:00,0.84644,0.84719,0.84522,0.84687,5415,0,0
2024-09-05 04:00:00,0.84686,0.8472,0.84589,0.84664,7006,0,0
2024-09-05 08:00:00,0.84664,0.84735,0.84553,0.84616,14240,0,0
2024-09-05 12:00:00,0.84615,0.8467,0.84337,0.84613,12591,0,0
2024-09-05 16:00:00,0.84613,0.84911,0.84501,0.84548,21377,0,0
2024-09-05 20:00:00,0.84547,0.84559,0.84362,0.84403,8405,0,0
2024-09-06 00:00:00,0.84394,0.84425,0.84317,0.8433,4964,0,0
2024-09-06 04:00:00,0.8433,0.84376,0.84263,0.84281,6477,0,0
2024-09-06 08:00:00,0.84281,0.84283,0.84043,0.84098,13357,0,0
2024-09-06 12:00:00,0.84098,0.84658,0.83744,0.84386,17009,0,0
2024-09-06 16:00:00,0.84386,0.84759,0.84031,0.84364,35649,0,0
2024-09-06 20:00:00,0.84364,0.84449,0.84249,0.84307,9820,0,0
2024-09-09 00:00:00,0.84333,0.84464,0.84188,0.84446,7744,0,0
2024-09-09 04:00:00,0.84446,0.84637,0.8441,0.84615,12050,0,0
2024-09-09 08:00:00,0.84615,0.84853,0.84546,0.84829,12576,0,0
2024-09-09 12:00:00,0.84829,0.84944,0.84732,0.84885,11680,0,0
2024-09-09 16:00:00,0.84885,0.84898,0.84694,0.84826,13047,0,0
2024-09-09 20:00:00,0.84826,0.84943,0.84771,0.84933,7978,0,0
2024-09-10 00:00:00,0.84931,0.84978,0.84771,0.84974,4301,0,0
2024-09-10 04:00:00,0.84974,0.84987,0.84836,0.84838,4868,0,0
2024-09-10 08:00:00,0.84838,0.84902,0.8479,0.84813,9094,0,0
2024-09-10 12:00:00,0.84813,0.84842,0.84587,0.8466,13993,0,0
2024-09-10 16:00:00,0.8466,0.84825,0.84564,0.8468,15650,0,0
2024-09-10 20:00:00,0.8468,0.84719,0.84631,0.84695,8749,0,0
2024-09-11 00:00:00,0.84686,0.8471,0.84618,0.84652,4589,0,0
2024-09-11 04:00:00,0.84652,0.84699,0.84286,0.84311,10792,0,0
2024-09-11 08:00:00,0.84311,0.84599,0.84218,0.84556,11927,0,0
2024-09-11 12:00:00,0.84557,0.85127,0.84531,0.85033,15477,0,0
2024-09-11 16:00:00,0.85033,0.85159,0.84741,0.85013,24799,0,0
2024-09-11 20:00:00,0.85013,0.85295,0.85004,0.85224,10047,0,0
2024-09-12 00:00:00,0.8522,0.8533,0.8501,0.8527,3477,0,0
2024-09-12 04:00:00,0.8527,0.85335,0.8518,0.8532,7600,0,0
2024-09-12 08:00:00,0.8532,0.85487,0.8519,0.85428,11202,0,0
2024-09-12 12:00:00,0.85428,0.85497,0.85183,0.85287,12801,0,0
2024-09-12 16:00:00,0.85287,0.85487,0.85225,0.85319,18633,0,0
2024-09-12 20:00:00,0.85317,0.85333,0.85065,0.85109,15702,0,0
2024-09-13 00:00:00,0.85106,0.85136,0.84891,0.84954,5158,0,0
2024-09-13 04:00:00,0.84954,0.84992,0.84857,0.84963,7462,0,0
2024-09-13 08:00:00,0.84963,0.85009,0.84743,0.84826,11714,0,0
2024-09-13 12:00:00,0.84826,0.84878,0.84564,0.84567,13490,0,0
2024-09-13 16:00:00,0.84565,0.84848,0.84436,0.84793,16320,0,0
2024-09-13 20:00:00,0.84793,0.84942,0.84776,0.84906,7886,0,0
2024-09-16 00:00:00,0.8469,0.84861,0.84623,0.84717,4510,0,0
2024-09-16 04:00:00,0.84717,0.84739,0.84521,0.84607,5782,0,0
2024-09-16 08:00:00,0.84607,0.84656,0.84358,0.84441,11288,0,0
2024-09-16 12:00:00,0.84441,0.84547,0.84345,0.84452,14131,0,0
2024-09-16 16:00:00,0.84453,0.84585,0.84344,0.84475,15485,0,0
2024-09-16 20:00:00,0.84475,0.84597,0.84456,0.84474,10100,0,0
2024-09-17 00:00:00,0.8447,0.84546,0.84416,0.84469,4001,0,0
2024-09-17 04:00:00,0.84469,0.84481,0.84369,0.84422,6464,0,0
2024-09-17 08:00:00,0.84422,0.84468,0.84298,0.84327,8787,0,0
2024-09-17 12:00:00,0.84326,0.84694,0.84319,0.84635,15568,0,0
2024-09-17 16:00:00,0.84635,0.84769,0.84562,0.84619,18451,0,0
2024-09-17 20:00:00,0.84619,0.84752,0.84584,0.84723,10286,0,0
2024-09-18 00:00:00,0.84703,0.84729,0.84552,0.84569,4185,0,0
2024-09-18 04:00:00,0.8457,0.84584,0.845,0.84529,6825,0,0
2024-09-18 08:00:00,0.84529,0.84573,0.84357,0.84392,9898,0,0
2024-09-18 12:00:00,0.84392,0.84483,0.84234,0.84452,12819,0,0
2024-09-18 16:00:00,0.84451,0.84635,0.84344,0.84514,13242,0,0
2024-09-18 20:00:00,0.84514,0.84799,0.83906,0.84619,31591,0,0
2024-09-19 00:00:00,0.84612,0.85005,0.84535,0.84993,8288,0,0
2024-09-19 04:00:00,0.84994,0.85149,0.84823,0.84868,16125,0,0
2024-09-19 08:00:00,0.84869,0.84877,0.8449,0.84602,19200,0,0
2024-09-19 12:00:00,0.84602,0.85059,0.84513,0.85058,18733,0,0
2024-09-19 16:00:00,0.85057,0.85063,0.84736,0.84789,21467,0,0
2024-09-19 20:00:00,0.84789,0.84833,0.84625,0.84768,9495,0,0
2024-09-20 00:00:00,0.84775,0.84801,0.84635,0.84688,4866,0,0
2024-09-20 04:00:00,0.84688,0.84718,0.84584,0.84639,8385,0,0
2024-09-20 08:00:00,0.84639,0.8481,0.84515,0.84727,18532,0,0
2024-09-20 12:00:00,0.84727,0.85,0.84716,0.84771,12125,0,0
2024-09-20 16:00:00,0.84771,0.85169,0.84743,0.84923,19906,0,0
2024-09-20 20:00:00,0.84923,0.85145,0.84917,0.85021,10675,0,0
2024-09-23 00:00:00,0.84879,0.85134,0.84863,0.85094,4393,0,0
2024-09-23 04:00:00,0.85095,0.85152,0.85067,0.85097,4832,0,0
2024-09-23 08:00:00,0.85097,0.8518,0.84992,0.85109,12862,0,0
2024-09-23 12:00:00,0.85109,0.85146,0.84854,0.84987,13047,0,0
2024-09-23 16:00:00,0.84987,0.85083,0.84637,0.84655,18968,0,0
2024-09-23 20:00:00,0.84655,0.84773,0.84563,0.84757,6753,0,0
2024-09-24 00:00:00,0.84746,0.84791,0.84647,0.84677,4466,0,0
2024-09-24 04:00:00,0.84677,0.84756,0.84648,0.84712,8248,0,0
2024-09-24 08:00:00,0.84712,0.849,0.8471,0.84788,14318,0,0
2024-09-24 12:00:00,0.84787,0.84873,0.84693,0.84706,13696,0,0
2024-09-24 16:00:00,0.84707,0.84858,0.84491,0.8451,17376,0,0
2024-09-24 20:00:00,0.8451,0.84547,0.84308,0.8433,7783,0,0
2024-09-25 00:00:00,0.84321,0.84363,0.84149,0.84165,5269,0,0
2024-09-25 04:00:00,0.84165,0.84272,0.84152,0.84224,6321,0,0
2024-09-25 08:00:00,0.84224,0.84683,0.84153,0.84656,14399,0,0
2024-09-25 12:00:00,0.84657,0.84973,0.84638,0.8479,14117,0,0
2024-09-25 16:00:00,0.8479,0.85011,0.84659,0.84995,16374,0,0
2024-09-25 20:00:00,0.84995,0.85069,0.84906,0.85038,8279,0,0
2024-09-26 00:00:00,0.85034,0.85079,0.84821,0.85005,6984,0,0
2024-09-26 04:00:00,0.85005,0.85095,0.84958,0.84981,10302,0,0
2024-09-26 08:00:00,0.84981,0.85161,0.84596,0.84961,16340,0,0
2024-09-26 12:00:00,0.84961,0.84974,0.8463,0.84875,16470,0,0
2024-09-26 16:00:00,0.84875,0.8506,0.84602,0.84702,21319,0,0
2024-09-26 20:00:00,0.84702,0.84712,0.84528,0.84613,14358,0,0
2024-09-27 00:00:00,0.84612,0.84747,0.8452,0.84742,5820,0,0
2024-09-27 04:00:00,0.84741,0.84822,0.8465,0.84809,9840,0,0
2024-09-27 08:00:00,0.84809,0.84932,0.84433,0.84522,23785,0,0
2024-09-27 12:00:00,0.84521,0.84581,0.8407,0.84084,15401,0,0
2024-09-27 16:00:00,0.84084,0.84304,0.84067,0.84217,20910,0,0
2024-09-27 20:00:00,0.84217,0.84252,0.84018,0.84032,11252,0,0
2024-09-30 00:00:00,0.83997,0.84175,0.83992,0.84119,6118,0,0
2024-09-30 04:00:00,0.84118,0.84226,0.84067,0.84144,10318,0,0
2024-09-30 08:00:00,0.84144,0.84383,0.84062,0.8434,14697,0,0
2024-09-30 12:00:00,0.84339,0.84478,0.84219,0.84361,14127,0,0
2024-09-30 16:00:00,0.84361,0.84569,0.84261,0.84444,20095,0,0
2024-09-30 20:00:00,0.84444,0.84737,0.84372,0.84559,13675,0,0
2024-10-01 00:00:00,0.84555,0.84634,0.8438,0.8455,5527,0,0
2024-10-01 04:00:00,0.8455,0.8468,0.84469,0.8461,9254,0,0
2024-10-01 08:00:00,0.84609,0.84803,0.84542,0.84683,15742,0,0
2024-10-01 12:00:00,0.84683,0.84822,0.84544,0.84792,14504,0,0
2024-10-01 16:00:00,0.84792,0.84796,0.84313,0.84656,27754,0,0
2024-10-01 20:00:00,0.84657,0.84817,0.84551,0.84656,17103,0,0
2024-10-02 00:00:00,0.84652,0.84663,0.84437,0.84609,3623,0,0
2024-10-02 04:00:00,0.84609,0.84691,0.84519,0.84566,5685,0,0
2024-10-02 08:00:00,0.84566,0.84641,0.84489,0.84641,12435,0,0
2024-10-02 12:00:00,0.84641,0.8506,0.84635,0.85041,13181,0,0
2024-10-02 16:00:00,0.8504,0.85078,0.84858,0.84966,15194,0,0
2024-10-02 20:00:00,0.84966,0.84997,0.84903,0.8497,7793,0,0
2024-10-03 00:00:00,0.84963,0.85077,0.8488,0.85074,7685,0,0
2024-10-03 04:00:00,0.85074,0.85114,0.84945,0.84971,5758,0,0
2024-10-03 08:00:00,0.84971,0.85378,0.84944,0.85075,17146,0,0
2024-10-03 12:00:00,0.85075,0.85183,0.84907,0.85056,15453,0,0
2024-10-03 16:00:00,0.85056,0.85428,0.85023,0.85247,25239,0,0
2024-10-03 20:00:00,0.85246,0.85311,0.85194,0.85283,8989,0,0
2024-10-04 00:00:00,0.85223,0.85278,0.85087,0.85186,4364,0,0
2024-10-04 04:00:00,0.85185,0.85227,0.8511,0.85122,5533,0,0
2024-10-04 08:00:00,0.85122,0.85256,0.85,0.85156,9847,0,0
2024-10-04 12:00:00,0.85156,0.86001,0.85109,0.85982,15200,0,0
2024-10-04 16:00:00,0.85982,0.86077,0.85809,0.85941,21028,0,0
2024-10-04 20:00:00,0.85941,0.85941,0.85789,0.85807,5765,0,0
2024-10-07 00:00:00,0.85758,0.85983,0.85708,0.8584,5882,0,0
2024-10-07 04:00:00,0.85839,0.85845,0.85729,0.8577,5706,0,0
2024-10-07 08:00:00,0.85771,0.85905,0.85707,0.85809,10217,0,0
2024-10-07 12:00:00,0.85809,0.8586,0.85389,0.85446,11847,0,0
2024-10-07 16:00:00,0.85448,0.85655,0.85341,0.8539,14949,0,0
2024-10-07 20:00:00,0.85393,0.8546,0.85365,0.85434,5120,0,0
2024-10-08 00:00:00,0.85362,0.85547,0.85286,0.85396,6671,0,0
2024-10-08 04:00:00,0.85396,0.85432,0.85302,0.85407,8340,0,0
2024-10-08 08:00:00,0.85407,0.8552,0.85303,0.85449,11553,0,0
2024-10-08 12:00:00,0.85449,0.85797,0.85448,0.85703,10766,0,0
2024-10-08 16:00:00,0.85703,0.85841,0.85606,0.85736,11161,0,0
2024-10-08 20:00:00,0.85736,0.85825,0.85715,0.85723,6076,0,0
2024-10-09 00:00:00,0.85688,0.85759,0.8557,0.85759,4210,0,0
2024-10-09 04:00:00,0.85759,0.85814,0.85709,0.85799,5275,0,0
2024-10-09 08:00:00,0.85798,0.85825,0.85655,0.85759,10190,0,0
2024-10-09 12:00:00,0.85759,0.85877,0.85665,0.85832,7886,0,0
2024-10-09 16:00:00,0.85832,0.86021,0.858,0.85999,10794,0,0
2024-10-09 20:00:00,0.85999,0.86104,0.85964,0.86078,6817,0,0
2024-10-10 00:00:00,0.86032,0.86083,0.85948,0.86052,3464,0,0
2024-10-10 04:00:00,0.86051,0.86083,0.8601,0.86075,4344,0,0
2024-10-10 08:00:00,0.86074,0.86128,0.85904,0.86049,7500,0,0
2024-10-10 12:00:00,0.86049,0.86138,0.85579,0.85754,12978,0,0
2024-10-10 16:00:00,0.85754,0.85863,0.85603,0.85787,21410,0,0
2024-10-10 20:00:00,0.85787,0.85787,0.85607,0.8562,8863,0,0
2024-10-11 00:00:00,0.85571,0.85693,0.85494,0.85645,4847,0,0
2024-10-11 04:00:00,0.85645,0.85747,0.85636,0.85709,4379,0,0
2024-10-11 08:00:00,0.85709,0.85785,0.85588,0.85612,7284,0,0
2024-10-11 12:00:00,0.85612,0.85845,0.85604,0.85755,8899,0,0
2024-10-11 16:00:00,0.85755,0.8584,0.85629,0.85636,11324,0,0
2024-10-11 20:00:00,0.85636,0.85751,0.85625,0.85724,3762,0,0
2024-10-14 00:00:00,0.85598,0.85856,0.85548,0.85831,3512,0,0
2024-10-14 04:00:00,0.85831,0.85859,0.85807,0.85827,3644,0,0
2024-10-14 08:00:00,0.85826,0.86025,0.85807,0.85986,5511,0,0
2024-10-14 12:00:00,0.85986,0.86312,0.85937,0.86308,7247,0,0
2024-10-14 16:00:00,0.86312,0.86419,0.86202,0.86334,8757,0,0
2024-10-14 20:00:00,0.86334,0.86393,0.8623,0.86246,3921,0,0
2024-10-15 00:00:00,0.86239,0.86289,0.8616,0.8617,3138,0,0
2024-10-15 04:00:00,0.8617,0.86368,0.86152,0.86357,4220,0,0
2024-10-15 08:00:00,0.86357,0.86367,0.86137,0.86151,8259,0,0
2024-10-15 12:00:00,0.86151,0.86247,0.86066,0.86154,9154,0,0
2024-10-15 16:00:00,0.86154,0.86318,0.86067,0.86311,10911,0,0
2024-10-15 20:00:00,0.86311,0.86368,0.86199,0.86215,5412,0,0
2024-10-16 00:00:00,0.86147,0.86274,0.86102,0.86261,3662,0,0
2024-10-16 04:00:00,0.86261,0.86264,0.86165,0.86243,4198,0,0
2024-10-16 08:00:00,0.86243,0.86295,0.86173,0.86223,7470,0,0
2024-10-16 12:00:00,0.86223,0.86335,0.86141,0.86319,7219,0,0
2024-10-16 16:00:00,0.86318,0.86567,0.86242,0.8646,10118,0,0
2024-10-16 20:00:00,0.8646,0.86578,0.86432,0.86543,3983,0,0
2024-10-17 00:00:00,0.8654,0.86595,0.86328,0.86562,4352,0,0
2024-10-17 04:00:00,0.86562,0.86628,0.86538,0.86624,4170,0,0
2024-10-17 08:00:00,0.86624,0.86697,0.86488,0.86514,6779,0,0
2024-10-17 12:00:00,0.86514,0.86595,0.86295,0.86453,9563,0,0
2024-10-17 16:00:00,0.86453,0.86637,0.86405,0.86586,14653,0,0
2024-10-17 20:00:00,0.86586,0.86684,0.86556,0.86598,4132,0,0
2024-10-18 00:00:00,0.8659,0.86635,0.86501,0.86629,3643,0,0
2024-10-18 04:00:00,0.86629,0.86635,0.86561,0.86575,4324,0,0
2024-10-18 08:00:00,0.86575,0.86694,0.86535,0.86628,6539,0,0
2024-10-18 12:00:00,0.86628,0.86694,0.86492,0.86535,6503,0,0
2024-10-18 16:00:00,0.86535,0.86607,0.86499,0.86508,7403,0,0
2024-10-18 20:00:00,0.86508,0.86578,0.86458,0.86472,5408,0,0
2024-10-21 00:00:00,0.86417,0.8654,0.8637,0.86532,3985,0,0
2024-10-21 04:00:00,0.86531,0.86537,0.86449,0.86495,5090,0,0
2024-10-21 08:00:00,0.86495,0.86585,0.86471,0.86492,6147,0,0
2024-10-21 12:00:00,0.86492,0.86548,0.86331,0.86371,7147,0,0
2024-10-21 16:00:00,0.86371,0.86598,0.8634,0.86546,8883,0,0
2024-10-21 20:00:00,0.86546,0.86637,0.86538,0.86614,4861,0,0
2024-10-22 00:00:00,0.86614,0.86614,0.86517,0.8653,3347,0,0
2024-10-22 04:00:00,0.8653,0.86546,0.86468,0.86522,5694,0,0
2024-10-22 08:00:00,0.86522,0.86577,0.86451,0.8654,7333,0,0
2024-10-22 12:00:00,0.8654,0.86625,0.86505,0.86571,7492,0,0
2024-10-22 16:00:00,0.86571,0.86628,0.8648,0.8655,9753,0,0
2024-10-22 20:00:00,0.8655,0.86591,0.86499,0.86535,5237,0,0
2024-10-23 00:00:00,0.86537,0.86674,0.86475,0.86668,3214,0,0
2024-10-23 04:00:00,0.86669,0.86719,0.86643,0.86696,4851,0,0
2024-10-23 08:00:00,0.86696,0.8686,0.86649,0.86661,7047,0,0
2024-10-23 12:00:00,0.86661,0.86823,0.86644,0.86732,7675,0,0
2024-10-23 16:00:00,0.86732,0.86787,0.86624,0.86703,8731,0,0
2024-10-23 20:00:00,0.86703,0.86768,0.86613,0.86642,5560,0,0
2024-10-24 00:00:00,0.86629,0.867,0.8651,0.86634,5547,0,0
2024-10-24 04:00:00,0.86634,0.86685,0.86567,0.86579,5002,0,0
2024-10-24 08:00:00,0.86579,0.86717,0.86539,0.86571,8908,0,0
2024-10-24 12:00:00,0.86571,0.86682,0.86506,0.86617,8777,0,0
2024-10-24 16:00:00,0.86617,0.86697,0.86535,0.86601,11675,0,0
2024-10-24 20:00:00,0.86601,0.8662,0.86513,0.86569,5641,0,0
2024-10-25 00:00:00,0.86561,0.86634,0.86448,0.8662,2603,0,0
2024-10-25 04:00:00,0.8662,0.86644,0.86551,0.86558,5354,0,0
2024-10-25 08:00:00,0.86559,0.86682,0.86503,0.86677,6969,0,0
2024-10-25 12:00:00,0.86676,0.86745,0.86537,0.86564,6189,0,0
2024-10-25 16:00:00,0.86564,0.86692,0.86551,0.86622,9568,0,0
2024-10-25 20:00:00,0.86623,0.86674,0.86564,0.86667,4944,0,0
2024-10-28 00:00:00,0.86775,0.8694,0.86694,0.86916,7412,0,0
2024-10-28 04:00:00,0.86916,0.8699,0.86899,0.86971,6296,0,0
2024-10-28 08:00:00,0.8697,0.86999,0.86709,0.8672,6872,0,0
2024-10-28 12:00:00,0.8672,0.86767,0.86504,0.86628,7427,0,0
2024-10-28 16:00:00,0.86627,0.86648,0.86469,0.86547,8856,0,0
2024-10-28 20:00:00,0.86547,0.86556,0.86468,0.86523,6013,0,0
2024-10-29 00:00:00,0.86461,0.86544,0.864,0.86505,2841,0,0
2024-10-29 04:00:00,0.86505,0.86543,0.86461,0.86516,3753,0,0
2024-10-29 08:00:00,0.86516,0.86675,0.86466,0.86629,6038,0,0
2024-10-29 12:00:00,0.86629,0.86973,0.86535,0.86942,7907,0,0
2024-10-29 16:00:00,0.86943,0.86985,0.86683,0.86918,14076,0,0
2024-10-29 20:00:00,0.86919,0.8693,0.86718,0.86734,5873,0,0
2024-10-30 00:00:00,0.8669,0.86781,0.86626,0.86732,3617,0,0
2024-10-30 04:00:00,0.86733,0.86781,0.86689,0.86748,4575,0,0
2024-10-30 08:00:00,0.86748,0.86763,0.86613,0.86652,6343,0,0
2024-10-30 12:00:00,0.86652,0.86937,0.86591,0.86842,10662,0,0
2024-10-30 16:00:00,0.86842,0.86883,0.86566,0.86603,13136,0,0
2024-10-30 20:00:00,0.86603,0.86692,0.86538,0.86653,6099,0,0
2024-10-31 00:00:00,0.8667,0.8667,0.8656,0.86636,2311,0,0
2024-10-31 04:00:00,0.86636,0.86646,0.86521,0.86569,4374,0,0
2024-10-31 08:00:00,0.8657,0.86619,0.8645,0.86572,8681,0,0
2024-10-31 12:00:00,0.86572,0.86636,0.86458,0.86509,10700,0,0
2024-10-31 16:00:00,0.86509,0.86599,0.86369,0.86548,17273,0,0
2024-10-31 20:00:00,0.86548,0.86569,0.86328,0.86342,7567,0,0
2024-11-01 00:00:00,0.86354,0.86397,0.86315,0.86351,4488,0,0
2024-11-01 04:00:00,0.86351,0.86422,0.86319,0.86417,4981,0,0
2024-11-01 08:00:00,0.86417,0.86934,0.86392,0.86811,7770,0,0
2024-11-01 12:00:00,0.86809,0.86845,0.86389,0.86544,10418,0,0
2024-11-01 16:00:00,0.86542,0.87053,0.86536,0.86923,16643,0,0
2024-11-01 20:00:00,0.86923,0.87111,0.86917,0.86986,6005,0,0
2024-11-04 00:00:00,0.86714,0.86811,0.8653,0.86554,6472,0,0
2024-11-04 04:00:00,0.86554,0.86567,0.86424,0.8651,5388,0,0
2024-11-04 08:00:00,0.8651,0.86598,0.8631,0.86362,8034,0,0
2024-11-04 12:00:00,0.86362,0.86409,0.86199,0.86317,7856,0,0
2024-11-04 16:00:00,0.86318,0.86376,0.8615,0.86296,10346,0,0
2024-11-04 20:00:00,0.86296,0.86435,0.8629,0.86411,5755,0,0
2024-11-05 00:00:00,0.86365,0.86434,0.86276,0.86407,3267,0,0
2024-11-05 04:00:00,0.86406,0.86452,0.864,0.8641,2735,0,0
2024-11-05 08:00:00,0.86411,0.86444,0.86173,0.86211,5651,0,0
2024-11-05 12:00:00,0.86211,0.86327,0.86158,0.86317,6063,0,0
2024-11-05 16:00:00,0.86316,0.86465,0.8627,0.86288,13163,0,0
2024-11-05 20:00:00,0.86286,0.86363,0.8621,0.86323,6498,2,0
2024-11-06 00:00:00,0.86298,0.86995,0.86196,0.86909,23948,0,0
2024-11-06 04:00:00,0.86908,0.87538,0.86832,0.87141,44708,0,0
2024-11-06 08:00:00,0.87139,0.87491,0.87104,0.87421,34694,0,0
2024-11-06 12:00:00,0.87421,0.87735,0.87382,0.87627,23339,0,0
2024-11-06 16:00:00,0.87627,0.87674,0.87402,0.87633,25400,0,0
2024-11-06 20:00:00,0.87632,0.87671,0.87492,0.87647,10275,0,0
2024-11-07 00:00:00,0.87541,0.87744,0.87509,0.87652,7255,2,0
2024-11-07 04:00:00,0.87652,0.8766,0.87501,0.87507,5771,0,0
2024-11-07 08:00:00,0.87506,0.87664,0.87361,0.87623,11462,0,0
2024-11-07 12:00:00,0.87625,0.87728,0.87381,0.87401,14582,1,0
2024-11-07 16:00:00,0.87401,0.87493,0.87091,0.87223,18702,1,0
2024-11-07 20:00:00,0.87223,0.87517,0.87162,0.87232,19310,0,0
2024-11-08 00:00:00,0.87175,0.87369,0.87117,0.8729,5236,2,0
2024-11-08 04:00:00,0.87289,0.8734,0.87245,0.87301,5617,2,0
2024-11-08 08:00:00,0.873,0.87382,0.87148,0.87155,11510,0,0
2024-11-08 12:00:00,0.87155,0.87393,0.87009,0.87388,12137,2,0
2024-11-08 16:00:00,0.87387,0.87679,0.87254,0.87621,18554,0,0
2024-11-08 20:00:00,0.8762,0.8769,0.87538,0.87543,7360,2,0
2024-11-11 00:00:00,0.87444,0.87677,0.87444,0.87624,5519,0,0
2024-11-11 04:00:00,0.87622,0.87742,0.87591,0.87679,4564,0,0
2024-11-11 08:00:00,0.8768,0.87927,0.8765,0.87836,10201,0,0
2024-11-11 12:00:00,0.87835,0.8807,0.87822,0.87978,8829,2,0
2024-11-11 16:00:00,0.87976,0.88075,0.87911,0.8802,10582,0,0
2024-11-11 20:00:00,0.8802,0.88097,0.87986,0.88088,4415,2,0
2024-11-12 00:00:00,0.88013,0.88157,0.87813,0.88156,3302,0,0
2024-11-12 04:00:00,0.88155,0.88174,0.88084,0.88134,5014,2,0
2024-11-12 08:00:00,0.88135,0.88286,0.88088,0.88255,12526,2,0
2024-11-12 12:00:00,0.88256,0.88308,0.88029,0.8813,13826,0,0
2024-11-12 16:00:00,0.8813,0.88362,0.8812,0.88254,15182,1,0
2024-11-12 20:00:00,0.88254,0.88276,0.88135,0.88164,6938,2,0
2024-11-13 00:00:00,0.88041,0.88287,0.88027,0.88183,5577,2,0
2024-11-13 04:00:00,0.88183,0.88299,0.88165,0.8828,4359,2,0
2024-11-13 08:00:00,0.88281,0.88416,0.88225,0.88257,10064,2,0
2024-11-13 12:00:00,0.88256,0.88354,0.87974,0.88133,15798,2,0
2024-11-13 16:00:00,0.88135,0.88531,0.88073,0.88513,27093,2,0
2024-11-13 20:00:00,0.88514,0.88633,0.88502,0.88599,7910,2,0
2024-11-14 00:00:00,0.88513,0.88673,0.88406,0.88652,7200,2,0
2024-11-14 04:00:00,0.88652,0.88787,0.88639,0.88742,5168,2,0
2024-11-14 08:00:00,0.88742,0.88954,0.88654,0.88931,10245,2,0
2024-11-14 12:00:00,0.88931,0.89097,0.88829,0.89005,18887,2,0
2024-11-14 16:00:00,0.89005,0.89024,0.88652,0.88775,22120,2,0
2024-11-14 20:00:00,0.88772,0.89175,0.88765,0.89041,14832,2,0
2024-11-15 00:00:00,0.88996,0.89074,0.88717,0.8901,5458,2,0
2024-11-15 04:00:00,0.89009,0.8901,0.88903,0.88922,4704,2,0
2024-11-15 08:00:00,0.88924,0.88951,0.8868,0.88833,12286,2,0
2024-11-15 12:00:00,0.88833,0.88954,0.88658,0.88846,17122,2,0
2024-11-15 16:00:00,0.88847,0.88999,0.88635,0.88685,25712,2,0
2024-11-15 20:00:00,0.88685,0.88875,0.88591,0.88835,10420,2,0
2024-11-18 00:00:00,0.8864,0.88872,0.88615,0.8877,8339,2,0
2024-11-18 04:00:00,0.8877,0.88835,0.8873,0.88765,5031,2,0
2024-11-18 08:00:00,0.88765,0.88771,0.88542,0.88595,11651,2,0
2024-11-18 12:00:00,0.88596,0.88818,0.88578,0.8858,10834,2,0
2024-11-18 16:00:00,0.8858,0.88651,0.8839,0.8842,15434,2,0
2024-11-18 20:00:00,0.88421,0.88445,0.88291,0.88319,6570,2,0
2024-11-19 00:00:00,0.88281,0.88363,0.88188,0.88301,4824,2,0
2024-11-19 04:00:00,0.88301,0.88389,0.88273,0.88385,5276,2,0
2024-11-19 08:00:00,0.88386,0.88434,0.8824,0.88357,20297,2,0
2024-11-19 12:00:00,0.88357,0.88371,0.8801,0.88077,16914,2,0
2024-11-19 16:00:00,0.88082,0.88324,0.88061,0.88323,21628,2,0
2024-11-19 20:00:00,0.88323,0.88447,0.88224,0.88233,6526,2,0
2024-11-20 00:00:00,0.88148,0.88314,0.88103,0.8826,3291,2,0
2024-11-20 04:00:00,0.88259,0.88376,0.88248,0.88357,3471,2,0
2024-11-20 08:00:00,0.88359,0.88574,0.88346,0.88546,10960,2,0
2024-11-20 12:00:00,0.88547,0.88622,0.88422,0.88447,10285,2,0
2024-11-20 16:00:00,0.88447,0.88592,0.88361,0.88421,14823,2,0
2024-11-20 20:00:00,0.88422,0.88493,0.88389,0.88416,6440,2,0
2024-11-21 00:00:00,0.88379,0.88411,0.88281,0.88338,3923,2,0
2024-11-21 04:00:00,0.88337,0.88338,0.88249,0.88313,3615,2,0
2024-11-21 08:00:00,0.88312,0.88413,0.88208,0.88411,15527,2,0
2024-11-21 12:00:00,0.88409,0.88446,0.8827,0.88337,11976,2,0
2024-11-21 16:00:00,0.88337,0.88699,0.88248,0.88595,21993,2,0
2024-11-21 20:00:00,0.88597,0.88702,0.88595,0.88673,6792,2,0
2024-11-22 00:00:00,0.88651,0.88694,0.88543,0.88646,4910,2,0
2024-11-22 04:00:00,0.88646,0.88687,0.88592,0.8868,4346,2,0
2024-11-22 08:00:00,0.88681,0.89101,0.88514,0.88903,20002,2,0
2024-11-22 12:00:00,0.88904,0.89378,0.88775,0.89307,17105,2,0
2024-11-22 16:00:00,0.89308,0.89577,0.89255,0.89345,21900,2,0
2024-11-22 20:00:00,0.89345,0.89479,0.89339,0.89416,6608,2,0
2024-11-25 00:00:00,0.88929,0.89168,0.88875,0.89018,10754,2,0
2024-11-25 04:00:00,0.89019,0.89139,0.88913,0.89074,5865,2,0
2024-11-25 08:00:00,0.89074,0.89169,0.88864,0.88892,13941,2,0
2024-11-25 12:00:00,0.88892,0.89056,0.88637,0.88689,15273,2,0
2024-11-25 16:00:00,0.88688,0.88799,0.88484,0.88721,21864,2,0
2024-11-25 20:00:00,0.88722,0.88724,0.88512,0.88619,8976,2,0
2024-11-26 00:00:00,0.88562,0.88942,0.88501,0.8878,14899,2,0
2024-11-26 04:00:00,0.88779,0.88829,0.88622,0.88701,7357,2,0
2024-11-26 08:00:00,0.88703,0.88772,0.88548,0.88595,12584,2,0
2024-11-26 12:00:00,0.88595,0.88676,0.88421,0.88659,15907,2,0
2024-11-26 16:00:00,0.88659,0.88848,0.88636,0.88798,21820,2,0
2024-11-26 20:00:00,0.88797,0.8887,0.88635,0.88649,10583,2,0
2024-11-27 00:00:00,0.886,0.88673,0.8854,0.88568,7239,2,0
2024-11-27 04:00:00,0.88569,0.8862,0.88548,0.88583,5318,2,0
2024-11-27 08:00:00,0.88583,0.88586,0.88165,0.88286,16928,2,0
2024-11-27 12:00:00,0.88287,0.88414,0.88148,0.88153,18494,2,0
2024-11-27 16:00:00,0.88153,0.88371,0.87974,0.88107,23707,2,0
2024-11-27 20:00:00,0.88108,0.88236,0.8807,0.88193,8643,2,0
2024-11-28 00:00:00,0.88123,0.88355,0.87855,0.8829,6684,2,0
2024-11-28 04:00:00,0.88288,0.88378,0.8827,0.88342,4411,2,0
2024-11-28 08:00:00,0.88346,0.88474,0.8829,0.88469,12362,2,0
2024-11-28 12:00:00,0.8847,0.88481,0.88308,0.88351,7708,2,0
2024-11-28 16:00:00,0.8835,0.88391,0.88249,0.883,7293,2,0
2024-11-28 20:00:00,0.88299,0.88315,0.88276,0.88287,3039,4,0
2024-11-29 00:00:00,0.88269,0.88283,0.88015,0.88111,9225,2,0
2024-11-29 04:00:00,0.88111,0.88175,0.88085,0.88157,7755,2,0
2024-11-29 08:00:00,0.88161,0.88192,0.87951,0.88119,13714,2,0
2024-11-29 12:00:00,0.88118,0.88212,0.88018,0.88056,11076,2,0
2024-11-29 16:00:00,0.88056,0.88277,0.88027,0.881,16610,2,0
2024-11-29 20:00:00,0.88098,0.88136,0.87998,0.8807,21247,4,0
2024-12-02 00:00:00,0.87913,0.88408,0.879,0.88399,9426,2,0
2024-12-02 04:00:00,0.88398,0.88538,0.88386,0.88492,6529,2,0
2024-12-02 08:00:00,0.88492,0.88617,0.88351,0.88597,14785,2,0
2024-12-02 12:00:00,0.88597,0.8872,0.88478,0.88649,13313,2,0
2024-12-02 16:00:00,0.88648,0.88897,0.88595,0.88702,21555,2,0
2024-12-02 20:00:00,0.88701,0.88738,0.88511,0.88645,9344,2,0
2024-12-03 00:00:00,0.88632,0.88799,0.88511,0.88781,5394,2,0
2024-12-03 04:00:00,0.88782,0.88885,0.88765,0.88799,5253,2,0
2024-12-03 08:00:00,0.88798,0.88847,0.88435,0.88528,11440,2,0
2024-12-03 12:00:00,0.88527,0.88576,0.88295,0.88332,9081,2,0
2024-12-03 16:00:00,0.88333,0.88639,0.88326,0.885,20052,2,0
2024-12-03 20:00:00,0.88499,0.88642,0.88433,0.88638,6682,2,0
2024-12-04 00:00:00,0.8863,0.88759,0.88451,0.88694,4677,2,0
2024-12-04 04:00:00,0.88694,0.88745,0.88565,0.88616,6284,2,0
2024-12-04 08:00:00,0.88615,0.88797,0.88529,0.88706,11222,2,0
2024-12-04 12:00:00,0.88706,0.88745,0.88568,0.88717,12119,2,0
2024-12-04 16:00:00,0.88717,0.88761,0.88263,0.88295,19831,2,0
2024-12-04 20:00:00,0.88294,0.8848,0.8829,0.8844,9695,2,0
2024-12-05 00:00:00,0.88425,0.88459,0.88235,0.88432,4259,2,0
2024-12-05 04:00:00,0.88431,0.88451,0.88337,0.88353,4577,2,0
2024-12-05 08:00:00,0.88353,0.88531,0.88308,0.88488,9062,2,0
2024-12-05 12:00:00,0.88489,0.88508,0.88101,0.88164,12604,2,0
2024-12-05 16:00:00,0.88163,0.88169,0.87884,0.87962,17313,2,0
2024-12-05 20:00:00,0.87963,0.88047,0.87788,0.87849,7809,2,0
2024-12-06 00:00:00,0.87814,0.87947,0.87696,0.8792,6139,2,0
2024-12-06 04:00:00,0.8792,0.87921,0.87826,0.87918,4606,2,0
2024-12-06 08:00:00,0.87918,0.87969,0.87797,0.87885,7779,2,0
2024-12-06 12:00:00,0.87884,0.87894,0.87269,0.87513,15473,2,0
2024-12-06 16:00:00,0.87513,0.87898,0.87468,0.87871,21912,2,0
2024-12-06 20:00:00,0.87872,0.87973,0.87828,0.87862,5447,2,0
2024-12-09 00:00:00,0.87722,0.87929,0.8772,0.87913,5435,2,0
2024-12-09 04:00:00,0.87915,0.88039,0.8788,0.88015,4264,2,0
2024-12-09 08:00:00,0.88015,0.88022,0.87892,0.87967,9418,2,0
2024-12-09 12:00:00,0.87962,0.87985,0.87816,0.87853,8525,2,0
2024-12-09 16:00:00,0.87853,0.87924,0.87587,0.87827,13598,2,0
2024-12-09 20:00:00,0.87827,0.87929,0.878,0.87874,4895,2,0
2024-12-10 00:00:00,0.87862,0.87923,0.87751,0.87862,4366,2,0
2024-12-10 04:00:00,0.87862,0.87871,0.87711,0.87725,5941,2,0
2024-12-10 08:00:00,0.87725,0.88078,0.87709,0.88044,8586,2,0
2024-12-10 12:00:00,0.88044,0.88072,0.87943,0.87991,9865,2,0
2024-12-10 16:00:00,0.8799,0.883,0.87952,0.88281,13851,2,0
2024-12-10 20:00:00,0.88281,0.88327,0.88181,0.88295,5564,2,0
2024-12-11 00:00:00,0.88163,0.88329,0.88111,0.88304,3378,2,0
2024-12-11 04:00:00,0.88304,0.88384,0.88266,0.88349,3947,2,0
2024-12-11 08:00:00,0.88349,0.88541,0.88333,0.88427,13029,2,0
2024-12-11 12:00:00,0.88427,0.88477,0.88108,0.88189,15220,2,0
2024-12-11 16:00:00,0.88191,0.88487,0.88153,0.88476,19486,2,0
2024-12-11 20:00:00,0.88477,0.88535,0.88383,0.88417,7720,2,0
2024-12-12 00:00:00,0.88362,0.88408,0.88269,0.88351,3923,2,0
2024-12-12 04:00:00,0.88351,0.88425,0.88347,0.88388,4128,2,0
2024-12-12 08:00:00,0.88387,0.8893,0.88164,0.88656,13555,2,0
2024-12-12 12:00:00,0.88657,0.88992,0.88551,0.88869,14790,2,0
2024-12-12 16:00:00,0.88869,0.89019,0.88671,0.88915,23494,2,0
2024-12-12 20:00:00,0.88913,0.89279,0.8891,0.89228,9409,2,0
2024-12-13 00:00:00,0.89143,0.89273,0.89078,0.89252,5380,2,0
2024-12-13 04:00:00,0.89252,0.89307,0.89219,0.89222,4131,2,0
2024-12-13 08:00:00,0.89224,0.89449,0.89221,0.89446,8767,2,0
2024-12-13 12:00:00,0.89446,0.89458,0.89149,0.89213,10672,2,0
2024-12-13 16:00:00,0.89216,0.89422,0.892,0.89251,13301,2,0
2024-12-13 20:00:00,0.89251,0.89303,0.89217,0.89287,5646,2,0
2024-12-16 00:00:00,0.88968,0.89301,0.88956,0.89125,7307,2,0
2024-12-16 04:00:00,0.89124,0.89154,0.89035,0.89051,5145,2,0
2024-12-16 08:00:00,0.89053,0.89184,0.88985,0.89045,10868,2,0
2024-12-16 12:00:00,0.89045,0.89359,0.89015,0.89308,8768,2,0
2024-12-16 16:00:00,0.89308,0.89486,0.89218,0.89393,14903,2,0
2024-12-16 20:00:00,0.89392,0.89478,0.89349,0.89445,6816,2,0
2024-12-17 00:00:00,0.89374,0.8945,0.89315,0.89322,5387,2,0
2024-12-17 04:00:00,0.89322,0.89524,0.89299,0.89459,4642,2,0
2024-12-17 08:00:00,0.89459,0.89741,0.89446,0.89738,9567,2,0
2024-12-17 12:00:00,0.89737,0.89748,0.89523,0.89547,10148,2,0
2024-12-17 16:00:00,0.89547,0.89565,0.89178,0.89198,14663,2,0
2024-12-17 20:00:00,0.89197,0.893,0.89145,0.89271,5959,2,0
2024-12-18 00:00:00,0.89223,0.89405,0.89175,0.89233,4582,2,0
2024-12-18 04:00:00,0.89232,0.89295,0.89213,0.89241,3631,2,0
2024-12-18 08:00:00,0.89239,0.89424,0.89173,0.89371,8736,2,0
2024-12-18 12:00:00,0.89371,0.89455,0.89304,0.89342,8581,2,0
2024-12-18 16:00:00,0.89343,0.89404,0.89211,0.89281,12073,2,0
2024-12-18 20:00:00,0.89281,0.90205,0.89172,0.90109,25499,2,0
2024-12-19 00:00:00,0.90102,0.90218,0.89965,0.89991,7978,2,0
2024-12-19 04:00:00,0.89989,0.90112,0.89942,0.89956,7460,2,0
2024-12-19 08:00:00,0.89955,0.90027,0.89604,0.89616,17444,2,0
2024-12-19 12:00:00,0.89616,0.89727,0.89518,0.89723,16677,2,0
2024-12-19 16:00:00,0.89721,0.89964,0.89684,0.89943,21059,2,0
2024-12-19 20:00:00,0.89942,0.89977,0.89771,0.8988,8730,2,0
2024-12-20 00:00:00,0.89812,0.89917,0.89661,0.8981,5629,2,0
2024-12-20 04:00:00,0.8981,0.8987,0.89753,0.89774,6158,2,0
2024-12-20 08:00:00,0.89775,0.89868,0.8948,0.89528,12158,2,0
2024-12-20 12:00:00,0.89528,0.89533,0.89292,0.89397,12528,2,0
2024-12-20 16:00:00,0.89397,0.89527,0.89158,0.89226,21846,2,0
2024-12-20 20:00:00,0.89226,0.89336,0.89133,0.89307,7831,2,0
2024-12-23 00:00:00,0.89144,0.89362,0.89071,0.8931,7512,2,0
2024-12-23 04:00:00,0.89308,0.89374,0.89273,0.89367,3418,2,0
2024-12-23 08:00:00,0.89368,0.89551,0.89333,0.89551,7295,2,0
2024-12-23 12:00:00,0.89551,0.89844,0.89499,0.89726,8842,2,0
2024-12-23 16:00:00,0.89725,0.90016,0.89693,0.89925,12718,2,0
2024-12-23 20:00:00,0.89923,0.89925,0.89818,0.89854,6199,2,0
2024-12-24 00:00:00,0.89844,0.89913,0.89704,0.89867,2608,2,0
2024-12-24 04:00:00,0.89866,0.89963,0.89826,0.89852,3576,2,0
2024-12-24 08:00:00,0.89852,0.90086,0.8985,0.90068,5764,2,0
2024-12-24 12:00:00,0.90068,0.90077,0.89952,0.89981,6363,2,0
2024-12-24 16:00:00,0.89982,0.90118,0.89959,0.90096,9696,2,0
2024-12-24 20:00:00,0.90096,0.9012,0.89911,0.89942,4163,2,0
2024-12-26 00:00:00,0.89819,0.90009,0.89745,0.89962,5286,2,0
2024-12-26 04:00:00,0.89961,0.90005,0.89937,0.89974,2779,2,0
2024-12-26 08:00:00,0.89974,0.90043,0.89952,0.89957,4794,2,0
2024-12-26 12:00:00,0.89956,0.90099,0.89932,0.90074,6513,2,0
2024-12-26 16:00:00,0.90074,0.90102,0.89959,0.89974,9963,2,0
2024-12-26 20:00:00,0.89973,0.89974,0.89847,0.89864,6105,2,0
2024-12-27 00:00:00,0.89878,0.89949,0.8982,0.89924,3155,2,0
2024-12-27 04:00:00,0.89921,0.89967,0.89906,0.89966,2690,2,0
2024-12-27 08:00:00,0.89965,0.9012,0.89954,0.89985,6773,2,0
2024-12-27 12:00:00,0.89985,0.9012,0.89952,0.90075,7279,2,0
2024-12-27 16:00:00,0.90074,0.90275,0.90022,0.90261,12463,2,0
2024-12-27 20:00:00,0.90261,0.9027,0.90123,0.90127,4560,2,0
2024-12-30 00:00:00,0.89988,0.90199,0.89964,0.90167,3242,2,0
2024-12-30 04:00:00,0.90167,0.90194,0.90143,0.90171,2032,2,0
2024-12-30 08:00:00,0.90171,0.90398,0.90143,0.90186,5924,2,0
2024-12-30 12:00:00,0.90186,0.906,0.90101,0.90588,9382,2,0
2024-12-30 16:00:00,0.90585,0.90737,0.90418,0.90512,16580,2,0
2024-12-30 20:00:00,0.90512,0.90515,0.9034,0.90367,5806,2,0
2024-12-31 00:00:00,0.90363,0.90417,0.9025,0.90278,2834,2,0
2024-12-31 04:00:00,0.90278,0.90311,0.90246,0.90301,2590,2,0
2024-12-31 08:00:00,0.90301,0.90397,0.90229,0.90383,6250,2,0
2024-12-31 12:00:00,0.90383,0.90606,0.90365,0.90521,9476,2,0
2024-12-31 16:00:00,0.9052,0.90804,0.90407,0.90772,15538,2,0
2024-12-31 20:00:00,0.90776,0.9079,0.907,0.90753,3960,2,0
2025-01-02 00:00:00,0.9056,0.90784,0.90523,0.90608,6276,2,0
2025-01-02 04:00:00,0.90608,0.90608,0.90424,0.90502,2989,2,0
2025-01-02 08:00:00,0.90503,0.9059,0.90389,0.90479,7435,2,0
2025-01-02 12:00:00,0.9048,0.90899,0.90449,0.90871,13225,2,0
2025-01-02 16:00:00,0.9087,0.91372,0.90781,0.91241,20314,2,0
2025-01-02 20:00:00,0.91241,0.91354,0.91206,0.91221,6242,2,0
2025-01-03 00:00:00,0.91223,0.91246,0.91037,0.91152,3165,2,0
2025-01-03 04:00:00,0.91152,0.91247,0.91089,0.91143,3898,2,0
2025-01-03 08:00:00,0.91142,0.91165,0.90859,0.90918,7980,2,0
2025-01-03 12:00:00,0.90918,0.90988,0.90873,0.90935,7077,2,0
2025-01-03 16:00:00,0.90936,0.91076,0.90799,0.90923,12127,2,0
2025-01-03 20:00:00,0.90923,0.90983,0.90838,0.9084,3605,2,0
2025-01-06 00:00:00,0.90858,0.91051,0.90807,0.90987,5138,2,0
2025-01-06 04:00:00,0.90988,0.90995,0.90912,0.90958,3479,2,0
2025-01-06 08:00:00,0.90959,0.90994,0.90538,0.90598,9884,2,0
2025-01-06 12:00:00,0.90598,0.90672,0.90082,0.9023,21109,2,0
2025-01-06 16:00:00,0.90229,0.90668,0.90168,0.90399,23172,2,0
2025-01-06 20:00:00,0.90396,0.90511,0.90391,0.90457,6128,2,0
2025-01-07 00:00:00,0.90455,0.90598,0.90334,0.9053,5924,2,0
2025-01-07 04:00:00,0.90532,0.90559,0.90328,0.9038,4150,2,0
2025-01-07 08:00:00,0.90381,0.9053,0.90225,0.90409,11231,2,0
2025-01-07 12:00:00,0.90411,0.90776,0.904,0.90698,11038,2,0
2025-01-07 16:00:00,0.90698,0.90963,0.90666,0.90755,21680,2,0
2025-01-07 20:00:00,0.90755,0.90974,0.90745,0.90971,7520,2,0
2025-01-08 00:00:00,0.90971,0.90971,0.90874,0.9091,4009,2,0
2025-01-08 04:00:00,0.90909,0.90957,0.90878,0.90894,3901,2,0
2025-01-08 08:00:00,0.90894,0.91204,0.90889,0.91185,10137,2,0
2025-01-08 12:00:00,0.91185,0.91284,0.91028,0.91032,17979,2,0
2025-01-08 16:00:00,0.91032,0.91195,0.90983,0.91152,15132,2,0
2025-01-08 20:00:00,0.91153,0.91191,0.91079,0.9112,6891,2,0
2025-01-09 00:00:00,0.91027,0.91142,0.91,0.91073,3762,2,0
2025-01-09 04:00:00,0.91072,0.9114,0.90981,0.91069,5477,2,0
2025-01-09 08:00:00,0.91071,0.91307,0.91054,0.91153,10522,2,0
2025-01-09 12:00:00,0.91153,0.91274,0.91071,0.91125,8693,2,0
2025-01-09 16:00:00,0.91125,0.91299,0.91068,0.9127,9278,2,0
2025-01-09 20:00:00,0.91271,0.91293,0.91194,0.91219,3192,2,0
2025-01-10 00:00:00,0.91162,0.91241,0.91049,0.91173,4096,2,0
2025-01-10 04:00:00,0.91173,0.913,0.91164,0.91298,2603,2,0
2025-01-10 08:00:00,0.91297,0.91345,0.9122,0.91342,7179,2,0
2025-01-10 12:00:00,0.91341,0.91885,0.91303,0.91664,14330,2,0
2025-01-10 16:00:00,0.91667,0.91794,0.91452,0.91647,25501,2,0
2025-01-10 20:00:00,0.91647,0.9176,0.91607,0.91631,6629,2,0
2025-01-13 00:00:00,0.9149,0.91737,0.9149,0.91651,4678,2,0
2025-01-13 04:00:00,0.9165,0.91791,0.91629,0.917,4228,2,0
2025-01-13 08:00:00,0.917,0.91797,0.91545,0.91701,12411,2,0
2025-01-13 12:00:00,0.91702,0.91716,0.91552,0.9167,11179,2,0
2025-01-13 16:00:00,0.91671,0.92014,0.91665,0.91829,13371,2,0
2025-01-13 20:00:00,0.91828,0.91913,0.91673,0.91707,5496,2,0
2025-01-14 00:00:00,0.91565,0.91691,0.91514,0.91632,6833,2,0
2025-01-14 04:00:00,0.91632,0.91696,0.9156,0.91609,4479,2,0
2025-01-14 08:00:00,0.91608,0.91616,0.9129,0.91599,11156,2,0
2025-01-14 12:00:00,0.916,0.91735,0.91415,0.91631,13209,2,0
2025-01-14 16:00:00,0.91631,0.91698,0.91331,0.9141,18182,2,0
2025-01-14 20:00:00,0.9141,0.91415,0.91215,0.91231,5255,2,0
2025-01-15 00:00:00,0.91219,0.91276,0.91143,0.91236,3043,2,0
2025-01-15 04:00:00,0.91235,0.91291,0.91191,0.91256,3271,2,0
2025-01-15 08:00:00,0.91256,0.91264,0.91093,0.91179,9445,2,0
2025-01-15 12:00:00,0.91179,0.91243,0.90787,0.90934,13210,2,0
2025-01-15 16:00:00,0.90935,0.91458,0.9092,0.91304,21386,2,0
2025-01-15 20:00:00,0.91302,0.91345,0.91239,0.91263,5735,2,0
2025-01-16 00:00:00,0.91258,0.91285,0.91179,0.91217,4672,2,0
2025-01-16 04:00:00,0.91216,0.91288,0.9112,0.91274,5058,2,0
2025-01-16 08:00:00,0.91274,0.91282,0.91055,0.91112,8072,2,0
2025-01-16 12:00:00,0.91111,0.91357,0.91104,0.91202,11114,2,0
2025-01-16 16:00:00,0.91203,0.91363,0.91,0.91085,23012,2,0
2025-01-16 20:00:00,0.91087,0.91137,0.91036,0.91066,5913,2,0
2025-01-17 00:00:00,0.90987,0.91137,0.90902,0.9103,4374,2,0
2025-01-17 04:00:00,0.91029,0.91188,0.91012,0.91155,3765,2,0
2025-01-17 08:00:00,0.91154,0.91298,0.90962,0.91119,8481,2,0
2025-01-17 12:00:00,0.91119,0.91336,0.91077,0.91311,8971,2,0
2025-01-17 16:00:00,0.91312,0.91523,0.9109,0.91464,19518,2,0
2025-01-17 20:00:00,0.91465,0.91534,0.9141,0.91474,4930,2,0
2025-01-20 00:00:00,0.91208,0.91521,0.91202,0.91356,5018,2,0
2025-01-20 04:00:00,0.91355,0.91396,0.91266,0.91299,3499,2,0
2025-01-20 08:00:00,0.91298,0.91389,0.91204,0.91381,7848,2,0
2025-01-20 12:00:00,0.9138,0.91462,0.90827,0.90888,14192,2,0
2025-01-20 16:00:00,0.90892,0.91053,0.90675,0.90815,23999,2,0
2025-01-20 20:00:00,0.90814,0.90872,0.90553,0.9066,5567,2,0
2025-01-21 00:00:00,0.90568,0.90978,0.9049,0.90832,17645,2,0
2025-01-21 04:00:00,0.90833,0.9084,0.90628,0.90792,7721,2,0
2025-01-21 08:00:00,0.90793,0.91106,0.9076,0.91057,10143,2,0
2025-01-21 12:00:00,0.91058,0.91145,0.90886,0.90928,11675,2,0
2025-01-21 16:00:00,0.90924,0.90982,0.90634,0.90726,17845,2,0
2025-01-21 20:00:00,0.90727,0.90736,0.90544,0.90544,5960,2,0
2025-01-22 00:00:00,0.90516,0.90737,0.90451,0.90672,7790,2,0
2025-01-22 04:00:00,0.90672,0.90723,0.90635,0.90677,4294,2,0
2025-01-22 08:00:00,0.90678,0.90725,0.90424,0.9043,11443,2,0
2025-01-22 12:00:00,0.90429,0.90635,0.90326,0.90601,10250,2,0
2025-01-22 16:00:00,0.90604,0.90752,0.9059,0.90663,13363,2,0
2025-01-22 20:00:00,0.90663,0.90696,0.90583,0.90654,4817,2,0
2025-01-23 00:00:00,0.90593,0.90654,0.90487,0.90636,4865,2,0
2025-01-23 04:00:00,0.90637,0.90671,0.90603,0.90655,10336,2,0
2025-01-23 08:00:00,0.90655,0.90795,0.90605,0.90722,12744,2,0
2025-01-23 12:00:00,0.90722,0.90882,0.90632,0.90738,10262,2,0
2025-01-23 16:00:00,0.90738,0.91082,0.9061,0.90621,16972,2,0
2025-01-23 20:00:00,0.90621,0.9075,0.90612,0.90719,6343,2,0
2025-01-24 00:00:00,0.90669,0.90768,0.90574,0.90715,3860,2,0
2025-01-24 04:00:00,0.90715,0.90716,0.9047,0.90512,9617,2,0
2025-01-24 08:00:00,0.90512,0.90592,0.90274,0.90421,15934,2,0
2025-01-24 12:00:00,0.90421,0.90707,0.90416,0.90628,10651,2,0
2025-01-24 16:00:00,0.90629,0.90712,0.904,0.90506,13405,2,0
2025-01-24 20:00:00,0.90506,0.90641,0.90482,0.90588,4762,2,0
2025-01-27 00:00:00,0.90192,0.90722,0.90192,0.90649,5724,2,0
2025-01-27 04:00:00,0.90649,0.90731,0.90596,0.90672,4771,3,0
2025-01-27 08:00:00,0.90672,0.90725,0.90129,0.9015,12878,2,0
2025-01-27 12:00:00,0.9015,0.9015,0.89651,0.89864,17802,2,0
2025-01-27 16:00:00,0.89865,0.90205,0.89806,0.90108,14541,2,0
2025-01-27 20:00:00,0.90108,0.90225,0.90102,0.90195,6304,2,0
2025-01-28 00:00:00,0.90127,0.90537,0.90057,0.90484,9141,2,0
2025-01-28 04:00:00,0.90483,0.90593,0.90454,0.90523,5760,2,0
2025-01-28 08:00:00,0.90523,0.90707,0.90464,0.90577,10381,3,0
2025-01-28 12:00:00,0.90577,0.90679,0.90517,0.906,8730,2,0
2025-01-28 16:00:00,0.906,0.906,0.90402,0.90443,10361,2,0
2025-01-28 20:00:00,0.90443,0.90506,0.90383,0.904,5564,2,0
2025-01-29 00:00:00,0.9037,0.90441,0.90261,0.90418,2945,2,0
2025-01-29 04:00:00,0.90418,0.90431,0.90314,0.90334,3459,3,0
2025-01-29 08:00:00,0.90334,0.90642,0.90322,0.90632,8338,2,0
2025-01-29 12:00:00,0.90632,0.90815,0.90565,0.90811,9916,2,0
2025-01-29 16:00:00,0.9081,0.90819,0.90563,0.90683,13251,2,0
2025-01-29 20:00:00,0.90683,0.90951,0.90617,0.90679,16291,2,0
2025-01-30 00:00:00,0.90628,0.90681,0.90568,0.90669,6644,2,0
2025-01-30 04:00:00,0.90669,0.90697,0.90624,0.90638,4373,2,0
2025-01-30 08:00:00,0.90638,0.90781,0.90619,0.90763,8357,2,0
2025-01-30 12:00:00,0.90764,0.90893,0.90641,0.90662,11256,2,0
2025-01-30 16:00:00,0.90665,0.9092,0.9059,0.90876,13874,2,0
2025-01-30 20:00:00,0.90872,0.91035,0.90817,0.90964,8455,2,0
2025-01-31 00:00:00,0.90907,0.91047,0.90799,0.9098,7673,2,0
2025-01-31 04:00:00,0.90979,0.91043,0.90949,0.9101,4596,3,0
2025-01-31 08:00:00,0.9101,0.91159,0.90872,0.9107,9952,2,0
2025-01-31 12:00:00,0.9107,0.91123,0.90904,0.90993,9350,2,0
2025-01-31 16:00:00,0.90993,0.91094,0.90714,0.90798,16930,2,0
2025-01-31 20:00:00,0.90798,0.91147,0.9078,0.91124,15780,2,0
2025-02-03 00:00:00,0.91424,0.91686,0.91338,0.91586,16540,2,0
2025-02-03 04:00:00,0.91586,0.91764,0.91585,0.91614,10244,3,0
2025-02-03 08:00:00,0.91614,0.91966,0.9153,0.91736,14129,2,0
2025-02-03 12:00:00,0.91735,0.91754,0.91328,0.91491,14086,2,0
2025-02-03 16:00:00,0.91491,0.9162,0.91026,0.91379,28297,2,0
2025-02-03 20:00:00,0.91379,0.91436,0.90922,0.91037,10426,2,0
2025-02-04 00:00:00,0.90991,0.91254,0.90923,0.91177,6160,2,0
2025-02-04 04:00:00,0.91177,0.91313,0.9112,0.91274,6934,2,0
2025-02-04 08:00:00,0.91274,0.9128,0.90879,0.90965,10167,3,0
2025-02-04 12:00:00,0.90965,0.91002,0.90821,0.90868,8881,3,0
2025-02-04 16:00:00,0.90868,0.90868,0.90505,0.90546,15383,2,0
2025-02-04 20:00:00,0.90546,0.90575,0.90454,0.90501,5280,2,0
2025-02-05 00:00:00,0.90466,0.90593,0.90378,0.9059,5480,2,0
2025-02-05 04:00:00,0.90589,0.90593,0.90442,0.90561,4121,3,0
2025-02-05 08:00:00,0.90561,0.90586,0.90185,0.90252,10557,2,0
2025-02-05 12:00:00,0.90252,0.90336,0.90079,0.90294,9888,2,0
2025-02-05 16:00:00,0.90294,0.90319,0.90017,0.90069,14660,2,0
2025-02-05 20:00:00,0.90069,0.90181,0.90016,0.90167,4846,2,0
2025-02-06 00:00:00,0.90168,0.90188,0.90005,0.90102,4045,2,0
2025-02-06 04:00:00,0.90101,0.90301,0.90079,0.90292,3748,3,0
2025-02-06 08:00:00,0.90292,0.90547,0.90267,0.90531,8112,2,0
2025-02-06 12:00:00,0.90531,0.90609,0.90459,0.90525,10410,2,0
2025-02-06 16:00:00,0.90526,0.90618,0.90457,0.90482,11206,2,0
2025-02-06 20:00:00,0.90482,0.90524,0.90397,0.90482,5587,2,0
2025-02-07 00:00:00,0.90479,0.90585,0.90355,0.90562,4103,2,0
2025-02-07 04:00:00,0.90562,0.9065,0.90553,0.90623,3335,3,0
2025-02-07 08:00:00,0.90623,0.90679,0.90554,0.90596,6483,2,0
2025-02-07 12:00:00,0.90596,0.90993,0.90439,0.90916,11381,2,0
2025-02-07 16:00:00,0.90916,0.91064,0.90686,0.91034,24496,2,0
2025-02-07 20:00:00,0.91034,0.91047,0.9089,0.90981,5828,2,0
2025-02-10 00:00:00,0.91046,0.91188,0.91011,0.91175,5337,2,0
2025-02-10 04:00:00,0.91175,0.91223,0.91085,0.91102,3553,3,0
2025-02-10 08:00:00,0.91102,0.91125,0.9097,0.91019,7602,3,0
2025-02-10 12:00:00,0.91019,0.91114,0.90936,0.90997,6696,3,0
2025-02-10 16:00:00,0.90997,0.91166,0.90973,0.91124,8688,3,0
2025-02-10 20:00:00,0.91124,0.91161,0.91103,0.91133,3645,3,0
2025-02-11 00:00:00,0.91123,0.91158,0.90935,0.91126,3864,2,0
2025-02-11 04:00:00,0.91126,0.9118,0.91122,0.91168,2851,3,0
2025-02-11 08:00:00,0.91168,0.9121,0.91112,0.91179,6664,2,0
2025-02-11 12:00:00,0.91179,0.91398,0.91154,0.91335,6518,2,0
2025-02-11 16:00:00,0.91335,0.91396,0.91236,0.91312,9678,2,0
2025-02-11 20:00:00,0.91312,0.91405,0.91223,0.91323,5461,2,0
2025-02-12 00:00:00,0.9132,0.91345,0.9109,0.91293,3820,2,0
2025-02-12 04:00:00,0.91293,0.91362,0.91255,0.91308,3637,3,0
2025-02-12 08:00:00,0.91308,0.91324,0.91025,0.91051,7140,3,0
2025-02-12 12:00:00,0.91051,0.91558,0.9104,0.91445,11334,2,0
2025-02-12 16:00:00,0.91445,0.91506,0.91131,0.91171,18837,2,0
2025-02-12 20:00:00,0.9117,0.91384,0.91157,0.9135,6824,2,0
2025-02-13 00:00:00,0.91349,0.91402,0.9109,0.91314,4711,2,0
2025-02-13 04:00:00,0.91314,0.91338,0.91096,0.91133,5939,2,0
2025-02-13 08:00:00,0.91133,0.91153,0.90706,0.90789,10457,2,0
2025-02-13 12:00:00,0.90789,0.90852,0.90651,0.90757,11814,2,0
2025-02-13 16:00:00,0.90758,0.90845,0.90362,0.90434,13673,2,0
2025-02-13 20:00:00,0.90433,0.90629,0.90279,0.90301,10695,2,0
2025-02-14 00:00:00,0.90298,0.90351,0.90242,0.90305,6303,2,0
2025-02-14 04:00:00,0.90305,0.90454,0.90295,0.90439,4050,3,0
2025-02-14 08:00:00,0.90439,0.90491,0.90114,0.90183,9604,2,0
2025-02-14 12:00:00,0.90183,0.90228,0.89858,0.89893,10135,2,0
2025-02-14 16:00:00,0.89893,0.89912,0.89721,0.89804,10506,2,0
2025-02-14 20:00:00,0.89804,0.89978,0.89793,0.89961,4435,2,0
2025-02-17 00:00:00,0.89712,0.9003,0.89712,0.89925,6767,2,0
2025-02-17 04:00:00,0.89925,0.90086,0.89921,0.90033,6438,2,0
2025-02-17 08:00:00,0.90033,0.90082,0.89972,0.90038,7549,2,0
2025-02-17 12:00:00,0.90034,0.9018,0.90032,0.90095,5475,2,0
2025-02-17 16:00:00,0.90095,0.90144,0.90023,0.90064,4134,3,0
2025-02-17 20:00:00,0.90064,0.90103,0.90054,0.9007,1806,2,0
2025-02-18 00:00:00,0.9006,0.90213,0.89931,0.9018,4236,2,0
2025-02-18 04:00:00,0.9018,0.90343,0.9015,0.90318,4591,2,0
2025-02-18 08:00:00,0.90318,0.9032,0.89955,0.90039,6931,2,0
2025-02-18 12:00:00,0.90039,0.90224,0.90029,0.90181,6852,2,0
2025-02-18 16:00:00,0.90181,0.90362,0.90115,0.90334,8151,3,0
2025-02-18 20:00:00,0.90334,0.9041,0.90316,0.90332,3730,2,0
2025-02-19 00:00:00,0.90323,0.90437,0.90114,0.90384,5831,2,0
2025-02-19 04:00:00,0.90384,0.90401,0.9029,0.9029,3782,3,0
2025-02-19 08:00:00,0.9029,0.90494,0.90247,0.90448,6759,2,0
2025-02-19 12:00:00,0.90448,0.90514,0.90323,0.90352,7872,2,0
2025-02-19 16:00:00,0.90352,0.90545,0.90231,0.90487,9765,2,0
2025-02-19 20:00:00,0.90486,0.90496,0.90313,0.90458,5027,2,0
2025-02-20 00:00:00,0.90442,0.90464,0.90279,0.90367,4132,2,0
2025-02-20 04:00:00,0.90367,0.9037,0.90246,0.90262,5339,3,0
2025-02-20 08:00:00,0.90262,0.90293,0.90198,0.90206,7330,3,0
2025-02-20 12:00:00,0.90206,0.90306,0.90095,0.90203,8114,2,0
2025-02-20 16:00:00,0.90203,0.90267,0.89809,0.89833,11389,2,0
2025-02-20 20:00:00,0.89833,0.89869,0.89756,0.89779,4875,2,0
2025-02-21 00:00:00,0.89785,0.89956,0.89668,0.89926,4924,2,0
2025-02-21 04:00:00,0.89926,0.89926,0.89775,0.89879,4859,3,0
2025-02-21 08:00:00,0.89879,0.89944,0.89708,0.89894,9685,2,0
2025-02-21 12:00:00,0.89894,0.90047,0.8982,0.89956,6429,2,0
2025-02-21 16:00:00,0.89956,0.90038,0.89744,0.89756,11490,2,0
2025-02-21 20:00:00,0.89757,0.89799,0.89678,0.89736,7135,2,0
2025-02-24 00:00:00,0.896,0.89852,0.89583,0.89589,9526,2,0
2025-02-24 04:00:00,0.89589,0.89637,0.89536,0.89618,5911,3,0
2025-02-24 08:00:00,0.89618,0.89935,0.89611,0.89917,10059,2,0
2025-02-24 12:00:00,0.89918,0.89983,0.89848,0.89863,7974,2,0
2025-02-24 16:00:00,0.89863,0.89896,0.89619,0.89694,11516,2,0
2025-02-24 20:00:00,0.89694,0.89751,0.89594,0.89705,5420,2,0
2025-02-25 00:00:00,0.89691,0.89779,0.89553,0.89747,4117,2,0
2025-02-25 04:00:00,0.89747,0.89766,0.89689,0.8971,3904,2,0
2025-02-25 08:00:00,0.8971,0.89741,0.89617,0.89624,9560,2,0
2025-02-25 12:00:00,0.89624,0.89695,0.89295,0.89371,9484,2,0
2025-02-25 16:00:00,0.8937,0.89418,0.89121,0.89249,14210,2,0
2025-02-25 20:00:00,0.89249,0.89293,0.89204,0.89286,6185,2,0
2025-02-26 00:00:00,0.89285,0.89303,0.89119,0.89262,4251,2,0
2025-02-26 04:00:00,0.89262,0.89468,0.89249,0.89465,4667,2,0
2025-02-26 08:00:00,0.89465,0.89515,0.8936,0.89466,8394,2,0
2025-02-26 12:00:00,0.89467,0.89645,0.89437,0.89485,8268,2,0
2025-02-26 16:00:00,0.89485,0.89595,0.89246,0.89417,15732,2,0
2025-02-26 20:00:00,0.89417,0.8949,0.89292,0.89457,6987,2,0
2025-02-27 00:00:00,0.89461,0.89535,0.89249,0.89511,3519,2,0
2025-02-27 04:00:00,0.89511,0.89738,0.89503,0.89702,4568,3,0
2025-02-27 08:00:00,0.89703,0.89784,0.89583,0.89753,7786,2,0
2025-02-27 12:00:00,0.89753,0.90019,0.8961,0.89997,10854,2,0
2025-02-27 16:00:00,0.89998,0.90056,0.89767,0.89927,17561,2,0
2025-02-27 20:00:00,0.89927,0.89975,0.89888,0.8996,6627,2,0
2025-02-28 00:00:00,0.89958,0.90012,0.89773,0.89888,5254,2,0
2025-02-28 04:00:00,0.89888,0.89943,0.89868,0.89929,4870,3,0
2025-02-28 08:00:00,0.8993,0.90227,0.89924,0.90187,9236,2,0
2025-02-28 12:00:00,0.90187,0.90315,0.90121,0.90202,8885,2,0
2025-02-28 16:00:00,0.90202,0.90301,0.90097,0.9019,15143,2,0
2025-02-28 20:00:00,0.9019,0.90361,0.90158,0.903,10023,2,0
2025-03-03 00:00:00,0.9009,0.90302,0.9009,0.90206,7231,2,0
2025-03-03 04:00:00,0.90206,0.90226,0.9015,0.90207,4577,3,0
2025-03-03 08:00:00,0.90207,0.90311,0.90032,0.90083,7648,2,0
2025-03-03 12:00:00,0.90083,0.90175,0.89958,0.89984,10814,2,0
2025-03-03 16:00:00,0.89984,0.89984,0.89676,0.89682,14798,2,0
2025-03-03 20:00:00,0.89682,0.89783,0.89604,0.89673,12189,2,0
2025-03-04 00:00:00,0.89669,0.89718,0.89458,0.89582,8738,2,0
2025-03-04 04:00:00,0.89582,0.89677,0.8957,0.89596,7587,3,0
2025-03-04 08:00:00,0.89595,0.896,0.89054,0.89148,12530,3,0
2025-03-04 12:00:00,0.89148,0.89209,0.88716,0.88903,15981,3,0
2025-03-04 16:00:00,0.88903,0.89129,0.88864,0.88981,22549,3,0
2025-03-04 20:00:00,0.88981,0.89011,0.88811,0.88933,15556,2,0
2025-03-05 00:00:00,0.88907,0.89099,0.88759,0.89091,8785,2,0
2025-03-05 04:00:00,0.89091,0.89131,0.88951,0.88954,7128,3,0
2025-03-05 08:00:00,0.88954,0.88985,0.88557,0.88574,14156,2,0
2025-03-05 12:00:00,0.88574,0.89006,0.88568,0.88815,15463,2,0
2025-03-05 16:00:00,0.88815,0.89122,0.88707,0.89077,25765,2,0
2025-03-05 20:00:00,0.89077,0.89145,0.89031,0.89074,10523,2,0
2025-03-06 00:00:00,0.89054,0.89143,0.88947,0.89033,6796,2,0
2025-03-06 04:00:00,0.89033,0.89256,0.89024,0.89079,7643,3,0
2025-03-06 08:00:00,0.89079,0.89127,0.88575,0.88605,17875,2,0
2025-03-06 12:00:00,0.88605,0.88817,0.88455,0.88482,16006,2,0
2025-03-06 16:00:00,0.88482,0.88697,0.88276,0.8845,24287,2,0
2025-03-06 20:00:00,0.88451,0.88454,0.88254,0.88351,9217,2,0
2025-03-07 00:00:00,0.88336,0.88372,0.88213,0.88275,6126,2,0
2025-03-07 04:00:00,0.88275,0.88299,0.88136,0.8814,5513,3,0
2025-03-07 08:00:00,0.8814,0.88192,0.8767,0.87857,10787,2,0
2025-03-07 12:00:00,0.87857,0.88193,0.87756,0.87921,15744,2,0
2025-03-07 16:00:00,0.87923,0.88032,0.87679,0.87905,25899,2,0
2025-03-07 20:00:00,0.87906,0.88107,0.87901,0.87938,10622,2,0
2025-03-10 00:00:00,0.879,0.88023,0.8765,0.87686,7957,2,0
2025-03-10 04:00:00,0.87686,0.879,0.87653,0.8788,6030,3,0
2025-03-10 08:00:00,0.8788,0.88032,0.87794,0.87874,10439,3,0
2025-03-10 12:00:00,0.87874,0.8788,0.8758,0.8771,15681,3,0
2025-03-10 16:00:00,0.87708,0.88192,0.8767,0.88164,17790,2,0
2025-03-10 20:00:00,0.88164,0.88218,0.88058,0.88077,9154,3,0
2025-03-11 00:00:00,0.88043,0.88111,0.87779,0.87815,5962,2,0
2025-03-11 04:00:00,0.87815,0.87967,0.87727,0.87895,7840,3,0
2025-03-11 08:00:00,0.87895,0.88115,0.87797,0.88045,12621,3,0
2025-03-11 12:00:00,0.88045,0.88256,0.87981,0.88047,12405,2,0
2025-03-11 16:00:00,0.88047,0.88161,0.87867,0.88102,25789,2,0
2025-03-11 20:00:00,0.88102,0.88354,0.87997,0.88254,12594,2,0
2025-03-12 00:00:00,0.88247,0.88366,0.88151,0.88356,3760,2,0
2025-03-12 04:00:00,0.88357,0.88397,0.88282,0.88366,3710,3,0
2025-03-12 08:00:00,0.88366,0.88401,0.88148,0.8817,8179,2,0
2025-03-12 12:00:00,0.8817,0.88406,0.8795,0.88366,12946,2,0
2025-03-12 16:00:00,0.88366,0.88521,0.88232,0.88283,18745,2,0
2025-03-12 20:00:00,0.88283,0.88293,0.88162,0.8817,6216,2,0
2025-03-13 00:00:00,0.88115,0.88201,0.88059,0.88119,2346,2,0
2025-03-13 04:00:00,0.88119,0.882,0.88093,0.88136,3717,3,0
2025-03-13 08:00:00,0.88136,0.88305,0.88034,0.88151,8838,2,0
2025-03-13 12:00:00,0.88151,0.88401,0.88042,0.88387,12652,2,0
2025-03-13 16:00:00,0.88385,0.88547,0.88311,0.88453,16017,2,0
2025-03-13 20:00:00,0.88452,0.88493,0.88185,0.88198,8764,2,0
2025-03-14 00:00:00,0.88133,0.88325,0.88075,0.88323,3731,2,0
2025-03-14 04:00:00,0.88323,0.88455,0.88317,0.88403,4805,3,0
2025-03-14 08:00:00,0.88403,0.88461,0.88295,0.8836,9148,2,0
2025-03-14 12:00:00,0.8836,0.8859,0.88333,0.88525,13221,2,0
2025-03-14 16:00:00,0.88525,0.88637,0.8842,0.88462,16253,2,0
2025-03-14 20:00:00,0.88462,0.88528,0.88436,0.88489,4948,2,0
2025-03-17 00:00:00,0.88402,0.88533,0.88352,0.88452,4314,2,0
2025-03-17 04:00:00,0.88452,0.88477,0.8838,0.88454,4127,3,0
2025-03-17 08:00:00,0.88454,0.88471,0.88338,0.88339,7285,3,0
2025-03-17 12:00:00,0.88339,0.88363,0.88121,0.88217,10064,2,0
2025-03-17 16:00:00,0.88217,0.88292,0.87975,0.8804,13357,2,0
2025-03-17 20:00:00,0.8804,0.88125,0.88012,0.8807,5282,2,0
2025-03-18 00:00:00,0.8806,0.88136,0.87955,0.88131,2812,2,0
2025-03-18 04:00:00,0.88131,0.88163,0.88088,0.88099,3274,3,0
2025-03-18 08:00:00,0.88099,0.88185,0.87917,0.87961,6942,3,0
2025-03-18 12:00:00,0.8796,0.88068,0.87882,0.87988,9370,2,0
2025-03-18 16:00:00,0.87988,0.88006,0.87629,0.87698,14180,2,0
2025-03-18 20:00:00,0.87698,0.87699,0.87592,0.87665,6242,2,0
2025-03-19 00:00:00,0.87567,0.87754,0.87539,0.87744,3139,2,0
2025-03-19 04:00:00,0.87744,0.87762,0.87673,0.87728,3181,2,0
2025-03-19 08:00:00,0.87728,0.8778,0.87666,0.87704,9551,2,0
2025-03-19 12:00:00,0.87704,0.88002,0.87699,0.87918,9052,2,0
2025-03-19 16:00:00,0.87918,0.88089,0.87886,0.8797,9388,3,0
2025-03-19 20:00:00,0.8797,0.88093,0.87692,0.87739,13404,2,0
2025-03-20 00:00:00,0.87705,0.87781,0.87603,0.87634,3978,2,0
2025-03-20 04:00:00,0.87634,0.87703,0.87556,0.87687,6888,3,0
2025-03-20 08:00:00,0.87687,0.88147,0.87612,0.88081,10413,2,0
2025-03-20 12:00:00,0.88081,0.88367,0.88052,0.88282,15541,2,0
2025-03-20 16:00:00,0.88282,0.88427,0.88153,0.88181,12821,2,0
2025-03-20 20:00:00,0.88181,0.88231,0.88131,0.88172,4452,2,0
2025-03-21 00:00:00,0.88072,0.88238,0.88039,0.88203,4454,2,0
2025-03-21 04:00:00,0.88203,0.88378,0.88194,0.88355,3576,3,0
2025-03-21 08:00:00,0.88355,0.884,0.88274,0.88355,6974,3,0
2025-03-21 12:00:00,0.88355,0.88378,0.87965,0.88109,9455,2,0
2025-03-21 16:00:00,0.88109,0.88364,0.88101,0.88336,13614,2,0
2025-03-21 20:00:00,0.88336,0.88358,0.88254,0.88321,5496,2,0
2025-03-24 00:00:00,0.88225,0.88348,0.88175,0.88306,4602,2,0
2025-03-24 04:00:00,0.88306,0.88393,0.88305,0.88361,4001,3,0
2025-03-24 08:00:00,0.88361,0.88394,0.88167,0.88231,7977,3,0
2025-03-24 12:00:00,0.88231,0.88297,0.87994,0.88168,9773,3,0
2025-03-24 16:00:00,0.88168,0.88458,0.88122,0.88342,13751,2,0
2025-03-24 20:00:00,0.88342,0.88388,0.88261,0.88279,5293,2,0
2025-03-25 00:00:00,0.88222,0.88329,0.88165,0.88302,3541,2,0
2025-03-25 04:00:00,0.88302,0.88346,0.88265,0.8828,3758,3,0
2025-03-25 08:00:00,0.8828,0.88487,0.88262,0.88402,6930,3,0
2025-03-25 12:00:00,0.88402,0.88425,0.8805,0.88098,10583,2,0
2025-03-25 16:00:00,0.88098,0.88215,0.88003,0.88151,12207,2,0
2025-03-25 20:00:00,0.8815,0.88276,0.88107,0.88254,4602,2,0
2025-03-26 00:00:00,0.88213,0.88325,0.88014,0.88317,4073,2,0
2025-03-26 04:00:00,0.88317,0.88391,0.88253,0.88375,3719,3,0
2025-03-26 08:00:00,0.88375,0.88417,0.88315,0.88345,7488,2,0
2025-03-26 12:00:00,0.88345,0.8843,0.8829,0.88398,9179,2,0
2025-03-26 16:00:00,0.88397,0.88471,0.8831,0.8836,10144,0,0
2025-03-26 20:00:00,0.8836,0.88504,0.88351,0.88357,5847,2,0
2025-03-27 00:00:00,0.88321,0.88488,0.88233,0.88347,4306,2,0
2025-03-27 04:00:00,0.88347,0.88347,0.88196,0.88246,3472,2,0
2025-03-27 08:00:00,0.88246,0.88476,0.88244,0.88371,7426,2,0
2025-03-27 12:00:00,0.8837,0.88466,0.88262,0.88286,7501,2,0
2025-03-27 16:00:00,0.88286,0.88401,0.88039,0.88182,13169,0,0
2025-03-27 20:00:00,0.88179,0.88248,0.88138,0.88157,3667,2,0
2025-03-28 00:00:00,0.88083,0.88248,0.87997,0.88211,3910,2,0
2025-03-28 04:00:00,0.88211,0.88278,0.88195,0.88243,2581,0,0
2025-03-28 08:00:00,0.88243,0.88261,0.88111,0.88226,5074,1,0
2025-03-28 12:00:00,0.88226,0.88342,0.88188,0.88222,7367,2,0
2025-03-28 16:00:00,0.88222,0.88276,0.87994,0.88126,12934,1,0
2025-03-28 20:00:00,0.88126,0.88229,0.88066,0.88071,4730,2,0
2025-03-31 00:00:00,0.87843,0.88124,0.87792,0.87895,5861,2,0
2025-03-31 04:00:00,0.87895,0.87942,0.87838,0.87904,4496,2,0
2025-03-31 08:00:00,0.87904,0.88164,0.87811,0.88073,9919,2,0
2025-03-31 12:00:00,0.88073,0.88212,0.88048,0.8821,7787,0,0
2025-03-31 16:00:00,0.8821,0.88532,0.88128,0.88441,12770,2,0
2025-03-31 20:00:00,0.88441,0.88552,0.88408,0.88425,4954,0,0
2025-04-01 00:00:00,0.88383,0.88455,0.88319,0.88343,4194,2,0
2025-04-01 04:00:00,0.88343,0.88363,0.88267,0.88288,3293,2,0
2025-04-01 08:00:00,0.88288,0.88438,0.88248,0.88254,6358,2,0
2025-04-01 12:00:00,0.88254,0.88333,0.88178,0.88321,8778,0,0
2025-04-01 16:00:00,0.88321,0.8838,0.88167,0.88316,11951,1,0
2025-04-01 20:00:00,0.88316,0.88422,0.88316,0.88356,4930,2,0
2025-04-02 00:00:00,0.88349,0.88398,0.88161,0.88367,3445,2,0
2025-04-02 04:00:00,0.88367,0.88425,0.88316,0.88371,3245,2,0
2025-04-02 08:00:00,0.88371,0.88478,0.8836,0.88439,6538,1,0
2025-04-02 12:00:00,0.88439,0.88486,0.88282,0.88287,7838,1,0
2025-04-02 16:00:00,0.88287,0.88383,0.88152,0.8835,11582,1,0
2025-04-02 20:00:00,0.8835,0.884,0.88122,0.88149,13257,1,0
2025-04-03 00:00:00,0.88152,0.88301,0.87639,0.87816,15523,0,0
2025-04-03 04:00:00,0.87816,0.87863,0.87497,0.87604,12681,2,0
2025-04-03 08:00:00,0.87604,0.87607,0.8653,0.86613,21494,0,0
2025-04-03 12:00:00,0.86613,0.86646,0.85849,0.85928,25596,0,0
2025-04-03 16:00:00,0.85928,0.86087,0.8547,0.86001,29384,0,0
2025-04-03 20:00:00,0.86001,0.86187,0.85901,0.8592,11006,1,0
2025-04-04 00:00:00,0.85915,0.85965,0.8572,0.85753,8930,2,0
2025-04-04 04:00:00,0.85753,0.85819,0.85278,0.85312,12539,1,0
2025-04-04 08:00:00,0.85312,0.85703,0.8524,0.85559,19164,2,0
2025-04-04 12:00:00,0.85557,0.8563,0.84765,0.85281,37799,0,0
2025-04-04 16:00:00,0.85279,0.8591,0.85031,0.85854,38685,0,0
2025-04-04 20:00:00,0.85854,0.86254,0.85808,0.85993,21789,2,0
2025-04-07 00:00:00,0.85128,0.85591,0.84958,0.85388,22731,2,0
2025-04-07 04:00:00,0.85388,0.85838,0.8525,0.85282,16726,2,0
2025-04-07 08:00:00,0.85281,0.8543,0.8451,0.85116,31242,1,0
2025-04-07 12:00:00,0.85116,0.85868,0.85097,0.85634,32052,0,0
2025-04-07 16:00:00,0.85634,0.86739,0.85386,0.85847,41166,0,0
2025-04-07 20:00:00,0.85839,0.86042,0.8555,0.86042,20843,1,0
2025-04-08 00:00:00,0.85793,0.86045,0.8572,0.85752,11359,1,0
2025-04-08 04:00:00,0.85751,0.85777,0.85586,0.85681,12737,2,0
2025-04-08 08:00:00,0.85681,0.86015,0.85437,0.85921,18847,2,0
2025-04-08 12:00:00,0.85921,0.85969,0.85207,0.85288,19844,0,0
2025-04-08 16:00:00,0.85288,0.85858,0.85247,0.85267,29447,0,0
2025-04-08 20:00:00,0.85268,0.85322,0.84554,0.84735,23745,0,0
2025-04-09 00:00:00,0.84706,0.84768,0.8429,0.8434,14151,1,0
2025-04-09 04:00:00,0.84339,0.84614,0.83812,0.8404,20993,2,0
2025-04-09 08:00:00,0.8404,0.84665,0.84,0.84282,30046,0,0
2025-04-09 12:00:00,0.84283,0.8434,0.83591,0.8367,26855,0,0
2025-04-09 16:00:00,0.8367,0.8427,0.83669,0.84176,29076,0,0
2025-04-09 20:00:00,0.84176,0.8583,0.84015,0.85766,31634,2,0
2025-04-10 00:00:00,0.85674,0.85773,0.85171,0.85224,16083,2,0
2025-04-10 04:00:00,0.85224,0.85352,0.85147,0.85244,14957,2,0
2025-04-10 08:00:00,0.85244,0.85746,0.84564,0.84613,20477,2,0
2025-04-10 12:00:00,0.84613,0.84661,0.83481,0.83939,21664,0,0
2025-04-10 16:00:00,0.83939,0.83999,0.82492,0.82653,35530,0,0
2025-04-10 20:00:00,0.82652,0.82876,0.82311,0.82367,24822,2,0
2025-04-11 00:00:00,0.82312,0.82429,0.81406,0.81837,20679,2,0
2025-04-11 04:00:00,0.81836,0.82145,0.81714,0.81788,26219,2,0
2025-04-11 08:00:00,0.81788,0.82575,0.81109,0.81311,31375,0,0
2025-04-11 12:00:00,0.81311,0.82127,0.81084,0.81148,29417,0,0
2025-04-11 16:00:00,0.81148,0.8187,0.8099,0.81715,35641,0,0
2025-04-11 20:00:00,0.81714,0.81934,0.81458,0.81492,16257,0,0
2025-04-14 00:00:00,0.81961,0.81961,0.81629,0.81646,17094,2,0
2025-04-14 04:00:00,0.81646,0.81858,0.81346,0.81738,16834,2,0
2025-04-14 08:00:00,0.81738,0.81905,0.81207,0.81698,21281,0,0
2025-04-14 12:00:00,0.81698,0.82425,0.81534,0.82409,15880,0,0
2025-04-14 16:00:00,0.82409,0.82683,0.81187,0.81573,27627,0,0
2025-04-14 20:00:00,0.81572,0.81651,0.81213,0.81482,11244,0,0
2025-04-15 00:00:00,0.8141,0.81812,0.81339,0.8178,6879,2,0
2025-04-15 04:00:00,0.8178,0.81804,0.81498,0.81596,7388,2,0
2025-04-15 08:00:00,0.81596,0.81884,0.81318,0.81469,12563,0,0
2025-04-15 12:00:00,0.81471,0.81798,0.81366,0.81785,14398,2,0
2025-04-15 16:00:00,0.81785,0.82208,0.81668,0.82096,19401,0,0
2025-04-15 20:00:00,0.82096,0.82393,0.82084,0.82337,7437,2,0
2025-04-16 00:00:00,0.82215,0.82321,0.81781,0.81836,11352,0,0
2025-04-16 04:00:00,0.81836,0.81872,0.81514,0.81647,10855,1,0
2025-04-16 08:00:00,0.81647,0.82002,0.81284,0.81717,19706,0,0
2025-04-16 12:00:00,0.81717,0.81829,0.81465,0.81561,17116,0,0
2025-04-16 16:00:00,0.81563,0.81709,0.81305,0.81559,18185,1,0
2025-04-16 20:00:00,0.81559,0.8167,0.81207,0.81329,14546,2,0
2025-04-17 00:00:00,0.81282,0.81622,0.81143,0.81613,8453,2,0
2025-04-17 04:00:00,0.81613,0.8183,0.81597,0.81725,10127,2,0
2025-04-17 08:00:00,0.81725,0.81993,0.81618,0.81667,13380,1,0
2025-04-17 12:00:00,0.81667,0.81936,0.81601,0.81787,15540,1,0
2025-04-17 16:00:00,0.81786,0.82313,0.81595,0.82107,20014,0,0
2025-04-17 20:00:00,0.82107,0.82184,0.81826,0.81949,9374,2,0
2025-04-18 00:00:00,0.81785,0.81903,0.81728,0.81795,11310,2,0
2025-04-18 04:00:00,0.81817,0.81892,0.81747,0.81846,63476,2,0
2025-04-18 08:00:00,0.81847,0.81963,0.81768,0.81901,60976,2,0
2025-04-18 12:00:00,0.81901,0.81925,0.81757,0.8179,60719,2,0
2025-04-18 16:00:00,0.8179,0.81857,0.81686,0.8173,55923,2,0
2025-04-18 20:00:00,0.81728,0.81753,0.81546,0.81572,46007,2,0
2025-04-21 00:00:00,0.81538,0.8163,0.81095,0.81193,12749,0,0
2025-04-21 04:00:00,0.81194,0.81197,0.8069,0.80809,12454,1,0
2025-04-21 08:00:00,0.80809,0.80991,0.80412,0.80512,13734,2,0
2025-04-21 12:00:00,0.80512,0.808,0.80394,0.80485,14413,1,0
2025-04-21 16:00:00,0.80485,0.80839,0.80464,0.8071,16699,0,0
2025-04-21 20:00:00,0.8071,0.80926,0.8065,0.80892,8900,2,0
2025-04-22 00:00:00,0.80878,0.8118,0.806,0.81114,11857,1,0
2025-04-22 04:00:00,0.81114,0.81246,0.80718,0.80825,12904,2,0
2025-04-22 08:00:00,0.80825,0.81171,0.80664,0.81056,18999,0,0
2025-04-22 12:00:00,0.81056,0.81339,0.80928,0.81259,14287,2,0
2025-04-22 16:00:00,0.81259,0.81807,0.81176,0.81778,18037,0,0
2025-04-22 20:00:00,0.81778,0.81913,0.81577,0.81893,12709,0,0
2025-04-23 00:00:00,0.81882,0.82868,0.81692,0.82266,17891,1,0
2025-04-23 04:00:00,0.82266,0.82444,0.82064,0.82273,12221,2,0
2025-04-23 08:00:00,0.82274,0.82421,0.8205,0.82144,19510,0,0
2025-04-23 12:00:00,0.82145,0.82486,0.81967,0.82264,15927,0,0
2025-04-23 16:00:00,0.82264,0.82995,0.82205,0.82948,28968,0,0
2025-04-23 20:00:00,0.82948,0.83111,0.82861,0.83044,10001,2,0
2025-04-24 00:00:00,0.82951,0.83038,0.82771,0.82892,10018,1,0
2025-04-24 04:00:00,0.82891,0.82936,0.82757,0.82867,9120,2,0
2025-04-24 08:00:00,0.82867,0.82917,0.8257,0.82658,13657,1,0
2025-04-24 12:00:00,0.82657,0.82679,0.8239,0.82556,12550,1,0
2025-04-24 16:00:00,0.82556,0.82844,0.82515,0.82705,14936,2,0
2025-04-24 20:00:00,0.82705,0.8288,0.82644,0.82673,7114,0,0
2025-04-25 00:00:00,0.82551,0.83079,0.82503,0.83073,6908,2,0
2025-04-25 04:00:00,0.83074,0.83289,0.82941,0.83159,9659,0,0
2025-04-25 08:00:00,0.83159,0.83344,0.82958,0.83055,14366,2,0
2025-04-25 12:00:00,0.83055,0.83101,0.82818,0.83061,12371,0,0
2025-04-25 16:00:00,0.83061,0.83137,0.8278,0.82909,12557,1,0
2025-04-25 20:00:00,0.82909,0.82941,0.82665,0.82791,6466,0,0
2025-04-28 00:00:00,0.83133,0.83133,0.82563,0.82753,8472,2,0
2025-04-28 04:00:00,0.82753,0.82927,0.82694,0.82699,6771,2,0
2025-04-28 08:00:00,0.82699,0.83184,0.82673,0.83059,10791,0,0
2025-04-28 12:00:00,0.83057,0.83097,0.82855,0.83024,9684,1,0
2025-04-28 16:00:00,0.83024,0.83067,0.81989,0.82105,15928,0,0
2025-04-28 20:00:00,0.82105,0.8221,0.81974,0.81992,6822,0,0
2025-04-29 00:00:00,0.81991,0.82206,0.81935,0.8219,4941,2,0
2025-04-29 04:00:00,0.8219,0.82476,0.8213,0.82436,8165,1,0
2025-04-29 08:00:00,0.82437,0.82536,0.82211,0.8249,11746,0,0
2025-04-29 12:00:00,0.8249,0.82639,0.82264,0.82278,10819,0,0
2025-04-29 16:00:00,0.82278,0.82479,0.8216,0.82321,19506,0,0
2025-04-29 20:00:00,0.82322,0.82488,0.82287,0.82383,7689,0,0
2025-04-30 00:00:00,0.82259,0.8243,0.82245,0.82358,6336,0,0
2025-04-30 04:00:00,0.82358,0.82464,0.82265,0.82359,7068,0,0
2025-04-30 08:00:00,0.82359,0.82633,0.82304,0.82563,11624,0,0
2025-04-30 12:00:00,0.82563,0.82588,0.82214,0.82341,15076,0,0
2025-04-30 16:00:00,0.82343,0.82454,0.82138,0.82225,22550,0,0
2025-04-30 20:00:00,0.82225,0.82726,0.82184,0.82627,10416,0,0
2025-05-01 00:00:00,0.82482,0.82687,0.82366,0.82618,4411,0,0
2025-05-01 04:00:00,0.82618,0.8279,0.82565,0.8275,7080,0,0
2025-05-01 08:00:00,0.8275,0.82891,0.82561,0.8267,12182,0,0
2025-05-01 12:00:00,0.82671,0.8292,0.82609,0.82892,12741,0,0
2025-05-01 16:00:00,0.82894,0.83332,0.82788,0.83108,18280,0,0
2025-05-01 20:00:00,0.83108,0.83227,0.8289,0.82923,7489,0,0
2025-05-02 00:00:00,0.82852,0.83183,0.82837,0.83138,6687,0,0
2025-05-02 04:00:00,0.83138,0.83144,0.82831,0.82931,8567,0,0
2025-05-02 08:00:00,0.82931,0.82944,0.826,0.82621,12988,0,0
2025-05-02 12:00:00,0.82621,0.82765,0.82058,0.8272,18298,0,0
2025-05-02 16:00:00,0.82723,0.82804,0.82274,0.82749,22884,0,0
2025-05-02 20:00:00,0.82749,0.82806,0.82614,0.8263,9628,0,0
2025-05-05 00:00:00,0.82471,0.82584,0.8238,0.82417,6683,0,0
2025-05-05 04:00:00,0.82417,0.82417,0.82197,0.82322,7343,0,0
2025-05-05 08:00:00,0.82322,0.82755,0.82269,0.82497,13611,0,0
2025-05-05 12:00:00,0.82495,0.825,0.8219,0.82282,12670,0,0
2025-05-05 16:00:00,0.82282,0.82481,0.82142,0.82408,15369,0,0
2025-05-05 20:00:00,0.82408,0.82419,0.82161,0.82216,6311,0,0
2025-05-06 00:00:00,0.822,0.82461,0.8208,0.82451,5466,0,0
2025-05-06 04:00:00,0.82451,0.82538,0.82221,0.82278,8986,0,0
2025-05-06 08:00:00,0.82278,0.825,0.82219,0.82411,13723,0,0
2025-05-06 12:00:00,0.82411,0.82654,0.82329,0.82418,13793,0,0
2025-05-06 16:00:00,0.82419,0.82537,0.82256,0.8236,14620,0,0
2025-05-06 20:00:00,0.8236,0.82365,0.82129,0.82175,7100,0,0
2025-05-07 00:00:00,0.82129,0.82718,0.82077,0.82636,11846,0,0
2025-05-07 04:00:00,0.82636,0.82722,0.82481,0.82554,10388,0,0
2025-05-07 08:00:00,0.82554,0.82622,0.82307,0.82552,12194,0,0
2025-05-07 12:00:00,0.82552,0.82623,0.82144,0.82195,10708,0,0
2025-05-07 16:00:00,0.82195,0.82252,0.8194,0.82024,13906,0,0
2025-05-07 20:00:00,0.82027,0.82443,0.81858,0.82353,17263,0,0
2025-05-08 00:00:00,0.82265,0.8243,0.82211,0.82393,4285,0,0
2025-05-08 04:00:00,0.82393,0.82417,0.82238,0.82412,9415,0,0
2025-05-08 08:00:00,0.82412,0.82915,0.82408,0.82688,14653,0,0
2025-05-08 12:00:00,0.82689,0.8271,0.82318,0.82438,14805,0,0
2025-05-08 16:00:00,0.82438,0.8314,0.82394,0.83085,22045,0,0
2025-05-08 20:00:00,0.83085,0.83321,0.83046,0.8315,9353,0,0
2025-05-09 00:00:00,0.83039,0.8324,0.82933,0.83091,7141,0,0
2025-05-09 04:00:00,0.83091,0.8341,0.83077,0.83131,10072,0,0
2025-05-09 08:00:00,0.83131,0.83214,0.82989,0.83022,11455,0,0
2025-05-09 12:00:00,0.83022,0.8325,0.83001,0.83023,12006,0,0
2025-05-09 16:00:00,0.83023,0.83149,0.82693,0.83136,14394,0,0
2025-05-09 20:00:00,0.83136,0.83171,0.83056,0.83118,5547,0,0
2025-05-12 00:00:00,0.83524,0.83581,0.83331,0.83385,8042,0,0
2025-05-12 04:00:00,0.83385,0.83503,0.83308,0.83401,9277,0,0
2025-05-12 08:00:00,0.83401,0.84682,0.83324,0.84157,25412,0,0
2025-05-12 12:00:00,0.84157,0.84751,0.84157,0.84285,21287,0,0
2025-05-12 16:00:00,0.84285,0.84511,0.84105,0.8451,19487,0,0
2025-05-12 20:00:00,0.8451,0.84761,0.84469,0.84534,8528,0,0
2025-05-13 00:00:00,0.84537,0.84573,0.84358,0.84375,7077,0,0
2025-05-13 04:00:00,0.84375,0.84435,0.84273,0.84281,8877,0,0
2025-05-13 08:00:00,0.84275,0.84414,0.83951,0.83985,12590,0,0
2025-05-13 12:00:00,0.8398,0.84321,0.83965,0.8418,12479,0,0
2025-05-13 16:00:00,0.8418,0.84341,0.84049,0.84144,18360,0,0
2025-05-13 20:00:00,0.84144,0.8417,0.83871,0.83939,6726,0,0
2025-05-14 00:00:00,0.83894,0.84018,0.83867,0.83912,6418,0,0
2025-05-14 04:00:00,0.83912,0.83952,0.83804,0.83864,9235,0,0
2025-05-14 08:00:00,0.83864,0.83996,0.83446,0.83564,15935,0,0
2025-05-14 12:00:00,0.83564,0.83785,0.83245,0.83751,16828,0,0
2025-05-14 16:00:00,0.83751,0.84249,0.83678,0.84097,20190,0,0
2025-05-14 20:00:00,0.84097,0.8436,0.84047,0.84218,8770,0,0
2025-05-15 00:00:00,0.84152,0.84217,0.83998,0.84014,6766,0,0
2025-05-15 04:00:00,0.84014,0.8405,0.83895,0.84042,8312,0,0
2025-05-15 08:00:00,0.84042,0.84064,0.83598,0.83662,13343,0,0
2025-05-15 12:00:00,0.83662,0.83926,0.83592,0.83641,13458,0,0
2025-05-15 16:00:00,0.83641,0.83792,0.83463,0.83661,18847,0,0
2025-05-15 20:00:00,0.83662,0.83739,0.83503,0.83555,7125,0,0
2025-05-16 00:00:00,0.83561,0.83609,0.83297,0.83319,6087,0,0
2025-05-16 04:00:00,0.83319,0.83485,0.83283,0.83456,6888,0,0
2025-05-16 08:00:00,0.83457,0.83569,0.83269,0.83545,10966,0,0
2025-05-16 12:00:00,0.83545,0.83816,0.83518,0.83727,10557,0,0
2025-05-16 16:00:00,0.83727,0.84008,0.83651,0.83907,13783,0,0
2025-05-16 20:00:00,0.83907,0.83952,0.83684,0.83714,6566,0,0
2025-05-19 00:00:00,0.83513,0.83605,0.8343,0.83482,11073,0,0
2025-05-19 04:00:00,0.83483,0.83658,0.83458,0.83632,10629,0,0
2025-05-19 08:00:00,0.83632,0.83644,0.83277,0.83332,15196,0,0
2025-05-19 12:00:00,0.83332,0.83432,0.83179,0.83432,15496,0,0
2025-05-19 16:00:00,0.83431,0.83498,0.83194,0.83451,16369,0,0
2025-05-19 20:00:00,0.83451,0.83546,0.83419,0.83448,7467,0,0
2025-05-20 00:00:00,0.83276,0.83627,0.83235,0.8353,4888,0,0
2025-05-20 04:00:00,0.8353,0.83596,0.83347,0.83443,9020,0,0
2025-05-20 08:00:00,0.83443,0.83445,0.83094,0.83186,14355,0,0
2025-05-20 12:00:00,0.83186,0.83436,0.83152,0.83402,11799,0,0
2025-05-20 16:00:00,0.83402,0.83477,0.83077,0.83214,15685,0,0
2025-05-20 20:00:00,0.83213,0.83236,0.82823,0.82827,7570,0,0
2025-05-21 00:00:00,0.82807,0.82857,0.82552,0.82615,7482,0,0
2025-05-21 04:00:00,0.82615,0.8266,0.82169,0.82224,11360,0,0
2025-05-21 08:00:00,0.82224,0.82635,0.82096,0.82547,15513,0,0
2025-05-21 12:00:00,0.82547,0.82659,0.82252,0.82462,15443,0,0
2025-05-21 16:00:00,0.82462,0.82588,0.82379,0.82517,16024,0,0
2025-05-21 20:00:00,0.82517,0.82605,0.8227,0.82519,12828,0,0
2025-05-22 00:00:00,0.8234,0.82647,0.8234,0.82492,8859,0,0
2025-05-22 04:00:00,0.82492,0.82564,0.82339,0.82462,10605,0,0
2025-05-22 08:00:00,0.82462,0.82658,0.82422,0.82626,14813,0,0
2025-05-22 12:00:00,0.82626,0.82801,0.82531,0.8273,14468,0,0
2025-05-22 16:00:00,0.8273,0.83,0.82624,0.82922,18109,0,0
2025-05-22 20:00:00,0.82922,0.83067,0.8282,0.82884,7883,0,0
2025-05-23 00:00:00,0.82899,0.82902,0.82742,0.82791,6457,0,0
2025-05-23 04:00:00,0.82791,0.82816,0.82614,0.8264,8073,0,0
2025-05-23 08:00:00,0.82641,0.82721,0.82549,0.82626,9701,0,0
2025-05-23 12:00:00,0.82626,0.82685,0.82111,0.82325,21088,0,0
2025-05-23 16:00:00,0.82325,0.8244,0.82088,0.8209,18834,0,0
2025-05-23 20:00:00,0.8209,0.82158,0.82046,0.82127,7375,0,0
2025-05-26 00:00:00,0.82012,0.82279,0.81993,0.82171,9245,0,0
2025-05-26 04:00:00,0.82171,0.82188,0.81926,0.82036,9811,0,0
2025-05-26 08:00:00,0.82036,0.82201,0.81976,0.8216,10534,0,0
2025-05-26 12:00:00,0.8216,0.82331,0.82065,0.82284,6896,0,0
2025-05-26 16:00:00,0.82284,0.82329,0.81986,0.82026,6435,0,0
2025-05-26 20:00:00,0.82026,0.82098,0.82016,0.82092,2588,0,0
2025-05-27 00:00:00,0.81942,0.82324,0.81923,0.81968,6938,0,0
2025-05-27 04:00:00,0.81968,0.82169,0.81878,0.8216,7534,0,0
2025-05-27 08:00:00,0.8216,0.82574,0.82062,0.82497,14370,0,0
2025-05-27 12:00:00,0.82497,0.82738,0.82455,0.82529,11617,0,0
2025-05-27 16:00:00,0.82529,0.828,0.82455,0.82697,13221,0,0
2025-05-27 20:00:00,0.82697,0.82756,0.82664,0.82718,5611,0,0
2025-05-28 00:00:00,0.82663,0.82741,0.82521,0.82717,5360,0,0
2025-05-28 04:00:00,0.82718,0.82898,0.82706,0.8283,9860,0,0
2025-05-28 08:00:00,0.8283,0.82912,0.8254,0.82656,10731,0,0
2025-05-28 12:00:00,0.82656,0.82802,0.82584,0.82734,10524,0,0
2025-05-28 16:00:00,0.82734,0.8286,0.8245,0.82688,15583,0,0
2025-05-28 20:00:00,0.82688,0.8275,0.82653,0.82688,7425,0,0
2025-05-29 00:00:00,0.82705,0.83478,0.82598,0.83378,15335,0,0
2025-05-29 04:00:00,0.83378,0.83476,0.83155,0.8322,11603,0,0
2025-05-29 08:00:00,0.8322,0.83382,0.82918,0.82975,13505,0,0
2025-05-29 12:00:00,0.82975,0.82983,0.82427,0.82444,14543,0,0
2025-05-29 16:00:00,0.82444,0.82513,0.82249,0.82307,16315,0,0
2025-05-29 20:00:00,0.82307,0.82396,0.82178,0.82286,7593,0,0
2025-05-30 00:00:00,0.82095,0.82302,0.81929,0.82196,8471,0,0
2025-05-30 04:00:00,0.82196,0.82343,0.81992,0.82299,9184,0,0
2025-05-30 08:00:00,0.82299,0.82482,0.82264,0.82393,12236,0,0
2025-05-30 12:00:00,0.82393,0.82491,0.82115,0.82258,13688,0,0
2025-05-30 16:00:00,0.82258,0.82453,0.82131,0.82221,18977,0,0
2025-05-30 20:00:00,0.82221,0.82331,0.82124,0.82272,8119,0,0
2025-06-02 00:00:00,0.82281,0.82324,0.8208,0.82175,7084,0,0
2025-06-02 04:00:00,0.82175,0.82304,0.82092,0.82243,7809,0,0
2025-06-02 08:00:00,0.82243,0.82254,0.81718,0.8177,12244,0,0
2025-06-02 12:00:00,0.8177,0.8185,0.81569,0.81805,11693,0,0
2025-06-02 16:00:00,0.81805,0.81912,0.81568,0.81803,17723,0,0
2025-06-02 20:00:00,0.81803,0.8185,0.81665,0.81694,7567,0,0
2025-06-03 00:00:00,0.81761,0.81761,0.81584,0.81698,5472,0,0
2025-06-03 04:00:00,0.81698,0.81886,0.81698,0.81787,7578,0,0
2025-06-03 08:00:00,0.81787,0.8191,0.81688,0.8189,10589,0,0
2025-06-03 12:00:00,0.8189,0.82344,0.81833,0.82312,11251,0,0
2025-06-03 16:00:00,0.82312,0.82473,0.8217,0.82392,16527,0,0
2025-06-03 20:00:00,0.82392,0.82427,0.82328,0.82388,6165,0,0
2025-06-04 00:00:00,0.82224,0.82389,0.82171,0.82345,5404,0,0
2025-06-04 04:00:00,0.82345,0.82446,0.82242,0.82436,7589,0,0
2025-06-04 08:00:00,0.82436,0.82499,0.8219,0.82221,11551,0,0
2025-06-04 12:00:00,0.82221,0.82422,0.82081,0.82121,12755,0,0
2025-06-04 16:00:00,0.82121,0.82221,0.81701,0.81709,17688,0,0
2025-06-04 20:00:00,0.81709,0.81913,0.81706,0.81819,7582,0,0
2025-06-05 00:00:00,0.81763,0.81869,0.8158,0.81763,7325,0,0
2025-06-05 04:00:00,0.81763,0.81944,0.81724,0.81907,8788,0,0
2025-06-05 08:00:00,0.81907,0.82085,0.81866,0.82037,9687,0,0
2025-06-05 12:00:00,0.82037,0.8215,0.81806,0.82034,13824,0,0
2025-06-05 16:00:00,0.82032,0.82145,0.81721,0.81915,24733,0,0
2025-06-05 20:00:00,0.81915,0.8211,0.81909,0.8195,11215,0,0
2025-06-06 00:00:00,0.81877,0.82071,0.81816,0.82016,5198,0,0
2025-06-06 04:00:00,0.82016,0.82081,0.81975,0.82032,6289,0,0
2025-06-06 08:00:00,0.82032,0.82206,0.82026,0.82201,9348,0,0
2025-06-06 12:00:00,0.82201,0.82414,0.82106,0.82375,13407,0,0
2025-06-06 16:00:00,0.82375,0.82483,0.82119,0.82308,20903,0,0
2025-06-06 20:00:00,0.82308,0.82324,0.82159,0.82173,7445,0,0
2025-06-09 00:00:00,0.82048,0.82253,0.82048,0.82252,4288,0,0
2025-06-09 04:00:00,0.82252,0.82252,0.82042,0.82087,5707,0,0
2025-06-09 08:00:00,0.82087,0.82127,0.81924,0.82021,8461,0,0
2025-06-09 12:00:00,0.82021,0.82234,0.8195,0.82202,8777,0,0
2025-06-09 16:00:00,0.82202,0.82256,0.82039,0.82101,10542,0,0
2025-06-09 20:00:00,0.82101,0.8217,0.82094,0.82131,4841,0,0
2025-06-10 00:00:00,0.82115,0.82177,0.8204,0.82144,5069,0,0
2025-06-10 04:00:00,0.82144,0.82419,0.82111,0.82254,9252,0,0
2025-06-10 08:00:00,0.82254,0.82364,0.82082,0.82109,14796,0,0
2025-06-10 12:00:00,0.82109,0.82194,0.82077,0.8217,10165,0,0
2025-06-10 16:00:00,0.8217,0.82299,0.82038,0.82227,12363,0,0
2025-06-10 20:00:00,0.82227,0.8233,0.82207,0.82254,5878,0,0
2025-06-11 00:00:00,0.82237,0.82293,0.82125,0.82217,6595,0,0
2025-06-11 04:00:00,0.82217,0.82323,0.82206,0.82268,6502,0,0
2025-06-11 08:00:00,0.82268,0.82345,0.82137,0.82202,8223,0,0
2025-06-11 12:00:00,0.82202,0.82295,0.81849,0.82064,12677,0,0
2025-06-11 16:00:00,0.82064,0.82096,0.81927,0.82046,14914,0,0
2025-06-11 20:00:00,0.82045,0.82078,0.81934,0.81961,7830,0,0
2025-06-12 00:00:00,0.81897,0.8202,0.81719,0.81762,7467,0,0
2025-06-12 04:00:00,0.81762,0.81793,0.81593,0.81691,9443,0,0
2025-06-12 08:00:00,0.81691,0.81758,0.81412,0.81459,13722,0,0
2025-06-12 12:00:00,0.81459,0.81499,0.81022,0.81119,17546,0,0
2025-06-12 16:00:00,0.81119,0.81422,0.81063,0.8122,17180,0,0
2025-06-12 20:00:00,0.8122,0.81285,0.81014,0.81029,7265,0,0
2025-06-13 00:00:00,0.80955,0.81045,0.80559,0.80697,11828,0,0
2025-06-13 04:00:00,0.80697,0.81011,0.80619,0.80961,14704,0,0
2025-06-13 08:00:00,0.80961,0.81292,0.80895,0.8124,16226,0,0
2025-06-13 12:00:00,0.8124,0.81483,0.81209,0.81295,14876,0,0
2025-06-13 16:00:00,0.81299,0.81403,0.81082,0.81136,14731,0,0
2025-06-13 20:00:00,0.81136,0.81217,0.81031,0.81091,10012,0,0
2025-06-16 00:00:00,0.81033,0.81239,0.80931,0.81187,15851,3,0
2025-06-16 04:00:00,0.8119,0.81318,0.81081,0.81262,8036,3,0
2025-06-16 08:00:00,0.81262,0.81339,0.81072,0.81213,12796,3,0
2025-06-16 12:00:00,0.81213,0.81237,0.81007,0.81111,9904,3,0
2025-06-16 16:00:00,0.81111,0.81208,0.80889,0.81168,14818,3,0
2025-06-16 20:00:00,0.81168,0.81468,0.81158,0.81369,7364,3,0
2025-06-17 00:00:00,0.81331,0.81464,0.81194,0.8145,7274,3,0
2025-06-17 04:00:00,0.8145,0.8145,0.81289,0.81354,8202,3,0
2025-06-17 08:00:00,0.81354,0.81379,0.81201,0.81287,12137,3,0
2025-06-17 12:00:00,0.81287,0.81434,0.81208,0.81426,12105,3,0
2025-06-17 16:00:00,0.81426,0.81646,0.81324,0.81515,15910,3,0
2025-06-17 20:00:00,0.81514,0.81716,0.81457,0.81611,12067,3,0
2025-06-18 00:00:00,0.81373,0.81731,0.8117,0.81687,7513,3,0
2025-06-18 04:00:00,0.81687,0.81704,0.81601,0.81644,7260,3,0
2025-06-18 08:00:00,0.81644,0.81735,0.81535,0.81719,10312,3,0
2025-06-18 12:00:00,0.81719,0.81817,0.81622,0.81667,10778,3,0
2025-06-18 16:00:00,0.81667,0.81831,0.81651,0.81771,13670,3,0
2025-06-18 20:00:00,0.81771,0.81991,0.81563,0.81841,19235,3,0
2025-06-19 00:00:00,0.81833,0.81923,0.81576,0.81899,6216,3,0
2025-06-19 04:00:00,0.81899,0.82053,0.81879,0.81964,9148,3,0
2025-06-19 08:00:00,0.81964,0.82153,0.81584,0.81604,14440,3,0
2025-06-19 12:00:00,0.81604,0.81845,0.81559,0.81752,10157,3,0
2025-06-19 16:00:00,0.81752,0.81945,0.81707,0.81881,9570,3,0
2025-06-19 20:00:00,0.81881,0.81889,0.81572,0.81627,6035,3,0
2025-06-20 00:00:00,0.81564,0.81716,0.81456,0.81595,3989,3,0
2025-06-20 04:00:00,0.81595,0.81707,0.81557,0.81667,7019,3,0
2025-06-20 08:00:00,0.81667,0.81707,0.8152,0.81601,9767,3,0
2025-06-20 12:00:00,0.81601,0.81796,0.81576,0.81712,10383,3,0
2025-06-20 16:00:00,0.81711,0.81831,0.81654,0.81667,13332,3,0
2025-06-20 20:00:00,0.81667,0.81835,0.81626,0.81725,5871,3,0
2025-06-23 00:00:00,0.81635,0.8195,0.81616,0.81865,10179,3,0
2025-06-23 04:00:00,0.81865,0.81945,0.81716,0.81817,10963,3,0
2025-06-23 08:00:00,0.81817,0.81833,0.81585,0.81795,14542,3,0
2025-06-23 12:00:00,0.81795,0.81936,0.81728,0.81827,15262,2,0
2025-06-23 16:00:00,0.81827,0.81878,0.81223,0.8131,22914,3,0
2025-06-23 20:00:00,0.8131,0.81354,0.81152,0.81258,11923,3,0
2025-06-24 00:00:00,0.81188,0.81308,0.81075,0.81214,7407,3,0
2025-06-24 04:00:00,0.81214,0.81303,0.81126,0.8118,5630,3,0
2025-06-24 08:00:00,0.8118,0.81258,0.81046,0.81136,14707,3,0
2025-06-24 12:00:00,0.81136,0.81142,0.80788,0.80827,13163,3,0
2025-06-24 16:00:00,0.80826,0.80948,0.80396,0.80415,19429,3,0
2025-06-24 20:00:00,0.80415,0.8055,0.80346,0.80489,7489,3,0
2025-06-25 00:00:00,0.80501,0.80568,0.80408,0.80457,5972,3,0
2025-06-25 04:00:00,0.80457,0.80562,0.80426,0.80512,4234,3,0
2025-06-25 08:00:00,0.80512,0.80587,0.804,0.80544,9622,3,0
2025-06-25 12:00:00,0.80544,0.808,0.80534,0.80716,10315,3,0
2025-06-25 16:00:00,0.80716,0.80747,0.80474,0.80517,11923,3,0
2025-06-25 20:00:00,0.80517,0.80577,0.80395,0.80457,7621,3,0
2025-06-26 00:00:00,0.80437,0.80489,0.80321,0.80355,3820,3,0
2025-06-26 04:00:00,0.80355,0.80435,0.80238,0.80364,4981,3,0
2025-06-26 08:00:00,0.80364,0.80413,0.79804,0.79951,13053,3,0
2025-06-26 12:00:00,0.79951,0.80213,0.79938,0.80019,13876,3,0
2025-06-26 16:00:00,0.80019,0.80122,0.79782,0.79896,17397,3,0
2025-06-26 20:00:00,0.79896,0.80056,0.79863,0.79967,7998,3,0
2025-06-27 00:00:00,0.79923,0.80154,0.79792,0.80116,4390,3,0
2025-06-27 04:00:00,0.80116,0.80153,0.80004,0.80135,4846,3,0
2025-06-27 08:00:00,0.80135,0.80178,0.79779,0.79839,10028,3,0
2025-06-27 12:00:00,0.79837,0.79964,0.79606,0.79635,12531,3,0
2025-06-27 16:00:00,0.79635,0.80077,0.79575,0.79927,17012,3,0
2025-06-27 20:00:00,0.79925,0.80071,0.79808,0.79815,9378,3,0
2025-06-30 00:00:00,0.79791,0.79944,0.7979,0.79903,5955,3,0
2025-06-30 04:00:00,0.79903,0.79934,0.79815,0.79834,8560,3,0
2025-06-30 08:00:00,0.79834,0.79936,0.79727,0.7976,12718,3,0
2025-06-30 12:00:00,0.79759,0.79828,0.79625,0.79806,10336,1,0
2025-06-30 16:00:00,0.79806,0.79826,0.79381,0.79417,17019,3,0
2025-06-30 20:00:00,0.79417,0.79418,0.79292,0.79306,8400,3,0
2025-07-01 00:00:00,0.79295,0.79342,0.79188,0.79191,2881,3,0
2025-07-01 04:00:00,0.79191,0.79308,0.79149,0.79246,4320,3,0
2025-07-01 08:00:00,0.79246,0.7928,0.78887,0.78971,11595,3,0
2025-07-01 12:00:00,0.78972,0.79025,0.78721,0.79015,14720,3,0
2025-07-01 16:00:00,0.79015,0.79438,0.78876,0.79357,19816,3,0
2025-07-01 20:00:00,0.79357,0.79377,0.79044,0.79052,6488,3,0
2025-07-02 00:00:00,0.78999,0.79128,0.78947,0.79041,3200,3,0
2025-07-02 04:00:00,0.79042,0.79161,0.79033,0.79141,3438,2,0
2025-07-02 08:00:00,0.79141,0.79345,0.79132,0.79248,9507,2,0
2025-07-02 12:00:00,0.79249,0.79401,0.79115,0.79282,13371,2,0
2025-07-02 16:00:00,0.79283,0.79413,0.79154,0.79186,14835,2,0
2025-07-02 20:00:00,0.79186,0.79208,0.79119,0.79194,5902,2,0
2025-07-03 00:00:00,0.79168,0.79195,0.79033,0.79134,3089,2,0
2025-07-03 04:00:00,0.79134,0.79194,0.79096,0.79188,3341,2,0
2025-07-03 08:00:00,0.79188,0.79211,0.79007,0.79189,8560,2,0
2025-07-03 12:00:00,0.7919,0.79865,0.79187,0.79748,13091,2,0
2025-07-03 16:00:00,0.79748,0.79765,0.79364,0.79545,18002,2,0
2025-07-03 20:00:00,0.79545,0.79631,0.79499,0.79522,5077,2,0
2025-07-04 00:00:00,0.79457,0.7956,0.79307,0.79431,4576,2,0
2025-07-04 04:00:00,0.79431,0.79499,0.79298,0.79313,4565,2,0
2025-07-04 08:00:00,0.79313,0.79423,0.79219,0.79341,9492,2,0
2025-07-04 12:00:00,0.79341,0.7944,0.79301,0.79428,8818,2,0
2025-07-04 16:00:00,0.79428,0.7944,0.79264,0.79334,7197,2,0
2025-07-04 20:00:00,0.79334,0.79525,0.79307,0.79322,37087,2,0
2025-07-07 00:00:00,0.7928,0.79481,0.79084,0.7939,4398,2,0
2025-07-07 04:00:00,0.7939,0.79504,0.79361,0.7949,6252,2,0
2025-07-07 08:00:00,0.7949,0.79757,0.79443,0.79714,10545,2,0
2025-07-07 12:00:00,0.79714,0.7984,0.79668,0.79803,9092,2,0
2025-07-07 16:00:00,0.79803,0.79881,0.79593,0.79857,10768,2,0
2025-07-07 20:00:00,0.79857,0.79911,0.79774,0.79801,6717,2,0
2025-07-08 00:00:00,0.79761,0.7983,0.79647,0.79696,3210,2,0
2025-07-08 04:00:00,0.79696,0.79769,0.79579,0.79638,4357,2,0
2025-07-08 08:00:00,0.79638,0.79742,0.79563,0.79648,8663,2,0
2025-07-08 12:00:00,0.79648,0.79844,0.79599,0.79815,8517,2,0
2025-07-08 16:00:00,0.79815,0.79948,0.79675,0.79692,12207,2,0
2025-07-08 20:00:00,0.79693,0.79707,0.79531,0.79563,5703,2,0
2025-07-09 00:00:00,0.79547,0.79659,0.79494,0.79627,3621,2,0
2025-07-09 04:00:00,0.79627,0.79788,0.7959,0.79717,4930,2,0
2025-07-09 08:00:00,0.79717,0.79769,0.79596,0.79637,8707,2,0
2025-07-09 12:00:00,0.79639,0.79752,0.79542,0.79571,9144,2,0
2025-07-09 16:00:00,0.79571,0.79608,0.79395,0.79542,10149,0,0
2025-07-09 20:00:00,0.79542,0.79557,0.79413,0.79417,5183,2,0
2025-07-10 00:00:00,0.79353,0.79396,0.79195,0.79238,3985,2,0
2025-07-10 04:00:00,0.79238,0.79446,0.79238,0.79408,3141,2,0
2025-07-10 08:00:00,0.79408,0.79538,0.79366,0.79512,6523,2,0
2025-07-10 12:00:00,0.79512,0.7969,0.79417,0.7964,7127,2,0
2025-07-10 16:00:00,0.7964,0.79875,0.79582,0.79769,12731,2,0
2025-07-10 20:00:00,0.79769,0.79772,0.7961,0.79676,5422,2,0
2025-07-11 00:00:00,0.79677,0.79782,0.79584,0.79749,4191,2,0
2025-07-11 04:00:00,0.79749,0.79818,0.79717,0.79753,3753,2,0
2025-07-11 08:00:00,0.79753,0.79781,0.79612,0.7973,6768,2,0
2025-07-11 12:00:00,0.7973,0.79737,0.79537,0.79638,8700,2,0
2025-07-11 16:00:00,0.79638,0.79747,0.79546,0.79621,12832,2,0
2025-07-11 20:00:00,0.79621,0.79727,0.79588,0.79599,4876,2,0
2025-07-14 00:00:00,0.797,0.7976,0.7947,0.796,4950,2,0
2025-07-14 04:00:00,0.796,0.79741,0.79564,0.79733,6399,2,0
2025-07-14 08:00:00,0.79733,0.79848,0.79682,0.7971,8496,0,0
2025-07-14 12:00:00,0.7971,0.79745,0.7955,0.79612,8097,2,0
2025-07-14 16:00:00,0.79611,0.79801,0.79583,0.7979,10902,0,0
2025-07-14 20:00:00,0.7979,0.79823,0.79755,0.79767,3967,2,0
2025-07-15 00:00:00,0.79757,0.79829,0.79546,0.79708,2161,2,0
2025-07-15 04:00:00,0.79708,0.79792,0.79661,0.79694,3197,2,0
2025-07-15 08:00:00,0.79694,0.79696,0.79534,0.79584,5921,2,0
2025-07-15 12:00:00,0.79584,0.79741,0.7948,0.79626,9652,2,0
2025-07-15 16:00:00,0.79627,0.80216,0.79626,0.80187,17103,2,0
2025-07-15 20:00:00,0.80187,0.80245,0.80135,0.80142,5871,2,0
2025-07-16 00:00:00,0.8008,0.80182,0.79986,0.80165,3615,2,0
2025-07-16 04:00:00,0.80165,0.80214,0.80131,0.80142,2761,2,0
2025-07-16 08:00:00,0.80142,0.80161,0.80038,0.80125,7563,2,0
2025-07-16 12:00:00,0.80125,0.80458,0.80123,0.80383,11050,2,0
2025-07-16 16:00:00,0.80383,0.80615,0.79471,0.80052,29768,0,0
2025-07-16 20:00:00,0.80052,0.80209,0.79914,0.80048,10553,2,0
2025-07-17 00:00:00,0.80008,0.80239,0.79895,0.80218,3394,2,0
2025-07-17 04:00:00,0.80218,0.80297,0.80134,0.8024,5211,2,0
2025-07-17 08:00:00,0.8024,0.80566,0.80209,0.80335,11015,2,0
2025-07-17 12:00:00,0.80335,0.8064,0.8031,0.80463,10542,2,0
2025-07-17 16:00:00,0.80463,0.80577,0.80377,0.80553,11975,1,0
2025-07-17 20:00:00,0.80553,0.80604,0.80377,0.8043,4648,2,0
2025-07-18 00:00:00,0.80375,0.80423,0.80252,0.80293,3772,2,0
2025-07-18 04:00:00,0.80293,0.80318,0.80216,0.80287,3407,2,0
2025-07-18 08:00:00,0.80287,0.80366,0.80149,0.8023,6427,2,0
2025-07-18 12:00:00,0.80229,0.80267,0.79959,0.79969,7866,2,0
2025-07-18 16:00:00,0.79969,0.80106,0.79847,0.80081,12303,2,0
2025-07-18 20:00:00,0.80081,0.80196,0.8007,0.80155,5243,2,0
2025-07-21 00:00:00,0.79905,0.80182,0.79886,0.80182,4429,2,0
2025-07-21 04:00:00,0.80182,0.80224,0.80133,0.80142,6286,2,0
2025-07-21 08:00:00,0.80142,0.80148,0.79959,0.80027,9184,0,0
2025-07-21 12:00:00,0.80027,0.80137,0.79888,0.79927,9242,2,0
2025-07-21 16:00:00,0.79927,0.79961,0.79653,0.79756,11720,0,0
2025-07-21 20:00:00,0.79756,0.79852,0.79748,0.7975,4315,2,0
2025-07-22 00:00:00,0.79735,0.79919,0.79657,0.79827,4460,2,0
2025-07-22 04:00:00,0.79827,0.79875,0.79744,0.79781,3509,2,0
2025-07-22 08:00:00,0.79781,0.7988,0.79653,0.79705,7535,2,0
2025-07-22 12:00:00,0.79705,0.79828,0.79664,0.79766,8726,1,0
2025-07-22 16:00:00,0.79766,0.79833,0.79204,0.79223,14369,0,0
2025-07-22 20:00:00,0.79223,0.79315,0.79174,0.79186,4740,2,0
2025-07-23 00:00:00,0.7918,0.79403,0.7909,0.79308,5924,2,0
2025-07-23 04:00:00,0.79308,0.79423,0.79276,0.79378,5069,2,0
2025-07-23 08:00:00,0.79378,0.79449,0.79107,0.79263,9049,2,0
2025-07-23 12:00:00,0.79263,0.79407,0.7922,0.79365,8970,2,0
2025-07-23 16:00:00,0.79365,0.79495,0.79323,0.79437,14435,2,0
2025-07-23 20:00:00,0.79437,0.79474,0.79194,0.79223,7769,2,0
2025-07-24 00:00:00,0.79149,0.79287,0.79093,0.79267,5692,2,0
2025-07-24 04:00:00,0.79267,0.79268,0.79154,0.79249,4331,2,0
2025-07-24 08:00:00,0.79249,0.79411,0.7922,0.79393,8520,2,0
2025-07-24 12:00:00,0.79393,0.79589,0.79381,0.79544,10667,2,0
2025-07-24 16:00:00,0.79544,0.79608,0.7931,0.79453,15960,1,0
2025-07-24 20:00:00,0.7945,0.79557,0.79354,0.79518,5422,2,0
2025-07-25 00:00:00,0.79439,0.79579,0.79335,0.79559,4331,2,0
2025-07-25 04:00:00,0.79559,0.79676,0.79522,0.79603,4052,2,0
2025-07-25 08:00:00,0.79603,0.79641,0.79472,0.79595,9040,2,0
2025-07-25 12:00:00,0.79595,0.79764,0.79577,0.79724,8730,2,0
2025-07-25 16:00:00,0.79724,0.79795,0.79545,0.79547,12527,2,0
2025-07-25 20:00:00,0.79547,0.79569,0.79442,0.79442,3819,2,0
2025-07-28 00:00:00,0.79532,0.79575,0.79445,0.79491,5082,2,0
2025-07-28 04:00:00,0.79491,0.796,0.79452,0.79557,7172,2,0
2025-07-28 08:00:00,0.79557,0.79949,0.79554,0.79911,12835,2,0
2025-07-28 12:00:00,0.79911,0.80168,0.79881,0.80078,12670,0,0
2025-07-28 16:00:00,0.80077,0.80328,0.80008,0.80288,13319,0,0
2025-07-28 20:00:00,0.80288,0.80372,0.8026,0.80328,4230,2,0
2025-07-29 00:00:00,0.80313,0.80388,0.80076,0.80385,3418,2,0
2025-07-29 04:00:00,0.80385,0.80424,0.80248,0.80364,3961,2,0
2025-07-29 08:00:00,0.80364,0.80715,0.80354,0.80516,12559,2,0
2025-07-29 12:00:00,0.80514,0.80758,0.80371,0.80749,12183,2,0
2025-07-29 16:00:00,0.8075,0.80793,0.805,0.80645,14901,2,0
2025-07-29 20:00:00,0.80645,0.80651,0.80501,0.80573,6296,2,0
2025-07-30 00:00:00,0.80567,0.80586,0.80414,0.80421,3487,2,0
2025-07-30 04:00:00,0.80421,0.80555,0.80381,0.80551,3992,2,0
2025-07-30 08:00:00,0.80551,0.80595,0.80402,0.80439,9765,2,0
2025-07-30 12:00:00,0.80439,0.81061,0.80406,0.81025,12881,2,0
2025-07-30 16:00:00,0.81025,0.81243,0.80989,0.8105,13363,0,0
2025-07-30 20:00:00,0.8105,0.81503,0.80848,0.81488,15242,2,0
2025-07-31 00:00:00,0.81454,0.81454,0.81204,0.81312,4810,2,0
2025-07-31 04:00:00,0.81312,0.81435,0.81257,0.8127,4516,2,0
2025-07-31 08:00:00,0.8127,0.81344,0.81116,0.81276,10224,2,0
2025-07-31 12:00:00,0.81276,0.81418,0.81166,0.81312,11030,2,0
2025-07-31 16:00:00,0.81312,0.81448,0.81129,0.81242,13720,2,0
2025-07-31 20:00:00,0.81242,0.81291,0.81159,0.8122,7021,2,0
2025-08-01 00:00:00,0.81191,0.81455,0.81104,0.81291,6961,2,0
2025-08-01 04:00:00,0.81291,0.81437,0.81276,0.81404,7487,2,0
2025-08-01 08:00:00,0.81404,0.81708,0.81294,0.81703,10654,2,0
2025-08-01 12:00:00,0.81703,0.81714,0.80516,0.80552,19229,2,0
2025-08-01 16:00:00,0.80554,0.80763,0.80258,0.80665,31026,2,0
2025-08-01 20:00:00,0.80665,0.80819,0.80301,0.80382,13536,2,0
2025-08-04 00:00:00,0.80299,0.80653,0.80247,0.80648,9657,2,0
2025-08-04 04:00:00,0.80648,0.80684,0.80468,0.80521,11251,0,0
2025-08-04 08:00:00,0.80521,0.80945,0.80473,0.80901,16966,2,0
2025-08-04 12:00:00,0.80901,0.80965,0.80574,0.80683,16465,2,0
2025-08-04 16:00:00,0.80683,0.80895,0.80596,0.80787,17332,2,0
2025-08-04 20:00:00,0.80787,0.80891,0.80754,0.80766,7787,2,0
2025-08-05 00:00:00,0.80749,0.8086,0.80647,0.80835,8750,2,0
2025-08-05 04:00:00,0.80835,0.8097,0.80822,0.80943,7750,2,0
2025-08-05 08:00:00,0.80943,0.81148,0.80846,0.81109,12445,2,0
2025-08-05 12:00:00,0.81109,0.81181,0.80925,0.80973,13728,2,0
2025-08-05 16:00:00,0.80973,0.80996,0.80652,0.80714,17970,2,0
2025-08-05 20:00:00,0.80714,0.80792,0.80693,0.80729,6674,2,0
2025-08-06 00:00:00,0.80685,0.80788,0.80526,0.80742,7828,2,0
2025-08-06 04:00:00,0.80742,0.80792,0.8065,0.80679,7884,2,0
2025-08-06 08:00:00,0.80679,0.8094,0.80645,0.80887,11729,2,0
2025-08-06 12:00:00,0.80887,0.80904,0.80602,0.80636,13612,0,0
2025-08-06 16:00:00,0.80636,0.80787,0.80486,0.80704,17639,2,0
2025-08-06 20:00:00,0.80704,0.80748,0.80571,0.80582,9272,2,0
2025-08-07 00:00:00,0.80526,0.80683,0.80487,0.80649,7200,2,0
2025-08-07 04:00:00,0.80649,0.80666,0.80476,0.80498,7943,2,0
2025-08-07 08:00:00,0.80498,0.80731,0.80428,0.80581,12850,2,0
2025-08-07 12:00:00,0.80581,0.80896,0.80555,0.80805,17208,2,0
2025-08-07 16:00:00,0.80805,0.80879,0.80695,0.80714,17663,2,0
2025-08-07 20:00:00,0.80714,0.8084,0.80563,0.80625,10144,2,0
2025-08-08 00:00:00,0.8061,0.80679,0.80496,0.80614,6704,1,0
2025-08-08 04:00:00,0.80614,0.8073,0.80612,0.80673,6508,2,0
2025-08-08 08:00:00,0.80673,0.80891,0.80641,0.80853,11417,2,0
2025-08-08 12:00:00,0.80853,0.80884,0.80682,0.80776,13253,2,0
2025-08-08 16:00:00,0.80776,0.80815,0.80671,0.80798,14829,2,0
2025-08-08 20:00:00,0.80798,0.80864,0.80719,0.80743,9133,2,0
2025-08-11 00:00:00,0.80665,0.80815,0.80608,0.80761,6419,2,0
2025-08-11 04:00:00,0.80761,0.80775,0.8062,0.80643,10487,2,0
2025-08-11 08:00:00,0.80642,0.80859,0.8061,0.80833,12342,1,0
2025-08-11 12:00:00,0.80835,0.81175,0.80817,0.81146,11460,0,0
2025-08-11 16:00:00,0.81146,0.81319,0.81096,0.81265,11647,2,0
2025-08-11 20:00:00,0.81265,0.81304,0.81193,0.81233,5049,2,0
2025-08-12 00:00:00,0.81212,0.81268,0.81073,0.81192,5992,2,0
2025-08-12 04:00:00,0.81192,0.81199,0.81079,0.81092,7501,2,0
2025-08-12 08:00:00,0.81092,0.81171,0.80913,0.80994,12062,2,0
2025-08-12 12:00:00,0.80994,0.81185,0.80805,0.80963,16629,2,0
2025-08-12 16:00:00,0.80963,0.81116,0.80663,0.80738,23198,2,0
2025-08-12 20:00:00,0.80739,0.80787,0.80614,0.80614,8776,2,0
2025-08-13 00:00:00,0.80577,0.80697,0.80549,0.80647,6747,2,0
2025-08-13 04:00:00,0.80646,0.80717,0.80613,0.80648,8155,2,0
2025-08-13 08:00:00,0.80648,0.80688,0.80257,0.80342,12722,2,0
2025-08-13 12:00:00,0.80342,0.80442,0.80219,0.8044,13066,2,0
2025-08-13 16:00:00,0.8044,0.80501,0.80346,0.805,13807,2,0
2025-08-13 20:00:00,0.805,0.80584,0.80474,0.8051,6445,2,0
2025-08-14 00:00:00,0.80476,0.80534,0.80292,0.80492,7570,2,0
2025-08-14 04:00:00,0.80493,0.8058,0.80446,0.80526,10065,2,0
2025-08-14 08:00:00,0.80526,0.80689,0.80517,0.80671,14012,1,0
2025-08-14 12:00:00,0.80671,0.80807,0.80506,0.80662,16527,2,0
2025-08-14 16:00:00,0.80662,0.80924,0.80609,0.80879,19168,2,0
2025-08-14 20:00:00,0.80879,0.80885,0.80713,0.80733,7803,2,0
2025-08-15 00:00:00,0.80726,0.80797,0.80645,0.80768,6608,2,0
2025-08-15 04:00:00,0.80768,0.80785,0.80647,0.80653,6971,2,0
2025-08-15 08:00:00,0.80653,0.80682,0.80493,0.80516,10194,2,0
2025-08-15 12:00:00,0.80517,0.80693,0.80474,0.80545,12068,2,0
2025-08-15 16:00:00,0.80545,0.8067,0.80456,0.80623,15219,2,0
2025-08-15 20:00:00,0.80623,0.80692,0.80578,0.80599,7007,2,0
2025-08-18 00:00:00,0.80455,0.80692,0.80354,0.8066,7338,2,0
2025-08-18 04:00:00,0.8066,0.807,0.80585,0.80597,11146,2,0
2025-08-18 08:00:00,0.80597,0.80785,0.80545,0.80713,12885,2,0
2025-08-18 12:00:00,0.80712,0.80811,0.80659,0.80741,11164,2,0
2025-08-18 16:00:00,0.80741,0.808,0.80635,0.80728,12450,1,0
2025-08-18 20:00:00,0.80728,0.80781,0.80695,0.80698,6020,2,0
2025-08-19 00:00:00,0.8069,0.80768,0.80606,0.80738,5748,2,0
2025-08-19 04:00:00,0.80738,0.80855,0.80707,0.80718,7712,2,0
2025-08-19 08:00:00,0.80719,0.80759,0.80538,0.80601,10459,1,0
2025-08-19 12:00:00,0.80601,0.80625,0.80473,0.80555,10518,2,0
2025-08-19 16:00:00,0.80557,0.80736,0.80521,0.80722,12201,0,0
2025-08-19 20:00:00,0.80722,0.80794,0.80697,0.80719,6143,2,0
2025-08-20 00:00:00,0.80712,0.80917,0.80598,0.80857,6436,2,0
2025-08-20 04:00:00,0.80857,0.80929,0.80808,0.80846,7629,2,0
2025-08-20 08:00:00,0.80846,0.80897,0.80759,0.80792,10167,2,0
2025-08-20 12:00:00,0.80792,0.80817,0.80566,0.80568,9581,2,0
2025-08-20 16:00:00,0.80568,0.80649,0.80334,0.80397,14025,2,0
2025-08-20 20:00:00,0.80397,0.80443,0.80308,0.8039,6918,2,0
2025-08-21 00:00:00,0.80324,0.80498,0.80246,0.80441,6652,2,0
2025-08-21 04:00:00,0.80442,0.80536,0.80411,0.80532,6874,2,0
2025-08-21 08:00:00,0.80531,0.80649,0.80467,0.80527,10757,2,0
2025-08-21 12:00:00,0.80526,0.8069,0.8049,0.80618,10817,2,0
2025-08-21 16:00:00,0.80618,0.80895,0.8058,0.80812,16702,2,0
2025-08-21 20:00:00,0.80812,0.80906,0.80791,0.80835,5495,2,0
2025-08-22 00:00:00,0.80832,0.80897,0.8065,0.80887,6341,2,0
2025-08-22 04:00:00,0.80887,0.81039,0.80874,0.81036,6682,2,0
2025-08-22 08:00:00,0.81034,0.8104,0.80899,0.80935,9537,2,0
2025-08-22 12:00:00,0.80936,0.80962,0.80789,0.80811,10227,2,0
2025-08-22 16:00:00,0.80811,0.80885,0.80023,0.80133,23155,1,0
2025-08-22 20:00:00,0.80132,0.8016,0.80002,0.80092,7309,2,0
2025-08-25 00:00:00,0.80045,0.80331,0.79948,0.80299,6170,2,0
2025-08-25 04:00:00,0.80299,0.80355,0.80246,0.80294,6202,2,0
2025-08-25 08:00:00,0.80294,0.80347,0.80159,0.80191,8775,2,0
2025-08-25 12:00:00,0.80191,0.80285,0.80179,0.8024,8768,2,0
2025-08-25 16:00:00,0.8024,0.80455,0.80195,0.80415,11101,0,0
2025-08-25 20:00:00,0.80414,0.80712,0.80409,0.80565,7994,2,0
2025-08-26 00:00:00,0.80527,0.80667,0.80274,0.80347,9335,0,0
2025-08-26 04:00:00,0.80347,0.80591,0.80341,0.80544,8071,2,0
2025-08-26 08:00:00,0.80544,0.80724,0.80489,0.80674,14209,2,0
2025-08-26 12:00:00,0.80675,0.80683,0.80374,0.8045,12922,2,0
2025-08-26 16:00:00,0.80453,0.80519,0.80256,0.80331,13017,2,0
2025-08-26 20:00:00,0.80331,0.804,0.80291,0.80313,7053,2,0
2025-08-27 00:00:00,0.80261,0.80421,0.80231,0.80407,5492,2,0
2025-08-27 04:00:00,0.80406,0.80534,0.80371,0.80526,5152,2,0
2025-08-27 08:00:00,0.80526,0.80763,0.80488,0.80644,9600,0,0
2025-08-27 12:00:00,0.80644,0.8073,0.80488,0.8052,10510,2,0
2025-08-27 16:00:00,0.8052,0.80555,0.80154,0.80195,12448,1,0
2025-08-27 20:00:00,0.80194,0.80284,0.80164,0.8021,6487,2,0
2025-08-28 00:00:00,0.8017,0.8039,0.80116,0.80172,4173,2,0
2025-08-28 04:00:00,0.80172,0.80185,0.801,0.80154,5040,2,0
2025-08-28 08:00:00,0.80154,0.80217,0.80098,0.8012,8776,2,0
2025-08-28 12:00:00,0.8012,0.80224,0.79939,0.80201,12220,0,0
2025-08-28 16:00:00,0.802,0.80306,0.80048,0.80048,13635,2,0
2025-08-28 20:00:00,0.80047,0.80194,0.79976,0.80108,5769,2,0
2025-08-29 00:00:00,0.80057,0.80245,0.80002,0.80204,5917,2,0
2025-08-29 04:00:00,0.80204,0.80317,0.80191,0.80251,5992,2,0
2025-08-29 08:00:00,0.80251,0.80272,0.79963,0.80068,9261,2,0
2025-08-29 12:00:00,0.80068,0.80352,0.80057,0.80242,11143,2,0
2025-08-29 16:00:00,0.80241,0.80271,0.79856,0.79927,15754,2,0
2025-08-29 20:00:00,0.79928,0.80076,0.79915,0.80028,6043,2,0
2025-09-01 00:00:00,0.79855,0.80116,0.79791,0.80067,6118,2,0
2025-09-01 04:00:00,0.80068,0.80122,0.79933,0.79961,12246,2,0
2025-09-01 08:00:00,0.79961,0.79991,0.79862,0.79876,10041,2,0
2025-09-01 12:00:00,0.79875,0.80124,0.79866,0.80108,9448,0,0
2025-09-01 16:00:00,0.80107,0.80173,0.79997,0.8012,8935,2,0
2025-09-01 20:00:00,0.8012,0.80131,0.80017,0.80022,4235,2,0
2025-09-02 00:00:00,0.79979,0.80129,0.79951,0.8012,5829,2,0
2025-09-02 04:00:00,0.8012,0.80153,0.80097,0.8013,8023,2,0
2025-09-02 08:00:00,0.80132,0.80449,0.80082,0.80427,14526,2,0
2025-09-02 12:00:00,0.80431,0.80609,0.80375,0.80523,16767,2,0
2025-09-02 16:00:00,0.80523,0.80542,0.80196,0.80392,16499,2,0
2025-09-02 20:00:00,0.80392,0.80543,0.80367,0.80434,6843,2,0
2025-09-03 00:00:00,0.80409,0.80567,0.80326,0.80561,5063,2,0
2025-09-03 04:00:00,0.80563,0.8059,0.80511,0.8052,7432,2,0
2025-09-03 08:00:00,0.8052,0.80681,0.80399,0.80414,11236,0,0
2025-09-03 12:00:00,0.80414,0.80549,0.80311,0.80517,11091,2,0
2025-09-03 16:00:00,0.80517,0.80559,0.80273,0.80323,15562,2,0
2025-09-03 20:00:00,0.80323,0.80451,0.80308,0.8041,7204,2,0
2025-09-04 00:00:00,0.80371,0.8044,0.80255,0.80412,5985,2,0
2025-09-04 04:00:00,0.80412,0.80452,0.80346,0.80444,8444,2,0
2025-09-04 08:00:00,0.80444,0.8055,0.80394,0.80436,10529,2,0
2025-09-04 12:00:00,0.80437,0.80619,0.80405,0.80559,11358,0,0
2025-09-04 16:00:00,0.8056,0.80685,0.80476,0.80671,13603,2,0
2025-09-04 20:00:00,0.8067,0.8072,0.80542,0.80556,5669,2,0
2025-09-05 00:00:00,0.80485,0.80582,0.80399,0.80501,6217,2,0
2025-09-05 04:00:00,0.80503,0.80511,0.80427,0.80478,6125,2,0
2025-09-05 08:00:00,0.80478,0.80479,0.80326,0.80331,8313,2,0
2025-09-05 12:00:00,0.80331,0.80395,0.79852,0.79973,15081,2,0
2025-09-05 16:00:00,0.79972,0.80002,0.7956,0.79704,20514,0,0
2025-09-05 20:00:00,0.79704,0.79859,0.79702,0.79767,7680,2,0
2025-09-08 00:00:00,0.7975,0.79959,0.79461,0.79837,10795,2,0
2025-09-08 04:00:00,0.79836,0.79862,0.79742,0.79747,12305,2,0
2025-09-08 08:00:00,0.79746,0.79758,0.79509,0.79592,11715,2,0
2025-09-08 12:00:00,0.79592,0.79663,0.7944,0.79464,10297,0,0
2025-09-08 16:00:00,0.79463,0.79471,0.79295,0.79428,11003,1,0
2025-09-08 20:00:00,0.79428,0.79465,0.79272,0.79315,5787,2,0
2025-09-09 00:00:00,0.79275,0.79333,0.7922,0.79255,6894,2,0
2025-09-09 04:00:00,0.79255,0.79313,0.79206,0.7923,7149,2,0
2025-09-09 08:00:00,0.79229,0.79441,0.79154,0.79304,12810,2,0
2025-09-09 12:00:00,0.79304,0.7956,0.79226,0.79497,11897,2,0
2025-09-09 16:00:00,0.79496,0.79698,0.79287,0.79685,17503,2,0
2025-09-09 20:00:00,0.79685,0.79795,0.79669,0.79711,6640,2,0
2025-09-10 00:00:00,0.79693,0.79804,0.79533,0.79785,5163,2,0
2025-09-10 04:00:00,0.79786,0.79848,0.7967,0.79673,8216,2,0
2025-09-10 08:00:00,0.79674,0.79848,0.7961,0.79754,10462,0,0
2025-09-10 12:00:00,0.79754,0.79918,0.79599,0.79803,12366,2,0
2025-09-10 16:00:00,0.79804,0.79896,0.79635,0.79875,14451,1,0
2025-09-10 20:00:00,0.79875,0.79946,0.7985,0.79911,5298,2,0
2025-09-11 00:00:00,0.79882,0.79927,0.79735,0.79919,4590,2,0
2025-09-11 04:00:00,0.79919,0.79926,0.79864,0.79868,4955,2,0
2025-09-11 08:00:00,0.79868,0.79994,0.79866,0.79931,9593,2,0
2025-09-11 12:00:00,0.79931,0.80077,0.79702,0.79773,15351,2,0
2025-09-11 16:00:00,0.79771,0.79831,0.79483,0.79594,18717,1,0
2025-09-11 20:00:00,0.79594,0.79639,0.79546,0.79571,6689,2,0
2025-09-12 00:00:00,0.79516,0.79626,0.79428,0.79607,4127,2,0
2025-09-12 04:00:00,0.79607,0.797,0.79595,0.79674,4284,2,0
2025-09-12 08:00:00,0.79674,0.79745,0.79551,0.79736,8124,2,0
2025-09-12 12:00:00,0.79735,0.79866,0.79626,0.79774,10206,2,0
2025-09-12 16:00:00,0.79774,0.79812,0.79619,0.79657,9818,2,0
2025-09-12 20:00:00,0.79657,0.79669,0.7958,0.79645,4814,2,0
2025-09-15 00:00:00,0.7961,0.79683,0.79478,0.79653,5157,2,0
2025-09-15 04:00:00,0.79653,0.79691,0.79607,0.79627,5009,2,0
2025-09-15 08:00:00,0.79626,0.79728,0.79571,0.79614,7031,2,0
2025-09-15 12:00:00,0.79614,0.79616,0.79438,0.79477,8039,2,0
2025-09-15 16:00:00,0.79477,0.7956,0.79362,0.79463,10247,2,0
2025-09-15 20:00:00,0.79463,0.79474,0.79383,0.79448,5387,2,0
2025-09-16 00:00:00,0.79382,0.79479,0.79376,0.79445,5246,2,0
2025-09-16 04:00:00,0.79445,0.79483,0.79325,0.79369,6617,2,0
2025-09-16 08:00:00,0.79369,0.79382,0.79164,0.79221,9957,0,0
2025-09-16 12:00:00,0.79221,0.79222,0.79002,0.79088,10509,2,0
2025-09-16 16:00:00,0.79086,0.79096,0.78626,0.7863,11143,2,0
2025-09-16 20:00:00,0.7863,0.78665,0.78529,0.78555,6010,2,0
2025-09-17 00:00:00,0.78543,0.78669,0.78514,0.78664,4227,2,0
2025-09-17 04:00:00,0.78664,0.78716,0.78659,0.78702,3533,2,0
2025-09-17 08:00:00,0.78701,0.78788,0.7866,0.78692,5433,2,0
2025-09-17 12:00:00,0.78691,0.78766,0.78628,0.7869,5647,2,0
2025-09-17 16:00:00,0.7869,0.78721,0.78587,0.78697,6698,2,0
2025-09-17 20:00:00,0.78697,0.78937,0.78292,0.7886,22478,1,0
2025-09-18 00:00:00,0.78835,0.78912,0.78761,0.78862,5731,2,0
2025-09-18 04:00:00,0.78861,0.79079,0.78835,0.79066,5781,2,0
2025-09-18 08:00:00,0.79066,0.79153,0.78832,0.7891,9137,2,0
2025-09-18 12:00:00,0.7891,0.79106,0.78714,0.79104,12509,2,0
2025-09-18 16:00:00,0.79105,0.79379,0.79102,0.79232,17419,2,0
2025-09-18 20:00:00,0.79232,0.79294,0.79189,0.79234,6708,2,0
2025-09-19 00:00:00,0.79196,0.79323,0.79079,0.79245,11426,2,0
2025-09-19 04:00:00,0.79245,0.79346,0.79206,0.79302,12567,1,0
2025-09-19 08:00:00,0.79302,0.79555,0.79267,0.79525,13293,0,0
2025-09-19 12:00:00,0.79525,0.79661,0.79445,0.79594,11439,2,0
2025-09-19 16:00:00,0.79593,0.79597,0.79411,0.79474,15022,2,0
2025-09-19 20:00:00,0.79475,0.7958,0.7946,0.79538,6810,2,0
2025-09-22 00:00:00,0.79328,0.79704,0.79301,0.79656,10031,2,0
2025-09-22 04:00:00,0.79656,0.79729,0.79606,0.79707,9041,2,0
2025-09-22 08:00:00,0.79707,0.79713,0.79399,0.79419,9667,2,0
2025-09-22 12:00:00,0.79419,0.79479,0.7928,0.79312,8497,0,0
2025-09-22 16:00:00,0.7931,0.79446,0.79273,0.79293,10898,0,0
2025-09-22 20:00:00,0.79293,0.79312,0.7922,0.79234,5518,2,0
2025-09-23 00:00:00,0.7921,0.7934,0.79175,0.792,8074,2,0
2025-09-23 04:00:00,0.792,0.79254,0.79096,0.79253,9575,2,0
2025-09-23 08:00:00,0.79257,0.79335,0.79166,0.79188,11605,2,0
2025-09-23 12:00:00,0.79188,0.79284,0.79149,0.79216,10699,2,0
2025-09-23 16:00:00,0.79215,0.79319,0.79156,0.79185,20844,2,0
2025-09-23 20:00:00,0.79188,0.79202,0.79093,0.7912,10722,2,0
2025-09-24 00:00:00,0.79087,0.79218,0.79019,0.79199,7098,2,0
2025-09-24 04:00:00,0.79199,0.79257,0.79188,0.79211,7530,2,0
2025-09-24 08:00:00,0.79211,0.7943,0.79186,0.79395,10755,1,0
2025-09-24 12:00:00,0.79395,0.79522,0.79368,0.79452,12752,2,0
2025-09-24 16:00:00,0.79451,0.79573,0.79401,0.79561,12317,1,0
2025-09-24 20:00:00,0.79561,0.79566,0.79489,0.79496,4924,2,0
2025-09-25 00:00:00,0.79463,0.79492,0.79318,0.79439,5903,0,0
2025-09-25 04:00:00,0.7944,0.79513,0.79426,0.79474,4604,2,0
2025-09-25 08:00:00,0.79474,0.79684,0.79472,0.79581,9029,2,0
2025-09-25 12:00:00,0.79581,0.79987,0.79508,0.79905,12296,2,0
2025-09-25 16:00:00,0.79905,0.80095,0.7978,0.80083,16642,1,0
2025-09-25 20:00:00,0.80083,0.8014,0.79932,0.79934,7660,2,0
2025-09-26 00:00:00,0.79908,0.80072,0.7988,0.79978,5074,2,0
2025-09-26 04:00:00,0.79979,0.8002,0.79916,0.79917,5380,2,0
2025-09-26 08:00:00,0.79917,0.80011,0.79862,0.7992,8353,2,0
2025-09-26 12:00:00,0.7992,0.80037,0.79843,0.7989,10258,2,0
2025-09-26 16:00:00,0.7989,0.79929,0.79746,0.79841,14236,2,0
2025-09-26 20:00:00,0.79841,0.79841,0.79733,0.79786,5522,2,0
2025-09-29 00:00:00,0.79702,0.79805,0.7961,0.79655,7165,2,0
2025-09-29 04:00:00,0.79655,0.7971,0.79568,0.79605,5506,2,0
2025-09-29 08:00:00,0.79605,0.79693,0.79521,0.79604,8910,2,0
2025-09-29 12:00:00,0.79604,0.79876,0.79591,0.79624,9922,0,0
2025-09-29 16:00:00,0.79624,0.79791,0.79619,0.79708,12773,0,0
2025-09-29 20:00:00,0.79708,0.79786,0.797,0.79745,5020,2,0
2025-09-30 00:00:00,0.7971,0.79836,0.79639,0.79792,5165,2,0
2025-09-30 04:00:00,0.79792,0.79806,0.79694,0.79697,5012,2,0
2025-09-30 08:00:00,0.79697,0.7978,0.79522,0.79614,10036,2,0
2025-09-30 12:00:00,0.79614,0.79822,0.79606,0.79707,8643,2,0
2025-09-30 16:00:00,0.79707,0.79855,0.79449,0.79464,13890,2,0
2025-09-30 20:00:00,0.79464,0.79648,0.7939,0.79627,5360,2,0
2025-10-01 00:00:00,0.79563,0.79689,0.79498,0.79632,7861,2,0
2025-10-01 04:00:00,0.79632,0.79669,0.79417,0.79431,8732,2,0
2025-10-01 08:00:00,0.79431,0.79588,0.79284,0.79579,13164,2,0
2025-10-01 12:00:00,0.79579,0.79884,0.79511,0.79736,15874,2,0
2025-10-01 16:00:00,0.79736,0.79902,0.79621,0.79823,18837,2,0
2025-10-01 20:00:00,0.79821,0.79825,0.79663,0.79692,6117,2,0
2025-10-02 00:00:00,0.79648,0.79749,0.79586,0.79712,3875,2,0
2025-10-02 04:00:00,0.79712,0.79737,0.7961,0.79669,4671,2,0
2025-10-02 08:00:00,0.79669,0.79753,0.79586,0.79625,9402,2,0
2025-10-02 12:00:00,0.79627,0.79692,0.79513,0.79666,9969,2,0
2025-10-02 16:00:00,0.79666,0.80002,0.79636,0.79811,13701,2,0
2025-10-02 20:00:00,0.79811,0.79858,0.79713,0.79782,5386,2,0
2025-10-03 00:00:00,0.79697,0.79766,0.79672,0.7974,5525,2,0
2025-10-03 04:00:00,0.79739,0.79798,0.79704,0.79773,6896,2,0
2025-10-03 08:00:00,0.79773,0.79803,0.79578,0.79623,8497,2,0
2025-10-03 12:00:00,0.79623,0.79717,0.79567,0.79575,7765,2,0
2025-10-03 16:00:00,0.79575,0.79669,0.79469,0.79528,13748,2,0
2025-10-03 20:00:00,0.79528,0.79616,0.79468,0.79481,4580,2,0
2025-10-06 00:00:00,0.79533,0.7978,0.79478,0.79654,15245,2,0
2025-10-06 04:00:00,0.79651,0.79716,0.79536,0.79598,9477,2,0
2025-10-06 08:00:00,0.79598,0.79936,0.79559,0.79865,15264,2,0
2025-10-06 12:00:00,0.79866,0.79939,0.79712,0.79718,11232,0,0
2025-10-06 16:00:00,0.79717,0.79767,0.79479,0.79512,11218,2,0
2025-10-06 20:00:00,0.79513,0.79559,0.79467,0.79478,4927,2,0
2025-10-07 00:00:00,0.79452,0.79541,0.79414,0.79504,8681,2,0
2025-10-07 04:00:00,0.79503,0.79579,0.79498,0.79559,7483,2,0
2025-10-07 08:00:00,0.79559,0.79778,0.79549,0.79776,9053,2,0
2025-10-07 12:00:00,0.79776,0.79916,0.79692,0.79753,9363,2,0
2025-10-07 16:00:00,0.79755,0.79836,0.79671,0.79739,12339,2,0
2025-10-07 20:00:00,0.79739,0.79895,0.79662,0.79818,6568,2,0
2025-10-08 00:00:00,0.79775,0.79926,0.7965,0.79897,6017,2,0
2025-10-08 04:00:00,0.79898,0.80104,0.79898,0.80087,8012,2,0
2025-10-08 08:00:00,0.80087,0.80187,0.80049,0.80109,10983,2,0
2025-10-08 12:00:00,0.80108,0.80134,0.79942,0.80028,10306,2,0
2025-10-08 16:00:00,0.80028,0.80279,0.79984,0.80222,13661,2,0
2025-10-08 20:00:00,0.80222,0.80288,0.80157,0.8016,6469,2,0
2025-10-09 00:00:00,0.80148,0.80167,0.80069,0.80099,5958,2,0
2025-10-09 04:00:00,0.80099,0.80103,0.80025,0.8005,5584,2,0
2025-10-09 08:00:00,0.80051,0.80354,0.80042,0.80202,10605,2,0
2025-10-09 12:00:00,0.80201,0.80243,0.80039,0.80232,10562,2,0
2025-10-09 16:00:00,0.80231,0.80698,0.80169,0.80665,19271,1,0
2025-10-09 20:00:00,0.80665,0.80762,0.80591,0.80624,7415,2,0
2025-10-10 00:00:00,0.80618,0.80681,0.80495,0.80634,6543,2,0
2025-10-10 04:00:00,0.80634,0.8067,0.80584,0.8059,5929,2,0
2025-10-10 08:00:00,0.8059,0.80616,0.8047,0.80515,10721,2,0
2025-10-10 12:00:00,0.80515,0.80649,0.80494,0.80556,9025,0,0
2025-10-10 16:00:00,0.80556,0.80618,0.79998,0.80141,22887,2,0
2025-10-10 20:00:00,0.80142,0.80213,0.79822,0.79853,11428,2,0
2025-10-13 00:00:00,0.8003,0.80388,0.79953,0.80119,12323,2,0
2025-10-13 04:00:00,0.80117,0.80168,0.80085,0.80113,10350,2,0
2025-10-13 08:00:00,0.80113,0.80433,0.80001,0.80409,13483,1,0
2025-10-13 12:00:00,0.80409,0.80514,0.80248,0.80466,12849,0,0
2025-10-13 16:00:00,0.80466,0.80581,0.80373,0.80405,11905,0,0
2025-10-13 20:00:00,0.80405,0.80433,0.80378,0.80389,3968,0,0
2025-10-14 00:00:00,0.80337,0.80501,0.80298,0.80458,5511,0,0
2025-10-14 04:00:00,0.80457,0.80461,0.80238,0.80257,6748,0,0
2025-10-14 08:00:00,0.80257,0.80464,0.80183,0.8033,15590,0,0
2025-10-14 12:00:00,0.8033,0.80485,0.80328,0.80425,11730,0,0
2025-10-14 16:00:00,0.80425,0.80451,0.80028,0.8008,18540,0,0
2025-10-14 20:00:00,0.80082,0.80149,0.80055,0.80078,7317,0,0
2025-10-15 00:00:00,0.80058,0.80161,0.79988,0.80114,4997,0,0
2025-10-15 04:00:00,0.80113,0.80121,0.79984,0.80008,5921,0,0
2025-10-15 08:00:00,0.8001,0.80021,0.79905,0.79979,10346,0,0
2025-10-15 12:00:00,0.7998,0.8011,0.79974,0.80065,9975,0,0
2025-10-15 16:00:00,0.80065,0.80086,0.79571,0.79674,14238,0,0
2025-10-15 20:00:00,0.79669,0.79773,0.79639,0.79666,7118,0,0
2025-10-16 00:00:00,0.79638,0.79674,0.79499,0.79541,5244,0,0
2025-10-16 04:00:00,0.7954,0.79561,0.79333,0.79552,7204,0,0
2025-10-16 08:00:00,0.79552,0.79762,0.79539,0.79656,10968,0,0
2025-10-16 12:00:00,0.79656,0.7985,0.79626,0.79686,9671,0,0
2025-10-16 16:00:00,0.79685,0.79788,0.79419,0.79433,16113,0,0
2025-10-16 20:00:00,0.79433,0.79436,0.79239,0.79257,9621,0,0
2025-10-17 00:00:00,0.79226,0.79259,0.79089,0.79137,4814,0,0
2025-10-17 04:00:00,0.79137,0.79189,0.79005,0.79039,6486,0,0
2025-10-17 08:00:00,0.79039,0.79042,0.7873,0.78935,15700,0,0
2025-10-17 12:00:00,0.78935,0.79319,0.78843,0.79218,15964,0,0
2025-10-17 16:00:00,0.79218,0.79332,0.79058,0.79217,15080,0,0
2025-10-17 20:00:00,0.79217,0.79369,0.79184,0.79318,6108,0,0
2025-10-20 00:00:00,0.7909,0.79417,0.79015,0.79284,5951,0,0
2025-10-20 04:00:00,0.79284,0.79384,0.79264,0.79281,5078,0,0
2025-10-20 08:00:00,0.79281,0.79436,0.79234,0.79252,8466,0,0
2025-10-20 12:00:00,0.79252,0.79348,0.79223,0.7925,8060,0,0
2025-10-20 16:00:00,0.7925,0.79294,0.79063,0.79206,9799,0,0
2025-10-20 20:00:00,0.7921,0.79257,0.79174,0.79246,3621,0,0
2025-10-21 00:00:00,0.79219,0.7926,0.79045,0.7918,4742,0,0
2025-10-21 04:00:00,0.7918,0.79346,0.79172,0.79305,5725,0,0
2025-10-21 08:00:00,0.79305,0.79381,0.79182,0.79367,11021,0,0
2025-10-21 12:00:00,0.79368,0.79603,0.79367,0.79555,11732,0,0
2025-10-21 16:00:00,0.79555,0.79625,0.79398,0.79588,14166,0,0
2025-10-21 20:00:00,0.79589,0.79646,0.79561,0.79635,4428,0,0
2025-10-22 00:00:00,0.79607,0.79691,0.79469,0.79603,5902,0,0
2025-10-22 04:00:00,0.79601,0.79616,0.79547,0.7958,4200,0,0
2025-10-22 08:00:00,0.7958,0.79692,0.79515,0.79614,8902,0,0
2025-10-22 12:00:00,0.79615,0.79722,0.79584,0.79698,9310,0,0
2025-10-22 16:00:00,0.79698,0.79739,0.79485,0.79517,12004,0,0
2025-10-22 20:00:00,0.79516,0.79636,0.79512,0.79602,5031,0,0
2025-10-23 00:00:00,0.79561,0.7967,0.79465,0.79636,3224,0,0
2025-10-23 04:00:00,0.79636,0.79767,0.79633,0.79724,2568,0,0
2025-10-23 08:00:00,0.79724,0.79804,0.79683,0.79752,5555,0,0
2025-10-23 12:00:00,0.79752,0.79871,0.79658,0.79693,6260,0,0
2025-10-23 16:00:00,0.79693,0.79715,0.79514,0.7957,8291,0,0
2025-10-23 20:00:00,0.79569,0.79605,0.79496,0.79519,3437,0,0
2025-10-24 00:00:00,0.79473,0.79529,0.79449,0.79516,4208,0,0
2025-10-24 04:00:00,0.79516,0.79614,0.79509,0.79606,3400,0,0
2025-10-24 08:00:00,0.79606,0.79655,0.79466,0.79581,7428,0,0
2025-10-24 12:00:00,0.79582,0.79684,0.79273,0.79459,9397,0,0
2025-10-24 16:00:00,0.79458,0.79618,0.79399,0.79582,11530,0,0
2025-10-24 20:00:00,0.79582,0.79582,0.7947,0.79512,4686,0,0
2025-10-27 00:00:00,0.79631,0.79667,0.7949,0.79539,4341,0,0
2025-10-27 04:00:00,0.79539,0.79648,0.79452,0.79629,6039,0,0
2025-10-27 08:00:00,0.79628,0.79732,0.79588,0.79713,6730,0,0
2025-10-27 12:00:00,0.79713,0.79716,0.79467,0.79567,8110,0,0
2025-10-27 16:00:00,0.79567,0.79645,0.79555,0.79644,1452,0,0
