time,Open,High,Low,Close,Volume,spread,real_volume
2025-06-03 12:45:00,1.37246,1.37284,1.37241,1.37273,550,0,0
2025-06-03 13:00:00,1.37273,1.37318,1.37268,1.37313,449,0,0
2025-06-03 13:15:00,1.37313,1.37343,1.37301,1.37302,431,0,0
2025-06-03 13:30:00,1.37302,1.37332,1.37248,1.37268,548,0,0
2025-06-03 13:45:00,1.37268,1.37348,1.37266,1.37334,517,0,0
2025-06-03 14:00:00,1.37334,1.37381,1.37323,1.37341,534,0,0
2025-06-03 14:15:00,1.37341,1.37417,1.37332,1.37399,561,0,0
2025-06-03 14:30:00,1.37399,1.37419,1.37336,1.3734199999999999,485,0,0
2025-06-03 14:45:00,1.37344,1.374,1.37331,1.37391,466,0,0
2025-06-03 15:00:00,1.37391,1.3740700000000001,1.37343,1.37397,608,0,0
2025-06-03 15:15:00,1.37397,1.37427,1.37375,1.37412,514,0,0
2025-06-03 15:30:00,1.3740999999999999,1.3743,1.37268,1.37289,645,0,0
2025-06-03 15:45:00,1.3728799999999999,1.3731200000000001,1.37273,1.373,529,0,0
2025-06-03 16:00:00,1.373,1.3734199999999999,1.37235,1.37263,606,0,0
2025-06-03 16:15:00,1.37262,1.37279,1.37233,1.3724,465,0,0
2025-06-03 16:30:00,1.3724,1.37253,1.37182,1.37198,1024,0,0
2025-06-03 16:45:00,1.37198,1.37326,1.37187,1.37296,896,0,0
2025-06-03 17:00:00,1.37293,1.3734899999999999,1.37231,1.37247,1110,0,0
2025-06-03 17:15:00,1.37247,1.37256,1.37121,1.37134,887,0,0
2025-06-03 17:30:00,1.37134,1.37134,1.37074,1.3708,827,0,0
2025-06-03 17:45:00,1.3708,1.37107,1.37012,1.37072,953,0,0
2025-06-03 18:00:00,1.37072,1.3719000000000001,1.37059,1.37179,955,0,0
2025-06-03 18:15:00,1.37179,1.3721700000000001,1.37167,1.37202,619,0,0
2025-06-03 18:30:00,1.37202,1.37257,1.37202,1.37238,686,0,0
2025-06-03 18:45:00,1.37238,1.37307,1.37201,1.3721999999999999,745,0,0
2025-06-03 19:00:00,1.3721999999999999,1.37243,1.37198,1.37236,483,0,0
2025-06-03 19:15:00,1.37236,1.37287,1.37233,1.37253,404,0,0
2025-06-03 19:30:00,1.37253,1.37316,1.37244,1.3731200000000001,415,0,0
2025-06-03 19:45:00,1.3731200000000001,1.3731499999999999,1.37231,1.37256,431,0,0
2025-06-03 20:00:00,1.37256,1.37266,1.3719700000000001,1.37201,372,0,0
2025-06-03 20:15:00,1.37201,1.37257,1.3719299999999999,1.37209,466,0,0
2025-06-03 20:30:00,1.37209,1.37223,1.3716599999999999,1.3716599999999999,316,0,0
2025-06-03 20:45:00,1.37165,1.37218,1.37162,1.37192,392,0,0
2025-06-03 21:00:00,1.37192,1.3725100000000001,1.37192,1.37219,431,0,0
2025-06-03 21:15:00,1.37219,1.3722400000000001,1.37183,1.3719299999999999,241,0,0
2025-06-03 21:30:00,1.3719299999999999,1.37221,1.37192,1.3721700000000001,280,0,0
2025-06-03 21:45:00,1.3721700000000001,1.37222,1.37152,1.37157,483,0,0
2025-06-03 22:00:00,1.37157,1.37164,1.37144,1.3715899999999999,337,0,0
2025-06-03 22:15:00,1.3715899999999999,1.37173,1.37145,1.37165,280,0,0
2025-06-03 22:30:00,1.37165,1.37181,1.37154,1.3718,263,0,0
2025-06-03 22:45:00,1.3718,1.37208,1.37171,1.37199,365,0,0
2025-06-03 23:00:00,1.37199,1.3721,1.37185,1.37189,182,0,0
2025-06-03 23:15:00,1.37189,1.37202,1.37172,1.37176,157,0,0
2025-06-03 23:30:00,1.37176,1.37176,1.3712900000000001,1.37148,114,0,0
2025-06-03 23:45:00,1.37148,1.3722699999999999,1.37146,1.37202,300,7,0
2025-06-04 00:00:00,1.37196,1.37196,1.37096,1.37145,63,20,0
2025-06-04 00:15:00,1.37145,1.37183,1.37141,1.37183,101,42,0
2025-06-04 00:30:00,1.37183,1.37198,1.37182,1.37182,38,46,0
2025-06-04 00:45:00,1.37182,1.37194,1.37182,1.37183,34,38,0
2025-06-04 01:00:00,1.37183,1.37215,1.37179,1.37195,149,1,0
2025-06-04 01:15:00,1.37195,1.37204,1.37185,1.3719700000000001,114,1,0
2025-06-04 01:30:00,1.3719700000000001,1.37202,1.37176,1.37183,182,0,0
2025-06-04 01:45:00,1.37183,1.37235,1.37176,1.37235,240,0,0
2025-06-04 02:00:00,1.37235,1.37235,1.37182,1.37185,348,0,0
2025-06-04 02:15:00,1.37185,1.37203,1.37183,1.37199,130,0,0
2025-06-04 02:30:00,1.37199,1.37199,1.37164,1.37169,212,0,0
2025-06-04 02:45:00,1.37169,1.37173,1.37146,1.37157,414,0,0
2025-06-04 03:00:00,1.37157,1.37196,1.37127,1.3719299999999999,672,0,0
2025-06-04 03:15:00,1.37192,1.37195,1.37155,1.3716300000000001,646,0,0
2025-06-04 03:30:00,1.37164,1.37181,1.37144,1.37151,430,0,0
2025-06-04 03:45:00,1.37151,1.37158,1.37116,1.37137,682,0,0
2025-06-04 04:00:00,1.37137,1.37215,1.37137,1.3715,804,0,0
2025-06-04 04:15:00,1.37149,1.37172,1.37113,1.37131,531,0,0
2025-06-04 04:30:00,1.37131,1.37161,1.37059,1.37103,988,0,0
2025-06-04 04:45:00,1.37103,1.37107,1.3707099999999999,1.3710499999999999,757,0,0
2025-06-04 05:00:00,1.3710499999999999,1.37124,1.3706800000000001,1.3709500000000001,614,0,0
2025-06-04 05:15:00,1.3709500000000001,1.37138,1.37079,1.3713600000000001,633,0,0
2025-06-04 05:30:00,1.3713600000000001,1.37188,1.3713600000000001,1.37174,483,0,0
2025-06-04 05:45:00,1.37174,1.37186,1.3716300000000001,1.37183,591,0,0
2025-06-04 06:00:00,1.37183,1.37201,1.37151,1.37178,426,0,0
2025-06-04 06:15:00,1.37178,1.37205,1.37175,1.37198,377,0,0
2025-06-04 06:30:00,1.37198,1.37234,1.37194,1.3721999999999999,610,0,0
2025-06-04 06:45:00,1.3721999999999999,1.37223,1.37195,1.37198,588,0,0
2025-06-04 07:00:00,1.37199,1.37223,1.3716,1.37175,679,0,0
2025-06-04 07:15:00,1.37175,1.3719700000000001,1.3715899999999999,1.37165,456,0,0
2025-06-04 07:30:00,1.37165,1.37211,1.37165,1.37202,639,0,0
2025-06-04 07:45:00,1.37202,1.3724,1.37201,1.3722699999999999,556,0,0
2025-06-04 08:00:00,1.3722699999999999,1.3724,1.37203,1.37204,600,0,0
2025-06-04 08:15:00,1.37204,1.37234,1.37204,1.3722699999999999,379,0,0
2025-06-04 08:30:00,1.3722699999999999,1.37282,1.3722699999999999,1.37245,485,0,0
2025-06-04 08:45:00,1.37245,1.37262,1.37229,1.37256,560,0,0
2025-06-04 09:00:00,1.37256,1.37289,1.37244,1.37273,699,0,0
2025-06-04 09:15:00,1.37273,1.37318,1.37253,1.37253,866,0,0
2025-06-04 09:30:00,1.37252,1.37275,1.37234,1.37244,529,0,0
2025-06-04 09:45:00,1.37244,1.37266,1.37211,1.37212,566,0,0
2025-06-04 10:00:00,1.37212,1.37216,1.37184,1.37208,609,0,0
2025-06-04 10:15:00,1.37208,1.37212,1.37137,1.37137,504,0,0
2025-06-04 10:30:00,1.37137,1.37152,1.37104,1.37123,659,0,0
2025-06-04 10:45:00,1.37124,1.37203,1.3712,1.37175,599,0,0
2025-06-04 11:00:00,1.37175,1.3721700000000001,1.3715,1.37185,545,0,0
2025-06-04 11:15:00,1.37186,1.3719999999999999,1.37144,1.3716300000000001,543,0,0
2025-06-04 11:30:00,1.3716300000000001,1.3716300000000001,1.37091,1.37099,518,0,0
2025-06-04 11:45:00,1.37099,1.37108,1.3707099999999999,1.37087,503,0,0
2025-06-04 12:00:00,1.37087,1.37111,1.37076,1.3711,501,0,0
2025-06-04 12:15:00,1.3711,1.37157,1.3710499999999999,1.37143,441,0,0
2025-06-04 12:30:00,1.37143,1.37174,1.37114,1.3715600000000001,450,0,0
2025-06-04 12:45:00,1.3715600000000001,1.37173,1.37123,1.37145,475,0,0
2025-06-04 13:00:00,1.37145,1.37154,1.37099,1.37127,697,0,0
2025-06-04 13:15:00,1.37127,1.37195,1.37114,1.37191,490,0,0
2025-06-04 13:30:00,1.37191,1.37198,1.3716300000000001,1.37171,453,0,0
2025-06-04 13:45:00,1.37171,1.37172,1.37125,1.37127,418,0,0
2025-06-04 14:00:00,1.37127,1.37138,1.37092,1.3709500000000001,442,0,0
2025-06-04 14:15:00,1.3709500000000001,1.37119,1.37093,1.3711,399,0,0
2025-06-04 14:30:00,1.37111,1.37125,1.3704,1.3707799999999999,491,0,0
2025-06-04 14:45:00,1.3707799999999999,1.3707799999999999,1.3704100000000001,1.37069,598,0,0
2025-06-04 15:00:00,1.37069,1.37086,1.37033,1.37061,501,0,0
2025-06-04 15:15:00,1.37049,1.37063,1.36941,1.36991,976,0,0
2025-06-04 15:30:00,1.36991,1.37048,1.36984,1.37043,850,0,0
2025-06-04 15:45:00,1.37043,1.37084,1.36995,1.37,834,0,0
2025-06-04 16:00:00,1.37,1.3705,1.36955,1.37025,561,0,0
2025-06-04 16:15:00,1.37025,1.3704399999999999,1.36982,1.36994,659,0,0
2025-06-04 16:30:00,1.36993,1.37063,1.3696,1.37033,923,0,0
2025-06-04 16:45:00,1.37032,1.37103,1.36917,1.37072,1226,0,0
2025-06-04 17:00:00,1.37073,1.37073,1.36756,1.36806,1610,0,0
2025-06-04 17:15:00,1.36806,1.36844,1.36753,1.36789,941,0,0
2025-06-04 17:30:00,1.36789,1.3681,1.36663,1.36682,1142,0,0
2025-06-04 17:45:00,1.36682,1.36714,1.36619,1.36666,1137,0,0
2025-06-04 18:00:00,1.36666,1.36801,1.36643,1.36756,1242,0,0
2025-06-04 18:15:00,1.36756,1.36877,1.3672900000000001,1.36812,919,0,0
2025-06-04 18:30:00,1.36812,1.36856,1.36786,1.36834,1033,0,0
2025-06-04 18:45:00,1.36834,1.36837,1.36706,1.36707,700,0,0
2025-06-04 19:00:00,1.36707,1.36707,1.36636,1.36685,589,0,0
2025-06-04 19:15:00,1.36686,1.3670200000000001,1.36654,1.36665,536,0,0
2025-06-04 19:30:00,1.36665,1.36666,1.3661400000000001,1.36628,494,0,0
2025-06-04 19:45:00,1.36628,1.3663,1.36551,1.36555,326,0,0
2025-06-04 20:00:00,1.36555,1.3658299999999999,1.36544,1.3654899999999999,400,0,0
2025-06-04 20:15:00,1.3654899999999999,1.36598,1.3654899999999999,1.36568,403,0,0
2025-06-04 20:30:00,1.36568,1.36571,1.36527,1.36536,324,0,0
2025-06-04 20:45:00,1.36537,1.36613,1.36528,1.366,408,0,0
2025-06-04 21:00:00,1.366,1.36651,1.36592,1.3663,488,0,0
2025-06-04 21:15:00,1.3663,1.36645,1.3661699999999999,1.36623,298,0,0
2025-06-04 21:30:00,1.36623,1.36685,1.36616,1.36679,450,0,0
2025-06-04 21:45:00,1.36679,1.36688,1.36623,1.36651,389,0,0
2025-06-04 22:00:00,1.36651,1.36654,1.36604,1.36636,363,0,0
2025-06-04 22:15:00,1.36636,1.3673600000000001,1.36636,1.36718,329,0,0
2025-06-04 22:30:00,1.36718,1.36762,1.36707,1.36733,269,0,0
2025-06-04 22:45:00,1.36733,1.36817,1.36715,1.36816,438,0,0
2025-06-04 23:00:00,1.36816,1.36825,1.36772,1.3679700000000001,283,0,0
2025-06-04 23:15:00,1.3679700000000001,1.36856,1.36795,1.36805,276,0,0
2025-06-04 23:30:00,1.36805,1.36808,1.36728,1.36748,219,0,0
2025-06-04 23:45:00,1.36748,1.36792,1.36734,1.36791,312,7,0
2025-06-05 00:00:00,1.36768,1.36768,1.3671,1.36721,27,26,0
2025-06-05 00:15:00,1.36721,1.36761,1.36721,1.36727,32,41,0
2025-06-05 00:30:00,1.36727,1.36727,1.36719,1.36722,21,54,0
2025-06-05 00:45:00,1.36722,1.36722,1.3671,1.36713,29,46,0
2025-06-05 01:00:00,1.36713,1.36775,1.36713,1.36771,136,1,0
2025-06-05 01:15:00,1.36771,1.36771,1.36737,1.3674,84,1,0
2025-06-05 01:30:00,1.3674,1.36744,1.36722,1.36743,170,0,0
2025-06-05 01:45:00,1.36743,1.36795,1.3673,1.36794,206,0,0
2025-06-05 02:00:00,1.36794,1.36795,1.36738,1.36745,348,0,0
2025-06-05 02:15:00,1.36745,1.36752,1.36721,1.3675,398,0,0
2025-06-05 02:30:00,1.3675,1.36807,1.3675,1.36806,338,0,0
2025-06-05 02:45:00,1.36806,1.36818,1.36785,1.36818,574,0,0
2025-06-05 03:00:00,1.36818,1.36828,1.36747,1.36747,878,0,0
2025-06-05 03:15:00,1.36747,1.3679700000000001,1.36724,1.3673600000000001,594,0,0
2025-06-05 03:30:00,1.36735,1.36764,1.36718,1.36734,459,0,0
2025-06-05 03:45:00,1.36734,1.3674,1.36716,1.36726,793,0,0
2025-06-05 04:00:00,1.36726,1.36737,1.3670900000000001,1.36734,660,0,0
2025-06-05 04:15:00,1.36734,1.36756,1.3669799999999999,1.36703,618,0,0
2025-06-05 04:30:00,1.36703,1.3682,1.3669799999999999,1.36802,727,0,0
2025-06-05 04:45:00,1.36803,1.3682,1.36778,1.36782,721,0,0
2025-06-05 05:00:00,1.36782,1.36833,1.36777,1.36814,521,0,0
2025-06-05 05:15:00,1.36814,1.36833,1.36788,1.36792,655,0,0
2025-06-05 05:30:00,1.36792,1.36826,1.3677000000000001,1.3679999999999999,587,0,0
2025-06-05 05:45:00,1.3679999999999999,1.36806,1.3677000000000001,1.36773,475,0,0
2025-06-05 06:00:00,1.36772,1.36801,1.36769,1.3679299999999999,585,0,0
2025-06-05 06:15:00,1.3679299999999999,1.3679299999999999,1.36746,1.36751,571,0,0
2025-06-05 06:30:00,1.36751,1.3678,1.36718,1.36762,556,0,0
2025-06-05 06:45:00,1.36762,1.36833,1.3675899999999999,1.36832,428,0,0
2025-06-05 07:00:00,1.36832,1.36842,1.3678,1.36788,396,0,0
2025-06-05 07:15:00,1.36788,1.3681,1.36758,1.36773,426,0,0
2025-06-05 07:30:00,1.36773,1.36803,1.36769,1.36773,337,0,0
2025-06-05 07:45:00,1.36773,1.36817,1.36773,1.36787,306,0,0
2025-06-05 08:00:00,1.36787,1.36801,1.36761,1.3676300000000001,527,0,0
2025-06-05 08:15:00,1.3676300000000001,1.36782,1.36753,1.36772,406,0,0
2025-06-05 08:30:00,1.36772,1.3682699999999999,1.36764,1.36798,453,0,0
2025-06-05 08:45:00,1.3679700000000001,1.36832,1.36783,1.36815,530,0,0
2025-06-05 09:00:00,1.36816,1.36826,1.36741,1.36742,473,0,0
2025-06-05 09:15:00,1.36742,1.36747,1.36695,1.36696,407,0,0
2025-06-05 09:30:00,1.36695,1.36781,1.36685,1.36738,628,0,0
2025-06-05 09:45:00,1.36738,1.3673899999999999,1.36694,1.3672900000000001,504,0,0
2025-06-05 10:00:00,1.3672900000000001,1.36734,1.36609,1.3660999999999999,695,0,0
2025-06-05 10:15:00,1.3660999999999999,1.36661,1.36596,1.3664399999999999,489,0,0
2025-06-05 10:30:00,1.3664399999999999,1.36695,1.3661400000000001,1.3668,506,0,0
2025-06-05 10:45:00,1.3668,1.3672900000000001,1.36664,1.36717,472,0,0
2025-06-05 11:00:00,1.36717,1.3672,1.36647,1.3666,471,0,0
2025-06-05 11:15:00,1.3666,1.36699,1.3665,1.36685,428,0,0
2025-06-05 11:30:00,1.36685,1.36708,1.36674,1.36679,383,0,0
2025-06-05 11:45:00,1.36679,1.36686,1.36632,1.36647,599,0,0
2025-06-05 12:00:00,1.36647,1.3667500000000001,1.3661699999999999,1.36622,478,0,0
2025-06-05 12:15:00,1.36622,1.3664,1.36586,1.36615,421,0,0
2025-06-05 12:30:00,1.36615,1.3664100000000001,1.3660700000000001,1.36624,610,0,0
2025-06-05 12:45:00,1.36624,1.3664399999999999,1.36584,1.36585,470,0,0
2025-06-05 13:00:00,1.36585,1.36599,1.36532,1.3654600000000001,547,0,0
2025-06-05 13:15:00,1.3654600000000001,1.36567,1.36532,1.3655300000000001,407,0,0
2025-06-05 13:30:00,1.3655300000000001,1.36571,1.3653,1.36568,490,0,0
2025-06-05 13:45:00,1.36568,1.36608,1.3655599999999999,1.36571,471,0,0
2025-06-05 14:00:00,1.36571,1.36594,1.36537,1.36585,424,0,0
2025-06-05 14:15:00,1.36585,1.36654,1.36584,1.3662,486,0,0
2025-06-05 14:30:00,1.3662,1.36647,1.36606,1.36632,450,0,0
2025-06-05 14:45:00,1.36631,1.3666,1.36588,1.36603,407,0,0
2025-06-05 15:00:00,1.36603,1.36624,1.3658000000000001,1.36593,568,0,0
2025-06-05 15:15:00,1.36593,1.3664399999999999,1.36524,1.36527,933,0,0
2025-06-05 15:30:00,1.36535,1.3655,1.36489,1.36496,917,0,0
2025-06-05 15:45:00,1.3649499999999999,1.36593,1.36483,1.36552,1331,0,0
2025-06-05 16:00:00,1.36552,1.36587,1.36497,1.36504,1058,0,0
2025-06-05 16:15:00,1.36504,1.36542,1.36438,1.36457,1095,0,0
2025-06-05 16:30:00,1.36457,1.36457,1.36345,1.36355,1234,0,0
2025-06-05 16:45:00,1.36355,1.36494,1.36353,1.36463,1354,0,0
2025-06-05 17:00:00,1.36462,1.36573,1.36432,1.3651900000000001,1202,0,0
2025-06-05 17:15:00,1.3651900000000001,1.36525,1.36437,1.36446,801,0,0
2025-06-05 17:30:00,1.36446,1.36529,1.36408,1.36465,1103,0,0
2025-06-05 17:45:00,1.36465,1.3655300000000001,1.36464,1.36536,1172,0,0
2025-06-05 18:00:00,1.36536,1.36569,1.36484,1.3654,1080,0,0
2025-06-05 18:15:00,1.3654,1.3654600000000001,1.36447,1.36493,866,0,0
2025-06-05 18:30:00,1.36493,1.36665,1.36493,1.36653,793,0,0
2025-06-05 18:45:00,1.36653,1.36723,1.36653,1.3667799999999999,868,0,0
2025-06-05 19:00:00,1.3667799999999999,1.36756,1.36672,1.36687,696,0,0
2025-06-05 19:15:00,1.36687,1.36707,1.36624,1.36703,1059,0,0
2025-06-05 19:30:00,1.367,1.36727,1.36625,1.3665,578,0,0
2025-06-05 19:45:00,1.3665,1.36708,1.36649,1.3667,750,0,0
2025-06-05 20:00:00,1.3667,1.36689,1.3664100000000001,1.36662,579,0,0
2025-06-05 20:15:00,1.36662,1.36662,1.3658299999999999,1.36596,330,0,0
2025-06-05 20:30:00,1.36596,1.36623,1.36582,1.36595,391,0,0
2025-06-05 20:45:00,1.36595,1.36616,1.36567,1.36568,468,0,0
2025-06-05 21:00:00,1.36568,1.36674,1.36567,1.36663,436,0,0
2025-06-05 21:15:00,1.36663,1.36683,1.36602,1.3661400000000001,381,0,0
2025-06-05 21:30:00,1.3661400000000001,1.36666,1.36605,1.36661,422,0,0
2025-06-05 21:45:00,1.36661,1.36688,1.3660999999999999,1.36612,445,0,0
2025-06-05 22:00:00,1.36612,1.36683,1.36612,1.36683,589,0,0
2025-06-05 22:15:00,1.36683,1.36718,1.36658,1.3667799999999999,608,0,0
2025-06-05 22:30:00,1.3667799999999999,1.36706,1.36665,1.3670499999999999,491,0,0
2025-06-05 22:45:00,1.3670499999999999,1.36724,1.36648,1.36656,490,0,0
2025-06-05 23:00:00,1.36656,1.36686,1.36646,1.3667099999999999,272,0,0
2025-06-05 23:15:00,1.3667,1.36688,1.3664399999999999,1.36661,176,0,0
2025-06-05 23:30:00,1.36661,1.3672,1.36661,1.36718,246,1,0
2025-06-05 23:45:00,1.3672,1.3674,1.36711,1.36738,333,7,0
2025-06-06 00:00:00,1.3673899999999999,1.3673899999999999,1.3672900000000001,1.3672900000000001,24,20,0
2025-06-06 00:15:00,1.3672900000000001,1.36738,1.36706,1.36738,73,44,0
2025-06-06 00:30:00,1.36738,1.36738,1.36731,1.36738,20,44,0
2025-06-06 00:45:00,1.36738,1.36745,1.36737,1.36737,33,41,0
2025-06-06 01:00:00,1.36737,1.3676,1.36726,1.36728,112,1,0
2025-06-06 01:15:00,1.36728,1.36728,1.36712,1.36725,135,1,0
2025-06-06 01:30:00,1.36725,1.36726,1.36717,1.36718,74,0,0
2025-06-06 01:45:00,1.36718,1.36721,1.36711,1.36717,45,0,0
2025-06-06 02:00:00,1.36717,1.36719,1.3670200000000001,1.36708,155,0,0
2025-06-06 02:15:00,1.36708,1.36722,1.36706,1.36721,181,0,0
2025-06-06 02:30:00,1.36721,1.36723,1.36704,1.3670900000000001,274,0,0
2025-06-06 02:45:00,1.3670900000000001,1.36715,1.36672,1.3667500000000001,305,0,0
2025-06-06 03:00:00,1.3667500000000001,1.3667500000000001,1.36629,1.36639,628,0,0
2025-06-06 03:15:00,1.36639,1.36648,1.36631,1.36642,498,0,0
2025-06-06 03:30:00,1.36642,1.36646,1.3662,1.36622,493,0,0
2025-06-06 03:45:00,1.36622,1.36654,1.36611,1.36653,578,0,0
2025-06-06 04:00:00,1.36653,1.3668,1.3663,1.36631,416,0,0
2025-06-06 04:15:00,1.36631,1.3664,1.36604,1.36604,438,0,0
2025-06-06 04:30:00,1.36604,1.3664399999999999,1.36603,1.36629,548,0,0
2025-06-06 04:45:00,1.36631,1.36662,1.36611,1.36658,611,0,0
2025-06-06 05:00:00,1.36658,1.36706,1.36655,1.3667,489,0,0
2025-06-06 05:15:00,1.3667,1.3670900000000001,1.3667,1.36691,453,0,0
2025-06-06 05:30:00,1.36691,1.36703,1.3668,1.36695,483,0,0
2025-06-06 05:45:00,1.36695,1.36699,1.3665,1.3668,549,0,0
2025-06-06 06:00:00,1.3668,1.36689,1.36656,1.36659,621,0,0
2025-06-06 06:15:00,1.3666,1.3666800000000001,1.36638,1.36652,583,0,0
2025-06-06 06:30:00,1.36652,1.36659,1.36629,1.36632,516,0,0
2025-06-06 06:45:00,1.36629,1.36639,1.36622,1.3663699999999999,390,0,0
2025-06-06 07:00:00,1.3663699999999999,1.36643,1.3660999999999999,1.3662,373,0,0
2025-06-06 07:15:00,1.3662,1.3663,1.36613,1.36619,422,0,0
2025-06-06 07:30:00,1.36619,1.36633,1.36613,1.3663,367,0,0
2025-06-06 07:45:00,1.3663,1.36633,1.3660999999999999,1.3661699999999999,334,0,0
2025-06-06 08:00:00,1.3661699999999999,1.3664,1.36611,1.36635,423,0,0
2025-06-06 08:15:00,1.36635,1.36672,1.36625,1.3666800000000001,464,0,0
2025-06-06 08:30:00,1.3666800000000001,1.36681,1.36648,1.36664,549,0,0
2025-06-06 08:45:00,1.36664,1.36672,1.36635,1.36636,403,0,0
2025-06-06 09:00:00,1.36636,1.36679,1.36627,1.3666,466,0,0
2025-06-06 09:15:00,1.3666,1.36697,1.3665,1.36669,594,0,0
2025-06-06 09:30:00,1.36669,1.3669799999999999,1.36654,1.36693,447,0,0
2025-06-06 09:45:00,1.36693,1.36693,1.3665,1.36667,373,0,0
2025-06-06 10:00:00,1.36667,1.3669799999999999,1.36621,1.36647,427,0,0
2025-06-06 10:15:00,1.36647,1.36712,1.3664100000000001,1.36691,599,0,0
2025-06-06 10:30:00,1.36691,1.36718,1.3664,1.3664,530,0,0
2025-06-06 10:45:00,1.3664,1.36695,1.3664,1.36682,581,0,0
2025-06-06 11:00:00,1.36684,1.36735,1.36683,1.36725,499,0,0
2025-06-06 11:15:00,1.36725,1.36748,1.36697,1.36735,435,0,0
2025-06-06 11:30:00,1.36734,1.36774,1.36721,1.36753,413,0,0
2025-06-06 11:45:00,1.36753,1.3681,1.36753,1.36808,434,0,0
2025-06-06 12:00:00,1.36807,1.36869,1.36806,1.36848,406,0,0
2025-06-06 12:15:00,1.36848,1.3685,1.36799,1.36815,294,0,0
2025-06-06 12:30:00,1.36815,1.36815,1.36771,1.36775,378,0,0
2025-06-06 12:45:00,1.36775,1.36819,1.36761,1.36789,474,0,0
2025-06-06 13:00:00,1.36789,1.3679700000000001,1.36742,1.36743,410,0,0
2025-06-06 13:15:00,1.36743,1.36758,1.36733,1.36747,412,0,0
2025-06-06 13:30:00,1.36746,1.36764,1.36723,1.36742,372,0,0
2025-06-06 13:45:00,1.36742,1.36781,1.36724,1.36781,360,0,0
2025-06-06 14:00:00,1.36781,1.36836,1.36767,1.36835,523,0,0
2025-06-06 14:15:00,1.36835,1.3685800000000001,1.36811,1.36838,325,0,0
2025-06-06 14:30:00,1.36838,1.36848,1.36799,1.36825,368,0,0
2025-06-06 14:45:00,1.36825,1.36906,1.36814,1.36887,572,0,0
2025-06-06 15:00:00,1.36887,1.36981,1.36847,1.36939,620,0,0
2025-06-06 15:15:00,1.36939,1.36939,1.36849,1.36868,809,0,0
2025-06-06 15:30:00,1.36869,1.37006,1.36666,1.36762,2205,0,0
2025-06-06 15:45:00,1.36761,1.36825,1.36715,1.36815,1460,0,0
2025-06-06 16:00:00,1.36815,1.36887,1.36769,1.36838,1331,0,0
2025-06-06 16:15:00,1.36838,1.37046,1.36816,1.36978,1240,0,0
2025-06-06 16:30:00,1.36978,1.3698000000000001,1.36777,1.36832,1638,0,0
2025-06-06 16:45:00,1.36832,1.36887,1.36755,1.3685399999999999,1426,0,0
2025-06-06 17:00:00,1.36853,1.36911,1.36772,1.36809,1573,0,0
2025-06-06 17:15:00,1.36809,1.36863,1.36714,1.36726,1178,0,0
2025-06-06 17:30:00,1.36728,1.36765,1.36695,1.36752,924,0,0
2025-06-06 17:45:00,1.36752,1.36904,1.36751,1.3689,1052,0,0
2025-06-06 18:00:00,1.3689,1.3691,1.36818,1.36863,1078,0,0
2025-06-06 18:15:00,1.36863,1.36967,1.36823,1.36883,967,0,0
2025-06-06 18:30:00,1.36883,1.36911,1.36844,1.36865,731,0,0
2025-06-06 18:45:00,1.36865,1.36898,1.3685,1.36864,646,0,0
2025-06-06 19:00:00,1.36864,1.36921,1.3686099999999999,1.36875,585,0,0
2025-06-06 19:15:00,1.36875,1.36893,1.36845,1.36869,560,0,0
2025-06-06 19:30:00,1.36869,1.3691900000000001,1.36863,1.36886,701,0,0
2025-06-06 19:45:00,1.36886,1.37018,1.36886,1.36996,721,0,0
2025-06-06 20:00:00,1.36996,1.37008,1.36947,1.36951,520,0,0
2025-06-06 20:15:00,1.36954,1.36999,1.36911,1.3697300000000001,610,0,0
2025-06-06 20:30:00,1.3697300000000001,1.3699,1.3694899999999999,1.36962,503,0,0
2025-06-06 20:45:00,1.36963,1.36966,1.36906,1.36909,410,0,0
2025-06-06 21:00:00,1.36909,1.36965,1.36903,1.36943,427,0,0
2025-06-06 21:15:00,1.36943,1.36962,1.3692,1.36962,393,0,0
2025-06-06 21:30:00,1.36962,1.36969,1.3691900000000001,1.3695300000000001,463,0,0
2025-06-06 21:45:00,1.3695300000000001,1.36979,1.3694899999999999,1.36954,424,0,0
2025-06-06 22:00:00,1.36954,1.36958,1.36933,1.3694600000000001,359,0,0
2025-06-06 22:15:00,1.3694600000000001,1.3701400000000001,1.3694600000000001,1.36997,289,0,0
2025-06-06 22:30:00,1.36997,1.37006,1.36978,1.37005,303,0,0
2025-06-06 22:45:00,1.37005,1.3703400000000001,1.36952,1.3696,551,0,0
2025-06-06 23:00:00,1.36959,1.36981,1.36952,1.36966,269,0,0
2025-06-06 23:15:00,1.36965,1.36968,1.36908,1.3694,235,0,0
2025-06-06 23:30:00,1.3694,1.37002,1.3694,1.37002,214,0,0
2025-06-06 23:45:00,1.37002,1.37005,1.36951,1.36969,214,1,0
2025-06-09 00:00:00,1.3679000000000001,1.36898,1.36785,1.36866,63,104,0
2025-06-09 00:15:00,1.36866,1.36866,1.3685800000000001,1.36865,31,164,0
2025-06-09 00:30:00,1.36865,1.3697,1.3684,1.36965,159,47,0
2025-06-09 00:45:00,1.36965,1.36966,1.36881,1.36903,84,50,0
2025-06-09 01:00:00,1.36903,1.36989,1.36896,1.36988,224,1,0
2025-06-09 01:15:00,1.36988,1.36999,1.3697599999999999,1.3698000000000001,148,1,0
2025-06-09 01:30:00,1.3698000000000001,1.3698000000000001,1.3694,1.36968,147,1,0
2025-06-09 01:45:00,1.36968,1.36969,1.3692199999999999,1.36931,139,1,0
2025-06-09 02:00:00,1.36931,1.36969,1.3692199999999999,1.36951,240,1,0
2025-06-09 02:15:00,1.36951,1.3696,1.36935,1.36936,126,1,0
2025-06-09 02:30:00,1.36936,1.36962,1.36932,1.36961,377,0,0
2025-06-09 02:45:00,1.36961,1.36962,1.36911,1.36926,399,0,0
2025-06-09 03:00:00,1.36926,1.36939,1.36914,1.36931,560,0,0
2025-06-09 03:15:00,1.36931,1.36961,1.3693,1.36938,385,0,0
2025-06-09 03:30:00,1.36938,1.36941,1.36891,1.36931,469,0,0
2025-06-09 03:45:00,1.36931,1.36934,1.36903,1.36925,354,0,0
2025-06-09 04:00:00,1.36925,1.36925,1.36868,1.3688,606,0,0
2025-06-09 04:15:00,1.3688,1.3688,1.36828,1.36848,380,0,0
2025-06-09 04:30:00,1.36848,1.36869,1.36825,1.3682699999999999,544,0,0
2025-06-09 04:45:00,1.3682699999999999,1.3682699999999999,1.36802,1.36811,645,0,0
2025-06-09 05:00:00,1.36811,1.36829,1.36771,1.36817,760,0,0
2025-06-09 05:15:00,1.36817,1.3683,1.36799,1.36811,580,0,0
2025-06-09 05:30:00,1.36811,1.36848,1.36803,1.36836,429,0,0
2025-06-09 05:45:00,1.36836,1.36853,1.3683,1.3685100000000001,381,0,0
2025-06-09 06:00:00,1.3685100000000001,1.3685800000000001,1.3684,1.36846,347,0,0
2025-06-09 06:15:00,1.36846,1.36866,1.36843,1.3686099999999999,266,0,0
2025-06-09 06:30:00,1.3686099999999999,1.3686099999999999,1.36836,1.36843,322,0,0
2025-06-09 06:45:00,1.36843,1.36866,1.36837,1.36862,333,0,0
2025-06-09 07:00:00,1.36862,1.36876,1.36845,1.36853,382,0,0
2025-06-09 07:15:00,1.3685100000000001,1.36859,1.36835,1.36856,481,0,0
2025-06-09 07:30:00,1.36857,1.36877,1.36853,1.36863,344,0,0
2025-06-09 07:45:00,1.36863,1.36875,1.36837,1.36846,417,0,0
2025-06-09 08:00:00,1.36846,1.36856,1.36828,1.36849,455,0,0
2025-06-09 08:15:00,1.36849,1.3685,1.3682400000000001,1.36836,470,0,0
2025-06-09 08:30:00,1.36836,1.36895,1.36833,1.36875,397,0,0
2025-06-09 08:45:00,1.36875,1.36877,1.3684,1.3685399999999999,315,0,0
2025-06-09 09:00:00,1.3685399999999999,1.36881,1.36848,1.36866,431,0,0
2025-06-09 09:15:00,1.36866,1.3688,1.36853,1.36867,387,0,0
2025-06-09 09:30:00,1.36867,1.3687,1.3682,1.36829,414,0,0
2025-06-09 09:45:00,1.36829,1.3683100000000001,1.36782,1.36821,464,0,0
2025-06-09 10:00:00,1.36821,1.36823,1.3678,1.36802,462,0,0
2025-06-09 10:15:00,1.36802,1.36814,1.36783,1.36802,421,0,0
2025-06-09 10:30:00,1.36802,1.36822,1.36785,1.36795,478,0,0
2025-06-09 10:45:00,1.36795,1.36849,1.36784,1.36821,476,0,0
2025-06-09 11:00:00,1.36821,1.36839,1.36787,1.36788,500,0,0
2025-06-09 11:15:00,1.36788,1.36814,1.36765,1.3676599999999999,522,0,0
2025-06-09 11:30:00,1.3676599999999999,1.36775,1.367,1.36717,530,0,0
2025-06-09 11:45:00,1.36717,1.36785,1.3670900000000001,1.3678,597,0,0
2025-06-09 12:00:00,1.3678,1.36783,1.36728,1.36751,529,0,0
2025-06-09 12:15:00,1.36751,1.3676300000000001,1.36716,1.36745,460,0,0
2025-06-09 12:30:00,1.36745,1.36748,1.3671,1.36715,370,0,0
2025-06-09 12:45:00,1.36714,1.36754,1.36696,1.36751,337,0,0
2025-06-09 13:00:00,1.36751,1.36754,1.36718,1.36728,463,0,0
2025-06-09 13:15:00,1.36728,1.3673899999999999,1.36718,1.36733,334,0,0
2025-06-09 13:30:00,1.36733,1.36757,1.36719,1.36756,306,0,0
2025-06-09 13:45:00,1.36756,1.36787,1.36747,1.36777,326,0,0
2025-06-09 14:00:00,1.36777,1.36791,1.36735,1.3674,257,0,0
2025-06-09 14:15:00,1.3674,1.36805,1.36735,1.36803,387,0,0
2025-06-09 14:30:00,1.36803,1.36868,1.36787,1.3685100000000001,576,0,0
2025-06-09 14:45:00,1.3685100000000001,1.36853,1.36772,1.3682,399,0,0
2025-06-09 15:00:00,1.3682,1.3685800000000001,1.36799,1.36837,575,0,0
2025-06-09 15:15:00,1.36837,1.3686099999999999,1.36825,1.36848,410,0,0
2025-06-09 15:30:00,1.36848,1.36863,1.36804,1.36832,584,0,0
2025-06-09 15:45:00,1.36832,1.3691200000000001,1.3683100000000001,1.36883,511,0,0
2025-06-09 16:00:00,1.36883,1.36932,1.36876,1.36876,641,0,0
2025-06-09 16:15:00,1.36876,1.36905,1.36863,1.36887,579,0,0
2025-06-09 16:30:00,1.36889,1.37022,1.36876,1.37015,948,0,0
2025-06-09 16:45:00,1.37015,1.3706800000000001,1.36998,1.37047,793,0,0
2025-06-09 17:00:00,1.37047,1.3707500000000001,1.36995,1.37025,742,0,0
2025-06-09 17:15:00,1.37025,1.37073,1.37019,1.37029,614,0,0
2025-06-09 17:30:00,1.37029,1.37045,1.36924,1.36933,833,0,0
2025-06-09 17:45:00,1.36933,1.36935,1.36755,1.36832,989,0,0
2025-06-09 18:00:00,1.36832,1.36917,1.36823,1.36896,764,0,0
2025-06-09 18:15:00,1.36896,1.36896,1.36804,1.36813,626,0,0
2025-06-09 18:30:00,1.36813,1.36823,1.3673600000000001,1.36765,539,0,0
2025-06-09 18:45:00,1.36765,1.3679700000000001,1.36744,1.3677000000000001,552,0,0
2025-06-09 19:00:00,1.3677000000000001,1.3678,1.36707,1.36756,460,0,0
2025-06-09 19:15:00,1.36756,1.36765,1.36707,1.3672900000000001,346,0,0
2025-06-09 19:30:00,1.3672900000000001,1.36777,1.36725,1.36767,306,0,0
2025-06-09 19:45:00,1.36767,1.36783,1.36738,1.36747,413,0,0
2025-06-09 20:00:00,1.36747,1.36783,1.3673600000000001,1.36746,382,0,0
2025-06-09 20:15:00,1.36746,1.36773,1.36722,1.36735,209,0,0
2025-06-09 20:30:00,1.36731,1.36787,1.36727,1.36764,386,0,0
2025-06-09 20:45:00,1.36768,1.36865,1.36765,1.3685399999999999,486,0,0
2025-06-09 21:00:00,1.3685399999999999,1.36879,1.3683,1.3685,374,0,0
2025-06-09 21:15:00,1.3685,1.36857,1.36798,1.36803,211,0,0
2025-06-09 21:30:00,1.36803,1.36813,1.36782,1.36786,360,0,0
2025-06-09 21:45:00,1.36786,1.36788,1.36757,1.36764,256,0,0
2025-06-09 22:00:00,1.36764,1.36801,1.36764,1.36798,268,0,0
2025-06-09 22:15:00,1.36798,1.36843,1.36788,1.3684,242,0,0
2025-06-09 22:30:00,1.3684,1.36871,1.36807,1.3687,324,0,0
2025-06-09 22:45:00,1.3687,1.36875,1.36829,1.36856,426,0,0
2025-06-09 23:00:00,1.36856,1.36905,1.36856,1.36904,213,0,0
2025-06-09 23:15:00,1.36904,1.36958,1.36903,1.36944,210,0,0
2025-06-09 23:30:00,1.36944,1.36978,1.36943,1.36967,177,0,0
2025-06-09 23:45:00,1.36967,1.37005,1.36967,1.3698299999999999,187,7,0
2025-06-10 00:00:00,1.36992,1.36992,1.36907,1.36948,22,19,0
2025-06-10 00:15:00,1.36948,1.36958,1.36884,1.36927,31,68,0
2025-06-10 00:30:00,1.36927,1.36935,1.3691200000000001,1.36932,77,72,0
2025-06-10 00:45:00,1.36932,1.3697599999999999,1.36932,1.3697300000000001,30,42,0
2025-06-10 01:00:00,1.3697300000000001,1.36996,1.36971,1.3699,185,1,0
2025-06-10 01:15:00,1.3699,1.36996,1.36978,1.36992,131,1,0
2025-06-10 01:30:00,1.36992,1.36997,1.36989,1.36995,145,0,0
2025-06-10 01:45:00,1.36995,1.3700999999999999,1.36972,1.36972,226,0,0
2025-06-10 02:00:00,1.36972,1.37038,1.36972,1.3701400000000001,357,0,0
2025-06-10 02:15:00,1.3701400000000001,1.37015,1.3698000000000001,1.36982,375,0,0
2025-06-10 02:30:00,1.36982,1.36994,1.3697300000000001,1.36993,235,0,0
2025-06-10 02:45:00,1.36993,1.37016,1.36952,1.37008,489,0,0
2025-06-10 03:00:00,1.37009,1.37056,1.36995,1.3700700000000001,793,0,0
2025-06-10 03:15:00,1.3700700000000001,1.37011,1.36942,1.3696,529,0,0
2025-06-10 03:30:00,1.36959,1.36999,1.36952,1.36991,477,0,0
2025-06-10 03:45:00,1.36991,1.37009,1.36971,1.3699,634,0,0
2025-06-10 04:00:00,1.3699,1.37009,1.36947,1.36991,747,0,0
2025-06-10 04:15:00,1.36991,1.37029,1.3695300000000001,1.3700999999999999,655,0,0
2025-06-10 04:30:00,1.3700999999999999,1.3707500000000001,1.36989,1.3704100000000001,887,0,0
2025-06-10 04:45:00,1.3704100000000001,1.37134,1.3703699999999999,1.37119,519,0,0
2025-06-10 05:00:00,1.37119,1.3715899999999999,1.37092,1.371,635,0,0
2025-06-10 05:15:00,1.371,1.37116,1.37079,1.37115,316,0,0
2025-06-10 05:30:00,1.37115,1.37124,1.37066,1.37104,375,0,0
2025-06-10 05:45:00,1.37104,1.37106,1.37054,1.37057,306,0,0
2025-06-10 06:00:00,1.37057,1.37086,1.37053,1.37056,410,0,0
2025-06-10 06:15:00,1.37056,1.3707500000000001,1.37046,1.37057,332,0,0
2025-06-10 06:30:00,1.37057,1.37076,1.37033,1.37057,402,0,0
2025-06-10 06:45:00,1.37057,1.37073,1.3700700000000001,1.37013,412,0,0
2025-06-10 07:00:00,1.37013,1.37061,1.36996,1.37049,298,0,0
2025-06-10 07:15:00,1.37049,1.37076,1.37027,1.3707,327,0,0
2025-06-10 07:30:00,1.3707,1.3709,1.37067,1.37084,290,0,0
2025-06-10 07:45:00,1.37084,1.37086,1.37064,1.3706800000000001,244,0,0
2025-06-10 08:00:00,1.3706800000000001,1.37076,1.3705,1.37059,337,0,0
2025-06-10 08:15:00,1.37059,1.37144,1.37047,1.3713,619,0,0
2025-06-10 08:30:00,1.3713,1.37154,1.37074,1.37114,733,0,0
2025-06-10 08:45:00,1.37114,1.37153,1.37101,1.3710499999999999,676,0,0
2025-06-10 09:00:00,1.3710499999999999,1.37152,1.37104,1.37149,775,0,0
2025-06-10 09:15:00,1.37149,1.37154,1.3706800000000001,1.37104,800,0,0
2025-06-10 09:30:00,1.3710499999999999,1.37116,1.37055,1.3706800000000001,562,0,0
2025-06-10 09:45:00,1.3706800000000001,1.37196,1.37065,1.37174,556,0,0
2025-06-10 10:00:00,1.37176,1.37265,1.37119,1.37242,907,0,0
2025-06-10 10:15:00,1.37239,1.37286,1.37235,1.37257,603,0,0
2025-06-10 10:30:00,1.37257,1.37257,1.37214,1.37231,569,0,0
2025-06-10 10:45:00,1.37232,1.37239,1.37181,1.37207,623,0,0
2025-06-10 11:00:00,1.37207,1.3721,1.3714,1.37161,508,0,0
2025-06-10 11:15:00,1.37161,1.37173,1.37131,1.37133,507,0,0
2025-06-10 11:30:00,1.37133,1.37134,1.3710499999999999,1.37119,439,0,0
2025-06-10 11:45:00,1.37119,1.37131,1.3707099999999999,1.3707099999999999,584,0,0
2025-06-10 12:00:00,1.3707099999999999,1.37089,1.37022,1.37031,522,0,0
2025-06-10 12:15:00,1.37027,1.37076,1.3702,1.3706,445,0,0
2025-06-10 12:30:00,1.3706,1.3707500000000001,1.37019,1.3704100000000001,475,0,0
2025-06-10 12:45:00,1.3704100000000001,1.3704100000000001,1.36996,1.3700999999999999,405,0,0
2025-06-10 13:00:00,1.3700999999999999,1.3700999999999999,1.36963,1.36997,462,0,0
2025-06-10 13:15:00,1.36998,1.37013,1.36961,1.3697,345,0,0
2025-06-10 13:30:00,1.3697,1.37013,1.36968,1.37011,395,0,0
2025-06-10 13:45:00,1.37011,1.37026,1.36998,1.37005,397,0,0
2025-06-10 14:00:00,1.37005,1.3701400000000001,1.36938,1.36941,420,0,0
2025-06-10 14:15:00,1.36941,1.36984,1.36909,1.36925,424,0,0
2025-06-10 14:30:00,1.36925,1.36941,1.36868,1.3694,496,0,0
2025-06-10 14:45:00,1.3694,1.3695300000000001,1.3689200000000001,1.36929,496,0,0
2025-06-10 15:00:00,1.3693,1.3693,1.36902,1.36908,554,0,0
2025-06-10 15:15:00,1.36908,1.36931,1.36873,1.3689,486,0,0
2025-06-10 15:30:00,1.3689,1.36898,1.36843,1.36864,557,0,0
2025-06-10 15:45:00,1.36864,1.36928,1.3685,1.36914,588,0,0
2025-06-10 16:00:00,1.36913,1.36936,1.36866,1.3691900000000001,774,0,0
2025-06-10 16:15:00,1.3691900000000001,1.36924,1.3683100000000001,1.36853,749,0,0
2025-06-10 16:30:00,1.36853,1.3691900000000001,1.36811,1.36814,969,0,0
2025-06-10 16:45:00,1.36814,1.36835,1.36706,1.36723,943,0,0
2025-06-10 17:00:00,1.36723,1.36756,1.36681,1.36731,861,0,0
2025-06-10 17:15:00,1.36731,1.36823,1.36721,1.36733,781,0,0
2025-06-10 17:30:00,1.36733,1.36767,1.36699,1.3670200000000001,852,0,0
2025-06-10 17:45:00,1.3670200000000001,1.36814,1.3670200000000001,1.3676,1042,0,0
2025-06-10 18:00:00,1.3676,1.36812,1.36755,1.36788,799,0,0
2025-06-10 18:15:00,1.36788,1.3682400000000001,1.36767,1.3677000000000001,649,0,0
2025-06-10 18:30:00,1.36769,1.36853,1.3676599999999999,1.3682400000000001,718,0,0
2025-06-10 18:45:00,1.36825,1.36874,1.36804,1.3684,498,0,0
2025-06-10 19:00:00,1.3684,1.36842,1.36783,1.3679299999999999,436,0,0
2025-06-10 19:15:00,1.3679299999999999,1.36816,1.36782,1.36788,406,0,0
2025-06-10 19:30:00,1.36788,1.36822,1.36752,1.36789,357,0,0
2025-06-10 19:45:00,1.36789,1.36852,1.36789,1.36833,424,0,0
2025-06-10 20:00:00,1.36833,1.36847,1.36795,1.36839,424,0,0
2025-06-10 20:15:00,1.36839,1.36868,1.36818,1.36842,419,0,0
2025-06-10 20:30:00,1.36842,1.3685800000000001,1.36812,1.3684,402,0,0
2025-06-10 20:45:00,1.3684,1.36879,1.36835,1.36872,374,0,0
2025-06-10 21:00:00,1.36872,1.36928,1.36872,1.369,543,0,0
2025-06-10 21:15:00,1.369,1.36902,1.36873,1.3688,232,0,0
2025-06-10 21:30:00,1.3688,1.36916,1.36862,1.3691200000000001,327,0,0
2025-06-10 21:45:00,1.3691200000000001,1.36931,1.36883,1.36897,317,0,0
2025-06-10 22:00:00,1.36897,1.36905,1.36868,1.36881,341,0,0
2025-06-10 22:15:00,1.36881,1.3689200000000001,1.36853,1.36887,254,0,0
2025-06-10 22:30:00,1.36887,1.36893,1.36841,1.36845,321,0,0
2025-06-10 22:45:00,1.36845,1.36862,1.36716,1.36741,721,0,0
2025-06-10 23:00:00,1.36741,1.36776,1.36701,1.36737,361,0,0
2025-06-10 23:15:00,1.36737,1.3678,1.36737,1.36758,238,0,0
2025-06-10 23:30:00,1.36758,1.36764,1.36727,1.3673,192,0,0
2025-06-10 23:45:00,1.3673,1.36733,1.36696,1.3670200000000001,179,7,0
2025-06-11 00:00:00,1.36689,1.36689,1.36633,1.36649,81,40,0
2025-06-11 00:15:00,1.36649,1.36673,1.36646,1.36673,132,76,0
2025-06-11 00:30:00,1.36673,1.3670499999999999,1.36672,1.36697,158,58,0
2025-06-11 00:45:00,1.36697,1.367,1.36684,1.36694,159,56,0
2025-06-11 01:00:00,1.36694,1.3673899999999999,1.3669,1.36725,186,1,0
2025-06-11 01:15:00,1.36725,1.36733,1.36723,1.3672900000000001,221,1,0
2025-06-11 01:30:00,1.3672900000000001,1.36748,1.36695,1.36695,192,0,0
2025-06-11 01:45:00,1.36695,1.3672,1.36681,1.36685,188,0,0
2025-06-11 02:00:00,1.36685,1.36711,1.3664399999999999,1.36676,522,0,0
2025-06-11 02:15:00,1.36676,1.36716,1.36657,1.3666,501,0,0
2025-06-11 02:30:00,1.3666,1.36685,1.36651,1.36669,277,0,0
2025-06-11 02:45:00,1.36669,1.36701,1.36663,1.36686,409,0,0
2025-06-11 03:00:00,1.36686,1.36713,1.36663,1.3670200000000001,606,0,0
2025-06-11 03:15:00,1.3670200000000001,1.3673199999999999,1.36658,1.3673,652,0,0
2025-06-11 03:30:00,1.3673,1.3673600000000001,1.36674,1.36714,579,0,0
2025-06-11 03:45:00,1.36714,1.3673600000000001,1.36712,1.36727,492,0,0
2025-06-11 04:00:00,1.36727,1.36737,1.36703,1.36719,522,0,0
2025-06-11 04:15:00,1.36719,1.3673899999999999,1.36703,1.36714,605,0,0
2025-06-11 04:30:00,1.36714,1.36748,1.36713,1.36737,429,0,0
2025-06-11 04:45:00,1.36737,1.3679999999999999,1.36734,1.36788,407,0,0
2025-06-11 05:00:00,1.36788,1.36807,1.36764,1.36794,668,0,0
2025-06-11 05:15:00,1.36794,1.36817,1.36783,1.36808,412,0,0
2025-06-11 05:30:00,1.36808,1.3682,1.36803,1.36811,357,0,0
2025-06-11 05:45:00,1.36811,1.36821,1.36805,1.36812,253,0,0
2025-06-11 06:00:00,1.36812,1.3683100000000001,1.36808,1.36828,248,0,0
2025-06-11 06:15:00,1.36828,1.36836,1.36811,1.36836,211,0,0
2025-06-11 06:30:00,1.36836,1.36837,1.36799,1.36799,157,0,0
2025-06-11 06:45:00,1.36799,1.36818,1.36771,1.36771,209,0,0
2025-06-11 07:00:00,1.36771,1.36809,1.36771,1.36799,248,0,0
2025-06-11 07:15:00,1.36799,1.36808,1.36777,1.3679700000000001,431,0,0
2025-06-11 07:30:00,1.3679700000000001,1.36814,1.3679000000000001,1.3679999999999999,319,0,0
2025-06-11 07:45:00,1.3679999999999999,1.36819,1.36791,1.36813,386,0,0
2025-06-11 08:00:00,1.36813,1.36815,1.36788,1.3679299999999999,356,0,0
2025-06-11 08:15:00,1.3679299999999999,1.3679999999999999,1.36779,1.36785,275,0,0
2025-06-11 08:30:00,1.36785,1.36794,1.3676599999999999,1.36788,281,0,0
2025-06-11 08:45:00,1.36788,1.36801,1.36762,1.36772,306,0,0
2025-06-11 09:00:00,1.36772,1.36813,1.36762,1.36805,427,0,0
2025-06-11 09:15:00,1.36805,1.3684,1.36781,1.36832,519,0,0
2025-06-11 09:30:00,1.3683100000000001,1.3683100000000001,1.36771,1.36776,474,0,0
2025-06-11 09:45:00,1.36776,1.36826,1.36758,1.36802,340,0,0
2025-06-11 10:00:00,1.36802,1.36844,1.3676,1.36801,568,0,0
2025-06-11 10:15:00,1.36801,1.36801,1.36756,1.36787,542,0,0
2025-06-11 10:30:00,1.36787,1.36809,1.36779,1.36788,587,0,0
2025-06-11 10:45:00,1.36787,1.3679700000000001,1.36742,1.36753,619,0,0
2025-06-11 11:00:00,1.36752,1.36785,1.36742,1.36784,599,0,0
2025-06-11 11:15:00,1.36784,1.36807,1.36767,1.36779,457,0,0
2025-06-11 11:30:00,1.36779,1.36813,1.36772,1.36785,440,0,0
2025-06-11 11:45:00,1.36781,1.3684,1.36776,1.3682400000000001,580,0,0
2025-06-11 12:00:00,1.3682400000000001,1.36843,1.3679700000000001,1.36834,790,0,0
2025-06-11 12:15:00,1.36834,1.36836,1.3679700000000001,1.36807,447,0,0
2025-06-11 12:30:00,1.36807,1.36859,1.36796,1.36852,511,0,0
2025-06-11 12:45:00,1.36852,1.36883,1.3682,1.36823,579,0,0
2025-06-11 13:00:00,1.36823,1.3682400000000001,1.36751,1.3681,588,0,0
2025-06-11 13:15:00,1.3681,1.3686,1.3679999999999999,1.36853,575,0,0
2025-06-11 13:30:00,1.36852,1.36863,1.36837,1.36843,503,0,0
2025-06-11 13:45:00,1.36843,1.3688500000000001,1.36835,1.36842,497,0,0
2025-06-11 14:00:00,1.36843,1.36856,1.36817,1.36853,532,0,0
2025-06-11 14:15:00,1.3685399999999999,1.36886,1.36849,1.36856,466,0,0
2025-06-11 14:30:00,1.36856,1.36872,1.36828,1.36832,593,0,0
2025-06-11 14:45:00,1.36832,1.36864,1.36799,1.36802,647,0,0
2025-06-11 15:00:00,1.36802,1.36902,1.36799,1.36868,842,0,0
2025-06-11 15:15:00,1.36868,1.36883,1.36809,1.36826,600,0,0
2025-06-11 15:30:00,1.36826,1.36826,1.36502,1.36575,1849,0,0
2025-06-11 15:45:00,1.36575,1.36647,1.3655599999999999,1.36634,1320,0,0
2025-06-11 16:00:00,1.36634,1.3671,1.36603,1.36627,1457,0,0
2025-06-11 16:15:00,1.36627,1.36753,1.36625,1.36746,854,0,0
2025-06-11 16:30:00,1.36746,1.36788,1.36663,1.3670900000000001,1227,0,0
2025-06-11 16:45:00,1.3670900000000001,1.36753,1.36648,1.36654,1235,0,0
2025-06-11 17:00:00,1.36654,1.3666800000000001,1.36588,1.3665,913,0,0
2025-06-11 17:15:00,1.3665,1.36682,1.3664100000000001,1.36649,816,0,0
2025-06-11 17:30:00,1.36651,1.3667500000000001,1.3664100000000001,1.36643,607,0,0
2025-06-11 17:45:00,1.36643,1.36686,1.36636,1.36686,840,0,0
2025-06-11 18:00:00,1.36686,1.36699,1.36657,1.36664,782,0,0
2025-06-11 18:15:00,1.36664,1.36703,1.36653,1.36692,636,0,0
2025-06-11 18:30:00,1.36692,1.36717,1.36649,1.36649,587,0,0
2025-06-11 18:45:00,1.36649,1.36685,1.3663,1.36638,507,0,0
2025-06-11 19:00:00,1.36638,1.36701,1.36638,1.36676,520,0,0
2025-06-11 19:15:00,1.36676,1.36685,1.3664100000000001,1.3664100000000001,426,0,0
2025-06-11 19:30:00,1.3664100000000001,1.36653,1.36578,1.3658000000000001,465,0,0
2025-06-11 19:45:00,1.3658000000000001,1.36588,1.36541,1.36567,415,0,0
2025-06-11 20:00:00,1.36567,1.36579,1.36533,1.36534,402,0,0
2025-06-11 20:15:00,1.36534,1.36548,1.365,1.36526,387,0,0
2025-06-11 20:30:00,1.36526,1.3656,1.3652199999999999,1.3654600000000001,468,0,0
2025-06-11 20:45:00,1.3654600000000001,1.36596,1.36544,1.36592,322,0,0
2025-06-11 21:00:00,1.36592,1.36672,1.3655599999999999,1.36672,695,0,0
2025-06-11 21:15:00,1.3667099999999999,1.36708,1.36622,1.36672,746,0,0
2025-06-11 21:30:00,1.36672,1.36694,1.36615,1.3664100000000001,640,0,0
2025-06-11 21:45:00,1.3664100000000001,1.36649,1.36586,1.36628,562,0,0
2025-06-11 22:00:00,1.36628,1.36695,1.36628,1.36683,627,0,0
2025-06-11 22:15:00,1.36683,1.36726,1.36672,1.36712,595,0,0
2025-06-11 22:30:00,1.36712,1.36712,1.3667799999999999,1.36679,376,0,0
2025-06-11 22:45:00,1.36679,1.36724,1.36657,1.36662,609,0,0
2025-06-11 23:00:00,1.36663,1.36711,1.3664399999999999,1.36688,396,0,0
2025-06-11 23:15:00,1.36688,1.36706,1.3666,1.3669799999999999,180,0,0
2025-06-11 23:30:00,1.3669799999999999,1.36744,1.36694,1.36743,237,1,0
2025-06-11 23:45:00,1.36743,1.36743,1.36697,1.36717,333,7,0
2025-06-12 00:00:00,1.36684,1.36708,1.36585,1.36699,37,44,0
2025-06-12 00:15:00,1.36699,1.36701,1.36677,1.3669799999999999,63,51,0
2025-06-12 00:30:00,1.3669799999999999,1.36716,1.3669799999999999,1.36716,35,39,0
2025-06-12 00:45:00,1.36716,1.3672,1.36708,1.36708,32,38,0
2025-06-12 01:00:00,1.36708,1.36725,1.36695,1.367,182,1,0
2025-06-12 01:15:00,1.367,1.367,1.36677,1.36683,118,1,0
2025-06-12 01:30:00,1.36683,1.36686,1.3667,1.3667799999999999,165,0,0
2025-06-12 01:45:00,1.3667799999999999,1.36688,1.36626,1.36643,256,0,0
2025-06-12 02:00:00,1.36642,1.3667,1.36613,1.36655,501,0,0
2025-06-12 02:15:00,1.36655,1.3668,1.36655,1.3668,183,0,0
2025-06-12 02:30:00,1.3668,1.36687,1.36646,1.36677,293,0,0
2025-06-12 02:45:00,1.36677,1.36679,1.36652,1.36665,388,0,0
2025-06-12 03:00:00,1.36665,1.36687,1.3664,1.36672,644,0,0
2025-06-12 03:15:00,1.36672,1.36706,1.3664399999999999,1.3666800000000001,465,0,0
2025-06-12 03:30:00,1.3666800000000001,1.36676,1.36635,1.3664399999999999,627,0,0
2025-06-12 03:45:00,1.36643,1.36661,1.36629,1.36643,785,0,0
2025-06-12 04:00:00,1.36643,1.36687,1.3661699999999999,1.3665,733,0,0
2025-06-12 04:15:00,1.3665,1.3667,1.3661699999999999,1.36648,765,0,0
2025-06-12 04:30:00,1.36648,1.36699,1.36621,1.36691,679,0,0
2025-06-12 04:45:00,1.36691,1.36701,1.36659,1.36662,656,0,0
2025-06-12 05:00:00,1.36662,1.36731,1.36661,1.36724,529,0,0
2025-06-12 05:15:00,1.36724,1.36727,1.36696,1.3672,439,0,0
2025-06-12 05:30:00,1.3672,1.3672900000000001,1.367,1.36716,384,0,0
2025-06-12 05:45:00,1.36716,1.36733,1.36701,1.3670200000000001,303,0,0
2025-06-12 06:00:00,1.3670200000000001,1.36712,1.36679,1.36691,467,0,0
2025-06-12 06:15:00,1.36694,1.36701,1.36643,1.3664399999999999,561,0,0
2025-06-12 06:30:00,1.36645,1.36649,1.36592,1.36609,634,0,0
2025-06-12 06:45:00,1.36609,1.36613,1.36584,1.36588,583,0,0
2025-06-12 07:00:00,1.36588,1.36618,1.36581,1.36611,478,0,0
2025-06-12 07:15:00,1.36611,1.36611,1.36574,1.36586,549,0,0
2025-06-12 07:30:00,1.36586,1.36587,1.3656,1.36561,272,0,0
2025-06-12 07:45:00,1.36561,1.36566,1.3655,1.36565,280,0,0
2025-06-12 08:00:00,1.36565,1.36588,1.36551,1.36565,393,0,0
2025-06-12 08:15:00,1.36565,1.36565,1.36518,1.36527,376,0,0
2025-06-12 08:30:00,1.36527,1.36532,1.36504,1.36506,480,0,0
2025-06-12 08:45:00,1.36506,1.3651200000000001,1.36479,1.36484,386,0,0
2025-06-12 09:00:00,1.36484,1.36531,1.36483,1.3651200000000001,669,0,0
2025-06-12 09:15:00,1.3651200000000001,1.3652,1.36484,1.3649499999999999,494,0,0
2025-06-12 09:30:00,1.3649499999999999,1.36497,1.36448,1.3648500000000001,550,0,0
2025-06-12 09:45:00,1.3648500000000001,1.3652,1.36473,1.3651200000000001,522,0,0
2025-06-12 10:00:00,1.3651200000000001,1.36568,1.36506,1.36568,714,0,0
2025-06-12 10:15:00,1.36568,1.36636,1.36551,1.36616,670,0,0
2025-06-12 10:30:00,1.36616,1.36734,1.36597,1.36725,601,0,0
2025-06-12 10:45:00,1.36725,1.36753,1.36621,1.36667,752,0,0
2025-06-12 11:00:00,1.36667,1.36714,1.36663,1.36677,635,0,0
2025-06-12 11:15:00,1.36677,1.3669799999999999,1.3664100000000001,1.36696,667,0,0
2025-06-12 11:30:00,1.36696,1.36719,1.36624,1.36631,690,0,0
2025-06-12 11:45:00,1.36631,1.36655,1.3656,1.36566,750,0,0
2025-06-12 12:00:00,1.36566,1.3661400000000001,1.36477,1.3648500000000001,778,0,0
2025-06-12 12:15:00,1.3648500000000001,1.3652,1.3645800000000001,1.36516,757,0,0
2025-06-12 12:30:00,1.36516,1.36544,1.365,1.36539,644,0,0
2025-06-12 12:45:00,1.36539,1.36541,1.36433,1.3649,796,0,0
2025-06-12 13:00:00,1.3649,1.36506,1.36416,1.36437,976,0,0
2025-06-12 13:15:00,1.36436,1.36437,1.3636,1.36372,908,0,0
2025-06-12 13:30:00,1.36372,1.36376,1.36333,1.36371,702,0,0
2025-06-12 13:45:00,1.36371,1.36372,1.36288,1.36358,740,0,0
2025-06-12 14:00:00,1.36358,1.36358,1.36255,1.3630200000000001,692,0,0
2025-06-12 14:15:00,1.36301,1.36321,1.36267,1.36317,607,0,0
2025-06-12 14:30:00,1.36317,1.36372,1.3627099999999999,1.36355,588,0,0
2025-06-12 14:45:00,1.36355,1.3639000000000001,1.36324,1.36365,496,0,0
2025-06-12 15:00:00,1.36365,1.36382,1.363,1.3630499999999999,720,0,0
2025-06-12 15:15:00,1.3630499999999999,1.3630499999999999,1.3624800000000001,1.36254,507,0,0
2025-06-12 15:30:00,1.36254,1.36273,1.36199,1.362,1215,0,0
2025-06-12 15:45:00,1.362,1.3625,1.36182,1.36184,785,0,0
2025-06-12 16:00:00,1.36184,1.36257,1.36145,1.36242,889,0,0
2025-06-12 16:15:00,1.36242,1.3626,1.362,1.36204,630,0,0
2025-06-12 16:30:00,1.36204,1.36257,1.36162,1.36168,1001,0,0
2025-06-12 16:45:00,1.36168,1.3627099999999999,1.36167,1.36223,918,0,0
2025-06-12 17:00:00,1.36223,1.36231,1.36148,1.36157,889,0,0
2025-06-12 17:15:00,1.36157,1.36195,1.36138,1.36142,748,0,0
2025-06-12 17:30:00,1.36142,1.36152,1.36098,1.3611,792,0,0
2025-06-12 17:45:00,1.3611,1.36147,1.36097,1.3611,856,0,0
2025-06-12 18:00:00,1.36111,1.36142,1.36102,1.36118,687,0,0
2025-06-12 18:15:00,1.36118,1.36178,1.36098,1.36169,823,0,0
2025-06-12 18:30:00,1.36169,1.36169,1.36103,1.36123,671,0,0
2025-06-12 18:45:00,1.36123,1.36203,1.36086,1.36173,618,0,0
2025-06-12 19:00:00,1.36172,1.36176,1.36094,1.36101,550,0,0
2025-06-12 19:15:00,1.36102,1.36106,1.36063,1.36066,473,0,0
2025-06-12 19:30:00,1.3606500000000001,1.36082,1.36051,1.3605800000000001,372,0,0
2025-06-12 19:45:00,1.3605800000000001,1.3612,1.3605800000000001,1.36072,513,0,0
2025-06-12 20:00:00,1.36072,1.3612600000000001,1.3606099999999999,1.36102,417,0,0
2025-06-12 20:15:00,1.36102,1.36148,1.36102,1.36114,351,0,0
2025-06-12 20:30:00,1.36114,1.36115,1.36042,1.36042,373,0,0
2025-06-12 20:45:00,1.36042,1.36044,1.36009,1.36015,270,0,0
2025-06-12 21:00:00,1.36015,1.36039,1.36013,1.3602400000000001,264,0,0
2025-06-12 21:15:00,1.3602400000000001,1.36026,1.3599700000000001,1.36014,265,0,0
2025-06-12 21:30:00,1.36014,1.36053,1.36009,1.36039,284,0,0
2025-06-12 21:45:00,1.36039,1.36051,1.36023,1.36032,247,0,0
2025-06-12 22:00:00,1.36032,1.3607,1.3603100000000001,1.36068,246,0,0
2025-06-12 22:15:00,1.36068,1.36078,1.36055,1.36063,154,0,0
2025-06-12 22:30:00,1.36063,1.36078,1.36036,1.36039,263,0,0
2025-06-12 22:45:00,1.36039,1.36082,1.36032,1.36059,272,0,0
2025-06-12 23:00:00,1.36059,1.3608,1.3605,1.36069,234,0,0
2025-06-12 23:15:00,1.36069,1.36069,1.36028,1.3603100000000001,243,0,0
2025-06-12 23:30:00,1.3603100000000001,1.3605800000000001,1.36005,1.36009,389,1,0
2025-06-12 23:45:00,1.36009,1.3608,1.36006,1.36016,405,7,0
2025-06-13 00:00:00,1.36008,1.36021,1.35979,1.36015,96,41,0
2025-06-13 00:15:00,1.36015,1.36017,1.36002,1.36008,110,62,0
2025-06-13 00:30:00,1.36008,1.36026,1.36005,1.36026,66,103,0
2025-06-13 00:45:00,1.36026,1.36026,1.36001,1.36005,91,103,0
2025-06-13 01:00:00,1.36005,1.3603,1.35984,1.36014,165,1,0
2025-06-13 01:15:00,1.36014,1.3602699999999999,1.36014,1.3602,150,1,0
2025-06-13 01:30:00,1.3602,1.36028,1.36019,1.36021,137,0,0
2025-06-13 01:45:00,1.36021,1.36038,1.36015,1.36038,173,0,0
2025-06-13 02:00:00,1.36038,1.36052,1.36007,1.3601,364,0,0
2025-06-13 02:15:00,1.3601,1.36015,1.36005,1.36007,276,0,0
2025-06-13 02:30:00,1.36008,1.36008,1.35971,1.35977,407,0,0
2025-06-13 02:45:00,1.35978,1.3599700000000001,1.35954,1.35961,371,0,0
2025-06-13 03:00:00,1.35962,1.36103,1.35925,1.3608799999999999,1739,0,0
2025-06-13 03:15:00,1.3608799999999999,1.36196,1.36056,1.36142,1602,0,0
2025-06-13 03:30:00,1.36142,1.36345,1.3612,1.36327,1439,0,0
2025-06-13 03:45:00,1.3633,1.36345,1.36228,1.3627099999999999,1494,0,0
2025-06-13 04:00:00,1.3627099999999999,1.3639999999999999,1.36258,1.3635,1332,0,0
2025-06-13 04:15:00,1.3635,1.3645100000000001,1.36346,1.36355,963,0,0
2025-06-13 04:30:00,1.36355,1.36455,1.36344,1.36354,1155,0,0
2025-06-13 04:45:00,1.36354,1.36362,1.36255,1.36287,926,0,0
2025-06-13 05:00:00,1.36288,1.36296,1.36236,1.36252,980,0,0
2025-06-13 05:15:00,1.36252,1.36266,1.36193,1.36236,1338,0,0
2025-06-13 05:30:00,1.36236,1.3630200000000001,1.36174,1.36294,1078,0,0
2025-06-13 05:45:00,1.36294,1.36294,1.36216,1.36232,1061,0,0
2025-06-13 06:00:00,1.36232,1.36346,1.3622,1.36345,853,0,0
2025-06-13 06:15:00,1.36346,1.36385,1.3630200000000001,1.36338,783,0,0
2025-06-13 06:30:00,1.36338,1.36378,1.36308,1.36315,736,0,0
2025-06-13 06:45:00,1.36315,1.36326,1.36272,1.3632,829,0,0
2025-06-13 07:00:00,1.3632,1.36374,1.36307,1.36372,589,0,0
2025-06-13 07:15:00,1.36372,1.36449,1.36367,1.36442,506,0,0
2025-06-13 07:30:00,1.36442,1.36464,1.36402,1.36432,647,0,0
2025-06-13 07:45:00,1.36432,1.36499,1.3642400000000001,1.36494,397,0,0
2025-06-13 08:00:00,1.36494,1.36517,1.36376,1.3639299999999999,822,0,0
2025-06-13 08:15:00,1.36394,1.36496,1.3639000000000001,1.36496,571,0,0
2025-06-13 08:30:00,1.36496,1.36503,1.3639700000000001,1.36471,605,0,0
2025-06-13 08:45:00,1.36471,1.36474,1.36414,1.36432,672,0,0
2025-06-13 09:00:00,1.36432,1.36444,1.3634,1.36401,911,0,0
2025-06-13 09:15:00,1.36401,1.36417,1.36368,1.36416,754,0,0
2025-06-13 09:30:00,1.36416,1.36416,1.36325,1.3639000000000001,818,0,0
2025-06-13 09:45:00,1.3639000000000001,1.36443,1.36342,1.36353,862,0,0
2025-06-13 10:00:00,1.36352,1.36353,1.3624,1.36282,1073,0,0
2025-06-13 10:15:00,1.36283,1.36342,1.36257,1.36259,1004,0,0
2025-06-13 10:30:00,1.36259,1.36259,1.36175,1.36202,769,0,0
2025-06-13 10:45:00,1.36202,1.36228,1.36191,1.36203,663,0,0
2025-06-13 11:00:00,1.36203,1.36237,1.36139,1.36145,698,0,0
2025-06-13 11:15:00,1.36145,1.36166,1.36127,1.3614600000000001,644,0,0
2025-06-13 11:30:00,1.3614600000000001,1.3620700000000001,1.36127,1.36198,744,0,0
2025-06-13 11:45:00,1.36198,1.3625099999999999,1.36145,1.36161,642,0,0
2025-06-13 12:00:00,1.36161,1.36279,1.36134,1.36277,827,0,0
2025-06-13 12:15:00,1.36277,1.36291,1.3625,1.36276,771,0,0
2025-06-13 12:30:00,1.36276,1.36298,1.3624399999999999,1.36285,561,0,0
2025-06-13 12:45:00,1.36285,1.36288,1.3624800000000001,1.36273,768,0,0
2025-06-13 13:00:00,1.36273,1.36273,1.36195,1.36198,851,0,0
2025-06-13 13:15:00,1.36198,1.36298,1.36194,1.36283,746,0,0
2025-06-13 13:30:00,1.36283,1.36391,1.36276,1.36357,767,0,0
2025-06-13 13:45:00,1.36357,1.36452,1.36355,1.36388,928,0,0
2025-06-13 14:00:00,1.36388,1.36498,1.3635,1.3649,862,0,0
2025-06-13 14:15:00,1.3649,1.36507,1.36441,1.36447,811,0,0
2025-06-13 14:30:00,1.36447,1.36453,1.36328,1.3632900000000001,661,0,0
2025-06-13 14:45:00,1.3633,1.36371,1.36304,1.3633899999999999,614,0,0
2025-06-13 15:00:00,1.3633899999999999,1.36342,1.3625,1.36258,715,0,0
2025-06-13 15:15:00,1.36258,1.36316,1.3624,1.36298,521,0,0
2025-06-13 15:30:00,1.36298,1.36322,1.3623,1.36257,610,0,0
2025-06-13 15:45:00,1.36257,1.36257,1.36138,1.36161,650,0,0
2025-06-13 16:00:00,1.36161,1.36261,1.36139,1.36243,905,0,0
2025-06-13 16:15:00,1.36243,1.36281,1.36205,1.3624100000000001,737,0,0
2025-06-13 16:30:00,1.3624100000000001,1.36326,1.36138,1.36179,1393,0,0
2025-06-13 16:45:00,1.36178,1.36219,1.3615,1.362,985,0,0
2025-06-13 17:00:00,1.36194,1.36199,1.36069,1.36076,1388,0,0
2025-06-13 17:15:00,1.36078,1.3608,1.35919,1.3592,1227,0,0
2025-06-13 17:30:00,1.3592,1.35971,1.35896,1.35903,944,0,0
2025-06-13 17:45:00,1.35903,1.35978,1.35885,1.35935,1142,0,0
2025-06-13 18:00:00,1.35935,1.35954,1.35896,1.3590499999999999,966,0,0
2025-06-13 18:15:00,1.3590499999999999,1.35906,1.35775,1.35805,885,0,0
2025-06-13 18:30:00,1.35806,1.35832,1.3574899999999999,1.3581400000000001,933,0,0
2025-06-13 18:45:00,1.3581400000000001,1.35828,1.3574899999999999,1.35765,909,0,0
2025-06-13 19:00:00,1.35765,1.35777,1.35721,1.35728,799,0,0
2025-06-13 19:15:00,1.35728,1.35735,1.35663,1.35704,633,0,0
2025-06-13 19:30:00,1.35704,1.3581400000000001,1.35681,1.35799,688,0,0
2025-06-13 19:45:00,1.358,1.3589,1.35797,1.35858,643,0,0
2025-06-13 20:00:00,1.35858,1.35897,1.35831,1.35867,690,0,0
2025-06-13 20:15:00,1.35867,1.3596300000000001,1.35862,1.35917,622,0,0
2025-06-13 20:30:00,1.35917,1.36011,1.35906,1.35954,694,0,0
2025-06-13 20:45:00,1.35954,1.35971,1.35894,1.35897,615,0,0
2025-06-13 21:00:00,1.35897,1.35971,1.35884,1.3593600000000001,820,0,0
2025-06-13 21:15:00,1.3593600000000001,1.35969,1.35916,1.35953,600,0,0
2025-06-13 21:30:00,1.35953,1.3599700000000001,1.35914,1.35994,787,0,0
2025-06-13 21:45:00,1.35994,1.35999,1.35913,1.35935,809,0,0
2025-06-13 22:00:00,1.35937,1.35979,1.35923,1.35927,758,0,0
2025-06-13 22:15:00,1.35927,1.35987,1.35923,1.3595,477,0,0
2025-06-13 22:30:00,1.3595,1.3596,1.35914,1.35946,433,0,0
2025-06-13 22:45:00,1.35946,1.3597299999999999,1.35819,1.3585,803,0,0
2025-06-13 23:00:00,1.3585,1.35893,1.35811,1.35877,711,0,0
2025-06-13 23:15:00,1.35877,1.35941,1.35864,1.35933,452,0,0
2025-06-13 23:30:00,1.35934,1.35967,1.35899,1.359,426,0,0
2025-06-13 23:45:00,1.359,1.35913,1.35784,1.35829,500,1,0
2025-06-16 00:00:00,1.35831,1.35918,1.3572899999999999,1.35883,122,39,0
2025-06-16 00:15:00,1.35883,1.35927,1.35881,1.35907,166,47,0
2025-06-16 00:30:00,1.35907,1.35941,1.35899,1.35934,203,55,0
2025-06-16 00:45:00,1.35934,1.35934,1.3590900000000001,1.3591,112,52,0
2025-06-16 01:00:00,1.3591,1.3592,1.3585,1.35898,1873,1,0
2025-06-16 01:15:00,1.35898,1.3591,1.35829,1.35886,1795,1,0
2025-06-16 01:30:00,1.35886,1.35887,1.35858,1.35859,1184,1,0
2025-06-16 01:45:00,1.35859,1.35862,1.35774,1.35827,1514,1,0
2025-06-16 02:00:00,1.35827,1.35923,1.3581400000000001,1.35918,940,1,0
2025-06-16 02:15:00,1.35918,1.35935,1.3587099999999999,1.35886,1020,1,0
2025-06-16 02:30:00,1.35886,1.35889,1.35838,1.35846,964,1,0
2025-06-16 02:45:00,1.35846,1.35859,1.3581699999999999,1.3583,824,1,0
2025-06-16 03:00:00,1.3583,1.35886,1.35809,1.35835,785,1,0
2025-06-16 03:15:00,1.35835,1.35877,1.35812,1.3585099999999999,825,1,0
2025-06-16 03:30:00,1.3585099999999999,1.3587,1.35834,1.35865,697,1,0
2025-06-16 03:45:00,1.35865,1.35911,1.35865,1.35903,772,1,0
2025-06-16 04:00:00,1.3590499999999999,1.3595,1.35891,1.35914,756,1,0
2025-06-16 04:15:00,1.35914,1.35933,1.35888,1.35922,1016,1,0
2025-06-16 04:30:00,1.35922,1.35974,1.35886,1.35951,1201,1,0
2025-06-16 04:45:00,1.35951,1.35969,1.3593,1.35949,961,1,0
2025-06-16 05:00:00,1.3595,1.35995,1.35928,1.35953,974,1,0
2025-06-16 05:15:00,1.35953,1.3596,1.35913,1.35945,1001,1,0
2025-06-16 05:30:00,1.35945,1.35986,1.35945,1.35969,775,1,0
2025-06-16 05:45:00,1.35969,1.3600400000000001,1.35945,1.36002,707,1,0
2025-06-16 06:00:00,1.36001,1.36016,1.35953,1.36002,577,1,0
2025-06-16 06:15:00,1.36002,1.3605800000000001,1.36002,1.36021,776,1,0
2025-06-16 06:30:00,1.36021,1.36054,1.36018,1.36049,660,1,0
2025-06-16 06:45:00,1.36049,1.3607,1.36047,1.3606099999999999,486,1,0
2025-06-16 07:00:00,1.3606099999999999,1.36063,1.36022,1.36051,631,1,0
2025-06-16 07:15:00,1.36051,1.3605800000000001,1.36007,1.36014,513,1,0
2025-06-16 07:30:00,1.36014,1.3602699999999999,1.36002,1.36021,547,1,0
2025-06-16 07:45:00,1.36021,1.36041,1.36009,1.36018,721,1,0
2025-06-16 08:00:00,1.36019,1.36019,1.35919,1.35948,935,1,0
2025-06-16 08:15:00,1.35948,1.35948,1.35849,1.35886,798,1,0
2025-06-16 08:30:00,1.35886,1.35886,1.35835,1.3584800000000001,809,1,0
2025-06-16 08:45:00,1.3584800000000001,1.35855,1.35792,1.35813,836,1,0
2025-06-16 09:00:00,1.35813,1.35885,1.35779,1.3584399999999999,866,1,0
2025-06-16 09:15:00,1.3584399999999999,1.3592,1.35832,1.3591,946,1,0
2025-06-16 09:30:00,1.3591,1.35925,1.3586,1.35868,770,1,0
2025-06-16 09:45:00,1.35865,1.35877,1.3578700000000001,1.35813,697,1,0
2025-06-16 10:00:00,1.3581400000000001,1.35845,1.35775,1.35818,689,1,0
2025-06-16 10:15:00,1.35818,1.3582,1.35761,1.35765,580,1,0
2025-06-16 10:30:00,1.35765,1.3578700000000001,1.35757,1.35774,664,1,0
2025-06-16 10:45:00,1.35773,1.35777,1.3572,1.35743,771,1,0
2025-06-16 11:00:00,1.35743,1.35781,1.35734,1.35736,752,1,0
2025-06-16 11:15:00,1.35736,1.3575300000000001,1.35711,1.35735,551,1,0
2025-06-16 11:30:00,1.35735,1.35751,1.3572,1.35733,560,1,0
2025-06-16 11:45:00,1.35733,1.3575,1.35698,1.35731,668,1,0
2025-06-16 12:00:00,1.35731,1.35745,1.357,1.35721,563,1,0
2025-06-16 12:15:00,1.35721,1.35732,1.35701,1.35713,517,1,0
2025-06-16 12:30:00,1.35713,1.35732,1.35699,1.35725,447,1,0
2025-06-16 12:45:00,1.35725,1.35742,1.35709,1.35712,377,1,0
2025-06-16 13:00:00,1.35712,1.35725,1.3569200000000001,1.35711,523,1,0
2025-06-16 13:15:00,1.35711,1.35736,1.35702,1.3572899999999999,426,1,0
2025-06-16 13:30:00,1.3572899999999999,1.35731,1.35653,1.35659,479,1,0
2025-06-16 13:45:00,1.35659,1.35724,1.35653,1.35712,439,1,0
2025-06-16 14:00:00,1.35712,1.35736,1.3571,1.35718,488,1,0
2025-06-16 14:15:00,1.35718,1.35734,1.35699,1.35734,469,1,0
2025-06-16 14:30:00,1.35734,1.35745,1.35717,1.3572600000000001,283,1,0
2025-06-16 14:45:00,1.3572600000000001,1.3572899999999999,1.35644,1.35662,477,1,0
2025-06-16 15:00:00,1.35662,1.3566500000000001,1.35637,1.35649,584,1,0
2025-06-16 15:15:00,1.35649,1.35652,1.35587,1.35641,494,1,0
2025-06-16 15:30:00,1.35641,1.35684,1.35616,1.35654,598,1,0
2025-06-16 15:45:00,1.35654,1.35684,1.35591,1.35596,517,1,0
2025-06-16 16:00:00,1.35596,1.35599,1.3551,1.3552,652,1,0
2025-06-16 16:15:00,1.3552,1.35521,1.35422,1.35446,656,1,0
2025-06-16 16:30:00,1.35446,1.35486,1.35399,1.3548,816,1,0
2025-06-16 16:45:00,1.3548,1.35568,1.35445,1.3550499999999999,1424,1,0
2025-06-16 17:00:00,1.3550499999999999,1.35545,1.35427,1.35465,1121,1,0
2025-06-16 17:15:00,1.35465,1.35503,1.35415,1.35456,738,1,0
2025-06-16 17:30:00,1.35456,1.35584,1.35453,1.35568,948,1,0
2025-06-16 17:45:00,1.35568,1.35615,1.35561,1.35596,946,1,0
2025-06-16 18:00:00,1.35596,1.35638,1.35554,1.35559,859,1,0
2025-06-16 18:15:00,1.35559,1.35645,1.35559,1.3560400000000001,722,1,0
2025-06-16 18:30:00,1.3560400000000001,1.35651,1.35518,1.35537,731,1,0
2025-06-16 18:45:00,1.35538,1.35618,1.35508,1.3557000000000001,883,1,0
2025-06-16 19:00:00,1.3557000000000001,1.35584,1.35531,1.3553899999999999,454,1,0
2025-06-16 19:15:00,1.3553899999999999,1.3558,1.35513,1.3555,391,1,0
2025-06-16 19:30:00,1.3555,1.35569,1.355,1.35533,406,1,0
2025-06-16 19:45:00,1.35537,1.3556,1.35517,1.3555,364,1,0
2025-06-16 20:00:00,1.3555,1.35606,1.35542,1.35595,489,1,0
2025-06-16 20:15:00,1.35595,1.35595,1.3554,1.35554,263,1,0
2025-06-16 20:30:00,1.35554,1.3559999999999999,1.35538,1.35549,395,1,0
2025-06-16 20:45:00,1.35549,1.35576,1.3554,1.35571,420,1,0
2025-06-16 21:00:00,1.35574,1.35594,1.35552,1.35567,349,1,0
2025-06-16 21:15:00,1.35567,1.3560400000000001,1.35556,1.35585,353,1,0
2025-06-16 21:30:00,1.35585,1.3561,1.35567,1.35585,369,1,0
2025-06-16 21:45:00,1.35585,1.35617,1.35585,1.35598,311,1,0
2025-06-16 22:00:00,1.35598,1.35656,1.3559700000000001,1.35649,470,1,0
2025-06-16 22:15:00,1.35649,1.35679,1.35648,1.35678,338,1,0
2025-06-16 22:30:00,1.35678,1.35721,1.35667,1.3572,402,1,0
2025-06-16 22:45:00,1.3572,1.35802,1.35706,1.35781,502,1,0
2025-06-16 23:00:00,1.35781,1.35797,1.35721,1.35737,292,1,0
2025-06-16 23:15:00,1.35737,1.35746,1.35673,1.35673,321,1,0
2025-06-16 23:30:00,1.35673,1.35696,1.35667,1.3568500000000001,200,1,0
2025-06-16 23:45:00,1.3568500000000001,1.3572,1.35678,1.357,232,7,0
2025-06-17 00:00:00,1.35698,1.35698,1.35626,1.35644,28,22,0
2025-06-17 00:15:00,1.35644,1.3567,1.35614,1.35653,31,56,0
2025-06-17 00:30:00,1.35653,1.35687,1.35653,1.35687,26,47,0
2025-06-17 00:45:00,1.35687,1.35687,1.35663,1.3566799999999999,36,39,0
2025-06-17 01:00:00,1.3566799999999999,1.35728,1.35648,1.35714,302,1,0
2025-06-17 01:15:00,1.35714,1.35723,1.3569499999999999,1.35721,195,1,0
2025-06-17 01:30:00,1.35721,1.35757,1.35716,1.35728,258,1,0
2025-06-17 01:45:00,1.35728,1.35759,1.35698,1.35714,289,1,0
2025-06-17 02:00:00,1.35714,1.35715,1.35689,1.35693,271,1,0
2025-06-17 02:15:00,1.35693,1.35704,1.35674,1.35702,241,1,0
2025-06-17 02:30:00,1.35702,1.35732,1.35694,1.3572899999999999,452,1,0
2025-06-17 02:45:00,1.3572899999999999,1.35761,1.35713,1.3574,582,1,0
2025-06-17 03:00:00,1.35736,1.35809,1.35727,1.35789,964,1,0
2025-06-17 03:15:00,1.35789,1.35808,1.3577,1.3578700000000001,844,1,0
2025-06-17 03:30:00,1.3578999999999999,1.35824,1.3578000000000001,1.35799,794,1,0
2025-06-17 03:45:00,1.35799,1.35803,1.35735,1.35762,957,1,0
2025-06-17 04:00:00,1.35759,1.35799,1.35754,1.35793,656,1,0
2025-06-17 04:15:00,1.35793,1.35801,1.35742,1.35754,840,1,0
2025-06-17 04:30:00,1.35754,1.35777,1.35734,1.35742,676,1,0
2025-06-17 04:45:00,1.35742,1.35776,1.35711,1.35774,902,1,0
2025-06-17 05:00:00,1.35774,1.35813,1.35762,1.35785,856,1,0
2025-06-17 05:15:00,1.35785,1.35806,1.35763,1.35782,687,1,0
2025-06-17 05:30:00,1.35782,1.35807,1.35769,1.35795,535,1,0
2025-06-17 05:45:00,1.35795,1.35811,1.35725,1.35732,719,1,0
2025-06-17 06:00:00,1.35732,1.35751,1.35706,1.35716,570,1,0
2025-06-17 06:15:00,1.35716,1.3575300000000001,1.35716,1.35723,616,1,0
2025-06-17 06:30:00,1.35723,1.35738,1.35698,1.3571900000000001,521,1,0
2025-06-17 06:45:00,1.3571900000000001,1.3575300000000001,1.35714,1.35738,414,1,0
2025-06-17 07:00:00,1.35739,1.3574,1.35708,1.35715,457,1,0
2025-06-17 07:15:00,1.35714,1.3572,1.3568799999999999,1.35713,327,1,0
2025-06-17 07:30:00,1.35713,1.35748,1.35711,1.35728,283,1,0
2025-06-17 07:45:00,1.35728,1.35738,1.35715,1.35728,362,1,0
2025-06-17 08:00:00,1.35728,1.35748,1.35721,1.35727,311,1,0
2025-06-17 08:15:00,1.35727,1.35781,1.35715,1.35745,509,1,0
2025-06-17 08:30:00,1.35745,1.35767,1.35728,1.35751,369,1,0
2025-06-17 08:45:00,1.35751,1.35791,1.3575,1.35771,469,1,0
2025-06-17 09:00:00,1.35771,1.35801,1.35762,1.35774,564,1,0
2025-06-17 09:15:00,1.35773,1.3578700000000001,1.35734,1.35765,713,1,0
2025-06-17 09:30:00,1.35765,1.35786,1.35746,1.35772,760,1,0
2025-06-17 09:45:00,1.35772,1.35832,1.35731,1.35813,678,1,0
2025-06-17 10:00:00,1.35813,1.35816,1.3576,1.35786,719,1,0
2025-06-17 10:15:00,1.35786,1.35801,1.3575599999999999,1.3575599999999999,566,1,0
2025-06-17 10:30:00,1.3575599999999999,1.35796,1.3574899999999999,1.3574899999999999,520,1,0
2025-06-17 10:45:00,1.3575,1.35757,1.35673,1.35704,529,1,0
2025-06-17 11:00:00,1.35704,1.35724,1.35674,1.35678,446,1,0
2025-06-17 11:15:00,1.35679,1.3568799999999999,1.35643,1.35654,497,1,0
2025-06-17 11:30:00,1.35654,1.3569200000000001,1.3563399999999999,1.35687,501,1,0
2025-06-17 11:45:00,1.35687,1.35706,1.35681,1.35696,560,1,0
2025-06-17 12:00:00,1.3569499999999999,1.35704,1.35651,1.3569200000000001,804,1,0
2025-06-17 12:15:00,1.3569200000000001,1.35727,1.35681,1.35689,599,1,0
2025-06-17 12:30:00,1.35689,1.357,1.35671,1.35678,539,1,0
2025-06-17 12:45:00,1.35678,1.3569,1.3563,1.35639,593,1,0
2025-06-17 13:00:00,1.35639,1.35669,1.3563100000000001,1.35642,590,1,0
2025-06-17 13:15:00,1.35642,1.3565,1.35612,1.35622,473,1,0
2025-06-17 13:30:00,1.35622,1.3563100000000001,1.35565,1.35612,497,1,0
2025-06-17 13:45:00,1.35613,1.35653,1.35582,1.35649,605,1,0
2025-06-17 14:00:00,1.35649,1.3566099999999999,1.35592,1.35605,562,1,0
2025-06-17 14:15:00,1.35605,1.35633,1.35594,1.35625,538,1,0
2025-06-17 14:30:00,1.35625,1.35633,1.35599,1.35603,574,1,0
2025-06-17 14:45:00,1.35603,1.3566500000000001,1.3559700000000001,1.3562,458,1,0
2025-06-17 15:00:00,1.3562,1.35635,1.35596,1.35633,498,1,0
2025-06-17 15:15:00,1.35633,1.35643,1.3558,1.35616,488,1,0
2025-06-17 15:30:00,1.35617,1.35662,1.35591,1.35653,811,1,0
2025-06-17 15:45:00,1.35653,1.35836,1.3565,1.35828,901,1,0
2025-06-17 16:00:00,1.35828,1.3584399999999999,1.35763,1.3582,757,1,0
2025-06-17 16:15:00,1.35819,1.35831,1.35742,1.35784,633,1,0
2025-06-17 16:30:00,1.3578299999999999,1.35888,1.3578000000000001,1.35837,1026,1,0
2025-06-17 16:45:00,1.35837,1.35854,1.35796,1.35824,764,1,0
2025-06-17 17:00:00,1.35824,1.35868,1.35792,1.35818,801,1,0
2025-06-17 17:15:00,1.35818,1.35938,1.35818,1.35907,898,1,0
2025-06-17 17:30:00,1.35907,1.36003,1.35907,1.35989,1014,1,0
2025-06-17 17:45:00,1.35989,1.35989,1.3587799999999999,1.35927,927,1,0
2025-06-17 18:00:00,1.35927,1.35947,1.3589,1.35897,860,1,0
2025-06-17 18:15:00,1.35898,1.35965,1.35867,1.35964,685,1,0
2025-06-17 18:30:00,1.3596300000000001,1.3596599999999999,1.35903,1.35925,673,1,0
2025-06-17 18:45:00,1.35925,1.35934,1.35881,1.35883,492,1,0
2025-06-17 19:00:00,1.35883,1.35917,1.35842,1.35872,524,1,0
2025-06-17 19:15:00,1.35874,1.35961,1.3585099999999999,1.35957,478,1,0
2025-06-17 19:30:00,1.35957,1.35977,1.35935,1.35954,452,1,0
2025-06-17 19:45:00,1.35953,1.36202,1.35944,1.36135,933,1,0
2025-06-17 20:00:00,1.36135,1.36166,1.3609499999999999,1.3614899999999999,602,1,0
2025-06-17 20:15:00,1.3614899999999999,1.362,1.36138,1.36172,762,1,0
2025-06-17 20:30:00,1.36172,1.36274,1.3611900000000001,1.3627,615,1,0
2025-06-17 20:45:00,1.3627,1.36352,1.36258,1.36306,873,1,0
2025-06-17 21:00:00,1.36306,1.36352,1.36286,1.36348,615,1,0
2025-06-17 21:15:00,1.36348,1.36426,1.36316,1.36423,601,1,0
2025-06-17 21:30:00,1.36423,1.36435,1.36333,1.36406,637,1,0
2025-06-17 21:45:00,1.36406,1.3653,1.36405,1.36447,733,1,0
2025-06-17 22:00:00,1.36447,1.36466,1.36408,1.36423,594,1,0
2025-06-17 22:15:00,1.36423,1.3643100000000001,1.36371,1.3643,540,1,0
2025-06-17 22:30:00,1.3643,1.36439,1.36395,1.36398,530,1,0
2025-06-17 22:45:00,1.36398,1.36476,1.36376,1.36464,563,1,0
2025-06-17 23:00:00,1.36464,1.36663,1.3645399999999999,1.36634,556,1,0
2025-06-17 23:15:00,1.36634,1.3673600000000001,1.366,1.36638,880,1,0
2025-06-17 23:30:00,1.36638,1.3693,1.36631,1.36918,696,1,0
2025-06-17 23:45:00,1.36918,1.36931,1.36632,1.36749,715,7,0
2025-06-18 00:00:00,1.36741,1.36741,1.36524,1.36541,238,77,0
2025-06-18 00:15:00,1.36541,1.36749,1.36503,1.36748,190,43,0
2025-06-18 00:30:00,1.36748,1.36769,1.36746,1.3676300000000001,55,35,0
2025-06-18 00:45:00,1.3676300000000001,1.36789,1.36745,1.36745,60,42,0
2025-06-18 01:00:00,1.36745,1.36789,1.36737,1.36746,176,1,0
2025-06-18 01:15:00,1.36746,1.36794,1.36723,1.36792,314,1,0
2025-06-18 01:30:00,1.36792,1.3689200000000001,1.3679000000000001,1.36873,325,1,0
2025-06-18 01:45:00,1.36873,1.3689200000000001,1.36863,1.36877,338,1,0
2025-06-18 02:00:00,1.36877,1.36886,1.36855,1.36859,408,1,0
2025-06-18 02:15:00,1.36859,1.36887,1.36847,1.36857,370,1,0
2025-06-18 02:30:00,1.36857,1.3691499999999999,1.36855,1.36897,387,1,0
2025-06-18 02:45:00,1.36897,1.36897,1.3683100000000001,1.36841,512,1,0
2025-06-18 03:00:00,1.36841,1.36841,1.3675,1.36758,891,1,0
2025-06-18 03:15:00,1.36758,1.36803,1.36745,1.36758,724,1,0
2025-06-18 03:30:00,1.36758,1.3675899999999999,1.36693,1.3670499999999999,835,1,0
2025-06-18 03:45:00,1.3670499999999999,1.36771,1.36689,1.36762,827,1,0
2025-06-18 04:00:00,1.36762,1.3678,1.36714,1.3676300000000001,1149,1,0
2025-06-18 04:15:00,1.3676300000000001,1.3676599999999999,1.36695,1.36703,922,1,0
2025-06-18 04:30:00,1.36703,1.36728,1.36683,1.36724,662,1,0
2025-06-18 04:45:00,1.36724,1.36746,1.36695,1.36715,668,1,0
2025-06-18 05:00:00,1.36715,1.36745,1.36708,1.36721,757,1,0
2025-06-18 05:15:00,1.36726,1.36731,1.36666,1.3666800000000001,644,1,0
2025-06-18 05:30:00,1.3666800000000001,1.36741,1.36667,1.36683,635,1,0
2025-06-18 05:45:00,1.36683,1.3671,1.36665,1.36681,564,1,0
2025-06-18 06:00:00,1.36682,1.36683,1.36638,1.3664,609,1,0
2025-06-18 06:15:00,1.36639,1.36663,1.36619,1.36643,368,1,0
2025-06-18 06:30:00,1.36643,1.3666,1.36633,1.3663699999999999,299,1,0
2025-06-18 06:45:00,1.3663699999999999,1.36655,1.36615,1.36643,464,1,0
2025-06-18 07:00:00,1.36643,1.36685,1.3664,1.3667099999999999,540,1,0
2025-06-18 07:15:00,1.3667,1.36684,1.36658,1.36665,422,1,0
2025-06-18 07:30:00,1.36665,1.36667,1.36628,1.36631,587,1,0
2025-06-18 07:45:00,1.36631,1.36636,1.36572,1.36584,626,1,0
2025-06-18 08:00:00,1.36584,1.36616,1.36564,1.36611,501,1,0
2025-06-18 08:15:00,1.36611,1.3662,1.36595,1.36595,474,1,0
2025-06-18 08:30:00,1.36595,1.36596,1.36554,1.36555,583,1,0
2025-06-18 08:45:00,1.36554,1.36611,1.3655300000000001,1.36577,591,1,0
2025-06-18 09:00:00,1.36577,1.36621,1.3655599999999999,1.3657599999999999,614,1,0
2025-06-18 09:15:00,1.3657599999999999,1.36604,1.3655,1.36561,737,1,0
2025-06-18 09:30:00,1.36561,1.36593,1.36538,1.36582,636,1,0
2025-06-18 09:45:00,1.36582,1.36611,1.36564,1.36597,689,1,0
2025-06-18 10:00:00,1.36597,1.36598,1.36513,1.36581,622,1,0
2025-06-18 10:15:00,1.36581,1.36623,1.36574,1.36611,518,1,0
2025-06-18 10:30:00,1.36611,1.3665,1.36582,1.3664399999999999,432,1,0
2025-06-18 10:45:00,1.3664399999999999,1.36654,1.3660999999999999,1.36612,503,1,0
2025-06-18 11:00:00,1.36612,1.36643,1.36596,1.36642,567,1,0
2025-06-18 11:15:00,1.36642,1.3672,1.36639,1.36689,529,1,0
2025-06-18 11:30:00,1.36689,1.36697,1.36658,1.36676,536,1,0
2025-06-18 11:45:00,1.36676,1.36699,1.36632,1.36663,518,1,0
2025-06-18 12:00:00,1.36663,1.36679,1.36657,1.36669,482,1,0
2025-06-18 12:15:00,1.36669,1.3667799999999999,1.36643,1.36652,391,1,0
2025-06-18 12:30:00,1.36652,1.36688,1.36643,1.3667,335,1,0
2025-06-18 12:45:00,1.3667,1.36704,1.3663699999999999,1.36643,470,1,0
2025-06-18 13:00:00,1.36643,1.3666,1.36626,1.36654,627,1,0
2025-06-18 13:15:00,1.36654,1.36659,1.36603,1.3662,506,1,0
2025-06-18 13:30:00,1.36619,1.36651,1.36598,1.36621,604,1,0
2025-06-18 13:45:00,1.36621,1.36693,1.36621,1.3668,516,1,0
2025-06-18 14:00:00,1.3668,1.36693,1.36613,1.36619,460,1,0
2025-06-18 14:15:00,1.36619,1.36658,1.3660700000000001,1.3664399999999999,426,1,0
2025-06-18 14:30:00,1.3664399999999999,1.36654,1.36593,1.36622,460,1,0
2025-06-18 14:45:00,1.36622,1.36622,1.3657,1.36595,279,1,0
2025-06-18 15:00:00,1.36595,1.36622,1.36503,1.36508,562,1,0
2025-06-18 15:15:00,1.36508,1.36509,1.3641,1.36412,515,1,0
2025-06-18 15:30:00,1.36408,1.36464,1.36344,1.3642,786,1,0
2025-06-18 15:45:00,1.3642,1.36483,1.3639700000000001,1.36472,800,1,0
2025-06-18 16:00:00,1.36472,1.36543,1.36449,1.3654,639,1,0
2025-06-18 16:15:00,1.3654,1.36585,1.36501,1.36507,567,1,0
2025-06-18 16:30:00,1.36507,1.36756,1.36501,1.3666,1240,1,0
2025-06-18 16:45:00,1.3666,1.3666,1.36605,1.36643,1015,1,0
2025-06-18 17:00:00,1.36643,1.36658,1.36481,1.36577,1574,1,0
2025-06-18 17:15:00,1.36577,1.36845,1.3657,1.36836,1475,1,0
2025-06-18 17:30:00,1.36836,1.36894,1.36781,1.36864,1014,1,0
2025-06-18 17:45:00,1.36864,1.36898,1.36844,1.3689200000000001,886,1,0
2025-06-18 18:00:00,1.3689200000000001,1.3691,1.36809,1.3688500000000001,721,1,0
2025-06-18 18:15:00,1.36887,1.36959,1.36829,1.3683100000000001,766,1,0
2025-06-18 18:30:00,1.3683100000000001,1.3685100000000001,1.3675,1.36771,733,1,0
2025-06-18 18:45:00,1.36771,1.36877,1.36695,1.36852,992,1,0
2025-06-18 19:00:00,1.36852,1.36852,1.36654,1.36684,705,1,0
2025-06-18 19:15:00,1.36685,1.3676300000000001,1.36684,1.36743,375,1,0
2025-06-18 19:30:00,1.36743,1.3678,1.36714,1.36757,480,1,0
2025-06-18 19:45:00,1.36757,1.3679999999999999,1.3675,1.36765,542,1,0
2025-06-18 20:00:00,1.36767,1.36777,1.36696,1.36701,392,1,0
2025-06-18 20:15:00,1.36701,1.36777,1.36697,1.36764,337,1,0
2025-06-18 20:30:00,1.36764,1.36844,1.3676,1.36817,450,1,0
2025-06-18 20:45:00,1.36817,1.36852,1.3678,1.36791,708,1,0
2025-06-18 21:00:00,1.36786,1.36795,1.36538,1.36602,2153,1,0
2025-06-18 21:15:00,1.36602,1.36708,1.36568,1.36665,1468,1,0
2025-06-18 21:30:00,1.36661,1.36745,1.36632,1.36699,1381,1,0
2025-06-18 21:45:00,1.3670200000000001,1.36957,1.367,1.36948,1644,1,0
2025-06-18 22:00:00,1.36947,1.37006,1.36865,1.36871,1755,1,0
2025-06-18 22:15:00,1.36871,1.37028,1.36862,1.37004,1360,1,0
2025-06-18 22:30:00,1.37004,1.3701400000000001,1.36862,1.36933,863,1,0
2025-06-18 22:45:00,1.36934,1.37008,1.36887,1.37002,839,1,0
2025-06-18 23:00:00,1.37002,1.37033,1.36945,1.36963,380,1,0
2025-06-18 23:15:00,1.36963,1.36969,1.36895,1.3694600000000001,393,1,0
2025-06-18 23:30:00,1.3694600000000001,1.36957,1.36906,1.36937,512,1,0
2025-06-18 23:45:00,1.36938,1.36941,1.36889,1.36928,484,9,0
2025-06-19 00:00:00,1.36914,1.36914,1.36811,1.3685800000000001,65,55,0
2025-06-19 00:15:00,1.3685800000000001,1.36864,1.36818,1.36856,55,62,0
2025-06-19 00:30:00,1.36856,1.36864,1.36804,1.36823,110,64,0
2025-06-19 00:45:00,1.36823,1.36897,1.36823,1.36848,65,86,0
2025-06-19 01:00:00,1.36848,1.3695300000000001,1.36848,1.36937,152,1,0
2025-06-19 01:15:00,1.36937,1.36937,1.36904,1.36908,312,1,0
2025-06-19 01:30:00,1.36908,1.36938,1.36906,1.36923,159,1,0
2025-06-19 01:45:00,1.36923,1.36969,1.36914,1.36933,225,1,0
2025-06-19 02:00:00,1.36933,1.36966,1.3692,1.3694,508,1,0
2025-06-19 02:15:00,1.3694,1.36981,1.36936,1.36978,514,1,0
2025-06-19 02:30:00,1.36978,1.3698299999999999,1.3695,1.36964,532,1,0
2025-06-19 02:45:00,1.36964,1.36979,1.36948,1.36966,410,1,0
2025-06-19 03:00:00,1.36966,1.36988,1.3694899999999999,1.3698299999999999,1030,1,0
2025-06-19 03:15:00,1.3698299999999999,1.36998,1.36969,1.3697,839,1,0
2025-06-19 03:30:00,1.3697,1.36999,1.36966,1.3699,655,1,0
2025-06-19 03:45:00,1.3699,1.3700999999999999,1.36985,1.37008,594,1,0
2025-06-19 04:00:00,1.37008,1.3709799999999999,1.37005,1.3703699999999999,1189,1,0
2025-06-19 04:15:00,1.37038,1.37057,1.37008,1.37039,602,1,0
2025-06-19 04:30:00,1.37039,1.37072,1.37013,1.37063,809,1,0
2025-06-19 04:45:00,1.37062,1.37141,1.37054,1.37135,759,1,0
2025-06-19 05:00:00,1.37135,1.37143,1.37111,1.3713899999999999,740,1,0
2025-06-19 05:15:00,1.3713899999999999,1.37194,1.3712,1.37194,413,1,0
2025-06-19 05:30:00,1.37194,1.37218,1.37147,1.37148,471,1,0
2025-06-19 05:45:00,1.37148,1.37178,1.37146,1.37168,344,1,0
2025-06-19 06:00:00,1.37168,1.37169,1.37125,1.37128,643,1,0
2025-06-19 06:15:00,1.37128,1.37151,1.37115,1.37121,677,1,0
2025-06-19 06:30:00,1.37121,1.37127,1.37099,1.37117,529,1,0
2025-06-19 06:45:00,1.37117,1.3712900000000001,1.37091,1.37111,736,1,0
2025-06-19 07:00:00,1.37111,1.37115,1.3707099999999999,1.3707500000000001,850,1,0
2025-06-19 07:15:00,1.3707500000000001,1.3710200000000001,1.37074,1.3709,505,1,0
2025-06-19 07:30:00,1.3709,1.37116,1.3707799999999999,1.3708,483,1,0
2025-06-19 07:45:00,1.3708,1.37092,1.3707099999999999,1.37076,502,1,0
2025-06-19 08:00:00,1.37076,1.37145,1.37073,1.3714,639,1,0
2025-06-19 08:15:00,1.3714,1.37141,1.37108,1.3712900000000001,585,1,0
2025-06-19 08:30:00,1.3712900000000001,1.37142,1.371,1.37138,520,1,0
2025-06-19 08:45:00,1.37138,1.37247,1.37137,1.37191,657,1,0
2025-06-19 09:00:00,1.37191,1.37256,1.37191,1.37237,756,1,0
2025-06-19 09:15:00,1.37237,1.37277,1.3722400000000001,1.37269,781,1,0
2025-06-19 09:30:00,1.37269,1.37302,1.3722699999999999,1.37228,607,1,0
2025-06-19 09:45:00,1.37228,1.3724,1.37181,1.37194,535,1,0
2025-06-19 10:00:00,1.37194,1.3723,1.37182,1.37223,721,1,0
2025-06-19 10:15:00,1.37223,1.37223,1.37138,1.37148,533,1,0
2025-06-19 10:30:00,1.37149,1.37202,1.3712900000000001,1.37191,734,1,0
2025-06-19 10:45:00,1.37191,1.3726,1.37183,1.37239,741,1,0
2025-06-19 11:00:00,1.37239,1.37262,1.3716,1.37171,717,1,0
2025-06-19 11:15:00,1.37171,1.37175,1.37091,1.37107,786,1,0
2025-06-19 11:30:00,1.37107,1.37142,1.3709799999999999,1.3713,612,1,0
2025-06-19 11:45:00,1.3713,1.3713899999999999,1.3707,1.37085,650,1,0
2025-06-19 12:00:00,1.37085,1.3713600000000001,1.37058,1.37094,635,1,0
2025-06-19 12:15:00,1.37094,1.37117,1.37089,1.37096,600,1,0
2025-06-19 12:30:00,1.37096,1.37147,1.37087,1.37127,466,1,0
2025-06-19 12:45:00,1.37127,1.37148,1.3709799999999999,1.37134,353,1,0
2025-06-19 13:00:00,1.37134,1.37145,1.37115,1.37117,406,1,0
2025-06-19 13:15:00,1.37117,1.3712900000000001,1.37081,1.37099,429,1,0
2025-06-19 13:30:00,1.37099,1.37133,1.37096,1.3710200000000001,390,1,0
2025-06-19 13:45:00,1.3710200000000001,1.37146,1.3709,1.3712900000000001,565,1,0
2025-06-19 14:00:00,1.3713,1.3716300000000001,1.37122,1.37131,437,1,0
2025-06-19 14:15:00,1.37131,1.37137,1.37047,1.37054,639,1,0
2025-06-19 14:30:00,1.37054,1.37106,1.3703,1.37067,342,1,0
2025-06-19 14:45:00,1.37067,1.37093,1.37054,1.3707099999999999,387,1,0
2025-06-19 15:00:00,1.3707099999999999,1.3712900000000001,1.37036,1.37099,521,1,0
2025-06-19 15:15:00,1.37099,1.37165,1.37087,1.37158,363,1,0
2025-06-19 15:30:00,1.37158,1.37211,1.37116,1.37185,515,1,0
2025-06-19 15:45:00,1.37185,1.3721999999999999,1.37164,1.37184,578,1,0
2025-06-19 16:00:00,1.37182,1.37236,1.37161,1.37165,511,1,0
2025-06-19 16:15:00,1.37165,1.37192,1.37117,1.37182,503,1,0
2025-06-19 16:30:00,1.37182,1.37277,1.37162,1.37262,614,1,0
2025-06-19 16:45:00,1.37262,1.37279,1.37218,1.37264,811,1,0
2025-06-19 17:00:00,1.37263,1.3735,1.37245,1.37343,758,1,0
2025-06-19 17:15:00,1.37343,1.37463,1.37321,1.37458,712,1,0
2025-06-19 17:30:00,1.37457,1.37462,1.37331,1.37353,858,1,0
2025-06-19 17:45:00,1.37352,1.37433,1.37345,1.37392,861,1,0
2025-06-19 18:00:00,1.37392,1.37411,1.37314,1.37332,817,1,0
2025-06-19 18:15:00,1.37332,1.37367,1.37317,1.37366,398,1,0
2025-06-19 18:30:00,1.37366,1.37387,1.37341,1.37341,266,1,0
2025-06-19 18:45:00,1.37341,1.3740700000000001,1.37336,1.37369,433,1,0
2025-06-19 19:00:00,1.37369,1.37408,1.37343,1.3736,313,1,0
2025-06-19 19:15:00,1.3736,1.37362,1.37334,1.37354,253,1,0
2025-06-19 19:30:00,1.37354,1.37366,1.37283,1.3728500000000001,208,1,0
2025-06-19 19:45:00,1.3728500000000001,1.37321,1.37284,1.37316,202,1,0
2025-06-19 20:00:00,1.37316,1.37316,1.37256,1.37257,154,1,0
2025-06-19 20:15:00,1.37257,1.37318,1.37257,1.37307,278,1,0
2025-06-19 20:30:00,1.37307,1.37314,1.37223,1.37228,432,1,0
2025-06-19 20:45:00,1.37228,1.37229,1.3715899999999999,1.37177,321,1,0
2025-06-19 21:00:00,1.37177,1.3721,1.3715,1.3715600000000001,318,1,0
2025-06-19 21:15:00,1.3715600000000001,1.37172,1.37128,1.3712900000000001,396,1,0
2025-06-19 21:30:00,1.3712900000000001,1.3713,1.37106,1.37124,193,1,0
2025-06-19 21:45:00,1.37124,1.3713600000000001,1.37114,1.37134,227,1,0
2025-06-19 22:00:00,1.37134,1.37146,1.37114,1.37126,244,1,0
2025-06-19 22:15:00,1.37126,1.37126,1.37074,1.37079,258,1,0
2025-06-19 22:30:00,1.37079,1.37079,1.37011,1.37022,244,1,0
2025-06-19 22:45:00,1.37022,1.3704100000000001,1.36967,1.36989,364,1,0
2025-06-19 23:00:00,1.36989,1.37061,1.36979,1.37059,240,1,0
2025-06-19 23:15:00,1.37059,1.37059,1.37006,1.37016,248,1,0
2025-06-19 23:30:00,1.3701699999999999,1.37028,1.36997,1.37022,344,1,0
2025-06-19 23:45:00,1.37022,1.37022,1.3697599999999999,1.36997,321,10,0
2025-06-20 00:00:00,1.36988,1.37039,1.36952,1.36967,67,42,0
2025-06-20 00:15:00,1.36967,1.37005,1.36967,1.37005,75,141,0
2025-06-20 00:30:00,1.37005,1.37024,1.3699,1.37006,130,71,0
2025-06-20 00:45:00,1.37006,1.37006,1.3695300000000001,1.36966,73,71,0
2025-06-20 01:00:00,1.36966,1.37021,1.3696,1.37012,178,1,0
2025-06-20 01:15:00,1.37012,1.37032,1.37008,1.37025,184,1,0
2025-06-20 01:30:00,1.37025,1.37032,1.36994,1.37009,300,1,0
2025-06-20 01:45:00,1.37009,1.37011,1.36989,1.36998,300,1,0
2025-06-20 02:00:00,1.36998,1.37003,1.36979,1.36985,530,1,0
2025-06-20 02:15:00,1.36985,1.36989,1.36941,1.36978,452,1,0
2025-06-20 02:30:00,1.36979,1.36996,1.36955,1.36972,413,1,0
2025-06-20 02:45:00,1.36972,1.36986,1.3695300000000001,1.3695599999999999,623,1,0
2025-06-20 03:00:00,1.3695599999999999,1.36967,1.36874,1.36882,974,1,0
2025-06-20 03:15:00,1.36882,1.36965,1.36879,1.36934,771,1,0
2025-06-20 03:30:00,1.36933,1.36945,1.36908,1.36909,702,1,0
2025-06-20 03:45:00,1.36909,1.3691900000000001,1.36891,1.36914,902,1,0
2025-06-20 04:00:00,1.36914,1.36993,1.369,1.36972,1042,1,0
2025-06-20 04:15:00,1.36972,1.3697300000000001,1.36924,1.3694600000000001,962,1,0
2025-06-20 04:30:00,1.3694600000000001,1.36986,1.36944,1.36966,760,1,0
2025-06-20 04:45:00,1.36966,1.37002,1.36937,1.37001,727,1,0
2025-06-20 05:00:00,1.37001,1.3701400000000001,1.36965,1.37002,826,1,0
2025-06-20 05:15:00,1.37002,1.37024,1.36962,1.36974,621,1,0
2025-06-20 05:30:00,1.36972,1.36974,1.36948,1.3695,553,1,0
2025-06-20 05:45:00,1.3695300000000001,1.36975,1.36945,1.36972,410,1,0
2025-06-20 06:00:00,1.36972,1.36986,1.36918,1.3692199999999999,546,1,0
2025-06-20 06:15:00,1.3692199999999999,1.36929,1.36898,1.3692199999999999,662,1,0
2025-06-20 06:30:00,1.3692199999999999,1.36927,1.36899,1.3691900000000001,664,1,0
2025-06-20 06:45:00,1.3691900000000001,1.36927,1.36899,1.3691200000000001,544,1,0
2025-06-20 07:00:00,1.3691200000000001,1.36921,1.36886,1.36893,372,1,0
2025-06-20 07:15:00,1.36893,1.36924,1.3688799999999999,1.36921,291,1,0
2025-06-20 07:30:00,1.36921,1.36926,1.36906,1.3692,441,1,0
2025-06-20 07:45:00,1.3692,1.3692,1.36896,1.36907,347,1,0
2025-06-20 08:00:00,1.36907,1.36928,1.36897,1.36928,265,1,0
2025-06-20 08:15:00,1.36928,1.36984,1.3691200000000001,1.3697300000000001,516,1,0
2025-06-20 08:30:00,1.3697300000000001,1.36986,1.3694600000000001,1.36968,434,1,0
2025-06-20 08:45:00,1.36968,1.36969,1.36937,1.36942,817,1,0
2025-06-20 09:00:00,1.36941,1.36987,1.36941,1.36958,741,1,0
2025-06-20 09:15:00,1.36958,1.37027,1.36958,1.37021,614,1,0
2025-06-20 09:30:00,1.37021,1.37054,1.3701400000000001,1.37025,408,1,0
2025-06-20 09:45:00,1.37025,1.37069,1.37018,1.37067,448,1,0
2025-06-20 10:00:00,1.37067,1.37106,1.37067,1.3707099999999999,723,1,0
2025-06-20 10:15:00,1.3707099999999999,1.3709,1.3704,1.37056,519,1,0
2025-06-20 10:30:00,1.37056,1.37072,1.37023,1.37059,583,1,0
2025-06-20 10:45:00,1.37059,1.37069,1.37021,1.37049,445,1,0
2025-06-20 11:00:00,1.37048,1.37048,1.36991,1.36994,521,1,0
2025-06-20 11:15:00,1.36994,1.37029,1.36987,1.36995,486,1,0
2025-06-20 11:30:00,1.36995,1.3703400000000001,1.3696,1.36962,600,1,0
2025-06-20 11:45:00,1.36962,1.36984,1.36944,1.3697,478,1,0
2025-06-20 12:00:00,1.36971,1.3698299999999999,1.36932,1.36955,368,1,0
2025-06-20 12:15:00,1.36955,1.36972,1.3694,1.36969,403,1,0
2025-06-20 12:30:00,1.36969,1.36984,1.36951,1.3695300000000001,425,1,0
2025-06-20 12:45:00,1.3695300000000001,1.36962,1.36934,1.3695,352,1,0
2025-06-20 13:00:00,1.3695,1.36982,1.3692199999999999,1.36924,432,1,0
2025-06-20 13:15:00,1.36924,1.36964,1.36923,1.36963,357,1,0
2025-06-20 13:30:00,1.36963,1.37002,1.36963,1.3699,433,1,0
2025-06-20 13:45:00,1.3699,1.37032,1.36984,1.3703,382,1,0
2025-06-20 14:00:00,1.3703,1.3706,1.3702,1.3704,360,1,0
2025-06-20 14:15:00,1.37039,1.37074,1.3701699999999999,1.37066,274,1,0
2025-06-20 14:30:00,1.37066,1.37114,1.37066,1.3709799999999999,259,1,0
2025-06-20 14:45:00,1.371,1.3710499999999999,1.37012,1.37057,757,1,0
2025-06-20 15:00:00,1.37057,1.37164,1.37057,1.3712900000000001,675,1,0
2025-06-20 15:15:00,1.3712900000000001,1.37153,1.37074,1.37109,435,1,0
2025-06-20 15:30:00,1.3710499999999999,1.37189,1.37057,1.37144,1028,1,0
2025-06-20 15:45:00,1.37144,1.37238,1.37138,1.37188,909,1,0
2025-06-20 16:00:00,1.37183,1.37229,1.37162,1.37199,694,1,0
2025-06-20 16:15:00,1.3719999999999999,1.37215,1.3716599999999999,1.37179,478,1,0
2025-06-20 16:30:00,1.37179,1.37234,1.37123,1.3721,892,1,0
2025-06-20 16:45:00,1.37208,1.3731499999999999,1.37198,1.3731499999999999,732,1,0
2025-06-20 17:00:00,1.3731499999999999,1.37377,1.37253,1.37264,753,1,0
2025-06-20 17:15:00,1.37264,1.37327,1.37253,1.37283,757,1,0
2025-06-20 17:30:00,1.37283,1.37382,1.37283,1.37367,814,1,0
2025-06-20 17:45:00,1.37368,1.37395,1.37274,1.37291,1211,1,0
2025-06-20 18:00:00,1.37291,1.37356,1.37257,1.3734899999999999,969,1,0
2025-06-20 18:15:00,1.3734899999999999,1.3735,1.37293,1.37344,613,1,0
2025-06-20 18:30:00,1.37344,1.37446,1.37338,1.37433,772,1,0
2025-06-20 18:45:00,1.37433,1.37467,1.37364,1.37394,668,1,0
2025-06-20 19:00:00,1.37394,1.37414,1.37305,1.37313,711,1,0
2025-06-20 19:15:00,1.37313,1.3734899999999999,1.37292,1.3731200000000001,497,1,0
2025-06-20 19:30:00,1.37314,1.37334,1.37277,1.3731200000000001,585,1,0
2025-06-20 19:45:00,1.3731200000000001,1.37313,1.37276,1.373,540,1,0
2025-06-20 20:00:00,1.373,1.37332,1.37277,1.3733,548,1,0
2025-06-20 20:15:00,1.3733,1.37339,1.37298,1.37331,456,1,0
2025-06-20 20:30:00,1.37331,1.37339,1.37291,1.37334,589,1,0
2025-06-20 20:45:00,1.37334,1.37339,1.37262,1.37264,481,1,0
2025-06-20 21:00:00,1.37264,1.37299,1.37263,1.37267,536,1,0
2025-06-20 21:15:00,1.37267,1.3727800000000001,1.37199,1.37226,445,1,0
2025-06-20 21:30:00,1.37226,1.3725399999999999,1.37213,1.37249,332,1,0
2025-06-20 21:45:00,1.37249,1.37304,1.37232,1.3728500000000001,557,1,0
2025-06-20 22:00:00,1.3728500000000001,1.37301,1.37246,1.3725,440,1,0
2025-06-20 22:15:00,1.3725,1.3728799999999999,1.37248,1.37284,425,1,0
2025-06-20 22:30:00,1.37284,1.37336,1.37277,1.37335,435,1,0
2025-06-20 22:45:00,1.37335,1.37418,1.37326,1.3740700000000001,555,1,0
2025-06-20 23:00:00,1.3740700000000001,1.37446,1.37371,1.37395,375,1,0
2025-06-20 23:15:00,1.37395,1.3744,1.37395,1.3743,322,1,0
2025-06-20 23:30:00,1.3743,1.37465,1.3743,1.37457,218,1,0
2025-06-20 23:45:00,1.37457,1.37466,1.37291,1.37324,265,13,0
2025-06-23 00:00:00,1.37478,1.37521,1.3737599999999999,1.37504,148,100,0
2025-06-23 00:15:00,1.37504,1.37558,1.37392,1.374,178,98,0
2025-06-23 00:30:00,1.374,1.37521,1.374,1.37515,118,111,0
2025-06-23 00:45:00,1.37515,1.37524,1.37401,1.37469,682,126,0
2025-06-23 01:00:00,1.37469,1.3755899999999999,1.37369,1.37447,1141,1,0
2025-06-23 01:15:00,1.37447,1.37513,1.37424,1.37511,558,1,0
2025-06-23 01:30:00,1.37511,1.37511,1.3743400000000001,1.37442,510,1,0
2025-06-23 01:45:00,1.37442,1.37488,1.37442,1.37449,649,1,0
2025-06-23 02:00:00,1.37449,1.37487,1.37424,1.37465,868,1,0
2025-06-23 02:15:00,1.37465,1.37466,1.3742,1.37435,746,1,0
2025-06-23 02:30:00,1.37435,1.3743699999999999,1.37388,1.37411,664,1,0
2025-06-23 02:45:00,1.37411,1.37432,1.37384,1.37414,432,1,0
2025-06-23 03:00:00,1.37414,1.3752499999999999,1.37382,1.3752499999999999,1289,1,0
2025-06-23 03:15:00,1.3752499999999999,1.37578,1.3750499999999999,1.37555,1054,1,0
2025-06-23 03:30:00,1.3755600000000001,1.37605,1.37549,1.37574,750,1,0
2025-06-23 03:45:00,1.37574,1.37591,1.37521,1.37522,1123,1,0
2025-06-23 04:00:00,1.37521,1.37587,1.37501,1.37569,964,1,0
2025-06-23 04:15:00,1.37568,1.37668,1.37568,1.37656,1028,1,0
2025-06-23 04:30:00,1.37656,1.37663,1.37595,1.37596,1039,1,0
2025-06-23 04:45:00,1.37596,1.37643,1.37576,1.37599,941,1,0
2025-06-23 05:00:00,1.37599,1.37599,1.37527,1.37544,886,1,0
2025-06-23 05:15:00,1.37544,1.3759700000000001,1.3753,1.37569,806,1,0
2025-06-23 05:30:00,1.37569,1.37588,1.37554,1.37583,758,1,0
2025-06-23 05:45:00,1.37583,1.37611,1.37574,1.37605,646,1,0
2025-06-23 06:00:00,1.37605,1.37645,1.37587,1.37632,656,1,0
2025-06-23 06:15:00,1.37632,1.37669,1.37623,1.37665,900,1,0
2025-06-23 06:30:00,1.37666,1.37667,1.37625,1.37639,744,1,0
2025-06-23 06:45:00,1.37639,1.3767,1.37636,1.37655,638,1,0
2025-06-23 07:00:00,1.37655,1.37665,1.3762699999999999,1.3765399999999999,566,1,0
2025-06-23 07:15:00,1.37653,1.37663,1.3761999999999999,1.37657,937,1,0
2025-06-23 07:30:00,1.37656,1.37663,1.37631,1.37653,583,1,0
2025-06-23 07:45:00,1.37653,1.3765399999999999,1.37585,1.3759299999999999,524,1,0
2025-06-23 08:00:00,1.3759299999999999,1.3761999999999999,1.3756,1.37615,631,1,0
2025-06-23 08:15:00,1.37615,1.37643,1.37598,1.37625,592,1,0
2025-06-23 08:30:00,1.37625,1.37671,1.3761999999999999,1.37642,853,1,0
2025-06-23 08:45:00,1.37642,1.37643,1.37496,1.37516,830,1,0
2025-06-23 09:00:00,1.37516,1.37585,1.37431,1.37569,776,1,0
2025-06-23 09:15:00,1.37569,1.37621,1.3755600000000001,1.37621,592,1,0
2025-06-23 09:30:00,1.37621,1.37656,1.37601,1.37642,539,1,0
2025-06-23 09:45:00,1.37642,1.3765100000000001,1.37595,1.37604,503,1,0
2025-06-23 10:00:00,1.37604,1.37604,1.3754,1.3758,643,1,0
2025-06-23 10:15:00,1.3758,1.37607,1.37554,1.3759000000000001,586,1,0
2025-06-23 10:30:00,1.3759000000000001,1.37604,1.37544,1.3755,719,1,0
2025-06-23 10:45:00,1.3755,1.37608,1.37519,1.37549,668,1,0
2025-06-23 11:00:00,1.37549,1.37687,1.37541,1.37679,771,1,0
2025-06-23 11:15:00,1.37679,1.377,1.37634,1.37687,498,1,0
2025-06-23 11:30:00,1.37686,1.3774899999999999,1.37652,1.37743,678,1,0
2025-06-23 11:45:00,1.37744,1.37793,1.37729,1.37791,789,1,0
2025-06-23 12:00:00,1.37791,1.37912,1.37782,1.37881,938,1,0
2025-06-23 12:15:00,1.37881,1.37957,1.3785,1.37953,807,1,0
2025-06-23 12:30:00,1.37953,1.3798,1.3786800000000001,1.3792200000000001,726,1,0
2025-06-23 12:45:00,1.3792200000000001,1.37944,1.3786100000000001,1.37939,671,1,0
2025-06-23 13:00:00,1.37939,1.37976,1.3790200000000001,1.37926,733,1,0
2025-06-23 13:15:00,1.37926,1.37954,1.37906,1.37937,496,1,0
2025-06-23 13:30:00,1.37937,1.3796599999999999,1.3789500000000001,1.37908,478,1,0
2025-06-23 13:45:00,1.37908,1.37919,1.37875,1.3789799999999999,568,1,0
2025-06-23 14:00:00,1.3789799999999999,1.37907,1.37848,1.37862,507,1,0
2025-06-23 14:15:00,1.37862,1.37872,1.37843,1.37849,512,1,0
2025-06-23 14:30:00,1.37849,1.37957,1.37846,1.37924,500,1,0
2025-06-23 14:45:00,1.37924,1.37948,1.37793,1.37817,635,1,0
2025-06-23 15:00:00,1.37817,1.37897,1.37802,1.37896,675,1,0
2025-06-23 15:15:00,1.37896,1.37909,1.37853,1.37891,448,1,0
2025-06-23 15:30:00,1.37891,1.37918,1.37795,1.37821,790,1,0
2025-06-23 15:45:00,1.37821,1.37854,1.37794,1.37824,567,1,0
2025-06-23 16:00:00,1.37824,1.37846,1.37759,1.37821,843,1,0
2025-06-23 16:15:00,1.37821,1.37851,1.37762,1.37764,749,1,0
2025-06-23 16:30:00,1.37764,1.37795,1.3757,1.37573,1142,1,0
2025-06-23 16:45:00,1.37573,1.37636,1.37553,1.37613,1062,1,0
2025-06-23 17:00:00,1.37618,1.37632,1.37425,1.37458,1643,1,0
2025-06-23 17:15:00,1.37449,1.3746399999999999,1.37371,1.37425,1138,1,0
2025-06-23 17:30:00,1.37425,1.37474,1.37397,1.37416,1164,1,0
2025-06-23 17:45:00,1.37416,1.37482,1.3734600000000001,1.37392,989,1,0
2025-06-23 18:00:00,1.37392,1.37417,1.37295,1.3732199999999999,1055,1,0
2025-06-23 18:15:00,1.3732199999999999,1.3732199999999999,1.37253,1.37306,773,1,0
2025-06-23 18:30:00,1.37306,1.37352,1.37282,1.37336,726,1,0
2025-06-23 18:45:00,1.37336,1.3774899999999999,1.37334,1.37745,1316,1,0
2025-06-23 19:00:00,1.37743,1.37785,1.3759000000000001,1.3768,1228,1,0
2025-06-23 19:15:00,1.3768,1.37686,1.3761,1.37645,713,1,0
2025-06-23 19:30:00,1.37645,1.37796,1.37645,1.3765,1390,1,0
2025-06-23 19:45:00,1.3765,1.3771,1.37573,1.37708,1370,1,0
2025-06-23 20:00:00,1.37707,1.37752,1.37631,1.37663,1279,1,0
2025-06-23 20:15:00,1.37663,1.37668,1.37535,1.37547,860,1,0
2025-06-23 20:30:00,1.37547,1.37547,1.37447,1.37499,1014,1,0
2025-06-23 20:45:00,1.37499,1.37554,1.3746399999999999,1.37466,793,1,0
2025-06-23 21:00:00,1.37466,1.3747500000000001,1.37402,1.3743,763,1,0
2025-06-23 21:15:00,1.3743,1.37438,1.37355,1.37426,682,1,0
2025-06-23 21:30:00,1.37427,1.37487,1.37405,1.37426,817,1,0
2025-06-23 21:45:00,1.37426,1.37433,1.37359,1.3739,628,1,0
2025-06-23 22:00:00,1.3739,1.37393,1.37303,1.37304,486,1,0
2025-06-23 22:15:00,1.37304,1.3736,1.37304,1.37353,251,1,0
2025-06-23 22:30:00,1.37353,1.3736,1.37313,1.3734600000000001,278,1,0
2025-06-23 22:45:00,1.3734600000000001,1.37391,1.37338,1.3734899999999999,297,1,0
2025-06-23 23:00:00,1.3734899999999999,1.37389,1.3734899999999999,1.37363,330,1,0
2025-06-23 23:15:00,1.37363,1.3737,1.37279,1.3729,295,1,0
2025-06-23 23:30:00,1.3729,1.37339,1.37273,1.3733,247,1,0
2025-06-23 23:45:00,1.3733,1.37382,1.37314,1.37345,318,7,0
2025-06-24 00:00:00,1.37329,1.37329,1.3727800000000001,1.3728099999999999,23,29,0
2025-06-24 00:15:00,1.3728099999999999,1.37291,1.3726,1.3728500000000001,72,61,0
2025-06-24 00:30:00,1.3728500000000001,1.37317,1.37249,1.37287,59,47,0
2025-06-24 00:45:00,1.37287,1.37291,1.3726,1.37291,24,63,0
2025-06-24 01:00:00,1.37291,1.37365,1.37289,1.3733,240,1,0
2025-06-24 01:15:00,1.3733,1.37343,1.37277,1.37287,451,1,0
2025-06-24 01:30:00,1.37287,1.37371,1.37279,1.37368,368,1,0
2025-06-24 01:45:00,1.37369,1.3738299999999999,1.37294,1.37302,310,1,0
2025-06-24 02:00:00,1.37302,1.3736,1.37296,1.3732199999999999,644,1,0
2025-06-24 02:15:00,1.37321,1.37329,1.37243,1.37256,636,1,0
2025-06-24 02:30:00,1.37256,1.37298,1.37228,1.37228,791,1,0
2025-06-24 02:45:00,1.37228,1.3732199999999999,1.37223,1.37302,537,1,0
2025-06-24 03:00:00,1.37302,1.37324,1.3727800000000001,1.37314,881,1,0
2025-06-24 03:15:00,1.37314,1.3734600000000001,1.37271,1.37311,893,1,0
2025-06-24 03:30:00,1.37311,1.3731200000000001,1.3725100000000001,1.37264,953,1,0
2025-06-24 03:45:00,1.37264,1.37334,1.37243,1.37287,934,1,0
2025-06-24 04:00:00,1.37287,1.37303,1.37211,1.37226,1001,1,0
2025-06-24 04:15:00,1.37225,1.37265,1.37215,1.37246,865,1,0
2025-06-24 04:30:00,1.37246,1.37303,1.37235,1.3728799999999999,673,1,0
2025-06-24 04:45:00,1.3728799999999999,1.3731,1.37269,1.37291,787,1,0
2025-06-24 05:00:00,1.37291,1.37311,1.37266,1.37275,937,1,0
2025-06-24 05:15:00,1.37275,1.37313,1.37265,1.37292,934,1,0
2025-06-24 05:30:00,1.37292,1.37293,1.37244,1.37255,546,1,0
2025-06-24 05:45:00,1.37255,1.37264,1.37213,1.37226,415,1,0
2025-06-24 06:00:00,1.37226,1.37226,1.37195,1.37207,568,1,0
2025-06-24 06:15:00,1.37207,1.37234,1.37201,1.37208,378,1,0
2025-06-24 06:30:00,1.37208,1.3723,1.3719299999999999,1.37208,593,1,0
2025-06-24 06:45:00,1.37208,1.37209,1.37181,1.3719700000000001,451,1,0
2025-06-24 07:00:00,1.3719700000000001,1.37236,1.37182,1.3722699999999999,673,1,0
2025-06-24 07:15:00,1.3722699999999999,1.37228,1.37182,1.37185,521,1,0
2025-06-24 07:30:00,1.37185,1.37195,1.37177,1.37188,467,1,0
2025-06-24 07:45:00,1.37188,1.37209,1.37173,1.37187,359,1,0
2025-06-24 08:00:00,1.37187,1.37209,1.3718,1.37208,335,1,0
2025-06-24 08:15:00,1.37208,1.37218,1.37195,1.37207,310,1,0
2025-06-24 08:30:00,1.37207,1.3722400000000001,1.37178,1.3719999999999999,398,1,0
2025-06-24 08:45:00,1.37201,1.37228,1.37183,1.37189,708,1,0
2025-06-24 09:00:00,1.37189,1.37238,1.37177,1.37212,607,1,0
2025-06-24 09:15:00,1.37212,1.3721700000000001,1.37119,1.37152,914,1,0
2025-06-24 09:30:00,1.37152,1.3719299999999999,1.37128,1.37161,741,1,0
2025-06-24 09:45:00,1.37161,1.37214,1.37101,1.37106,707,1,0
2025-06-24 10:00:00,1.37106,1.37173,1.37106,1.3715,966,1,0
2025-06-24 10:15:00,1.3715,1.37207,1.3712,1.37167,426,1,0
2025-06-24 10:30:00,1.37167,1.3725800000000001,1.3716599999999999,1.37215,921,1,0
2025-06-24 10:45:00,1.37215,1.37311,1.37212,1.37225,814,1,0
2025-06-24 11:00:00,1.37225,1.37244,1.3719299999999999,1.37194,646,1,0
2025-06-24 11:15:00,1.37194,1.3724,1.37157,1.37188,759,1,0
2025-06-24 11:30:00,1.37188,1.37211,1.37171,1.37182,658,1,0
2025-06-24 11:45:00,1.37182,1.37185,1.37145,1.37167,487,1,0
2025-06-24 12:00:00,1.3716599999999999,1.37174,1.37079,1.37119,468,1,0
2025-06-24 12:15:00,1.37119,1.37126,1.37087,1.37122,452,1,0
2025-06-24 12:30:00,1.37121,1.37123,1.3708,1.37089,529,1,0
2025-06-24 12:45:00,1.37089,1.3713899999999999,1.37088,1.37127,345,1,0
2025-06-24 13:00:00,1.37127,1.37188,1.37125,1.37175,421,1,0
2025-06-24 13:15:00,1.37175,1.37204,1.37174,1.37182,329,1,0
2025-06-24 13:30:00,1.37182,1.37195,1.37173,1.37191,360,1,0
2025-06-24 13:45:00,1.37191,1.37206,1.37173,1.37201,359,1,0
2025-06-24 14:00:00,1.37201,1.37201,1.37169,1.3717,280,1,0
2025-06-24 14:15:00,1.37172,1.37186,1.37135,1.37137,465,1,0
2025-06-24 14:30:00,1.37137,1.37155,1.37108,1.37144,338,1,0
2025-06-24 14:45:00,1.37144,1.3715600000000001,1.37118,1.37145,367,1,0
2025-06-24 15:00:00,1.37145,1.37172,1.37091,1.37147,527,1,0
2025-06-24 15:15:00,1.37147,1.37195,1.3713600000000001,1.37191,600,1,0
2025-06-24 15:30:00,1.3719299999999999,1.37215,1.37112,1.37137,715,1,0
2025-06-24 15:45:00,1.37137,1.37145,1.37062,1.37067,789,1,0
2025-06-24 16:00:00,1.37067,1.37094,1.37031,1.37039,682,1,0
2025-06-24 16:15:00,1.37039,1.37149,1.37036,1.37082,860,1,0
2025-06-24 16:30:00,1.37082,1.37181,1.37055,1.37174,893,1,0
2025-06-24 16:45:00,1.37174,1.37218,1.37125,1.37176,934,1,0
2025-06-24 17:00:00,1.37176,1.3719299999999999,1.36981,1.36989,779,1,0
2025-06-24 17:15:00,1.36989,1.36991,1.36787,1.36879,1210,1,0
2025-06-24 17:30:00,1.36879,1.36952,1.36859,1.36931,876,2,0
2025-06-24 17:45:00,1.36931,1.37024,1.36917,1.36987,1017,1,0
2025-06-24 18:00:00,1.36985,1.37016,1.3695,1.36977,939,1,0
2025-06-24 18:15:00,1.36977,1.3701400000000001,1.36916,1.3700999999999999,752,1,0
2025-06-24 18:30:00,1.3700999999999999,1.37097,1.36998,1.37093,531,1,0
2025-06-24 18:45:00,1.37093,1.37155,1.37088,1.37127,675,1,0
2025-06-24 19:00:00,1.37127,1.37206,1.37104,1.37155,404,1,0
2025-06-24 19:15:00,1.37153,1.37184,1.3710200000000001,1.3710200000000001,430,1,0
2025-06-24 19:30:00,1.37101,1.37124,1.37062,1.37118,587,1,0
2025-06-24 19:45:00,1.37118,1.3716,1.37077,1.37082,413,1,0
2025-06-24 20:00:00,1.37082,1.37153,1.37081,1.37128,407,1,0
2025-06-24 20:15:00,1.37128,1.3713199999999999,1.37064,1.37074,510,1,0
2025-06-24 20:30:00,1.37074,1.3711,1.37054,1.37081,374,1,0
2025-06-24 20:45:00,1.37082,1.37125,1.37081,1.37099,366,1,0
2025-06-24 21:00:00,1.37099,1.37145,1.37079,1.3710200000000001,455,1,0
2025-06-24 21:15:00,1.3710200000000001,1.37191,1.37094,1.37173,307,1,0
2025-06-24 21:30:00,1.37173,1.37248,1.37168,1.37233,485,1,0
2025-06-24 21:45:00,1.37234,1.37257,1.37212,1.37238,562,1,0
2025-06-24 22:00:00,1.37237,1.37247,1.37195,1.3724,502,1,0
2025-06-24 22:15:00,1.3724,1.3724,1.37187,1.37233,377,1,0
2025-06-24 22:30:00,1.37233,1.37252,1.37215,1.37246,261,1,0
2025-06-24 22:45:00,1.37246,1.373,1.37246,1.37256,361,1,0
2025-06-24 23:00:00,1.3725800000000001,1.37264,1.37186,1.3722699999999999,460,1,0
2025-06-24 23:15:00,1.3722699999999999,1.3726,1.37204,1.37205,314,1,0
2025-06-24 23:30:00,1.37205,1.37243,1.37183,1.37237,309,1,0
2025-06-24 23:45:00,1.37237,1.37268,1.37222,1.37243,160,7,0
2025-06-25 00:00:00,1.37232,1.37232,1.36992,1.37128,139,37,0
2025-06-25 00:15:00,1.37128,1.37208,1.37094,1.37201,42,69,0
2025-06-25 00:30:00,1.37201,1.37213,1.3715600000000001,1.37184,225,64,0
2025-06-25 00:45:00,1.3718,1.37189,1.37124,1.37133,274,54,0
2025-06-25 01:00:00,1.37133,1.37279,1.37133,1.37273,110,1,0
2025-06-25 01:15:00,1.37273,1.37289,1.37265,1.37265,167,1,0
2025-06-25 01:30:00,1.37265,1.37266,1.37255,1.3726,164,1,0
2025-06-25 01:45:00,1.3726,1.37274,1.37257,1.37273,169,1,0
2025-06-25 02:00:00,1.37273,1.37273,1.3726099999999999,1.37263,137,1,0
2025-06-25 02:15:00,1.37263,1.37265,1.37249,1.37255,344,1,0
2025-06-25 02:30:00,1.37255,1.37256,1.37236,1.37239,407,1,0
2025-06-25 02:45:00,1.37239,1.3728099999999999,1.37231,1.37264,447,1,0
2025-06-25 03:00:00,1.37264,1.37267,1.37214,1.37253,785,1,0
2025-06-25 03:15:00,1.37249,1.37264,1.37234,1.37246,592,1,0
2025-06-25 03:30:00,1.37246,1.3728099999999999,1.37242,1.37263,382,1,0
2025-06-25 03:45:00,1.37263,1.37266,1.3721999999999999,1.37236,637,1,0
2025-06-25 04:00:00,1.37236,1.3724,1.37181,1.37195,525,1,0
2025-06-25 04:15:00,1.37195,1.37246,1.37191,1.37245,512,1,0
2025-06-25 04:30:00,1.37245,1.37277,1.37214,1.37215,569,1,0
2025-06-25 04:45:00,1.37215,1.37245,1.37214,1.37233,541,1,0
2025-06-25 05:00:00,1.37233,1.37292,1.37233,1.37284,624,1,0
2025-06-25 05:15:00,1.37284,1.37303,1.37266,1.37289,458,1,0
2025-06-25 05:30:00,1.37289,1.37299,1.37272,1.3728500000000001,436,1,0
2025-06-25 05:45:00,1.3728500000000001,1.37307,1.37266,1.37276,298,1,0
2025-06-25 06:00:00,1.37276,1.37289,1.37245,1.37265,383,1,0
2025-06-25 06:15:00,1.37265,1.37298,1.37249,1.37252,646,1,0
2025-06-25 06:30:00,1.37252,1.37263,1.37235,1.37244,271,1,0
2025-06-25 06:45:00,1.37244,1.37304,1.37244,1.37301,457,1,0
2025-06-25 07:00:00,1.37301,1.3731900000000001,1.37291,1.37292,525,1,0
2025-06-25 07:15:00,1.37292,1.37327,1.37291,1.3732199999999999,533,1,0
2025-06-25 07:30:00,1.3732199999999999,1.3735,1.37318,1.37348,482,1,0
2025-06-25 07:45:00,1.37348,1.3735,1.37327,1.37329,491,1,0
2025-06-25 08:00:00,1.37329,1.37357,1.37321,1.37323,320,1,0
2025-06-25 08:15:00,1.37323,1.37352,1.37321,1.37345,399,1,0
2025-06-25 08:30:00,1.37345,1.37351,1.37292,1.37294,385,1,0
2025-06-25 08:45:00,1.37294,1.37303,1.37273,1.3728099999999999,346,1,0
2025-06-25 09:00:00,1.3728099999999999,1.3731499999999999,1.37279,1.37282,567,1,0
2025-06-25 09:15:00,1.37282,1.37304,1.37244,1.37266,549,1,0
2025-06-25 09:30:00,1.37267,1.37293,1.3725100000000001,1.37265,514,1,0
2025-06-25 09:45:00,1.37265,1.3734199999999999,1.37263,1.37334,650,1,0
2025-06-25 10:00:00,1.37333,1.3737599999999999,1.37299,1.3731200000000001,614,1,0
2025-06-25 10:15:00,1.3731200000000001,1.3732199999999999,1.37262,1.3727,481,1,0
2025-06-25 10:30:00,1.3727,1.37275,1.37232,1.3724,580,1,0
2025-06-25 10:45:00,1.3724,1.37302,1.37222,1.37279,690,1,0
2025-06-25 11:00:00,1.3727800000000001,1.3731900000000001,1.37262,1.37272,677,1,0
2025-06-25 11:15:00,1.37272,1.37298,1.37265,1.37266,589,1,0
2025-06-25 11:30:00,1.37267,1.3728099999999999,1.3721,1.37215,481,1,0
2025-06-25 11:45:00,1.37215,1.37239,1.37212,1.37233,468,1,0
2025-06-25 12:00:00,1.37233,1.37311,1.37231,1.37301,556,1,0
2025-06-25 12:15:00,1.37301,1.37339,1.37286,1.3733,452,1,0
2025-06-25 12:30:00,1.3733,1.37341,1.37296,1.3731200000000001,415,1,0
2025-06-25 12:45:00,1.3731200000000001,1.37328,1.37302,1.37303,363,1,0
2025-06-25 13:00:00,1.37304,1.37334,1.37296,1.37323,372,1,0
2025-06-25 13:15:00,1.37323,1.37324,1.37295,1.37295,302,1,0
2025-06-25 13:30:00,1.37295,1.3731200000000001,1.37295,1.37302,375,1,0
2025-06-25 13:45:00,1.37302,1.3734199999999999,1.37302,1.3734,293,1,0
2025-06-25 14:00:00,1.3734,1.37341,1.37302,1.37304,352,1,0
2025-06-25 14:15:00,1.37304,1.37353,1.37303,1.37334,470,1,0
2025-06-25 14:30:00,1.37334,1.37351,1.37314,1.3732,428,1,0
2025-06-25 14:45:00,1.3732,1.37336,1.37301,1.3731900000000001,390,1,0
2025-06-25 15:00:00,1.3731900000000001,1.37358,1.3731200000000001,1.37339,522,1,0
2025-06-25 15:15:00,1.37339,1.37358,1.3731499999999999,1.37358,493,1,0
2025-06-25 15:30:00,1.37358,1.37442,1.3734600000000001,1.37442,672,1,0
2025-06-25 15:45:00,1.37443,1.37469,1.37392,1.37396,744,1,0
2025-06-25 16:00:00,1.37393,1.37458,1.37374,1.37422,576,1,0
2025-06-25 16:15:00,1.3742,1.37433,1.3737300000000001,1.37412,604,1,0
2025-06-25 16:30:00,1.37413,1.37489,1.37412,1.3748,753,1,0
2025-06-25 16:45:00,1.3748,1.3748,1.3734199999999999,1.37371,933,1,0
2025-06-25 17:00:00,1.3737,1.37411,1.3733,1.37411,777,1,0
2025-06-25 17:15:00,1.37411,1.37442,1.37374,1.37421,719,1,0
2025-06-25 17:30:00,1.37421,1.37443,1.37327,1.37337,758,1,0
2025-06-25 17:45:00,1.37337,1.37377,1.37292,1.37327,845,1,0
2025-06-25 18:00:00,1.37327,1.37425,1.37321,1.37419,784,1,0
2025-06-25 18:15:00,1.37419,1.37546,1.3740999999999999,1.375,822,1,0
2025-06-25 18:30:00,1.375,1.37501,1.37412,1.37416,512,1,0
2025-06-25 18:45:00,1.37416,1.37517,1.37416,1.3751,693,1,0
2025-06-25 19:00:00,1.37511,1.37511,1.37391,1.37395,707,1,0
2025-06-25 19:15:00,1.37395,1.37399,1.3728,1.37309,654,1,0
2025-06-25 19:30:00,1.37309,1.37345,1.3727,1.3732,607,1,0
2025-06-25 19:45:00,1.3732,1.37384,1.3731900000000001,1.37382,370,1,0
2025-06-25 20:00:00,1.37382,1.37447,1.37378,1.37423,534,1,0
2025-06-25 20:15:00,1.37422,1.37449,1.3737,1.37381,482,1,0
2025-06-25 20:30:00,1.37381,1.37415,1.3733,1.37345,637,1,0
2025-06-25 20:45:00,1.37345,1.3736,1.37282,1.37307,624,1,0
2025-06-25 21:00:00,1.37308,1.3734600000000001,1.37293,1.37341,578,1,0
2025-06-25 21:15:00,1.37341,1.3737,1.37325,1.37328,539,1,0
2025-06-25 21:30:00,1.37328,1.3733,1.37273,1.37321,594,1,0
2025-06-25 21:45:00,1.37321,1.37321,1.3725399999999999,1.3728,599,1,0
2025-06-25 22:00:00,1.3728,1.3729,1.37222,1.37244,512,1,0
2025-06-25 22:15:00,1.37245,1.37257,1.37214,1.37234,386,1,0
2025-06-25 22:30:00,1.37234,1.37263,1.37234,1.37244,375,1,0
2025-06-25 22:45:00,1.37244,1.37272,1.37184,1.3719999999999999,582,1,0
2025-06-25 23:00:00,1.3719999999999999,1.3726,1.37164,1.37246,510,1,0
2025-06-25 23:15:00,1.37246,1.37283,1.37229,1.3727,393,1,0
2025-06-25 23:30:00,1.3727,1.37272,1.37243,1.3727,180,1,0
2025-06-25 23:45:00,1.3727,1.37294,1.37249,1.37253,401,7,0
2025-06-26 00:00:00,1.37235,1.37235,1.37138,1.37186,32,50,0
2025-06-26 00:15:00,1.37186,1.3721,1.3715600000000001,1.37187,26,103,0
2025-06-26 00:30:00,1.37187,1.37234,1.37187,1.37196,59,49,0
2025-06-26 00:45:00,1.37196,1.37222,1.37172,1.37172,117,60,0
2025-06-26 01:00:00,1.37172,1.37229,1.37172,1.37226,269,1,0
2025-06-26 01:15:00,1.37226,1.37247,1.37225,1.37246,158,1,0
2025-06-26 01:30:00,1.37246,1.37247,1.37232,1.37238,137,1,0
2025-06-26 01:45:00,1.37238,1.37239,1.37219,1.3722400000000001,72,1,0
2025-06-26 02:00:00,1.3722400000000001,1.3722400000000001,1.3716300000000001,1.37171,487,1,0
2025-06-26 02:15:00,1.37168,1.37194,1.3716,1.37176,435,1,0
2025-06-26 02:30:00,1.37176,1.37176,1.3714,1.37158,272,1,0
2025-06-26 02:45:00,1.37158,1.37165,1.37119,1.37126,622,1,0
2025-06-26 03:00:00,1.37126,1.3713899999999999,1.37082,1.37087,729,1,0
2025-06-26 03:15:00,1.37087,1.37107,1.37081,1.3709500000000001,363,1,0
2025-06-26 03:30:00,1.3709500000000001,1.3712,1.3709,1.37117,545,1,0
2025-06-26 03:45:00,1.37117,1.37148,1.3710499999999999,1.37145,520,1,0
2025-06-26 04:00:00,1.37145,1.37196,1.37144,1.3719299999999999,827,1,0
2025-06-26 04:15:00,1.3719299999999999,1.37222,1.37182,1.3719700000000001,624,1,0
2025-06-26 04:30:00,1.37199,1.37211,1.37151,1.37164,767,1,0
2025-06-26 04:45:00,1.37164,1.37175,1.3710499999999999,1.37108,436,1,0
2025-06-26 05:00:00,1.37108,1.37118,1.37085,1.37107,686,1,0
2025-06-26 05:15:00,1.37107,1.37134,1.37096,1.37109,476,1,0
2025-06-26 05:30:00,1.37109,1.37118,1.37067,1.37069,593,1,0
2025-06-26 05:45:00,1.37069,1.37099,1.3701400000000001,1.3707500000000001,958,1,0
2025-06-26 06:00:00,1.3707500000000001,1.3709500000000001,1.37011,1.3709,769,1,0
2025-06-26 06:15:00,1.3709,1.3710499999999999,1.37046,1.3710499999999999,600,1,0
2025-06-26 06:30:00,1.3710499999999999,1.37137,1.37087,1.37109,526,1,0
2025-06-26 06:45:00,1.37109,1.37124,1.37099,1.37119,430,1,0
2025-06-26 07:00:00,1.37119,1.37212,1.37117,1.37201,678,1,0
2025-06-26 07:15:00,1.37201,1.37229,1.37181,1.3719299999999999,352,1,0
2025-06-26 07:30:00,1.3719299999999999,1.37195,1.37165,1.37178,442,1,0
2025-06-26 07:45:00,1.37178,1.37196,1.37172,1.37186,333,1,0
2025-06-26 08:00:00,1.37186,1.37232,1.37173,1.37176,410,1,0
2025-06-26 08:15:00,1.37176,1.37176,1.37154,1.37155,247,1,0
2025-06-26 08:30:00,1.37155,1.37209,1.37151,1.37203,400,1,0
2025-06-26 08:45:00,1.37203,1.37208,1.37165,1.37177,531,1,0
2025-06-26 09:00:00,1.37177,1.37228,1.37152,1.3717,842,1,0
2025-06-26 09:15:00,1.3717,1.37202,1.37149,1.37183,580,1,0
2025-06-26 09:30:00,1.37183,1.37189,1.37135,1.37143,638,1,0
2025-06-26 09:45:00,1.37143,1.37148,1.37057,1.37063,717,1,0
2025-06-26 10:00:00,1.37062,1.37106,1.37054,1.37058,833,1,0
2025-06-26 10:15:00,1.37058,1.37059,1.3698299999999999,1.37049,696,1,0
2025-06-26 10:30:00,1.37049,1.37117,1.3703699999999999,1.37074,685,1,0
2025-06-26 10:45:00,1.37074,1.37076,1.37,1.3703,734,1,0
2025-06-26 11:00:00,1.3703,1.3704,1.3691900000000001,1.3691900000000001,705,1,0
2025-06-26 11:15:00,1.3691900000000001,1.36944,1.36842,1.3686099999999999,655,1,0
2025-06-26 11:30:00,1.3686099999999999,1.36864,1.36799,1.36816,708,1,0
2025-06-26 11:45:00,1.36816,1.36889,1.36815,1.3685800000000001,691,1,0
2025-06-26 12:00:00,1.3685800000000001,1.369,1.3685100000000001,1.36896,632,1,0
2025-06-26 12:15:00,1.36896,1.36947,1.36871,1.36928,700,1,0
2025-06-26 12:30:00,1.36928,1.36945,1.36863,1.36865,692,1,0
2025-06-26 12:45:00,1.36865,1.36899,1.36853,1.36883,493,1,0
2025-06-26 13:00:00,1.36883,1.36918,1.36873,1.3689,659,1,0
2025-06-26 13:15:00,1.3689,1.36891,1.3684,1.36848,419,1,0
2025-06-26 13:30:00,1.36848,1.36871,1.36817,1.3687,475,1,0
2025-06-26 13:45:00,1.3687,1.36877,1.36813,1.36813,538,1,0
2025-06-26 14:00:00,1.36813,1.36897,1.36786,1.36874,618,1,0
2025-06-26 14:15:00,1.36875,1.3689,1.36843,1.36843,540,1,0
2025-06-26 14:30:00,1.36843,1.36901,1.36771,1.36901,581,1,0
2025-06-26 14:45:00,1.36901,1.36921,1.36848,1.36856,553,1,0
2025-06-26 15:00:00,1.36857,1.36909,1.3684,1.36882,685,1,0
2025-06-26 15:15:00,1.36882,1.36903,1.36794,1.36815,563,1,0
2025-06-26 15:30:00,1.36807,1.36862,1.36786,1.36786,1134,1,0
2025-06-26 15:45:00,1.36786,1.36786,1.36711,1.36714,973,1,0
2025-06-26 16:00:00,1.36714,1.3673,1.36593,1.36628,977,1,0
2025-06-26 16:15:00,1.36628,1.36685,1.36507,1.36507,736,1,0
2025-06-26 16:30:00,1.36507,1.36603,1.36465,1.36471,1095,1,0
2025-06-26 16:45:00,1.36471,1.36499,1.36379,1.36406,966,1,0
2025-06-26 17:00:00,1.36406,1.3648500000000001,1.36396,1.36439,1212,1,0
2025-06-26 17:15:00,1.3644,1.36486,1.3637299999999999,1.36442,1058,1,0
2025-06-26 17:30:00,1.36444,1.36478,1.3627500000000001,1.3633199999999999,1123,1,0
2025-06-26 17:45:00,1.3633199999999999,1.3637000000000001,1.36257,1.36368,1274,1,0
2025-06-26 18:00:00,1.36368,1.36387,1.36287,1.36337,1125,1,0
2025-06-26 18:15:00,1.36337,1.36407,1.36325,1.36405,902,1,0
2025-06-26 18:30:00,1.36405,1.36407,1.36337,1.36355,771,1,0
2025-06-26 18:45:00,1.36355,1.36377,1.3630200000000001,1.36307,657,1,0
2025-06-26 19:00:00,1.36307,1.36326,1.3626,1.3627,615,1,0
2025-06-26 19:15:00,1.3627,1.36333,1.36229,1.3624399999999999,615,1,0
2025-06-26 19:30:00,1.36243,1.36256,1.36179,1.362,491,1,0
2025-06-26 19:45:00,1.36197,1.36281,1.36197,1.3627500000000001,567,1,0
2025-06-26 20:00:00,1.3627500000000001,1.3629,1.36197,1.3621400000000001,627,1,0
2025-06-26 20:15:00,1.3621400000000001,1.36255,1.3618000000000001,1.362,535,1,0
2025-06-26 20:30:00,1.362,1.3626800000000001,1.36179,1.36185,504,1,0
2025-06-26 20:45:00,1.36185,1.36253,1.36185,1.36247,434,1,0
2025-06-26 21:00:00,1.36247,1.36267,1.36204,1.36237,574,1,0
2025-06-26 21:15:00,1.36237,1.36285,1.3621400000000001,1.36282,523,1,0
2025-06-26 21:30:00,1.36281,1.3631,1.36252,1.3629,504,1,0
2025-06-26 21:45:00,1.3629,1.36295,1.36227,1.36263,328,1,0
2025-06-26 22:00:00,1.36263,1.36365,1.36261,1.36364,406,1,0
2025-06-26 22:15:00,1.36364,1.3639299999999999,1.36346,1.36386,364,1,0
2025-06-26 22:30:00,1.36386,1.3641,1.36381,1.36391,382,1,0
2025-06-26 22:45:00,1.36391,1.36417,1.3632900000000001,1.36351,517,1,0
2025-06-26 23:00:00,1.36349,1.36421,1.36321,1.36392,339,1,0
2025-06-26 23:15:00,1.36392,1.36452,1.36377,1.3642,198,1,0
2025-06-26 23:30:00,1.3642,1.36442,1.36395,1.36399,268,1,0
2025-06-26 23:45:00,1.36399,1.3642,1.36388,1.36401,344,7,0
2025-06-27 00:00:00,1.36394,1.36476,1.36343,1.36403,387,41,0
2025-06-27 00:15:00,1.36403,1.36428,1.36398,1.36411,63,45,0
2025-06-27 00:30:00,1.36411,1.36416,1.3639000000000001,1.36416,33,77,0
2025-06-27 00:45:00,1.36416,1.36416,1.36388,1.36391,30,77,0
2025-06-27 01:00:00,1.36391,1.36463,1.36389,1.3642400000000001,241,1,0
2025-06-27 01:15:00,1.3642400000000001,1.36436,1.36413,1.36414,112,1,0
2025-06-27 01:30:00,1.36414,1.36468,1.3641,1.36453,153,1,0
2025-06-27 01:45:00,1.36453,1.36464,1.36426,1.36426,191,1,0
2025-06-27 02:00:00,1.36426,1.36447,1.36402,1.36421,680,1,0
2025-06-27 02:15:00,1.36421,1.3643100000000001,1.36404,1.36413,632,1,0
2025-06-27 02:30:00,1.36414,1.36438,1.36405,1.3641,368,1,0
2025-06-27 02:45:00,1.3641,1.36446,1.36395,1.3642400000000001,457,1,0
2025-06-27 03:00:00,1.3642400000000001,1.36428,1.36395,1.36428,859,1,0
2025-06-27 03:15:00,1.36428,1.36437,1.36409,1.36421,626,1,0
2025-06-27 03:30:00,1.36421,1.36465,1.36409,1.36456,560,1,0
2025-06-27 03:45:00,1.36456,1.36465,1.36404,1.36407,644,1,0
2025-06-27 04:00:00,1.36407,1.36446,1.36396,1.3644,532,1,0
2025-06-27 04:15:00,1.3644,1.36459,1.36414,1.36437,393,1,0
2025-06-27 04:30:00,1.36437,1.36476,1.36419,1.36444,620,1,0
2025-06-27 04:45:00,1.36442,1.36444,1.36356,1.36381,810,1,0
2025-06-27 05:00:00,1.36381,1.36392,1.3636,1.36374,651,1,0
2025-06-27 05:15:00,1.36374,1.3639000000000001,1.36352,1.36389,382,1,0
2025-06-27 05:30:00,1.36389,1.36448,1.36383,1.36406,464,1,0
2025-06-27 05:45:00,1.36406,1.36409,1.36353,1.36364,313,1,0
2025-06-27 06:00:00,1.36364,1.3638,1.3635,1.36362,551,1,0
2025-06-27 06:15:00,1.36362,1.36374,1.3635,1.36359,576,1,0
2025-06-27 06:30:00,1.36359,1.36377,1.36354,1.36365,585,1,0
2025-06-27 06:45:00,1.36365,1.3641,1.3636,1.36401,507,1,0
2025-06-27 07:00:00,1.3639999999999999,1.36437,1.3639000000000001,1.36428,405,1,0
2025-06-27 07:15:00,1.36428,1.36443,1.36416,1.36442,244,1,0
2025-06-27 07:30:00,1.36442,1.36459,1.3643,1.36457,338,1,0
2025-06-27 07:45:00,1.36457,1.36499,1.36447,1.36497,461,1,0
2025-06-27 08:00:00,1.36497,1.36497,1.36455,1.3646099999999999,534,1,0
2025-06-27 08:15:00,1.3646099999999999,1.3648,1.36437,1.36445,351,1,0
2025-06-27 08:30:00,1.36445,1.3649,1.36443,1.36467,548,1,0
2025-06-27 08:45:00,1.36467,1.3648,1.36436,1.36447,578,1,0
2025-06-27 09:00:00,1.36447,1.36471,1.36421,1.36428,491,1,0
2025-06-27 09:15:00,1.36428,1.3643100000000001,1.36371,1.36395,440,1,0
2025-06-27 09:30:00,1.36395,1.3639700000000001,1.36341,1.36353,439,1,0
2025-06-27 09:45:00,1.36353,1.36353,1.36296,1.36303,628,1,0
2025-06-27 10:00:00,1.36303,1.36317,1.3627799999999999,1.36291,704,1,0
2025-06-27 10:15:00,1.36291,1.3636599999999999,1.3629,1.36358,687,1,0
2025-06-27 10:30:00,1.36358,1.36407,1.36351,1.36402,504,1,0
2025-06-27 10:45:00,1.36402,1.36456,1.3639999999999999,1.36404,557,1,0
2025-06-27 11:00:00,1.36404,1.36432,1.36388,1.36407,566,1,0
2025-06-27 11:15:00,1.36406,1.36419,1.36374,1.36418,560,1,0
2025-06-27 11:30:00,1.36418,1.36432,1.36386,1.3641,461,1,0
2025-06-27 11:45:00,1.3641,1.36429,1.36389,1.3642,486,1,0
2025-06-27 12:00:00,1.36419,1.36457,1.36408,1.36448,535,1,0
2025-06-27 12:15:00,1.36448,1.36475,1.3642400000000001,1.36472,558,1,0
2025-06-27 12:30:00,1.36472,1.36534,1.36467,1.36514,496,1,0
2025-06-27 12:45:00,1.36514,1.36533,1.36502,1.36523,442,1,0
2025-06-27 13:00:00,1.36523,1.3657599999999999,1.36504,1.3657,641,1,0
2025-06-27 13:15:00,1.3657,1.36627,1.36561,1.36621,564,1,0
2025-06-27 13:30:00,1.36621,1.36629,1.36606,1.36625,405,1,0
2025-06-27 13:45:00,1.36625,1.36626,1.36604,1.36615,442,1,0
2025-06-27 14:00:00,1.36615,1.36615,1.36544,1.36559,468,1,0
2025-06-27 14:15:00,1.36559,1.36596,1.36508,1.36509,399,1,0
2025-06-27 14:30:00,1.36509,1.36537,1.36483,1.36484,510,1,0
2025-06-27 14:45:00,1.36484,1.3651499999999999,1.36465,1.36467,558,1,0
2025-06-27 15:00:00,1.36467,1.36538,1.36466,1.3648799999999999,765,1,0
2025-06-27 15:15:00,1.3648799999999999,1.3652,1.36457,1.36511,536,1,0
2025-06-27 15:30:00,1.36509,1.36513,1.36426,1.3649,921,1,0
2025-06-27 15:45:00,1.3649,1.36523,1.36412,1.36428,809,1,0
2025-06-27 16:00:00,1.36428,1.36571,1.36407,1.36571,879,1,0
2025-06-27 16:15:00,1.3657,1.36573,1.36423,1.36503,754,1,0
2025-06-27 16:30:00,1.36503,1.36551,1.36464,1.36466,973,1,0
2025-06-27 16:45:00,1.36466,1.36494,1.36442,1.36448,700,1,0
2025-06-27 17:00:00,1.36438,1.36577,1.3643399999999999,1.36574,701,1,0
2025-06-27 17:15:00,1.36574,1.36645,1.36536,1.36573,821,1,0
2025-06-27 17:30:00,1.36573,1.36586,1.36491,1.3653,794,1,0
2025-06-27 17:45:00,1.3653,1.36589,1.36491,1.36589,845,1,0
2025-06-27 18:00:00,1.36589,1.36613,1.3655599999999999,1.3660700000000001,819,1,0
2025-06-27 18:15:00,1.3660700000000001,1.3661699999999999,1.3655599999999999,1.3657,525,1,0
2025-06-27 18:30:00,1.3657,1.36615,1.36499,1.36541,737,1,0
2025-06-27 18:45:00,1.36539,1.36676,1.36538,1.36663,865,1,0
2025-06-27 19:00:00,1.36664,1.3670200000000001,1.36636,1.3667099999999999,667,1,0
2025-06-27 19:15:00,1.3667,1.367,1.36643,1.36645,573,1,0
2025-06-27 19:30:00,1.36645,1.36672,1.3663,1.36655,568,1,0
2025-06-27 19:45:00,1.36655,1.36778,1.36655,1.36733,463,1,0
2025-06-27 20:00:00,1.36733,1.36833,1.36728,1.36829,366,1,0
2025-06-27 20:15:00,1.36829,1.36846,1.36775,1.36814,527,1,0
2025-06-27 20:30:00,1.36814,1.3691200000000001,1.3679999999999999,1.36907,550,1,0
2025-06-27 20:45:00,1.36907,1.37589,1.36868,1.37345,2279,1,0
2025-06-27 21:00:00,1.3734600000000001,1.37523,1.37294,1.37343,1489,1,0
2025-06-27 21:15:00,1.37343,1.3738000000000001,1.37192,1.37271,1156,1,0
2025-06-27 21:30:00,1.37271,1.3734,1.3727,1.37274,1017,1,0
2025-06-27 21:45:00,1.37274,1.37287,1.37134,1.37146,821,1,0
2025-06-27 22:00:00,1.37146,1.37195,1.37023,1.3715899999999999,863,1,0
2025-06-27 22:15:00,1.3715899999999999,1.37195,1.37091,1.37092,413,1,0
2025-06-27 22:30:00,1.37092,1.37177,1.37082,1.37131,395,1,0
2025-06-27 22:45:00,1.37131,1.3715600000000001,1.36987,1.36995,805,1,0
2025-06-27 23:00:00,1.36995,1.37064,1.36929,1.37039,695,1,0
2025-06-27 23:15:00,1.37039,1.3704100000000001,1.3694899999999999,1.37008,305,1,0
2025-06-27 23:30:00,1.37008,1.3700999999999999,1.36868,1.36873,311,1,0
2025-06-27 23:45:00,1.36873,1.3692,1.36822,1.36842,384,11,0
2025-06-30 00:00:00,1.36801,1.3681,1.36727,1.3679999999999999,77,124,0
2025-06-30 00:15:00,1.3679999999999999,1.36811,1.3678,1.36809,132,67,0
2025-06-30 00:30:00,1.36809,1.36818,1.36792,1.36816,125,53,0
2025-06-30 00:45:00,1.36816,1.36869,1.36791,1.36832,122,45,0
2025-06-30 01:00:00,1.36832,1.36926,1.36815,1.36895,1122,1,0
2025-06-30 01:15:00,1.36895,1.36916,1.36873,1.36916,607,1,0
2025-06-30 01:30:00,1.36916,1.36916,1.36873,1.3688,285,1,0
2025-06-30 01:45:00,1.3688,1.36905,1.36807,1.36835,371,1,0
2025-06-30 02:00:00,1.36835,1.36862,1.36791,1.36805,423,1,0
2025-06-30 02:15:00,1.36805,1.36835,1.3679299999999999,1.36835,301,1,0
2025-06-30 02:30:00,1.36835,1.36841,1.3679999999999999,1.36807,343,1,0
2025-06-30 02:45:00,1.36807,1.36834,1.36795,1.36821,356,1,0
2025-06-30 03:00:00,1.36821,1.36873,1.36809,1.36846,693,1,0
2025-06-30 03:15:00,1.36846,1.3689200000000001,1.36846,1.36883,651,1,0
2025-06-30 03:30:00,1.36883,1.36945,1.36882,1.36927,670,1,0
2025-06-30 03:45:00,1.36927,1.36999,1.3692199999999999,1.36942,809,1,0
2025-06-30 04:00:00,1.36942,1.36957,1.36909,1.36923,763,1,0
2025-06-30 04:15:00,1.36923,1.36929,1.36838,1.36855,812,1,0
2025-06-30 04:30:00,1.36855,1.36873,1.36841,1.36853,864,1,0
2025-06-30 04:45:00,1.36853,1.36947,1.36843,1.36938,896,1,0
2025-06-30 05:00:00,1.36938,1.36941,1.3657599999999999,1.36689,1419,1,0
2025-06-30 05:15:00,1.36689,1.36696,1.36628,1.36676,1048,1,0
2025-06-30 05:30:00,1.36677,1.36723,1.36674,1.36704,896,1,0
2025-06-30 05:45:00,1.36704,1.36733,1.36686,1.36723,811,1,0
2025-06-30 06:00:00,1.36723,1.3673600000000001,1.36685,1.3669799999999999,557,1,0
2025-06-30 06:15:00,1.36699,1.3673600000000001,1.36681,1.36733,434,1,0
2025-06-30 06:30:00,1.36733,1.3679000000000001,1.36725,1.3677000000000001,487,1,0
2025-06-30 06:45:00,1.3677000000000001,1.36802,1.3675899999999999,1.3679999999999999,493,1,0
2025-06-30 07:00:00,1.36798,1.36802,1.36768,1.36781,723,1,0
2025-06-30 07:15:00,1.36781,1.36802,1.3677000000000001,1.36798,374,1,0
2025-06-30 07:30:00,1.36798,1.36818,1.36768,1.3677000000000001,500,1,0
2025-06-30 07:45:00,1.3677000000000001,1.3678,1.3670499999999999,1.36725,573,1,0
2025-06-30 08:00:00,1.36725,1.36728,1.36629,1.36652,624,1,0
2025-06-30 08:15:00,1.36652,1.36658,1.36621,1.3664,564,1,0
2025-06-30 08:30:00,1.3664,1.36661,1.366,1.36615,515,1,0
2025-06-30 08:45:00,1.3661400000000001,1.3663699999999999,1.36565,1.3658299999999999,834,1,0
2025-06-30 09:00:00,1.36584,1.36658,1.36582,1.3661400000000001,692,1,0
2025-06-30 09:15:00,1.36615,1.36639,1.36572,1.36593,669,1,0
2025-06-30 09:30:00,1.36593,1.36632,1.3656,1.3659,682,1,0
2025-06-30 09:45:00,1.3659,1.3662,1.3654600000000001,1.36555,710,1,0
2025-06-30 10:00:00,1.36555,1.36613,1.36537,1.36555,775,1,0
2025-06-30 10:15:00,1.36555,1.36652,1.36545,1.36635,709,1,0
2025-06-30 10:30:00,1.36635,1.36672,1.36613,1.36656,753,1,0
2025-06-30 10:45:00,1.36656,1.36754,1.36651,1.3673600000000001,710,1,0
2025-06-30 11:00:00,1.36735,1.36774,1.36724,1.36756,820,1,0
2025-06-30 11:15:00,1.36756,1.36771,1.36742,1.36758,564,1,0
2025-06-30 11:30:00,1.36758,1.36767,1.36722,1.36765,471,1,0
2025-06-30 11:45:00,1.36765,1.36796,1.36751,1.36754,614,1,0
2025-06-30 12:00:00,1.36754,1.36769,1.36711,1.36723,460,1,0
2025-06-30 12:15:00,1.36723,1.36723,1.3667500000000001,1.36717,347,1,0
2025-06-30 12:30:00,1.36717,1.36807,1.36715,1.36774,503,1,0
2025-06-30 12:45:00,1.36774,1.36808,1.36748,1.36796,414,1,0
2025-06-30 13:00:00,1.36796,1.3682699999999999,1.3678,1.36782,367,1,0
2025-06-30 13:15:00,1.36782,1.36788,1.3673600000000001,1.36743,334,1,0
2025-06-30 13:30:00,1.36743,1.36772,1.3673199999999999,1.3676,269,1,0
2025-06-30 13:45:00,1.3676,1.3676300000000001,1.36715,1.36721,376,1,0
2025-06-30 14:00:00,1.36721,1.3673,1.36685,1.36688,470,1,0
2025-06-30 14:15:00,1.36688,1.3673,1.36674,1.36707,574,1,0
2025-06-30 14:30:00,1.36707,1.36712,1.3667,1.36685,473,1,0
2025-06-30 14:45:00,1.36685,1.3670200000000001,1.36652,1.36684,405,1,0
2025-06-30 15:00:00,1.36684,1.3676599999999999,1.36677,1.3673,584,1,0
2025-06-30 15:15:00,1.3673,1.36748,1.36666,1.36713,798,1,0
2025-06-30 15:30:00,1.36713,1.36721,1.36611,1.3663,885,1,0
2025-06-30 15:45:00,1.3663,1.36686,1.36582,1.36661,774,1,0
2025-06-30 16:00:00,1.36661,1.36723,1.36642,1.36659,655,1,0
2025-06-30 16:15:00,1.36659,1.36743,1.36655,1.36725,637,1,0
2025-06-30 16:30:00,1.36725,1.36765,1.36659,1.3672900000000001,667,1,0
2025-06-30 16:45:00,1.3672900000000001,1.36774,1.36687,1.36699,1101,1,0
2025-06-30 17:00:00,1.3669799999999999,1.36782,1.36603,1.36624,1184,1,0
2025-06-30 17:15:00,1.36624,1.36636,1.36482,1.3652,1141,1,0
2025-06-30 17:30:00,1.3651900000000001,1.3652,1.36394,1.3645399999999999,1277,1,0
2025-06-30 17:45:00,1.3645399999999999,1.36526,1.36391,1.3645399999999999,1864,1,0
2025-06-30 18:00:00,1.36453,1.36472,1.36362,1.3636300000000001,1358,1,0
2025-06-30 18:15:00,1.3636300000000001,1.3645399999999999,1.36324,1.36395,851,1,0
2025-06-30 18:30:00,1.3639700000000001,1.3639700000000001,1.36211,1.36224,1010,1,0
2025-06-30 18:45:00,1.36224,1.36245,1.36178,1.362,838,1,0
2025-06-30 19:00:00,1.362,1.36364,1.362,1.36344,773,1,0
2025-06-30 19:15:00,1.36344,1.36384,1.36316,1.36328,447,1,0
2025-06-30 19:30:00,1.36328,1.3636300000000001,1.36289,1.3633,651,1,0
2025-06-30 19:45:00,1.3633,1.36343,1.36254,1.36267,522,1,0
2025-06-30 20:00:00,1.36267,1.36314,1.3623,1.36314,640,1,0
2025-06-30 20:15:00,1.36314,1.36355,1.36298,1.36347,458,1,0
2025-06-30 20:30:00,1.36347,1.36387,1.36328,1.36377,441,1,0
2025-06-30 20:45:00,1.3638,1.36438,1.36378,1.36412,535,1,0
2025-06-30 21:00:00,1.36412,1.36418,1.36333,1.3633600000000001,595,1,0
2025-06-30 21:15:00,1.3633600000000001,1.36354,1.3626800000000001,1.36277,565,1,0
2025-06-30 21:30:00,1.36277,1.36308,1.36259,1.36289,536,1,0
2025-06-30 21:45:00,1.36289,1.36318,1.36222,1.3625,567,1,0
2025-06-30 22:00:00,1.3625,1.36289,1.36226,1.36287,483,1,0
2025-06-30 22:15:00,1.36287,1.36298,1.3624800000000001,1.36255,537,1,0
2025-06-30 22:30:00,1.36255,1.36281,1.36222,1.36226,359,1,0
2025-06-30 22:45:00,1.36226,1.36264,1.36164,1.3621699999999999,588,1,0
2025-06-30 23:00:00,1.36211,1.36242,1.36165,1.36233,553,1,0
2025-06-30 23:15:00,1.36233,1.3624399999999999,1.3612,1.36141,387,1,0
2025-06-30 23:30:00,1.36141,1.36141,1.36044,1.36053,390,1,0
2025-06-30 23:45:00,1.36053,1.3609200000000001,1.3599700000000001,1.36067,820,7,0
2025-07-01 00:00:00,1.36025,1.36064,1.35988,1.36063,35,35,0
2025-07-01 00:15:00,1.36063,1.36064,1.35992,1.36036,48,39,0
2025-07-01 00:30:00,1.36036,1.3605,1.36012,1.36043,29,57,0
2025-07-01 00:45:00,1.36043,1.36069,1.36036,1.3605800000000001,53,42,0
2025-07-01 01:00:00,1.3605800000000001,1.361,1.36019,1.36075,107,2,0
2025-07-01 01:15:00,1.36075,1.36087,1.3606500000000001,1.36068,150,1,0
2025-07-01 01:30:00,1.36067,1.3609,1.36062,1.36075,207,1,0
2025-07-01 01:45:00,1.36075,1.36082,1.36062,1.36078,67,1,0
2025-07-01 02:00:00,1.36078,1.3608500000000001,1.36064,1.36064,166,1,0
2025-07-01 02:15:00,1.36064,1.36076,1.36047,1.36075,344,1,0
2025-07-01 02:30:00,1.36075,1.36077,1.36055,1.36063,274,1,0
2025-07-01 02:45:00,1.36063,1.36074,1.36045,1.36067,446,1,0
2025-07-01 03:00:00,1.36067,1.36074,1.3603100000000001,1.36046,598,1,0
2025-07-01 03:15:00,1.36046,1.36084,1.3604,1.3606,523,1,0
2025-07-01 03:30:00,1.3606,1.36073,1.36042,1.36064,497,1,0
2025-07-01 03:45:00,1.36064,1.36071,1.36032,1.36037,603,1,0
2025-07-01 04:00:00,1.36037,1.36098,1.36036,1.3608,582,1,0
2025-07-01 04:15:00,1.3608,1.36096,1.36053,1.36087,583,1,0
2025-07-01 04:30:00,1.3608799999999999,1.36152,1.3608799999999999,1.36141,623,1,0
2025-07-01 04:45:00,1.36141,1.36168,1.36131,1.36167,481,1,0
2025-07-01 05:00:00,1.36167,1.36186,1.36139,1.36139,670,1,0
2025-07-01 05:15:00,1.36141,1.36157,1.36121,1.36141,404,1,0
2025-07-01 05:30:00,1.36141,1.36151,1.36127,1.36148,598,1,0
2025-07-01 05:45:00,1.36148,1.3615,1.36103,1.3611900000000001,393,1,0
2025-07-01 06:00:00,1.36118,1.36133,1.36094,1.36104,294,1,0
2025-07-01 06:15:00,1.36104,1.36118,1.36083,1.36114,218,1,0
2025-07-01 06:30:00,1.36114,1.3613,1.36086,1.36093,367,1,0
2025-07-01 06:45:00,1.36093,1.36129,1.36067,1.36111,422,1,0
2025-07-01 07:00:00,1.36111,1.36116,1.36056,1.36056,375,1,0
2025-07-01 07:15:00,1.36056,1.3606,1.3602699999999999,1.36043,290,1,0
2025-07-01 07:30:00,1.36043,1.36096,1.3604,1.36094,505,1,0
2025-07-01 07:45:00,1.36094,1.36094,1.36064,1.36067,323,1,0
2025-07-01 08:00:00,1.36068,1.36072,1.36042,1.36049,354,1,0
2025-07-01 08:15:00,1.36049,1.36082,1.36037,1.36047,423,1,0
2025-07-01 08:30:00,1.36047,1.36087,1.36036,1.36075,650,1,0
2025-07-01 08:45:00,1.36075,1.36096,1.36056,1.36071,524,1,0
2025-07-01 09:00:00,1.36071,1.36115,1.36059,1.36102,613,1,0
2025-07-01 09:15:00,1.36102,1.36102,1.3606500000000001,1.36066,533,1,0
2025-07-01 09:30:00,1.36066,1.36086,1.36038,1.36067,504,1,0
2025-07-01 09:45:00,1.36067,1.36078,1.36037,1.36048,575,1,0
2025-07-01 10:00:00,1.36048,1.36108,1.36048,1.3606,831,1,0
2025-07-01 10:15:00,1.3606,1.36067,1.36028,1.36057,483,1,0
2025-07-01 10:30:00,1.36057,1.36067,1.36035,1.36052,665,1,0
2025-07-01 10:45:00,1.36052,1.36064,1.35988,1.3599,505,1,0
2025-07-01 11:00:00,1.3599,1.3605,1.35967,1.36044,712,1,0
2025-07-01 11:15:00,1.36044,1.36045,1.35977,1.35982,504,1,0
2025-07-01 11:30:00,1.35982,1.36007,1.3596,1.36001,596,1,0
2025-07-01 11:45:00,1.36001,1.36011,1.35931,1.35985,573,1,0
2025-07-01 12:00:00,1.35985,1.36045,1.35985,1.3599700000000001,602,1,0
2025-07-01 12:15:00,1.3599700000000001,1.36001,1.35962,1.35983,561,1,0
2025-07-01 12:30:00,1.35982,1.3599,1.35911,1.35952,678,1,0
2025-07-01 12:45:00,1.35952,1.36007,1.35934,1.35971,672,1,0
2025-07-01 13:00:00,1.35971,1.35971,1.35931,1.35952,550,1,0
2025-07-01 13:15:00,1.35952,1.3603399999999999,1.35951,1.36014,559,1,0
2025-07-01 13:30:00,1.36014,1.36026,1.35983,1.36005,403,1,0
2025-07-01 13:45:00,1.36005,1.36042,1.35979,1.36039,444,1,0
2025-07-01 14:00:00,1.36039,1.36116,1.36038,1.36077,518,1,0
2025-07-01 14:15:00,1.36077,1.36102,1.36068,1.36076,447,1,0
2025-07-01 14:30:00,1.36076,1.36104,1.36038,1.36042,526,1,0
2025-07-01 14:45:00,1.36042,1.36097,1.36029,1.36073,575,1,0
2025-07-01 15:00:00,1.36073,1.36138,1.36063,1.36107,823,1,0
2025-07-01 15:15:00,1.36107,1.36256,1.36103,1.3625099999999999,759,1,0
2025-07-01 15:30:00,1.36249,1.3627099999999999,1.3621699999999999,1.3625099999999999,723,1,0
2025-07-01 15:45:00,1.3625099999999999,1.36273,1.3620999999999999,1.3626800000000001,559,1,0
2025-07-01 16:00:00,1.3626800000000001,1.363,1.36227,1.36266,671,1,0
2025-07-01 16:15:00,1.36266,1.36298,1.36253,1.36279,508,1,0
2025-07-01 16:30:00,1.3628,1.36378,1.3626800000000001,1.36374,642,1,0
2025-07-01 16:45:00,1.36372,1.36418,1.36272,1.36334,1215,1,0
2025-07-01 17:00:00,1.36334,1.36483,1.36334,1.36442,1514,1,0
2025-07-01 17:15:00,1.36442,1.36455,1.3633,1.36361,1024,1,0
2025-07-01 17:30:00,1.36361,1.36536,1.36306,1.36496,1074,1,0
2025-07-01 17:45:00,1.36496,1.3660700000000001,1.36465,1.36562,1552,1,0
2025-07-01 18:00:00,1.36562,1.36646,1.36537,1.3664100000000001,1117,1,0
2025-07-01 18:15:00,1.3664100000000001,1.36661,1.36557,1.36618,939,1,0
2025-07-01 18:30:00,1.36618,1.3665,1.36572,1.36642,990,1,0
2025-07-01 18:45:00,1.36639,1.36654,1.36585,1.36594,931,1,0
2025-07-01 19:00:00,1.36594,1.3667099999999999,1.36585,1.36616,775,1,0
2025-07-01 19:15:00,1.36616,1.36662,1.36605,1.36634,642,1,0
2025-07-01 19:30:00,1.36636,1.36638,1.36555,1.36585,532,1,0
2025-07-01 19:45:00,1.36585,1.36635,1.36557,1.36605,576,1,0
2025-07-01 20:00:00,1.36605,1.36636,1.36585,1.36588,674,1,0
2025-07-01 20:15:00,1.36588,1.36625,1.36528,1.3654,442,1,0
2025-07-01 20:30:00,1.3654,1.3654,1.365,1.36518,301,1,0
2025-07-01 20:45:00,1.36518,1.36525,1.36494,1.36498,312,1,0
2025-07-01 21:00:00,1.36498,1.3652,1.36483,1.36509,356,1,0
2025-07-01 21:15:00,1.36509,1.36559,1.36501,1.3654899999999999,316,1,0
2025-07-01 21:30:00,1.3654899999999999,1.36561,1.3652,1.36529,288,1,0
2025-07-01 21:45:00,1.36529,1.36541,1.36501,1.36518,336,1,0
2025-07-01 22:00:00,1.36518,1.36562,1.36491,1.36504,423,1,0
2025-07-01 22:15:00,1.36504,1.36506,1.36479,1.36496,324,1,0
2025-07-01 22:30:00,1.36496,1.36518,1.36493,1.36506,418,1,0
2025-07-01 22:45:00,1.36507,1.3651200000000001,1.36455,1.3646,454,1,0
2025-07-01 23:00:00,1.3646,1.36478,1.3642,1.36477,277,1,0
2025-07-01 23:15:00,1.36477,1.3649,1.36426,1.3643,200,1,0
2025-07-01 23:30:00,1.3643,1.36467,1.36419,1.36455,280,1,0
2025-07-01 23:45:00,1.36455,1.36465,1.36442,1.3646099999999999,214,8,0
2025-07-02 00:00:00,1.36452,1.36452,1.36402,1.3644,36,21,0
2025-07-02 00:15:00,1.3644,1.36443,1.3641,1.36437,31,35,0
2025-07-02 00:30:00,1.36437,1.36438,1.36429,1.36438,22,43,0
2025-07-02 00:45:00,1.36438,1.36438,1.3642400000000001,1.3643100000000001,22,41,0
2025-07-02 01:00:00,1.3643100000000001,1.36466,1.36425,1.36463,152,1,0
2025-07-02 01:15:00,1.36463,1.36487,1.3646099999999999,1.36467,153,1,0
2025-07-02 01:30:00,1.36467,1.36467,1.3645100000000001,1.36452,203,1,0
2025-07-02 01:45:00,1.36452,1.36462,1.36449,1.36457,94,1,0
2025-07-02 02:00:00,1.36457,1.36477,1.36453,1.36471,328,1,0
2025-07-02 02:15:00,1.36471,1.36481,1.36455,1.3645800000000001,383,1,0
2025-07-02 02:30:00,1.3645800000000001,1.3646,1.36435,1.36439,511,1,0
2025-07-02 02:45:00,1.36439,1.36468,1.36438,1.36449,343,1,0
2025-07-02 03:00:00,1.36449,1.3645800000000001,1.3641,1.36436,928,1,0
2025-07-02 03:15:00,1.36436,1.36445,1.36417,1.36437,687,1,0
2025-07-02 03:30:00,1.36437,1.36446,1.36426,1.36438,478,1,0
2025-07-02 03:45:00,1.36437,1.36439,1.36401,1.36405,583,1,0
2025-07-02 04:00:00,1.36405,1.3642699999999999,1.36385,1.3639999999999999,558,1,0
2025-07-02 04:15:00,1.3639999999999999,1.3641,1.36385,1.36386,717,1,0
2025-07-02 04:30:00,1.36387,1.3642,1.36384,1.36412,514,1,0
2025-07-02 04:45:00,1.36412,1.36503,1.36406,1.36487,587,1,0
2025-07-02 05:00:00,1.36487,1.36526,1.36483,1.36511,466,1,0
2025-07-02 05:15:00,1.36511,1.36527,1.36487,1.36503,446,1,0
2025-07-02 05:30:00,1.36503,1.36503,1.36479,1.3649499999999999,415,1,0
2025-07-02 05:45:00,1.3649499999999999,1.36504,1.3645800000000001,1.36465,382,1,0
2025-07-02 06:00:00,1.36465,1.36487,1.36459,1.36486,436,1,0
2025-07-02 06:15:00,1.36486,1.36498,1.36473,1.36476,458,1,0
2025-07-02 06:30:00,1.36476,1.36479,1.36467,1.3647,317,1,0
2025-07-02 06:45:00,1.3647,1.36486,1.36466,1.36472,313,1,0
2025-07-02 07:00:00,1.36472,1.3649499999999999,1.36471,1.3648,252,1,0
2025-07-02 07:15:00,1.3648,1.3648,1.3645,1.36459,387,1,0
2025-07-02 07:30:00,1.36459,1.36484,1.36449,1.36476,239,1,0
2025-07-02 07:45:00,1.36476,1.3648799999999999,1.36468,1.3648500000000001,307,1,0
2025-07-02 08:00:00,1.3648500000000001,1.36517,1.36475,1.36506,344,1,0
2025-07-02 08:15:00,1.36506,1.3654600000000001,1.36504,1.36531,231,1,0
2025-07-02 08:30:00,1.36531,1.36531,1.3649,1.36498,446,1,0
2025-07-02 08:45:00,1.36498,1.3655599999999999,1.36497,1.36527,406,1,0
2025-07-02 09:00:00,1.36526,1.36536,1.3648500000000001,1.3651499999999999,449,1,0
2025-07-02 09:15:00,1.3651499999999999,1.36532,1.36486,1.36525,422,1,0
2025-07-02 09:30:00,1.36525,1.36565,1.36505,1.36552,462,1,0
2025-07-02 09:45:00,1.36552,1.36589,1.36525,1.36532,333,1,0
2025-07-02 10:00:00,1.36532,1.3654600000000001,1.36477,1.36479,577,1,0
2025-07-02 10:15:00,1.36479,1.365,1.36442,1.365,525,1,0
2025-07-02 10:30:00,1.365,1.3651499999999999,1.36465,1.36469,606,1,0
2025-07-02 10:45:00,1.36469,1.36507,1.36457,1.36503,495,1,0
2025-07-02 11:00:00,1.36503,1.36529,1.36482,1.36487,474,1,0
2025-07-02 11:15:00,1.36487,1.36531,1.3648,1.36525,496,1,0
2025-07-02 11:30:00,1.36525,1.36535,1.3649,1.3649499999999999,565,1,0
2025-07-02 11:45:00,1.3649499999999999,1.36524,1.36468,1.36505,415,1,0
2025-07-02 12:00:00,1.36505,1.36534,1.36484,1.3653,492,1,0
2025-07-02 12:15:00,1.3653,1.36543,1.36496,1.36538,551,1,0
2025-07-02 12:30:00,1.36538,1.36544,1.365,1.36504,405,1,0
2025-07-02 12:45:00,1.36504,1.36534,1.36498,1.36514,524,1,0
2025-07-02 13:00:00,1.36514,1.36529,1.36476,1.3649200000000001,428,1,0
2025-07-02 13:15:00,1.36491,1.365,1.36465,1.36465,312,1,0
2025-07-02 13:30:00,1.36465,1.36469,1.36412,1.36419,282,1,0
2025-07-02 13:45:00,1.36418,1.36479,1.36418,1.36459,419,1,0
2025-07-02 14:00:00,1.36459,1.36487,1.36392,1.36396,384,1,0
2025-07-02 14:15:00,1.36396,1.36404,1.36358,1.36401,382,1,0
2025-07-02 14:30:00,1.36401,1.36477,1.36388,1.36455,381,1,0
2025-07-02 14:45:00,1.36455,1.3649200000000001,1.36444,1.36466,571,1,0
2025-07-02 15:00:00,1.36466,1.36527,1.36438,1.36464,897,1,0
2025-07-02 15:15:00,1.36468,1.36482,1.36307,1.36338,1394,1,0
2025-07-02 15:30:00,1.36338,1.36571,1.3633199999999999,1.36536,1395,1,0
2025-07-02 15:45:00,1.36536,1.3655,1.3645100000000001,1.36503,1114,1,0
2025-07-02 16:00:00,1.36504,1.36513,1.36328,1.36391,1051,1,0
2025-07-02 16:15:00,1.36391,1.3642400000000001,1.36348,1.36418,854,1,0
2025-07-02 16:30:00,1.36418,1.36484,1.3638,1.3645399999999999,1221,1,0
2025-07-02 16:45:00,1.3645399999999999,1.36536,1.36418,1.36496,1298,1,0
2025-07-02 17:00:00,1.36496,1.36551,1.36469,1.36484,1181,1,0
2025-07-02 17:15:00,1.3648500000000001,1.3648799999999999,1.36407,1.36439,902,1,0
2025-07-02 17:30:00,1.36438,1.3645800000000001,1.36406,1.36447,903,1,0
2025-07-02 17:45:00,1.36448,1.36462,1.3636,1.36375,1051,1,0
2025-07-02 18:00:00,1.36375,1.3642699999999999,1.3636300000000001,1.36372,766,1,0
2025-07-02 18:15:00,1.3637299999999999,1.36375,1.36286,1.36314,721,1,0
2025-07-02 18:30:00,1.36314,1.36348,1.36289,1.3633199999999999,580,1,0
2025-07-02 18:45:00,1.3633199999999999,1.3633199999999999,1.3621400000000001,1.36216,595,1,0
2025-07-02 19:00:00,1.36216,1.36257,1.36197,1.36208,582,1,0
2025-07-02 19:15:00,1.36208,1.36212,1.36174,1.36188,510,1,0
2025-07-02 19:30:00,1.3618700000000001,1.36189,1.36094,1.36138,522,1,0
2025-07-02 19:45:00,1.36138,1.36138,1.36057,1.36068,538,1,0
2025-07-02 20:00:00,1.36068,1.36072,1.35954,1.36007,581,1,0
2025-07-02 20:15:00,1.36007,1.36033,1.35971,1.36023,423,1,0
2025-07-02 20:30:00,1.36023,1.36029,1.35983,1.35994,236,1,0
2025-07-02 20:45:00,1.35994,1.36006,1.35965,1.35976,357,1,0
2025-07-02 21:00:00,1.35976,1.35995,1.35954,1.35956,365,1,0
2025-07-02 21:15:00,1.35956,1.35981,1.3593899999999999,1.3594,437,1,0
2025-07-02 21:30:00,1.3594,1.3596300000000001,1.3591199999999999,1.35914,488,1,0
2025-07-02 21:45:00,1.35915,1.35981,1.35908,1.35956,437,1,0
2025-07-02 22:00:00,1.35955,1.35984,1.35955,1.35972,318,1,0
2025-07-02 22:15:00,1.35974,1.35983,1.35921,1.35945,473,1,0
2025-07-02 22:30:00,1.35944,1.35981,1.35928,1.35965,455,1,0
2025-07-02 22:45:00,1.35965,1.3598,1.35886,1.35891,493,1,0
2025-07-02 23:00:00,1.35889,1.35941,1.35881,1.35884,288,1,0
2025-07-02 23:15:00,1.35884,1.35887,1.3584399999999999,1.35845,189,1,0
2025-07-02 23:30:00,1.35845,1.35876,1.35837,1.3587099999999999,291,1,0
2025-07-02 23:45:00,1.3587099999999999,1.3593199999999999,1.3587,1.35926,362,7,0
2025-07-03 00:00:00,1.3586,1.35899,1.35772,1.35899,31,35,0
2025-07-03 00:15:00,1.35899,1.35899,1.35829,1.35867,63,43,0
2025-07-03 00:30:00,1.35867,1.35883,1.35849,1.35883,112,51,0
2025-07-03 00:45:00,1.35883,1.35887,1.35866,1.3587099999999999,28,48,0
2025-07-03 01:00:00,1.3587099999999999,1.35885,1.3585099999999999,1.35857,208,1,0
2025-07-03 01:15:00,1.35857,1.3587799999999999,1.35856,1.35866,109,1,0
2025-07-03 01:30:00,1.35866,1.35876,1.35865,1.35868,99,1,0
2025-07-03 01:45:00,1.35868,1.35876,1.35864,1.35867,87,1,0
2025-07-03 02:00:00,1.35867,1.3587799999999999,1.35865,1.35876,191,1,0
2025-07-03 02:15:00,1.35876,1.35877,1.35866,1.3587500000000001,97,1,0
2025-07-03 02:30:00,1.3587500000000001,1.35884,1.35865,1.3588,236,1,0
2025-07-03 02:45:00,1.3588,1.35887,1.35864,1.35885,416,1,0
2025-07-03 03:00:00,1.35885,1.35885,1.35847,1.35857,591,1,0
2025-07-03 03:15:00,1.35857,1.35858,1.35807,1.3584399999999999,423,1,0
2025-07-03 03:30:00,1.3584399999999999,1.35862,1.3581699999999999,1.35821,485,1,0
2025-07-03 03:45:00,1.35821,1.35833,1.35803,1.35821,499,1,0
2025-07-03 04:00:00,1.35821,1.3585,1.35792,1.3584800000000001,534,1,0
2025-07-03 04:15:00,1.3584800000000001,1.35859,1.35799,1.358,567,1,0
2025-07-03 04:30:00,1.358,1.35854,1.358,1.35843,664,1,0
2025-07-03 04:45:00,1.35842,1.35847,1.35823,1.35828,558,1,0
2025-07-03 05:00:00,1.35828,1.3590900000000001,1.35827,1.35892,585,1,0
2025-07-03 05:15:00,1.35891,1.3593,1.35889,1.35922,627,1,0
2025-07-03 05:30:00,1.35922,1.35938,1.35883,1.35896,425,1,0
2025-07-03 05:45:00,1.35896,1.3590900000000001,1.35885,1.35903,370,1,0
2025-07-03 06:00:00,1.35903,1.35906,1.35892,1.35895,238,1,0
2025-07-03 06:15:00,1.35895,1.35937,1.35887,1.3593,388,1,0
2025-07-03 06:30:00,1.3593,1.35949,1.35918,1.35933,450,1,0
2025-07-03 06:45:00,1.3593199999999999,1.35957,1.35922,1.35948,505,1,0
2025-07-03 07:00:00,1.35949,1.35959,1.35919,1.35928,331,1,0
2025-07-03 07:15:00,1.35928,1.35952,1.35922,1.3595,342,1,0
2025-07-03 07:30:00,1.3595,1.35964,1.3594,1.35964,350,1,0
2025-07-03 07:45:00,1.35964,1.35984,1.3595,1.35974,227,1,0
2025-07-03 08:00:00,1.35974,1.36006,1.35969,1.3600400000000001,230,1,0
2025-07-03 08:15:00,1.3600400000000001,1.36007,1.35986,1.35995,322,1,0
2025-07-03 08:30:00,1.35995,1.35996,1.35974,1.35991,358,1,0
2025-07-03 08:45:00,1.35991,1.3601,1.35961,1.36001,390,1,0
2025-07-03 09:00:00,1.36001,1.36001,1.35911,1.35959,675,1,0
2025-07-03 09:15:00,1.35959,1.35987,1.35949,1.35968,370,1,0
2025-07-03 09:30:00,1.35968,1.36013,1.35957,1.35968,342,1,0
2025-07-03 09:45:00,1.35968,1.35979,1.35938,1.35949,367,1,0
2025-07-03 10:00:00,1.35949,1.35964,1.35927,1.3595,424,1,0
2025-07-03 10:15:00,1.3595,1.35957,1.35917,1.35922,541,1,0
2025-07-03 10:30:00,1.35922,1.35938,1.35892,1.35897,540,1,0
2025-07-03 10:45:00,1.35897,1.3594,1.35873,1.35929,561,1,0
2025-07-03 11:00:00,1.35929,1.35931,1.35882,1.35893,578,1,0
2025-07-03 11:15:00,1.35893,1.3591,1.35863,1.35903,474,1,0
2025-07-03 11:30:00,1.35903,1.35929,1.35881,1.35929,345,1,0
2025-07-03 11:45:00,1.35929,1.35937,1.35881,1.35881,408,1,0
2025-07-03 12:00:00,1.35881,1.35915,1.3588,1.35894,433,1,0
2025-07-03 12:15:00,1.35894,1.3592,1.35876,1.35917,347,1,0
2025-07-03 12:30:00,1.35917,1.35941,1.3591199999999999,1.3594,476,1,0
2025-07-03 12:45:00,1.3594,1.35957,1.3591199999999999,1.35915,338,1,0
2025-07-03 13:00:00,1.35916,1.35935,1.35879,1.3591199999999999,388,1,0
2025-07-03 13:15:00,1.35913,1.35914,1.35867,1.3587099999999999,350,1,0
2025-07-03 13:30:00,1.3587099999999999,1.35876,1.35857,1.3587500000000001,271,1,0
2025-07-03 13:45:00,1.3587500000000001,1.35889,1.35854,1.35874,281,1,0
2025-07-03 14:00:00,1.35874,1.35889,1.35818,1.35829,334,1,0
2025-07-03 14:15:00,1.35829,1.35837,1.3578700000000001,1.35793,233,1,0
2025-07-03 14:30:00,1.35793,1.35847,1.35793,1.3584,345,1,0
2025-07-03 14:45:00,1.3584,1.35906,1.3584,1.35898,422,1,0
2025-07-03 15:00:00,1.35898,1.35908,1.35867,1.35893,438,1,0
2025-07-03 15:15:00,1.35893,1.3590900000000001,1.35852,1.35859,577,1,0
2025-07-03 15:30:00,1.35858,1.36243,1.35855,1.36093,2548,1,0
2025-07-03 15:45:00,1.36093,1.36238,1.36089,1.36168,1636,1,0
2025-07-03 16:00:00,1.36168,1.362,1.3596,1.35968,1483,1,0
2025-07-03 16:15:00,1.35969,1.35969,1.35887,1.35889,1351,1,0
2025-07-03 16:30:00,1.35889,1.35903,1.35784,1.3581699999999999,1321,1,0
2025-07-03 16:45:00,1.35818,1.35863,1.35743,1.35764,1266,1,0
2025-07-03 17:00:00,1.35764,1.35847,1.35697,1.35845,1388,1,0
2025-07-03 17:15:00,1.35845,1.35853,1.35732,1.35738,1128,1,0
2025-07-03 17:30:00,1.35738,1.35807,1.35715,1.35801,1027,1,0
2025-07-03 17:45:00,1.35801,1.35893,1.35798,1.35829,1128,1,0
2025-07-03 18:00:00,1.35829,1.35879,1.3573,1.35735,1346,1,0
2025-07-03 18:15:00,1.35735,1.35761,1.3566099999999999,1.35667,696,1,0
2025-07-03 18:30:00,1.35667,1.3566799999999999,1.35594,1.3562400000000001,739,1,0
2025-07-03 18:45:00,1.3562400000000001,1.35636,1.3556599999999999,1.35602,860,1,0
2025-07-03 19:00:00,1.35603,1.35669,1.35587,1.3564,651,1,0
2025-07-03 19:15:00,1.3564,1.3568500000000001,1.35621,1.35678,548,1,0
2025-07-03 19:30:00,1.35679,1.35724,1.35667,1.35671,556,1,0
2025-07-03 19:45:00,1.3567,1.35708,1.35605,1.35613,278,1,0
2025-07-03 20:00:00,1.35613,1.35621,1.35576,1.35582,235,1,0
2025-07-03 20:15:00,1.35582,1.35609,1.35574,1.35603,89,1,0
2025-07-03 20:30:00,1.35603,1.35638,1.35602,1.3562400000000001,158,1,0
2025-07-03 20:45:00,1.3562400000000001,1.35653,1.35614,1.35653,172,1,0
2025-07-03 21:00:00,1.35653,1.35664,1.35643,1.35643,219,1,0
2025-07-03 21:15:00,1.35643,1.35655,1.35628,1.35644,135,1,0
2025-07-03 21:30:00,1.35644,1.35644,1.35622,1.35626,86,1,0
2025-07-03 21:45:00,1.35626,1.35652,1.35622,1.35648,189,1,0
2025-07-03 22:00:00,1.35648,1.35699,1.35648,1.35656,220,1,0
2025-07-03 22:15:00,1.35656,1.3567,1.3562,1.35669,132,1,0
2025-07-03 22:30:00,1.35669,1.35735,1.35669,1.3572600000000001,164,1,0
2025-07-03 22:45:00,1.3572600000000001,1.35889,1.3572,1.3581400000000001,341,1,0
2025-07-03 23:00:00,1.3581400000000001,1.35888,1.35812,1.3584100000000001,273,1,0
2025-07-03 23:15:00,1.3584100000000001,1.35865,1.35799,1.35842,264,1,0
2025-07-03 23:30:00,1.35843,1.35847,1.35776,1.35802,283,1,0
2025-07-03 23:45:00,1.35802,1.3584800000000001,1.35801,1.3584800000000001,214,7,0
2025-07-04 00:00:00,1.35813,1.35821,1.35697,1.35819,38,30,0
2025-07-04 00:15:00,1.35819,1.3582,1.3578299999999999,1.35818,46,35,0
2025-07-04 00:30:00,1.35818,1.35864,1.35815,1.35862,1036,39,0
2025-07-04 00:45:00,1.35859,1.35863,1.3584800000000001,1.35857,1540,41,0
2025-07-04 01:00:00,1.35857,1.3588,1.35842,1.35863,120,1,0
2025-07-04 01:15:00,1.35863,1.35868,1.35852,1.35854,135,1,0
2025-07-04 01:30:00,1.35854,1.35859,1.3584800000000001,1.35857,92,1,0
2025-07-04 01:45:00,1.35857,1.35857,1.3584,1.35843,90,1,0
2025-07-04 02:00:00,1.35843,1.35843,1.35821,1.35823,226,1,0
2025-07-04 02:15:00,1.35823,1.3583,1.35819,1.35823,209,1,0
2025-07-04 02:30:00,1.35823,1.35823,1.3575300000000001,1.35762,475,1,0
2025-07-04 02:45:00,1.35762,1.35768,1.35742,1.3575300000000001,523,1,0
2025-07-04 03:00:00,1.3575300000000001,1.3578000000000001,1.35733,1.35751,782,1,0
2025-07-04 03:15:00,1.35751,1.35754,1.35725,1.35732,736,1,0
2025-07-04 03:30:00,1.35732,1.35746,1.35706,1.35743,580,1,0
2025-07-04 03:45:00,1.35743,1.3575300000000001,1.3572600000000001,1.35731,495,1,0
2025-07-04 04:00:00,1.35731,1.35793,1.35727,1.35789,906,1,0
2025-07-04 04:15:00,1.35789,1.358,1.3576,1.3577,550,1,0
2025-07-04 04:30:00,1.35773,1.3578999999999999,1.35741,1.35761,714,1,0
2025-07-04 04:45:00,1.35761,1.35802,1.35759,1.35789,645,1,0
2025-07-04 05:00:00,1.3578999999999999,1.35807,1.35778,1.35786,543,1,0
2025-07-04 05:15:00,1.35786,1.35812,1.3578000000000001,1.35785,651,1,0
2025-07-04 05:30:00,1.35785,1.3578700000000001,1.35764,1.35774,569,1,0
2025-07-04 05:45:00,1.35774,1.358,1.35774,1.35796,457,1,0
2025-07-04 06:00:00,1.35796,1.3581699999999999,1.35786,1.3578999999999999,481,1,0
2025-07-04 06:15:00,1.3578999999999999,1.35792,1.35771,1.35778,356,1,0
2025-07-04 06:30:00,1.35778,1.35785,1.35764,1.35778,198,1,0
2025-07-04 06:45:00,1.35778,1.3578700000000001,1.35772,1.35784,154,1,0
2025-07-04 07:00:00,1.35784,1.35785,1.35738,1.35768,519,1,0
2025-07-04 07:15:00,1.35768,1.35775,1.35735,1.35772,503,1,0
2025-07-04 07:30:00,1.35772,1.35795,1.35752,1.35754,353,1,0
2025-07-04 07:45:00,1.35754,1.35767,1.35746,1.3575,648,1,0
2025-07-04 08:00:00,1.3575,1.35751,1.35721,1.35724,469,1,0
2025-07-04 08:15:00,1.35724,1.35725,1.35705,1.3572199999999999,263,1,0
2025-07-04 08:30:00,1.3572199999999999,1.35727,1.3568799999999999,1.35721,443,1,0
2025-07-04 08:45:00,1.35721,1.35721,1.35698,1.35712,250,1,0
2025-07-04 09:00:00,1.35712,1.35763,1.35711,1.3572199999999999,518,1,0
2025-07-04 09:15:00,1.3572199999999999,1.35723,1.35682,1.35704,445,1,0
2025-07-04 09:30:00,1.35704,1.35723,1.3568500000000001,1.35697,459,1,0
2025-07-04 09:45:00,1.35697,1.35702,1.35667,1.35679,388,1,0
2025-07-04 10:00:00,1.35679,1.35771,1.35676,1.3577,706,1,0
2025-07-04 10:15:00,1.35771,1.35856,1.3575599999999999,1.35854,587,1,0
2025-07-04 10:30:00,1.35855,1.35901,1.35832,1.35898,639,1,0
2025-07-04 10:45:00,1.35897,1.3593899999999999,1.35865,1.3593199999999999,608,1,0
2025-07-04 11:00:00,1.35931,1.35962,1.35896,1.35937,520,1,0
2025-07-04 11:15:00,1.35937,1.35947,1.35908,1.35925,376,1,0
2025-07-04 11:30:00,1.35925,1.3593,1.35891,1.35898,400,1,0
2025-07-04 11:45:00,1.35898,1.35921,1.35893,1.35916,461,1,0
2025-07-04 12:00:00,1.35916,1.35935,1.35891,1.35908,462,1,0
2025-07-04 12:15:00,1.35908,1.35938,1.35903,1.35914,366,1,0
2025-07-04 12:30:00,1.35914,1.35915,1.3586,1.35861,337,1,0
2025-07-04 12:45:00,1.35861,1.3590900000000001,1.35861,1.35908,473,1,0
2025-07-04 13:00:00,1.35908,1.35926,1.35897,1.35906,343,1,0
2025-07-04 13:15:00,1.35906,1.3593899999999999,1.3590200000000001,1.35924,410,1,0
2025-07-04 13:30:00,1.35924,1.35949,1.35906,1.3594300000000001,345,1,0
2025-07-04 13:45:00,1.3594300000000001,1.35952,1.3593199999999999,1.35942,380,1,0
2025-07-04 14:00:00,1.35942,1.35953,1.35928,1.35934,387,1,0
2025-07-04 14:15:00,1.35934,1.35944,1.35908,1.35917,288,1,0
2025-07-04 14:30:00,1.35917,1.35931,1.35898,1.35929,351,1,0
2025-07-04 14:45:00,1.35929,1.35938,1.35898,1.35903,360,1,0
2025-07-04 15:00:00,1.35903,1.3595,1.35894,1.3593199999999999,518,1,0
2025-07-04 15:15:00,1.3593199999999999,1.3595,1.3590900000000001,1.35919,462,1,0
2025-07-04 15:30:00,1.35918,1.35955,1.35914,1.35937,385,1,0
2025-07-04 15:45:00,1.35937,1.36048,1.3593600000000001,1.36045,526,1,0
2025-07-04 16:00:00,1.36045,1.36046,1.3599700000000001,1.36008,504,1,0
2025-07-04 16:15:00,1.36008,1.36094,1.35999,1.3609,493,1,0
2025-07-04 16:30:00,1.3609,1.3609,1.36006,1.36013,643,1,0
2025-07-04 16:45:00,1.36013,1.3606,1.36011,1.36033,516,1,0
2025-07-04 17:00:00,1.36033,1.36064,1.35993,1.36035,671,1,0
2025-07-04 17:15:00,1.36035,1.36053,1.36013,1.36025,514,1,0
2025-07-04 17:30:00,1.36026,1.36094,1.36021,1.36087,537,1,0
2025-07-04 17:45:00,1.36087,1.3612199999999999,1.3606099999999999,1.361,651,1,0
2025-07-04 18:00:00,1.361,1.36128,1.36069,1.36101,794,1,0
2025-07-04 18:15:00,1.36101,1.36117,1.36069,1.3607,403,1,0
2025-07-04 18:30:00,1.3607,1.36074,1.3604,1.36059,357,1,0
2025-07-04 18:45:00,1.36059,1.36067,1.36045,1.36048,307,1,0
2025-07-04 19:00:00,1.36048,1.36072,1.36044,1.3606099999999999,312,1,0
2025-07-04 19:15:00,1.3606099999999999,1.3607,1.3603100000000001,1.3603399999999999,389,1,0
2025-07-04 19:30:00,1.3603399999999999,1.36063,1.3603100000000001,1.36062,258,1,0
2025-07-04 19:45:00,1.36062,1.36101,1.36062,1.36077,312,1,0
2025-07-04 20:00:00,1.36077,1.36124,1.36077,1.361,1536,1,0
2025-07-04 20:15:00,1.361,1.36174,1.36097,1.36151,1790,1,0
2025-07-04 20:30:00,1.36151,1.36161,1.36112,1.36123,1268,1,0
2025-07-04 20:45:00,1.36123,1.36138,1.36098,1.36136,1595,1,0
2025-07-04 21:00:00,1.36136,1.36148,1.36067,1.36087,1502,1,0
2025-07-04 21:15:00,1.36087,1.36104,1.36063,1.36086,1169,1,0
2025-07-04 21:30:00,1.36086,1.36087,1.3603100000000001,1.3606,1744,1,0
2025-07-04 21:45:00,1.3606,1.36071,1.36016,1.36036,1729,1,0
2025-07-04 22:00:00,1.36036,1.36048,1.3602,1.36038,1791,1,0
2025-07-04 22:15:00,1.36038,1.36055,1.3602400000000001,1.3603,1390,1,0
2025-07-04 22:30:00,1.3603,1.3605,1.3602400000000001,1.3604,1585,1,0
2025-07-04 22:45:00,1.3604,1.36087,1.36029,1.36076,2238,1,0
2025-07-04 23:00:00,1.36077,1.36079,1.36022,1.36048,2760,1,0
2025-07-04 23:15:00,1.36046,1.36059,1.3603399999999999,1.36052,2469,1,0
2025-07-04 23:30:00,1.36051,1.36097,1.36005,1.36018,1361,1,0
2025-07-04 23:45:00,1.36018,1.36025,1.3599700000000001,1.36015,390,19,0
2025-07-07 00:00:00,1.35855,1.36023,1.35815,1.36021,79,82,0
2025-07-07 00:15:00,1.36021,1.36022,1.35922,1.35933,162,53,0
2025-07-07 00:30:00,1.35933,1.35977,1.35933,1.35976,244,47,0
2025-07-07 00:45:00,1.35976,1.35982,1.35958,1.3596300000000001,207,47,0
2025-07-07 01:00:00,1.3596300000000001,1.3605800000000001,1.3596,1.3605800000000001,527,1,0
2025-07-07 01:15:00,1.3605800000000001,1.3606,1.36039,1.36045,143,1,0
2025-07-07 01:30:00,1.36045,1.36084,1.36041,1.36082,149,1,0
2025-07-07 01:45:00,1.36082,1.36083,1.36049,1.3605,152,1,0
2025-07-07 02:00:00,1.3605,1.36053,1.36022,1.36046,354,1,0
2025-07-07 02:15:00,1.36046,1.36055,1.36036,1.36043,172,1,0
2025-07-07 02:30:00,1.36043,1.3607,1.36035,1.36051,452,1,0
2025-07-07 02:45:00,1.36051,1.36072,1.3603,1.36039,776,1,0
2025-07-07 03:00:00,1.36039,1.3605800000000001,1.35979,1.35988,1183,1,0
2025-07-07 03:15:00,1.35988,1.36045,1.35975,1.36038,913,1,0
2025-07-07 03:30:00,1.36038,1.36089,1.36023,1.36073,662,1,0
2025-07-07 03:45:00,1.36073,1.36094,1.36057,1.36086,746,1,0
2025-07-07 04:00:00,1.36086,1.36159,1.36086,1.36141,890,1,0
2025-07-07 04:15:00,1.36141,1.36145,1.36112,1.36134,692,1,0
2025-07-07 04:30:00,1.36134,1.36165,1.36112,1.36161,764,1,0
2025-07-07 04:45:00,1.36161,1.36163,1.3614,1.36151,551,1,0
2025-07-07 05:00:00,1.36151,1.36155,1.36125,1.36127,771,1,0
2025-07-07 05:15:00,1.36127,1.36167,1.36124,1.36164,522,1,0
2025-07-07 05:30:00,1.36164,1.36238,1.36164,1.36208,748,1,0
2025-07-07 05:45:00,1.36208,1.36223,1.36191,1.3621699999999999,417,1,0
2025-07-07 06:00:00,1.3621699999999999,1.36287,1.3621400000000001,1.36235,519,1,0
2025-07-07 06:15:00,1.36235,1.3625099999999999,1.3621400000000001,1.36221,539,1,0
2025-07-07 06:30:00,1.36221,1.36288,1.36218,1.36272,447,1,0
2025-07-07 06:45:00,1.36272,1.36274,1.3624399999999999,1.36262,464,1,0
2025-07-07 07:00:00,1.36262,1.3629,1.3625,1.36281,575,1,0
2025-07-07 07:15:00,1.36281,1.3630200000000001,1.36269,1.3629,487,1,0
2025-07-07 07:30:00,1.3629,1.36342,1.36276,1.36335,604,1,0
2025-07-07 07:45:00,1.36335,1.36351,1.3633199999999999,1.36345,317,1,0
2025-07-07 08:00:00,1.36345,1.36398,1.36344,1.3638,560,1,0
2025-07-07 08:15:00,1.3638,1.36406,1.3637299999999999,1.36385,513,1,0
2025-07-07 08:30:00,1.36385,1.3639000000000001,1.36344,1.36354,340,1,0
2025-07-07 08:45:00,1.36354,1.36361,1.36328,1.36351,391,1,0
2025-07-07 09:00:00,1.36352,1.36387,1.36308,1.36374,638,1,0
2025-07-07 09:15:00,1.36374,1.36441,1.3636,1.36426,514,1,0
2025-07-07 09:30:00,1.36426,1.36473,1.36418,1.3645800000000001,538,1,0
2025-07-07 09:45:00,1.3646,1.36472,1.36441,1.3645399999999999,519,1,0
2025-07-07 10:00:00,1.3645399999999999,1.36499,1.36442,1.36477,602,1,0
2025-07-07 10:15:00,1.36477,1.36551,1.36471,1.3655,523,1,0
2025-07-07 10:30:00,1.36555,1.36587,1.3652,1.36584,460,1,0
2025-07-07 10:45:00,1.36584,1.36664,1.36568,1.36663,500,1,0
2025-07-07 11:00:00,1.36663,1.367,1.36652,1.36694,499,1,0
2025-07-07 11:15:00,1.36694,1.36749,1.36689,1.36737,542,1,0
2025-07-07 11:30:00,1.36737,1.36778,1.36689,1.36771,593,1,0
2025-07-07 11:45:00,1.36771,1.36847,1.36761,1.3683100000000001,426,1,0
2025-07-07 12:00:00,1.3683100000000001,1.36859,1.36816,1.36818,579,1,0
2025-07-07 12:15:00,1.36818,1.36833,1.36792,1.36814,545,1,0
2025-07-07 12:30:00,1.36814,1.36815,1.36775,1.36794,546,1,0
2025-07-07 12:45:00,1.36794,1.36816,1.36737,1.36748,577,1,0
2025-07-07 13:00:00,1.36748,1.36767,1.36691,1.36692,586,1,0
2025-07-07 13:15:00,1.36692,1.36696,1.36654,1.36686,475,1,0
2025-07-07 13:30:00,1.36686,1.36714,1.36667,1.3667500000000001,299,1,0
2025-07-07 13:45:00,1.3667500000000001,1.36676,1.3660700000000001,1.36647,499,1,0
2025-07-07 14:00:00,1.36646,1.36659,1.36601,1.3662,441,1,0
2025-07-07 14:15:00,1.3662,1.36639,1.36611,1.36638,453,1,0
2025-07-07 14:30:00,1.36638,1.3664,1.366,1.36602,396,1,0
2025-07-07 14:45:00,1.36602,1.3660999999999999,1.36523,1.3655300000000001,344,1,0
2025-07-07 15:00:00,1.3655300000000001,1.366,1.36516,1.3651900000000001,688,1,0
2025-07-07 15:15:00,1.3651900000000001,1.36569,1.36473,1.3655599999999999,599,1,0
2025-07-07 15:30:00,1.3655599999999999,1.36586,1.3651900000000001,1.36538,439,1,0
2025-07-07 15:45:00,1.36538,1.36558,1.36475,1.36479,345,1,0
2025-07-07 16:00:00,1.36479,1.36494,1.36432,1.3646,583,1,0
2025-07-07 16:15:00,1.3646,1.3647,1.36357,1.3639700000000001,725,1,0
2025-07-07 16:30:00,1.3639700000000001,1.36435,1.3636599999999999,1.36388,706,1,0
2025-07-07 16:45:00,1.36388,1.3645100000000001,1.3637299999999999,1.36405,811,1,0
2025-07-07 17:00:00,1.36405,1.36415,1.36313,1.3637000000000001,743,1,0
2025-07-07 17:15:00,1.3637000000000001,1.36405,1.36323,1.36387,744,1,0
2025-07-07 17:30:00,1.36387,1.3639700000000001,1.36322,1.36372,643,1,0
2025-07-07 17:45:00,1.36372,1.36469,1.3636300000000001,1.3643100000000001,787,1,0
2025-07-07 18:00:00,1.36432,1.36491,1.36426,1.36463,790,1,0
2025-07-07 18:15:00,1.36463,1.3652,1.3645399999999999,1.36477,675,1,0
2025-07-07 18:30:00,1.36477,1.3652,1.36452,1.36517,527,1,0
2025-07-07 18:45:00,1.36517,1.36518,1.3645800000000001,1.36463,465,1,0
2025-07-07 19:00:00,1.3646099999999999,1.36478,1.36445,1.36473,337,1,0
2025-07-07 19:15:00,1.36473,1.36652,1.3645399999999999,1.36551,1101,1,0
2025-07-07 19:30:00,1.36551,1.36631,1.36535,1.36621,829,1,0
2025-07-07 19:45:00,1.36621,1.36742,1.3660999999999999,1.36718,842,1,0
2025-07-07 20:00:00,1.36718,1.36774,1.3667099999999999,1.36681,682,1,0
2025-07-07 20:15:00,1.36682,1.36735,1.36651,1.36723,529,1,0
2025-07-07 20:30:00,1.36723,1.36723,1.36608,1.36667,1145,1,0
2025-07-07 20:45:00,1.36667,1.36746,1.36659,1.36734,471,1,0
2025-07-07 21:00:00,1.36734,1.36767,1.36697,1.3676,578,1,0
2025-07-07 21:15:00,1.3676,1.36834,1.36752,1.36802,749,1,0
2025-07-07 21:30:00,1.36802,1.36828,1.36665,1.36673,632,1,0
2025-07-07 21:45:00,1.36673,1.36677,1.36612,1.3662,462,1,0
2025-07-07 22:00:00,1.3662,1.36691,1.36594,1.36688,523,1,0
2025-07-07 22:15:00,1.36688,1.36695,1.36648,1.36659,361,1,0
2025-07-07 22:30:00,1.36659,1.3666800000000001,1.36612,1.3662,390,1,0
2025-07-07 22:45:00,1.3662,1.36672,1.36605,1.36665,410,1,0
2025-07-07 23:00:00,1.36665,1.36718,1.3666,1.3671,255,1,0
2025-07-07 23:15:00,1.3671,1.36719,1.36692,1.36708,220,1,0
2025-07-07 23:30:00,1.36707,1.36777,1.36707,1.36777,289,1,0
2025-07-07 23:45:00,1.36777,1.36826,1.36768,1.36826,425,7,0
2025-07-08 00:00:00,1.36813,1.36813,1.3670499999999999,1.36741,36,15,0
2025-07-08 00:15:00,1.36741,1.36765,1.3671,1.36761,130,77,0
2025-07-08 00:30:00,1.36761,1.36788,1.36721,1.36764,223,50,0
2025-07-08 00:45:00,1.36764,1.36789,1.36762,1.36786,123,55,0
2025-07-08 01:00:00,1.36786,1.3679999999999999,1.36748,1.36776,52,1,0
2025-07-08 01:15:00,1.36776,1.36785,1.36757,1.36762,60,1,0
2025-07-08 01:30:00,1.36762,1.3676300000000001,1.36694,1.36699,274,1,0
2025-07-08 01:45:00,1.36699,1.36734,1.36691,1.36707,164,1,0
2025-07-08 02:00:00,1.36707,1.36717,1.36687,1.36691,324,1,0
2025-07-08 02:15:00,1.36691,1.36713,1.36677,1.3668,355,1,0
2025-07-08 02:30:00,1.3668,1.36692,1.36666,1.36676,483,1,0
2025-07-08 02:45:00,1.36676,1.36688,1.36642,1.36652,537,1,0
2025-07-08 03:00:00,1.36651,1.36656,1.36621,1.36631,884,1,0
2025-07-08 03:15:00,1.36631,1.36658,1.3662,1.36647,416,1,0
2025-07-08 03:30:00,1.36647,1.36656,1.36572,1.36581,704,1,0
2025-07-08 03:45:00,1.36581,1.36592,1.36554,1.36559,632,1,0
2025-07-08 04:00:00,1.36559,1.36646,1.36541,1.3661699999999999,822,1,0
2025-07-08 04:15:00,1.3661699999999999,1.36635,1.36611,1.36626,506,1,0
2025-07-08 04:30:00,1.36626,1.3664399999999999,1.36591,1.3661699999999999,559,1,0
2025-07-08 04:45:00,1.3661699999999999,1.3663699999999999,1.36604,1.36608,601,1,0
2025-07-08 05:00:00,1.36608,1.36622,1.3654,1.3654,517,1,0
2025-07-08 05:15:00,1.3654,1.36568,1.36521,1.36521,429,1,0
2025-07-08 05:30:00,1.36521,1.3654899999999999,1.36493,1.36524,311,1,0
2025-07-08 05:45:00,1.36524,1.36551,1.36509,1.36538,402,1,0
2025-07-08 06:00:00,1.36538,1.36551,1.36516,1.3654899999999999,548,1,0
2025-07-08 06:15:00,1.3654899999999999,1.36554,1.3649200000000001,1.36494,339,1,0
2025-07-08 06:30:00,1.36494,1.36505,1.36474,1.36494,566,1,0
2025-07-08 06:45:00,1.36493,1.3651499999999999,1.36491,1.36505,337,1,0
2025-07-08 07:00:00,1.36505,1.36524,1.36493,1.3651200000000001,379,1,0
2025-07-08 07:15:00,1.3651200000000001,1.36525,1.36509,1.3651,316,1,0
2025-07-08 07:30:00,1.3651,1.36524,1.3638,1.36509,916,1,0
2025-07-08 07:45:00,1.36509,1.36536,1.36505,1.36529,506,1,0
2025-07-08 08:00:00,1.36529,1.36555,1.3651499999999999,1.3655,406,1,0
2025-07-08 08:15:00,1.3655,1.3658000000000001,1.3654,1.3655300000000001,547,1,0
2025-07-08 08:30:00,1.36552,1.36616,1.36542,1.36613,726,1,0
2025-07-08 08:45:00,1.36613,1.36626,1.36537,1.36551,463,1,0
2025-07-08 09:00:00,1.36551,1.36568,1.36525,1.3653,635,1,0
2025-07-08 09:15:00,1.3653,1.36562,1.36514,1.36524,621,1,0
2025-07-08 09:30:00,1.36524,1.3657,1.36494,1.3657,430,1,0
2025-07-08 09:45:00,1.3657,1.36586,1.36538,1.3655599999999999,528,1,0
2025-07-08 10:00:00,1.3655599999999999,1.3655599999999999,1.36481,1.36509,637,1,0
2025-07-08 10:15:00,1.36509,1.36514,1.36435,1.3645399999999999,486,1,0
2025-07-08 10:30:00,1.3645399999999999,1.36463,1.3641,1.36418,440,1,0
2025-07-08 10:45:00,1.36418,1.3643,1.36389,1.36394,477,1,0
2025-07-08 11:00:00,1.36394,1.36462,1.36388,1.36439,574,1,0
2025-07-08 11:15:00,1.36439,1.36474,1.36436,1.36446,524,1,0
2025-07-08 11:30:00,1.36446,1.36489,1.36439,1.36462,467,1,0
2025-07-08 11:45:00,1.36462,1.36484,1.3644,1.36463,509,1,0
2025-07-08 12:00:00,1.36463,1.36474,1.36445,1.36464,327,1,0
2025-07-08 12:15:00,1.36464,1.36479,1.36453,1.3645800000000001,411,1,0
2025-07-08 12:30:00,1.3645800000000001,1.36491,1.36445,1.36491,373,1,0
2025-07-08 12:45:00,1.36491,1.36523,1.36476,1.36505,319,1,0
2025-07-08 13:00:00,1.36506,1.3653,1.36499,1.36514,332,1,0
2025-07-08 13:15:00,1.36514,1.36528,1.3649200000000001,1.36516,389,1,0
2025-07-08 13:30:00,1.36516,1.36534,1.36505,1.3651499999999999,279,1,0
2025-07-08 13:45:00,1.3651499999999999,1.36569,1.3651499999999999,1.36557,413,1,0
2025-07-08 14:00:00,1.36558,1.36559,1.36482,1.36493,348,1,0
2025-07-08 14:15:00,1.36493,1.36499,1.36449,1.36477,416,1,0
2025-07-08 14:30:00,1.36477,1.36504,1.36473,1.36501,277,1,0
2025-07-08 14:45:00,1.36501,1.3657,1.36493,1.36569,402,1,0
2025-07-08 15:00:00,1.36569,1.36616,1.3655,1.36592,570,1,0
2025-07-08 15:15:00,1.36592,1.3660700000000001,1.36537,1.36538,474,1,0
2025-07-08 15:30:00,1.36538,1.36571,1.36511,1.36568,582,1,0
2025-07-08 15:45:00,1.36569,1.36624,1.3654600000000001,1.36571,695,1,0
2025-07-08 16:00:00,1.36571,1.36652,1.36557,1.36642,600,1,0
2025-07-08 16:15:00,1.36642,1.36708,1.36605,1.36708,681,1,0
2025-07-08 16:30:00,1.36708,1.36778,1.36708,1.36757,1014,1,0
2025-07-08 16:45:00,1.36758,1.36762,1.36693,1.36727,700,1,0
2025-07-08 17:00:00,1.36727,1.36848,1.36717,1.36832,843,1,0
2025-07-08 17:15:00,1.36833,1.36895,1.36802,1.36802,708,1,0
2025-07-08 17:30:00,1.36802,1.36897,1.36782,1.36838,788,1,0
2025-07-08 17:45:00,1.36838,1.36884,1.3679000000000001,1.36852,1121,1,0
2025-07-08 18:00:00,1.36852,1.36876,1.36779,1.36811,983,1,0
2025-07-08 18:15:00,1.36812,1.36839,1.36752,1.3683100000000001,770,1,0
2025-07-08 18:30:00,1.3683,1.36855,1.36774,1.3679299999999999,721,1,0
2025-07-08 18:45:00,1.3679299999999999,1.36794,1.36717,1.36733,670,1,0
2025-07-08 19:00:00,1.36733,1.36791,1.3673,1.36746,630,1,0
2025-07-08 19:15:00,1.36746,1.36774,1.36726,1.36769,586,1,0
2025-07-08 19:30:00,1.36772,1.36933,1.3676599999999999,1.36868,975,1,0
2025-07-08 19:45:00,1.36869,1.36944,1.36795,1.36811,1046,1,0
2025-07-08 20:00:00,1.36811,1.36828,1.36743,1.36776,1078,1,0
2025-07-08 20:15:00,1.36776,1.36877,1.3677000000000001,1.36823,617,1,0
2025-07-08 20:30:00,1.36823,1.36891,1.36792,1.3687,688,1,0
2025-07-08 20:45:00,1.3687,1.36906,1.36825,1.36847,553,1,0
2025-07-08 21:00:00,1.36847,1.36849,1.36757,1.36776,522,1,0
2025-07-08 21:15:00,1.36776,1.36832,1.36776,1.36829,459,1,0
2025-07-08 21:30:00,1.36828,1.36869,1.36813,1.36841,534,1,0
2025-07-08 21:45:00,1.36841,1.36844,1.36735,1.36776,520,1,0
2025-07-08 22:00:00,1.36775,1.36802,1.36755,1.3679700000000001,525,1,0
2025-07-08 22:15:00,1.3679700000000001,1.36798,1.36765,1.36786,317,1,0
2025-07-08 22:30:00,1.36786,1.3684,1.36781,1.36822,281,1,0
2025-07-08 22:45:00,1.36822,1.36845,1.36802,1.36839,484,1,0
2025-07-08 23:00:00,1.36838,1.3684,1.36717,1.36724,431,1,0
2025-07-08 23:15:00,1.36724,1.36742,1.36659,1.36663,276,1,0
2025-07-08 23:30:00,1.36663,1.36676,1.3664,1.36647,230,1,0
2025-07-08 23:45:00,1.36647,1.3665,1.36616,1.36621,254,7,0
2025-07-09 00:00:00,1.36585,1.36643,1.36514,1.36587,34,34,0
2025-07-09 00:15:00,1.36587,1.36619,1.36578,1.3660999999999999,173,47,0
2025-07-09 00:30:00,1.3660999999999999,1.36636,1.36599,1.36631,126,47,0
2025-07-09 00:45:00,1.36631,1.3664,1.36581,1.36588,134,37,0
2025-07-09 01:00:00,1.36588,1.36658,1.36588,1.36657,135,1,0
2025-07-09 01:15:00,1.36657,1.36658,1.3664399999999999,1.36649,86,1,0
2025-07-09 01:30:00,1.3663699999999999,1.3665,1.36633,1.36648,70,1,0
2025-07-09 01:45:00,1.36648,1.36659,1.36647,1.36657,74,1,0
2025-07-09 02:00:00,1.36657,1.36659,1.36638,1.36648,350,1,0
2025-07-09 02:15:00,1.36648,1.36653,1.36636,1.36647,309,1,0
2025-07-09 02:30:00,1.36647,1.36693,1.36647,1.3669,274,1,0
2025-07-09 02:45:00,1.3669,1.36704,1.36665,1.36691,389,1,0
2025-07-09 03:00:00,1.36691,1.36779,1.36685,1.3675,703,1,0
2025-07-09 03:15:00,1.36749,1.36778,1.36731,1.3674,465,1,0
2025-07-09 03:30:00,1.3674,1.3677000000000001,1.36717,1.3672,394,1,0
2025-07-09 03:45:00,1.3672,1.36755,1.36719,1.3674,347,1,0
2025-07-09 04:00:00,1.3674,1.36769,1.3669799999999999,1.36744,711,1,0
2025-07-09 04:15:00,1.36745,1.36748,1.36703,1.3673899999999999,652,1,0
2025-07-09 04:30:00,1.3673899999999999,1.36778,1.3671,1.36741,422,1,0
2025-07-09 04:45:00,1.36741,1.36768,1.3672900000000001,1.3673600000000001,471,1,0
2025-07-09 05:00:00,1.3673600000000001,1.36746,1.36691,1.3670900000000001,502,1,0
2025-07-09 05:15:00,1.3670900000000001,1.36752,1.36707,1.36738,430,1,0
2025-07-09 05:30:00,1.36738,1.36826,1.36737,1.36814,528,1,0
2025-07-09 05:45:00,1.36816,1.3685399999999999,1.36803,1.36815,449,1,0
2025-07-09 06:00:00,1.36815,1.36873,1.36814,1.3685399999999999,704,1,0
2025-07-09 06:15:00,1.3685399999999999,1.36882,1.3685399999999999,1.36864,487,1,0
2025-07-09 06:30:00,1.36864,1.36881,1.3685,1.36869,451,1,0
2025-07-09 06:45:00,1.36869,1.3688,1.36852,1.36878,497,1,0
2025-07-09 07:00:00,1.36878,1.36893,1.36865,1.3687,730,1,0
2025-07-09 07:15:00,1.36869,1.36875,1.3685,1.36852,339,1,0
2025-07-09 07:30:00,1.36852,1.36855,1.36783,1.36804,923,1,0
2025-07-09 07:45:00,1.36804,1.36814,1.36777,1.36796,555,1,0
2025-07-09 08:00:00,1.36796,1.36796,1.36747,1.3676,773,1,0
2025-07-09 08:15:00,1.3676,1.36768,1.3673899999999999,1.36758,538,1,0
2025-07-09 08:30:00,1.36757,1.36765,1.36703,1.36715,743,1,0
2025-07-09 08:45:00,1.36715,1.36762,1.36712,1.36742,580,1,0
2025-07-09 09:00:00,1.36742,1.36798,1.3672900000000001,1.36768,761,1,0
2025-07-09 09:15:00,1.36769,1.36807,1.36757,1.36786,674,1,0
2025-07-09 09:30:00,1.36787,1.36809,1.36745,1.36775,528,1,0
2025-07-09 09:45:00,1.36775,1.36776,1.36657,1.36679,606,1,0
2025-07-09 10:00:00,1.36679,1.36738,1.36672,1.36738,519,1,0
2025-07-09 10:15:00,1.36738,1.36742,1.3670900000000001,1.36738,426,1,0
2025-07-09 10:30:00,1.36738,1.36879,1.36738,1.36829,559,1,0
2025-07-09 10:45:00,1.36829,1.36928,1.36826,1.3688799999999999,608,1,0
2025-07-09 11:00:00,1.36887,1.36941,1.36859,1.36884,685,1,0
2025-07-09 11:15:00,1.36884,1.36894,1.36855,1.36862,428,1,0
2025-07-09 11:30:00,1.36862,1.36874,1.36825,1.36826,415,1,0
2025-07-09 11:45:00,1.36826,1.36862,1.36807,1.36852,511,1,0
2025-07-09 12:00:00,1.3685100000000001,1.36869,1.3683100000000001,1.36847,354,1,0
2025-07-09 12:15:00,1.36847,1.36873,1.36833,1.36853,360,1,0
2025-07-09 12:30:00,1.36853,1.36873,1.36849,1.36853,285,1,0
2025-07-09 12:45:00,1.36853,1.36871,1.36841,1.36844,316,1,0
2025-07-09 13:00:00,1.36844,1.3685100000000001,1.36821,1.36835,422,1,0
2025-07-09 13:15:00,1.36835,1.36857,1.36822,1.3685100000000001,380,1,0
2025-07-09 13:30:00,1.3685100000000001,1.36899,1.3685,1.36886,445,1,0
2025-07-09 13:45:00,1.36886,1.3696,1.36881,1.36959,349,1,0
2025-07-09 14:00:00,1.36959,1.3697599999999999,1.3694,1.36957,262,1,0
2025-07-09 14:15:00,1.36957,1.36984,1.36937,1.3697,215,1,0
2025-07-09 14:30:00,1.3697,1.37003,1.36951,1.36992,306,1,0
2025-07-09 14:45:00,1.36992,1.37094,1.36955,1.37085,428,1,0
2025-07-09 15:00:00,1.37085,1.371,1.37005,1.37015,738,1,0
2025-07-09 15:15:00,1.37015,1.3702,1.36938,1.36991,639,1,0
2025-07-09 15:30:00,1.36991,1.3701699999999999,1.36914,1.3698299999999999,650,1,0
2025-07-09 15:45:00,1.3698299999999999,1.37002,1.36879,1.3689200000000001,621,1,0
2025-07-09 16:00:00,1.3689200000000001,1.36909,1.36841,1.3685399999999999,747,1,0
2025-07-09 16:15:00,1.36855,1.36871,1.36812,1.3685100000000001,643,1,0
2025-07-09 16:30:00,1.3685100000000001,1.36898,1.36811,1.36897,713,1,0
2025-07-09 16:45:00,1.36897,1.3694600000000001,1.36806,1.36841,992,1,0
2025-07-09 17:00:00,1.36841,1.36932,1.3684,1.3685100000000001,833,1,0
2025-07-09 17:15:00,1.36852,1.36859,1.36768,1.36856,883,1,0
2025-07-09 17:30:00,1.36856,1.3692,1.36843,1.36908,728,1,0
2025-07-09 17:45:00,1.36908,1.3699,1.36908,1.36963,694,1,0
2025-07-09 18:00:00,1.36963,1.37024,1.36924,1.37012,639,1,0
2025-07-09 18:15:00,1.37012,1.37048,1.37001,1.37023,540,1,0
2025-07-09 18:30:00,1.37022,1.37042,1.37008,1.3700999999999999,458,1,0
2025-07-09 18:45:00,1.3700999999999999,1.3700999999999999,1.3694600000000001,1.36952,541,1,0
2025-07-09 19:00:00,1.36952,1.36997,1.3695,1.36974,299,1,0
2025-07-09 19:15:00,1.36974,1.3698299999999999,1.36944,1.36958,243,1,0
2025-07-09 19:30:00,1.36958,1.36965,1.3694,1.36951,218,1,0
2025-07-09 19:45:00,1.36951,1.36962,1.36945,1.36955,288,1,0
2025-07-09 20:00:00,1.36955,1.36964,1.3688500000000001,1.36903,375,1,0
2025-07-09 20:15:00,1.36903,1.36926,1.36897,1.36916,217,1,0
2025-07-09 20:30:00,1.36916,1.36967,1.3691499999999999,1.36958,253,1,0
2025-07-09 20:45:00,1.36958,1.36958,1.36914,1.3692,312,1,0
2025-07-09 21:00:00,1.3692,1.36947,1.36876,1.36877,310,1,0
2025-07-09 21:15:00,1.36877,1.36908,1.36872,1.36906,233,1,0
2025-07-09 21:30:00,1.36906,1.3694600000000001,1.36905,1.36942,155,1,0
2025-07-09 21:45:00,1.36942,1.3695599999999999,1.36926,1.3694600000000001,202,1,0
2025-07-09 22:00:00,1.3694600000000001,1.3696,1.36935,1.36959,211,1,0
2025-07-09 22:15:00,1.36959,1.36961,1.36897,1.369,198,1,0
2025-07-09 22:30:00,1.369,1.3691200000000001,1.36868,1.36875,189,1,0
2025-07-09 22:45:00,1.36875,1.36906,1.36863,1.36865,283,1,0
2025-07-09 23:00:00,1.36865,1.36907,1.36846,1.36906,261,1,0
2025-07-09 23:15:00,1.36906,1.36968,1.36899,1.36955,322,1,0
2025-07-09 23:30:00,1.36955,1.36977,1.36908,1.36908,245,1,0
2025-07-09 23:45:00,1.36908,1.36914,1.36859,1.3686,339,8,0
2025-07-10 00:00:00,1.36845,1.36864,1.36795,1.36826,37,25,0
2025-07-10 00:15:00,1.36826,1.36838,1.36808,1.36826,85,35,0
2025-07-10 00:30:00,1.36826,1.36863,1.3682400000000001,1.3684,156,36,0
2025-07-10 00:45:00,1.3684,1.3685100000000001,1.36812,1.36812,253,43,0
2025-07-10 01:00:00,1.36812,1.3685800000000001,1.36801,1.3685100000000001,200,1,0
2025-07-10 01:15:00,1.3685100000000001,1.3686099999999999,1.36846,1.3685399999999999,93,1,0
2025-07-10 01:30:00,1.3685399999999999,1.36868,1.3685100000000001,1.3686099999999999,76,1,0
2025-07-10 01:45:00,1.3686099999999999,1.36864,1.36836,1.36846,107,1,0
2025-07-10 02:00:00,1.3685100000000001,1.3688500000000001,1.36849,1.36883,253,1,0
2025-07-10 02:15:00,1.36883,1.36883,1.36848,1.36853,190,1,0
2025-07-10 02:30:00,1.36852,1.36872,1.3685100000000001,1.36869,281,1,0
2025-07-10 02:45:00,1.36869,1.36876,1.36847,1.3685800000000001,381,1,0
2025-07-10 03:00:00,1.3685800000000001,1.3688500000000001,1.36814,1.36821,650,1,0
2025-07-10 03:15:00,1.36821,1.3683,1.36764,1.36773,458,1,0
2025-07-10 03:30:00,1.36773,1.36773,1.3673899999999999,1.3675899999999999,587,1,0
2025-07-10 03:45:00,1.3675899999999999,1.36781,1.36741,1.36777,611,1,0
2025-07-10 04:00:00,1.36777,1.36807,1.36776,1.36806,873,1,0
2025-07-10 04:15:00,1.36806,1.36815,1.36792,1.36813,813,1,0
2025-07-10 04:30:00,1.36813,1.36818,1.36774,1.36814,692,1,0
2025-07-10 04:45:00,1.36813,1.36835,1.3679700000000001,1.36806,397,1,0
2025-07-10 05:00:00,1.36806,1.36806,1.3676599999999999,1.3678,571,1,0
2025-07-10 05:15:00,1.3678,1.36807,1.3678,1.36802,194,1,0
2025-07-10 05:30:00,1.36802,1.36815,1.36769,1.36815,364,1,0
2025-07-10 05:45:00,1.36815,1.36825,1.36796,1.36799,308,1,0
2025-07-10 06:00:00,1.36798,1.36825,1.36795,1.36813,194,1,0
2025-07-10 06:15:00,1.36813,1.36817,1.36786,1.36807,199,1,0
2025-07-10 06:30:00,1.36807,1.36822,1.36804,1.36822,178,1,0
2025-07-10 06:45:00,1.36822,1.36822,1.36796,1.36814,170,1,0
2025-07-10 07:00:00,1.36814,1.36852,1.36814,1.36845,200,1,0
2025-07-10 07:15:00,1.36845,1.36863,1.36843,1.3686,144,1,0
2025-07-10 07:30:00,1.3686,1.36867,1.36815,1.36817,168,1,0
2025-07-10 07:45:00,1.36817,1.36835,1.36815,1.36821,264,1,0
2025-07-10 08:00:00,1.36821,1.3684,1.36804,1.36823,255,1,0
2025-07-10 08:15:00,1.36823,1.36842,1.36819,1.3683100000000001,184,1,0
2025-07-10 08:30:00,1.3683100000000001,1.3683100000000001,1.36794,1.36796,167,1,0
2025-07-10 08:45:00,1.36796,1.36866,1.36785,1.36856,717,1,0
2025-07-10 09:00:00,1.36856,1.3685800000000001,1.36712,1.36733,620,1,0
2025-07-10 09:15:00,1.36733,1.36735,1.36691,1.36703,712,1,0
2025-07-10 09:30:00,1.36703,1.36751,1.36695,1.36733,493,1,0
2025-07-10 09:45:00,1.36733,1.3675899999999999,1.36673,1.36677,443,1,0
2025-07-10 10:00:00,1.36676,1.3670499999999999,1.36665,1.36686,453,1,0
2025-07-10 10:15:00,1.36686,1.36704,1.36638,1.36654,504,1,0
2025-07-10 10:30:00,1.36654,1.3670499999999999,1.3664399999999999,1.36693,374,1,0
2025-07-10 10:45:00,1.36693,1.36735,1.3667500000000001,1.36717,487,1,0
2025-07-10 11:00:00,1.36717,1.36731,1.36711,1.36714,314,1,0
2025-07-10 11:15:00,1.36714,1.36746,1.36694,1.36742,411,1,0
2025-07-10 11:30:00,1.36742,1.36781,1.3674,1.3678,383,1,0
2025-07-10 11:45:00,1.3678,1.36786,1.3675899999999999,1.3677000000000001,277,1,0
2025-07-10 12:00:00,1.3677000000000001,1.36782,1.36735,1.3673600000000001,310,1,0
2025-07-10 12:15:00,1.3673600000000001,1.3673600000000001,1.36685,1.36724,379,1,0
2025-07-10 12:30:00,1.36723,1.36743,1.36714,1.36734,312,1,0
2025-07-10 12:45:00,1.36734,1.36788,1.3673199999999999,1.36783,340,1,0
2025-07-10 13:00:00,1.36783,1.36806,1.36778,1.36795,348,1,0
2025-07-10 13:15:00,1.36795,1.36796,1.36775,1.3678,315,1,0
2025-07-10 13:30:00,1.3678,1.36787,1.36758,1.36761,287,1,0
2025-07-10 13:45:00,1.36761,1.36768,1.3672,1.3673,318,1,0
2025-07-10 14:00:00,1.3673,1.3678,1.36721,1.36761,287,1,0
2025-07-10 14:15:00,1.36761,1.36768,1.36722,1.3674,346,1,0
2025-07-10 14:30:00,1.3674,1.36802,1.36737,1.36788,387,1,0
2025-07-10 14:45:00,1.36788,1.3689,1.3678,1.36877,416,1,0
2025-07-10 15:00:00,1.36876,1.36906,1.36847,1.36847,562,1,0
2025-07-10 15:15:00,1.36847,1.3689200000000001,1.36847,1.36875,435,1,0
2025-07-10 15:30:00,1.36874,1.3694899999999999,1.3687,1.36937,533,1,0
2025-07-10 15:45:00,1.36937,1.36948,1.3691200000000001,1.3691900000000001,369,1,0
2025-07-10 16:00:00,1.3691900000000001,1.36927,1.36856,1.36891,528,1,0
2025-07-10 16:15:00,1.36891,1.3697300000000001,1.36876,1.36964,603,1,0
2025-07-10 16:30:00,1.36964,1.37021,1.36952,1.3701699999999999,710,1,0
2025-07-10 16:45:00,1.3701699999999999,1.37084,1.3694899999999999,1.36979,890,1,0
2025-07-10 17:00:00,1.36974,1.3703,1.36945,1.36955,1033,1,0
2025-07-10 17:15:00,1.36954,1.37049,1.36933,1.3701699999999999,915,1,0
2025-07-10 17:30:00,1.3701699999999999,1.37019,1.36948,1.36958,834,1,0
2025-07-10 17:45:00,1.36958,1.3697599999999999,1.36898,1.3691,760,1,0
2025-07-10 18:00:00,1.3691,1.3691,1.36816,1.3684,791,1,0
2025-07-10 18:15:00,1.3684,1.36869,1.36822,1.3685100000000001,624,1,0
2025-07-10 18:30:00,1.3685100000000001,1.36889,1.36822,1.36841,672,1,0
2025-07-10 18:45:00,1.36841,1.36863,1.36808,1.36836,478,1,0
2025-07-10 19:00:00,1.36836,1.3685,1.36775,1.3679000000000001,457,1,0
2025-07-10 19:15:00,1.3679000000000001,1.3679000000000001,1.3672,1.36746,539,1,0
2025-07-10 19:30:00,1.36746,1.36821,1.36746,1.36811,514,1,0
2025-07-10 19:45:00,1.36811,1.36857,1.36806,1.36835,392,1,0
2025-07-10 20:00:00,1.36834,1.36838,1.36772,1.36778,409,1,0
2025-07-10 20:15:00,1.36778,1.36804,1.36768,1.36786,186,1,0
2025-07-10 20:30:00,1.36786,1.36799,1.36755,1.36774,367,1,0
2025-07-10 20:45:00,1.36774,1.3679299999999999,1.36765,1.36772,383,1,0
2025-07-10 21:00:00,1.36772,1.36774,1.36731,1.36738,429,1,0
2025-07-10 21:15:00,1.36738,1.36756,1.3673199999999999,1.36743,371,1,0
2025-07-10 21:30:00,1.36743,1.36743,1.36723,1.36728,250,1,0
2025-07-10 21:45:00,1.36728,1.3674,1.36696,1.36723,263,1,0
2025-07-10 22:00:00,1.36723,1.36733,1.36674,1.36676,363,1,0
2025-07-10 22:15:00,1.36676,1.36695,1.3666,1.3669,313,1,0
2025-07-10 22:30:00,1.3669,1.36695,1.36657,1.3666,295,1,0
2025-07-10 22:45:00,1.3666,1.36689,1.36643,1.36643,430,1,0
2025-07-10 23:00:00,1.36643,1.36659,1.36596,1.3660700000000001,178,1,0
2025-07-10 23:15:00,1.3660700000000001,1.36628,1.36574,1.36582,233,1,0
2025-07-10 23:30:00,1.36582,1.3658299999999999,1.36554,1.36567,225,1,0
2025-07-10 23:45:00,1.36567,1.36579,1.36534,1.36539,355,7,0
2025-07-11 00:00:00,1.36541,1.36635,1.36525,1.36589,58,19,0
2025-07-11 00:15:00,1.36589,1.36629,1.3656,1.36577,205,39,0
2025-07-11 00:30:00,1.36577,1.36577,1.3653,1.36531,92,49,0
2025-07-11 00:45:00,1.36531,1.3655300000000001,1.36529,1.3655300000000001,57,45,0
2025-07-11 01:00:00,1.3655300000000001,1.36575,1.36523,1.3653,97,1,0
2025-07-11 01:15:00,1.3653,1.36545,1.3653,1.36545,70,1,0
2025-07-11 01:30:00,1.36545,1.3655,1.3654,1.36541,69,1,0
2025-07-11 01:45:00,1.36541,1.36544,1.36537,1.36538,88,1,0
2025-07-11 02:00:00,1.36538,1.36554,1.36537,1.36554,83,1,0
2025-07-11 02:15:00,1.36554,1.36569,1.36543,1.3654600000000001,151,1,0
2025-07-11 02:30:00,1.3654600000000001,1.36555,1.36544,1.36555,147,1,0
2025-07-11 02:45:00,1.36555,1.36572,1.36534,1.3656,306,1,0
2025-07-11 03:00:00,1.3656,1.36679,1.36543,1.3666800000000001,788,1,0
2025-07-11 03:15:00,1.3666800000000001,1.37307,1.36652,1.37149,1836,1,0
2025-07-11 03:30:00,1.37148,1.3719000000000001,1.3698299999999999,1.37162,1527,1,0
2025-07-11 03:45:00,1.37162,1.3719000000000001,1.36731,1.36917,1726,1,0
2025-07-11 04:00:00,1.36917,1.37063,1.36862,1.36978,1383,1,0
2025-07-11 04:15:00,1.36978,1.36978,1.36876,1.36889,985,1,0
2025-07-11 04:30:00,1.36889,1.36898,1.36804,1.36883,1250,1,0
2025-07-11 04:45:00,1.36883,1.36965,1.3686099999999999,1.36926,866,1,0
2025-07-11 05:00:00,1.36926,1.36958,1.36908,1.3694600000000001,784,1,0
2025-07-11 05:15:00,1.3694600000000001,1.36996,1.36934,1.3698299999999999,636,1,0
2025-07-11 05:30:00,1.3698299999999999,1.37012,1.3696,1.37001,415,1,0
2025-07-11 05:45:00,1.37001,1.37028,1.36998,1.37026,284,1,0
2025-07-11 06:00:00,1.37026,1.37039,1.3698000000000001,1.36986,442,1,0
2025-07-11 06:15:00,1.36986,1.36986,1.36918,1.3692,575,1,0
2025-07-11 06:30:00,1.3692,1.36957,1.36909,1.36945,505,1,0
2025-07-11 06:45:00,1.36945,1.36947,1.3688,1.3691,539,1,0
2025-07-11 07:00:00,1.3691,1.3695599999999999,1.3691,1.3695599999999999,414,1,0
2025-07-11 07:15:00,1.3695599999999999,1.37002,1.36955,1.36993,379,1,0
2025-07-11 07:30:00,1.36993,1.3700700000000001,1.36964,1.3698299999999999,440,1,0
2025-07-11 07:45:00,1.3698299999999999,1.36984,1.36955,1.36963,446,1,0
2025-07-11 08:00:00,1.36963,1.36977,1.36943,1.3697300000000001,719,1,0
2025-07-11 08:15:00,1.3697300000000001,1.3697599999999999,1.36921,1.36945,654,1,0
2025-07-11 08:30:00,1.36945,1.36945,1.3691,1.36935,315,1,0
2025-07-11 08:45:00,1.36934,1.36971,1.36914,1.36964,453,1,0
2025-07-11 09:00:00,1.36963,1.37012,1.36963,1.3698299999999999,497,1,0
2025-07-11 09:15:00,1.36982,1.36984,1.36945,1.3697599999999999,546,1,0
2025-07-11 09:30:00,1.3697599999999999,1.36994,1.36925,1.3694600000000001,566,1,0
2025-07-11 09:45:00,1.3694600000000001,1.37001,1.36928,1.36993,584,1,0
2025-07-11 10:00:00,1.36993,1.36993,1.36948,1.3697599999999999,605,1,0
2025-07-11 10:15:00,1.3697599999999999,1.36981,1.3688799999999999,1.36894,564,1,0
2025-07-11 10:30:00,1.36894,1.36908,1.36852,1.36866,419,1,0
2025-07-11 10:45:00,1.36866,1.36941,1.36863,1.3692,422,1,0
2025-07-11 11:00:00,1.3692,1.37024,1.36917,1.36994,556,1,0
2025-07-11 11:15:00,1.36994,1.36994,1.36955,1.3697599999999999,529,1,0
2025-07-11 11:30:00,1.3697599999999999,1.3704,1.36967,1.3703400000000001,515,1,0
2025-07-11 11:45:00,1.37035,1.37059,1.37002,1.37012,672,1,0
2025-07-11 12:00:00,1.37012,1.37031,1.37001,1.37004,464,1,0
2025-07-11 12:15:00,1.37004,1.37032,1.36993,1.37031,377,1,0
2025-07-11 12:30:00,1.37031,1.37047,1.36961,1.36975,442,1,0
2025-07-11 12:45:00,1.36975,1.37021,1.36968,1.37003,386,1,0
2025-07-11 13:00:00,1.37003,1.37004,1.36934,1.36944,397,1,0
2025-07-11 13:15:00,1.36944,1.3695599999999999,1.36927,1.36928,475,1,0
2025-07-11 13:30:00,1.36928,1.36938,1.3688799999999999,1.36909,432,1,0
2025-07-11 13:45:00,1.36909,1.3693,1.36898,1.3691499999999999,373,1,0
2025-07-11 14:00:00,1.3691499999999999,1.36939,1.36887,1.36907,464,1,0
2025-07-11 14:15:00,1.36907,1.36916,1.36878,1.36908,290,1,0
2025-07-11 14:30:00,1.36908,1.36909,1.3686099999999999,1.3688,296,1,0
2025-07-11 14:45:00,1.3688,1.3697,1.3688,1.3696,325,1,0
2025-07-11 15:00:00,1.3696,1.37021,1.3696,1.36992,641,1,0
2025-07-11 15:15:00,1.36992,1.37005,1.3686,1.3686,604,1,0
2025-07-11 15:30:00,1.3686,1.3686,1.36521,1.3672900000000001,1414,1,0
2025-07-11 15:45:00,1.3672900000000001,1.3679000000000001,1.36653,1.36786,967,1,0
2025-07-11 16:00:00,1.36786,1.36894,1.36761,1.36852,956,1,0
2025-07-11 16:15:00,1.36852,1.36889,1.36814,1.36817,847,1,0
2025-07-11 16:30:00,1.36817,1.36845,1.36765,1.36834,1073,1,0
2025-07-11 16:45:00,1.36834,1.3701699999999999,1.36832,1.36986,764,1,0
2025-07-11 17:00:00,1.36986,1.37121,1.36967,1.3704100000000001,822,1,0
2025-07-11 17:15:00,1.3704100000000001,1.37096,1.36941,1.36968,717,1,0
2025-07-11 17:30:00,1.36969,1.36997,1.36894,1.3697599999999999,661,1,0
2025-07-11 17:45:00,1.3697599999999999,1.37015,1.36909,1.3697,759,1,0
2025-07-11 18:00:00,1.3697,1.37004,1.369,1.36911,560,1,0
2025-07-11 18:15:00,1.36911,1.36943,1.36863,1.36882,458,1,0
2025-07-11 18:30:00,1.36882,1.36883,1.36789,1.3682699999999999,489,1,0
2025-07-11 18:45:00,1.3682699999999999,1.36862,1.36791,1.36792,564,1,0
2025-07-11 19:00:00,1.36791,1.36918,1.36776,1.36898,622,1,0
2025-07-11 19:15:00,1.36898,1.36911,1.36844,1.36875,516,1,0
2025-07-11 19:30:00,1.36875,1.36883,1.3682699999999999,1.36843,390,1,0
2025-07-11 19:45:00,1.36843,1.36843,1.36778,1.36807,390,1,0
2025-07-11 20:00:00,1.36807,1.36829,1.36791,1.36795,417,1,0
2025-07-11 20:15:00,1.36795,1.3686099999999999,1.36786,1.36828,391,1,0
2025-07-11 20:30:00,1.36828,1.36839,1.36794,1.36799,369,1,0
2025-07-11 20:45:00,1.36799,1.36799,1.3676300000000001,1.36764,288,1,0
2025-07-11 21:00:00,1.36764,1.36768,1.3673600000000001,1.36768,377,1,0
2025-07-11 21:15:00,1.36768,1.36768,1.36695,1.3674,387,1,0
2025-07-11 21:30:00,1.3673899999999999,1.36752,1.36701,1.36701,371,1,0
2025-07-11 21:45:00,1.36701,1.36764,1.36701,1.36752,420,1,0
2025-07-11 22:00:00,1.36752,1.36782,1.36715,1.36716,454,1,0
2025-07-11 22:15:00,1.36716,1.3675,1.36707,1.36743,386,1,0
2025-07-11 22:30:00,1.36743,1.36806,1.36743,1.36806,444,1,0
2025-07-11 22:45:00,1.36806,1.36865,1.36805,1.36844,407,1,0
2025-07-11 23:00:00,1.36844,1.36894,1.36769,1.36811,399,1,0
2025-07-11 23:15:00,1.36811,1.36913,1.3681,1.36899,232,1,0
2025-07-11 23:30:00,1.36899,1.36961,1.36867,1.3688799999999999,357,1,0
2025-07-11 23:45:00,1.3688799999999999,1.36925,1.36868,1.36874,559,7,0
2025-07-14 00:00:00,1.36982,1.36985,1.3691200000000001,1.36978,69,78,0
2025-07-14 00:15:00,1.36978,1.36985,1.36898,1.36925,137,76,0
2025-07-14 00:30:00,1.36925,1.36961,1.36925,1.3696,320,49,0
2025-07-14 00:45:00,1.3696,1.3698299999999999,1.3691,1.36969,393,56,0
2025-07-14 01:00:00,1.36969,1.36993,1.3691200000000001,1.36936,838,1,0
2025-07-14 01:15:00,1.36936,1.36982,1.3691499999999999,1.36962,517,1,0
2025-07-14 01:30:00,1.36962,1.3698299999999999,1.36924,1.36944,391,1,0
2025-07-14 01:45:00,1.36944,1.36981,1.36933,1.36975,267,1,0
2025-07-14 02:00:00,1.36975,1.36987,1.36929,1.36936,805,1,0
2025-07-14 02:15:00,1.36936,1.36942,1.36883,1.36895,576,1,0
2025-07-14 02:30:00,1.36895,1.36906,1.36873,1.36889,601,1,0
2025-07-14 02:45:00,1.36889,1.36889,1.36853,1.36872,251,1,0
2025-07-14 03:00:00,1.36872,1.36876,1.3681,1.36819,867,1,0
2025-07-14 03:15:00,1.36819,1.36828,1.36751,1.36772,681,1,0
2025-07-14 03:30:00,1.36772,1.3682,1.3676599999999999,1.3681,424,1,0
2025-07-14 03:45:00,1.3681,1.3685399999999999,1.3681,1.36836,545,1,0
2025-07-14 04:00:00,1.36836,1.36849,1.36802,1.36841,834,1,0
2025-07-14 04:15:00,1.36841,1.36877,1.36813,1.36874,643,1,0
2025-07-14 04:30:00,1.36874,1.3691900000000001,1.36863,1.36871,768,1,0
2025-07-14 04:45:00,1.3687,1.36931,1.36866,1.3691499999999999,716,1,0
2025-07-14 05:00:00,1.3691499999999999,1.36959,1.36903,1.36942,287,1,0
2025-07-14 05:15:00,1.36942,1.36985,1.3693,1.36972,233,1,0
2025-07-14 05:30:00,1.36972,1.37018,1.36972,1.36997,552,1,0
2025-07-14 05:45:00,1.36997,1.36999,1.3697599999999999,1.3699,391,1,0
2025-07-14 06:00:00,1.3699,1.36998,1.3694,1.36943,231,1,0
2025-07-14 06:15:00,1.36943,1.36962,1.36932,1.36962,301,1,0
2025-07-14 06:30:00,1.3696,1.3698000000000001,1.36948,1.3694899999999999,447,1,0
2025-07-14 06:45:00,1.36948,1.3696,1.3691200000000001,1.36934,564,1,0
2025-07-14 07:00:00,1.36934,1.36978,1.36932,1.36959,502,1,0
2025-07-14 07:15:00,1.36959,1.36975,1.3695,1.36955,484,1,0
2025-07-14 07:30:00,1.36955,1.36972,1.36934,1.36969,601,1,0
2025-07-14 07:45:00,1.36968,1.36987,1.3694,1.3698299999999999,671,1,0
2025-07-14 08:00:00,1.3698299999999999,1.36999,1.3694600000000001,1.3696,723,1,0
2025-07-14 08:15:00,1.3696,1.3698299999999999,1.36958,1.36962,481,1,0
2025-07-14 08:30:00,1.36962,1.37023,1.3695,1.37008,542,1,0
2025-07-14 08:45:00,1.37008,1.37024,1.3697,1.36978,315,1,0
2025-07-14 09:00:00,1.36978,1.36982,1.36945,1.3696,480,1,0
2025-07-14 09:15:00,1.3696,1.36986,1.3694600000000001,1.3695,463,1,0
2025-07-14 09:30:00,1.3695,1.36984,1.36947,1.36963,451,1,0
2025-07-14 09:45:00,1.36963,1.36966,1.36921,1.36942,407,1,0
2025-07-14 10:00:00,1.36941,1.3695599999999999,1.36886,1.36894,676,1,0
2025-07-14 10:15:00,1.36894,1.36943,1.36887,1.36887,393,1,0
2025-07-14 10:30:00,1.36887,1.36902,1.36791,1.36791,598,1,0
2025-07-14 10:45:00,1.36791,1.36812,1.36764,1.36786,581,1,0
2025-07-14 11:00:00,1.36786,1.36809,1.36757,1.3676599999999999,435,1,0
2025-07-14 11:15:00,1.3676599999999999,1.36807,1.36764,1.3679299999999999,467,1,0
2025-07-14 11:30:00,1.3679299999999999,1.36814,1.36783,1.36794,363,1,0
2025-07-14 11:45:00,1.36794,1.3685399999999999,1.36794,1.36832,404,1,0
2025-07-14 12:00:00,1.36832,1.3686,1.3682400000000001,1.36828,348,1,0
2025-07-14 12:15:00,1.36828,1.3684,1.36812,1.36822,373,1,0
2025-07-14 12:30:00,1.36822,1.3683,1.36782,1.3679299999999999,392,1,0
2025-07-14 12:45:00,1.3679299999999999,1.36809,1.36783,1.36801,395,1,0
2025-07-14 13:00:00,1.36802,1.36803,1.3673199999999999,1.36747,395,1,0
2025-07-14 13:15:00,1.36747,1.36774,1.3673199999999999,1.36747,327,1,0
2025-07-14 13:30:00,1.36747,1.36767,1.36744,1.36757,320,1,0
2025-07-14 13:45:00,1.36757,1.3677000000000001,1.36728,1.3673199999999999,331,1,0
2025-07-14 14:00:00,1.3673199999999999,1.36738,1.36707,1.36728,278,1,0
2025-07-14 14:15:00,1.36727,1.36737,1.36701,1.3671,251,1,0
2025-07-14 14:30:00,1.3671,1.36751,1.3671,1.36719,350,1,0
2025-07-14 14:45:00,1.36719,1.36765,1.36714,1.3675899999999999,482,1,0
2025-07-14 15:00:00,1.3675899999999999,1.36773,1.36726,1.36757,398,1,0
2025-07-14 15:15:00,1.36757,1.3679299999999999,1.36704,1.36784,468,1,0
2025-07-14 15:30:00,1.36784,1.3688799999999999,1.36783,1.36867,506,1,0
2025-07-14 15:45:00,1.36867,1.36927,1.36866,1.36899,441,1,0
2025-07-14 16:00:00,1.369,1.36968,1.36894,1.36952,433,1,0
2025-07-14 16:15:00,1.36951,1.36986,1.36939,1.3698299999999999,403,1,0
2025-07-14 16:30:00,1.3698299999999999,1.37009,1.36882,1.3694899999999999,697,1,0
2025-07-14 16:45:00,1.3694899999999999,1.36961,1.36884,1.36913,701,1,0
2025-07-14 17:00:00,1.36913,1.36966,1.36894,1.36921,698,1,0
2025-07-14 17:15:00,1.36921,1.3692199999999999,1.36856,1.36893,498,1,0
2025-07-14 17:30:00,1.36893,1.3692199999999999,1.36826,1.36873,745,1,0
2025-07-14 17:45:00,1.36869,1.36887,1.36823,1.3683100000000001,924,1,0
2025-07-14 18:00:00,1.3683100000000001,1.36855,1.36798,1.36818,666,1,0
2025-07-14 18:15:00,1.36818,1.36882,1.36817,1.36837,598,1,0
2025-07-14 18:30:00,1.36837,1.36848,1.36715,1.36761,668,1,0
2025-07-14 18:45:00,1.36761,1.3696,1.3676,1.3695300000000001,885,1,0
2025-07-14 19:00:00,1.36954,1.36969,1.36897,1.36916,863,1,0
2025-07-14 19:15:00,1.36916,1.36966,1.3691499999999999,1.36939,496,1,0
2025-07-14 19:30:00,1.36939,1.36967,1.36928,1.36938,395,1,0
2025-07-14 19:45:00,1.36938,1.36968,1.36905,1.36935,388,1,0
2025-07-14 20:00:00,1.36935,1.37073,1.36911,1.37056,560,1,0
2025-07-14 20:15:00,1.37056,1.37061,1.37004,1.37004,381,1,0
2025-07-14 20:30:00,1.37004,1.37077,1.36996,1.3707099999999999,334,1,0
2025-07-14 20:45:00,1.3707099999999999,1.37081,1.37059,1.37072,403,1,0
2025-07-14 21:00:00,1.37072,1.37073,1.37042,1.37054,309,1,0
2025-07-14 21:15:00,1.37054,1.37054,1.37032,1.3703400000000001,206,1,0
2025-07-14 21:30:00,1.3703400000000001,1.37036,1.36967,1.36967,332,1,0
2025-07-14 21:45:00,1.36967,1.37028,1.36966,1.36996,300,1,0
2025-07-14 22:00:00,1.36996,1.37001,1.36955,1.3697599999999999,304,1,0
2025-07-14 22:15:00,1.3697599999999999,1.3700700000000001,1.3697599999999999,1.36985,208,1,0
2025-07-14 22:30:00,1.36985,1.37016,1.3698299999999999,1.37013,324,1,0
2025-07-14 22:45:00,1.37013,1.37021,1.36964,1.36978,330,1,0
2025-07-14 23:00:00,1.36979,1.36994,1.36952,1.3696,230,1,0
2025-07-14 23:15:00,1.3696,1.37008,1.36959,1.37006,167,1,0
2025-07-14 23:30:00,1.37006,1.3703699999999999,1.37004,1.37023,210,1,0
2025-07-14 23:45:00,1.37023,1.3707,1.37021,1.37042,402,7,0
2025-07-15 00:00:00,1.37038,1.37038,1.36887,1.36994,33,28,0
2025-07-15 00:15:00,1.36994,1.3700700000000001,1.3692199999999999,1.36987,103,52,0
2025-07-15 00:30:00,1.36987,1.37015,1.36986,1.37004,262,48,0
2025-07-15 00:45:00,1.37004,1.37005,1.3697599999999999,1.36977,210,56,0
2025-07-15 01:00:00,1.36977,1.37063,1.36977,1.37056,235,1,0
2025-07-15 01:15:00,1.37056,1.3706,1.3704399999999999,1.37049,364,1,0
2025-07-15 01:30:00,1.37049,1.37055,1.37036,1.3703699999999999,199,1,0
2025-07-15 01:45:00,1.3703699999999999,1.37047,1.37018,1.3704399999999999,128,1,0
2025-07-15 02:00:00,1.3704399999999999,1.3707500000000001,1.37036,1.3707500000000001,184,1,0
2025-07-15 02:15:00,1.3707500000000001,1.37091,1.37069,1.37076,152,1,0
2025-07-15 02:30:00,1.37076,1.37088,1.37056,1.37064,303,1,0
2025-07-15 02:45:00,1.37064,1.3706800000000001,1.37046,1.37064,249,1,0
2025-07-15 03:00:00,1.37064,1.37077,1.36998,1.37,669,1,0
2025-07-15 03:15:00,1.37,1.3702,1.3697599999999999,1.36981,569,1,0
2025-07-15 03:30:00,1.36981,1.3700700000000001,1.36979,1.37,279,1,0
2025-07-15 03:45:00,1.37,1.37006,1.36984,1.37004,421,1,0
2025-07-15 04:00:00,1.37004,1.37031,1.36996,1.37002,421,1,0
2025-07-15 04:15:00,1.37002,1.37008,1.36979,1.37004,378,1,0
2025-07-15 04:30:00,1.37004,1.37035,1.36995,1.37,707,1,0
2025-07-15 04:45:00,1.36999,1.37001,1.3694,1.3698299999999999,1091,1,0
2025-07-15 05:00:00,1.3698299999999999,1.37013,1.3697300000000001,1.36982,975,1,0
2025-07-15 05:15:00,1.36982,1.37019,1.36967,1.3697,349,1,0
2025-07-15 05:30:00,1.3697,1.36993,1.36964,1.36993,502,1,0
2025-07-15 05:45:00,1.36994,1.37013,1.3698000000000001,1.36989,430,1,0
2025-07-15 06:00:00,1.36989,1.37006,1.3698000000000001,1.37,509,1,0
2025-07-15 06:15:00,1.37,1.3700700000000001,1.36972,1.36991,715,1,0
2025-07-15 06:30:00,1.36992,1.37005,1.3698000000000001,1.37005,429,1,0
2025-07-15 06:45:00,1.37005,1.3700700000000001,1.36968,1.3698000000000001,272,1,0
2025-07-15 07:00:00,1.3698000000000001,1.3698299999999999,1.3694899999999999,1.36964,162,1,0
2025-07-15 07:15:00,1.36965,1.36989,1.36965,1.36982,339,1,0
2025-07-15 07:30:00,1.36982,1.37019,1.36978,1.37005,401,1,0
2025-07-15 07:45:00,1.37005,1.37005,1.3698299999999999,1.36996,328,1,0
2025-07-15 08:00:00,1.36996,1.37,1.36955,1.36969,290,1,0
2025-07-15 08:15:00,1.36969,1.36971,1.36933,1.36938,276,1,0
2025-07-15 08:30:00,1.36938,1.3694600000000001,1.36914,1.36942,314,1,0
2025-07-15 08:45:00,1.36942,1.36959,1.3691499999999999,1.36926,354,1,0
2025-07-15 09:00:00,1.36926,1.36944,1.3688500000000001,1.36916,385,1,0
2025-07-15 09:15:00,1.36916,1.3696,1.3691499999999999,1.36958,436,1,0
2025-07-15 09:30:00,1.36957,1.36972,1.3693,1.36957,286,1,0
2025-07-15 09:45:00,1.36957,1.37028,1.3695599999999999,1.37011,377,1,0
2025-07-15 10:00:00,1.37011,1.37033,1.36998,1.37016,428,1,0
2025-07-15 10:15:00,1.37016,1.3702,1.36984,1.37009,474,1,0
2025-07-15 10:30:00,1.37009,1.37015,1.36905,1.36916,467,1,0
2025-07-15 10:45:00,1.36916,1.36924,1.36881,1.36882,536,1,0
2025-07-15 11:00:00,1.36882,1.36891,1.36849,1.3686,476,1,0
2025-07-15 11:15:00,1.3686,1.36868,1.36841,1.36855,444,1,0
2025-07-15 11:30:00,1.36855,1.36872,1.36839,1.3685800000000001,411,1,0
2025-07-15 11:45:00,1.3685800000000001,1.36865,1.36838,1.36853,311,1,0
2025-07-15 12:00:00,1.36853,1.3689,1.3685100000000001,1.36879,409,1,0
2025-07-15 12:15:00,1.36879,1.36932,1.36874,1.36906,380,1,0
2025-07-15 12:30:00,1.36906,1.3692,1.36871,1.36901,409,1,0
2025-07-15 12:45:00,1.36901,1.36934,1.36884,1.36903,440,1,0
2025-07-15 13:00:00,1.36903,1.36906,1.3686,1.36877,299,1,0
2025-07-15 13:15:00,1.36877,1.36878,1.36841,1.36862,391,1,0
2025-07-15 13:30:00,1.36862,1.36894,1.36857,1.36859,357,1,0
2025-07-15 13:45:00,1.36859,1.36862,1.36812,1.3682400000000001,434,1,0
2025-07-15 14:00:00,1.3682400000000001,1.36847,1.36803,1.36839,390,1,0
2025-07-15 14:15:00,1.36839,1.36889,1.36834,1.36887,433,1,0
2025-07-15 14:30:00,1.36887,1.36891,1.36859,1.36884,323,1,0
2025-07-15 14:45:00,1.36884,1.36904,1.3686099999999999,1.36884,287,1,0
2025-07-15 15:00:00,1.36884,1.36936,1.36883,1.36902,464,1,0
2025-07-15 15:15:00,1.36902,1.36943,1.36876,1.36876,404,1,0
2025-07-15 15:30:00,1.36878,1.36907,1.36661,1.36818,1276,3,0
2025-07-15 15:45:00,1.36818,1.36828,1.36718,1.36747,688,1,0
2025-07-15 16:00:00,1.36747,1.36829,1.3673,1.36762,819,1,0
2025-07-15 16:15:00,1.36764,1.36809,1.36745,1.36755,600,1,0
2025-07-15 16:30:00,1.36756,1.3696,1.36746,1.3692199999999999,1399,1,0
2025-07-15 16:45:00,1.36924,1.37008,1.36903,1.3698299999999999,1213,1,0
2025-07-15 17:00:00,1.3698299999999999,1.37097,1.36981,1.37036,1479,1,0
2025-07-15 17:15:00,1.37036,1.37109,1.37033,1.37108,1046,1,0
2025-07-15 17:30:00,1.37108,1.37171,1.37096,1.37134,746,1,0
2025-07-15 17:45:00,1.37134,1.37216,1.37125,1.3719299999999999,1007,1,0
2025-07-15 18:00:00,1.3719299999999999,1.37259,1.37173,1.3725,1021,1,0
2025-07-15 18:15:00,1.37249,1.37291,1.3718,1.37228,857,1,0
2025-07-15 18:30:00,1.37228,1.37289,1.37204,1.37231,570,1,0
2025-07-15 18:45:00,1.37231,1.37253,1.37112,1.37141,754,1,0
2025-07-15 19:00:00,1.37142,1.37226,1.37106,1.37203,601,1,0
2025-07-15 19:15:00,1.37202,1.37248,1.37191,1.37241,435,1,0
2025-07-15 19:30:00,1.37244,1.373,1.37234,1.37234,568,1,0
2025-07-15 19:45:00,1.37235,1.37283,1.37235,1.37246,657,1,0
2025-07-15 20:00:00,1.37246,1.3729,1.37234,1.37249,502,1,0
2025-07-15 20:15:00,1.37249,1.37272,1.37208,1.37236,354,1,0
2025-07-15 20:30:00,1.37236,1.37248,1.3719700000000001,1.37209,342,1,0
2025-07-15 20:45:00,1.37209,1.37209,1.37162,1.37173,319,1,0
2025-07-15 21:00:00,1.37174,1.37195,1.37127,1.37146,407,1,0
2025-07-15 21:15:00,1.37146,1.37158,1.37124,1.37142,387,1,0
2025-07-15 21:30:00,1.37141,1.3716,1.37125,1.37155,328,1,0
2025-07-15 21:45:00,1.37154,1.37189,1.37143,1.37161,384,1,0
2025-07-15 22:00:00,1.37161,1.37189,1.37147,1.37173,417,1,0
2025-07-15 22:15:00,1.37174,1.37182,1.37141,1.37162,353,1,0
2025-07-15 22:30:00,1.37162,1.37183,1.3716,1.37164,270,1,0
2025-07-15 22:45:00,1.37165,1.3722699999999999,1.37141,1.37219,527,1,0
2025-07-15 23:00:00,1.37219,1.3724,1.37199,1.37231,263,1,0
2025-07-15 23:15:00,1.37231,1.37241,1.37207,1.3721999999999999,96,1,0
2025-07-15 23:30:00,1.3721999999999999,1.3725100000000001,1.3719700000000001,1.37245,242,1,0
2025-07-15 23:45:00,1.37245,1.3725,1.37203,1.3722400000000001,280,7,0
2025-07-16 00:00:00,1.3721,1.37246,1.3709500000000001,1.37186,78,35,0
2025-07-16 00:15:00,1.37186,1.3719700000000001,1.37096,1.37151,220,47,0
2025-07-16 00:30:00,1.37151,1.37171,1.3714,1.3716300000000001,305,53,0
2025-07-16 00:45:00,1.3716300000000001,1.37172,1.37116,1.3716,784,46,0
2025-07-16 01:00:00,1.3716,1.37212,1.3715600000000001,1.37203,235,1,0
2025-07-16 01:15:00,1.37203,1.37214,1.37198,1.37204,118,1,0
2025-07-16 01:30:00,1.37204,1.37222,1.37204,1.37213,80,1,0
2025-07-16 01:45:00,1.37213,1.37214,1.37182,1.37185,68,1,0
2025-07-16 02:00:00,1.37185,1.37207,1.37185,1.37207,168,1,0
2025-07-16 02:15:00,1.37207,1.37211,1.3719000000000001,1.3719299999999999,73,1,0
2025-07-16 02:30:00,1.3719299999999999,1.3719299999999999,1.37164,1.37167,185,1,0
2025-07-16 02:45:00,1.37167,1.37176,1.37161,1.37167,240,1,0
2025-07-16 03:00:00,1.37167,1.37194,1.37145,1.37189,766,1,0
2025-07-16 03:15:00,1.37189,1.37205,1.3716599999999999,1.37176,419,1,0
2025-07-16 03:30:00,1.37176,1.37192,1.37109,1.37117,755,1,0
2025-07-16 03:45:00,1.37117,1.37145,1.37091,1.37127,742,1,0
2025-07-16 04:00:00,1.37125,1.37134,1.37108,1.37113,461,1,0
2025-07-16 04:15:00,1.37113,1.37131,1.37091,1.3713,365,1,0
2025-07-16 04:30:00,1.3713,1.37131,1.3710200000000001,1.37131,488,1,0
2025-07-16 04:45:00,1.37131,1.37137,1.37108,1.37135,476,1,0
2025-07-16 05:00:00,1.37135,1.37196,1.3713199999999999,1.37179,592,1,0
2025-07-16 05:15:00,1.37179,1.37192,1.3715899999999999,1.37189,486,1,0
2025-07-16 05:30:00,1.37189,1.37218,1.37183,1.3721,463,1,0
2025-07-16 05:45:00,1.3721,1.37215,1.3719299999999999,1.37205,382,1,0
2025-07-16 06:00:00,1.37209,1.3721,1.37172,1.37181,377,1,0
2025-07-16 06:15:00,1.37181,1.37183,1.37149,1.37171,296,1,0
2025-07-16 06:30:00,1.37171,1.3719700000000001,1.37158,1.3719700000000001,415,1,0
2025-07-16 06:45:00,1.3719700000000001,1.37222,1.37192,1.37206,506,1,0
2025-07-16 07:00:00,1.37206,1.37211,1.37177,1.3719999999999999,442,1,0
2025-07-16 07:15:00,1.3719999999999999,1.37204,1.37188,1.37195,296,1,0
2025-07-16 07:30:00,1.37195,1.37198,1.3716599999999999,1.3719700000000001,369,1,0
2025-07-16 07:45:00,1.3719700000000001,1.37198,1.37153,1.37158,371,1,0
2025-07-16 08:00:00,1.37158,1.3716,1.37138,1.37148,705,1,0
2025-07-16 08:15:00,1.37148,1.37149,1.37127,1.37141,359,1,0
2025-07-16 08:30:00,1.37141,1.37151,1.37127,1.3712900000000001,351,1,0
2025-07-16 08:45:00,1.3712900000000001,1.3713899999999999,1.37113,1.37113,384,1,0
2025-07-16 09:00:00,1.37113,1.3713899999999999,1.37106,1.3712900000000001,450,1,0
2025-07-16 09:15:00,1.3712900000000001,1.37138,1.37106,1.3713,446,1,0
2025-07-16 09:30:00,1.3713,1.37161,1.37111,1.37131,381,1,0
2025-07-16 09:45:00,1.37131,1.37169,1.3709500000000001,1.37097,379,1,0
2025-07-16 10:00:00,1.37097,1.37144,1.37065,1.3713600000000001,416,1,0
2025-07-16 10:15:00,1.3713600000000001,1.37141,1.37089,1.37112,325,1,0
2025-07-16 10:30:00,1.37112,1.37168,1.3710200000000001,1.37151,414,1,0
2025-07-16 10:45:00,1.37151,1.37195,1.37151,1.37157,494,1,0
2025-07-16 11:00:00,1.37154,1.37183,1.3712900000000001,1.37141,472,1,0
2025-07-16 11:15:00,1.37141,1.37171,1.37122,1.37168,381,1,0
2025-07-16 11:30:00,1.37168,1.3721700000000001,1.37168,1.3719700000000001,393,1,0
2025-07-16 11:45:00,1.3719700000000001,1.37226,1.3719700000000001,1.3719999999999999,284,1,0
2025-07-16 12:00:00,1.3719999999999999,1.37257,1.3719700000000001,1.3725,342,1,0
2025-07-16 12:15:00,1.3725,1.37263,1.37232,1.37245,393,1,0
2025-07-16 12:30:00,1.37244,1.37255,1.3721700000000001,1.3722699999999999,320,1,0
2025-07-16 12:45:00,1.3722699999999999,1.37246,1.37206,1.37228,385,1,0
2025-07-16 13:00:00,1.37228,1.37237,1.37204,1.37215,259,1,0
2025-07-16 13:15:00,1.37214,1.37246,1.37209,1.37239,297,1,0
2025-07-16 13:30:00,1.37239,1.37239,1.3719700000000001,1.37199,324,1,0
2025-07-16 13:45:00,1.37199,1.37222,1.37198,1.3721700000000001,264,1,0
2025-07-16 14:00:00,1.37216,1.37241,1.37198,1.3724,267,1,0
2025-07-16 14:15:00,1.3724,1.37271,1.37228,1.37271,254,1,0
2025-07-16 14:30:00,1.37271,1.3728099999999999,1.37244,1.37269,203,1,0
2025-07-16 14:45:00,1.37269,1.37292,1.37233,1.3728099999999999,288,1,0
2025-07-16 15:00:00,1.3728099999999999,1.37283,1.37234,1.37264,326,1,0
2025-07-16 15:15:00,1.37264,1.37287,1.3725800000000001,1.3725800000000001,372,1,0
2025-07-16 15:30:00,1.37257,1.37262,1.37127,1.3718,969,1,0
2025-07-16 15:45:00,1.3718,1.37283,1.3715899999999999,1.3725399999999999,585,1,0
2025-07-16 16:00:00,1.3725399999999999,1.37297,1.37233,1.37283,503,1,0
2025-07-16 16:15:00,1.37283,1.37314,1.3726099999999999,1.37307,557,1,0
2025-07-16 16:30:00,1.37307,1.37389,1.37307,1.37386,798,1,0
2025-07-16 16:45:00,1.37388,1.3750499999999999,1.37385,1.37461,934,1,0
2025-07-16 17:00:00,1.37461,1.37488,1.3740700000000001,1.37479,851,1,0
2025-07-16 17:15:00,1.37479,1.37515,1.3746800000000001,1.37488,596,1,0
2025-07-16 17:30:00,1.37487,1.37555,1.37487,1.37519,683,1,0
2025-07-16 17:45:00,1.37519,1.3754,1.3737,1.37413,1425,1,0
2025-07-16 18:00:00,1.37413,1.37413,1.37235,1.37241,1222,1,0
2025-07-16 18:15:00,1.37241,1.37252,1.36944,1.36954,2239,1,0
2025-07-16 18:30:00,1.36954,1.36982,1.36802,1.36849,2128,1,0
2025-07-16 18:45:00,1.36849,1.37208,1.3682699999999999,1.37077,2369,1,0
2025-07-16 19:00:00,1.37077,1.37138,1.3687,1.36905,2023,1,0
2025-07-16 19:15:00,1.36906,1.37027,1.36904,1.3701699999999999,1055,1,0
2025-07-16 19:30:00,1.3701699999999999,1.37077,1.36965,1.3698000000000001,831,1,0
2025-07-16 19:45:00,1.3698000000000001,1.37004,1.3688500000000001,1.36897,593,1,0
2025-07-16 20:00:00,1.36897,1.36938,1.36833,1.36879,651,1,0
2025-07-16 20:15:00,1.36879,1.3691200000000001,1.36872,1.3691200000000001,520,1,0
2025-07-16 20:30:00,1.3691200000000001,1.3697300000000001,1.36887,1.3695300000000001,429,1,0
2025-07-16 20:45:00,1.3695300000000001,1.36998,1.36884,1.3698000000000001,538,1,0
2025-07-16 21:00:00,1.36979,1.37029,1.36968,1.36978,487,1,0
2025-07-16 21:15:00,1.36978,1.37008,1.36959,1.37008,360,1,0
2025-07-16 21:30:00,1.37008,1.37036,1.36975,1.37028,334,1,0
2025-07-16 21:45:00,1.37028,1.37038,1.36999,1.3702,352,1,0
2025-07-16 22:00:00,1.3702,1.37021,1.36959,1.36975,483,1,0
2025-07-16 22:15:00,1.36975,1.3700999999999999,1.36929,1.36929,306,1,0
2025-07-16 22:30:00,1.36929,1.36936,1.36871,1.36876,476,1,0
2025-07-16 22:45:00,1.36876,1.36897,1.36826,1.36842,523,1,0
2025-07-16 23:00:00,1.36843,1.36869,1.36822,1.36832,259,1,0
2025-07-16 23:15:00,1.36832,1.36855,1.3683100000000001,1.3684,180,1,0
2025-07-16 23:30:00,1.3684,1.36879,1.36819,1.36829,301,1,0
2025-07-16 23:45:00,1.36829,1.36857,1.36804,1.3681,422,7,0
2025-07-17 00:00:00,1.3681,1.3683,1.3677000000000001,1.3683,76,25,0
2025-07-17 00:15:00,1.3683,1.36834,1.36807,1.36826,170,70,0
2025-07-17 00:30:00,1.36826,1.36857,1.36822,1.3685,169,35,0
2025-07-17 00:45:00,1.3685,1.36857,1.36819,1.3683100000000001,207,35,0
2025-07-17 01:00:00,1.36826,1.36864,1.36822,1.3685,118,1,0
2025-07-17 01:15:00,1.3685,1.36871,1.36848,1.36868,69,1,0
2025-07-17 01:30:00,1.36868,1.36874,1.3685100000000001,1.36873,89,1,0
2025-07-17 01:45:00,1.36873,1.3689200000000001,1.36871,1.36891,52,1,0
2025-07-17 02:00:00,1.36891,1.36891,1.36869,1.36882,162,1,0
2025-07-17 02:15:00,1.36882,1.36891,1.3686099999999999,1.36877,182,1,0
2025-07-17 02:30:00,1.36877,1.3691200000000001,1.36876,1.36909,234,1,0
2025-07-17 02:45:00,1.36909,1.36909,1.36883,1.36901,365,1,0
2025-07-17 03:00:00,1.36901,1.36974,1.36894,1.36961,722,1,0
2025-07-17 03:15:00,1.36961,1.36982,1.3695599999999999,1.36968,501,1,0
2025-07-17 03:30:00,1.36968,1.37045,1.36966,1.37039,595,1,0
2025-07-17 03:45:00,1.37038,1.37057,1.3700700000000001,1.37009,598,1,0
2025-07-17 04:00:00,1.37009,1.3704100000000001,1.36993,1.37012,498,1,0
2025-07-17 04:15:00,1.37012,1.3705,1.36991,1.37049,652,1,0
2025-07-17 04:30:00,1.37049,1.37126,1.37049,1.37072,1188,1,0
2025-07-17 04:45:00,1.37072,1.37079,1.3703699999999999,1.37049,891,1,0
2025-07-17 05:00:00,1.37049,1.3715,1.37048,1.37134,583,1,0
2025-07-17 05:15:00,1.37134,1.37161,1.3712900000000001,1.3713600000000001,634,1,0
2025-07-17 05:30:00,1.3713600000000001,1.37179,1.37131,1.37162,632,1,0
2025-07-17 05:45:00,1.37162,1.37192,1.37161,1.37185,669,1,0
2025-07-17 06:00:00,1.37185,1.37207,1.3717,1.37188,432,1,0
2025-07-17 06:15:00,1.37188,1.3719000000000001,1.37162,1.37165,473,1,0
2025-07-17 06:30:00,1.37165,1.37202,1.37161,1.3716300000000001,588,1,0
2025-07-17 06:45:00,1.3716300000000001,1.3719000000000001,1.37151,1.3715899999999999,288,1,0
2025-07-17 07:00:00,1.3715899999999999,1.37198,1.37157,1.37188,215,1,0
2025-07-17 07:15:00,1.37188,1.37191,1.37171,1.37181,161,1,0
2025-07-17 07:30:00,1.37181,1.37181,1.37162,1.37179,151,1,0
2025-07-17 07:45:00,1.37179,1.3718,1.3714,1.37144,321,1,0
2025-07-17 08:00:00,1.37144,1.37151,1.37125,1.3713199999999999,402,1,0
2025-07-17 08:15:00,1.3713199999999999,1.37143,1.3712,1.37123,115,1,0
2025-07-17 08:30:00,1.37123,1.37135,1.37111,1.37116,348,1,0
2025-07-17 08:45:00,1.37116,1.37151,1.3709799999999999,1.37151,407,1,0
2025-07-17 09:00:00,1.37151,1.3721700000000001,1.37142,1.37207,701,1,0
2025-07-17 09:15:00,1.37208,1.37291,1.3719000000000001,1.37291,746,1,0
2025-07-17 09:30:00,1.3729,1.37307,1.37252,1.3728500000000001,738,1,0
2025-07-17 09:45:00,1.3728500000000001,1.3731200000000001,1.37239,1.37243,590,1,0
2025-07-17 10:00:00,1.37243,1.37366,1.37242,1.37329,641,1,0
2025-07-17 10:15:00,1.37329,1.3739,1.37329,1.3737300000000001,550,1,0
2025-07-17 10:30:00,1.3737300000000001,1.37432,1.3737300000000001,1.37405,515,1,0
2025-07-17 10:45:00,1.37405,1.37458,1.374,1.37439,540,1,0
2025-07-17 11:00:00,1.37439,1.37479,1.37438,1.37451,484,1,0
2025-07-17 11:15:00,1.37451,1.37459,1.37415,1.37416,511,1,0
2025-07-17 11:30:00,1.37416,1.37445,1.37393,1.37413,503,1,0
2025-07-17 11:45:00,1.37411,1.37442,1.37404,1.37432,427,1,0
2025-07-17 12:00:00,1.37431,1.3749500000000001,1.37425,1.3747500000000001,523,1,0
2025-07-17 12:15:00,1.3747500000000001,1.37487,1.3745,1.37461,391,1,0
2025-07-17 12:30:00,1.37461,1.3747,1.37442,1.3746,300,1,0
2025-07-17 12:45:00,1.3746,1.3749,1.37458,1.37487,409,1,0
2025-07-17 13:00:00,1.37487,1.3752,1.3747,1.3752,379,1,0
2025-07-17 13:15:00,1.3752,1.37567,1.37517,1.37519,500,1,0
2025-07-17 13:30:00,1.37519,1.3756300000000001,1.37512,1.3756300000000001,368,1,0
2025-07-17 13:45:00,1.3756300000000001,1.37674,1.3756300000000001,1.37664,387,1,0
2025-07-17 14:00:00,1.37664,1.37704,1.37646,1.3767800000000001,434,1,0
2025-07-17 14:15:00,1.3767800000000001,1.37704,1.37677,1.37695,312,1,0
2025-07-17 14:30:00,1.37695,1.37702,1.37674,1.37694,218,1,0
2025-07-17 14:45:00,1.37694,1.37696,1.3763,1.37633,360,1,0
2025-07-17 15:00:00,1.37633,1.37653,1.37608,1.3761,631,1,0
2025-07-17 15:15:00,1.37609,1.37668,1.37584,1.37608,544,1,0
2025-07-17 15:30:00,1.37607,1.3774199999999999,1.37599,1.37636,1214,1,0
2025-07-17 15:45:00,1.37636,1.37643,1.37565,1.37592,780,1,0
2025-07-17 16:00:00,1.37592,1.37596,1.3753199999999999,1.3756599999999999,753,1,0
2025-07-17 16:15:00,1.3756599999999999,1.37657,1.37554,1.37614,736,1,0
2025-07-17 16:30:00,1.37614,1.3762400000000001,1.37459,1.37487,831,1,0
2025-07-17 16:45:00,1.37487,1.3753600000000001,1.37463,1.37507,807,1,0
2025-07-17 17:00:00,1.37507,1.37573,1.3748,1.37517,868,1,0
2025-07-17 17:15:00,1.37517,1.37519,1.37479,1.37492,675,1,0
2025-07-17 17:30:00,1.37492,1.37552,1.37463,1.37504,488,1,0
2025-07-17 17:45:00,1.37504,1.3756300000000001,1.37461,1.3755899999999999,952,1,0
2025-07-17 18:00:00,1.3755899999999999,1.3756,1.3747099999999999,1.375,565,1,0
2025-07-17 18:15:00,1.375,1.3753600000000001,1.37479,1.37479,473,1,0
2025-07-17 18:30:00,1.37479,1.37512,1.37415,1.37512,559,1,0
2025-07-17 18:45:00,1.37512,1.37535,1.37449,1.37503,488,1,0
2025-07-17 19:00:00,1.37503,1.37511,1.37477,1.37481,454,1,0
2025-07-17 19:15:00,1.37481,1.37522,1.37479,1.3749799999999999,372,1,0
2025-07-17 19:30:00,1.3749799999999999,1.37623,1.37479,1.37567,472,1,0
2025-07-17 19:45:00,1.3756599999999999,1.37582,1.37523,1.37526,539,1,0
2025-07-17 20:00:00,1.37526,1.37547,1.3750499999999999,1.37517,407,1,0
2025-07-17 20:15:00,1.37517,1.37527,1.37481,1.37499,427,1,0
2025-07-17 20:30:00,1.37499,1.3755,1.37461,1.37542,367,1,0
2025-07-17 20:45:00,1.37542,1.3755899999999999,1.37528,1.37537,353,1,0
2025-07-17 21:00:00,1.37537,1.37557,1.37508,1.37518,269,1,0
2025-07-17 21:15:00,1.37518,1.3755,1.37512,1.37519,260,1,0
2025-07-17 21:30:00,1.37519,1.37538,1.37516,1.3753199999999999,352,1,0
2025-07-17 21:45:00,1.3753199999999999,1.37549,1.3749,1.37499,378,1,0
2025-07-17 22:00:00,1.37499,1.37509,1.37489,1.37499,326,1,0
2025-07-17 22:15:00,1.37499,1.3750499999999999,1.37463,1.3749,300,1,0
2025-07-17 22:30:00,1.3749,1.37496,1.3743,1.37484,341,1,0
2025-07-17 22:45:00,1.37484,1.37488,1.37447,1.37448,444,1,0
2025-07-17 23:00:00,1.37449,1.37461,1.37428,1.3743,257,1,0
2025-07-17 23:15:00,1.3743,1.3746800000000001,1.3743,1.37459,130,1,0
2025-07-17 23:30:00,1.37459,1.37478,1.3744,1.37459,139,1,0
2025-07-17 23:45:00,1.37459,1.37531,1.37455,1.37528,306,7,0
2025-07-18 00:00:00,1.37517,1.37517,1.37415,1.37491,22,21,0
2025-07-18 00:15:00,1.37491,1.37491,1.37411,1.3747500000000001,73,42,0
2025-07-18 00:30:00,1.3747500000000001,1.37499,1.37459,1.37472,82,35,0
2025-07-18 00:45:00,1.37472,1.37507,1.37451,1.37483,55,36,0
2025-07-18 01:00:00,1.37483,1.3750200000000001,1.37454,1.37492,94,1,0
2025-07-18 01:15:00,1.37492,1.37497,1.37484,1.37485,147,1,0
2025-07-18 01:30:00,1.37486,1.37486,1.37415,1.37428,250,1,0
2025-07-18 01:45:00,1.37428,1.37429,1.3740999999999999,1.37415,129,1,0
2025-07-18 02:00:00,1.37415,1.37417,1.37385,1.37408,224,1,0
2025-07-18 02:15:00,1.37408,1.37408,1.37384,1.37385,256,1,0
2025-07-18 02:30:00,1.37385,1.37385,1.37363,1.3737599999999999,152,1,0
2025-07-18 02:45:00,1.3737599999999999,1.3738299999999999,1.37364,1.37367,388,1,0
2025-07-18 03:00:00,1.37367,1.37379,1.37352,1.37356,489,1,0
2025-07-18 03:15:00,1.37356,1.37364,1.3734600000000001,1.37355,247,1,0
2025-07-18 03:30:00,1.37355,1.37366,1.37301,1.37341,423,1,0
2025-07-18 03:45:00,1.37341,1.37378,1.3731900000000001,1.37353,575,1,0
2025-07-18 04:00:00,1.37353,1.37365,1.37305,1.37358,655,1,0
2025-07-18 04:15:00,1.37358,1.37378,1.37344,1.37377,573,1,0
2025-07-18 04:30:00,1.37377,1.37385,1.37355,1.37377,403,1,0
2025-07-18 04:45:00,1.37377,1.37382,1.37325,1.3738000000000001,506,1,0
2025-07-18 05:00:00,1.3738000000000001,1.37404,1.37364,1.3739,485,1,0
2025-07-18 05:15:00,1.3739,1.37406,1.37369,1.37375,397,1,0
2025-07-18 05:30:00,1.37375,1.37386,1.37356,1.3737300000000001,429,1,0
2025-07-18 05:45:00,1.3737300000000001,1.37377,1.37353,1.3737599999999999,382,1,0
2025-07-18 06:00:00,1.3737599999999999,1.37395,1.37375,1.37378,386,1,0
2025-07-18 06:15:00,1.37378,1.37392,1.37364,1.37367,497,1,0
2025-07-18 06:30:00,1.37367,1.37394,1.37355,1.37384,355,1,0
2025-07-18 06:45:00,1.37384,1.37418,1.3738299999999999,1.37404,482,1,0
2025-07-18 07:00:00,1.37404,1.37425,1.37402,1.37421,412,1,0
2025-07-18 07:15:00,1.3742,1.37422,1.374,1.37405,403,1,0
2025-07-18 07:30:00,1.37405,1.37418,1.37401,1.37413,309,1,0
2025-07-18 07:45:00,1.37413,1.37421,1.37384,1.3740700000000001,304,1,0
2025-07-18 08:00:00,1.3740700000000001,1.37425,1.3740299999999999,1.37408,284,1,0
2025-07-18 08:15:00,1.37409,1.3742,1.37395,1.37397,326,1,0
2025-07-18 08:30:00,1.37397,1.37418,1.3737,1.37382,535,1,0
2025-07-18 08:45:00,1.37382,1.37395,1.37371,1.37378,412,1,0
2025-07-18 09:00:00,1.37378,1.37426,1.3737599999999999,1.37397,375,1,0
2025-07-18 09:15:00,1.37397,1.37408,1.37385,1.37388,231,1,0
2025-07-18 09:30:00,1.37388,1.37397,1.37357,1.37396,250,1,0
2025-07-18 09:45:00,1.37396,1.37404,1.37366,1.37387,231,1,0
2025-07-18 10:00:00,1.37387,1.37406,1.37357,1.37406,316,1,0
2025-07-18 10:15:00,1.37406,1.37412,1.37378,1.3740700000000001,400,1,0
2025-07-18 10:30:00,1.3740700000000001,1.37411,1.37365,1.3737300000000001,427,1,0
2025-07-18 10:45:00,1.3737300000000001,1.37387,1.37328,1.37329,337,1,0
2025-07-18 11:00:00,1.37329,1.3733,1.37271,1.3729,416,1,0
2025-07-18 11:15:00,1.3729,1.37341,1.37283,1.37303,366,1,0
2025-07-18 11:30:00,1.37303,1.37303,1.37252,1.37264,362,1,0
2025-07-18 11:45:00,1.37264,1.3727,1.37243,1.37264,388,1,0
2025-07-18 12:00:00,1.37262,1.37264,1.37235,1.37249,343,1,0
2025-07-18 12:15:00,1.37249,1.37264,1.37244,1.37253,303,1,0
2025-07-18 12:30:00,1.37253,1.37262,1.37242,1.3725800000000001,173,1,0
2025-07-18 12:45:00,1.3725800000000001,1.37271,1.37257,1.37265,222,1,0
2025-07-18 13:00:00,1.37265,1.37311,1.37255,1.37271,354,1,0
2025-07-18 13:15:00,1.37271,1.37293,1.37264,1.37273,238,1,0
2025-07-18 13:30:00,1.37273,1.37275,1.37225,1.37228,204,1,0
2025-07-18 13:45:00,1.37228,1.37233,1.37185,1.37189,369,1,0
2025-07-18 14:00:00,1.37189,1.37209,1.3716,1.37179,244,1,0
2025-07-18 14:15:00,1.37179,1.37229,1.3717,1.3722699999999999,393,1,0
2025-07-18 14:30:00,1.3722699999999999,1.37237,1.37208,1.37219,258,1,0
2025-07-18 14:45:00,1.37219,1.37253,1.3721700000000001,1.3721999999999999,230,1,0
2025-07-18 15:00:00,1.3721999999999999,1.37229,1.37106,1.3711,407,1,0
2025-07-18 15:15:00,1.37109,1.3714,1.3704399999999999,1.37073,746,1,0
2025-07-18 15:30:00,1.37073,1.37112,1.3703400000000001,1.37053,508,1,0
2025-07-18 15:45:00,1.37053,1.37088,1.3702,1.37038,481,1,0
2025-07-18 16:00:00,1.37038,1.37063,1.37016,1.37028,486,1,0
2025-07-18 16:15:00,1.37028,1.37046,1.36958,1.3699,573,1,0
2025-07-18 16:30:00,1.3699,1.37151,1.36989,1.37104,909,1,0
2025-07-18 16:45:00,1.37107,1.37131,1.37033,1.37038,487,1,0
2025-07-18 17:00:00,1.3703699999999999,1.37115,1.37008,1.37085,675,1,0
2025-07-18 17:15:00,1.37085,1.37198,1.37085,1.37196,585,1,0
2025-07-18 17:30:00,1.3719000000000001,1.37271,1.37187,1.37263,747,1,0
2025-07-18 17:45:00,1.37263,1.37268,1.37175,1.37176,967,1,0
2025-07-18 18:00:00,1.37178,1.3721,1.37117,1.3718,765,1,0
2025-07-18 18:15:00,1.37181,1.37233,1.3717,1.3723,549,1,0
2025-07-18 18:30:00,1.3723,1.37244,1.37179,1.37214,427,1,0
2025-07-18 18:45:00,1.37214,1.37214,1.37126,1.37126,321,1,0
2025-07-18 19:00:00,1.37126,1.37209,1.37113,1.37199,380,1,0
2025-07-18 19:15:00,1.3719700000000001,1.37264,1.3717,1.37228,694,1,0
2025-07-18 19:30:00,1.37229,1.37272,1.37215,1.37242,485,1,0
2025-07-18 19:45:00,1.37242,1.3727800000000001,1.37238,1.3725800000000001,428,1,0
2025-07-18 20:00:00,1.37257,1.37328,1.37256,1.37324,569,1,0
2025-07-18 20:15:00,1.37324,1.37358,1.37302,1.37307,475,1,0
2025-07-18 20:30:00,1.37307,1.37333,1.37283,1.37314,454,1,0
2025-07-18 20:45:00,1.37314,1.3731499999999999,1.37253,1.3726,401,1,0
2025-07-18 21:00:00,1.3726,1.37282,1.37232,1.37268,399,1,0
2025-07-18 21:15:00,1.37268,1.3728500000000001,1.3724,1.37264,326,1,0
2025-07-18 21:30:00,1.37264,1.37297,1.37259,1.37262,402,1,0
2025-07-18 21:45:00,1.37262,1.37279,1.37236,1.37263,347,1,0
2025-07-18 22:00:00,1.37263,1.37325,1.3725399999999999,1.373,360,1,0
2025-07-18 22:15:00,1.373,1.3731200000000001,1.37277,1.3729,357,1,0
2025-07-18 22:30:00,1.3729,1.37308,1.37279,1.3728,234,1,0
2025-07-18 22:45:00,1.3728,1.373,1.37255,1.37256,324,1,0
2025-07-18 23:00:00,1.37256,1.3731,1.37256,1.37292,289,1,0
2025-07-18 23:15:00,1.37292,1.37301,1.3725399999999999,1.37263,168,1,0
2025-07-18 23:30:00,1.37263,1.3727800000000001,1.37257,1.37273,98,1,0
2025-07-18 23:45:00,1.37273,1.37314,1.3725100000000001,1.37265,164,13,0
2025-07-21 00:00:00,1.3707099999999999,1.37175,1.37059,1.37091,151,96,0
2025-07-21 00:15:00,1.37091,1.37184,1.3709,1.37147,495,68,0
2025-07-21 00:30:00,1.37147,1.37178,1.37086,1.37096,519,54,0
2025-07-21 00:45:00,1.37096,1.37179,1.3709500000000001,1.3712900000000001,607,47,0
2025-07-21 01:00:00,1.3712900000000001,1.37237,1.37104,1.37222,749,1,0
2025-07-21 01:15:00,1.37222,1.37238,1.3721999999999999,1.37232,594,1,0
2025-07-21 01:30:00,1.37232,1.37295,1.37229,1.37275,148,1,0
2025-07-21 01:45:00,1.37275,1.37304,1.37246,1.37256,351,1,0
2025-07-21 02:00:00,1.37256,1.37304,1.37235,1.37264,383,1,0
2025-07-21 02:15:00,1.37264,1.37267,1.37256,1.37264,242,1,0
2025-07-21 02:30:00,1.37264,1.37276,1.37256,1.37264,108,1,0
2025-07-21 02:45:00,1.37264,1.37268,1.37235,1.37237,323,1,0
2025-07-21 03:00:00,1.37237,1.3725,1.37215,1.37221,686,1,0
2025-07-21 03:15:00,1.37221,1.37259,1.3721999999999999,1.37257,569,1,0
2025-07-21 03:30:00,1.37257,1.37302,1.37256,1.37294,627,1,0
2025-07-21 03:45:00,1.37293,1.37308,1.37272,1.37301,728,1,0
2025-07-21 04:00:00,1.37301,1.37316,1.3725800000000001,1.37263,657,1,0
2025-07-21 04:15:00,1.37263,1.37294,1.37253,1.37264,633,1,0
2025-07-21 04:30:00,1.37264,1.37287,1.37255,1.3727800000000001,765,1,0
2025-07-21 04:45:00,1.3727800000000001,1.3731499999999999,1.3727,1.37295,657,1,0
2025-07-21 05:00:00,1.37295,1.3731499999999999,1.37295,1.37306,667,1,0
2025-07-21 05:15:00,1.37306,1.3732,1.37297,1.3731,494,1,0
2025-07-21 05:30:00,1.3731,1.3731499999999999,1.37297,1.37313,451,1,0
2025-07-21 05:45:00,1.37313,1.37348,1.37289,1.3729,413,1,0
2025-07-21 06:00:00,1.3729,1.37291,1.37267,1.37276,498,1,0
2025-07-21 06:15:00,1.37276,1.3727800000000001,1.3726099999999999,1.37267,481,1,0
2025-07-21 06:30:00,1.37267,1.3727800000000001,1.37247,1.37247,229,1,0
2025-07-21 06:45:00,1.37247,1.37274,1.37226,1.3722699999999999,505,1,0
2025-07-21 07:00:00,1.37228,1.37253,1.37216,1.37247,458,1,0
2025-07-21 07:15:00,1.37247,1.37256,1.37229,1.3723,332,1,0
2025-07-21 07:30:00,1.3723,1.37237,1.37222,1.37234,292,1,0
2025-07-21 07:45:00,1.37234,1.37245,1.37226,1.37239,353,1,0
2025-07-21 08:00:00,1.37239,1.3725,1.3721700000000001,1.3722400000000001,504,1,0
2025-07-21 08:15:00,1.3722400000000001,1.37226,1.37196,1.37199,424,1,0
2025-07-21 08:30:00,1.37199,1.37206,1.37176,1.37192,550,1,0
2025-07-21 08:45:00,1.3719299999999999,1.3719700000000001,1.37178,1.37182,401,1,0
2025-07-21 09:00:00,1.37182,1.3719999999999999,1.37161,1.3717,487,1,0
2025-07-21 09:15:00,1.3717,1.37221,1.37161,1.37206,406,1,0
2025-07-21 09:30:00,1.37206,1.37206,1.37172,1.37175,358,1,0
2025-07-21 09:45:00,1.37175,1.37202,1.37144,1.37189,496,1,0
2025-07-21 10:00:00,1.37189,1.37238,1.3716300000000001,1.37234,507,1,0
2025-07-21 10:15:00,1.37234,1.37247,1.3722400000000001,1.37237,354,1,0
2025-07-21 10:30:00,1.37237,1.37277,1.37236,1.37275,439,1,0
2025-07-21 10:45:00,1.37275,1.37301,1.37257,1.37266,387,1,0
2025-07-21 11:00:00,1.37266,1.37266,1.37229,1.37248,358,1,0
2025-07-21 11:15:00,1.37248,1.3725800000000001,1.37211,1.37229,425,1,0
2025-07-21 11:30:00,1.37229,1.3723,1.3716300000000001,1.37178,419,1,0
2025-07-21 11:45:00,1.37178,1.37236,1.37169,1.37216,525,1,0
2025-07-21 12:00:00,1.37216,1.37271,1.37209,1.37267,353,1,0
2025-07-21 12:15:00,1.37267,1.37289,1.37252,1.37255,300,1,0
2025-07-21 12:30:00,1.37255,1.37283,1.37247,1.37263,276,1,0
2025-07-21 12:45:00,1.37263,1.37268,1.37243,1.3725399999999999,292,1,0
2025-07-21 13:00:00,1.37253,1.37264,1.37244,1.37259,318,1,0
2025-07-21 13:15:00,1.37259,1.37275,1.37204,1.37209,320,1,0
2025-07-21 13:30:00,1.3721,1.37239,1.3721,1.37228,247,1,0
2025-07-21 13:45:00,1.37228,1.37228,1.37192,1.37194,402,1,0
2025-07-21 14:00:00,1.37194,1.37206,1.37104,1.37107,435,1,0
2025-07-21 14:15:00,1.37107,1.37123,1.37073,1.37077,419,1,0
2025-07-21 14:30:00,1.37077,1.37089,1.37039,1.37049,434,1,0
2025-07-21 14:45:00,1.37049,1.37087,1.37022,1.37059,472,1,0
2025-07-21 15:00:00,1.3706,1.37079,1.37022,1.37033,435,1,0
2025-07-21 15:15:00,1.37033,1.37047,1.3698299999999999,1.37021,461,1,0
2025-07-21 15:30:00,1.37021,1.37027,1.36957,1.36975,422,1,0
2025-07-21 15:45:00,1.36975,1.37024,1.36969,1.36995,557,1,0
2025-07-21 16:00:00,1.36994,1.37072,1.36991,1.3706,612,1,0
2025-07-21 16:15:00,1.3706,1.37093,1.3703699999999999,1.37081,652,1,0
2025-07-21 16:30:00,1.37081,1.37141,1.3707500000000001,1.37106,577,1,0
2025-07-21 16:45:00,1.37106,1.37174,1.371,1.37146,623,1,0
2025-07-21 17:00:00,1.37146,1.37153,1.36998,1.37052,995,1,0
2025-07-21 17:15:00,1.37052,1.3708,1.37003,1.37023,591,1,0
2025-07-21 17:30:00,1.37023,1.37043,1.36936,1.36985,692,1,0
2025-07-21 17:45:00,1.36985,1.3702,1.36963,1.36981,619,1,0
2025-07-21 18:00:00,1.36981,1.36986,1.36872,1.3688,658,1,0
2025-07-21 18:15:00,1.3688,1.36882,1.3679000000000001,1.36805,569,1,0
2025-07-21 18:30:00,1.36805,1.36911,1.36786,1.36901,558,1,0
2025-07-21 18:45:00,1.36901,1.36921,1.36855,1.36891,465,1,0
2025-07-21 19:00:00,1.3689200000000001,1.3691499999999999,1.3685,1.36864,419,1,0
2025-07-21 19:15:00,1.36864,1.36925,1.36863,1.36894,268,1,0
2025-07-21 19:30:00,1.36894,1.36894,1.36853,1.36869,316,1,0
2025-07-21 19:45:00,1.36869,1.36881,1.3685399999999999,1.36862,240,1,0
2025-07-21 20:00:00,1.36863,1.36921,1.36853,1.36884,386,1,0
2025-07-21 20:15:00,1.36884,1.3691,1.36882,1.36904,256,1,0
2025-07-21 20:30:00,1.36904,1.3692,1.36887,1.3689200000000001,222,1,0
2025-07-21 20:45:00,1.3689200000000001,1.36917,1.36891,1.36917,257,1,0
2025-07-21 21:00:00,1.36917,1.36918,1.3688799999999999,1.3689,161,1,0
2025-07-21 21:15:00,1.3689,1.36893,1.36845,1.3685,166,1,0
2025-07-21 21:30:00,1.3685,1.3685100000000001,1.36832,1.36849,197,1,0
2025-07-21 21:45:00,1.36849,1.36881,1.36841,1.36844,341,1,0
2025-07-21 22:00:00,1.36844,1.36868,1.36841,1.3685399999999999,400,1,0
2025-07-21 22:15:00,1.3685399999999999,1.36855,1.36845,1.36852,237,1,0
2025-07-21 22:30:00,1.36852,1.36856,1.36834,1.3685,299,1,0
2025-07-21 22:45:00,1.36849,1.36863,1.3684,1.36843,312,1,0
2025-07-21 23:00:00,1.36843,1.36853,1.3683100000000001,1.36834,224,1,0
2025-07-21 23:15:00,1.36834,1.36839,1.36821,1.3682400000000001,173,1,0
2025-07-21 23:30:00,1.3682400000000001,1.3682400000000001,1.3677000000000001,1.36773,214,1,0
2025-07-21 23:45:00,1.36773,1.36845,1.36769,1.36819,459,7,0
2025-07-22 00:00:00,1.36821,1.36821,1.36756,1.36803,26,18,0
2025-07-22 00:15:00,1.36803,1.36807,1.36753,1.36807,34,35,0
2025-07-22 00:30:00,1.36807,1.36808,1.36805,1.36805,19,50,0
2025-07-22 00:45:00,1.36805,1.36815,1.36795,1.36807,121,40,0
2025-07-22 01:00:00,1.36807,1.36855,1.36799,1.36835,100,1,0
2025-07-22 01:15:00,1.36835,1.36837,1.36825,1.36825,33,1,0
2025-07-22 01:30:00,1.36825,1.36833,1.36808,1.36814,46,1,0
2025-07-22 01:45:00,1.36814,1.36818,1.36788,1.3679000000000001,71,1,0
2025-07-22 02:00:00,1.3679000000000001,1.36812,1.36778,1.36808,212,1,0
2025-07-22 02:15:00,1.36808,1.36812,1.36807,1.36808,188,1,0
2025-07-22 02:30:00,1.36808,1.3681,1.36796,1.3679999999999999,338,1,0
2025-07-22 02:45:00,1.3679999999999999,1.36808,1.36751,1.36764,330,1,0
2025-07-22 03:00:00,1.36764,1.36812,1.36757,1.36811,517,1,0
2025-07-22 03:15:00,1.36811,1.3683100000000001,1.36796,1.36809,446,1,0
2025-07-22 03:30:00,1.36809,1.3683100000000001,1.36802,1.36818,553,1,0
2025-07-22 03:45:00,1.36818,1.36875,1.36817,1.36871,700,1,0
2025-07-22 04:00:00,1.36871,1.36877,1.36855,1.36857,543,1,0
2025-07-22 04:15:00,1.36857,1.36878,1.36844,1.36864,458,1,0
2025-07-22 04:30:00,1.36864,1.36897,1.36855,1.36893,436,1,0
2025-07-22 04:45:00,1.36893,1.36906,1.36875,1.36901,437,1,0
2025-07-22 05:00:00,1.36901,1.36904,1.36836,1.36838,469,1,0
2025-07-22 05:15:00,1.36838,1.36876,1.36826,1.36876,342,1,0
2025-07-22 05:30:00,1.36876,1.36878,1.3685800000000001,1.36866,307,1,0
2025-07-22 05:45:00,1.36866,1.36867,1.36839,1.3686,360,1,0
2025-07-22 06:00:00,1.3686,1.36873,1.36846,1.36866,387,1,0
2025-07-22 06:15:00,1.36866,1.3688500000000001,1.36855,1.36868,319,1,0
2025-07-22 06:30:00,1.36868,1.36895,1.36867,1.36867,382,1,0
2025-07-22 06:45:00,1.36867,1.36893,1.36866,1.36883,261,1,0
2025-07-22 07:00:00,1.36883,1.36902,1.3688,1.36883,365,1,0
2025-07-22 07:15:00,1.36883,1.36887,1.3685399999999999,1.36868,283,1,0
2025-07-22 07:30:00,1.36868,1.3688500000000001,1.36866,1.36867,230,1,0
2025-07-22 07:45:00,1.36867,1.36895,1.36856,1.36886,300,1,0
2025-07-22 08:00:00,1.36886,1.36901,1.36868,1.36895,379,1,0
2025-07-22 08:15:00,1.36895,1.3691499999999999,1.36866,1.36904,319,1,0
2025-07-22 08:30:00,1.36904,1.3692,1.36889,1.3691900000000001,363,1,0
2025-07-22 08:45:00,1.3691900000000001,1.36942,1.36913,1.3691499999999999,335,1,0
2025-07-22 09:00:00,1.3691499999999999,1.36929,1.36897,1.36921,290,1,0
2025-07-22 09:15:00,1.36921,1.36928,1.3688500000000001,1.36923,300,1,0
2025-07-22 09:30:00,1.36923,1.3694,1.3691200000000001,1.36932,230,1,0
2025-07-22 09:45:00,1.36932,1.36955,1.3692199999999999,1.36941,197,1,0
2025-07-22 10:00:00,1.36942,1.36942,1.36893,1.36903,368,1,0
2025-07-22 10:15:00,1.36903,1.36929,1.3688500000000001,1.36887,380,1,0
2025-07-22 10:30:00,1.36887,1.36902,1.36874,1.36874,331,1,0
2025-07-22 10:45:00,1.36874,1.36937,1.36866,1.36909,395,1,0
2025-07-22 11:00:00,1.3691,1.36932,1.36843,1.36883,446,1,0
2025-07-22 11:15:00,1.36883,1.36917,1.36872,1.36875,269,1,0
2025-07-22 11:30:00,1.36875,1.36875,1.36798,1.36825,441,1,0
2025-07-22 11:45:00,1.36825,1.3684,1.36798,1.36818,386,1,0
2025-07-22 12:00:00,1.36818,1.36844,1.36788,1.36794,367,1,0
2025-07-22 12:15:00,1.36794,1.36804,1.3678,1.36799,381,1,0
2025-07-22 12:30:00,1.36799,1.3682,1.36791,1.36811,383,1,0
2025-07-22 12:45:00,1.36811,1.36811,1.3678,1.36782,281,1,0
2025-07-22 13:00:00,1.36782,1.36788,1.36726,1.36742,355,1,0
2025-07-22 13:15:00,1.36742,1.36811,1.36742,1.36811,277,1,0
2025-07-22 13:30:00,1.36811,1.36829,1.36798,1.3679999999999999,302,1,0
2025-07-22 13:45:00,1.3679999999999999,1.36828,1.36789,1.36813,365,1,0
2025-07-22 14:00:00,1.36813,1.36816,1.36771,1.36774,387,1,0
2025-07-22 14:15:00,1.36774,1.36804,1.36768,1.3679999999999999,207,1,0
2025-07-22 14:30:00,1.3679999999999999,1.36804,1.36749,1.36751,245,1,0
2025-07-22 14:45:00,1.36752,1.36783,1.36735,1.36743,260,1,0
2025-07-22 15:00:00,1.36743,1.3675,1.36647,1.36694,494,1,0
2025-07-22 15:15:00,1.36701,1.3679700000000001,1.36685,1.36781,454,1,0
2025-07-22 15:30:00,1.36781,1.36835,1.36781,1.36817,335,1,0
2025-07-22 15:45:00,1.36817,1.36817,1.36743,1.36796,593,1,0
2025-07-22 16:00:00,1.36796,1.36796,1.36753,1.36761,571,1,0
2025-07-22 16:15:00,1.36761,1.36767,1.36688,1.36722,493,1,0
2025-07-22 16:30:00,1.36722,1.36754,1.36666,1.36666,703,1,0
2025-07-22 16:45:00,1.36666,1.367,1.36651,1.36676,743,1,0
2025-07-22 17:00:00,1.36676,1.36712,1.36638,1.36648,706,1,0
2025-07-22 17:15:00,1.36648,1.36693,1.36612,1.36623,634,1,0
2025-07-22 17:30:00,1.36623,1.36627,1.36507,1.36507,761,1,0
2025-07-22 17:45:00,1.36507,1.36528,1.3631199999999999,1.36389,1111,1,0
2025-07-22 18:00:00,1.36389,1.36428,1.36258,1.36284,887,1,0
2025-07-22 18:15:00,1.36283,1.36324,1.36263,1.36318,573,1,0
2025-07-22 18:30:00,1.36322,1.36345,1.36205,1.3626,744,1,0
2025-07-22 18:45:00,1.3626,1.36267,1.36165,1.36167,521,1,0
2025-07-22 19:00:00,1.36167,1.36196,1.36094,1.36129,631,1,0
2025-07-22 19:15:00,1.36129,1.36138,1.3608799999999999,1.3609200000000001,429,1,0
2025-07-22 19:30:00,1.3609200000000001,1.36127,1.36054,1.36073,498,1,0
2025-07-22 19:45:00,1.36073,1.36141,1.36073,1.3614,588,1,0
2025-07-22 20:00:00,1.3614,1.36206,1.36136,1.36185,419,1,0
2025-07-22 20:15:00,1.36185,1.36185,1.36129,1.36167,406,1,0
2025-07-22 20:30:00,1.36168,1.36196,1.3613,1.3615,493,1,0
2025-07-22 20:45:00,1.3615,1.3618299999999999,1.36109,1.36172,397,1,0
2025-07-22 21:00:00,1.36172,1.36181,1.3609200000000001,1.36141,334,1,0
2025-07-22 21:15:00,1.36141,1.36176,1.36115,1.3612600000000001,414,1,0
2025-07-22 21:30:00,1.3612600000000001,1.36127,1.3606,1.3608500000000001,313,1,0
2025-07-22 21:45:00,1.3608500000000001,1.3612,1.3608,1.36096,373,1,0
2025-07-22 22:00:00,1.36096,1.36124,1.36091,1.3609499999999999,254,1,0
2025-07-22 22:15:00,1.3609499999999999,1.36115,1.3608500000000001,1.36113,233,1,0
2025-07-22 22:30:00,1.36113,1.36133,1.361,1.36111,259,1,0
2025-07-22 22:45:00,1.36111,1.36113,1.36028,1.3604,361,1,0
2025-07-22 23:00:00,1.3604,1.3606,1.3603,1.3606,185,1,0
2025-07-22 23:15:00,1.3606,1.36062,1.36038,1.3606,103,1,0
2025-07-22 23:30:00,1.3606,1.36069,1.36028,1.36047,246,1,0
2025-07-22 23:45:00,1.36047,1.36064,1.36028,1.36053,355,7,0
2025-07-23 00:00:00,1.36045,1.36045,1.36006,1.36043,30,29,0
2025-07-23 00:15:00,1.36043,1.36059,1.36023,1.36059,27,49,0
2025-07-23 00:30:00,1.36059,1.36066,1.36037,1.36051,34,43,0
2025-07-23 00:45:00,1.36051,1.3605800000000001,1.3605,1.3605800000000001,20,49,0
2025-07-23 01:00:00,1.3605800000000001,1.36067,1.3604,1.36041,80,1,0
2025-07-23 01:15:00,1.36041,1.36044,1.36025,1.36043,146,1,0
2025-07-23 01:30:00,1.36043,1.36052,1.36037,1.36043,60,1,0
2025-07-23 01:45:00,1.36043,1.36062,1.36041,1.36041,85,1,0
2025-07-23 02:00:00,1.36041,1.36049,1.35978,1.35984,209,1,0
2025-07-23 02:15:00,1.35984,1.36042,1.3596,1.36036,381,1,0
2025-07-23 02:30:00,1.36036,1.3606099999999999,1.36033,1.36044,256,1,0
2025-07-23 02:45:00,1.36044,1.3607,1.36043,1.3605,415,1,0
2025-07-23 03:00:00,1.3605,1.3606,1.36022,1.36023,895,1,0
2025-07-23 03:15:00,1.36023,1.36023,1.35959,1.35959,696,1,0
2025-07-23 03:30:00,1.35959,1.3600400000000001,1.35953,1.35983,492,1,0
2025-07-23 03:45:00,1.35983,1.35988,1.3594300000000001,1.35951,598,1,0
2025-07-23 04:00:00,1.35951,1.35987,1.3593899999999999,1.3596300000000001,621,1,0
2025-07-23 04:15:00,1.3596300000000001,1.35981,1.35946,1.35979,411,1,0
2025-07-23 04:30:00,1.35979,1.36006,1.35958,1.35995,599,1,0
2025-07-23 04:45:00,1.35995,1.36025,1.3596,1.35988,657,1,0
2025-07-23 05:00:00,1.35988,1.35988,1.35968,1.35979,281,1,0
2025-07-23 05:15:00,1.35979,1.36006,1.35969,1.36005,413,1,0
2025-07-23 05:30:00,1.36006,1.36026,1.3599700000000001,1.36006,384,1,0
2025-07-23 05:45:00,1.36006,1.3603399999999999,1.35985,1.36025,474,1,0
2025-07-23 06:00:00,1.3602400000000001,1.3603,1.35994,1.35995,403,1,0
2025-07-23 06:15:00,1.35995,1.35996,1.3593899999999999,1.3594300000000001,344,1,0
2025-07-23 06:30:00,1.3594300000000001,1.35958,1.3593199999999999,1.35954,693,1,0
2025-07-23 06:45:00,1.35954,1.36015,1.35947,1.36006,576,1,0
2025-07-23 07:00:00,1.36006,1.36007,1.35987,1.3600400000000001,796,1,0
2025-07-23 07:15:00,1.3600400000000001,1.36033,1.35995,1.36007,473,1,0
2025-07-23 07:30:00,1.36007,1.36008,1.35988,1.3599700000000001,434,1,0
2025-07-23 07:45:00,1.3599700000000001,1.36013,1.35976,1.35999,449,1,0
2025-07-23 08:00:00,1.35999,1.36021,1.35982,1.36016,452,1,0
2025-07-23 08:15:00,1.36016,1.36019,1.35995,1.36003,365,1,0
2025-07-23 08:30:00,1.36003,1.36087,1.3599999999999999,1.3608500000000001,789,1,0
2025-07-23 08:45:00,1.36086,1.36109,1.36057,1.36099,469,1,0
2025-07-23 09:00:00,1.36099,1.36099,1.3603100000000001,1.36036,573,1,0
2025-07-23 09:15:00,1.36036,1.36053,1.36014,1.36017,358,1,0
2025-07-23 09:30:00,1.36017,1.36076,1.36007,1.36035,346,1,0
2025-07-23 09:45:00,1.36035,1.36042,1.36003,1.36005,396,1,0
2025-07-23 10:00:00,1.36005,1.36026,1.35976,1.35979,588,1,0
2025-07-23 10:15:00,1.35979,1.3598,1.35918,1.35923,636,1,0
2025-07-23 10:30:00,1.35923,1.35933,1.35892,1.35919,483,1,0
2025-07-23 10:45:00,1.35919,1.35948,1.35895,1.35898,480,1,0
2025-07-23 11:00:00,1.35898,1.35898,1.3584399999999999,1.3584399999999999,521,1,0
2025-07-23 11:15:00,1.3584399999999999,1.35877,1.35839,1.35868,430,1,0
2025-07-23 11:30:00,1.35868,1.35904,1.35863,1.35874,457,1,0
2025-07-23 11:45:00,1.35873,1.3589,1.35834,1.35838,351,1,0
2025-07-23 12:00:00,1.35838,1.35847,1.35822,1.35837,341,1,0
2025-07-23 12:15:00,1.35837,1.35867,1.35837,1.35847,253,1,0
2025-07-23 12:30:00,1.35847,1.35857,1.3583,1.35832,199,1,0
2025-07-23 12:45:00,1.35832,1.35838,1.3581400000000001,1.35823,302,1,0
2025-07-23 13:00:00,1.35823,1.35864,1.35822,1.35855,329,1,0
2025-07-23 13:15:00,1.35855,1.35863,1.35795,1.35805,347,1,0
2025-07-23 13:30:00,1.35806,1.35825,1.35786,1.35809,276,1,0
2025-07-23 13:45:00,1.35809,1.35864,1.35807,1.35859,308,1,0
2025-07-23 14:00:00,1.35859,1.35874,1.35828,1.35843,548,1,0
2025-07-23 14:15:00,1.35843,1.35856,1.35822,1.35846,394,1,0
2025-07-23 14:30:00,1.35846,1.35852,1.3575599999999999,1.35762,282,1,0
2025-07-23 14:45:00,1.35762,1.3578700000000001,1.3575599999999999,1.35784,246,1,0
2025-07-23 15:00:00,1.35784,1.35857,1.35781,1.35847,381,1,0
2025-07-23 15:15:00,1.35847,1.35874,1.35828,1.35874,350,1,0
2025-07-23 15:30:00,1.35874,1.3594300000000001,1.35873,1.35929,498,1,0
2025-07-23 15:45:00,1.35929,1.36032,1.35919,1.36032,415,1,0
2025-07-23 16:00:00,1.36032,1.36044,1.35956,1.35985,613,1,0
2025-07-23 16:15:00,1.35985,1.36047,1.3595,1.36043,587,1,0
2025-07-23 16:30:00,1.36043,1.3620999999999999,1.3604,1.36144,679,1,0
2025-07-23 16:45:00,1.36144,1.36218,1.36134,1.3615300000000001,622,1,0
2025-07-23 17:00:00,1.3615300000000001,1.36188,1.3612600000000001,1.36185,511,1,0
2025-07-23 17:15:00,1.36186,1.36258,1.36185,1.3624800000000001,416,1,0
2025-07-23 17:30:00,1.36259,1.36291,1.36161,1.3618999999999999,774,1,0
2025-07-23 17:45:00,1.3618999999999999,1.3627099999999999,1.36155,1.36155,771,1,0
2025-07-23 18:00:00,1.3615599999999999,1.36208,1.36132,1.36141,624,1,0
2025-07-23 18:15:00,1.36141,1.36157,1.361,1.36157,375,1,0
2025-07-23 18:30:00,1.36158,1.36225,1.36128,1.36194,606,1,0
2025-07-23 18:45:00,1.36194,1.36206,1.36074,1.3609499999999999,759,1,0
2025-07-23 19:00:00,1.3609499999999999,1.36178,1.36064,1.36174,841,1,0
2025-07-23 19:15:00,1.36174,1.36242,1.36159,1.36227,557,1,0
2025-07-23 19:30:00,1.36227,1.36232,1.36165,1.36174,475,1,0
2025-07-23 19:45:00,1.36174,1.36218,1.36167,1.36171,259,1,0
2025-07-23 20:00:00,1.36171,1.36196,1.3614600000000001,1.36186,428,1,0
2025-07-23 20:15:00,1.36186,1.36186,1.36129,1.3614899999999999,301,1,0
2025-07-23 20:30:00,1.3614899999999999,1.36154,1.3609200000000001,1.36125,227,1,0
2025-07-23 20:45:00,1.36125,1.36212,1.36113,1.36138,577,1,0
2025-07-23 21:00:00,1.36138,1.36143,1.36067,1.36072,272,1,0
2025-07-23 21:15:00,1.36072,1.36074,1.36037,1.36045,269,1,0
2025-07-23 21:30:00,1.36045,1.36062,1.36025,1.3602699999999999,183,1,0
2025-07-23 21:45:00,1.3602699999999999,1.36045,1.35996,1.3599700000000001,289,1,0
2025-07-23 22:00:00,1.3599700000000001,1.36019,1.35967,1.36002,436,1,0
2025-07-23 22:15:00,1.36002,1.36032,1.35998,1.3602699999999999,255,1,0
2025-07-23 22:30:00,1.3602699999999999,1.36041,1.36014,1.36038,334,1,0
2025-07-23 22:45:00,1.36038,1.3604,1.3595,1.35954,305,1,0
2025-07-23 23:00:00,1.35954,1.36007,1.35951,1.36002,251,1,0
2025-07-23 23:15:00,1.36002,1.36017,1.3597299999999999,1.35995,147,1,0
2025-07-23 23:30:00,1.35995,1.3602,1.35975,1.36007,215,1,0
2025-07-23 23:45:00,1.36007,1.36009,1.35957,1.35961,348,7,0
2025-07-24 00:00:00,1.3596,1.3596,1.35901,1.35938,50,19,0
2025-07-24 00:15:00,1.35938,1.3594300000000001,1.35916,1.3593899999999999,27,44,0
2025-07-24 00:30:00,1.3593899999999999,1.35942,1.35922,1.35935,22,67,0
2025-07-24 00:45:00,1.35935,1.35976,1.3593199999999999,1.35969,200,81,0
2025-07-24 01:00:00,1.35969,1.36021,1.35969,1.3602,210,1,0
2025-07-24 01:15:00,1.3602,1.3602400000000001,1.36012,1.36012,68,1,0
2025-07-24 01:30:00,1.36012,1.36012,1.35994,1.36003,76,1,0
2025-07-24 01:45:00,1.36003,1.36073,1.36001,1.3607,208,1,0
2025-07-24 02:00:00,1.3607,1.3607,1.36016,1.36023,277,1,0
2025-07-24 02:15:00,1.36023,1.3602400000000001,1.3600400000000001,1.36015,175,1,0
2025-07-24 02:30:00,1.36015,1.36032,1.36011,1.3603100000000001,65,1,0
2025-07-24 02:45:00,1.3603100000000001,1.36033,1.36014,1.36022,260,1,0
2025-07-24 03:00:00,1.36022,1.36081,1.36022,1.36081,865,1,0
2025-07-24 03:15:00,1.36081,1.36087,1.36044,1.36051,860,1,0
2025-07-24 03:30:00,1.36051,1.3608,1.3604,1.36069,357,1,0
2025-07-24 03:45:00,1.36069,1.36077,1.36041,1.3606099999999999,603,1,0
2025-07-24 04:00:00,1.3606099999999999,1.36062,1.35986,1.36006,643,1,0
2025-07-24 04:15:00,1.36006,1.36015,1.3596599999999999,1.35974,923,1,0
2025-07-24 04:30:00,1.35974,1.36017,1.35964,1.3600400000000001,1009,1,0
2025-07-24 04:45:00,1.3600400000000001,1.36043,1.3600400000000001,1.3603399999999999,708,1,0
2025-07-24 05:00:00,1.3603399999999999,1.3606099999999999,1.36013,1.36049,850,1,0
2025-07-24 05:15:00,1.36049,1.36051,1.3602400000000001,1.36025,345,1,0
2025-07-24 05:30:00,1.36025,1.36082,1.36018,1.3606099999999999,333,1,0
2025-07-24 05:45:00,1.3606099999999999,1.36062,1.3604,1.36045,376,1,0
2025-07-24 06:00:00,1.36045,1.3605800000000001,1.3602400000000001,1.36028,396,1,0
2025-07-24 06:15:00,1.36028,1.36038,1.36026,1.36036,134,1,0
2025-07-24 06:30:00,1.36036,1.36046,1.36009,1.36011,182,1,0
2025-07-24 06:45:00,1.36011,1.36048,1.36011,1.36041,370,1,0
2025-07-24 07:00:00,1.36041,1.36063,1.36041,1.36044,266,1,0
2025-07-24 07:15:00,1.36044,1.36052,1.36032,1.36045,297,1,0
2025-07-24 07:30:00,1.36045,1.36046,1.36029,1.36033,413,1,0
2025-07-24 07:45:00,1.36033,1.36037,1.36026,1.36032,506,1,0
2025-07-24 08:00:00,1.36032,1.36052,1.3600400000000001,1.36041,450,1,0
2025-07-24 08:15:00,1.36041,1.36045,1.36013,1.3602400000000001,264,1,0
2025-07-24 08:30:00,1.3602400000000001,1.36025,1.35986,1.3600400000000001,604,1,0
2025-07-24 08:45:00,1.3600400000000001,1.36023,1.35994,1.36015,589,1,0
2025-07-24 09:00:00,1.36015,1.3605,1.35996,1.36043,435,1,0
2025-07-24 09:15:00,1.36043,1.3606,1.3601,1.36025,424,1,0
2025-07-24 09:30:00,1.36025,1.36073,1.3602400000000001,1.36068,403,1,0
2025-07-24 09:45:00,1.36068,1.36134,1.36067,1.3613,411,1,0
2025-07-24 10:00:00,1.3613,1.36138,1.36089,1.3609,373,1,0
2025-07-24 10:15:00,1.3609,1.36116,1.3605800000000001,1.36062,434,1,0
2025-07-24 10:30:00,1.36062,1.36116,1.3606,1.3608500000000001,439,1,0
2025-07-24 10:45:00,1.3608500000000001,1.361,1.36067,1.3607,346,1,0
2025-07-24 11:00:00,1.36069,1.3608799999999999,1.36051,1.3606500000000001,366,1,0
2025-07-24 11:15:00,1.3606500000000001,1.3606500000000001,1.36021,1.36054,339,1,0
2025-07-24 11:30:00,1.36054,1.36073,1.3602,1.36036,473,1,0
2025-07-24 11:45:00,1.36036,1.36068,1.36022,1.36053,340,1,0
2025-07-24 12:00:00,1.36053,1.36106,1.36053,1.3608799999999999,393,1,0
2025-07-24 12:15:00,1.3608799999999999,1.36105,1.3608500000000001,1.3609499999999999,244,1,0
2025-07-24 12:30:00,1.3609499999999999,1.36117,1.36074,1.36096,305,1,0
2025-07-24 12:45:00,1.36096,1.36135,1.36094,1.3611,298,1,0
2025-07-24 13:00:00,1.3611,1.36139,1.36104,1.36135,247,1,0
2025-07-24 13:15:00,1.36135,1.36163,1.36134,1.36161,313,1,0
2025-07-24 13:30:00,1.36161,1.36197,1.3616,1.36189,367,1,0
2025-07-24 13:45:00,1.36189,1.36195,1.36171,1.36172,388,1,0
2025-07-24 14:00:00,1.36172,1.36218,1.36171,1.36197,281,1,0
2025-07-24 14:15:00,1.36197,1.36199,1.36152,1.36155,273,1,0
2025-07-24 14:30:00,1.36155,1.36163,1.36083,1.36094,344,1,0
2025-07-24 14:45:00,1.36093,1.3612600000000001,1.36093,1.36101,379,1,0
2025-07-24 15:00:00,1.36101,1.36182,1.36096,1.3614,526,1,0
2025-07-24 15:15:00,1.3614,1.3614600000000001,1.36105,1.36112,529,1,0
2025-07-24 15:30:00,1.36114,1.36224,1.36114,1.36223,602,1,0
2025-07-24 15:45:00,1.36223,1.36226,1.36172,1.36181,587,1,0
2025-07-24 16:00:00,1.36181,1.36228,1.36145,1.36196,948,1,0
2025-07-24 16:15:00,1.36196,1.3629,1.36192,1.3626800000000001,669,1,0
2025-07-24 16:30:00,1.3626800000000001,1.36298,1.36231,1.3624100000000001,725,1,0
2025-07-24 16:45:00,1.36242,1.36279,1.36204,1.36222,817,1,0
2025-07-24 17:00:00,1.36223,1.36226,1.36108,1.36112,819,1,0
2025-07-24 17:15:00,1.36113,1.36243,1.3611,1.3620700000000001,622,1,0
2025-07-24 17:30:00,1.3620700000000001,1.36218,1.36173,1.36208,631,1,0
2025-07-24 17:45:00,1.36208,1.36277,1.36174,1.36175,711,1,0
2025-07-24 18:00:00,1.36175,1.36299,1.36165,1.36299,715,1,0
2025-07-24 18:15:00,1.36299,1.3632,1.3625,1.3628,531,1,0
2025-07-24 18:30:00,1.3628,1.36392,1.3627799999999999,1.36388,576,1,0
2025-07-24 18:45:00,1.36388,1.36447,1.36374,1.36447,478,1,0
2025-07-24 19:00:00,1.36447,1.36464,1.36399,1.3645,484,1,0
2025-07-24 19:15:00,1.36444,1.3645399999999999,1.36388,1.36435,435,1,0
2025-07-24 19:30:00,1.36435,1.36455,1.3635,1.36361,427,1,0
2025-07-24 19:45:00,1.36361,1.36378,1.36324,1.36369,422,1,0
2025-07-24 20:00:00,1.36369,1.36425,1.36346,1.3636300000000001,275,1,0
2025-07-24 20:15:00,1.3636300000000001,1.36399,1.36358,1.36364,286,1,0
2025-07-24 20:30:00,1.36364,1.3637000000000001,1.36314,1.36316,285,1,0
2025-07-24 20:45:00,1.36316,1.36349,1.36303,1.36345,277,1,0
2025-07-24 21:00:00,1.36345,1.36414,1.3634,1.3641,347,1,0
2025-07-24 21:15:00,1.3641,1.36426,1.36353,1.36354,210,1,0
2025-07-24 21:30:00,1.36354,1.36392,1.3633600000000001,1.3637299999999999,258,1,0
2025-07-24 21:45:00,1.36372,1.36409,1.36371,1.36401,396,1,0
2025-07-24 22:00:00,1.36401,1.36414,1.36355,1.36355,186,1,0
2025-07-24 22:15:00,1.36355,1.36356,1.36317,1.36325,134,1,0
2025-07-24 22:30:00,1.36325,1.36376,1.36324,1.36372,291,1,0
2025-07-24 22:45:00,1.36372,1.36436,1.36351,1.36436,355,1,0
2025-07-24 23:00:00,1.36436,1.36466,1.3643100000000001,1.36462,328,1,0
2025-07-24 23:15:00,1.36462,1.36483,1.3645399999999999,1.36473,211,1,0
2025-07-24 23:30:00,1.36473,1.36547,1.36472,1.36518,397,1,0
2025-07-24 23:45:00,1.36518,1.36541,1.36372,1.36374,380,7,0
2025-07-25 00:00:00,1.36322,1.36448,1.36265,1.36448,56,35,0
2025-07-25 00:15:00,1.36448,1.36448,1.36326,1.3632900000000001,96,35,0
2025-07-25 00:30:00,1.3632900000000001,1.36471,1.36315,1.36463,195,35,0
2025-07-25 00:45:00,1.36463,1.36465,1.36374,1.3639999999999999,1261,35,0
2025-07-25 01:00:00,1.36404,1.36503,1.36398,1.36476,209,1,0
2025-07-25 01:15:00,1.36476,1.36476,1.36446,1.36446,54,1,0
2025-07-25 01:30:00,1.36446,1.3647,1.36446,1.36469,67,1,0
2025-07-25 01:45:00,1.36469,1.3647,1.3644,1.36449,101,1,0
2025-07-25 02:00:00,1.36449,1.36449,1.36425,1.36438,168,1,0
2025-07-25 02:15:00,1.36438,1.36442,1.36426,1.36442,215,1,0
2025-07-25 02:30:00,1.36442,1.3645800000000001,1.36425,1.36428,383,1,0
2025-07-25 02:45:00,1.36428,1.36429,1.3639999999999999,1.36407,399,1,0
2025-07-25 03:00:00,1.36407,1.36456,1.36378,1.3644,837,1,0
2025-07-25 03:15:00,1.3644,1.36447,1.3642400000000001,1.3642699999999999,517,1,0
2025-07-25 03:30:00,1.3642699999999999,1.36439,1.36406,1.36409,499,1,0
2025-07-25 03:45:00,1.36409,1.36464,1.3639299999999999,1.36419,1208,1,0
2025-07-25 04:00:00,1.36419,1.36501,1.36388,1.36498,559,1,0
2025-07-25 04:15:00,1.36498,1.36523,1.36482,1.36505,645,1,0
2025-07-25 04:30:00,1.36505,1.36507,1.3648,1.36491,531,1,0
2025-07-25 04:45:00,1.36491,1.36503,1.36472,1.36487,257,1,0
2025-07-25 05:00:00,1.36487,1.36513,1.36483,1.36498,416,1,0
2025-07-25 05:15:00,1.36498,1.36547,1.36497,1.36523,454,1,0
2025-07-25 05:30:00,1.36523,1.36551,1.36518,1.36542,813,1,0
2025-07-25 05:45:00,1.36542,1.3655599999999999,1.36526,1.36544,495,1,0
2025-07-25 06:00:00,1.36544,1.3655599999999999,1.36525,1.3654600000000001,669,1,0
2025-07-25 06:15:00,1.3654600000000001,1.36555,1.36535,1.36543,656,1,0
2025-07-25 06:30:00,1.36543,1.36543,1.36507,1.36511,1131,1,0
2025-07-25 06:45:00,1.36511,1.3652199999999999,1.36494,1.36521,476,1,0
2025-07-25 07:00:00,1.36521,1.3652199999999999,1.36484,1.3651200000000001,579,1,0
2025-07-25 07:15:00,1.3651200000000001,1.36538,1.36511,1.36533,718,1,0
2025-07-25 07:30:00,1.36533,1.36665,1.36527,1.36623,620,1,0
2025-07-25 07:45:00,1.36623,1.36623,1.3658000000000001,1.36594,564,1,0
2025-07-25 08:00:00,1.36594,1.36605,1.36565,1.3657599999999999,669,1,0
2025-07-25 08:15:00,1.3657599999999999,1.36585,1.36545,1.3655300000000001,414,1,0
2025-07-25 08:30:00,1.36552,1.36566,1.36524,1.36535,586,1,0
2025-07-25 08:45:00,1.36535,1.36557,1.365,1.36518,566,1,0
2025-07-25 09:00:00,1.36518,1.36575,1.3648,1.36548,641,1,0
2025-07-25 09:15:00,1.36548,1.36574,1.365,1.3654899999999999,447,1,0
2025-07-25 09:30:00,1.3654899999999999,1.36558,1.3651,1.36535,334,1,0
2025-07-25 09:45:00,1.36535,1.36603,1.36529,1.36601,288,1,0
2025-07-25 10:00:00,1.36601,1.36635,1.36572,1.36605,437,1,0
2025-07-25 10:15:00,1.36605,1.3666800000000001,1.36587,1.3666,530,1,0
2025-07-25 10:30:00,1.3666,1.3673,1.3666,1.3672900000000001,539,1,0
2025-07-25 10:45:00,1.3672900000000001,1.36753,1.36715,1.36735,364,1,0
2025-07-25 11:00:00,1.36735,1.36779,1.36687,1.36769,579,1,0
2025-07-25 11:15:00,1.36769,1.36799,1.36769,1.36773,513,1,0
2025-07-25 11:30:00,1.36773,1.36774,1.36701,1.36719,377,1,0
2025-07-25 11:45:00,1.36718,1.36764,1.36717,1.36762,454,1,0
2025-07-25 12:00:00,1.36762,1.36802,1.36741,1.36784,514,1,0
2025-07-25 12:15:00,1.36784,1.36792,1.36758,1.36774,397,1,0
2025-07-25 12:30:00,1.36774,1.36777,1.3673899999999999,1.3675899999999999,280,1,0
2025-07-25 12:45:00,1.3676,1.36777,1.36745,1.36772,290,1,0
2025-07-25 13:00:00,1.36772,1.36789,1.3675899999999999,1.36767,346,1,0
2025-07-25 13:15:00,1.36767,1.36794,1.3676300000000001,1.36774,364,1,0
2025-07-25 13:30:00,1.36774,1.36774,1.36749,1.36769,336,1,0
2025-07-25 13:45:00,1.36769,1.36786,1.36721,1.36743,357,1,0
2025-07-25 14:00:00,1.36743,1.36754,1.36674,1.36685,329,1,0
2025-07-25 14:15:00,1.36685,1.36785,1.36677,1.36776,367,1,0
2025-07-25 14:30:00,1.36776,1.36776,1.36706,1.36707,261,1,0
2025-07-25 14:45:00,1.36707,1.3672900000000001,1.36703,1.36721,333,1,0
2025-07-25 15:00:00,1.36722,1.36776,1.36718,1.36769,319,1,0
2025-07-25 15:15:00,1.36769,1.36815,1.36747,1.36815,359,1,0
2025-07-25 15:30:00,1.36815,1.36868,1.3678,1.3683,485,1,0
2025-07-25 15:45:00,1.3683,1.3689,1.36809,1.36855,564,1,0
2025-07-25 16:00:00,1.36855,1.37099,1.36816,1.37067,1225,1,0
2025-07-25 16:15:00,1.37067,1.37126,1.36814,1.36908,1135,1,0
2025-07-25 16:30:00,1.36908,1.37119,1.36893,1.37061,901,1,0
2025-07-25 16:45:00,1.37061,1.37106,1.36958,1.3703699999999999,1244,1,0
2025-07-25 17:00:00,1.3703699999999999,1.37048,1.3695599999999999,1.37011,972,1,0
2025-07-25 17:15:00,1.37011,1.3703400000000001,1.36929,1.36948,829,1,0
2025-07-25 17:30:00,1.36948,1.3705,1.36928,1.36975,678,1,0
2025-07-25 17:45:00,1.36975,1.3706,1.36959,1.37039,663,1,0
2025-07-25 18:00:00,1.37039,1.37103,1.37036,1.37054,663,1,0
2025-07-25 18:15:00,1.37054,1.37074,1.3700700000000001,1.37021,457,1,0
2025-07-25 18:30:00,1.37021,1.37135,1.37021,1.37118,534,1,0
2025-07-25 18:45:00,1.37118,1.3715899999999999,1.37103,1.37148,446,1,0
2025-07-25 19:00:00,1.37148,1.3725800000000001,1.37147,1.37183,510,1,0
2025-07-25 19:15:00,1.37183,1.37249,1.37171,1.37207,478,1,0
2025-07-25 19:30:00,1.37207,1.3725,1.3719999999999999,1.37226,433,1,0
2025-07-25 19:45:00,1.37226,1.37228,1.37157,1.37162,448,1,0
2025-07-25 20:00:00,1.37162,1.37173,1.37151,1.37164,347,1,0
2025-07-25 20:15:00,1.37164,1.37171,1.37117,1.3712,308,1,0
2025-07-25 20:30:00,1.3712,1.3713600000000001,1.37088,1.37127,285,1,0
2025-07-25 20:45:00,1.37127,1.37137,1.37111,1.37123,204,1,0
2025-07-25 21:00:00,1.37123,1.37128,1.37038,1.37038,397,1,0
2025-07-25 21:15:00,1.37038,1.37109,1.37031,1.3708,363,1,0
2025-07-25 21:30:00,1.3708,1.37117,1.37076,1.37109,280,1,0
2025-07-25 21:45:00,1.37109,1.37117,1.3708,1.37099,332,1,0
2025-07-25 22:00:00,1.37099,1.37117,1.37087,1.37111,243,1,0
2025-07-25 22:15:00,1.37111,1.37114,1.3707500000000001,1.3707799999999999,330,1,0
2025-07-25 22:30:00,1.3707799999999999,1.37088,1.37057,1.37067,234,1,0
2025-07-25 22:45:00,1.37067,1.37086,1.3704100000000001,1.37047,334,1,0
2025-07-25 23:00:00,1.37047,1.37103,1.37047,1.37089,213,1,0
2025-07-25 23:15:00,1.37088,1.3709,1.37028,1.37031,184,1,0
2025-07-25 23:30:00,1.37031,1.37064,1.37012,1.37053,163,1,0
2025-07-25 23:45:00,1.37053,1.37084,1.3697599999999999,1.36996,319,7,0
2025-07-28 00:00:00,1.36969,1.37002,1.36963,1.36997,63,127,0
2025-07-28 00:15:00,1.36997,1.37009,1.36988,1.3700700000000001,62,86,0
2025-07-28 00:30:00,1.3700700000000001,1.3703400000000001,1.36993,1.37019,348,47,0
2025-07-28 00:45:00,1.37019,1.37032,1.37004,1.37018,286,52,0
2025-07-28 01:00:00,1.37018,1.37033,1.36952,1.3701699999999999,417,1,0
2025-07-28 01:15:00,1.3701699999999999,1.37021,1.36984,1.37008,248,1,0
2025-07-28 01:30:00,1.37008,1.37008,1.36968,1.3698000000000001,152,1,0
2025-07-28 01:45:00,1.3698000000000001,1.36999,1.36963,1.3698000000000001,148,1,0
2025-07-28 02:00:00,1.3698000000000001,1.36994,1.36962,1.36986,448,1,0
2025-07-28 02:15:00,1.36986,1.36986,1.36961,1.3697,313,1,0
2025-07-28 02:30:00,1.3697,1.37006,1.36967,1.37006,275,1,0
2025-07-28 02:45:00,1.37006,1.37031,1.37003,1.3703,290,1,0
2025-07-28 03:00:00,1.3703,1.3703,1.36957,1.3697,1132,1,0
2025-07-28 03:15:00,1.3697,1.3697,1.3691200000000001,1.36948,761,1,0
2025-07-28 03:30:00,1.36948,1.36988,1.36947,1.36959,811,1,0
2025-07-28 03:45:00,1.36959,1.36999,1.36932,1.36935,1057,1,0
2025-07-28 04:00:00,1.36935,1.36935,1.3688799999999999,1.3692199999999999,682,1,0
2025-07-28 04:15:00,1.3692199999999999,1.36989,1.36916,1.36963,511,1,0
2025-07-28 04:30:00,1.36963,1.37025,1.36958,1.3701400000000001,673,1,0
2025-07-28 04:45:00,1.37013,1.37048,1.37,1.3701699999999999,434,1,0
2025-07-28 05:00:00,1.3701699999999999,1.37062,1.3701400000000001,1.37043,750,1,0
2025-07-28 05:15:00,1.37043,1.37047,1.36978,1.36991,844,1,0
2025-07-28 05:30:00,1.36991,1.36994,1.3696,1.36968,528,1,0
2025-07-28 05:45:00,1.36968,1.36969,1.36933,1.3696,409,1,0
2025-07-28 06:00:00,1.3696,1.36979,1.3695,1.3696,429,1,0
2025-07-28 06:15:00,1.3696,1.36987,1.36954,1.36977,204,1,0
2025-07-28 06:30:00,1.36977,1.36995,1.36948,1.36959,282,1,0
2025-07-28 06:45:00,1.36959,1.36968,1.36932,1.36934,371,1,0
2025-07-28 07:00:00,1.36934,1.3694899999999999,1.36918,1.36932,460,1,0
2025-07-28 07:15:00,1.36932,1.3694600000000001,1.3691900000000001,1.36939,388,1,0
2025-07-28 07:30:00,1.36939,1.36977,1.36938,1.3697300000000001,325,1,0
2025-07-28 07:45:00,1.3697300000000001,1.36974,1.36951,1.36963,277,1,0
2025-07-28 08:00:00,1.36963,1.36988,1.36957,1.3698000000000001,286,1,0
2025-07-28 08:15:00,1.3698000000000001,1.37015,1.36979,1.36997,301,1,0
2025-07-28 08:30:00,1.36997,1.37005,1.36979,1.37001,515,1,0
2025-07-28 08:45:00,1.37001,1.3700700000000001,1.36982,1.36986,464,1,0
2025-07-28 09:00:00,1.36986,1.37043,1.36979,1.3700700000000001,493,1,0
2025-07-28 09:15:00,1.3700700000000001,1.37173,1.37004,1.37154,720,1,0
2025-07-28 09:30:00,1.37154,1.37202,1.37138,1.37146,540,1,0
2025-07-28 09:45:00,1.37145,1.37162,1.3710499999999999,1.37118,570,1,0
2025-07-28 10:00:00,1.37118,1.3713199999999999,1.3708,1.37109,701,1,0
2025-07-28 10:15:00,1.37109,1.37173,1.3707099999999999,1.37173,532,1,0
2025-07-28 10:30:00,1.37173,1.37303,1.37173,1.37293,697,1,0
2025-07-28 10:45:00,1.37293,1.3740700000000001,1.37289,1.37385,681,1,0
2025-07-28 11:00:00,1.37385,1.37424,1.37361,1.37402,746,1,0
2025-07-28 11:15:00,1.374,1.37402,1.37307,1.37325,634,1,0
2025-07-28 11:30:00,1.37326,1.37352,1.37272,1.37332,553,1,0
2025-07-28 11:45:00,1.37332,1.37384,1.37296,1.37298,578,1,0
2025-07-28 12:00:00,1.37298,1.37326,1.3728099999999999,1.37295,456,1,0
2025-07-28 12:15:00,1.37295,1.37327,1.37268,1.37318,494,1,0
2025-07-28 12:30:00,1.37318,1.37347,1.3728799999999999,1.37289,633,1,0
2025-07-28 12:45:00,1.37289,1.37298,1.37268,1.3727800000000001,496,1,0
2025-07-28 13:00:00,1.3727800000000001,1.37298,1.37247,1.3725100000000001,518,1,0
2025-07-28 13:15:00,1.3725100000000001,1.37326,1.3724,1.37303,563,1,0
2025-07-28 13:30:00,1.37303,1.3731200000000001,1.3723,1.37232,533,1,0
2025-07-28 13:45:00,1.37232,1.37264,1.37231,1.37245,549,1,0
2025-07-28 14:00:00,1.37245,1.37259,1.37214,1.3722400000000001,559,1,0
2025-07-28 14:15:00,1.3722400000000001,1.37307,1.3722400000000001,1.37297,422,1,0
2025-07-28 14:30:00,1.37297,1.37345,1.37232,1.37244,527,1,0
2025-07-28 14:45:00,1.37244,1.37279,1.37183,1.37184,591,1,0
2025-07-28 15:00:00,1.37184,1.37229,1.3715899999999999,1.37212,897,1,0
2025-07-28 15:15:00,1.37212,1.37234,1.37168,1.37185,490,1,0
2025-07-28 15:30:00,1.37183,1.3721,1.37154,1.37204,595,1,0
2025-07-28 15:45:00,1.37204,1.37239,1.37171,1.37177,586,1,0
2025-07-28 16:00:00,1.37177,1.37179,1.37121,1.37149,496,1,0
2025-07-28 16:15:00,1.37149,1.3728799999999999,1.37149,1.37272,639,1,0
2025-07-28 16:30:00,1.37272,1.37293,1.37213,1.37241,667,1,0
2025-07-28 16:45:00,1.37241,1.37253,1.3715600000000001,1.37185,860,1,0
2025-07-28 17:00:00,1.37187,1.37211,1.37123,1.3716,888,1,0
2025-07-28 17:15:00,1.3716,1.37202,1.3710499999999999,1.37113,729,1,0
2025-07-28 17:30:00,1.37113,1.37169,1.37106,1.3712900000000001,786,1,0
2025-07-28 17:45:00,1.3712900000000001,1.37179,1.37114,1.37175,631,1,0
2025-07-28 18:00:00,1.37176,1.37244,1.3713899999999999,1.37195,700,1,0
2025-07-28 18:15:00,1.37195,1.37226,1.37148,1.37176,695,1,0
2025-07-28 18:30:00,1.37174,1.37196,1.37141,1.37184,531,1,0
2025-07-28 18:45:00,1.37184,1.37215,1.37177,1.37194,480,1,0
2025-07-28 19:00:00,1.37194,1.37255,1.37173,1.37243,697,1,0
2025-07-28 19:15:00,1.37243,1.3725399999999999,1.37186,1.37216,465,1,0
2025-07-28 19:30:00,1.37216,1.37264,1.37186,1.37206,421,1,0
2025-07-28 19:45:00,1.37206,1.37223,1.37167,1.37192,365,1,0
2025-07-28 20:00:00,1.37191,1.37228,1.37176,1.37189,405,1,0
2025-07-28 20:15:00,1.37189,1.37265,1.37189,1.37265,358,1,0
2025-07-28 20:30:00,1.37265,1.37297,1.37255,1.37296,264,1,0
2025-07-28 20:45:00,1.37296,1.37317,1.37275,1.37292,350,1,0
2025-07-28 21:00:00,1.37292,1.3732199999999999,1.37284,1.37308,432,1,0
2025-07-28 21:15:00,1.37307,1.37307,1.37266,1.37277,305,1,0
2025-07-28 21:30:00,1.37277,1.37305,1.37277,1.3728500000000001,217,1,0
2025-07-28 21:45:00,1.3728500000000001,1.37352,1.37273,1.3734199999999999,374,1,0
2025-07-28 22:00:00,1.37343,1.37357,1.37326,1.3734199999999999,233,1,0
2025-07-28 22:15:00,1.3734199999999999,1.37374,1.37338,1.37374,162,1,0
2025-07-28 22:30:00,1.3737300000000001,1.3740299999999999,1.37372,1.37386,208,1,0
2025-07-28 22:45:00,1.37386,1.37399,1.37354,1.37362,399,1,0
2025-07-28 23:00:00,1.37362,1.37386,1.3734,1.3734600000000001,275,1,0
2025-07-28 23:15:00,1.37345,1.37357,1.37318,1.37329,151,1,0
2025-07-28 23:30:00,1.37329,1.37332,1.37279,1.37331,403,1,0
2025-07-28 23:45:00,1.37331,1.37402,1.37324,1.3738000000000001,396,7,0
2025-07-29 00:00:00,1.37381,1.37381,1.37305,1.37357,33,22,0
2025-07-29 00:15:00,1.37357,1.37357,1.37313,1.37328,40,39,0
2025-07-29 00:30:00,1.37328,1.37334,1.37323,1.37333,95,35,0
2025-07-29 00:45:00,1.37333,1.37348,1.37323,1.3734600000000001,133,35,0
2025-07-29 01:00:00,1.3734600000000001,1.37381,1.3734600000000001,1.3734899999999999,127,1,0
2025-07-29 01:15:00,1.3734899999999999,1.37361,1.37345,1.3736,95,1,0
2025-07-29 01:30:00,1.3736,1.37368,1.37344,1.37347,93,1,0
2025-07-29 01:45:00,1.37347,1.37369,1.37335,1.37366,123,1,0
2025-07-29 02:00:00,1.37366,1.37387,1.3734,1.37352,340,1,0
2025-07-29 02:15:00,1.37352,1.37381,1.37351,1.37363,155,1,0
2025-07-29 02:30:00,1.37363,1.37365,1.3734899999999999,1.37355,148,1,0
2025-07-29 02:45:00,1.37355,1.37361,1.37348,1.3735,273,1,0
2025-07-29 03:00:00,1.3735,1.37409,1.3734899999999999,1.37397,802,1,0
2025-07-29 03:15:00,1.37397,1.37411,1.3737,1.37397,1042,1,0
2025-07-29 03:30:00,1.37397,1.3740299999999999,1.37385,1.37388,740,1,0
2025-07-29 03:45:00,1.37387,1.37432,1.37386,1.3742,684,1,0
2025-07-29 04:00:00,1.3742,1.37423,1.37393,1.37406,499,1,0
2025-07-29 04:15:00,1.37406,1.37414,1.37359,1.3738000000000001,534,1,0
2025-07-29 04:30:00,1.3738000000000001,1.3739,1.37355,1.37363,588,1,0
2025-07-29 04:45:00,1.37363,1.37388,1.37337,1.3738000000000001,557,1,0
2025-07-29 05:00:00,1.3738000000000001,1.3738000000000001,1.37328,1.37334,554,1,0
2025-07-29 05:15:00,1.37333,1.37356,1.37324,1.37345,588,1,0
2025-07-29 05:30:00,1.37345,1.37353,1.37336,1.37343,475,1,0
2025-07-29 05:45:00,1.37343,1.37345,1.37311,1.37317,742,1,0
2025-07-29 06:00:00,1.37317,1.37344,1.3731,1.37343,596,1,0
2025-07-29 06:15:00,1.37343,1.37362,1.3734,1.37358,377,1,0
2025-07-29 06:30:00,1.37358,1.37395,1.37358,1.37388,488,1,0
2025-07-29 06:45:00,1.37388,1.37394,1.37377,1.37386,213,1,0
2025-07-29 07:00:00,1.37386,1.37387,1.3734899999999999,1.37368,351,1,0
2025-07-29 07:15:00,1.37368,1.37386,1.37359,1.3737599999999999,341,1,0
2025-07-29 07:30:00,1.3737599999999999,1.37395,1.37359,1.37368,318,1,0
2025-07-29 07:45:00,1.37368,1.37375,1.37317,1.37318,594,1,0
2025-07-29 08:00:00,1.37318,1.37366,1.37318,1.37359,391,1,0
2025-07-29 08:15:00,1.37359,1.37363,1.37317,1.3734199999999999,428,1,0
2025-07-29 08:30:00,1.3734199999999999,1.37366,1.37338,1.3734899999999999,571,1,0
2025-07-29 08:45:00,1.3734899999999999,1.3736,1.37328,1.37343,409,1,0
2025-07-29 09:00:00,1.37343,1.37398,1.37338,1.37343,599,1,0
2025-07-29 09:15:00,1.37343,1.37391,1.37331,1.37391,283,1,0
2025-07-29 09:30:00,1.37391,1.37451,1.37379,1.37392,464,1,0
2025-07-29 09:45:00,1.37392,1.37513,1.37392,1.37508,702,1,0
2025-07-29 10:00:00,1.37508,1.37539,1.3747,1.37527,747,1,0
2025-07-29 10:15:00,1.37528,1.3755600000000001,1.3749799999999999,1.37555,587,1,0
2025-07-29 10:30:00,1.37555,1.37609,1.37555,1.37574,581,1,0
2025-07-29 10:45:00,1.37574,1.37583,1.37537,1.3755899999999999,443,1,0
2025-07-29 11:00:00,1.3755899999999999,1.3759700000000001,1.37506,1.37509,669,1,0
2025-07-29 11:15:00,1.37509,1.37537,1.37504,1.3752,543,1,0
2025-07-29 11:30:00,1.3752,1.37531,1.37455,1.37481,582,1,0
2025-07-29 11:45:00,1.37481,1.37491,1.37433,1.37443,470,1,0
2025-07-29 12:00:00,1.37443,1.37461,1.37412,1.37435,546,1,0
2025-07-29 12:15:00,1.37435,1.3744,1.37395,1.37398,467,1,0
2025-07-29 12:30:00,1.37398,1.37451,1.37393,1.3744100000000001,518,1,0
2025-07-29 12:45:00,1.3744100000000001,1.37522,1.3743699999999999,1.37511,402,1,0
2025-07-29 13:00:00,1.37511,1.37547,1.37504,1.37519,476,1,0
2025-07-29 13:15:00,1.37519,1.37547,1.37488,1.37492,539,1,0
2025-07-29 13:30:00,1.37492,1.37534,1.37489,1.3753,421,1,0
2025-07-29 13:45:00,1.3753,1.37564,1.3752900000000001,1.37557,389,1,0
2025-07-29 14:00:00,1.3755600000000001,1.376,1.37543,1.37577,415,1,0
2025-07-29 14:15:00,1.37577,1.3758,1.37527,1.37548,473,1,0
2025-07-29 14:30:00,1.37548,1.37649,1.3753600000000001,1.37638,558,1,0
2025-07-29 14:45:00,1.37638,1.377,1.37612,1.37694,555,1,0
2025-07-29 15:00:00,1.37694,1.37774,1.37694,1.37774,647,1,0
2025-07-29 15:15:00,1.3777300000000001,1.37779,1.37743,1.37778,689,1,0
2025-07-29 15:30:00,1.37778,1.37789,1.37705,1.37716,611,1,0
2025-07-29 15:45:00,1.37716,1.37784,1.37698,1.37784,511,1,0
2025-07-29 16:00:00,1.37785,1.37806,1.37709,1.37744,681,1,0
2025-07-29 16:15:00,1.37743,1.37744,1.37629,1.37642,661,1,0
2025-07-29 16:30:00,1.37642,1.37695,1.3759299999999999,1.37631,818,1,0
2025-07-29 16:45:00,1.37631,1.37641,1.37586,1.37613,672,1,0
2025-07-29 17:00:00,1.37601,1.37707,1.37544,1.37631,992,1,0
2025-07-29 17:15:00,1.37631,1.3765,1.37549,1.37583,821,1,0
2025-07-29 17:30:00,1.37584,1.3759700000000001,1.37497,1.37567,902,1,0
2025-07-29 17:45:00,1.37567,1.37856,1.37548,1.37848,1496,1,0
2025-07-29 18:00:00,1.37848,1.37885,1.37728,1.37743,1182,1,0
2025-07-29 18:15:00,1.37743,1.37785,1.37707,1.37752,668,1,0
2025-07-29 18:30:00,1.37751,1.37793,1.37736,1.37779,681,1,0
2025-07-29 18:45:00,1.37779,1.3780999999999999,1.3772,1.37789,616,1,0
2025-07-29 19:00:00,1.37788,1.3780299999999999,1.37745,1.37745,555,1,0
2025-07-29 19:15:00,1.37745,1.37775,1.37709,1.37772,577,1,0
2025-07-29 19:30:00,1.37772,1.37775,1.37737,1.3774,552,1,0
2025-07-29 19:45:00,1.3773900000000001,1.37795,1.37727,1.37778,478,1,0
2025-07-29 20:00:00,1.37778,1.37796,1.37748,1.37748,551,1,0
2025-07-29 20:15:00,1.37748,1.37748,1.37679,1.37738,630,1,0
2025-07-29 20:30:00,1.37738,1.37758,1.37716,1.37736,595,1,0
2025-07-29 20:45:00,1.37736,1.37758,1.3771499999999999,1.37728,529,1,0
2025-07-29 21:00:00,1.37728,1.37733,1.37696,1.37709,545,1,0
2025-07-29 21:15:00,1.37709,1.3771,1.37687,1.37692,459,1,0
2025-07-29 21:30:00,1.37692,1.37694,1.37629,1.3765,451,1,0
2025-07-29 21:45:00,1.3765,1.37689,1.3762400000000001,1.37666,401,1,0
2025-07-29 22:00:00,1.37666,1.37689,1.3764,1.3765,493,1,0
2025-07-29 22:15:00,1.3765,1.37657,1.37634,1.37643,401,1,0
2025-07-29 22:30:00,1.37643,1.3771499999999999,1.37637,1.37698,313,1,0
2025-07-29 22:45:00,1.37698,1.37769,1.37696,1.37765,280,1,0
2025-07-29 23:00:00,1.37765,1.37796,1.37748,1.37761,252,1,0
2025-07-29 23:15:00,1.37761,1.37823,1.37759,1.37782,303,1,0
2025-07-29 23:30:00,1.37782,1.37788,1.37701,1.37713,293,1,0
2025-07-29 23:45:00,1.37713,1.37762,1.37699,1.377,275,7,0
2025-07-30 00:00:00,1.37696,1.37699,1.37636,1.3768799999999999,53,20,0
2025-07-30 00:15:00,1.3768799999999999,1.3768799999999999,1.37648,1.37676,21,35,0
2025-07-30 00:30:00,1.37676,1.37677,1.37648,1.37677,25,56,0
2025-07-30 00:45:00,1.37677,1.37677,1.37642,1.37667,20,52,0
2025-07-30 01:00:00,1.37667,1.37702,1.37659,1.377,67,1,0
2025-07-30 01:15:00,1.377,1.37714,1.37699,1.37701,41,1,0
2025-07-30 01:30:00,1.37701,1.37711,1.37699,1.37705,64,1,0
2025-07-30 01:45:00,1.37705,1.37751,1.37702,1.37736,146,1,0
2025-07-30 02:00:00,1.37736,1.3773900000000001,1.37701,1.37721,235,1,0
2025-07-30 02:15:00,1.37721,1.37748,1.3771900000000001,1.37747,207,1,0
2025-07-30 02:30:00,1.37747,1.37753,1.37731,1.37753,86,1,0
2025-07-30 02:45:00,1.37753,1.37758,1.37744,1.37748,213,1,0
2025-07-30 03:00:00,1.37748,1.37748,1.3769,1.37692,585,1,0
2025-07-30 03:15:00,1.37692,1.37701,1.37673,1.3768,497,1,0
2025-07-30 03:30:00,1.3768,1.37684,1.37648,1.37656,610,1,0
2025-07-30 03:45:00,1.37656,1.37663,1.37622,1.37631,696,1,0
2025-07-30 04:00:00,1.37632,1.37633,1.37605,1.37611,684,1,0
2025-07-30 04:15:00,1.37611,1.37676,1.37587,1.37674,582,1,0
2025-07-30 04:30:00,1.37674,1.37721,1.37649,1.37659,760,1,0
2025-07-30 04:45:00,1.37659,1.37671,1.37635,1.3765,606,1,0
2025-07-30 05:00:00,1.3765,1.37661,1.37625,1.37632,551,1,0
2025-07-30 05:15:00,1.37632,1.37645,1.37616,1.37639,372,1,0
2025-07-30 05:30:00,1.37639,1.37683,1.37639,1.37682,425,1,0
2025-07-30 05:45:00,1.37682,1.37683,1.3764,1.3765100000000001,322,1,0
2025-07-30 06:00:00,1.3765100000000001,1.3765100000000001,1.37605,1.37626,292,1,0
2025-07-30 06:15:00,1.37626,1.37637,1.37614,1.37634,326,1,0
2025-07-30 06:30:00,1.37634,1.37662,1.37623,1.37634,418,1,0
2025-07-30 06:45:00,1.37634,1.37646,1.37625,1.37629,295,1,0
2025-07-30 07:00:00,1.37629,1.3768500000000001,1.37625,1.37671,680,1,0
2025-07-30 07:15:00,1.37671,1.37673,1.37652,1.3765399999999999,183,1,0
2025-07-30 07:30:00,1.3765399999999999,1.37664,1.37643,1.3766,269,1,0
2025-07-30 07:45:00,1.3766,1.37697,1.3766,1.37693,393,1,0
2025-07-30 08:00:00,1.37693,1.37705,1.37668,1.37691,565,1,0
2025-07-30 08:15:00,1.37691,1.37699,1.3765100000000001,1.37664,789,1,0
2025-07-30 08:30:00,1.37664,1.37673,1.37636,1.37673,743,1,0
2025-07-30 08:45:00,1.37672,1.37702,1.3767,1.37691,441,1,0
2025-07-30 09:00:00,1.37691,1.3774600000000001,1.37686,1.3772,612,1,0
2025-07-30 09:15:00,1.3772,1.37725,1.3768099999999999,1.37693,484,1,0
2025-07-30 09:30:00,1.37693,1.37708,1.37676,1.37707,450,1,0
2025-07-30 09:45:00,1.37707,1.3772,1.37664,1.37672,530,1,0
2025-07-30 10:00:00,1.37672,1.37684,1.37633,1.37663,608,1,0
2025-07-30 10:15:00,1.37663,1.37692,1.37644,1.37674,537,1,0
2025-07-30 10:30:00,1.37674,1.37706,1.3765399999999999,1.37691,448,1,0
2025-07-30 10:45:00,1.37691,1.37696,1.37663,1.37684,421,1,0
2025-07-30 11:00:00,1.37684,1.37731,1.37677,1.3773,499,1,0
2025-07-30 11:15:00,1.3773,1.37771,1.37703,1.37718,432,1,0
2025-07-30 11:30:00,1.37718,1.37738,1.37714,1.37737,434,1,0
2025-07-30 11:45:00,1.37737,1.3774,1.37726,1.37732,426,1,0
2025-07-30 12:00:00,1.37733,1.37774,1.37718,1.37767,483,1,0
2025-07-30 12:15:00,1.37767,1.37825,1.37766,1.3780700000000001,437,1,0
2025-07-30 12:30:00,1.3780700000000001,1.3783,1.3780000000000001,1.37816,345,1,0
2025-07-30 12:45:00,1.37816,1.37833,1.37797,1.37798,422,1,0
2025-07-30 13:00:00,1.37798,1.37836,1.37794,1.37815,373,1,0
2025-07-30 13:15:00,1.37815,1.37884,1.37811,1.37881,453,1,0
2025-07-30 13:30:00,1.37881,1.37907,1.37872,1.3788,446,1,0
2025-07-30 13:45:00,1.3788,1.37884,1.37855,1.37882,362,1,0
2025-07-30 14:00:00,1.37882,1.37916,1.37881,1.379,447,1,0
2025-07-30 14:15:00,1.379,1.3790200000000001,1.37857,1.37899,317,1,0
2025-07-30 14:30:00,1.37899,1.37935,1.37897,1.37908,413,1,0
2025-07-30 14:45:00,1.37908,1.37909,1.3786800000000001,1.3786800000000001,434,1,0
2025-07-30 15:00:00,1.3786800000000001,1.37952,1.3786800000000001,1.3793199999999999,547,1,0
2025-07-30 15:15:00,1.37933,1.37989,1.37926,1.37958,610,1,0
2025-07-30 15:30:00,1.37958,1.38066,1.3791,1.3798300000000001,1065,1,0
2025-07-30 15:45:00,1.37979,1.38058,1.3790200000000001,1.38049,1100,1,0
2025-07-30 16:00:00,1.38048,1.38129,1.38025,1.38118,1045,1,0
2025-07-30 16:15:00,1.38118,1.38145,1.38063,1.3811,919,1,0
2025-07-30 16:30:00,1.3811,1.38127,1.38041,1.38041,1150,1,0
2025-07-30 16:45:00,1.38041,1.38186,1.3801700000000001,1.38031,1400,1,0
2025-07-30 17:00:00,1.38031,1.38064,1.37995,1.38046,933,1,0
2025-07-30 17:15:00,1.38046,1.38158,1.38046,1.38143,755,1,0
2025-07-30 17:30:00,1.38143,1.38175,1.3808500000000001,1.38098,639,1,0
2025-07-30 17:45:00,1.38098,1.38132,1.38045,1.38102,833,1,0
2025-07-30 18:00:00,1.38102,1.38192,1.3809,1.38144,884,1,0
2025-07-30 18:15:00,1.38144,1.3816,1.38077,1.3807800000000001,728,1,0
2025-07-30 18:30:00,1.3807800000000001,1.3816,1.38069,1.38157,489,1,0
2025-07-30 18:45:00,1.38157,1.3816899999999999,1.38133,1.38153,462,1,0
2025-07-30 19:00:00,1.38153,1.3817300000000001,1.38131,1.38145,395,1,0
2025-07-30 19:15:00,1.38145,1.38148,1.38094,1.38148,529,1,0
2025-07-30 19:30:00,1.38148,1.38155,1.38113,1.38117,359,1,0
2025-07-30 19:45:00,1.38117,1.38133,1.38069,1.3809,470,1,0
2025-07-30 20:00:00,1.3809,1.38098,1.38073,1.38084,524,1,0
2025-07-30 20:15:00,1.38084,1.38117,1.38071,1.38083,312,1,0
2025-07-30 20:30:00,1.38083,1.3808799999999999,1.3804400000000001,1.38059,409,1,0
2025-07-30 20:45:00,1.38059,1.38079,1.38033,1.38033,403,1,0
2025-07-30 21:00:00,1.37999,1.38093,1.37977,1.38067,1269,1,0
2025-07-30 21:15:00,1.38067,1.38134,1.38053,1.3806,818,1,0
2025-07-30 21:30:00,1.3806,1.38188,1.38005,1.38181,1866,1,0
2025-07-30 21:45:00,1.38181,1.38292,1.38111,1.38162,1662,1,0
2025-07-30 22:00:00,1.38161,1.38221,1.38157,1.38221,1360,1,0
2025-07-30 22:15:00,1.38221,1.38326,1.38217,1.38318,1004,1,0
2025-07-30 22:30:00,1.38318,1.3841999999999999,1.38233,1.3837,1169,1,0
2025-07-30 22:45:00,1.3837,1.38391,1.38338,1.38373,938,1,0
2025-07-30 23:00:00,1.38375,1.38428,1.3832200000000001,1.38419,624,1,0
2025-07-30 23:15:00,1.38419,1.38449,1.3841700000000001,1.38439,594,1,0
2025-07-30 23:30:00,1.38439,1.38439,1.38368,1.38373,439,1,0
2025-07-30 23:45:00,1.38373,1.3839000000000001,1.38279,1.38299,588,9,0
2025-07-31 00:00:00,1.38275,1.3828,1.38231,1.3828,36,32,0
2025-07-31 00:15:00,1.3828,1.3828,1.38226,1.38265,45,46,0
2025-07-31 00:30:00,1.38265,1.38282,1.38226,1.38278,36,51,0
2025-07-31 00:45:00,1.38278,1.3829799999999999,1.3826800000000001,1.38277,124,48,0
2025-07-31 01:00:00,1.38277,1.38313,1.38243,1.38273,180,1,0
2025-07-31 01:15:00,1.38273,1.38288,1.38231,1.3826800000000001,150,1,0
2025-07-31 01:30:00,1.3826800000000001,1.38273,1.38252,1.38265,173,1,0
2025-07-31 01:45:00,1.38265,1.3828,1.38251,1.38279,147,1,0
2025-07-31 02:00:00,1.38279,1.38315,1.38277,1.38304,300,1,0
2025-07-31 02:15:00,1.38304,1.38309,1.38273,1.3829,169,1,0
2025-07-31 02:30:00,1.3829,1.38294,1.38259,1.38266,162,1,0
2025-07-31 02:45:00,1.38266,1.3827099999999999,1.3824100000000001,1.3827,384,1,0
2025-07-31 03:00:00,1.3827,1.38309,1.38256,1.3828,925,1,0
2025-07-31 03:15:00,1.3828,1.38312,1.3826800000000001,1.38287,767,1,0
2025-07-31 03:30:00,1.38288,1.38326,1.38277,1.38308,772,1,0
2025-07-31 03:45:00,1.38308,1.38331,1.3829,1.38306,852,1,0
2025-07-31 04:00:00,1.38306,1.38367,1.3830200000000001,1.38316,900,1,0
2025-07-31 04:15:00,1.38316,1.38357,1.38306,1.38326,678,1,0
2025-07-31 04:30:00,1.38326,1.38327,1.38278,1.3828,765,1,0
2025-07-31 04:45:00,1.3828,1.38326,1.3828,1.3829,796,1,0
2025-07-31 05:00:00,1.3829,1.38299,1.38247,1.38259,623,1,0
2025-07-31 05:15:00,1.38259,1.38278,1.38245,1.38259,750,1,0
2025-07-31 05:30:00,1.3826,1.38292,1.3826,1.38289,605,1,0
2025-07-31 05:45:00,1.38289,1.38292,1.38245,1.38258,1074,1,0
2025-07-31 06:00:00,1.38258,1.38267,1.38227,1.38258,699,1,0
2025-07-31 06:15:00,1.38258,1.38317,1.38248,1.38289,747,1,0
2025-07-31 06:30:00,1.38289,1.3829,1.38238,1.38249,782,1,0
2025-07-31 06:45:00,1.38249,1.38262,1.38243,1.38248,636,1,0
2025-07-31 07:00:00,1.38248,1.38259,1.3822999999999999,1.38242,741,1,0
2025-07-31 07:15:00,1.38242,1.38265,1.3823699999999999,1.38263,824,1,0
2025-07-31 07:30:00,1.38262,1.3845100000000001,1.3823699999999999,1.38256,1002,1,0
2025-07-31 07:45:00,1.38256,1.38256,1.38161,1.38163,686,1,0
2025-07-31 08:00:00,1.38164,1.38212,1.3816,1.3817300000000001,478,1,0
2025-07-31 08:15:00,1.3817300000000001,1.38186,1.3815,1.3816899999999999,640,1,0
2025-07-31 08:30:00,1.3816899999999999,1.38192,1.38162,1.3817300000000001,369,1,0
2025-07-31 08:45:00,1.3817300000000001,1.38195,1.38167,1.38186,462,1,0
2025-07-31 09:00:00,1.38186,1.38212,1.38164,1.38191,509,1,0
2025-07-31 09:15:00,1.3819,1.38202,1.38136,1.38155,571,1,0
2025-07-31 09:30:00,1.38155,1.3824,1.38153,1.38195,559,1,0
2025-07-31 09:45:00,1.38194,1.38221,1.38165,1.38182,689,1,0
2025-07-31 10:00:00,1.38182,1.38226,1.38161,1.38221,812,1,0
2025-07-31 10:15:00,1.38221,1.38316,1.3822,1.38312,693,1,0
2025-07-31 10:30:00,1.38312,1.38365,1.38296,1.38365,646,1,0
2025-07-31 10:45:00,1.38365,1.38379,1.38317,1.3833199999999999,656,1,0
2025-07-31 11:00:00,1.3833199999999999,1.38414,1.38316,1.38408,835,1,0
2025-07-31 11:15:00,1.38408,1.38453,1.38398,1.3845,675,1,0
2025-07-31 11:30:00,1.3845,1.3846,1.38405,1.38431,665,1,0
2025-07-31 11:45:00,1.38431,1.38434,1.38391,1.38398,526,1,0
2025-07-31 12:00:00,1.38399,1.38457,1.38397,1.38402,537,1,0
2025-07-31 12:15:00,1.38402,1.38445,1.3839299999999999,1.38438,585,1,0
2025-07-31 12:30:00,1.38438,1.38477,1.38403,1.3847,507,1,0
2025-07-31 12:45:00,1.3847,1.38483,1.3846,1.38482,455,1,0
2025-07-31 13:00:00,1.38482,1.38484,1.38449,1.38469,447,1,0
2025-07-31 13:15:00,1.38469,1.3850799999999999,1.38462,1.3850799999999999,477,1,0
2025-07-31 13:30:00,1.3850799999999999,1.38533,1.3850500000000001,1.3851,335,1,0
2025-07-31 13:45:00,1.3851,1.38537,1.3845100000000001,1.3847800000000001,540,1,0
2025-07-31 14:00:00,1.3847800000000001,1.3850799999999999,1.38412,1.38423,531,1,0
2025-07-31 14:15:00,1.38423,1.3843,1.38378,1.38421,481,1,0
2025-07-31 14:30:00,1.38421,1.38441,1.38378,1.38415,364,1,0
2025-07-31 14:45:00,1.38415,1.38422,1.38349,1.38364,381,1,0
2025-07-31 15:00:00,1.38364,1.38397,1.38355,1.38374,495,1,0
2025-07-31 15:15:00,1.38374,1.38439,1.38357,1.38428,362,1,0
2025-07-31 15:30:00,1.3843,1.3847800000000001,1.38343,1.38406,862,1,0
2025-07-31 15:45:00,1.38406,1.38421,1.3833,1.38336,658,1,0
2025-07-31 16:00:00,1.38336,1.38375,1.38278,1.38353,934,1,0
2025-07-31 16:15:00,1.38353,1.38416,1.38337,1.38377,707,1,0
2025-07-31 16:30:00,1.38377,1.38493,1.38344,1.38492,834,1,0
2025-07-31 16:45:00,1.38492,1.3852,1.38428,1.38514,850,1,0
2025-07-31 17:00:00,1.38514,1.38525,1.38381,1.3838300000000001,931,1,0
2025-07-31 17:15:00,1.3838300000000001,1.38387,1.38293,1.38297,794,1,0
2025-07-31 17:30:00,1.38297,1.3835899999999999,1.38243,1.3828,799,1,0
2025-07-31 17:45:00,1.3828,1.38368,1.38244,1.38258,1043,1,0
2025-07-31 18:00:00,1.38258,1.38433,1.38243,1.38394,1210,1,0
2025-07-31 18:15:00,1.38394,1.38414,1.3835600000000001,1.38399,642,1,0
2025-07-31 18:30:00,1.38399,1.38416,1.38347,1.38413,654,1,0
2025-07-31 18:45:00,1.38413,1.38466,1.38405,1.38462,621,1,0
2025-07-31 19:00:00,1.38462,1.38471,1.38421,1.38452,822,1,0
2025-07-31 19:15:00,1.38452,1.38493,1.38433,1.38484,648,1,0
2025-07-31 19:30:00,1.38484,1.3849,1.3843,1.3845,493,1,0
2025-07-31 19:45:00,1.3845,1.38501,1.3845,1.38483,561,1,0
2025-07-31 20:00:00,1.38483,1.38528,1.3845,1.38516,548,1,0
2025-07-31 20:15:00,1.38516,1.38535,1.38487,1.3848799999999999,557,1,0
2025-07-31 20:30:00,1.3848799999999999,1.3853,1.3848799999999999,1.38507,514,1,0
2025-07-31 20:45:00,1.38507,1.38543,1.38499,1.38525,467,1,0
2025-07-31 21:00:00,1.38525,1.38562,1.38518,1.3856,544,1,0
2025-07-31 21:15:00,1.38559,1.38565,1.38527,1.38552,552,1,0
2025-07-31 21:30:00,1.38552,1.38556,1.38521,1.38528,528,1,0
2025-07-31 21:45:00,1.38528,1.3853,1.38458,1.38459,516,1,0
2025-07-31 22:00:00,1.38459,1.38474,1.38433,1.38445,562,1,0
2025-07-31 22:15:00,1.38445,1.38453,1.3842400000000001,1.38434,466,1,0
2025-07-31 22:30:00,1.38434,1.38435,1.38381,1.38415,458,1,0
2025-07-31 22:45:00,1.38415,1.38565,1.38414,1.38565,587,1,0
2025-07-31 23:00:00,1.38563,1.38571,1.38499,1.38526,457,1,0
2025-07-31 23:15:00,1.38526,1.38559,1.38498,1.38501,302,1,0
2025-07-31 23:30:00,1.38501,1.3856899999999999,1.38471,1.3856,361,1,0
2025-07-31 23:45:00,1.38561,1.38572,1.3850500000000001,1.38558,406,9,0
2025-08-01 00:00:00,1.38527,1.38528,1.38398,1.38527,51,35,0
2025-08-01 00:15:00,1.38527,1.38527,1.38468,1.38504,33,35,0
2025-08-01 00:30:00,1.38504,1.38504,1.3848799999999999,1.38491,26,35,0
2025-08-01 00:45:00,1.38491,1.38496,1.38491,1.38495,51,35,0
2025-08-01 01:00:00,1.38495,1.3860299999999999,1.38495,1.38593,284,1,0
2025-08-01 01:15:00,1.38593,1.38602,1.38587,1.38591,204,1,0
2025-08-01 01:30:00,1.38591,1.38592,1.3852,1.38523,219,1,0
2025-08-01 01:45:00,1.38523,1.38703,1.3851200000000001,1.38679,445,1,0
2025-08-01 02:00:00,1.38679,1.38711,1.3852,1.38547,882,1,0
2025-08-01 02:15:00,1.38547,1.38608,1.38544,1.38556,489,1,0
2025-08-01 02:30:00,1.38558,1.38604,1.38557,1.38562,406,1,0
2025-08-01 02:45:00,1.38562,1.38588,1.3854,1.38582,452,1,0
2025-08-01 03:00:00,1.38582,1.3863400000000001,1.38565,1.38571,951,1,0
2025-08-01 03:15:00,1.38571,1.38583,1.38531,1.38535,741,1,0
2025-08-01 03:30:00,1.38535,1.38545,1.3845399999999999,1.38462,898,1,0
2025-08-01 03:45:00,1.38462,1.38475,1.38445,1.38473,837,1,0
2025-08-01 04:00:00,1.38473,1.38511,1.38446,1.38457,819,1,0
2025-08-01 04:15:00,1.38457,1.38521,1.38442,1.38496,730,1,0
2025-08-01 04:30:00,1.38496,1.38568,1.3849,1.38553,723,1,0
2025-08-01 04:45:00,1.38553,1.38606,1.3855,1.38582,1237,1,0
2025-08-01 05:00:00,1.38582,1.38582,1.38536,1.3854199999999999,574,1,0
2025-08-01 05:15:00,1.38541,1.38579,1.3854,1.38558,509,1,0
2025-08-01 05:30:00,1.38558,1.38616,1.38556,1.38608,861,1,0
2025-08-01 05:45:00,1.38609,1.38621,1.38588,1.38588,730,1,0
2025-08-01 06:00:00,1.38588,1.3859,1.3851,1.38511,777,1,0
2025-08-01 06:15:00,1.38511,1.38559,1.38511,1.38543,1217,1,0
2025-08-01 06:30:00,1.3854199999999999,1.38562,1.38524,1.38526,946,1,0
2025-08-01 06:45:00,1.38526,1.38543,1.3851,1.3853900000000001,692,1,0
2025-08-01 07:00:00,1.3854,1.3854199999999999,1.3851,1.38521,619,1,0
2025-08-01 07:15:00,1.38519,1.38536,1.38513,1.38529,1117,1,0
2025-08-01 07:30:00,1.38529,1.38541,1.38511,1.3853,622,1,0
2025-08-01 07:45:00,1.3853,1.38554,1.38529,1.3854199999999999,968,1,0
2025-08-01 08:00:00,1.3854199999999999,1.38561,1.38529,1.38543,1168,1,0
2025-08-01 08:15:00,1.3854199999999999,1.38561,1.38532,1.38551,944,1,0
2025-08-01 08:30:00,1.38551,1.3857,1.38541,1.3855,849,1,0
2025-08-01 08:45:00,1.3855,1.38562,1.38523,1.38529,606,1,0
2025-08-01 09:00:00,1.38529,1.38561,1.3850799999999999,1.38529,666,1,0
2025-08-01 09:15:00,1.38529,1.38625,1.38526,1.38625,439,1,0
2025-08-01 09:30:00,1.38624,1.38649,1.38582,1.38614,499,1,0
2025-08-01 09:45:00,1.38614,1.38643,1.38601,1.38614,551,1,0
2025-08-01 10:00:00,1.38614,1.38626,1.38563,1.38626,697,1,0
2025-08-01 10:15:00,1.38626,1.38714,1.38613,1.3869500000000001,726,1,0
2025-08-01 10:30:00,1.3869500000000001,1.38721,1.38654,1.3869,588,1,0
2025-08-01 10:45:00,1.3869,1.38742,1.38685,1.38715,614,1,0
2025-08-01 11:00:00,1.38716,1.38731,1.3868800000000001,1.38716,557,1,0
2025-08-01 11:15:00,1.38716,1.38737,1.3869799999999999,1.3872,414,1,0
2025-08-01 11:30:00,1.3872,1.3875,1.38704,1.38746,468,1,0
2025-08-01 11:45:00,1.38745,1.38761,1.38716,1.38757,428,1,0
2025-08-01 12:00:00,1.38757,1.3875899999999999,1.3871,1.3872200000000001,392,1,0
2025-08-01 12:15:00,1.3872200000000001,1.38761,1.38721,1.38748,343,1,0
2025-08-01 12:30:00,1.3874900000000001,1.38761,1.38737,1.38754,503,1,0
2025-08-01 12:45:00,1.38754,1.3879299999999999,1.38753,1.38779,475,1,0
2025-08-01 13:00:00,1.38779,1.38792,1.3875899999999999,1.3876,495,1,0
2025-08-01 13:15:00,1.3876,1.3879299999999999,1.3874900000000001,1.38778,436,1,0
2025-08-01 13:30:00,1.38777,1.38779,1.38672,1.3874900000000001,580,1,0
2025-08-01 13:45:00,1.3874900000000001,1.3876,1.387,1.38723,587,1,0
2025-08-01 14:00:00,1.38723,1.38743,1.38613,1.38653,536,1,0
2025-08-01 14:15:00,1.38653,1.38712,1.38645,1.38712,415,1,0
2025-08-01 14:30:00,1.38712,1.3872900000000001,1.38648,1.38666,417,1,0
2025-08-01 14:45:00,1.38666,1.38724,1.38663,1.38711,454,1,0
2025-08-01 15:00:00,1.38711,1.3875199999999999,1.38697,1.3873,657,1,0
2025-08-01 15:15:00,1.3873,1.38762,1.38699,1.38728,621,1,0
2025-08-01 15:30:00,1.3873199999999999,1.38751,1.38126,1.3814199999999999,3226,1,0
2025-08-01 15:45:00,1.3814199999999999,1.3814199999999999,1.37854,1.37958,2675,1,0
2025-08-01 16:00:00,1.37967,1.37967,1.37748,1.3778299999999999,2507,1,0
2025-08-01 16:15:00,1.3778299999999999,1.37848,1.37716,1.3771900000000001,2053,1,0
2025-08-01 16:30:00,1.3771900000000001,1.37821,1.37632,1.37814,2298,1,0
2025-08-01 16:45:00,1.37816,1.37913,1.3777599999999999,1.37794,1662,1,0
2025-08-01 17:00:00,1.37794,1.37836,1.37653,1.37822,2440,1,0
2025-08-01 17:15:00,1.37823,1.37824,1.37713,1.3780000000000001,1811,1,0
2025-08-01 17:30:00,1.37802,1.37901,1.37778,1.3783,1474,1,0
2025-08-01 17:45:00,1.37831,1.3793199999999999,1.37758,1.3789,1881,1,0
2025-08-01 18:00:00,1.37891,1.3797,1.37858,1.37897,1295,1,0
2025-08-01 18:15:00,1.37897,1.38,1.37852,1.37992,1204,1,0
2025-08-01 18:30:00,1.37992,1.37999,1.3784399999999999,1.37863,1020,1,0
2025-08-01 18:45:00,1.37863,1.3786399999999999,1.37754,1.3780299999999999,907,1,0
2025-08-01 19:00:00,1.3780299999999999,1.37857,1.37797,1.37802,873,1,0
2025-08-01 19:15:00,1.37802,1.37886,1.37797,1.37883,809,1,0
2025-08-01 19:30:00,1.37883,1.37943,1.37863,1.3793199999999999,746,1,0
2025-08-01 19:45:00,1.3793199999999999,1.37969,1.37911,1.37955,819,1,0
2025-08-01 20:00:00,1.37955,1.38077,1.37948,1.38073,915,1,0
2025-08-01 20:15:00,1.38073,1.38087,1.3798300000000001,1.3803,810,1,0
2025-08-01 20:30:00,1.3803,1.38058,1.37998,1.38009,633,1,0
2025-08-01 20:45:00,1.3801,1.38048,1.38008,1.38028,617,1,0
2025-08-01 21:00:00,1.38028,1.38086,1.3801700000000001,1.3805,686,1,0
2025-08-01 21:15:00,1.3805,1.38067,1.37977,1.37979,757,1,0
2025-08-01 21:30:00,1.37979,1.37991,1.3793199999999999,1.3795899999999999,826,1,0
2025-08-01 21:45:00,1.3795899999999999,1.3817599999999999,1.3795,1.38174,902,1,0
2025-08-01 22:00:00,1.3817300000000001,1.3817300000000001,1.3805399999999999,1.38062,779,1,0
2025-08-01 22:15:00,1.38062,1.38076,1.3804,1.38056,480,1,0
2025-08-01 22:30:00,1.38056,1.38073,1.379,1.37903,1505,1,0
2025-08-01 22:45:00,1.37903,1.37967,1.37867,1.3796599999999999,1108,1,0
2025-08-01 23:00:00,1.37964,1.37975,1.37814,1.37835,581,1,0
2025-08-01 23:15:00,1.37836,1.37856,1.37801,1.37815,399,1,0
2025-08-01 23:30:00,1.37815,1.37872,1.37761,1.37835,667,1,0
2025-08-01 23:45:00,1.37835,1.37848,1.37713,1.37816,615,13,0
2025-08-04 00:00:00,1.37711,1.3773,1.37621,1.3771,108,114,0
2025-08-04 00:15:00,1.3771,1.3774899999999999,1.37707,1.3773900000000001,108,63,0
2025-08-04 00:30:00,1.3773900000000001,1.37817,1.37738,1.37787,354,56,0
2025-08-04 00:45:00,1.37787,1.37832,1.37721,1.3778299999999999,364,52,0
2025-08-04 01:00:00,1.3778299999999999,1.37836,1.3776,1.3783,470,1,0
2025-08-04 01:15:00,1.3783,1.37852,1.37798,1.3784,486,1,0
2025-08-04 01:30:00,1.3784,1.37855,1.37815,1.37839,369,1,0
2025-08-04 01:45:00,1.37839,1.3786,1.3779,1.37798,529,1,0
2025-08-04 02:00:00,1.37798,1.37831,1.3777,1.37804,649,1,0
2025-08-04 02:15:00,1.37804,1.37839,1.3780000000000001,1.37817,441,1,0
2025-08-04 02:30:00,1.37817,1.3783400000000001,1.37795,1.37806,378,1,0
2025-08-04 02:45:00,1.37806,1.37809,1.37752,1.3778000000000001,700,1,0
2025-08-04 03:00:00,1.3778000000000001,1.37855,1.37757,1.37846,1167,1,0
2025-08-04 03:15:00,1.37846,1.37884,1.37831,1.37875,1024,1,0
2025-08-04 03:30:00,1.37874,1.37942,1.37872,1.3792900000000001,984,1,0
2025-08-04 03:45:00,1.3792900000000001,1.3793199999999999,1.37881,1.37911,1075,1,0
2025-08-04 04:00:00,1.37911,1.3793,1.3784399999999999,1.37927,1168,1,0
2025-08-04 04:15:00,1.37927,1.37949,1.37877,1.37928,1072,1,0
2025-08-04 04:30:00,1.37928,1.37937,1.3786800000000001,1.37884,1103,1,0
2025-08-04 04:45:00,1.37884,1.37884,1.37792,1.37794,811,1,0
2025-08-04 05:00:00,1.37794,1.3782,1.37775,1.37788,817,1,0
2025-08-04 05:15:00,1.37788,1.37788,1.37727,1.37751,616,1,0
2025-08-04 05:30:00,1.37751,1.37778,1.37737,1.37757,655,1,0
2025-08-04 05:45:00,1.37757,1.37795,1.37754,1.37772,567,1,0
2025-08-04 06:00:00,1.37771,1.37771,1.3771200000000001,1.37735,640,1,0
2025-08-04 06:15:00,1.37735,1.3777,1.37731,1.37738,654,1,0
2025-08-04 06:30:00,1.37737,1.37763,1.37727,1.37755,540,1,0
2025-08-04 06:45:00,1.37755,1.37759,1.37731,1.37757,548,1,0
2025-08-04 07:00:00,1.37757,1.37766,1.37727,1.3773900000000001,462,1,0
2025-08-04 07:15:00,1.3773900000000001,1.37751,1.3772,1.3772199999999999,361,1,0
2025-08-04 07:30:00,1.3772199999999999,1.37752,1.37707,1.37731,634,1,0
2025-08-04 07:45:00,1.37731,1.3774899999999999,1.37717,1.37744,339,1,0
2025-08-04 08:00:00,1.37744,1.37757,1.3767,1.37727,697,1,0
2025-08-04 08:15:00,1.37727,1.37753,1.37701,1.3772,580,1,0
2025-08-04 08:30:00,1.3772,1.37753,1.3771900000000001,1.3774199999999999,492,1,0
2025-08-04 08:45:00,1.3774199999999999,1.37794,1.3774,1.37781,566,1,0
2025-08-04 09:00:00,1.37781,1.37825,1.37713,1.3772199999999999,884,1,0
2025-08-04 09:15:00,1.3772199999999999,1.37827,1.377,1.37813,853,1,0
2025-08-04 09:30:00,1.37813,1.37827,1.37701,1.37707,744,1,0
2025-08-04 09:45:00,1.37707,1.3772199999999999,1.37676,1.37716,707,1,0
2025-08-04 10:00:00,1.3771499999999999,1.37757,1.37683,1.37732,897,1,0
2025-08-04 10:15:00,1.37732,1.37784,1.37714,1.37766,756,1,0
2025-08-04 10:30:00,1.37766,1.37836,1.37766,1.37774,752,1,0
2025-08-04 10:45:00,1.37774,1.37848,1.37771,1.3784,964,1,0
2025-08-04 11:00:00,1.3784,1.3786399999999999,1.3780299999999999,1.37827,773,1,0
2025-08-04 11:15:00,1.37827,1.37855,1.37817,1.37821,735,1,0
2025-08-04 11:30:00,1.37821,1.37879,1.37816,1.37846,644,1,0
2025-08-04 11:45:00,1.37846,1.37865,1.3783400000000001,1.37839,626,1,0
2025-08-04 12:00:00,1.37839,1.3786,1.37798,1.37809,746,1,0
2025-08-04 12:15:00,1.3780999999999999,1.37822,1.37755,1.37784,752,1,0
2025-08-04 12:30:00,1.37784,1.37809,1.37761,1.37805,584,1,0
2025-08-04 12:45:00,1.37805,1.3785,1.37801,1.37846,608,1,0
2025-08-04 13:00:00,1.37846,1.3786100000000001,1.3780700000000001,1.37809,530,1,0
2025-08-04 13:15:00,1.37809,1.37874,1.37805,1.37853,463,1,0
2025-08-04 13:30:00,1.37854,1.3790499999999999,1.37836,1.37858,558,1,0
2025-08-04 13:45:00,1.37858,1.3786800000000001,1.37777,1.3780999999999999,708,1,0
2025-08-04 14:00:00,1.3780999999999999,1.37816,1.37752,1.37754,709,1,0
2025-08-04 14:15:00,1.37754,1.37791,1.37731,1.37771,624,1,0
2025-08-04 14:30:00,1.37771,1.37816,1.37763,1.37812,509,1,0
2025-08-04 14:45:00,1.37812,1.37836,1.37755,1.37765,517,1,0
2025-08-04 15:00:00,1.37766,1.37828,1.37757,1.37794,787,1,0
2025-08-04 15:15:00,1.37794,1.37799,1.37692,1.3773,982,1,0
2025-08-04 15:30:00,1.3773,1.3774,1.37673,1.37695,809,1,0
2025-08-04 15:45:00,1.37695,1.37762,1.37662,1.37734,748,1,0
2025-08-04 16:00:00,1.37734,1.37745,1.37609,1.37613,972,1,0
2025-08-04 16:15:00,1.37613,1.37657,1.37605,1.37608,766,1,0
2025-08-04 16:30:00,1.37608,1.3768799999999999,1.37604,1.37647,859,1,0
2025-08-04 16:45:00,1.37647,1.3767800000000001,1.37601,1.37621,841,1,0
2025-08-04 17:00:00,1.37621,1.3771,1.37589,1.37648,1048,1,0
2025-08-04 17:15:00,1.37648,1.37709,1.376,1.37635,978,1,0
2025-08-04 17:30:00,1.37635,1.37656,1.37584,1.37645,819,1,0
2025-08-04 17:45:00,1.37645,1.37747,1.37616,1.3772,1126,1,0
2025-08-04 18:00:00,1.3772,1.37768,1.3771900000000001,1.37753,1001,1,0
2025-08-04 18:15:00,1.37753,1.3780700000000001,1.37723,1.3780700000000001,722,1,0
2025-08-04 18:30:00,1.3780700000000001,1.3783400000000001,1.3771200000000001,1.37745,709,1,0
2025-08-04 18:45:00,1.3774600000000001,1.37787,1.37705,1.37762,740,1,0
2025-08-04 19:00:00,1.37762,1.37825,1.3774199999999999,1.3777,702,1,0
2025-08-04 19:15:00,1.3777,1.37809,1.37758,1.37761,566,1,0
2025-08-04 19:30:00,1.37761,1.3780000000000001,1.37755,1.37774,581,1,0
2025-08-04 19:45:00,1.37774,1.37778,1.37743,1.37754,606,1,0
2025-08-04 20:00:00,1.37754,1.3778299999999999,1.37744,1.37769,697,1,0
2025-08-04 20:15:00,1.37768,1.37797,1.37748,1.37792,494,1,0
2025-08-04 20:30:00,1.37792,1.37825,1.37782,1.37818,454,1,0
2025-08-04 20:45:00,1.37818,1.3782,1.3774899999999999,1.37751,624,1,0
2025-08-04 21:00:00,1.37751,1.3778000000000001,1.37747,1.3778000000000001,415,1,0
2025-08-04 21:15:00,1.3778000000000001,1.37787,1.37753,1.3778000000000001,487,1,0
2025-08-04 21:30:00,1.3778000000000001,1.37824,1.37768,1.37808,467,1,0
2025-08-04 21:45:00,1.37808,1.37847,1.37797,1.37843,530,1,0
2025-08-04 22:00:00,1.37843,1.37855,1.37775,1.3778000000000001,434,1,0
2025-08-04 22:15:00,1.3778000000000001,1.37787,1.37757,1.3778299999999999,375,1,0
2025-08-04 22:30:00,1.3778299999999999,1.37806,1.37777,1.37798,371,1,0
2025-08-04 22:45:00,1.37798,1.3780000000000001,1.37766,1.37789,394,1,0
2025-08-04 23:00:00,1.37789,1.3780999999999999,1.37757,1.37757,304,1,0
2025-08-04 23:15:00,1.37757,1.37758,1.37725,1.37741,262,1,0
2025-08-04 23:30:00,1.37741,1.37777,1.37738,1.37777,235,1,0
2025-08-04 23:45:00,1.37777,1.37793,1.37771,1.37792,183,7,0
2025-08-05 00:00:00,1.37777,1.37777,1.37626,1.37743,26,18,0
2025-08-05 00:15:00,1.37743,1.37743,1.37708,1.37709,72,46,0
2025-08-05 00:30:00,1.37709,1.37766,1.37709,1.37764,46,59,0
2025-08-05 00:45:00,1.37764,1.37788,1.3774,1.37758,172,52,0
2025-08-05 01:00:00,1.37758,1.3779,1.37745,1.37762,262,1,0
2025-08-05 01:15:00,1.37762,1.37762,1.37731,1.3774199999999999,172,1,0
2025-08-05 01:30:00,1.3774199999999999,1.3775,1.3774,1.3774899999999999,116,1,0
2025-08-05 01:45:00,1.3774899999999999,1.3774899999999999,1.37718,1.37733,157,1,0
2025-08-05 02:00:00,1.37733,1.37738,1.37687,1.37699,405,1,0
2025-08-05 02:15:00,1.37699,1.37723,1.37693,1.37701,416,1,0
2025-08-05 02:30:00,1.37701,1.37723,1.37698,1.37706,397,1,0
2025-08-05 02:45:00,1.37706,1.37718,1.37693,1.37695,372,1,0
2025-08-05 03:00:00,1.37695,1.37695,1.37634,1.37656,598,1,0
2025-08-05 03:15:00,1.37656,1.377,1.37656,1.37694,435,1,0
2025-08-05 03:30:00,1.37694,1.3771200000000001,1.37675,1.37697,566,1,0
2025-08-05 03:45:00,1.37697,1.37718,1.37684,1.3768500000000001,619,1,0
2025-08-05 04:00:00,1.3768500000000001,1.37777,1.37672,1.37763,807,1,0
2025-08-05 04:15:00,1.37763,1.37771,1.3772,1.37731,748,1,0
2025-08-05 04:30:00,1.37731,1.3777,1.3772199999999999,1.37726,696,1,0
2025-08-05 04:45:00,1.37725,1.3778000000000001,1.3771,1.37769,808,1,0
2025-08-05 05:00:00,1.37769,1.37812,1.37768,1.37792,490,1,0
2025-08-05 05:15:00,1.37791,1.37809,1.37771,1.37801,705,1,0
2025-08-05 05:30:00,1.37801,1.3783,1.3780000000000001,1.37828,585,1,0
2025-08-05 05:45:00,1.37828,1.37863,1.37824,1.37848,576,1,0
2025-08-05 06:00:00,1.37848,1.3786100000000001,1.37839,1.37856,528,1,0
2025-08-05 06:15:00,1.37856,1.37896,1.37855,1.37886,510,1,0
2025-08-05 06:30:00,1.37886,1.3789799999999999,1.37866,1.37869,488,1,0
2025-08-05 06:45:00,1.3786800000000001,1.3791,1.37866,1.37906,456,1,0
2025-08-05 07:00:00,1.37906,1.37918,1.37885,1.3789500000000001,601,1,0
2025-08-05 07:15:00,1.3789500000000001,1.379,1.37884,1.37892,418,1,0
2025-08-05 07:30:00,1.37892,1.3790499999999999,1.37883,1.37886,511,1,0
2025-08-05 07:45:00,1.37886,1.37892,1.37856,1.37866,477,1,0
2025-08-05 08:00:00,1.37866,1.37897,1.37865,1.37877,449,1,0
2025-08-05 08:15:00,1.37877,1.37919,1.37872,1.37896,403,1,0
2025-08-05 08:30:00,1.37896,1.3795,1.37888,1.37914,535,1,0
2025-08-05 08:45:00,1.37914,1.37924,1.37886,1.3789799999999999,560,1,0
2025-08-05 09:00:00,1.3789799999999999,1.37906,1.37853,1.37855,611,1,0
2025-08-05 09:15:00,1.37855,1.37862,1.3777,1.37801,580,1,0
2025-08-05 09:30:00,1.37801,1.37833,1.37799,1.3783,473,1,0
2025-08-05 09:45:00,1.3783,1.3789500000000001,1.37823,1.37836,533,1,0
2025-08-05 10:00:00,1.3783699999999999,1.37859,1.37787,1.37794,669,1,0
2025-08-05 10:15:00,1.37795,1.37795,1.37738,1.3778000000000001,536,1,0
2025-08-05 10:30:00,1.3778000000000001,1.37821,1.37763,1.37804,526,1,0
2025-08-05 10:45:00,1.37806,1.3790200000000001,1.37806,1.37818,958,1,0
2025-08-05 11:00:00,1.37818,1.37944,1.37818,1.37935,782,1,0
2025-08-05 11:15:00,1.37935,1.3796,1.37886,1.37914,607,1,0
2025-08-05 11:30:00,1.37914,1.38036,1.3791,1.38028,683,1,0
2025-08-05 11:45:00,1.38028,1.38096,1.38028,1.38067,751,1,0
2025-08-05 12:00:00,1.38067,1.3809,1.38032,1.38035,579,1,0
2025-08-05 12:15:00,1.38035,1.38039,1.37982,1.38011,402,1,0
2025-08-05 12:30:00,1.3801,1.38057,1.3801,1.38057,493,1,0
2025-08-05 12:45:00,1.38057,1.38057,1.38012,1.38049,601,1,0
2025-08-05 13:00:00,1.38049,1.38092,1.3802699999999999,1.38058,634,1,0
2025-08-05 13:15:00,1.38058,1.38096,1.38058,1.38096,547,1,0
2025-08-05 13:30:00,1.38096,1.38098,1.38048,1.38049,466,1,0
2025-08-05 13:45:00,1.38049,1.38058,1.38039,1.38046,438,1,0
2025-08-05 14:00:00,1.38046,1.3808,1.38043,1.38067,490,1,0
2025-08-05 14:15:00,1.38068,1.38075,1.3798,1.37996,527,1,0
2025-08-05 14:30:00,1.37996,1.38103,1.37996,1.38057,671,1,0
2025-08-05 14:45:00,1.38057,1.38061,1.37954,1.37977,763,1,0
2025-08-05 15:00:00,1.37977,1.3801,1.37933,1.37999,852,1,0
2025-08-05 15:15:00,1.37999,1.38043,1.3796,1.38032,1055,1,0
2025-08-05 15:30:00,1.38032,1.38067,1.3793199999999999,1.37943,891,1,0
2025-08-05 15:45:00,1.37943,1.38001,1.37913,1.37979,791,1,0
2025-08-05 16:00:00,1.37979,1.38,1.37951,1.3796,793,1,0
2025-08-05 16:15:00,1.3796,1.37969,1.37903,1.37918,755,1,0
2025-08-05 16:30:00,1.37918,1.37927,1.37802,1.37819,1172,1,0
2025-08-05 16:45:00,1.3782,1.37913,1.37797,1.37833,1081,1,0
2025-08-05 17:00:00,1.3783,1.37916,1.37679,1.37885,1833,1,0
2025-08-05 17:15:00,1.37884,1.37943,1.37828,1.37896,1266,1,0
2025-08-05 17:30:00,1.37896,1.3795899999999999,1.37824,1.37828,1235,1,0
2025-08-05 17:45:00,1.37828,1.37934,1.37828,1.37863,1291,1,0
2025-08-05 18:00:00,1.3786399999999999,1.3789,1.37788,1.3782,1030,1,0
2025-08-05 18:15:00,1.3782,1.37856,1.37772,1.3783,691,1,0
2025-08-05 18:30:00,1.3783,1.37867,1.37808,1.37819,809,1,0
2025-08-05 18:45:00,1.37819,1.37855,1.37798,1.37809,695,1,0
2025-08-05 19:00:00,1.37809,1.3783,1.37753,1.37766,691,1,0
2025-08-05 19:15:00,1.37766,1.3780700000000001,1.37751,1.37771,689,1,0
2025-08-05 19:30:00,1.37771,1.3783400000000001,1.37726,1.37831,656,1,0
2025-08-05 19:45:00,1.37831,1.37835,1.37768,1.3778299999999999,600,1,0
2025-08-05 20:00:00,1.37784,1.3780999999999999,1.37771,1.37789,470,1,0
2025-08-05 20:15:00,1.37789,1.37798,1.37733,1.37734,451,1,0
2025-08-05 20:30:00,1.37734,1.37751,1.3771200000000001,1.37743,382,1,0
2025-08-05 20:45:00,1.37743,1.37812,1.37734,1.37789,449,1,0
2025-08-05 21:00:00,1.37789,1.37828,1.37779,1.37828,339,1,0
2025-08-05 21:15:00,1.37828,1.3783699999999999,1.37816,1.37825,386,1,0
2025-08-05 21:30:00,1.37825,1.3783699999999999,1.3780000000000001,1.37811,498,1,0
2025-08-05 21:45:00,1.37811,1.37888,1.37808,1.3784399999999999,643,1,0
2025-08-05 22:00:00,1.3784399999999999,1.37881,1.37818,1.37825,476,1,0
2025-08-05 22:15:00,1.37825,1.37851,1.37815,1.37833,339,1,0
2025-08-05 22:30:00,1.37833,1.37856,1.37814,1.37825,461,1,0
2025-08-05 22:45:00,1.37825,1.37832,1.37724,1.37731,581,1,0
2025-08-05 23:00:00,1.37733,1.3777300000000001,1.37708,1.3777,479,1,0
2025-08-05 23:15:00,1.3777,1.37829,1.37766,1.37824,331,1,0
2025-08-05 23:30:00,1.37824,1.3783,1.37768,1.37768,230,1,0
2025-08-05 23:45:00,1.37763,1.37764,1.377,1.37706,512,8,0
2025-08-06 00:00:00,1.37707,1.37733,1.37668,1.3773,30,27,0
2025-08-06 00:15:00,1.3773,1.37732,1.37716,1.37729,49,53,0
2025-08-06 00:30:00,1.37729,1.37752,1.37729,1.37743,120,51,0
2025-08-06 00:45:00,1.37743,1.37753,1.37701,1.37727,168,37,0
2025-08-06 01:00:00,1.37727,1.37772,1.3771,1.37765,317,1,0
2025-08-06 01:15:00,1.37765,1.37775,1.37753,1.3777300000000001,156,1,0
2025-08-06 01:30:00,1.3777300000000001,1.3778299999999999,1.37763,1.37764,122,1,0
2025-08-06 01:45:00,1.37764,1.3777,1.37725,1.37734,400,1,0
2025-08-06 02:00:00,1.37734,1.37757,1.37718,1.3774600000000001,514,1,0
2025-08-06 02:15:00,1.3774600000000001,1.3775,1.3771499999999999,1.3771499999999999,267,1,0
2025-08-06 02:30:00,1.3771499999999999,1.37724,1.37695,1.37696,303,1,0
2025-08-06 02:45:00,1.37696,1.3772,1.37694,1.3771900000000001,522,1,0
2025-08-06 03:00:00,1.3771900000000001,1.37728,1.37659,1.37696,858,1,0
2025-08-06 03:15:00,1.37697,1.37729,1.37686,1.37726,707,1,0
2025-08-06 03:30:00,1.37726,1.3775,1.37714,1.37745,537,1,0
2025-08-06 03:45:00,1.37745,1.37755,1.37723,1.37747,758,1,0
2025-08-06 04:00:00,1.37747,1.37768,1.37744,1.37764,956,1,0
2025-08-06 04:15:00,1.37764,1.37799,1.37763,1.3777599999999999,754,1,0
2025-08-06 04:30:00,1.3777599999999999,1.3778000000000001,1.37732,1.37747,909,1,0
2025-08-06 04:45:00,1.37747,1.37764,1.37724,1.3775,756,1,0
2025-08-06 05:00:00,1.3775,1.37768,1.37741,1.37748,646,1,0
2025-08-06 05:15:00,1.37748,1.37748,1.3771499999999999,1.37731,466,1,0
2025-08-06 05:30:00,1.37731,1.3774600000000001,1.37718,1.37737,815,1,0
2025-08-06 05:45:00,1.37737,1.3774899999999999,1.37723,1.37734,628,1,0
2025-08-06 06:00:00,1.37734,1.37734,1.37701,1.37706,671,1,0
2025-08-06 06:15:00,1.37706,1.3771,1.37684,1.377,432,1,0
2025-08-06 06:30:00,1.377,1.37711,1.3768799999999999,1.37696,697,1,0
2025-08-06 06:45:00,1.37696,1.37713,1.37687,1.37701,395,1,0
2025-08-06 07:00:00,1.37701,1.37703,1.3767800000000001,1.37692,603,1,0
2025-08-06 07:15:00,1.37692,1.37693,1.3765100000000001,1.3767,393,1,0
2025-08-06 07:30:00,1.3767,1.37674,1.3765399999999999,1.37671,450,1,0
2025-08-06 07:45:00,1.37671,1.3771200000000001,1.3767,1.37711,751,1,0
2025-08-06 08:00:00,1.37711,1.37737,1.37704,1.37721,792,1,0
2025-08-06 08:15:00,1.37721,1.37729,1.37706,1.37717,770,1,0
2025-08-06 08:30:00,1.37717,1.37748,1.37716,1.37733,524,1,0
2025-08-06 08:45:00,1.37733,1.3774899999999999,1.37726,1.37734,512,1,0
2025-08-06 09:00:00,1.37735,1.3774199999999999,1.37689,1.37701,555,1,0
2025-08-06 09:15:00,1.37701,1.37706,1.37655,1.37668,467,1,0
2025-08-06 09:30:00,1.37668,1.37673,1.37638,1.3765399999999999,404,1,0
2025-08-06 09:45:00,1.37653,1.37682,1.37634,1.37669,487,1,0
2025-08-06 10:00:00,1.37669,1.37709,1.3765800000000001,1.37707,518,1,0
2025-08-06 10:15:00,1.37707,1.37725,1.37677,1.37687,492,1,0
2025-08-06 10:30:00,1.37687,1.377,1.3765100000000001,1.37657,424,1,0
2025-08-06 10:45:00,1.37657,1.37673,1.37639,1.37646,533,1,0
2025-08-06 11:00:00,1.37645,1.37702,1.37643,1.37679,560,1,0
2025-08-06 11:15:00,1.3767800000000001,1.37753,1.3767,1.3774899999999999,413,1,0
2025-08-06 11:30:00,1.3774899999999999,1.37755,1.37679,1.37683,483,1,0
2025-08-06 11:45:00,1.37683,1.37708,1.3768,1.3768799999999999,344,1,0
2025-08-06 12:00:00,1.3768799999999999,1.37697,1.3767,1.3767800000000001,427,1,0
2025-08-06 12:15:00,1.3767800000000001,1.37692,1.37663,1.3768099999999999,317,1,0
2025-08-06 12:30:00,1.3768099999999999,1.37699,1.37661,1.37671,389,1,0
2025-08-06 12:45:00,1.37671,1.37689,1.37662,1.3767800000000001,397,1,0
2025-08-06 13:00:00,1.37679,1.37689,1.37604,1.37609,597,1,0
2025-08-06 13:15:00,1.37609,1.37661,1.37589,1.37659,438,1,0
2025-08-06 13:30:00,1.3765800000000001,1.37666,1.37631,1.37631,345,1,0
2025-08-06 13:45:00,1.37631,1.37642,1.37538,1.3755600000000001,527,1,0
2025-08-06 14:00:00,1.3755600000000001,1.37588,1.3753,1.37531,518,1,0
2025-08-06 14:15:00,1.37531,1.37533,1.37469,1.3748,489,1,0
2025-08-06 14:30:00,1.3748,1.37549,1.37459,1.3754,524,1,0
2025-08-06 14:45:00,1.3754,1.37581,1.37523,1.37578,429,1,0
2025-08-06 15:00:00,1.37578,1.37607,1.3756599999999999,1.37575,573,1,0
2025-08-06 15:15:00,1.37576,1.37618,1.37554,1.37562,605,1,0
2025-08-06 15:30:00,1.37562,1.37579,1.37538,1.37548,601,1,0
2025-08-06 15:45:00,1.37548,1.3755,1.37436,1.37474,716,1,0
2025-08-06 16:00:00,1.37474,1.37499,1.3743699999999999,1.3744,740,1,0
2025-08-06 16:15:00,1.3744100000000001,1.37482,1.3743400000000001,1.3747099999999999,657,1,0
2025-08-06 16:30:00,1.3747099999999999,1.37519,1.37415,1.37473,925,1,0
2025-08-06 16:45:00,1.37473,1.37503,1.37439,1.37492,986,1,0
2025-08-06 17:00:00,1.37492,1.3755,1.37456,1.3751,1023,1,0
2025-08-06 17:15:00,1.3751,1.37549,1.3750200000000001,1.37518,680,1,0
2025-08-06 17:30:00,1.37518,1.37589,1.37504,1.37587,723,1,0
2025-08-06 17:45:00,1.37587,1.37588,1.3749799999999999,1.37526,777,1,0
2025-08-06 18:00:00,1.37526,1.3753600000000001,1.37416,1.37436,874,1,0
2025-08-06 18:15:00,1.37436,1.37457,1.3739,1.37418,697,1,0
2025-08-06 18:30:00,1.37418,1.37547,1.37413,1.37433,1221,1,0
2025-08-06 18:45:00,1.37433,1.37455,1.3740299999999999,1.37406,807,1,0
2025-08-06 19:00:00,1.3740700000000001,1.37452,1.37393,1.3745,687,1,0
2025-08-06 19:15:00,1.3745,1.3746399999999999,1.37421,1.3745,561,1,0
2025-08-06 19:30:00,1.3745,1.37494,1.37448,1.37481,507,1,0
2025-08-06 19:45:00,1.37481,1.37508,1.3743699999999999,1.37438,776,1,0
2025-08-06 20:00:00,1.37439,1.37461,1.37413,1.37424,806,1,0
2025-08-06 20:15:00,1.37424,1.3744399999999999,1.37404,1.37425,575,1,0
2025-08-06 20:30:00,1.37425,1.3743400000000001,1.37369,1.37369,468,1,0
2025-08-06 20:45:00,1.37369,1.37413,1.37365,1.37393,449,1,0
2025-08-06 21:00:00,1.37391,1.37396,1.37375,1.37384,449,1,0
2025-08-06 21:15:00,1.37384,1.3743699999999999,1.3738299999999999,1.37386,413,1,0
2025-08-06 21:30:00,1.37386,1.37406,1.37355,1.37378,538,1,0
2025-08-06 21:45:00,1.37378,1.3742,1.37359,1.37419,533,1,0
2025-08-06 22:00:00,1.37419,1.3744,1.37415,1.37438,481,1,0
2025-08-06 22:15:00,1.37438,1.37478,1.37433,1.37477,347,1,0
2025-08-06 22:30:00,1.37477,1.3748,1.37425,1.37428,354,1,0
2025-08-06 22:45:00,1.37428,1.37445,1.37399,1.37421,651,1,0
2025-08-06 23:00:00,1.37421,1.37443,1.3737599999999999,1.37442,430,1,0
2025-08-06 23:15:00,1.37442,1.37453,1.37405,1.37414,231,1,0
2025-08-06 23:30:00,1.37414,1.37454,1.37393,1.3742,516,1,0
2025-08-06 23:45:00,1.3742,1.3742,1.37368,1.37404,370,7,0
2025-08-07 00:00:00,1.37395,1.37395,1.37298,1.37389,23,28,0
2025-08-07 00:15:00,1.37389,1.37389,1.3735,1.37362,89,35,0
2025-08-07 00:30:00,1.37362,1.37402,1.37361,1.37398,234,35,0
2025-08-07 00:45:00,1.37398,1.3740700000000001,1.37362,1.3737,249,35,0
2025-08-07 01:00:00,1.3737,1.37408,1.37369,1.37387,237,1,0
2025-08-07 01:15:00,1.37387,1.37426,1.37387,1.37425,245,1,0
2025-08-07 01:30:00,1.37425,1.37439,1.37421,1.37428,137,1,0
2025-08-07 01:45:00,1.37428,1.37432,1.37411,1.37417,111,1,0
2025-08-07 02:00:00,1.37417,1.37419,1.37394,1.37408,309,1,0
2025-08-07 02:15:00,1.37408,1.37411,1.37392,1.3740999999999999,277,1,0
2025-08-07 02:30:00,1.3740999999999999,1.37419,1.37404,1.37418,371,1,0
2025-08-07 02:45:00,1.37418,1.37421,1.37396,1.37399,421,1,0
2025-08-07 03:00:00,1.374,1.37446,1.37393,1.3742,755,1,0
2025-08-07 03:15:00,1.3742,1.37449,1.37416,1.37432,673,1,0
2025-08-07 03:30:00,1.37432,1.37442,1.37417,1.37438,548,1,0
2025-08-07 03:45:00,1.37438,1.3745,1.37416,1.3744100000000001,593,1,0
2025-08-07 04:00:00,1.3744100000000001,1.37455,1.37415,1.37433,687,1,0
2025-08-07 04:15:00,1.37433,1.37466,1.37414,1.37454,663,1,0
2025-08-07 04:30:00,1.37454,1.37454,1.37397,1.37398,837,1,0
2025-08-07 04:45:00,1.37398,1.374,1.37361,1.37397,702,1,0
2025-08-07 05:00:00,1.37397,1.37402,1.37333,1.37345,529,1,0
2025-08-07 05:15:00,1.37345,1.37395,1.37344,1.37389,471,1,0
2025-08-07 05:30:00,1.37389,1.37395,1.37367,1.37389,367,1,0
2025-08-07 05:45:00,1.37389,1.374,1.37382,1.37388,539,1,0
2025-08-07 06:00:00,1.37388,1.3740299999999999,1.37381,1.37398,481,1,0
2025-08-07 06:15:00,1.37398,1.37422,1.37391,1.37394,569,1,0
2025-08-07 06:30:00,1.37394,1.374,1.37384,1.37392,444,1,0
2025-08-07 06:45:00,1.37392,1.37392,1.37343,1.37352,418,1,0
2025-08-07 07:00:00,1.37352,1.37363,1.37313,1.37329,528,1,0
2025-08-07 07:15:00,1.37329,1.37329,1.37301,1.37314,393,1,0
2025-08-07 07:30:00,1.37314,1.3731900000000001,1.37294,1.37305,585,1,0
2025-08-07 07:45:00,1.37305,1.37317,1.37302,1.37311,569,1,0
2025-08-07 08:00:00,1.37311,1.3734199999999999,1.373,1.3734199999999999,506,1,0
2025-08-07 08:15:00,1.3734199999999999,1.37357,1.37335,1.3734899999999999,431,1,0
2025-08-07 08:30:00,1.3734899999999999,1.37365,1.37335,1.37359,341,1,0
2025-08-07 08:45:00,1.37359,1.37364,1.3732199999999999,1.3734,476,1,0
2025-08-07 09:00:00,1.37339,1.37339,1.37302,1.37321,475,1,0
2025-08-07 09:15:00,1.37321,1.37323,1.37275,1.37276,563,1,0
2025-08-07 09:30:00,1.37276,1.3728500000000001,1.3725800000000001,1.37274,347,1,0
2025-08-07 09:45:00,1.37274,1.37286,1.3725100000000001,1.37284,403,1,0
2025-08-07 10:00:00,1.37284,1.37313,1.37284,1.37313,394,1,0
2025-08-07 10:15:00,1.37313,1.37316,1.37266,1.37273,403,1,0
2025-08-07 10:30:00,1.37273,1.37284,1.37252,1.37274,431,1,0
2025-08-07 10:45:00,1.37274,1.37277,1.37218,1.37233,491,1,0
2025-08-07 11:00:00,1.37233,1.37325,1.37226,1.37317,726,1,0
2025-08-07 11:15:00,1.37317,1.3736,1.37291,1.37339,604,1,0
2025-08-07 11:30:00,1.37339,1.37362,1.3731,1.37338,496,1,0
2025-08-07 11:45:00,1.37338,1.37355,1.3731,1.37327,491,1,0
2025-08-07 12:00:00,1.37327,1.37347,1.37306,1.37321,410,1,0
2025-08-07 12:15:00,1.37321,1.37333,1.3728500000000001,1.37291,382,1,0
2025-08-07 12:30:00,1.37291,1.3734199999999999,1.37287,1.37311,421,1,0
2025-08-07 12:45:00,1.37311,1.37337,1.37302,1.37331,439,1,0
2025-08-07 13:00:00,1.37331,1.3736,1.37327,1.3734899999999999,398,1,0
2025-08-07 13:15:00,1.3734899999999999,1.37358,1.37325,1.37348,513,1,0
2025-08-07 13:30:00,1.37348,1.37348,1.37282,1.37284,423,1,0
2025-08-07 13:45:00,1.37284,1.37309,1.3727,1.37275,451,1,0
2025-08-07 14:00:00,1.37275,1.37365,1.37216,1.37351,995,1,0
2025-08-07 14:15:00,1.37351,1.37394,1.37298,1.37377,741,1,0
2025-08-07 14:30:00,1.37377,1.37447,1.3737,1.37418,751,1,0
2025-08-07 14:45:00,1.37418,1.3743699999999999,1.3740700000000001,1.37418,522,1,0
2025-08-07 15:00:00,1.37418,1.37443,1.37408,1.3743,669,1,0
2025-08-07 15:15:00,1.3743,1.37439,1.37379,1.37399,642,1,0
2025-08-07 15:30:00,1.37379,1.37427,1.37323,1.37404,1006,1,0
2025-08-07 15:45:00,1.37404,1.37414,1.37368,1.37377,762,1,0
2025-08-07 16:00:00,1.37377,1.37386,1.3733,1.37355,812,1,0
2025-08-07 16:15:00,1.37355,1.37389,1.37323,1.37324,814,1,0
2025-08-07 16:30:00,1.37324,1.37433,1.37305,1.3740700000000001,1018,1,0
2025-08-07 16:45:00,1.3740700000000001,1.37514,1.3740299999999999,1.37496,877,1,0
2025-08-07 17:00:00,1.37496,1.37676,1.37469,1.37594,1523,1,0
2025-08-07 17:15:00,1.37594,1.37672,1.37583,1.37665,1219,1,0
2025-08-07 17:30:00,1.37665,1.37735,1.37638,1.37702,1023,1,0
2025-08-07 17:45:00,1.37703,1.3773900000000001,1.3762400000000001,1.3762400000000001,1319,1,0
2025-08-07 18:00:00,1.3762400000000001,1.37666,1.37577,1.3759299999999999,1120,1,0
2025-08-07 18:15:00,1.3759299999999999,1.37609,1.37561,1.37574,809,1,0
2025-08-07 18:30:00,1.37574,1.3759000000000001,1.37549,1.3756300000000001,582,1,0
2025-08-07 18:45:00,1.3756300000000001,1.37568,1.37472,1.3750499999999999,762,1,0
2025-08-07 19:00:00,1.37507,1.37534,1.37477,1.37479,716,1,0
2025-08-07 19:15:00,1.37479,1.375,1.37467,1.37496,727,1,0
2025-08-07 19:30:00,1.37496,1.37555,1.37481,1.37554,608,1,0
2025-08-07 19:45:00,1.37554,1.3755600000000001,1.37497,1.37528,490,1,0
2025-08-07 20:00:00,1.37528,1.37544,1.37479,1.375,816,1,0
2025-08-07 20:15:00,1.375,1.3753600000000001,1.37487,1.3753600000000001,670,1,0
2025-08-07 20:30:00,1.3753600000000001,1.37554,1.375,1.37509,608,1,0
2025-08-07 20:45:00,1.37509,1.37547,1.37497,1.37538,472,1,0
2025-08-07 21:00:00,1.37538,1.3756599999999999,1.3749799999999999,1.37555,514,1,0
2025-08-07 21:15:00,1.37555,1.37611,1.37555,1.37603,372,1,0
2025-08-07 21:30:00,1.37603,1.37652,1.37589,1.3765100000000001,462,1,0
2025-08-07 21:45:00,1.3765100000000001,1.37668,1.37625,1.37662,518,1,0
2025-08-07 22:00:00,1.37662,1.37676,1.37641,1.37667,463,1,0
2025-08-07 22:15:00,1.37667,1.37668,1.3763,1.37635,534,1,0
2025-08-07 22:30:00,1.3763,1.3763,1.37478,1.37481,1347,1,0
2025-08-07 22:45:00,1.37481,1.37531,1.37436,1.37447,1099,1,0
2025-08-07 23:00:00,1.37447,1.37449,1.37402,1.37411,586,1,0
2025-08-07 23:15:00,1.37411,1.37423,1.3739,1.37405,409,1,0
2025-08-07 23:30:00,1.37406,1.37454,1.37405,1.37418,344,1,0
2025-08-07 23:45:00,1.37418,1.37487,1.37404,1.37487,400,7,0
2025-08-08 00:00:00,1.37438,1.37447,1.37351,1.3744399999999999,42,35,0
2025-08-08 00:15:00,1.3744399999999999,1.3744399999999999,1.37406,1.37413,189,102,0
2025-08-08 00:30:00,1.37413,1.3744399999999999,1.3740299999999999,1.37422,487,82,0
2025-08-08 00:45:00,1.37431,1.37433,1.374,1.37405,176,42,0
2025-08-08 01:00:00,1.37408,1.37435,1.37391,1.37428,368,1,0
2025-08-08 01:15:00,1.37428,1.37443,1.37425,1.37436,213,1,0
2025-08-08 01:30:00,1.37436,1.3743699999999999,1.37368,1.37378,240,1,0
2025-08-08 01:45:00,1.37378,1.37396,1.37354,1.37356,325,1,0
2025-08-08 02:00:00,1.37356,1.37385,1.37347,1.37358,350,1,0
2025-08-08 02:15:00,1.37358,1.37359,1.37335,1.37337,212,1,0
2025-08-08 02:30:00,1.37337,1.37369,1.37336,1.37354,268,1,0
2025-08-08 02:45:00,1.37354,1.37356,1.3731900000000001,1.37329,284,1,0
2025-08-08 03:00:00,1.37329,1.37413,1.3731900000000001,1.37405,731,1,0
2025-08-08 03:15:00,1.37405,1.3744,1.3740299999999999,1.37433,698,1,0
2025-08-08 03:30:00,1.37433,1.37436,1.37393,1.37396,686,1,0
2025-08-08 03:45:00,1.37396,1.37423,1.37384,1.37384,664,1,0
2025-08-08 04:00:00,1.37384,1.3744,1.37341,1.37425,647,1,0
2025-08-08 04:15:00,1.37425,1.37485,1.37425,1.37455,704,1,0
2025-08-08 04:30:00,1.37455,1.37479,1.37436,1.37454,790,1,0
2025-08-08 04:45:00,1.37454,1.37467,1.3744,1.37455,585,1,0
2025-08-08 05:00:00,1.37455,1.3746399999999999,1.37417,1.37432,490,1,0
2025-08-08 05:15:00,1.37432,1.37433,1.3740299999999999,1.3740299999999999,351,1,0
2025-08-08 05:30:00,1.3740299999999999,1.37426,1.37394,1.37399,538,1,0
2025-08-08 05:45:00,1.37399,1.37413,1.37388,1.37406,370,1,0
2025-08-08 06:00:00,1.37406,1.37445,1.3740299999999999,1.37427,494,1,0
2025-08-08 06:15:00,1.37427,1.37436,1.37422,1.37423,414,1,0
2025-08-08 06:30:00,1.37423,1.37432,1.3740299999999999,1.3740700000000001,441,1,0
2025-08-08 06:45:00,1.3740700000000001,1.37419,1.37391,1.37395,414,1,0
2025-08-08 07:00:00,1.37395,1.37406,1.37372,1.37378,515,1,0
2025-08-08 07:15:00,1.37378,1.37397,1.37366,1.37394,367,1,0
2025-08-08 07:30:00,1.37394,1.3740700000000001,1.37392,1.37401,254,1,0
2025-08-08 07:45:00,1.37401,1.37417,1.37392,1.37413,431,1,0
2025-08-08 08:00:00,1.37413,1.37453,1.374,1.37452,464,1,0
2025-08-08 08:15:00,1.37452,1.3748,1.37445,1.37474,585,1,0
2025-08-08 08:30:00,1.37474,1.37492,1.37463,1.37479,510,1,0
2025-08-08 08:45:00,1.37479,1.37497,1.37461,1.37489,360,1,0
2025-08-08 09:00:00,1.37489,1.3749,1.37414,1.37423,504,1,0
2025-08-08 09:15:00,1.37423,1.37439,1.37404,1.37432,439,1,0
2025-08-08 09:30:00,1.37432,1.37446,1.37422,1.3743400000000001,346,1,0
2025-08-08 09:45:00,1.3743400000000001,1.3744100000000001,1.37406,1.37426,265,1,0
2025-08-08 10:00:00,1.37426,1.37433,1.37357,1.37363,545,1,0
2025-08-08 10:15:00,1.37364,1.37379,1.37326,1.37337,495,1,0
2025-08-08 10:30:00,1.37337,1.37341,1.37291,1.37329,475,1,0
2025-08-08 10:45:00,1.37329,1.37357,1.37326,1.37329,510,1,0
2025-08-08 11:00:00,1.37329,1.37332,1.37275,1.37282,538,1,0
2025-08-08 11:15:00,1.37282,1.37313,1.3728,1.37307,423,1,0
2025-08-08 11:30:00,1.37308,1.3734899999999999,1.37307,1.37341,461,1,0
2025-08-08 11:45:00,1.37341,1.37393,1.37336,1.37365,710,1,0
2025-08-08 12:00:00,1.37365,1.37365,1.3732,1.3734600000000001,533,1,0
2025-08-08 12:15:00,1.3734600000000001,1.37363,1.37334,1.37359,483,1,0
2025-08-08 12:30:00,1.37359,1.37365,1.37297,1.3731,362,1,0
2025-08-08 12:45:00,1.3731,1.37318,1.37275,1.3728799999999999,449,1,0
2025-08-08 13:00:00,1.3728799999999999,1.37293,1.37259,1.37292,474,1,0
2025-08-08 13:15:00,1.37292,1.37318,1.37287,1.37313,361,1,0
2025-08-08 13:30:00,1.37313,1.37332,1.373,1.37325,360,1,0
2025-08-08 13:45:00,1.37325,1.37329,1.37289,1.37289,430,1,0
2025-08-08 14:00:00,1.37289,1.37306,1.3727800000000001,1.37289,393,1,0
2025-08-08 14:15:00,1.37289,1.37329,1.37277,1.37318,420,1,0
2025-08-08 14:30:00,1.37318,1.3731900000000001,1.3728799999999999,1.37307,418,1,0
2025-08-08 14:45:00,1.37307,1.37396,1.373,1.3738299999999999,466,1,0
2025-08-08 15:00:00,1.3738299999999999,1.37415,1.3737,1.37412,541,1,0
2025-08-08 15:15:00,1.37412,1.37461,1.37411,1.37419,521,1,0
2025-08-08 15:30:00,1.37406,1.37616,1.37406,1.37553,1172,1,0
2025-08-08 15:45:00,1.37551,1.37629,1.3753,1.37586,822,1,0
2025-08-08 16:00:00,1.37586,1.37588,1.37459,1.37459,733,1,0
2025-08-08 16:15:00,1.37459,1.37496,1.37429,1.37474,680,1,0
2025-08-08 16:30:00,1.37474,1.37565,1.37465,1.37546,825,1,0
2025-08-08 16:45:00,1.37546,1.37555,1.37483,1.37517,751,1,0
2025-08-08 17:00:00,1.37517,1.37572,1.37448,1.37549,1176,1,0
2025-08-08 17:15:00,1.37549,1.3756300000000001,1.37511,1.37552,733,1,0
2025-08-08 17:30:00,1.37552,1.37564,1.3751,1.37531,679,1,0
2025-08-08 17:45:00,1.37531,1.3756300000000001,1.37491,1.37551,752,1,0
2025-08-08 18:00:00,1.37551,1.37557,1.37491,1.37503,561,1,0
2025-08-08 18:15:00,1.37503,1.37531,1.3747500000000001,1.37486,544,1,0
2025-08-08 18:30:00,1.37486,1.37562,1.37478,1.37553,666,1,0
2025-08-08 18:45:00,1.37553,1.37569,1.37518,1.37533,596,1,0
2025-08-08 19:00:00,1.37533,1.37553,1.37496,1.37531,459,1,0
2025-08-08 19:15:00,1.37531,1.3756300000000001,1.37522,1.3753199999999999,514,1,0
2025-08-08 19:30:00,1.3753199999999999,1.37557,1.37484,1.37496,523,1,0
2025-08-08 19:45:00,1.37496,1.37548,1.37493,1.37522,426,1,0
2025-08-08 20:00:00,1.37523,1.37549,1.37481,1.37485,410,1,0
2025-08-08 20:15:00,1.37485,1.37493,1.3744399999999999,1.37448,455,1,0
2025-08-08 20:30:00,1.37447,1.37466,1.37425,1.37429,326,1,0
2025-08-08 20:45:00,1.37429,1.37503,1.37427,1.37503,432,1,0
2025-08-08 21:00:00,1.3750200000000001,1.37522,1.37453,1.37473,789,1,0
2025-08-08 21:15:00,1.37473,1.37476,1.37436,1.37473,511,1,0
2025-08-08 21:30:00,1.37473,1.37534,1.37455,1.37501,467,1,0
2025-08-08 21:45:00,1.37501,1.37541,1.37492,1.37512,539,1,0
2025-08-08 22:00:00,1.37512,1.37541,1.3751,1.37513,442,1,0
2025-08-08 22:15:00,1.37513,1.37577,1.37507,1.37558,510,1,0
2025-08-08 22:30:00,1.3755899999999999,1.37582,1.37558,1.37568,538,1,0
2025-08-08 22:45:00,1.37568,1.37591,1.37551,1.3757,450,1,0
2025-08-08 23:00:00,1.3757,1.37588,1.37564,1.37571,283,1,0
2025-08-08 23:15:00,1.37572,1.37584,1.37534,1.37562,286,1,0
2025-08-08 23:30:00,1.37562,1.37634,1.3755600000000001,1.37577,218,1,0
2025-08-08 23:45:00,1.37577,1.37586,1.37535,1.37535,190,14,0
2025-08-11 00:00:00,1.37442,1.37481,1.3744,1.3746800000000001,57,122,0
2025-08-11 00:15:00,1.3746800000000001,1.375,1.37466,1.37489,57,131,0
2025-08-11 00:30:00,1.37489,1.3753,1.37489,1.37527,199,54,0
2025-08-11 00:45:00,1.37527,1.37537,1.375,1.375,125,56,0
2025-08-11 01:00:00,1.375,1.37548,1.375,1.37542,303,1,0
2025-08-11 01:15:00,1.37542,1.37546,1.37534,1.37542,264,1,0
2025-08-11 01:30:00,1.37542,1.37548,1.3753199999999999,1.37538,209,1,0
2025-08-11 01:45:00,1.37538,1.37551,1.3753199999999999,1.37533,114,1,0
2025-08-11 02:00:00,1.37533,1.37554,1.37513,1.37531,293,1,0
2025-08-11 02:15:00,1.37531,1.37535,1.37506,1.37522,317,1,0
2025-08-11 02:30:00,1.37522,1.3752499999999999,1.37511,1.37523,230,1,0
2025-08-11 02:45:00,1.37523,1.3754,1.37512,1.37535,244,1,0
2025-08-11 03:00:00,1.37535,1.37574,1.37534,1.37551,772,1,0
2025-08-11 03:15:00,1.37551,1.37558,1.3752499999999999,1.37547,495,1,0
2025-08-11 03:30:00,1.37547,1.37591,1.37541,1.37585,406,1,0
2025-08-11 03:45:00,1.37585,1.37604,1.37567,1.37588,473,1,0
2025-08-11 04:00:00,1.37588,1.37611,1.3758,1.37603,531,1,0
2025-08-11 04:15:00,1.37603,1.3761,1.37577,1.3758,471,1,0
2025-08-11 04:30:00,1.37581,1.37583,1.37547,1.37551,788,1,0
2025-08-11 04:45:00,1.37552,1.37562,1.37531,1.3753600000000001,605,1,0
2025-08-11 05:00:00,1.3753600000000001,1.3753600000000001,1.37501,1.37518,542,1,0
2025-08-11 05:15:00,1.37518,1.37534,1.37484,1.37491,613,1,0
2025-08-11 05:30:00,1.37491,1.37515,1.37486,1.3749799999999999,372,1,0
2025-08-11 05:45:00,1.3749799999999999,1.37512,1.37484,1.37488,312,1,0
2025-08-11 06:00:00,1.37488,1.3750499999999999,1.37477,1.37481,429,1,0
2025-08-11 06:15:00,1.37482,1.37487,1.37451,1.3746800000000001,480,1,0
2025-08-11 06:30:00,1.37467,1.3748,1.37453,1.3746,426,1,0
2025-08-11 06:45:00,1.3746,1.3746800000000001,1.37452,1.37463,271,1,0
2025-08-11 07:00:00,1.37463,1.37481,1.37453,1.37458,418,1,0
2025-08-11 07:15:00,1.37458,1.3749500000000001,1.37454,1.37492,347,1,0
2025-08-11 07:30:00,1.37492,1.37507,1.37488,1.37497,500,1,0
2025-08-11 07:45:00,1.37497,1.37515,1.37485,1.37512,622,1,0
2025-08-11 08:00:00,1.37512,1.37527,1.375,1.37517,349,1,0
2025-08-11 08:15:00,1.37517,1.3752499999999999,1.3750499999999999,1.37523,306,1,0
2025-08-11 08:30:00,1.37523,1.37537,1.37513,1.37521,358,1,0
2025-08-11 08:45:00,1.37521,1.37527,1.37501,1.37517,437,1,0
2025-08-11 09:00:00,1.37517,1.37537,1.37496,1.37533,533,1,0
2025-08-11 09:15:00,1.37533,1.37565,1.37514,1.3756300000000001,504,1,0
2025-08-11 09:30:00,1.3756300000000001,1.37577,1.3755600000000001,1.37572,295,1,0
2025-08-11 09:45:00,1.37572,1.37589,1.37562,1.37576,355,1,0
2025-08-11 10:00:00,1.37576,1.37697,1.37576,1.37657,573,1,0
2025-08-11 10:15:00,1.37656,1.37667,1.37619,1.37656,499,1,0
2025-08-11 10:30:00,1.37656,1.37698,1.37653,1.3768099999999999,536,1,0
2025-08-11 10:45:00,1.3768099999999999,1.3774199999999999,1.37675,1.37693,449,1,0
2025-08-11 11:00:00,1.37696,1.37713,1.37662,1.37674,599,1,0
2025-08-11 11:15:00,1.37674,1.37689,1.37635,1.3767,417,1,0
2025-08-11 11:30:00,1.3767,1.37676,1.37646,1.37664,483,1,0
2025-08-11 11:45:00,1.37664,1.37669,1.37637,1.37647,297,1,0
2025-08-11 12:00:00,1.37647,1.37689,1.37628,1.3768799999999999,344,1,0
2025-08-11 12:15:00,1.3768799999999999,1.3772199999999999,1.37666,1.37703,459,1,0
2025-08-11 12:30:00,1.37703,1.37733,1.37698,1.37714,412,1,0
2025-08-11 12:45:00,1.37714,1.37759,1.37708,1.3774199999999999,416,1,0
2025-08-11 13:00:00,1.3774199999999999,1.37743,1.37693,1.37694,312,1,0
2025-08-11 13:15:00,1.37694,1.37697,1.37666,1.37667,341,1,0
2025-08-11 13:30:00,1.37667,1.37696,1.3766,1.3768,378,1,0
2025-08-11 13:45:00,1.3768,1.3771499999999999,1.37669,1.37687,418,1,0
2025-08-11 14:00:00,1.37686,1.37753,1.37674,1.37747,408,1,0
2025-08-11 14:15:00,1.37747,1.37785,1.37738,1.37747,474,1,0
2025-08-11 14:30:00,1.37747,1.37825,1.37734,1.3780700000000001,603,1,0
2025-08-11 14:45:00,1.3780700000000001,1.37838,1.37796,1.3780299999999999,583,1,0
2025-08-11 15:00:00,1.3780299999999999,1.37872,1.37784,1.3787,746,1,0
2025-08-11 15:15:00,1.3787,1.3792200000000001,1.37866,1.37889,783,1,0
2025-08-11 15:30:00,1.37889,1.37949,1.3788,1.37938,694,1,0
2025-08-11 15:45:00,1.37938,1.37949,1.37889,1.37892,599,1,0
2025-08-11 16:00:00,1.37893,1.3790200000000001,1.37804,1.37806,678,1,0
2025-08-11 16:15:00,1.3780700000000001,1.37819,1.37759,1.37791,688,1,0
2025-08-11 16:30:00,1.37791,1.37824,1.3775,1.37767,938,1,0
2025-08-11 16:45:00,1.37767,1.37815,1.37738,1.37798,944,1,0
2025-08-11 17:00:00,1.37798,1.37911,1.37786,1.37897,902,1,0
2025-08-11 17:15:00,1.37896,1.37903,1.37862,1.37899,870,1,0
2025-08-11 17:30:00,1.37899,1.37935,1.37865,1.37933,908,1,0
2025-08-11 17:45:00,1.37933,1.37946,1.37891,1.37915,813,1,0
2025-08-11 18:00:00,1.37915,1.37955,1.37874,1.37919,879,1,0
2025-08-11 18:15:00,1.37919,1.37924,1.37874,1.37875,662,1,0
2025-08-11 18:30:00,1.37876,1.37889,1.37827,1.37848,652,1,0
2025-08-11 18:45:00,1.37848,1.37884,1.3784100000000001,1.37848,683,1,0
2025-08-11 19:00:00,1.37848,1.37865,1.37821,1.37838,630,1,0
2025-08-11 19:15:00,1.37838,1.37852,1.37808,1.3783,511,1,0
2025-08-11 19:30:00,1.3783,1.3786800000000001,1.37825,1.37858,525,1,0
2025-08-11 19:45:00,1.37858,1.37859,1.37825,1.3784,470,1,0
2025-08-11 20:00:00,1.3784,1.3786800000000001,1.37836,1.3786399999999999,427,1,0
2025-08-11 20:15:00,1.3786399999999999,1.37866,1.37821,1.37822,411,1,0
2025-08-11 20:30:00,1.37822,1.37847,1.37809,1.3783400000000001,540,1,0
2025-08-11 20:45:00,1.3783400000000001,1.37838,1.3778299999999999,1.37801,405,1,0
2025-08-11 21:00:00,1.37802,1.3783,1.37785,1.37812,568,1,0
2025-08-11 21:15:00,1.37812,1.3783699999999999,1.37774,1.37774,433,1,0
2025-08-11 21:30:00,1.37774,1.3778299999999999,1.37757,1.37782,495,1,0
2025-08-11 21:45:00,1.37782,1.37805,1.37756,1.37782,540,1,0
2025-08-11 22:00:00,1.37782,1.37797,1.37769,1.37792,404,1,0
2025-08-11 22:15:00,1.37792,1.37832,1.3778299999999999,1.37821,459,1,0
2025-08-11 22:30:00,1.37822,1.3786800000000001,1.37817,1.37859,431,1,0
2025-08-11 22:45:00,1.37859,1.37874,1.3782,1.37821,431,1,0
2025-08-11 23:00:00,1.37821,1.37848,1.37811,1.37813,254,1,0
2025-08-11 23:15:00,1.37813,1.37821,1.37789,1.37791,277,1,0
2025-08-11 23:30:00,1.37791,1.3780299999999999,1.37745,1.3774600000000001,260,1,0
2025-08-11 23:45:00,1.3774600000000001,1.37787,1.3774600000000001,1.3777300000000001,280,9,0
2025-08-12 00:00:00,1.37774,1.37786,1.37668,1.37786,40,26,0
2025-08-12 00:15:00,1.37786,1.37794,1.37709,1.37777,28,35,0
2025-08-12 00:30:00,1.37777,1.37777,1.37772,1.37772,20,55,0
2025-08-12 00:45:00,1.37772,1.37772,1.37772,1.37772,15,57,0
2025-08-12 01:00:00,1.37772,1.3780299999999999,1.37754,1.37792,154,1,0
2025-08-12 01:15:00,1.37792,1.37798,1.37784,1.37794,164,1,0
2025-08-12 01:30:00,1.37794,1.37804,1.37782,1.37796,211,1,0
2025-08-12 01:45:00,1.37795,1.37808,1.37762,1.37775,224,1,0
2025-08-12 02:00:00,1.37775,1.37775,1.37753,1.37756,319,1,0
2025-08-12 02:15:00,1.37756,1.3776,1.37743,1.3774600000000001,136,1,0
2025-08-12 02:30:00,1.3774600000000001,1.37752,1.37741,1.37747,129,1,0
2025-08-12 02:45:00,1.37747,1.37752,1.3773900000000001,1.3775,236,1,0
2025-08-12 03:00:00,1.3775,1.37785,1.3774,1.37764,693,1,0
2025-08-12 03:15:00,1.37764,1.3777599999999999,1.37748,1.37767,553,1,0
2025-08-12 03:30:00,1.37767,1.37775,1.37744,1.37767,573,1,0
2025-08-12 03:45:00,1.37767,1.3780000000000001,1.3776,1.37795,558,1,0
2025-08-12 04:00:00,1.37795,1.37805,1.37762,1.37782,698,1,0
2025-08-12 04:15:00,1.3778299999999999,1.37804,1.37763,1.37793,567,1,0
2025-08-12 04:30:00,1.37793,1.37794,1.37733,1.37743,789,1,0
2025-08-12 04:45:00,1.37743,1.3777,1.37741,1.37767,718,1,0
2025-08-12 05:00:00,1.37767,1.37767,1.3773,1.37747,564,1,0
2025-08-12 05:15:00,1.37747,1.37755,1.37721,1.37736,530,1,0
2025-08-12 05:30:00,1.37737,1.3774899999999999,1.3772,1.3774199999999999,470,1,0
2025-08-12 05:45:00,1.3774199999999999,1.3775,1.37727,1.37735,466,1,0
2025-08-12 06:00:00,1.37735,1.37743,1.3771900000000001,1.37726,546,1,0
2025-08-12 06:15:00,1.37726,1.37743,1.3772,1.3773900000000001,482,1,0
2025-08-12 06:30:00,1.3773900000000001,1.37759,1.37732,1.37754,353,1,0
2025-08-12 06:45:00,1.37754,1.37778,1.37745,1.3777599999999999,370,1,0
2025-08-12 07:00:00,1.3777599999999999,1.37789,1.37767,1.37784,476,1,0
2025-08-12 07:15:00,1.37784,1.37802,1.37782,1.37791,449,1,0
2025-08-12 07:30:00,1.3779,1.37845,1.37772,1.37779,870,1,0
2025-08-12 07:45:00,1.37779,1.37782,1.37741,1.3774600000000001,657,1,0
2025-08-12 08:00:00,1.3774600000000001,1.37804,1.3773900000000001,1.37774,946,1,0
2025-08-12 08:15:00,1.37775,1.37824,1.37772,1.37778,825,1,0
2025-08-12 08:30:00,1.37779,1.37793,1.37744,1.37787,762,1,0
2025-08-12 08:45:00,1.37787,1.37805,1.37763,1.37779,713,1,0
2025-08-12 09:00:00,1.37779,1.37793,1.37738,1.37793,833,1,0
2025-08-12 09:15:00,1.37793,1.37806,1.37759,1.37792,812,1,0
2025-08-12 09:30:00,1.37792,1.3783699999999999,1.37775,1.37829,612,1,0
2025-08-12 09:45:00,1.37829,1.3786100000000001,1.37795,1.37845,572,1,0
2025-08-12 10:00:00,1.3784399999999999,1.3784399999999999,1.37766,1.37777,638,1,0
2025-08-12 10:15:00,1.37777,1.3780299999999999,1.37763,1.37766,627,1,0
2025-08-12 10:30:00,1.37766,1.3780700000000001,1.37753,1.37798,562,1,0
2025-08-12 10:45:00,1.37798,1.37817,1.3777599999999999,1.37796,525,1,0
2025-08-12 11:00:00,1.37796,1.37885,1.37766,1.3787,662,1,0
2025-08-12 11:15:00,1.3787,1.37918,1.3787,1.37903,583,1,0
2025-08-12 11:30:00,1.37903,1.3792,1.3786,1.37919,574,1,0
2025-08-12 11:45:00,1.37919,1.37926,1.37875,1.37892,459,1,0
2025-08-12 12:00:00,1.37892,1.37928,1.37886,1.37896,529,1,0
2025-08-12 12:15:00,1.37896,1.3790200000000001,1.37878,1.37896,490,1,0
2025-08-12 12:30:00,1.37896,1.37918,1.37878,1.37911,438,1,0
2025-08-12 12:45:00,1.37911,1.3792900000000001,1.3789799999999999,1.37915,433,1,0
2025-08-12 13:00:00,1.37916,1.37916,1.37863,1.37866,429,1,0
2025-08-12 13:15:00,1.37866,1.37883,1.37854,1.3788,368,1,0
2025-08-12 13:30:00,1.3788,1.37908,1.3786800000000001,1.37899,368,1,0
2025-08-12 13:45:00,1.37899,1.37936,1.37872,1.37928,370,1,0
2025-08-12 14:00:00,1.37928,1.37974,1.3792499999999999,1.37946,420,1,0
2025-08-12 14:15:00,1.37946,1.38021,1.37945,1.38004,489,1,0
2025-08-12 14:30:00,1.38004,1.38035,1.37997,1.38033,587,1,0
2025-08-12 14:45:00,1.38033,1.3806,1.3798,1.3798300000000001,507,1,0
2025-08-12 15:00:00,1.3798300000000001,1.38006,1.37944,1.37984,761,1,0
2025-08-12 15:15:00,1.37984,1.38038,1.37974,1.37974,709,1,0
2025-08-12 15:30:00,1.37973,1.37973,1.37628,1.37786,2753,1,0
2025-08-12 15:45:00,1.37785,1.3784399999999999,1.37707,1.37798,2019,1,0
2025-08-12 16:00:00,1.37799,1.37939,1.3779,1.37848,1828,1,0
2025-08-12 16:15:00,1.37848,1.37913,1.37793,1.37874,1445,1,0
2025-08-12 16:30:00,1.37873,1.37924,1.37741,1.3775,1683,1,0
2025-08-12 16:45:00,1.37758,1.37896,1.37728,1.37853,2061,1,0
2025-08-12 17:00:00,1.37853,1.37854,1.37718,1.37748,1389,1,0
2025-08-12 17:15:00,1.37748,1.3778000000000001,1.37711,1.37771,1236,1,0
2025-08-12 17:30:00,1.37771,1.37805,1.37728,1.3774899999999999,1136,1,0
2025-08-12 17:45:00,1.3774899999999999,1.3780700000000001,1.3771,1.37718,1027,1,0
2025-08-12 18:00:00,1.37718,1.37733,1.3765100000000001,1.37687,1163,1,0
2025-08-12 18:15:00,1.37687,1.37687,1.37558,1.37569,1047,1,0
2025-08-12 18:30:00,1.37569,1.37628,1.3754,1.37561,1141,1,0
2025-08-12 18:45:00,1.3756,1.37648,1.37545,1.3764,1010,1,0
2025-08-12 19:00:00,1.37638,1.37686,1.37618,1.3768099999999999,928,1,0
2025-08-12 19:15:00,1.3768099999999999,1.37686,1.37598,1.37602,690,1,0
2025-08-12 19:30:00,1.37602,1.3765,1.37571,1.3759299999999999,689,1,0
2025-08-12 19:45:00,1.3759299999999999,1.37623,1.37579,1.37623,715,1,0
2025-08-12 20:00:00,1.37623,1.37713,1.37621,1.37668,791,1,0
2025-08-12 20:15:00,1.37668,1.37737,1.37656,1.37714,640,1,0
2025-08-12 20:30:00,1.37714,1.37714,1.37664,1.37669,495,1,0
2025-08-12 20:45:00,1.37669,1.37694,1.37652,1.3768500000000001,419,1,0
2025-08-12 21:00:00,1.3768500000000001,1.37697,1.37648,1.37691,482,1,0
2025-08-12 21:15:00,1.37691,1.3777,1.37673,1.37755,466,1,0
2025-08-12 21:30:00,1.37755,1.37787,1.37748,1.37781,517,1,0
2025-08-12 21:45:00,1.37781,1.37798,1.37755,1.37778,522,1,0
2025-08-12 22:00:00,1.37778,1.37839,1.3777300000000001,1.3783,446,1,0
2025-08-12 22:15:00,1.3783,1.37845,1.37767,1.37769,546,1,0
2025-08-12 22:30:00,1.37769,1.37794,1.3774899999999999,1.3779,439,1,0
2025-08-12 22:45:00,1.3779,1.37804,1.37756,1.37774,492,1,0
2025-08-12 23:00:00,1.37774,1.37796,1.37758,1.3777599999999999,292,1,0
2025-08-12 23:15:00,1.3777599999999999,1.37792,1.37752,1.3777599999999999,319,1,0
2025-08-12 23:30:00,1.37778,1.37795,1.37757,1.37758,306,1,0
2025-08-12 23:45:00,1.37758,1.37758,1.37708,1.37713,285,9,0
2025-08-13 00:00:00,1.37714,1.37721,1.37655,1.37717,29,18,0
2025-08-13 00:15:00,1.37717,1.37717,1.37701,1.37707,53,35,0
2025-08-13 00:30:00,1.37707,1.3771,1.3768,1.37708,49,43,0
2025-08-13 00:45:00,1.37708,1.37716,1.37699,1.37701,95,42,0
2025-08-13 01:00:00,1.37701,1.37744,1.377,1.37743,255,1,0
2025-08-13 01:15:00,1.37743,1.37745,1.3771900000000001,1.3772,291,1,0
2025-08-13 01:30:00,1.3772,1.37733,1.37713,1.37729,218,1,0
2025-08-13 01:45:00,1.37729,1.37736,1.37676,1.37683,389,1,0
2025-08-13 02:00:00,1.37683,1.377,1.3765399999999999,1.37689,346,1,0
2025-08-13 02:15:00,1.37689,1.37704,1.37686,1.37695,146,1,0
2025-08-13 02:30:00,1.37695,1.37709,1.37682,1.37696,176,1,0
2025-08-13 02:45:00,1.37696,1.37711,1.3769,1.37705,254,1,0
2025-08-13 03:00:00,1.37705,1.37754,1.37692,1.37741,617,1,0
2025-08-13 03:15:00,1.37741,1.3777599999999999,1.37735,1.3777599999999999,335,1,0
2025-08-13 03:30:00,1.3777599999999999,1.37808,1.37774,1.3779,418,1,0
2025-08-13 03:45:00,1.3779,1.37801,1.37768,1.37785,490,1,0
2025-08-13 04:00:00,1.37785,1.37785,1.3775,1.37762,552,1,0
2025-08-13 04:15:00,1.37762,1.3780999999999999,1.37753,1.37806,579,1,0
2025-08-13 04:30:00,1.37806,1.3780999999999999,1.3778000000000001,1.3779,678,1,0
2025-08-13 04:45:00,1.3779,1.37812,1.37784,1.37795,455,1,0
2025-08-13 05:00:00,1.37795,1.37821,1.37789,1.37808,509,1,0
2025-08-13 05:15:00,1.37808,1.37808,1.37764,1.37778,414,1,0
2025-08-13 05:30:00,1.37778,1.37784,1.37732,1.37747,372,1,0
2025-08-13 05:45:00,1.37747,1.37761,1.37736,1.3776,581,1,0
2025-08-13 06:00:00,1.3776,1.37778,1.37748,1.37753,608,1,0
2025-08-13 06:15:00,1.37753,1.37771,1.3775,1.37761,571,1,0
2025-08-13 06:30:00,1.37761,1.37767,1.37741,1.3774899999999999,489,1,0
2025-08-13 06:45:00,1.3774899999999999,1.37771,1.3774,1.37771,315,1,0
2025-08-13 07:00:00,1.37771,1.37781,1.37753,1.37756,326,1,0
2025-08-13 07:15:00,1.37756,1.3777,1.3774899999999999,1.37768,360,1,0
2025-08-13 07:30:00,1.37768,1.3778000000000001,1.37758,1.37768,415,1,0
2025-08-13 07:45:00,1.37768,1.37774,1.37752,1.37762,499,1,0
2025-08-13 08:00:00,1.37762,1.3778000000000001,1.37754,1.37772,240,1,0
2025-08-13 08:15:00,1.37772,1.37788,1.37767,1.37788,250,1,0
2025-08-13 08:30:00,1.37788,1.37816,1.37781,1.37782,332,1,0
2025-08-13 08:45:00,1.37778,1.37805,1.37769,1.37804,406,1,0
2025-08-13 09:00:00,1.37804,1.37804,1.3774899999999999,1.37757,547,1,0
2025-08-13 09:15:00,1.37757,1.37757,1.37702,1.37721,585,1,0
2025-08-13 09:30:00,1.37721,1.37726,1.37656,1.37676,578,1,0
2025-08-13 09:45:00,1.37676,1.37694,1.3765800000000001,1.3768799999999999,505,1,0
2025-08-13 10:00:00,1.3768799999999999,1.3769,1.37562,1.37579,580,1,0
2025-08-13 10:15:00,1.37579,1.37608,1.37552,1.37558,625,1,0
2025-08-13 10:30:00,1.37558,1.37581,1.37542,1.37577,552,1,0
2025-08-13 10:45:00,1.37577,1.37629,1.37574,1.3762400000000001,559,1,0
2025-08-13 11:00:00,1.3762400000000001,1.37638,1.37577,1.3761999999999999,604,1,0
2025-08-13 11:15:00,1.3761999999999999,1.37638,1.37577,1.3762699999999999,620,1,0
2025-08-13 11:30:00,1.3762699999999999,1.37683,1.37609,1.37667,525,1,0
2025-08-13 11:45:00,1.37667,1.37668,1.3761700000000001,1.37635,592,1,0
2025-08-13 12:00:00,1.37636,1.37636,1.37589,1.3759299999999999,459,1,0
2025-08-13 12:15:00,1.37592,1.37605,1.37539,1.37567,518,1,0
2025-08-13 12:30:00,1.37567,1.37583,1.3754,1.3757,545,1,0
2025-08-13 12:45:00,1.3757,1.37573,1.37523,1.3752499999999999,507,1,0
2025-08-13 13:00:00,1.3752499999999999,1.37558,1.37517,1.37542,480,1,0
2025-08-13 13:15:00,1.37542,1.376,1.37539,1.37586,347,1,0
2025-08-13 13:30:00,1.37586,1.376,1.37574,1.3758,391,1,0
2025-08-13 13:45:00,1.3758,1.37598,1.37572,1.37579,337,1,0
2025-08-13 14:00:00,1.37578,1.37623,1.37574,1.3761999999999999,436,1,0
2025-08-13 14:15:00,1.3761999999999999,1.37642,1.37598,1.37609,440,1,0
2025-08-13 14:30:00,1.37609,1.3761700000000001,1.37562,1.37573,474,1,0
2025-08-13 14:45:00,1.37573,1.37584,1.37533,1.37564,479,1,0
2025-08-13 15:00:00,1.37564,1.37599,1.37552,1.37584,535,1,0
2025-08-13 15:15:00,1.37585,1.37631,1.37565,1.37626,652,1,0
2025-08-13 15:30:00,1.37626,1.3768099999999999,1.37609,1.37659,662,1,0
2025-08-13 15:45:00,1.37659,1.3771499999999999,1.3765399999999999,1.37706,704,1,0
2025-08-13 16:00:00,1.37706,1.37753,1.37706,1.3772199999999999,735,1,0
2025-08-13 16:15:00,1.3772199999999999,1.3774899999999999,1.37687,1.37701,608,1,0
2025-08-13 16:30:00,1.37701,1.37716,1.37655,1.37663,806,1,0
2025-08-13 16:45:00,1.37664,1.3768099999999999,1.3761700000000001,1.3762400000000001,874,1,0
2025-08-13 17:00:00,1.37626,1.37665,1.37604,1.37637,901,1,0
2025-08-13 17:15:00,1.37637,1.37666,1.37587,1.37603,865,1,0
2025-08-13 17:30:00,1.37602,1.37628,1.37561,1.37628,782,1,0
2025-08-13 17:45:00,1.37628,1.37725,1.37601,1.37611,1165,1,0
2025-08-13 18:00:00,1.37611,1.3768799999999999,1.37606,1.37677,973,1,0
2025-08-13 18:15:00,1.37677,1.3771499999999999,1.37662,1.3768,755,1,0
2025-08-13 18:30:00,1.3768099999999999,1.3768099999999999,1.37618,1.3765100000000001,817,1,0
2025-08-13 18:45:00,1.3765100000000001,1.37677,1.37643,1.37659,731,1,0
2025-08-13 19:00:00,1.37659,1.37667,1.37636,1.37656,568,1,0
2025-08-13 19:15:00,1.3766,1.37682,1.37655,1.3766,509,1,0
2025-08-13 19:30:00,1.3766,1.37699,1.37638,1.37693,456,1,0
2025-08-13 19:45:00,1.37693,1.37707,1.37684,1.37704,520,1,0
2025-08-13 20:00:00,1.37704,1.3771,1.37679,1.37708,418,1,0
2025-08-13 20:15:00,1.37708,1.3771499999999999,1.37638,1.3767800000000001,505,1,0
2025-08-13 20:30:00,1.3767800000000001,1.377,1.37676,1.37689,492,1,0
2025-08-13 20:45:00,1.37689,1.377,1.37661,1.377,502,1,0
2025-08-13 21:00:00,1.377,1.37716,1.3768099999999999,1.37698,619,1,0
2025-08-13 21:15:00,1.37698,1.3774,1.37689,1.37707,545,1,0
2025-08-13 21:30:00,1.37707,1.37728,1.3768799999999999,1.3771900000000001,550,1,0
2025-08-13 21:45:00,1.3771900000000001,1.37733,1.37692,1.37703,549,1,0
2025-08-13 22:00:00,1.37703,1.3771900000000001,1.3768799999999999,1.37696,467,1,0
2025-08-13 22:15:00,1.37696,1.37714,1.37673,1.37679,409,1,0
2025-08-13 22:30:00,1.37679,1.37704,1.37659,1.3768099999999999,329,1,0
2025-08-13 22:45:00,1.3768099999999999,1.3768799999999999,1.37622,1.37628,501,1,0
2025-08-13 23:00:00,1.37628,1.37643,1.37619,1.37622,357,1,0
2025-08-13 23:15:00,1.37622,1.37632,1.37612,1.37623,219,1,0
2025-08-13 23:30:00,1.37623,1.37626,1.3756,1.3759700000000001,360,1,0
2025-08-13 23:45:00,1.37598,1.3765399999999999,1.37578,1.37585,484,7,0
2025-08-14 00:00:00,1.37577,1.37577,1.3749799999999999,1.37572,28,41,0
2025-08-14 00:15:00,1.37572,1.37599,1.37551,1.37584,25,39,0
2025-08-14 00:30:00,1.37584,1.37589,1.37561,1.37576,161,40,0
2025-08-14 00:45:00,1.37576,1.37586,1.37573,1.37573,78,44,0
2025-08-14 01:00:00,1.37573,1.37625,1.3756,1.37608,312,1,0
2025-08-14 01:15:00,1.37608,1.37616,1.3759299999999999,1.37602,386,1,0
2025-08-14 01:30:00,1.37602,1.37605,1.37571,1.37586,325,1,0
2025-08-14 01:45:00,1.37586,1.37589,1.37538,1.3754,212,1,0
2025-08-14 02:00:00,1.3754,1.37557,1.37524,1.37548,427,1,0
2025-08-14 02:15:00,1.37547,1.37549,1.3753199999999999,1.37535,264,1,0
2025-08-14 02:30:00,1.37535,1.3753600000000001,1.37518,1.3753199999999999,187,1,0
2025-08-14 02:45:00,1.3753199999999999,1.37543,1.37519,1.3752900000000001,345,1,0
2025-08-14 03:00:00,1.3752900000000001,1.3754,1.37515,1.37522,698,1,0
2025-08-14 03:15:00,1.37522,1.3754,1.37519,1.37527,592,1,0
2025-08-14 03:30:00,1.37527,1.3754,1.3750200000000001,1.37531,427,1,0
2025-08-14 03:45:00,1.37531,1.37535,1.37501,1.37518,556,1,0
2025-08-14 04:00:00,1.37518,1.3752499999999999,1.3749500000000001,1.37504,536,1,0
2025-08-14 04:15:00,1.37504,1.37507,1.37482,1.37504,521,1,0
2025-08-14 04:30:00,1.37504,1.37506,1.37452,1.37483,791,1,0
2025-08-14 04:45:00,1.37483,1.37483,1.37445,1.37479,615,1,0
2025-08-14 05:00:00,1.37479,1.37518,1.37478,1.37488,485,1,0
2025-08-14 05:15:00,1.37488,1.37537,1.37488,1.37534,511,1,0
2025-08-14 05:30:00,1.37535,1.37589,1.37535,1.37586,433,1,0
2025-08-14 05:45:00,1.37586,1.37616,1.37577,1.37584,387,1,0
2025-08-14 06:00:00,1.37584,1.37615,1.37583,1.37588,508,1,0
2025-08-14 06:15:00,1.37588,1.37626,1.37587,1.3761,619,1,0
2025-08-14 06:30:00,1.3761,1.37634,1.37605,1.37625,518,1,0
2025-08-14 06:45:00,1.37625,1.37647,1.3762400000000001,1.3763,502,1,0
2025-08-14 07:00:00,1.3763,1.37641,1.37611,1.3761700000000001,359,1,0
2025-08-14 07:15:00,1.3761700000000001,1.3761999999999999,1.3759700000000001,1.37606,298,1,0
2025-08-14 07:30:00,1.37606,1.37609,1.37576,1.37583,413,1,0
2025-08-14 07:45:00,1.37583,1.37594,1.37572,1.37586,524,1,0
2025-08-14 08:00:00,1.37586,1.37604,1.3758,1.3759299999999999,452,1,0
2025-08-14 08:15:00,1.3759299999999999,1.37635,1.37587,1.37633,451,1,0
2025-08-14 08:30:00,1.37633,1.37648,1.3761999999999999,1.37623,518,1,0
2025-08-14 08:45:00,1.37623,1.37648,1.37596,1.37628,582,1,0
2025-08-14 09:00:00,1.37628,1.3763,1.3757,1.37582,793,1,0
2025-08-14 09:15:00,1.37582,1.37652,1.37579,1.37601,664,1,0
2025-08-14 09:30:00,1.37601,1.37645,1.37589,1.37641,653,1,0
2025-08-14 09:45:00,1.37643,1.37706,1.37634,1.37703,718,1,0
2025-08-14 10:00:00,1.37703,1.37707,1.37638,1.37668,768,1,0
2025-08-14 10:15:00,1.37668,1.37733,1.3765399999999999,1.37698,753,1,0
2025-08-14 10:30:00,1.37698,1.37748,1.37691,1.37748,626,1,0
2025-08-14 10:45:00,1.37748,1.37795,1.3774199999999999,1.3774199999999999,661,1,0
2025-08-14 11:00:00,1.3774199999999999,1.37782,1.37735,1.37754,615,1,0
2025-08-14 11:15:00,1.37754,1.37775,1.37741,1.37754,430,1,0
2025-08-14 11:30:00,1.37754,1.37785,1.37718,1.37782,504,1,0
2025-08-14 11:45:00,1.37782,1.37835,1.37781,1.3782,499,1,0
2025-08-14 12:00:00,1.3782,1.37823,1.37743,1.3774899999999999,607,1,0
2025-08-14 12:15:00,1.3774899999999999,1.3776,1.37735,1.37751,381,1,0
2025-08-14 12:30:00,1.37751,1.37771,1.37717,1.37762,405,1,0
2025-08-14 12:45:00,1.37762,1.37781,1.37745,1.37769,465,1,0
2025-08-14 13:00:00,1.37769,1.37787,1.3774600000000001,1.3777599999999999,483,1,0
2025-08-14 13:15:00,1.3777599999999999,1.37778,1.37713,1.37736,512,1,0
2025-08-14 13:30:00,1.37736,1.3774600000000001,1.37705,1.37737,429,1,0
2025-08-14 13:45:00,1.37737,1.37778,1.37734,1.37756,492,1,0
2025-08-14 14:00:00,1.37756,1.37785,1.3774199999999999,1.37774,517,1,0
2025-08-14 14:15:00,1.37774,1.37836,1.37774,1.37826,443,1,0
2025-08-14 14:30:00,1.37826,1.37831,1.37789,1.37823,434,1,0
2025-08-14 14:45:00,1.37823,1.37854,1.37816,1.37845,511,1,0
2025-08-14 15:00:00,1.3784100000000001,1.37851,1.37813,1.3784,636,1,0
2025-08-14 15:15:00,1.3784,1.37874,1.37833,1.37859,610,1,0
2025-08-14 15:30:00,1.37856,1.38016,1.3784100000000001,1.37867,2005,1,0
2025-08-14 15:45:00,1.37867,1.3801,1.37839,1.37964,1337,1,0
2025-08-14 16:00:00,1.3796300000000001,1.38038,1.37961,1.38029,1313,1,0
2025-08-14 16:15:00,1.3803,1.38087,1.37968,1.38082,1059,1,0
2025-08-14 16:30:00,1.38082,1.3808500000000001,1.38,1.38032,1351,1,0
2025-08-14 16:45:00,1.38032,1.38133,1.38031,1.38127,1108,1,0
2025-08-14 17:00:00,1.38127,1.38127,1.3804699999999999,1.3805399999999999,1211,1,0
2025-08-14 17:15:00,1.38053,1.38053,1.37934,1.37941,1281,1,0
2025-08-14 17:30:00,1.37941,1.37971,1.37912,1.37971,1113,1,0
2025-08-14 17:45:00,1.37971,1.37973,1.37899,1.37909,1403,1,0
2025-08-14 18:00:00,1.37908,1.3802699999999999,1.3790200000000001,1.37975,1041,1,0
2025-08-14 18:15:00,1.37975,1.38015,1.37946,1.37996,797,1,0
2025-08-14 18:30:00,1.37996,1.38096,1.37977,1.38093,1126,1,0
2025-08-14 18:45:00,1.38093,1.38116,1.38039,1.3807,993,1,0
2025-08-14 19:00:00,1.3807,1.38136,1.38049,1.38136,986,1,0
2025-08-14 19:15:00,1.38136,1.38159,1.38091,1.38123,980,1,0
2025-08-14 19:30:00,1.38123,1.38165,1.38118,1.38164,774,1,0
2025-08-14 19:45:00,1.38164,1.38177,1.38128,1.38148,640,1,0
2025-08-14 20:00:00,1.38148,1.38151,1.38105,1.38109,559,1,0
2025-08-14 20:15:00,1.38109,1.3815,1.3808799999999999,1.381,660,1,0
2025-08-14 20:30:00,1.381,1.38195,1.38099,1.38164,625,1,0
2025-08-14 20:45:00,1.38164,1.3817300000000001,1.38117,1.3812,693,1,0
2025-08-14 21:00:00,1.3812,1.38172,1.38116,1.38164,631,1,0
2025-08-14 21:15:00,1.38164,1.3819,1.38152,1.38158,715,1,0
2025-08-14 21:30:00,1.38158,1.38166,1.38111,1.38157,619,1,0
2025-08-14 21:45:00,1.38157,1.3817,1.38126,1.38134,430,1,0
2025-08-14 22:00:00,1.38134,1.38137,1.38092,1.38101,483,1,0
2025-08-14 22:15:00,1.38101,1.38105,1.38073,1.3808,499,1,0
2025-08-14 22:30:00,1.3808,1.38099,1.38058,1.38079,429,1,0
2025-08-14 22:45:00,1.38079,1.3813,1.3807,1.38128,476,1,0
2025-08-14 23:00:00,1.38128,1.3816,1.38113,1.38151,330,1,0
2025-08-14 23:15:00,1.38151,1.38163,1.38129,1.3814899999999999,312,1,0
2025-08-14 23:30:00,1.3814899999999999,1.38185,1.3814,1.3817300000000001,295,1,0
2025-08-14 23:45:00,1.3817300000000001,1.38183,1.3815,1.38156,360,7,0
2025-08-15 00:00:00,1.38159,1.38159,1.38116,1.3815,31,24,0
2025-08-15 00:15:00,1.3815,1.3815,1.38127,1.38141,20,35,0
2025-08-15 00:30:00,1.38141,1.38141,1.3811,1.38136,121,41,0
2025-08-15 00:45:00,1.38136,1.3814199999999999,1.38129,1.38138,196,35,0
2025-08-15 01:00:00,1.38138,1.38155,1.38125,1.38148,318,1,0
2025-08-15 01:15:00,1.38148,1.38156,1.38136,1.38147,305,1,0
2025-08-15 01:30:00,1.38147,1.3816,1.38137,1.3814600000000001,386,1,0
2025-08-15 01:45:00,1.3814600000000001,1.38153,1.38136,1.3813900000000001,121,1,0
2025-08-15 02:00:00,1.3813900000000001,1.38151,1.38133,1.38147,302,1,0
2025-08-15 02:15:00,1.38147,1.3815,1.38134,1.38137,266,1,0
2025-08-15 02:30:00,1.38137,1.38143,1.38126,1.38129,406,1,0
2025-08-15 02:45:00,1.38129,1.38145,1.38123,1.38137,367,1,0
2025-08-15 03:00:00,1.38137,1.38154,1.38126,1.38129,591,1,0
2025-08-15 03:15:00,1.38129,1.38145,1.38122,1.3814,410,1,0
2025-08-15 03:30:00,1.3814,1.38148,1.38117,1.38131,457,1,0
2025-08-15 03:45:00,1.38131,1.3814199999999999,1.38106,1.38119,552,1,0
2025-08-15 04:00:00,1.38119,1.38138,1.38102,1.38135,564,1,0
2025-08-15 04:15:00,1.38135,1.38144,1.38122,1.38126,519,1,0
2025-08-15 04:30:00,1.38127,1.38152,1.38095,1.38099,817,1,0
2025-08-15 04:45:00,1.38099,1.38109,1.38077,1.38096,705,1,0
2025-08-15 05:00:00,1.38097,1.38099,1.3807800000000001,1.38093,584,1,0
2025-08-15 05:15:00,1.38093,1.38141,1.38089,1.38133,533,1,0
2025-08-15 05:30:00,1.38133,1.38133,1.38084,1.38089,389,1,0
2025-08-15 05:45:00,1.38089,1.38095,1.38073,1.3807800000000001,495,1,0
2025-08-15 06:00:00,1.3807800000000001,1.3807800000000001,1.38056,1.38068,356,1,0
2025-08-15 06:15:00,1.38068,1.3807,1.3804699999999999,1.3805100000000001,424,1,0
2025-08-15 06:30:00,1.3805100000000001,1.3805399999999999,1.38032,1.38037,381,1,0
2025-08-15 06:45:00,1.38037,1.3804699999999999,1.38019,1.3804,561,1,0
2025-08-15 07:00:00,1.3804,1.38049,1.38029,1.38046,391,1,0
2025-08-15 07:15:00,1.38046,1.3806,1.38037,1.3804400000000001,362,1,0
2025-08-15 07:30:00,1.3804400000000001,1.3805399999999999,1.38037,1.38043,287,1,0
2025-08-15 07:45:00,1.38043,1.38046,1.38019,1.3802699999999999,355,1,0
2025-08-15 08:00:00,1.3802699999999999,1.38032,1.38018,1.38029,408,1,0
2025-08-15 08:15:00,1.3803,1.38034,1.38023,1.3803,194,1,0
2025-08-15 08:30:00,1.3803,1.38039,1.3801700000000001,1.38033,307,1,0
2025-08-15 08:45:00,1.38033,1.3805100000000001,1.38005,1.38008,369,1,0
2025-08-15 09:00:00,1.38009,1.38034,1.38007,1.38029,553,1,0
2025-08-15 09:15:00,1.38029,1.38071,1.38028,1.38056,437,1,0
2025-08-15 09:30:00,1.38056,1.38058,1.3795,1.37967,465,1,0
2025-08-15 09:45:00,1.37967,1.3798,1.37946,1.3797,308,1,0
2025-08-15 10:00:00,1.3797,1.3798,1.37912,1.37943,460,1,0
2025-08-15 10:15:00,1.37943,1.37972,1.37933,1.37936,470,1,0
2025-08-15 10:30:00,1.37936,1.3798,1.37935,1.37953,448,1,0
2025-08-15 10:45:00,1.37953,1.37972,1.3793,1.37935,467,1,0
2025-08-15 11:00:00,1.37935,1.37962,1.37915,1.37962,420,1,0
2025-08-15 11:15:00,1.3796,1.3799000000000001,1.37946,1.3798,326,1,0
2025-08-15 11:30:00,1.3798,1.37997,1.37977,1.3799000000000001,310,1,0
2025-08-15 11:45:00,1.3799000000000001,1.38002,1.37961,1.37975,447,1,0
2025-08-15 12:00:00,1.37975,1.37979,1.3793199999999999,1.37935,369,1,0
2025-08-15 12:15:00,1.37935,1.37954,1.3792200000000001,1.37935,289,1,0
2025-08-15 12:30:00,1.37935,1.3798300000000001,1.3793199999999999,1.37954,374,1,0
2025-08-15 12:45:00,1.37954,1.37962,1.3793199999999999,1.3794,340,1,0
2025-08-15 13:00:00,1.3794,1.37947,1.37897,1.3792200000000001,290,1,0
2025-08-15 13:15:00,1.3792200000000001,1.37945,1.37908,1.37941,267,1,0
2025-08-15 13:30:00,1.37941,1.37953,1.3792900000000001,1.37946,359,1,0
2025-08-15 13:45:00,1.37946,1.37962,1.37875,1.37883,527,1,0
2025-08-15 14:00:00,1.37883,1.37917,1.37882,1.37894,447,1,0
2025-08-15 14:15:00,1.37894,1.37918,1.3789,1.37903,369,1,0
2025-08-15 14:30:00,1.37903,1.37941,1.3789500000000001,1.37937,381,1,0
2025-08-15 14:45:00,1.37937,1.37951,1.37906,1.37906,373,1,0
2025-08-15 15:00:00,1.37906,1.37933,1.37881,1.37899,601,1,0
2025-08-15 15:15:00,1.3789799999999999,1.37967,1.37896,1.37943,579,1,0
2025-08-15 15:30:00,1.37942,1.38019,1.37884,1.3792499999999999,1247,1,0
2025-08-15 15:45:00,1.3792499999999999,1.3795,1.3789500000000001,1.37934,902,1,0
2025-08-15 16:00:00,1.37934,1.3798,1.37894,1.37977,891,1,0
2025-08-15 16:15:00,1.37977,1.38042,1.37951,1.38006,930,1,0
2025-08-15 16:30:00,1.38006,1.38042,1.3796300000000001,1.38018,1192,1,0
2025-08-15 16:45:00,1.38018,1.3802400000000001,1.37967,1.38006,1291,1,0
2025-08-15 17:00:00,1.38006,1.3803,1.37943,1.37943,1194,1,0
2025-08-15 17:15:00,1.37943,1.3799299999999999,1.37885,1.3799299999999999,1098,1,0
2025-08-15 17:30:00,1.37994,1.38046,1.37982,1.3801,1035,1,0
2025-08-15 17:45:00,1.38007,1.38087,1.37991,1.38059,1021,1,0
2025-08-15 18:00:00,1.3806,1.38069,1.3796,1.38058,1053,1,0
2025-08-15 18:15:00,1.38058,1.38062,1.38021,1.38041,709,1,0
2025-08-15 18:30:00,1.38041,1.38116,1.38039,1.3811,683,1,0
2025-08-15 18:45:00,1.38109,1.38118,1.38079,1.38094,650,1,0
2025-08-15 19:00:00,1.38094,1.38122,1.38083,1.38096,612,1,0
2025-08-15 19:15:00,1.38096,1.38134,1.38095,1.38118,479,1,0
2025-08-15 19:30:00,1.38114,1.38125,1.381,1.38116,477,1,0
2025-08-15 19:45:00,1.38116,1.3813900000000001,1.381,1.38101,552,1,0
2025-08-15 20:00:00,1.38101,1.38118,1.38091,1.381,513,1,0
2025-08-15 20:15:00,1.381,1.38157,1.38099,1.38138,492,1,0
2025-08-15 20:30:00,1.38138,1.38155,1.38114,1.38126,408,1,0
2025-08-15 20:45:00,1.38126,1.38151,1.38123,1.38128,454,1,0
2025-08-15 21:00:00,1.38128,1.38164,1.38125,1.38135,539,1,0
2025-08-15 21:15:00,1.38135,1.3814,1.38104,1.38138,431,1,0
2025-08-15 21:30:00,1.38138,1.38148,1.38125,1.38143,451,1,0
2025-08-15 21:45:00,1.38143,1.38157,1.38125,1.38135,497,1,0
2025-08-15 22:00:00,1.38135,1.3814899999999999,1.38131,1.38136,415,1,0
2025-08-15 22:15:00,1.38136,1.38158,1.38119,1.38121,345,1,0
2025-08-15 22:30:00,1.38121,1.38121,1.38101,1.38106,306,1,0
2025-08-15 22:45:00,1.38106,1.38144,1.38105,1.38143,408,1,0
2025-08-15 23:00:00,1.38143,1.38145,1.38076,1.38101,266,1,0
2025-08-15 23:15:00,1.38101,1.38141,1.38093,1.3812,344,1,0
2025-08-15 23:30:00,1.3812,1.3814899999999999,1.38116,1.38119,187,1,0
2025-08-15 23:45:00,1.38119,1.38185,1.3811,1.38147,156,17,0
2025-08-18 00:00:00,1.38067,1.38083,1.38067,1.38083,30,112,0
2025-08-18 00:15:00,1.38083,1.38104,1.38074,1.38084,110,72,0
2025-08-18 00:30:00,1.38084,1.38104,1.38084,1.3809,128,73,0
2025-08-18 00:45:00,1.3809,1.3811200000000001,1.3807,1.38095,109,70,0
2025-08-18 01:00:00,1.38095,1.3814899999999999,1.38095,1.3813900000000001,476,1,0
2025-08-18 01:15:00,1.3813900000000001,1.3814600000000001,1.38127,1.3814,333,1,0
2025-08-18 01:30:00,1.38138,1.38141,1.38125,1.38138,276,1,0
2025-08-18 01:45:00,1.38138,1.38148,1.38097,1.38111,425,1,0
2025-08-18 02:00:00,1.38111,1.3816,1.38099,1.38155,559,1,0
2025-08-18 02:15:00,1.38155,1.38158,1.38141,1.3814600000000001,369,1,0
2025-08-18 02:30:00,1.3814600000000001,1.38158,1.38144,1.38155,273,1,0
2025-08-18 02:45:00,1.38155,1.38172,1.38145,1.38155,300,1,0
2025-08-18 03:00:00,1.38155,1.38161,1.3810799999999999,1.3810799999999999,570,1,0
2025-08-18 03:15:00,1.3811200000000001,1.38117,1.38062,1.38062,569,1,0
2025-08-18 03:30:00,1.38062,1.38082,1.3806,1.3807800000000001,601,1,0
2025-08-18 03:45:00,1.3807800000000001,1.38106,1.38068,1.38079,541,1,0
2025-08-18 04:00:00,1.38079,1.3808799999999999,1.38055,1.3807,527,1,0
2025-08-18 04:15:00,1.3807,1.38075,1.38056,1.38074,554,1,0
2025-08-18 04:30:00,1.38075,1.38093,1.38056,1.3808799999999999,656,1,0
2025-08-18 04:45:00,1.38087,1.3809,1.3802400000000001,1.3804400000000001,637,1,0
2025-08-18 05:00:00,1.3804400000000001,1.38058,1.38036,1.38058,529,1,0
2025-08-18 05:15:00,1.38058,1.38095,1.38056,1.38086,503,1,0
2025-08-18 05:30:00,1.38086,1.38102,1.38067,1.38091,410,1,0
2025-08-18 05:45:00,1.38091,1.38101,1.38071,1.3809,418,1,0
2025-08-18 06:00:00,1.3809,1.38093,1.3805100000000001,1.38062,326,1,0
2025-08-18 06:15:00,1.38062,1.38063,1.38041,1.38045,467,1,0
2025-08-18 06:30:00,1.38045,1.38053,1.38031,1.38034,516,1,0
2025-08-18 06:45:00,1.38034,1.3804400000000001,1.38023,1.38034,422,1,0
2025-08-18 07:00:00,1.38034,1.38042,1.38013,1.3803,588,1,0
2025-08-18 07:15:00,1.3803,1.38035,1.38013,1.38018,421,1,0
2025-08-18 07:30:00,1.38018,1.38019,1.37997,1.38005,341,1,0
2025-08-18 07:45:00,1.38005,1.38015,1.3798599999999999,1.38012,442,1,0
2025-08-18 08:00:00,1.38012,1.38038,1.38001,1.38034,573,1,0
2025-08-18 08:15:00,1.38034,1.38043,1.38013,1.38022,358,1,0
2025-08-18 08:30:00,1.38022,1.38041,1.38013,1.38034,292,1,0
2025-08-18 08:45:00,1.38034,1.38045,1.3801700000000001,1.38026,314,1,0
2025-08-18 09:00:00,1.38026,1.38072,1.38013,1.38072,453,1,0
2025-08-18 09:15:00,1.38072,1.38097,1.38058,1.38091,435,1,0
2025-08-18 09:30:00,1.38091,1.38094,1.3806,1.38077,414,1,0
2025-08-18 09:45:00,1.38077,1.3807800000000001,1.38042,1.38042,406,1,0
2025-08-18 10:00:00,1.38042,1.38048,1.37976,1.3799000000000001,557,1,0
2025-08-18 10:15:00,1.3799000000000001,1.38029,1.37965,1.3798599999999999,480,1,0
2025-08-18 10:30:00,1.3798599999999999,1.38003,1.3797,1.37976,494,1,0
2025-08-18 10:45:00,1.37976,1.38036,1.3796300000000001,1.3801999999999999,616,1,0
2025-08-18 11:00:00,1.38021,1.3806,1.38013,1.38031,668,1,0
2025-08-18 11:15:00,1.38031,1.38031,1.37947,1.3795,496,1,0
2025-08-18 11:30:00,1.3795,1.37964,1.37931,1.37946,446,1,0
2025-08-18 11:45:00,1.37946,1.37952,1.3792200000000001,1.3794,477,1,0
2025-08-18 12:00:00,1.3794,1.37975,1.37928,1.37937,428,1,0
2025-08-18 12:15:00,1.37937,1.37954,1.37924,1.37942,386,1,0
2025-08-18 12:30:00,1.37942,1.37975,1.37942,1.37975,447,1,0
2025-08-18 12:45:00,1.37975,1.37989,1.37965,1.37985,478,1,0
2025-08-18 13:00:00,1.37987,1.37987,1.37953,1.37965,463,1,0
2025-08-18 13:15:00,1.37965,1.37977,1.3795,1.37964,358,1,0
2025-08-18 13:30:00,1.37964,1.37965,1.37927,1.37941,374,1,0
2025-08-18 13:45:00,1.37945,1.37967,1.37942,1.37954,251,1,0
2025-08-18 14:00:00,1.37954,1.37958,1.37937,1.37955,301,1,0
2025-08-18 14:15:00,1.37955,1.37974,1.37926,1.37934,347,1,0
2025-08-18 14:30:00,1.37934,1.37952,1.3792,1.3792900000000001,338,1,0
2025-08-18 14:45:00,1.3792900000000001,1.37969,1.37908,1.37938,508,1,0
2025-08-18 15:00:00,1.37937,1.37943,1.3787,1.37876,549,1,0
2025-08-18 15:15:00,1.37874,1.37879,1.37831,1.37878,517,1,0
2025-08-18 15:30:00,1.37878,1.37931,1.37875,1.37901,678,1,0
2025-08-18 15:45:00,1.37901,1.37924,1.37874,1.37913,521,1,0
2025-08-18 16:00:00,1.37913,1.37967,1.37909,1.3794,642,1,0
2025-08-18 16:15:00,1.3794,1.37987,1.3793,1.37964,595,1,0
2025-08-18 16:30:00,1.37964,1.38058,1.3795899999999999,1.38042,817,1,0
2025-08-18 16:45:00,1.38042,1.38092,1.3803,1.3809,760,1,0
2025-08-18 17:00:00,1.3809,1.38145,1.38055,1.38132,946,1,0
2025-08-18 17:15:00,1.38132,1.38175,1.3812,1.38166,901,1,0
2025-08-18 17:30:00,1.38175,1.38224,1.3817,1.38222,843,1,0
2025-08-18 17:45:00,1.38222,1.38273,1.38216,1.38242,854,1,0
2025-08-18 18:00:00,1.38242,1.38313,1.38235,1.3826399999999999,652,1,0
2025-08-18 18:15:00,1.3826399999999999,1.38289,1.38245,1.3826399999999999,648,1,0
2025-08-18 18:30:00,1.38263,1.3828,1.38223,1.38226,574,1,0
2025-08-18 18:45:00,1.38226,1.3824,1.38136,1.3816,591,1,0
2025-08-18 19:00:00,1.38159,1.3816899999999999,1.38099,1.38121,609,1,0
2025-08-18 19:15:00,1.38118,1.38124,1.38079,1.38092,395,1,0
2025-08-18 19:30:00,1.38092,1.3810799999999999,1.3808,1.38103,593,1,0
2025-08-18 19:45:00,1.38104,1.38151,1.38095,1.38125,572,1,0
2025-08-18 20:00:00,1.38127,1.38145,1.3808,1.38083,526,1,0
2025-08-18 20:15:00,1.38083,1.38113,1.3808099999999999,1.38097,513,1,0
2025-08-18 20:30:00,1.38095,1.38132,1.38064,1.38124,547,1,0
2025-08-18 20:45:00,1.38125,1.38132,1.38098,1.3811,428,1,0
2025-08-18 21:00:00,1.3811,1.38131,1.38053,1.38062,406,1,0
2025-08-18 21:15:00,1.38061,1.38095,1.3805100000000001,1.38092,355,1,0
2025-08-18 21:30:00,1.38092,1.3812,1.38083,1.38119,422,1,0
2025-08-18 21:45:00,1.38119,1.38133,1.38106,1.3812,446,1,0
2025-08-18 22:00:00,1.3812,1.38131,1.38089,1.38099,360,1,0
2025-08-18 22:15:00,1.38099,1.381,1.38071,1.38075,278,1,0
2025-08-18 22:30:00,1.38075,1.38083,1.3805100000000001,1.38056,323,1,0
2025-08-18 22:45:00,1.38056,1.38063,1.38021,1.38059,439,1,0
2025-08-18 23:00:00,1.3806,1.38075,1.3804,1.38074,259,1,0
2025-08-18 23:15:00,1.38073,1.38096,1.38072,1.38089,260,1,0
2025-08-18 23:30:00,1.38089,1.38092,1.38018,1.38019,285,1,0
2025-08-18 23:45:00,1.38019,1.38035,1.37992,1.38025,311,7,0
2025-08-19 00:00:00,1.3801999999999999,1.3801999999999999,1.37948,1.37998,24,14,0
2025-08-19 00:15:00,1.37998,1.38005,1.37985,1.37988,55,37,0
2025-08-19 00:30:00,1.37988,1.3801,1.37988,1.3801,58,45,0
2025-08-19 00:45:00,1.3801,1.38012,1.37998,1.38003,90,42,0
2025-08-19 01:00:00,1.38004,1.38019,1.37962,1.37998,366,1,0
2025-08-19 01:15:00,1.37999,1.38033,1.37996,1.38029,252,1,0
2025-08-19 01:30:00,1.38029,1.38035,1.38009,1.38018,116,1,0
2025-08-19 01:45:00,1.38018,1.3802699999999999,1.3799000000000001,1.38008,179,1,0
2025-08-19 02:00:00,1.38008,1.3804400000000001,1.38004,1.38038,278,1,0
2025-08-19 02:15:00,1.38038,1.3804400000000001,1.38029,1.38038,211,1,0
2025-08-19 02:30:00,1.38038,1.38056,1.38031,1.38037,274,1,0
2025-08-19 02:45:00,1.38037,1.38037,1.38016,1.38029,292,1,0
2025-08-19 03:00:00,1.38029,1.38053,1.38023,1.38026,688,1,0
2025-08-19 03:15:00,1.38026,1.38059,1.38021,1.38057,496,1,0
2025-08-19 03:30:00,1.38057,1.38086,1.38038,1.3808099999999999,356,1,0
2025-08-19 03:45:00,1.3808099999999999,1.38109,1.38071,1.38095,397,1,0
2025-08-19 04:00:00,1.38095,1.38128,1.38083,1.38126,497,1,0
2025-08-19 04:15:00,1.38126,1.38153,1.3808799999999999,1.38153,514,1,0
2025-08-19 04:30:00,1.38153,1.38182,1.38141,1.38145,811,1,0
2025-08-19 04:45:00,1.3814600000000001,1.3814600000000001,1.38113,1.38136,635,1,0
2025-08-19 05:00:00,1.38137,1.38152,1.38103,1.3811200000000001,770,1,0
2025-08-19 05:15:00,1.3811200000000001,1.3813900000000001,1.38111,1.38117,524,1,0
2025-08-19 05:30:00,1.38117,1.3812,1.38092,1.38095,427,1,0
2025-08-19 05:45:00,1.38095,1.38114,1.38092,1.38099,544,1,0
2025-08-19 06:00:00,1.38099,1.38109,1.3807,1.38071,670,1,0
2025-08-19 06:15:00,1.38072,1.38093,1.38063,1.38075,395,1,0
2025-08-19 06:30:00,1.38075,1.3809,1.38065,1.38084,415,1,0
2025-08-19 06:45:00,1.38084,1.38122,1.3808099999999999,1.38116,524,1,0
2025-08-19 07:00:00,1.38116,1.3813,1.38103,1.38124,355,1,0
2025-08-19 07:15:00,1.38124,1.38127,1.3809,1.38114,299,1,0
2025-08-19 07:30:00,1.38114,1.38125,1.38089,1.38095,477,1,0
2025-08-19 07:45:00,1.38095,1.3811,1.38072,1.38097,482,1,0
2025-08-19 08:00:00,1.38097,1.38098,1.3807,1.3808099999999999,654,1,0
2025-08-19 08:15:00,1.3808099999999999,1.3809,1.38064,1.38074,474,1,0
2025-08-19 08:30:00,1.38074,1.38101,1.38071,1.38094,349,1,0
2025-08-19 08:45:00,1.38094,1.3814199999999999,1.38091,1.38122,438,1,0
2025-08-19 09:00:00,1.38122,1.3815,1.38094,1.38102,565,1,0
2025-08-19 09:15:00,1.38102,1.3811200000000001,1.3807,1.38092,377,1,0
2025-08-19 09:30:00,1.38092,1.38093,1.38058,1.38067,317,1,0
2025-08-19 09:45:00,1.38067,1.38068,1.38036,1.38041,402,1,0
2025-08-19 10:00:00,1.38041,1.38061,1.38013,1.38055,542,1,0
2025-08-19 10:15:00,1.38055,1.3808,1.38042,1.38075,611,1,0
2025-08-19 10:30:00,1.38075,1.3811499999999999,1.38073,1.3810799999999999,557,1,0
2025-08-19 10:45:00,1.3810799999999999,1.38164,1.38104,1.38162,598,1,0
2025-08-19 11:00:00,1.38162,1.3822,1.38143,1.38209,512,1,0
2025-08-19 11:15:00,1.38209,1.38212,1.38178,1.38183,425,1,0
2025-08-19 11:30:00,1.38182,1.38198,1.38163,1.38174,499,1,0
2025-08-19 11:45:00,1.38174,1.38205,1.38172,1.38193,426,1,0
2025-08-19 12:00:00,1.38192,1.38193,1.38162,1.38186,413,1,0
2025-08-19 12:15:00,1.38186,1.38211,1.3817,1.38206,375,1,0
2025-08-19 12:30:00,1.3820700000000001,1.38225,1.38189,1.38212,429,1,0
2025-08-19 12:45:00,1.38212,1.38233,1.38189,1.38194,363,1,0
2025-08-19 13:00:00,1.38194,1.38197,1.38158,1.38158,367,1,0
2025-08-19 13:15:00,1.38158,1.38161,1.3811499999999999,1.38126,432,1,0
2025-08-19 13:30:00,1.38126,1.3814899999999999,1.3811200000000001,1.38133,282,1,0
2025-08-19 13:45:00,1.38133,1.38144,1.38107,1.3811499999999999,352,1,0
2025-08-19 14:00:00,1.38118,1.38122,1.3808500000000001,1.38095,435,1,0
2025-08-19 14:15:00,1.38095,1.38122,1.38086,1.38101,384,1,0
2025-08-19 14:30:00,1.38101,1.38135,1.38093,1.38096,429,1,0
2025-08-19 14:45:00,1.38096,1.38102,1.3805399999999999,1.38092,463,1,0
2025-08-19 15:00:00,1.38092,1.3814899999999999,1.38092,1.38101,555,1,0
2025-08-19 15:15:00,1.381,1.3814199999999999,1.3806,1.38074,700,1,0
2025-08-19 15:30:00,1.38035,1.38334,1.38011,1.38316,1052,1,0
2025-08-19 15:45:00,1.38316,1.3838,1.38309,1.38338,806,1,0
2025-08-19 16:00:00,1.38338,1.38408,1.3833,1.38394,805,1,0
2025-08-19 16:15:00,1.3839299999999999,1.3845100000000001,1.38353,1.38404,623,1,0
2025-08-19 16:30:00,1.38404,1.3844699999999999,1.38345,1.3837,778,1,0
2025-08-19 16:45:00,1.3837,1.3843,1.38345,1.3841700000000001,909,1,0
2025-08-19 17:00:00,1.38418,1.38472,1.3838,1.38467,816,1,0
2025-08-19 17:15:00,1.38467,1.38493,1.38436,1.38483,817,1,0
2025-08-19 17:30:00,1.38482,1.3857,1.38462,1.3855,737,1,0
2025-08-19 17:45:00,1.3855,1.3856600000000001,1.38501,1.38552,861,1,0
2025-08-19 18:00:00,1.38551,1.38601,1.38509,1.38509,951,1,0
2025-08-19 18:15:00,1.3851,1.38548,1.38492,1.3851,865,1,0
2025-08-19 18:30:00,1.38509,1.38598,1.38509,1.38557,594,1,0
2025-08-19 18:45:00,1.38557,1.3860700000000001,1.38553,1.38599,770,1,0
2025-08-19 19:00:00,1.38599,1.3860000000000001,1.38553,1.3859,710,1,0
2025-08-19 19:15:00,1.3859,1.38619,1.38534,1.38616,636,1,0
2025-08-19 19:30:00,1.38617,1.38621,1.38578,1.3860299999999999,629,1,0
2025-08-19 19:45:00,1.38602,1.38636,1.38579,1.38626,541,1,0
2025-08-19 20:00:00,1.38626,1.3863699999999999,1.38591,1.38623,564,1,0
2025-08-19 20:15:00,1.38623,1.38623,1.3856600000000001,1.38574,417,1,0
2025-08-19 20:30:00,1.38575,1.38578,1.38536,1.38548,426,1,0
2025-08-19 20:45:00,1.38548,1.38589,1.3854600000000001,1.3857,445,1,0
2025-08-19 21:00:00,1.38571,1.38624,1.3857,1.38601,501,1,0
2025-08-19 21:15:00,1.38601,1.3862,1.38594,1.38615,460,1,0
2025-08-19 21:30:00,1.38615,1.38644,1.38606,1.38635,413,1,0
2025-08-19 21:45:00,1.38635,1.38647,1.3860700000000001,1.38645,455,1,0
2025-08-19 22:00:00,1.38645,1.38687,1.38643,1.38659,337,1,0
2025-08-19 22:15:00,1.38659,1.38666,1.38605,1.38606,392,1,0
2025-08-19 22:30:00,1.38606,1.38649,1.38594,1.38644,390,1,0
2025-08-19 22:45:00,1.38645,1.3866399999999999,1.38638,1.38659,472,1,0
2025-08-19 23:00:00,1.3866,1.38662,1.38615,1.38648,347,1,0
2025-08-19 23:15:00,1.38644,1.38658,1.38629,1.38641,331,1,0
2025-08-19 23:30:00,1.3864,1.38678,1.38624,1.38674,358,1,0
2025-08-19 23:45:00,1.38676,1.38696,1.3866800000000001,1.3868,310,7,0
2025-08-20 00:00:00,1.38672,1.38672,1.38516,1.3860999999999999,33,21,0
2025-08-20 00:15:00,1.3860999999999999,1.3860999999999999,1.3855,1.38604,155,63,0
2025-08-20 00:30:00,1.38604,1.38659,1.38587,1.38591,407,46,0
2025-08-20 00:45:00,1.3859,1.38616,1.3858,1.38599,1977,73,0
2025-08-20 01:00:00,1.3860000000000001,1.38676,1.38588,1.38662,350,1,0
2025-08-20 01:15:00,1.38663,1.38669,1.3866100000000001,1.3866800000000001,313,1,0
2025-08-20 01:30:00,1.3866800000000001,1.38684,1.38667,1.3868,219,1,0
2025-08-20 01:45:00,1.3868,1.3868,1.3863400000000001,1.38642,248,1,0
2025-08-20 02:00:00,1.38641,1.38684,1.38635,1.38666,498,1,0
2025-08-20 02:15:00,1.38666,1.38687,1.38663,1.3866800000000001,693,1,0
2025-08-20 02:30:00,1.3866800000000001,1.38683,1.3866399999999999,1.38665,440,1,0
2025-08-20 02:45:00,1.38665,1.38674,1.3866399999999999,1.3867,198,1,0
2025-08-20 03:00:00,1.38669,1.3871,1.38655,1.38709,585,1,0
2025-08-20 03:15:00,1.38709,1.3871,1.38684,1.38704,452,1,0
2025-08-20 03:30:00,1.38704,1.38727,1.3869799999999999,1.3872,466,1,0
2025-08-20 03:45:00,1.3872,1.3872900000000001,1.38689,1.38693,561,1,0
2025-08-20 04:00:00,1.38693,1.3872499999999999,1.38651,1.38706,528,1,0
2025-08-20 04:15:00,1.38706,1.38777,1.38702,1.3877,537,1,0
2025-08-20 04:30:00,1.3877,1.38775,1.38724,1.38728,470,1,0
2025-08-20 04:45:00,1.38728,1.38765,1.38719,1.3875899999999999,489,1,0
2025-08-20 05:00:00,1.3876,1.38833,1.3875600000000001,1.38802,938,1,0
2025-08-20 05:15:00,1.38802,1.3883,1.38792,1.3881299999999999,552,1,0
2025-08-20 05:30:00,1.3881299999999999,1.38822,1.38778,1.38814,680,1,0
2025-08-20 05:45:00,1.38812,1.38838,1.38788,1.38799,703,1,0
2025-08-20 06:00:00,1.38799,1.388,1.38744,1.38774,641,1,0
2025-08-20 06:15:00,1.38774,1.38776,1.38726,1.38739,588,1,0
2025-08-20 06:30:00,1.38739,1.38751,1.38726,1.38742,551,1,0
2025-08-20 06:45:00,1.38742,1.38766,1.38736,1.38748,560,1,0
2025-08-20 07:00:00,1.3874900000000001,1.3875,1.387,1.38716,395,1,0
2025-08-20 07:15:00,1.38716,1.38733,1.38711,1.38726,485,1,0
2025-08-20 07:30:00,1.38726,1.38736,1.38707,1.38716,371,1,0
2025-08-20 07:45:00,1.38716,1.38723,1.38696,1.38702,535,1,0
2025-08-20 08:00:00,1.387,1.3872,1.38696,1.3871,519,1,0
2025-08-20 08:15:00,1.3871,1.3872,1.38693,1.38716,315,1,0
2025-08-20 08:30:00,1.38716,1.38755,1.38712,1.38753,363,1,0
2025-08-20 08:45:00,1.38751,1.38751,1.38714,1.38715,419,1,0
2025-08-20 09:00:00,1.38715,1.38764,1.38707,1.38743,760,1,0
2025-08-20 09:15:00,1.38744,1.38745,1.38687,1.3872900000000001,679,1,0
2025-08-20 09:30:00,1.3872900000000001,1.3872900000000001,1.3868800000000001,1.38692,596,1,0
2025-08-20 09:45:00,1.38696,1.38737,1.3868800000000001,1.38713,541,1,0
2025-08-20 10:00:00,1.38714,1.3873199999999999,1.38686,1.38714,703,1,0
2025-08-20 10:15:00,1.38713,1.38738,1.3869099999999999,1.387,514,1,0
2025-08-20 10:30:00,1.387,1.38734,1.38689,1.38726,524,1,0
2025-08-20 10:45:00,1.38726,1.38762,1.38713,1.38716,572,1,0
2025-08-20 11:00:00,1.38715,1.38796,1.3869500000000001,1.38795,579,1,0
2025-08-20 11:15:00,1.38795,1.38797,1.38735,1.38795,567,1,0
2025-08-20 11:30:00,1.38795,1.38814,1.3877,1.38794,481,1,0
2025-08-20 11:45:00,1.38795,1.38812,1.38769,1.38796,397,1,0
2025-08-20 12:00:00,1.38796,1.388,1.38748,1.38758,394,1,0
2025-08-20 12:15:00,1.38757,1.38796,1.38751,1.3876,399,1,0
2025-08-20 12:30:00,1.3875899999999999,1.38773,1.3872900000000001,1.3875600000000001,370,1,0
2025-08-20 12:45:00,1.3875600000000001,1.38777,1.3875,1.38764,354,1,0
2025-08-20 13:00:00,1.38764,1.38772,1.38709,1.38709,358,1,0
2025-08-20 13:15:00,1.38709,1.38769,1.38708,1.38724,460,1,0
2025-08-20 13:30:00,1.38724,1.3874900000000001,1.38712,1.38737,326,1,0
2025-08-20 13:45:00,1.38737,1.38768,1.38716,1.38761,356,1,0
2025-08-20 14:00:00,1.3876,1.38766,1.3872900000000001,1.3875600000000001,350,1,0
2025-08-20 14:15:00,1.3875600000000001,1.38762,1.38734,1.38755,313,1,0
2025-08-20 14:30:00,1.38755,1.38755,1.3869500000000001,1.38727,304,1,0
2025-08-20 14:45:00,1.38727,1.38736,1.38687,1.38726,425,1,0
2025-08-20 15:00:00,1.38726,1.38726,1.38647,1.38649,592,1,0
2025-08-20 15:15:00,1.38649,1.38657,1.38612,1.38619,559,1,0
2025-08-20 15:30:00,1.38619,1.38622,1.38537,1.38544,898,1,0
2025-08-20 15:45:00,1.38544,1.38594,1.38543,1.38577,791,1,0
2025-08-20 16:00:00,1.38578,1.38635,1.38578,1.38616,589,1,0
2025-08-20 16:15:00,1.3862,1.38662,1.3860000000000001,1.38649,476,1,0
2025-08-20 16:30:00,1.3865,1.3866,1.38574,1.38582,746,1,0
2025-08-20 16:45:00,1.38582,1.38717,1.38581,1.3868800000000001,1132,1,0
2025-08-20 17:00:00,1.3868800000000001,1.38699,1.38639,1.38686,942,1,0
2025-08-20 17:15:00,1.38685,1.38708,1.3860999999999999,1.38707,1110,1,0
2025-08-20 17:30:00,1.38708,1.3873,1.3865,1.3866,756,1,0
2025-08-20 17:45:00,1.3866,1.38678,1.38592,1.38592,1203,1,0
2025-08-20 18:00:00,1.38592,1.38639,1.3857300000000001,1.3862999999999999,776,1,0
2025-08-20 18:15:00,1.3862999999999999,1.3865,1.3860999999999999,1.38626,682,1,0
2025-08-20 18:30:00,1.38625,1.38659,1.38585,1.38656,579,1,0
2025-08-20 18:45:00,1.38656,1.38796,1.38629,1.38753,1014,1,0
2025-08-20 19:00:00,1.38753,1.38754,1.38696,1.38704,618,1,0
2025-08-20 19:15:00,1.38705,1.38705,1.3866800000000001,1.38697,584,1,0
2025-08-20 19:30:00,1.38697,1.38717,1.38684,1.38697,428,1,0
2025-08-20 19:45:00,1.38696,1.3872499999999999,1.38685,1.38689,463,1,0
2025-08-20 20:00:00,1.3869,1.38709,1.38669,1.38681,495,1,0
2025-08-20 20:15:00,1.38681,1.38718,1.3867099999999999,1.38712,468,1,0
2025-08-20 20:30:00,1.38712,1.38728,1.38696,1.38712,453,1,0
2025-08-20 20:45:00,1.38714,1.38717,1.38628,1.38647,477,1,0
2025-08-20 21:00:00,1.38624,1.3868800000000001,1.38619,1.3866,672,1,0
2025-08-20 21:15:00,1.3866,1.38708,1.3865,1.38685,535,1,0
2025-08-20 21:30:00,1.38686,1.3869099999999999,1.38639,1.38674,455,1,0
2025-08-20 21:45:00,1.38674,1.3872200000000001,1.38655,1.38718,486,1,0
2025-08-20 22:00:00,1.38718,1.38728,1.3864,1.38654,535,1,0
2025-08-20 22:15:00,1.38654,1.38679,1.38647,1.3865,345,1,0
2025-08-20 22:30:00,1.3865,1.3866800000000001,1.3864,1.3866399999999999,413,1,0
2025-08-20 22:45:00,1.38666,1.38771,1.38659,1.38766,571,1,0
2025-08-20 23:00:00,1.38766,1.38801,1.3875199999999999,1.38787,419,1,0
2025-08-20 23:15:00,1.3878599999999999,1.38803,1.38779,1.38787,395,1,0
2025-08-20 23:30:00,1.38787,1.38788,1.3875600000000001,1.38765,427,1,0
2025-08-20 23:45:00,1.38765,1.38767,1.38727,1.3872900000000001,293,7,0
2025-08-21 00:00:00,1.38724,1.38731,1.3862999999999999,1.38719,37,33,0
2025-08-21 00:15:00,1.38719,1.38719,1.38697,1.387,31,35,0
2025-08-21 00:30:00,1.387,1.38714,1.38685,1.3869099999999999,173,35,0
2025-08-21 00:45:00,1.3869099999999999,1.38704,1.3869,1.3869099999999999,185,43,0
2025-08-21 01:00:00,1.3869,1.38719,1.3868,1.38718,286,1,0
2025-08-21 01:15:00,1.38718,1.3872900000000001,1.3871,1.38712,213,1,0
2025-08-21 01:30:00,1.38714,1.3872900000000001,1.38712,1.3872900000000001,107,1,0
2025-08-21 01:45:00,1.3872900000000001,1.3873199999999999,1.38724,1.3872900000000001,166,1,0
2025-08-21 02:00:00,1.3872900000000001,1.38751,1.38727,1.38748,243,1,0
2025-08-21 02:15:00,1.38747,1.38747,1.38714,1.38728,284,1,0
2025-08-21 02:30:00,1.38727,1.38744,1.38724,1.38742,333,1,0
2025-08-21 02:45:00,1.38742,1.38754,1.38728,1.38745,320,1,0
2025-08-21 03:00:00,1.38746,1.38766,1.38736,1.3875,764,1,0
2025-08-21 03:15:00,1.3875,1.38771,1.38743,1.3876,588,1,0
2025-08-21 03:30:00,1.3876,1.3878300000000001,1.38751,1.3877,469,1,0
2025-08-21 03:45:00,1.3877,1.38818,1.38766,1.38788,555,1,0
2025-08-21 04:00:00,1.38788,1.38821,1.38766,1.38815,711,1,0
2025-08-21 04:15:00,1.38815,1.38819,1.38795,1.38805,600,1,0
2025-08-21 04:30:00,1.38805,1.38816,1.3873,1.38748,656,1,0
2025-08-21 04:45:00,1.38748,1.38776,1.38736,1.3877,614,1,0
2025-08-21 05:00:00,1.38769,1.38774,1.38736,1.38744,574,1,0
2025-08-21 05:15:00,1.38744,1.3878,1.38741,1.38778,323,1,0
2025-08-21 05:30:00,1.38778,1.38812,1.38771,1.3879000000000001,535,1,0
2025-08-21 05:45:00,1.38789,1.38809,1.38773,1.38806,504,1,0
2025-08-21 06:00:00,1.38806,1.38808,1.38785,1.38796,377,1,0
2025-08-21 06:15:00,1.38796,1.38823,1.38792,1.38819,409,1,0
2025-08-21 06:30:00,1.38819,1.38831,1.38804,1.38816,314,1,0
2025-08-21 06:45:00,1.38816,1.38824,1.38796,1.38806,377,1,0
2025-08-21 07:00:00,1.38806,1.38816,1.38796,1.38797,325,1,0
2025-08-21 07:15:00,1.38796,1.38804,1.3879299999999999,1.38799,339,1,0
2025-08-21 07:30:00,1.38799,1.388,1.38777,1.38788,323,1,0
2025-08-21 07:45:00,1.38788,1.38802,1.38785,1.38796,251,1,0
2025-08-21 08:00:00,1.38796,1.38827,1.38787,1.38825,384,1,0
2025-08-21 08:15:00,1.38825,1.38825,1.38773,1.38776,448,1,0
2025-08-21 08:30:00,1.38775,1.3878599999999999,1.38754,1.3875899999999999,364,1,0
2025-08-21 08:45:00,1.3875899999999999,1.38772,1.38748,1.3875600000000001,267,1,0
2025-08-21 09:00:00,1.3875600000000001,1.38774,1.38739,1.38766,463,1,0
2025-08-21 09:15:00,1.38765,1.38797,1.38747,1.38784,569,1,0
2025-08-21 09:30:00,1.38784,1.38795,1.38763,1.3878599999999999,488,1,0
2025-08-21 09:45:00,1.3878599999999999,1.38812,1.38776,1.3879000000000001,521,1,0
2025-08-21 10:00:00,1.3879000000000001,1.3885399999999999,1.38782,1.38816,621,1,0
2025-08-21 10:15:00,1.38801,1.38838,1.3878,1.38821,617,1,0
2025-08-21 10:30:00,1.38821,1.38824,1.3877,1.38806,649,1,0
2025-08-21 10:45:00,1.38806,1.38822,1.38773,1.388,506,1,0
2025-08-21 11:00:00,1.388,1.38836,1.38798,1.38816,504,1,0
2025-08-21 11:15:00,1.38816,1.38834,1.38784,1.38789,483,1,0
2025-08-21 11:30:00,1.38785,1.3881299999999999,1.3876,1.38799,507,1,0
2025-08-21 11:45:00,1.38799,1.38816,1.38765,1.38785,434,1,0
2025-08-21 12:00:00,1.3878599999999999,1.38811,1.38738,1.3875600000000001,534,1,0
2025-08-21 12:15:00,1.3875600000000001,1.3878,1.38747,1.38764,440,1,0
2025-08-21 12:30:00,1.38765,1.38778,1.3874,1.3875600000000001,356,1,0
2025-08-21 12:45:00,1.3875600000000001,1.38795,1.3874900000000001,1.38794,425,1,0
2025-08-21 13:00:00,1.3879299999999999,1.38802,1.38776,1.38792,371,1,0
2025-08-21 13:15:00,1.38792,1.38805,1.38777,1.38785,391,1,0
2025-08-21 13:30:00,1.38785,1.38822,1.38779,1.38808,342,1,0
2025-08-21 13:45:00,1.38808,1.38838,1.38802,1.3881999999999999,415,1,0
2025-08-21 14:00:00,1.38821,1.38827,1.38787,1.38802,586,1,0
2025-08-21 14:15:00,1.38802,1.38811,1.38789,1.38808,401,1,0
2025-08-21 14:30:00,1.38806,1.3887399999999999,1.38801,1.38863,497,1,0
2025-08-21 14:45:00,1.38863,1.38885,1.3885,1.38864,631,1,0
2025-08-21 15:00:00,1.38864,1.38909,1.3884400000000001,1.38861,748,1,0
2025-08-21 15:15:00,1.38861,1.38883,1.38855,1.38858,636,1,0
2025-08-21 15:30:00,1.38858,1.38922,1.38787,1.3892,1108,1,0
2025-08-21 15:45:00,1.3892,1.38957,1.38893,1.38947,807,1,0
2025-08-21 16:00:00,1.38947,1.38958,1.38898,1.38933,843,1,0
2025-08-21 16:15:00,1.38933,1.38949,1.38907,1.38928,777,1,0
2025-08-21 16:30:00,1.38929,1.38977,1.38904,1.3896,906,1,0
2025-08-21 16:45:00,1.38963,1.3902700000000001,1.3894199999999999,1.38998,1387,1,0
2025-08-21 17:00:00,1.38998,1.39018,1.38921,1.3893,1285,1,0
2025-08-21 17:15:00,1.38932,1.38984,1.38931,1.3897,836,1,0
2025-08-21 17:30:00,1.3897,1.38975,1.3892,1.38952,950,1,0
2025-08-21 17:45:00,1.38952,1.38978,1.38931,1.38972,912,1,0
2025-08-21 18:00:00,1.38972,1.39058,1.38957,1.39033,970,1,0
2025-08-21 18:15:00,1.39033,1.39046,1.3892,1.3895,1072,1,0
2025-08-21 18:30:00,1.38947,1.38998,1.38925,1.38975,958,1,0
2025-08-21 18:45:00,1.38974,1.3902700000000001,1.38965,1.39018,896,1,0
2025-08-21 19:00:00,1.39019,1.39079,1.39016,1.39075,763,1,0
2025-08-21 19:15:00,1.39075,1.39078,1.39025,1.39035,608,1,0
2025-08-21 19:30:00,1.39035,1.39048,1.3901,1.39015,569,1,0
2025-08-21 19:45:00,1.39015,1.39017,1.38965,1.3897300000000001,660,1,0
2025-08-21 20:00:00,1.3897300000000001,1.38985,1.38944,1.38959,661,1,0
2025-08-21 20:15:00,1.38959,1.39013,1.38958,1.39005,762,1,0
2025-08-21 20:30:00,1.39005,1.39007,1.3893900000000001,1.3895,617,1,0
2025-08-21 20:45:00,1.3895,1.38954,1.3891200000000001,1.38949,554,1,0
2025-08-21 21:00:00,1.38949,1.38967,1.38931,1.38958,453,1,0
2025-08-21 21:15:00,1.38958,1.38959,1.38921,1.38956,518,1,0
2025-08-21 21:30:00,1.38956,1.3896600000000001,1.38938,1.38965,478,1,0
2025-08-21 21:45:00,1.38965,1.38998,1.38959,1.38993,557,1,0
2025-08-21 22:00:00,1.38993,1.39012,1.38987,1.38994,345,1,0
2025-08-21 22:15:00,1.38994,1.3903400000000001,1.38989,1.39025,333,1,0
2025-08-21 22:30:00,1.39025,1.39044,1.39016,1.3904,374,1,0
2025-08-21 22:45:00,1.3904,1.39065,1.3902999999999999,1.39041,423,1,0
2025-08-21 23:00:00,1.39041,1.39059,1.3902999999999999,1.39055,257,1,0
2025-08-21 23:15:00,1.39054,1.39071,1.3905,1.3906,222,1,0
2025-08-21 23:30:00,1.39062,1.39087,1.3906100000000001,1.39087,329,1,0
2025-08-21 23:45:00,1.39085,1.3912,1.39083,1.39097,197,7,0
2025-08-22 00:00:00,1.39097,1.39097,1.39032,1.3908800000000001,25,19,0
2025-08-22 00:15:00,1.3908800000000001,1.3908800000000001,1.39067,1.3907,80,35,0
2025-08-22 00:30:00,1.3907,1.39077,1.3906399999999999,1.39069,154,43,0
2025-08-22 00:45:00,1.3907,1.39074,1.39062,1.39062,57,58,0
2025-08-22 01:00:00,1.39062,1.3909500000000001,1.3905699999999999,1.39059,242,1,0
2025-08-22 01:15:00,1.39058,1.39077,1.39056,1.39066,254,1,0
2025-08-22 01:30:00,1.39066,1.39071,1.39052,1.39055,187,1,0
2025-08-22 01:45:00,1.39055,1.3906100000000001,1.39047,1.39054,135,1,0
2025-08-22 02:00:00,1.39054,1.39073,1.39042,1.3906399999999999,269,1,0
2025-08-22 02:15:00,1.39063,1.39066,1.39046,1.39056,224,1,0
2025-08-22 02:30:00,1.39056,1.39058,1.3904,1.39049,179,1,0
2025-08-22 02:45:00,1.39049,1.39051,1.39006,1.39016,271,1,0
2025-08-22 03:00:00,1.39016,1.39035,1.38993,1.39026,629,1,0
2025-08-22 03:15:00,1.39026,1.39041,1.39009,1.39025,422,1,0
2025-08-22 03:30:00,1.39025,1.39058,1.39013,1.39053,478,1,0
2025-08-22 03:45:00,1.39053,1.39081,1.39048,1.39076,326,1,0
2025-08-22 04:00:00,1.39076,1.39076,1.3903699999999999,1.39065,406,1,0
2025-08-22 04:15:00,1.3906399999999999,1.3909,1.3906,1.39082,305,1,0
2025-08-22 04:30:00,1.39082,1.39115,1.39071,1.39102,438,1,0
2025-08-22 04:45:00,1.39102,1.39132,1.391,1.39124,586,1,0
2025-08-22 05:00:00,1.39124,1.39131,1.39083,1.391,427,1,0
2025-08-22 05:15:00,1.391,1.39107,1.39065,1.39103,374,1,0
2025-08-22 05:30:00,1.39103,1.39107,1.39082,1.39086,357,1,0
2025-08-22 05:45:00,1.39086,1.39119,1.39076,1.39109,433,1,0
2025-08-22 06:00:00,1.3911,1.3912499999999999,1.3909500000000001,1.3912200000000001,440,1,0
2025-08-22 06:15:00,1.3912200000000001,1.39124,1.39104,1.39116,391,1,0
2025-08-22 06:30:00,1.39116,1.39132,1.3911,1.39121,435,1,0
2025-08-22 06:45:00,1.39121,1.39144,1.39117,1.39137,370,1,0
2025-08-22 07:00:00,1.39137,1.39142,1.39121,1.39124,243,1,0
2025-08-22 07:15:00,1.39124,1.3915199999999999,1.39124,1.39143,283,1,0
2025-08-22 07:30:00,1.39144,1.39155,1.39132,1.39136,276,1,0
2025-08-22 07:45:00,1.39136,1.3915600000000001,1.39132,1.39151,340,1,0
2025-08-22 08:00:00,1.3914900000000001,1.39161,1.39139,1.39141,282,1,0
2025-08-22 08:15:00,1.39141,1.39161,1.39133,1.39158,409,1,0
2025-08-22 08:30:00,1.39158,1.39158,1.39142,1.39143,261,1,0
2025-08-22 08:45:00,1.39143,1.39157,1.39131,1.39146,265,1,0
2025-08-22 09:00:00,1.39146,1.39169,1.39135,1.39136,472,1,0
2025-08-22 09:15:00,1.39136,1.39163,1.3912900000000001,1.39145,418,1,0
2025-08-22 09:30:00,1.39144,1.39164,1.39133,1.39133,284,1,0
2025-08-22 09:45:00,1.39134,1.39163,1.39132,1.39153,310,1,0
2025-08-22 10:00:00,1.39153,1.39155,1.39124,1.39132,450,1,0
2025-08-22 10:15:00,1.39132,1.3915199999999999,1.3913,1.39134,376,1,0
2025-08-22 10:30:00,1.39135,1.39172,1.39133,1.39144,404,1,0
2025-08-22 10:45:00,1.39145,1.39148,1.391,1.39121,375,1,0
2025-08-22 11:00:00,1.39121,1.39142,1.39105,1.39111,391,1,0
2025-08-22 11:15:00,1.3911,1.39138,1.3911,1.39117,342,1,0
2025-08-22 11:30:00,1.39115,1.39138,1.39105,1.39113,339,1,0
2025-08-22 11:45:00,1.39113,1.39133,1.39077,1.39082,440,1,0
2025-08-22 12:00:00,1.39081,1.3913,1.39079,1.39116,426,1,0
2025-08-22 12:15:00,1.39116,1.39134,1.39109,1.39116,365,1,0
2025-08-22 12:30:00,1.39116,1.39143,1.39099,1.39143,311,1,0
2025-08-22 12:45:00,1.39143,1.39153,1.3912200000000001,1.39139,308,1,0
2025-08-22 13:00:00,1.39139,1.3917,1.3912900000000001,1.3916,305,1,0
2025-08-22 13:15:00,1.3916,1.3918,1.3915600000000001,1.39158,240,1,0
2025-08-22 13:30:00,1.39158,1.39174,1.39139,1.3917,273,1,0
2025-08-22 13:45:00,1.3917,1.3919000000000001,1.3916,1.39167,408,1,0
2025-08-22 14:00:00,1.39167,1.39167,1.3912900000000001,1.39142,314,1,0
2025-08-22 14:15:00,1.39142,1.39174,1.39131,1.39142,479,1,0
2025-08-22 14:30:00,1.39141,1.3914900000000001,1.39121,1.39123,450,1,0
2025-08-22 14:45:00,1.39124,1.39135,1.39099,1.39112,537,1,0
2025-08-22 15:00:00,1.39112,1.39143,1.39093,1.39131,576,1,0
2025-08-22 15:15:00,1.39131,1.3918300000000001,1.3912900000000001,1.39181,521,1,0
2025-08-22 15:30:00,1.39165,1.39168,1.39123,1.39142,611,1,0
2025-08-22 15:45:00,1.39142,1.39189,1.3914,1.39169,555,1,0
2025-08-22 16:00:00,1.39169,1.39196,1.39139,1.39191,672,1,0
2025-08-22 16:15:00,1.39191,1.39232,1.39181,1.39228,568,1,0
2025-08-22 16:30:00,1.39227,1.39246,1.39179,1.3919000000000001,860,1,0
2025-08-22 16:45:00,1.3919000000000001,1.39231,1.3915,1.39215,829,1,0
2025-08-22 17:00:00,1.3921000000000001,1.3921000000000001,1.38592,1.38616,3244,1,0
2025-08-22 17:15:00,1.38617,1.38717,1.38504,1.38639,2720,1,0
2025-08-22 17:30:00,1.38639,1.38639,1.38458,1.38496,1991,1,0
2025-08-22 17:45:00,1.38498,1.38558,1.3833199999999999,1.38347,2170,1,0
2025-08-22 18:00:00,1.38346,1.38381,1.38301,1.38364,1551,1,0
2025-08-22 18:15:00,1.38364,1.38434,1.38304,1.38344,1425,1,0
2025-08-22 18:30:00,1.38344,1.3845399999999999,1.38305,1.38419,1398,1,0
2025-08-22 18:45:00,1.38419,1.38459,1.38381,1.38459,1102,1,0
2025-08-22 19:00:00,1.3846,1.38462,1.38327,1.38338,1044,1,0
2025-08-22 19:15:00,1.38338,1.38423,1.3831,1.38392,750,1,0
2025-08-22 19:30:00,1.3839299999999999,1.38399,1.38337,1.38342,821,1,0
2025-08-22 19:45:00,1.38342,1.38351,1.38307,1.38321,747,1,0
2025-08-22 20:00:00,1.38321,1.38324,1.38235,1.38249,672,1,0
2025-08-22 20:15:00,1.38249,1.38254,1.3817300000000001,1.38201,687,1,0
2025-08-22 20:30:00,1.38204,1.38208,1.38145,1.3817599999999999,771,1,0
2025-08-22 20:45:00,1.38175,1.38196,1.38152,1.38188,642,1,0
2025-08-22 21:00:00,1.38189,1.38199,1.38151,1.38183,644,1,0
2025-08-22 21:15:00,1.38182,1.3824100000000001,1.38175,1.38212,565,1,0
2025-08-22 21:30:00,1.38211,1.38257,1.3820000000000001,1.38229,642,1,0
2025-08-22 21:45:00,1.38229,1.38252,1.38223,1.38249,639,1,0
2025-08-22 22:00:00,1.38248,1.38289,1.38236,1.3826,531,1,0
2025-08-22 22:15:00,1.3826,1.3828,1.38239,1.38266,547,1,0
2025-08-22 22:30:00,1.38266,1.38281,1.38246,1.38247,470,1,0
2025-08-22 22:45:00,1.38247,1.38308,1.38246,1.38287,525,1,0
2025-08-22 23:00:00,1.38288,1.38304,1.38249,1.38259,401,1,0
2025-08-22 23:15:00,1.38259,1.38288,1.3825,1.38286,258,1,0
2025-08-22 23:30:00,1.38286,1.38286,1.38182,1.38183,203,1,0
2025-08-22 23:45:00,1.38183,1.38267,1.38182,1.38219,168,7,0
2025-08-25 00:00:00,1.38091,1.38184,1.38091,1.38184,58,165,0
2025-08-25 00:15:00,1.38184,1.38215,1.38163,1.38211,93,98,0
2025-08-25 00:30:00,1.38211,1.38246,1.38196,1.38243,217,53,0
2025-08-25 00:45:00,1.38243,1.38248,1.38198,1.3822999999999999,287,47,0
2025-08-25 01:00:00,1.3822999999999999,1.3826100000000001,1.38209,1.38247,394,1,0
2025-08-25 01:15:00,1.38245,1.38251,1.38236,1.38249,384,1,0
2025-08-25 01:30:00,1.38249,1.38323,1.38245,1.38317,361,1,0
2025-08-25 01:45:00,1.38317,1.38337,1.38255,1.38273,430,1,0
2025-08-25 02:00:00,1.38273,1.38321,1.3826399999999999,1.38299,477,1,0
2025-08-25 02:15:00,1.38299,1.38326,1.38285,1.38316,421,1,0
2025-08-25 02:30:00,1.38315,1.38328,1.3829799999999999,1.38307,356,1,0
2025-08-25 02:45:00,1.38307,1.38326,1.3829,1.38297,312,1,0
2025-08-25 03:00:00,1.38297,1.38403,1.3829500000000001,1.38394,625,1,0
2025-08-25 03:15:00,1.3839299999999999,1.38396,1.38358,1.3837,376,1,0
2025-08-25 03:30:00,1.3837,1.38398,1.38368,1.38378,404,1,0
2025-08-25 03:45:00,1.38378,1.3839000000000001,1.38357,1.38358,435,1,0
2025-08-25 04:00:00,1.38358,1.38374,1.38347,1.38362,489,1,0
2025-08-25 04:15:00,1.38362,1.38377,1.3832499999999999,1.38377,483,1,0
2025-08-25 04:30:00,1.38377,1.38409,1.38368,1.38404,494,1,0
2025-08-25 04:45:00,1.38404,1.3844,1.38401,1.38425,370,1,0
2025-08-25 05:00:00,1.38425,1.38436,1.38401,1.38415,338,1,0
2025-08-25 05:15:00,1.38415,1.38418,1.384,1.38412,303,1,0
2025-08-25 05:30:00,1.38412,1.38413,1.38392,1.38397,303,1,0
2025-08-25 05:45:00,1.38397,1.38405,1.38376,1.38392,338,1,0
2025-08-25 06:00:00,1.38392,1.38399,1.38337,1.38338,396,1,0
2025-08-25 06:15:00,1.38338,1.38372,1.38336,1.38358,321,1,0
2025-08-25 06:30:00,1.38358,1.3837,1.38326,1.38337,307,1,0
2025-08-25 06:45:00,1.38337,1.38341,1.38327,1.38337,171,1,0
2025-08-25 07:00:00,1.38337,1.38353,1.38328,1.38349,295,1,0
2025-08-25 07:15:00,1.38349,1.38357,1.38337,1.38352,255,1,0
2025-08-25 07:30:00,1.38352,1.38352,1.38321,1.38335,237,1,0
2025-08-25 07:45:00,1.38335,1.38352,1.3833,1.38348,279,1,0
2025-08-25 08:00:00,1.38348,1.38357,1.38343,1.38353,258,1,0
2025-08-25 08:15:00,1.38353,1.3836,1.38335,1.3835,304,1,0
2025-08-25 08:30:00,1.3835,1.38375,1.38346,1.38348,265,1,0
2025-08-25 08:45:00,1.38348,1.38378,1.3834,1.38368,353,1,0
2025-08-25 09:00:00,1.38368,1.38368,1.3827099999999999,1.3827099999999999,526,1,0
2025-08-25 09:15:00,1.3827099999999999,1.38273,1.38212,1.38222,484,1,0
2025-08-25 09:30:00,1.38222,1.3827,1.3822,1.38239,366,1,0
2025-08-25 09:45:00,1.38239,1.38275,1.38238,1.38253,409,1,0
2025-08-25 10:00:00,1.38253,1.3832200000000001,1.3825,1.3832,467,1,0
2025-08-25 10:15:00,1.38317,1.3833199999999999,1.38296,1.38315,372,1,0
2025-08-25 10:30:00,1.38315,1.38333,1.38296,1.38308,312,1,0
2025-08-25 10:45:00,1.38308,1.38371,1.38282,1.38361,505,1,0
2025-08-25 11:00:00,1.38361,1.38369,1.38284,1.3829099999999999,467,1,0
2025-08-25 11:15:00,1.3829099999999999,1.38301,1.38244,1.38273,440,1,0
2025-08-25 11:30:00,1.38273,1.38284,1.38252,1.38282,353,1,0
2025-08-25 11:45:00,1.38282,1.38287,1.38236,1.38276,432,1,0
2025-08-25 12:00:00,1.38276,1.3831,1.38263,1.383,335,1,0
2025-08-25 12:15:00,1.383,1.38317,1.38283,1.3829799999999999,273,1,0
2025-08-25 12:30:00,1.3829799999999999,1.3830200000000001,1.38283,1.38293,270,1,0
2025-08-25 12:45:00,1.38293,1.38328,1.38272,1.38317,350,1,0
2025-08-25 13:00:00,1.38317,1.38338,1.38305,1.38306,339,1,0
2025-08-25 13:15:00,1.38306,1.3835,1.3829500000000001,1.38348,384,1,0
2025-08-25 13:30:00,1.38348,1.38354,1.38319,1.38337,338,1,0
2025-08-25 13:45:00,1.38337,1.38364,1.38333,1.38353,320,1,0
2025-08-25 14:00:00,1.38353,1.3835600000000001,1.38277,1.38282,383,1,0
2025-08-25 14:15:00,1.38282,1.38299,1.38265,1.38269,375,1,0
2025-08-25 14:30:00,1.38269,1.3830200000000001,1.38251,1.3827,363,1,0
2025-08-25 14:45:00,1.3827,1.38284,1.3823400000000001,1.38239,430,1,0
2025-08-25 15:00:00,1.3824,1.38258,1.38216,1.38256,507,1,0
2025-08-25 15:15:00,1.38256,1.38262,1.38174,1.38205,464,1,0
2025-08-25 15:30:00,1.38205,1.38245,1.38192,1.38214,590,1,0
2025-08-25 15:45:00,1.38214,1.38249,1.38186,1.38227,507,1,0
2025-08-25 16:00:00,1.38226,1.38274,1.38214,1.38244,599,1,0
2025-08-25 16:15:00,1.38244,1.38289,1.38225,1.38283,576,1,0
2025-08-25 16:30:00,1.38282,1.38283,1.38183,1.38215,968,1,0
2025-08-25 16:45:00,1.38215,1.38254,1.3817,1.38223,751,1,0
2025-08-25 17:00:00,1.38222,1.38294,1.38222,1.38252,968,1,0
2025-08-25 17:15:00,1.38252,1.38293,1.38244,1.38253,740,1,0
2025-08-25 17:30:00,1.38253,1.38275,1.38231,1.38267,696,1,0
2025-08-25 17:45:00,1.38267,1.38267,1.38204,1.38243,866,1,0
2025-08-25 18:00:00,1.38243,1.3831,1.3824100000000001,1.38301,898,1,0
2025-08-25 18:15:00,1.38301,1.38323,1.38279,1.3829,553,1,0
2025-08-25 18:30:00,1.38289,1.38334,1.38285,1.3832499999999999,508,1,0
2025-08-25 18:45:00,1.38326,1.3835,1.38307,1.38308,577,1,0
2025-08-25 19:00:00,1.38308,1.38366,1.38306,1.38314,515,1,0
2025-08-25 19:15:00,1.38314,1.3836300000000001,1.38312,1.3835,503,1,0
2025-08-25 19:30:00,1.3835,1.38385,1.38337,1.38369,431,1,0
2025-08-25 19:45:00,1.38369,1.38369,1.38335,1.38341,574,1,0
2025-08-25 20:00:00,1.38341,1.38351,1.38331,1.38351,376,1,0
2025-08-25 20:15:00,1.3835,1.38369,1.3832900000000001,1.38339,449,1,0
2025-08-25 20:30:00,1.38339,1.38397,1.38338,1.38372,405,1,0
2025-08-25 20:45:00,1.38372,1.38433,1.38366,1.38425,399,1,0
2025-08-25 21:00:00,1.38425,1.38446,1.38407,1.38439,470,1,0
2025-08-25 21:15:00,1.38439,1.3848500000000001,1.38434,1.38484,416,1,0
2025-08-25 21:30:00,1.38484,1.3854,1.38464,1.38532,538,1,0
2025-08-25 21:45:00,1.38532,1.38552,1.38522,1.38526,598,1,0
2025-08-25 22:00:00,1.38525,1.38614,1.38523,1.38605,758,1,0
2025-08-25 22:15:00,1.38605,1.38635,1.38598,1.38617,517,1,0
2025-08-25 22:30:00,1.38617,1.3864,1.38598,1.3860000000000001,442,1,0
2025-08-25 22:45:00,1.3860000000000001,1.38629,1.38592,1.38629,424,1,0
2025-08-25 23:00:00,1.38629,1.38629,1.38547,1.38589,524,1,0
2025-08-25 23:15:00,1.38589,1.3859,1.38563,1.38567,310,1,0
2025-08-25 23:30:00,1.38567,1.38581,1.38538,1.3854600000000001,377,1,0
2025-08-25 23:45:00,1.3854600000000001,1.38604,1.3853900000000001,1.3859,332,7,0
2025-08-26 00:00:00,1.38578,1.38578,1.38445,1.38563,28,35,0
2025-08-26 00:15:00,1.38563,1.38563,1.38499,1.3854,102,40,0
2025-08-26 00:30:00,1.38541,1.38555,1.38523,1.38538,216,56,0
2025-08-26 00:45:00,1.38538,1.38583,1.38523,1.38551,481,37,0
2025-08-26 01:00:00,1.38555,1.38578,1.38537,1.3856600000000001,420,1,0
2025-08-26 01:15:00,1.3856600000000001,1.38577,1.38563,1.38574,219,1,0
2025-08-26 01:30:00,1.38574,1.3857599999999999,1.38556,1.38565,175,1,0
2025-08-26 01:45:00,1.38565,1.3856899999999999,1.38552,1.38563,132,1,0
2025-08-26 02:00:00,1.38563,1.38586,1.3855,1.38584,351,1,0
2025-08-26 02:15:00,1.38584,1.38611,1.38583,1.38604,135,1,0
2025-08-26 02:30:00,1.38604,1.3860700000000001,1.38588,1.38597,187,1,0
2025-08-26 02:45:00,1.38597,1.3860700000000001,1.38591,1.38591,240,1,0
2025-08-26 03:00:00,1.38591,1.3864,1.38467,1.38475,1652,1,0
2025-08-26 03:15:00,1.38475,1.38502,1.3845399999999999,1.38474,1229,1,0
2025-08-26 03:30:00,1.38473,1.385,1.38418,1.3845,1213,1,0
2025-08-26 03:45:00,1.3845,1.38466,1.3841700000000001,1.3845100000000001,1151,1,0
2025-08-26 04:00:00,1.3845,1.3851200000000001,1.38448,1.38507,782,1,0
2025-08-26 04:15:00,1.38507,1.38529,1.38489,1.38516,720,1,0
2025-08-26 04:30:00,1.3851499999999999,1.38587,1.3851499999999999,1.38561,658,1,0
2025-08-26 04:45:00,1.38561,1.38575,1.38538,1.38563,711,1,0
2025-08-26 05:00:00,1.38563,1.38563,1.38491,1.38519,687,1,0
2025-08-26 05:15:00,1.38519,1.38527,1.38474,1.3848500000000001,506,1,0
2025-08-26 05:30:00,1.3848500000000001,1.38526,1.38484,1.3851499999999999,470,1,0
2025-08-26 05:45:00,1.3851499999999999,1.38519,1.3848500000000001,1.38499,546,1,0
2025-08-26 06:00:00,1.385,1.38589,1.38499,1.38567,608,1,0
2025-08-26 06:15:00,1.38567,1.38585,1.38562,1.38577,470,1,0
2025-08-26 06:30:00,1.3857599999999999,1.38584,1.38553,1.38568,403,1,0
2025-08-26 06:45:00,1.38568,1.3859,1.38564,1.38583,399,1,0
2025-08-26 07:00:00,1.38583,1.3860299999999999,1.38571,1.38596,482,1,0
2025-08-26 07:15:00,1.38596,1.38598,1.38564,1.38565,327,1,0
2025-08-26 07:30:00,1.38565,1.38582,1.38561,1.38571,377,1,0
2025-08-26 07:45:00,1.38571,1.38577,1.38541,1.38544,390,1,0
2025-08-26 08:00:00,1.38544,1.38559,1.3853900000000001,1.38544,363,1,0
2025-08-26 08:15:00,1.38544,1.38555,1.38534,1.38535,354,1,0
2025-08-26 08:30:00,1.38535,1.3854899999999999,1.38514,1.3851499999999999,506,1,0
2025-08-26 08:45:00,1.3851499999999999,1.38543,1.3850500000000001,1.38514,429,1,0
2025-08-26 09:00:00,1.3851499999999999,1.38586,1.38507,1.38585,681,1,0
2025-08-26 09:15:00,1.38586,1.38657,1.38571,1.38577,827,1,0
2025-08-26 09:30:00,1.3857599999999999,1.38581,1.38516,1.38544,542,1,0
2025-08-26 09:45:00,1.38544,1.38596,1.3853900000000001,1.38581,573,1,0
2025-08-26 10:00:00,1.38582,1.38643,1.38552,1.38602,877,1,0
2025-08-26 10:15:00,1.38602,1.38682,1.38571,1.38571,832,1,0
2025-08-26 10:30:00,1.38571,1.38571,1.38509,1.38552,721,1,0
2025-08-26 10:45:00,1.38552,1.38581,1.38548,1.38559,751,1,0
2025-08-26 11:00:00,1.38559,1.3860299999999999,1.38552,1.38594,697,1,0
2025-08-26 11:15:00,1.38594,1.38643,1.38574,1.38608,700,1,0
2025-08-26 11:30:00,1.38608,1.38612,1.38575,1.38591,528,1,0
2025-08-26 11:45:00,1.38591,1.38612,1.38567,1.3858,482,1,0
2025-08-26 12:00:00,1.3858,1.38581,1.38514,1.38514,507,1,0
2025-08-26 12:15:00,1.38514,1.38517,1.38475,1.38477,592,1,0
2025-08-26 12:30:00,1.38477,1.38517,1.38476,1.3850500000000001,451,1,0
2025-08-26 12:45:00,1.3850500000000001,1.3850799999999999,1.38475,1.38486,545,1,0
2025-08-26 13:00:00,1.3848500000000001,1.38495,1.38462,1.3848,449,1,0
2025-08-26 13:15:00,1.3848,1.38487,1.38467,1.38486,453,1,0
2025-08-26 13:30:00,1.38486,1.38524,1.38483,1.3852,360,1,0
2025-08-26 13:45:00,1.3852,1.38529,1.38503,1.38509,382,1,0
2025-08-26 14:00:00,1.38509,1.3851200000000001,1.38473,1.38474,537,1,0
2025-08-26 14:15:00,1.38474,1.38477,1.38448,1.38466,440,1,0
2025-08-26 14:30:00,1.38467,1.38475,1.3841999999999999,1.38441,525,1,0
2025-08-26 14:45:00,1.38441,1.38449,1.38407,1.38445,523,1,0
2025-08-26 15:00:00,1.38443,1.3845399999999999,1.38401,1.3845,649,1,0
2025-08-26 15:15:00,1.3845,1.38495,1.38448,1.38487,619,1,0
2025-08-26 15:30:00,1.38487,1.38506,1.38441,1.38482,607,1,0
2025-08-26 15:45:00,1.38482,1.38494,1.38452,1.38458,560,1,0
2025-08-26 16:00:00,1.38458,1.38493,1.3843,1.38477,769,1,0
2025-08-26 16:15:00,1.38477,1.38537,1.38475,1.38524,554,1,0
2025-08-26 16:30:00,1.38524,1.3853,1.3846,1.38487,816,1,0
2025-08-26 16:45:00,1.38487,1.3854600000000001,1.38464,1.3848099999999999,1016,1,0
2025-08-26 17:00:00,1.38482,1.38507,1.38435,1.38445,1021,1,0
2025-08-26 17:15:00,1.3844400000000001,1.38448,1.38339,1.38358,878,1,0
2025-08-26 17:30:00,1.3835899999999999,1.3838599999999999,1.38348,1.38362,709,1,0
2025-08-26 17:45:00,1.38362,1.38371,1.3826800000000001,1.38269,899,1,0
2025-08-26 18:00:00,1.38269,1.3829,1.38224,1.38265,833,1,0
2025-08-26 18:15:00,1.38265,1.38292,1.38243,1.38272,633,1,0
2025-08-26 18:30:00,1.38272,1.38292,1.3823400000000001,1.38276,537,1,0
2025-08-26 18:45:00,1.38276,1.383,1.38248,1.38248,553,1,0
2025-08-26 19:00:00,1.38249,1.3829799999999999,1.38244,1.38292,422,1,0
2025-08-26 19:15:00,1.38292,1.38301,1.38267,1.38293,449,1,0
2025-08-26 19:30:00,1.38293,1.3832200000000001,1.38281,1.38281,649,1,0
2025-08-26 19:45:00,1.38281,1.3831,1.38269,1.38296,903,1,0
2025-08-26 20:00:00,1.38297,1.3833199999999999,1.38294,1.38313,404,1,0
2025-08-26 20:15:00,1.38313,1.38343,1.3831,1.38323,324,1,0
2025-08-26 20:30:00,1.38323,1.38373,1.38316,1.38371,300,1,0
2025-08-26 20:45:00,1.38371,1.38402,1.38357,1.38389,340,1,0
2025-08-26 21:00:00,1.38389,1.38409,1.38357,1.38408,450,1,0
2025-08-26 21:15:00,1.38408,1.38418,1.3838,1.38384,338,1,0
2025-08-26 21:30:00,1.38384,1.38384,1.38336,1.38351,356,1,0
2025-08-26 21:45:00,1.38351,1.38366,1.38286,1.38345,480,1,0
2025-08-26 22:00:00,1.38345,1.38357,1.38321,1.38344,560,1,0
2025-08-26 22:15:00,1.38344,1.38351,1.38294,1.383,382,1,0
2025-08-26 22:30:00,1.383,1.38341,1.38293,1.3833199999999999,239,1,0
2025-08-26 22:45:00,1.3833199999999999,1.3836300000000001,1.38305,1.38347,414,1,0
2025-08-26 23:00:00,1.38349,1.38378,1.38337,1.38337,258,1,0
2025-08-26 23:15:00,1.38337,1.38353,1.38333,1.38338,179,1,0
2025-08-26 23:30:00,1.38338,1.38378,1.38317,1.38364,288,1,0
2025-08-26 23:45:00,1.3836300000000001,1.38391,1.3835,1.38388,243,7,0
2025-08-27 00:00:00,1.38376,1.3838,1.38242,1.38373,43,18,0
2025-08-27 00:15:00,1.38373,1.3838300000000001,1.38347,1.38358,110,35,0
2025-08-27 00:30:00,1.38358,1.38365,1.38349,1.3835899999999999,42,35,0
2025-08-27 00:45:00,1.3835899999999999,1.38365,1.3834,1.38352,152,35,0
2025-08-27 01:00:00,1.38352,1.38384,1.38342,1.38373,263,1,0
2025-08-27 01:15:00,1.38375,1.38382,1.38353,1.3835899999999999,225,1,0
2025-08-27 01:30:00,1.3835899999999999,1.3836300000000001,1.3834,1.38355,121,1,0
2025-08-27 01:45:00,1.38355,1.3836300000000001,1.3834,1.38341,132,1,0
2025-08-27 02:00:00,1.38341,1.3836300000000001,1.38341,1.38352,190,1,0
2025-08-27 02:15:00,1.38353,1.38357,1.3832900000000001,1.38343,146,1,0
2025-08-27 02:30:00,1.38343,1.38345,1.38328,1.38342,151,1,0
2025-08-27 02:45:00,1.38342,1.38354,1.3833199999999999,1.38349,245,1,0
2025-08-27 03:00:00,1.38349,1.38353,1.38311,1.38312,426,1,0
2025-08-27 03:15:00,1.38312,1.3832499999999999,1.38299,1.3831,390,1,0
2025-08-27 03:30:00,1.3831,1.38328,1.38303,1.38327,377,1,0
2025-08-27 03:45:00,1.38327,1.38361,1.38323,1.38335,400,1,0
2025-08-27 04:00:00,1.38334,1.38341,1.38312,1.38324,543,1,0
2025-08-27 04:15:00,1.38324,1.3836,1.38311,1.3834,491,1,0
2025-08-27 04:30:00,1.38341,1.38341,1.38296,1.38308,875,1,0
2025-08-27 04:45:00,1.38308,1.38324,1.38284,1.38315,563,1,0
2025-08-27 05:00:00,1.38315,1.38364,1.38314,1.3836300000000001,420,1,0
2025-08-27 05:15:00,1.3836300000000001,1.38392,1.38351,1.38387,390,1,0
2025-08-27 05:30:00,1.3838599999999999,1.38412,1.38379,1.38396,302,1,0
2025-08-27 05:45:00,1.38395,1.38396,1.38375,1.3838300000000001,298,1,0
2025-08-27 06:00:00,1.3838300000000001,1.38391,1.38376,1.38385,231,1,0
2025-08-27 06:15:00,1.38385,1.38412,1.3838,1.38397,333,1,0
2025-08-27 06:30:00,1.38396,1.38406,1.38382,1.38392,330,1,0
2025-08-27 06:45:00,1.38392,1.38411,1.38389,1.38405,315,1,0
2025-08-27 07:00:00,1.38405,1.38427,1.38401,1.38409,353,1,0
2025-08-27 07:15:00,1.38409,1.38438,1.38406,1.3841999999999999,303,1,0
2025-08-27 07:30:00,1.38419,1.38438,1.38414,1.38435,262,1,0
2025-08-27 07:45:00,1.38435,1.38438,1.3842400000000001,1.38432,222,1,0
2025-08-27 08:00:00,1.38431,1.38453,1.3843,1.38439,323,1,0
2025-08-27 08:15:00,1.38439,1.38441,1.3842400000000001,1.38429,295,1,0
2025-08-27 08:30:00,1.38429,1.38436,1.38407,1.38416,345,1,0
2025-08-27 08:45:00,1.38416,1.3841999999999999,1.38391,1.3841,409,1,0
2025-08-27 09:00:00,1.38408,1.38415,1.38378,1.38382,485,1,0
2025-08-27 09:15:00,1.38382,1.38411,1.38373,1.38401,421,1,0
2025-08-27 09:30:00,1.38404,1.3841,1.38343,1.38349,373,1,0
2025-08-27 09:45:00,1.38349,1.38404,1.38349,1.38378,372,1,0
2025-08-27 10:00:00,1.38378,1.38477,1.38374,1.38476,466,1,0
2025-08-27 10:15:00,1.38477,1.38506,1.3844699999999999,1.3850500000000001,419,1,0
2025-08-27 10:30:00,1.38504,1.3854199999999999,1.38495,1.38518,448,1,0
2025-08-27 10:45:00,1.38518,1.38523,1.3846,1.38467,537,1,0
2025-08-27 11:00:00,1.38467,1.38538,1.38465,1.38527,537,1,0
2025-08-27 11:15:00,1.38527,1.38536,1.38511,1.38534,468,1,0
2025-08-27 11:30:00,1.38534,1.38571,1.38533,1.38551,523,1,0
2025-08-27 11:45:00,1.38551,1.38551,1.38486,1.38487,501,1,0
2025-08-27 12:00:00,1.38487,1.3853,1.3848500000000001,1.38494,452,1,0
2025-08-27 12:15:00,1.38494,1.3850799999999999,1.38477,1.3848500000000001,300,1,0
2025-08-27 12:30:00,1.3848500000000001,1.38535,1.3848500000000001,1.38525,312,1,0
2025-08-27 12:45:00,1.38525,1.3855,1.3851200000000001,1.38543,374,1,0
2025-08-27 13:00:00,1.3854199999999999,1.38547,1.3848500000000001,1.38494,478,1,0
2025-08-27 13:15:00,1.38494,1.38522,1.38491,1.38509,397,1,0
2025-08-27 13:30:00,1.3851,1.38525,1.38489,1.38503,350,1,0
2025-08-27 13:45:00,1.38503,1.38534,1.38493,1.38526,304,1,0
2025-08-27 14:00:00,1.38525,1.3856600000000001,1.3845,1.38457,563,1,0
2025-08-27 14:15:00,1.38457,1.38498,1.38452,1.38495,434,1,0
2025-08-27 14:30:00,1.38495,1.38538,1.3845,1.38536,469,1,0
2025-08-27 14:45:00,1.38536,1.38537,1.3848799999999999,1.38524,486,1,0
2025-08-27 15:00:00,1.38524,1.38537,1.3848799999999999,1.38498,605,1,0
2025-08-27 15:15:00,1.38497,1.38499,1.38432,1.38477,606,1,0
2025-08-27 15:30:00,1.38476,1.38547,1.38461,1.38547,690,1,0
2025-08-27 15:45:00,1.38547,1.3854899999999999,1.3848500000000001,1.3850799999999999,652,1,0
2025-08-27 16:00:00,1.3850799999999999,1.38527,1.38476,1.3850799999999999,805,1,0
2025-08-27 16:15:00,1.3850799999999999,1.38536,1.38471,1.38476,571,1,0
2025-08-27 16:30:00,1.38476,1.3854600000000001,1.38442,1.38537,672,1,0
2025-08-27 16:45:00,1.38535,1.38537,1.38476,1.38526,727,1,0
2025-08-27 17:00:00,1.38526,1.38544,1.38487,1.38516,838,1,0
2025-08-27 17:15:00,1.38516,1.3858,1.3850500000000001,1.3854600000000001,711,1,0
2025-08-27 17:30:00,1.3854600000000001,1.38558,1.3850500000000001,1.38516,712,1,0
2025-08-27 17:45:00,1.38519,1.38527,1.3829099999999999,1.3832,1207,1,0
2025-08-27 18:00:00,1.3832,1.38333,1.38235,1.38275,1120,1,0
2025-08-27 18:15:00,1.38276,1.3829799999999999,1.38253,1.38258,541,1,0
2025-08-27 18:30:00,1.38258,1.38277,1.38215,1.38227,669,1,0
2025-08-27 18:45:00,1.38227,1.38278,1.38218,1.38259,667,1,0
2025-08-27 19:00:00,1.3826,1.3826,1.38181,1.38191,513,1,0
2025-08-27 19:15:00,1.38191,1.38209,1.38144,1.3816,504,1,0
2025-08-27 19:30:00,1.38161,1.38162,1.38041,1.38067,744,1,0
2025-08-27 19:45:00,1.38068,1.38073,1.37981,1.37982,639,1,0
2025-08-27 20:00:00,1.37982,1.38015,1.3792,1.37921,701,1,0
2025-08-27 20:15:00,1.37921,1.37933,1.37867,1.37903,573,1,0
2025-08-27 20:30:00,1.37903,1.37935,1.37877,1.37879,436,1,0
2025-08-27 20:45:00,1.37878,1.37891,1.37829,1.37849,541,1,0
2025-08-27 21:00:00,1.37849,1.37946,1.37846,1.37936,559,1,0
2025-08-27 21:15:00,1.37936,1.37951,1.37892,1.3789500000000001,464,1,0
2025-08-27 21:30:00,1.3789500000000001,1.37941,1.37874,1.37928,506,1,0
2025-08-27 21:45:00,1.37931,1.37962,1.3793,1.3796,480,1,0
2025-08-27 22:00:00,1.3796,1.37972,1.37921,1.37945,483,1,0
2025-08-27 22:15:00,1.37944,1.37953,1.37921,1.3792200000000001,326,1,0
2025-08-27 22:30:00,1.3792200000000001,1.3794,1.3791,1.37912,246,1,0
2025-08-27 22:45:00,1.37913,1.3792200000000001,1.3786100000000001,1.37881,413,1,0
2025-08-27 23:00:00,1.37881,1.37882,1.37852,1.37869,299,1,0
2025-08-27 23:15:00,1.37869,1.37917,1.37857,1.37907,389,1,0
2025-08-27 23:30:00,1.37908,1.3791,1.37835,1.37873,389,1,0
2025-08-27 23:45:00,1.37872,1.3792,1.37869,1.37919,294,7,0
2025-08-28 00:00:00,1.37889,1.37889,1.3777,1.37885,31,35,0
2025-08-28 00:15:00,1.37885,1.37885,1.37869,1.37878,48,35,0
2025-08-28 00:30:00,1.37878,1.37881,1.37862,1.37881,80,46,0
2025-08-28 00:45:00,1.37881,1.37883,1.3786800000000001,1.37882,133,37,0
2025-08-28 01:00:00,1.37882,1.379,1.37853,1.3786100000000001,407,1,0
2025-08-28 01:15:00,1.3786100000000001,1.37867,1.37849,1.3785,227,1,0
2025-08-28 01:30:00,1.3785,1.37853,1.3783400000000001,1.37835,139,1,0
2025-08-28 01:45:00,1.37835,1.37851,1.37835,1.37846,140,1,0
2025-08-28 02:00:00,1.37842,1.37847,1.37833,1.37843,316,1,0
2025-08-28 02:15:00,1.37843,1.37846,1.3783400000000001,1.3783699999999999,252,1,0
2025-08-28 02:30:00,1.3783699999999999,1.37842,1.37822,1.37827,320,1,0
2025-08-28 02:45:00,1.37827,1.37849,1.37809,1.37814,315,1,0
2025-08-28 03:00:00,1.37815,1.37827,1.37793,1.3782,555,1,0
2025-08-28 03:15:00,1.3782,1.37824,1.37791,1.37808,491,1,0
2025-08-28 03:30:00,1.37808,1.37823,1.37801,1.37801,467,1,0
2025-08-28 03:45:00,1.37801,1.3783699999999999,1.37791,1.37824,583,1,0
2025-08-28 04:00:00,1.37824,1.3783400000000001,1.37782,1.37786,509,1,0
2025-08-28 04:15:00,1.37786,1.37831,1.3778299999999999,1.37814,444,1,0
2025-08-28 04:30:00,1.37814,1.3783,1.37784,1.37805,656,1,0
2025-08-28 04:45:00,1.37805,1.37815,1.37796,1.3780700000000001,464,1,0
2025-08-28 05:00:00,1.3780700000000001,1.37817,1.37756,1.3778000000000001,506,1,0
2025-08-28 05:15:00,1.3778000000000001,1.37787,1.37764,1.37777,585,1,0
2025-08-28 05:30:00,1.37777,1.37785,1.3776,1.3777300000000001,589,1,0
2025-08-28 05:45:00,1.3777300000000001,1.37778,1.37725,1.37731,337,1,0
2025-08-28 06:00:00,1.37731,1.3774899999999999,1.37696,1.37714,447,1,0
2025-08-28 06:15:00,1.37714,1.3774899999999999,1.37702,1.3774199999999999,345,1,0
2025-08-28 06:30:00,1.3774199999999999,1.37766,1.3771900000000001,1.37762,414,1,0
2025-08-28 06:45:00,1.37762,1.37784,1.37759,1.37775,315,1,0
2025-08-28 07:00:00,1.37775,1.37801,1.37775,1.37792,406,1,0
2025-08-28 07:15:00,1.37792,1.37792,1.37774,1.3778299999999999,338,1,0
2025-08-28 07:30:00,1.3778299999999999,1.37811,1.37775,1.37809,377,1,0
2025-08-28 07:45:00,1.37809,1.37824,1.37808,1.37816,322,1,0
2025-08-28 08:00:00,1.37816,1.37827,1.37815,1.37822,266,1,0
2025-08-28 08:15:00,1.37822,1.37855,1.37822,1.3784,245,1,0
2025-08-28 08:30:00,1.3784,1.37882,1.3784,1.37876,421,1,0
2025-08-28 08:45:00,1.37876,1.37879,1.37815,1.3783,338,1,0
2025-08-28 09:00:00,1.3783,1.37842,1.3777599999999999,1.37786,586,1,0
2025-08-28 09:15:00,1.37786,1.3783400000000001,1.37781,1.37824,465,1,0
2025-08-28 09:30:00,1.37823,1.37854,1.37798,1.37827,489,1,0
2025-08-28 09:45:00,1.37827,1.37852,1.37825,1.37833,366,1,0
2025-08-28 10:00:00,1.37835,1.37875,1.37808,1.37853,522,1,0
2025-08-28 10:15:00,1.37852,1.3787099999999999,1.37817,1.3782,533,1,0
2025-08-28 10:30:00,1.3782,1.3786800000000001,1.3780999999999999,1.37823,463,1,0
2025-08-28 10:45:00,1.37823,1.37838,1.37775,1.37786,512,1,0
2025-08-28 11:00:00,1.37786,1.37848,1.3777599999999999,1.37823,597,1,0
2025-08-28 11:15:00,1.37824,1.37843,1.37804,1.37842,552,1,0
2025-08-28 11:30:00,1.37842,1.37855,1.37775,1.3778000000000001,572,1,0
2025-08-28 11:45:00,1.37779,1.3778000000000001,1.3774899999999999,1.37764,472,1,0
2025-08-28 12:00:00,1.37764,1.37768,1.3768799999999999,1.37716,515,1,0
2025-08-28 12:15:00,1.37716,1.3771900000000001,1.3768,1.37683,436,1,0
2025-08-28 12:30:00,1.37682,1.37729,1.3768099999999999,1.37729,324,1,0
2025-08-28 12:45:00,1.37729,1.3774899999999999,1.37696,1.3771499999999999,531,1,0
2025-08-28 13:00:00,1.3771499999999999,1.3774,1.37692,1.37694,358,1,0
2025-08-28 13:15:00,1.37694,1.37695,1.37636,1.37646,564,1,0
2025-08-28 13:30:00,1.37646,1.3766,1.37618,1.37641,537,1,0
2025-08-28 13:45:00,1.37641,1.37641,1.37614,1.3762400000000001,420,1,0
2025-08-28 14:00:00,1.37625,1.3765,1.37603,1.37633,602,1,0
2025-08-28 14:15:00,1.37634,1.37662,1.37625,1.37645,494,1,0
2025-08-28 14:30:00,1.37646,1.37662,1.37623,1.37662,466,1,0
2025-08-28 14:45:00,1.37663,1.37674,1.37612,1.37644,553,1,0
2025-08-28 15:00:00,1.37644,1.37649,1.3753,1.3755,704,1,0
2025-08-28 15:15:00,1.37551,1.37594,1.3752900000000001,1.37578,670,1,0
2025-08-28 15:30:00,1.3755600000000001,1.3768,1.37546,1.37578,1193,1,0
2025-08-28 15:45:00,1.37578,1.37635,1.37568,1.37607,1107,1,0
2025-08-28 16:00:00,1.37607,1.37689,1.37596,1.37644,1083,1,0
2025-08-28 16:15:00,1.37644,1.37694,1.37634,1.37675,786,1,0
2025-08-28 16:30:00,1.37674,1.3784399999999999,1.37669,1.37836,1242,1,0
2025-08-28 16:45:00,1.37836,1.37852,1.37622,1.3765399999999999,1587,1,0
2025-08-28 17:00:00,1.37649,1.37731,1.37634,1.3765800000000001,1337,1,0
2025-08-28 17:15:00,1.3765800000000001,1.37674,1.37595,1.3762699999999999,1025,1,0
2025-08-28 17:30:00,1.3762699999999999,1.37663,1.3755600000000001,1.37601,871,1,0
2025-08-28 17:45:00,1.37601,1.3768,1.37596,1.37659,979,1,0
2025-08-28 18:00:00,1.37659,1.37683,1.37641,1.37644,861,1,0
2025-08-28 18:15:00,1.37644,1.3765399999999999,1.37604,1.37619,672,1,0
2025-08-28 18:30:00,1.37619,1.3762400000000001,1.37551,1.37577,644,1,0
2025-08-28 18:45:00,1.37577,1.37579,1.37509,1.37518,545,1,0
2025-08-28 19:00:00,1.37518,1.37535,1.3747,1.37511,518,1,0
2025-08-28 19:15:00,1.37511,1.3753,1.37492,1.37497,446,1,0
2025-08-28 19:30:00,1.37497,1.37497,1.37465,1.37493,469,1,0
2025-08-28 19:45:00,1.37493,1.37513,1.37462,1.37479,503,1,0
2025-08-28 20:00:00,1.37479,1.3750499999999999,1.3745,1.3746,505,1,0
2025-08-28 20:15:00,1.3746,1.37474,1.37431,1.3746399999999999,422,1,0
2025-08-28 20:30:00,1.3746399999999999,1.37487,1.3744100000000001,1.37467,266,1,0
2025-08-28 20:45:00,1.37467,1.3747,1.37445,1.3746399999999999,331,1,0
2025-08-28 21:00:00,1.3746399999999999,1.37482,1.37454,1.3747500000000001,359,1,0
2025-08-28 21:15:00,1.3747500000000001,1.37482,1.37425,1.37428,350,1,0
2025-08-28 21:30:00,1.37428,1.37436,1.37412,1.37425,258,1,0
2025-08-28 21:45:00,1.37424,1.3746399999999999,1.37419,1.3746399999999999,406,1,0
2025-08-28 22:00:00,1.3746399999999999,1.37514,1.37457,1.37492,364,1,0
2025-08-28 22:15:00,1.37492,1.3750499999999999,1.3748,1.37501,325,1,0
2025-08-28 22:30:00,1.37501,1.3753199999999999,1.37501,1.37522,212,1,0
2025-08-28 22:45:00,1.37522,1.37546,1.37506,1.37542,466,1,0
2025-08-28 23:00:00,1.37542,1.37548,1.37511,1.37523,298,1,0
2025-08-28 23:15:00,1.37523,1.37564,1.37512,1.37561,170,1,0
2025-08-28 23:30:00,1.37555,1.3755600000000001,1.3749799999999999,1.37507,375,1,0
2025-08-28 23:45:00,1.37509,1.37509,1.37463,1.37489,347,7,0
2025-08-29 00:00:00,1.37484,1.37484,1.3735,1.37457,31,15,0
2025-08-29 00:15:00,1.37457,1.3747,1.3743699999999999,1.37467,112,42,0
2025-08-29 00:30:00,1.37467,1.375,1.37457,1.37491,122,35,0
2025-08-29 00:45:00,1.37491,1.37506,1.37456,1.3750200000000001,266,37,0
2025-08-29 01:00:00,1.3750499999999999,1.37541,1.37436,1.3752,372,1,0
2025-08-29 01:15:00,1.3752,1.3752,1.37504,1.37515,275,1,0
2025-08-29 01:30:00,1.37515,1.37538,1.37511,1.3752900000000001,193,1,0
2025-08-29 01:45:00,1.3752900000000001,1.37531,1.37512,1.37514,127,1,0
2025-08-29 02:00:00,1.37514,1.37519,1.3750200000000001,1.37513,233,1,0
2025-08-29 02:15:00,1.37513,1.37513,1.3749500000000001,1.3750499999999999,184,1,0
2025-08-29 02:30:00,1.3750499999999999,1.37515,1.37499,1.37504,234,1,0
2025-08-29 02:45:00,1.37504,1.37526,1.3749799999999999,1.37521,289,1,0
2025-08-29 03:00:00,1.37521,1.37521,1.37467,1.3747,559,1,0
2025-08-29 03:15:00,1.3747,1.37497,1.37466,1.37481,349,1,0
2025-08-29 03:30:00,1.37481,1.37514,1.37477,1.37499,340,1,0
2025-08-29 03:45:00,1.37499,1.37519,1.37463,1.3746399999999999,608,1,0
2025-08-29 04:00:00,1.3746399999999999,1.37497,1.3745,1.37465,589,1,0
2025-08-29 04:15:00,1.37465,1.37555,1.37459,1.37542,798,1,0
2025-08-29 04:30:00,1.37542,1.3755,1.37473,1.3747500000000001,789,1,0
2025-08-29 04:45:00,1.3747500000000001,1.37528,1.3747099999999999,1.37507,771,1,0
2025-08-29 05:00:00,1.37507,1.37512,1.37482,1.37509,699,1,0
2025-08-29 05:15:00,1.37509,1.37526,1.37501,1.37514,647,1,0
2025-08-29 05:30:00,1.37514,1.37535,1.37503,1.3752499999999999,445,1,0
2025-08-29 05:45:00,1.3752499999999999,1.37549,1.37508,1.37544,503,1,0
2025-08-29 06:00:00,1.37544,1.3756,1.37531,1.3755899999999999,426,1,0
2025-08-29 06:15:00,1.3755899999999999,1.3757,1.37551,1.3756599999999999,408,1,0
2025-08-29 06:30:00,1.3756599999999999,1.37573,1.37544,1.37549,305,1,0
2025-08-29 06:45:00,1.37549,1.37551,1.3753,1.37544,281,1,0
2025-08-29 07:00:00,1.37545,1.37561,1.37535,1.3755899999999999,371,1,0
2025-08-29 07:15:00,1.3755899999999999,1.3756300000000001,1.37542,1.37545,334,1,0
2025-08-29 07:30:00,1.37545,1.37552,1.37522,1.3752499999999999,309,1,0
2025-08-29 07:45:00,1.3752499999999999,1.37535,1.37514,1.3752900000000001,313,1,0
2025-08-29 08:00:00,1.37528,1.37544,1.37517,1.37534,330,1,0
2025-08-29 08:15:00,1.37535,1.37561,1.3753199999999999,1.3755600000000001,410,1,0
2025-08-29 08:30:00,1.3755600000000001,1.3755899999999999,1.37538,1.37539,246,1,0
2025-08-29 08:45:00,1.37539,1.3755,1.37526,1.37535,498,1,0
2025-08-29 09:00:00,1.37535,1.37535,1.37496,1.3750200000000001,443,1,0
2025-08-29 09:15:00,1.3750200000000001,1.37535,1.37501,1.3753,570,1,0
2025-08-29 09:30:00,1.3753,1.37555,1.37522,1.37533,339,1,0
2025-08-29 09:45:00,1.37534,1.37575,1.37533,1.3755,465,1,0
2025-08-29 10:00:00,1.37552,1.3755600000000001,1.37491,1.37506,482,1,0
2025-08-29 10:15:00,1.37506,1.37541,1.37503,1.37531,421,1,0
2025-08-29 10:30:00,1.37531,1.3755,1.37496,1.375,524,1,0
2025-08-29 10:45:00,1.375,1.3750200000000001,1.37404,1.3740999999999999,510,1,0
2025-08-29 11:00:00,1.37409,1.37447,1.37392,1.37409,517,1,0
2025-08-29 11:15:00,1.37409,1.3745,1.37408,1.37419,391,1,0
2025-08-29 11:30:00,1.37419,1.37439,1.37394,1.37395,545,1,0
2025-08-29 11:45:00,1.37395,1.37422,1.37374,1.37408,490,1,0
2025-08-29 12:00:00,1.37408,1.37472,1.374,1.37457,436,1,0
2025-08-29 12:15:00,1.37457,1.37506,1.37422,1.37506,424,1,0
2025-08-29 12:30:00,1.37506,1.3756,1.3750200000000001,1.37541,476,1,0
2025-08-29 12:45:00,1.37541,1.37565,1.37527,1.37557,457,1,0
2025-08-29 13:00:00,1.37557,1.37574,1.37537,1.37561,497,1,0
2025-08-29 13:15:00,1.37561,1.3757,1.37522,1.37531,401,1,0
2025-08-29 13:30:00,1.3753,1.37557,1.37517,1.3753,363,1,0
2025-08-29 13:45:00,1.3752900000000001,1.3753,1.37496,1.37503,391,1,0
2025-08-29 14:00:00,1.37503,1.3753199999999999,1.37494,1.37512,432,1,0
2025-08-29 14:15:00,1.37512,1.37513,1.37482,1.37494,465,1,0
2025-08-29 14:30:00,1.37494,1.37538,1.37489,1.37504,300,1,0
2025-08-29 14:45:00,1.37504,1.37523,1.3749,1.37518,349,1,0
2025-08-29 15:00:00,1.37518,1.37558,1.37493,1.37509,410,1,0
2025-08-29 15:15:00,1.37509,1.37561,1.3749500000000001,1.3753199999999999,564,1,0
2025-08-29 15:30:00,1.37526,1.37791,1.37489,1.37735,1502,1,0
2025-08-29 15:45:00,1.37735,1.37769,1.37694,1.37704,1051,1,0
2025-08-29 16:00:00,1.37703,1.37793,1.37657,1.37757,818,1,0
2025-08-29 16:15:00,1.37755,1.37765,1.3772199999999999,1.37723,800,1,0
2025-08-29 16:30:00,1.3772199999999999,1.37744,1.37573,1.37579,946,1,0
2025-08-29 16:45:00,1.37579,1.37641,1.37557,1.37601,1239,1,0
2025-08-29 17:00:00,1.37594,1.37621,1.37435,1.3747500000000001,1354,1,0
2025-08-29 17:15:00,1.3747500000000001,1.37485,1.37334,1.37343,1183,1,0
2025-08-29 17:30:00,1.37343,1.3737300000000001,1.37313,1.37361,1027,1,0
2025-08-29 17:45:00,1.37357,1.3743,1.37277,1.37295,1280,1,0
2025-08-29 18:00:00,1.37298,1.37386,1.37275,1.3738000000000001,1252,1,0
2025-08-29 18:15:00,1.3738000000000001,1.37404,1.37356,1.37381,814,1,0
2025-08-29 18:30:00,1.37381,1.37382,1.37279,1.37298,568,1,0
2025-08-29 18:45:00,1.37298,1.37325,1.37272,1.3728500000000001,615,1,0
2025-08-29 19:00:00,1.3728500000000001,1.37336,1.37269,1.37329,648,1,0
2025-08-29 19:15:00,1.37329,1.37338,1.37279,1.37329,501,1,0
2025-08-29 19:30:00,1.37329,1.37353,1.37318,1.3734600000000001,499,1,0
2025-08-29 19:45:00,1.3734600000000001,1.37357,1.37313,1.37318,471,1,0
2025-08-29 20:00:00,1.37318,1.37358,1.37318,1.37353,459,1,0
2025-08-29 20:15:00,1.37353,1.37368,1.37335,1.37354,358,1,0
2025-08-29 20:30:00,1.37351,1.37354,1.37323,1.37336,381,1,0
2025-08-29 20:45:00,1.37336,1.3734899999999999,1.3732199999999999,1.37337,353,1,0
2025-08-29 21:00:00,1.37335,1.37354,1.37309,1.37344,358,1,0
2025-08-29 21:15:00,1.37344,1.3737300000000001,1.37335,1.37372,417,1,0
2025-08-29 21:30:00,1.37372,1.3737300000000001,1.37326,1.37344,298,1,0
2025-08-29 21:45:00,1.37344,1.37347,1.37275,1.37279,361,1,0
2025-08-29 22:00:00,1.37279,1.3734899999999999,1.3727800000000001,1.3734600000000001,381,1,0
2025-08-29 22:15:00,1.3734600000000001,1.37375,1.3734,1.37341,332,1,0
2025-08-29 22:30:00,1.37341,1.37341,1.37276,1.3728,299,1,0
2025-08-29 22:45:00,1.3728,1.3734,1.3727800000000001,1.37337,509,1,0
2025-08-29 23:00:00,1.37336,1.3739,1.37314,1.3737,320,1,0
2025-08-29 23:15:00,1.3737,1.37419,1.37367,1.37411,244,1,0
2025-08-29 23:30:00,1.37411,1.3746800000000001,1.37366,1.37366,297,1,0
2025-08-29 23:45:00,1.37366,1.37413,1.37325,1.37338,295,15,0
2025-09-01 00:00:00,1.37221,1.37308,1.37221,1.37307,77,145,0
2025-09-01 00:15:00,1.37307,1.37311,1.3729,1.3729,68,142,0
2025-09-01 00:30:00,1.37284,1.37356,1.3728,1.37339,196,71,0
2025-09-01 00:45:00,1.37339,1.37365,1.37334,1.3734899999999999,159,74,0
2025-09-01 01:00:00,1.3734899999999999,1.37415,1.37337,1.37401,367,1,0
2025-09-01 01:15:00,1.374,1.37423,1.37395,1.37423,169,1,0
2025-09-01 01:30:00,1.37422,1.37433,1.3740999999999999,1.37413,222,1,0
2025-09-01 01:45:00,1.37413,1.3742,1.37404,1.37409,225,1,0
2025-09-01 02:00:00,1.37408,1.37408,1.3738299999999999,1.37393,315,1,0
2025-09-01 02:15:00,1.37393,1.37404,1.37385,1.37396,258,1,0
2025-09-01 02:30:00,1.37397,1.37409,1.37389,1.37405,249,1,0
2025-09-01 02:45:00,1.37405,1.37414,1.37389,1.37393,326,1,0
2025-09-01 03:00:00,1.37392,1.37394,1.37358,1.3737,443,1,0
2025-09-01 03:15:00,1.3737,1.3739,1.37358,1.37381,323,1,0
2025-09-01 03:30:00,1.3738000000000001,1.37382,1.37352,1.37355,292,1,0
2025-09-01 03:45:00,1.37355,1.3737,1.37347,1.37361,442,1,0
2025-09-01 04:00:00,1.37361,1.37409,1.37356,1.37395,449,1,0
2025-09-01 04:15:00,1.37395,1.37435,1.37392,1.37426,479,1,0
2025-09-01 04:30:00,1.37426,1.37451,1.37416,1.37422,578,1,0
2025-09-01 04:45:00,1.37421,1.37429,1.3739,1.374,628,1,0
2025-09-01 05:00:00,1.37399,1.37401,1.37355,1.37385,603,1,0
2025-09-01 05:15:00,1.37385,1.37414,1.37368,1.3737,587,1,0
2025-09-01 05:30:00,1.37371,1.3737300000000001,1.37337,1.37352,746,1,0
2025-09-01 05:45:00,1.37352,1.37382,1.37327,1.37336,639,1,0
2025-09-01 06:00:00,1.37336,1.37372,1.37329,1.3734600000000001,574,1,0
2025-09-01 06:15:00,1.37345,1.37382,1.37343,1.37372,366,1,0
2025-09-01 06:30:00,1.37372,1.37378,1.3736,1.3737,303,1,0
2025-09-01 06:45:00,1.3737,1.37382,1.37357,1.3736,366,1,0
2025-09-01 07:00:00,1.3736,1.37375,1.37356,1.37369,307,1,0
2025-09-01 07:15:00,1.3737,1.37381,1.37356,1.37379,231,1,0
2025-09-01 07:30:00,1.37379,1.37399,1.37374,1.3737599999999999,235,1,0
2025-09-01 07:45:00,1.3737599999999999,1.37387,1.37368,1.37382,177,1,0
2025-09-01 08:00:00,1.37385,1.37388,1.37361,1.37364,289,1,0
2025-09-01 08:15:00,1.37364,1.37382,1.37358,1.3737,317,1,0
2025-09-01 08:30:00,1.3737,1.37382,1.3734199999999999,1.37362,392,1,0
2025-09-01 08:45:00,1.37362,1.37379,1.37359,1.37375,406,1,0
2025-09-01 09:00:00,1.3737599999999999,1.37439,1.37371,1.3743699999999999,749,1,0
2025-09-01 09:15:00,1.3743699999999999,1.37474,1.3742,1.37449,506,1,0
2025-09-01 09:30:00,1.37447,1.37447,1.37416,1.37435,493,1,0
2025-09-01 09:45:00,1.37435,1.37497,1.37429,1.37479,463,1,0
2025-09-01 10:00:00,1.37479,1.3752499999999999,1.3747,1.37516,654,1,0
2025-09-01 10:15:00,1.37515,1.37526,1.37485,1.37487,547,1,0
2025-09-01 10:30:00,1.37487,1.37527,1.37484,1.37521,470,1,0
2025-09-01 10:45:00,1.37521,1.37521,1.3747500000000001,1.37477,473,1,0
2025-09-01 11:00:00,1.37476,1.37508,1.3746800000000001,1.37485,473,1,0
2025-09-01 11:15:00,1.37484,1.37492,1.37447,1.37455,474,1,0
2025-09-01 11:30:00,1.37456,1.37472,1.37427,1.37429,342,1,0
2025-09-01 11:45:00,1.37429,1.37431,1.3738299999999999,1.37397,543,1,0
2025-09-01 12:00:00,1.37397,1.37408,1.37371,1.37393,592,1,0
2025-09-01 12:15:00,1.37393,1.37396,1.37369,1.37377,394,1,0
2025-09-01 12:30:00,1.37377,1.37391,1.3737,1.37388,367,1,0
2025-09-01 12:45:00,1.37388,1.37401,1.37375,1.37392,340,1,0
2025-09-01 13:00:00,1.37392,1.37402,1.3737300000000001,1.37375,272,1,0
2025-09-01 13:15:00,1.37375,1.37389,1.37347,1.37353,283,1,0
2025-09-01 13:30:00,1.37353,1.37365,1.37339,1.37365,178,1,0
2025-09-01 13:45:00,1.37365,1.37395,1.37364,1.37395,329,1,0
2025-09-01 14:00:00,1.37394,1.37395,1.37365,1.37381,387,1,0
2025-09-01 14:15:00,1.37382,1.37409,1.3737300000000001,1.37374,351,1,0
2025-09-01 14:30:00,1.37374,1.37422,1.37363,1.37412,396,1,0
2025-09-01 14:45:00,1.37412,1.37423,1.37402,1.3742,298,1,0
2025-09-01 15:00:00,1.3742,1.37489,1.37411,1.37486,479,1,0
2025-09-01 15:15:00,1.37486,1.37501,1.3747500000000001,1.37488,516,1,0
2025-09-01 15:30:00,1.37486,1.37516,1.3746800000000001,1.37512,490,1,0
2025-09-01 15:45:00,1.37511,1.3752499999999999,1.3750499999999999,1.3752499999999999,514,1,0
2025-09-01 16:00:00,1.37524,1.37528,1.3746399999999999,1.3747500000000001,653,1,0
2025-09-01 16:15:00,1.3747500000000001,1.3749500000000001,1.37465,1.3748,563,1,0
2025-09-01 16:30:00,1.37481,1.37484,1.37448,1.3745,551,1,0
2025-09-01 16:45:00,1.3745,1.37515,1.3744399999999999,1.37486,505,1,0
2025-09-01 17:00:00,1.3749,1.3750200000000001,1.37438,1.37446,544,1,0
2025-09-01 17:15:00,1.37446,1.37477,1.3743699999999999,1.3746,471,1,0
2025-09-01 17:30:00,1.3746,1.37482,1.37452,1.37472,460,1,0
2025-09-01 17:45:00,1.37472,1.37507,1.37467,1.37483,559,1,0
2025-09-01 18:00:00,1.37485,1.37573,1.37483,1.37562,602,1,0
2025-09-01 18:15:00,1.37562,1.376,1.3756,1.37571,415,1,0
2025-09-01 18:30:00,1.37571,1.37621,1.37568,1.37611,336,1,0
2025-09-01 18:45:00,1.37611,1.37619,1.37562,1.37571,323,1,0
2025-09-01 19:00:00,1.37571,1.37604,1.37569,1.3759000000000001,322,1,0
2025-09-01 19:15:00,1.3759000000000001,1.37602,1.37553,1.3756,258,1,0
2025-09-01 19:30:00,1.3756,1.37562,1.3754,1.37554,212,1,0
2025-09-01 19:45:00,1.37555,1.37555,1.37534,1.37549,150,1,0
2025-09-01 20:00:00,1.37549,1.3756599999999999,1.37547,1.3756599999999999,108,1,0
2025-09-01 20:15:00,1.3756599999999999,1.37569,1.3756300000000001,1.37565,86,1,0
2025-09-01 20:30:00,1.37564,1.3756599999999999,1.3755,1.3755600000000001,89,1,0
2025-09-01 20:45:00,1.3755600000000001,1.37564,1.37551,1.37553,97,1,0
2025-09-01 21:00:00,1.37553,1.3755899999999999,1.37542,1.37544,114,1,0
2025-09-01 21:15:00,1.37544,1.37546,1.37533,1.37535,94,1,0
2025-09-01 21:30:00,1.37535,1.37538,1.3753,1.37531,91,1,0
2025-09-01 21:45:00,1.37531,1.3753600000000001,1.37524,1.37524,153,1,0
2025-09-01 22:00:00,1.37523,1.3752499999999999,1.37511,1.37515,108,1,0
2025-09-01 22:15:00,1.37515,1.37528,1.37512,1.37517,97,1,0
2025-09-01 22:30:00,1.37517,1.37519,1.37503,1.37503,82,1,0
2025-09-01 22:45:00,1.37503,1.37509,1.375,1.37506,140,1,0
2025-09-01 23:00:00,1.37507,1.37509,1.3749799999999999,1.37507,97,1,0
2025-09-01 23:15:00,1.37507,1.37515,1.37496,1.37499,107,1,0
2025-09-01 23:30:00,1.37499,1.37503,1.37493,1.37499,158,1,0
2025-09-01 23:45:00,1.37499,1.3750200000000001,1.37491,1.37499,182,9,0
2025-09-02 00:00:00,1.3749500000000001,1.37497,1.37429,1.37482,35,35,0
2025-09-02 00:15:00,1.37482,1.37484,1.3746399999999999,1.37469,106,35,0
2025-09-02 00:30:00,1.3746800000000001,1.37493,1.37402,1.37492,250,35,0
2025-09-02 00:45:00,1.37492,1.37494,1.37448,1.3745,190,44,0
2025-09-02 01:00:00,1.3745,1.3753600000000001,1.3744,1.37528,185,1,0
2025-09-02 01:15:00,1.37528,1.3753199999999999,1.37524,1.3753,172,1,0
2025-09-02 01:30:00,1.3753,1.37535,1.37522,1.37526,97,1,0
2025-09-02 01:45:00,1.37526,1.37527,1.37517,1.37519,113,1,0
2025-09-02 02:00:00,1.37518,1.37528,1.37514,1.37526,194,1,0
2025-09-02 02:15:00,1.37526,1.37528,1.37504,1.37514,226,1,0
2025-09-02 02:30:00,1.37514,1.37514,1.37487,1.37496,211,1,0
2025-09-02 02:45:00,1.37496,1.37496,1.3747,1.37486,316,1,0
2025-09-02 03:00:00,1.37487,1.3752499999999999,1.37466,1.37521,795,1,0
2025-09-02 03:15:00,1.37521,1.3752499999999999,1.3748,1.37488,650,1,0
2025-09-02 03:30:00,1.37489,1.37496,1.37459,1.37469,537,1,0
2025-09-02 03:45:00,1.3747,1.37491,1.37462,1.3748,550,1,0
2025-09-02 04:00:00,1.37481,1.37512,1.37467,1.37479,656,1,0
2025-09-02 04:15:00,1.37479,1.37503,1.37459,1.37476,557,1,0
2025-09-02 04:30:00,1.37476,1.37515,1.37463,1.37499,926,1,0
2025-09-02 04:45:00,1.3749799999999999,1.37515,1.37482,1.3750200000000001,512,1,0
2025-09-02 05:00:00,1.37501,1.37557,1.3749799999999999,1.37552,682,1,0
2025-09-02 05:15:00,1.37552,1.37568,1.37533,1.37554,555,1,0
2025-09-02 05:30:00,1.37554,1.37562,1.37535,1.3753600000000001,357,1,0
2025-09-02 05:45:00,1.3753600000000001,1.37555,1.3753199999999999,1.37543,349,1,0
2025-09-02 06:00:00,1.37543,1.37547,1.37524,1.37534,488,1,0
2025-09-02 06:15:00,1.37533,1.37542,1.37524,1.3754,415,1,0
2025-09-02 06:30:00,1.3754,1.37565,1.37539,1.37554,383,1,0
2025-09-02 06:45:00,1.37554,1.3756599999999999,1.37545,1.37547,331,1,0
2025-09-02 07:00:00,1.37547,1.37583,1.37538,1.37582,350,1,0
2025-09-02 07:15:00,1.37582,1.37583,1.37568,1.37578,346,1,0
2025-09-02 07:30:00,1.37578,1.37594,1.37578,1.37578,403,1,0
2025-09-02 07:45:00,1.37578,1.37586,1.37569,1.37578,333,1,0
2025-09-02 08:00:00,1.37578,1.3758,1.37562,1.37576,530,1,0
2025-09-02 08:15:00,1.37576,1.3759299999999999,1.37574,1.37587,304,1,0
2025-09-02 08:30:00,1.37588,1.37592,1.37565,1.37573,496,1,0
2025-09-02 08:45:00,1.37571,1.3758,1.37553,1.37558,521,1,0
2025-09-02 09:00:00,1.37557,1.37557,1.37504,1.3753600000000001,554,1,0
2025-09-02 09:15:00,1.3753600000000001,1.37537,1.37493,1.37508,483,1,0
2025-09-02 09:30:00,1.37508,1.37518,1.37476,1.37497,468,1,0
2025-09-02 09:45:00,1.37497,1.375,1.3746399999999999,1.37467,345,1,0
2025-09-02 10:00:00,1.37465,1.37573,1.37456,1.37573,682,1,0
2025-09-02 10:15:00,1.37573,1.37693,1.37535,1.37689,1127,1,0
2025-09-02 10:30:00,1.37689,1.3773900000000001,1.37668,1.37684,1103,1,0
2025-09-02 10:45:00,1.37684,1.37797,1.37656,1.37774,1052,1,0
2025-09-02 11:00:00,1.37771,1.37838,1.37757,1.37768,957,1,0
2025-09-02 11:15:00,1.37767,1.37768,1.37708,1.37733,791,1,0
2025-09-02 11:30:00,1.37735,1.37751,1.37682,1.37708,653,1,0
2025-09-02 11:45:00,1.37709,1.3773,1.37675,1.37698,528,1,0
2025-09-02 12:00:00,1.37698,1.37789,1.37669,1.37754,800,1,0
2025-09-02 12:15:00,1.37754,1.3778299999999999,1.37734,1.37758,689,1,0
2025-09-02 12:30:00,1.37758,1.3777300000000001,1.37725,1.37738,577,1,0
2025-09-02 12:45:00,1.37738,1.37775,1.37735,1.37752,533,1,0
2025-09-02 13:00:00,1.37753,1.37772,1.37732,1.37744,613,1,0
2025-09-02 13:15:00,1.37744,1.3779,1.37738,1.37777,544,1,0
2025-09-02 13:30:00,1.37777,1.3778000000000001,1.37732,1.37754,586,1,0
2025-09-02 13:45:00,1.37754,1.37771,1.37731,1.37743,625,1,0
2025-09-02 14:00:00,1.37743,1.37815,1.37705,1.37811,821,1,0
2025-09-02 14:15:00,1.37811,1.37934,1.37796,1.3793199999999999,730,1,0
2025-09-02 14:30:00,1.3793199999999999,1.3795899999999999,1.3789500000000001,1.37921,677,1,0
2025-09-02 14:45:00,1.37921,1.37934,1.37867,1.37885,627,1,0
2025-09-02 15:00:00,1.37884,1.37913,1.37842,1.37904,879,1,0
2025-09-02 15:15:00,1.37904,1.38031,1.37886,1.38031,993,1,0
2025-09-02 15:30:00,1.38035,1.38102,1.37992,1.38079,1033,1,0
2025-09-02 15:45:00,1.38079,1.3815,1.3807,1.38089,945,1,0
2025-09-02 16:00:00,1.38087,1.38099,1.37979,1.37982,924,1,0
2025-09-02 16:15:00,1.37982,1.38028,1.37961,1.3801999999999999,922,1,0
2025-09-02 16:30:00,1.38018,1.38084,1.37916,1.3792499999999999,1418,1,0
2025-09-02 16:45:00,1.37924,1.37988,1.37872,1.37873,1399,1,0
2025-09-02 17:00:00,1.37873,1.37889,1.37778,1.3784,1716,1,0
2025-09-02 17:15:00,1.3784,1.37903,1.37797,1.3789,1265,1,0
2025-09-02 17:30:00,1.37889,1.37917,1.37846,1.37912,1217,1,0
2025-09-02 17:45:00,1.37911,1.37955,1.37874,1.37944,1287,1,0
2025-09-02 18:00:00,1.37944,1.38003,1.37897,1.37989,1166,1,0
2025-09-02 18:15:00,1.37988,1.3799000000000001,1.37903,1.3790499999999999,850,1,0
2025-09-02 18:30:00,1.37906,1.37952,1.37859,1.3786399999999999,729,1,0
2025-09-02 18:45:00,1.3786100000000001,1.37876,1.3784,1.37853,684,1,0
2025-09-02 19:00:00,1.37853,1.37901,1.3784100000000001,1.3784399999999999,656,1,0
2025-09-02 19:15:00,1.37845,1.37889,1.37843,1.3786399999999999,599,1,0
2025-09-02 19:30:00,1.3786399999999999,1.3786399999999999,1.37789,1.3780999999999999,505,1,0
2025-09-02 19:45:00,1.37809,1.37809,1.37733,1.37735,671,1,0
2025-09-02 20:00:00,1.37736,1.37806,1.37723,1.37753,513,1,0
2025-09-02 20:15:00,1.37753,1.37788,1.37753,1.37772,413,1,0
2025-09-02 20:30:00,1.37771,1.37798,1.3774600000000001,1.37767,451,1,0
2025-09-02 20:45:00,1.37767,1.37795,1.37762,1.37792,536,1,0
2025-09-02 21:00:00,1.37793,1.37866,1.37784,1.3786399999999999,615,1,0
2025-09-02 21:15:00,1.3786399999999999,1.37897,1.37857,1.37879,472,1,0
2025-09-02 21:30:00,1.37879,1.37907,1.3786800000000001,1.37884,418,1,0
2025-09-02 21:45:00,1.37885,1.37924,1.3786100000000001,1.3786100000000001,560,1,0
2025-09-02 22:00:00,1.3786,1.37879,1.37838,1.3787,507,1,0
2025-09-02 22:15:00,1.3787,1.37882,1.37855,1.37869,419,1,0
2025-09-02 22:30:00,1.37869,1.37876,1.37813,1.37813,350,1,0
2025-09-02 22:45:00,1.37813,1.37857,1.3778000000000001,1.37852,563,1,0
2025-09-02 23:00:00,1.37851,1.3786,1.37769,1.37785,403,1,0
2025-09-02 23:15:00,1.37785,1.37817,1.37764,1.37795,318,1,0
2025-09-02 23:30:00,1.37794,1.37842,1.37772,1.37828,283,1,0
2025-09-02 23:45:00,1.37831,1.3783699999999999,1.37788,1.3782,274,7,0
2025-09-03 00:00:00,1.37809,1.37809,1.37698,1.37777,28,26,0
2025-09-03 00:15:00,1.37777,1.37791,1.37763,1.37781,189,49,0
2025-09-03 00:30:00,1.37781,1.37799,1.3777300000000001,1.37797,158,35,0
2025-09-03 00:45:00,1.37797,1.3782,1.3779,1.37797,206,35,0
2025-09-03 01:00:00,1.3780299999999999,1.3783699999999999,1.37795,1.3783400000000001,250,1,0
2025-09-03 01:15:00,1.37835,1.37838,1.37817,1.37823,222,1,0
2025-09-03 01:30:00,1.37823,1.37832,1.37814,1.3783,135,1,0
2025-09-03 01:45:00,1.3783,1.37848,1.37824,1.37843,139,1,0
2025-09-03 02:00:00,1.37843,1.37854,1.37836,1.37854,229,1,0
2025-09-03 02:15:00,1.37854,1.37856,1.3784399999999999,1.37849,141,1,0
2025-09-03 02:30:00,1.37849,1.37854,1.37842,1.37851,186,1,0
2025-09-03 02:45:00,1.37851,1.37855,1.3784,1.37849,281,1,0
2025-09-03 03:00:00,1.3785,1.37897,1.37843,1.37892,488,1,0
2025-09-03 03:15:00,1.37892,1.3789799999999999,1.37881,1.3789500000000001,352,1,0
2025-09-03 03:30:00,1.3789500000000001,1.37918,1.37888,1.37907,428,1,0
2025-09-03 03:45:00,1.37907,1.37924,1.3789799999999999,1.3790499999999999,588,1,0
2025-09-03 04:00:00,1.3790499999999999,1.37915,1.37878,1.3789,662,1,0
2025-09-03 04:15:00,1.3789,1.37918,1.37887,1.37897,541,1,0
2025-09-03 04:30:00,1.37896,1.37896,1.37848,1.37877,817,1,0
2025-09-03 04:45:00,1.37877,1.37899,1.37862,1.37876,771,1,0
2025-09-03 05:00:00,1.37874,1.37888,1.37855,1.37873,544,1,0
2025-09-03 05:15:00,1.37874,1.37878,1.37838,1.3786800000000001,621,1,0
2025-09-03 05:30:00,1.3786800000000001,1.3792499999999999,1.3786399999999999,1.37911,606,1,0
2025-09-03 05:45:00,1.37911,1.3792,1.3789799999999999,1.3791,462,1,0
2025-09-03 06:00:00,1.3791,1.37926,1.37896,1.37917,483,1,0
2025-09-03 06:15:00,1.37916,1.37955,1.37916,1.37946,450,1,0
2025-09-03 06:30:00,1.37946,1.37953,1.37928,1.37943,464,1,0
2025-09-03 06:45:00,1.37943,1.3796300000000001,1.37935,1.37958,331,1,0
2025-09-03 07:00:00,1.3795899999999999,1.37969,1.3793199999999999,1.37936,366,1,0
2025-09-03 07:15:00,1.37936,1.37949,1.37927,1.37933,377,1,0
2025-09-03 07:30:00,1.37933,1.37937,1.3792,1.3793,269,1,0
2025-09-03 07:45:00,1.3793,1.37946,1.37919,1.3792200000000001,255,1,0
2025-09-03 08:00:00,1.3792200000000001,1.37948,1.3792,1.37935,350,1,0
2025-09-03 08:15:00,1.37935,1.37946,1.37923,1.37946,350,1,0
2025-09-03 08:30:00,1.37946,1.3798300000000001,1.37939,1.3798,325,1,0
2025-09-03 08:45:00,1.3798,1.38004,1.37973,1.37979,476,1,0
2025-09-03 09:00:00,1.37979,1.37987,1.37944,1.37965,729,1,0
2025-09-03 09:15:00,1.3796599999999999,1.37988,1.37945,1.3795,632,1,0
2025-09-03 09:30:00,1.3795,1.3795,1.37916,1.3792,594,1,0
2025-09-03 09:45:00,1.37919,1.38,1.37919,1.3796599999999999,536,1,0
2025-09-03 10:00:00,1.37965,1.3797,1.37933,1.3795600000000001,572,1,0
2025-09-03 10:15:00,1.3795600000000001,1.3807800000000001,1.3795,1.38033,1009,1,0
2025-09-03 10:30:00,1.38033,1.3804,1.37988,1.38033,800,1,0
2025-09-03 10:45:00,1.38033,1.38033,1.37973,1.37976,757,1,0
2025-09-03 11:00:00,1.37976,1.3798,1.37894,1.3792499999999999,768,1,0
2025-09-03 11:15:00,1.3792499999999999,1.37954,1.37881,1.3795,688,1,0
2025-09-03 11:30:00,1.3795,1.38058,1.3795,1.38035,616,1,0
2025-09-03 11:45:00,1.38035,1.38052,1.37998,1.38011,675,1,0
2025-09-03 12:00:00,1.38012,1.38014,1.3796300000000001,1.37996,665,1,0
2025-09-03 12:15:00,1.37996,1.38008,1.3797,1.37985,616,1,0
2025-09-03 12:30:00,1.37985,1.38001,1.37947,1.37961,733,1,0
2025-09-03 12:45:00,1.3795899999999999,1.37987,1.37937,1.37978,631,1,0
2025-09-03 13:00:00,1.3798,1.3798,1.37945,1.37957,570,1,0
2025-09-03 13:15:00,1.37957,1.37977,1.37944,1.37975,415,1,0
2025-09-03 13:30:00,1.37975,1.38052,1.37972,1.3805100000000001,598,1,0
2025-09-03 13:45:00,1.3805100000000001,1.38057,1.37995,1.37997,462,1,0
2025-09-03 14:00:00,1.37997,1.38008,1.37974,1.37991,573,1,0
2025-09-03 14:15:00,1.37992,1.37999,1.37969,1.37994,390,1,0
2025-09-03 14:30:00,1.37994,1.38008,1.37971,1.38005,417,1,0
2025-09-03 14:45:00,1.38005,1.38014,1.3796300000000001,1.3798300000000001,422,1,0
2025-09-03 15:00:00,1.3798300000000001,1.38005,1.37962,1.37992,437,1,0
2025-09-03 15:15:00,1.37992,1.3802400000000001,1.37968,1.37992,545,1,0
2025-09-03 15:30:00,1.37991,1.38048,1.3796300000000001,1.38039,524,1,0
2025-09-03 15:45:00,1.38039,1.38061,1.37967,1.37992,850,1,0
2025-09-03 16:00:00,1.37992,1.38026,1.3795899999999999,1.38003,799,1,0
2025-09-03 16:15:00,1.38003,1.38006,1.37955,1.37968,715,1,0
2025-09-03 16:30:00,1.37967,1.38042,1.37931,1.37995,997,1,0
2025-09-03 16:45:00,1.37995,1.38052,1.37981,1.38034,1236,1,0
2025-09-03 17:00:00,1.38036,1.38036,1.37847,1.37879,1520,1,0
2025-09-03 17:15:00,1.37879,1.37907,1.37843,1.3785,1140,1,0
2025-09-03 17:30:00,1.3785,1.37952,1.37832,1.37901,949,1,0
2025-09-03 17:45:00,1.37901,1.3797,1.37896,1.37903,894,1,0
2025-09-03 18:00:00,1.37903,1.37935,1.37863,1.3787099999999999,885,1,0
2025-09-03 18:15:00,1.3787099999999999,1.37892,1.37852,1.3787,803,1,0
2025-09-03 18:30:00,1.3787,1.37897,1.37843,1.37877,735,1,0
2025-09-03 18:45:00,1.37877,1.3789799999999999,1.37856,1.3788,814,1,0
2025-09-03 19:00:00,1.3788,1.379,1.3786800000000001,1.37875,592,1,0
2025-09-03 19:15:00,1.37875,1.37891,1.3786,1.3786800000000001,529,1,0
2025-09-03 19:30:00,1.37867,1.37909,1.37859,1.37907,415,1,0
2025-09-03 19:45:00,1.37907,1.3791,1.37858,1.37867,614,1,0
2025-09-03 20:00:00,1.37865,1.37909,1.37855,1.3787099999999999,536,1,0
2025-09-03 20:15:00,1.3787099999999999,1.37904,1.3786800000000001,1.37904,427,1,0
2025-09-03 20:30:00,1.37903,1.3795899999999999,1.37896,1.3795600000000001,487,1,0
2025-09-03 20:45:00,1.37957,1.37994,1.37957,1.37971,498,1,0
2025-09-03 21:00:00,1.37972,1.37984,1.37881,1.37897,549,1,0
2025-09-03 21:15:00,1.37897,1.379,1.3786800000000001,1.37886,290,1,0
2025-09-03 21:30:00,1.37886,1.37948,1.37877,1.37938,655,1,0
2025-09-03 21:45:00,1.37938,1.3798599999999999,1.37933,1.37973,409,1,0
2025-09-03 22:00:00,1.37974,1.38008,1.37962,1.38005,438,1,0
2025-09-03 22:15:00,1.38005,1.38019,1.37992,1.3799299999999999,411,1,0
2025-09-03 22:30:00,1.37992,1.38003,1.37974,1.37977,390,1,0
2025-09-03 22:45:00,1.37977,1.38008,1.37961,1.37987,509,1,0
2025-09-03 23:00:00,1.37987,1.37998,1.37964,1.37973,312,1,0
2025-09-03 23:15:00,1.37973,1.3798300000000001,1.3790200000000001,1.3790200000000001,227,1,0
2025-09-03 23:30:00,1.3790200000000001,1.3793199999999999,1.37878,1.37921,335,1,0
2025-09-03 23:45:00,1.37921,1.37947,1.37918,1.37921,279,7,0
2025-09-04 00:00:00,1.3792499999999999,1.3792499999999999,1.3787099999999999,1.37899,37,20,0
2025-09-04 00:15:00,1.37913,1.37913,1.37894,1.3789500000000001,96,35,0
2025-09-04 00:30:00,1.37899,1.3792200000000001,1.37894,1.37919,174,35,0
2025-09-04 00:45:00,1.37919,1.3792,1.37896,1.3789799999999999,227,35,0
2025-09-04 01:00:00,1.37897,1.37967,1.37897,1.3795899999999999,222,1,0
2025-09-04 01:15:00,1.37957,1.37958,1.37946,1.37951,112,1,0
2025-09-04 01:30:00,1.37951,1.37951,1.3794,1.37946,97,1,0
2025-09-04 01:45:00,1.37946,1.37957,1.37944,1.37948,91,1,0
2025-09-04 02:00:00,1.37948,1.37949,1.3793,1.37931,215,1,0
2025-09-04 02:15:00,1.37931,1.37938,1.37927,1.37936,175,1,0
2025-09-04 02:30:00,1.37936,1.37948,1.37921,1.37935,275,1,0
2025-09-04 02:45:00,1.37935,1.37944,1.37928,1.37931,209,1,0
2025-09-04 03:00:00,1.37931,1.37978,1.37923,1.3796,605,1,0
2025-09-04 03:15:00,1.3796,1.37973,1.37951,1.3796,501,1,0
2025-09-04 03:30:00,1.3796,1.37985,1.37957,1.37978,351,1,0
2025-09-04 03:45:00,1.37978,1.37988,1.37947,1.37982,615,1,0
2025-09-04 04:00:00,1.37982,1.38019,1.37978,1.38006,551,1,0
2025-09-04 04:15:00,1.38006,1.38015,1.37989,1.37994,632,1,0
2025-09-04 04:30:00,1.37991,1.38008,1.37944,1.37999,838,1,0
2025-09-04 04:45:00,1.37999,1.38019,1.37994,1.38002,561,1,0
2025-09-04 05:00:00,1.38002,1.38035,1.37995,1.38034,511,1,0
2025-09-04 05:15:00,1.38034,1.38039,1.38023,1.38033,419,1,0
2025-09-04 05:30:00,1.38033,1.38055,1.3803,1.38048,389,1,0
2025-09-04 05:45:00,1.38048,1.38069,1.38046,1.38061,330,1,0
2025-09-04 06:00:00,1.3806,1.38071,1.38052,1.38069,435,1,0
2025-09-04 06:15:00,1.38069,1.38071,1.3805100000000001,1.3805399999999999,358,1,0
2025-09-04 06:30:00,1.3805399999999999,1.38063,1.3804699999999999,1.38059,318,1,0
2025-09-04 06:45:00,1.38059,1.38071,1.38056,1.38062,212,1,0
2025-09-04 07:00:00,1.38062,1.38063,1.38049,1.38056,303,1,0
2025-09-04 07:15:00,1.38056,1.3807,1.38049,1.38069,295,1,0
2025-09-04 07:30:00,1.38069,1.38072,1.38056,1.38064,198,1,0
2025-09-04 07:45:00,1.38064,1.38084,1.38058,1.38077,255,1,0
2025-09-04 08:00:00,1.38077,1.38104,1.38077,1.38092,404,1,0
2025-09-04 08:15:00,1.38092,1.38102,1.3808099999999999,1.38087,395,1,0
2025-09-04 08:30:00,1.38087,1.38094,1.3807800000000001,1.38084,389,1,0
2025-09-04 08:45:00,1.38084,1.38098,1.3808099999999999,1.3808799999999999,344,1,0
2025-09-04 09:00:00,1.38086,1.38113,1.38073,1.38096,628,1,0
2025-09-04 09:15:00,1.38096,1.3811200000000001,1.38087,1.38109,382,1,0
2025-09-04 09:30:00,1.38109,1.38136,1.38099,1.38133,434,1,0
2025-09-04 09:45:00,1.38133,1.38145,1.38122,1.38137,497,1,0
2025-09-04 10:00:00,1.38136,1.3815,1.38119,1.3813,409,1,0
2025-09-04 10:15:00,1.3813,1.38148,1.38117,1.38123,441,1,0
2025-09-04 10:30:00,1.38123,1.38133,1.3808799999999999,1.38099,447,1,0
2025-09-04 10:45:00,1.38099,1.38138,1.38099,1.38124,469,1,0
2025-09-04 11:00:00,1.38123,1.38132,1.38107,1.38124,525,1,0
2025-09-04 11:15:00,1.38124,1.38138,1.38118,1.3812,436,1,0
2025-09-04 11:30:00,1.38119,1.38128,1.38097,1.38111,547,1,0
2025-09-04 11:45:00,1.38111,1.38114,1.3808799999999999,1.38102,387,1,0
2025-09-04 12:00:00,1.38102,1.38131,1.38082,1.3812,413,1,0
2025-09-04 12:15:00,1.3812,1.38175,1.3811499999999999,1.3817,409,1,0
2025-09-04 12:30:00,1.3816899999999999,1.38197,1.38162,1.38195,387,1,0
2025-09-04 12:45:00,1.38195,1.38229,1.38182,1.38201,380,1,0
2025-09-04 13:00:00,1.3820000000000001,1.38208,1.38159,1.38162,344,1,0
2025-09-04 13:15:00,1.38162,1.3819,1.38162,1.38187,416,1,0
2025-09-04 13:30:00,1.38187,1.38196,1.3816,1.38183,406,1,0
2025-09-04 13:45:00,1.38184,1.38208,1.38181,1.3820700000000001,318,1,0
2025-09-04 14:00:00,1.38209,1.38257,1.38202,1.38247,378,1,0
2025-09-04 14:15:00,1.38247,1.38258,1.38232,1.38247,404,1,0
2025-09-04 14:30:00,1.38247,1.38262,1.38219,1.3822999999999999,436,1,0
2025-09-04 14:45:00,1.3822999999999999,1.38239,1.38213,1.38215,529,1,0
2025-09-04 15:00:00,1.38214,1.38219,1.38128,1.38128,547,1,0
2025-09-04 15:15:00,1.38122,1.38244,1.38011,1.3820999999999999,752,1,0
2025-09-04 15:30:00,1.38209,1.38275,1.38131,1.38232,1094,1,0
2025-09-04 15:45:00,1.38233,1.38259,1.3814,1.38159,1027,1,0
2025-09-04 16:00:00,1.38159,1.3820999999999999,1.38131,1.38209,824,1,0
2025-09-04 16:15:00,1.38208,1.38208,1.38075,1.3813900000000001,775,1,0
2025-09-04 16:30:00,1.38138,1.3817,1.38065,1.381,890,1,0
2025-09-04 16:45:00,1.38102,1.38161,1.38086,1.38135,1068,1,0
2025-09-04 17:00:00,1.3814899999999999,1.3834,1.38144,1.38284,1325,1,0
2025-09-04 17:15:00,1.38283,1.38349,1.38281,1.38306,1184,1,0
2025-09-04 17:30:00,1.38308,1.38407,1.3829799999999999,1.38384,953,1,0
2025-09-04 17:45:00,1.38384,1.38428,1.3838300000000001,1.38415,843,1,0
2025-09-04 18:00:00,1.38414,1.38452,1.38385,1.3845,729,1,0
2025-09-04 18:15:00,1.3845,1.38456,1.38405,1.38406,518,1,0
2025-09-04 18:30:00,1.38406,1.38412,1.3832200000000001,1.38333,437,1,0
2025-09-04 18:45:00,1.38333,1.38341,1.38288,1.38292,594,1,0
2025-09-04 19:00:00,1.38292,1.38357,1.38279,1.38348,563,1,0
2025-09-04 19:15:00,1.38348,1.38407,1.38343,1.38391,434,1,0
2025-09-04 19:30:00,1.38391,1.38391,1.38328,1.38333,463,1,0
2025-09-04 19:45:00,1.38333,1.38348,1.38314,1.38324,351,1,0
2025-09-04 20:00:00,1.38324,1.38355,1.38297,1.38339,443,1,0
2025-09-04 20:15:00,1.38339,1.38347,1.3832,1.3832,415,1,0
2025-09-04 20:30:00,1.3832,1.38366,1.38317,1.38335,359,1,0
2025-09-04 20:45:00,1.38335,1.3834,1.3830200000000001,1.38318,397,1,0
2025-09-04 21:00:00,1.38318,1.38324,1.3827,1.3827099999999999,500,1,0
2025-09-04 21:15:00,1.3827099999999999,1.38287,1.38265,1.38283,317,1,0
2025-09-04 21:30:00,1.38283,1.38294,1.3827,1.38273,253,1,0
2025-09-04 21:45:00,1.38273,1.3829099999999999,1.38266,1.38289,337,1,0
2025-09-04 22:00:00,1.38289,1.3829,1.38229,1.38231,245,1,0
2025-09-04 22:15:00,1.38231,1.38263,1.38222,1.38232,331,1,0
2025-09-04 22:30:00,1.38232,1.38249,1.38211,1.38243,258,1,0
2025-09-04 22:45:00,1.38243,1.38267,1.38239,1.38256,380,1,0
2025-09-04 23:00:00,1.38255,1.38289,1.38242,1.38272,344,1,0
2025-09-04 23:15:00,1.38273,1.38276,1.38214,1.38235,267,1,0
2025-09-04 23:30:00,1.38235,1.38251,1.3820000000000001,1.38201,283,1,0
2025-09-04 23:45:00,1.38202,1.38202,1.38157,1.38175,394,7,0
2025-09-05 00:00:00,1.3818,1.3818,1.3804699999999999,1.38165,28,28,0
2025-09-05 00:15:00,1.38165,1.38165,1.3814600000000001,1.38148,412,35,0
2025-09-05 00:30:00,1.38147,1.38168,1.38143,1.38167,82,39,0
2025-09-05 00:45:00,1.38167,1.38168,1.3816,1.38161,39,42,0
2025-09-05 01:00:00,1.38161,1.38197,1.38144,1.38195,196,1,0
2025-09-05 01:15:00,1.38195,1.38198,1.38187,1.3819,584,1,0
2025-09-05 01:30:00,1.3819,1.38202,1.38185,1.3820000000000001,106,1,0
2025-09-05 01:45:00,1.3820000000000001,1.38208,1.38177,1.3820700000000001,141,1,0
2025-09-05 02:00:00,1.3820700000000001,1.3820700000000001,1.3819,1.38192,219,1,0
2025-09-05 02:15:00,1.38192,1.3820000000000001,1.38184,1.38199,168,1,0
2025-09-05 02:30:00,1.38199,1.3820700000000001,1.3817300000000001,1.3818,255,1,0
2025-09-05 02:45:00,1.3818,1.3818,1.38153,1.38156,337,1,0
2025-09-05 03:00:00,1.38157,1.38164,1.38136,1.38157,631,1,0
2025-09-05 03:15:00,1.38157,1.38172,1.3814600000000001,1.38152,495,1,0
2025-09-05 03:30:00,1.38153,1.38156,1.3812,1.38138,432,1,0
2025-09-05 03:45:00,1.38138,1.38143,1.381,1.38101,513,1,0
2025-09-05 04:00:00,1.38101,1.3811499999999999,1.3809,1.3810799999999999,551,1,0
2025-09-05 04:15:00,1.3810799999999999,1.38113,1.38101,1.38107,440,1,0
2025-09-05 04:30:00,1.38107,1.38118,1.38096,1.38113,327,1,0
2025-09-05 04:45:00,1.38113,1.38114,1.38067,1.38075,383,1,0
2025-09-05 05:00:00,1.38074,1.38079,1.3806,1.38072,426,1,0
2025-09-05 05:15:00,1.38072,1.3808,1.38056,1.38064,310,1,0
2025-09-05 05:30:00,1.38064,1.38067,1.38042,1.3805,216,1,0
2025-09-05 05:45:00,1.3805,1.3808,1.38046,1.3807800000000001,218,1,0
2025-09-05 06:00:00,1.3807800000000001,1.38086,1.38065,1.38077,254,1,0
2025-09-05 06:15:00,1.38077,1.38084,1.38062,1.38067,281,1,0
2025-09-05 06:30:00,1.38067,1.38076,1.38063,1.38072,255,1,0
2025-09-05 06:45:00,1.38072,1.38075,1.38048,1.38073,315,1,0
2025-09-05 07:00:00,1.38073,1.3808,1.38062,1.38076,374,1,0
2025-09-05 07:15:00,1.38076,1.38102,1.38072,1.38091,168,1,0
2025-09-05 07:30:00,1.38091,1.3810799999999999,1.38091,1.38104,298,1,0
2025-09-05 07:45:00,1.38104,1.3811499999999999,1.38098,1.38102,224,1,0
2025-09-05 08:00:00,1.38102,1.38111,1.3808,1.38083,271,1,0
2025-09-05 08:15:00,1.38083,1.3808799999999999,1.38068,1.3807,328,1,0
2025-09-05 08:30:00,1.3807,1.38077,1.38039,1.38043,348,1,0
2025-09-05 08:45:00,1.38043,1.3804400000000001,1.38011,1.3801999999999999,306,1,0
2025-09-05 09:00:00,1.38019,1.3805399999999999,1.38015,1.3805100000000001,589,1,0
2025-09-05 09:15:00,1.3805,1.38092,1.38041,1.3805399999999999,802,1,0
2025-09-05 09:30:00,1.3805399999999999,1.38072,1.38029,1.38039,446,1,0
2025-09-05 09:45:00,1.38041,1.38064,1.38032,1.38062,344,1,0
2025-09-05 10:00:00,1.3806,1.38063,1.37965,1.37985,620,1,0
2025-09-05 10:15:00,1.37985,1.38008,1.37965,1.38,564,1,0
2025-09-05 10:30:00,1.38,1.3801,1.37977,1.3798,360,1,0
2025-09-05 10:45:00,1.3798,1.37984,1.3794,1.37943,511,1,0
2025-09-05 11:00:00,1.37943,1.37947,1.37923,1.37927,355,1,0
2025-09-05 11:15:00,1.37927,1.37933,1.37899,1.37915,389,1,0
2025-09-05 11:30:00,1.37915,1.37949,1.3791,1.37945,257,1,0
2025-09-05 11:45:00,1.37945,1.37946,1.37918,1.3792200000000001,298,1,0
2025-09-05 12:00:00,1.37923,1.37924,1.379,1.37908,262,1,0
2025-09-05 12:15:00,1.37908,1.37937,1.379,1.37937,323,1,0
2025-09-05 12:30:00,1.37937,1.37979,1.37936,1.37968,352,1,0
2025-09-05 12:45:00,1.37968,1.37973,1.37947,1.37953,273,1,0
2025-09-05 13:00:00,1.37953,1.3796599999999999,1.37939,1.37942,308,1,0
2025-09-05 13:15:00,1.37942,1.37945,1.379,1.37904,242,1,0
2025-09-05 13:30:00,1.37904,1.3793,1.37904,1.37916,282,1,0
2025-09-05 13:45:00,1.37915,1.37942,1.37894,1.37942,384,1,0
2025-09-05 14:00:00,1.37941,1.37946,1.37918,1.3792,362,1,0
2025-09-05 14:15:00,1.3792,1.37967,1.37919,1.37957,350,1,0
2025-09-05 14:30:00,1.37957,1.3801,1.37957,1.38008,356,1,0
2025-09-05 14:45:00,1.38008,1.38055,1.3799299999999999,1.3802699999999999,501,1,0
2025-09-05 15:00:00,1.38026,1.3802699999999999,1.37933,1.37945,653,1,0
2025-09-05 15:15:00,1.37945,1.37945,1.37847,1.37847,690,1,0
2025-09-05 15:30:00,1.3785,1.38172,1.37561,1.38043,2837,1,0
2025-09-05 15:45:00,1.38043,1.38131,1.37995,1.3804699999999999,1867,1,0
2025-09-05 16:00:00,1.38046,1.38075,1.37975,1.3801999999999999,1661,1,0
2025-09-05 16:15:00,1.38018,1.3815,1.38012,1.3809,1575,1,0
2025-09-05 16:30:00,1.38089,1.3811200000000001,1.38021,1.38065,1490,1,0
2025-09-05 16:45:00,1.38065,1.38065,1.3796,1.37994,1356,1,0
2025-09-05 17:00:00,1.37996,1.38156,1.37981,1.38155,1385,1,0
2025-09-05 17:15:00,1.38155,1.38333,1.38136,1.38309,1571,1,0
2025-09-05 17:30:00,1.38309,1.38378,1.38254,1.38299,1510,1,0
2025-09-05 17:45:00,1.38296,1.38331,1.38265,1.38307,1201,1,0
2025-09-05 18:00:00,1.38306,1.38391,1.38306,1.38336,998,1,0
2025-09-05 18:15:00,1.38336,1.38378,1.383,1.38326,804,1,0
2025-09-05 18:30:00,1.38326,1.38326,1.38219,1.38223,686,1,0
2025-09-05 18:45:00,1.38223,1.38282,1.3822,1.38248,886,1,0
2025-09-05 19:00:00,1.38247,1.38279,1.3818,1.38184,702,1,0
2025-09-05 19:15:00,1.38184,1.38254,1.38182,1.3825,694,1,0
2025-09-05 19:30:00,1.3825,1.38306,1.38232,1.38273,769,1,0
2025-09-05 19:45:00,1.38273,1.38402,1.38262,1.38339,875,1,0
2025-09-05 20:00:00,1.3834,1.38464,1.38339,1.38453,945,1,0
2025-09-05 20:15:00,1.38453,1.3848099999999999,1.38449,1.38466,618,1,0
2025-09-05 20:30:00,1.38467,1.38469,1.38418,1.3844699999999999,648,1,0
2025-09-05 20:45:00,1.3844699999999999,1.3847,1.38423,1.3845,648,1,0
2025-09-05 21:00:00,1.3845,1.38495,1.38441,1.38479,639,1,0
2025-09-05 21:15:00,1.38479,1.38492,1.38428,1.3847800000000001,493,1,0
2025-09-05 21:30:00,1.38479,1.385,1.38472,1.38496,567,1,0
2025-09-05 21:45:00,1.38496,1.385,1.38479,1.38479,320,1,0
2025-09-05 22:00:00,1.38479,1.385,1.38477,1.38497,388,1,0
2025-09-05 22:15:00,1.38497,1.385,1.3845399999999999,1.38498,444,1,0
2025-09-05 22:30:00,1.38498,1.3854,1.38498,1.3853,388,1,0
2025-09-05 22:45:00,1.3853,1.38543,1.38499,1.3851200000000001,585,1,0
2025-09-05 23:00:00,1.38513,1.38513,1.38429,1.38431,371,1,0
2025-09-05 23:15:00,1.38431,1.38433,1.3839000000000001,1.3839299999999999,240,1,0
2025-09-05 23:30:00,1.3839299999999999,1.3839299999999999,1.38249,1.38272,372,1,0
2025-09-05 23:45:00,1.38272,1.38274,1.38218,1.38244,253,9,0
2025-09-08 00:00:00,1.38251,1.38405,1.38248,1.38385,164,45,0
2025-09-08 00:15:00,1.38385,1.38396,1.38361,1.38396,190,52,0
2025-09-08 00:30:00,1.38396,1.38399,1.3831,1.38311,197,57,0
2025-09-08 00:45:00,1.38311,1.38351,1.3829500000000001,1.38335,315,56,0
2025-09-08 01:00:00,1.38335,1.38415,1.3829099999999999,1.38391,585,1,0
2025-09-08 01:15:00,1.38391,1.38409,1.38354,1.38394,422,1,0
2025-09-08 01:30:00,1.38394,1.38441,1.38377,1.38426,489,1,0
2025-09-08 01:45:00,1.38426,1.38448,1.38418,1.38432,376,1,0
2025-09-08 02:00:00,1.38431,1.38436,1.3838599999999999,1.38405,618,1,0
2025-09-08 02:15:00,1.38405,1.38407,1.38366,1.38367,379,1,0
2025-09-08 02:30:00,1.38367,1.3839299999999999,1.38365,1.38384,278,1,0
2025-09-08 02:45:00,1.38384,1.38389,1.38352,1.3835600000000001,467,1,0
2025-09-08 03:00:00,1.38357,1.38425,1.38357,1.38405,967,1,0
2025-09-08 03:15:00,1.38406,1.38434,1.38377,1.38385,713,1,0
2025-09-08 03:30:00,1.38384,1.38431,1.38379,1.38427,468,1,0
2025-09-08 03:45:00,1.38427,1.38439,1.38377,1.38385,594,1,0
2025-09-08 04:00:00,1.38385,1.3839299999999999,1.38358,1.38389,777,1,0
2025-09-08 04:15:00,1.3839000000000001,1.38418,1.3838599999999999,1.38407,683,1,0
2025-09-08 04:30:00,1.38407,1.3841,1.38349,1.38369,575,1,0
2025-09-08 04:45:00,1.38369,1.38379,1.38316,1.38324,1027,1,0
2025-09-08 05:00:00,1.38323,1.38365,1.38309,1.38346,811,1,0
2025-09-08 05:15:00,1.38346,1.38368,1.38342,1.38352,616,1,0
2025-09-08 05:30:00,1.38352,1.3836,1.3832200000000001,1.38339,521,1,0
2025-09-08 05:45:00,1.38339,1.38351,1.3832,1.3832200000000001,497,1,0
2025-09-08 06:00:00,1.3832200000000001,1.38326,1.38307,1.38321,437,1,0
2025-09-08 06:15:00,1.38321,1.38333,1.3829099999999999,1.38311,448,1,0
2025-09-08 06:30:00,1.38311,1.38328,1.383,1.38323,548,1,0
2025-09-08 06:45:00,1.38323,1.38342,1.38309,1.38333,521,1,0
2025-09-08 07:00:00,1.38333,1.38366,1.3833,1.38358,412,1,0
2025-09-08 07:15:00,1.38358,1.3835899999999999,1.3832,1.38333,350,1,0
2025-09-08 07:30:00,1.38333,1.38358,1.38327,1.38344,429,1,0
2025-09-08 07:45:00,1.38344,1.38349,1.3833199999999999,1.38336,320,1,0
2025-09-08 08:00:00,1.38335,1.38341,1.38314,1.38324,328,1,0
2025-09-08 08:15:00,1.38324,1.38324,1.3829500000000001,1.38301,331,1,0
2025-09-08 08:30:00,1.38301,1.38304,1.3828,1.3830200000000001,372,1,0
2025-09-08 08:45:00,1.38301,1.38304,1.38273,1.38292,374,1,0
2025-09-08 09:00:00,1.3829099999999999,1.38324,1.38247,1.38248,753,1,0
2025-09-08 09:15:00,1.38248,1.38304,1.38243,1.38288,798,1,0
2025-09-08 09:30:00,1.38289,1.38314,1.3826100000000001,1.38301,565,1,0
2025-09-08 09:45:00,1.38301,1.38306,1.38243,1.3826399999999999,599,1,0
2025-09-08 10:00:00,1.38265,1.38277,1.38205,1.38206,663,1,0
2025-09-08 10:15:00,1.38206,1.38222,1.38167,1.3819,742,1,0
2025-09-08 10:30:00,1.3819,1.3819,1.38143,1.38147,584,1,0
2025-09-08 10:45:00,1.38147,1.3818,1.3813900000000001,1.38158,499,1,0
2025-09-08 11:00:00,1.38158,1.38183,1.3812,1.38151,622,1,0
2025-09-08 11:15:00,1.38151,1.38206,1.38141,1.38198,668,1,0
2025-09-08 11:30:00,1.38198,1.38209,1.38159,1.38181,699,1,0
2025-09-08 11:45:00,1.38181,1.38191,1.3814899999999999,1.38167,537,1,0
2025-09-08 12:00:00,1.38167,1.38246,1.38148,1.3823400000000001,657,1,0
2025-09-08 12:15:00,1.38232,1.38233,1.38186,1.38214,424,1,0
2025-09-08 12:30:00,1.38214,1.38219,1.3817,1.38171,400,1,0
2025-09-08 12:45:00,1.38171,1.3819,1.38164,1.38178,377,1,0
2025-09-08 13:00:00,1.38178,1.38182,1.38134,1.38136,442,1,0
2025-09-08 13:15:00,1.38136,1.38152,1.3812,1.38136,363,1,0
2025-09-08 13:30:00,1.38136,1.38157,1.38101,1.38102,502,1,0
2025-09-08 13:45:00,1.38102,1.3811499999999999,1.38058,1.38065,491,1,0
2025-09-08 14:00:00,1.38064,1.38067,1.38029,1.38034,424,1,0
2025-09-08 14:15:00,1.38034,1.38053,1.38016,1.38029,362,1,0
2025-09-08 14:30:00,1.3803,1.38031,1.3798599999999999,1.38009,547,1,0
2025-09-08 14:45:00,1.38016,1.3804400000000001,1.38009,1.3801700000000001,563,1,0
2025-09-08 15:00:00,1.38016,1.38068,1.37987,1.38065,632,1,0
2025-09-08 15:15:00,1.38065,1.3811200000000001,1.3804699999999999,1.38073,508,1,0
2025-09-08 15:30:00,1.38073,1.38073,1.3793199999999999,1.37939,651,1,0
2025-09-08 15:45:00,1.37939,1.37947,1.37889,1.3793199999999999,798,1,0
2025-09-08 16:00:00,1.3793199999999999,1.37945,1.37884,1.37892,651,1,0
2025-09-08 16:15:00,1.37892,1.37975,1.37887,1.37938,674,1,0
2025-09-08 16:30:00,1.37938,1.3810799999999999,1.37928,1.38092,857,1,0
2025-09-08 16:45:00,1.38092,1.38188,1.38084,1.3814,1011,1,0
2025-09-08 17:00:00,1.3814,1.38248,1.38129,1.38206,1093,1,0
2025-09-08 17:15:00,1.38206,1.38266,1.38177,1.38208,779,1,0
2025-09-08 17:30:00,1.3820700000000001,1.38229,1.3817599999999999,1.38209,870,1,0
2025-09-08 17:45:00,1.38209,1.38245,1.38186,1.38227,832,1,0
2025-09-08 18:00:00,1.38227,1.38265,1.38216,1.38238,700,1,0
2025-09-08 18:15:00,1.38238,1.38238,1.38185,1.3820700000000001,646,1,0
2025-09-08 18:30:00,1.3820700000000001,1.3824100000000001,1.38198,1.38236,550,1,0
2025-09-08 18:45:00,1.38236,1.38254,1.38197,1.38212,443,1,0
2025-09-08 19:00:00,1.38212,1.38254,1.38196,1.38252,500,1,0
2025-09-08 19:15:00,1.38252,1.3827099999999999,1.38247,1.3826399999999999,439,1,0
2025-09-08 19:30:00,1.38265,1.38335,1.38263,1.38312,617,1,0
2025-09-08 19:45:00,1.38312,1.38317,1.3826,1.38262,489,1,0
2025-09-08 20:00:00,1.3826100000000001,1.38318,1.3826100000000001,1.38301,455,1,0
2025-09-08 20:15:00,1.38301,1.38312,1.3827099999999999,1.38273,381,1,0
2025-09-08 20:30:00,1.38273,1.3829,1.3826100000000001,1.38272,503,1,0
2025-09-08 20:45:00,1.38272,1.3829,1.38255,1.38289,417,1,0
2025-09-08 21:00:00,1.38289,1.38292,1.38215,1.38216,454,1,0
2025-09-08 21:15:00,1.38215,1.38219,1.38167,1.38167,298,1,0
2025-09-08 21:30:00,1.38167,1.38197,1.38163,1.38163,484,1,0
2025-09-08 21:45:00,1.38163,1.3817,1.38106,1.38137,456,1,0
2025-09-08 22:00:00,1.38137,1.38147,1.38087,1.3809,509,1,0
2025-09-08 22:15:00,1.3809,1.38101,1.3807800000000001,1.38092,389,1,0
2025-09-08 22:30:00,1.38092,1.38113,1.38083,1.38092,430,1,0
2025-09-08 22:45:00,1.38092,1.381,1.38061,1.38063,468,1,0
2025-09-08 23:00:00,1.38063,1.3807800000000001,1.38048,1.3807,353,1,0
2025-09-08 23:15:00,1.3807,1.38071,1.38049,1.38055,297,1,0
2025-09-08 23:30:00,1.3805399999999999,1.38055,1.38029,1.3804699999999999,244,1,0
2025-09-08 23:45:00,1.3804699999999999,1.38058,1.3801999999999999,1.38023,291,7,0
2025-09-09 00:00:00,1.38022,1.38029,1.37924,1.3801,81,22,0
2025-09-09 00:15:00,1.3801,1.3801999999999999,1.37979,1.38014,131,35,0
2025-09-09 00:30:00,1.38014,1.38015,1.37992,1.38006,373,35,0
2025-09-09 00:45:00,1.38007,1.38008,1.37991,1.37999,337,35,0
2025-09-09 01:00:00,1.37999,1.38026,1.37974,1.37992,489,1,0
2025-09-09 01:15:00,1.3799000000000001,1.38002,1.3798599999999999,1.37999,203,1,0
2025-09-09 01:30:00,1.37999,1.38005,1.3799000000000001,1.38002,206,1,0
2025-09-09 01:45:00,1.38002,1.3801,1.38001,1.38007,99,1,0
2025-09-09 02:00:00,1.38007,1.38008,1.37975,1.37988,217,1,0
2025-09-09 02:15:00,1.37988,1.37992,1.37954,1.37964,325,1,0
2025-09-09 02:30:00,1.37964,1.37984,1.37958,1.3798,272,1,0
2025-09-09 02:45:00,1.3798,1.37995,1.37955,1.3795899999999999,275,1,0
2025-09-09 03:00:00,1.3795899999999999,1.38033,1.3795899999999999,1.38026,560,1,0
2025-09-09 03:15:00,1.38026,1.38039,1.38002,1.38008,616,1,0
2025-09-09 03:30:00,1.38008,1.38031,1.38002,1.3803,517,1,0
2025-09-09 03:45:00,1.3803,1.3805100000000001,1.3801700000000001,1.38046,428,1,0
2025-09-09 04:00:00,1.38046,1.38058,1.38026,1.3804699999999999,468,1,0
2025-09-09 04:15:00,1.3804699999999999,1.38113,1.3804699999999999,1.38109,447,1,0
2025-09-09 04:30:00,1.38109,1.3811499999999999,1.38068,1.3808500000000001,573,1,0
2025-09-09 04:45:00,1.3808500000000001,1.3808799999999999,1.38033,1.38037,596,1,0
2025-09-09 05:00:00,1.38037,1.38037,1.3798,1.37985,558,1,0
2025-09-09 05:15:00,1.37984,1.38009,1.3798300000000001,1.38008,433,1,0
2025-09-09 05:30:00,1.38007,1.38022,1.37998,1.38011,480,1,0
2025-09-09 05:45:00,1.38011,1.3805,1.38008,1.38039,417,1,0
2025-09-09 06:00:00,1.38039,1.3807,1.38036,1.38065,328,1,0
2025-09-09 06:15:00,1.38065,1.38086,1.38061,1.38077,232,1,0
2025-09-09 06:30:00,1.38077,1.38093,1.38069,1.3808500000000001,165,1,0
2025-09-09 06:45:00,1.3808500000000001,1.38104,1.38074,1.381,204,1,0
2025-09-09 07:00:00,1.381,1.38105,1.38083,1.38094,213,1,0
2025-09-09 07:15:00,1.38094,1.38101,1.38071,1.38071,326,1,0
2025-09-09 07:30:00,1.38071,1.38072,1.3805100000000001,1.38063,273,1,0
2025-09-09 07:45:00,1.38063,1.38064,1.3802699999999999,1.3804699999999999,345,1,0
2025-09-09 08:00:00,1.38045,1.3805,1.3801,1.38016,484,1,0
2025-09-09 08:15:00,1.38016,1.3803,1.37996,1.38002,321,1,0
2025-09-09 08:30:00,1.38002,1.3801999999999999,1.37971,1.37974,454,1,0
2025-09-09 08:45:00,1.37974,1.3798300000000001,1.37953,1.3796300000000001,488,1,0
2025-09-09 09:00:00,1.37962,1.37979,1.37943,1.37944,569,1,0
2025-09-09 09:15:00,1.37944,1.37962,1.37936,1.37953,469,1,0
2025-09-09 09:30:00,1.37953,1.37987,1.37945,1.37982,375,1,0
2025-09-09 09:45:00,1.37982,1.38039,1.37977,1.3801999999999999,667,1,0
2025-09-09 10:00:00,1.3801999999999999,1.38034,1.38003,1.38021,468,1,0
2025-09-09 10:15:00,1.38021,1.38022,1.37982,1.37992,513,1,0
2025-09-09 10:30:00,1.37992,1.38101,1.37991,1.38098,404,1,0
2025-09-09 10:45:00,1.38098,1.38132,1.38076,1.38082,777,1,0
2025-09-09 11:00:00,1.38082,1.3808799999999999,1.38052,1.38076,656,1,0
2025-09-09 11:15:00,1.38077,1.38121,1.3805399999999999,1.38059,711,1,0
2025-09-09 11:30:00,1.38059,1.38069,1.38008,1.38021,579,1,0
2025-09-09 11:45:00,1.38021,1.38025,1.37978,1.3798300000000001,461,1,0
2025-09-09 12:00:00,1.37982,1.37985,1.37947,1.37952,507,1,0
2025-09-09 12:15:00,1.37952,1.37995,1.37945,1.37982,448,1,0
2025-09-09 12:30:00,1.37981,1.38037,1.3796,1.38037,461,1,0
2025-09-09 12:45:00,1.38037,1.38043,1.3801999999999999,1.3802400000000001,466,1,0
2025-09-09 13:00:00,1.38025,1.38026,1.37987,1.38019,419,1,0
2025-09-09 13:15:00,1.38019,1.38023,1.3798599999999999,1.38011,419,1,0
2025-09-09 13:30:00,1.38011,1.38066,1.38009,1.38058,314,1,0
2025-09-09 13:45:00,1.38059,1.38111,1.38057,1.381,403,1,0
2025-09-09 14:00:00,1.381,1.38106,1.38076,1.38076,282,1,0
2025-09-09 14:15:00,1.38077,1.3808099999999999,1.38046,1.38069,359,1,0
2025-09-09 14:30:00,1.38068,1.381,1.38068,1.38099,298,1,0
2025-09-09 14:45:00,1.38099,1.38155,1.38083,1.3814899999999999,316,1,0
2025-09-09 15:00:00,1.3814899999999999,1.38165,1.38093,1.38094,483,1,0
2025-09-09 15:15:00,1.38094,1.38202,1.3808099999999999,1.38193,535,1,0
2025-09-09 15:30:00,1.38193,1.38254,1.3819,1.3825,574,1,0
2025-09-09 15:45:00,1.38249,1.38276,1.38225,1.3822999999999999,612,1,0
2025-09-09 16:00:00,1.3822999999999999,1.38273,1.38193,1.38263,686,1,0
2025-09-09 16:15:00,1.38262,1.38263,1.3817,1.38193,610,1,0
2025-09-09 16:30:00,1.38193,1.38229,1.38121,1.38155,858,1,0
2025-09-09 16:45:00,1.38155,1.38193,1.38113,1.38164,875,1,0
2025-09-09 17:00:00,1.38158,1.38318,1.38049,1.3824,2137,1,0
2025-09-09 17:15:00,1.3824,1.3826100000000001,1.38177,1.38183,1287,1,0
2025-09-09 17:30:00,1.38183,1.38274,1.38179,1.38215,1123,1,0
2025-09-09 17:45:00,1.38214,1.38262,1.3818,1.38208,936,1,0
2025-09-09 18:00:00,1.38208,1.38305,1.38198,1.38288,858,1,0
2025-09-09 18:15:00,1.38288,1.38347,1.3828,1.38321,720,1,0
2025-09-09 18:30:00,1.3832200000000001,1.38339,1.38305,1.38335,624,1,0
2025-09-09 18:45:00,1.38335,1.38375,1.38324,1.3835,529,1,0
2025-09-09 19:00:00,1.38351,1.38372,1.38345,1.38362,500,1,0
2025-09-09 19:15:00,1.38362,1.38429,1.38343,1.38403,566,1,0
2025-09-09 19:30:00,1.38403,1.38404,1.38345,1.38399,478,1,0
2025-09-09 19:45:00,1.38399,1.38418,1.38323,1.38323,550,1,0
2025-09-09 20:00:00,1.3832499999999999,1.38373,1.38309,1.38347,532,1,0
2025-09-09 20:15:00,1.38347,1.38403,1.38334,1.38397,529,1,0
2025-09-09 20:30:00,1.38396,1.38438,1.38374,1.3842400000000001,486,1,0
2025-09-09 20:45:00,1.38422,1.38443,1.38384,1.38439,514,1,0
2025-09-09 21:00:00,1.38439,1.38466,1.38416,1.38455,534,1,0
2025-09-09 21:15:00,1.38456,1.38473,1.38441,1.38458,462,1,0
2025-09-09 21:30:00,1.38458,1.38475,1.3845100000000001,1.38472,370,1,0
2025-09-09 21:45:00,1.38472,1.3848,1.38455,1.38469,307,1,0
2025-09-09 22:00:00,1.38469,1.38484,1.38464,1.3847800000000001,358,1,0
2025-09-09 22:15:00,1.3847800000000001,1.3850500000000001,1.38473,1.38489,338,1,0
2025-09-09 22:30:00,1.38489,1.38547,1.38466,1.38536,400,1,0
2025-09-09 22:45:00,1.38537,1.38583,1.38529,1.38582,430,1,0
2025-09-09 23:00:00,1.38582,1.38599,1.3856600000000001,1.38582,276,1,0
2025-09-09 23:15:00,1.38582,1.38592,1.38531,1.3856600000000001,317,1,0
2025-09-09 23:30:00,1.38567,1.38577,1.38486,1.38487,269,1,0
2025-09-09 23:45:00,1.38483,1.38483,1.38404,1.38432,371,9,0
2025-09-10 00:00:00,1.3841,1.38427,1.38372,1.38407,39,35,0
2025-09-10 00:15:00,1.38407,1.3841,1.38367,1.38371,96,35,0
2025-09-10 00:30:00,1.38371,1.38425,1.38371,1.38413,381,38,0
2025-09-10 00:45:00,1.38413,1.38413,1.3839000000000001,1.38406,266,35,0
2025-09-10 01:00:00,1.38406,1.3845,1.38406,1.38429,283,1,0
2025-09-10 01:15:00,1.38429,1.38467,1.38428,1.38465,177,1,0
2025-09-10 01:30:00,1.38465,1.38465,1.38449,1.3846,97,1,0
2025-09-10 01:45:00,1.3846,1.3846,1.3845,1.3845399999999999,71,1,0
2025-09-10 02:00:00,1.38453,1.3846,1.38443,1.38453,146,1,0
2025-09-10 02:15:00,1.38453,1.38484,1.38452,1.38483,324,1,0
2025-09-10 02:30:00,1.38482,1.38498,1.38473,1.38493,374,1,0
2025-09-10 02:45:00,1.38493,1.38494,1.38461,1.38466,337,1,0
2025-09-10 03:00:00,1.38467,1.38563,1.38467,1.38557,659,1,0
2025-09-10 03:15:00,1.38557,1.38578,1.38557,1.38567,539,1,0
2025-09-10 03:30:00,1.38568,1.38578,1.3854600000000001,1.38572,532,1,0
2025-09-10 03:45:00,1.38572,1.38579,1.38555,1.38563,563,1,0
2025-09-10 04:00:00,1.38563,1.38584,1.3854600000000001,1.38561,805,1,0
2025-09-10 04:15:00,1.38561,1.38615,1.38558,1.38615,659,1,0
2025-09-10 04:30:00,1.38614,1.38635,1.3854,1.38548,728,1,0
2025-09-10 04:45:00,1.38548,1.3856600000000001,1.3850799999999999,1.38559,635,1,0
2025-09-10 05:00:00,1.38559,1.3856899999999999,1.38525,1.38529,547,1,0
2025-09-10 05:15:00,1.38529,1.3857,1.38524,1.38568,590,1,0
2025-09-10 05:30:00,1.3856899999999999,1.38595,1.3856,1.38578,543,1,0
2025-09-10 05:45:00,1.38578,1.38584,1.38556,1.38558,523,1,0
2025-09-10 06:00:00,1.38558,1.3856,1.38533,1.38548,325,1,0
2025-09-10 06:15:00,1.38548,1.38554,1.38523,1.38534,337,1,0
2025-09-10 06:30:00,1.38534,1.38541,1.38514,1.38519,426,1,0
2025-09-10 06:45:00,1.38519,1.38529,1.3850500000000001,1.38528,458,1,0
2025-09-10 07:00:00,1.38528,1.38532,1.38499,1.38501,418,1,0
2025-09-10 07:15:00,1.38501,1.38504,1.38474,1.3848,318,1,0
2025-09-10 07:30:00,1.3848,1.38494,1.38475,1.38479,333,1,0
2025-09-10 07:45:00,1.38479,1.3848,1.38412,1.38414,397,1,0
2025-09-10 08:00:00,1.38418,1.38453,1.3841700000000001,1.38449,353,1,0
2025-09-10 08:15:00,1.38449,1.3846,1.38427,1.38434,306,1,0
2025-09-10 08:30:00,1.38434,1.38453,1.38426,1.3845,335,1,0
2025-09-10 08:45:00,1.38453,1.38464,1.38422,1.38427,403,1,0
2025-09-10 09:00:00,1.38425,1.38434,1.38402,1.38404,653,1,0
2025-09-10 09:15:00,1.38405,1.38468,1.38391,1.38462,554,1,0
2025-09-10 09:30:00,1.3846,1.38529,1.38458,1.3849,549,1,0
2025-09-10 09:45:00,1.3849,1.38554,1.38469,1.3853,700,1,0
2025-09-10 10:00:00,1.3853,1.38605,1.3851,1.38521,1114,1,0
2025-09-10 10:15:00,1.38521,1.3857,1.38521,1.38531,660,1,0
2025-09-10 10:30:00,1.3853,1.38567,1.38526,1.3854899999999999,554,1,0
2025-09-10 10:45:00,1.3854899999999999,1.38556,1.38527,1.38548,518,1,0
2025-09-10 11:00:00,1.38548,1.38595,1.38532,1.3854899999999999,595,1,0
2025-09-10 11:15:00,1.3854899999999999,1.38587,1.38538,1.38582,594,1,0
2025-09-10 11:30:00,1.38582,1.3860299999999999,1.3854600000000001,1.38559,518,1,0
2025-09-10 11:45:00,1.38559,1.3856600000000001,1.38525,1.38528,510,1,0
2025-09-10 12:00:00,1.38527,1.38529,1.3849,1.38496,420,1,0
2025-09-10 12:15:00,1.38496,1.38503,1.38469,1.38487,440,1,0
2025-09-10 12:30:00,1.38487,1.385,1.3847,1.38489,485,1,0
2025-09-10 12:45:00,1.38487,1.3849,1.38471,1.38484,528,1,0
2025-09-10 13:00:00,1.38484,1.38558,1.38484,1.38548,396,1,0
2025-09-10 13:15:00,1.38548,1.38579,1.38548,1.38571,384,1,0
2025-09-10 13:30:00,1.38571,1.38588,1.38567,1.3857599999999999,393,1,0
2025-09-10 13:45:00,1.3857599999999999,1.38589,1.38564,1.38583,386,1,0
2025-09-10 14:00:00,1.38582,1.38594,1.3856,1.38564,364,1,0
2025-09-10 14:15:00,1.38564,1.3857300000000001,1.3855,1.38564,411,1,0
2025-09-10 14:30:00,1.38564,1.3860700000000001,1.38561,1.38588,491,1,0
2025-09-10 14:45:00,1.38587,1.38598,1.3857,1.38583,440,1,0
2025-09-10 15:00:00,1.38582,1.38606,1.38567,1.38601,530,1,0
2025-09-10 15:15:00,1.3860000000000001,1.38623,1.38564,1.38572,711,1,0
2025-09-10 15:30:00,1.38578,1.38585,1.38402,1.3854,1991,1,0
2025-09-10 15:45:00,1.3853900000000001,1.38617,1.38501,1.38537,1270,1,0
2025-09-10 16:00:00,1.38536,1.38597,1.3852,1.38583,1251,1,0
2025-09-10 16:15:00,1.38583,1.38593,1.38448,1.38509,1096,1,0
2025-09-10 16:30:00,1.38509,1.38525,1.38407,1.38415,1126,1,0
2025-09-10 16:45:00,1.38415,1.38428,1.38338,1.38385,1017,1,0
2025-09-10 17:00:00,1.38385,1.38435,1.38316,1.38358,1001,1,0
2025-09-10 17:15:00,1.38357,1.38401,1.38307,1.38392,1027,1,0
2025-09-10 17:30:00,1.38392,1.38432,1.38336,1.38422,856,1,0
2025-09-10 17:45:00,1.38422,1.3849,1.38411,1.38421,897,1,0
2025-09-10 18:00:00,1.38421,1.38493,1.38412,1.38448,635,1,0
2025-09-10 18:15:00,1.38446,1.38541,1.38446,1.38516,609,1,0
2025-09-10 18:30:00,1.38516,1.38524,1.38445,1.38453,689,1,0
2025-09-10 18:45:00,1.3845399999999999,1.38475,1.3844,1.38448,692,1,0
2025-09-10 19:00:00,1.38448,1.38537,1.38435,1.38531,619,1,0
2025-09-10 19:15:00,1.38531,1.38541,1.38487,1.38532,441,1,0
2025-09-10 19:30:00,1.38532,1.3858,1.38526,1.38578,486,1,0
2025-09-10 19:45:00,1.38578,1.38604,1.38551,1.38572,475,1,0
2025-09-10 20:00:00,1.38572,1.38583,1.38522,1.3854600000000001,599,1,0
2025-09-10 20:15:00,1.3854600000000001,1.38632,1.3854600000000001,1.38624,568,1,0
2025-09-10 20:30:00,1.38624,1.3865,1.3862,1.3865,461,1,0
2025-09-10 20:45:00,1.3865,1.3867099999999999,1.38619,1.38643,436,1,0
2025-09-10 21:00:00,1.38647,1.3865,1.38582,1.38586,359,1,0
2025-09-10 21:15:00,1.38586,1.38594,1.38555,1.38584,394,1,0
2025-09-10 21:30:00,1.38585,1.3863400000000001,1.38584,1.38633,408,1,0
2025-09-10 21:45:00,1.38633,1.38665,1.38601,1.38612,512,1,0
2025-09-10 22:00:00,1.38612,1.3866399999999999,1.38609,1.38642,468,1,0
2025-09-10 22:15:00,1.38642,1.38658,1.38621,1.38641,399,1,0
2025-09-10 22:30:00,1.38641,1.387,1.3864,1.3866399999999999,455,1,0
2025-09-10 22:45:00,1.38665,1.38674,1.38636,1.38643,327,1,0
2025-09-10 23:00:00,1.38643,1.38644,1.3860700000000001,1.38613,271,1,0
2025-09-10 23:15:00,1.38613,1.38619,1.38594,1.38595,269,1,0
2025-09-10 23:30:00,1.38595,1.3866399999999999,1.38589,1.38657,302,1,0
2025-09-10 23:45:00,1.38657,1.38667,1.38614,1.38614,339,9,0
2025-09-11 00:00:00,1.38586,1.38615,1.3848799999999999,1.38609,25,35,0
2025-09-11 00:15:00,1.38609,1.38609,1.38595,1.3860000000000001,17,37,0
2025-09-11 00:30:00,1.3860000000000001,1.38617,1.38588,1.38614,348,35,0
2025-09-11 00:45:00,1.38614,1.38631,1.38593,1.38599,565,35,0
2025-09-11 01:00:00,1.38605,1.38636,1.3860000000000001,1.38621,239,1,0
2025-09-11 01:15:00,1.3862,1.38628,1.38606,1.38622,249,1,0
2025-09-11 01:30:00,1.38622,1.38625,1.38616,1.38616,115,1,0
2025-09-11 01:45:00,1.38616,1.38619,1.38587,1.38592,117,1,0
2025-09-11 02:00:00,1.38592,1.38617,1.3859,1.38615,209,1,0
2025-09-11 02:15:00,1.38615,1.38615,1.38583,1.38588,223,1,0
2025-09-11 02:30:00,1.38588,1.38616,1.38585,1.38606,162,1,0
2025-09-11 02:45:00,1.38608,1.38628,1.38602,1.3860700000000001,340,1,0
2025-09-11 03:00:00,1.38608,1.38649,1.38606,1.38646,409,1,0
2025-09-11 03:15:00,1.38646,1.38686,1.38642,1.38677,442,1,0
2025-09-11 03:30:00,1.38677,1.38697,1.3866800000000001,1.3869,325,1,0
2025-09-11 03:45:00,1.3869,1.38699,1.3868,1.3869500000000001,377,1,0
2025-09-11 04:00:00,1.3869500000000001,1.38703,1.3867,1.38676,514,1,0
2025-09-11 04:15:00,1.38676,1.38696,1.3866399999999999,1.38672,397,1,0
2025-09-11 04:30:00,1.38672,1.38674,1.38647,1.38649,535,1,0
2025-09-11 04:45:00,1.38649,1.38677,1.38646,1.3867,412,1,0
2025-09-11 05:00:00,1.3867,1.3869,1.38665,1.38682,353,1,0
2025-09-11 05:15:00,1.38682,1.38734,1.3868,1.38724,334,1,0
2025-09-11 05:30:00,1.38724,1.38735,1.3871,1.38726,311,1,0
2025-09-11 05:45:00,1.38727,1.3872900000000001,1.38714,1.38718,332,1,0
2025-09-11 06:00:00,1.38718,1.38719,1.38685,1.38696,384,1,0
2025-09-11 06:15:00,1.38696,1.38711,1.38681,1.38684,358,1,0
2025-09-11 06:30:00,1.38684,1.38703,1.38682,1.38697,324,1,0
2025-09-11 06:45:00,1.38697,1.38716,1.38697,1.38705,273,1,0
2025-09-11 07:00:00,1.38705,1.38718,1.38702,1.38713,254,1,0
2025-09-11 07:15:00,1.38712,1.3873,1.38711,1.3873,361,1,0
2025-09-11 07:30:00,1.3873,1.38731,1.38711,1.38723,297,1,0
2025-09-11 07:45:00,1.38723,1.38731,1.38714,1.38718,364,1,0
2025-09-11 08:00:00,1.38718,1.3874900000000001,1.38716,1.38746,334,1,0
2025-09-11 08:15:00,1.38746,1.38751,1.38735,1.38745,246,1,0
2025-09-11 08:30:00,1.38746,1.38751,1.38733,1.38743,327,1,0
2025-09-11 08:45:00,1.38743,1.38779,1.38738,1.38775,334,1,0
2025-09-11 09:00:00,1.38775,1.38791,1.38737,1.38784,728,1,0
2025-09-11 09:15:00,1.38784,1.38799,1.3872499999999999,1.38735,671,1,0
2025-09-11 09:30:00,1.38735,1.3876,1.3872900000000001,1.38734,483,1,0
2025-09-11 09:45:00,1.38734,1.38755,1.38717,1.38734,467,1,0
2025-09-11 10:00:00,1.38734,1.38774,1.3872200000000001,1.3877,620,1,0
2025-09-11 10:15:00,1.3877,1.38806,1.38761,1.38806,526,1,0
2025-09-11 10:30:00,1.38807,1.3881700000000001,1.38766,1.38779,500,1,0
2025-09-11 10:45:00,1.38779,1.38802,1.38774,1.38797,485,1,0
2025-09-11 11:00:00,1.38797,1.38821,1.38781,1.38799,460,1,0
2025-09-11 11:15:00,1.38799,1.38811,1.38788,1.38809,430,1,0
2025-09-11 11:30:00,1.38809,1.3881999999999999,1.38797,1.38807,396,1,0
2025-09-11 11:45:00,1.38807,1.38818,1.38792,1.38811,398,1,0
2025-09-11 12:00:00,1.38812,1.38848,1.38805,1.38828,401,1,0
2025-09-11 12:15:00,1.38828,1.38858,1.38826,1.38836,401,1,0
2025-09-11 12:30:00,1.38836,1.38886,1.38828,1.3887800000000001,541,1,0
2025-09-11 12:45:00,1.3887800000000001,1.38891,1.38828,1.38831,497,1,0
2025-09-11 13:00:00,1.38832,1.3886,1.38806,1.38806,497,1,0
2025-09-11 13:15:00,1.38807,1.38843,1.38807,1.38834,489,1,0
2025-09-11 13:30:00,1.38834,1.38856,1.38824,1.38849,482,1,0
2025-09-11 13:45:00,1.38849,1.3888099999999999,1.38832,1.38837,531,1,0
2025-09-11 14:00:00,1.38837,1.3885,1.38791,1.38794,411,1,0
2025-09-11 14:15:00,1.38794,1.38795,1.38739,1.38791,503,1,0
2025-09-11 14:30:00,1.38794,1.38867,1.38788,1.38857,434,1,0
2025-09-11 14:45:00,1.38857,1.3889,1.38826,1.38886,439,1,0
2025-09-11 15:00:00,1.38886,1.38887,1.38816,1.38834,453,1,0
2025-09-11 15:15:00,1.38834,1.38868,1.38782,1.3879000000000001,820,1,0
2025-09-11 15:30:00,1.38792,1.38906,1.38618,1.38687,2246,1,0
2025-09-11 15:45:00,1.3868800000000001,1.38735,1.3856,1.38577,1487,1,0
2025-09-11 16:00:00,1.38577,1.38678,1.38571,1.3864,1722,1,0
2025-09-11 16:15:00,1.3864,1.38677,1.3857599999999999,1.3864,1213,1,0
2025-09-11 16:30:00,1.38639,1.38667,1.38575,1.38588,1326,1,0
2025-09-11 16:45:00,1.38588,1.38647,1.38479,1.38493,1170,1,0
2025-09-11 17:00:00,1.38493,1.38514,1.38455,1.38472,923,1,0
2025-09-11 17:15:00,1.38472,1.38476,1.3836,1.38457,1281,1,0
2025-09-11 17:30:00,1.38456,1.3848,1.38423,1.38433,815,1,0
2025-09-11 17:45:00,1.38433,1.38466,1.38408,1.38413,778,1,0
2025-09-11 18:00:00,1.38413,1.38455,1.38398,1.38399,651,1,0
2025-09-11 18:15:00,1.38399,1.38418,1.38305,1.38343,661,1,0
2025-09-11 18:30:00,1.38343,1.3837,1.38308,1.38323,707,1,0
2025-09-11 18:45:00,1.38323,1.38324,1.3829500000000001,1.38313,487,1,0
2025-09-11 19:00:00,1.38313,1.38318,1.3826800000000001,1.38275,424,1,0
2025-09-11 19:15:00,1.38275,1.38328,1.38272,1.3832200000000001,457,1,0
2025-09-11 19:30:00,1.3832200000000001,1.3832200000000001,1.38262,1.3829500000000001,508,1,0
2025-09-11 19:45:00,1.3829500000000001,1.38342,1.3829099999999999,1.38333,521,1,0
2025-09-11 20:00:00,1.38333,1.38379,1.38326,1.38357,661,1,0
2025-09-11 20:15:00,1.38357,1.3837,1.38303,1.3834,539,1,0
2025-09-11 20:30:00,1.38341,1.3836300000000001,1.3831,1.3836,521,1,0
2025-09-11 20:45:00,1.38361,1.38399,1.38357,1.38396,493,1,0
2025-09-11 21:00:00,1.38396,1.38399,1.38328,1.38348,443,1,0
2025-09-11 21:15:00,1.38348,1.3835899999999999,1.38334,1.38341,393,1,0
2025-09-11 21:30:00,1.38341,1.38389,1.38338,1.38385,450,1,0
2025-09-11 21:45:00,1.38385,1.38385,1.38347,1.38372,388,1,0
2025-09-11 22:00:00,1.38372,1.3838300000000001,1.38314,1.3835899999999999,450,1,0
2025-09-11 22:15:00,1.3836,1.38401,1.38351,1.38394,412,1,0
2025-09-11 22:30:00,1.38394,1.38431,1.38387,1.3841999999999999,352,1,0
2025-09-11 22:45:00,1.3841999999999999,1.38422,1.38296,1.3832200000000001,523,1,0
2025-09-11 23:00:00,1.38324,1.38336,1.38308,1.3833,326,1,0
2025-09-11 23:15:00,1.38331,1.3834,1.38304,1.38318,292,1,0
2025-09-11 23:30:00,1.38318,1.38343,1.38308,1.38309,314,1,0
2025-09-11 23:45:00,1.38308,1.38377,1.3830200000000001,1.38324,653,7,0
2025-09-12 00:00:00,1.38312,1.38316,1.38204,1.38316,24,32,0
2025-09-12 00:15:00,1.38316,1.38328,1.38284,1.38306,311,52,0
2025-09-12 00:30:00,1.3830200000000001,1.38331,1.38294,1.3832499999999999,321,50,0
2025-09-12 00:45:00,1.3832499999999999,1.38336,1.38307,1.38331,115,50,0
2025-09-12 01:00:00,1.38331,1.38342,1.383,1.38335,284,1,0
2025-09-12 01:15:00,1.38335,1.38342,1.3832499999999999,1.3833,197,1,0
2025-09-12 01:30:00,1.3833,1.38351,1.3832900000000001,1.38351,133,1,0
2025-09-12 01:45:00,1.38351,1.38353,1.3832499999999999,1.3832499999999999,202,1,0
2025-09-12 02:00:00,1.3832499999999999,1.38345,1.38319,1.3833,393,1,0
2025-09-12 02:15:00,1.3833,1.38335,1.38326,1.3833,308,1,0
2025-09-12 02:30:00,1.3833,1.38341,1.38327,1.38337,209,1,0
2025-09-12 02:45:00,1.38337,1.38355,1.3833199999999999,1.3835,526,1,0
2025-09-12 03:00:00,1.38349,1.384,1.38346,1.38392,908,1,0
2025-09-12 03:15:00,1.38391,1.38411,1.38389,1.38407,648,1,0
2025-09-12 03:30:00,1.38408,1.38414,1.38388,1.38401,468,1,0
2025-09-12 03:45:00,1.38401,1.38407,1.38371,1.38384,610,1,0
2025-09-12 04:00:00,1.3838300000000001,1.3842400000000001,1.3836,1.38423,451,1,0
2025-09-12 04:15:00,1.38423,1.3844699999999999,1.3841,1.3842400000000001,459,1,0
2025-09-12 04:30:00,1.3842400000000001,1.3845,1.38418,1.38445,361,1,0
2025-09-12 04:45:00,1.38445,1.38487,1.38443,1.3847,400,1,0
2025-09-12 05:00:00,1.3847,1.38475,1.3841999999999999,1.38426,339,1,0
2025-09-12 05:15:00,1.38426,1.38433,1.38415,1.38419,388,1,0
2025-09-12 05:30:00,1.38419,1.38441,1.38416,1.38429,415,1,0
2025-09-12 05:45:00,1.38429,1.38434,1.38416,1.38427,380,1,0
2025-09-12 06:00:00,1.38428,1.38463,1.3842400000000001,1.38434,449,1,0
2025-09-12 06:15:00,1.38434,1.38446,1.38423,1.38427,366,1,0
2025-09-12 06:30:00,1.38428,1.38436,1.38409,1.38426,376,1,0
2025-09-12 06:45:00,1.38426,1.38446,1.38422,1.38434,321,1,0
2025-09-12 07:00:00,1.38433,1.38445,1.38426,1.38431,370,1,0
2025-09-12 07:15:00,1.38431,1.38432,1.3841,1.38418,280,1,0
2025-09-12 07:30:00,1.38418,1.38432,1.38414,1.3843,456,1,0
2025-09-12 07:45:00,1.3843,1.38439,1.3841700000000001,1.38426,333,1,0
2025-09-12 08:00:00,1.38427,1.38431,1.38403,1.38407,311,1,0
2025-09-12 08:15:00,1.38407,1.38412,1.3839299999999999,1.384,321,1,0
2025-09-12 08:30:00,1.384,1.38405,1.38381,1.38395,325,1,0
2025-09-12 08:45:00,1.38395,1.384,1.38385,1.38389,420,1,0
2025-09-12 09:00:00,1.38388,1.3841700000000001,1.38381,1.38384,614,1,0
2025-09-12 09:15:00,1.38385,1.38409,1.38376,1.38406,507,1,0
2025-09-12 09:30:00,1.38406,1.38419,1.38376,1.3839000000000001,450,1,0
2025-09-12 09:45:00,1.3839000000000001,1.38406,1.38357,1.38366,437,1,0
2025-09-12 10:00:00,1.38366,1.38368,1.38327,1.38367,439,1,0
2025-09-12 10:15:00,1.38367,1.38384,1.38346,1.3838,399,1,0
2025-09-12 10:30:00,1.3838,1.38412,1.38377,1.38379,569,1,0
2025-09-12 10:45:00,1.38379,1.3838,1.38345,1.38351,517,1,0
2025-09-12 11:00:00,1.38351,1.38449,1.3834,1.38441,656,1,0
2025-09-12 11:15:00,1.38442,1.38487,1.38432,1.38435,772,1,0
2025-09-12 11:30:00,1.38435,1.38457,1.38408,1.38457,606,1,0
2025-09-12 11:45:00,1.38457,1.38492,1.3845,1.3848,576,1,0
2025-09-12 12:00:00,1.3848,1.38495,1.38442,1.38442,638,1,0
2025-09-12 12:15:00,1.38442,1.38452,1.38406,1.3841,497,1,0
2025-09-12 12:30:00,1.38408,1.38428,1.38398,1.38425,462,1,0
2025-09-12 12:45:00,1.38425,1.38434,1.38381,1.38397,426,1,0
2025-09-12 13:00:00,1.38397,1.3841,1.38381,1.38407,434,1,0
2025-09-12 13:15:00,1.38407,1.38412,1.3838599999999999,1.3839299999999999,328,1,0
2025-09-12 13:30:00,1.38392,1.38418,1.3838599999999999,1.38394,345,1,0
2025-09-12 13:45:00,1.38395,1.38409,1.38358,1.38362,385,1,0
2025-09-12 14:00:00,1.38362,1.38398,1.38347,1.38368,484,1,0
2025-09-12 14:15:00,1.38368,1.38402,1.38367,1.38371,431,1,0
2025-09-12 14:30:00,1.38371,1.38405,1.3836300000000001,1.38405,391,1,0
2025-09-12 14:45:00,1.38403,1.38452,1.38403,1.38435,463,1,0
2025-09-12 15:00:00,1.38434,1.385,1.38409,1.38482,680,1,0
2025-09-12 15:15:00,1.38482,1.3855,1.38474,1.38548,697,1,0
2025-09-12 15:30:00,1.38541,1.3860999999999999,1.38529,1.38538,884,1,0
2025-09-12 15:45:00,1.38538,1.3854,1.38432,1.38433,750,1,0
2025-09-12 16:00:00,1.38434,1.38466,1.38425,1.38427,658,1,0
2025-09-12 16:15:00,1.38427,1.38533,1.38427,1.38525,744,1,0
2025-09-12 16:30:00,1.38525,1.38537,1.38461,1.38524,1102,1,0
2025-09-12 16:45:00,1.38525,1.3854600000000001,1.38419,1.3845100000000001,862,1,0
2025-09-12 17:00:00,1.3845100000000001,1.38465,1.3838,1.3841,1114,1,0
2025-09-12 17:15:00,1.3841,1.38419,1.38349,1.38381,907,1,0
2025-09-12 17:30:00,1.38377,1.38498,1.38374,1.38495,795,1,0
2025-09-12 17:45:00,1.38495,1.38527,1.38465,1.38495,911,1,0
2025-09-12 18:00:00,1.38495,1.38553,1.38482,1.38548,907,1,0
2025-09-12 18:15:00,1.38548,1.3860299999999999,1.38529,1.38592,760,1,0
2025-09-12 18:30:00,1.38592,1.3860700000000001,1.38556,1.3856899999999999,492,1,0
2025-09-12 18:45:00,1.3856899999999999,1.38598,1.3856600000000001,1.38589,507,1,0
2025-09-12 19:00:00,1.38588,1.38636,1.38587,1.3862700000000001,511,1,0
2025-09-12 19:15:00,1.3862700000000001,1.38628,1.3856,1.38561,564,1,0
2025-09-12 19:30:00,1.38563,1.3857300000000001,1.38516,1.38519,425,1,0
2025-09-12 19:45:00,1.38519,1.38534,1.38479,1.38502,503,1,0
2025-09-12 20:00:00,1.38502,1.38525,1.3844699999999999,1.38453,468,1,0
2025-09-12 20:15:00,1.38453,1.38464,1.38431,1.38463,363,1,0
2025-09-12 20:30:00,1.3846,1.38474,1.3844,1.38468,478,1,0
2025-09-12 20:45:00,1.38468,1.38479,1.38443,1.38477,537,1,0
2025-09-12 21:00:00,1.38477,1.38487,1.3844400000000001,1.38455,467,1,0
2025-09-12 21:15:00,1.38455,1.38476,1.38443,1.38455,417,1,0
2025-09-12 21:30:00,1.38455,1.3846,1.38411,1.38418,299,1,0
2025-09-12 21:45:00,1.38418,1.38422,1.38384,1.3838599999999999,430,1,0
2025-09-12 22:00:00,1.3838599999999999,1.38429,1.38385,1.38407,439,1,0
2025-09-12 22:15:00,1.38407,1.38418,1.38402,1.38409,359,1,0
2025-09-12 22:30:00,1.38409,1.38462,1.38409,1.38448,486,1,0
2025-09-12 22:45:00,1.38448,1.38459,1.38436,1.3845100000000001,571,1,0
2025-09-12 23:00:00,1.3845399999999999,1.38506,1.38439,1.38479,422,1,0
2025-09-12 23:15:00,1.38479,1.38511,1.38467,1.38497,356,1,0
2025-09-12 23:30:00,1.38497,1.38534,1.38462,1.38476,288,1,0
2025-09-12 23:45:00,1.38472,1.3847800000000001,1.38433,1.38443,138,7,0
2025-09-15 00:00:00,1.38263,1.38326,1.38263,1.3832200000000001,93,164,0
2025-09-15 00:15:00,1.3832200000000001,1.38351,1.3832200000000001,1.38344,63,118,0
2025-09-15 00:30:00,1.38353,1.384,1.38353,1.38397,320,66,0
2025-09-15 00:45:00,1.38397,1.38403,1.38373,1.38373,359,55,0
2025-09-15 01:00:00,1.38373,1.38434,1.38373,1.3839299999999999,312,1,0
2025-09-15 01:15:00,1.38392,1.38398,1.3838,1.38396,171,1,0
2025-09-15 01:30:00,1.38396,1.3841,1.38391,1.38408,298,1,0
2025-09-15 01:45:00,1.38408,1.38412,1.3836300000000001,1.38364,292,1,0
2025-09-15 02:00:00,1.38364,1.38415,1.38362,1.38394,305,1,0
2025-09-15 02:15:00,1.38394,1.384,1.38385,1.38396,151,1,0
2025-09-15 02:30:00,1.38396,1.38415,1.3839000000000001,1.3839299999999999,188,1,0
2025-09-15 02:45:00,1.3839299999999999,1.38404,1.38392,1.38396,221,1,0
2025-09-15 03:00:00,1.38396,1.38421,1.38389,1.3841,336,1,0
2025-09-15 03:15:00,1.3841,1.38445,1.38407,1.38442,250,1,0
2025-09-15 03:30:00,1.38442,1.38445,1.38421,1.38432,248,1,0
2025-09-15 03:45:00,1.38432,1.38442,1.38412,1.3842400000000001,341,1,0
2025-09-15 04:00:00,1.3842400000000001,1.38432,1.38404,1.38432,611,1,0
2025-09-15 04:15:00,1.38432,1.38457,1.3843,1.38438,481,1,0
2025-09-15 04:30:00,1.38436,1.38445,1.3841999999999999,1.38432,350,1,0
2025-09-15 04:45:00,1.38434,1.38438,1.38421,1.38433,354,1,0
2025-09-15 05:00:00,1.38433,1.38448,1.38426,1.3844400000000001,398,1,0
2025-09-15 05:15:00,1.3844400000000001,1.38458,1.3844400000000001,1.3845399999999999,276,1,0
2025-09-15 05:30:00,1.3845399999999999,1.38462,1.3842400000000001,1.38427,247,1,0
2025-09-15 05:45:00,1.38427,1.3843,1.38412,1.38422,267,1,0
2025-09-15 06:00:00,1.38421,1.38422,1.38405,1.3841,267,1,0
2025-09-15 06:15:00,1.38409,1.38416,1.38382,1.38387,261,1,0
2025-09-15 06:30:00,1.38387,1.38398,1.3836300000000001,1.38365,346,1,0
2025-09-15 06:45:00,1.38365,1.38375,1.38352,1.3835899999999999,398,1,0
2025-09-15 07:00:00,1.3835899999999999,1.38366,1.38345,1.38364,287,1,0
2025-09-15 07:15:00,1.38364,1.38365,1.38344,1.3835,173,1,0
2025-09-15 07:30:00,1.3835,1.38365,1.38349,1.38357,286,1,0
2025-09-15 07:45:00,1.38357,1.38368,1.3835,1.38352,199,1,0
2025-09-15 08:00:00,1.38351,1.38381,1.38347,1.38377,271,1,0
2025-09-15 08:15:00,1.38377,1.3838300000000001,1.38364,1.38376,251,1,0
2025-09-15 08:30:00,1.38376,1.38382,1.3836300000000001,1.38371,258,1,0
2025-09-15 08:45:00,1.38371,1.38385,1.38364,1.38372,318,1,0
2025-09-15 09:00:00,1.38372,1.3839000000000001,1.38355,1.3838599999999999,650,1,0
2025-09-15 09:15:00,1.3838599999999999,1.3841700000000001,1.3838300000000001,1.38399,625,1,0
2025-09-15 09:30:00,1.38398,1.38402,1.38346,1.38357,595,1,0
2025-09-15 09:45:00,1.38357,1.3838,1.38353,1.38367,483,1,0
2025-09-15 10:00:00,1.38367,1.38399,1.38344,1.38349,660,1,0
2025-09-15 10:15:00,1.38349,1.3836300000000001,1.3832,1.38358,552,1,0
2025-09-15 10:30:00,1.38358,1.38381,1.38306,1.38381,479,1,0
2025-09-15 10:45:00,1.38381,1.38394,1.38361,1.38372,748,1,0
2025-09-15 11:00:00,1.38375,1.38392,1.38355,1.38362,580,1,0
2025-09-15 11:15:00,1.3836300000000001,1.3837,1.38326,1.38346,538,1,0
2025-09-15 11:30:00,1.38346,1.38366,1.38327,1.3835600000000001,503,1,0
2025-09-15 11:45:00,1.3835600000000001,1.3837,1.38344,1.3835,526,1,0
2025-09-15 12:00:00,1.38349,1.38349,1.3830200000000001,1.38314,596,1,0
2025-09-15 12:15:00,1.38314,1.38345,1.38307,1.3832499999999999,529,1,0
2025-09-15 12:30:00,1.3832499999999999,1.38331,1.38305,1.3832,456,1,0
2025-09-15 12:45:00,1.3832,1.38333,1.3831,1.38327,491,1,0
2025-09-15 13:00:00,1.38327,1.38327,1.38279,1.38303,494,1,0
2025-09-15 13:15:00,1.38303,1.38309,1.3822,1.3823400000000001,496,1,0
2025-09-15 13:30:00,1.3823400000000001,1.38252,1.38218,1.38246,438,1,0
2025-09-15 13:45:00,1.38246,1.38259,1.3824100000000001,1.38248,378,1,0
2025-09-15 14:00:00,1.38248,1.3826399999999999,1.38221,1.38225,399,1,0
2025-09-15 14:15:00,1.38225,1.38238,1.38208,1.38215,436,1,0
2025-09-15 14:30:00,1.38216,1.38256,1.38192,1.3825,471,1,0
2025-09-15 14:45:00,1.3825,1.38267,1.3822,1.38246,515,1,0
2025-09-15 15:00:00,1.38246,1.38246,1.38199,1.3822,620,1,0
2025-09-15 15:15:00,1.38222,1.38235,1.38183,1.38227,715,1,0
2025-09-15 15:30:00,1.38226,1.38249,1.38153,1.38231,765,1,0
2025-09-15 15:45:00,1.3822999999999999,1.38285,1.38228,1.38254,640,1,0
2025-09-15 16:00:00,1.38255,1.3830200000000001,1.3820700000000001,1.3827099999999999,832,1,0
2025-09-15 16:15:00,1.3827099999999999,1.3831,1.38266,1.38283,774,1,0
2025-09-15 16:30:00,1.38284,1.38326,1.38284,1.38319,700,1,0
2025-09-15 16:45:00,1.38318,1.38367,1.38307,1.38351,671,1,0
2025-09-15 17:00:00,1.38349,1.38425,1.38342,1.38348,853,1,0
2025-09-15 17:15:00,1.38348,1.38367,1.38318,1.38335,693,1,0
2025-09-15 17:30:00,1.38336,1.38353,1.3826399999999999,1.38265,796,1,0
2025-09-15 17:45:00,1.38265,1.38274,1.38069,1.38086,1353,1,0
2025-09-15 18:00:00,1.3808500000000001,1.38129,1.38057,1.3807,1002,1,0
2025-09-15 18:15:00,1.3807,1.3808099999999999,1.38039,1.3804,663,1,0
2025-09-15 18:30:00,1.3804,1.3805100000000001,1.38025,1.3804699999999999,465,1,0
2025-09-15 18:45:00,1.3804699999999999,1.38055,1.37936,1.37989,720,1,0
2025-09-15 19:00:00,1.37989,1.37995,1.37945,1.37974,791,1,0
2025-09-15 19:15:00,1.37974,1.38042,1.37958,1.3804,704,1,0
2025-09-15 19:30:00,1.3804,1.38045,1.3799000000000001,1.37995,533,1,0
2025-09-15 19:45:00,1.37995,1.38018,1.3798,1.38003,501,1,0
2025-09-15 20:00:00,1.38002,1.3801700000000001,1.3796,1.38008,592,1,0
2025-09-15 20:15:00,1.38008,1.38016,1.3798,1.3798,496,1,0
2025-09-15 20:30:00,1.37981,1.37981,1.37865,1.37879,574,1,0
2025-09-15 20:45:00,1.37879,1.37892,1.3777599999999999,1.37817,661,1,0
2025-09-15 21:00:00,1.37817,1.37836,1.3777300000000001,1.37805,701,1,0
2025-09-15 21:15:00,1.37805,1.37817,1.37761,1.37763,643,1,0
2025-09-15 21:30:00,1.37763,1.37796,1.3771,1.37771,690,1,0
2025-09-15 21:45:00,1.37771,1.37796,1.37755,1.3777300000000001,661,1,0
2025-09-15 22:00:00,1.3777300000000001,1.37775,1.3772199999999999,1.37726,543,1,0
2025-09-15 22:15:00,1.37726,1.37752,1.377,1.37714,585,1,0
2025-09-15 22:30:00,1.37714,1.37753,1.37701,1.37744,548,1,0
2025-09-15 22:45:00,1.37745,1.3774899999999999,1.37683,1.37702,623,1,0
2025-09-15 23:00:00,1.37704,1.37723,1.37684,1.3768799999999999,589,1,0
2025-09-15 23:15:00,1.3768799999999999,1.3774199999999999,1.37669,1.3774199999999999,341,1,0
2025-09-15 23:30:00,1.3774,1.37808,1.37734,1.37762,421,1,0
2025-09-15 23:45:00,1.37761,1.37779,1.3774899999999999,1.37778,387,7,0
2025-09-16 00:00:00,1.37767,1.37767,1.3771200000000001,1.37745,37,32,0
2025-09-16 00:15:00,1.37745,1.37758,1.37726,1.37757,163,35,0
2025-09-16 00:30:00,1.37761,1.37792,1.37761,1.3779,195,35,0
2025-09-16 00:45:00,1.3779,1.37809,1.37755,1.37769,380,35,0
2025-09-16 01:00:00,1.37769,1.37797,1.37762,1.37786,374,1,0
2025-09-16 01:15:00,1.3778299999999999,1.37791,1.3777599999999999,1.37787,160,1,0
2025-09-16 01:30:00,1.37787,1.37798,1.37777,1.37779,114,1,0
2025-09-16 01:45:00,1.37779,1.37792,1.3776,1.37765,180,1,0
2025-09-16 02:00:00,1.37764,1.3778299999999999,1.37755,1.37766,468,1,0
2025-09-16 02:15:00,1.37766,1.37769,1.37753,1.37754,148,1,0
2025-09-16 02:30:00,1.37754,1.37764,1.37747,1.3774899999999999,116,1,0
2025-09-16 02:45:00,1.3774899999999999,1.37753,1.3773900000000001,1.3775,284,1,0
2025-09-16 03:00:00,1.3775,1.37756,1.37714,1.37745,501,1,0
2025-09-16 03:15:00,1.37745,1.37772,1.37743,1.37762,431,1,0
2025-09-16 03:30:00,1.37761,1.3777300000000001,1.37753,1.37759,315,1,0
2025-09-16 03:45:00,1.37759,1.37782,1.37738,1.3774199999999999,318,1,0
2025-09-16 04:00:00,1.3774199999999999,1.37752,1.37724,1.37734,361,1,0
2025-09-16 04:15:00,1.37734,1.37764,1.37733,1.37764,305,1,0
2025-09-16 04:30:00,1.37764,1.37771,1.37732,1.3775,484,1,0
2025-09-16 04:45:00,1.3775,1.37752,1.37716,1.37725,434,1,0
2025-09-16 05:00:00,1.37725,1.37731,1.37701,1.37707,293,1,0
2025-09-16 05:15:00,1.37707,1.3772,1.37701,1.37711,497,1,0
2025-09-16 05:30:00,1.37711,1.3773,1.37696,1.37725,338,1,0
2025-09-16 05:45:00,1.37725,1.37734,1.37703,1.3771900000000001,324,1,0
2025-09-16 06:00:00,1.37718,1.3773,1.37708,1.37716,336,1,0
2025-09-16 06:15:00,1.37716,1.37723,1.3769,1.37691,300,1,0
2025-09-16 06:30:00,1.37691,1.37691,1.37634,1.37637,383,1,0
2025-09-16 06:45:00,1.37637,1.37684,1.37637,1.3767800000000001,328,1,0
2025-09-16 07:00:00,1.3767800000000001,1.37706,1.37675,1.37693,358,1,0
2025-09-16 07:15:00,1.37693,1.37702,1.37684,1.37697,324,1,0
2025-09-16 07:30:00,1.37696,1.3772199999999999,1.37691,1.37713,396,1,0
2025-09-16 07:45:00,1.37713,1.37732,1.37711,1.3772,282,1,0
2025-09-16 08:00:00,1.3772,1.37723,1.3769,1.37691,249,1,0
2025-09-16 08:15:00,1.37691,1.37701,1.3767800000000001,1.3768,290,1,0
2025-09-16 08:30:00,1.3768,1.37698,1.37672,1.37693,205,1,0
2025-09-16 08:45:00,1.37693,1.37723,1.3767800000000001,1.37695,388,1,0
2025-09-16 09:00:00,1.37695,1.37698,1.37659,1.37697,660,1,0
2025-09-16 09:15:00,1.37697,1.37706,1.37657,1.3768799999999999,584,1,0
2025-09-16 09:30:00,1.3768799999999999,1.3769,1.37639,1.37655,576,1,0
2025-09-16 09:45:00,1.37655,1.3769,1.37642,1.37645,516,1,0
2025-09-16 10:00:00,1.37646,1.37694,1.37625,1.37667,700,1,0
2025-09-16 10:15:00,1.37667,1.37669,1.3762400000000001,1.37625,565,1,0
2025-09-16 10:30:00,1.37625,1.37696,1.3762400000000001,1.3768,572,1,0
2025-09-16 10:45:00,1.3768,1.37693,1.37645,1.3768799999999999,597,1,0
2025-09-16 11:00:00,1.3768799999999999,1.37741,1.3768799999999999,1.37702,554,1,0
2025-09-16 11:15:00,1.37702,1.3774199999999999,1.37667,1.37727,621,1,0
2025-09-16 11:30:00,1.37726,1.37761,1.37724,1.3774,546,1,0
2025-09-16 11:45:00,1.3773900000000001,1.37772,1.37731,1.37756,523,1,0
2025-09-16 12:00:00,1.37756,1.37758,1.37657,1.37664,633,1,0
2025-09-16 12:15:00,1.37664,1.3768799999999999,1.37646,1.37676,620,1,0
2025-09-16 12:30:00,1.37676,1.37718,1.37669,1.37682,500,1,0
2025-09-16 12:45:00,1.37682,1.37687,1.37643,1.3765399999999999,684,1,0
2025-09-16 13:00:00,1.3765399999999999,1.37675,1.37635,1.37643,566,1,0
2025-09-16 13:15:00,1.37643,1.3765800000000001,1.37631,1.37638,466,1,0
2025-09-16 13:30:00,1.37638,1.37665,1.3762400000000001,1.3764,411,1,0
2025-09-16 13:45:00,1.3764,1.37659,1.37626,1.37633,341,1,0
2025-09-16 14:00:00,1.37633,1.3764,1.37608,1.37618,368,1,0
2025-09-16 14:15:00,1.37618,1.37625,1.37598,1.37608,315,1,0
2025-09-16 14:30:00,1.37608,1.37608,1.3749,1.37512,361,1,0
2025-09-16 14:45:00,1.37512,1.37521,1.3747500000000001,1.37513,462,1,0
2025-09-16 15:00:00,1.37513,1.37514,1.3746399999999999,1.37503,476,1,0
2025-09-16 15:15:00,1.375,1.37526,1.37478,1.37497,523,1,0
2025-09-16 15:30:00,1.3749500000000001,1.37641,1.37484,1.37611,1119,1,0
2025-09-16 15:45:00,1.37611,1.37634,1.37544,1.37579,1023,1,0
2025-09-16 16:00:00,1.37578,1.37586,1.37528,1.3753,870,1,0
2025-09-16 16:15:00,1.3753,1.37533,1.37387,1.37401,805,1,0
2025-09-16 16:30:00,1.374,1.37485,1.3737,1.37476,921,1,0
2025-09-16 16:45:00,1.3747500000000001,1.37508,1.37443,1.37459,829,1,0
2025-09-16 17:00:00,1.37458,1.37486,1.37417,1.37463,1063,1,0
2025-09-16 17:15:00,1.37463,1.37465,1.37397,1.37418,894,1,0
2025-09-16 17:30:00,1.37418,1.37632,1.37408,1.37516,1201,1,0
2025-09-16 17:45:00,1.37516,1.37565,1.37431,1.37472,1140,1,0
2025-09-16 18:00:00,1.37472,1.37583,1.3747099999999999,1.37577,1031,1,0
2025-09-16 18:15:00,1.37577,1.37595,1.37547,1.3757,653,1,0
2025-09-16 18:30:00,1.37569,1.3762400000000001,1.37547,1.37575,591,1,0
2025-09-16 18:45:00,1.37575,1.37576,1.37442,1.37462,665,1,0
2025-09-16 19:00:00,1.37462,1.3747500000000001,1.37415,1.37415,550,1,0
2025-09-16 19:15:00,1.37415,1.37418,1.37386,1.37416,526,1,0
2025-09-16 19:30:00,1.37416,1.37417,1.37369,1.37377,471,1,0
2025-09-16 19:45:00,1.37377,1.37418,1.37374,1.37417,547,1,0
2025-09-16 20:00:00,1.37416,1.37447,1.37377,1.37377,462,1,0
2025-09-16 20:15:00,1.37378,1.37436,1.37372,1.37426,559,1,0
2025-09-16 20:30:00,1.37427,1.37453,1.37399,1.37438,479,1,0
2025-09-16 20:45:00,1.37438,1.37453,1.3740999999999999,1.37436,457,1,0
2025-09-16 21:00:00,1.37436,1.37447,1.37368,1.37399,422,1,0
2025-09-16 21:15:00,1.37399,1.3745,1.37379,1.37445,416,1,0
2025-09-16 21:30:00,1.37446,1.37489,1.37442,1.37478,367,1,0
2025-09-16 21:45:00,1.37478,1.37512,1.3747099999999999,1.37492,388,1,0
2025-09-16 22:00:00,1.37492,1.37511,1.3747099999999999,1.37473,437,1,0
2025-09-16 22:15:00,1.37473,1.37503,1.37461,1.37501,375,1,0
2025-09-16 22:30:00,1.37501,1.3755,1.37496,1.37521,288,1,0
2025-09-16 22:45:00,1.37521,1.37524,1.37487,1.3749799999999999,453,1,0
2025-09-16 23:00:00,1.3749799999999999,1.37503,1.37452,1.37461,272,1,0
2025-09-16 23:15:00,1.37461,1.37469,1.37398,1.37408,267,1,0
2025-09-16 23:30:00,1.3740700000000001,1.37409,1.37351,1.37354,341,1,0
2025-09-16 23:45:00,1.37355,1.37384,1.37338,1.3736,394,7,0
2025-09-17 00:00:00,1.37382,1.37382,1.37324,1.37362,30,18,0
2025-09-17 00:15:00,1.37362,1.37389,1.37333,1.37377,53,35,0
2025-09-17 00:30:00,1.3737599999999999,1.37396,1.3737599999999999,1.37396,87,35,0
2025-09-17 00:45:00,1.37396,1.37396,1.37362,1.37368,78,35,0
2025-09-17 01:00:00,1.37368,1.37428,1.37368,1.3742,254,1,0
2025-09-17 01:15:00,1.37418,1.3742,1.3740700000000001,1.37419,143,1,0
2025-09-17 01:30:00,1.37419,1.37428,1.37417,1.37419,92,1,0
2025-09-17 01:45:00,1.37419,1.37438,1.37397,1.37402,169,1,0
2025-09-17 02:00:00,1.37402,1.37417,1.37394,1.37402,181,1,0
2025-09-17 02:15:00,1.37402,1.37402,1.37379,1.37397,104,1,0
2025-09-17 02:30:00,1.37397,1.37402,1.37378,1.37399,115,1,0
2025-09-17 02:45:00,1.37399,1.37399,1.37391,1.37394,182,1,0
2025-09-17 03:00:00,1.37393,1.37411,1.3738299999999999,1.37391,372,1,0
2025-09-17 03:15:00,1.37391,1.374,1.3737599999999999,1.37398,365,1,0
2025-09-17 03:30:00,1.37398,1.3744,1.37393,1.37438,403,1,0
2025-09-17 03:45:00,1.37438,1.37448,1.37425,1.37432,397,1,0
2025-09-17 04:00:00,1.37433,1.3744,1.37424,1.37438,342,1,0
2025-09-17 04:15:00,1.37438,1.3746800000000001,1.37438,1.3746800000000001,348,1,0
2025-09-17 04:30:00,1.3746800000000001,1.375,1.37466,1.37494,269,1,0
2025-09-17 04:45:00,1.37494,1.37499,1.37463,1.3747500000000001,234,1,0
2025-09-17 05:00:00,1.3747500000000001,1.37489,1.3746800000000001,1.37482,291,1,0
2025-09-17 05:15:00,1.37482,1.37489,1.37455,1.37477,170,1,0
2025-09-17 05:30:00,1.37477,1.3750200000000001,1.37477,1.37492,166,1,0
2025-09-17 05:45:00,1.37492,1.37506,1.37486,1.37501,238,1,0
2025-09-17 06:00:00,1.37501,1.37513,1.37494,1.37507,148,1,0
2025-09-17 06:15:00,1.37507,1.3752,1.37496,1.37519,167,1,0
2025-09-17 06:30:00,1.37519,1.37543,1.37515,1.37527,156,1,0
2025-09-17 06:45:00,1.37527,1.37546,1.3752,1.3754,169,1,0
2025-09-17 07:00:00,1.3754,1.37545,1.37514,1.37533,176,1,0
2025-09-17 07:15:00,1.37533,1.3753600000000001,1.37515,1.37519,111,1,0
2025-09-17 07:30:00,1.37519,1.37528,1.37513,1.37513,143,1,0
2025-09-17 07:45:00,1.37513,1.37517,1.37504,1.3751,73,1,0
2025-09-17 08:00:00,1.3751,1.37513,1.37483,1.37497,166,1,0
2025-09-17 08:15:00,1.37497,1.37504,1.37487,1.37499,145,1,0
2025-09-17 08:30:00,1.37499,1.37508,1.37493,1.3749799999999999,148,1,0
2025-09-17 08:45:00,1.3749799999999999,1.3752,1.37487,1.37507,239,1,0
2025-09-17 09:00:00,1.37504,1.37555,1.37497,1.37537,387,1,0
2025-09-17 09:15:00,1.37537,1.37537,1.37501,1.3752,338,1,0
2025-09-17 09:30:00,1.3752,1.37558,1.37519,1.3755600000000001,433,1,0
2025-09-17 09:45:00,1.3755600000000001,1.37557,1.3749799999999999,1.37507,479,1,0
2025-09-17 10:00:00,1.37507,1.37591,1.37488,1.37591,639,1,0
2025-09-17 10:15:00,1.37591,1.37613,1.37564,1.3761,324,1,0
2025-09-17 10:30:00,1.3761,1.3761999999999999,1.37582,1.37594,317,1,0
2025-09-17 10:45:00,1.37594,1.37608,1.37583,1.37606,316,1,0
2025-09-17 11:00:00,1.37606,1.37616,1.37601,1.37612,312,1,0
2025-09-17 11:15:00,1.37611,1.3761999999999999,1.37579,1.37581,285,1,0
2025-09-17 11:30:00,1.37581,1.37595,1.3756,1.37573,510,1,0
2025-09-17 11:45:00,1.37573,1.37573,1.37531,1.37564,424,1,0
2025-09-17 12:00:00,1.37564,1.37572,1.3753199999999999,1.37553,307,1,0
2025-09-17 12:15:00,1.37553,1.3756599999999999,1.3752499999999999,1.37546,298,1,0
2025-09-17 12:30:00,1.37546,1.37568,1.37526,1.37526,340,1,0
2025-09-17 12:45:00,1.37526,1.37539,1.37508,1.37534,423,1,0
2025-09-17 13:00:00,1.37534,1.37583,1.3752,1.37565,392,1,0
2025-09-17 13:15:00,1.37565,1.37591,1.37564,1.37572,413,1,0
2025-09-17 13:30:00,1.37572,1.37574,1.3754,1.37544,327,1,0
2025-09-17 13:45:00,1.37544,1.37575,1.37531,1.37564,348,1,0
2025-09-17 14:00:00,1.37564,1.37565,1.37511,1.37517,263,1,0
2025-09-17 14:15:00,1.37517,1.3753600000000001,1.37514,1.37516,284,1,0
2025-09-17 14:30:00,1.37516,1.37555,1.37508,1.37515,293,1,0
2025-09-17 14:45:00,1.37515,1.3755600000000001,1.37487,1.37552,464,1,0
2025-09-17 15:00:00,1.37551,1.37575,1.3752499999999999,1.37555,488,1,0
2025-09-17 15:15:00,1.37555,1.37579,1.37541,1.37562,360,1,0
2025-09-17 15:30:00,1.37557,1.37557,1.37494,1.37516,446,1,0
2025-09-17 15:45:00,1.37516,1.37584,1.37506,1.37535,428,1,0
2025-09-17 16:00:00,1.37534,1.37583,1.37515,1.3758,457,1,0
2025-09-17 16:15:00,1.3758,1.37653,1.3758,1.3762699999999999,525,1,0
2025-09-17 16:30:00,1.3762699999999999,1.37638,1.3752900000000001,1.37591,767,1,0
2025-09-17 16:45:00,1.3759299999999999,1.37693,1.3744100000000001,1.37591,1451,1,0
2025-09-17 17:00:00,1.37592,1.37695,1.37585,1.37621,916,1,0
2025-09-17 17:15:00,1.37621,1.3764,1.37555,1.3761999999999999,580,1,0
2025-09-17 17:30:00,1.37621,1.37668,1.3757,1.37571,596,1,0
2025-09-17 17:45:00,1.3757,1.37638,1.37535,1.37637,789,1,0
2025-09-17 18:00:00,1.37637,1.37674,1.3755600000000001,1.3757,641,1,0
2025-09-17 18:15:00,1.3757,1.3759000000000001,1.37535,1.37571,389,1,0
2025-09-17 18:30:00,1.37571,1.37623,1.3756599999999999,1.37606,455,1,0
2025-09-17 18:45:00,1.37604,1.3765,1.37594,1.3763,468,1,0
2025-09-17 19:00:00,1.3763,1.3765100000000001,1.376,1.37613,435,1,0
2025-09-17 19:15:00,1.37614,1.37622,1.37564,1.37608,465,1,0
2025-09-17 19:30:00,1.37608,1.37629,1.37589,1.3761,455,1,0
2025-09-17 19:45:00,1.3761,1.37623,1.3759299999999999,1.37604,310,1,0
2025-09-17 20:00:00,1.37604,1.37642,1.37591,1.37639,323,1,0
2025-09-17 20:15:00,1.37639,1.37676,1.37629,1.37634,388,1,0
2025-09-17 20:30:00,1.37632,1.37637,1.3761700000000001,1.37631,312,1,0
2025-09-17 20:45:00,1.37631,1.37647,1.37602,1.37602,394,1,0
2025-09-17 21:00:00,1.37599,1.37599,1.37267,1.37408,2523,1,0
2025-09-17 21:15:00,1.37412,1.37497,1.37348,1.37375,2469,1,0
2025-09-17 21:30:00,1.37374,1.37676,1.37343,1.37644,3246,1,0
2025-09-17 21:45:00,1.37645,1.37873,1.37643,1.3771,2634,1,0
2025-09-17 22:00:00,1.3771,1.37765,1.3757,1.37723,2352,1,0
2025-09-17 22:15:00,1.37723,1.37736,1.37588,1.37634,2164,1,0
2025-09-17 22:30:00,1.37636,1.37721,1.3762400000000001,1.37644,1611,1,0
2025-09-17 22:45:00,1.37644,1.3774,1.3764,1.37725,1197,1,0
2025-09-17 23:00:00,1.37726,1.37726,1.37614,1.37661,593,1,0
2025-09-17 23:15:00,1.37661,1.3778000000000001,1.3766,1.3776,512,1,0
2025-09-17 23:30:00,1.37761,1.37771,1.37696,1.377,368,1,0
2025-09-17 23:45:00,1.377,1.37747,1.37674,1.37732,396,10,0
2025-09-18 00:00:00,1.37724,1.3774899999999999,1.37634,1.37727,47,25,0
2025-09-18 00:15:00,1.37727,1.37727,1.37684,1.3771900000000001,52,35,0
2025-09-18 00:30:00,1.3771900000000001,1.37723,1.37711,1.3771499999999999,109,35,0
2025-09-18 00:45:00,1.3771499999999999,1.37733,1.37698,1.37716,178,35,0
2025-09-18 01:00:00,1.37714,1.37753,1.37709,1.37734,225,1,0
2025-09-18 01:15:00,1.37734,1.37741,1.37708,1.3771200000000001,185,1,0
2025-09-18 01:30:00,1.3771200000000001,1.37717,1.37689,1.37692,217,1,0
2025-09-18 01:45:00,1.37692,1.3774199999999999,1.3767800000000001,1.37683,335,1,0
2025-09-18 02:00:00,1.3768799999999999,1.37718,1.3768500000000001,1.3771200000000001,297,1,0
2025-09-18 02:15:00,1.3771200000000001,1.37723,1.37705,1.37708,182,1,0
2025-09-18 02:30:00,1.37708,1.37725,1.37703,1.37706,188,1,0
2025-09-18 02:45:00,1.37706,1.37713,1.3768500000000001,1.37709,249,1,0
2025-09-18 03:00:00,1.37709,1.37792,1.37706,1.37772,567,1,0
2025-09-18 03:15:00,1.37772,1.37778,1.3773,1.37743,430,1,0
2025-09-18 03:30:00,1.37743,1.37747,1.3771200000000001,1.37721,299,1,0
2025-09-18 03:45:00,1.37721,1.37735,1.3767,1.3768099999999999,428,1,0
2025-09-18 04:00:00,1.3768,1.37752,1.37659,1.37752,499,1,0
2025-09-18 04:15:00,1.37751,1.37809,1.37737,1.3774600000000001,379,1,0
2025-09-18 04:30:00,1.3774600000000001,1.37839,1.37745,1.37821,734,1,0
2025-09-18 04:45:00,1.37821,1.37848,1.37812,1.37818,415,1,0
2025-09-18 05:00:00,1.37818,1.37823,1.3780000000000001,1.37819,253,1,0
2025-09-18 05:15:00,1.37819,1.37822,1.37752,1.37755,316,1,0
2025-09-18 05:30:00,1.37755,1.37777,1.37747,1.37761,315,1,0
2025-09-18 05:45:00,1.37761,1.37768,1.37734,1.3774199999999999,245,1,0
2025-09-18 06:00:00,1.37743,1.37751,1.37727,1.37747,227,1,0
2025-09-18 06:15:00,1.3774600000000001,1.37767,1.37744,1.37766,197,1,0
2025-09-18 06:30:00,1.37766,1.37792,1.37765,1.37789,190,1,0
2025-09-18 06:45:00,1.37789,1.3780000000000001,1.37772,1.37797,158,1,0
2025-09-18 07:00:00,1.37798,1.3782,1.37788,1.37802,195,1,0
2025-09-18 07:15:00,1.37802,1.37827,1.37792,1.37826,173,1,0
2025-09-18 07:30:00,1.37826,1.37848,1.37823,1.37843,220,1,0
2025-09-18 07:45:00,1.37843,1.37874,1.3784100000000001,1.37858,248,1,0
2025-09-18 08:00:00,1.37858,1.37899,1.37847,1.37899,347,1,0
2025-09-18 08:15:00,1.37899,1.37918,1.37887,1.37893,290,1,0
2025-09-18 08:30:00,1.37893,1.37936,1.37873,1.37936,247,1,0
2025-09-18 08:45:00,1.37936,1.3795,1.37907,1.37908,414,1,0
2025-09-18 09:00:00,1.37907,1.38,1.37897,1.3799299999999999,655,1,0
2025-09-18 09:15:00,1.37991,1.38,1.37935,1.37958,652,1,0
2025-09-18 09:30:00,1.37958,1.37978,1.37933,1.37939,636,1,0
2025-09-18 09:45:00,1.37939,1.37972,1.37915,1.37953,585,1,0
2025-09-18 10:00:00,1.37953,1.3799000000000001,1.37892,1.37903,698,1,0
2025-09-18 10:15:00,1.37904,1.37914,1.37835,1.3784,597,1,0
2025-09-18 10:30:00,1.3784,1.37852,1.3775,1.37761,668,1,0
2025-09-18 10:45:00,1.37761,1.37821,1.37744,1.37813,688,1,0
2025-09-18 11:00:00,1.37813,1.37856,1.37802,1.3784,725,1,0
2025-09-18 11:15:00,1.3784,1.37867,1.37831,1.37842,506,1,0
2025-09-18 11:30:00,1.37842,1.37853,1.37794,1.37801,561,1,0
2025-09-18 11:45:00,1.3780000000000001,1.37828,1.37771,1.37813,592,1,0
2025-09-18 12:00:00,1.37813,1.3782,1.37757,1.37762,520,1,0
2025-09-18 12:15:00,1.37761,1.37767,1.37725,1.37738,428,1,0
2025-09-18 12:30:00,1.37741,1.37763,1.37698,1.37711,577,1,0
2025-09-18 12:45:00,1.3771,1.37774,1.37707,1.37759,604,1,0
2025-09-18 13:00:00,1.3776,1.37762,1.37699,1.37709,563,1,0
2025-09-18 13:15:00,1.37709,1.3771499999999999,1.37679,1.3768799999999999,594,1,0
2025-09-18 13:30:00,1.3768799999999999,1.37744,1.37672,1.37736,488,1,0
2025-09-18 13:45:00,1.37736,1.37748,1.377,1.37734,553,1,0
2025-09-18 14:00:00,1.37734,1.3774600000000001,1.37699,1.37732,849,1,0
2025-09-18 14:15:00,1.37732,1.3775,1.37705,1.3774199999999999,784,1,0
2025-09-18 14:30:00,1.37741,1.37781,1.37717,1.3777300000000001,666,1,0
2025-09-18 14:45:00,1.3777300000000001,1.37791,1.37758,1.37777,674,1,0
2025-09-18 15:00:00,1.37777,1.3784,1.37766,1.3783699999999999,918,1,0
2025-09-18 15:15:00,1.3783699999999999,1.37865,1.37797,1.37798,642,1,0
2025-09-18 15:30:00,1.37797,1.379,1.37797,1.37824,1151,1,0
2025-09-18 15:45:00,1.37824,1.37866,1.37766,1.37865,1070,1,0
2025-09-18 16:00:00,1.3786800000000001,1.37961,1.3786399999999999,1.3789,1204,1,0
2025-09-18 16:15:00,1.3789,1.3793199999999999,1.37877,1.3791,809,1,0
2025-09-18 16:30:00,1.37909,1.38089,1.3790200000000001,1.38089,1511,1,0
2025-09-18 16:45:00,1.38089,1.381,1.3795600000000001,1.37977,1695,1,0
2025-09-18 17:00:00,1.37979,1.37999,1.37919,1.3795600000000001,1458,1,0
2025-09-18 17:15:00,1.3795600000000001,1.38025,1.37943,1.3798300000000001,1250,1,0
2025-09-18 17:30:00,1.3798300000000001,1.38013,1.37937,1.38011,1173,1,0
2025-09-18 17:45:00,1.38011,1.38052,1.3792900000000001,1.38032,1360,1,0
2025-09-18 18:00:00,1.38032,1.38069,1.37978,1.38057,1462,1,0
2025-09-18 18:15:00,1.38057,1.38068,1.3799299999999999,1.38011,967,1,0
2025-09-18 18:30:00,1.38011,1.3805,1.37975,1.38048,815,1,0
2025-09-18 18:45:00,1.38048,1.38073,1.37958,1.37968,979,1,0
2025-09-18 19:00:00,1.37968,1.38031,1.37953,1.38001,851,1,0
2025-09-18 19:15:00,1.38002,1.38099,1.37982,1.3809,838,1,0
2025-09-18 19:30:00,1.3809,1.38097,1.38068,1.38084,561,1,0
2025-09-18 19:45:00,1.38084,1.38084,1.38007,1.38025,511,1,0
2025-09-18 20:00:00,1.38025,1.38033,1.37972,1.37982,628,1,0
2025-09-18 20:15:00,1.37982,1.37992,1.37953,1.37955,506,1,0
2025-09-18 20:30:00,1.37953,1.37957,1.3792200000000001,1.37945,472,1,0
2025-09-18 20:45:00,1.37945,1.37982,1.3793199999999999,1.37964,496,1,0
2025-09-18 21:00:00,1.37964,1.37996,1.37961,1.3796599999999999,533,1,0
2025-09-18 21:15:00,1.3796599999999999,1.3796599999999999,1.37942,1.37954,392,1,0
2025-09-18 21:30:00,1.37955,1.38007,1.37947,1.38003,516,1,0
2025-09-18 21:45:00,1.38004,1.38009,1.3793,1.3796300000000001,465,1,0
2025-09-18 22:00:00,1.3796300000000001,1.3799299999999999,1.3792900000000001,1.37953,426,1,0
2025-09-18 22:15:00,1.37952,1.3795899999999999,1.3787099999999999,1.37883,517,1,0
2025-09-18 22:30:00,1.37883,1.37945,1.3787099999999999,1.37901,498,1,0
2025-09-18 22:45:00,1.37901,1.37972,1.37901,1.3795899999999999,563,1,0
2025-09-18 23:00:00,1.3795899999999999,1.37981,1.37938,1.3794,359,1,0
2025-09-18 23:15:00,1.3794,1.37945,1.37911,1.3793199999999999,262,1,0
2025-09-18 23:30:00,1.37933,1.37984,1.37926,1.37979,394,1,0
2025-09-18 23:45:00,1.37979,1.38022,1.37954,1.37955,459,7,0
2025-09-19 00:00:00,1.37957,1.37957,1.37883,1.37955,34,29,0
2025-09-19 00:15:00,1.37955,1.37987,1.37946,1.37952,1027,35,0
2025-09-19 00:30:00,1.37962,1.3799000000000001,1.37954,1.37976,282,35,0
2025-09-19 00:45:00,1.37976,1.37985,1.3795600000000001,1.3796300000000001,287,35,0
2025-09-19 01:00:00,1.3796300000000001,1.3798,1.37952,1.37952,360,1,0
2025-09-19 01:15:00,1.37951,1.37961,1.3795,1.37957,1955,1,0
2025-09-19 01:30:00,1.37957,1.37961,1.37949,1.37958,466,1,0
2025-09-19 01:45:00,1.37958,1.37969,1.3794,1.37946,245,1,0
2025-09-19 02:00:00,1.37946,1.3796300000000001,1.37943,1.3795600000000001,203,1,0
2025-09-19 02:15:00,1.3795600000000001,1.3795899999999999,1.37945,1.3795,168,1,0
2025-09-19 02:30:00,1.3795,1.37957,1.37934,1.37941,191,1,0
2025-09-19 02:45:00,1.37941,1.37943,1.37921,1.3792200000000001,228,1,0
2025-09-19 03:00:00,1.3792200000000001,1.37958,1.37901,1.3795600000000001,719,1,0
2025-09-19 03:15:00,1.3795600000000001,1.37999,1.3795,1.37977,505,1,0
2025-09-19 03:30:00,1.37978,1.37999,1.37968,1.3798300000000001,498,1,0
2025-09-19 03:45:00,1.3798300000000001,1.37989,1.3795,1.3795899999999999,506,1,0
2025-09-19 04:00:00,1.3795899999999999,1.37988,1.37947,1.37982,489,1,0
2025-09-19 04:15:00,1.37982,1.37996,1.3797,1.37984,427,1,0
2025-09-19 04:30:00,1.37984,1.3799299999999999,1.3795899999999999,1.37985,487,1,0
2025-09-19 04:45:00,1.37985,1.38049,1.37984,1.38036,571,1,0
2025-09-19 05:00:00,1.38037,1.38046,1.38028,1.38032,606,1,0
2025-09-19 05:15:00,1.38032,1.38046,1.38018,1.3803,347,1,0
2025-09-19 05:30:00,1.3803,1.38034,1.37985,1.38,450,1,0
2025-09-19 05:45:00,1.38,1.38013,1.37991,1.38007,397,1,0
2025-09-19 06:00:00,1.38007,1.38008,1.37969,1.37972,436,1,0
2025-09-19 06:15:00,1.37972,1.37973,1.37921,1.37926,423,1,0
2025-09-19 06:30:00,1.37926,1.37949,1.37917,1.37946,380,1,0
2025-09-19 06:45:00,1.37944,1.37971,1.37919,1.37949,1012,1,0
2025-09-19 07:00:00,1.37944,1.37946,1.37887,1.37921,711,1,0
2025-09-19 07:15:00,1.37921,1.37976,1.37913,1.3796599999999999,543,1,0
2025-09-19 07:30:00,1.3796599999999999,1.38029,1.3796599999999999,1.38019,446,1,0
2025-09-19 07:45:00,1.38019,1.38028,1.3795899999999999,1.37978,509,1,0
2025-09-19 08:00:00,1.37978,1.3798,1.37948,1.37972,572,1,0
2025-09-19 08:15:00,1.37972,1.38038,1.37958,1.38029,457,1,0
2025-09-19 08:30:00,1.38029,1.38071,1.38025,1.38042,365,1,0
2025-09-19 08:45:00,1.38042,1.38068,1.38037,1.3806,503,1,0
2025-09-19 09:00:00,1.38061,1.38097,1.3805399999999999,1.38086,727,1,0
2025-09-19 09:15:00,1.38089,1.38143,1.38084,1.38132,669,1,0
2025-09-19 09:30:00,1.38131,1.38199,1.38103,1.38122,1065,1,0
2025-09-19 09:45:00,1.38121,1.38144,1.38097,1.38128,863,1,0
2025-09-19 10:00:00,1.38126,1.38202,1.38101,1.38114,1039,1,0
2025-09-19 10:15:00,1.3811499999999999,1.3814600000000001,1.38034,1.38046,812,1,0
2025-09-19 10:30:00,1.38046,1.38098,1.38026,1.38095,702,1,0
2025-09-19 10:45:00,1.38095,1.38137,1.38068,1.3813,794,1,0
2025-09-19 11:00:00,1.3813,1.38183,1.38113,1.38143,795,1,0
2025-09-19 11:15:00,1.38143,1.38179,1.3813,1.3815,613,1,0
2025-09-19 11:30:00,1.3815,1.38154,1.38104,1.3814199999999999,695,1,0
2025-09-19 11:45:00,1.3814199999999999,1.38143,1.38079,1.38087,605,1,0
2025-09-19 12:00:00,1.38087,1.38105,1.38064,1.38101,588,1,0
2025-09-19 12:15:00,1.38101,1.3810799999999999,1.38082,1.38107,518,1,0
2025-09-19 12:30:00,1.38107,1.3813,1.38098,1.38103,537,1,0
2025-09-19 12:45:00,1.38103,1.3814,1.38098,1.38128,629,1,0
2025-09-19 13:00:00,1.38128,1.3813,1.3808099999999999,1.38089,526,1,0
2025-09-19 13:15:00,1.38089,1.38099,1.38065,1.3807800000000001,438,1,0
2025-09-19 13:30:00,1.3807800000000001,1.38092,1.38071,1.38083,427,1,0
2025-09-19 13:45:00,1.38083,1.38091,1.3805399999999999,1.38074,546,1,0
2025-09-19 14:00:00,1.38074,1.3811200000000001,1.38063,1.38089,590,1,0
2025-09-19 14:15:00,1.38089,1.38089,1.38052,1.38062,398,1,0
2025-09-19 14:30:00,1.38062,1.38152,1.38056,1.38145,457,1,0
2025-09-19 14:45:00,1.3814600000000001,1.38179,1.38129,1.38163,649,1,0
2025-09-19 15:00:00,1.38163,1.38179,1.38118,1.3814899999999999,814,1,0
2025-09-19 15:15:00,1.38148,1.38228,1.38144,1.38183,789,1,0
2025-09-19 15:30:00,1.38183,1.38228,1.38174,1.38204,762,1,0
2025-09-19 15:45:00,1.38204,1.38255,1.38188,1.38188,759,1,0
2025-09-19 16:00:00,1.38188,1.38198,1.3813900000000001,1.38148,824,1,0
2025-09-19 16:15:00,1.3814899999999999,1.38186,1.38111,1.38152,822,1,0
2025-09-19 16:30:00,1.3815,1.38177,1.3809,1.38159,1036,1,0
2025-09-19 16:45:00,1.3814899999999999,1.38168,1.38043,1.38073,981,1,0
2025-09-19 17:00:00,1.38073,1.38092,1.37947,1.3802400000000001,1304,1,0
2025-09-19 17:15:00,1.3802400000000001,1.3804,1.3793,1.37972,977,1,0
2025-09-19 17:30:00,1.37972,1.3799299999999999,1.37873,1.37893,890,1,0
2025-09-19 17:45:00,1.37893,1.37944,1.3771900000000001,1.37745,1854,1,0
2025-09-19 18:00:00,1.3774600000000001,1.37857,1.37727,1.37777,1575,1,0
2025-09-19 18:15:00,1.37777,1.37788,1.37733,1.37779,896,1,0
2025-09-19 18:30:00,1.37779,1.37812,1.3771499999999999,1.37743,950,1,0
2025-09-19 18:45:00,1.37743,1.37754,1.37704,1.37732,684,1,0
2025-09-19 19:00:00,1.37729,1.37761,1.37693,1.37754,792,1,0
2025-09-19 19:15:00,1.37754,1.37767,1.37727,1.37764,583,1,0
2025-09-19 19:30:00,1.37764,1.37806,1.37751,1.37772,592,1,0
2025-09-19 19:45:00,1.37772,1.3780999999999999,1.37769,1.37771,546,1,0
2025-09-19 20:00:00,1.37771,1.3780299999999999,1.37751,1.3779,537,1,0
2025-09-19 20:15:00,1.3779,1.37792,1.37757,1.37768,481,1,0
2025-09-19 20:30:00,1.37768,1.37778,1.37755,1.37767,353,1,0
2025-09-19 20:45:00,1.37767,1.37768,1.37711,1.3773,387,1,0
2025-09-19 21:00:00,1.37731,1.37744,1.3772,1.37726,376,1,0
2025-09-19 21:15:00,1.37726,1.3773900000000001,1.37711,1.37714,366,1,0
2025-09-19 21:30:00,1.37713,1.3772199999999999,1.37691,1.37708,381,1,0
2025-09-19 21:45:00,1.37708,1.3777300000000001,1.37701,1.37763,608,1,0
2025-09-19 22:00:00,1.37763,1.37765,1.3773,1.37744,381,1,0
2025-09-19 22:15:00,1.37744,1.37769,1.3771200000000001,1.37762,342,1,0
2025-09-19 22:30:00,1.37762,1.37794,1.37762,1.3778000000000001,403,1,0
2025-09-19 22:45:00,1.37779,1.37878,1.37771,1.37878,676,1,0
2025-09-19 23:00:00,1.37877,1.37915,1.37821,1.3786100000000001,407,1,0
2025-09-19 23:15:00,1.3786100000000001,1.37867,1.37816,1.3784399999999999,309,1,0
2025-09-19 23:30:00,1.37842,1.3790499999999999,1.3784,1.3787,322,1,0
2025-09-19 23:45:00,1.3787,1.37916,1.37775,1.37794,543,7,0
2025-09-22 00:00:00,1.37709,1.37769,1.37702,1.37764,89,116,0
2025-09-22 00:15:00,1.37764,1.37769,1.37763,1.37766,42,108,0
2025-09-22 00:30:00,1.37767,1.37813,1.37767,1.37813,185,68,0
2025-09-22 00:45:00,1.37811,1.37826,1.37805,1.3780999999999999,440,49,0
2025-09-22 01:00:00,1.3780999999999999,1.37838,1.3777,1.37824,324,1,0
2025-09-22 01:15:00,1.37822,1.37831,1.37809,1.37811,169,1,0
2025-09-22 01:30:00,1.37811,1.3782,1.37801,1.37819,161,1,0
2025-09-22 01:45:00,1.37819,1.37822,1.37816,1.37818,146,1,0
2025-09-22 02:00:00,1.37818,1.3784100000000001,1.3780999999999999,1.3784,175,1,0
2025-09-22 02:15:00,1.3784,1.37842,1.37828,1.37832,102,1,0
2025-09-22 02:30:00,1.37832,1.37843,1.37823,1.37833,159,1,0
2025-09-22 02:45:00,1.37833,1.37858,1.37822,1.37827,277,1,0
2025-09-22 03:00:00,1.37827,1.3787099999999999,1.3782,1.37825,612,1,0
2025-09-22 03:15:00,1.37825,1.37859,1.37824,1.37852,428,1,0
2025-09-22 03:30:00,1.37852,1.37904,1.37848,1.37901,323,1,0
2025-09-22 03:45:00,1.37901,1.3796,1.37875,1.37876,621,1,0
2025-09-22 04:00:00,1.37876,1.3789500000000001,1.3783,1.37894,780,1,0
2025-09-22 04:15:00,1.37894,1.37948,1.37874,1.37943,527,1,0
2025-09-22 04:30:00,1.37943,1.3795899999999999,1.37915,1.37937,771,1,0
2025-09-22 04:45:00,1.37937,1.37976,1.37928,1.3796,500,1,0
2025-09-22 05:00:00,1.3796,1.38,1.37949,1.37979,481,1,0
2025-09-22 05:15:00,1.37979,1.38002,1.37974,1.37977,365,1,0
2025-09-22 05:30:00,1.37978,1.37978,1.37933,1.37943,528,1,0
2025-09-22 05:45:00,1.37943,1.37954,1.37935,1.3795,751,1,0
2025-09-22 06:00:00,1.37951,1.37955,1.3792,1.37927,780,1,0
2025-09-22 06:15:00,1.37927,1.37943,1.37924,1.37939,438,1,0
2025-09-22 06:30:00,1.37939,1.37957,1.37933,1.37944,369,1,0
2025-09-22 06:45:00,1.37944,1.37958,1.3794,1.37957,306,1,0
2025-09-22 07:00:00,1.37957,1.37984,1.37957,1.3796599999999999,388,1,0
2025-09-22 07:15:00,1.3796599999999999,1.37985,1.3796,1.3798300000000001,308,1,0
2025-09-22 07:30:00,1.37985,1.37992,1.37975,1.37987,250,1,0
2025-09-22 07:45:00,1.37987,1.38004,1.37982,1.3798599999999999,358,1,0
2025-09-22 08:00:00,1.37985,1.37995,1.37971,1.37979,322,1,0
2025-09-22 08:15:00,1.37979,1.37985,1.37961,1.37968,341,1,0
2025-09-22 08:30:00,1.37968,1.37987,1.37917,1.37943,405,1,0
2025-09-22 08:45:00,1.37943,1.37985,1.37942,1.37976,364,1,0
2025-09-22 09:00:00,1.37977,1.37996,1.37954,1.37976,514,1,0
2025-09-22 09:15:00,1.37976,1.38,1.37965,1.37976,477,1,0
2025-09-22 09:30:00,1.37977,1.37997,1.37953,1.3798300000000001,590,1,0
2025-09-22 09:45:00,1.3798300000000001,1.3799299999999999,1.37939,1.37984,610,1,0
2025-09-22 10:00:00,1.37985,1.3805399999999999,1.37984,1.38031,811,1,0
2025-09-22 10:15:00,1.38031,1.3809,1.38031,1.3804699999999999,826,1,0
2025-09-22 10:30:00,1.3804699999999999,1.38102,1.38042,1.38095,751,1,0
2025-09-22 10:45:00,1.38095,1.38102,1.3804699999999999,1.3808500000000001,739,1,0
2025-09-22 11:00:00,1.38086,1.38089,1.38002,1.3802400000000001,831,1,0
2025-09-22 11:15:00,1.3802400000000001,1.38057,1.38002,1.38057,737,1,0
2025-09-22 11:30:00,1.38056,1.3807,1.38038,1.38052,633,1,0
2025-09-22 11:45:00,1.38052,1.38082,1.38046,1.38058,619,1,0
2025-09-22 12:00:00,1.38058,1.38103,1.38052,1.38099,607,1,0
2025-09-22 12:15:00,1.38099,1.38122,1.3808,1.38111,560,1,0
2025-09-22 12:30:00,1.38111,1.38122,1.38049,1.38061,565,1,0
2025-09-22 12:45:00,1.3806,1.38098,1.38028,1.38094,645,1,0
2025-09-22 13:00:00,1.38094,1.38103,1.38056,1.38065,526,1,0
2025-09-22 13:15:00,1.38066,1.3808,1.3802699999999999,1.38053,501,1,0
2025-09-22 13:30:00,1.38053,1.38066,1.38041,1.38062,438,1,0
2025-09-22 13:45:00,1.38062,1.38072,1.38043,1.38063,421,1,0
2025-09-22 14:00:00,1.38062,1.38067,1.38041,1.38062,484,1,0
2025-09-22 14:15:00,1.38062,1.38106,1.38049,1.38057,574,1,0
2025-09-22 14:30:00,1.38055,1.38105,1.38055,1.38097,501,1,0
2025-09-22 14:45:00,1.38097,1.38097,1.38065,1.3807,549,1,0
2025-09-22 15:00:00,1.3807,1.38121,1.38064,1.38095,596,1,0
2025-09-22 15:15:00,1.38095,1.38143,1.3809,1.38116,565,1,0
2025-09-22 15:30:00,1.38116,1.38118,1.38058,1.38058,608,1,0
2025-09-22 15:45:00,1.38059,1.38076,1.37977,1.37979,885,1,0
2025-09-22 16:00:00,1.37975,1.3801700000000001,1.37931,1.37997,1053,1,0
2025-09-22 16:15:00,1.37997,1.38023,1.37962,1.37985,569,1,0
2025-09-22 16:30:00,1.37984,1.38079,1.37981,1.38077,1013,1,0
2025-09-22 16:45:00,1.38077,1.38155,1.38068,1.38077,873,1,0
2025-09-22 17:00:00,1.3807800000000001,1.38134,1.3807,1.3811499999999999,790,1,0
2025-09-22 17:15:00,1.38117,1.3816899999999999,1.38116,1.38118,705,1,0
2025-09-22 17:30:00,1.38117,1.38158,1.38094,1.38117,743,1,0
2025-09-22 17:45:00,1.38117,1.38143,1.3807800000000001,1.38099,858,1,0
2025-09-22 18:00:00,1.38099,1.38163,1.38086,1.38163,787,1,0
2025-09-22 18:15:00,1.38163,1.3816899999999999,1.38111,1.3811200000000001,586,1,0
2025-09-22 18:30:00,1.38113,1.38132,1.3809,1.38116,612,1,0
2025-09-22 18:45:00,1.38117,1.38186,1.38109,1.38153,678,1,0
2025-09-22 19:00:00,1.38153,1.38184,1.38136,1.38158,704,1,0
2025-09-22 19:15:00,1.38158,1.38235,1.38135,1.38232,817,1,0
2025-09-22 19:30:00,1.38232,1.38278,1.38228,1.38266,618,1,0
2025-09-22 19:45:00,1.38266,1.3829099999999999,1.3826399999999999,1.38277,636,1,0
2025-09-22 20:00:00,1.38278,1.38283,1.38259,1.3828,468,1,0
2025-09-22 20:15:00,1.3828,1.38282,1.38217,1.38229,516,1,0
2025-09-22 20:30:00,1.38231,1.38233,1.38208,1.38229,388,1,0
2025-09-22 20:45:00,1.38229,1.38249,1.38217,1.38223,389,1,0
2025-09-22 21:00:00,1.38223,1.38228,1.38192,1.38202,544,1,0
2025-09-22 21:15:00,1.38202,1.38214,1.38178,1.3818,319,1,0
2025-09-22 21:30:00,1.3818,1.38213,1.38167,1.38198,335,1,0
2025-09-22 21:45:00,1.38198,1.3822999999999999,1.38198,1.38211,422,1,0
2025-09-22 22:00:00,1.38211,1.38243,1.38209,1.3823699999999999,528,1,0
2025-09-22 22:15:00,1.3823699999999999,1.38244,1.38212,1.3822999999999999,388,1,0
2025-09-22 22:30:00,1.3822999999999999,1.38233,1.38206,1.38226,340,1,0
2025-09-22 22:45:00,1.38226,1.38228,1.38198,1.38222,549,1,0
2025-09-22 23:00:00,1.38223,1.38285,1.38218,1.38278,355,1,0
2025-09-22 23:15:00,1.38277,1.38317,1.38276,1.38307,365,1,0
2025-09-22 23:30:00,1.38307,1.38307,1.38253,1.38257,350,1,0
2025-09-22 23:45:00,1.38257,1.3826,1.3817300000000001,1.38177,374,7,0
2025-09-23 00:00:00,1.3817599999999999,1.3817599999999999,1.38106,1.3817300000000001,40,22,0
2025-09-23 00:15:00,1.3817300000000001,1.3817300000000001,1.38148,1.38158,43,35,0
2025-09-23 00:30:00,1.38158,1.38171,1.38158,1.3816899999999999,51,41,0
2025-09-23 00:45:00,1.38168,1.38202,1.38165,1.38198,99,35,0
2025-09-23 01:00:00,1.38198,1.38227,1.38189,1.38223,362,1,0
2025-09-23 01:15:00,1.38224,1.38227,1.38213,1.38221,349,1,0
2025-09-23 01:30:00,1.38221,1.38239,1.38214,1.38238,238,1,0
2025-09-23 01:45:00,1.38238,1.38246,1.38235,1.38242,177,1,0
2025-09-23 02:00:00,1.3824100000000001,1.38245,1.3822999999999999,1.38245,362,1,0
2025-09-23 02:15:00,1.38245,1.38251,1.38233,1.3824100000000001,266,1,0
2025-09-23 02:30:00,1.3824100000000001,1.38246,1.38233,1.38244,353,1,0
2025-09-23 02:45:00,1.38244,1.38265,1.3823400000000001,1.38256,385,1,0
2025-09-23 03:00:00,1.38255,1.383,1.38235,1.38296,449,1,0
2025-09-23 03:15:00,1.38296,1.3832200000000001,1.3829099999999999,1.38306,449,1,0
2025-09-23 03:30:00,1.38306,1.38318,1.38299,1.38311,468,1,0
2025-09-23 03:45:00,1.38311,1.38311,1.3827099999999999,1.38277,497,1,0
2025-09-23 04:00:00,1.38277,1.38286,1.38236,1.3828,698,1,0
2025-09-23 04:15:00,1.38279,1.38309,1.38278,1.38307,495,1,0
2025-09-23 04:30:00,1.38308,1.38319,1.3825,1.38252,541,1,0
2025-09-23 04:45:00,1.38252,1.3826399999999999,1.3823699999999999,1.38246,614,1,0
2025-09-23 05:00:00,1.38246,1.38303,1.38235,1.38288,544,1,0
2025-09-23 05:15:00,1.38287,1.38296,1.38259,1.38296,425,1,0
2025-09-23 05:30:00,1.38296,1.38316,1.38285,1.38296,526,1,0
2025-09-23 05:45:00,1.38296,1.38314,1.38282,1.38282,495,1,0
2025-09-23 06:00:00,1.38282,1.38317,1.38277,1.38307,585,1,0
2025-09-23 06:15:00,1.38307,1.38312,1.3827099999999999,1.38273,564,1,0
2025-09-23 06:30:00,1.38273,1.38283,1.38257,1.3826,355,1,0
2025-09-23 06:45:00,1.3826,1.38269,1.3825,1.38266,382,1,0
2025-09-23 07:00:00,1.38267,1.38273,1.38246,1.38267,464,1,0
2025-09-23 07:15:00,1.38267,1.3829099999999999,1.38265,1.38289,613,1,0
2025-09-23 07:30:00,1.38289,1.3829500000000001,1.38276,1.3829099999999999,380,1,0
2025-09-23 07:45:00,1.3829099999999999,1.38303,1.38287,1.3830200000000001,392,1,0
2025-09-23 08:00:00,1.38304,1.38315,1.38265,1.3827,440,1,0
2025-09-23 08:15:00,1.3827099999999999,1.38281,1.3823699999999999,1.3825,528,1,0
2025-09-23 08:30:00,1.3825,1.38259,1.3822999999999999,1.38246,476,1,0
2025-09-23 08:45:00,1.38246,1.38274,1.38239,1.3826100000000001,583,1,0
2025-09-23 09:00:00,1.38263,1.38308,1.38263,1.38292,578,1,0
2025-09-23 09:15:00,1.3829099999999999,1.38304,1.38249,1.38257,574,1,0
2025-09-23 09:30:00,1.38257,1.38301,1.38257,1.3827,493,1,0
2025-09-23 09:45:00,1.3827099999999999,1.3832,1.38238,1.38313,623,1,0
2025-09-23 10:00:00,1.38314,1.38395,1.38311,1.38365,830,1,0
2025-09-23 10:15:00,1.3838,1.38404,1.38353,1.38392,595,1,0
2025-09-23 10:30:00,1.3838300000000001,1.38427,1.38369,1.38421,815,1,0
2025-09-23 10:45:00,1.38421,1.38432,1.38389,1.38428,659,1,0
2025-09-23 11:00:00,1.38428,1.3844400000000001,1.38409,1.38433,591,1,0
2025-09-23 11:15:00,1.38433,1.38435,1.38375,1.38391,611,1,0
2025-09-23 11:30:00,1.38397,1.3841,1.38342,1.3835,825,1,0
2025-09-23 11:45:00,1.3835,1.3836300000000001,1.38318,1.38319,612,1,0
2025-09-23 12:00:00,1.38318,1.38331,1.3826800000000001,1.38281,637,1,0
2025-09-23 12:15:00,1.38281,1.38283,1.38251,1.38265,660,1,0
2025-09-23 12:30:00,1.38265,1.38287,1.38255,1.38287,554,1,0
2025-09-23 12:45:00,1.38287,1.38323,1.38272,1.3829799999999999,460,1,0
2025-09-23 13:00:00,1.3829799999999999,1.38323,1.3825,1.38252,497,1,0
2025-09-23 13:15:00,1.38253,1.3829099999999999,1.38246,1.38289,542,1,0
2025-09-23 13:30:00,1.38289,1.3832,1.38278,1.38282,475,1,0
2025-09-23 13:45:00,1.38281,1.38289,1.38254,1.38257,540,1,0
2025-09-23 14:00:00,1.38256,1.38309,1.38251,1.38293,495,1,0
2025-09-23 14:15:00,1.38293,1.38313,1.38269,1.38273,424,1,0
2025-09-23 14:30:00,1.38273,1.38281,1.38242,1.38258,456,1,0
2025-09-23 14:45:00,1.38257,1.38279,1.38231,1.38269,477,1,0
2025-09-23 15:00:00,1.38269,1.38314,1.38255,1.38292,647,1,0
2025-09-23 15:15:00,1.3829099999999999,1.38297,1.3820999999999999,1.38254,698,1,0
2025-09-23 15:30:00,1.38254,1.38262,1.38185,1.38188,625,1,0
2025-09-23 15:45:00,1.38188,1.38227,1.38174,1.38178,580,1,0
2025-09-23 16:00:00,1.38177,1.38178,1.38117,1.38167,916,1,0
2025-09-23 16:15:00,1.38165,1.38189,1.38136,1.38188,660,1,0
2025-09-23 16:30:00,1.38187,1.38301,1.38186,1.38253,921,1,0
2025-09-23 16:45:00,1.38245,1.3829099999999999,1.38219,1.38238,1289,1,0
2025-09-23 17:00:00,1.38236,1.38331,1.38215,1.38306,1214,1,0
2025-09-23 17:15:00,1.38306,1.38368,1.38281,1.38328,1029,1,0
2025-09-23 17:30:00,1.38328,1.3835,1.38211,1.38232,976,1,0
2025-09-23 17:45:00,1.38233,1.38313,1.38219,1.38272,1055,1,0
2025-09-23 18:00:00,1.38274,1.38293,1.38248,1.38258,770,1,0
2025-09-23 18:15:00,1.38259,1.38315,1.38258,1.38299,694,1,0
2025-09-23 18:30:00,1.38299,1.38345,1.3829500000000001,1.38336,616,1,0
2025-09-23 18:45:00,1.38336,1.3837,1.38333,1.3835600000000001,592,1,0
2025-09-23 19:00:00,1.3835600000000001,1.3835899999999999,1.38327,1.38341,498,1,0
2025-09-23 19:15:00,1.38341,1.3835899999999999,1.38309,1.38314,523,1,0
2025-09-23 19:30:00,1.38315,1.384,1.3829500000000001,1.38303,956,1,0
2025-09-23 19:45:00,1.38303,1.38316,1.38243,1.38293,834,1,0
2025-09-23 20:00:00,1.38293,1.383,1.38265,1.3828,738,1,0
2025-09-23 20:15:00,1.38279,1.38301,1.3826800000000001,1.3829500000000001,543,1,0
2025-09-23 20:30:00,1.38296,1.38378,1.38293,1.38373,786,1,0
2025-09-23 20:45:00,1.38373,1.38422,1.38355,1.38408,700,1,0
2025-09-23 21:00:00,1.38406,1.38439,1.38394,1.38436,565,1,0
2025-09-23 21:15:00,1.38436,1.3845399999999999,1.38418,1.38434,624,1,0
2025-09-23 21:30:00,1.38439,1.3845399999999999,1.38414,1.3841999999999999,454,1,0
2025-09-23 21:45:00,1.38421,1.38501,1.3841700000000001,1.38498,689,1,0
2025-09-23 22:00:00,1.38498,1.38498,1.38433,1.38456,719,1,0
2025-09-23 22:15:00,1.38456,1.38475,1.3844400000000001,1.3844699999999999,467,1,0
2025-09-23 22:30:00,1.3844699999999999,1.3845399999999999,1.38408,1.38414,469,1,0
2025-09-23 22:45:00,1.38416,1.3841700000000001,1.3838599999999999,1.38399,606,1,0
2025-09-23 23:00:00,1.38398,1.38421,1.38391,1.38394,258,1,0
2025-09-23 23:15:00,1.38394,1.38419,1.38369,1.38415,261,1,0
2025-09-23 23:30:00,1.38416,1.38419,1.38376,1.38388,389,1,0
2025-09-23 23:45:00,1.38388,1.38388,1.38339,1.38352,243,7,0
2025-09-24 00:00:00,1.38338,1.38338,1.38249,1.38327,27,24,0
2025-09-24 00:15:00,1.38327,1.3839000000000001,1.38299,1.3832200000000001,1053,35,0
2025-09-24 00:30:00,1.3832200000000001,1.3832200000000001,1.3831,1.38319,131,35,0
2025-09-24 00:45:00,1.38319,1.38337,1.38315,1.3833,165,35,0
2025-09-24 01:00:00,1.38328,1.38355,1.38328,1.38348,479,1,0
2025-09-24 01:15:00,1.38349,1.38362,1.38334,1.3835899999999999,263,1,0
2025-09-24 01:30:00,1.3836,1.3837,1.3835600000000001,1.38365,175,1,0
2025-09-24 01:45:00,1.38365,1.38384,1.3835600000000001,1.38382,365,1,0
2025-09-24 02:00:00,1.38381,1.38388,1.38362,1.38378,301,1,0
2025-09-24 02:15:00,1.38378,1.38378,1.38364,1.38372,325,1,0
2025-09-24 02:30:00,1.38372,1.38382,1.38367,1.38375,284,1,0
2025-09-24 02:45:00,1.38375,1.384,1.38375,1.3839000000000001,447,1,0
2025-09-24 03:00:00,1.38391,1.3845,1.38375,1.38448,647,1,0
2025-09-24 03:15:00,1.38448,1.38457,1.38431,1.38452,441,1,0
2025-09-24 03:30:00,1.38452,1.38467,1.38441,1.38445,446,1,0
2025-09-24 03:45:00,1.38445,1.38469,1.38428,1.38432,607,1,0
2025-09-24 04:00:00,1.38431,1.3847,1.38423,1.38467,610,1,0
2025-09-24 04:15:00,1.38467,1.38497,1.38465,1.38484,596,1,0
2025-09-24 04:30:00,1.38483,1.38483,1.38408,1.38413,1017,1,0
2025-09-24 04:45:00,1.38413,1.3845,1.3839000000000001,1.38434,866,1,0
2025-09-24 05:00:00,1.38434,1.38438,1.38407,1.38415,714,1,0
2025-09-24 05:15:00,1.38415,1.38432,1.384,1.38425,647,1,0
2025-09-24 05:30:00,1.38425,1.38443,1.38405,1.38406,499,1,0
2025-09-24 05:45:00,1.38406,1.38433,1.38403,1.38432,552,1,0
2025-09-24 06:00:00,1.38432,1.38445,1.38415,1.38443,474,1,0
2025-09-24 06:15:00,1.38442,1.3845100000000001,1.38437,1.3844699999999999,266,1,0
2025-09-24 06:30:00,1.3844699999999999,1.38458,1.38439,1.38453,315,1,0
2025-09-24 06:45:00,1.38453,1.3846,1.38441,1.38458,272,1,0
2025-09-24 07:00:00,1.38458,1.3847,1.38452,1.38458,352,1,0
2025-09-24 07:15:00,1.38458,1.38465,1.38445,1.38452,281,1,0
2025-09-24 07:30:00,1.38452,1.38463,1.3844,1.38449,271,1,0
2025-09-24 07:45:00,1.38449,1.38459,1.38443,1.38449,242,1,0
2025-09-24 08:00:00,1.38449,1.38471,1.38446,1.38463,336,1,0
2025-09-24 08:15:00,1.38463,1.38463,1.3844,1.38458,295,1,0
2025-09-24 08:30:00,1.38458,1.3847800000000001,1.3845399999999999,1.38477,288,1,0
2025-09-24 08:45:00,1.38477,1.38484,1.38459,1.38465,393,1,0
2025-09-24 09:00:00,1.38463,1.3848099999999999,1.38431,1.3847800000000001,629,1,0
2025-09-24 09:15:00,1.3847800000000001,1.38525,1.38472,1.3851200000000001,583,1,0
2025-09-24 09:30:00,1.3851200000000001,1.38544,1.38502,1.38528,587,1,0
2025-09-24 09:45:00,1.38528,1.3854199999999999,1.38503,1.3854,488,1,0
2025-09-24 10:00:00,1.3854,1.3857300000000001,1.3852,1.38572,650,1,0
2025-09-24 10:15:00,1.38572,1.38589,1.38559,1.3856,542,1,0
2025-09-24 10:30:00,1.38561,1.38602,1.38527,1.38531,618,1,0
2025-09-24 10:45:00,1.38531,1.38553,1.38507,1.38536,571,1,0
2025-09-24 11:00:00,1.38535,1.38612,1.38535,1.38606,635,1,0
2025-09-24 11:15:00,1.38606,1.38641,1.38593,1.3863400000000001,565,1,0
2025-09-24 11:30:00,1.3863400000000001,1.38643,1.38606,1.3862,510,1,0
2025-09-24 11:45:00,1.3862,1.38633,1.38593,1.3860700000000001,495,1,0
2025-09-24 12:00:00,1.3860700000000001,1.38639,1.3859,1.38628,526,1,0
2025-09-24 12:15:00,1.38628,1.38676,1.38622,1.38674,402,1,0
2025-09-24 12:30:00,1.38675,1.38714,1.3867099999999999,1.38712,480,1,0
2025-09-24 12:45:00,1.38712,1.3875199999999999,1.38692,1.38713,560,1,0
2025-09-24 13:00:00,1.38714,1.3875600000000001,1.38687,1.38746,531,1,0
2025-09-24 13:15:00,1.38746,1.3875899999999999,1.38717,1.38731,400,1,0
2025-09-24 13:30:00,1.38731,1.38753,1.38708,1.38751,511,1,0
2025-09-24 13:45:00,1.38751,1.38758,1.38727,1.38731,501,1,0
2025-09-24 14:00:00,1.38731,1.38772,1.38726,1.3875899999999999,512,1,0
2025-09-24 14:15:00,1.3875899999999999,1.3879000000000001,1.38738,1.38787,440,1,0
2025-09-24 14:30:00,1.3878599999999999,1.38788,1.3875899999999999,1.38765,461,1,0
2025-09-24 14:45:00,1.38765,1.38776,1.38696,1.38717,631,1,0
2025-09-24 15:00:00,1.38717,1.38739,1.38667,1.3871,801,1,0
2025-09-24 15:15:00,1.38709,1.3872200000000001,1.38662,1.38675,798,1,0
2025-09-24 15:30:00,1.38674,1.38764,1.38672,1.38761,661,1,0
2025-09-24 15:45:00,1.38761,1.3879299999999999,1.3874,1.38766,876,1,0
2025-09-24 16:00:00,1.38768,1.38807,1.38758,1.38807,749,1,0
2025-09-24 16:15:00,1.38809,1.38855,1.38805,1.38848,793,1,0
2025-09-24 16:30:00,1.38848,1.38858,1.38766,1.3881299999999999,1088,1,0
2025-09-24 16:45:00,1.3881299999999999,1.38833,1.38726,1.3877,1391,1,0
2025-09-24 17:00:00,1.38769,1.38964,1.38766,1.38924,1286,1,0
2025-09-24 17:15:00,1.38924,1.3896600000000001,1.38894,1.38923,1185,1,0
2025-09-24 17:30:00,1.38925,1.38941,1.38867,1.38883,1096,1,0
2025-09-24 17:45:00,1.38882,1.38909,1.38852,1.38889,1150,1,0
2025-09-24 18:00:00,1.3889,1.38913,1.38864,1.38891,929,1,0
2025-09-24 18:15:00,1.3889,1.3890500000000001,1.38853,1.38855,819,1,0
2025-09-24 18:30:00,1.38855,1.38955,1.3885100000000001,1.38955,719,1,0
2025-09-24 18:45:00,1.38955,1.38978,1.38917,1.38953,781,1,0
2025-09-24 19:00:00,1.38954,1.39002,1.38949,1.38988,903,1,0
2025-09-24 19:15:00,1.38989,1.39066,1.38986,1.39056,733,1,0
2025-09-24 19:30:00,1.39056,1.39065,1.39001,1.39006,785,1,0
2025-09-24 19:45:00,1.39006,1.39067,1.38997,1.39065,538,1,0
2025-09-24 20:00:00,1.39063,1.3906800000000001,1.38956,1.38977,670,1,0
2025-09-24 20:15:00,1.38977,1.39006,1.38958,1.3899599999999999,468,1,0
2025-09-24 20:30:00,1.3899599999999999,1.39055,1.38994,1.3905,418,1,0
2025-09-24 20:45:00,1.39049,1.39052,1.39006,1.39009,573,1,0
2025-09-24 21:00:00,1.39008,1.39056,1.3899599999999999,1.39005,469,1,0
2025-09-24 21:15:00,1.39005,1.3904,1.38984,1.3903699999999999,538,1,0
2025-09-24 21:30:00,1.3903699999999999,1.3905699999999999,1.3900299999999999,1.39016,647,1,0
2025-09-24 21:45:00,1.39016,1.39046,1.39007,1.39042,553,1,0
2025-09-24 22:00:00,1.39042,1.3906800000000001,1.3902700000000001,1.39048,414,1,0
2025-09-24 22:15:00,1.39048,1.39062,1.3904,1.39044,447,1,0
2025-09-24 22:30:00,1.39044,1.39045,1.38972,1.38994,531,1,0
2025-09-24 22:45:00,1.38994,1.39029,1.3897599999999999,1.39029,585,1,0
2025-09-24 23:00:00,1.3902700000000001,1.39028,1.38984,1.38988,335,1,0
2025-09-24 23:15:00,1.38988,1.38988,1.38961,1.38967,266,1,0
2025-09-24 23:30:00,1.38967,1.38998,1.38946,1.38982,274,1,0
2025-09-24 23:45:00,1.38982,1.39005,1.38958,1.38961,455,7,0
2025-09-25 00:00:00,1.38949,1.38957,1.3885,1.38957,32,25,0
2025-09-25 00:15:00,1.38957,1.3897599999999999,1.38955,1.38974,64,35,0
2025-09-25 00:30:00,1.38975,1.38986,1.3897300000000001,1.38979,99,35,0
2025-09-25 00:45:00,1.38979,1.38986,1.3896600000000001,1.3896899999999999,174,35,0
2025-09-25 01:00:00,1.3896899999999999,1.38993,1.38958,1.38968,446,1,0
2025-09-25 01:15:00,1.38968,1.38971,1.38956,1.38964,592,1,0
2025-09-25 01:30:00,1.38963,1.38967,1.38962,1.38964,261,1,0
2025-09-25 01:45:00,1.38964,1.38977,1.38955,1.38965,254,1,0
2025-09-25 02:00:00,1.38963,1.38968,1.38957,1.38962,208,1,0
2025-09-25 02:15:00,1.38962,1.38979,1.38955,1.38978,247,1,0
2025-09-25 02:30:00,1.38978,1.38994,1.3897599999999999,1.38981,160,1,0
2025-09-25 02:45:00,1.38981,1.38981,1.38963,1.38968,339,1,0
2025-09-25 03:00:00,1.38964,1.3896899999999999,1.38946,1.38963,584,1,0
2025-09-25 03:15:00,1.38963,1.38974,1.38948,1.38949,520,1,0
2025-09-25 03:30:00,1.38949,1.38954,1.3893900000000001,1.38947,413,1,0
2025-09-25 03:45:00,1.38947,1.38959,1.38919,1.38924,677,1,0
2025-09-25 04:00:00,1.38924,1.38945,1.38919,1.38929,520,1,0
2025-09-25 04:15:00,1.38927,1.38948,1.38918,1.38933,582,1,0
2025-09-25 04:30:00,1.38933,1.38959,1.38913,1.38952,452,1,0
2025-09-25 04:45:00,1.38951,1.38953,1.38914,1.38917,546,1,0
2025-09-25 05:00:00,1.38917,1.38917,1.38882,1.3889,450,1,0
2025-09-25 05:15:00,1.3889,1.3891,1.38885,1.38902,347,1,0
2025-09-25 05:30:00,1.38902,1.38904,1.38871,1.3888,450,1,0
2025-09-25 05:45:00,1.3888,1.38901,1.38871,1.38882,442,1,0
2025-09-25 06:00:00,1.38882,1.3889,1.38869,1.3887,292,1,0
2025-09-25 06:15:00,1.3887,1.38876,1.38857,1.38863,295,1,0
2025-09-25 06:30:00,1.38863,1.38871,1.3885100000000001,1.38862,282,1,0
2025-09-25 06:45:00,1.38862,1.38868,1.3885100000000001,1.3886,294,1,0
2025-09-25 07:00:00,1.38861,1.38885,1.38852,1.38883,315,1,0
2025-09-25 07:15:00,1.38883,1.3889,1.3887,1.38875,312,1,0
2025-09-25 07:30:00,1.38875,1.38888,1.3887399999999999,1.38884,290,1,0
2025-09-25 07:45:00,1.38884,1.38895,1.3887,1.38872,222,1,0
2025-09-25 08:00:00,1.38872,1.38918,1.38867,1.38917,303,1,0
2025-09-25 08:15:00,1.3891499999999999,1.38934,1.38913,1.38931,393,1,0
2025-09-25 08:30:00,1.38931,1.3896,1.38928,1.38949,392,1,0
2025-09-25 08:45:00,1.38949,1.38965,1.38934,1.38953,420,1,0
2025-09-25 09:00:00,1.38951,1.38982,1.38951,1.3896899999999999,384,1,0
2025-09-25 09:15:00,1.3897,1.38972,1.38918,1.38947,613,1,0
2025-09-25 09:30:00,1.38947,1.38985,1.38918,1.3897,666,1,0
2025-09-25 09:45:00,1.38971,1.38995,1.3896,1.38975,569,1,0
2025-09-25 10:00:00,1.38974,1.39012,1.38964,1.38998,700,1,0
2025-09-25 10:15:00,1.38999,1.3900000000000001,1.38963,1.38986,537,1,0
2025-09-25 10:30:00,1.38986,1.3899,1.3894,1.38975,656,1,0
2025-09-25 10:45:00,1.3897599999999999,1.39024,1.38972,1.39001,745,1,0
2025-09-25 11:00:00,1.38999,1.39024,1.38958,1.3897300000000001,701,1,0
2025-09-25 11:15:00,1.3897300000000001,1.38977,1.3893499999999999,1.3894199999999999,678,1,0
2025-09-25 11:30:00,1.38941,1.38971,1.38941,1.38951,625,1,0
2025-09-25 11:45:00,1.38951,1.3897,1.38925,1.38937,527,1,0
2025-09-25 12:00:00,1.3893499999999999,1.38948,1.38916,1.38934,509,1,0
2025-09-25 12:15:00,1.38934,1.3896600000000001,1.38913,1.3896,453,1,0
2025-09-25 12:30:00,1.3896,1.38968,1.38943,1.38946,463,1,0
2025-09-25 12:45:00,1.38945,1.38953,1.38913,1.38932,457,1,0
2025-09-25 13:00:00,1.38932,1.3893900000000001,1.38911,1.3892,473,1,0
2025-09-25 13:15:00,1.3892,1.3893900000000001,1.389,1.38938,406,1,0
2025-09-25 13:30:00,1.38938,1.38958,1.38933,1.38954,488,1,0
2025-09-25 13:45:00,1.38954,1.38961,1.3894,1.38952,513,1,0
2025-09-25 14:00:00,1.38952,1.3900000000000001,1.3895,1.38984,580,1,0
2025-09-25 14:15:00,1.38984,1.38988,1.38932,1.3894199999999999,583,1,0
2025-09-25 14:30:00,1.38943,1.38974,1.38932,1.38937,563,1,0
2025-09-25 14:45:00,1.38937,1.38944,1.38913,1.38944,643,1,0
2025-09-25 15:00:00,1.3894199999999999,1.3896600000000001,1.3893499999999999,1.38947,644,1,0
2025-09-25 15:15:00,1.38947,1.3897599999999999,1.38921,1.38929,681,1,0
2025-09-25 15:30:00,1.38947,1.39099,1.38918,1.39072,1682,1,0
2025-09-25 15:45:00,1.39077,1.39132,1.39047,1.39066,1385,1,0
2025-09-25 16:00:00,1.39067,1.39135,1.39047,1.3908,1131,1,0
2025-09-25 16:15:00,1.3908,1.39167,1.39041,1.3914900000000001,977,1,0
2025-09-25 16:30:00,1.39148,1.39204,1.3909799999999999,1.39185,1551,1,0
2025-09-25 16:45:00,1.3918599999999999,1.39246,1.39171,1.39177,1354,1,0
2025-09-25 17:00:00,1.39177,1.3921299999999999,1.3914,1.39208,1222,1,0
2025-09-25 17:15:00,1.39208,1.39212,1.39124,1.39177,1114,1,0
2025-09-25 17:30:00,1.39176,1.3924,1.3915899999999999,1.3918300000000001,1190,1,0
2025-09-25 17:45:00,1.39184,1.3924,1.3918,1.39223,1276,1,0
2025-09-25 18:00:00,1.39224,1.3928099999999999,1.39222,1.3927399999999999,1087,1,0
2025-09-25 18:15:00,1.39273,1.3929,1.39237,1.39285,917,1,0
2025-09-25 18:30:00,1.39285,1.39303,1.39224,1.39236,828,1,0
2025-09-25 18:45:00,1.39236,1.3927100000000001,1.39233,1.39248,693,1,0
2025-09-25 19:00:00,1.39248,1.39275,1.39236,1.39255,818,1,0
2025-09-25 19:15:00,1.39255,1.39306,1.39254,1.39282,642,1,0
2025-09-25 19:30:00,1.39283,1.39337,1.3927399999999999,1.3933499999999999,731,1,0
2025-09-25 19:45:00,1.3933499999999999,1.39372,1.39327,1.39355,682,1,0
2025-09-25 20:00:00,1.39357,1.39433,1.39353,1.3939300000000001,669,1,0
2025-09-25 20:15:00,1.3939300000000001,1.3943699999999999,1.3936,1.39424,884,1,0
2025-09-25 20:30:00,1.39426,1.39438,1.39389,1.39401,687,1,0
2025-09-25 20:45:00,1.39401,1.39419,1.39378,1.39417,529,1,0
2025-09-25 21:00:00,1.39417,1.39497,1.3941,1.3949099999999999,776,1,0
2025-09-25 21:15:00,1.3949099999999999,1.39494,1.39443,1.39467,481,1,0
2025-09-25 21:30:00,1.39467,1.39476,1.39407,1.39412,587,1,0
2025-09-25 21:45:00,1.39412,1.39442,1.39387,1.3942700000000001,664,1,0
2025-09-25 22:00:00,1.39428,1.3943699999999999,1.3939,1.39405,528,1,0
2025-09-25 22:15:00,1.39405,1.39428,1.3939599999999999,1.3942700000000001,514,1,0
2025-09-25 22:30:00,1.39426,1.3947,1.39415,1.39459,465,1,0
2025-09-25 22:45:00,1.39459,1.39465,1.39407,1.3942700000000001,564,1,0
2025-09-25 23:00:00,1.39426,1.3945400000000001,1.39397,1.39433,323,1,0
2025-09-25 23:15:00,1.39433,1.3943400000000001,1.3936899999999999,1.39371,299,1,0
2025-09-25 23:30:00,1.3936899999999999,1.39416,1.39367,1.39397,299,1,0
2025-09-25 23:45:00,1.39399,1.3942700000000001,1.39377,1.3939300000000001,474,7,0
2025-09-26 00:00:00,1.39392,1.39392,1.3913,1.39248,41,23,0
2025-09-26 00:15:00,1.39248,1.39362,1.39112,1.39356,305,52,0
2025-09-26 00:30:00,1.39356,1.39378,1.39343,1.39364,302,35,0
2025-09-26 00:45:00,1.39364,1.39377,1.39354,1.39357,379,35,0
2025-09-26 01:00:00,1.39356,1.39386,1.39351,1.39383,309,1,0
2025-09-26 01:15:00,1.39381,1.3939300000000001,1.39378,1.3939,318,1,0
2025-09-26 01:30:00,1.3939,1.3940299999999999,1.39388,1.39398,212,1,0
2025-09-26 01:45:00,1.39397,1.39415,1.3939599999999999,1.39412,239,1,0
2025-09-26 02:00:00,1.39412,1.39425,1.39399,1.39422,373,1,0
2025-09-26 02:15:00,1.3942,1.3945400000000001,1.3942,1.39443,333,1,0
2025-09-26 02:30:00,1.39441,1.3945400000000001,1.39412,1.39419,338,1,0
2025-09-26 02:45:00,1.39418,1.39438,1.39413,1.39417,257,1,0
2025-09-26 03:00:00,1.39417,1.39458,1.39413,1.39423,630,1,0
2025-09-26 03:15:00,1.39423,1.39436,1.39406,1.39409,611,1,0
2025-09-26 03:30:00,1.39409,1.3942700000000001,1.39384,1.39385,496,1,0
2025-09-26 03:45:00,1.39385,1.39422,1.39378,1.39389,667,1,0
2025-09-26 04:00:00,1.39389,1.39399,1.39367,1.3939,676,1,0
2025-09-26 04:15:00,1.39391,1.39413,1.3937599999999999,1.39407,479,1,0
2025-09-26 04:30:00,1.39407,1.39428,1.39385,1.3942,440,1,0
2025-09-26 04:45:00,1.39419,1.39447,1.3941,1.3943699999999999,482,1,0
2025-09-26 05:00:00,1.3943699999999999,1.39439,1.39397,1.39421,488,1,0
2025-09-26 05:15:00,1.39421,1.39423,1.39386,1.39389,311,1,0
2025-09-26 05:30:00,1.3939,1.39392,1.39365,1.39387,351,1,0
2025-09-26 05:45:00,1.39386,1.3939599999999999,1.39377,1.39391,357,1,0
2025-09-26 06:00:00,1.3939,1.39402,1.39382,1.3940000000000001,406,1,0
2025-09-26 06:15:00,1.3940000000000001,1.3940000000000001,1.39378,1.39378,325,1,0
2025-09-26 06:30:00,1.39378,1.39382,1.3936600000000001,1.39375,265,1,0
2025-09-26 06:45:00,1.39375,1.39383,1.3936600000000001,1.3936899999999999,323,1,0
2025-09-26 07:00:00,1.3936899999999999,1.3939,1.39367,1.39368,396,1,0
2025-09-26 07:15:00,1.39368,1.39372,1.3934199999999999,1.3937,326,1,0
2025-09-26 07:30:00,1.3937,1.39382,1.3936,1.3937300000000001,341,1,0
2025-09-26 07:45:00,1.3937300000000001,1.3938,1.39354,1.39354,316,1,0
2025-09-26 08:00:00,1.39354,1.39383,1.3935,1.39367,418,1,0
2025-09-26 08:15:00,1.39367,1.39382,1.39354,1.39359,322,1,0
2025-09-26 08:30:00,1.39359,1.39375,1.39356,1.39362,358,1,0
2025-09-26 08:45:00,1.39363,1.39408,1.39363,1.39405,385,1,0
2025-09-26 09:00:00,1.39407,1.3943400000000001,1.39389,1.39421,590,1,0
2025-09-26 09:15:00,1.3942,1.3945699999999999,1.39416,1.39441,506,1,0
2025-09-26 09:30:00,1.39441,1.39478,1.39431,1.39466,567,1,0
2025-09-26 09:45:00,1.39466,1.39475,1.39422,1.39425,793,1,0
2025-09-26 10:00:00,1.39425,1.39447,1.3939300000000001,1.39438,847,1,0
2025-09-26 10:15:00,1.39442,1.39481,1.39442,1.39455,591,1,0
2025-09-26 10:30:00,1.39455,1.39479,1.3944,1.39474,498,1,0
2025-09-26 10:45:00,1.39474,1.39482,1.39455,1.39459,493,1,0
2025-09-26 11:00:00,1.39458,1.39471,1.39431,1.39469,620,1,0
2025-09-26 11:15:00,1.39469,1.39469,1.39419,1.39439,491,1,0
2025-09-26 11:30:00,1.39438,1.39445,1.3939599999999999,1.39426,601,1,0
2025-09-26 11:45:00,1.39426,1.39479,1.39425,1.39469,426,1,0
2025-09-26 12:00:00,1.39469,1.39479,1.3942700000000001,1.3943400000000001,647,1,0
2025-09-26 12:15:00,1.3943400000000001,1.395,1.3943400000000001,1.39468,541,1,0
2025-09-26 12:30:00,1.39468,1.39476,1.3945,1.39465,347,1,0
2025-09-26 12:45:00,1.3946399999999999,1.3951500000000001,1.39462,1.39505,486,1,0
2025-09-26 13:00:00,1.39505,1.39568,1.39503,1.39566,414,1,0
2025-09-26 13:15:00,1.39566,1.39568,1.39532,1.39566,440,1,0
2025-09-26 13:30:00,1.39566,1.39577,1.39553,1.39553,383,1,0
2025-09-26 13:45:00,1.39553,1.39588,1.39534,1.39577,512,1,0
2025-09-26 14:00:00,1.39577,1.3957899999999999,1.39531,1.39545,585,1,0
2025-09-26 14:15:00,1.39545,1.39575,1.39537,1.39555,479,1,0
2025-09-26 14:30:00,1.39555,1.39555,1.39474,1.3949799999999999,591,1,0
2025-09-26 14:45:00,1.395,1.39509,1.3945699999999999,1.39497,555,1,0
2025-09-26 15:00:00,1.3949500000000001,1.39508,1.39456,1.39473,672,1,0
2025-09-26 15:15:00,1.39472,1.39474,1.39416,1.3945400000000001,641,1,0
2025-09-26 15:30:00,1.39455,1.39475,1.3933900000000001,1.3939599999999999,1614,1,0
2025-09-26 15:45:00,1.39394,1.39406,1.39343,1.39356,1234,1,0
2025-09-26 16:00:00,1.39356,1.39408,1.39323,1.39386,1323,1,0
2025-09-26 16:15:00,1.39386,1.39425,1.39356,1.39397,1041,1,0
2025-09-26 16:30:00,1.39401,1.3942,1.39318,1.3937599999999999,1371,1,0
2025-09-26 16:45:00,1.39377,1.3942999999999999,1.39353,1.39408,1305,1,0
2025-09-26 17:00:00,1.39409,1.39409,1.39349,1.39367,1340,1,0
2025-09-26 17:15:00,1.39367,1.39444,1.39355,1.39442,1183,1,0
2025-09-26 17:30:00,1.39444,1.39469,1.39354,1.39386,1067,1,0
2025-09-26 17:45:00,1.39386,1.3942700000000001,1.39328,1.39426,1329,1,0
2025-09-26 18:00:00,1.39426,1.39524,1.39414,1.39521,1128,1,0
2025-09-26 18:15:00,1.39521,1.39523,1.39424,1.39431,873,1,0
2025-09-26 18:30:00,1.39431,1.39478,1.39402,1.39458,849,1,0
2025-09-26 18:45:00,1.3946,1.39494,1.39432,1.39467,886,1,0
2025-09-26 19:00:00,1.39467,1.39508,1.39451,1.39496,742,1,0
2025-09-26 19:15:00,1.39496,1.39502,1.3943400000000001,1.39438,645,1,0
2025-09-26 19:30:00,1.39441,1.3945699999999999,1.39413,1.39445,528,1,0
2025-09-26 19:45:00,1.39445,1.39451,1.39365,1.39368,680,1,0
2025-09-26 20:00:00,1.3936600000000001,1.39394,1.39344,1.39383,727,1,0
2025-09-26 20:15:00,1.39383,1.39404,1.3936600000000001,1.39383,487,1,0
2025-09-26 20:30:00,1.39382,1.39398,1.39354,1.39365,551,1,0
2025-09-26 20:45:00,1.39365,1.3939300000000001,1.39361,1.3937300000000001,566,1,0
2025-09-26 21:00:00,1.3937300000000001,1.39413,1.3936600000000001,1.39402,544,1,0
2025-09-26 21:15:00,1.39402,1.3940299999999999,1.39363,1.39367,458,1,0
2025-09-26 21:30:00,1.39365,1.39388,1.39353,1.39386,552,1,0
2025-09-26 21:45:00,1.39386,1.39414,1.39346,1.3936899999999999,580,1,0
2025-09-26 22:00:00,1.3936899999999999,1.39404,1.3936,1.39402,533,1,0
2025-09-26 22:15:00,1.3940299999999999,1.39415,1.39392,1.3941,439,1,0
2025-09-26 22:30:00,1.39411,1.39426,1.39392,1.39411,492,1,0
2025-09-26 22:45:00,1.39411,1.39416,1.39354,1.39355,494,1,0
2025-09-26 23:00:00,1.39355,1.39404,1.39352,1.39383,311,1,0
2025-09-26 23:15:00,1.39383,1.3939300000000001,1.39345,1.39368,276,1,0
2025-09-26 23:30:00,1.39368,1.39441,1.39368,1.39392,201,1,0
2025-09-26 23:45:00,1.39392,1.3942,1.3937599999999999,1.39398,378,7,0
2025-09-29 00:00:00,1.3924699999999999,1.39259,1.39234,1.39252,126,179,0
2025-09-29 00:15:00,1.39252,1.3933900000000001,1.39235,1.3933900000000001,164,67,0
2025-09-29 00:30:00,1.3935,1.3937300000000001,1.3934199999999999,1.39355,114,35,0
2025-09-29 00:45:00,1.39355,1.3937599999999999,1.39301,1.39337,139,39,0
2025-09-29 01:00:00,1.39337,1.39472,1.39337,1.39452,490,1,0
2025-09-29 01:15:00,1.39452,1.3945400000000001,1.39422,1.39423,457,1,0
2025-09-29 01:30:00,1.39423,1.39435,1.39414,1.39415,224,1,0
2025-09-29 01:45:00,1.39415,1.39421,1.39411,1.39416,188,1,0
2025-09-29 02:00:00,1.39416,1.39433,1.39405,1.39407,345,1,0
2025-09-29 02:15:00,1.39407,1.39409,1.39381,1.39383,305,1,0
2025-09-29 02:30:00,1.39383,1.39386,1.39372,1.39372,253,1,0
2025-09-29 02:45:00,1.39372,1.3939599999999999,1.39367,1.39383,281,1,0
2025-09-29 03:00:00,1.39383,1.39394,1.39306,1.39309,686,1,0
2025-09-29 03:15:00,1.39309,1.39325,1.39287,1.39318,585,1,0
2025-09-29 03:30:00,1.39319,1.3932,1.39276,1.39282,451,1,0
2025-09-29 03:45:00,1.39282,1.39282,1.39257,1.39276,480,1,0
2025-09-29 04:00:00,1.39275,1.3935,1.39272,1.3935,591,1,0
2025-09-29 04:15:00,1.3935,1.3935,1.39288,1.39291,512,1,0
2025-09-29 04:30:00,1.3929,1.393,1.3926,1.39287,558,1,0
2025-09-29 04:45:00,1.39287,1.39295,1.39262,1.39266,548,1,0
2025-09-29 05:00:00,1.39269,1.39275,1.39231,1.3926,512,1,0
2025-09-29 05:15:00,1.3926,1.39264,1.39215,1.39235,526,1,0
2025-09-29 05:30:00,1.39235,1.39243,1.39207,1.39214,438,1,0
2025-09-29 05:45:00,1.39214,1.39226,1.39199,1.39212,350,1,0
2025-09-29 06:00:00,1.39212,1.3921999999999999,1.39198,1.39208,455,1,0
2025-09-29 06:15:00,1.39208,1.39214,1.39196,1.39214,307,1,0
2025-09-29 06:30:00,1.3921299999999999,1.39237,1.39212,1.3921999999999999,266,1,0
2025-09-29 06:45:00,1.3921999999999999,1.39225,1.39207,1.39219,305,1,0
2025-09-29 07:00:00,1.39219,1.39238,1.39218,1.39235,281,1,0
2025-09-29 07:15:00,1.39234,1.3924400000000001,1.39228,1.39234,214,1,0
2025-09-29 07:30:00,1.39234,1.39235,1.39201,1.3921299999999999,255,1,0
2025-09-29 07:45:00,1.3921299999999999,1.39221,1.39191,1.39216,394,1,0
2025-09-29 08:00:00,1.3921700000000001,1.39225,1.39198,1.39204,410,1,0
2025-09-29 08:15:00,1.39204,1.3921299999999999,1.39192,1.39208,295,1,0
2025-09-29 08:30:00,1.39207,1.39221,1.39182,1.39208,518,1,0
2025-09-29 08:45:00,1.39207,1.39224,1.392,1.39215,470,1,0
2025-09-29 09:00:00,1.3921700000000001,1.3928099999999999,1.39215,1.39242,768,1,0
2025-09-29 09:15:00,1.39242,1.39257,1.39221,1.39246,587,1,0
2025-09-29 09:30:00,1.39246,1.39261,1.3923,1.39233,446,1,0
2025-09-29 09:45:00,1.39233,1.3929,1.39233,1.39261,527,1,0
2025-09-29 10:00:00,1.39262,1.39295,1.39201,1.39206,654,1,0
2025-09-29 10:15:00,1.39206,1.39246,1.39181,1.39223,566,1,0
2025-09-29 10:30:00,1.39224,1.39257,1.39207,1.39226,482,1,0
2025-09-29 10:45:00,1.39226,1.39245,1.3915600000000001,1.39185,606,1,0
2025-09-29 11:00:00,1.3918300000000001,1.39199,1.39157,1.39176,644,1,0
2025-09-29 11:15:00,1.39176,1.39238,1.39172,1.39225,633,1,0
2025-09-29 11:30:00,1.39225,1.39225,1.39182,1.39189,495,1,0
2025-09-29 11:45:00,1.39189,1.39192,1.39163,1.39177,444,1,0
2025-09-29 12:00:00,1.39177,1.39198,1.39161,1.39178,540,1,0
2025-09-29 12:15:00,1.39178,1.39209,1.3916,1.39199,492,1,0
2025-09-29 12:30:00,1.39199,1.39215,1.39192,1.39209,440,1,0
2025-09-29 12:45:00,1.39209,1.39219,1.39202,1.39219,464,1,0
2025-09-29 13:00:00,1.3921700000000001,1.39229,1.39177,1.39178,408,1,0
2025-09-29 13:15:00,1.39178,1.39201,1.39169,1.39187,435,1,0
2025-09-29 13:30:00,1.39187,1.3923,1.39184,1.39227,463,1,0
2025-09-29 13:45:00,1.39227,1.39266,1.39206,1.39257,343,1,0
2025-09-29 14:00:00,1.39258,1.39319,1.39248,1.3930500000000001,360,1,0
2025-09-29 14:15:00,1.3930500000000001,1.3933900000000001,1.39282,1.39337,477,1,0
2025-09-29 14:30:00,1.3934,1.39347,1.3930500000000001,1.39326,491,1,0
2025-09-29 14:45:00,1.39325,1.39338,1.39282,1.39291,683,1,0
2025-09-29 15:00:00,1.39291,1.39329,1.3927,1.39316,739,1,0
2025-09-29 15:15:00,1.39316,1.39367,1.39304,1.39365,691,1,0
2025-09-29 15:30:00,1.39365,1.39397,1.3934,1.39363,867,1,0
2025-09-29 15:45:00,1.39363,1.3937300000000001,1.3927,1.39286,1002,1,0
2025-09-29 16:00:00,1.39286,1.39374,1.39273,1.3936899999999999,1006,1,0
2025-09-29 16:15:00,1.3936899999999999,1.3936899999999999,1.39304,1.39329,797,1,0
2025-09-29 16:30:00,1.3933,1.39352,1.3927399999999999,1.39297,1160,1,0
2025-09-29 16:45:00,1.39297,1.39353,1.39252,1.39325,1017,1,0
2025-09-29 17:00:00,1.39324,1.3939599999999999,1.3931,1.39337,1102,1,0
2025-09-29 17:15:00,1.39337,1.39349,1.39302,1.39304,897,1,0
2025-09-29 17:30:00,1.39306,1.39353,1.39275,1.39283,784,1,0
2025-09-29 17:45:00,1.39283,1.39307,1.39201,1.3924,1279,1,0
2025-09-29 18:00:00,1.39236,1.3924,1.39178,1.39222,1226,1,0
2025-09-29 18:15:00,1.39222,1.39237,1.3912900000000001,1.39133,639,1,0
2025-09-29 18:30:00,1.39133,1.3915199999999999,1.39092,1.3912900000000001,759,1,0
2025-09-29 18:45:00,1.39128,1.39132,1.39032,1.39055,707,1,0
2025-09-29 19:00:00,1.39054,1.39131,1.39053,1.39114,735,1,0
2025-09-29 19:15:00,1.39114,1.39115,1.39058,1.39085,543,1,0
2025-09-29 19:30:00,1.39085,1.39138,1.39085,1.39136,502,1,0
2025-09-29 19:45:00,1.39136,1.3916,1.39114,1.39131,514,1,0
2025-09-29 20:00:00,1.39133,1.39147,1.39092,1.39128,514,1,0
2025-09-29 20:15:00,1.39128,1.39155,1.39118,1.39126,478,1,0
2025-09-29 20:30:00,1.39126,1.39187,1.39119,1.3916,527,1,0
2025-09-29 20:45:00,1.39161,1.39184,1.39151,1.39165,450,1,0
2025-09-29 21:00:00,1.39164,1.39175,1.39123,1.39123,382,1,0
2025-09-29 21:15:00,1.39123,1.39148,1.39121,1.39136,340,1,0
2025-09-29 21:30:00,1.3914,1.39166,1.3913,1.39142,403,1,0
2025-09-29 21:45:00,1.39143,1.39147,1.39109,1.3914,662,1,0
2025-09-29 22:00:00,1.39139,1.39202,1.3913,1.39199,497,1,0
2025-09-29 22:15:00,1.39199,1.39206,1.39157,1.3916,428,1,0
2025-09-29 22:30:00,1.3916,1.39222,1.39151,1.3918599999999999,386,1,0
2025-09-29 22:45:00,1.3918599999999999,1.39228,1.3918,1.39207,454,1,0
2025-09-29 23:00:00,1.39207,1.39214,1.39174,1.39185,350,1,0
2025-09-29 23:15:00,1.39184,1.39224,1.39175,1.39209,278,1,0
2025-09-29 23:30:00,1.39208,1.39208,1.3915899999999999,1.3918300000000001,245,1,0
2025-09-29 23:45:00,1.3918300000000001,1.39191,1.39132,1.39135,329,7,0
2025-09-30 00:00:00,1.3912499999999999,1.3912499999999999,1.3899,1.3912,29,35,0
2025-09-30 00:15:00,1.3912,1.3912,1.39063,1.39071,104,42,0
2025-09-30 00:30:00,1.39074,1.39162,1.39073,1.39161,201,35,0
2025-09-30 00:45:00,1.39161,1.39174,1.3915899999999999,1.39164,200,40,0
2025-09-30 01:00:00,1.39111,1.3919000000000001,1.39111,1.39188,252,1,0
2025-09-30 01:15:00,1.39189,1.39192,1.39168,1.39191,220,1,0
2025-09-30 01:30:00,1.39191,1.39191,1.39173,1.39175,153,1,0
2025-09-30 01:45:00,1.39175,1.39176,1.39136,1.39141,490,1,0
2025-09-30 02:00:00,1.39141,1.39161,1.3912900000000001,1.39144,364,1,0
2025-09-30 02:15:00,1.39144,1.39147,1.39127,1.3914,190,1,0
2025-09-30 02:30:00,1.3914,1.39153,1.39136,1.39147,236,1,0
2025-09-30 02:45:00,1.39148,1.39179,1.39134,1.39178,369,1,0
2025-09-30 03:00:00,1.39175,1.39219,1.39167,1.39184,568,1,0
2025-09-30 03:15:00,1.3918300000000001,1.39193,1.39162,1.39193,494,1,0
2025-09-30 03:30:00,1.39193,1.39216,1.39188,1.39193,566,1,0
2025-09-30 03:45:00,1.39193,1.39243,1.3919000000000001,1.39215,743,1,0
2025-09-30 04:00:00,1.39214,1.39215,1.3914900000000001,1.39169,698,1,0
2025-09-30 04:15:00,1.39169,1.39184,1.39163,1.39174,507,1,0
2025-09-30 04:30:00,1.39174,1.39204,1.39169,1.39199,453,1,0
2025-09-30 04:45:00,1.39199,1.39223,1.39188,1.39209,519,1,0
2025-09-30 05:00:00,1.39209,1.3921999999999999,1.39166,1.39168,492,1,0
2025-09-30 05:15:00,1.39168,1.39191,1.39157,1.39178,403,1,0
2025-09-30 05:30:00,1.39178,1.39181,1.39158,1.39162,395,1,0
2025-09-30 05:45:00,1.39162,1.39172,1.39128,1.3913,470,1,0
2025-09-30 06:00:00,1.3913,1.39171,1.39128,1.39151,395,1,0
2025-09-30 06:15:00,1.3915199999999999,1.39168,1.3912900000000001,1.39132,357,1,0
2025-09-30 06:30:00,1.39132,1.39145,1.39128,1.39144,321,1,0
2025-09-30 06:45:00,1.39144,1.39155,1.39135,1.39154,266,1,0
2025-09-30 07:00:00,1.39154,1.39174,1.39148,1.39171,284,1,0
2025-09-30 07:15:00,1.39171,1.39206,1.39169,1.39201,232,1,0
2025-09-30 07:30:00,1.39201,1.39201,1.39141,1.3914900000000001,631,1,0
2025-09-30 07:45:00,1.3914900000000001,1.39164,1.39128,1.39141,448,1,0
2025-09-30 08:00:00,1.39141,1.39167,1.3913,1.39147,411,1,0
2025-09-30 08:15:00,1.39147,1.39155,1.39134,1.39155,457,1,0
2025-09-30 08:30:00,1.39154,1.39163,1.39134,1.39163,507,1,0
2025-09-30 08:45:00,1.39163,1.3918,1.39135,1.3918,470,1,0
2025-09-30 09:00:00,1.39178,1.39203,1.3912200000000001,1.39133,536,1,0
2025-09-30 09:15:00,1.39134,1.39151,1.391,1.39114,512,1,0
2025-09-30 09:30:00,1.39114,1.39127,1.39073,1.39074,616,1,0
2025-09-30 09:45:00,1.39077,1.39124,1.39073,1.39123,571,1,0
2025-09-30 10:00:00,1.39124,1.39147,1.39092,1.39134,562,1,0
2025-09-30 10:15:00,1.39134,1.39134,1.39094,1.39116,490,1,0
2025-09-30 10:30:00,1.39116,1.3924400000000001,1.39114,1.39189,857,1,0
2025-09-30 10:45:00,1.39188,1.39211,1.39145,1.3915199999999999,664,1,0
2025-09-30 11:00:00,1.39151,1.39157,1.39065,1.39067,840,1,0
2025-09-30 11:15:00,1.39067,1.39103,1.39063,1.39094,593,1,0
2025-09-30 11:30:00,1.39094,1.39115,1.39062,1.39067,633,1,0
2025-09-30 11:45:00,1.39067,1.39113,1.39066,1.39107,635,1,0
2025-09-30 12:00:00,1.39107,1.39158,1.3909799999999999,1.39119,690,1,0
2025-09-30 12:15:00,1.39119,1.39135,1.39081,1.39134,465,1,0
2025-09-30 12:30:00,1.39134,1.39157,1.39126,1.39144,428,1,0
2025-09-30 12:45:00,1.39144,1.39164,1.39133,1.3915600000000001,516,1,0
2025-09-30 13:00:00,1.3915600000000001,1.39157,1.3913,1.39153,462,1,0
2025-09-30 13:15:00,1.39154,1.39164,1.39146,1.39153,342,1,0
2025-09-30 13:30:00,1.39153,1.39175,1.39143,1.39174,268,1,0
2025-09-30 13:45:00,1.39174,1.39208,1.39168,1.39202,407,1,0
2025-09-30 14:00:00,1.39201,1.39253,1.39197,1.39242,494,1,0
2025-09-30 14:15:00,1.39242,1.39253,1.3921000000000001,1.39227,401,1,0
2025-09-30 14:30:00,1.39227,1.39227,1.39195,1.3921999999999999,429,1,0
2025-09-30 14:45:00,1.3921999999999999,1.39225,1.39168,1.39204,539,1,0
2025-09-30 15:00:00,1.39204,1.39234,1.39184,1.39212,645,1,0
2025-09-30 15:15:00,1.3921299999999999,1.39223,1.39162,1.39192,580,1,0
2025-09-30 15:30:00,1.39192,1.39205,1.39155,1.39164,509,1,0
2025-09-30 15:45:00,1.39164,1.39195,1.39153,1.39192,462,1,0
2025-09-30 16:00:00,1.39193,1.39237,1.39172,1.39214,810,1,0
2025-09-30 16:15:00,1.3921299999999999,1.39296,1.3921299999999999,1.3925100000000001,804,1,0
2025-09-30 16:30:00,1.3925,1.39254,1.39112,1.39112,966,1,0
2025-09-30 16:45:00,1.39112,1.3914900000000001,1.39071,1.39148,947,1,0
2025-09-30 17:00:00,1.39147,1.3915600000000001,1.39028,1.39052,1435,1,0
2025-09-30 17:15:00,1.3905,1.39076,1.38963,1.38998,1448,1,0
2025-09-30 17:30:00,1.38999,1.3909099999999999,1.38985,1.39059,954,1,0
2025-09-30 17:45:00,1.39059,1.39154,1.39053,1.39145,1269,1,0
2025-09-30 18:00:00,1.39148,1.39285,1.39133,1.39261,1265,1,0
2025-09-30 18:15:00,1.39261,1.39293,1.39237,1.39289,935,1,0
2025-09-30 18:30:00,1.39289,1.39337,1.3927,1.39328,798,1,0
2025-09-30 18:45:00,1.39326,1.39346,1.3929,1.39293,557,1,0
2025-09-30 19:00:00,1.39294,1.39357,1.39288,1.39349,641,1,0
2025-09-30 19:15:00,1.39349,1.39361,1.39276,1.39276,573,1,0
2025-09-30 19:30:00,1.39276,1.39292,1.39228,1.39229,576,1,0
2025-09-30 19:45:00,1.39231,1.39257,1.39189,1.39216,652,1,0
2025-09-30 20:00:00,1.39216,1.39242,1.39206,1.39241,541,1,0
2025-09-30 20:15:00,1.39241,1.39246,1.39185,1.39189,553,1,0
2025-09-30 20:30:00,1.39189,1.39197,1.39161,1.39169,565,1,0
2025-09-30 20:45:00,1.39169,1.39185,1.39161,1.39182,517,1,0
2025-09-30 21:00:00,1.39182,1.39194,1.39151,1.3916,419,1,0
2025-09-30 21:15:00,1.3916,1.39192,1.3916,1.39189,368,1,0
2025-09-30 21:30:00,1.3919000000000001,1.39232,1.39163,1.39178,562,1,0
2025-09-30 21:45:00,1.39178,1.3918,1.39137,1.39175,600,1,0
2025-09-30 22:00:00,1.39176,1.39207,1.3915600000000001,1.39177,546,1,0
2025-09-30 22:15:00,1.39178,1.39201,1.39151,1.39187,504,1,0
2025-09-30 22:30:00,1.39187,1.39202,1.39175,1.3919000000000001,508,1,0
2025-09-30 22:45:00,1.3919000000000001,1.39191,1.39146,1.3915600000000001,617,1,0
2025-09-30 23:00:00,1.39154,1.39258,1.39142,1.39236,382,1,0
2025-09-30 23:15:00,1.39236,1.39253,1.39215,1.39243,268,1,0
2025-09-30 23:30:00,1.3924400000000001,1.39246,1.39193,1.39223,211,1,0
2025-09-30 23:45:00,1.39223,1.39227,1.3919000000000001,1.39194,256,7,0
2025-10-01 00:00:00,1.39191,1.39191,1.39085,1.39179,24,22,0
2025-10-01 00:15:00,1.39179,1.39179,1.39105,1.39124,547,35,0
2025-10-01 00:30:00,1.3912,1.39181,1.3912,1.39162,1143,51,0
2025-10-01 00:45:00,1.39162,1.39193,1.39162,1.39187,567,39,0
2025-10-01 01:00:00,1.39187,1.3921000000000001,1.39158,1.39174,334,1,0
2025-10-01 01:15:00,1.39173,1.39194,1.39169,1.39192,422,1,0
2025-10-01 01:30:00,1.39192,1.39218,1.39191,1.39216,207,1,0
2025-10-01 01:45:00,1.39216,1.39218,1.39205,1.39206,190,1,0
2025-10-01 02:00:00,1.39206,1.3921700000000001,1.3918599999999999,1.3919000000000001,339,1,0
2025-10-01 02:15:00,1.3919000000000001,1.39212,1.3918599999999999,1.39209,266,1,0
2025-10-01 02:30:00,1.39209,1.39238,1.39209,1.39235,270,1,0
2025-10-01 02:45:00,1.39236,1.39246,1.39222,1.39243,383,1,0
2025-10-01 03:00:00,1.39243,1.39272,1.39239,1.39255,535,1,0
2025-10-01 03:15:00,1.39253,1.39273,1.39233,1.3927,414,1,0
2025-10-01 03:30:00,1.3927,1.39287,1.39264,1.39282,443,1,0
2025-10-01 03:45:00,1.39282,1.39285,1.39254,1.3927100000000001,423,1,0
2025-10-01 04:00:00,1.3927100000000001,1.393,1.3926,1.3927100000000001,422,1,0
2025-10-01 04:15:00,1.3927100000000001,1.39272,1.39237,1.39245,317,1,0
2025-10-01 04:30:00,1.39245,1.3928,1.39232,1.39235,365,1,0
2025-10-01 04:45:00,1.39235,1.39255,1.39224,1.39235,373,1,0
2025-10-01 05:00:00,1.39235,1.3927,1.39234,1.3927,287,1,0
2025-10-01 05:15:00,1.3927,1.39275,1.3925,1.3927399999999999,287,1,0
2025-10-01 05:30:00,1.3927399999999999,1.39303,1.3927100000000001,1.39295,344,1,0
2025-10-01 05:45:00,1.39295,1.3931200000000001,1.39269,1.3928099999999999,266,1,0
2025-10-01 06:00:00,1.3928099999999999,1.39309,1.39277,1.3930500000000001,300,1,0
2025-10-01 06:15:00,1.3930500000000001,1.39314,1.39299,1.39302,194,1,0
2025-10-01 06:30:00,1.39302,1.39325,1.39301,1.39322,184,1,0
2025-10-01 06:45:00,1.39322,1.3933200000000001,1.3931,1.39321,282,1,0
2025-10-01 07:00:00,1.39321,1.39321,1.39252,1.3926,318,1,0
2025-10-01 07:15:00,1.3926,1.3926,1.39228,1.39231,292,1,0
2025-10-01 07:30:00,1.39231,1.39233,1.39211,1.39212,205,1,0
2025-10-01 07:45:00,1.39212,1.39214,1.39144,1.39145,355,1,0
2025-10-01 08:00:00,1.39145,1.39178,1.39115,1.39164,525,1,0
2025-10-01 08:15:00,1.39164,1.39175,1.39134,1.39143,399,1,0
2025-10-01 08:30:00,1.39143,1.3914900000000001,1.3912499999999999,1.39132,290,1,0
2025-10-01 08:45:00,1.39133,1.3915199999999999,1.39121,1.39145,372,1,0
2025-10-01 09:00:00,1.39144,1.39161,1.3912200000000001,1.39148,609,1,0
2025-10-01 09:15:00,1.39148,1.39181,1.3912499999999999,1.39128,557,1,0
2025-10-01 09:30:00,1.39128,1.3914900000000001,1.39069,1.3908800000000001,627,1,0
2025-10-01 09:45:00,1.3908800000000001,1.3914900000000001,1.3908800000000001,1.39115,820,1,0
2025-10-01 10:00:00,1.39115,1.3914900000000001,1.39069,1.3912900000000001,895,1,0
2025-10-01 10:15:00,1.39128,1.39233,1.3912200000000001,1.39229,848,1,0
2025-10-01 10:30:00,1.39232,1.39282,1.39222,1.3925,868,1,0
2025-10-01 10:45:00,1.3925100000000001,1.39258,1.39203,1.39209,813,1,0
2025-10-01 11:00:00,1.39209,1.39209,1.39132,1.39164,811,1,0
2025-10-01 11:15:00,1.39164,1.39194,1.39151,1.39193,676,1,0
2025-10-01 11:30:00,1.39193,1.39201,1.39141,1.39168,612,1,0
2025-10-01 11:45:00,1.39169,1.392,1.39157,1.3918300000000001,512,1,0
2025-10-01 12:00:00,1.3918300000000001,1.39208,1.39169,1.39191,481,1,0
2025-10-01 12:15:00,1.39191,1.39237,1.39188,1.39235,490,1,0
2025-10-01 12:30:00,1.39236,1.39272,1.39232,1.3924699999999999,517,1,0
2025-10-01 12:45:00,1.39246,1.39292,1.39246,1.39272,546,1,0
2025-10-01 13:00:00,1.3927100000000001,1.393,1.39264,1.39297,563,1,0
2025-10-01 13:15:00,1.39297,1.39365,1.39295,1.39364,645,1,0
2025-10-01 13:30:00,1.39363,1.3937,1.39277,1.39286,522,1,0
2025-10-01 13:45:00,1.39285,1.39351,1.39277,1.39344,438,1,0
2025-10-01 14:00:00,1.39344,1.39346,1.3928,1.3928099999999999,519,1,0
2025-10-01 14:15:00,1.3928,1.39295,1.39263,1.3928,455,1,0
2025-10-01 14:30:00,1.3928,1.39303,1.39262,1.39262,408,1,0
2025-10-01 14:45:00,1.39262,1.39301,1.39254,1.3929,599,1,0
2025-10-01 15:00:00,1.3929,1.39365,1.3927100000000001,1.39307,671,1,0
2025-10-01 15:15:00,1.39306,1.39346,1.39146,1.39238,2245,1,0
2025-10-01 15:30:00,1.39237,1.39289,1.39218,1.39241,1755,1,0
2025-10-01 15:45:00,1.39241,1.39337,1.39221,1.39291,1341,1,0
2025-10-01 16:00:00,1.39292,1.39311,1.39229,1.39302,1131,1,0
2025-10-01 16:15:00,1.39302,1.39377,1.39296,1.39353,1030,1,0
2025-10-01 16:30:00,1.39352,1.39352,1.39245,1.39277,1214,1,0
2025-10-01 16:45:00,1.39277,1.39316,1.39241,1.39284,967,1,0
2025-10-01 17:00:00,1.39296,1.39359,1.3925100000000001,1.39337,1460,1,0
2025-10-01 17:15:00,1.3933900000000001,1.39356,1.39264,1.39299,1184,1,0
2025-10-01 17:30:00,1.39299,1.3937,1.39293,1.39367,929,1,0
2025-10-01 17:45:00,1.39367,1.39451,1.39328,1.3943699999999999,2174,1,0
2025-10-01 18:00:00,1.39438,1.39484,1.39405,1.39472,1452,1,0
2025-10-01 18:15:00,1.39472,1.39523,1.3946,1.39519,1113,1,0
2025-10-01 18:30:00,1.39519,1.39526,1.3947,1.3949799999999999,797,1,0
2025-10-01 18:45:00,1.3949799999999999,1.39553,1.39467,1.39544,848,1,0
2025-10-01 19:00:00,1.39545,1.39572,1.39529,1.39567,729,1,0
2025-10-01 19:15:00,1.39567,1.39569,1.39496,1.39508,511,1,0
2025-10-01 19:30:00,1.39508,1.39546,1.395,1.39521,537,1,0
2025-10-01 19:45:00,1.39521,1.39528,1.39474,1.39482,499,1,0
2025-10-01 20:00:00,1.39482,1.3949500000000001,1.3947,1.39471,585,1,0
2025-10-01 20:15:00,1.39471,1.39475,1.39428,1.39441,484,1,0
2025-10-01 20:30:00,1.39441,1.39478,1.39441,1.39467,491,1,0
2025-10-01 20:45:00,1.39468,1.39468,1.3945,1.39459,453,1,0
2025-10-01 21:00:00,1.39458,1.3947,1.39424,1.39426,547,1,0
2025-10-01 21:15:00,1.39426,1.3942999999999999,1.39372,1.39374,455,1,0
2025-10-01 21:30:00,1.39374,1.39384,1.39345,1.39368,448,1,0
2025-10-01 21:45:00,1.39368,1.39422,1.39357,1.3940000000000001,569,1,0
2025-10-01 22:00:00,1.3940000000000001,1.39416,1.39392,1.39397,429,1,0
2025-10-01 22:15:00,1.39397,1.39421,1.39397,1.3941,369,1,0
2025-10-01 22:30:00,1.3941,1.39419,1.3939,1.39401,473,1,0
2025-10-01 22:45:00,1.39401,1.39424,1.3939,1.3942,475,1,0
2025-10-01 23:00:00,1.39419,1.39449,1.39411,1.39422,512,1,0
2025-10-01 23:15:00,1.39422,1.39446,1.39405,1.39441,293,1,0
2025-10-01 23:30:00,1.39442,1.39444,1.39401,1.39409,276,1,0
2025-10-01 23:45:00,1.39409,1.39433,1.3936,1.39362,316,7,0
2025-10-02 00:00:00,1.3934199999999999,1.39354,1.39304,1.39323,40,16,0
2025-10-02 00:15:00,1.39323,1.39385,1.3932,1.3936,53,35,0
2025-10-02 00:30:00,1.39362,1.3937300000000001,1.39362,1.3937,36,35,0
2025-10-02 00:45:00,1.3937,1.3937,1.39351,1.39354,116,35,0
2025-10-02 01:00:00,1.39354,1.39372,1.39338,1.39361,214,1,0
2025-10-02 01:15:00,1.3936,1.39371,1.39355,1.39367,235,1,0
2025-10-02 01:30:00,1.39367,1.39377,1.39358,1.39359,162,1,0
2025-10-02 01:45:00,1.39359,1.39379,1.39344,1.39362,279,1,0
2025-10-02 02:00:00,1.39362,1.39388,1.3935,1.39385,270,1,0
2025-10-02 02:15:00,1.39385,1.39394,1.39379,1.39379,127,1,0
2025-10-02 02:30:00,1.39379,1.39408,1.3937599999999999,1.3940000000000001,200,1,0
2025-10-02 02:45:00,1.3940000000000001,1.39414,1.39394,1.39406,263,1,0
2025-10-02 03:00:00,1.39406,1.39473,1.3940299999999999,1.39472,569,1,0
2025-10-02 03:15:00,1.39472,1.39477,1.39424,1.39441,314,1,0
2025-10-02 03:30:00,1.39441,1.39453,1.39431,1.39443,339,1,0
2025-10-02 03:45:00,1.39443,1.3946399999999999,1.3942700000000001,1.39441,377,1,0
2025-10-02 04:00:00,1.3944,1.39473,1.39438,1.39455,441,1,0
2025-10-02 04:15:00,1.39455,1.3946100000000001,1.39392,1.39402,356,1,0
2025-10-02 04:30:00,1.39402,1.39404,1.3935,1.39389,486,1,0
2025-10-02 04:45:00,1.39389,1.39389,1.39356,1.39365,384,1,0
2025-10-02 05:00:00,1.39364,1.39386,1.39348,1.3935,379,1,0
2025-10-02 05:15:00,1.3935,1.39389,1.39349,1.39375,260,1,0
2025-10-02 05:30:00,1.39375,1.39387,1.39362,1.3938,292,1,0
2025-10-02 05:45:00,1.3938,1.39384,1.39362,1.39379,273,1,0
2025-10-02 06:00:00,1.39379,1.39418,1.39378,1.39385,261,1,0
2025-10-02 06:15:00,1.39385,1.39409,1.39383,1.39408,227,1,0
2025-10-02 06:30:00,1.39408,1.39433,1.39407,1.39432,254,1,0
2025-10-02 06:45:00,1.39432,1.39435,1.39411,1.39416,345,1,0
2025-10-02 07:00:00,1.39416,1.39453,1.39416,1.3945,273,1,0
2025-10-02 07:15:00,1.39451,1.39462,1.39441,1.39446,213,1,0
2025-10-02 07:30:00,1.39445,1.39469,1.39441,1.3946399999999999,182,1,0
2025-10-02 07:45:00,1.3946399999999999,1.39467,1.39445,1.39455,205,1,0
2025-10-02 08:00:00,1.39455,1.3949,1.39421,1.39482,546,1,0
2025-10-02 08:15:00,1.39482,1.39489,1.39472,1.39474,259,1,0
2025-10-02 08:30:00,1.39474,1.39478,1.39451,1.39453,269,1,0
2025-10-02 08:45:00,1.39453,1.3945699999999999,1.39423,1.39428,240,1,0
2025-10-02 09:00:00,1.3942700000000001,1.3942700000000001,1.39367,1.39379,420,1,0
2025-10-02 09:15:00,1.39379,1.39389,1.39365,1.39382,364,1,0
2025-10-02 09:30:00,1.39382,1.39414,1.39347,1.39395,621,1,0
2025-10-02 09:45:00,1.3939599999999999,1.39416,1.39362,1.39367,722,1,0
2025-10-02 10:00:00,1.39365,1.39374,1.39324,1.39355,801,1,0
2025-10-02 10:15:00,1.39355,1.39388,1.3933499999999999,1.39387,617,1,0
2025-10-02 10:30:00,1.39387,1.39387,1.39343,1.39348,548,1,0
2025-10-02 10:45:00,1.39348,1.39391,1.39329,1.39386,659,1,0
2025-10-02 11:00:00,1.39386,1.39392,1.39355,1.39368,642,1,0
2025-10-02 11:15:00,1.39368,1.39378,1.39341,1.39359,542,1,0
2025-10-02 11:30:00,1.39358,1.3939300000000001,1.3933900000000001,1.39368,534,1,0
2025-10-02 11:45:00,1.39368,1.39382,1.3933499999999999,1.39365,581,1,0
2025-10-02 12:00:00,1.3936600000000001,1.39392,1.39347,1.39352,553,1,0
2025-10-02 12:15:00,1.39352,1.39375,1.39337,1.39361,506,1,0
2025-10-02 12:30:00,1.39361,1.3939599999999999,1.39348,1.39384,454,1,0
2025-10-02 12:45:00,1.39384,1.39397,1.3936600000000001,1.3936600000000001,458,1,0
2025-10-02 13:00:00,1.3936600000000001,1.39406,1.39364,1.39391,546,1,0
2025-10-02 13:15:00,1.39391,1.39408,1.3937599999999999,1.3937599999999999,436,1,0
2025-10-02 13:30:00,1.39377,1.3939,1.3936,1.39375,520,1,0
2025-10-02 13:45:00,1.3937599999999999,1.3937599999999999,1.39355,1.3936,532,1,0
2025-10-02 14:00:00,1.3936,1.39426,1.39351,1.39415,466,1,0
2025-10-02 14:15:00,1.39415,1.39441,1.3939,1.39428,399,1,0
2025-10-02 14:30:00,1.39429,1.39452,1.39402,1.39436,462,1,0
2025-10-02 14:45:00,1.39436,1.3946100000000001,1.39432,1.39449,452,1,0
2025-10-02 15:00:00,1.39449,1.39451,1.39406,1.39424,545,1,0
2025-10-02 15:15:00,1.39423,1.39485,1.39418,1.39465,625,1,0
2025-10-02 15:30:00,1.3946399999999999,1.39533,1.3946100000000001,1.39523,578,1,0
2025-10-02 15:45:00,1.39523,1.3953,1.3946,1.3946399999999999,763,1,0
2025-10-02 16:00:00,1.3946399999999999,1.39467,1.39402,1.39467,994,1,0
2025-10-02 16:15:00,1.39467,1.39486,1.39424,1.39433,680,1,0
2025-10-02 16:30:00,1.3943400000000001,1.39551,1.39414,1.39543,1262,1,0
2025-10-02 16:45:00,1.39543,1.39596,1.3952200000000001,1.3955600000000001,1283,1,0
2025-10-02 17:00:00,1.39555,1.39643,1.39553,1.3961299999999999,1240,1,0
2025-10-02 17:15:00,1.39611,1.3963700000000001,1.39558,1.3959,1010,1,0
2025-10-02 17:30:00,1.3959,1.39728,1.3958599999999999,1.3972,1051,1,0
2025-10-02 17:45:00,1.39717,1.39745,1.3968,1.3973900000000001,1085,1,0
2025-10-02 18:00:00,1.39738,1.39757,1.39718,1.39752,1016,1,0
2025-10-02 18:15:00,1.39752,1.39828,1.39752,1.39826,790,1,0
2025-10-02 18:30:00,1.3982700000000001,1.39858,1.39813,1.39836,855,1,0
2025-10-02 18:45:00,1.39836,1.39865,1.3976199999999999,1.39763,719,1,0
2025-10-02 19:00:00,1.39764,1.39779,1.39734,1.3974,649,1,0
2025-10-02 19:15:00,1.39741,1.39761,1.39676,1.39676,1123,1,0
2025-10-02 19:30:00,1.39676,1.39712,1.39665,1.39691,480,1,0
2025-10-02 19:45:00,1.39691,1.397,1.39667,1.39673,556,1,0
2025-10-02 20:00:00,1.39673,1.3967399999999999,1.39632,1.39654,557,1,0
2025-10-02 20:15:00,1.39654,1.39662,1.39619,1.39638,473,1,0
2025-10-02 20:30:00,1.39638,1.39689,1.39638,1.39682,612,1,0
2025-10-02 20:45:00,1.39682,1.39692,1.39654,1.39684,545,1,0
2025-10-02 21:00:00,1.39686,1.39694,1.39655,1.39662,501,1,0
2025-10-02 21:15:00,1.39662,1.39675,1.39633,1.39645,456,1,0
2025-10-02 21:30:00,1.39645,1.39655,1.39627,1.39633,472,1,0
2025-10-02 21:45:00,1.39633,1.39646,1.39619,1.3963,398,1,0
2025-10-02 22:00:00,1.39629,1.39635,1.39616,1.39629,551,1,0
2025-10-02 22:15:00,1.39629,1.39631,1.39607,1.39612,422,1,0
2025-10-02 22:30:00,1.39611,1.39624,1.396,1.39612,337,1,0
2025-10-02 22:45:00,1.39614,1.39641,1.39604,1.3961700000000001,579,1,0
2025-10-02 23:00:00,1.3961700000000001,1.39661,1.39607,1.39645,358,1,0
2025-10-02 23:15:00,1.39645,1.39668,1.39641,1.39645,280,1,0
2025-10-02 23:30:00,1.3964400000000001,1.3967399999999999,1.39641,1.3967399999999999,237,1,0
2025-10-02 23:45:00,1.3967399999999999,1.39722,1.39657,1.39663,400,7,0
2025-10-03 00:00:00,1.39664,1.39667,1.39618,1.3966,47,32,0
2025-10-03 00:15:00,1.3966,1.39661,1.3965,1.39656,54,35,0
2025-10-03 00:30:00,1.39656,1.39656,1.3963700000000001,1.39642,72,35,0
2025-10-03 00:45:00,1.39642,1.39642,1.39616,1.39638,160,35,0
2025-10-03 01:00:00,1.39638,1.39658,1.39638,1.39652,342,1,0
2025-10-03 01:15:00,1.3965,1.39663,1.3965,1.39652,188,1,0
2025-10-03 01:30:00,1.39652,1.3967,1.39652,1.39655,204,1,0
2025-10-03 01:45:00,1.39655,1.39657,1.39622,1.39631,723,1,0
2025-10-03 02:00:00,1.39631,1.39649,1.39619,1.39638,367,1,0
2025-10-03 02:15:00,1.39638,1.3963999999999999,1.39621,1.39626,224,1,0
2025-10-03 02:30:00,1.39626,1.39627,1.39606,1.39624,243,1,0
2025-10-03 02:45:00,1.39623,1.39628,1.39611,1.39612,256,1,0
2025-10-03 03:00:00,1.3961000000000001,1.39651,1.39609,1.39639,471,1,0
2025-10-03 03:15:00,1.39639,1.39651,1.39635,1.3964699999999999,415,1,0
2025-10-03 03:30:00,1.3964699999999999,1.39657,1.3963999999999999,1.3964699999999999,415,1,0
2025-10-03 03:45:00,1.3964699999999999,1.39649,1.39631,1.3964699999999999,439,1,0
2025-10-03 04:00:00,1.3964699999999999,1.39673,1.3961999999999999,1.39667,682,1,0
2025-10-03 04:15:00,1.39667,1.39688,1.39658,1.39669,517,1,0
2025-10-03 04:30:00,1.39667,1.39672,1.3963999999999999,1.3964400000000001,506,1,0
2025-10-03 04:45:00,1.3964400000000001,1.39654,1.39611,1.39633,606,1,0
2025-10-03 05:00:00,1.39633,1.39651,1.3963,1.3963999999999999,483,1,0
2025-10-03 05:15:00,1.3963999999999999,1.39658,1.39632,1.39655,367,1,0
2025-10-03 05:30:00,1.39655,1.39682,1.39655,1.39664,563,1,0
2025-10-03 05:45:00,1.39664,1.39684,1.39662,1.3967399999999999,506,1,0
2025-10-03 06:00:00,1.39673,1.39679,1.39651,1.39676,563,1,0
2025-10-03 06:15:00,1.39677,1.39693,1.39673,1.39689,578,1,0
2025-10-03 06:30:00,1.39691,1.39691,1.39661,1.39675,366,1,0
2025-10-03 06:45:00,1.39675,1.39679,1.39658,1.39661,368,1,0
2025-10-03 07:00:00,1.39661,1.39668,1.3964699999999999,1.39664,286,1,0
2025-10-03 07:15:00,1.39664,1.39675,1.39662,1.39667,207,1,0
2025-10-03 07:30:00,1.39667,1.39687,1.39667,1.39679,305,1,0
2025-10-03 07:45:00,1.39679,1.39695,1.39677,1.39682,318,1,0
2025-10-03 08:00:00,1.39682,1.39685,1.39659,1.39661,417,1,0
2025-10-03 08:15:00,1.39661,1.3968099999999999,1.39653,1.3968,453,1,0
2025-10-03 08:30:00,1.3968,1.3968,1.39661,1.39665,321,1,0
2025-10-03 08:45:00,1.39665,1.3968,1.3965,1.39668,536,1,0
2025-10-03 09:00:00,1.39668,1.39675,1.3961700000000001,1.39625,509,1,0
2025-10-03 09:15:00,1.39625,1.39639,1.39605,1.39624,530,1,0
2025-10-03 09:30:00,1.39624,1.39624,1.39593,1.39606,473,1,0
2025-10-03 09:45:00,1.39605,1.3967100000000001,1.39604,1.39661,533,1,0
2025-10-03 10:00:00,1.39658,1.39658,1.39627,1.39636,549,1,0
2025-10-03 10:15:00,1.39636,1.39639,1.3961299999999999,1.39624,532,1,0
2025-10-03 10:30:00,1.39624,1.39627,1.39573,1.39597,517,1,0
2025-10-03 10:45:00,1.39597,1.39625,1.39594,1.39621,469,1,0
2025-10-03 11:00:00,1.3961999999999999,1.39626,1.39584,1.39616,817,1,0
2025-10-03 11:15:00,1.39616,1.39652,1.39612,1.39633,560,1,0
2025-10-03 11:30:00,1.39636,1.39663,1.39628,1.39651,543,1,0
2025-10-03 11:45:00,1.39651,1.39666,1.39598,1.39612,546,1,0
2025-10-03 12:00:00,1.39612,1.39668,1.39608,1.39659,580,1,0
2025-10-03 12:15:00,1.39657,1.39688,1.3964699999999999,1.39675,375,1,0
2025-10-03 12:30:00,1.39673,1.39682,1.39631,1.39646,383,1,0
2025-10-03 12:45:00,1.39645,1.39661,1.39633,1.3963999999999999,407,1,0
2025-10-03 13:00:00,1.3963999999999999,1.39664,1.39634,1.39648,468,1,0
2025-10-03 13:15:00,1.39648,1.39672,1.3964699999999999,1.39672,314,1,0
2025-10-03 13:30:00,1.39672,1.39685,1.39666,1.39682,400,1,0
2025-10-03 13:45:00,1.39682,1.39691,1.39669,1.3967800000000001,359,1,0
2025-10-03 14:00:00,1.3967800000000001,1.39683,1.39659,1.39661,363,1,0
2025-10-03 14:15:00,1.39661,1.3968099999999999,1.39641,1.39657,492,1,0
2025-10-03 14:30:00,1.39657,1.3968099999999999,1.39635,1.39641,530,1,0
2025-10-03 14:45:00,1.39641,1.3964400000000001,1.39626,1.3963,588,1,0
2025-10-03 15:00:00,1.39628,1.3967399999999999,1.39626,1.39672,565,1,0
2025-10-03 15:15:00,1.3967100000000001,1.3968,1.39587,1.39604,701,1,0
2025-10-03 15:30:00,1.39605,1.39639,1.39575,1.39582,737,1,0
2025-10-03 15:45:00,1.39582,1.39585,1.39508,1.39509,773,1,0
2025-10-03 16:00:00,1.39508,1.3957600000000001,1.39497,1.39562,747,1,0
2025-10-03 16:15:00,1.39562,1.39621,1.3955199999999999,1.39604,713,1,0
2025-10-03 16:30:00,1.39604,1.39632,1.3955899999999999,1.39574,938,1,0
2025-10-03 16:45:00,1.39575,1.39603,1.39533,1.39571,1075,1,0
2025-10-03 17:00:00,1.3952,1.39585,1.39485,1.39554,1851,1,0
2025-10-03 17:15:00,1.39554,1.39573,1.3949099999999999,1.39529,1297,1,0
2025-10-03 17:30:00,1.3953,1.39566,1.395,1.39537,1028,1,0
2025-10-03 17:45:00,1.39537,1.39548,1.39486,1.39512,1094,1,0
2025-10-03 18:00:00,1.39512,1.3955899999999999,1.39503,1.39554,879,1,0
2025-10-03 18:15:00,1.39554,1.3956,1.39486,1.3949799999999999,721,1,0
2025-10-03 18:30:00,1.39499,1.39526,1.39485,1.3949799999999999,629,1,0
2025-10-03 18:45:00,1.3949799999999999,1.39511,1.39458,1.39472,636,1,0
2025-10-03 19:00:00,1.39472,1.39487,1.39428,1.39428,619,1,0
2025-10-03 19:15:00,1.39428,1.39471,1.3939599999999999,1.3946,641,1,0
2025-10-03 19:30:00,1.3946,1.39486,1.39455,1.39481,472,1,0
2025-10-03 19:45:00,1.39481,1.39492,1.39468,1.39477,565,1,0
2025-10-03 20:00:00,1.39477,1.39511,1.39465,1.39489,759,1,0
2025-10-03 20:15:00,1.39489,1.39509,1.39485,1.39506,471,1,0
2025-10-03 20:30:00,1.39506,1.3951500000000001,1.39477,1.3949500000000001,560,1,0
2025-10-03 20:45:00,1.3949500000000001,1.39593,1.39493,1.39572,868,1,0
2025-10-03 21:00:00,1.39572,1.39611,1.3954900000000001,1.39567,769,1,0
2025-10-03 21:15:00,1.39566,1.39566,1.39521,1.39534,552,1,0
2025-10-03 21:30:00,1.39533,1.39545,1.39519,1.39524,578,1,0
2025-10-03 21:45:00,1.39524,1.39544,1.39512,1.39528,466,1,0
2025-10-03 22:00:00,1.39529,1.3953,1.39505,1.39513,557,1,0
2025-10-03 22:15:00,1.39513,1.3951500000000001,1.39493,1.39502,409,1,0
2025-10-03 22:30:00,1.39502,1.3951500000000001,1.39489,1.3949,428,1,0
2025-10-03 22:45:00,1.39489,1.39567,1.39489,1.39527,468,1,0
2025-10-03 23:00:00,1.39527,1.39531,1.3949099999999999,1.3951,319,1,0
2025-10-03 23:15:00,1.3951,1.39543,1.39504,1.3952200000000001,348,1,0
2025-10-03 23:30:00,1.3952200000000001,1.3959,1.39521,1.3959,420,1,0
2025-10-03 23:45:00,1.3959,1.39607,1.39412,1.3947,499,7,0
2025-10-06 00:00:00,1.39406,1.39534,1.39389,1.39534,157,107,0
2025-10-06 00:15:00,1.39534,1.3955600000000001,1.3952499999999999,1.39539,105,82,0
2025-10-06 00:30:00,1.39538,1.3957899999999999,1.39537,1.39572,105,55,0
2025-10-06 00:45:00,1.39572,1.39573,1.39551,1.3956,131,60,0
2025-10-06 01:00:00,1.3956,1.3968099999999999,1.39507,1.39664,766,1,0
2025-10-06 01:15:00,1.39664,1.3968099999999999,1.39639,1.3965,580,1,0
2025-10-06 01:30:00,1.3965,1.39676,1.39632,1.39653,581,1,0
2025-10-06 01:45:00,1.39653,1.39673,1.39639,1.39649,506,1,0
2025-10-06 02:00:00,1.39651,1.39672,1.39615,1.39622,773,1,0
2025-10-06 02:15:00,1.3961999999999999,1.3964400000000001,1.39601,1.39634,724,1,0
2025-10-06 02:30:00,1.39634,1.39648,1.39616,1.3963999999999999,1056,1,0
2025-10-06 02:45:00,1.3963999999999999,1.39665,1.3963,1.39649,788,1,0
2025-10-06 03:00:00,1.39646,1.3967,1.39608,1.39654,941,1,0
2025-10-06 03:15:00,1.39654,1.39655,1.39623,1.39632,632,1,0
2025-10-06 03:30:00,1.39632,1.39634,1.39611,1.39624,453,1,0
2025-10-06 03:45:00,1.39624,1.39624,1.39568,1.39569,543,1,0
2025-10-06 04:00:00,1.39565,1.39595,1.39561,1.39591,500,1,0
2025-10-06 04:15:00,1.3959,1.3961299999999999,1.3958300000000001,1.39594,399,1,0
2025-10-06 04:30:00,1.39595,1.39596,1.39548,1.39555,546,1,0
2025-10-06 04:45:00,1.39555,1.39555,1.39506,1.39508,494,1,0
2025-10-06 05:00:00,1.39507,1.3952200000000001,1.3949500000000001,1.39512,436,1,0
2025-10-06 05:15:00,1.39511,1.39524,1.39504,1.39513,318,1,0
2025-10-06 05:30:00,1.39513,1.39516,1.39494,1.39511,417,1,0
2025-10-06 05:45:00,1.39511,1.39517,1.39481,1.39489,285,1,0
2025-10-06 06:00:00,1.39489,1.3949,1.39466,1.39481,292,1,0
2025-10-06 06:15:00,1.39481,1.3949099999999999,1.39465,1.39468,253,1,0
2025-10-06 06:30:00,1.39468,1.3948,1.39458,1.3946,318,1,0
2025-10-06 06:45:00,1.3946,1.39502,1.39452,1.39496,450,1,0
2025-10-06 07:00:00,1.39496,1.39509,1.39473,1.39497,410,1,0
2025-10-06 07:15:00,1.39497,1.39526,1.3949500000000001,1.39508,375,1,0
2025-10-06 07:30:00,1.39508,1.39526,1.39503,1.3951,425,1,0
2025-10-06 07:45:00,1.3951,1.39527,1.39489,1.39526,465,1,0
2025-10-06 08:00:00,1.39526,1.39555,1.39511,1.39547,372,1,0
2025-10-06 08:15:00,1.39547,1.39562,1.39535,1.39553,423,1,0
2025-10-06 08:30:00,1.39553,1.39563,1.39534,1.39543,344,1,0
2025-10-06 08:45:00,1.39543,1.3955600000000001,1.39533,1.39534,293,1,0
2025-10-06 09:00:00,1.39534,1.3955899999999999,1.39512,1.39532,703,1,0
2025-10-06 09:15:00,1.39532,1.39536,1.39512,1.39523,446,1,0
2025-10-06 09:30:00,1.39523,1.39538,1.39485,1.39486,602,1,0
2025-10-06 09:45:00,1.39486,1.39527,1.3947,1.39474,756,1,0
2025-10-06 10:00:00,1.39473,1.39514,1.3945400000000001,1.39481,868,1,0
2025-10-06 10:15:00,1.39481,1.3949,1.39417,1.3942999999999999,679,1,0
2025-10-06 10:30:00,1.39425,1.39511,1.3942,1.39511,1184,1,0
2025-10-06 10:45:00,1.3951,1.39541,1.3949500000000001,1.39531,1311,1,0
2025-10-06 11:00:00,1.39533,1.39577,1.3951,1.3955,1172,1,0
2025-10-06 11:15:00,1.3955,1.39588,1.39536,1.39543,870,1,0
2025-10-06 11:30:00,1.39543,1.39548,1.39479,1.39486,840,1,0
2025-10-06 11:45:00,1.39485,1.3952499999999999,1.39476,1.39507,650,1,0
2025-10-06 12:00:00,1.39509,1.39569,1.39486,1.39539,674,1,0
2025-10-06 12:15:00,1.3954,1.3957899999999999,1.39538,1.39561,553,1,0
2025-10-06 12:30:00,1.39561,1.3959,1.39538,1.39585,557,1,0
2025-10-06 12:45:00,1.39585,1.3959,1.39548,1.39551,465,1,0
2025-10-06 13:00:00,1.39551,1.3957600000000001,1.39536,1.39568,603,1,0
2025-10-06 13:15:00,1.39568,1.3959,1.39564,1.39588,507,1,0
2025-10-06 13:30:00,1.39589,1.39598,1.39568,1.39594,428,1,0
2025-10-06 13:45:00,1.39594,1.3961999999999999,1.39546,1.39557,574,1,0
2025-10-06 14:00:00,1.39557,1.39626,1.39555,1.39595,569,1,0
2025-10-06 14:15:00,1.39594,1.39609,1.39567,1.39569,501,1,0
2025-10-06 14:30:00,1.39569,1.3961000000000001,1.39555,1.39608,575,1,0
2025-10-06 14:45:00,1.39609,1.3964400000000001,1.39604,1.3961700000000001,558,1,0
2025-10-06 15:00:00,1.3961700000000001,1.3964400000000001,1.3957,1.39599,998,1,0
2025-10-06 15:15:00,1.39599,1.39639,1.39555,1.39607,836,1,0
2025-10-06 15:30:00,1.39607,1.39645,1.39597,1.39631,610,1,0
2025-10-06 15:45:00,1.39631,1.39631,1.39587,1.3961700000000001,687,1,0
2025-10-06 16:00:00,1.39618,1.39677,1.39615,1.39666,782,1,0
2025-10-06 16:15:00,1.39666,1.39677,1.39645,1.39666,592,1,0
2025-10-06 16:30:00,1.39666,1.39669,1.39606,1.3964400000000001,1086,1,0
2025-10-06 16:45:00,1.39643,1.39668,1.39602,1.39636,925,1,0
2025-10-06 17:00:00,1.3963700000000001,1.39652,1.39589,1.39602,1030,1,0
2025-10-06 17:15:00,1.39602,1.39629,1.39584,1.3958599999999999,766,1,0
2025-10-06 17:30:00,1.3958599999999999,1.39625,1.39578,1.39585,748,1,0
2025-10-06 17:45:00,1.39585,1.3961700000000001,1.39529,1.39537,996,1,0
2025-10-06 18:00:00,1.39536,1.39551,1.3947,1.39474,1000,1,0
2025-10-06 18:15:00,1.39474,1.39496,1.39459,1.39462,747,1,0
2025-10-06 18:30:00,1.39462,1.39499,1.39462,1.39484,523,1,0
2025-10-06 18:45:00,1.39484,1.39514,1.3946,1.39466,514,1,0
2025-10-06 19:00:00,1.39463,1.39506,1.39459,1.39499,512,1,0
2025-10-06 19:15:00,1.39499,1.39529,1.39493,1.39521,456,1,0
2025-10-06 19:30:00,1.39521,1.39537,1.39509,1.39514,383,1,0
2025-10-06 19:45:00,1.3951500000000001,1.39516,1.3949099999999999,1.39493,308,1,0
2025-10-06 20:00:00,1.39494,1.39516,1.39471,1.39516,412,1,0
2025-10-06 20:15:00,1.39516,1.39524,1.39482,1.39502,468,1,0
2025-10-06 20:30:00,1.39503,1.39521,1.39493,1.39519,299,1,0
2025-10-06 20:45:00,1.39519,1.39545,1.39511,1.39521,441,1,0
2025-10-06 21:00:00,1.39521,1.3952499999999999,1.39499,1.3952,415,1,0
2025-10-06 21:15:00,1.3952,1.3952499999999999,1.39497,1.39512,401,1,0
2025-10-06 21:30:00,1.39512,1.3954,1.39508,1.39527,296,1,0
2025-10-06 21:45:00,1.39527,1.39538,1.39497,1.39516,590,1,0
2025-10-06 22:00:00,1.39517,1.39519,1.39497,1.39507,489,1,0
2025-10-06 22:15:00,1.39507,1.3951799999999999,1.3948,1.39481,292,1,0
2025-10-06 22:30:00,1.39481,1.39486,1.3946,1.3946399999999999,328,1,0
2025-10-06 22:45:00,1.3946399999999999,1.39507,1.3946399999999999,1.39496,476,1,0
2025-10-06 23:00:00,1.39497,1.3952499999999999,1.39473,1.39473,348,1,0
2025-10-06 23:15:00,1.39473,1.39494,1.39447,1.39447,295,1,0
2025-10-06 23:30:00,1.39448,1.3945,1.3943400000000001,1.39444,187,1,0
2025-10-06 23:45:00,1.39444,1.39445,1.3940000000000001,1.39416,401,7,0
2025-10-07 00:00:00,1.39417,1.39417,1.39387,1.39413,29,22,0
2025-10-07 00:15:00,1.39413,1.39413,1.39407,1.39411,23,35,0
2025-10-07 00:30:00,1.39411,1.39415,1.39407,1.39407,67,42,0
2025-10-07 00:45:00,1.39407,1.3941,1.39395,1.39401,86,37,0
2025-10-07 01:00:00,1.39401,1.39442,1.39401,1.39432,371,1,0
2025-10-07 01:15:00,1.39429,1.39438,1.39417,1.39432,756,1,0
2025-10-07 01:30:00,1.39432,1.39456,1.3942999999999999,1.39443,489,1,0
2025-10-07 01:45:00,1.39443,1.39449,1.3943400000000001,1.3944,204,1,0
2025-10-07 02:00:00,1.39438,1.39451,1.3943400000000001,1.39445,325,1,0
2025-10-07 02:15:00,1.39445,1.3945400000000001,1.3944,1.39453,256,1,0
2025-10-07 02:30:00,1.39453,1.3945400000000001,1.39429,1.39446,296,1,0
2025-10-07 02:45:00,1.39446,1.39472,1.39445,1.39453,261,1,0
2025-10-07 03:00:00,1.39452,1.39489,1.39441,1.39483,621,1,0
2025-10-07 03:15:00,1.39483,1.39483,1.3945,1.39472,455,1,0
2025-10-07 03:30:00,1.39473,1.39508,1.3947,1.39508,381,1,0
2025-10-07 03:45:00,1.39508,1.39514,1.39486,1.39492,713,1,0
2025-10-07 04:00:00,1.39492,1.39524,1.39489,1.39503,516,1,0
2025-10-07 04:15:00,1.39502,1.3951,1.39482,1.39493,663,1,0
2025-10-07 04:30:00,1.39493,1.39529,1.39492,1.39529,416,1,0
2025-10-07 04:45:00,1.39529,1.39531,1.39511,1.39524,357,1,0
2025-10-07 05:00:00,1.39524,1.39524,1.3948800000000001,1.39492,495,1,0
2025-10-07 05:15:00,1.39492,1.395,1.3947,1.39472,324,1,0
2025-10-07 05:30:00,1.39472,1.3949799999999999,1.39469,1.39485,459,1,0
2025-10-07 05:45:00,1.39485,1.39497,1.39473,1.39494,392,1,0
2025-10-07 06:00:00,1.39494,1.3949799999999999,1.39473,1.39477,362,1,0
2025-10-07 06:15:00,1.39477,1.39489,1.39465,1.39486,399,1,0
2025-10-07 06:30:00,1.39486,1.39494,1.39473,1.39476,408,1,0
2025-10-07 06:45:00,1.39475,1.39476,1.39467,1.39469,303,1,0
2025-10-07 07:00:00,1.39469,1.3948,1.39458,1.3946100000000001,287,1,0
2025-10-07 07:15:00,1.3946100000000001,1.39463,1.39447,1.3945,216,1,0
2025-10-07 07:30:00,1.3945,1.39479,1.39441,1.39475,289,1,0
2025-10-07 07:45:00,1.39476,1.3949799999999999,1.39476,1.39486,369,1,0
2025-10-07 08:00:00,1.39485,1.3951799999999999,1.39473,1.395,461,1,0
2025-10-07 08:15:00,1.395,1.3952499999999999,1.3949500000000001,1.39523,347,1,0
2025-10-07 08:30:00,1.3952200000000001,1.3955,1.3951799999999999,1.39542,450,1,0
2025-10-07 08:45:00,1.39542,1.39551,1.39519,1.39529,490,1,0
2025-10-07 09:00:00,1.3953,1.396,1.3953,1.3959,839,1,0
2025-10-07 09:15:00,1.3959,1.39603,1.39567,1.39578,630,1,0
2025-10-07 09:30:00,1.39577,1.39588,1.39547,1.39551,582,1,0
2025-10-07 09:45:00,1.39551,1.39558,1.39534,1.3954,570,1,0
2025-10-07 10:00:00,1.39545,1.39616,1.39539,1.39609,741,1,0
2025-10-07 10:15:00,1.39609,1.39623,1.3958,1.3959,578,1,0
2025-10-07 10:30:00,1.39587,1.39592,1.3955899999999999,1.3957899999999999,572,1,0
2025-10-07 10:45:00,1.3957899999999999,1.3958599999999999,1.39542,1.3955,666,1,0
2025-10-07 11:00:00,1.3955,1.39561,1.39512,1.39517,518,1,0
2025-10-07 11:15:00,1.39517,1.39544,1.39509,1.39526,486,1,0
2025-10-07 11:30:00,1.39527,1.39573,1.39511,1.39572,476,1,0
2025-10-07 11:45:00,1.39572,1.3958599999999999,1.39551,1.39565,475,1,0
2025-10-07 12:00:00,1.39566,1.39573,1.39546,1.3955600000000001,494,1,0
2025-10-07 12:15:00,1.3955600000000001,1.39589,1.39555,1.3957600000000001,471,1,0
2025-10-07 12:30:00,1.3957600000000001,1.39585,1.39551,1.39565,488,1,0
2025-10-07 12:45:00,1.39565,1.39569,1.39543,1.39547,433,1,0
2025-10-07 13:00:00,1.39547,1.3956,1.3952,1.39526,487,1,0
2025-10-07 13:15:00,1.39526,1.39539,1.39513,1.39526,400,1,0
2025-10-07 13:30:00,1.39526,1.39526,1.39476,1.39497,463,1,0
2025-10-07 13:45:00,1.39497,1.39524,1.39483,1.3952200000000001,550,1,0
2025-10-07 14:00:00,1.3952200000000001,1.39548,1.39514,1.39543,565,1,0
2025-10-07 14:15:00,1.39543,1.39566,1.39542,1.39557,429,1,0
2025-10-07 14:30:00,1.39557,1.39607,1.3955199999999999,1.39593,423,1,0
2025-10-07 14:45:00,1.39592,1.3963,1.39572,1.39587,580,1,0
2025-10-07 15:00:00,1.39587,1.3959,1.39547,1.3955600000000001,631,1,0
2025-10-07 15:15:00,1.3955600000000001,1.39619,1.3955600000000001,1.3958300000000001,751,1,0
2025-10-07 15:30:00,1.39585,1.3961299999999999,1.39532,1.39539,794,1,0
2025-10-07 15:45:00,1.39539,1.39563,1.39532,1.3954,633,1,0
2025-10-07 16:00:00,1.3954,1.39565,1.3949500000000001,1.39523,863,1,0
2025-10-07 16:15:00,1.39524,1.3955,1.39484,1.39538,952,1,0
2025-10-07 16:30:00,1.39538,1.39544,1.3946100000000001,1.39474,1031,1,0
2025-10-07 16:45:00,1.39473,1.39502,1.39445,1.39477,1003,1,0
2025-10-07 17:00:00,1.39477,1.39511,1.39445,1.39487,1131,1,0
2025-10-07 17:15:00,1.39487,1.39505,1.39446,1.3949799999999999,790,1,0
2025-10-07 17:30:00,1.39497,1.3949799999999999,1.39445,1.39489,901,1,0
2025-10-07 17:45:00,1.3949,1.39541,1.3946100000000001,1.39472,1004,1,0
2025-10-07 18:00:00,1.39472,1.39514,1.39446,1.39448,1034,1,0
2025-10-07 18:15:00,1.39448,1.3945,1.39387,1.39418,851,1,0
2025-10-07 18:30:00,1.39418,1.39484,1.39413,1.39447,1005,1,0
2025-10-07 18:45:00,1.39446,1.39513,1.39446,1.39499,1052,1,0
2025-10-07 19:00:00,1.3949799999999999,1.39509,1.39431,1.39486,939,1,0
2025-10-07 19:15:00,1.39486,1.39529,1.39465,1.39524,850,1,0
2025-10-07 19:30:00,1.39524,1.3957,1.3951799999999999,1.39555,724,1,0
2025-10-07 19:45:00,1.39555,1.39567,1.39513,1.3952,641,1,0
2025-10-07 20:00:00,1.39521,1.39541,1.39496,1.39502,769,1,0
2025-10-07 20:15:00,1.39502,1.39542,1.39493,1.39514,557,1,0
2025-10-07 20:30:00,1.39514,1.39527,1.39469,1.39472,629,1,0
2025-10-07 20:45:00,1.39472,1.39507,1.39458,1.39505,581,1,0
2025-10-07 21:00:00,1.39505,1.39538,1.39483,1.39516,681,1,0
2025-10-07 21:15:00,1.39516,1.3952,1.39494,1.39497,600,1,0
2025-10-07 21:30:00,1.39497,1.3951799999999999,1.39487,1.39496,566,1,0
2025-10-07 21:45:00,1.39496,1.39505,1.3945699999999999,1.39503,583,1,0
2025-10-07 22:00:00,1.39504,1.39544,1.39492,1.39537,460,1,0
2025-10-07 22:15:00,1.39537,1.39558,1.39532,1.39542,607,1,0
2025-10-07 22:30:00,1.39542,1.39604,1.3952200000000001,1.39554,582,1,0
2025-10-07 22:45:00,1.39554,1.39567,1.39532,1.39548,479,1,0
2025-10-07 23:00:00,1.3954900000000001,1.39571,1.39524,1.39553,324,1,0
2025-10-07 23:15:00,1.39553,1.39574,1.39541,1.39564,213,1,0
2025-10-07 23:30:00,1.39564,1.39564,1.39514,1.39514,207,1,0
2025-10-07 23:45:00,1.39514,1.3952,1.39486,1.39493,349,7,0
2025-10-08 00:00:00,1.3948800000000001,1.3949,1.39418,1.39489,38,21,0
2025-10-08 00:15:00,1.39489,1.3949,1.3946,1.39487,165,35,0
2025-10-08 00:30:00,1.3949099999999999,1.39504,1.39475,1.39482,242,35,0
2025-10-08 00:45:00,1.39482,1.39482,1.39463,1.3946399999999999,139,41,0
2025-10-08 01:00:00,1.39474,1.39494,1.39474,1.3949099999999999,178,1,0
2025-10-08 01:15:00,1.3949099999999999,1.39503,1.39484,1.39502,200,1,0
2025-10-08 01:30:00,1.39501,1.3951,1.39497,1.39507,449,1,0
2025-10-08 01:45:00,1.39506,1.3951799999999999,1.39504,1.39516,281,1,0
2025-10-08 02:00:00,1.39513,1.39528,1.39506,1.3952499999999999,253,1,0
2025-10-08 02:15:00,1.3952499999999999,1.39542,1.39519,1.39532,238,1,0
2025-10-08 02:30:00,1.39532,1.39541,1.3952499999999999,1.39532,313,1,0
2025-10-08 02:45:00,1.39532,1.39537,1.39512,1.39534,432,1,0
2025-10-08 03:00:00,1.39532,1.39578,1.3953,1.39565,626,1,0
2025-10-08 03:15:00,1.39565,1.3958300000000001,1.3956,1.3957600000000001,487,1,0
2025-10-08 03:30:00,1.3957600000000001,1.39595,1.39561,1.39581,495,1,0
2025-10-08 03:45:00,1.39581,1.3958300000000001,1.39535,1.39561,570,1,0
2025-10-08 04:00:00,1.39562,1.39593,1.3952,1.39582,1488,1,0
2025-10-08 04:15:00,1.39581,1.39634,1.3957,1.39622,949,1,0
2025-10-08 04:30:00,1.39624,1.39641,1.39607,1.39635,746,1,0
2025-10-08 04:45:00,1.39635,1.39652,1.39626,1.3964699999999999,479,1,0
2025-10-08 05:00:00,1.39648,1.39687,1.39646,1.39673,709,1,0
2025-10-08 05:15:00,1.39673,1.39686,1.39621,1.39636,700,1,0
2025-10-08 05:30:00,1.39636,1.39643,1.39618,1.3963700000000001,352,1,0
2025-10-08 05:45:00,1.3963700000000001,1.39656,1.39626,1.39646,502,1,0
2025-10-08 06:00:00,1.3964699999999999,1.3965,1.39631,1.39634,376,1,0
2025-10-08 06:15:00,1.39634,1.39645,1.39618,1.39625,290,1,0
2025-10-08 06:30:00,1.39625,1.39641,1.3961999999999999,1.39639,371,1,0
2025-10-08 06:45:00,1.39639,1.39641,1.3961999999999999,1.39622,438,1,0
2025-10-08 07:00:00,1.3961999999999999,1.39648,1.39615,1.39636,590,1,0
2025-10-08 07:15:00,1.39636,1.39658,1.39635,1.39649,368,1,0
2025-10-08 07:30:00,1.39648,1.39652,1.3963999999999999,1.3965,366,1,0
2025-10-08 07:45:00,1.3965,1.3966,1.39638,1.39643,345,1,0
2025-10-08 08:00:00,1.39643,1.3968099999999999,1.39643,1.39679,336,1,0
2025-10-08 08:15:00,1.39679,1.39688,1.3967100000000001,1.3967800000000001,441,1,0
2025-10-08 08:30:00,1.3967800000000001,1.3969,1.39655,1.39687,454,1,0
2025-10-08 08:45:00,1.39687,1.39703,1.3967800000000001,1.39685,494,1,0
2025-10-08 09:00:00,1.39682,1.39697,1.3966,1.39694,656,1,0
2025-10-08 09:15:00,1.39694,1.39709,1.3967399999999999,1.39697,643,1,0
2025-10-08 09:30:00,1.39697,1.39702,1.39665,1.39666,542,1,0
2025-10-08 09:45:00,1.39667,1.39683,1.39642,1.3964699999999999,616,1,0
2025-10-08 10:00:00,1.39645,1.39659,1.39605,1.39636,833,1,0
2025-10-08 10:15:00,1.39636,1.39646,1.39585,1.39597,630,1,0
2025-10-08 10:30:00,1.39598,1.39609,1.39562,1.39571,764,1,0
2025-10-08 10:45:00,1.39571,1.39574,1.39533,1.39554,668,1,0
2025-10-08 11:00:00,1.39554,1.39558,1.39513,1.39528,606,1,0
2025-10-08 11:15:00,1.3953,1.39555,1.39519,1.39532,632,1,0
2025-10-08 11:30:00,1.39532,1.3955199999999999,1.3952200000000001,1.39532,491,1,0
2025-10-08 11:45:00,1.39532,1.3955899999999999,1.3952200000000001,1.39542,612,1,0
2025-10-08 12:00:00,1.39539,1.39562,1.3951500000000001,1.39526,706,1,0
2025-10-08 12:15:00,1.3952499999999999,1.39545,1.3951500000000001,1.39531,512,1,0
2025-10-08 12:30:00,1.39532,1.39571,1.3953,1.39566,672,1,0
2025-10-08 12:45:00,1.39567,1.39592,1.39541,1.39562,676,1,0
2025-10-08 13:00:00,1.39562,1.39574,1.3952499999999999,1.39528,542,1,0
2025-10-08 13:15:00,1.39528,1.39531,1.39492,1.39502,466,1,0
2025-10-08 13:30:00,1.39502,1.39505,1.39465,1.39466,488,1,0
2025-10-08 13:45:00,1.39467,1.3948,1.39447,1.3946399999999999,507,1,0
2025-10-08 14:00:00,1.3946399999999999,1.39483,1.39453,1.39476,580,1,0
2025-10-08 14:15:00,1.39476,1.39497,1.3946,1.39484,549,1,0
2025-10-08 14:30:00,1.39485,1.3948800000000001,1.39451,1.39463,393,1,0
2025-10-08 14:45:00,1.39463,1.39467,1.39443,1.39445,513,1,0
2025-10-08 15:00:00,1.39445,1.39447,1.39387,1.3939,676,1,0
2025-10-08 15:15:00,1.3939,1.39417,1.39379,1.39404,772,1,0
2025-10-08 15:30:00,1.39404,1.39453,1.3940299999999999,1.39423,587,1,0
2025-10-08 15:45:00,1.39423,1.39441,1.39383,1.39383,684,1,0
2025-10-08 16:00:00,1.39383,1.39388,1.39318,1.39353,816,1,0
2025-10-08 16:15:00,1.39353,1.39392,1.39328,1.39389,797,1,0
2025-10-08 16:30:00,1.39388,1.39417,1.39374,1.39401,926,1,0
2025-10-08 16:45:00,1.39405,1.39499,1.3940299999999999,1.39476,1209,1,0
2025-10-08 17:00:00,1.39475,1.39511,1.39456,1.39493,996,1,0
2025-10-08 17:15:00,1.39493,1.39511,1.39453,1.3946100000000001,800,1,0
2025-10-08 17:30:00,1.39466,1.395,1.39452,1.39489,831,1,0
2025-10-08 17:45:00,1.39489,1.3952200000000001,1.39431,1.39507,1101,1,0
2025-10-08 18:00:00,1.39506,1.39506,1.3946100000000001,1.39489,851,1,0
2025-10-08 18:15:00,1.3948800000000001,1.39542,1.3948,1.39539,737,1,0
2025-10-08 18:30:00,1.39539,1.3958,1.39526,1.39541,705,1,0
2025-10-08 18:45:00,1.39541,1.3959,1.39517,1.39545,854,1,0
2025-10-08 19:00:00,1.39546,1.3958,1.39528,1.39565,747,1,0
2025-10-08 19:15:00,1.39565,1.396,1.39537,1.3957899999999999,535,1,0
2025-10-08 19:30:00,1.39577,1.39603,1.39577,1.39591,588,1,0
2025-10-08 19:45:00,1.3959,1.39611,1.3957899999999999,1.3959,473,1,0
2025-10-08 20:00:00,1.39591,1.39601,1.3957,1.39577,500,1,0
2025-10-08 20:15:00,1.39577,1.3957899999999999,1.39533,1.39548,375,1,0
2025-10-08 20:30:00,1.39546,1.39585,1.39546,1.39581,415,1,0
2025-10-08 20:45:00,1.39582,1.39604,1.3957899999999999,1.3958300000000001,380,1,0
2025-10-08 21:00:00,1.39578,1.39629,1.39578,1.39606,674,1,0
2025-10-08 21:15:00,1.39607,1.39621,1.39567,1.3957899999999999,1115,1,0
2025-10-08 21:30:00,1.39578,1.39581,1.39544,1.39555,652,1,0
2025-10-08 21:45:00,1.39555,1.39573,1.39546,1.39565,579,1,0
2025-10-08 22:00:00,1.39565,1.39566,1.3952,1.39565,588,1,0
2025-10-08 22:15:00,1.39566,1.39575,1.39529,1.3953,480,1,0
2025-10-08 22:30:00,1.39531,1.3957,1.39527,1.39569,344,1,0
2025-10-08 22:45:00,1.39569,1.3957,1.39547,1.3957,401,1,0
2025-10-08 23:00:00,1.39567,1.39582,1.39546,1.39566,331,1,0
2025-10-08 23:15:00,1.39566,1.39566,1.39544,1.3955,269,1,0
2025-10-08 23:30:00,1.3955,1.39562,1.39523,1.39524,284,1,0
2025-10-08 23:45:00,1.39524,1.39526,1.39493,1.39524,339,7,0
2025-10-09 00:00:00,1.39494,1.39509,1.39402,1.39507,31,35,0
2025-10-09 00:15:00,1.39507,1.39508,1.39479,1.39506,53,35,0
2025-10-09 00:30:00,1.39506,1.39509,1.39501,1.39506,133,35,0
2025-10-09 00:45:00,1.39506,1.39506,1.39499,1.395,42,38,0
2025-10-09 01:00:00,1.395,1.39532,1.3948800000000001,1.39529,287,1,0
2025-10-09 01:15:00,1.39529,1.39546,1.39526,1.39537,187,1,0
2025-10-09 01:30:00,1.39537,1.39544,1.39521,1.39528,218,1,0
2025-10-09 01:45:00,1.39528,1.3953,1.3949,1.39503,330,1,0
2025-10-09 02:00:00,1.39504,1.39545,1.39502,1.39527,306,1,0
2025-10-09 02:15:00,1.39527,1.39543,1.39521,1.39536,249,1,0
2025-10-09 02:30:00,1.39536,1.3954900000000001,1.3951799999999999,1.39548,266,1,0
2025-10-09 02:45:00,1.39548,1.39561,1.39546,1.39554,348,1,0
2025-10-09 03:00:00,1.39553,1.39557,1.3951799999999999,1.39521,446,1,0
2025-10-09 03:15:00,1.39521,1.39533,1.39482,1.39493,423,1,0
2025-10-09 03:30:00,1.39492,1.39497,1.39483,1.3949099999999999,381,1,0
2025-10-09 03:45:00,1.3949,1.39504,1.3948,1.3949099999999999,407,1,0
2025-10-09 04:00:00,1.3949,1.39492,1.39433,1.39446,866,1,0
2025-10-09 04:15:00,1.39444,1.39446,1.39413,1.39424,617,1,0
2025-10-09 04:30:00,1.39424,1.39443,1.39419,1.39422,471,1,0
2025-10-09 04:45:00,1.39422,1.39443,1.3942,1.39436,440,1,0
2025-10-09 05:00:00,1.39436,1.39452,1.3941,1.39411,308,1,0
2025-10-09 05:15:00,1.39411,1.39425,1.39408,1.39412,253,1,0
2025-10-09 05:30:00,1.39412,1.39424,1.3939599999999999,1.39399,416,1,0
2025-10-09 05:45:00,1.3940000000000001,1.3941,1.39383,1.39404,377,1,0
2025-10-09 06:00:00,1.39404,1.39406,1.3938,1.39405,319,1,0
2025-10-09 06:15:00,1.39405,1.39409,1.39389,1.39397,302,1,0
2025-10-09 06:30:00,1.39397,1.39407,1.39391,1.3939599999999999,237,1,0
2025-10-09 06:45:00,1.3939599999999999,1.39397,1.3938,1.39386,196,1,0
2025-10-09 07:00:00,1.39386,1.39397,1.39377,1.39381,363,1,0
2025-10-09 07:15:00,1.39381,1.39382,1.3936,1.39367,425,1,0
2025-10-09 07:30:00,1.39367,1.3937599999999999,1.39358,1.39361,289,1,0
2025-10-09 07:45:00,1.39361,1.39363,1.39348,1.39358,435,1,0
2025-10-09 08:00:00,1.39358,1.3936,1.3933499999999999,1.39357,286,1,0
2025-10-09 08:15:00,1.39357,1.39386,1.39356,1.3937300000000001,474,1,0
2025-10-09 08:30:00,1.39374,1.39378,1.39356,1.3936899999999999,331,1,0
2025-10-09 08:45:00,1.3936899999999999,1.3942,1.3936899999999999,1.39418,380,1,0
2025-10-09 09:00:00,1.39418,1.39485,1.39417,1.39471,641,1,0
2025-10-09 09:15:00,1.39471,1.39541,1.39455,1.3954,761,1,0
2025-10-09 09:30:00,1.3954,1.3959,1.39538,1.39584,847,1,0
2025-10-09 09:45:00,1.39584,1.39638,1.39581,1.39622,883,1,0
2025-10-09 10:00:00,1.39622,1.39628,1.39542,1.39563,1035,1,0
2025-10-09 10:15:00,1.3955899999999999,1.39598,1.39553,1.39593,669,1,0
2025-10-09 10:30:00,1.39593,1.39633,1.39575,1.39602,718,1,0
2025-10-09 10:45:00,1.39603,1.39604,1.3956,1.39566,687,1,0
2025-10-09 11:00:00,1.39566,1.39577,1.39543,1.39561,561,1,0
2025-10-09 11:15:00,1.3955899999999999,1.3959,1.39539,1.3956,656,1,0
2025-10-09 11:30:00,1.3956,1.39616,1.39554,1.39557,892,1,0
2025-10-09 11:45:00,1.39558,1.3957600000000001,1.39532,1.39535,762,1,0
2025-10-09 12:00:00,1.39535,1.39538,1.3948,1.39528,1048,1,0
2025-10-09 12:15:00,1.39528,1.3954,1.39497,1.39506,710,1,0
2025-10-09 12:30:00,1.39506,1.39517,1.39485,1.3949799999999999,545,1,0
2025-10-09 12:45:00,1.39497,1.3951799999999999,1.39473,1.39487,587,1,0
2025-10-09 13:00:00,1.39486,1.3949099999999999,1.39467,1.39476,550,1,0
2025-10-09 13:15:00,1.39475,1.39504,1.39471,1.3948,545,1,0
2025-10-09 13:30:00,1.3948,1.39527,1.39479,1.39507,423,1,0
2025-10-09 13:45:00,1.39507,1.3952499999999999,1.39485,1.39489,506,1,0
2025-10-09 14:00:00,1.39489,1.3955899999999999,1.39482,1.39547,607,1,0
2025-10-09 14:15:00,1.39547,1.3955600000000001,1.39501,1.39502,373,1,0
2025-10-09 14:30:00,1.39502,1.39523,1.39478,1.39485,431,1,0
2025-10-09 14:45:00,1.39485,1.39543,1.39476,1.39536,566,1,0
2025-10-09 15:00:00,1.39536,1.39548,1.39486,1.3951500000000001,889,1,0
2025-10-09 15:15:00,1.39514,1.3951500000000001,1.3945400000000001,1.39471,760,1,0
2025-10-09 15:30:00,1.39473,1.39481,1.3942700000000001,1.39463,878,1,0
2025-10-09 15:45:00,1.39463,1.39483,1.39448,1.39452,770,1,0
2025-10-09 16:00:00,1.39451,1.39484,1.39391,1.39448,1622,1,0
2025-10-09 16:15:00,1.39448,1.39523,1.39442,1.39501,1073,1,0
2025-10-09 16:30:00,1.39501,1.39607,1.3949099999999999,1.39599,1214,1,0
2025-10-09 16:45:00,1.39598,1.39715,1.39573,1.39711,1338,1,0
2025-10-09 17:00:00,1.39712,1.39878,1.39712,1.39869,1659,1,0
2025-10-09 17:15:00,1.39873,1.3994900000000001,1.39845,1.39946,1490,1,0
2025-10-09 17:30:00,1.39947,1.40008,1.39945,1.40004,1374,1,0
2025-10-09 17:45:00,1.40004,1.40027,1.39964,1.40007,1405,1,0
2025-10-09 18:00:00,1.40007,1.40118,1.39989,1.4010099999999999,1255,1,0
2025-10-09 18:15:00,1.40102,1.40181,1.40056,1.4018,1260,1,0
2025-10-09 18:30:00,1.40181,1.40209,1.40147,1.4015900000000001,1249,1,0
2025-10-09 18:45:00,1.4015900000000001,1.40184,1.4009,1.40111,1165,1,0
2025-10-09 19:00:00,1.40111,1.4020299999999999,1.4009800000000001,1.40189,901,1,0
2025-10-09 19:15:00,1.40189,1.4020299999999999,1.4016600000000001,1.40187,752,1,0
2025-10-09 19:30:00,1.40186,1.40243,1.40176,1.40207,919,1,0
2025-10-09 19:45:00,1.40207,1.40251,1.40153,1.40225,1004,1,0
2025-10-09 20:00:00,1.40225,1.4026100000000001,1.40185,1.40231,1018,1,0
2025-10-09 20:15:00,1.40231,1.4024,1.40175,1.40205,993,1,0
2025-10-09 20:30:00,1.40205,1.4022700000000001,1.4016199999999999,1.40179,810,1,0
2025-10-09 20:45:00,1.40179,1.40202,1.40143,1.40165,782,1,0
2025-10-09 21:00:00,1.40165,1.40202,1.40156,1.40198,710,1,0
2025-10-09 21:15:00,1.40198,1.40226,1.40167,1.40219,588,1,0
2025-10-09 21:30:00,1.40219,1.40289,1.40219,1.4028399999999999,661,1,0
2025-10-09 21:45:00,1.40285,1.4034200000000001,1.40275,1.4032200000000001,856,1,0
2025-10-09 22:00:00,1.40317,1.40324,1.4028399999999999,1.40304,622,1,0
2025-10-09 22:15:00,1.40304,1.40326,1.40294,1.40312,635,1,0
2025-10-09 22:30:00,1.40312,1.40314,1.40269,1.4028100000000001,489,1,0
2025-10-09 22:45:00,1.40283,1.40289,1.40241,1.40249,609,1,0
2025-10-09 23:00:00,1.40251,1.40252,1.40195,1.40214,358,1,0
2025-10-09 23:15:00,1.40214,1.40217,1.40183,1.40186,263,1,0
2025-10-09 23:30:00,1.40186,1.40233,1.40177,1.40191,286,1,0
2025-10-09 23:45:00,1.40191,1.40231,1.40177,1.40229,352,7,0
2025-10-10 00:00:00,1.40127,1.40163,1.40126,1.4015900000000001,35,35,0
2025-10-10 00:15:00,1.4015900000000001,1.4015900000000001,1.40129,1.40152,70,36,0
2025-10-10 00:30:00,1.40152,1.40178,1.40144,1.40151,100,40,0
2025-10-10 00:45:00,1.40151,1.40152,1.4014,1.40144,98,41,0
2025-10-10 01:00:00,1.40144,1.40192,1.40143,1.40188,523,1,0
2025-10-10 01:15:00,1.40188,1.4021,1.40185,1.40198,204,1,0
2025-10-10 01:30:00,1.40198,1.40222,1.40197,1.40211,161,1,0
2025-10-10 01:45:00,1.40211,1.40225,1.4019300000000001,1.4020000000000001,316,1,0
2025-10-10 02:00:00,1.40201,1.40258,1.40184,1.40241,366,1,0
2025-10-10 02:15:00,1.40241,1.40242,1.40209,1.40213,232,1,0
2025-10-10 02:30:00,1.40213,1.4022299999999999,1.40197,1.4020000000000001,274,1,0
2025-10-10 02:45:00,1.4020000000000001,1.40209,1.40192,1.4020299999999999,375,1,0
2025-10-10 03:00:00,1.4020299999999999,1.40249,1.40198,1.40238,584,1,0
2025-10-10 03:15:00,1.40238,1.40238,1.4021,1.40221,352,1,0
2025-10-10 03:30:00,1.40221,1.40224,1.40202,1.40213,397,1,0
2025-10-10 03:45:00,1.40211,1.40219,1.4016600000000001,1.40173,643,1,0
2025-10-10 04:00:00,1.40173,1.40188,1.4015,1.40181,655,1,0
2025-10-10 04:15:00,1.40181,1.40187,1.40155,1.40172,571,1,0
2025-10-10 04:30:00,1.40172,1.40187,1.40167,1.4017,500,1,0
2025-10-10 04:45:00,1.4017,1.40173,1.40156,1.40164,482,1,0
2025-10-10 05:00:00,1.40164,1.40174,1.40154,1.4016,433,1,0
2025-10-10 05:15:00,1.4016,1.40168,1.4013900000000001,1.40153,488,1,0
2025-10-10 05:30:00,1.40153,1.40173,1.40149,1.40171,342,1,0
2025-10-10 05:45:00,1.40171,1.40191,1.40171,1.40175,367,1,0
2025-10-10 06:00:00,1.40174,1.40187,1.40165,1.40185,376,1,0
2025-10-10 06:15:00,1.40185,1.40189,1.4016600000000001,1.4016899999999999,326,1,0
2025-10-10 06:30:00,1.4016899999999999,1.4017,1.40151,1.4016,332,1,0
2025-10-10 06:45:00,1.4016,1.40171,1.40153,1.4016199999999999,388,1,0
2025-10-10 07:00:00,1.4016199999999999,1.40209,1.40156,1.40207,421,1,0
2025-10-10 07:15:00,1.40207,1.4021,1.40184,1.40191,301,1,0
2025-10-10 07:30:00,1.40191,1.4019599999999999,1.40177,1.40179,237,1,0
2025-10-10 07:45:00,1.40179,1.4018,1.40155,1.40156,267,1,0
2025-10-10 08:00:00,1.40156,1.40189,1.40145,1.40182,427,1,0
2025-10-10 08:15:00,1.40182,1.40185,1.40157,1.40175,313,1,0
2025-10-10 08:30:00,1.40177,1.40186,1.40141,1.40144,353,1,0
2025-10-10 08:45:00,1.40146,1.4015900000000001,1.40134,1.4013499999999999,323,1,0
2025-10-10 09:00:00,1.40136,1.40201,1.40136,1.40199,545,1,0
2025-10-10 09:15:00,1.40199,1.40236,1.40188,1.40231,447,1,0
2025-10-10 09:30:00,1.40232,1.4029,1.40217,1.40283,1102,1,0
2025-10-10 09:45:00,1.40282,1.40344,1.40255,1.40272,1045,1,0
2025-10-10 10:00:00,1.40273,1.4029099999999999,1.40233,1.40244,1197,1,0
2025-10-10 10:15:00,1.40243,1.4028800000000001,1.40235,1.40238,878,1,0
2025-10-10 10:30:00,1.40239,1.40247,1.4022299999999999,1.40232,607,1,0
2025-10-10 10:45:00,1.40232,1.40262,1.40225,1.40251,658,1,0
2025-10-10 11:00:00,1.4025,1.4025699999999999,1.40176,1.4018,750,1,0
2025-10-10 11:15:00,1.4018,1.40208,1.40167,1.40197,660,1,0
2025-10-10 11:30:00,1.40197,1.40207,1.40147,1.40149,622,1,0
2025-10-10 11:45:00,1.40149,1.40191,1.40148,1.40171,590,1,0
2025-10-10 12:00:00,1.40171,1.4020299999999999,1.4016,1.40179,522,1,0
2025-10-10 12:15:00,1.40179,1.40207,1.4013,1.4014199999999999,548,1,0
2025-10-10 12:30:00,1.4014199999999999,1.40185,1.40141,1.40183,530,1,0
2025-10-10 12:45:00,1.40183,1.40202,1.40158,1.40184,701,1,0
2025-10-10 13:00:00,1.40183,1.40228,1.40181,1.40182,643,1,0
2025-10-10 13:15:00,1.40182,1.40216,1.40145,1.40197,581,1,0
2025-10-10 13:30:00,1.40197,1.40217,1.40188,1.40195,510,1,0
2025-10-10 13:45:00,1.4019300000000001,1.40207,1.40174,1.40194,641,1,0
2025-10-10 14:00:00,1.40194,1.40206,1.4016,1.40165,668,1,0
2025-10-10 14:15:00,1.40165,1.40172,1.4014199999999999,1.40152,514,1,0
2025-10-10 14:30:00,1.40152,1.4016600000000001,1.4013200000000001,1.40154,665,1,0
2025-10-10 14:45:00,1.40153,1.40199,1.4014199999999999,1.4018,648,1,0
2025-10-10 15:00:00,1.40179,1.40213,1.40143,1.40155,818,1,0
2025-10-10 15:15:00,1.40155,1.40194,1.40119,1.40153,761,1,0
2025-10-10 15:30:00,1.40143,1.40143,1.39761,1.39868,1880,1,0
2025-10-10 15:45:00,1.39867,1.3991,1.39832,1.39839,1071,1,0
2025-10-10 16:00:00,1.39839,1.39908,1.39832,1.39905,918,1,0
2025-10-10 16:15:00,1.39904,1.39968,1.39874,1.39964,793,1,0
2025-10-10 16:30:00,1.3997,1.3998,1.3986399999999999,1.39886,1228,1,0
2025-10-10 16:45:00,1.39886,1.39913,1.39865,1.39905,988,1,0
2025-10-10 17:00:00,1.3988800000000001,1.3995199999999999,1.3988800000000001,1.39943,1335,1,0
2025-10-10 17:15:00,1.39943,1.39977,1.3992,1.3995600000000001,1082,1,0
2025-10-10 17:30:00,1.3995600000000001,1.40008,1.39917,1.39948,1110,1,0
2025-10-10 17:45:00,1.39948,1.39967,1.39882,1.39936,1474,1,0
2025-10-10 18:00:00,1.39936,1.40018,1.3987,1.39875,2882,1,0
2025-10-10 18:15:00,1.39876,1.39993,1.39822,1.3998300000000001,2262,1,0
2025-10-10 18:30:00,1.39984,1.4010099999999999,1.39957,1.39965,2451,1,0
2025-10-10 18:45:00,1.39965,1.40031,1.3993,1.3999,2183,1,0
2025-10-10 19:00:00,1.3999,1.40051,1.39984,1.39996,1854,1,0
2025-10-10 19:15:00,1.39995,1.40092,1.39978,1.40019,1575,1,0
2025-10-10 19:30:00,1.40019,1.40072,1.39965,1.40056,1364,1,0
2025-10-10 19:45:00,1.40055,1.4011,1.40038,1.40093,1225,1,0
2025-10-10 20:00:00,1.40093,1.40179,1.40092,1.4013900000000001,1310,1,0
2025-10-10 20:15:00,1.4013900000000001,1.4015,1.40099,1.40103,1118,1,0
2025-10-10 20:30:00,1.40102,1.4010500000000001,1.4003999999999999,1.40069,747,1,0
2025-10-10 20:45:00,1.4007,1.4007800000000001,1.40042,1.4006,854,1,0
2025-10-10 21:00:00,1.40059,1.40102,1.40051,1.40067,859,1,0
2025-10-10 21:15:00,1.40068,1.4007100000000001,1.39939,1.39963,939,1,0
2025-10-10 21:30:00,1.39963,1.40019,1.39942,1.40011,865,1,0
2025-10-10 21:45:00,1.40011,1.40012,1.39966,1.4,868,1,0
2025-10-10 22:00:00,1.40001,1.40038,1.39966,1.3997,800,1,0
2025-10-10 22:15:00,1.3997,1.3998300000000001,1.39947,1.3997,670,1,0
2025-10-10 22:30:00,1.3997,1.40003,1.39955,1.39973,837,1,0
2025-10-10 22:45:00,1.39973,1.40016,1.39959,1.4001000000000001,928,1,0
2025-10-10 23:00:00,1.40011,1.40046,1.39991,1.40016,580,1,0
2025-10-10 23:15:00,1.40016,1.40034,1.39958,1.39994,484,1,0
2025-10-10 23:30:00,1.39994,1.40049,1.39966,1.40023,601,1,0
2025-10-10 23:45:00,1.40022,1.40058,1.39966,1.40003,938,7,0
2025-10-13 00:00:00,1.39841,1.3992200000000001,1.39831,1.3992200000000001,76,89,0
2025-10-13 00:15:00,1.3992200000000001,1.39948,1.39893,1.39933,177,49,0
2025-10-13 00:30:00,1.39933,1.39935,1.39907,1.39919,260,46,0
2025-10-13 00:45:00,1.39919,1.39935,1.39883,1.39892,301,35,0
2025-10-13 01:00:00,1.39892,1.40015,1.39886,1.39993,1012,1,0
2025-10-13 01:15:00,1.39993,1.40018,1.39973,1.40014,1035,1,0
2025-10-13 01:30:00,1.40014,1.40045,1.39971,1.40001,753,1,0
2025-10-13 01:45:00,1.40002,1.40014,1.39967,1.39968,570,1,0
2025-10-13 02:00:00,1.39965,1.40011,1.39957,1.3997899999999999,834,1,0
2025-10-13 02:15:00,1.3997899999999999,1.39995,1.39944,1.39954,790,1,0
2025-10-13 02:30:00,1.3995199999999999,1.39987,1.39946,1.39971,796,1,0
2025-10-13 02:45:00,1.39971,1.39994,1.39954,1.39993,749,1,0
2025-10-13 03:00:00,1.39993,1.40016,1.39973,1.39996,940,1,0
2025-10-13 03:15:00,1.39996,1.40026,1.3998300000000001,1.40001,612,1,0
2025-10-13 03:30:00,1.40001,1.40015,1.39935,1.39946,687,1,0
2025-10-13 03:45:00,1.39946,1.3995600000000001,1.39924,1.39931,892,1,0
2025-10-13 04:00:00,1.3993,1.39962,1.39896,1.39955,987,1,0
2025-10-13 04:15:00,1.39955,1.39958,1.39901,1.39946,856,1,0
2025-10-13 04:30:00,1.39946,1.39947,1.39852,1.3986,941,1,0
2025-10-13 04:45:00,1.3986100000000001,1.39883,1.39855,1.39871,819,1,0
2025-10-13 05:00:00,1.39872,1.39879,1.39828,1.39833,508,1,0
2025-10-13 05:15:00,1.39833,1.39878,1.39831,1.39875,412,1,0
2025-10-13 05:30:00,1.39875,1.3989,1.39863,1.3988800000000001,394,1,0
2025-10-13 05:45:00,1.3988800000000001,1.3992,1.39885,1.39916,427,1,0
2025-10-13 06:00:00,1.39916,1.3992200000000001,1.39881,1.399,370,1,0
2025-10-13 06:15:00,1.399,1.3992200000000001,1.39885,1.3992,331,1,0
2025-10-13 06:30:00,1.3992,1.39942,1.3991,1.39936,424,1,0
2025-10-13 06:45:00,1.39936,1.39966,1.39931,1.39951,468,1,0
2025-10-13 07:00:00,1.3995199999999999,1.39953,1.39927,1.3993,362,1,0
2025-10-13 07:15:00,1.3993,1.39931,1.39902,1.3991799999999999,479,1,0
2025-10-13 07:30:00,1.3991799999999999,1.39944,1.3991,1.3994,277,1,0
2025-10-13 07:45:00,1.3994,1.39946,1.39924,1.39933,357,1,0
2025-10-13 08:00:00,1.39933,1.39942,1.39901,1.3991500000000001,460,1,0
2025-10-13 08:15:00,1.3991500000000001,1.39928,1.3988399999999999,1.39917,496,1,0
2025-10-13 08:30:00,1.39917,1.3992499999999999,1.39893,1.39924,432,1,0
2025-10-13 08:45:00,1.39924,1.39995,1.39921,1.39987,536,1,0
2025-10-13 09:00:00,1.39985,1.40003,1.39953,1.39963,688,1,0
2025-10-13 09:15:00,1.39963,1.39966,1.39906,1.39929,784,1,0
2025-10-13 09:30:00,1.39929,1.39961,1.39892,1.39928,835,1,0
2025-10-13 09:45:00,1.39931,1.4005,1.39928,1.4003700000000001,914,1,0
2025-10-13 10:00:00,1.40038,1.40042,1.39989,1.4003999999999999,1274,1,0
2025-10-13 10:15:00,1.40039,1.40049,1.39989,1.39997,1104,1,0
2025-10-13 10:30:00,1.39997,1.40059,1.39991,1.40046,994,1,0
2025-10-13 10:45:00,1.40046,1.40063,1.40022,1.4004699999999999,842,1,0
2025-10-13 11:00:00,1.40045,1.40072,1.4003,1.40067,798,1,0
2025-10-13 11:15:00,1.40067,1.40091,1.40054,1.40087,700,1,0
2025-10-13 11:30:00,1.40087,1.4010799999999999,1.4004699999999999,1.40061,722,1,0
2025-10-13 11:45:00,1.40061,1.40061,1.40008,1.4001299999999999,684,1,0
2025-10-13 12:00:00,1.4001299999999999,1.4002,1.39991,1.39997,553,1,0
2025-10-13 12:15:00,1.39997,1.40029,1.39994,1.40016,441,1,0
2025-10-13 12:30:00,1.4001700000000001,1.40031,1.39993,1.40007,378,1,0
2025-10-13 12:45:00,1.40007,1.40016,1.39993,1.40004,488,1,0
2025-10-13 13:00:00,1.40004,1.40023,1.39992,1.40021,381,1,0
2025-10-13 13:15:00,1.40021,1.40067,1.40014,1.40051,556,1,0
2025-10-13 13:30:00,1.40051,1.40053,1.40029,1.4004400000000001,465,1,0
2025-10-13 13:45:00,1.40043,1.40053,1.40003,1.40029,552,1,0
2025-10-13 14:00:00,1.40029,1.40033,1.39972,1.3999,1077,1,0
2025-10-13 14:15:00,1.3999,1.40036,1.3998300000000001,1.40029,640,1,0
2025-10-13 14:30:00,1.40029,1.4008,1.40014,1.40075,654,1,0
2025-10-13 14:45:00,1.40075,1.40091,1.40036,1.40088,922,1,0
2025-10-13 15:00:00,1.40087,1.4010099999999999,1.40066,1.40092,924,1,0
2025-10-13 15:15:00,1.40092,1.40133,1.40069,1.40124,802,1,0
2025-10-13 15:30:00,1.40124,1.40145,1.40109,1.4012,757,1,0
2025-10-13 15:45:00,1.40121,1.40167,1.4012,1.4013,662,1,0
2025-10-13 16:00:00,1.40129,1.40173,1.40129,1.40168,943,1,0
2025-10-13 16:15:00,1.40167,1.40181,1.40145,1.40167,743,0,0
2025-10-13 16:30:00,1.40165,1.40189,1.40149,1.40183,1052,0,0
2025-10-13 16:45:00,1.40184,1.40187,1.4013,1.4016,1277,0,0
2025-10-13 17:00:00,1.4016,1.40244,1.40141,1.40242,1109,0,0
2025-10-13 17:15:00,1.40242,1.40337,1.40237,1.40304,1073,0,0
2025-10-13 17:30:00,1.40304,1.40307,1.40217,1.40225,1154,0,0
2025-10-13 17:45:00,1.40225,1.40311,1.4022000000000001,1.403,1089,0,0
2025-10-13 18:00:00,1.40301,1.40341,1.40253,1.40255,926,0,0
2025-10-13 18:15:00,1.4025400000000001,1.40266,1.40231,1.40258,745,0,0
2025-10-13 18:30:00,1.40258,1.4026399999999999,1.4022000000000001,1.40248,670,0,0
2025-10-13 18:45:00,1.40248,1.4029099999999999,1.40237,1.40289,626,0,0
2025-10-13 19:00:00,1.40289,1.40299,1.40271,1.4028800000000001,522,0,0
2025-10-13 19:15:00,1.4028800000000001,1.40328,1.40272,1.40305,620,0,0
2025-10-13 19:30:00,1.40306,1.4034200000000001,1.40303,1.40324,492,0,0
2025-10-13 19:45:00,1.40324,1.4033,1.40302,1.40309,469,0,0
2025-10-13 20:00:00,1.40308,1.40341,1.40305,1.40326,396,0,0
2025-10-13 20:15:00,1.40326,1.40339,1.40294,1.40304,525,0,0
2025-10-13 20:30:00,1.40304,1.4034,1.40295,1.40339,442,1,0
2025-10-13 20:45:00,1.40339,1.40339,1.40306,1.40317,520,0,0
2025-10-13 21:00:00,1.40317,1.40317,1.40274,1.40296,328,0,0
2025-10-13 21:15:00,1.40296,1.40312,1.40285,1.40311,270,0,0
2025-10-13 21:30:00,1.40311,1.40346,1.40307,1.40346,394,0,0
2025-10-13 21:45:00,1.40346,1.40387,1.40338,1.40372,487,0,0
2025-10-13 22:00:00,1.40372,1.40395,1.40358,1.40392,502,1,0
2025-10-13 22:15:00,1.40392,1.40392,1.40361,1.40368,399,0,0
2025-10-13 22:30:00,1.40368,1.40381,1.40359,1.4037,487,0,0
2025-10-13 22:45:00,1.4037,1.4038599999999999,1.40358,1.40373,408,0,0
2025-10-13 23:00:00,1.40372,1.40384,1.40366,1.4037,218,0,0
2025-10-13 23:15:00,1.4037,1.40377,1.40351,1.40362,228,0,0
2025-10-13 23:30:00,1.40362,1.40367,1.40347,1.40348,168,0,0
2025-10-13 23:45:00,1.40347,1.40368,1.40332,1.40358,312,7,0
2025-10-14 00:00:00,1.40337,1.40346,1.4028800000000001,1.4032499999999999,40,35,0
2025-10-14 00:15:00,1.4032499999999999,1.40333,1.4028100000000001,1.40314,50,35,0
2025-10-14 00:30:00,1.4031,1.4032200000000001,1.40295,1.40304,101,41,0
2025-10-14 00:45:00,1.40304,1.40323,1.40269,1.4032200000000001,210,40,0
2025-10-14 01:00:00,1.4032200000000001,1.40343,1.40317,1.4032,175,1,0
2025-10-14 01:15:00,1.4032,1.40356,1.40317,1.4035,339,1,0
2025-10-14 01:30:00,1.4035199999999999,1.40361,1.40348,1.4036,154,0,0
2025-10-14 01:45:00,1.4036,1.40375,1.40354,1.4037,174,0,0
2025-10-14 02:00:00,1.4037,1.40408,1.40363,1.40397,259,0,0
2025-10-14 02:15:00,1.40397,1.40399,1.40373,1.40388,157,0,0
2025-10-14 02:30:00,1.40388,1.40388,1.40358,1.40382,208,0,0
2025-10-14 02:45:00,1.40382,1.40405,1.40372,1.40398,330,0,0
2025-10-14 03:00:00,1.40401,1.40439,1.40369,1.40402,849,0,0
2025-10-14 03:15:00,1.40402,1.40419,1.40373,1.40407,424,0,0
2025-10-14 03:30:00,1.40408,1.40411,1.40348,1.4036,553,1,0
2025-10-14 03:45:00,1.4036,1.40394,1.40359,1.40378,541,0,0
2025-10-14 04:00:00,1.4037600000000001,1.40399,1.40367,1.4037,673,0,0
2025-10-14 04:15:00,1.4037,1.40388,1.40335,1.40347,513,0,0
2025-10-14 04:30:00,1.40347,1.40359,1.40332,1.40354,494,0,0
2025-10-14 04:45:00,1.40354,1.40381,1.40353,1.40367,373,0,0
2025-10-14 05:00:00,1.40367,1.40389,1.4036,1.40387,323,0,0
2025-10-14 05:15:00,1.40387,1.4041000000000001,1.4038,1.40408,283,0,0
2025-10-14 05:30:00,1.40409,1.40417,1.40377,1.40393,271,0,0
2025-10-14 05:45:00,1.40393,1.40424,1.40389,1.40424,349,0,0
2025-10-14 06:00:00,1.40424,1.4043999999999999,1.40418,1.40424,454,0,0
2025-10-14 06:15:00,1.40424,1.40443,1.40411,1.40416,416,0,0
2025-10-14 06:30:00,1.40416,1.4043700000000001,1.4040300000000001,1.40405,444,0,0
2025-10-14 06:45:00,1.40405,1.40418,1.40402,1.40411,372,0,0
2025-10-14 07:00:00,1.40411,1.40436,1.404,1.40418,649,0,0
2025-10-14 07:15:00,1.40418,1.40455,1.40412,1.40441,738,0,0
2025-10-14 07:30:00,1.40441,1.4047100000000001,1.40441,1.40457,620,0,0
2025-10-14 07:45:00,1.40457,1.40463,1.40426,1.40432,428,0,0
2025-10-14 08:00:00,1.40432,1.40449,1.40424,1.40427,508,0,0
2025-10-14 08:15:00,1.40427,1.4043700000000001,1.4041299999999999,1.4043,436,0,0
2025-10-14 08:30:00,1.4043,1.40458,1.40426,1.40438,656,0,0
2025-10-14 08:45:00,1.40438,1.40468,1.4043,1.40465,673,0,0
2025-10-14 09:00:00,1.40466,1.40547,1.40457,1.40482,1112,1,0
2025-10-14 09:15:00,1.40483,1.40585,1.40483,1.40537,1114,0,0
2025-10-14 09:30:00,1.40537,1.4059,1.40531,1.40579,970,0,0
2025-10-14 09:45:00,1.40579,1.40585,1.40543,1.40557,812,0,0
2025-10-14 10:00:00,1.40556,1.4056899999999999,1.40506,1.40517,1111,0,0
2025-10-14 10:15:00,1.40518,1.40592,1.40502,1.40588,882,0,0
2025-10-14 10:30:00,1.40588,1.40662,1.40586,1.40653,1226,0,0
2025-10-14 10:45:00,1.4065400000000001,1.40658,1.4059599999999999,1.40639,965,0,0
2025-10-14 11:00:00,1.40637,1.40664,1.40565,1.40568,899,1,0
2025-10-14 11:15:00,1.40568,1.40592,1.40547,1.40552,671,0,0
2025-10-14 11:30:00,1.40552,1.40613,1.40544,1.40605,647,0,0
2025-10-14 11:45:00,1.40605,1.40618,1.40573,1.4058899999999999,570,0,0
2025-10-14 12:00:00,1.40588,1.40648,1.40585,1.40646,665,1,0
2025-10-14 12:15:00,1.40646,1.40673,1.40624,1.4064,594,0,0
2025-10-14 12:30:00,1.40638,1.4065400000000001,1.40629,1.40646,536,0,0
2025-10-14 12:45:00,1.40646,1.407,1.40641,1.4069099999999999,762,0,0
2025-10-14 13:00:00,1.40692,1.40724,1.4069099999999999,1.40712,618,0,0
2025-10-14 13:15:00,1.40712,1.4074,1.40701,1.40727,724,0,0
2025-10-14 13:30:00,1.40726,1.4077,1.40725,1.40765,643,0,0
2025-10-14 13:45:00,1.40765,1.40802,1.40757,1.40763,721,0,0
2025-10-14 14:00:00,1.40763,1.40768,1.40733,1.40765,631,0,0
2025-10-14 14:15:00,1.40765,1.40765,1.40651,1.40672,727,0,0
2025-10-14 14:30:00,1.40672,1.4068800000000001,1.4064999999999999,1.40651,621,0,0
2025-10-14 14:45:00,1.40651,1.40662,1.4062299999999999,1.40642,640,0,0
2025-10-14 15:00:00,1.40643,1.40677,1.40632,1.40647,854,0,0
2025-10-14 15:15:00,1.40647,1.40658,1.40616,1.4064,827,0,0
2025-10-14 15:30:00,1.40639,1.4068100000000001,1.40625,1.4065400000000001,1021,1,0
2025-10-14 15:45:00,1.4065400000000001,1.40737,1.40645,1.40717,818,0,0
2025-10-14 16:00:00,1.40717,1.4075,1.4068,1.40685,1082,0,0
2025-10-14 16:15:00,1.40685,1.40694,1.40601,1.40615,1345,0,0
2025-10-14 16:30:00,1.40615,1.40616,1.4049800000000001,1.40575,1731,0,0
2025-10-14 16:45:00,1.40575,1.40581,1.40414,1.40443,1502,0,0
2025-10-14 17:00:00,1.40443,1.40454,1.40334,1.40371,1382,0,0
2025-10-14 17:15:00,1.40373,1.40388,1.40333,1.40369,1155,0,0
2025-10-14 17:30:00,1.40366,1.40395,1.40301,1.4032200000000001,1101,0,0
2025-10-14 17:45:00,1.4032200000000001,1.40415,1.40299,1.40404,1178,0,0
2025-10-14 18:00:00,1.40404,1.40484,1.404,1.40427,945,0,0
2025-10-14 18:15:00,1.40428,1.40493,1.40421,1.40476,887,0,0
2025-10-14 18:30:00,1.40477,1.40552,1.40457,1.40522,1118,1,0
2025-10-14 18:45:00,1.40522,1.40522,1.40435,1.4043700000000001,1006,0,0
2025-10-14 19:00:00,1.4043700000000001,1.40468,1.4038599999999999,1.40464,969,1,0
2025-10-14 19:15:00,1.40464,1.40473,1.40381,1.40441,1388,0,0
2025-10-14 19:30:00,1.40441,1.4047,1.40384,1.40389,782,0,0
2025-10-14 19:45:00,1.40389,1.40436,1.40356,1.40429,925,0,0
2025-10-14 20:00:00,1.40431,1.4047100000000001,1.4040599999999999,1.40469,859,1,0
2025-10-14 20:15:00,1.40468,1.40521,1.40449,1.40457,790,0,0
2025-10-14 20:30:00,1.40457,1.4046,1.4037899999999999,1.40382,757,0,0
2025-10-14 20:45:00,1.40382,1.4040300000000001,1.40327,1.40348,886,0,0
2025-10-14 21:00:00,1.40348,1.40374,1.40337,1.40362,658,0,0
2025-10-14 21:15:00,1.40362,1.40415,1.40358,1.40389,638,0,0
2025-10-14 21:30:00,1.40389,1.40411,1.40373,1.40381,628,0,0
2025-10-14 21:45:00,1.40381,1.40389,1.40333,1.40362,609,0,0
2025-10-14 22:00:00,1.40362,1.40394,1.40339,1.4038,549,0,0
2025-10-14 22:15:00,1.4037899999999999,1.40387,1.40363,1.40366,465,0,0
2025-10-14 22:30:00,1.40367,1.40453,1.40355,1.40415,1421,0,0
2025-10-14 22:45:00,1.40415,1.40443,1.40394,1.40429,985,0,0
2025-10-14 23:00:00,1.4043,1.40455,1.40414,1.40448,358,0,0
2025-10-14 23:15:00,1.40448,1.40497,1.40448,1.40486,261,0,0
2025-10-14 23:30:00,1.40486,1.40491,1.40454,1.40481,279,0,0
2025-10-14 23:45:00,1.40482,1.40488,1.40428,1.40431,324,7,0
2025-10-15 00:00:00,1.40416,1.40439,1.40394,1.40439,26,35,0
2025-10-15 00:15:00,1.40439,1.4043999999999999,1.40402,1.40424,44,35,0
2025-10-15 00:30:00,1.40425,1.40429,1.40415,1.40428,135,35,0
2025-10-15 00:45:00,1.40428,1.40431,1.40392,1.40394,98,45,0
2025-10-15 01:00:00,1.40394,1.40407,1.40373,1.4037899999999999,226,1,0
2025-10-15 01:15:00,1.4037899999999999,1.4040599999999999,1.4037600000000001,1.4039,245,1,0
2025-10-15 01:30:00,1.4039,1.40415,1.40374,1.4041000000000001,218,0,0
2025-10-15 01:45:00,1.4041000000000001,1.40427,1.40405,1.40426,145,0,0
2025-10-15 02:00:00,1.40426,1.40436,1.4040599999999999,1.40408,447,0,0
2025-10-15 02:15:00,1.40408,1.40417,1.40395,1.40402,226,0,0
2025-10-15 02:30:00,1.40402,1.40418,1.40394,1.40409,273,0,0
2025-10-15 02:45:00,1.40409,1.40462,1.40409,1.40461,449,0,0
2025-10-15 03:00:00,1.40463,1.40476,1.40435,1.40465,772,0,0
2025-10-15 03:15:00,1.40465,1.40487,1.40465,1.4047100000000001,508,0,0
2025-10-15 03:30:00,1.4047100000000001,1.40482,1.40458,1.40462,377,0,0
2025-10-15 03:45:00,1.40461,1.40461,1.40441,1.40449,455,0,0
2025-10-15 04:00:00,1.40449,1.4046,1.40423,1.4043,518,0,0
2025-10-15 04:15:00,1.4043,1.4043,1.40344,1.40374,870,0,0
2025-10-15 04:30:00,1.40373,1.40422,1.40372,1.40421,774,0,0
2025-10-15 04:45:00,1.40421,1.40422,1.4037,1.40382,540,0,0
2025-10-15 05:00:00,1.40382,1.40388,1.40335,1.40339,524,0,0
2025-10-15 05:15:00,1.40339,1.40343,1.4031799999999999,1.40333,473,0,0
2025-10-15 05:30:00,1.40333,1.40364,1.40328,1.4034900000000001,521,0,0
2025-10-15 05:45:00,1.4034900000000001,1.40357,1.4033,1.40343,487,0,0
2025-10-15 06:00:00,1.40343,1.40381,1.40341,1.40375,427,0,0
2025-10-15 06:15:00,1.40375,1.40387,1.4035199999999999,1.40357,338,0,0
2025-10-15 06:30:00,1.40357,1.40373,1.40335,1.40367,379,0,0
2025-10-15 06:45:00,1.40367,1.4037600000000001,1.40353,1.40366,336,0,0
2025-10-15 07:00:00,1.40366,1.40368,1.40344,1.40363,282,0,0
2025-10-15 07:15:00,1.40363,1.40388,1.40351,1.40381,327,0,0
2025-10-15 07:30:00,1.40381,1.40389,1.40366,1.40369,391,1,0
2025-10-15 07:45:00,1.40369,1.40374,1.4036,1.40367,328,0,0
2025-10-15 08:00:00,1.40366,1.4037,1.4034200000000001,1.40348,429,0,0
2025-10-15 08:15:00,1.40348,1.40354,1.40338,1.4034499999999999,325,0,0
2025-10-15 08:30:00,1.40346,1.40362,1.40334,1.40359,378,0,0
2025-10-15 08:45:00,1.40359,1.4037899999999999,1.40358,1.4037,443,0,0
2025-10-15 09:00:00,1.40369,1.40385,1.40296,1.403,670,0,0
2025-10-15 09:15:00,1.403,1.40326,1.40278,1.40321,811,0,0
2025-10-15 09:30:00,1.40321,1.40344,1.40312,1.40312,621,0,0
2025-10-15 09:45:00,1.40313,1.4032200000000001,1.40286,1.40297,802,0,0
2025-10-15 10:00:00,1.40295,1.4035199999999999,1.40289,1.40333,858,0,0
2025-10-15 10:15:00,1.40333,1.4038599999999999,1.40328,1.4038300000000001,720,0,0
2025-10-15 10:30:00,1.4038300000000001,1.40401,1.40333,1.40356,715,0,0
2025-10-15 10:45:00,1.4036,1.40431,1.40329,1.40426,781,0,0
2025-10-15 11:00:00,1.40426,1.4044400000000001,1.40389,1.4043999999999999,750,1,0
2025-10-15 11:15:00,1.4043999999999999,1.40454,1.40415,1.40429,672,0,0
2025-10-15 11:30:00,1.40429,1.40439,1.40401,1.40424,537,0,0
2025-10-15 11:45:00,1.40424,1.40451,1.4041299999999999,1.40431,643,0,0
2025-10-15 12:00:00,1.40432,1.4044699999999999,1.40419,1.40431,621,1,0
2025-10-15 12:15:00,1.40431,1.40446,1.4042,1.40433,664,0,0
2025-10-15 12:30:00,1.40433,1.40452,1.40409,1.40427,563,0,0
2025-10-15 12:45:00,1.40427,1.40436,1.40382,1.40385,571,0,0
2025-10-15 13:00:00,1.40385,1.40419,1.40371,1.4040300000000001,549,0,0
2025-10-15 13:15:00,1.4040300000000001,1.4043,1.4040300000000001,1.40409,472,0,0
2025-10-15 13:30:00,1.40409,1.40425,1.40404,1.40411,381,0,0
2025-10-15 13:45:00,1.40411,1.4041299999999999,1.40378,1.40382,365,0,0
2025-10-15 14:00:00,1.40382,1.4038599999999999,1.40365,1.40367,467,0,0
2025-10-15 14:15:00,1.40366,1.40377,1.40341,1.40355,416,0,0
2025-10-15 14:30:00,1.40355,1.40374,1.4035,1.40364,444,0,0
2025-10-15 14:45:00,1.40364,1.4044400000000001,1.40363,1.40438,517,0,0
2025-10-15 15:00:00,1.4043700000000001,1.40457,1.40402,1.40428,900,0,0
2025-10-15 15:15:00,1.40428,1.40452,1.40394,1.404,933,0,0
2025-10-15 15:30:00,1.40397,1.40496,1.4038,1.40487,1153,1,0
2025-10-15 15:45:00,1.40487,1.40542,1.4046699999999999,1.40511,1161,0,0
2025-10-15 16:00:00,1.4051,1.4053499999999999,1.40454,1.40511,1080,0,0
2025-10-15 16:15:00,1.40512,1.40525,1.40472,1.40472,760,0,0
2025-10-15 16:30:00,1.40472,1.40486,1.40395,1.4043,1392,0,0
2025-10-15 16:45:00,1.4043,1.4047100000000001,1.40396,1.4043700000000001,1462,0,0
2025-10-15 17:00:00,1.4043700000000001,1.40457,1.4040300000000001,1.40435,970,0,0
2025-10-15 17:15:00,1.40436,1.40466,1.4041299999999999,1.4044400000000001,841,0,0
2025-10-15 17:30:00,1.4044400000000001,1.40459,1.40416,1.40426,863,0,0
2025-10-15 17:45:00,1.40426,1.40488,1.40377,1.4038300000000001,1543,0,0
2025-10-15 18:00:00,1.4038300000000001,1.40408,1.4034900000000001,1.40358,1065,0,0
2025-10-15 18:15:00,1.40358,1.40367,1.40274,1.40297,871,0,0
2025-10-15 18:30:00,1.40296,1.40311,1.40268,1.40282,1084,0,0
2025-10-15 18:45:00,1.40282,1.4037,1.40276,1.4034499999999999,1351,0,0
2025-10-15 19:00:00,1.40346,1.40371,1.40341,1.40348,1010,0,0
2025-10-15 19:15:00,1.4034900000000001,1.40369,1.40327,1.40347,749,0,0
2025-10-15 19:30:00,1.40347,1.40391,1.40343,1.40366,780,0,0
2025-10-15 19:45:00,1.40366,1.4037600000000001,1.40339,1.4034,796,0,0
2025-10-15 20:00:00,1.40338,1.40573,1.40338,1.4056899999999999,1332,0,0
2025-10-15 20:15:00,1.4056899999999999,1.40601,1.4051,1.40555,1319,0,0
2025-10-15 20:30:00,1.40555,1.40564,1.40525,1.40539,936,0,0
2025-10-15 20:45:00,1.40539,1.4055,1.40507,1.40516,758,0,0
2025-10-15 21:00:00,1.40515,1.40577,1.40507,1.40561,745,1,0
2025-10-15 21:15:00,1.40561,1.4058899999999999,1.40545,1.4056899999999999,641,0,0
2025-10-15 21:30:00,1.4056899999999999,1.40583,1.40515,1.40537,584,0,0
2025-10-15 21:45:00,1.40537,1.40554,1.40516,1.4052,617,0,0
2025-10-15 22:00:00,1.40521,1.40524,1.40485,1.40489,532,0,0
2025-10-15 22:15:00,1.40489,1.4050500000000001,1.40472,1.40497,406,0,0
2025-10-15 22:30:00,1.40497,1.40515,1.40495,1.40499,398,0,0
2025-10-15 22:45:00,1.4049800000000001,1.40513,1.40451,1.4046699999999999,557,0,0
2025-10-15 23:00:00,1.4046699999999999,1.4047,1.4043,1.40445,371,0,0
2025-10-15 23:15:00,1.40445,1.40457,1.4043,1.40457,316,0,0
2025-10-15 23:30:00,1.40458,1.40475,1.40439,1.4047100000000001,248,1,0
2025-10-15 23:45:00,1.4047100000000001,1.40475,1.40378,1.40392,442,7,0
2025-10-16 00:00:00,1.4038300000000001,1.40389,1.40283,1.40381,41,56,0
2025-10-16 00:15:00,1.40381,1.40402,1.4037899999999999,1.40393,65,45,0
2025-10-16 00:30:00,1.40389,1.40411,1.40389,1.40411,76,38,0
2025-10-16 00:45:00,1.40411,1.40411,1.4039,1.40405,75,36,0
2025-10-16 01:00:00,1.40405,1.40441,1.40389,1.40436,235,1,0
2025-10-16 01:15:00,1.4043700000000001,1.40442,1.40427,1.40431,245,1,0
2025-10-16 01:30:00,1.40431,1.40439,1.40424,1.40429,160,0,0
2025-10-16 01:45:00,1.40429,1.40479,1.40421,1.4047100000000001,342,0,0
2025-10-16 02:00:00,1.4046699999999999,1.4046699999999999,1.4043700000000001,1.4044699999999999,214,0,0
2025-10-16 02:15:00,1.4044699999999999,1.40457,1.40442,1.4044699999999999,217,0,0
2025-10-16 02:30:00,1.4044699999999999,1.40478,1.40443,1.4046699999999999,208,0,0
2025-10-16 02:45:00,1.4046699999999999,1.40482,1.40456,1.40464,325,0,0
2025-10-16 03:00:00,1.40466,1.40482,1.40452,1.4046,549,0,0
2025-10-16 03:15:00,1.4046,1.40463,1.40395,1.404,537,0,0
2025-10-16 03:30:00,1.40399,1.40465,1.40355,1.40363,1208,1,0
2025-10-16 03:45:00,1.40364,1.40405,1.40362,1.40394,694,0,0
2025-10-16 04:00:00,1.40395,1.40397,1.40344,1.40358,717,0,0
2025-10-16 04:15:00,1.40359,1.40362,1.40302,1.40324,873,0,0
2025-10-16 04:30:00,1.4032499999999999,1.40331,1.40278,1.4028100000000001,745,0,0
2025-10-16 04:45:00,1.4028100000000001,1.40282,1.40229,1.40258,630,0,0
2025-10-16 05:00:00,1.4025699999999999,1.4028399999999999,1.4022999999999999,1.40283,646,0,0
2025-10-16 05:15:00,1.40283,1.40304,1.40274,1.40297,552,0,0
2025-10-16 05:30:00,1.40297,1.40321,1.40292,1.40307,564,0,0
2025-10-16 05:45:00,1.40307,1.40307,1.4026,1.40269,456,0,0
2025-10-16 06:00:00,1.40269,1.40304,1.40269,1.40296,389,0,0
2025-10-16 06:15:00,1.40296,1.40302,1.40262,1.40283,416,0,0
2025-10-16 06:30:00,1.40282,1.40308,1.4028,1.40292,436,0,0
2025-10-16 06:45:00,1.40292,1.40303,1.40282,1.40301,255,0,0
2025-10-16 07:00:00,1.40301,1.40321,1.40298,1.40312,289,0,0
2025-10-16 07:15:00,1.40314,1.40335,1.4031,1.40333,245,0,0
2025-10-16 07:30:00,1.40333,1.40348,1.40329,1.4034200000000001,195,0,0
2025-10-16 07:45:00,1.4034200000000001,1.4036,1.40336,1.40344,281,0,0
2025-10-16 08:00:00,1.40344,1.40348,1.4032499999999999,1.40332,332,0,0
2025-10-16 08:15:00,1.40332,1.40364,1.40326,1.40332,393,0,0
2025-10-16 08:30:00,1.40332,1.40358,1.40326,1.40343,538,0,0
2025-10-16 08:45:00,1.40343,1.40351,1.4031,1.4033,514,0,0
2025-10-16 09:00:00,1.40332,1.40371,1.4028800000000001,1.4029099999999999,879,1,0
2025-10-16 09:15:00,1.4029099999999999,1.40316,1.40271,1.40283,736,0,0
2025-10-16 09:30:00,1.40283,1.4032499999999999,1.40282,1.4032200000000001,604,0,0
2025-10-16 09:45:00,1.4032200000000001,1.40344,1.40305,1.40311,696,0,0
2025-10-16 10:00:00,1.40311,1.40401,1.40296,1.40372,998,0,0
2025-10-16 10:15:00,1.40373,1.40396,1.4035199999999999,1.40367,834,0,0
2025-10-16 10:30:00,1.40365,1.40391,1.4034,1.40341,704,0,0
2025-10-16 10:45:00,1.40341,1.40378,1.40336,1.40344,1032,0,0
2025-10-16 11:00:00,1.4034499999999999,1.40365,1.40329,1.4034200000000001,929,0,0
2025-10-16 11:15:00,1.4034200000000001,1.40363,1.40319,1.40362,714,0,0
2025-10-16 11:30:00,1.40362,1.4038300000000001,1.4035199999999999,1.40361,595,1,0
2025-10-16 11:45:00,1.40361,1.4040300000000001,1.4034900000000001,1.4038300000000001,619,1,0
2025-10-16 12:00:00,1.4038300000000001,1.40398,1.40359,1.4039,501,1,0
2025-10-16 12:15:00,1.4039,1.40434,1.4039,1.40424,545,0,0
2025-10-16 12:30:00,1.40424,1.40442,1.4040300000000001,1.40404,553,0,0
2025-10-16 12:45:00,1.40404,1.40407,1.40389,1.40394,453,0,0
2025-10-16 13:00:00,1.40394,1.40422,1.40382,1.4041299999999999,559,0,0
2025-10-16 13:15:00,1.4041299999999999,1.40438,1.4037899999999999,1.4038300000000001,492,0,0
2025-10-16 13:30:00,1.40384,1.40395,1.40372,1.40389,434,0,0
2025-10-16 13:45:00,1.40389,1.40423,1.4038599999999999,1.40411,465,0,0
2025-10-16 14:00:00,1.40411,1.40421,1.40393,1.40415,520,1,0
2025-10-16 14:15:00,1.40415,1.40492,1.40415,1.40492,542,0,0
2025-10-16 14:30:00,1.40489,1.40515,1.40441,1.40466,847,0,0
2025-10-16 14:45:00,1.40465,1.405,1.40416,1.40485,864,0,0
2025-10-16 15:00:00,1.40485,1.40558,1.40459,1.40524,936,0,0
2025-10-16 15:15:00,1.40521,1.40582,1.40521,1.40544,853,1,0
2025-10-16 15:30:00,1.40544,1.40577,1.40519,1.40565,927,1,0
2025-10-16 15:45:00,1.4056600000000001,1.4058,1.4050099999999999,1.40518,1018,1,0
2025-10-16 16:00:00,1.40518,1.40531,1.4045,1.40461,986,1,0
2025-10-16 16:15:00,1.40461,1.40477,1.40409,1.40427,1035,0,0
2025-10-16 16:30:00,1.40427,1.40554,1.40427,1.40461,1520,0,0
2025-10-16 16:45:00,1.40461,1.40487,1.40438,1.40487,1263,0,0
2025-10-16 17:00:00,1.40483,1.405,1.40439,1.4044699999999999,1309,1,0
2025-10-16 17:15:00,1.4044699999999999,1.40453,1.40362,1.40381,1119,0,0
2025-10-16 17:30:00,1.40382,1.40414,1.40357,1.4041299999999999,1074,0,0
2025-10-16 17:45:00,1.4041299999999999,1.4041299999999999,1.40359,1.40385,1199,0,0
2025-10-16 18:00:00,1.40385,1.40425,1.40372,1.4038300000000001,995,0,0
2025-10-16 18:15:00,1.4038300000000001,1.40469,1.4038300000000001,1.40457,979,0,0
2025-10-16 18:30:00,1.40458,1.40476,1.40433,1.4047399999999999,1157,0,0
2025-10-16 18:45:00,1.40473,1.40512,1.40459,1.4047100000000001,1280,0,0
2025-10-16 19:00:00,1.40472,1.40486,1.4044400000000001,1.40448,974,1,0
2025-10-16 19:15:00,1.40448,1.4051,1.40436,1.40504,782,0,0
2025-10-16 19:30:00,1.40504,1.40609,1.40504,1.40551,1435,0,0
2025-10-16 19:45:00,1.4055,1.40567,1.4044699999999999,1.40448,1223,0,0
2025-10-16 20:00:00,1.4044699999999999,1.40478,1.40409,1.40419,1158,1,0
2025-10-16 20:15:00,1.40419,1.40435,1.40385,1.40394,856,0,0
2025-10-16 20:30:00,1.40394,1.40422,1.4038300000000001,1.40417,737,0,0
2025-10-16 20:45:00,1.40417,1.4043999999999999,1.404,1.40425,642,0,0
2025-10-16 21:00:00,1.40425,1.40511,1.40419,1.4051,810,0,0
2025-10-16 21:15:00,1.4051,1.40607,1.4051,1.40591,955,0,0
2025-10-16 21:30:00,1.40591,1.4059300000000001,1.40477,1.40491,818,0,0
2025-10-16 21:45:00,1.40491,1.40524,1.4047399999999999,1.40509,815,0,0
2025-10-16 22:00:00,1.4050500000000001,1.40539,1.4050099999999999,1.40536,632,0,0
2025-10-16 22:15:00,1.40537,1.40572,1.40517,1.40544,618,0,0
2025-10-16 22:30:00,1.40544,1.40577,1.40538,1.4055,658,0,0
2025-10-16 22:45:00,1.4055,1.4055,1.40489,1.40518,667,0,0
2025-10-16 23:00:00,1.40518,1.40543,1.40506,1.4054,444,0,0
2025-10-16 23:15:00,1.40539,1.40541,1.40497,1.40539,231,0,0
2025-10-16 23:30:00,1.4054,1.40554,1.40533,1.40539,268,0,0
2025-10-16 23:45:00,1.40539,1.40557,1.40499,1.40553,360,0,0
2025-10-17 00:00:00,1.40536,1.40536,1.40452,1.40506,31,24,0
2025-10-17 00:15:00,1.40506,1.40507,1.40453,1.40507,170,37,0
2025-10-17 00:30:00,1.40506,1.40514,1.40476,1.40513,68,44,0
2025-10-17 00:45:00,1.40513,1.40519,1.40495,1.4049800000000001,71,39,0
2025-10-17 01:00:00,1.4049800000000001,1.4052799999999999,1.40473,1.40516,282,1,0
2025-10-17 01:15:00,1.40516,1.40517,1.40495,1.40502,194,1,0
2025-10-17 01:30:00,1.40502,1.40506,1.40483,1.40494,259,0,0
2025-10-17 01:45:00,1.40494,1.405,1.40476,1.40479,256,0,0
2025-10-17 02:00:00,1.40479,1.4050099999999999,1.40463,1.40476,385,0,0
2025-10-17 02:15:00,1.40476,1.40477,1.40457,1.40468,223,0,0
2025-10-17 02:30:00,1.40468,1.40481,1.40461,1.40475,324,1,0
2025-10-17 02:45:00,1.40475,1.40487,1.40457,1.40463,279,0,0
2025-10-17 03:00:00,1.40463,1.4049,1.40456,1.40468,434,0,0
2025-10-17 03:15:00,1.40468,1.4047100000000001,1.40443,1.40448,397,0,0
2025-10-17 03:30:00,1.40448,1.40453,1.40422,1.40426,296,0,0
2025-10-17 03:45:00,1.40426,1.40426,1.40394,1.40405,432,0,0
2025-10-17 04:00:00,1.40405,1.4041000000000001,1.40367,1.40399,514,0,0
2025-10-17 04:15:00,1.40399,1.4044400000000001,1.4039,1.40439,400,0,0
2025-10-17 04:30:00,1.4043999999999999,1.40482,1.40419,1.40476,420,0,0
2025-10-17 04:45:00,1.40476,1.40499,1.40451,1.4049,548,0,0
2025-10-17 05:00:00,1.4049,1.4052,1.40465,1.4047100000000001,486,0,0
2025-10-17 05:15:00,1.4047100000000001,1.40488,1.4047,1.40475,349,0,0
2025-10-17 05:30:00,1.40475,1.40483,1.40453,1.40457,281,0,0
2025-10-17 05:45:00,1.40457,1.40473,1.40451,1.40457,384,0,0
2025-10-17 06:00:00,1.40457,1.4046,1.4042,1.40421,310,0,0
2025-10-17 06:15:00,1.40421,1.40439,1.40411,1.40439,214,0,0
2025-10-17 06:30:00,1.40439,1.40463,1.40433,1.40459,304,0,0
2025-10-17 06:45:00,1.40459,1.40462,1.40448,1.40455,254,0,0
2025-10-17 07:00:00,1.40455,1.40455,1.40438,1.40445,266,0,0
2025-10-17 07:15:00,1.4044400000000001,1.40466,1.40441,1.4045,259,0,0
2025-10-17 07:30:00,1.4045,1.4045,1.4041000000000001,1.40431,277,0,0
2025-10-17 07:45:00,1.40431,1.40431,1.40402,1.40404,306,0,0
2025-10-17 08:00:00,1.40404,1.40404,1.40369,1.40385,356,0,0
2025-10-17 08:15:00,1.40385,1.40411,1.40381,1.4038599999999999,282,0,0
2025-10-17 08:30:00,1.4038599999999999,1.40414,1.40371,1.40414,330,0,0
2025-10-17 08:45:00,1.40414,1.40415,1.40363,1.40382,374,0,0
2025-10-17 09:00:00,1.40382,1.40464,1.40368,1.40455,558,0,0
2025-10-17 09:15:00,1.40455,1.40483,1.4041299999999999,1.40476,645,0,0
2025-10-17 09:30:00,1.40476,1.4051,1.40463,1.40492,652,0,0
2025-10-17 09:45:00,1.40493,1.40515,1.4047399999999999,1.40502,567,0,0
2025-10-17 10:00:00,1.40502,1.4060000000000001,1.40502,1.40588,975,0,0
2025-10-17 10:15:00,1.40588,1.40674,1.40556,1.40612,1282,0,0
2025-10-17 10:30:00,1.40612,1.40635,1.40545,1.40549,1013,0,0
2025-10-17 10:45:00,1.4055,1.40557,1.40514,1.4053499999999999,788,0,0
2025-10-17 11:00:00,1.40534,1.40572,1.40502,1.40567,871,0,0
2025-10-17 11:15:00,1.40567,1.40602,1.4054,1.40551,580,0,0
2025-10-17 11:30:00,1.40551,1.4057,1.40531,1.4055,605,0,0
2025-10-17 11:45:00,1.40549,1.40552,1.40503,1.40507,651,0,0
2025-10-17 12:00:00,1.40507,1.40522,1.4048,1.40489,628,1,0
2025-10-17 12:15:00,1.40489,1.40492,1.40445,1.40454,579,0,0
2025-10-17 12:30:00,1.40454,1.40455,1.40412,1.4042,607,0,0
2025-10-17 12:45:00,1.4042,1.40428,1.40366,1.40387,613,0,0
2025-10-17 13:00:00,1.40387,1.40412,1.4037,1.4040599999999999,636,0,0
2025-10-17 13:15:00,1.4040599999999999,1.40428,1.40392,1.40412,585,0,0
2025-10-17 13:30:00,1.40412,1.40416,1.40365,1.40374,564,0,0
2025-10-17 13:45:00,1.40374,1.4037899999999999,1.4031799999999999,1.40335,592,0,0
2025-10-17 14:00:00,1.40333,1.4038,1.40285,1.40285,1041,0,0
2025-10-17 14:15:00,1.40286,1.40347,1.40275,1.4032499999999999,939,0,0
2025-10-17 14:30:00,1.4032499999999999,1.40355,1.40314,1.40351,636,0,0
2025-10-17 14:45:00,1.40351,1.40365,1.4032499999999999,1.4034,577,0,0
2025-10-17 15:00:00,1.4034,1.40381,1.40323,1.40365,883,0,0
2025-10-17 15:15:00,1.40365,1.40475,1.40363,1.40453,786,0,0
2025-10-17 15:30:00,1.40453,1.40475,1.404,1.40404,879,1,0
2025-10-17 15:45:00,1.40404,1.4041299999999999,1.40363,1.40397,699,0,0
2025-10-17 16:00:00,1.40397,1.40424,1.40368,1.40373,558,0,0
2025-10-17 16:15:00,1.40374,1.40422,1.40363,1.40385,551,1,0
2025-10-17 16:30:00,1.40384,1.40455,1.40363,1.40429,1199,0,0
2025-10-17 16:45:00,1.40429,1.40486,1.40394,1.40453,1003,0,0
2025-10-17 17:00:00,1.40454,1.40469,1.40411,1.40426,1196,0,0
2025-10-17 17:15:00,1.40426,1.40457,1.40389,1.40435,947,0,0
2025-10-17 17:30:00,1.40435,1.40537,1.40435,1.40477,974,0,0
2025-10-17 17:45:00,1.40476,1.40539,1.40435,1.40515,1116,0,0
2025-10-17 18:00:00,1.40515,1.4053,1.40465,1.40481,790,0,0
2025-10-17 18:15:00,1.40481,1.40539,1.4048,1.40521,775,0,0
2025-10-17 18:30:00,1.40521,1.40521,1.40457,1.4050099999999999,866,0,0
2025-10-17 18:45:00,1.4050099999999999,1.40521,1.40451,1.40466,828,0,0
2025-10-17 19:00:00,1.40466,1.40475,1.4038300000000001,1.40396,777,0,0
2025-10-17 19:15:00,1.40396,1.40398,1.40343,1.40354,603,0,0
2025-10-17 19:30:00,1.40354,1.40378,1.40341,1.40372,573,0,0
2025-10-17 19:45:00,1.40372,1.40399,1.4034200000000001,1.40394,682,0,0
2025-10-17 20:00:00,1.40395,1.40422,1.40363,1.40364,735,1,0
2025-10-17 20:15:00,1.40364,1.40369,1.40305,1.4033,559,0,0
2025-10-17 20:30:00,1.40329,1.40336,1.40274,1.4029099999999999,557,0,0
2025-10-17 20:45:00,1.4029099999999999,1.4031500000000001,1.40274,1.40303,602,0,0
2025-10-17 21:00:00,1.40303,1.40313,1.40221,1.40226,536,0,0
2025-10-17 21:15:00,1.40226,1.4022700000000001,1.40145,1.40156,642,0,0
2025-10-17 21:30:00,1.40156,1.4021,1.40149,1.40206,470,0,0
2025-10-17 21:45:00,1.40206,1.40212,1.40147,1.40168,477,0,0
2025-10-17 22:00:00,1.40168,1.4016899999999999,1.40148,1.4016,428,0,0
2025-10-17 22:15:00,1.4016,1.4016600000000001,1.40133,1.4014,325,0,0
2025-10-17 22:30:00,1.4014,1.4015,1.40118,1.40118,415,0,0
2025-10-17 22:45:00,1.40118,1.40154,1.40082,1.40133,676,0,0
2025-10-17 23:00:00,1.40133,1.4016600000000001,1.40118,1.40119,492,0,0
2025-10-17 23:15:00,1.40119,1.40145,1.40107,1.40107,305,0,0
2025-10-17 23:30:00,1.4010799999999999,1.40178,1.4010500000000001,1.40174,308,0,0
2025-10-17 23:45:00,1.40177,1.40241,1.40173,1.40209,394,0,0
2025-10-20 00:00:00,1.4013499999999999,1.40138,1.40134,1.4013499999999999,37,89,0
2025-10-20 00:15:00,1.4013499999999999,1.40186,1.40133,1.40186,171,43,0
2025-10-20 00:30:00,1.4019,1.40195,1.4015900000000001,1.40167,111,42,0
2025-10-20 00:45:00,1.40167,1.40195,1.40163,1.40179,203,35,0
2025-10-20 01:00:00,1.40179,1.40202,1.40155,1.40191,187,1,0
2025-10-20 01:15:00,1.40191,1.40197,1.40161,1.40172,210,1,0
2025-10-20 01:30:00,1.40172,1.40179,1.40136,1.40141,165,0,0
2025-10-20 01:45:00,1.40141,1.40145,1.4010799999999999,1.40111,200,0,0
2025-10-20 02:00:00,1.40111,1.40137,1.4011,1.40112,313,0,0
2025-10-20 02:15:00,1.40112,1.4013200000000001,1.40103,1.40124,205,0,0
2025-10-20 02:30:00,1.40125,1.40133,1.40102,1.40113,185,0,0
2025-10-20 02:45:00,1.40114,1.4016600000000001,1.40111,1.40164,306,0,0
2025-10-20 03:00:00,1.40164,1.40177,1.40151,1.40172,471,0,0
2025-10-20 03:15:00,1.40172,1.40176,1.40134,1.40165,382,0,0
2025-10-20 03:30:00,1.40164,1.4016899999999999,1.40131,1.40144,460,0,0
2025-10-20 03:45:00,1.40144,1.40158,1.4013200000000001,1.40133,422,0,0
2025-10-20 04:00:00,1.4013200000000001,1.40138,1.40091,1.40093,416,0,0
2025-10-20 04:15:00,1.40093,1.40119,1.40079,1.40118,492,0,0
2025-10-20 04:30:00,1.40118,1.40155,1.40118,1.40134,492,0,0
2025-10-20 04:45:00,1.40134,1.40152,1.40096,1.40141,316,0,0
2025-10-20 05:00:00,1.40141,1.40141,1.4007100000000001,1.40072,279,1,0
2025-10-20 05:15:00,1.40072,1.40077,1.40058,1.40067,147,0,0
2025-10-20 05:30:00,1.40067,1.40086,1.40064,1.40083,214,0,0
2025-10-20 05:45:00,1.40083,1.40107,1.40076,1.40104,196,0,0
2025-10-20 06:00:00,1.40104,1.40118,1.40088,1.40097,148,0,0
2025-10-20 06:15:00,1.40097,1.4009800000000001,1.4007800000000001,1.4009800000000001,139,0,0
2025-10-20 06:30:00,1.4009800000000001,1.4010500000000001,1.40091,1.40097,153,0,0
2025-10-20 06:45:00,1.40097,1.40117,1.40094,1.40103,231,0,0
2025-10-20 07:00:00,1.40103,1.40137,1.40094,1.4013499999999999,210,0,0
2025-10-20 07:15:00,1.4013499999999999,1.4013900000000001,1.40126,1.4013900000000001,153,0,0
2025-10-20 07:30:00,1.40138,1.40138,1.40118,1.40125,198,0,0
2025-10-20 07:45:00,1.40125,1.40126,1.40111,1.40117,183,0,0
2025-10-20 08:00:00,1.40117,1.40129,1.4010500000000001,1.40113,233,0,0
2025-10-20 08:15:00,1.40113,1.40124,1.40103,1.40116,240,0,0
2025-10-20 08:30:00,1.40116,1.40127,1.40107,1.40124,256,0,0
2025-10-20 08:45:00,1.40124,1.4015,1.40124,1.40148,184,0,0
2025-10-20 09:00:00,1.40148,1.40224,1.40148,1.40224,515,0,0
2025-10-20 09:15:00,1.40224,1.40272,1.40205,1.40255,582,0,0
2025-10-20 09:30:00,1.40255,1.4026,1.40209,1.4022000000000001,470,0,0
2025-10-20 09:45:00,1.4022000000000001,1.4028399999999999,1.4022000000000001,1.40267,583,0,0
2025-10-20 10:00:00,1.40267,1.40308,1.4024,1.4025699999999999,690,0,0
2025-10-20 10:15:00,1.4025699999999999,1.40263,1.40226,1.40231,448,0,0
2025-10-20 10:30:00,1.40231,1.40269,1.40211,1.40265,480,0,0
2025-10-20 10:45:00,1.40265,1.4032200000000001,1.40263,1.40309,526,0,0
2025-10-20 11:00:00,1.40308,1.40313,1.40278,1.40292,598,0,0
2025-10-20 11:15:00,1.40292,1.40327,1.4029,1.40317,447,0,0
2025-10-20 11:30:00,1.40317,1.4032200000000001,1.40296,1.4031799999999999,399,0,0
2025-10-20 11:45:00,1.4031799999999999,1.40331,1.40297,1.4032499999999999,548,0,0
2025-10-20 12:00:00,1.4032499999999999,1.40346,1.40305,1.40327,622,0,0
2025-10-20 12:15:00,1.40327,1.40327,1.40271,1.40285,503,0,0
2025-10-20 12:30:00,1.40285,1.40313,1.40285,1.40295,489,0,0
2025-10-20 12:45:00,1.40295,1.40336,1.40293,1.40328,534,0,0
2025-10-20 13:00:00,1.40328,1.40354,1.40307,1.40329,471,0,0
2025-10-20 13:15:00,1.40329,1.4034499999999999,1.40311,1.40321,398,0,0
2025-10-20 13:30:00,1.40321,1.4033,1.40309,1.40317,322,0,0
2025-10-20 13:45:00,1.40317,1.40358,1.4031,1.40329,432,0,0
2025-10-20 14:00:00,1.40329,1.4034,1.4031500000000001,1.40317,427,0,0
2025-10-20 14:15:00,1.40317,1.40334,1.40309,1.40333,409,0,0
2025-10-20 14:30:00,1.40333,1.40433,1.40329,1.40427,603,0,0
2025-10-20 14:45:00,1.40427,1.40433,1.4038300000000001,1.4038599999999999,444,0,0
2025-10-20 15:00:00,1.4038599999999999,1.40449,1.4037,1.40436,592,0,0
2025-10-20 15:15:00,1.40436,1.40466,1.40421,1.40458,608,0,0
2025-10-20 15:30:00,1.40459,1.4049,1.40446,1.40481,663,1,0
2025-10-20 15:45:00,1.40481,1.40496,1.40446,1.40454,654,0,0
2025-10-20 16:00:00,1.40455,1.40512,1.40441,1.40469,622,0,0
2025-10-20 16:15:00,1.40469,1.40477,1.40421,1.40421,564,0,0
2025-10-20 16:30:00,1.40422,1.4043700000000001,1.40389,1.40401,773,0,0
2025-10-20 16:45:00,1.40401,1.40427,1.40368,1.4039,667,0,0
2025-10-20 17:00:00,1.4039,1.4041000000000001,1.4034900000000001,1.40357,627,1,0
2025-10-20 17:15:00,1.40357,1.40362,1.40317,1.40351,675,1,0
2025-10-20 17:30:00,1.40351,1.4040599999999999,1.40351,1.40399,722,1,0
2025-10-20 17:45:00,1.40399,1.40407,1.40331,1.40339,696,0,0
2025-10-20 18:00:00,1.40339,1.40353,1.40303,1.40326,573,0,0
2025-10-20 18:15:00,1.40326,1.40332,1.4028,1.4029,569,0,0
2025-10-20 18:30:00,1.4029,1.4031500000000001,1.4026100000000001,1.40309,474,0,0
2025-10-20 18:45:00,1.40309,1.40331,1.4029099999999999,1.40305,700,0,0
2025-10-20 19:00:00,1.40305,1.40328,1.4028100000000001,1.40323,593,0,0
2025-10-20 19:15:00,1.40323,1.40332,1.4028,1.40319,542,0,0
2025-10-20 19:30:00,1.40319,1.40335,1.40285,1.4031500000000001,426,0,0
2025-10-20 19:45:00,1.4031500000000001,1.4032499999999999,1.40283,1.40294,419,0,0
2025-10-20 20:00:00,1.40295,1.4032499999999999,1.40271,1.40316,371,0,0
2025-10-20 20:15:00,1.40316,1.40341,1.40316,1.4033,300,0,0
2025-10-20 20:30:00,1.4033,1.40357,1.40323,1.40328,285,0,0
2025-10-20 20:45:00,1.40328,1.40369,1.4032499999999999,1.40362,352,0,0
2025-10-20 21:00:00,1.40362,1.40372,1.40354,1.40361,260,0,0
2025-10-20 21:15:00,1.40361,1.4038599999999999,1.4036,1.4038,337,0,0
2025-10-20 21:30:00,1.4037899999999999,1.40387,1.40355,1.40368,335,0,0
2025-10-20 21:45:00,1.40368,1.40374,1.40355,1.40366,380,0,0
2025-10-20 22:00:00,1.40365,1.40367,1.40332,1.40366,369,0,0
2025-10-20 22:15:00,1.40366,1.40388,1.40355,1.40357,279,0,0
2025-10-20 22:30:00,1.40357,1.4038599999999999,1.40355,1.40359,318,0,0
2025-10-20 22:45:00,1.4036,1.40361,1.4032,1.40329,480,0,0
2025-10-20 23:00:00,1.40329,1.40339,1.40321,1.40339,225,0,0
2025-10-20 23:15:00,1.40339,1.40344,1.40323,1.40335,250,0,0
2025-10-20 23:30:00,1.40335,1.40363,1.40321,1.4036,211,0,0
2025-10-20 23:45:00,1.40359,1.4039,1.40358,1.40389,275,7,0
2025-10-21 00:00:00,1.40354,1.40368,1.40269,1.40312,79,35,0
2025-10-21 00:15:00,1.40312,1.4034499999999999,1.4029,1.40329,48,36,0
2025-10-21 00:30:00,1.40329,1.40346,1.40306,1.40337,147,35,0
2025-10-21 00:45:00,1.40337,1.40346,1.40337,1.4034,73,35,0
2025-10-21 01:00:00,1.4034,1.40368,1.4034,1.40358,184,1,0
2025-10-21 01:15:00,1.40358,1.40359,1.4032499999999999,1.40327,113,1,0
2025-10-21 01:30:00,1.40327,1.40337,1.40327,1.40336,70,0,0
2025-10-21 01:45:00,1.40336,1.40337,1.40319,1.40326,108,0,0
2025-10-21 02:00:00,1.40326,1.40339,1.40323,1.40327,190,0,0
2025-10-21 02:15:00,1.40327,1.4033,1.4031799999999999,1.40326,193,0,0
2025-10-21 02:30:00,1.40327,1.4034200000000001,1.40326,1.40339,130,0,0
2025-10-21 02:45:00,1.40339,1.40346,1.40333,1.40337,276,0,0
2025-10-21 03:00:00,1.40338,1.4035199999999999,1.40308,1.40319,464,0,0
2025-10-21 03:15:00,1.40319,1.40321,1.403,1.40319,335,0,0
2025-10-21 03:30:00,1.40319,1.40319,1.40295,1.403,307,0,0
2025-10-21 03:45:00,1.403,1.40321,1.403,1.40317,364,0,0
2025-10-21 04:00:00,1.40317,1.40353,1.40317,1.40353,342,0,0
2025-10-21 04:15:00,1.4035199999999999,1.40371,1.40338,1.40368,288,0,0
2025-10-21 04:30:00,1.40368,1.404,1.40359,1.40398,337,0,0
2025-10-21 04:45:00,1.40398,1.40409,1.40375,1.4040599999999999,474,0,0
2025-10-21 05:00:00,1.40405,1.40463,1.40404,1.40441,435,0,0
2025-10-21 05:15:00,1.40441,1.40458,1.4043999999999999,1.40458,230,0,0
2025-10-21 05:30:00,1.40458,1.4050500000000001,1.40457,1.40504,367,0,0
2025-10-21 05:45:00,1.40504,1.40504,1.40485,1.40496,236,0,0
2025-10-21 06:00:00,1.40496,1.40497,1.40475,1.40489,366,0,0
2025-10-21 06:15:00,1.40489,1.40499,1.40484,1.4049800000000001,237,0,0
2025-10-21 06:30:00,1.4049800000000001,1.4050799999999999,1.40491,1.40504,201,0,0
2025-10-21 06:45:00,1.40504,1.40519,1.40496,1.40499,243,0,0
2025-10-21 07:00:00,1.4049800000000001,1.4053200000000001,1.40497,1.40519,245,0,0
2025-10-21 07:15:00,1.40519,1.4052799999999999,1.40515,1.40526,185,0,0
2025-10-21 07:30:00,1.40526,1.4052799999999999,1.40514,1.40523,168,0,0
2025-10-21 07:45:00,1.40523,1.4052799999999999,1.40495,1.40495,318,0,0
2025-10-21 08:00:00,1.40495,1.40516,1.40491,1.40506,303,0,0
2025-10-21 08:15:00,1.40506,1.40537,1.40506,1.4052799999999999,338,0,0
2025-10-21 08:30:00,1.4052799999999999,1.40551,1.40523,1.40548,307,0,0
2025-10-21 08:45:00,1.40548,1.40576,1.40547,1.4057,397,0,0
2025-10-21 09:00:00,1.4057,1.40615,1.4057,1.40578,538,0,0
2025-10-21 09:15:00,1.40578,1.40603,1.40567,1.40602,451,0,0
2025-10-21 09:30:00,1.40602,1.40604,1.4056,1.40573,458,0,0
2025-10-21 09:45:00,1.40573,1.40574,1.4053,1.40541,584,0,0
2025-10-21 10:00:00,1.40541,1.40618,1.4053200000000001,1.40604,739,0,0
2025-10-21 10:15:00,1.40604,1.4062000000000001,1.40554,1.40571,537,0,0
2025-10-21 10:30:00,1.4057,1.40629,1.4056199999999999,1.4059300000000001,650,0,0
2025-10-21 10:45:00,1.4059300000000001,1.40602,1.4056199999999999,1.40585,552,0,0
2025-10-21 11:00:00,1.40585,1.40659,1.40585,1.40643,859,0,0
2025-10-21 11:15:00,1.40643,1.4066100000000001,1.40612,1.40622,761,0,0
2025-10-21 11:30:00,1.40622,1.40634,1.40595,1.40613,497,0,0
2025-10-21 11:45:00,1.40613,1.40642,1.40605,1.40612,538,0,0
2025-10-21 12:00:00,1.40613,1.40613,1.40587,1.4059300000000001,578,0,0
2025-10-21 12:15:00,1.4059300000000001,1.40613,1.40563,1.40574,431,0,0
2025-10-21 12:30:00,1.40574,1.40574,1.4053200000000001,1.40547,391,0,0
2025-10-21 12:45:00,1.40547,1.40556,1.40523,1.40548,467,0,0
2025-10-21 13:00:00,1.40548,1.4055900000000001,1.40531,1.40543,427,0,0
2025-10-21 13:15:00,1.40543,1.40584,1.40533,1.40541,586,0,0
2025-10-21 13:30:00,1.40542,1.40554,1.4052799999999999,1.40542,457,0,0
2025-10-21 13:45:00,1.40543,1.40551,1.40513,1.40521,632,0,0
2025-10-21 14:00:00,1.40521,1.4053200000000001,1.40473,1.4047399999999999,436,1,0
2025-10-21 14:15:00,1.4047399999999999,1.40484,1.40442,1.40445,505,0,0
2025-10-21 14:30:00,1.40445,1.40487,1.40427,1.40485,442,0,0
2025-10-21 14:45:00,1.40485,1.40495,1.40454,1.4047100000000001,607,0,0
2025-10-21 15:00:00,1.4047100000000001,1.40484,1.4040599999999999,1.4041299999999999,946,0,0
2025-10-21 15:15:00,1.4041299999999999,1.40451,1.4037899999999999,1.4037899999999999,675,0,0
2025-10-21 15:30:00,1.40384,1.40384,1.40144,1.40273,1324,1,0
2025-10-21 15:45:00,1.40273,1.4031,1.40249,1.4028,962,0,0
2025-10-21 16:00:00,1.4028100000000001,1.4031500000000001,1.40234,1.40312,1121,0,0
2025-10-21 16:15:00,1.40312,1.40341,1.40272,1.40306,911,0,0
2025-10-21 16:30:00,1.40306,1.40343,1.40258,1.40306,971,0,0
2025-10-21 16:45:00,1.40306,1.4043,1.40299,1.40394,1225,0,0
2025-10-21 17:00:00,1.40393,1.40441,1.4027,1.40277,1125,0,0
2025-10-21 17:15:00,1.40277,1.40283,1.40228,1.40256,956,0,0
2025-10-21 17:30:00,1.40256,1.4028800000000001,1.40197,1.40286,963,0,0
2025-10-21 17:45:00,1.4028100000000001,1.40305,1.40205,1.40208,1064,0,0
2025-10-21 18:00:00,1.40208,1.40208,1.40131,1.4016899999999999,744,0,0
2025-10-21 18:15:00,1.4016899999999999,1.4019300000000001,1.4014,1.4015,674,0,0
2025-10-21 18:30:00,1.4015,1.40213,1.4014,1.4015900000000001,575,0,0
2025-10-21 18:45:00,1.4015900000000001,1.4015900000000001,1.40113,1.40115,631,0,0
2025-10-21 19:00:00,1.40113,1.40127,1.40035,1.40119,840,0,0
2025-10-21 19:15:00,1.40119,1.40168,1.40119,1.40163,556,0,0
2025-10-21 19:30:00,1.4016199999999999,1.4020000000000001,1.40155,1.4015900000000001,572,0,0
2025-10-21 19:45:00,1.4015900000000001,1.40199,1.40123,1.40171,762,0,0
2025-10-21 20:00:00,1.40171,1.4022700000000001,1.40171,1.40187,794,0,0
2025-10-21 20:15:00,1.40188,1.40239,1.40184,1.40229,680,0,0
2025-10-21 20:30:00,1.40229,1.40239,1.40189,1.4020299999999999,385,0,0
2025-10-21 20:45:00,1.4020299999999999,1.40209,1.4014,1.4015900000000001,491,0,0
2025-10-21 21:00:00,1.4015900000000001,1.4016199999999999,1.4012,1.40151,381,0,0
2025-10-21 21:15:00,1.40151,1.40199,1.40151,1.40171,381,0,0
2025-10-21 21:30:00,1.40171,1.40197,1.40145,1.40197,306,0,0
2025-10-21 21:45:00,1.40197,1.40205,1.4015900000000001,1.40183,365,0,0
2025-10-21 22:00:00,1.40183,1.4019,1.40152,1.4017,354,0,0
2025-10-21 22:15:00,1.4017,1.40189,1.40149,1.40182,253,0,0
2025-10-21 22:30:00,1.40182,1.4019,1.4016,1.40161,337,0,0
2025-10-21 22:45:00,1.40161,1.40165,1.40151,1.40163,323,0,0
2025-10-21 23:00:00,1.40163,1.40215,1.40163,1.40192,320,0,0
2025-10-21 23:15:00,1.40192,1.40204,1.40184,1.40194,228,0,0
2025-10-21 23:30:00,1.40194,1.4020299999999999,1.40188,1.40197,147,0,0
2025-10-21 23:45:00,1.40197,1.40241,1.40197,1.40235,183,7,0
2025-10-22 00:00:00,1.4021,1.4021,1.40094,1.40202,31,29,0
2025-10-22 00:15:00,1.40202,1.40212,1.4018,1.40204,34,35,0
2025-10-22 00:30:00,1.40204,1.40212,1.40204,1.40212,29,35,0
2025-10-22 00:45:00,1.40212,1.40212,1.4019300000000001,1.40194,78,35,0
2025-10-22 01:00:00,1.40194,1.40237,1.40194,1.4022299999999999,179,1,0
2025-10-22 01:15:00,1.4022299999999999,1.40224,1.40179,1.40183,121,1,0
2025-10-22 01:30:00,1.40183,1.40186,1.40179,1.40184,130,0,0
2025-10-22 01:45:00,1.40184,1.4022700000000001,1.40182,1.40216,143,0,0
2025-10-22 02:00:00,1.40216,1.40234,1.40199,1.40204,335,0,0
2025-10-22 02:15:00,1.40204,1.40218,1.4020000000000001,1.40204,242,0,0
2025-10-22 02:30:00,1.40204,1.40205,1.4019300000000001,1.40201,202,0,0
2025-10-22 02:45:00,1.4020299999999999,1.40218,1.4019300000000001,1.40202,329,1,0
2025-10-22 03:00:00,1.4020299999999999,1.40204,1.4015900000000001,1.4016600000000001,675,0,0
2025-10-22 03:15:00,1.4016600000000001,1.40184,1.40145,1.40147,492,0,0
2025-10-22 03:30:00,1.40147,1.4016199999999999,1.40131,1.40137,405,0,0
2025-10-22 03:45:00,1.40137,1.40154,1.40117,1.40143,414,0,0
2025-10-22 04:00:00,1.40143,1.40147,1.4009,1.40112,523,0,0
2025-10-22 04:15:00,1.40112,1.40133,1.40099,1.40133,328,0,0
2025-10-22 04:30:00,1.40133,1.40151,1.40116,1.40136,334,0,0
2025-10-22 04:45:00,1.40136,1.4014,1.40082,1.40086,432,0,0
2025-10-22 05:00:00,1.40085,1.40086,1.40048,1.40049,358,0,0
2025-10-22 05:15:00,1.40048,1.40059,1.4003700000000001,1.40056,283,0,0
2025-10-22 05:30:00,1.40057,1.40067,1.40041,1.40045,323,0,0
2025-10-22 05:45:00,1.40045,1.40055,1.40043,1.40048,309,0,0
2025-10-22 06:00:00,1.40048,1.40057,1.40034,1.40038,317,0,0
2025-10-22 06:15:00,1.40039,1.40055,1.40032,1.40048,232,0,0
2025-10-22 06:30:00,1.40048,1.40065,1.40034,1.40045,303,0,0
2025-10-22 06:45:00,1.40045,1.40049,1.4003,1.40048,249,0,0
2025-10-22 07:00:00,1.40048,1.40049,1.40026,1.40029,220,0,0
2025-10-22 07:15:00,1.40029,1.4003,1.4001299999999999,1.40027,233,0,0
2025-10-22 07:30:00,1.40027,1.4003,1.40015,1.40018,220,0,0
2025-10-22 07:45:00,1.4001700000000001,1.40024,1.4001000000000001,1.40019,223,0,0
2025-10-22 08:00:00,1.40019,1.40019,1.39954,1.39981,273,0,0
2025-10-22 08:15:00,1.39981,1.40001,1.39981,1.39995,221,0,0
2025-10-22 08:30:00,1.39995,1.40021,1.39981,1.4001700000000001,172,0,0
2025-10-22 08:45:00,1.4001700000000001,1.40026,1.3997899999999999,1.39988,271,0,0
2025-10-22 09:00:00,1.39988,1.40032,1.39936,1.39941,718,1,0
2025-10-22 09:15:00,1.39941,1.39977,1.39941,1.3997600000000001,654,0,0
2025-10-22 09:30:00,1.39977,1.39982,1.3994,1.39963,658,0,0
2025-10-22 09:45:00,1.39963,1.40004,1.39953,1.39995,484,0,0
2025-10-22 10:00:00,1.39995,1.40084,1.39984,1.40073,630,0,0
2025-10-22 10:15:00,1.40073,1.40088,1.40043,1.40067,557,0,0
2025-10-22 10:30:00,1.40067,1.40067,1.40032,1.40038,390,0,0
2025-10-22 10:45:00,1.40038,1.40058,1.40032,1.40058,413,0,0
2025-10-22 11:00:00,1.40058,1.40114,1.40058,1.40097,560,0,0
2025-10-22 11:15:00,1.40097,1.40118,1.40045,1.40062,620,0,0
2025-10-22 11:30:00,1.40062,1.4009,1.40055,1.40083,498,0,0
2025-10-22 11:45:00,1.40083,1.40109,1.40066,1.40082,514,0,0
2025-10-22 12:00:00,1.40082,1.40134,1.40079,1.40131,516,0,0
2025-10-22 12:15:00,1.40131,1.40151,1.40109,1.40113,436,0,0
2025-10-22 12:30:00,1.40113,1.40133,1.40095,1.40133,413,0,0
2025-10-22 12:45:00,1.40133,1.40145,1.40107,1.40123,276,0,0
2025-10-22 13:00:00,1.40124,1.4015900000000001,1.4009800000000001,1.40147,339,0,0
2025-10-22 13:15:00,1.40147,1.40186,1.40143,1.40172,284,0,0
2025-10-22 13:30:00,1.40173,1.40205,1.40167,1.40192,355,0,0
2025-10-22 13:45:00,1.40192,1.4022299999999999,1.40177,1.40216,365,0,0
2025-10-22 14:00:00,1.40216,1.40266,1.40204,1.40251,490,0,0
2025-10-22 14:15:00,1.40251,1.40296,1.40241,1.40282,535,0,0
2025-10-22 14:30:00,1.40282,1.40302,1.40255,1.4028399999999999,489,0,0
2025-10-22 14:45:00,1.4028399999999999,1.40324,1.40277,1.4028399999999999,466,0,0
2025-10-22 15:00:00,1.4028399999999999,1.40307,1.4026399999999999,1.40269,638,0,0
2025-10-22 15:15:00,1.4027,1.40289,1.40249,1.40251,705,1,0
2025-10-22 15:30:00,1.40251,1.40297,1.40231,1.40293,589,0,0
2025-10-22 15:45:00,1.40293,1.40297,1.40214,1.40233,701,0,0
2025-10-22 16:00:00,1.40233,1.40242,1.4016899999999999,1.40229,805,0,0
2025-10-22 16:15:00,1.40229,1.40272,1.40209,1.40209,588,0,0
2025-10-22 16:30:00,1.40209,1.40212,1.4007100000000001,1.4007800000000001,928,0,0
2025-10-22 16:45:00,1.40079,1.40097,1.40045,1.40061,863,0,0
2025-10-22 17:00:00,1.40061,1.40066,1.39907,1.3994900000000001,1111,0,0
2025-10-22 17:15:00,1.3994900000000001,1.39968,1.39832,1.3988399999999999,966,0,0
2025-10-22 17:30:00,1.3988399999999999,1.39991,1.39881,1.3997,867,0,0
2025-10-22 17:45:00,1.39967,1.40019,1.39932,1.39934,923,0,0
2025-10-22 18:00:00,1.39934,1.39942,1.3988800000000001,1.399,777,0,0
2025-10-22 18:15:00,1.399,1.39919,1.39853,1.3988399999999999,700,0,0
2025-10-22 18:30:00,1.39883,1.39898,1.39792,1.39835,753,0,0
2025-10-22 18:45:00,1.39835,1.39867,1.39784,1.39791,752,0,0
2025-10-22 19:00:00,1.39791,1.39844,1.39791,1.39833,627,0,0
2025-10-22 19:15:00,1.39833,1.39862,1.39806,1.39833,372,0,0
2025-10-22 19:30:00,1.39833,1.39942,1.39813,1.39845,1443,0,0
2025-10-22 19:45:00,1.39845,1.39858,1.39759,1.3979,872,0,0
2025-10-22 20:00:00,1.3979,1.3986100000000001,1.39789,1.39859,658,1,0
2025-10-22 20:15:00,1.39858,1.39883,1.39841,1.39865,675,0,0
2025-10-22 20:30:00,1.39865,1.3993,1.39848,1.39923,487,0,0
2025-10-22 20:45:00,1.3992200000000001,1.39939,1.39898,1.39934,398,0,0
2025-10-22 21:00:00,1.39934,1.39938,1.3989500000000001,1.39926,454,0,0
2025-10-22 21:15:00,1.39926,1.39964,1.39903,1.3992,530,0,0
2025-10-22 21:30:00,1.3992,1.3994,1.39902,1.3993,450,0,0
2025-10-22 21:45:00,1.3993,1.39939,1.39881,1.3988399999999999,440,0,0
2025-10-22 22:00:00,1.3988399999999999,1.39926,1.39852,1.39853,540,0,0
2025-10-22 22:15:00,1.39853,1.39872,1.39828,1.39853,423,0,0
2025-10-22 22:30:00,1.39853,1.3986399999999999,1.39828,1.39845,412,0,0
2025-10-22 22:45:00,1.39845,1.39865,1.3982299999999999,1.39853,455,0,0
2025-10-22 23:00:00,1.39852,1.39917,1.39851,1.39909,396,1,0
2025-10-22 23:15:00,1.39909,1.39931,1.39909,1.39926,211,0,0
2025-10-22 23:30:00,1.39926,1.39926,1.39855,1.39858,243,0,0
2025-10-22 23:45:00,1.39858,1.39985,1.3985699999999999,1.39954,376,7,0
2025-10-23 00:00:00,1.39919,1.39919,1.3980299999999999,1.3991500000000001,23,35,0
2025-10-23 00:15:00,1.3991500000000001,1.3991799999999999,1.39909,1.39914,28,35,0
2025-10-23 00:30:00,1.39914,1.3992,1.3991,1.3991799999999999,70,35,0
2025-10-23 00:45:00,1.3991799999999999,1.3992200000000001,1.39892,1.39917,53,35,0
2025-10-23 01:00:00,1.39917,1.39943,1.39912,1.39913,150,1,0
2025-10-23 01:15:00,1.39913,1.39913,1.39893,1.39903,151,1,0
2025-10-23 01:30:00,1.39903,1.39905,1.39899,1.39902,106,0,0
2025-10-23 01:45:00,1.39902,1.39909,1.39892,1.39894,209,0,0
2025-10-23 02:00:00,1.39893,1.3991799999999999,1.39887,1.3989500000000001,276,0,0
2025-10-23 02:15:00,1.3989500000000001,1.39897,1.39881,1.39896,215,0,0
2025-10-23 02:30:00,1.39896,1.39896,1.39875,1.3988800000000001,160,0,0
2025-10-23 02:45:00,1.3988800000000001,1.39904,1.39886,1.399,326,0,0
2025-10-23 03:00:00,1.399,1.39914,1.39882,1.39911,387,0,0
2025-10-23 03:15:00,1.39911,1.39946,1.39911,1.39936,397,0,0
2025-10-23 03:30:00,1.39936,1.39936,1.39908,1.39921,390,0,0
2025-10-23 03:45:00,1.39921,1.39932,1.39901,1.39903,332,0,0
2025-10-23 04:00:00,1.39902,1.3992499999999999,1.39887,1.39921,367,0,0
2025-10-23 04:15:00,1.39921,1.39969,1.39913,1.39964,530,0,0
2025-10-23 04:30:00,1.39965,1.39966,1.39943,1.3995199999999999,379,0,0
2025-10-23 04:45:00,1.3995199999999999,1.3998300000000001,1.39941,1.3998300000000001,434,0,0
2025-10-23 05:00:00,1.3998300000000001,1.40035,1.39982,1.40027,411,0,0
2025-10-23 05:15:00,1.40027,1.40048,1.40023,1.40045,262,0,0
2025-10-23 05:30:00,1.40045,1.40049,1.40033,1.40046,233,0,0
2025-10-23 05:45:00,1.40046,1.40049,1.4003,1.40036,215,0,0
2025-10-23 06:00:00,1.40036,1.4003700000000001,1.39992,1.39992,275,0,0
2025-10-23 06:15:00,1.39992,1.39994,1.39971,1.39987,285,0,0
2025-10-23 06:30:00,1.39987,1.40005,1.39981,1.39997,468,0,0
2025-10-23 06:45:00,1.39997,1.40021,1.39996,1.40012,254,0,0
2025-10-23 07:00:00,1.40012,1.40029,1.4001000000000001,1.40023,208,0,0
2025-10-23 07:15:00,1.40023,1.40023,1.39995,1.39996,229,0,0
2025-10-23 07:30:00,1.39996,1.40005,1.3998599999999999,1.39991,219,0,0
2025-10-23 07:45:00,1.39991,1.39995,1.3998300000000001,1.3998599999999999,292,0,0
2025-10-23 08:00:00,1.3998599999999999,1.39989,1.39966,1.39972,259,0,0
2025-10-23 08:15:00,1.39972,1.3998599999999999,1.39968,1.3998599999999999,280,0,0
2025-10-23 08:30:00,1.3998599999999999,1.39997,1.39984,1.39985,157,0,0
2025-10-23 08:45:00,1.39985,1.39985,1.39934,1.39955,331,0,0
2025-10-23 09:00:00,1.39955,1.3996,1.39898,1.39907,449,0,0
2025-10-23 09:15:00,1.39907,1.39937,1.39889,1.39917,384,0,0
2025-10-23 09:30:00,1.39917,1.39938,1.39877,1.39929,456,0,0
2025-10-23 09:45:00,1.39929,1.39951,1.3991799999999999,1.39932,435,0,0
2025-10-23 10:00:00,1.39932,1.39937,1.3987,1.39898,507,0,0
2025-10-23 10:15:00,1.39898,1.3991,1.39878,1.399,434,0,0
2025-10-23 10:30:00,1.399,1.39935,1.39875,1.39923,421,0,0
2025-10-23 10:45:00,1.39924,1.3995600000000001,1.39909,1.39955,442,0,0
2025-10-23 11:00:00,1.39954,1.39961,1.39924,1.39954,485,0,0
2025-10-23 11:15:00,1.39954,1.39969,1.39936,1.39946,369,0,0
2025-10-23 11:30:00,1.39946,1.3996,1.39931,1.39947,296,0,0
2025-10-23 11:45:00,1.39947,1.39968,1.39926,1.3994900000000001,431,0,0
2025-10-23 12:00:00,1.3994900000000001,1.39968,1.39933,1.39947,423,0,0
2025-10-23 12:15:00,1.39947,1.39953,1.3993,1.39944,394,0,0
2025-10-23 12:30:00,1.39944,1.3995600000000001,1.3994,1.39944,286,0,0
2025-10-23 12:45:00,1.39944,1.39968,1.3994,1.39965,333,0,0
2025-10-23 13:00:00,1.39965,1.39966,1.39936,1.39947,262,0,0
2025-10-23 13:15:00,1.39947,1.3997899999999999,1.39942,1.39974,278,0,0
2025-10-23 13:30:00,1.39974,1.39978,1.3994,1.39958,281,0,0
2025-10-23 13:45:00,1.39958,1.3997600000000001,1.3995199999999999,1.39967,440,0,0
2025-10-23 14:00:00,1.39967,1.39997,1.3995199999999999,1.3997899999999999,391,0,0
2025-10-23 14:15:00,1.3997899999999999,1.39995,1.39965,1.3997600000000001,310,0,0
2025-10-23 14:30:00,1.39975,1.3998300000000001,1.39945,1.39962,384,0,0
2025-10-23 14:45:00,1.39962,1.3997,1.39953,1.39957,276,0,0
2025-10-23 15:00:00,1.39957,1.39978,1.39935,1.39951,564,0,0
2025-10-23 15:15:00,1.3995,1.3997600000000001,1.3993,1.39938,490,0,0
2025-10-23 15:30:00,1.39923,1.39958,1.39907,1.39946,541,1,0
2025-10-23 15:45:00,1.39946,1.39968,1.39893,1.39941,590,0,0
2025-10-23 16:00:00,1.39941,1.39948,1.39869,1.39919,574,0,0
2025-10-23 16:15:00,1.39919,1.39929,1.39872,1.39877,457,0,0
2025-10-23 16:30:00,1.39878,1.39909,1.39868,1.39871,699,0,0
2025-10-23 16:45:00,1.39871,1.39883,1.39846,1.3985699999999999,542,0,0
2025-10-23 17:00:00,1.3985699999999999,1.3986399999999999,1.39799,1.39836,866,1,0
2025-10-23 17:15:00,1.39836,1.39916,1.39836,1.39869,662,0,0
2025-10-23 17:30:00,1.39868,1.3988399999999999,1.39837,1.39839,599,0,0
2025-10-23 17:45:00,1.39839,1.39912,1.39838,1.39909,695,0,0
2025-10-23 18:00:00,1.399,1.40021,1.3989099999999999,1.40021,646,0,0
2025-10-23 18:15:00,1.40018,1.40032,1.39937,1.39944,542,0,0
2025-10-23 18:30:00,1.39944,1.40002,1.39941,1.39996,581,0,0
2025-10-23 18:45:00,1.39996,1.40003,1.39914,1.39928,553,0,0
2025-10-23 19:00:00,1.39927,1.39943,1.3989099999999999,1.3992,437,0,0
2025-10-23 19:15:00,1.3992,1.39962,1.3992,1.3992499999999999,376,0,0
2025-10-23 19:30:00,1.3992499999999999,1.39973,1.39923,1.3997,317,0,0
2025-10-23 19:45:00,1.3997,1.39991,1.39951,1.39984,375,0,0
2025-10-23 20:00:00,1.39984,1.40011,1.3996,1.40002,484,1,0
2025-10-23 20:15:00,1.4,1.40034,1.39998,1.39999,312,0,0
2025-10-23 20:30:00,1.4,1.4,1.39942,1.39945,402,0,0
2025-10-23 20:45:00,1.39945,1.39954,1.3992,1.39933,365,0,0
2025-10-23 21:00:00,1.39933,1.39955,1.39932,1.3994,296,0,0
2025-10-23 21:15:00,1.3994,1.3994900000000001,1.39912,1.39924,337,0,0
2025-10-23 21:30:00,1.39924,1.39935,1.39868,1.39876,330,0,0
2025-10-23 21:45:00,1.39876,1.3989099999999999,1.39872,1.39887,306,0,0
2025-10-23 22:00:00,1.3988800000000001,1.39917,1.39876,1.3989500000000001,313,0,0
2025-10-23 22:15:00,1.3989500000000001,1.39896,1.39875,1.39882,300,0,0
2025-10-23 22:30:00,1.39882,1.39898,1.39862,1.39875,329,0,0
2025-10-23 22:45:00,1.39875,1.39879,1.39862,1.39869,291,0,0
2025-10-23 23:00:00,1.39871,1.39898,1.39871,1.3989099999999999,233,0,0
2025-10-23 23:15:00,1.3989099999999999,1.3991799999999999,1.39886,1.3989099999999999,203,0,0
2025-10-23 23:30:00,1.3989099999999999,1.39904,1.39862,1.39904,229,0,0
2025-10-23 23:45:00,1.39904,1.39924,1.3989,1.39921,300,0,0
2025-10-24 00:00:00,1.39908,1.39908,1.39847,1.3988800000000001,36,22,0
2025-10-24 00:15:00,1.3988800000000001,1.39894,1.39871,1.3989099999999999,37,35,0
2025-10-24 00:30:00,1.3989099999999999,1.39893,1.39878,1.39887,155,35,0
2025-10-24 00:45:00,1.39887,1.39897,1.39885,1.39892,191,35,0
2025-10-24 01:00:00,1.39893,1.39909,1.39872,1.39894,128,1,0
2025-10-24 01:15:00,1.39894,1.39896,1.3980000000000001,1.39837,164,1,0
2025-10-24 01:30:00,1.39836,1.39847,1.39737,1.39836,262,0,0
2025-10-24 01:45:00,1.39836,1.39899,1.39836,1.39889,179,0,0
2025-10-24 02:00:00,1.3989,1.39902,1.39862,1.39876,325,0,0
2025-10-24 02:15:00,1.39876,1.39886,1.3986399999999999,1.39885,205,0,0
2025-10-24 02:30:00,1.39885,1.39897,1.39869,1.39869,178,1,0
2025-10-24 02:45:00,1.39869,1.3988800000000001,1.39865,1.39874,265,0,0
2025-10-24 03:00:00,1.39874,1.39885,1.39845,1.39865,456,0,0
2025-10-24 03:15:00,1.39865,1.39867,1.39846,1.3985,279,0,0
2025-10-24 03:30:00,1.3985,1.3986,1.39842,1.39852,242,1,0
2025-10-24 03:45:00,1.39852,1.3988399999999999,1.39851,1.3988399999999999,309,0,0
2025-10-24 04:00:00,1.39883,1.39905,1.39877,1.39896,246,0,0
2025-10-24 04:15:00,1.39896,1.39948,1.3989500000000001,1.39936,272,0,0
2025-10-24 04:30:00,1.39936,1.39946,1.39926,1.39929,363,0,0
2025-10-24 04:45:00,1.39929,1.39934,1.3991500000000001,1.39928,424,0,0
2025-10-24 05:00:00,1.39928,1.39929,1.39904,1.39909,295,0,0
2025-10-24 05:15:00,1.39909,1.39937,1.39904,1.39936,275,0,0
2025-10-24 05:30:00,1.39936,1.4029,1.39913,1.40158,863,0,0
2025-10-24 05:45:00,1.40157,1.40183,1.4009800000000001,1.4017,581,0,0
2025-10-24 06:00:00,1.4017,1.40172,1.40131,1.40161,402,0,0
2025-10-24 06:15:00,1.40161,1.40161,1.40102,1.40115,298,0,0
2025-10-24 06:30:00,1.40115,1.40121,1.40066,1.40069,254,0,0
2025-10-24 06:45:00,1.40069,1.40079,1.40038,1.4006,186,0,0
2025-10-24 07:00:00,1.40061,1.40093,1.4006,1.40082,215,0,0
2025-10-24 07:15:00,1.40082,1.40123,1.4008,1.40109,202,0,0
2025-10-24 07:30:00,1.40109,1.40112,1.40097,1.4010799999999999,209,0,0
2025-10-24 07:45:00,1.4010799999999999,1.40128,1.40107,1.40117,207,0,0
2025-10-24 08:00:00,1.40117,1.4013499999999999,1.40116,1.40129,211,0,0
2025-10-24 08:15:00,1.40129,1.4016600000000001,1.40128,1.40158,420,0,0
2025-10-24 08:30:00,1.40157,1.40163,1.40127,1.40144,345,0,0
2025-10-24 08:45:00,1.40145,1.40152,1.40134,1.40148,160,0,0
2025-10-24 09:00:00,1.40147,1.40187,1.4010099999999999,1.40186,608,1,0
2025-10-24 09:15:00,1.40186,1.4021,1.40158,1.40171,519,0,0
2025-10-24 09:30:00,1.40171,1.40182,1.4014199999999999,1.40152,424,0,0
2025-10-24 09:45:00,1.40152,1.4015900000000001,1.40111,1.40111,378,0,0
2025-10-24 10:00:00,1.40114,1.40164,1.40106,1.4015,596,0,0
2025-10-24 10:15:00,1.40164,1.40171,1.40134,1.4014,458,0,0
2025-10-24 10:30:00,1.4013200000000001,1.40138,1.40041,1.40062,686,0,0
2025-10-24 10:45:00,1.40062,1.40082,1.40039,1.40079,604,0,0
2025-10-24 11:00:00,1.4007399999999999,1.40147,1.40058,1.40147,572,1,0
2025-10-24 11:15:00,1.40147,1.40189,1.4014,1.40184,503,1,0
2025-10-24 11:30:00,1.40181,1.40218,1.40165,1.40189,458,1,0
2025-10-24 11:45:00,1.40189,1.40212,1.4018,1.40202,405,0,0
2025-10-24 12:00:00,1.40205,1.40237,1.40197,1.40233,410,0,0
2025-10-24 12:15:00,1.40233,1.40236,1.40209,1.4022700000000001,320,1,0
2025-10-24 12:30:00,1.4022700000000001,1.40248,1.40218,1.4024,323,0,0
2025-10-24 12:45:00,1.4024,1.40245,1.4019599999999999,1.4020000000000001,325,0,0
2025-10-24 13:00:00,1.4020000000000001,1.40226,1.40186,1.40224,340,0,0
2025-10-24 13:15:00,1.40224,1.40235,1.40213,1.40218,230,0,0
2025-10-24 13:30:00,1.40218,1.40221,1.40186,1.40217,192,0,0
2025-10-24 13:45:00,1.40217,1.40243,1.40215,1.40238,244,0,0
2025-10-24 14:00:00,1.40238,1.40287,1.40237,1.4026100000000001,478,0,0
2025-10-24 14:15:00,1.4026100000000001,1.40285,1.4022999999999999,1.40282,538,0,0
2025-10-24 14:30:00,1.40282,1.40324,1.40273,1.40296,380,0,0
2025-10-24 14:45:00,1.40296,1.40314,1.40253,1.4027,420,0,0
2025-10-24 15:00:00,1.40269,1.4028399999999999,1.40235,1.40277,477,0,0
2025-10-24 15:15:00,1.40277,1.40326,1.40258,1.40258,480,0,0
2025-10-24 15:30:00,1.4025,1.40256,1.39958,1.40126,2006,1,0
2025-10-24 15:45:00,1.40126,1.40231,1.4009,1.40201,1187,0,0
2025-10-24 16:00:00,1.40201,1.40239,1.40122,1.40183,1077,0,0
2025-10-24 16:15:00,1.40183,1.40221,1.4016,1.4020000000000001,943,0,0
2025-10-24 16:30:00,1.40201,1.40252,1.40179,1.40222,1037,0,0
2025-10-24 16:45:00,1.40267,1.40326,1.40234,1.40235,1011,1,0
2025-10-24 17:00:00,1.40233,1.4037,1.40233,1.40309,1072,1,0
2025-10-24 17:15:00,1.40309,1.40381,1.40305,1.40368,871,0,0
2025-10-24 17:30:00,1.40369,1.40391,1.40319,1.40329,740,0,0
2025-10-24 17:45:00,1.40329,1.40355,1.4026399999999999,1.40266,962,0,0
2025-10-24 18:00:00,1.40267,1.40285,1.40197,1.4022299999999999,829,0,0
2025-10-24 18:15:00,1.4022299999999999,1.40233,1.40149,1.40152,578,0,0
2025-10-24 18:30:00,1.40152,1.4016899999999999,1.40131,1.40136,554,0,0
2025-10-24 18:45:00,1.4013499999999999,1.40167,1.40124,1.4013,719,0,0
2025-10-24 19:00:00,1.4013,1.4016,1.40126,1.40138,449,0,0
2025-10-24 19:15:00,1.40138,1.40149,1.40122,1.4014199999999999,257,0,0
2025-10-24 19:30:00,1.4014199999999999,1.4015,1.40119,1.4012,353,0,0
2025-10-24 19:45:00,1.4012,1.4012,1.40059,1.40076,401,0,0
2025-10-24 20:00:00,1.40075,1.40076,1.40041,1.40056,330,1,0
2025-10-24 20:15:00,1.40056,1.40095,1.40055,1.40066,186,0,0
2025-10-24 20:30:00,1.40066,1.40084,1.40064,1.40083,246,0,0
2025-10-24 20:45:00,1.40083,1.40112,1.40073,1.40082,385,0,0
2025-10-24 21:00:00,1.40082,1.40095,1.4004699999999999,1.40053,455,0,0
2025-10-24 21:15:00,1.40053,1.40062,1.39998,1.40023,316,0,0
2025-10-24 21:30:00,1.40023,1.40035,1.39994,1.40003,272,0,0
2025-10-24 21:45:00,1.40003,1.4001299999999999,1.39992,1.4001299999999999,372,0,0
2025-10-24 22:00:00,1.4001299999999999,1.40016,1.39987,1.40011,267,0,0
2025-10-24 22:15:00,1.40011,1.40036,1.40007,1.40023,226,0,0
2025-10-24 22:30:00,1.40024,1.40026,1.39994,1.40003,259,0,0
2025-10-24 22:45:00,1.40003,1.40004,1.39973,1.3998300000000001,335,0,0
2025-10-24 23:00:00,1.3998300000000001,1.40001,1.39944,1.39963,278,0,0
2025-10-24 23:15:00,1.39963,1.39964,1.39923,1.3994,221,0,0
2025-10-24 23:30:00,1.3994,1.39993,1.39938,1.39988,190,0,0
2025-10-24 23:45:00,1.39988,1.40031,1.39905,1.39907,376,0,0
2025-10-27 00:00:00,1.39984,1.40076,1.39984,1.40048,138,44,0
2025-10-27 00:15:00,1.40048,1.40051,1.4,1.40027,145,80,0
2025-10-27 00:30:00,1.40035,1.40053,1.40024,1.40043,280,52,0
2025-10-27 00:45:00,1.4004400000000001,1.40058,1.40018,1.40039,455,60,0
2025-10-27 01:00:00,1.40039,1.40041,1.39977,1.39988,606,1,0
2025-10-27 01:15:00,1.39989,1.40003,1.3994900000000001,1.39972,361,1,0
2025-10-27 01:30:00,1.39972,1.39972,1.3988399999999999,1.3989099999999999,455,0,0
2025-10-27 01:45:00,1.3989099999999999,1.39914,1.3989,1.39907,241,0,0
2025-10-27 02:00:00,1.39907,1.3992200000000001,1.39897,1.39909,366,0,0
2025-10-27 02:15:00,1.39908,1.39921,1.39898,1.3991,223,0,0
2025-10-27 02:30:00,1.3991,1.3991500000000001,1.39886,1.39904,272,0,0
2025-10-27 02:45:00,1.39904,1.39955,1.39899,1.39945,308,0,0
2025-10-27 03:00:00,1.39944,1.39945,1.3988399999999999,1.39904,545,0,0
2025-10-27 03:15:00,1.39904,1.39912,1.39885,1.39893,337,0,0
2025-10-27 03:30:00,1.39893,1.39898,1.39873,1.39882,363,0,0
2025-10-27 03:45:00,1.39882,1.39889,1.39855,1.3986,709,0,0
2025-10-27 04:00:00,1.39859,1.39872,1.39828,1.39844,586,0,0
2025-10-27 04:15:00,1.39844,1.39844,1.39791,1.39794,662,0,0
2025-10-27 04:30:00,1.39794,1.3982299999999999,1.39784,1.39813,567,0,0
2025-10-27 04:45:00,1.39814,1.39847,1.39811,1.39839,454,0,0
2025-10-27 05:00:00,1.3984,1.39892,1.39837,1.3989099999999999,362,0,0
2025-10-27 05:15:00,1.3989,1.39903,1.39883,1.39886,400,0,0
2025-10-27 05:30:00,1.39885,1.39885,1.39849,1.39851,378,0,0
2025-10-27 05:45:00,1.39851,1.39868,1.3984,1.39844,289,0,0
2025-10-27 06:00:00,1.39844,1.39859,1.39844,1.39855,279,0,0
2025-10-27 06:15:00,1.39855,1.39867,1.39836,1.39846,404,0,0
2025-10-27 06:30:00,1.39846,1.39873,1.39845,1.39873,220,0,0
2025-10-27 06:45:00,1.39873,1.39903,1.39865,1.39899,278,0,0
2025-10-27 07:00:00,1.39899,1.3993,1.39899,1.3992200000000001,242,0,0
2025-10-27 07:15:00,1.3992200000000001,1.39924,1.39899,1.39901,193,0,0
2025-10-27 07:30:00,1.39901,1.39923,1.3989,1.39911,231,0,0
2025-10-27 07:45:00,1.39911,1.3992499999999999,1.39901,1.39902,345,0,0
2025-10-27 08:00:00,1.39902,1.39911,1.39894,1.39909,389,0,0
2025-10-27 08:15:00,1.39909,1.39921,1.39894,1.3989500000000001,347,0,0
2025-10-27 08:30:00,1.3989500000000001,1.39896,1.39863,1.39873,436,0,0
2025-10-27 08:45:00,1.39873,1.39878,1.39844,1.39852,402,0,0
2025-10-27 09:00:00,1.39852,1.39853,1.39737,1.39755,595,0,0
2025-10-27 09:15:00,1.39755,1.3976899999999999,1.39744,1.39756,460,0,0
2025-10-27 09:30:00,1.39756,1.39765,1.39731,1.39758,471,0,0
2025-10-27 09:45:00,1.39758,1.39813,1.39755,1.39799,386,0,0
2025-10-27 10:00:00,1.39798,1.39814,1.39772,1.39801,539,0,0
2025-10-27 10:15:00,1.39801,1.39804,1.39763,1.39764,603,0,0
2025-10-27 10:30:00,1.39764,1.39765,1.3973200000000001,1.39737,435,0,0
2025-10-27 10:45:00,1.39737,1.3979,1.39736,1.39784,477,0,0
2025-10-27 11:00:00,1.39784,1.39799,1.39758,1.39788,586,0,0
2025-10-27 11:15:00,1.39789,1.3979599999999999,1.39758,1.39791,504,0,0
2025-10-27 11:30:00,1.39791,1.39791,1.39734,1.39749,489,0,0
2025-10-27 11:45:00,1.39749,1.39781,1.39728,1.3978,493,0,0
2025-10-27 12:00:00,1.39779,1.39792,1.39752,1.39775,589,1,0
2025-10-27 12:15:00,1.39775,1.39783,1.39745,1.3976600000000001,417,0,0
2025-10-27 12:30:00,1.3976600000000001,1.39768,1.39734,1.39737,446,0,0
2025-10-27 12:45:00,1.39737,1.39743,1.39704,1.39738,409,0,0
2025-10-27 13:00:00,1.3973900000000001,1.39776,1.39733,1.39745,460,0,0
2025-10-27 13:15:00,1.39745,1.39773,1.39731,1.39768,305,0,0
2025-10-27 13:30:00,1.39768,1.39801,1.39764,1.39784,347,0,0
2025-10-27 13:45:00,1.39784,1.3980299999999999,1.39778,1.39792,381,0,0
2025-10-27 14:00:00,1.39792,1.3979599999999999,1.39767,1.39773,387,0,0
2025-10-27 14:15:00,1.39773,1.39777,1.39751,1.39768,389,0,0
2025-10-27 14:30:00,1.39768,1.39774,1.39741,1.39752,361,0,0
2025-10-27 14:45:00,1.39752,1.39783,1.39748,1.39781,447,0,0
2025-10-27 15:00:00,1.39781,1.3979599999999999,1.3976199999999999,1.39792,571,0,0
2025-10-27 15:15:00,1.39792,1.39804,1.39763,1.39798,481,0,0
2025-10-27 15:30:00,1.39798,1.3985400000000001,1.39789,1.39824,500,1,0
2025-10-27 15:45:00,1.39824,1.39847,1.39806,1.3982299999999999,455,0,0
2025-10-27 16:00:00,1.39822,1.39839,1.39791,1.39837,396,0,0
2025-10-27 16:15:00,1.39837,1.39883,1.39829,1.39869,462,0,0
2025-10-27 16:30:00,1.39869,1.39916,1.39868,1.39907,545,0,0
