time,Open,High,Low,Close,Volume,spread,real_volume
2025-06-03 12:45:00,0.81859,0.81885,0.81837,0.8186,409,0,0
2025-06-03 13:00:00,0.8186,0.8192,0.81854,0.81896,585,0,0
2025-06-03 13:15:00,0.81896,0.81946,0.81888,0.81936,442,0,0
2025-06-03 13:30:00,0.81936,0.81992,0.81929,0.81944,692,0,0
2025-06-03 13:45:00,0.81944,0.82038,0.81921,0.82018,698,0,0
2025-06-03 14:00:00,0.82018,0.82101,0.82005,0.82084,782,0,0
2025-06-03 14:15:00,0.82084,0.82167,0.82084,0.82152,704,0,0
2025-06-03 14:30:00,0.82152,0.82157,0.82089,0.82118,680,0,0
2025-06-03 14:45:00,0.82118,0.82129,0.82067,0.82115,736,0,0
2025-06-03 15:00:00,0.82115,0.82218,0.82089,0.82204,834,0,0
2025-06-03 15:15:00,0.82204,0.82252,0.82194,0.82224,773,0,0
2025-06-03 15:30:00,0.82224,0.82301,0.82205,0.82257,954,1,0
2025-06-03 15:45:00,0.82258,0.82344,0.82257,0.82312,1005,0,0
2025-06-03 16:00:00,0.82312,0.82342,0.82203,0.82204,953,0,0
2025-06-03 16:15:00,0.82204,0.82268,0.8217,0.82253,892,0,0
2025-06-03 16:30:00,0.82253,0.82328,0.82226,0.82268,1387,0,0
2025-06-03 16:45:00,0.82268,0.82337,0.82268,0.82328,1172,0,0
2025-06-03 17:00:00,0.82328,0.82473,0.82303,0.82375,1842,0,0
2025-06-03 17:15:00,0.82375,0.82391,0.82291,0.82356,1320,0,0
2025-06-03 17:30:00,0.82356,0.82356,0.8225,0.82274,1176,0,0
2025-06-03 17:45:00,0.82274,0.82334,0.82273,0.82316,1180,0,0
2025-06-03 18:00:00,0.82316,0.8237,0.82291,0.82355,1111,0,0
2025-06-03 18:15:00,0.82355,0.82381,0.82334,0.82348,898,0,0
2025-06-03 18:30:00,0.82348,0.82431,0.8234,0.82396,846,0,0
2025-06-03 18:45:00,0.82396,0.82464,0.82359,0.8243,940,0,0
2025-06-03 19:00:00,0.8243,0.8243,0.8234,0.8236,819,0,0
2025-06-03 19:15:00,0.82359,0.82391,0.82353,0.82388,616,1,0
2025-06-03 19:30:00,0.82387,0.82445,0.82386,0.82433,721,0,0
2025-06-03 19:45:00,0.82433,0.82443,0.82379,0.82392,654,0,0
2025-06-03 20:00:00,0.82392,0.82402,0.82356,0.82365,593,0,0
2025-06-03 20:15:00,0.82365,0.82396,0.82357,0.82363,466,1,0
2025-06-03 20:30:00,0.82363,0.82371,0.8234,0.82347,391,0,0
2025-06-03 20:45:00,0.82347,0.82367,0.82337,0.82341,474,0,0
2025-06-03 21:00:00,0.82341,0.82366,0.8234,0.82353,537,0,0
2025-06-03 21:15:00,0.82353,0.82355,0.82328,0.82342,377,0,0
2025-06-03 21:30:00,0.82342,0.82378,0.82342,0.82371,467,1,0
2025-06-03 21:45:00,0.82371,0.82379,0.82352,0.82372,436,0,0
2025-06-03 22:00:00,0.82372,0.82376,0.82349,0.82369,357,1,0
2025-06-03 22:15:00,0.82369,0.82394,0.82368,0.82391,240,0,0
2025-06-03 22:30:00,0.82391,0.824,0.82386,0.82394,272,1,0
2025-06-03 22:45:00,0.82394,0.82427,0.82389,0.82418,350,1,0
2025-06-03 23:00:00,0.82418,0.82419,0.82373,0.82409,297,0,0
2025-06-03 23:15:00,0.82409,0.82409,0.82389,0.82405,334,0,0
2025-06-03 23:30:00,0.82405,0.82405,0.82379,0.8238,241,2,0
2025-06-03 23:45:00,0.8238,0.82401,0.82367,0.82388,333,12,0
2025-06-04 00:00:00,0.82224,0.82332,0.82171,0.82331,43,103,0
2025-06-04 00:15:00,0.82331,0.82331,0.82268,0.82309,102,67,0
2025-06-04 00:30:00,0.82309,0.82318,0.82308,0.82318,35,97,0
2025-06-04 00:45:00,0.82318,0.82341,0.82312,0.82312,192,85,0
2025-06-04 01:00:00,0.82312,0.82383,0.82312,0.82368,219,2,0
2025-06-04 01:15:00,0.82368,0.82388,0.82361,0.8238,300,2,0
2025-06-04 01:30:00,0.8238,0.82389,0.82365,0.82372,351,1,0
2025-06-04 01:45:00,0.82372,0.82378,0.82361,0.82374,177,0,0
2025-06-04 02:00:00,0.82374,0.82374,0.82346,0.82352,311,0,0
2025-06-04 02:15:00,0.82352,0.82374,0.82348,0.8236,241,1,0
2025-06-04 02:30:00,0.8236,0.82361,0.823,0.82301,247,1,0
2025-06-04 02:45:00,0.82301,0.8231,0.82281,0.82296,508,0,0
2025-06-04 03:00:00,0.82296,0.82336,0.82261,0.8231,784,1,0
2025-06-04 03:15:00,0.8231,0.82326,0.82277,0.82304,574,0,0
2025-06-04 03:30:00,0.82304,0.82341,0.82292,0.82314,498,0,0
2025-06-04 03:45:00,0.82314,0.82353,0.823,0.82345,822,0,0
2025-06-04 04:00:00,0.82345,0.82437,0.82342,0.82349,943,0,0
2025-06-04 04:15:00,0.82349,0.82361,0.8228,0.82293,562,0,0
2025-06-04 04:30:00,0.82293,0.8231,0.82242,0.82292,625,0,0
2025-06-04 04:45:00,0.82292,0.82302,0.82261,0.82299,568,1,0
2025-06-04 05:00:00,0.82299,0.82318,0.82274,0.82284,533,1,0
2025-06-04 05:15:00,0.82284,0.82325,0.82282,0.82322,335,0,0
2025-06-04 05:30:00,0.82322,0.82362,0.82321,0.82348,389,0,0
2025-06-04 05:45:00,0.82348,0.82366,0.82324,0.8234,349,1,0
2025-06-04 06:00:00,0.8234,0.82343,0.82305,0.82318,364,0,0
2025-06-04 06:15:00,0.82318,0.82346,0.82318,0.82346,259,0,0
2025-06-04 06:30:00,0.82346,0.82431,0.82344,0.82425,584,0,0
2025-06-04 06:45:00,0.82426,0.8243,0.82389,0.82426,424,0,0
2025-06-04 07:00:00,0.82426,0.8244,0.82358,0.82388,561,0,0
2025-06-04 07:15:00,0.82388,0.82396,0.82363,0.82373,327,1,0
2025-06-04 07:30:00,0.82373,0.8242,0.82368,0.8241,378,0,0
2025-06-04 07:45:00,0.8241,0.82446,0.82404,0.82436,388,0,0
2025-06-04 08:00:00,0.82436,0.8244,0.82411,0.82421,382,0,0
2025-06-04 08:15:00,0.82421,0.82439,0.82421,0.82433,340,0,0
2025-06-04 08:30:00,0.82433,0.82499,0.82433,0.8244,621,0,0
2025-06-04 08:45:00,0.8244,0.82457,0.82399,0.82422,642,1,0
2025-06-04 09:00:00,0.8242,0.82464,0.82379,0.82381,856,0,0
2025-06-04 09:15:00,0.82381,0.82406,0.82326,0.82326,841,0,0
2025-06-04 09:30:00,0.82325,0.82355,0.82299,0.82314,786,0,0
2025-06-04 09:45:00,0.82314,0.82337,0.82299,0.82305,822,0,0
2025-06-04 10:00:00,0.82305,0.82309,0.82253,0.82296,1005,0,0
2025-06-04 10:15:00,0.82301,0.82344,0.82281,0.82282,810,0,0
2025-06-04 10:30:00,0.82283,0.82314,0.82246,0.82293,641,0,0
2025-06-04 10:45:00,0.82294,0.82369,0.82287,0.82322,840,0,0
2025-06-04 11:00:00,0.82322,0.8237,0.82304,0.82327,856,0,0
2025-06-04 11:15:00,0.82324,0.82344,0.82289,0.82289,565,0,0
2025-06-04 11:30:00,0.82289,0.82289,0.82204,0.82221,746,0,0
2025-06-04 11:45:00,0.82221,0.82224,0.8219,0.82221,798,0,0
2025-06-04 12:00:00,0.82221,0.82283,0.82221,0.82278,754,0,0
2025-06-04 12:15:00,0.82278,0.82321,0.82263,0.82316,696,0,0
2025-06-04 12:30:00,0.82316,0.82361,0.82298,0.82356,638,0,0
2025-06-04 12:45:00,0.82356,0.82385,0.82355,0.82383,535,0,0
2025-06-04 13:00:00,0.82383,0.82409,0.82355,0.82378,765,0,0
2025-06-04 13:15:00,0.82378,0.82382,0.82337,0.82362,628,0,0
2025-06-04 13:30:00,0.82362,0.82422,0.82353,0.82413,469,0,0
2025-06-04 13:45:00,0.82413,0.82414,0.82373,0.82377,579,0,0
2025-06-04 14:00:00,0.82377,0.82382,0.82311,0.82311,601,0,0
2025-06-04 14:15:00,0.82311,0.82363,0.82303,0.82352,647,0,0
2025-06-04 14:30:00,0.82352,0.82368,0.82331,0.82366,434,0,0
2025-06-04 14:45:00,0.82366,0.82381,0.8234,0.82363,640,0,0
2025-06-04 15:00:00,0.82363,0.82369,0.82283,0.82357,754,0,0
2025-06-04 15:15:00,0.82357,0.82357,0.82081,0.82173,1925,0,0
2025-06-04 15:30:00,0.82173,0.82228,0.82103,0.82143,1530,0,0
2025-06-04 15:45:00,0.82143,0.8216,0.82102,0.82121,1160,0,0
2025-06-04 16:00:00,0.82121,0.82181,0.82091,0.82168,1153,0,0
2025-06-04 16:15:00,0.82168,0.82194,0.82147,0.82157,879,0,0
2025-06-04 16:30:00,0.82157,0.82221,0.82149,0.82153,918,0,0
2025-06-04 16:45:00,0.82153,0.82201,0.82149,0.82174,1306,0,0
2025-06-04 17:00:00,0.82174,0.82174,0.81916,0.82009,2370,0,0
2025-06-04 17:15:00,0.82007,0.82044,0.81979,0.82018,1339,0,0
2025-06-04 17:30:00,0.82018,0.82026,0.81871,0.81897,1170,0,0
2025-06-04 17:45:00,0.81897,0.81927,0.81768,0.81835,1522,0,0
2025-06-04 18:00:00,0.81835,0.81926,0.81835,0.81921,1179,0,0
2025-06-04 18:15:00,0.8192,0.81934,0.81829,0.81857,1104,0,0
2025-06-04 18:30:00,0.81857,0.81892,0.81833,0.81857,1002,0,0
2025-06-04 18:45:00,0.81857,0.81891,0.81827,0.81836,929,0,0
2025-06-04 19:00:00,0.81836,0.81836,0.81755,0.81766,934,0,0
2025-06-04 19:15:00,0.81766,0.81812,0.81745,0.8175,664,0,0
2025-06-04 19:30:00,0.81749,0.81779,0.81709,0.81767,705,0,0
2025-06-04 19:45:00,0.81767,0.81773,0.81701,0.81709,514,0,0
2025-06-04 20:00:00,0.81709,0.81739,0.81706,0.81737,607,0,0
2025-06-04 20:15:00,0.81737,0.81773,0.81737,0.81761,527,0,0
2025-06-04 20:30:00,0.81761,0.81761,0.81715,0.81739,486,0,0
2025-06-04 20:45:00,0.8174,0.81785,0.81728,0.81783,641,0,0
2025-06-04 21:00:00,0.81783,0.81799,0.8174,0.81741,624,0,0
2025-06-04 21:15:00,0.81741,0.81763,0.81725,0.81746,535,1,0
2025-06-04 21:30:00,0.81746,0.81774,0.81736,0.81771,421,1,0
2025-06-04 21:45:00,0.81771,0.8179,0.81761,0.81775,431,1,0
2025-06-04 22:00:00,0.81775,0.81791,0.8176,0.81781,409,1,0
2025-06-04 22:15:00,0.81781,0.81884,0.81781,0.81861,514,0,0
2025-06-04 22:30:00,0.81861,0.81898,0.81849,0.81894,460,0,0
2025-06-04 22:45:00,0.81894,0.81913,0.81872,0.81876,550,1,0
2025-06-04 23:00:00,0.81876,0.81892,0.81864,0.81874,372,0,0
2025-06-04 23:15:00,0.81874,0.8189,0.81861,0.81863,264,0,0
2025-06-04 23:30:00,0.81863,0.81863,0.81809,0.81817,318,3,0
2025-06-04 23:45:00,0.81817,0.81824,0.81799,0.81819,423,11,0
2025-06-05 00:00:00,0.81763,0.81763,0.8158,0.81701,51,138,0
2025-06-05 00:15:00,0.81701,0.81731,0.81698,0.81725,99,252,0
2025-06-05 00:30:00,0.81725,0.81774,0.81713,0.8177,171,141,0
2025-06-05 00:45:00,0.8177,0.81809,0.81752,0.81766,315,109,0
2025-06-05 01:00:00,0.81766,0.81869,0.81744,0.81861,723,2,0
2025-06-05 01:15:00,0.81861,0.81863,0.81831,0.81838,702,2,0
2025-06-05 01:30:00,0.81838,0.81847,0.81824,0.81825,468,0,0
2025-06-05 01:45:00,0.81825,0.81834,0.81815,0.81832,591,0,0
2025-06-05 02:00:00,0.81832,0.81841,0.81818,0.81818,353,0,0
2025-06-05 02:15:00,0.81818,0.81819,0.81739,0.81763,477,0,0
2025-06-05 02:30:00,0.81763,0.81819,0.81762,0.81817,362,0,0
2025-06-05 02:45:00,0.81817,0.8184,0.81795,0.81818,359,0,0
2025-06-05 03:00:00,0.81818,0.8186,0.81788,0.81788,813,0,0
2025-06-05 03:15:00,0.81788,0.81836,0.81776,0.81786,598,0,0
2025-06-05 03:30:00,0.81786,0.81827,0.81777,0.81801,677,0,0
2025-06-05 03:45:00,0.81801,0.8181,0.81758,0.81763,566,0,0
2025-06-05 04:00:00,0.81763,0.81778,0.81724,0.8177,507,0,0
2025-06-05 04:15:00,0.8177,0.81846,0.81767,0.81819,750,0,0
2025-06-05 04:30:00,0.81819,0.81897,0.81814,0.81878,697,0,0
2025-06-05 04:45:00,0.81882,0.81889,0.8185,0.81875,600,0,0
2025-06-05 05:00:00,0.81876,0.81902,0.81853,0.81892,612,0,0
2025-06-05 05:15:00,0.81892,0.8191,0.81863,0.81863,493,0,0
2025-06-05 05:30:00,0.81863,0.81881,0.81834,0.81858,440,0,0
2025-06-05 05:45:00,0.81858,0.81868,0.81837,0.81846,285,0,0
2025-06-05 06:00:00,0.81846,0.81872,0.8183,0.81869,517,0,0
2025-06-05 06:15:00,0.81869,0.81874,0.8183,0.81838,545,0,0
2025-06-05 06:30:00,0.81838,0.81876,0.81816,0.81861,729,0,0
2025-06-05 06:45:00,0.81861,0.81944,0.81854,0.81926,785,0,0
2025-06-05 07:00:00,0.81926,0.81943,0.81863,0.81871,571,0,0
2025-06-05 07:15:00,0.81871,0.81926,0.81868,0.81893,538,0,0
2025-06-05 07:30:00,0.81893,0.81936,0.81883,0.81884,386,0,0
2025-06-05 07:45:00,0.81884,0.81918,0.81884,0.81907,333,0,0
2025-06-05 08:00:00,0.81907,0.81914,0.81889,0.81894,416,1,0
2025-06-05 08:15:00,0.81894,0.81919,0.81884,0.81913,440,0,0
2025-06-05 08:30:00,0.81916,0.81943,0.81905,0.8194,427,0,0
2025-06-05 08:45:00,0.8194,0.81962,0.81925,0.81935,490,0,0
2025-06-05 09:00:00,0.81935,0.81935,0.81873,0.8188,700,0,0
2025-06-05 09:15:00,0.8188,0.81915,0.81878,0.81895,521,0,0
2025-06-05 09:30:00,0.81895,0.81971,0.81876,0.81967,626,0,0
2025-06-05 09:45:00,0.81967,0.81975,0.81929,0.81953,593,1,0
2025-06-05 10:00:00,0.81953,0.81972,0.81886,0.81919,765,0,0
2025-06-05 10:15:00,0.8192,0.81926,0.81866,0.81916,873,0,0
2025-06-05 10:30:00,0.81916,0.81982,0.81899,0.81967,636,1,0
2025-06-05 10:45:00,0.81968,0.82052,0.81968,0.82018,605,0,0
2025-06-05 11:00:00,0.82019,0.82023,0.81957,0.82019,716,0,0
2025-06-05 11:15:00,0.82019,0.82052,0.81998,0.82031,572,0,0
2025-06-05 11:30:00,0.82031,0.82085,0.8203,0.82053,591,0,0
2025-06-05 11:45:00,0.82053,0.82064,0.82017,0.82037,716,0,0
2025-06-05 12:00:00,0.82037,0.82063,0.81981,0.81982,725,0,0
2025-06-05 12:15:00,0.81982,0.82013,0.8196,0.81969,668,0,0
2025-06-05 12:30:00,0.81969,0.82032,0.81968,0.82018,596,0,0
2025-06-05 12:45:00,0.82019,0.8202,0.8197,0.81973,600,0,0
2025-06-05 13:00:00,0.81973,0.81984,0.81921,0.81949,579,0,0
2025-06-05 13:15:00,0.81949,0.81954,0.81894,0.81899,487,0,0
2025-06-05 13:30:00,0.81899,0.81921,0.81882,0.81902,508,0,0
2025-06-05 13:45:00,0.81902,0.81939,0.81901,0.81912,581,1,0
2025-06-05 14:00:00,0.81912,0.81918,0.81888,0.81901,653,0,0
2025-06-05 14:15:00,0.81902,0.81961,0.81895,0.81955,643,1,0
2025-06-05 14:30:00,0.81955,0.82008,0.81955,0.81975,593,0,0
2025-06-05 14:45:00,0.81975,0.81993,0.81949,0.8195,777,0,0
2025-06-05 15:00:00,0.8195,0.8198,0.81925,0.81946,796,0,0
2025-06-05 15:15:00,0.81946,0.82048,0.81914,0.81925,1400,0,0
2025-06-05 15:30:00,0.81927,0.81927,0.81806,0.81877,1795,0,0
2025-06-05 15:45:00,0.81878,0.8215,0.81865,0.82034,2423,0,0
2025-06-05 16:00:00,0.82032,0.82115,0.81876,0.81898,2328,0,0
2025-06-05 16:15:00,0.81897,0.81941,0.81751,0.81782,2256,0,0
2025-06-05 16:30:00,0.81782,0.81831,0.81732,0.81773,2195,0,0
2025-06-05 16:45:00,0.81773,0.81798,0.81721,0.81745,1854,0,0
2025-06-05 17:00:00,0.81746,0.81822,0.81724,0.81759,1747,0,0
2025-06-05 17:15:00,0.81759,0.81853,0.81753,0.81826,1432,0,0
2025-06-05 17:30:00,0.81825,0.81961,0.8173,0.81872,2073,0,0
2025-06-05 17:45:00,0.81871,0.82006,0.81871,0.81982,1951,0,0
2025-06-05 18:00:00,0.81984,0.82034,0.81935,0.82008,1590,0,0
2025-06-05 18:15:00,0.82008,0.82051,0.81961,0.82004,1235,0,0
2025-06-05 18:30:00,0.82004,0.82111,0.82002,0.82106,1060,0,0
2025-06-05 18:45:00,0.82106,0.8214,0.8207,0.82103,1053,0,0
2025-06-05 19:00:00,0.82103,0.82145,0.82093,0.82133,958,0,0
2025-06-05 19:15:00,0.82133,0.82133,0.82043,0.82068,1067,0,0
2025-06-05 19:30:00,0.82064,0.82078,0.81992,0.82014,821,0,0
2025-06-05 19:45:00,0.82014,0.82014,0.81903,0.81915,1113,0,0
2025-06-05 20:00:00,0.81915,0.82042,0.81909,0.82031,836,0,0
2025-06-05 20:15:00,0.82031,0.82044,0.82004,0.82034,636,0,0
2025-06-05 20:30:00,0.82035,0.82095,0.82012,0.82078,606,0,0
2025-06-05 20:45:00,0.82078,0.82087,0.82,0.82007,627,0,0
2025-06-05 21:00:00,0.82007,0.82043,0.81999,0.82038,697,0,0
2025-06-05 21:15:00,0.82038,0.82059,0.81993,0.82031,730,0,0
2025-06-05 21:30:00,0.82031,0.82065,0.82024,0.82064,634,0,0
2025-06-05 21:45:00,0.82064,0.8211,0.82031,0.82044,607,0,0
2025-06-05 22:00:00,0.82044,0.82084,0.82026,0.8208,767,0,0
2025-06-05 22:15:00,0.8208,0.8209,0.81935,0.81987,1264,0,0
2025-06-05 22:30:00,0.81987,0.82076,0.81987,0.82052,1133,0,0
2025-06-05 22:45:00,0.82052,0.82062,0.82,0.82019,1035,0,0
2025-06-05 23:00:00,0.82019,0.82037,0.81964,0.81974,542,0,0
2025-06-05 23:15:00,0.81972,0.81975,0.81938,0.81969,396,0,0
2025-06-05 23:30:00,0.81969,0.81969,0.81938,0.81957,318,2,0
2025-06-05 23:45:00,0.81957,0.81967,0.81942,0.8195,387,11,0
2025-06-06 00:00:00,0.81877,0.82071,0.81852,0.8196,57,111,0
2025-06-06 00:15:00,0.8196,0.81986,0.81816,0.81838,145,79,0
2025-06-06 00:30:00,0.81839,0.81867,0.81839,0.8186,179,161,0
2025-06-06 00:45:00,0.8186,0.81877,0.81842,0.81847,277,117,0
2025-06-06 01:00:00,0.81847,0.81939,0.81847,0.8192,134,2,0
2025-06-06 01:15:00,0.8192,0.81929,0.81904,0.81927,436,2,0
2025-06-06 01:30:00,0.81927,0.81948,0.81926,0.81934,261,0,0
2025-06-06 01:45:00,0.81934,0.81956,0.81932,0.81942,277,0,0
2025-06-06 02:00:00,0.81942,0.81975,0.81934,0.81955,342,0,0
2025-06-06 02:15:00,0.81955,0.81956,0.81931,0.81949,246,0,0
2025-06-06 02:30:00,0.81948,0.81959,0.81931,0.81951,235,0,0
2025-06-06 02:45:00,0.81951,0.81961,0.81927,0.81933,419,1,0
2025-06-06 03:00:00,0.81934,0.81974,0.81923,0.81973,621,0,0
2025-06-06 03:15:00,0.81972,0.81994,0.81969,0.81991,462,0,0
2025-06-06 03:30:00,0.81991,0.82006,0.81968,0.81997,515,0,0
2025-06-06 03:45:00,0.81996,0.8202,0.81982,0.82016,592,1,0
2025-06-06 04:00:00,0.82016,0.82042,0.81996,0.82016,601,0,0
2025-06-06 04:15:00,0.82016,0.82031,0.81975,0.81982,552,0,0
2025-06-06 04:30:00,0.81982,0.82032,0.81976,0.82024,469,1,0
2025-06-06 04:45:00,0.82024,0.82048,0.8201,0.8204,548,0,0
2025-06-06 05:00:00,0.8204,0.82065,0.82023,0.82052,489,2,0
2025-06-06 05:15:00,0.82052,0.82081,0.82046,0.82064,449,0,0
2025-06-06 05:30:00,0.82064,0.82075,0.82056,0.82067,314,0,0
2025-06-06 05:45:00,0.82067,0.82074,0.82034,0.82051,333,0,0
2025-06-06 06:00:00,0.82051,0.82055,0.82025,0.8203,361,1,0
2025-06-06 06:15:00,0.8203,0.82037,0.82006,0.82009,382,0,0
2025-06-06 06:30:00,0.82009,0.82028,0.82002,0.8202,330,0,0
2025-06-06 06:45:00,0.8202,0.8202,0.81996,0.82016,333,0,0
2025-06-06 07:00:00,0.82016,0.82054,0.82005,0.82044,300,0,0
2025-06-06 07:15:00,0.82044,0.82044,0.82019,0.82025,245,1,0
2025-06-06 07:30:00,0.82025,0.82047,0.82022,0.82047,298,0,0
2025-06-06 07:45:00,0.82047,0.82053,0.82021,0.82032,285,0,0
2025-06-06 08:00:00,0.82032,0.82062,0.82026,0.82062,415,1,0
2025-06-06 08:15:00,0.82062,0.82092,0.82049,0.82091,356,0,0
2025-06-06 08:30:00,0.82091,0.82108,0.82082,0.82104,386,0,0
2025-06-06 08:45:00,0.82104,0.82115,0.82078,0.82078,420,0,0
2025-06-06 09:00:00,0.82078,0.821,0.82045,0.82092,526,0,0
2025-06-06 09:15:00,0.82092,0.8216,0.82083,0.82159,709,0,0
2025-06-06 09:30:00,0.82159,0.82195,0.82138,0.82146,693,0,0
2025-06-06 09:45:00,0.82146,0.82163,0.82112,0.82151,667,0,0
2025-06-06 10:00:00,0.82152,0.82197,0.8209,0.82119,785,0,0
2025-06-06 10:15:00,0.82119,0.82134,0.82065,0.8211,676,0,0
2025-06-06 10:30:00,0.8211,0.82118,0.82049,0.82052,662,0,0
2025-06-06 10:45:00,0.82054,0.82097,0.82053,0.82074,661,0,0
2025-06-06 11:00:00,0.82074,0.82123,0.82071,0.82123,609,1,0
2025-06-06 11:15:00,0.82123,0.82124,0.82082,0.82112,580,0,0
2025-06-06 11:30:00,0.82113,0.82167,0.82098,0.82131,556,0,0
2025-06-06 11:45:00,0.82133,0.82206,0.82133,0.82201,647,0,0
2025-06-06 12:00:00,0.82201,0.82238,0.8218,0.82192,580,0,0
2025-06-06 12:15:00,0.82192,0.82201,0.82166,0.82171,550,0,0
2025-06-06 12:30:00,0.82172,0.82182,0.82116,0.82121,530,0,0
2025-06-06 12:45:00,0.82121,0.82167,0.82118,0.82146,605,0,0
2025-06-06 13:00:00,0.82146,0.82162,0.8211,0.82121,521,0,0
2025-06-06 13:15:00,0.82121,0.82148,0.82113,0.82129,540,0,0
2025-06-06 13:30:00,0.82129,0.82146,0.82113,0.82136,401,0,0
2025-06-06 13:45:00,0.82136,0.82147,0.82119,0.82136,470,0,0
2025-06-06 14:00:00,0.82136,0.82148,0.82122,0.82127,512,0,0
2025-06-06 14:15:00,0.82127,0.82152,0.8212,0.82149,427,1,0
2025-06-06 14:30:00,0.82149,0.8216,0.82114,0.82128,579,0,0
2025-06-06 14:45:00,0.82128,0.82227,0.82121,0.82211,736,1,0
2025-06-06 15:00:00,0.82211,0.82267,0.82181,0.8226,757,0,0
2025-06-06 15:15:00,0.8226,0.82263,0.8216,0.8216,919,0,0
2025-06-06 15:30:00,0.8216,0.82414,0.82106,0.82301,3154,0,0
2025-06-06 15:45:00,0.82302,0.82387,0.8226,0.82375,2126,0,0
2025-06-06 16:00:00,0.82375,0.82405,0.82268,0.82318,1789,0,0
2025-06-06 16:15:00,0.82318,0.82483,0.82315,0.82442,1583,0,0
2025-06-06 16:30:00,0.82443,0.82475,0.82351,0.82398,1612,0,0
2025-06-06 16:45:00,0.82401,0.82439,0.82298,0.82392,1542,0,0
2025-06-06 17:00:00,0.8239,0.82418,0.82302,0.82333,1648,0,0
2025-06-06 17:15:00,0.82331,0.82365,0.82219,0.82249,1525,0,0
2025-06-06 17:30:00,0.82249,0.82341,0.82229,0.8231,1496,0,0
2025-06-06 17:45:00,0.8231,0.82418,0.8231,0.82328,1478,0,0
2025-06-06 18:00:00,0.82328,0.82416,0.8232,0.82408,1528,0,0
2025-06-06 18:15:00,0.82409,0.82421,0.82266,0.82276,1481,0,0
2025-06-06 18:30:00,0.82276,0.82284,0.82134,0.82134,1114,0,0
2025-06-06 18:45:00,0.82134,0.82222,0.82119,0.82205,953,0,0
2025-06-06 19:00:00,0.82205,0.82223,0.82176,0.82218,792,0,0
2025-06-06 19:15:00,0.82218,0.82231,0.82185,0.82229,694,0,0
2025-06-06 19:30:00,0.82229,0.82283,0.82211,0.8224,826,1,0
2025-06-06 19:45:00,0.8224,0.82317,0.82238,0.82308,842,0,0
2025-06-06 20:00:00,0.82308,0.82324,0.82245,0.82246,707,0,0
2025-06-06 20:15:00,0.82246,0.8228,0.82236,0.82268,529,1,0
2025-06-06 20:30:00,0.82268,0.82304,0.82252,0.82291,568,0,0
2025-06-06 20:45:00,0.82291,0.82291,0.82219,0.82236,485,0,0
2025-06-06 21:00:00,0.82236,0.8224,0.82175,0.82182,557,0,0
2025-06-06 21:15:00,0.82182,0.82212,0.82166,0.82212,521,0,0
2025-06-06 21:30:00,0.82212,0.82237,0.82193,0.82209,652,0,0
2025-06-06 21:45:00,0.82209,0.8224,0.822,0.82217,571,0,0
2025-06-06 22:00:00,0.82218,0.82219,0.82159,0.82181,468,1,0
2025-06-06 22:15:00,0.82181,0.82208,0.82176,0.82198,414,0,0
2025-06-06 22:30:00,0.82198,0.82206,0.82182,0.82192,396,0,0
2025-06-06 22:45:00,0.82192,0.82225,0.82179,0.8218,507,1,0
2025-06-06 23:00:00,0.8218,0.8223,0.82178,0.82229,325,0,0
2025-06-06 23:15:00,0.82229,0.82232,0.82206,0.8222,375,0,0
2025-06-06 23:30:00,0.82221,0.82238,0.82211,0.82225,183,1,0
2025-06-06 23:45:00,0.82225,0.82234,0.82171,0.82173,187,4,0
2025-06-09 00:00:00,0.82048,0.82167,0.82048,0.82155,53,109,0
2025-06-09 00:15:00,0.82155,0.82162,0.82149,0.82152,56,100,0
2025-06-09 00:30:00,0.82152,0.82156,0.82146,0.82147,32,70,0
2025-06-09 00:45:00,0.82147,0.82152,0.82147,0.82148,47,64,0
2025-06-09 01:00:00,0.82148,0.82189,0.82112,0.82119,313,3,0
2025-06-09 01:15:00,0.82119,0.82149,0.82112,0.82142,464,3,0
2025-06-09 01:30:00,0.82142,0.82147,0.82129,0.82144,447,3,0
2025-06-09 01:45:00,0.82144,0.82148,0.82129,0.82129,153,3,0
2025-06-09 02:00:00,0.82129,0.82134,0.82086,0.82112,415,3,0
2025-06-09 02:15:00,0.82112,0.82123,0.82108,0.82109,205,3,0
2025-06-09 02:30:00,0.82109,0.82151,0.82102,0.82151,183,0,0
2025-06-09 02:45:00,0.82151,0.82158,0.82124,0.82137,196,0,0
2025-06-09 03:00:00,0.82137,0.82167,0.82118,0.82167,398,1,0
2025-06-09 03:15:00,0.82167,0.82211,0.82167,0.82181,391,1,0
2025-06-09 03:30:00,0.82181,0.82206,0.82158,0.82195,435,1,0
2025-06-09 03:45:00,0.82195,0.82253,0.82189,0.82252,500,0,0
2025-06-09 04:00:00,0.82252,0.82252,0.82184,0.82194,471,0,0
2025-06-09 04:15:00,0.82195,0.82202,0.82134,0.82162,382,1,0
2025-06-09 04:30:00,0.82162,0.82179,0.8212,0.82129,459,0,0
2025-06-09 04:45:00,0.82129,0.82132,0.82094,0.82112,432,0,0
2025-06-09 05:00:00,0.82112,0.82123,0.82057,0.82072,541,0,0
2025-06-09 05:15:00,0.82072,0.8209,0.82042,0.82059,353,0,0
2025-06-09 05:30:00,0.82059,0.82089,0.82049,0.82086,417,0,0
2025-06-09 05:45:00,0.82086,0.82121,0.82076,0.82115,351,0,0
2025-06-09 06:00:00,0.82115,0.82128,0.82094,0.82096,324,0,0
2025-06-09 06:15:00,0.82096,0.82137,0.8209,0.82131,289,0,0
2025-06-09 06:30:00,0.82131,0.82138,0.82114,0.82123,334,1,0
2025-06-09 06:45:00,0.82123,0.82126,0.82097,0.82122,267,0,0
2025-06-09 07:00:00,0.82123,0.82127,0.821,0.8211,228,0,0
2025-06-09 07:15:00,0.8211,0.82113,0.82091,0.82108,210,1,0
2025-06-09 07:30:00,0.82108,0.82123,0.82094,0.82102,340,0,0
2025-06-09 07:45:00,0.82102,0.82116,0.8208,0.82087,309,0,0
2025-06-09 08:00:00,0.82087,0.82087,0.82073,0.82082,259,0,0
2025-06-09 08:15:00,0.82082,0.82117,0.82076,0.821,224,0,0
2025-06-09 08:30:00,0.82101,0.82127,0.82084,0.8209,354,2,0
2025-06-09 08:45:00,0.8209,0.82096,0.8205,0.82072,364,0,0
2025-06-09 09:00:00,0.82073,0.82098,0.82057,0.82065,790,0,0
2025-06-09 09:15:00,0.82065,0.82068,0.82039,0.82059,613,0,0
2025-06-09 09:30:00,0.82059,0.8207,0.82026,0.82034,533,0,0
2025-06-09 09:45:00,0.82034,0.8205,0.82005,0.82041,597,0,0
2025-06-09 10:00:00,0.82041,0.8207,0.82027,0.82052,658,0,0
2025-06-09 10:15:00,0.82052,0.82078,0.82027,0.82046,617,1,0
2025-06-09 10:30:00,0.82046,0.82055,0.81964,0.81973,582,0,0
2025-06-09 10:45:00,0.81973,0.82005,0.81959,0.8199,569,1,0
2025-06-09 11:00:00,0.8199,0.82007,0.81948,0.81957,589,0,0
2025-06-09 11:15:00,0.81956,0.8198,0.81925,0.81925,580,0,0
2025-06-09 11:30:00,0.81925,0.81962,0.81924,0.81958,587,0,0
2025-06-09 11:45:00,0.81958,0.82024,0.81949,0.82021,545,0,0
2025-06-09 12:00:00,0.82021,0.82032,0.81951,0.81954,590,0,0
2025-06-09 12:15:00,0.81954,0.81981,0.8195,0.8197,560,0,0
2025-06-09 12:30:00,0.8197,0.81986,0.8195,0.8196,424,1,0
2025-06-09 12:45:00,0.81961,0.82032,0.81958,0.82032,470,0,0
2025-06-09 13:00:00,0.82032,0.8205,0.81996,0.82,441,1,0
2025-06-09 13:15:00,0.82,0.82044,0.82,0.82029,405,0,0
2025-06-09 13:30:00,0.82028,0.8208,0.82023,0.82075,484,0,0
2025-06-09 13:45:00,0.82075,0.82081,0.82049,0.82066,464,0,0
2025-06-09 14:00:00,0.82066,0.82086,0.82053,0.8206,455,0,0
2025-06-09 14:15:00,0.82061,0.82105,0.82058,0.82064,555,0,0
2025-06-09 14:30:00,0.82064,0.8215,0.82057,0.82133,729,0,0
2025-06-09 14:45:00,0.82133,0.82136,0.82088,0.82091,586,0,0
2025-06-09 15:00:00,0.82091,0.82135,0.82069,0.82104,707,0,0
2025-06-09 15:15:00,0.82104,0.82133,0.82087,0.82116,538,0,0
2025-06-09 15:30:00,0.82116,0.82165,0.82109,0.8216,648,0,0
2025-06-09 15:45:00,0.8216,0.82234,0.8216,0.82202,721,0,0
2025-06-09 16:00:00,0.82202,0.82231,0.82172,0.8221,701,0,0
2025-06-09 16:15:00,0.8221,0.82246,0.82182,0.82204,789,0,0
2025-06-09 16:30:00,0.82203,0.8221,0.8215,0.82202,984,0,0
2025-06-09 16:45:00,0.82202,0.82205,0.82122,0.82149,881,0,0
2025-06-09 17:00:00,0.82149,0.82204,0.8212,0.82126,856,0,0
2025-06-09 17:15:00,0.82126,0.82188,0.82123,0.82182,661,0,0
2025-06-09 17:30:00,0.82182,0.82256,0.82169,0.82188,957,0,0
2025-06-09 17:45:00,0.82188,0.82191,0.82134,0.82171,819,0,0
2025-06-09 18:00:00,0.8217,0.82172,0.82111,0.82111,720,0,0
2025-06-09 18:15:00,0.82111,0.82117,0.82058,0.82064,535,1,0
2025-06-09 18:30:00,0.82064,0.82091,0.82053,0.82073,486,0,0
2025-06-09 18:45:00,0.82073,0.82077,0.82039,0.82049,500,1,0
2025-06-09 19:00:00,0.82049,0.82113,0.82046,0.82113,515,0,0
2025-06-09 19:15:00,0.82113,0.82113,0.82072,0.8208,363,1,0
2025-06-09 19:30:00,0.82079,0.82108,0.82076,0.82105,403,1,0
2025-06-09 19:45:00,0.82105,0.82113,0.82091,0.82101,372,1,0
2025-06-09 20:00:00,0.82101,0.82142,0.82099,0.82122,337,1,0
2025-06-09 20:15:00,0.82121,0.82128,0.821,0.82101,247,1,0
2025-06-09 20:30:00,0.82101,0.8212,0.82099,0.82102,288,2,0
2025-06-09 20:45:00,0.82102,0.82121,0.82094,0.82117,311,2,0
2025-06-09 21:00:00,0.82117,0.82132,0.82108,0.82124,490,1,0
2025-06-09 21:15:00,0.82124,0.82131,0.82096,0.82097,353,0,0
2025-06-09 21:30:00,0.82097,0.8212,0.82095,0.82111,358,0,0
2025-06-09 21:45:00,0.82111,0.82131,0.82098,0.82131,350,0,0
2025-06-09 22:00:00,0.82131,0.82138,0.82109,0.82113,264,1,0
2025-06-09 22:15:00,0.82113,0.82141,0.82102,0.82141,287,1,0
2025-06-09 22:30:00,0.82141,0.82157,0.82136,0.82147,316,2,0
2025-06-09 22:45:00,0.82147,0.82161,0.82129,0.82149,367,2,0
2025-06-09 23:00:00,0.82149,0.82153,0.82135,0.82145,259,2,0
2025-06-09 23:15:00,0.82145,0.82157,0.82138,0.82144,164,0,0
2025-06-09 23:30:00,0.82144,0.82163,0.82142,0.82157,242,2,0
2025-06-09 23:45:00,0.82157,0.8217,0.8213,0.82131,208,12,0
2025-06-10 00:00:00,0.82115,0.82165,0.8204,0.82135,49,76,0
2025-06-10 00:15:00,0.82135,0.82146,0.82133,0.82138,58,80,0
2025-06-10 00:30:00,0.82138,0.82148,0.82091,0.82116,289,76,0
2025-06-10 00:45:00,0.82116,0.82119,0.82083,0.82104,203,88,0
2025-06-10 01:00:00,0.82104,0.8217,0.82104,0.82157,169,3,0
2025-06-10 01:15:00,0.82157,0.82162,0.82147,0.82153,394,3,0
2025-06-10 01:30:00,0.82153,0.82175,0.82152,0.82169,337,0,0
2025-06-10 01:45:00,0.82169,0.82177,0.82151,0.82152,464,0,0
2025-06-10 02:00:00,0.82152,0.82174,0.82152,0.82162,197,0,0
2025-06-10 02:15:00,0.82162,0.82163,0.82133,0.82138,272,1,0
2025-06-10 02:30:00,0.82138,0.82145,0.82129,0.82144,216,0,0
2025-06-10 02:45:00,0.82144,0.8215,0.8212,0.82132,212,1,0
2025-06-10 03:00:00,0.82132,0.82156,0.82101,0.82107,666,1,0
2025-06-10 03:15:00,0.82107,0.8212,0.82096,0.82102,492,0,0
2025-06-10 03:30:00,0.82102,0.82165,0.82097,0.82161,507,0,0
2025-06-10 03:45:00,0.82161,0.82169,0.82132,0.82144,544,1,0
2025-06-10 04:00:00,0.82144,0.82165,0.82111,0.82155,515,1,0
2025-06-10 04:15:00,0.82155,0.82228,0.82139,0.82205,695,0,0
2025-06-10 04:30:00,0.82205,0.82274,0.82184,0.82261,798,0,0
2025-06-10 04:45:00,0.82261,0.82367,0.82254,0.82353,934,1,0
2025-06-10 05:00:00,0.82353,0.82419,0.82353,0.82364,1036,1,0
2025-06-10 05:15:00,0.82364,0.82381,0.82338,0.82375,585,0,0
2025-06-10 05:30:00,0.82375,0.82379,0.82303,0.82341,548,0,0
2025-06-10 05:45:00,0.82341,0.82341,0.82279,0.82293,553,0,0
2025-06-10 06:00:00,0.82293,0.82334,0.82268,0.82272,519,0,0
2025-06-10 06:15:00,0.82273,0.82283,0.82239,0.82251,519,0,0
2025-06-10 06:30:00,0.82251,0.8228,0.82236,0.82261,514,0,0
2025-06-10 06:45:00,0.82261,0.82275,0.82233,0.82236,501,0,0
2025-06-10 07:00:00,0.82236,0.82259,0.82221,0.82243,406,1,0
2025-06-10 07:15:00,0.82243,0.82286,0.82233,0.82282,407,0,0
2025-06-10 07:30:00,0.82282,0.82291,0.8226,0.82277,335,1,0
2025-06-10 07:45:00,0.82277,0.8228,0.82246,0.82254,387,0,0
2025-06-10 08:00:00,0.82254,0.82261,0.82222,0.82228,507,0,0
2025-06-10 08:15:00,0.82228,0.82229,0.82143,0.82172,1005,1,0
2025-06-10 08:30:00,0.82172,0.8223,0.82101,0.8221,1121,0,0
2025-06-10 08:45:00,0.8221,0.82226,0.82166,0.82183,746,0,0
2025-06-10 09:00:00,0.82183,0.82223,0.82139,0.82155,948,0,0
2025-06-10 09:15:00,0.82155,0.82181,0.82128,0.82163,791,0,0
2025-06-10 09:30:00,0.82164,0.82177,0.82124,0.82159,954,0,0
2025-06-10 09:45:00,0.82159,0.82264,0.82151,0.82243,943,0,0
2025-06-10 10:00:00,0.82243,0.82364,0.82207,0.82325,1431,0,0
2025-06-10 10:15:00,0.82325,0.82351,0.8225,0.82265,1011,0,0
2025-06-10 10:30:00,0.82265,0.82281,0.82205,0.82206,916,0,0
2025-06-10 10:45:00,0.82205,0.82241,0.82189,0.82205,910,0,0
2025-06-10 11:00:00,0.82205,0.82215,0.82125,0.8213,1092,0,0
2025-06-10 11:15:00,0.8213,0.82223,0.82126,0.82183,832,0,0
2025-06-10 11:30:00,0.82183,0.82191,0.82116,0.82136,702,0,0
2025-06-10 11:45:00,0.82136,0.82148,0.82082,0.82109,887,0,0
2025-06-10 12:00:00,0.82109,0.82138,0.82092,0.82109,723,0,0
2025-06-10 12:15:00,0.82107,0.82165,0.82091,0.82155,673,0,0
2025-06-10 12:30:00,0.82155,0.82162,0.82116,0.82149,726,0,0
2025-06-10 12:45:00,0.82149,0.82167,0.82111,0.82115,724,0,0
2025-06-10 13:00:00,0.82114,0.8215,0.82106,0.82133,550,0,0
2025-06-10 13:15:00,0.82134,0.8215,0.82107,0.82118,613,0,0
2025-06-10 13:30:00,0.82118,0.82129,0.82094,0.82111,451,0,0
2025-06-10 13:45:00,0.82111,0.82136,0.82105,0.82127,500,0,0
2025-06-10 14:00:00,0.82126,0.82143,0.82084,0.82107,602,0,0
2025-06-10 14:15:00,0.82107,0.82116,0.82081,0.82088,530,0,0
2025-06-10 14:30:00,0.82087,0.82149,0.82081,0.82108,675,0,0
2025-06-10 14:45:00,0.82108,0.82139,0.82077,0.82132,708,0,0
2025-06-10 15:00:00,0.82132,0.82174,0.82089,0.82154,781,0,0
2025-06-10 15:15:00,0.82154,0.82194,0.82137,0.82138,529,0,0
2025-06-10 15:30:00,0.82138,0.82174,0.82116,0.82143,762,1,0
2025-06-10 15:45:00,0.82143,0.82171,0.82124,0.8217,618,0,0
2025-06-10 16:00:00,0.8217,0.82185,0.82087,0.82101,854,0,0
2025-06-10 16:15:00,0.82101,0.82123,0.8208,0.82082,691,0,0
2025-06-10 16:30:00,0.82082,0.82134,0.8208,0.82097,1000,0,0
2025-06-10 16:45:00,0.82097,0.82112,0.82038,0.82077,1019,0,0
2025-06-10 17:00:00,0.82077,0.8217,0.8207,0.82162,1023,1,0
2025-06-10 17:15:00,0.82162,0.82183,0.82128,0.82156,811,0,0
2025-06-10 17:30:00,0.82156,0.82168,0.82122,0.82138,688,1,0
2025-06-10 17:45:00,0.82138,0.822,0.82138,0.82186,899,0,0
2025-06-10 18:00:00,0.82185,0.82253,0.82183,0.82239,804,1,0
2025-06-10 18:15:00,0.8224,0.82299,0.82239,0.82273,780,0,0
2025-06-10 18:30:00,0.82273,0.82295,0.82222,0.82237,1188,0,0
2025-06-10 18:45:00,0.82238,0.8224,0.82193,0.82197,673,1,0
2025-06-10 19:00:00,0.82197,0.82263,0.82179,0.82237,608,1,0
2025-06-10 19:15:00,0.82237,0.82279,0.82233,0.82274,514,0,0
2025-06-10 19:30:00,0.82273,0.8228,0.82251,0.82263,421,1,0
2025-06-10 19:45:00,0.82263,0.82273,0.8222,0.82227,390,1,0
2025-06-10 20:00:00,0.82227,0.82254,0.82215,0.82245,419,1,0
2025-06-10 20:15:00,0.82246,0.82273,0.82244,0.82267,384,1,0
2025-06-10 20:30:00,0.82267,0.82272,0.82252,0.82258,371,0,0
2025-06-10 20:45:00,0.82258,0.82272,0.82239,0.82271,322,0,0
2025-06-10 21:00:00,0.82272,0.82312,0.82266,0.82289,606,0,0
2025-06-10 21:15:00,0.82289,0.8233,0.82271,0.82275,304,0,0
2025-06-10 21:30:00,0.82275,0.82276,0.82242,0.8226,313,1,0
2025-06-10 21:45:00,0.8226,0.82312,0.82256,0.82298,443,1,0
2025-06-10 22:00:00,0.82298,0.82318,0.82254,0.82255,496,1,0
2025-06-10 22:15:00,0.82255,0.82256,0.82207,0.82249,436,1,0
2025-06-10 22:30:00,0.82249,0.82276,0.82244,0.82252,381,0,0
2025-06-10 22:45:00,0.82252,0.82286,0.82227,0.8228,450,1,0
2025-06-10 23:00:00,0.8228,0.82298,0.82272,0.82278,346,2,0
2025-06-10 23:15:00,0.82278,0.82295,0.8227,0.82279,230,0,0
2025-06-10 23:30:00,0.8228,0.82294,0.82262,0.82272,158,2,0
2025-06-10 23:45:00,0.82272,0.82274,0.8225,0.82254,219,12,0
2025-06-11 00:00:00,0.82237,0.82284,0.82139,0.8222,127,61,0
2025-06-11 00:15:00,0.8222,0.8222,0.82198,0.82216,196,92,0
2025-06-11 00:30:00,0.82216,0.82228,0.82197,0.82209,287,90,0
2025-06-11 00:45:00,0.82209,0.82223,0.82193,0.82203,222,102,0
2025-06-11 01:00:00,0.82203,0.82286,0.82203,0.82261,229,3,0
2025-06-11 01:15:00,0.82261,0.82264,0.82248,0.82262,177,3,0
2025-06-11 01:30:00,0.82262,0.82281,0.82262,0.82263,233,0,0
2025-06-11 01:45:00,0.82263,0.82283,0.82255,0.82269,258,0,0
2025-06-11 02:00:00,0.82269,0.8228,0.82225,0.8223,610,0,0
2025-06-11 02:15:00,0.8223,0.82293,0.82227,0.82247,596,0,0
2025-06-11 02:30:00,0.82247,0.82253,0.82201,0.82207,376,0,0
2025-06-11 02:45:00,0.82207,0.8222,0.82192,0.82208,399,1,0
2025-06-11 03:00:00,0.82208,0.82223,0.82167,0.82193,759,1,0
2025-06-11 03:15:00,0.82192,0.82196,0.82125,0.82173,773,0,0
2025-06-11 03:30:00,0.82173,0.82199,0.82145,0.8218,584,0,0
2025-06-11 03:45:00,0.82181,0.82224,0.82166,0.82217,769,0,0
2025-06-11 04:00:00,0.82217,0.8225,0.82206,0.82236,559,0,0
2025-06-11 04:15:00,0.82236,0.82237,0.8221,0.82223,478,0,0
2025-06-11 04:30:00,0.82223,0.8224,0.82215,0.82238,507,0,0
2025-06-11 04:45:00,0.82238,0.82308,0.82235,0.82294,777,0,0
2025-06-11 05:00:00,0.82294,0.82323,0.82289,0.82301,563,0,0
2025-06-11 05:15:00,0.82301,0.82305,0.82277,0.8229,353,0,0
2025-06-11 05:30:00,0.8229,0.82291,0.8225,0.82256,375,0,0
2025-06-11 05:45:00,0.82256,0.8228,0.82251,0.82269,336,1,0
2025-06-11 06:00:00,0.82269,0.82288,0.82269,0.82282,358,1,0
2025-06-11 06:15:00,0.82282,0.82298,0.82268,0.82297,352,0,0
2025-06-11 06:30:00,0.82297,0.823,0.82261,0.82261,253,0,0
2025-06-11 06:45:00,0.82261,0.82278,0.82257,0.82265,238,1,0
2025-06-11 07:00:00,0.82265,0.82295,0.82265,0.82266,332,1,0
2025-06-11 07:15:00,0.82267,0.82292,0.82252,0.82267,353,1,0
2025-06-11 07:30:00,0.82268,0.82281,0.82257,0.82258,342,0,0
2025-06-11 07:45:00,0.82258,0.82274,0.82252,0.82268,326,0,0
2025-06-11 08:00:00,0.82268,0.82285,0.82257,0.8228,332,0,0
2025-06-11 08:15:00,0.8228,0.82297,0.82256,0.82266,339,0,0
2025-06-11 08:30:00,0.82266,0.82274,0.82252,0.82265,332,2,0
2025-06-11 08:45:00,0.82265,0.82278,0.82243,0.82254,457,1,0
2025-06-11 09:00:00,0.82254,0.82318,0.82253,0.82303,462,0,0
2025-06-11 09:15:00,0.82303,0.82345,0.82295,0.82342,567,0,0
2025-06-11 09:30:00,0.82342,0.82343,0.82257,0.82257,440,0,0
2025-06-11 09:45:00,0.82257,0.82328,0.82249,0.82313,567,0,0
2025-06-11 10:00:00,0.82313,0.82342,0.82299,0.82333,698,1,0
2025-06-11 10:15:00,0.82333,0.82333,0.82288,0.82296,625,1,0
2025-06-11 10:30:00,0.82296,0.82328,0.82288,0.82289,558,0,0
2025-06-11 10:45:00,0.82289,0.82291,0.82226,0.82258,574,0,0
2025-06-11 11:00:00,0.82258,0.82267,0.82195,0.82227,502,0,0
2025-06-11 11:15:00,0.82228,0.82233,0.82192,0.82194,561,0,0
2025-06-11 11:30:00,0.82194,0.82199,0.82137,0.82144,636,1,0
2025-06-11 11:45:00,0.82142,0.82204,0.82139,0.82202,573,0,0
2025-06-11 12:00:00,0.82202,0.82208,0.82139,0.82142,656,0,0
2025-06-11 12:15:00,0.82142,0.82191,0.82138,0.82169,532,0,0
2025-06-11 12:30:00,0.82169,0.82172,0.82138,0.82166,553,1,0
2025-06-11 12:45:00,0.82166,0.82216,0.82164,0.82206,527,0,0
2025-06-11 13:00:00,0.82205,0.82228,0.82182,0.82204,579,1,0
2025-06-11 13:15:00,0.82204,0.82221,0.82174,0.82218,466,0,0
2025-06-11 13:30:00,0.82219,0.8224,0.82196,0.8221,451,0,0
2025-06-11 13:45:00,0.8221,0.8222,0.82176,0.82209,422,0,0
2025-06-11 14:00:00,0.82209,0.8221,0.82171,0.82208,498,0,0
2025-06-11 14:15:00,0.82208,0.82261,0.82179,0.82258,584,1,0
2025-06-11 14:30:00,0.82259,0.8228,0.82229,0.82254,605,0,0
2025-06-11 14:45:00,0.82254,0.82289,0.82219,0.82251,678,0,0
2025-06-11 15:00:00,0.8225,0.82295,0.82203,0.82213,1320,0,0
2025-06-11 15:15:00,0.82213,0.82231,0.82179,0.82179,794,0,0
2025-06-11 15:30:00,0.82179,0.82179,0.81849,0.82029,2517,0,0
2025-06-11 15:45:00,0.82029,0.82079,0.81982,0.82064,1495,0,0
2025-06-11 16:00:00,0.82064,0.82088,0.81973,0.81977,1511,1,0
2025-06-11 16:15:00,0.81977,0.82081,0.81973,0.8208,1223,0,0
2025-06-11 16:30:00,0.82081,0.8209,0.82029,0.82069,1266,0,0
2025-06-11 16:45:00,0.82069,0.82096,0.8199,0.82043,1181,0,0
2025-06-11 17:00:00,0.82042,0.8206,0.81981,0.8203,1224,0,0
2025-06-11 17:15:00,0.8203,0.82046,0.81978,0.82026,1026,0,0
2025-06-11 17:30:00,0.82026,0.82036,0.81968,0.8197,909,1,0
2025-06-11 17:45:00,0.8197,0.81984,0.81935,0.8197,991,1,0
2025-06-11 18:00:00,0.8197,0.82022,0.81954,0.81981,1080,0,0
2025-06-11 18:15:00,0.81981,0.81999,0.81947,0.81972,846,0,0
2025-06-11 18:30:00,0.81972,0.81989,0.81938,0.81955,585,0,0
2025-06-11 18:45:00,0.81955,0.82007,0.81941,0.81951,652,0,0
2025-06-11 19:00:00,0.81951,0.81987,0.81927,0.81982,676,1,0
2025-06-11 19:15:00,0.81981,0.81985,0.81945,0.8195,617,0,0
2025-06-11 19:30:00,0.8195,0.81998,0.81935,0.81996,603,0,0
2025-06-11 19:45:00,0.81996,0.82046,0.81995,0.82046,524,0,0
2025-06-11 20:00:00,0.82045,0.82052,0.81991,0.82011,568,0,0
2025-06-11 20:15:00,0.82011,0.82027,0.81998,0.82026,338,0,0
2025-06-11 20:30:00,0.82026,0.82041,0.82004,0.82011,429,1,0
2025-06-11 20:45:00,0.82011,0.82018,0.81972,0.81988,377,0,0
2025-06-11 21:00:00,0.81988,0.81989,0.81934,0.81954,739,0,0
2025-06-11 21:15:00,0.81954,0.8202,0.81954,0.82013,878,0,0
2025-06-11 21:30:00,0.82013,0.82052,0.81993,0.82039,905,0,0
2025-06-11 21:45:00,0.82039,0.82055,0.82016,0.82047,624,0,0
2025-06-11 22:00:00,0.82048,0.82078,0.82037,0.82062,507,1,0
2025-06-11 22:15:00,0.82062,0.82075,0.82047,0.8207,381,0,0
2025-06-11 22:30:00,0.8207,0.82075,0.82041,0.82043,398,1,0
2025-06-11 22:45:00,0.82043,0.82071,0.82042,0.82049,451,1,0
2025-06-11 23:00:00,0.82049,0.82074,0.82045,0.82064,330,0,0
2025-06-11 23:15:00,0.82064,0.82077,0.8205,0.82057,189,0,0
2025-06-11 23:30:00,0.82056,0.82058,0.82039,0.82044,275,3,0
2025-06-11 23:45:00,0.82044,0.82044,0.81959,0.81961,441,12,0
2025-06-12 00:00:00,0.81897,0.81992,0.81856,0.8196,136,114,0
2025-06-12 00:15:00,0.8196,0.81993,0.81934,0.81989,119,66,0
2025-06-12 00:30:00,0.81989,0.8202,0.81907,0.81978,67,92,0
2025-06-12 00:45:00,0.81978,0.82017,0.81929,0.81973,221,82,0
2025-06-12 01:00:00,0.81974,0.81999,0.81908,0.81951,821,3,0
2025-06-12 01:15:00,0.81951,0.81979,0.81928,0.81939,323,3,0
2025-06-12 01:30:00,0.81939,0.81949,0.8193,0.81942,227,0,0
2025-06-12 01:45:00,0.81942,0.81948,0.81865,0.81888,385,0,0
2025-06-12 02:00:00,0.81888,0.81889,0.81831,0.81857,626,0,0
2025-06-12 02:15:00,0.81857,0.81884,0.81855,0.81879,283,0,0
2025-06-12 02:30:00,0.81879,0.81887,0.81841,0.81863,343,1,0
2025-06-12 02:45:00,0.81863,0.81877,0.81849,0.81849,468,0,0
2025-06-12 03:00:00,0.81849,0.81884,0.81806,0.81877,843,0,0
2025-06-12 03:15:00,0.81877,0.81888,0.81796,0.81812,750,0,0
2025-06-12 03:30:00,0.81812,0.81854,0.81794,0.81806,803,1,0
2025-06-12 03:45:00,0.81804,0.81814,0.81719,0.81762,1052,0,0
2025-06-12 04:00:00,0.81762,0.81793,0.81712,0.81729,696,0,0
2025-06-12 04:15:00,0.81729,0.81729,0.81599,0.81606,861,0,0
2025-06-12 04:30:00,0.81606,0.81667,0.81593,0.81648,770,0,0
2025-06-12 04:45:00,0.81648,0.81686,0.81608,0.81684,834,0,0
2025-06-12 05:00:00,0.81684,0.81777,0.81679,0.81762,698,0,0
2025-06-12 05:15:00,0.81762,0.81767,0.81668,0.81687,551,0,0
2025-06-12 05:30:00,0.81687,0.81706,0.81675,0.817,468,0,0
2025-06-12 05:45:00,0.817,0.81745,0.81696,0.81706,469,0,0
2025-06-12 06:00:00,0.81706,0.8172,0.81672,0.81676,525,0,0
2025-06-12 06:15:00,0.81681,0.8172,0.81676,0.8168,563,0,0
2025-06-12 06:30:00,0.8168,0.81693,0.81642,0.8167,604,0,0
2025-06-12 06:45:00,0.8167,0.81671,0.81646,0.81656,642,0,0
2025-06-12 07:00:00,0.81656,0.81716,0.81656,0.81712,713,0,0
2025-06-12 07:15:00,0.81712,0.81717,0.8168,0.81687,385,1,0
2025-06-12 07:30:00,0.81688,0.81707,0.81682,0.81688,304,1,0
2025-06-12 07:45:00,0.81688,0.81695,0.81671,0.81691,360,0,0
2025-06-12 08:00:00,0.81691,0.81715,0.81678,0.817,375,0,0
2025-06-12 08:15:00,0.817,0.81704,0.81657,0.81666,373,1,0
2025-06-12 08:30:00,0.81666,0.81683,0.8163,0.81635,470,0,0
2025-06-12 08:45:00,0.81636,0.81639,0.81575,0.81577,634,0,0
2025-06-12 09:00:00,0.81579,0.81695,0.81572,0.81695,918,0,0
2025-06-12 09:15:00,0.81696,0.81758,0.81694,0.81704,695,0,0
2025-06-12 09:30:00,0.81704,0.81718,0.81623,0.81696,862,0,0
2025-06-12 09:45:00,0.81696,0.81724,0.81634,0.81635,889,0,0
2025-06-12 10:00:00,0.81635,0.81714,0.81635,0.81705,1119,0,0
2025-06-12 10:15:00,0.81705,0.8174,0.81688,0.81699,850,0,0
2025-06-12 10:30:00,0.81699,0.81745,0.81675,0.81728,990,0,0
2025-06-12 10:45:00,0.81729,0.81731,0.81493,0.815,1264,0,0
2025-06-12 11:00:00,0.815,0.81537,0.81464,0.81474,1310,0,0
2025-06-12 11:15:00,0.81474,0.8149,0.81412,0.81433,978,0,0
2025-06-12 11:30:00,0.81434,0.81517,0.81434,0.81449,934,0,0
2025-06-12 11:45:00,0.81449,0.81475,0.81421,0.81459,1061,0,0
2025-06-12 12:00:00,0.81459,0.81499,0.81423,0.81443,915,0,0
2025-06-12 12:15:00,0.81443,0.81499,0.81432,0.81459,874,0,0
2025-06-12 12:30:00,0.81459,0.81463,0.81409,0.81443,633,0,0
2025-06-12 12:45:00,0.81443,0.81448,0.81272,0.81374,1178,0,0
2025-06-12 13:00:00,0.81374,0.81415,0.8135,0.81386,1112,0,0
2025-06-12 13:15:00,0.81386,0.81395,0.81218,0.81232,1086,0,0
2025-06-12 13:30:00,0.81232,0.81299,0.81195,0.81297,1179,0,0
2025-06-12 13:45:00,0.81297,0.81304,0.81181,0.81231,1163,0,0
2025-06-12 14:00:00,0.81231,0.81233,0.81148,0.81208,1169,0,0
2025-06-12 14:15:00,0.81208,0.81241,0.81184,0.81232,945,0,0
2025-06-12 14:30:00,0.81232,0.81297,0.812,0.81287,1087,0,0
2025-06-12 14:45:00,0.81287,0.81309,0.81236,0.81261,851,0,0
2025-06-12 15:00:00,0.81261,0.81312,0.81261,0.81288,926,0,0
2025-06-12 15:15:00,0.81288,0.81288,0.81193,0.81239,1036,0,0
2025-06-12 15:30:00,0.81239,0.81239,0.81022,0.81044,2035,0,0
2025-06-12 15:45:00,0.81045,0.81125,0.81043,0.81119,1357,0,0
2025-06-12 16:00:00,0.81119,0.81192,0.81063,0.8118,1240,0,0
2025-06-12 16:15:00,0.81179,0.81261,0.81175,0.81224,1021,0,0
2025-06-12 16:30:00,0.81225,0.81226,0.81076,0.81086,1339,0,0
2025-06-12 16:45:00,0.81086,0.81262,0.81085,0.81249,1301,0,0
2025-06-12 17:00:00,0.81249,0.813,0.81209,0.81255,1406,0,0
2025-06-12 17:15:00,0.81255,0.81327,0.81249,0.8131,959,0,0
2025-06-12 17:30:00,0.8131,0.81337,0.81286,0.81295,861,0,0
2025-06-12 17:45:00,0.81295,0.81326,0.81257,0.81308,1055,0,0
2025-06-12 18:00:00,0.81309,0.81376,0.81305,0.81362,1038,0,0
2025-06-12 18:15:00,0.81362,0.81422,0.813,0.81342,1474,0,0
2025-06-12 18:30:00,0.81342,0.81352,0.81275,0.81331,1034,0,0
2025-06-12 18:45:00,0.81331,0.81332,0.81224,0.81255,1035,0,0
2025-06-12 19:00:00,0.81254,0.81294,0.81201,0.81234,1129,0,0
2025-06-12 19:15:00,0.81234,0.81237,0.81179,0.81233,884,0,0
2025-06-12 19:30:00,0.81234,0.81259,0.81204,0.81221,738,0,0
2025-06-12 19:45:00,0.81221,0.81272,0.81211,0.8122,666,0,0
2025-06-12 20:00:00,0.8122,0.81246,0.81187,0.81222,765,1,0
2025-06-12 20:15:00,0.81222,0.81285,0.81216,0.81245,644,0,0
2025-06-12 20:30:00,0.81245,0.81271,0.81154,0.81186,540,0,0
2025-06-12 20:45:00,0.81186,0.81222,0.81156,0.81173,514,0,0
2025-06-12 21:00:00,0.81173,0.81196,0.81167,0.81167,493,1,0
2025-06-12 21:15:00,0.81167,0.81167,0.81116,0.81137,463,1,0
2025-06-12 21:30:00,0.81137,0.81168,0.81132,0.81161,385,0,0
2025-06-12 21:45:00,0.81161,0.8117,0.81134,0.81152,469,2,0
2025-06-12 22:00:00,0.81152,0.81166,0.81132,0.81136,355,0,0
2025-06-12 22:15:00,0.81136,0.81163,0.81135,0.81149,356,1,0
2025-06-12 22:30:00,0.81148,0.81158,0.81107,0.81117,400,1,0
2025-06-12 22:45:00,0.81117,0.81133,0.81107,0.81119,417,2,0
2025-06-12 23:00:00,0.81119,0.8114,0.81087,0.81092,354,0,0
2025-06-12 23:15:00,0.81092,0.81092,0.81056,0.81091,281,1,0
2025-06-12 23:30:00,0.81091,0.81099,0.81062,0.81065,427,3,0
2025-06-12 23:45:00,0.81065,0.81085,0.81014,0.81029,402,12,0
2025-06-13 00:00:00,0.80955,0.80994,0.80937,0.80958,145,68,0
2025-06-13 00:15:00,0.80958,0.81032,0.80938,0.81029,114,68,0
2025-06-13 00:30:00,0.81029,0.81045,0.81017,0.81017,29,61,0
2025-06-13 00:45:00,0.81017,0.81017,0.81014,0.81017,27,61,0
2025-06-13 01:00:00,0.81017,0.8104,0.81003,0.81006,160,4,0
2025-06-13 01:15:00,0.81006,0.81034,0.81005,0.81034,497,3,0
2025-06-13 01:30:00,0.81034,0.81041,0.81021,0.81028,224,0,0
2025-06-13 01:45:00,0.81028,0.8103,0.81019,0.81022,190,0,0
2025-06-13 02:00:00,0.81022,0.81038,0.81003,0.81005,320,0,0
2025-06-13 02:15:00,0.81005,0.81012,0.8099,0.81002,172,0,0
2025-06-13 02:30:00,0.81002,0.81003,0.80953,0.80955,510,0,0
2025-06-13 02:45:00,0.80955,0.80958,0.80765,0.80766,605,0,0
2025-06-13 03:00:00,0.80768,0.80816,0.8057,0.8074,2900,0,0
2025-06-13 03:15:00,0.8074,0.80766,0.80559,0.80689,2021,0,0
2025-06-13 03:30:00,0.80689,0.80798,0.80678,0.80709,2031,0,0
2025-06-13 03:45:00,0.80712,0.80811,0.80656,0.80697,1883,0,0
2025-06-13 04:00:00,0.80697,0.80774,0.80649,0.80655,1707,0,0
2025-06-13 04:15:00,0.80655,0.80743,0.80619,0.80708,1401,0,0
2025-06-13 04:30:00,0.80708,0.80738,0.80648,0.80688,1345,0,0
2025-06-13 04:45:00,0.80687,0.80796,0.80669,0.80766,1065,0,0
2025-06-13 05:00:00,0.80767,0.8078,0.80737,0.80752,781,0,0
2025-06-13 05:15:00,0.80752,0.80772,0.80683,0.80709,1006,0,0
2025-06-13 05:30:00,0.80709,0.80732,0.80654,0.80685,793,0,0
2025-06-13 05:45:00,0.80685,0.80737,0.80663,0.80683,931,0,0
2025-06-13 06:00:00,0.80683,0.80802,0.8068,0.80787,926,0,0
2025-06-13 06:15:00,0.80787,0.80889,0.80784,0.80884,869,0,0
2025-06-13 06:30:00,0.80884,0.80931,0.80873,0.80898,725,0,0
2025-06-13 06:45:00,0.80898,0.80921,0.80851,0.80912,809,0,0
2025-06-13 07:00:00,0.80912,0.80947,0.80878,0.80942,555,0,0
2025-06-13 07:15:00,0.80942,0.81006,0.80931,0.80974,526,0,0
2025-06-13 07:30:00,0.80975,0.81011,0.80935,0.80952,728,0,0
2025-06-13 07:45:00,0.80951,0.81002,0.80938,0.80961,537,0,0
2025-06-13 08:00:00,0.80961,0.80969,0.80895,0.80966,746,0,0
2025-06-13 08:15:00,0.80969,0.81167,0.80969,0.81147,1038,0,0
2025-06-13 08:30:00,0.81147,0.81151,0.81005,0.8104,787,0,0
2025-06-13 08:45:00,0.8104,0.81055,0.80979,0.81,762,0,0
2025-06-13 09:00:00,0.81,0.81043,0.80948,0.81043,1399,0,0
2025-06-13 09:15:00,0.81043,0.81101,0.81001,0.81072,1230,0,0
2025-06-13 09:30:00,0.81072,0.81124,0.8104,0.81103,1258,0,0
2025-06-13 09:45:00,0.81103,0.81146,0.81057,0.81085,1194,0,0
2025-06-13 10:00:00,0.81085,0.81106,0.81024,0.81078,1676,0,0
2025-06-13 10:15:00,0.81078,0.81142,0.81078,0.81097,1161,0,0
2025-06-13 10:30:00,0.81097,0.81168,0.81067,0.81137,893,0,0
2025-06-13 10:45:00,0.81137,0.812,0.81094,0.8119,797,0,0
2025-06-13 11:00:00,0.8119,0.81242,0.81182,0.81186,837,0,0
2025-06-13 11:15:00,0.81187,0.8122,0.81141,0.81155,758,0,0
2025-06-13 11:30:00,0.81155,0.81292,0.81138,0.81256,835,0,0
2025-06-13 11:45:00,0.81256,0.8128,0.81229,0.8124,855,0,0
2025-06-13 12:00:00,0.8124,0.81266,0.81209,0.81255,1132,0,0
2025-06-13 12:15:00,0.81255,0.81324,0.81251,0.81299,982,0,0
2025-06-13 12:30:00,0.81299,0.81338,0.81277,0.81319,842,0,0
2025-06-13 12:45:00,0.81319,0.81343,0.81276,0.81318,942,0,0
2025-06-13 13:00:00,0.81318,0.81356,0.81268,0.81341,909,0,0
2025-06-13 13:15:00,0.81341,0.81381,0.81327,0.81347,1088,0,0
2025-06-13 13:30:00,0.81347,0.81431,0.8134,0.81378,900,0,0
2025-06-13 13:45:00,0.81378,0.81467,0.81363,0.81393,1181,0,0
2025-06-13 14:00:00,0.81393,0.81483,0.81383,0.81412,1034,0,0
2025-06-13 14:15:00,0.81412,0.81448,0.81394,0.81404,839,0,0
2025-06-13 14:30:00,0.81404,0.81408,0.81328,0.81328,951,0,0
2025-06-13 14:45:00,0.81329,0.81358,0.81285,0.81289,868,0,0
2025-06-13 15:00:00,0.81289,0.81322,0.8126,0.8127,829,0,0
2025-06-13 15:15:00,0.8127,0.81306,0.81262,0.81277,715,1,0
2025-06-13 15:30:00,0.81277,0.81287,0.81225,0.81255,898,0,0
2025-06-13 15:45:00,0.81254,0.81316,0.81254,0.81295,766,0,0
2025-06-13 16:00:00,0.81299,0.81375,0.81276,0.81346,911,0,0
2025-06-13 16:15:00,0.81346,0.81383,0.8132,0.81359,738,1,0
2025-06-13 16:30:00,0.81358,0.81403,0.813,0.81338,1236,1,0
2025-06-13 16:45:00,0.81338,0.81342,0.81265,0.8129,1069,0,0
2025-06-13 17:00:00,0.8129,0.81306,0.81169,0.81169,1397,0,0
2025-06-13 17:15:00,0.8117,0.81204,0.81135,0.81157,1171,0,0
2025-06-13 17:30:00,0.81157,0.81192,0.8113,0.81159,980,0,0
2025-06-13 17:45:00,0.81159,0.81224,0.81156,0.81194,1097,0,0
2025-06-13 18:00:00,0.8119,0.81259,0.81182,0.81211,1086,0,0
2025-06-13 18:15:00,0.81211,0.81211,0.81161,0.81169,845,0,0
2025-06-13 18:30:00,0.81169,0.81185,0.81111,0.81162,871,0,0
2025-06-13 18:45:00,0.81162,0.81199,0.81156,0.81161,740,0,0
2025-06-13 19:00:00,0.81161,0.81161,0.81102,0.81159,813,0,0
2025-06-13 19:15:00,0.81159,0.8116,0.81096,0.81105,640,0,0
2025-06-13 19:30:00,0.81105,0.81127,0.81082,0.81111,660,0,0
2025-06-13 19:45:00,0.8111,0.81141,0.81096,0.81136,477,0,0
2025-06-13 20:00:00,0.81136,0.81156,0.81121,0.81152,582,0,0
2025-06-13 20:15:00,0.81152,0.81193,0.81136,0.81164,640,0,0
2025-06-13 20:30:00,0.81164,0.81214,0.81159,0.81213,657,0,0
2025-06-13 20:45:00,0.81213,0.81217,0.81114,0.81133,671,0,0
2025-06-13 21:00:00,0.81133,0.81146,0.811,0.81114,737,0,0
2025-06-13 21:15:00,0.81114,0.81141,0.81104,0.8114,569,0,0
2025-06-13 21:30:00,0.8114,0.81162,0.81079,0.81144,855,0,0
2025-06-13 21:45:00,0.81144,0.81154,0.8108,0.81149,830,0,0
2025-06-13 22:00:00,0.8115,0.81178,0.81145,0.81159,662,1,0
2025-06-13 22:15:00,0.81159,0.81175,0.8114,0.81149,577,0,0
2025-06-13 22:30:00,0.81149,0.81157,0.81122,0.81125,541,1,0
2025-06-13 22:45:00,0.81125,0.8114,0.81073,0.81091,675,0,0
2025-06-13 23:00:00,0.81091,0.81155,0.81091,0.81147,702,0,0
2025-06-13 23:15:00,0.81147,0.81149,0.81127,0.81134,295,0,0
2025-06-13 23:30:00,0.81134,0.81151,0.81094,0.81097,453,0,0
2025-06-13 23:45:00,0.81096,0.81149,0.81031,0.81091,566,3,0
2025-06-16 00:00:00,0.81033,0.81155,0.80931,0.81154,68,102,0
2025-06-16 00:15:00,0.81154,0.81188,0.81146,0.81183,88,61,0
2025-06-16 00:30:00,0.81183,0.81205,0.81153,0.81184,138,61,0
2025-06-16 00:45:00,0.81184,0.81185,0.81039,0.81062,178,61,0
2025-06-16 01:00:00,0.81062,0.81232,0.81038,0.81168,745,3,0
2025-06-16 01:15:00,0.81168,0.81221,0.81138,0.8117,2369,3,0
2025-06-16 01:30:00,0.8117,0.81184,0.81112,0.81148,2770,3,0
2025-06-16 01:45:00,0.81148,0.81161,0.81102,0.81134,2768,3,0
2025-06-16 02:00:00,0.81134,0.81223,0.81118,0.81217,2463,3,0
2025-06-16 02:15:00,0.81217,0.81239,0.81199,0.81204,426,3,0
2025-06-16 02:30:00,0.81204,0.81211,0.81167,0.81173,387,3,0
2025-06-16 02:45:00,0.81173,0.81211,0.81172,0.8119,475,3,0
2025-06-16 03:00:00,0.8119,0.81207,0.81146,0.8117,766,3,0
2025-06-16 03:15:00,0.8117,0.81207,0.81135,0.81172,661,3,0
2025-06-16 03:30:00,0.81172,0.8119,0.81148,0.81184,755,3,0
2025-06-16 03:45:00,0.81184,0.81234,0.81178,0.81187,794,3,0
2025-06-16 04:00:00,0.8119,0.81205,0.81131,0.81139,845,3,0
2025-06-16 04:15:00,0.81139,0.81144,0.81083,0.81115,928,3,0
2025-06-16 04:30:00,0.81115,0.81159,0.81081,0.8114,708,3,0
2025-06-16 04:45:00,0.8114,0.81189,0.81122,0.81187,514,3,0
2025-06-16 05:00:00,0.81187,0.81233,0.81181,0.8121,665,3,0
2025-06-16 05:15:00,0.8121,0.81231,0.81198,0.81224,583,3,0
2025-06-16 05:30:00,0.81224,0.81256,0.81223,0.81246,432,3,0
2025-06-16 05:45:00,0.81246,0.81261,0.8122,0.81244,469,3,0
2025-06-16 06:00:00,0.81244,0.81269,0.81225,0.81256,477,3,0
2025-06-16 06:15:00,0.81256,0.81279,0.8125,0.81253,395,3,0
2025-06-16 06:30:00,0.81253,0.81298,0.81239,0.81291,519,3,0
2025-06-16 06:45:00,0.81291,0.81318,0.81284,0.81305,342,3,0
2025-06-16 07:00:00,0.81305,0.81306,0.81288,0.81304,293,3,0
2025-06-16 07:15:00,0.81304,0.81306,0.81272,0.81286,287,3,0
2025-06-16 07:30:00,0.81286,0.81287,0.81256,0.81263,272,3,0
2025-06-16 07:45:00,0.81263,0.81281,0.81256,0.81262,307,3,0
2025-06-16 08:00:00,0.81262,0.8127,0.81195,0.81203,489,4,0
2025-06-16 08:15:00,0.81203,0.81206,0.81116,0.81131,670,4,0
2025-06-16 08:30:00,0.81131,0.8114,0.81099,0.81134,615,3,0
2025-06-16 08:45:00,0.81134,0.81136,0.81072,0.81106,740,3,0
2025-06-16 09:00:00,0.81106,0.81169,0.81106,0.81161,941,3,0
2025-06-16 09:15:00,0.81161,0.81263,0.81144,0.81245,837,3,0
2025-06-16 09:30:00,0.81245,0.81262,0.81185,0.81185,928,3,0
2025-06-16 09:45:00,0.81179,0.81203,0.81157,0.81171,980,3,0
2025-06-16 10:00:00,0.81171,0.81308,0.81153,0.81287,997,3,0
2025-06-16 10:15:00,0.81287,0.81325,0.81256,0.81311,913,3,0
2025-06-16 10:30:00,0.81311,0.81339,0.81206,0.81211,856,3,0
2025-06-16 10:45:00,0.81211,0.81247,0.81181,0.81182,1015,3,0
2025-06-16 11:00:00,0.81182,0.81278,0.81179,0.81227,766,3,0
2025-06-16 11:15:00,0.81227,0.81255,0.81218,0.81227,674,3,0
2025-06-16 11:30:00,0.81227,0.8124,0.81179,0.81188,611,3,0
2025-06-16 11:45:00,0.81188,0.81222,0.81147,0.81213,764,3,0
2025-06-16 12:00:00,0.81213,0.81237,0.81151,0.81157,703,3,0
2025-06-16 12:15:00,0.81157,0.81168,0.81136,0.81144,572,3,0
2025-06-16 12:30:00,0.81144,0.81165,0.81135,0.81161,519,3,0
2025-06-16 12:45:00,0.81161,0.81179,0.81089,0.81091,618,3,0
2025-06-16 13:00:00,0.81091,0.81112,0.81075,0.81105,599,3,0
2025-06-16 13:15:00,0.81105,0.81128,0.81067,0.81068,523,3,0
2025-06-16 13:30:00,0.81068,0.81077,0.81016,0.8102,477,3,0
2025-06-16 13:45:00,0.8102,0.81069,0.81007,0.81052,598,3,0
2025-06-16 14:00:00,0.81052,0.81082,0.81027,0.81068,493,3,0
2025-06-16 14:15:00,0.81068,0.81089,0.81052,0.81088,462,3,0
2025-06-16 14:30:00,0.81088,0.81145,0.81069,0.81143,567,4,0
2025-06-16 14:45:00,0.81143,0.81171,0.81091,0.81113,481,3,0
2025-06-16 15:00:00,0.81113,0.81167,0.81104,0.81149,677,4,0
2025-06-16 15:15:00,0.81149,0.81172,0.81098,0.81155,895,3,0
2025-06-16 15:30:00,0.81154,0.81194,0.81117,0.8118,901,4,0
2025-06-16 15:45:00,0.8118,0.8119,0.811,0.81111,819,3,0
2025-06-16 16:00:00,0.81111,0.8112,0.8104,0.81067,1087,3,0
2025-06-16 16:15:00,0.81067,0.81088,0.81013,0.8104,906,3,0
2025-06-16 16:30:00,0.81039,0.8105,0.80919,0.80967,1130,3,0
2025-06-16 16:45:00,0.80968,0.81041,0.80955,0.80974,1576,3,0
2025-06-16 17:00:00,0.80972,0.80985,0.80909,0.80948,1282,3,0
2025-06-16 17:15:00,0.80948,0.80974,0.80889,0.80964,992,3,0
2025-06-16 17:30:00,0.80965,0.81082,0.8094,0.81075,1288,3,0
2025-06-16 17:45:00,0.81073,0.81109,0.81046,0.81078,1246,3,0
2025-06-16 18:00:00,0.81077,0.81128,0.81063,0.81089,895,3,0
2025-06-16 18:15:00,0.81089,0.81132,0.81086,0.81104,737,3,0
2025-06-16 18:30:00,0.81104,0.81165,0.81099,0.81133,678,3,0
2025-06-16 18:45:00,0.81133,0.81172,0.81131,0.81152,650,3,0
2025-06-16 19:00:00,0.81152,0.81181,0.81111,0.81168,695,3,0
2025-06-16 19:15:00,0.81168,0.81187,0.81138,0.81149,557,3,0
2025-06-16 19:30:00,0.81149,0.81202,0.81144,0.81184,577,3,0
2025-06-16 19:45:00,0.81184,0.81208,0.81163,0.81168,522,3,0
2025-06-16 20:00:00,0.81168,0.81234,0.81158,0.81216,814,3,0
2025-06-16 20:15:00,0.81216,0.8123,0.81195,0.81218,369,3,0
2025-06-16 20:30:00,0.81218,0.81248,0.81205,0.81242,435,3,0
2025-06-16 20:45:00,0.81242,0.81247,0.81209,0.81219,471,3,0
2025-06-16 21:00:00,0.81219,0.81232,0.81209,0.81231,492,3,0
2025-06-16 21:15:00,0.81231,0.81265,0.81225,0.81254,410,3,0
2025-06-16 21:30:00,0.81254,0.81257,0.81231,0.81236,480,3,0
2025-06-16 21:45:00,0.81236,0.81278,0.81229,0.81275,579,3,0
2025-06-16 22:00:00,0.81275,0.81334,0.81269,0.81332,577,3,0
2025-06-16 22:15:00,0.81332,0.81384,0.81328,0.81372,457,3,0
2025-06-16 22:30:00,0.81372,0.81424,0.81362,0.81423,443,3,0
2025-06-16 22:45:00,0.81423,0.81465,0.81417,0.81461,566,3,0
2025-06-16 23:00:00,0.81461,0.81466,0.8142,0.81451,421,3,0
2025-06-16 23:15:00,0.81451,0.81468,0.81439,0.81447,224,3,0
2025-06-16 23:30:00,0.81447,0.81459,0.8142,0.81424,164,3,0
2025-06-16 23:45:00,0.81424,0.81429,0.81366,0.81369,462,12,0
2025-06-17 00:00:00,0.81331,0.81388,0.81194,0.813,423,64,0
2025-06-17 00:15:00,0.813,0.81307,0.81284,0.81306,101,118,0
2025-06-17 00:30:00,0.81306,0.81328,0.81306,0.81326,109,90,0
2025-06-17 00:45:00,0.81326,0.81333,0.81229,0.81281,213,84,0
2025-06-17 01:00:00,0.81281,0.81421,0.81281,0.81416,302,3,0
2025-06-17 01:15:00,0.81416,0.8143,0.81405,0.81423,260,3,0
2025-06-17 01:30:00,0.81423,0.81425,0.81361,0.81389,586,4,0
2025-06-17 01:45:00,0.81389,0.81399,0.81346,0.81359,485,3,0
2025-06-17 02:00:00,0.8136,0.81387,0.81343,0.81376,404,3,0
2025-06-17 02:15:00,0.81376,0.81381,0.81343,0.81365,286,3,0
2025-06-17 02:30:00,0.81365,0.81401,0.81358,0.81399,503,3,0
2025-06-17 02:45:00,0.81399,0.81399,0.81352,0.81354,741,3,0
2025-06-17 03:00:00,0.81353,0.81417,0.81351,0.81381,658,3,0
2025-06-17 03:15:00,0.81381,0.81417,0.8137,0.81408,699,3,0
2025-06-17 03:30:00,0.8141,0.81445,0.81398,0.81443,590,3,0
2025-06-17 03:45:00,0.81443,0.81464,0.81423,0.8145,914,3,0
2025-06-17 04:00:00,0.8145,0.8145,0.81392,0.81403,593,3,0
2025-06-17 04:15:00,0.81403,0.81422,0.81384,0.81408,443,3,0
2025-06-17 04:30:00,0.81408,0.81418,0.81381,0.81385,482,3,0
2025-06-17 04:45:00,0.81385,0.81397,0.81377,0.81393,405,3,0
2025-06-17 05:00:00,0.81393,0.81442,0.81393,0.81412,526,3,0
2025-06-17 05:15:00,0.81412,0.8143,0.81384,0.81404,545,3,0
2025-06-17 05:30:00,0.81404,0.81447,0.8139,0.81433,464,3,0
2025-06-17 05:45:00,0.81433,0.81444,0.81397,0.81424,733,3,0
2025-06-17 06:00:00,0.81424,0.81436,0.81389,0.81395,676,3,0
2025-06-17 06:15:00,0.81395,0.81415,0.81376,0.81398,445,3,0
2025-06-17 06:30:00,0.81398,0.81411,0.81364,0.81384,712,3,0
2025-06-17 06:45:00,0.81384,0.8141,0.81371,0.81373,374,3,0
2025-06-17 07:00:00,0.81373,0.81375,0.81336,0.81341,420,3,0
2025-06-17 07:15:00,0.81341,0.81344,0.81289,0.81295,375,3,0
2025-06-17 07:30:00,0.81295,0.81328,0.81289,0.81305,421,3,0
2025-06-17 07:45:00,0.81305,0.81364,0.813,0.81354,588,3,0
2025-06-17 08:00:00,0.81354,0.81373,0.81337,0.81347,420,3,0
2025-06-17 08:15:00,0.81347,0.81357,0.81329,0.81344,546,3,0
2025-06-17 08:30:00,0.81344,0.8136,0.81337,0.81342,416,3,0
2025-06-17 08:45:00,0.81342,0.81354,0.8132,0.81322,457,3,0
2025-06-17 09:00:00,0.81322,0.81379,0.81315,0.81362,692,3,0
2025-06-17 09:15:00,0.81362,0.81374,0.81324,0.81348,609,3,0
2025-06-17 09:30:00,0.81348,0.81352,0.81271,0.8128,942,3,0
2025-06-17 09:45:00,0.8128,0.81296,0.8123,0.81253,1010,3,0
2025-06-17 10:00:00,0.81253,0.81322,0.81248,0.81277,975,3,0
2025-06-17 10:15:00,0.81277,0.81299,0.81249,0.81255,978,3,0
2025-06-17 10:30:00,0.81255,0.8137,0.81253,0.81332,871,3,0
2025-06-17 10:45:00,0.81332,0.81333,0.81201,0.81257,1224,3,0
2025-06-17 11:00:00,0.81257,0.81279,0.81227,0.81241,958,3,0
2025-06-17 11:15:00,0.81241,0.81281,0.81214,0.81262,641,3,0
2025-06-17 11:30:00,0.81262,0.81289,0.81243,0.81244,592,3,0
2025-06-17 11:45:00,0.81244,0.81291,0.81224,0.81287,806,3,0
2025-06-17 12:00:00,0.81287,0.81319,0.81275,0.81291,968,3,0
2025-06-17 12:15:00,0.81291,0.81321,0.81251,0.81269,880,3,0
2025-06-17 12:30:00,0.81269,0.81292,0.81254,0.81274,677,3,0
2025-06-17 12:45:00,0.81274,0.8129,0.81245,0.81265,629,3,0
2025-06-17 13:00:00,0.81265,0.8128,0.81237,0.81249,516,3,0
2025-06-17 13:15:00,0.81249,0.81274,0.81234,0.81265,480,3,0
2025-06-17 13:30:00,0.81265,0.81271,0.81225,0.81227,532,3,0
2025-06-17 13:45:00,0.81227,0.8124,0.8121,0.81233,543,3,0
2025-06-17 14:00:00,0.81233,0.81242,0.81211,0.81216,542,3,0
2025-06-17 14:15:00,0.81216,0.81249,0.81208,0.81247,421,3,0
2025-06-17 14:30:00,0.81247,0.81247,0.81212,0.81239,590,3,0
2025-06-17 14:45:00,0.81239,0.81346,0.81237,0.81309,836,3,0
2025-06-17 15:00:00,0.81309,0.8133,0.81287,0.81303,742,3,0
2025-06-17 15:15:00,0.81303,0.81342,0.81272,0.81321,852,3,0
2025-06-17 15:30:00,0.8132,0.81389,0.8122,0.81365,1668,3,0
2025-06-17 15:45:00,0.81365,0.81434,0.8135,0.81426,1229,3,0
2025-06-17 16:00:00,0.81426,0.81434,0.81382,0.81416,1106,3,0
2025-06-17 16:15:00,0.81416,0.81421,0.81338,0.81381,954,3,0
2025-06-17 16:30:00,0.8138,0.81478,0.81376,0.81441,1298,3,0
2025-06-17 16:45:00,0.81442,0.81464,0.81406,0.81433,932,3,0
2025-06-17 17:00:00,0.81433,0.81497,0.81427,0.81449,1010,3,0
2025-06-17 17:15:00,0.81449,0.81486,0.81394,0.81411,1268,3,0
2025-06-17 17:30:00,0.81411,0.81646,0.8141,0.81638,1473,3,0
2025-06-17 17:45:00,0.81638,0.8164,0.81556,0.81564,1257,3,0
2025-06-17 18:00:00,0.81564,0.81579,0.81449,0.81455,1082,3,0
2025-06-17 18:15:00,0.81454,0.81479,0.81419,0.81439,880,3,0
2025-06-17 18:30:00,0.81439,0.81442,0.81389,0.81398,751,3,0
2025-06-17 18:45:00,0.81398,0.81443,0.81383,0.81415,733,3,0
2025-06-17 19:00:00,0.81415,0.81426,0.81345,0.81353,708,3,0
2025-06-17 19:15:00,0.81354,0.81415,0.81324,0.81413,726,3,0
2025-06-17 19:30:00,0.81413,0.81451,0.81389,0.81436,621,3,0
2025-06-17 19:45:00,0.81436,0.81538,0.81423,0.81515,1111,3,0
2025-06-17 20:00:00,0.81514,0.8154,0.81494,0.81529,894,3,0
2025-06-17 20:15:00,0.81529,0.81544,0.81469,0.81474,1036,3,0
2025-06-17 20:30:00,0.81474,0.81543,0.81457,0.81536,910,3,0
2025-06-17 20:45:00,0.81537,0.81585,0.81512,0.8157,1410,3,0
2025-06-17 21:00:00,0.81569,0.81601,0.81562,0.81597,915,3,0
2025-06-17 21:15:00,0.81597,0.81643,0.81564,0.81641,800,3,0
2025-06-17 21:30:00,0.81641,0.81657,0.81615,0.81635,713,3,0
2025-06-17 21:45:00,0.81635,0.81715,0.81635,0.81702,956,3,0
2025-06-17 22:00:00,0.81702,0.81716,0.81677,0.81696,542,3,0
2025-06-17 22:15:00,0.81696,0.81712,0.81668,0.81672,426,3,0
2025-06-17 22:30:00,0.81672,0.81685,0.8165,0.81658,536,3,0
2025-06-17 22:45:00,0.81658,0.81664,0.81637,0.81645,607,3,0
2025-06-17 23:00:00,0.81645,0.81687,0.81638,0.81682,485,3,0
2025-06-17 23:15:00,0.81682,0.81705,0.81657,0.81661,536,3,0
2025-06-17 23:30:00,0.81661,0.81683,0.81655,0.81674,699,3,0
2025-06-17 23:45:00,0.81674,0.81675,0.81604,0.81611,602,12,0
2025-06-18 00:00:00,0.81373,0.8152,0.8117,0.81516,747,125,0
2025-06-18 00:15:00,0.81516,0.81601,0.81516,0.8155,107,62,0
2025-06-18 00:30:00,0.8155,0.81561,0.81546,0.81556,206,124,0
2025-06-18 00:45:00,0.81556,0.81593,0.8155,0.81586,179,114,0
2025-06-18 01:00:00,0.81586,0.81656,0.81586,0.81651,244,4,0
2025-06-18 01:15:00,0.81651,0.81675,0.81649,0.81649,415,3,0
2025-06-18 01:30:00,0.81649,0.81705,0.81649,0.81688,369,3,0
2025-06-18 01:45:00,0.81688,0.81718,0.81685,0.81711,452,3,0
2025-06-18 02:00:00,0.81711,0.81712,0.81679,0.81692,401,3,0
2025-06-18 02:15:00,0.81692,0.8171,0.81685,0.81692,253,3,0
2025-06-18 02:30:00,0.81692,0.81731,0.81692,0.81728,314,3,0
2025-06-18 02:45:00,0.81728,0.81728,0.81684,0.8169,394,4,0
2025-06-18 03:00:00,0.81691,0.81706,0.81636,0.81692,919,4,0
2025-06-18 03:15:00,0.81692,0.81717,0.81673,0.81682,532,3,0
2025-06-18 03:30:00,0.81682,0.81709,0.81656,0.81659,855,3,0
2025-06-18 03:45:00,0.81659,0.81697,0.81645,0.81687,1126,3,0
2025-06-18 04:00:00,0.81687,0.81701,0.81655,0.81682,660,3,0
2025-06-18 04:15:00,0.81682,0.81689,0.81631,0.81642,702,3,0
2025-06-18 04:30:00,0.81642,0.81695,0.81637,0.81689,570,3,0
2025-06-18 04:45:00,0.81689,0.81704,0.81632,0.81645,579,3,0
2025-06-18 05:00:00,0.81645,0.81665,0.81643,0.81647,468,3,0
2025-06-18 05:15:00,0.81652,0.81654,0.81618,0.81645,521,3,0
2025-06-18 05:30:00,0.81645,0.81682,0.81645,0.81652,385,3,0
2025-06-18 05:45:00,0.81652,0.81657,0.81632,0.81636,448,3,0
2025-06-18 06:00:00,0.81636,0.81647,0.81623,0.81635,374,3,0
2025-06-18 06:15:00,0.81635,0.81641,0.81601,0.8162,371,3,0
2025-06-18 06:30:00,0.81621,0.81646,0.81605,0.81638,305,3,0
2025-06-18 06:45:00,0.81638,0.81655,0.81629,0.81644,369,3,0
2025-06-18 07:00:00,0.81644,0.81684,0.81643,0.81669,346,3,0
2025-06-18 07:15:00,0.81669,0.81677,0.81656,0.81658,315,3,0
2025-06-18 07:30:00,0.81658,0.81662,0.81634,0.81649,355,3,0
2025-06-18 07:45:00,0.81649,0.81656,0.81618,0.81644,492,3,0
2025-06-18 08:00:00,0.81644,0.81658,0.81636,0.81655,380,3,0
2025-06-18 08:15:00,0.81655,0.81658,0.81639,0.81643,341,3,0
2025-06-18 08:30:00,0.81643,0.81659,0.81623,0.81633,427,3,0
2025-06-18 08:45:00,0.81633,0.81658,0.81622,0.81631,483,3,0
2025-06-18 09:00:00,0.81631,0.81684,0.81627,0.81633,887,3,0
2025-06-18 09:15:00,0.81633,0.8165,0.81604,0.81612,816,3,0
2025-06-18 09:30:00,0.81612,0.81626,0.81591,0.81609,741,3,0
2025-06-18 09:45:00,0.81609,0.81624,0.81535,0.81543,739,3,0
2025-06-18 10:00:00,0.81543,0.81635,0.81541,0.81634,775,3,0
2025-06-18 10:15:00,0.81634,0.81707,0.81634,0.81695,671,3,0
2025-06-18 10:30:00,0.81695,0.81717,0.81652,0.8168,724,3,0
2025-06-18 10:45:00,0.8168,0.81702,0.81644,0.81653,737,3,0
2025-06-18 11:00:00,0.81653,0.8171,0.81643,0.81702,674,3,0
2025-06-18 11:15:00,0.81702,0.81726,0.81678,0.81686,726,3,0
2025-06-18 11:30:00,0.81686,0.81729,0.8167,0.81711,616,3,0
2025-06-18 11:45:00,0.81711,0.81735,0.8169,0.81719,575,3,0
2025-06-18 12:00:00,0.81719,0.81796,0.81716,0.81744,808,3,0
2025-06-18 12:15:00,0.81744,0.81766,0.8173,0.81746,594,3,0
2025-06-18 12:30:00,0.81746,0.81768,0.81719,0.81761,690,3,0
2025-06-18 12:45:00,0.81761,0.818,0.81761,0.81777,726,3,0
2025-06-18 13:00:00,0.81777,0.81793,0.81688,0.81734,685,3,0
2025-06-18 13:15:00,0.81734,0.8174,0.81708,0.81709,632,3,0
2025-06-18 13:30:00,0.81709,0.81738,0.81708,0.81721,699,3,0
2025-06-18 13:45:00,0.81721,0.81746,0.81691,0.81704,729,3,0
2025-06-18 14:00:00,0.81704,0.81796,0.81696,0.81751,534,3,0
2025-06-18 14:15:00,0.81751,0.81817,0.81751,0.81804,424,4,0
2025-06-18 14:30:00,0.81804,0.81817,0.81766,0.81774,533,3,0
2025-06-18 14:45:00,0.81774,0.81778,0.8173,0.8173,716,3,0
2025-06-18 15:00:00,0.8173,0.81758,0.81672,0.81672,638,3,0
2025-06-18 15:15:00,0.81672,0.8168,0.81622,0.81675,834,4,0
2025-06-18 15:30:00,0.81675,0.81701,0.81658,0.81691,771,3,0
2025-06-18 15:45:00,0.81691,0.81735,0.8164,0.81667,765,3,0
2025-06-18 16:00:00,0.81667,0.81705,0.81666,0.81692,657,3,0
2025-06-18 16:15:00,0.81692,0.81751,0.81684,0.81711,621,3,0
2025-06-18 16:30:00,0.81711,0.81774,0.81711,0.81758,1051,3,0
2025-06-18 16:45:00,0.81758,0.81765,0.8171,0.81746,939,3,0
2025-06-18 17:00:00,0.81746,0.8178,0.81651,0.81675,1767,3,0
2025-06-18 17:15:00,0.81675,0.8178,0.81673,0.81759,1180,3,0
2025-06-18 17:30:00,0.8176,0.81803,0.81738,0.81772,949,3,0
2025-06-18 17:45:00,0.81772,0.81831,0.81727,0.81782,1174,3,0
2025-06-18 18:00:00,0.81782,0.81798,0.81738,0.81742,816,3,0
2025-06-18 18:15:00,0.81742,0.81757,0.81693,0.81693,613,3,0
2025-06-18 18:30:00,0.81693,0.81769,0.81689,0.81742,778,3,0
2025-06-18 18:45:00,0.81742,0.81763,0.81727,0.81741,701,3,0
2025-06-18 19:00:00,0.81741,0.81741,0.81681,0.81714,760,3,0
2025-06-18 19:15:00,0.81714,0.81735,0.81705,0.81724,599,3,0
2025-06-18 19:30:00,0.81724,0.81762,0.81705,0.81756,529,3,0
2025-06-18 19:45:00,0.81756,0.8178,0.81753,0.81771,536,3,0
2025-06-18 20:00:00,0.81771,0.81772,0.81731,0.81747,492,3,0
2025-06-18 20:15:00,0.81747,0.81762,0.81732,0.81751,412,3,0
2025-06-18 20:30:00,0.81751,0.81828,0.81751,0.81808,545,3,0
2025-06-18 20:45:00,0.81808,0.81811,0.81728,0.81728,623,3,0
2025-06-18 21:00:00,0.81728,0.81786,0.81563,0.81693,2903,3,0
2025-06-18 21:15:00,0.81693,0.81741,0.81675,0.81706,2110,3,0
2025-06-18 21:30:00,0.81706,0.81817,0.81679,0.81784,1949,3,0
2025-06-18 21:45:00,0.81785,0.81916,0.8176,0.81909,1847,3,0
2025-06-18 22:00:00,0.81905,0.8199,0.81895,0.81895,2003,3,0
2025-06-18 22:15:00,0.81895,0.81986,0.81875,0.81956,1665,3,0
2025-06-18 22:30:00,0.81956,0.81986,0.81917,0.81959,1169,3,0
2025-06-18 22:45:00,0.81959,0.81991,0.8191,0.81919,1129,3,0
2025-06-18 23:00:00,0.81919,0.81939,0.81906,0.81915,951,3,0
2025-06-18 23:15:00,0.81915,0.81921,0.81867,0.81885,676,3,0
2025-06-18 23:30:00,0.81885,0.81887,0.81835,0.81847,264,3,0
2025-06-18 23:45:00,0.81847,0.81863,0.81832,0.81841,497,12,0
2025-06-19 00:00:00,0.81833,0.81856,0.81576,0.81793,575,168,0
2025-06-19 00:15:00,0.81793,0.81892,0.8179,0.81812,97,68,0
2025-06-19 00:30:00,0.81812,0.81812,0.8178,0.81782,186,82,0
2025-06-19 00:45:00,0.81782,0.81792,0.81749,0.81761,74,98,0
2025-06-19 01:00:00,0.81761,0.81842,0.81755,0.81839,241,3,0
2025-06-19 01:15:00,0.81839,0.81839,0.81807,0.81823,402,3,0
2025-06-19 01:30:00,0.81823,0.8185,0.81822,0.81848,173,3,0
2025-06-19 01:45:00,0.81847,0.81896,0.81843,0.81864,233,3,0
2025-06-19 02:00:00,0.81864,0.81881,0.81853,0.81855,276,3,0
2025-06-19 02:15:00,0.81855,0.81907,0.81841,0.81894,316,3,0
2025-06-19 02:30:00,0.81894,0.81909,0.81864,0.81875,406,4,0
2025-06-19 02:45:00,0.81875,0.81917,0.81867,0.81915,500,4,0
2025-06-19 03:00:00,0.81915,0.81923,0.81883,0.81898,696,3,0
2025-06-19 03:15:00,0.81898,0.81907,0.81882,0.81886,654,3,0
2025-06-19 03:30:00,0.81886,0.81917,0.81881,0.81901,731,3,0
2025-06-19 03:45:00,0.81901,0.81921,0.81873,0.81899,656,3,0
2025-06-19 04:00:00,0.81899,0.81982,0.81879,0.81956,1300,3,0
2025-06-19 04:15:00,0.81956,0.81961,0.81909,0.81947,792,3,0
2025-06-19 04:30:00,0.81947,0.81969,0.81924,0.81944,712,3,0
2025-06-19 04:45:00,0.81944,0.8203,0.8194,0.82021,811,3,0
2025-06-19 05:00:00,0.82021,0.82024,0.81971,0.81994,689,3,0
2025-06-19 05:15:00,0.81994,0.82016,0.81983,0.82009,565,3,0
2025-06-19 05:30:00,0.82009,0.82017,0.81986,0.81995,503,3,0
2025-06-19 05:45:00,0.81995,0.82022,0.81992,0.82005,379,3,0
2025-06-19 06:00:00,0.82005,0.82053,0.82002,0.82035,447,3,0
2025-06-19 06:15:00,0.82035,0.82051,0.8201,0.82015,532,3,0
2025-06-19 06:30:00,0.82015,0.82016,0.81976,0.81977,473,3,0
2025-06-19 06:45:00,0.81977,0.81989,0.81959,0.81974,427,3,0
2025-06-19 07:00:00,0.81974,0.81978,0.81955,0.81959,470,3,0
2025-06-19 07:15:00,0.81959,0.81978,0.81948,0.81951,345,3,0
2025-06-19 07:30:00,0.81951,0.81982,0.81949,0.81966,292,3,0
2025-06-19 07:45:00,0.81966,0.8197,0.8194,0.81964,411,3,0
2025-06-19 08:00:00,0.81964,0.81998,0.81962,0.8199,450,3,0
2025-06-19 08:15:00,0.8199,0.82008,0.81975,0.81997,439,3,0
2025-06-19 08:30:00,0.81997,0.82015,0.81979,0.8201,444,3,0
2025-06-19 08:45:00,0.8201,0.82069,0.82005,0.8203,662,3,0
2025-06-19 09:00:00,0.8203,0.82119,0.82026,0.82086,671,3,0
2025-06-19 09:15:00,0.82086,0.82132,0.82071,0.82116,701,3,0
2025-06-19 09:30:00,0.82116,0.82153,0.82072,0.82077,970,3,0
2025-06-19 09:45:00,0.82076,0.82105,0.82048,0.82077,862,3,0
2025-06-19 10:00:00,0.82077,0.82137,0.82077,0.82111,782,3,0
2025-06-19 10:15:00,0.82111,0.82118,0.8198,0.82059,998,3,0
2025-06-19 10:30:00,0.82058,0.82073,0.81801,0.81911,1813,3,0
2025-06-19 10:45:00,0.81911,0.81916,0.8179,0.81869,1273,3,0
2025-06-19 11:00:00,0.81869,0.81944,0.81848,0.81849,1328,3,0
2025-06-19 11:15:00,0.8185,0.81857,0.81727,0.81727,1117,3,0
2025-06-19 11:30:00,0.81727,0.81764,0.81661,0.81671,874,3,0
2025-06-19 11:45:00,0.81671,0.81681,0.81584,0.81604,1056,3,0
2025-06-19 12:00:00,0.81604,0.81638,0.81559,0.81634,840,3,0
2025-06-19 12:15:00,0.81634,0.81679,0.81626,0.81657,710,3,0
2025-06-19 12:30:00,0.81657,0.81715,0.8165,0.81676,561,3,0
2025-06-19 12:45:00,0.81676,0.81724,0.8167,0.81721,660,3,0
2025-06-19 13:00:00,0.81721,0.8177,0.81691,0.81747,616,3,0
2025-06-19 13:15:00,0.81747,0.81775,0.81717,0.81767,518,3,0
2025-06-19 13:30:00,0.81767,0.8183,0.81767,0.8179,555,3,0
2025-06-19 13:45:00,0.8179,0.8183,0.81763,0.81784,580,3,0
2025-06-19 14:00:00,0.81784,0.81845,0.81779,0.81809,653,4,0
2025-06-19 14:15:00,0.81809,0.81819,0.81735,0.81769,486,4,0
2025-06-19 14:30:00,0.81769,0.81798,0.81731,0.81759,467,3,0
2025-06-19 14:45:00,0.81759,0.81814,0.81744,0.81747,576,3,0
2025-06-19 15:00:00,0.81747,0.81836,0.81722,0.81824,800,3,0
2025-06-19 15:15:00,0.81824,0.81832,0.81784,0.81825,787,3,0
2025-06-19 15:30:00,0.81825,0.81835,0.8175,0.81762,747,3,0
2025-06-19 15:45:00,0.81761,0.81776,0.81717,0.81752,601,3,0
2025-06-19 16:00:00,0.81752,0.8176,0.81707,0.81728,533,3,0
2025-06-19 16:15:00,0.81728,0.81738,0.81708,0.81727,512,3,0
2025-06-19 16:30:00,0.81727,0.81783,0.81707,0.81759,648,3,0
2025-06-19 16:45:00,0.81759,0.81789,0.81709,0.8178,962,4,0
2025-06-19 17:00:00,0.8178,0.81793,0.81755,0.81775,780,3,0
2025-06-19 17:15:00,0.81775,0.8189,0.81768,0.81885,686,3,0
2025-06-19 17:30:00,0.81885,0.81904,0.81842,0.81888,704,3,0
2025-06-19 17:45:00,0.81888,0.81945,0.81884,0.81897,774,3,0
2025-06-19 18:00:00,0.81897,0.81915,0.81877,0.81887,659,3,0
2025-06-19 18:15:00,0.81887,0.81918,0.8187,0.81912,466,3,0
2025-06-19 18:30:00,0.81912,0.81912,0.81854,0.81878,455,3,0
2025-06-19 18:45:00,0.81878,0.81912,0.8186,0.81898,458,3,0
2025-06-19 19:00:00,0.819,0.8192,0.8189,0.81903,539,3,0
2025-06-19 19:15:00,0.81903,0.81919,0.81886,0.81895,501,3,0
2025-06-19 19:30:00,0.81895,0.81904,0.81864,0.81864,479,3,0
2025-06-19 19:45:00,0.81864,0.81898,0.81855,0.81881,414,3,0
2025-06-19 20:00:00,0.81881,0.81889,0.81829,0.81831,588,3,0
2025-06-19 20:15:00,0.81831,0.81877,0.81829,0.81868,296,3,0
2025-06-19 20:30:00,0.81868,0.8187,0.81837,0.8184,327,3,0
2025-06-19 20:45:00,0.8184,0.8184,0.81779,0.818,490,3,0
2025-06-19 21:00:00,0.818,0.81832,0.81784,0.81786,634,3,0
2025-06-19 21:15:00,0.81785,0.818,0.81768,0.81768,601,3,0
2025-06-19 21:30:00,0.81768,0.81769,0.8174,0.81753,334,3,0
2025-06-19 21:45:00,0.81753,0.81763,0.81751,0.81754,124,3,0
2025-06-19 22:00:00,0.81754,0.81754,0.81645,0.81684,348,3,0
2025-06-19 22:15:00,0.81684,0.81685,0.81622,0.81659,342,3,0
2025-06-19 22:30:00,0.81659,0.81675,0.81588,0.81607,450,3,0
2025-06-19 22:45:00,0.81607,0.8163,0.81572,0.81611,365,3,0
2025-06-19 23:00:00,0.81611,0.81651,0.81611,0.81649,442,3,0
2025-06-19 23:15:00,0.81649,0.81661,0.81638,0.81641,123,3,0
2025-06-19 23:30:00,0.81641,0.81651,0.81633,0.81635,223,3,0
2025-06-19 23:45:00,0.81635,0.81644,0.81605,0.81627,348,12,0
2025-06-20 00:00:00,0.81564,0.81579,0.81456,0.81573,99,202,0
2025-06-20 00:15:00,0.81573,0.81587,0.81466,0.81522,153,156,0
2025-06-20 00:30:00,0.81522,0.81572,0.81516,0.81539,134,166,0
2025-06-20 00:45:00,0.81539,0.81568,0.815,0.81515,166,203,0
2025-06-20 01:00:00,0.81515,0.81676,0.81499,0.81661,206,3,0
2025-06-20 01:15:00,0.81661,0.81687,0.81658,0.81686,144,3,0
2025-06-20 01:30:00,0.81686,0.81716,0.81682,0.81688,226,3,0
2025-06-20 01:45:00,0.81688,0.81703,0.81663,0.81687,259,3,0
2025-06-20 02:00:00,0.81687,0.81704,0.81678,0.8169,212,3,0
2025-06-20 02:15:00,0.8169,0.8169,0.81615,0.81638,216,3,0
2025-06-20 02:30:00,0.81638,0.81653,0.81611,0.81624,242,3,0
2025-06-20 02:45:00,0.81624,0.81647,0.8162,0.81642,346,3,0
2025-06-20 03:00:00,0.81642,0.81654,0.81589,0.81636,398,3,0
2025-06-20 03:15:00,0.81636,0.81673,0.81633,0.81659,298,3,0
2025-06-20 03:30:00,0.81659,0.81671,0.81614,0.81614,358,3,0
2025-06-20 03:45:00,0.81614,0.81619,0.81583,0.81595,532,3,0
2025-06-20 04:00:00,0.81595,0.81657,0.81583,0.81653,327,3,0
2025-06-20 04:15:00,0.81653,0.81672,0.81613,0.81629,481,3,0
2025-06-20 04:30:00,0.81629,0.81654,0.81614,0.81631,451,3,0
2025-06-20 04:45:00,0.81631,0.8164,0.81596,0.81637,606,3,0
2025-06-20 05:00:00,0.81637,0.81669,0.81607,0.81653,564,3,0
2025-06-20 05:15:00,0.81653,0.81694,0.81642,0.81691,296,3,0
2025-06-20 05:30:00,0.81687,0.81702,0.8165,0.81651,503,3,0
2025-06-20 05:45:00,0.81652,0.81703,0.81652,0.81692,539,3,0
2025-06-20 06:00:00,0.81692,0.81707,0.81607,0.8161,698,4,0
2025-06-20 06:15:00,0.81614,0.81662,0.81595,0.81634,694,3,0
2025-06-20 06:30:00,0.81634,0.81672,0.81623,0.81642,352,3,0
2025-06-20 06:45:00,0.81642,0.81669,0.81595,0.81612,347,3,0
2025-06-20 07:00:00,0.81612,0.81618,0.81557,0.81566,224,3,0
2025-06-20 07:15:00,0.81566,0.81614,0.81565,0.81608,286,3,0
2025-06-20 07:30:00,0.81608,0.81662,0.81584,0.81651,373,3,0
2025-06-20 07:45:00,0.81651,0.81678,0.81641,0.81667,278,3,0
2025-06-20 08:00:00,0.81667,0.8168,0.81607,0.81658,462,3,0
2025-06-20 08:15:00,0.81658,0.81691,0.81637,0.81681,480,3,0
2025-06-20 08:30:00,0.81681,0.81707,0.81614,0.81619,529,4,0
2025-06-20 08:45:00,0.81619,0.8162,0.81561,0.81599,693,3,0
2025-06-20 09:00:00,0.81599,0.81651,0.81595,0.81617,640,3,0
2025-06-20 09:15:00,0.81616,0.81628,0.81588,0.81603,506,3,0
2025-06-20 09:30:00,0.81603,0.81616,0.81563,0.81568,673,3,0
2025-06-20 09:45:00,0.81568,0.816,0.8152,0.81582,762,3,0
2025-06-20 10:00:00,0.81582,0.81612,0.81576,0.81588,648,3,0
2025-06-20 10:15:00,0.81588,0.81615,0.8157,0.81602,599,3,0
2025-06-20 10:30:00,0.81603,0.81663,0.81603,0.81644,629,3,0
2025-06-20 10:45:00,0.81644,0.81646,0.81606,0.81612,671,3,0
2025-06-20 11:00:00,0.81612,0.81638,0.81599,0.81624,704,3,0
2025-06-20 11:15:00,0.81624,0.81662,0.8162,0.81649,651,3,0
2025-06-20 11:30:00,0.81649,0.81658,0.81611,0.81613,567,3,0
2025-06-20 11:45:00,0.81613,0.81625,0.81575,0.81601,553,3,0
2025-06-20 12:00:00,0.81601,0.81628,0.81576,0.81598,594,3,0
2025-06-20 12:15:00,0.81598,0.81654,0.81593,0.81651,406,3,0
2025-06-20 12:30:00,0.81651,0.8167,0.81639,0.81668,436,3,0
2025-06-20 12:45:00,0.81668,0.81674,0.81645,0.81654,620,3,0
2025-06-20 13:00:00,0.81654,0.81674,0.81636,0.81644,443,3,0
2025-06-20 13:15:00,0.81644,0.81657,0.8162,0.81644,502,3,0
2025-06-20 13:30:00,0.81644,0.81658,0.8163,0.81638,546,3,0
2025-06-20 13:45:00,0.81638,0.81685,0.81629,0.81682,353,3,0
2025-06-20 14:00:00,0.81682,0.81731,0.81675,0.81729,520,3,0
2025-06-20 14:15:00,0.81729,0.81768,0.81716,0.81764,521,3,0
2025-06-20 14:30:00,0.81764,0.81796,0.81757,0.8178,461,3,0
2025-06-20 14:45:00,0.81781,0.81783,0.81672,0.81705,1213,4,0
2025-06-20 15:00:00,0.81705,0.81771,0.81701,0.81735,656,3,0
2025-06-20 15:15:00,0.81735,0.81766,0.81734,0.81751,599,3,0
2025-06-20 15:30:00,0.81751,0.81762,0.81632,0.81678,1376,4,0
2025-06-20 15:45:00,0.81678,0.81756,0.81677,0.81712,1137,3,0
2025-06-20 16:00:00,0.81711,0.81711,0.81654,0.81678,901,3,0
2025-06-20 16:15:00,0.81678,0.817,0.81674,0.81676,570,3,0
2025-06-20 16:30:00,0.81676,0.8181,0.81672,0.81778,962,3,0
2025-06-20 16:45:00,0.81779,0.81787,0.81699,0.81727,1024,3,0
2025-06-20 17:00:00,0.81728,0.81795,0.81719,0.81787,957,3,0
2025-06-20 17:15:00,0.81787,0.8183,0.81745,0.81756,874,3,0
2025-06-20 17:30:00,0.81756,0.81805,0.81756,0.81799,768,3,0
2025-06-20 17:45:00,0.81799,0.81831,0.8174,0.81773,1483,3,0
2025-06-20 18:00:00,0.81773,0.81774,0.81693,0.81718,1225,3,0
2025-06-20 18:15:00,0.81718,0.81718,0.81659,0.81704,512,3,0
2025-06-20 18:30:00,0.81705,0.81744,0.81689,0.81722,887,3,0
2025-06-20 18:45:00,0.81722,0.81758,0.81721,0.81754,542,3,0
2025-06-20 19:00:00,0.81754,0.81762,0.81709,0.81744,732,3,0
2025-06-20 19:15:00,0.81744,0.81745,0.81704,0.81716,513,3,0
2025-06-20 19:30:00,0.81715,0.81718,0.81665,0.81667,709,3,0
2025-06-20 19:45:00,0.81667,0.8169,0.81659,0.81667,673,3,0
2025-06-20 20:00:00,0.81667,0.81682,0.81653,0.81674,452,3,0
2025-06-20 20:15:00,0.81674,0.81674,0.81639,0.8166,455,3,0
2025-06-20 20:30:00,0.8166,0.8167,0.81626,0.81666,561,3,0
2025-06-20 20:45:00,0.81666,0.81694,0.81658,0.81688,398,3,0
2025-06-20 21:00:00,0.81688,0.81695,0.81664,0.81669,369,3,0
2025-06-20 21:15:00,0.81669,0.81679,0.81657,0.81665,374,3,0
2025-06-20 21:30:00,0.81665,0.81702,0.81665,0.81699,290,3,0
2025-06-20 21:45:00,0.81699,0.81723,0.81691,0.81718,340,3,0
2025-06-20 22:00:00,0.81718,0.81734,0.81699,0.81703,275,3,0
2025-06-20 22:15:00,0.81703,0.81718,0.81697,0.81698,246,3,0
2025-06-20 22:30:00,0.81698,0.81753,0.81694,0.81753,340,3,0
2025-06-20 22:45:00,0.81753,0.81817,0.81751,0.81807,499,3,0
2025-06-20 23:00:00,0.81809,0.81831,0.81777,0.81791,370,3,0
2025-06-20 23:15:00,0.81791,0.8183,0.81791,0.81825,343,3,0
2025-06-20 23:30:00,0.81825,0.81835,0.81806,0.81833,327,3,0
2025-06-20 23:45:00,0.81833,0.81835,0.81706,0.81725,232,12,0
2025-06-23 00:00:00,0.81635,0.81677,0.81616,0.81655,38,172,0
2025-06-23 00:15:00,0.81655,0.81663,0.81639,0.81659,33,164,0
2025-06-23 00:30:00,0.81659,0.8168,0.81616,0.81647,143,142,0
2025-06-23 00:45:00,0.81647,0.8169,0.8163,0.81651,114,112,0
2025-06-23 01:00:00,0.81651,0.81779,0.81634,0.81769,1326,3,0
2025-06-23 01:15:00,0.81769,0.81791,0.81705,0.81755,501,3,0
2025-06-23 01:30:00,0.81755,0.81865,0.8175,0.81815,566,3,0
2025-06-23 01:45:00,0.81815,0.81854,0.81812,0.81825,472,3,0
2025-06-23 02:00:00,0.81825,0.81853,0.81801,0.81817,400,3,0
2025-06-23 02:15:00,0.81817,0.81817,0.81771,0.81776,495,3,0
2025-06-23 02:30:00,0.81776,0.81785,0.81734,0.81761,744,3,0
2025-06-23 02:45:00,0.81762,0.81795,0.81754,0.8178,527,3,0
2025-06-23 03:00:00,0.8178,0.81871,0.81737,0.81869,1263,3,0
2025-06-23 03:15:00,0.81869,0.8193,0.81855,0.81909,1175,3,0
2025-06-23 03:30:00,0.81908,0.8195,0.81883,0.81908,1248,3,0
2025-06-23 03:45:00,0.81908,0.81921,0.81864,0.81865,1134,3,0
2025-06-23 04:00:00,0.81865,0.81903,0.81836,0.81867,1058,3,0
2025-06-23 04:15:00,0.81865,0.81945,0.81865,0.81937,865,3,0
2025-06-23 04:30:00,0.81937,0.81939,0.8186,0.81866,927,3,0
2025-06-23 04:45:00,0.81866,0.81884,0.81847,0.81864,898,3,0
2025-06-23 05:00:00,0.81864,0.8187,0.81789,0.81802,854,3,0
2025-06-23 05:15:00,0.81802,0.81804,0.81758,0.81762,776,3,0
2025-06-23 05:30:00,0.81762,0.81763,0.81716,0.81723,590,3,0
2025-06-23 05:45:00,0.81724,0.81765,0.81721,0.81763,451,3,0
2025-06-23 06:00:00,0.81763,0.81786,0.81738,0.81772,817,3,0
2025-06-23 06:15:00,0.81772,0.81799,0.81752,0.81753,796,3,0
2025-06-23 06:30:00,0.81753,0.81788,0.81738,0.81783,300,3,0
2025-06-23 06:45:00,0.81783,0.81803,0.81761,0.81772,331,3,0
2025-06-23 07:00:00,0.81772,0.81818,0.81761,0.81814,540,3,0
2025-06-23 07:15:00,0.81814,0.81827,0.81785,0.81814,771,3,0
2025-06-23 07:30:00,0.81814,0.81836,0.8178,0.81827,496,3,0
2025-06-23 07:45:00,0.81827,0.81836,0.81802,0.81817,493,3,0
2025-06-23 08:00:00,0.81817,0.81833,0.81789,0.81826,605,3,0
2025-06-23 08:15:00,0.81826,0.81829,0.81754,0.81776,546,3,0
2025-06-23 08:30:00,0.81776,0.81795,0.81748,0.81754,801,3,0
2025-06-23 08:45:00,0.81754,0.81755,0.8171,0.81723,705,3,0
2025-06-23 09:00:00,0.81723,0.81759,0.81666,0.81735,933,3,0
2025-06-23 09:15:00,0.81735,0.81757,0.81718,0.81751,871,3,0
2025-06-23 09:30:00,0.81751,0.81757,0.81708,0.81725,948,3,0
2025-06-23 09:45:00,0.81725,0.81734,0.81648,0.81656,855,3,0
2025-06-23 10:00:00,0.81656,0.81715,0.81585,0.81702,1249,3,0
2025-06-23 10:15:00,0.81702,0.8174,0.81661,0.81734,1160,3,0
2025-06-23 10:30:00,0.81734,0.81753,0.81674,0.81725,1050,3,0
2025-06-23 10:45:00,0.81726,0.81731,0.81615,0.81687,1197,3,0
2025-06-23 11:00:00,0.81687,0.81746,0.81655,0.81725,1109,3,0
2025-06-23 11:15:00,0.81725,0.8173,0.81669,0.81712,888,3,0
2025-06-23 11:30:00,0.81712,0.81754,0.81705,0.81751,716,3,0
2025-06-23 11:45:00,0.81753,0.81811,0.81749,0.81795,909,3,0
2025-06-23 12:00:00,0.81795,0.81912,0.81794,0.81865,1409,3,0
2025-06-23 12:15:00,0.81865,0.81911,0.8183,0.81894,1022,3,0
2025-06-23 12:30:00,0.81894,0.8191,0.81759,0.81777,1195,3,0
2025-06-23 12:45:00,0.81777,0.81816,0.81751,0.81816,698,3,0
2025-06-23 13:00:00,0.81816,0.81843,0.81786,0.81807,861,3,0
2025-06-23 13:15:00,0.81807,0.81861,0.81764,0.81852,725,3,0
2025-06-23 13:30:00,0.81852,0.81907,0.81833,0.81848,850,3,0
2025-06-23 13:45:00,0.81847,0.8187,0.81826,0.8186,752,3,0
2025-06-23 14:00:00,0.8186,0.81871,0.81776,0.81784,906,2,0
2025-06-23 14:15:00,0.81784,0.81878,0.81769,0.81872,780,3,0
2025-06-23 14:30:00,0.81872,0.81877,0.81803,0.81803,660,3,0
2025-06-23 14:45:00,0.81803,0.81836,0.81728,0.81759,1146,3,0
2025-06-23 15:00:00,0.81757,0.81871,0.81731,0.81867,1248,3,0
2025-06-23 15:15:00,0.81869,0.81901,0.8185,0.81897,958,3,0
2025-06-23 15:30:00,0.81897,0.81936,0.81843,0.81845,1039,3,0
2025-06-23 15:45:00,0.81845,0.81866,0.81798,0.81827,1013,3,0
2025-06-23 16:00:00,0.81827,0.81878,0.8182,0.81856,1123,3,0
2025-06-23 16:15:00,0.81856,0.81873,0.81809,0.81809,819,3,0
2025-06-23 16:30:00,0.81809,0.81831,0.81703,0.81703,1361,3,0
2025-06-23 16:45:00,0.81702,0.81757,0.8168,0.81731,1583,3,0
2025-06-23 17:00:00,0.81731,0.81754,0.81557,0.81576,2388,3,0
2025-06-23 17:15:00,0.81573,0.81593,0.81493,0.81564,1677,3,0
2025-06-23 17:30:00,0.81563,0.81587,0.81422,0.81428,1536,3,0
2025-06-23 17:45:00,0.81429,0.81448,0.81279,0.81371,1741,3,0
2025-06-23 18:00:00,0.81371,0.81406,0.81322,0.81361,1476,3,0
2025-06-23 18:15:00,0.81361,0.81362,0.81223,0.81258,1382,3,0
2025-06-23 18:30:00,0.81258,0.81284,0.81225,0.81282,1307,3,0
2025-06-23 18:45:00,0.81282,0.81344,0.81275,0.81332,1213,3,0
2025-06-23 19:00:00,0.81332,0.8135,0.81302,0.8135,1086,3,0
2025-06-23 19:15:00,0.8135,0.81368,0.81297,0.8133,954,3,0
2025-06-23 19:30:00,0.8133,0.81439,0.81303,0.81309,1689,3,0
2025-06-23 19:45:00,0.81307,0.81315,0.81255,0.8131,1579,3,0
2025-06-23 20:00:00,0.8131,0.81342,0.81292,0.81335,1147,3,0
2025-06-23 20:15:00,0.81335,0.81354,0.8124,0.81265,1175,3,0
2025-06-23 20:30:00,0.81265,0.81265,0.81203,0.81225,1311,3,0
2025-06-23 20:45:00,0.81225,0.8125,0.81195,0.81233,1119,3,0
2025-06-23 21:00:00,0.81233,0.81236,0.81175,0.81191,1149,3,0
2025-06-23 21:15:00,0.81191,0.81217,0.81156,0.81217,1036,3,0
2025-06-23 21:30:00,0.81215,0.81257,0.81204,0.81227,1004,3,0
2025-06-23 21:45:00,0.81227,0.81266,0.81207,0.81239,937,3,0
2025-06-23 22:00:00,0.81239,0.81247,0.8118,0.81189,552,3,0
2025-06-23 22:15:00,0.81189,0.81228,0.81188,0.8122,430,3,0
2025-06-23 22:30:00,0.8122,0.81229,0.81183,0.81195,446,3,0
2025-06-23 22:45:00,0.81195,0.8122,0.81181,0.81183,502,3,0
2025-06-23 23:00:00,0.81183,0.81191,0.81152,0.81185,260,3,0
2025-06-23 23:15:00,0.81185,0.81218,0.8118,0.81196,275,3,0
2025-06-23 23:30:00,0.81196,0.81257,0.81195,0.81249,312,3,0
2025-06-23 23:45:00,0.81249,0.81278,0.81247,0.81258,268,12,0
2025-06-24 00:00:00,0.81188,0.81188,0.8111,0.81118,66,164,0
2025-06-24 00:15:00,0.81118,0.8119,0.81093,0.81093,108,142,0
2025-06-24 00:30:00,0.81093,0.81121,0.81075,0.81121,359,234,0
2025-06-24 00:45:00,0.81121,0.81128,0.81089,0.81125,189,208,0
2025-06-24 01:00:00,0.81125,0.81255,0.81125,0.81205,284,3,0
2025-06-24 01:15:00,0.81205,0.81211,0.8118,0.81201,484,4,0
2025-06-24 01:30:00,0.81201,0.81241,0.81189,0.81241,410,3,0
2025-06-24 01:45:00,0.81241,0.81254,0.81225,0.8124,297,3,0
2025-06-24 02:00:00,0.8124,0.81276,0.81208,0.81232,339,3,0
2025-06-24 02:15:00,0.81233,0.81267,0.81169,0.81241,759,3,0
2025-06-24 02:30:00,0.81241,0.81275,0.81195,0.812,594,3,0
2025-06-24 02:45:00,0.812,0.81279,0.81195,0.8127,600,3,0
2025-06-24 03:00:00,0.8127,0.81308,0.8124,0.81258,703,4,0
2025-06-24 03:15:00,0.81258,0.81293,0.81245,0.81268,507,3,0
2025-06-24 03:30:00,0.81268,0.81268,0.81182,0.81182,510,3,0
2025-06-24 03:45:00,0.81182,0.81268,0.81156,0.81214,1198,3,0
2025-06-24 04:00:00,0.81214,0.81238,0.8116,0.81181,705,3,0
2025-06-24 04:15:00,0.81181,0.81235,0.81175,0.81233,490,3,0
2025-06-24 04:30:00,0.81233,0.81293,0.81221,0.81277,463,3,0
2025-06-24 04:45:00,0.81277,0.81302,0.81266,0.81297,460,3,0
2025-06-24 05:00:00,0.81297,0.81303,0.81255,0.81261,433,3,0
2025-06-24 05:15:00,0.81262,0.8129,0.81231,0.81234,414,3,0
2025-06-24 05:30:00,0.81234,0.81236,0.81205,0.81214,373,3,0
2025-06-24 05:45:00,0.81214,0.81225,0.8119,0.81207,254,3,0
2025-06-24 06:00:00,0.81207,0.81207,0.81168,0.81178,236,3,0
2025-06-24 06:15:00,0.81178,0.81197,0.81159,0.81163,281,3,0
2025-06-24 06:30:00,0.81163,0.81174,0.81133,0.81157,296,3,0
2025-06-24 06:45:00,0.81157,0.81172,0.81126,0.81165,246,3,0
2025-06-24 07:00:00,0.81165,0.81193,0.81154,0.81178,310,3,0
2025-06-24 07:15:00,0.81178,0.81188,0.81162,0.81168,217,3,0
2025-06-24 07:30:00,0.81168,0.81183,0.81157,0.81169,156,3,0
2025-06-24 07:45:00,0.81169,0.81185,0.8113,0.8118,296,3,0
2025-06-24 08:00:00,0.8118,0.81216,0.8118,0.81216,333,3,0
2025-06-24 08:15:00,0.81216,0.81217,0.81194,0.81215,215,3,0
2025-06-24 08:30:00,0.81215,0.81216,0.8117,0.81192,419,3,0
2025-06-24 08:45:00,0.81193,0.81204,0.81117,0.81118,525,4,0
2025-06-24 09:00:00,0.81118,0.81153,0.81063,0.8114,881,3,0
2025-06-24 09:15:00,0.8114,0.81143,0.81046,0.81111,917,3,0
2025-06-24 09:30:00,0.81111,0.81196,0.811,0.81134,1152,3,0
2025-06-24 09:45:00,0.81134,0.81183,0.81128,0.81166,1148,3,0
2025-06-24 10:00:00,0.81165,0.81202,0.8113,0.81151,1291,3,0
2025-06-24 10:15:00,0.81152,0.81187,0.81128,0.81156,1147,3,0
2025-06-24 10:30:00,0.81157,0.81245,0.81129,0.81182,1384,3,0
2025-06-24 10:45:00,0.81182,0.81258,0.81178,0.81182,1212,3,0
2025-06-24 11:00:00,0.81182,0.81209,0.81164,0.81174,1093,3,0
2025-06-24 11:15:00,0.81174,0.81195,0.81119,0.81155,1100,3,0
2025-06-24 11:30:00,0.81155,0.81186,0.81133,0.81156,945,3,0
2025-06-24 11:45:00,0.81156,0.81164,0.81115,0.81136,945,3,0
2025-06-24 12:00:00,0.81136,0.81142,0.81077,0.8108,781,3,0
2025-06-24 12:15:00,0.81082,0.81083,0.81013,0.81027,908,3,0
2025-06-24 12:30:00,0.81027,0.81048,0.80996,0.81001,871,3,0
2025-06-24 12:45:00,0.81001,0.8102,0.80977,0.8102,854,3,0
2025-06-24 13:00:00,0.8102,0.81077,0.8102,0.8105,784,3,0
2025-06-24 13:15:00,0.8105,0.81079,0.81042,0.81045,615,3,0
2025-06-24 13:30:00,0.81045,0.81077,0.81034,0.81068,541,3,0
2025-06-24 13:45:00,0.81068,0.81074,0.81003,0.81021,689,3,0
2025-06-24 14:00:00,0.81021,0.8103,0.8094,0.80949,621,3,0
2025-06-24 14:15:00,0.80949,0.80979,0.80921,0.80926,833,3,0
2025-06-24 14:30:00,0.80924,0.80925,0.8088,0.809,824,3,0
2025-06-24 14:45:00,0.80901,0.80919,0.80852,0.80855,877,3,0
2025-06-24 15:00:00,0.80858,0.8089,0.8085,0.80866,814,3,0
2025-06-24 15:15:00,0.80866,0.8091,0.80859,0.8091,779,3,0
2025-06-24 15:30:00,0.8091,0.80946,0.80797,0.80806,1439,3,0
2025-06-24 15:45:00,0.80807,0.80829,0.80788,0.80827,933,3,0
2025-06-24 16:00:00,0.80826,0.80878,0.80777,0.80858,998,4,0
2025-06-24 16:15:00,0.80858,0.80904,0.80827,0.80868,1249,4,0
2025-06-24 16:30:00,0.80868,0.80948,0.80838,0.80929,1410,3,0
2025-06-24 16:45:00,0.80929,0.80934,0.80808,0.80819,1249,3,0
2025-06-24 17:00:00,0.80819,0.80842,0.80585,0.8062,1586,3,0
2025-06-24 17:15:00,0.8062,0.80631,0.8041,0.80485,1967,4,0
2025-06-24 17:30:00,0.80485,0.80556,0.8041,0.80476,1746,4,0
2025-06-24 17:45:00,0.80476,0.80536,0.80444,0.8053,1472,3,0
2025-06-24 18:00:00,0.80531,0.80538,0.80396,0.80439,1374,3,0
2025-06-24 18:15:00,0.80439,0.80452,0.80398,0.80449,1010,3,0
2025-06-24 18:30:00,0.80449,0.80517,0.80429,0.80483,933,3,0
2025-06-24 18:45:00,0.80483,0.80501,0.80447,0.80498,977,3,0
2025-06-24 19:00:00,0.80497,0.80556,0.8048,0.80497,998,3,0
2025-06-24 19:15:00,0.80499,0.80569,0.80497,0.80517,826,3,0
2025-06-24 19:30:00,0.80517,0.80524,0.80437,0.80438,869,3,0
2025-06-24 19:45:00,0.80438,0.80463,0.80396,0.80415,765,3,0
2025-06-24 20:00:00,0.80415,0.8045,0.80396,0.80444,585,3,0
2025-06-24 20:15:00,0.80444,0.80447,0.80346,0.80411,699,3,0
2025-06-24 20:30:00,0.80411,0.8043,0.80397,0.80406,519,3,0
2025-06-24 20:45:00,0.80406,0.80451,0.80399,0.80427,714,3,0
2025-06-24 21:00:00,0.80427,0.80446,0.80398,0.80406,613,3,0
2025-06-24 21:15:00,0.80406,0.80441,0.80367,0.80425,710,3,0
2025-06-24 21:30:00,0.80425,0.80441,0.80411,0.80413,477,3,0
2025-06-24 21:45:00,0.80413,0.80441,0.80408,0.80438,666,3,0
2025-06-24 22:00:00,0.80438,0.80492,0.80426,0.80485,460,3,0
2025-06-24 22:15:00,0.80486,0.80488,0.80446,0.80479,330,3,0
2025-06-24 22:30:00,0.8048,0.80493,0.80472,0.80489,298,3,0
2025-06-24 22:45:00,0.80489,0.80522,0.80488,0.80516,337,3,0
2025-06-24 23:00:00,0.80516,0.80544,0.80514,0.80541,342,3,0
2025-06-24 23:15:00,0.80541,0.80547,0.80512,0.80514,238,3,0
2025-06-24 23:30:00,0.80514,0.80547,0.80507,0.80544,274,3,0
2025-06-24 23:45:00,0.80543,0.8055,0.80486,0.80489,227,12,0
2025-06-25 00:00:00,0.80501,0.80501,0.8042,0.80456,70,54,0
2025-06-25 00:15:00,0.80456,0.80465,0.80445,0.80451,76,138,0
2025-06-25 00:30:00,0.80451,0.8046,0.80444,0.80455,222,142,0
2025-06-25 00:45:00,0.80455,0.80462,0.80408,0.8043,834,140,0
2025-06-25 01:00:00,0.8043,0.80556,0.80418,0.8053,704,3,0
2025-06-25 01:15:00,0.8053,0.80568,0.8053,0.80538,281,3,0
2025-06-25 01:30:00,0.80538,0.80538,0.80512,0.80515,160,3,0
2025-06-25 01:45:00,0.80515,0.80538,0.80513,0.80524,118,3,0
2025-06-25 02:00:00,0.80524,0.80533,0.8051,0.8051,211,3,0
2025-06-25 02:15:00,0.8051,0.80516,0.8047,0.80485,266,3,0
2025-06-25 02:30:00,0.80485,0.80492,0.80467,0.80481,390,3,0
2025-06-25 02:45:00,0.80481,0.80524,0.80478,0.80518,551,4,0
2025-06-25 03:00:00,0.80518,0.80528,0.80453,0.80486,647,4,0
2025-06-25 03:15:00,0.80486,0.80496,0.80466,0.80469,663,3,0
2025-06-25 03:30:00,0.80469,0.80507,0.80464,0.80501,397,3,0
2025-06-25 03:45:00,0.80501,0.80506,0.80446,0.80457,382,3,0
2025-06-25 04:00:00,0.80457,0.80474,0.80426,0.80451,419,3,0
2025-06-25 04:15:00,0.80451,0.8051,0.80446,0.80508,399,3,0
2025-06-25 04:30:00,0.80508,0.80522,0.80463,0.80477,414,3,0
2025-06-25 04:45:00,0.80477,0.80489,0.8046,0.80462,295,3,0
2025-06-25 05:00:00,0.80462,0.8048,0.80447,0.8047,367,3,0
2025-06-25 05:15:00,0.8047,0.8051,0.80464,0.80504,380,3,0
2025-06-25 05:30:00,0.80504,0.80532,0.80503,0.80518,312,3,0
2025-06-25 05:45:00,0.80518,0.80534,0.80497,0.8051,326,3,0
2025-06-25 06:00:00,0.8051,0.80559,0.80507,0.80527,205,3,0
2025-06-25 06:15:00,0.80527,0.80529,0.80499,0.80509,214,3,0
2025-06-25 06:30:00,0.80509,0.80528,0.80503,0.80518,160,3,0
2025-06-25 06:45:00,0.80518,0.80562,0.80517,0.80558,156,3,0
2025-06-25 07:00:00,0.80558,0.8056,0.80535,0.80536,165,3,0
2025-06-25 07:15:00,0.80536,0.80536,0.80502,0.80515,160,3,0
2025-06-25 07:30:00,0.80515,0.80524,0.80501,0.80518,114,3,0
2025-06-25 07:45:00,0.80518,0.80525,0.80507,0.80512,148,3,0
2025-06-25 08:00:00,0.80512,0.8053,0.80512,0.80515,189,3,0
2025-06-25 08:15:00,0.80515,0.80548,0.80514,0.80543,279,3,0
2025-06-25 08:30:00,0.80543,0.80545,0.80451,0.80457,212,3,0
2025-06-25 08:45:00,0.80457,0.8049,0.80457,0.80475,289,3,0
2025-06-25 09:00:00,0.80475,0.80513,0.80461,0.805,459,3,0
2025-06-25 09:15:00,0.805,0.80503,0.80436,0.8045,545,3,0
2025-06-25 09:30:00,0.8045,0.8049,0.80449,0.8047,876,3,0
2025-06-25 09:45:00,0.80466,0.80567,0.80464,0.80552,990,3,0
2025-06-25 10:00:00,0.80553,0.80582,0.80502,0.80522,720,3,0
2025-06-25 10:15:00,0.80522,0.80523,0.80474,0.80489,535,3,0
2025-06-25 10:30:00,0.80489,0.8051,0.804,0.8044,750,3,0
2025-06-25 10:45:00,0.8044,0.80542,0.80428,0.80532,952,3,0
2025-06-25 11:00:00,0.80532,0.8054,0.80503,0.80517,814,3,0
2025-06-25 11:15:00,0.80517,0.80556,0.80515,0.80551,707,3,0
2025-06-25 11:30:00,0.80551,0.80587,0.80533,0.80537,712,3,0
2025-06-25 11:45:00,0.80538,0.8056,0.8051,0.80544,593,3,0
2025-06-25 12:00:00,0.80544,0.80661,0.80534,0.80645,719,3,0
2025-06-25 12:15:00,0.80645,0.80745,0.80644,0.80745,674,3,0
2025-06-25 12:30:00,0.80745,0.808,0.80702,0.80714,935,3,0
2025-06-25 12:45:00,0.80714,0.80721,0.80648,0.80653,1001,3,0
2025-06-25 13:00:00,0.80653,0.80664,0.80607,0.80625,719,3,0
2025-06-25 13:15:00,0.80625,0.80639,0.80593,0.80595,497,3,0
2025-06-25 13:30:00,0.80594,0.80666,0.8059,0.80617,621,3,0
2025-06-25 13:45:00,0.80617,0.80678,0.80615,0.80661,435,3,0
2025-06-25 14:00:00,0.80661,0.80669,0.80602,0.80608,403,3,0
2025-06-25 14:15:00,0.80608,0.80696,0.80599,0.80664,598,4,0
2025-06-25 14:30:00,0.80664,0.80687,0.80646,0.80677,532,3,0
2025-06-25 14:45:00,0.80677,0.80692,0.80636,0.80663,544,3,0
2025-06-25 15:00:00,0.80663,0.80716,0.80652,0.80657,632,3,0
2025-06-25 15:15:00,0.80657,0.80703,0.80643,0.80703,577,3,0
2025-06-25 15:30:00,0.80703,0.80722,0.80683,0.80717,698,3,0
2025-06-25 15:45:00,0.80717,0.80744,0.80701,0.80716,730,3,0
2025-06-25 16:00:00,0.80716,0.80747,0.80691,0.80691,569,3,0
2025-06-25 16:15:00,0.8069,0.80704,0.80623,0.80633,577,3,0
2025-06-25 16:30:00,0.80634,0.80677,0.80607,0.8065,787,3,0
2025-06-25 16:45:00,0.8065,0.80707,0.80644,0.80682,863,4,0
2025-06-25 17:00:00,0.80683,0.8069,0.80578,0.80646,942,3,0
2025-06-25 17:15:00,0.80646,0.80678,0.80575,0.80576,1014,4,0
2025-06-25 17:30:00,0.80576,0.80621,0.80571,0.80598,905,3,0
2025-06-25 17:45:00,0.80598,0.80617,0.80569,0.80586,1095,3,0
2025-06-25 18:00:00,0.80586,0.8063,0.80562,0.8059,917,3,0
2025-06-25 18:15:00,0.8059,0.80594,0.80555,0.80571,755,3,0
2025-06-25 18:30:00,0.80571,0.80582,0.80533,0.80554,630,3,0
2025-06-25 18:45:00,0.80554,0.80575,0.80543,0.80572,632,3,0
2025-06-25 19:00:00,0.80572,0.80572,0.80503,0.80517,658,3,0
2025-06-25 19:15:00,0.80517,0.80524,0.80476,0.80485,569,3,0
2025-06-25 19:30:00,0.80485,0.8053,0.80474,0.8052,502,3,0
2025-06-25 19:45:00,0.8052,0.80522,0.80504,0.80517,508,3,0
2025-06-25 20:00:00,0.80517,0.80575,0.80517,0.80572,552,3,0
2025-06-25 20:15:00,0.80572,0.80577,0.80525,0.80542,327,3,0
2025-06-25 20:30:00,0.80542,0.80555,0.80521,0.80522,702,3,0
2025-06-25 20:45:00,0.80522,0.80538,0.80498,0.80507,680,3,0
2025-06-25 21:00:00,0.80507,0.80511,0.80484,0.80508,750,3,0
2025-06-25 21:15:00,0.80508,0.80512,0.80466,0.80466,654,3,0
2025-06-25 21:30:00,0.80466,0.80467,0.80407,0.80432,741,3,0
2025-06-25 21:45:00,0.80432,0.80441,0.80404,0.80415,697,3,0
2025-06-25 22:00:00,0.80414,0.80419,0.80396,0.80398,384,3,0
2025-06-25 22:15:00,0.80398,0.80412,0.80395,0.804,380,3,0
2025-06-25 22:30:00,0.804,0.80428,0.80398,0.80418,327,3,0
2025-06-25 22:45:00,0.80418,0.80477,0.80414,0.80469,293,3,0
2025-06-25 23:00:00,0.80469,0.80503,0.80445,0.80488,344,3,0
2025-06-25 23:15:00,0.80488,0.80505,0.80468,0.805,252,3,0
2025-06-25 23:30:00,0.805,0.80502,0.80472,0.80482,200,3,0
2025-06-25 23:45:00,0.80482,0.80516,0.80449,0.80457,338,12,0
2025-06-26 00:00:00,0.80437,0.80437,0.80341,0.80418,55,59,0
2025-06-26 00:15:00,0.80418,0.80436,0.80405,0.80412,107,94,0
2025-06-26 00:30:00,0.80412,0.80418,0.80396,0.80414,107,152,0
2025-06-26 00:45:00,0.80414,0.80424,0.8038,0.80387,162,134,0
2025-06-26 01:00:00,0.80387,0.80448,0.80375,0.80437,207,48,0
2025-06-26 01:15:00,0.80437,0.80489,0.80435,0.80482,128,3,0
2025-06-26 01:30:00,0.80482,0.80482,0.80449,0.80453,174,3,0
2025-06-26 01:45:00,0.80453,0.80464,0.80453,0.80461,140,3,0
2025-06-26 02:00:00,0.80461,0.80464,0.80393,0.80407,557,3,0
2025-06-26 02:15:00,0.80405,0.80426,0.80402,0.80415,263,3,0
2025-06-26 02:30:00,0.80415,0.80415,0.80369,0.80378,294,3,0
2025-06-26 02:45:00,0.80378,0.80399,0.8037,0.80382,292,3,0
2025-06-26 03:00:00,0.80382,0.80382,0.80321,0.80349,390,3,0
2025-06-26 03:15:00,0.80349,0.80361,0.80333,0.80334,263,3,0
2025-06-26 03:30:00,0.80334,0.80358,0.80325,0.80346,314,3,0
2025-06-26 03:45:00,0.80346,0.80368,0.80339,0.80355,367,3,0
2025-06-26 04:00:00,0.80355,0.80373,0.80346,0.80371,355,3,0
2025-06-26 04:15:00,0.80372,0.80435,0.8037,0.804,466,4,0
2025-06-26 04:30:00,0.804,0.80409,0.80361,0.80387,292,3,0
2025-06-26 04:45:00,0.80387,0.80389,0.80345,0.80356,329,3,0
2025-06-26 05:00:00,0.80356,0.80388,0.80351,0.80379,282,3,0
2025-06-26 05:15:00,0.80379,0.80391,0.80352,0.80358,178,3,0
2025-06-26 05:30:00,0.80358,0.80377,0.80357,0.8036,258,3,0
2025-06-26 05:45:00,0.8036,0.8037,0.80327,0.80348,261,3,0
2025-06-26 06:00:00,0.80348,0.8035,0.80238,0.80312,719,4,0
2025-06-26 06:15:00,0.80312,0.80312,0.80253,0.80288,387,3,0
2025-06-26 06:30:00,0.80288,0.80339,0.80288,0.80318,313,3,0
2025-06-26 06:45:00,0.80318,0.80333,0.80315,0.80327,180,3,0
2025-06-26 07:00:00,0.80327,0.80388,0.80326,0.80375,325,3,0
2025-06-26 07:15:00,0.80375,0.8039,0.8036,0.80366,201,3,0
2025-06-26 07:30:00,0.80366,0.80368,0.8034,0.80352,216,3,0
2025-06-26 07:45:00,0.80351,0.80375,0.80349,0.80364,219,3,0
2025-06-26 08:00:00,0.80364,0.80413,0.80364,0.80383,304,3,0
2025-06-26 08:15:00,0.80383,0.80383,0.80351,0.80355,236,3,0
2025-06-26 08:30:00,0.80355,0.80399,0.80346,0.80388,248,3,0
2025-06-26 08:45:00,0.80388,0.80388,0.80322,0.80329,377,3,0
2025-06-26 09:00:00,0.80329,0.80402,0.80326,0.80369,679,3,0
2025-06-26 09:15:00,0.80369,0.80388,0.80339,0.80367,511,3,0
2025-06-26 09:30:00,0.80367,0.80372,0.80255,0.80261,848,3,0
2025-06-26 09:45:00,0.80261,0.80281,0.80217,0.80227,990,3,0
2025-06-26 10:00:00,0.80227,0.80245,0.80157,0.80158,1052,3,0
2025-06-26 10:15:00,0.80158,0.80185,0.80101,0.80151,1217,3,0
2025-06-26 10:30:00,0.80152,0.8019,0.80132,0.80132,888,3,0
2025-06-26 10:45:00,0.80132,0.8016,0.80101,0.80135,871,3,0
2025-06-26 11:00:00,0.80135,0.80176,0.80026,0.8003,1113,3,0
2025-06-26 11:15:00,0.8003,0.80057,0.79864,0.79925,1356,3,0
2025-06-26 11:30:00,0.79925,0.79932,0.79804,0.79908,1318,3,0
2025-06-26 11:45:00,0.79908,0.79976,0.79902,0.79951,1045,3,0
2025-06-26 12:00:00,0.79951,0.80015,0.79938,0.80014,870,3,0
2025-06-26 12:15:00,0.80014,0.80081,0.79998,0.80033,726,3,0
2025-06-26 12:30:00,0.80033,0.80037,0.79951,0.79995,731,3,0
2025-06-26 12:45:00,0.79995,0.8004,0.79988,0.80022,572,3,0
2025-06-26 13:00:00,0.80021,0.80051,0.79998,0.80048,783,3,0
2025-06-26 13:15:00,0.80047,0.80048,0.79976,0.79993,701,3,0
2025-06-26 13:30:00,0.79993,0.80066,0.7999,0.80052,638,3,0
2025-06-26 13:45:00,0.80052,0.8008,0.80032,0.80067,617,3,0
2025-06-26 14:00:00,0.80067,0.80106,0.80058,0.801,779,3,0
2025-06-26 14:15:00,0.80101,0.80207,0.80096,0.80178,970,3,0
2025-06-26 14:30:00,0.80178,0.80208,0.80141,0.80186,556,3,0
2025-06-26 14:45:00,0.80186,0.80213,0.80159,0.80184,813,3,0
2025-06-26 15:00:00,0.80184,0.80203,0.8015,0.80179,801,3,0
2025-06-26 15:15:00,0.80179,0.80179,0.79996,0.79997,949,3,0
2025-06-26 15:30:00,0.80001,0.80165,0.79973,0.7998,1958,3,0
2025-06-26 15:45:00,0.7998,0.8005,0.79969,0.80019,1412,3,0
2025-06-26 16:00:00,0.80019,0.80122,0.79996,0.80048,1519,3,0
2025-06-26 16:15:00,0.80048,0.80082,0.79875,0.79883,1237,3,0
2025-06-26 16:30:00,0.79883,0.79961,0.7987,0.79896,1217,3,0
2025-06-26 16:45:00,0.79896,0.79949,0.79846,0.79926,1244,3,0
2025-06-26 17:00:00,0.79927,0.80029,0.79924,0.79955,1062,3,0
2025-06-26 17:15:00,0.79955,0.80042,0.79931,0.80031,1286,3,0
2025-06-26 17:30:00,0.80032,0.80036,0.79959,0.79976,1205,3,0
2025-06-26 17:45:00,0.79976,0.80003,0.79924,0.79983,1580,3,0
2025-06-26 18:00:00,0.79983,0.80077,0.79977,0.80032,1412,3,0
2025-06-26 18:15:00,0.80032,0.80055,0.80008,0.8005,1011,3,0
2025-06-26 18:30:00,0.8005,0.8005,0.79946,0.79948,842,3,0
2025-06-26 18:45:00,0.79948,0.79982,0.79901,0.79902,729,3,0
2025-06-26 19:00:00,0.79902,0.79922,0.79879,0.7989,629,3,0
2025-06-26 19:15:00,0.7989,0.79944,0.79853,0.79855,901,3,0
2025-06-26 19:30:00,0.79855,0.79861,0.79782,0.79796,769,3,0
2025-06-26 19:45:00,0.79795,0.79896,0.79795,0.79896,754,3,0
2025-06-26 20:00:00,0.79896,0.7992,0.79863,0.79903,920,3,0
2025-06-26 20:15:00,0.79903,0.79931,0.79891,0.79905,896,3,0
2025-06-26 20:30:00,0.79905,0.79939,0.79885,0.79901,699,3,0
2025-06-26 20:45:00,0.79901,0.79929,0.79895,0.79918,640,3,0
2025-06-26 21:00:00,0.79918,0.79929,0.79899,0.7991,539,3,0
2025-06-26 21:15:00,0.7991,0.79954,0.79905,0.79942,435,3,0
2025-06-26 21:30:00,0.79942,0.79961,0.79924,0.79933,359,3,0
2025-06-26 21:45:00,0.79933,0.79951,0.79902,0.7991,364,3,0
2025-06-26 22:00:00,0.7991,0.79997,0.79907,0.79977,350,3,0
2025-06-26 22:15:00,0.79977,0.80009,0.79962,0.79971,364,3,0
2025-06-26 22:30:00,0.79971,0.79971,0.7994,0.79951,389,3,0
2025-06-26 22:45:00,0.79951,0.79999,0.79951,0.79989,551,3,0
2025-06-26 23:00:00,0.79989,0.80037,0.79961,0.80021,411,3,0
2025-06-26 23:15:00,0.80021,0.80056,0.8002,0.80036,310,3,0
2025-06-26 23:30:00,0.80036,0.80039,0.80014,0.80016,293,3,0
2025-06-26 23:45:00,0.80016,0.80041,0.79967,0.79967,478,12,0
2025-06-27 00:00:00,0.79923,0.79923,0.79792,0.79892,35,181,0
2025-06-27 00:15:00,0.79892,0.79923,0.79892,0.79923,34,180,0
2025-06-27 00:30:00,0.79923,0.79969,0.79865,0.79889,179,118,0
2025-06-27 00:45:00,0.79889,0.79909,0.79864,0.79888,219,170,0
2025-06-27 01:00:00,0.79888,0.80088,0.79868,0.80062,197,3,0
2025-06-27 01:15:00,0.80062,0.80082,0.80058,0.80068,126,3,0
2025-06-27 01:30:00,0.80068,0.80146,0.80067,0.80142,143,3,0
2025-06-27 01:45:00,0.80142,0.80146,0.80132,0.80139,88,3,0
2025-06-27 02:00:00,0.80139,0.80139,0.80086,0.80091,354,3,0
2025-06-27 02:15:00,0.80091,0.80094,0.80065,0.80084,206,3,0
2025-06-27 02:30:00,0.80084,0.80113,0.80049,0.80057,436,3,0
2025-06-27 02:45:00,0.80057,0.80104,0.80047,0.80085,383,3,0
2025-06-27 03:00:00,0.80081,0.80101,0.80063,0.80071,565,3,0
2025-06-27 03:15:00,0.80071,0.80143,0.80068,0.80126,442,3,0
2025-06-27 03:30:00,0.80126,0.80154,0.80111,0.80115,536,3,0
2025-06-27 03:45:00,0.80115,0.80132,0.80079,0.80116,447,3,0
2025-06-27 04:00:00,0.80116,0.80132,0.80093,0.80124,328,3,0
2025-06-27 04:15:00,0.80124,0.80134,0.80087,0.80106,453,3,0
2025-06-27 04:30:00,0.80106,0.80153,0.80097,0.80112,428,3,0
2025-06-27 04:45:00,0.80112,0.80113,0.80036,0.80058,482,3,0
2025-06-27 05:00:00,0.80058,0.80075,0.80035,0.80046,309,3,0
2025-06-27 05:15:00,0.80046,0.80075,0.80027,0.80068,242,3,0
2025-06-27 05:30:00,0.80068,0.80095,0.80059,0.80068,325,3,0
2025-06-27 05:45:00,0.80068,0.80088,0.8005,0.8007,305,3,0
2025-06-27 06:00:00,0.8007,0.80081,0.8004,0.80046,267,3,0
2025-06-27 06:15:00,0.80046,0.80056,0.80004,0.80017,243,3,0
2025-06-27 06:30:00,0.80017,0.80046,0.80015,0.80041,198,3,0
2025-06-27 06:45:00,0.80041,0.80082,0.80026,0.80069,388,3,0
2025-06-27 07:00:00,0.80069,0.80095,0.80061,0.80084,280,3,0
2025-06-27 07:15:00,0.80084,0.80104,0.80078,0.80103,185,3,0
2025-06-27 07:30:00,0.80103,0.80124,0.80097,0.80119,218,3,0
2025-06-27 07:45:00,0.80119,0.80136,0.80111,0.80135,195,3,0
2025-06-27 08:00:00,0.80135,0.80145,0.80112,0.80125,182,3,0
2025-06-27 08:15:00,0.80125,0.80161,0.80122,0.80129,201,4,0
2025-06-27 08:30:00,0.80129,0.80171,0.80118,0.80141,338,4,0
2025-06-27 08:45:00,0.80141,0.80145,0.80103,0.80104,370,3,0
2025-06-27 09:00:00,0.80104,0.80178,0.80098,0.8013,504,3,0
2025-06-27 09:15:00,0.8013,0.8013,0.80034,0.80043,562,3,0
2025-06-27 09:30:00,0.80043,0.80056,0.80013,0.80028,651,3,0
2025-06-27 09:45:00,0.80029,0.80029,0.79955,0.79967,1050,3,0
2025-06-27 10:00:00,0.79967,0.79975,0.79906,0.79933,1017,3,0
2025-06-27 10:15:00,0.79933,0.80058,0.79932,0.80037,861,3,0
2025-06-27 10:30:00,0.80037,0.80044,0.7996,0.79989,771,3,0
2025-06-27 10:45:00,0.79989,0.80003,0.79941,0.79941,631,3,0
2025-06-27 11:00:00,0.79941,0.79954,0.79879,0.79908,586,3,0
2025-06-27 11:15:00,0.79908,0.79915,0.79855,0.79884,863,3,0
2025-06-27 11:30:00,0.79884,0.79913,0.79817,0.79817,785,3,0
2025-06-27 11:45:00,0.79817,0.7985,0.79779,0.79839,656,3,0
2025-06-27 12:00:00,0.79837,0.79887,0.79822,0.79825,642,3,0
2025-06-27 12:15:00,0.79825,0.79839,0.79782,0.79804,629,3,0
2025-06-27 12:30:00,0.79804,0.79842,0.79786,0.79836,500,3,0
2025-06-27 12:45:00,0.79836,0.79845,0.79802,0.7983,733,3,0
2025-06-27 13:00:00,0.7983,0.79831,0.79792,0.79798,787,3,0
2025-06-27 13:15:00,0.79798,0.79857,0.7979,0.79842,543,3,0
2025-06-27 13:30:00,0.79842,0.79862,0.79818,0.79855,533,3,0
2025-06-27 13:45:00,0.79855,0.79865,0.79823,0.79842,766,3,0
2025-06-27 14:00:00,0.79842,0.7985,0.79806,0.79828,436,3,0
2025-06-27 14:15:00,0.79828,0.79881,0.79795,0.79848,605,3,0
2025-06-27 14:30:00,0.79848,0.79894,0.79825,0.79872,647,3,0
2025-06-27 14:45:00,0.79872,0.79921,0.79868,0.79878,685,3,0
2025-06-27 15:00:00,0.79878,0.79964,0.79877,0.7989,855,3,0
2025-06-27 15:15:00,0.7989,0.79931,0.7984,0.79842,856,3,0
2025-06-27 15:30:00,0.79842,0.79872,0.79664,0.79736,1938,3,0
2025-06-27 15:45:00,0.79736,0.79751,0.79606,0.79635,1376,3,0
2025-06-27 16:00:00,0.79635,0.79804,0.79575,0.79799,1609,3,0
2025-06-27 16:15:00,0.79799,0.7986,0.79726,0.79857,1322,3,0
2025-06-27 16:30:00,0.79857,0.79988,0.79844,0.79889,1474,3,0
2025-06-27 16:45:00,0.79889,0.79905,0.79859,0.79884,986,3,0
2025-06-27 17:00:00,0.79884,0.79936,0.79847,0.79904,1171,3,0
2025-06-27 17:15:00,0.79904,0.80023,0.7987,0.80022,1170,3,0
2025-06-27 17:30:00,0.80022,0.80045,0.7998,0.80037,1307,3,0
2025-06-27 17:45:00,0.80037,0.80077,0.79944,0.79958,1653,3,0
2025-06-27 18:00:00,0.79958,0.79968,0.79911,0.79922,1224,3,0
2025-06-27 18:15:00,0.79922,0.79929,0.79861,0.79899,569,3,0
2025-06-27 18:30:00,0.79899,0.79907,0.79825,0.79829,923,3,0
2025-06-27 18:45:00,0.79828,0.79894,0.79817,0.79894,680,3,0
2025-06-27 19:00:00,0.79894,0.79913,0.79871,0.79879,697,3,0
2025-06-27 19:15:00,0.79879,0.79916,0.7987,0.7987,786,3,0
2025-06-27 19:30:00,0.79869,0.79888,0.79857,0.79882,680,3,0
2025-06-27 19:45:00,0.79882,0.79938,0.7987,0.79927,761,3,0
2025-06-27 20:00:00,0.79925,0.7998,0.79918,0.79976,548,3,0
2025-06-27 20:15:00,0.79976,0.80035,0.7997,0.79997,611,3,0
2025-06-27 20:30:00,0.79998,0.80029,0.79987,0.8001,782,3,0
2025-06-27 20:45:00,0.8001,0.80044,0.79991,0.80008,1721,3,0
2025-06-27 21:00:00,0.80008,0.8003,0.79975,0.7998,1109,3,0
2025-06-27 21:15:00,0.7998,0.80017,0.79968,0.80006,755,3,0
2025-06-27 21:30:00,0.80006,0.80071,0.80006,0.80021,630,3,0
2025-06-27 21:45:00,0.80021,0.80022,0.79954,0.79977,481,3,0
2025-06-27 22:00:00,0.79977,0.7999,0.79955,0.79964,379,3,0
2025-06-27 22:15:00,0.79964,0.79987,0.79947,0.79949,263,3,0
2025-06-27 22:30:00,0.79949,0.79988,0.79939,0.79981,344,3,0
2025-06-27 22:45:00,0.79981,0.79992,0.79957,0.79977,709,3,0
2025-06-27 23:00:00,0.79977,0.7998,0.79941,0.79959,405,3,0
2025-06-27 23:15:00,0.79959,0.79959,0.79925,0.79941,288,3,0
2025-06-27 23:30:00,0.79941,0.79943,0.79907,0.79911,186,3,0
2025-06-27 23:45:00,0.79911,0.79921,0.79808,0.79815,167,12,0
2025-06-30 00:00:00,0.79791,0.79841,0.7979,0.79841,42,61,0
2025-06-30 00:15:00,0.79841,0.79841,0.79833,0.79833,18,108,0
2025-06-30 00:30:00,0.79833,0.79834,0.79833,0.79833,17,109,0
2025-06-30 00:45:00,0.79833,0.79837,0.79825,0.79827,31,104,0
2025-06-30 01:00:00,0.79827,0.7988,0.79806,0.7987,306,3,0
2025-06-30 01:15:00,0.7987,0.79922,0.7985,0.7992,1316,3,0
2025-06-30 01:30:00,0.79922,0.79922,0.79859,0.79874,808,3,0
2025-06-30 01:45:00,0.79874,0.79881,0.79849,0.7986,163,3,0
2025-06-30 02:00:00,0.7986,0.79868,0.7983,0.79836,166,3,0
2025-06-30 02:15:00,0.79836,0.79848,0.79816,0.79847,247,3,0
2025-06-30 02:30:00,0.79847,0.79855,0.79837,0.79843,156,3,0
2025-06-30 02:45:00,0.79843,0.79849,0.79827,0.79833,310,3,0
2025-06-30 03:00:00,0.79833,0.79888,0.79822,0.79872,585,3,0
2025-06-30 03:15:00,0.79876,0.79893,0.79865,0.79872,587,3,0
2025-06-30 03:30:00,0.79872,0.79932,0.79872,0.79921,511,3,0
2025-06-30 03:45:00,0.79921,0.79944,0.79886,0.79903,692,3,0
2025-06-30 04:00:00,0.79903,0.79934,0.79889,0.79904,302,3,0
2025-06-30 04:15:00,0.79904,0.79911,0.79841,0.79849,734,3,0
2025-06-30 04:30:00,0.79849,0.79861,0.79815,0.7983,576,3,0
2025-06-30 04:45:00,0.7983,0.79873,0.7982,0.79868,600,3,0
2025-06-30 05:00:00,0.79868,0.79879,0.79841,0.79861,755,3,0
2025-06-30 05:15:00,0.79861,0.79869,0.79823,0.79829,567,3,0
2025-06-30 05:30:00,0.79829,0.79864,0.79822,0.79861,539,3,0
2025-06-30 05:45:00,0.79863,0.79888,0.79848,0.79885,516,3,0
2025-06-30 06:00:00,0.79885,0.79907,0.79882,0.79895,518,3,0
2025-06-30 06:15:00,0.79895,0.7991,0.79883,0.79901,754,3,0
2025-06-30 06:30:00,0.79901,0.79934,0.79894,0.79928,604,3,0
2025-06-30 06:45:00,0.79928,0.7993,0.7991,0.79928,504,3,0
2025-06-30 07:00:00,0.79928,0.7993,0.79892,0.79904,482,3,0
2025-06-30 07:15:00,0.79904,0.79915,0.79899,0.79908,313,3,0
2025-06-30 07:30:00,0.79908,0.7991,0.79875,0.79882,400,3,0
2025-06-30 07:45:00,0.79882,0.79897,0.79829,0.79834,396,3,0
2025-06-30 08:00:00,0.79834,0.79835,0.79761,0.79771,615,4,0
2025-06-30 08:15:00,0.79771,0.79772,0.79727,0.79748,425,3,0
2025-06-30 08:30:00,0.79748,0.79769,0.79734,0.79758,430,4,0
2025-06-30 08:45:00,0.79758,0.79826,0.79748,0.79821,502,3,0
2025-06-30 09:00:00,0.79821,0.79861,0.79818,0.79843,849,3,0
2025-06-30 09:15:00,0.79844,0.7987,0.79818,0.79834,806,3,0
2025-06-30 09:30:00,0.79834,0.79844,0.79755,0.7976,963,3,0
2025-06-30 09:45:00,0.7976,0.79804,0.79728,0.79772,742,3,0
2025-06-30 10:00:00,0.79772,0.79815,0.79742,0.79778,977,3,0
2025-06-30 10:15:00,0.79778,0.79815,0.79737,0.79814,1088,3,0
2025-06-30 10:30:00,0.79814,0.79863,0.79732,0.79859,923,3,0
2025-06-30 10:45:00,0.79859,0.79929,0.79859,0.79905,810,3,0
2025-06-30 11:00:00,0.79904,0.79936,0.79852,0.7989,1175,3,0
2025-06-30 11:15:00,0.7989,0.79906,0.7985,0.79875,875,3,0
2025-06-30 11:30:00,0.79875,0.79888,0.7978,0.79792,667,3,0
2025-06-30 11:45:00,0.79792,0.79845,0.79749,0.7976,871,3,0
2025-06-30 12:00:00,0.79759,0.79785,0.7974,0.7975,845,3,0
2025-06-30 12:15:00,0.7975,0.79755,0.79656,0.79686,800,3,0
2025-06-30 12:30:00,0.79686,0.79723,0.79649,0.79688,830,3,0
2025-06-30 12:45:00,0.79688,0.79752,0.79687,0.79745,661,3,0
2025-06-30 13:00:00,0.79745,0.79786,0.79724,0.79725,555,3,0
2025-06-30 13:15:00,0.79725,0.79765,0.797,0.79702,649,3,0
2025-06-30 13:30:00,0.79702,0.79728,0.79689,0.79713,479,3,0
2025-06-30 13:45:00,0.79713,0.79721,0.79689,0.79693,513,3,0
2025-06-30 14:00:00,0.79693,0.79702,0.79669,0.79702,600,3,0
2025-06-30 14:15:00,0.79702,0.79716,0.79671,0.79674,600,3,0
2025-06-30 14:30:00,0.79674,0.79721,0.79625,0.7972,693,3,0
2025-06-30 14:45:00,0.7972,0.79733,0.7966,0.79732,678,3,0
2025-06-30 15:00:00,0.79732,0.79762,0.79711,0.79744,508,3,0
2025-06-30 15:15:00,0.79744,0.79788,0.79744,0.79764,675,3,0
2025-06-30 15:30:00,0.79764,0.79819,0.79761,0.79804,603,3,0
2025-06-30 15:45:00,0.79803,0.79828,0.79781,0.79806,647,1,0
2025-06-30 16:00:00,0.79806,0.79826,0.79779,0.79784,586,3,0
2025-06-30 16:15:00,0.79784,0.79817,0.79768,0.79782,683,3,0
2025-06-30 16:30:00,0.79782,0.79793,0.79733,0.79744,546,3,0
2025-06-30 16:45:00,0.79744,0.79781,0.79727,0.79728,1066,3,0
2025-06-30 17:00:00,0.79727,0.79806,0.79673,0.79692,1525,4,0
2025-06-30 17:15:00,0.79692,0.79708,0.79607,0.79633,1003,3,0
2025-06-30 17:30:00,0.79633,0.79634,0.79505,0.79593,1328,3,0
2025-06-30 17:45:00,0.79593,0.79743,0.79569,0.79599,2131,4,0
2025-06-30 18:00:00,0.79599,0.79626,0.79471,0.79479,1689,3,0
2025-06-30 18:15:00,0.79479,0.79553,0.79457,0.79529,948,3,0
2025-06-30 18:30:00,0.79529,0.79551,0.79454,0.79476,1043,3,0
2025-06-30 18:45:00,0.79476,0.79493,0.79383,0.79389,1186,3,0
2025-06-30 19:00:00,0.79389,0.79495,0.79381,0.79463,1004,3,0
2025-06-30 19:15:00,0.79463,0.79526,0.79431,0.79496,774,3,0
2025-06-30 19:30:00,0.79497,0.79536,0.79455,0.79462,779,3,0
2025-06-30 19:45:00,0.79462,0.79482,0.79412,0.79417,728,3,0
2025-06-30 20:00:00,0.79417,0.79418,0.79362,0.79395,945,3,0
2025-06-30 20:15:00,0.79395,0.79395,0.79312,0.7934,690,3,0
2025-06-30 20:30:00,0.7934,0.79401,0.79336,0.7938,684,3,0
2025-06-30 20:45:00,0.7938,0.79397,0.79346,0.79366,800,3,0
2025-06-30 21:00:00,0.79366,0.79369,0.79325,0.79346,675,3,0
2025-06-30 21:15:00,0.79346,0.79352,0.79304,0.7933,793,3,0
2025-06-30 21:30:00,0.7933,0.7933,0.79303,0.79321,679,3,0
2025-06-30 21:45:00,0.79321,0.79342,0.79319,0.79335,657,3,0
2025-06-30 22:00:00,0.79335,0.79356,0.79316,0.79331,351,3,0
2025-06-30 22:15:00,0.79331,0.79364,0.79326,0.79349,233,3,0
2025-06-30 22:30:00,0.79349,0.79369,0.79341,0.79351,255,3,0
2025-06-30 22:45:00,0.79351,0.79368,0.79328,0.79338,484,3,0
2025-06-30 23:00:00,0.79338,0.79348,0.79304,0.79305,378,3,0
2025-06-30 23:15:00,0.79305,0.7931,0.79295,0.793,202,3,0
2025-06-30 23:30:00,0.793,0.79314,0.79293,0.79297,229,3,0
2025-06-30 23:45:00,0.79297,0.79318,0.79292,0.79306,345,12,0
2025-07-01 00:00:00,0.79295,0.79302,0.79279,0.79299,65,30,0
2025-07-01 00:15:00,0.79299,0.79299,0.79279,0.79296,25,76,0
2025-07-01 00:30:00,0.79296,0.79323,0.7928,0.79282,78,61,0
2025-07-01 00:45:00,0.79282,0.79294,0.79282,0.79292,43,61,0
2025-07-01 01:00:00,0.79292,0.79342,0.79267,0.79308,181,3,0
2025-07-01 01:15:00,0.79308,0.79311,0.79275,0.79284,167,3,0
2025-07-01 01:30:00,0.79283,0.79311,0.79275,0.79303,92,3,0
2025-07-01 01:45:00,0.79303,0.79312,0.79287,0.79305,85,3,0
2025-07-01 02:00:00,0.79305,0.79312,0.79295,0.79302,92,3,0
2025-07-01 02:15:00,0.79302,0.79313,0.79295,0.79303,104,3,0
2025-07-01 02:30:00,0.79303,0.79318,0.79292,0.79311,164,3,0
2025-07-01 02:45:00,0.79311,0.79318,0.79275,0.79283,208,3,0
2025-07-01 03:00:00,0.79283,0.79283,0.79188,0.79189,519,4,0
2025-07-01 03:15:00,0.79189,0.79232,0.79189,0.79224,384,3,0
2025-07-01 03:30:00,0.79223,0.79239,0.79192,0.79235,385,3,0
2025-07-01 03:45:00,0.79235,0.79242,0.79188,0.79191,289,3,0
2025-07-01 04:00:00,0.79191,0.79241,0.7919,0.79223,384,3,0
2025-07-01 04:15:00,0.79223,0.79224,0.79149,0.79207,485,3,0
2025-07-01 04:30:00,0.79207,0.79277,0.79207,0.79246,266,3,0
2025-07-01 04:45:00,0.79246,0.79297,0.79245,0.79294,363,3,0
2025-07-01 05:00:00,0.79294,0.79308,0.79268,0.79281,303,3,0
2025-07-01 05:15:00,0.79281,0.79282,0.79259,0.79268,273,3,0
2025-07-01 05:30:00,0.79268,0.79268,0.79239,0.79255,231,3,0
2025-07-01 05:45:00,0.79255,0.79268,0.79235,0.79253,226,3,0
2025-07-01 06:00:00,0.79253,0.79257,0.79217,0.79221,328,3,0
2025-07-01 06:15:00,0.79221,0.79224,0.79189,0.79213,191,3,0
2025-07-01 06:30:00,0.79213,0.79248,0.79209,0.79214,215,3,0
2025-07-01 06:45:00,0.79214,0.79253,0.79205,0.7923,194,3,0
2025-07-01 07:00:00,0.7923,0.79235,0.79193,0.79197,282,3,0
2025-07-01 07:15:00,0.79197,0.79241,0.79178,0.79231,156,3,0
2025-07-01 07:30:00,0.79231,0.79271,0.79231,0.7925,251,3,0
2025-07-01 07:45:00,0.7925,0.79263,0.79235,0.79246,172,3,0
2025-07-01 08:00:00,0.79246,0.79246,0.79217,0.79223,232,3,0
2025-07-01 08:15:00,0.79223,0.79236,0.79194,0.79203,168,3,0
2025-07-01 08:30:00,0.79203,0.79228,0.79187,0.79219,271,3,0
2025-07-01 08:45:00,0.79219,0.79245,0.79193,0.79199,368,3,0
2025-07-01 09:00:00,0.79199,0.79231,0.79192,0.79218,557,3,0
2025-07-01 09:15:00,0.79218,0.79229,0.79194,0.79197,557,3,0
2025-07-01 09:30:00,0.79197,0.79239,0.79185,0.79185,810,3,0
2025-07-01 09:45:00,0.79185,0.79211,0.79167,0.79205,710,3,0
2025-07-01 10:00:00,0.79205,0.7928,0.79096,0.79097,1059,3,0
2025-07-01 10:15:00,0.79097,0.79145,0.79078,0.7912,938,3,0
2025-07-01 10:30:00,0.7912,0.79135,0.7905,0.79069,803,3,0
2025-07-01 10:45:00,0.79069,0.79091,0.79033,0.7904,745,3,0
2025-07-01 11:00:00,0.7904,0.79086,0.79033,0.79083,933,3,0
2025-07-01 11:15:00,0.79084,0.79097,0.78979,0.78986,1172,3,0
2025-07-01 11:30:00,0.78986,0.79037,0.78951,0.79031,1005,3,0
2025-07-01 11:45:00,0.79031,0.79068,0.78887,0.78971,1267,3,0
2025-07-01 12:00:00,0.78972,0.78992,0.78931,0.78936,1029,3,0
2025-07-01 12:15:00,0.78936,0.78938,0.78834,0.78841,1235,3,0
2025-07-01 12:30:00,0.7884,0.7884,0.78748,0.78814,1322,3,0
2025-07-01 12:45:00,0.78813,0.78836,0.78761,0.78815,1217,3,0
2025-07-01 13:00:00,0.78815,0.78816,0.78721,0.78766,917,3,0
2025-07-01 13:15:00,0.78766,0.78841,0.78761,0.78812,828,3,0
2025-07-01 13:30:00,0.78812,0.78865,0.78785,0.78848,876,3,0
2025-07-01 13:45:00,0.78848,0.78867,0.78807,0.78866,619,3,0
2025-07-01 14:00:00,0.78866,0.78884,0.78814,0.78855,692,3,0
2025-07-01 14:15:00,0.78855,0.78898,0.78849,0.78888,811,3,0
2025-07-01 14:30:00,0.78888,0.78919,0.78864,0.78875,904,3,0
2025-07-01 14:45:00,0.78875,0.78907,0.78824,0.78842,821,3,0
2025-07-01 15:00:00,0.78843,0.78955,0.78841,0.78929,876,4,0
2025-07-01 15:15:00,0.78929,0.78979,0.78915,0.78973,848,3,0
2025-07-01 15:30:00,0.78973,0.79015,0.78967,0.78997,942,3,0
2025-07-01 15:45:00,0.78997,0.79025,0.78968,0.79015,783,3,0
2025-07-01 16:00:00,0.79015,0.7903,0.78967,0.79022,891,3,0
2025-07-01 16:15:00,0.79022,0.79049,0.79003,0.79021,750,3,0
2025-07-01 16:30:00,0.79021,0.79061,0.78923,0.7894,927,3,0
2025-07-01 16:45:00,0.7894,0.79014,0.78876,0.78932,1534,4,0
2025-07-01 17:00:00,0.78928,0.79126,0.78903,0.79066,2104,4,0
2025-07-01 17:15:00,0.79066,0.79096,0.78959,0.79003,1417,3,0
2025-07-01 17:30:00,0.79003,0.79074,0.78973,0.79019,1351,3,0
2025-07-01 17:45:00,0.79019,0.79268,0.7899,0.79171,2271,3,0
2025-07-01 18:00:00,0.79172,0.79274,0.79167,0.79251,1544,3,0
2025-07-01 18:15:00,0.7925,0.79291,0.7921,0.79245,1031,3,0
2025-07-01 18:30:00,0.79246,0.79294,0.79184,0.79293,1417,3,0
2025-07-01 18:45:00,0.79293,0.79357,0.79276,0.79291,1030,3,0
2025-07-01 19:00:00,0.79291,0.79438,0.79288,0.79345,1236,3,0
2025-07-01 19:15:00,0.79345,0.79377,0.7933,0.79351,905,3,0
2025-07-01 19:30:00,0.79351,0.79367,0.79314,0.79367,751,3,0
2025-07-01 19:45:00,0.79367,0.79381,0.79342,0.79357,657,3,0
2025-07-01 20:00:00,0.79357,0.79377,0.79329,0.79332,468,3,0
2025-07-01 20:15:00,0.79332,0.79349,0.79292,0.79314,522,3,0
2025-07-01 20:30:00,0.79314,0.79314,0.79264,0.79278,323,3,0
2025-07-01 20:45:00,0.79278,0.7931,0.79257,0.79257,470,3,0
2025-07-01 21:00:00,0.79257,0.7929,0.79238,0.79283,469,3,0
2025-07-01 21:15:00,0.79284,0.793,0.79266,0.7928,475,3,0
2025-07-01 21:30:00,0.7928,0.79295,0.79262,0.7928,480,3,0
2025-07-01 21:45:00,0.7928,0.79302,0.79266,0.79266,480,3,0
2025-07-01 22:00:00,0.79266,0.79276,0.79205,0.79215,459,3,0
2025-07-01 22:15:00,0.79215,0.7927,0.79215,0.7927,400,3,0
2025-07-01 22:30:00,0.7927,0.79289,0.79258,0.79275,331,3,0
2025-07-01 22:45:00,0.79275,0.79278,0.79229,0.79234,412,3,0
2025-07-01 23:00:00,0.79234,0.79235,0.79179,0.79188,283,3,0
2025-07-01 23:15:00,0.79188,0.79204,0.79173,0.79181,222,3,0
2025-07-01 23:30:00,0.79181,0.79181,0.79119,0.79127,264,3,0
2025-07-01 23:45:00,0.79127,0.79136,0.79044,0.79052,430,12,0
2025-07-02 00:00:00,0.78999,0.79041,0.78947,0.79041,109,112,0
2025-07-02 00:15:00,0.79041,0.79041,0.7899,0.79013,47,122,0
2025-07-02 00:30:00,0.79013,0.79024,0.78954,0.78985,181,154,0
2025-07-02 00:45:00,0.78985,0.79019,0.78981,0.79015,216,176,0
2025-07-02 01:00:00,0.79015,0.79111,0.78988,0.79103,199,3,0
2025-07-02 01:15:00,0.79103,0.79128,0.79103,0.79117,79,3,0
2025-07-02 01:30:00,0.79117,0.79118,0.79098,0.79102,77,3,0
2025-07-02 01:45:00,0.79102,0.79124,0.79098,0.79121,73,3,0
2025-07-02 02:00:00,0.79121,0.79125,0.79103,0.79105,202,4,0
2025-07-02 02:15:00,0.79105,0.7911,0.79086,0.79088,191,3,0
2025-07-02 02:30:00,0.79088,0.79088,0.79065,0.79066,242,3,0
2025-07-02 02:45:00,0.79067,0.79083,0.79058,0.79071,231,3,0
2025-07-02 03:00:00,0.79071,0.79092,0.79055,0.79074,441,3,0
2025-07-02 03:15:00,0.79074,0.79092,0.79061,0.79074,289,3,0
2025-07-02 03:30:00,0.79074,0.79094,0.79063,0.79091,210,3,0
2025-07-02 03:45:00,0.79091,0.79091,0.7904,0.79041,413,3,0
2025-07-02 04:00:00,0.79042,0.79074,0.79037,0.7906,286,3,0
2025-07-02 04:15:00,0.7906,0.79061,0.79033,0.7904,150,3,0
2025-07-02 04:30:00,0.7904,0.79081,0.79039,0.79064,234,3,0
2025-07-02 04:45:00,0.79064,0.79148,0.79055,0.79136,430,3,0
2025-07-02 05:00:00,0.79136,0.79161,0.79127,0.79141,359,3,0
2025-07-02 05:15:00,0.79141,0.79147,0.79121,0.79121,184,3,0
2025-07-02 05:30:00,0.79121,0.79127,0.79096,0.79101,162,2,0
2025-07-02 05:45:00,0.79101,0.79109,0.79064,0.79085,216,2,0
2025-07-02 06:00:00,0.79085,0.79108,0.7907,0.79093,169,2,0
2025-07-02 06:15:00,0.79093,0.79113,0.79089,0.79108,212,2,0
2025-07-02 06:30:00,0.79108,0.79114,0.79095,0.79111,150,2,0
2025-07-02 06:45:00,0.79111,0.79113,0.79091,0.79093,191,2,0
2025-07-02 07:00:00,0.79093,0.79099,0.79085,0.7909,162,2,0
2025-07-02 07:15:00,0.7909,0.79101,0.79088,0.79101,192,2,0
2025-07-02 07:30:00,0.79101,0.79134,0.79093,0.79129,196,2,0
2025-07-02 07:45:00,0.79129,0.79147,0.79129,0.79141,145,2,0
2025-07-02 08:00:00,0.79141,0.79178,0.79132,0.79161,307,2,0
2025-07-02 08:15:00,0.79161,0.79192,0.79161,0.79169,221,2,0
2025-07-02 08:30:00,0.79169,0.79191,0.79159,0.7917,228,2,0
2025-07-02 08:45:00,0.7917,0.79233,0.7917,0.79202,421,2,0
2025-07-02 09:00:00,0.79202,0.79221,0.79155,0.79174,493,2,0
2025-07-02 09:15:00,0.79174,0.79219,0.79161,0.79208,536,2,0
2025-07-02 09:30:00,0.79208,0.7926,0.79196,0.79253,682,2,0
2025-07-02 09:45:00,0.79253,0.79274,0.79215,0.79223,691,2,0
2025-07-02 10:00:00,0.79224,0.7928,0.7922,0.79236,818,2,0
2025-07-02 10:15:00,0.79236,0.79312,0.79235,0.79311,792,2,0
2025-07-02 10:30:00,0.79312,0.79345,0.79263,0.79266,1050,2,0
2025-07-02 10:45:00,0.79266,0.79296,0.79237,0.7928,808,2,0
2025-07-02 11:00:00,0.7928,0.79304,0.79215,0.79244,566,2,0
2025-07-02 11:15:00,0.79244,0.79291,0.79231,0.79257,678,2,0
2025-07-02 11:30:00,0.79257,0.79259,0.79191,0.79208,677,2,0
2025-07-02 11:45:00,0.79208,0.79264,0.79189,0.79248,539,2,0
2025-07-02 12:00:00,0.79249,0.79317,0.79237,0.79304,739,2,0
2025-07-02 12:15:00,0.79304,0.79316,0.79263,0.79305,637,2,0
2025-07-02 12:30:00,0.79305,0.79327,0.79268,0.7927,598,2,0
2025-07-02 12:45:00,0.7927,0.79292,0.79253,0.79276,579,2,0
2025-07-02 13:00:00,0.79276,0.79289,0.79225,0.79234,693,2,0
2025-07-02 13:15:00,0.79234,0.79254,0.79231,0.79246,493,2,0
2025-07-02 13:30:00,0.79246,0.79255,0.79216,0.79232,303,2,0
2025-07-02 13:45:00,0.79232,0.79283,0.7923,0.79249,627,2,0
2025-07-02 14:00:00,0.79249,0.79276,0.79231,0.79239,410,2,0
2025-07-02 14:15:00,0.79239,0.79276,0.79238,0.79272,449,2,0
2025-07-02 14:30:00,0.79272,0.79308,0.79259,0.79291,615,2,0
2025-07-02 14:45:00,0.79291,0.79354,0.79291,0.79335,1097,2,0
2025-07-02 15:00:00,0.79333,0.79396,0.7931,0.79356,1103,2,0
2025-07-02 15:15:00,0.79356,0.79401,0.79115,0.79143,2214,2,0
2025-07-02 15:30:00,0.79143,0.79278,0.79124,0.79249,1626,2,0
2025-07-02 15:45:00,0.79251,0.79309,0.79208,0.79282,1188,2,0
2025-07-02 16:00:00,0.79283,0.79303,0.79154,0.79192,1323,2,0
2025-07-02 16:15:00,0.79192,0.79299,0.79192,0.79272,981,2,0
2025-07-02 16:30:00,0.79272,0.79313,0.79222,0.79242,1250,2,0
2025-07-02 16:45:00,0.79243,0.7936,0.79241,0.79306,1286,2,0
2025-07-02 17:00:00,0.79306,0.79344,0.79273,0.7934,1024,2,0
2025-07-02 17:15:00,0.7934,0.79347,0.79248,0.79287,953,2,0
2025-07-02 17:30:00,0.79287,0.79364,0.79266,0.79353,975,2,0
2025-07-02 17:45:00,0.79353,0.79413,0.79314,0.79345,1154,2,0
2025-07-02 18:00:00,0.79345,0.79381,0.7932,0.79322,993,2,0
2025-07-02 18:15:00,0.79323,0.79323,0.79269,0.7927,725,2,0
2025-07-02 18:30:00,0.7927,0.7927,0.79226,0.79239,632,2,0
2025-07-02 18:45:00,0.79238,0.79245,0.79194,0.7922,723,2,0
2025-07-02 19:00:00,0.7922,0.79241,0.79186,0.79219,868,2,0
2025-07-02 19:15:00,0.79219,0.79222,0.79158,0.79172,731,2,0
2025-07-02 19:30:00,0.79172,0.79193,0.79166,0.79187,614,2,0
2025-07-02 19:45:00,0.79187,0.79207,0.79172,0.79186,603,2,0
2025-07-02 20:00:00,0.79186,0.79201,0.7916,0.79171,591,2,0
2025-07-02 20:15:00,0.79171,0.79201,0.79158,0.79176,575,2,0
2025-07-02 20:30:00,0.79176,0.79187,0.79155,0.79187,515,2,0
2025-07-02 20:45:00,0.79187,0.7919,0.79157,0.79172,377,2,0
2025-07-02 21:00:00,0.79172,0.79185,0.79157,0.79163,429,2,0
2025-07-02 21:15:00,0.79163,0.79181,0.79146,0.79151,418,2,0
2025-07-02 21:30:00,0.79151,0.79151,0.79121,0.79133,489,2,0
2025-07-02 21:45:00,0.79133,0.79164,0.79129,0.79146,367,2,0
2025-07-02 22:00:00,0.79146,0.7916,0.79136,0.79151,217,2,0
2025-07-02 22:15:00,0.79151,0.79167,0.79147,0.79167,213,2,0
2025-07-02 22:30:00,0.79167,0.79178,0.79149,0.79166,390,2,0
2025-07-02 22:45:00,0.79166,0.79168,0.79119,0.7913,374,2,0
2025-07-02 23:00:00,0.7913,0.79187,0.79128,0.79165,335,2,0
2025-07-02 23:15:00,0.79165,0.79183,0.7916,0.79164,188,2,0
2025-07-02 23:30:00,0.79164,0.79175,0.79162,0.79169,135,2,0
2025-07-02 23:45:00,0.79169,0.79208,0.79166,0.79194,289,12,0
2025-07-03 00:00:00,0.79168,0.79168,0.79076,0.79112,24,83,0
2025-07-03 00:15:00,0.79112,0.79157,0.79056,0.79157,57,122,0
2025-07-03 00:30:00,0.79157,0.79172,0.79151,0.79163,46,120,0
2025-07-03 00:45:00,0.79163,0.79163,0.79033,0.79037,191,134,0
2025-07-03 01:00:00,0.79037,0.79186,0.79037,0.7917,345,2,0
2025-07-03 01:15:00,0.7917,0.79184,0.79164,0.79175,283,2,0
2025-07-03 01:30:00,0.79175,0.79179,0.79172,0.79179,142,2,0
2025-07-03 01:45:00,0.79179,0.79195,0.79169,0.79185,56,2,0
2025-07-03 02:00:00,0.79185,0.79186,0.79176,0.79177,79,2,0
2025-07-03 02:15:00,0.79177,0.79185,0.79174,0.79182,103,2,0
2025-07-03 02:30:00,0.79182,0.79183,0.79172,0.79174,81,2,0
2025-07-03 02:45:00,0.79174,0.79183,0.79162,0.79173,241,2,0
2025-07-03 03:00:00,0.79173,0.79179,0.79139,0.7916,425,2,0
2025-07-03 03:15:00,0.7916,0.79161,0.79119,0.79139,434,2,0
2025-07-03 03:30:00,0.79139,0.79158,0.79119,0.79122,242,2,0
2025-07-03 03:45:00,0.79122,0.79138,0.79117,0.79134,340,2,0
2025-07-03 04:00:00,0.79134,0.79142,0.79108,0.79116,262,2,0
2025-07-03 04:15:00,0.79116,0.7912,0.79105,0.79106,169,2,0
2025-07-03 04:30:00,0.79106,0.79117,0.79099,0.79103,358,2,0
2025-07-03 04:45:00,0.79103,0.79113,0.79096,0.79107,280,2,0
2025-07-03 05:00:00,0.79107,0.79141,0.79103,0.79134,230,2,0
2025-07-03 05:15:00,0.79134,0.79171,0.79133,0.79167,215,2,0
2025-07-03 05:30:00,0.79167,0.79175,0.79121,0.79139,226,2,0
2025-07-03 05:45:00,0.79139,0.79145,0.79134,0.79144,201,2,0
2025-07-03 06:00:00,0.79144,0.7916,0.79139,0.79154,152,2,0
2025-07-03 06:15:00,0.79154,0.79164,0.79149,0.79163,119,2,0
2025-07-03 06:30:00,0.79163,0.79184,0.79157,0.7917,148,2,0
2025-07-03 06:45:00,0.7917,0.79185,0.79159,0.79171,176,2,0
2025-07-03 07:00:00,0.79171,0.79179,0.79163,0.7917,143,2,0
2025-07-03 07:15:00,0.7917,0.79175,0.79163,0.79175,181,2,0
2025-07-03 07:30:00,0.79175,0.79193,0.79171,0.79191,242,2,0
2025-07-03 07:45:00,0.79191,0.79194,0.79175,0.79188,239,2,0
2025-07-03 08:00:00,0.79188,0.792,0.79185,0.792,144,2,0
2025-07-03 08:15:00,0.792,0.79211,0.79192,0.79196,222,2,0
2025-07-03 08:30:00,0.79196,0.79209,0.7919,0.79198,280,2,0
2025-07-03 08:45:00,0.79198,0.79199,0.79176,0.79186,344,2,0
2025-07-03 09:00:00,0.79186,0.79189,0.79123,0.79146,322,2,0
2025-07-03 09:15:00,0.79146,0.79182,0.79145,0.79162,232,2,0
2025-07-03 09:30:00,0.79162,0.79166,0.79087,0.79121,661,2,0
2025-07-03 09:45:00,0.79121,0.79123,0.79007,0.7902,730,2,0
2025-07-03 10:00:00,0.79023,0.79044,0.79009,0.7904,741,2,0
2025-07-03 10:15:00,0.7904,0.79103,0.79038,0.79092,780,2,0
2025-07-03 10:30:00,0.79092,0.79117,0.79056,0.79103,878,2,0
2025-07-03 10:45:00,0.79093,0.79151,0.7909,0.79138,601,2,0
2025-07-03 11:00:00,0.79138,0.79149,0.79099,0.79105,736,2,0
2025-07-03 11:15:00,0.79105,0.79156,0.79091,0.79146,653,2,0
2025-07-03 11:30:00,0.79146,0.79188,0.79136,0.79167,634,2,0
2025-07-03 11:45:00,0.79167,0.79194,0.79157,0.79189,602,2,0
2025-07-03 12:00:00,0.7919,0.79227,0.79187,0.79225,599,2,0
2025-07-03 12:15:00,0.79224,0.79267,0.79206,0.79262,674,2,0
2025-07-03 12:30:00,0.79262,0.79276,0.79226,0.79243,608,2,0
2025-07-03 12:45:00,0.79242,0.79277,0.7924,0.79268,430,2,0
2025-07-03 13:00:00,0.79268,0.79288,0.79243,0.79282,510,2,0
2025-07-03 13:15:00,0.79282,0.79284,0.79214,0.79219,401,2,0
2025-07-03 13:30:00,0.79219,0.79226,0.79204,0.79226,328,2,0
2025-07-03 13:45:00,0.79226,0.79266,0.79196,0.79263,591,2,0
2025-07-03 14:00:00,0.79261,0.79288,0.79243,0.79288,388,2,0
2025-07-03 14:15:00,0.79288,0.79294,0.79268,0.7927,418,2,0
2025-07-03 14:30:00,0.7927,0.79324,0.79263,0.79321,538,2,0
2025-07-03 14:45:00,0.79321,0.79369,0.79321,0.79337,653,2,0
2025-07-03 15:00:00,0.79337,0.79379,0.7932,0.79342,632,2,0
2025-07-03 15:15:00,0.79342,0.79357,0.79301,0.79301,868,2,0
2025-07-03 15:30:00,0.79281,0.79755,0.79271,0.79736,3365,2,0
2025-07-03 15:45:00,0.79736,0.79865,0.79734,0.79748,2088,2,0
2025-07-03 16:00:00,0.79748,0.79765,0.7966,0.79673,1961,2,0
2025-07-03 16:15:00,0.79673,0.79673,0.7957,0.7957,1480,2,0
2025-07-03 16:30:00,0.7957,0.79632,0.79521,0.79524,1352,2,0
2025-07-03 16:45:00,0.79523,0.79549,0.79409,0.79451,1367,2,0
2025-07-03 17:00:00,0.7945,0.7953,0.79364,0.79528,1575,2,0
2025-07-03 17:15:00,0.79527,0.79599,0.79511,0.79522,1429,2,0
2025-07-03 17:30:00,0.79523,0.79656,0.79515,0.79593,1358,2,0
2025-07-03 17:45:00,0.79593,0.79607,0.79535,0.79597,1301,2,0
2025-07-03 18:00:00,0.79597,0.79657,0.79538,0.79538,1167,2,0
2025-07-03 18:15:00,0.79538,0.79584,0.79495,0.79498,728,2,0
2025-07-03 18:30:00,0.79499,0.79559,0.79485,0.79542,724,2,0
2025-07-03 18:45:00,0.79542,0.79553,0.7951,0.79518,980,2,0
2025-07-03 19:00:00,0.79518,0.79547,0.79504,0.79524,802,2,0
2025-07-03 19:15:00,0.79524,0.79604,0.79522,0.79582,676,2,0
2025-07-03 19:30:00,0.79582,0.79609,0.79582,0.79586,461,2,0
2025-07-03 19:45:00,0.79586,0.79594,0.79535,0.79545,641,2,0
2025-07-03 20:00:00,0.79545,0.79555,0.79515,0.79526,558,2,0
2025-07-03 20:15:00,0.79526,0.79526,0.79499,0.79501,445,2,0
2025-07-03 20:30:00,0.79502,0.79558,0.795,0.79556,302,2,0
2025-07-03 20:45:00,0.79556,0.79572,0.79551,0.79568,229,2,0
2025-07-03 21:00:00,0.79568,0.79585,0.79545,0.79548,613,2,0
2025-07-03 21:15:00,0.79548,0.79583,0.79546,0.79571,342,2,0
2025-07-03 21:30:00,0.79571,0.7959,0.7956,0.79589,218,2,0
2025-07-03 21:45:00,0.79589,0.79617,0.79581,0.7961,208,2,0
2025-07-03 22:00:00,0.7961,0.79631,0.79598,0.796,369,2,0
2025-07-03 22:15:00,0.796,0.796,0.79561,0.79564,290,2,0
2025-07-03 22:30:00,0.79564,0.79571,0.79558,0.7956,196,2,0
2025-07-03 22:45:00,0.7956,0.79571,0.7954,0.79569,205,2,0
2025-07-03 23:00:00,0.79569,0.79579,0.79551,0.79568,286,2,0
2025-07-03 23:15:00,0.79568,0.7957,0.7954,0.79544,238,2,0
2025-07-03 23:30:00,0.79544,0.79547,0.79518,0.7953,216,2,0
2025-07-03 23:45:00,0.7953,0.79545,0.79522,0.79522,362,12,0
2025-07-04 00:00:00,0.79457,0.79515,0.79307,0.79461,107,84,0
2025-07-04 00:15:00,0.79461,0.79462,0.79307,0.79381,69,128,0
2025-07-04 00:30:00,0.79381,0.79433,0.79377,0.79415,272,184,0
2025-07-04 00:45:00,0.79415,0.79419,0.79363,0.79392,141,204,0
2025-07-04 01:00:00,0.79392,0.79548,0.79392,0.79536,439,2,0
2025-07-04 01:15:00,0.79536,0.7956,0.79515,0.79552,250,2,0
2025-07-04 01:30:00,0.79552,0.79553,0.79528,0.79531,153,2,0
2025-07-04 01:45:00,0.79531,0.79531,0.79505,0.79505,44,2,0
2025-07-04 02:00:00,0.79505,0.79522,0.79494,0.79494,73,2,0
2025-07-04 02:15:00,0.79494,0.79501,0.79483,0.79484,62,2,0
2025-07-04 02:30:00,0.79484,0.79484,0.79434,0.79436,257,2,0
2025-07-04 02:45:00,0.79436,0.7945,0.79414,0.79431,537,2,0
2025-07-04 03:00:00,0.79431,0.79441,0.79424,0.79428,474,2,0
2025-07-04 03:15:00,0.79428,0.79435,0.79399,0.79426,627,2,0
2025-07-04 03:30:00,0.79426,0.79458,0.79411,0.7945,505,2,0
2025-07-04 03:45:00,0.7945,0.79458,0.79431,0.79431,566,2,0
2025-07-04 04:00:00,0.79431,0.79459,0.7942,0.79444,248,2,0
2025-07-04 04:15:00,0.79444,0.7946,0.79424,0.79452,664,2,0
2025-07-04 04:30:00,0.79453,0.79493,0.79449,0.79485,433,2,0
2025-07-04 04:45:00,0.79485,0.79499,0.79461,0.7947,418,2,0
2025-07-04 05:00:00,0.79471,0.79476,0.79452,0.79453,404,2,0
2025-07-04 05:15:00,0.79453,0.79453,0.79429,0.79442,233,2,0
2025-07-04 05:30:00,0.79442,0.79444,0.79416,0.79428,251,2,0
2025-07-04 05:45:00,0.79429,0.7944,0.79416,0.79431,200,2,0
2025-07-04 06:00:00,0.79431,0.79444,0.7943,0.79431,142,2,0
2025-07-04 06:15:00,0.79431,0.79431,0.79363,0.79374,260,2,0
2025-07-04 06:30:00,0.79374,0.79374,0.79352,0.79362,241,2,0
2025-07-04 06:45:00,0.79362,0.79376,0.79353,0.79375,164,2,0
2025-07-04 07:00:00,0.79375,0.79383,0.79357,0.79374,195,2,0
2025-07-04 07:15:00,0.79374,0.79374,0.7932,0.79351,276,2,0
2025-07-04 07:30:00,0.79351,0.79356,0.79298,0.79308,186,2,0
2025-07-04 07:45:00,0.79308,0.79319,0.79303,0.79313,250,2,0
2025-07-04 08:00:00,0.79313,0.79313,0.79272,0.79283,364,2,0
2025-07-04 08:15:00,0.79283,0.79292,0.79277,0.7929,197,2,0
2025-07-04 08:30:00,0.7929,0.79299,0.79262,0.79275,250,2,0
2025-07-04 08:45:00,0.79275,0.79279,0.7926,0.79268,357,2,0
2025-07-04 09:00:00,0.79267,0.79306,0.79265,0.79277,454,2,0
2025-07-04 09:15:00,0.79277,0.793,0.79219,0.79285,350,2,0
2025-07-04 09:30:00,0.79285,0.79324,0.79262,0.79269,620,2,0
2025-07-04 09:45:00,0.79269,0.79284,0.79258,0.79264,599,2,0
2025-07-04 10:00:00,0.79264,0.79367,0.79264,0.79354,989,2,0
2025-07-04 10:15:00,0.79356,0.79384,0.79326,0.79368,856,2,0
2025-07-04 10:30:00,0.79368,0.79407,0.79366,0.79383,868,2,0
2025-07-04 10:45:00,0.79383,0.79408,0.79336,0.79392,955,2,0
2025-07-04 11:00:00,0.79392,0.79401,0.79363,0.79384,756,2,0
2025-07-04 11:15:00,0.79384,0.79423,0.7936,0.79413,560,2,0
2025-07-04 11:30:00,0.79413,0.79421,0.79361,0.79368,686,2,0
2025-07-04 11:45:00,0.79368,0.79369,0.79335,0.79341,631,2,0
2025-07-04 12:00:00,0.79341,0.79352,0.79329,0.79338,560,2,0
2025-07-04 12:15:00,0.79338,0.79344,0.79313,0.79325,420,2,0
2025-07-04 12:30:00,0.79325,0.79326,0.79301,0.79308,445,2,0
2025-07-04 12:45:00,0.79308,0.79343,0.79303,0.79331,546,2,0
2025-07-04 13:00:00,0.79331,0.79364,0.79331,0.79355,483,2,0
2025-07-04 13:15:00,0.79355,0.79358,0.79333,0.79346,692,2,0
2025-07-04 13:30:00,0.79346,0.79399,0.79346,0.79374,645,2,0
2025-07-04 13:45:00,0.79374,0.79381,0.79358,0.79373,802,2,0
2025-07-04 14:00:00,0.79373,0.79373,0.79348,0.79357,557,2,0
2025-07-04 14:15:00,0.79357,0.79364,0.7933,0.79346,573,2,0
2025-07-04 14:30:00,0.79346,0.79386,0.79342,0.79386,572,2,0
2025-07-04 14:45:00,0.79386,0.79397,0.7937,0.79395,745,2,0
2025-07-04 15:00:00,0.79395,0.7943,0.79379,0.79428,447,2,0
2025-07-04 15:15:00,0.79428,0.79436,0.79399,0.79418,450,2,0
2025-07-04 15:30:00,0.79418,0.7943,0.79404,0.79425,435,2,0
2025-07-04 15:45:00,0.79425,0.7944,0.79417,0.79428,446,2,0
2025-07-04 16:00:00,0.79428,0.79436,0.79412,0.79433,458,2,0
2025-07-04 16:15:00,0.79433,0.79438,0.79416,0.79432,331,2,0
2025-07-04 16:30:00,0.79432,0.7944,0.79307,0.79323,615,2,0
2025-07-04 16:45:00,0.79323,0.79344,0.79299,0.79316,605,2,0
2025-07-04 17:00:00,0.79316,0.7932,0.79264,0.79295,736,2,0
2025-07-04 17:15:00,0.79295,0.79318,0.79276,0.79304,426,2,0
2025-07-04 17:30:00,0.79304,0.79334,0.79282,0.79329,499,2,0
2025-07-04 17:45:00,0.7933,0.79365,0.79329,0.79346,679,2,0
2025-07-04 18:00:00,0.79346,0.79363,0.79332,0.79363,506,2,0
2025-07-04 18:15:00,0.79363,0.79368,0.79321,0.79322,327,2,0
2025-07-04 18:30:00,0.79322,0.7934,0.79305,0.79314,413,2,0
2025-07-04 18:45:00,0.79314,0.79336,0.79305,0.79328,410,2,0
2025-07-04 19:00:00,0.79329,0.79346,0.79327,0.7934,318,2,0
2025-07-04 19:15:00,0.7934,0.7935,0.79318,0.79319,423,2,0
2025-07-04 19:30:00,0.79319,0.79341,0.79318,0.79338,302,2,0
2025-07-04 19:45:00,0.79338,0.79343,0.79332,0.79334,149,2,0
2025-07-04 20:00:00,0.79334,0.79354,0.79328,0.79348,2570,2,0
2025-07-04 20:15:00,0.79349,0.79369,0.7934,0.79347,2719,2,0
2025-07-04 20:30:00,0.79348,0.79367,0.79321,0.79359,2755,2,0
2025-07-04 20:45:00,0.79359,0.79367,0.79329,0.79335,2585,2,0
2025-07-04 21:00:00,0.79335,0.79345,0.79327,0.7933,2531,2,0
2025-07-04 21:15:00,0.79331,0.79346,0.79313,0.79337,2165,2,0
2025-07-04 21:30:00,0.79337,0.79376,0.79332,0.79361,2288,2,0
2025-07-04 21:45:00,0.79361,0.79361,0.79328,0.79343,2060,2,0
2025-07-04 22:00:00,0.79343,0.79433,0.7934,0.79397,2922,2,0
2025-07-04 22:15:00,0.79397,0.79477,0.79397,0.79473,3002,2,0
2025-07-04 22:30:00,0.79473,0.79496,0.79429,0.79494,2908,2,0
2025-07-04 22:45:00,0.79496,0.79515,0.7946,0.79503,2114,2,0
2025-07-04 23:00:00,0.79503,0.79525,0.79419,0.7944,2346,2,0
2025-07-04 23:15:00,0.7944,0.79442,0.79399,0.79429,2106,5,0
2025-07-04 23:30:00,0.79429,0.79444,0.79326,0.79376,1561,15,0
2025-07-04 23:45:00,0.79376,0.79377,0.79307,0.79322,455,81,0
2025-07-07 00:00:00,0.7928,0.79325,0.7928,0.79306,34,248,0
2025-07-07 00:15:00,0.79306,0.79325,0.79303,0.7931,39,240,0
2025-07-07 00:30:00,0.7931,0.79343,0.79303,0.79335,320,204,0
2025-07-07 00:45:00,0.79335,0.7935,0.79306,0.79334,117,164,0
2025-07-07 01:00:00,0.79306,0.79481,0.79084,0.79454,216,2,0
2025-07-07 01:15:00,0.79454,0.79454,0.79398,0.794,121,2,0
2025-07-07 01:30:00,0.794,0.79414,0.79383,0.79398,309,2,0
2025-07-07 01:45:00,0.79398,0.79426,0.79388,0.79405,164,2,0
2025-07-07 02:00:00,0.79405,0.79426,0.79394,0.79426,171,2,0
2025-07-07 02:15:00,0.79426,0.79442,0.79421,0.79428,163,2,0
2025-07-07 02:30:00,0.79428,0.79447,0.7942,0.79435,368,2,0
2025-07-07 02:45:00,0.79435,0.79452,0.79407,0.79417,246,2,0
2025-07-07 03:00:00,0.79417,0.79425,0.79355,0.79368,649,2,0
2025-07-07 03:15:00,0.79368,0.79404,0.79353,0.7939,463,2,0
2025-07-07 03:30:00,0.7939,0.79411,0.79372,0.7939,655,2,0
2025-07-07 03:45:00,0.7939,0.79405,0.79372,0.7939,363,2,0
2025-07-07 04:00:00,0.7939,0.79419,0.79388,0.79392,429,2,0
2025-07-07 04:15:00,0.79392,0.79392,0.79361,0.79389,309,2,0
2025-07-07 04:30:00,0.79389,0.79416,0.79366,0.79416,551,2,0
2025-07-07 04:45:00,0.79416,0.79425,0.79404,0.79406,509,2,0
2025-07-07 05:00:00,0.79406,0.79406,0.79385,0.79403,402,2,0
2025-07-07 05:15:00,0.79403,0.79457,0.79398,0.79457,233,2,0
2025-07-07 05:30:00,0.79457,0.79491,0.79443,0.79448,387,2,0
2025-07-07 05:45:00,0.79448,0.79473,0.79434,0.79467,449,2,0
2025-07-07 06:00:00,0.79467,0.79475,0.79429,0.79446,589,2,0
2025-07-07 06:15:00,0.79446,0.79448,0.79431,0.79441,619,2,0
2025-07-07 06:30:00,0.79441,0.79474,0.79438,0.79469,488,2,0
2025-07-07 06:45:00,0.79469,0.79479,0.79459,0.79478,226,2,0
2025-07-07 07:00:00,0.79478,0.79491,0.79468,0.79484,228,2,0
2025-07-07 07:15:00,0.79484,0.79485,0.7947,0.79473,264,2,0
2025-07-07 07:30:00,0.79473,0.79496,0.79454,0.79495,284,2,0
2025-07-07 07:45:00,0.79495,0.79504,0.79477,0.7949,285,2,0
2025-07-07 08:00:00,0.7949,0.79522,0.79482,0.79496,594,2,0
2025-07-07 08:15:00,0.79496,0.79519,0.79488,0.7951,747,2,0
2025-07-07 08:30:00,0.7951,0.79513,0.79472,0.79482,459,2,0
2025-07-07 08:45:00,0.79482,0.79484,0.79461,0.79475,425,2,0
2025-07-07 09:00:00,0.79475,0.79496,0.79456,0.79469,397,2,0
2025-07-07 09:15:00,0.79469,0.79475,0.79443,0.79471,457,2,0
2025-07-07 09:30:00,0.79471,0.79547,0.79471,0.79534,712,2,0
2025-07-07 09:45:00,0.79534,0.79548,0.79502,0.79519,550,2,0
2025-07-07 10:00:00,0.79519,0.79546,0.79487,0.79515,952,2,0
2025-07-07 10:15:00,0.79515,0.79552,0.79502,0.7955,713,2,0
2025-07-07 10:30:00,0.79552,0.79599,0.79541,0.79585,741,2,0
2025-07-07 10:45:00,0.79585,0.79639,0.79572,0.79638,617,2,0
2025-07-07 11:00:00,0.79638,0.79678,0.79622,0.79649,749,2,0
2025-07-07 11:15:00,0.79649,0.79699,0.79637,0.79658,829,2,0
2025-07-07 11:30:00,0.79659,0.79734,0.79643,0.79723,828,2,0
2025-07-07 11:45:00,0.79723,0.79757,0.79701,0.79714,775,2,0
2025-07-07 12:00:00,0.79714,0.79736,0.79684,0.79719,595,2,0
2025-07-07 12:15:00,0.7972,0.79728,0.79698,0.79717,585,2,0
2025-07-07 12:30:00,0.79718,0.79738,0.79703,0.79733,515,2,0
2025-07-07 12:45:00,0.79733,0.79755,0.79722,0.79729,464,2,0
2025-07-07 13:00:00,0.79729,0.7974,0.79703,0.79707,491,2,0
2025-07-07 13:15:00,0.79708,0.79743,0.79668,0.79734,580,2,0
2025-07-07 13:30:00,0.79734,0.79755,0.79727,0.79746,520,2,0
2025-07-07 13:45:00,0.79746,0.7976,0.79699,0.79725,636,2,0
2025-07-07 14:00:00,0.79724,0.79733,0.79706,0.79727,435,2,0
2025-07-07 14:15:00,0.79727,0.79748,0.79708,0.79723,501,2,0
2025-07-07 14:30:00,0.79723,0.79731,0.79701,0.79701,520,2,0
2025-07-07 14:45:00,0.79701,0.79759,0.79673,0.79742,807,2,0
2025-07-07 15:00:00,0.79741,0.79785,0.79716,0.79765,631,2,0
2025-07-07 15:15:00,0.79765,0.79835,0.79763,0.7982,715,2,0
2025-07-07 15:30:00,0.7982,0.7984,0.79773,0.79783,616,2,0
2025-07-07 15:45:00,0.79783,0.79815,0.79781,0.79803,481,2,0
2025-07-07 16:00:00,0.79803,0.79807,0.79764,0.79778,720,2,0
2025-07-07 16:15:00,0.79778,0.79788,0.79691,0.79706,708,2,0
2025-07-07 16:30:00,0.79706,0.79724,0.79681,0.7969,638,2,0
2025-07-07 16:45:00,0.7969,0.79752,0.79674,0.79708,718,2,0
2025-07-07 17:00:00,0.79708,0.7971,0.79667,0.79685,525,2,0
2025-07-07 17:15:00,0.79685,0.79741,0.79673,0.79726,519,2,0
2025-07-07 17:30:00,0.79726,0.79726,0.79628,0.79629,559,2,0
2025-07-07 17:45:00,0.79629,0.79691,0.79593,0.79686,661,2,0
2025-07-07 18:00:00,0.79687,0.79718,0.79661,0.79661,667,2,0
2025-07-07 18:15:00,0.79661,0.79694,0.79654,0.79664,401,2,0
2025-07-07 18:30:00,0.79664,0.79685,0.79645,0.79681,428,2,0
2025-07-07 18:45:00,0.79681,0.79703,0.79657,0.79695,435,2,0
2025-07-07 19:00:00,0.79694,0.79713,0.79692,0.79699,396,2,0
2025-07-07 19:15:00,0.79699,0.79797,0.79641,0.79706,1524,2,0
2025-07-07 19:30:00,0.79706,0.7982,0.79706,0.79802,919,2,0
2025-07-07 19:45:00,0.79802,0.79881,0.79778,0.79857,950,2,0
2025-07-07 20:00:00,0.79857,0.79903,0.79851,0.79866,820,2,0
2025-07-07 20:15:00,0.79866,0.79905,0.79854,0.79896,541,2,0
2025-07-07 20:30:00,0.79896,0.79911,0.79808,0.79842,1116,2,0
2025-07-07 20:45:00,0.79842,0.7988,0.79841,0.79866,411,2,0
2025-07-07 21:00:00,0.79866,0.7988,0.79828,0.7987,396,2,0
2025-07-07 21:15:00,0.7987,0.79906,0.79866,0.79882,751,2,0
2025-07-07 21:30:00,0.79882,0.79906,0.79845,0.79851,621,2,0
2025-07-07 21:45:00,0.79851,0.79857,0.7982,0.79827,428,2,0
2025-07-07 22:00:00,0.79827,0.79833,0.79794,0.7981,214,2,0
2025-07-07 22:15:00,0.7981,0.79833,0.79809,0.7982,261,2,0
2025-07-07 22:30:00,0.7982,0.79832,0.79774,0.79788,280,2,0
2025-07-07 22:45:00,0.79788,0.79808,0.79779,0.79807,298,2,0
2025-07-07 23:00:00,0.79807,0.79846,0.79787,0.79842,190,2,0
2025-07-07 23:15:00,0.79842,0.79857,0.79836,0.79849,142,2,0
2025-07-07 23:30:00,0.79849,0.79857,0.79839,0.79844,67,2,0
2025-07-07 23:45:00,0.79844,0.79844,0.79797,0.79801,181,12,0
2025-07-08 00:00:00,0.79761,0.79761,0.79698,0.79757,21,122,0
2025-07-08 00:15:00,0.79757,0.7977,0.79693,0.7977,31,90,0
2025-07-08 00:30:00,0.7977,0.79793,0.7977,0.79792,29,61,0
2025-07-08 00:45:00,0.79792,0.79794,0.79789,0.79789,22,61,0
2025-07-08 01:00:00,0.79789,0.7983,0.79789,0.79789,65,2,0
2025-07-08 01:15:00,0.79789,0.79789,0.79737,0.79764,203,2,0
2025-07-08 01:30:00,0.79764,0.79773,0.79712,0.79718,199,2,0
2025-07-08 01:45:00,0.79718,0.79739,0.79697,0.79716,148,2,0
2025-07-08 02:00:00,0.79716,0.79734,0.79706,0.79711,166,2,0
2025-07-08 02:15:00,0.79711,0.79743,0.79693,0.79727,146,2,0
2025-07-08 02:30:00,0.79727,0.79731,0.79709,0.79716,99,2,0
2025-07-08 02:45:00,0.79716,0.7973,0.79711,0.79719,294,2,0
2025-07-08 03:00:00,0.79719,0.79721,0.79653,0.79655,691,2,0
2025-07-08 03:15:00,0.79655,0.79697,0.79647,0.79691,370,2,0
2025-07-08 03:30:00,0.79691,0.79705,0.79654,0.79663,314,2,0
2025-07-08 03:45:00,0.79663,0.7971,0.79657,0.79696,412,2,0
2025-07-08 04:00:00,0.79696,0.79767,0.79683,0.79749,503,2,0
2025-07-08 04:15:00,0.79749,0.79769,0.79703,0.79713,323,2,0
2025-07-08 04:30:00,0.79714,0.79734,0.79672,0.79699,346,2,0
2025-07-08 04:45:00,0.79699,0.79721,0.79684,0.79712,262,2,0
2025-07-08 05:00:00,0.79712,0.79725,0.7967,0.7968,278,2,0
2025-07-08 05:15:00,0.7968,0.79696,0.79645,0.79645,234,2,0
2025-07-08 05:30:00,0.79645,0.7967,0.79628,0.79666,243,2,0
2025-07-08 05:45:00,0.79666,0.79687,0.7965,0.79679,247,2,0
2025-07-08 06:00:00,0.79679,0.79692,0.79658,0.79692,304,2,0
2025-07-08 06:15:00,0.79692,0.79706,0.79658,0.7966,209,2,0
2025-07-08 06:30:00,0.7966,0.79673,0.79651,0.79673,151,2,0
2025-07-08 06:45:00,0.79673,0.79683,0.7962,0.79634,208,2,0
2025-07-08 07:00:00,0.79634,0.79645,0.79587,0.79595,150,2,0
2025-07-08 07:15:00,0.79595,0.79605,0.79584,0.79601,146,2,0
2025-07-08 07:30:00,0.79601,0.79622,0.79579,0.79619,450,2,0
2025-07-08 07:45:00,0.79619,0.79643,0.79617,0.79638,303,2,0
2025-07-08 08:00:00,0.79638,0.79666,0.79623,0.79659,307,2,0
2025-07-08 08:15:00,0.79659,0.79686,0.79657,0.79679,282,2,0
2025-07-08 08:30:00,0.79679,0.79704,0.79672,0.797,262,2,0
2025-07-08 08:45:00,0.797,0.79707,0.79677,0.79697,360,2,0
2025-07-08 09:00:00,0.79697,0.79729,0.79697,0.79706,464,2,0
2025-07-08 09:15:00,0.79706,0.79736,0.79689,0.79705,398,2,0
2025-07-08 09:30:00,0.79705,0.79737,0.79688,0.79736,618,2,0
2025-07-08 09:45:00,0.79736,0.79742,0.79679,0.79685,586,2,0
2025-07-08 10:00:00,0.79685,0.79685,0.79582,0.79589,884,2,0
2025-07-08 10:15:00,0.79589,0.79625,0.79575,0.79607,468,2,0
2025-07-08 10:30:00,0.79607,0.79621,0.79563,0.79592,548,2,0
2025-07-08 10:45:00,0.79593,0.79612,0.79581,0.79601,663,2,0
2025-07-08 11:00:00,0.79601,0.79661,0.79598,0.79651,783,2,0
2025-07-08 11:15:00,0.79651,0.79692,0.79651,0.79661,707,2,0
2025-07-08 11:30:00,0.79661,0.79686,0.7965,0.7968,607,2,0
2025-07-08 11:45:00,0.7968,0.79689,0.79617,0.79648,726,2,0
2025-07-08 12:00:00,0.79648,0.79664,0.79631,0.79642,470,2,0
2025-07-08 12:15:00,0.79642,0.79651,0.79609,0.79618,620,2,0
2025-07-08 12:30:00,0.79617,0.79658,0.79599,0.79657,482,2,0
2025-07-08 12:45:00,0.79657,0.79676,0.79639,0.79656,565,2,0
2025-07-08 13:00:00,0.79656,0.7968,0.7965,0.79677,539,2,0
2025-07-08 13:15:00,0.79677,0.79707,0.79672,0.79706,586,2,0
2025-07-08 13:30:00,0.79706,0.79746,0.797,0.79736,584,2,0
2025-07-08 13:45:00,0.79736,0.79764,0.79732,0.7976,502,2,0
2025-07-08 14:00:00,0.7976,0.79776,0.7971,0.7972,453,2,0
2025-07-08 14:15:00,0.7972,0.79727,0.79678,0.79716,451,2,0
2025-07-08 14:30:00,0.79716,0.79741,0.79692,0.79738,352,2,0
2025-07-08 14:45:00,0.79738,0.79773,0.79735,0.79769,654,2,0
2025-07-08 15:00:00,0.79769,0.79822,0.79762,0.79803,819,2,0
2025-07-08 15:15:00,0.79803,0.79828,0.79778,0.79787,473,2,0
2025-07-08 15:30:00,0.79787,0.79842,0.79764,0.79837,474,2,0
2025-07-08 15:45:00,0.79837,0.79844,0.79804,0.79815,493,2,0
2025-07-08 16:00:00,0.79815,0.79901,0.79799,0.79896,672,2,0
2025-07-08 16:15:00,0.79896,0.79927,0.79875,0.79923,723,2,0
2025-07-08 16:30:00,0.79923,0.79948,0.79852,0.79864,983,2,0
2025-07-08 16:45:00,0.79864,0.7987,0.79782,0.79844,813,2,0
2025-07-08 17:00:00,0.79844,0.79911,0.79831,0.79908,905,2,0
2025-07-08 17:15:00,0.79908,0.79944,0.79836,0.79847,773,2,0
2025-07-08 17:30:00,0.79847,0.79884,0.79831,0.79856,652,2,0
2025-07-08 17:45:00,0.79856,0.79868,0.79762,0.798,1241,2,0
2025-07-08 18:00:00,0.798,0.7982,0.79762,0.79763,820,2,0
2025-07-08 18:15:00,0.79762,0.79769,0.79705,0.79715,661,2,0
2025-07-08 18:30:00,0.79715,0.79734,0.79704,0.79714,604,2,0
2025-07-08 18:45:00,0.79714,0.79731,0.79694,0.79713,569,2,0
2025-07-08 19:00:00,0.79714,0.79715,0.79675,0.79677,497,2,0
2025-07-08 19:15:00,0.79677,0.79708,0.79677,0.79694,385,2,0
2025-07-08 19:30:00,0.79694,0.79752,0.79694,0.79729,931,2,0
2025-07-08 19:45:00,0.79729,0.79755,0.79689,0.79692,978,2,0
2025-07-08 20:00:00,0.79693,0.79707,0.79636,0.79662,974,2,0
2025-07-08 20:15:00,0.79662,0.79673,0.79602,0.79614,627,2,0
2025-07-08 20:30:00,0.79614,0.79615,0.79577,0.79582,500,2,0
2025-07-08 20:45:00,0.79582,0.79609,0.79564,0.79579,409,2,0
2025-07-08 21:00:00,0.79579,0.79588,0.79531,0.79584,517,2,0
2025-07-08 21:15:00,0.79584,0.79599,0.79576,0.79592,359,2,0
2025-07-08 21:30:00,0.79592,0.79613,0.79577,0.7959,384,2,0
2025-07-08 21:45:00,0.7959,0.79594,0.79568,0.79581,386,2,0
2025-07-08 22:00:00,0.79581,0.79588,0.79561,0.79587,236,2,0
2025-07-08 22:15:00,0.79587,0.79607,0.79578,0.79604,198,2,0
2025-07-08 22:30:00,0.79604,0.79636,0.79603,0.79629,200,2,0
2025-07-08 22:45:00,0.79629,0.79629,0.79613,0.79616,247,2,0
2025-07-08 23:00:00,0.79616,0.79616,0.79565,0.79567,242,2,0
2025-07-08 23:15:00,0.79567,0.79585,0.79562,0.7958,106,2,0
2025-07-08 23:30:00,0.7958,0.79586,0.79573,0.79581,89,2,0
2025-07-08 23:45:00,0.79581,0.79586,0.79558,0.79563,229,12,0
2025-07-09 00:00:00,0.79547,0.796,0.79494,0.79568,591,98,0
2025-07-09 00:15:00,0.79568,0.79576,0.79534,0.79549,162,104,0
2025-07-09 00:30:00,0.79549,0.79554,0.79549,0.79554,18,132,0
2025-07-09 00:45:00,0.79554,0.79558,0.79517,0.79524,51,114,0
2025-07-09 01:00:00,0.79524,0.79596,0.79513,0.7959,132,2,0
2025-07-09 01:15:00,0.7959,0.79593,0.79579,0.7958,49,2,0
2025-07-09 01:30:00,0.7958,0.7958,0.79564,0.79568,86,2,0
2025-07-09 01:45:00,0.79568,0.79576,0.79564,0.79574,42,2,0
2025-07-09 02:00:00,0.79574,0.79595,0.79568,0.7958,98,2,0
2025-07-09 02:15:00,0.7958,0.79596,0.79574,0.79595,89,2,0
2025-07-09 02:30:00,0.79595,0.79606,0.79582,0.79602,247,2,0
2025-07-09 02:45:00,0.79602,0.79602,0.79581,0.79596,366,2,0
2025-07-09 03:00:00,0.79594,0.79632,0.79586,0.79617,508,2,0
2025-07-09 03:15:00,0.79617,0.7965,0.79617,0.79635,288,2,0
2025-07-09 03:30:00,0.79635,0.79659,0.79619,0.79624,380,2,0
2025-07-09 03:45:00,0.79624,0.79642,0.79618,0.79627,514,2,0
2025-07-09 04:00:00,0.79627,0.79681,0.79611,0.79658,449,2,0
2025-07-09 04:15:00,0.79658,0.79661,0.79602,0.79624,437,2,0
2025-07-09 04:30:00,0.79624,0.7964,0.7959,0.79621,342,2,0
2025-07-09 04:45:00,0.79621,0.79655,0.7962,0.79639,269,2,0
2025-07-09 05:00:00,0.79639,0.79652,0.79607,0.79622,330,2,0
2025-07-09 05:15:00,0.79622,0.79652,0.79622,0.79646,333,2,0
2025-07-09 05:30:00,0.79646,0.79721,0.79646,0.79719,488,2,0
2025-07-09 05:45:00,0.79719,0.79739,0.79696,0.79703,313,2,0
2025-07-09 06:00:00,0.79703,0.79749,0.79702,0.79722,282,2,0
2025-07-09 06:15:00,0.79722,0.79743,0.7972,0.79732,313,2,0
2025-07-09 06:30:00,0.79732,0.79755,0.79724,0.79745,282,2,0
2025-07-09 06:45:00,0.79745,0.79771,0.7974,0.79769,125,2,0
2025-07-09 07:00:00,0.79769,0.79788,0.79767,0.79775,209,2,0
2025-07-09 07:15:00,0.79775,0.79777,0.79759,0.79766,231,2,0
2025-07-09 07:30:00,0.79766,0.79771,0.79726,0.79738,277,2,0
2025-07-09 07:45:00,0.79738,0.79739,0.79712,0.79717,250,2,0
2025-07-09 08:00:00,0.79717,0.79746,0.79697,0.79743,326,2,0
2025-07-09 08:15:00,0.79743,0.79743,0.7969,0.79713,161,2,0
2025-07-09 08:30:00,0.79713,0.79721,0.79672,0.7968,229,2,0
2025-07-09 08:45:00,0.7968,0.79704,0.79677,0.79693,294,2,0
2025-07-09 09:00:00,0.79693,0.79725,0.79688,0.79692,277,2,0
2025-07-09 09:15:00,0.79692,0.797,0.79672,0.79693,288,2,0
2025-07-09 09:30:00,0.79693,0.7971,0.79656,0.79669,532,2,0
2025-07-09 09:45:00,0.79669,0.79671,0.79611,0.79625,795,2,0
2025-07-09 10:00:00,0.79625,0.79651,0.79597,0.79626,820,2,0
2025-07-09 10:15:00,0.79626,0.7968,0.79606,0.79669,632,2,0
2025-07-09 10:30:00,0.79669,0.79761,0.79668,0.79742,672,2,0
2025-07-09 10:45:00,0.79742,0.79769,0.7971,0.79718,1024,2,0
2025-07-09 11:00:00,0.79717,0.79737,0.79661,0.79711,758,2,0
2025-07-09 11:15:00,0.79711,0.79735,0.79663,0.79668,704,2,0
2025-07-09 11:30:00,0.79668,0.79673,0.79622,0.79631,699,2,0
2025-07-09 11:45:00,0.79631,0.79658,0.79596,0.79637,496,2,0
2025-07-09 12:00:00,0.79639,0.79651,0.79589,0.79602,433,2,0
2025-07-09 12:15:00,0.79602,0.79629,0.79597,0.79629,657,2,0
2025-07-09 12:30:00,0.79629,0.79643,0.79604,0.79622,540,2,0
2025-07-09 12:45:00,0.79622,0.79626,0.79542,0.79586,536,2,0
2025-07-09 13:00:00,0.79586,0.79592,0.79561,0.79575,505,2,0
2025-07-09 13:15:00,0.79575,0.79597,0.79564,0.79581,582,2,0
2025-07-09 13:30:00,0.79581,0.79644,0.79577,0.79616,664,2,0
2025-07-09 13:45:00,0.79616,0.79625,0.79596,0.79621,594,2,0
2025-07-09 14:00:00,0.79621,0.79635,0.7961,0.79629,368,2,0
2025-07-09 14:15:00,0.79629,0.79675,0.79623,0.79666,538,2,0
2025-07-09 14:30:00,0.79666,0.79681,0.79636,0.79655,405,2,0
2025-07-09 14:45:00,0.79655,0.79752,0.79645,0.79738,524,2,0
2025-07-09 15:00:00,0.79738,0.79748,0.79677,0.79679,523,2,0
2025-07-09 15:15:00,0.79679,0.7968,0.79604,0.79644,966,2,0
2025-07-09 15:30:00,0.79644,0.79669,0.79602,0.79607,593,2,0
2025-07-09 15:45:00,0.79607,0.79616,0.7956,0.79571,716,2,0
2025-07-09 16:00:00,0.79571,0.79582,0.79509,0.79528,776,2,0
2025-07-09 16:15:00,0.7953,0.79549,0.79487,0.79539,847,2,0
2025-07-09 16:30:00,0.79539,0.79549,0.7951,0.79529,1021,2,0
2025-07-09 16:45:00,0.79529,0.79558,0.79502,0.79527,716,2,0
2025-07-09 17:00:00,0.79527,0.79533,0.79436,0.79449,1044,2,0
2025-07-09 17:15:00,0.79449,0.79454,0.79395,0.79448,795,2,0
2025-07-09 17:30:00,0.79448,0.79511,0.79424,0.79485,716,2,0
2025-07-09 17:45:00,0.79485,0.79504,0.79459,0.79489,685,2,0
2025-07-09 18:00:00,0.79489,0.7955,0.79486,0.79546,651,0,0
2025-07-09 18:15:00,0.79546,0.79605,0.7953,0.79605,565,2,0
2025-07-09 18:30:00,0.79605,0.79608,0.79548,0.79549,408,2,0
2025-07-09 18:45:00,0.79549,0.79574,0.79537,0.79568,399,2,0
2025-07-09 19:00:00,0.79568,0.79569,0.79543,0.7955,402,2,0
2025-07-09 19:15:00,0.7955,0.79578,0.79533,0.79568,467,2,0
2025-07-09 19:30:00,0.79568,0.79573,0.7953,0.79533,243,2,0
2025-07-09 19:45:00,0.79533,0.79556,0.79533,0.79542,414,2,0
2025-07-09 20:00:00,0.79542,0.7955,0.79487,0.795,413,2,0
2025-07-09 20:15:00,0.795,0.79512,0.79493,0.79511,256,2,0
2025-07-09 20:30:00,0.79512,0.79554,0.79507,0.79541,271,2,0
2025-07-09 20:45:00,0.79541,0.79543,0.79515,0.79527,221,2,0
2025-07-09 21:00:00,0.79527,0.79557,0.79458,0.79463,841,2,0
2025-07-09 21:15:00,0.79463,0.79479,0.79445,0.79458,664,2,0
2025-07-09 21:30:00,0.79458,0.79507,0.79456,0.79503,456,2,0
2025-07-09 21:45:00,0.79503,0.79506,0.79475,0.79491,383,2,0
2025-07-09 22:00:00,0.79491,0.79497,0.79466,0.79471,234,2,0
2025-07-09 22:15:00,0.79471,0.79476,0.79446,0.79452,182,2,0
2025-07-09 22:30:00,0.79452,0.79461,0.79434,0.79443,129,2,0
2025-07-09 22:45:00,0.79443,0.79464,0.79433,0.79454,147,2,0
2025-07-09 23:00:00,0.79455,0.79484,0.79455,0.79476,145,2,0
2025-07-09 23:15:00,0.79476,0.79515,0.79471,0.79489,246,2,0
2025-07-09 23:30:00,0.79489,0.79503,0.79455,0.79462,261,2,0
2025-07-09 23:45:00,0.79462,0.79462,0.79413,0.79417,334,12,0
2025-07-10 00:00:00,0.79353,0.79372,0.7926,0.7937,98,100,0
2025-07-10 00:15:00,0.79372,0.79372,0.79278,0.79282,115,118,0
2025-07-10 00:30:00,0.79288,0.79365,0.79242,0.79269,332,108,0
2025-07-10 00:45:00,0.79269,0.79271,0.79269,0.79271,18,192,0
2025-07-10 01:00:00,0.79271,0.79396,0.79271,0.79383,606,2,0
2025-07-10 01:15:00,0.79392,0.79395,0.79365,0.79365,448,2,0
2025-07-10 01:30:00,0.79365,0.79371,0.79357,0.7936,124,2,0
2025-07-10 01:45:00,0.7936,0.79366,0.79355,0.79363,274,2,0
2025-07-10 02:00:00,0.79363,0.79377,0.79362,0.79371,141,2,0
2025-07-10 02:15:00,0.79371,0.79371,0.79331,0.79333,109,2,0
2025-07-10 02:30:00,0.79333,0.79345,0.79313,0.7933,104,2,0
2025-07-10 02:45:00,0.7933,0.79337,0.79251,0.79265,316,2,0
2025-07-10 03:00:00,0.79265,0.79271,0.79209,0.79228,428,2,0
2025-07-10 03:15:00,0.79228,0.79239,0.79195,0.79209,339,2,0
2025-07-10 03:30:00,0.79209,0.79241,0.79196,0.79225,258,2,0
2025-07-10 03:45:00,0.79225,0.79246,0.79217,0.79238,275,2,0
2025-07-10 04:00:00,0.79238,0.79288,0.79238,0.79287,221,2,0
2025-07-10 04:15:00,0.79287,0.7931,0.7927,0.79294,204,2,0
2025-07-10 04:30:00,0.79294,0.79294,0.79242,0.79271,187,2,0
2025-07-10 04:45:00,0.79271,0.79285,0.79266,0.7928,147,2,0
2025-07-10 05:00:00,0.7928,0.79302,0.79267,0.79285,214,2,0
2025-07-10 05:15:00,0.79285,0.79314,0.79285,0.79312,160,2,0
2025-07-10 05:30:00,0.79312,0.79339,0.793,0.79339,207,2,0
2025-07-10 05:45:00,0.79339,0.79371,0.79339,0.79367,271,2,0
2025-07-10 06:00:00,0.79367,0.79402,0.79366,0.79396,186,2,0
2025-07-10 06:15:00,0.79396,0.79413,0.7939,0.79396,252,2,0
2025-07-10 06:30:00,0.79396,0.79419,0.79394,0.79415,180,2,0
2025-07-10 06:45:00,0.79415,0.79415,0.7939,0.79404,132,2,0
2025-07-10 07:00:00,0.79404,0.79426,0.79404,0.79423,106,2,0
2025-07-10 07:15:00,0.79423,0.79427,0.79402,0.79427,134,2,0
2025-07-10 07:30:00,0.79427,0.79446,0.79411,0.79413,146,2,0
2025-07-10 07:45:00,0.79413,0.79421,0.79404,0.79408,394,2,0
2025-07-10 08:00:00,0.79408,0.79423,0.79399,0.79408,264,2,0
2025-07-10 08:15:00,0.79408,0.79417,0.79404,0.79409,134,2,0
2025-07-10 08:30:00,0.79409,0.79409,0.79387,0.79399,196,2,0
2025-07-10 08:45:00,0.79399,0.79405,0.79391,0.79394,204,2,0
2025-07-10 09:00:00,0.79394,0.79437,0.79372,0.79414,491,2,0
2025-07-10 09:15:00,0.79414,0.79443,0.79366,0.79427,380,2,0
2025-07-10 09:30:00,0.79427,0.79487,0.79424,0.79483,337,2,0
2025-07-10 09:45:00,0.79483,0.79484,0.79429,0.79456,463,2,0
2025-07-10 10:00:00,0.79456,0.79479,0.79429,0.79469,696,2,0
2025-07-10 10:15:00,0.79469,0.79479,0.79432,0.79441,575,2,0
2025-07-10 10:30:00,0.79441,0.7949,0.79438,0.79483,519,2,0
2025-07-10 10:45:00,0.79483,0.79502,0.79411,0.79415,515,2,0
2025-07-10 11:00:00,0.79414,0.79425,0.79373,0.79383,528,2,0
2025-07-10 11:15:00,0.79383,0.79437,0.79383,0.79432,362,2,0
2025-07-10 11:30:00,0.79432,0.79524,0.79428,0.79521,494,2,0
2025-07-10 11:45:00,0.79521,0.79538,0.79499,0.79512,365,2,0
2025-07-10 12:00:00,0.79512,0.79513,0.79484,0.79489,375,2,0
2025-07-10 12:15:00,0.7949,0.79493,0.79454,0.79456,383,2,0
2025-07-10 12:30:00,0.79454,0.79465,0.79427,0.79434,328,2,0
2025-07-10 12:45:00,0.79434,0.79439,0.79419,0.79424,278,2,0
2025-07-10 13:00:00,0.79424,0.79469,0.79417,0.7946,425,2,0
2025-07-10 13:15:00,0.7946,0.79475,0.79431,0.79434,296,2,0
2025-07-10 13:30:00,0.79434,0.79461,0.79423,0.79455,234,2,0
2025-07-10 13:45:00,0.79455,0.79465,0.79442,0.79451,284,2,0
2025-07-10 14:00:00,0.79452,0.79499,0.79442,0.79482,305,2,0
2025-07-10 14:15:00,0.79482,0.79508,0.79477,0.79505,299,2,0
2025-07-10 14:30:00,0.79505,0.79574,0.79504,0.79558,569,2,0
2025-07-10 14:45:00,0.79558,0.79578,0.79531,0.7956,553,2,0
2025-07-10 15:00:00,0.7956,0.79595,0.79539,0.79559,520,2,0
2025-07-10 15:15:00,0.79559,0.79594,0.79552,0.79576,479,2,0
2025-07-10 15:30:00,0.7962,0.7969,0.79576,0.79664,1107,2,0
2025-07-10 15:45:00,0.79663,0.79676,0.79627,0.7964,692,2,0
2025-07-10 16:00:00,0.7964,0.79654,0.79582,0.79627,649,2,0
2025-07-10 16:15:00,0.79627,0.79691,0.79599,0.79682,835,2,0
2025-07-10 16:30:00,0.79683,0.79762,0.79678,0.79716,791,2,0
2025-07-10 16:45:00,0.79716,0.79784,0.79711,0.79746,1203,2,0
2025-07-10 17:00:00,0.79746,0.79808,0.79729,0.79755,1221,2,0
2025-07-10 17:15:00,0.79755,0.79875,0.79747,0.79847,1337,2,0
2025-07-10 17:30:00,0.79847,0.7985,0.79778,0.79803,1093,2,0
2025-07-10 17:45:00,0.79801,0.79804,0.79723,0.79743,1146,2,0
2025-07-10 18:00:00,0.79743,0.79749,0.79702,0.79739,836,2,0
2025-07-10 18:15:00,0.79739,0.79755,0.79696,0.79725,490,2,0
2025-07-10 18:30:00,0.79725,0.79771,0.79725,0.79733,500,2,0
2025-07-10 18:45:00,0.79733,0.79736,0.79701,0.79713,523,2,0
2025-07-10 19:00:00,0.79713,0.79744,0.79709,0.79743,478,2,0
2025-07-10 19:15:00,0.79743,0.79749,0.797,0.79725,530,2,0
2025-07-10 19:30:00,0.79725,0.79774,0.79725,0.79773,576,2,0
2025-07-10 19:45:00,0.79773,0.79791,0.79766,0.79769,523,2,0
2025-07-10 20:00:00,0.79769,0.79772,0.79712,0.79737,615,2,0
2025-07-10 20:15:00,0.79737,0.79749,0.79713,0.79738,374,2,0
2025-07-10 20:30:00,0.79738,0.79771,0.79732,0.79743,428,2,0
2025-07-10 20:45:00,0.79743,0.79747,0.79715,0.79734,332,2,0
2025-07-10 21:00:00,0.79735,0.7974,0.79682,0.79692,419,2,0
2025-07-10 21:15:00,0.79692,0.79728,0.79691,0.79726,307,2,0
2025-07-10 21:30:00,0.79726,0.79744,0.79714,0.79735,419,2,0
2025-07-10 21:45:00,0.79736,0.79737,0.79693,0.7971,513,2,0
2025-07-10 22:00:00,0.79709,0.79721,0.79685,0.79687,245,2,0
2025-07-10 22:15:00,0.79687,0.79687,0.79643,0.79658,223,2,0
2025-07-10 22:30:00,0.79657,0.79676,0.79635,0.79635,244,2,0
2025-07-10 22:45:00,0.79635,0.79663,0.79615,0.79662,370,2,0
2025-07-10 23:00:00,0.79662,0.7967,0.79637,0.79644,301,2,0
2025-07-10 23:15:00,0.79644,0.79651,0.7961,0.79641,208,2,0
2025-07-10 23:30:00,0.79641,0.79672,0.79638,0.79661,170,2,0
2025-07-10 23:45:00,0.79661,0.79679,0.79661,0.79676,254,12,0
2025-07-11 00:00:00,0.79677,0.79677,0.79622,0.79645,34,57,0
2025-07-11 00:15:00,0.79645,0.79645,0.79584,0.7959,21,114,0
2025-07-11 00:30:00,0.7959,0.7959,0.79584,0.79589,24,164,0
2025-07-11 00:45:00,0.79589,0.79599,0.79587,0.79587,123,136,0
2025-07-11 01:00:00,0.79588,0.79674,0.79588,0.79669,530,2,0
2025-07-11 01:15:00,0.79669,0.79673,0.79652,0.79656,137,2,0
2025-07-11 01:30:00,0.79656,0.79658,0.79639,0.79644,58,2,0
2025-07-11 01:45:00,0.79644,0.79646,0.79633,0.79645,172,2,0
2025-07-11 02:00:00,0.79645,0.79656,0.79641,0.79649,191,2,0
2025-07-11 02:15:00,0.79649,0.79661,0.79643,0.79648,138,2,0
2025-07-11 02:30:00,0.79648,0.79664,0.79646,0.79662,77,2,0
2025-07-11 02:45:00,0.79662,0.79682,0.79649,0.79673,342,2,0
2025-07-11 03:00:00,0.79673,0.79744,0.79657,0.79712,533,2,0
2025-07-11 03:15:00,0.79712,0.79775,0.79702,0.79729,717,2,0
2025-07-11 03:30:00,0.79729,0.79764,0.79705,0.79735,541,2,0
2025-07-11 03:45:00,0.79735,0.79782,0.79734,0.79749,553,2,0
2025-07-11 04:00:00,0.79749,0.79782,0.79731,0.79767,371,2,0
2025-07-11 04:15:00,0.79767,0.79783,0.79746,0.7976,413,2,0
2025-07-11 04:30:00,0.7976,0.79763,0.79724,0.79739,370,2,0
2025-07-11 04:45:00,0.79739,0.79776,0.79737,0.79772,192,2,0
2025-07-11 05:00:00,0.79772,0.7978,0.79762,0.79774,235,2,0
2025-07-11 05:15:00,0.79774,0.7978,0.79758,0.79774,228,2,0
2025-07-11 05:30:00,0.79774,0.79782,0.79755,0.79757,236,2,0
2025-07-11 05:45:00,0.79757,0.79818,0.79754,0.79793,200,2,0
2025-07-11 06:00:00,0.79793,0.79798,0.79754,0.79762,220,2,0
2025-07-11 06:15:00,0.79762,0.79762,0.79717,0.79717,139,2,0
2025-07-11 06:30:00,0.79717,0.79741,0.79717,0.79734,114,2,0
2025-07-11 06:45:00,0.79734,0.79755,0.79728,0.79741,130,2,0
2025-07-11 07:00:00,0.79741,0.79747,0.79724,0.79743,195,2,0
2025-07-11 07:15:00,0.79743,0.79798,0.79742,0.79794,251,2,0
2025-07-11 07:30:00,0.79794,0.79797,0.79762,0.79774,250,2,0
2025-07-11 07:45:00,0.79774,0.79774,0.79744,0.79753,209,2,0
2025-07-11 08:00:00,0.79753,0.79757,0.79721,0.79727,257,2,0
2025-07-11 08:15:00,0.79727,0.79732,0.797,0.79717,259,2,0
2025-07-11 08:30:00,0.79717,0.7974,0.79705,0.7974,219,2,0
2025-07-11 08:45:00,0.7974,0.79749,0.79715,0.79719,222,2,0
2025-07-11 09:00:00,0.79719,0.79762,0.79711,0.79747,438,2,0
2025-07-11 09:15:00,0.79747,0.79747,0.79708,0.7973,293,2,0
2025-07-11 09:30:00,0.7973,0.79744,0.79705,0.79735,583,2,0
2025-07-11 09:45:00,0.79735,0.79781,0.79704,0.79779,568,2,0
2025-07-11 10:00:00,0.79779,0.79779,0.7969,0.79705,540,2,0
2025-07-11 10:15:00,0.79703,0.79704,0.79647,0.79659,510,2,0
2025-07-11 10:30:00,0.79659,0.79688,0.79659,0.79678,407,2,0
2025-07-11 10:45:00,0.79678,0.79707,0.79658,0.79665,547,2,0
2025-07-11 11:00:00,0.79665,0.79695,0.79633,0.79655,501,2,0
2025-07-11 11:15:00,0.79655,0.79713,0.79612,0.79713,517,2,0
2025-07-11 11:30:00,0.79713,0.79727,0.79695,0.79718,392,2,0
2025-07-11 11:45:00,0.79718,0.79751,0.79715,0.7973,515,2,0
2025-07-11 12:00:00,0.7973,0.79737,0.79681,0.79689,493,2,0
2025-07-11 12:15:00,0.79689,0.79713,0.79675,0.79708,340,2,0
2025-07-11 12:30:00,0.79708,0.79722,0.79642,0.79653,375,2,0
2025-07-11 12:45:00,0.79653,0.79657,0.79578,0.79581,616,2,0
2025-07-11 13:00:00,0.79582,0.79601,0.79537,0.79589,438,2,0
2025-07-11 13:15:00,0.79589,0.79615,0.79569,0.79602,603,2,0
2025-07-11 13:30:00,0.79603,0.79619,0.79564,0.79596,516,2,0
2025-07-11 13:45:00,0.79596,0.79611,0.79564,0.79567,455,2,0
2025-07-11 14:00:00,0.79567,0.79586,0.79542,0.79575,598,2,0
2025-07-11 14:15:00,0.79575,0.7968,0.79572,0.79657,753,2,0
2025-07-11 14:30:00,0.79657,0.79665,0.79633,0.79645,349,2,0
2025-07-11 14:45:00,0.79645,0.79651,0.79594,0.79633,478,2,0
2025-07-11 15:00:00,0.79632,0.79691,0.79615,0.79665,601,2,0
2025-07-11 15:15:00,0.79665,0.79677,0.7963,0.79657,484,2,0
2025-07-11 15:30:00,0.79657,0.79672,0.79591,0.79653,926,2,0
2025-07-11 15:45:00,0.79653,0.79678,0.79628,0.79638,675,2,0
2025-07-11 16:00:00,0.79638,0.79668,0.79618,0.79624,824,2,0
2025-07-11 16:15:00,0.79624,0.79655,0.79596,0.79613,817,2,0
2025-07-11 16:30:00,0.79613,0.79646,0.79546,0.79592,1180,2,0
2025-07-11 16:45:00,0.79592,0.79651,0.79592,0.7963,1133,2,0
2025-07-11 17:00:00,0.7963,0.79671,0.79606,0.79661,1079,2,0
2025-07-11 17:15:00,0.79661,0.79747,0.79661,0.79729,1044,2,0
2025-07-11 17:30:00,0.79728,0.79731,0.79688,0.79702,653,2,0
2025-07-11 17:45:00,0.79702,0.79722,0.79616,0.79643,1007,2,0
2025-07-11 18:00:00,0.79643,0.79678,0.7963,0.79648,676,2,0
2025-07-11 18:15:00,0.79648,0.79681,0.79644,0.79651,465,2,0
2025-07-11 18:30:00,0.79651,0.79651,0.79585,0.79614,909,2,0
2025-07-11 18:45:00,0.79614,0.79634,0.796,0.79618,638,2,0
2025-07-11 19:00:00,0.79618,0.79648,0.796,0.79647,577,2,0
2025-07-11 19:15:00,0.79647,0.79667,0.79626,0.7965,673,2,0
2025-07-11 19:30:00,0.7965,0.79666,0.79645,0.79646,497,2,0
2025-07-11 19:45:00,0.79646,0.79648,0.79608,0.79621,660,2,0
2025-07-11 20:00:00,0.79621,0.7965,0.79603,0.79605,390,2,0
2025-07-11 20:15:00,0.79605,0.7966,0.79605,0.79649,331,2,0
2025-07-11 20:30:00,0.79649,0.7967,0.79644,0.79654,385,2,0
2025-07-11 20:45:00,0.79654,0.79674,0.79651,0.7967,292,2,0
2025-07-11 21:00:00,0.7967,0.79672,0.7964,0.79664,444,2,0
2025-07-11 21:15:00,0.79664,0.79675,0.79631,0.79669,414,2,0
2025-07-11 21:30:00,0.79669,0.79714,0.79666,0.79685,312,2,0
2025-07-11 21:45:00,0.79685,0.79716,0.7967,0.79716,612,2,0
2025-07-11 22:00:00,0.79716,0.79722,0.79696,0.79702,246,2,0
2025-07-11 22:15:00,0.79702,0.79711,0.79673,0.7969,240,2,0
2025-07-11 22:30:00,0.7969,0.797,0.79669,0.79682,236,2,0
2025-07-11 22:45:00,0.79682,0.79702,0.79677,0.79691,239,2,0
2025-07-11 23:00:00,0.79691,0.79708,0.79686,0.79708,149,2,0
2025-07-11 23:15:00,0.79708,0.79727,0.79705,0.79715,175,2,0
2025-07-11 23:30:00,0.79715,0.79726,0.79694,0.79696,122,2,0
2025-07-11 23:45:00,0.79696,0.79698,0.79588,0.79599,289,12,0
2025-07-14 00:00:00,0.797,0.797,0.79502,0.79613,73,125,0
2025-07-14 00:15:00,0.79613,0.79657,0.79505,0.7965,69,180,0
2025-07-14 00:30:00,0.7965,0.79689,0.79487,0.79487,146,78,0
2025-07-14 00:45:00,0.79487,0.79661,0.7947,0.79661,235,96,0
2025-07-14 01:00:00,0.79661,0.79724,0.79592,0.79687,657,2,0
2025-07-14 01:15:00,0.79685,0.79713,0.79657,0.79698,440,2,0
2025-07-14 01:30:00,0.79698,0.79724,0.79698,0.79713,341,2,0
2025-07-14 01:45:00,0.79713,0.79747,0.79699,0.79746,196,2,0
2025-07-14 02:00:00,0.79746,0.7976,0.79715,0.7972,231,2,0
2025-07-14 02:15:00,0.7972,0.79722,0.79664,0.79671,296,2,0
2025-07-14 02:30:00,0.79671,0.79713,0.79663,0.79679,235,2,0
2025-07-14 02:45:00,0.79679,0.79703,0.79669,0.79678,169,2,0
2025-07-14 03:00:00,0.79678,0.79684,0.79614,0.79614,647,2,0
2025-07-14 03:15:00,0.79614,0.79639,0.79601,0.79605,530,2,0
2025-07-14 03:30:00,0.79605,0.79651,0.79592,0.79629,334,2,0
2025-07-14 03:45:00,0.79629,0.79631,0.79596,0.796,351,2,0
2025-07-14 04:00:00,0.796,0.79611,0.79564,0.79578,556,2,0
2025-07-14 04:15:00,0.79578,0.79608,0.79576,0.79591,503,2,0
2025-07-14 04:30:00,0.79591,0.79614,0.79589,0.79608,555,2,0
2025-07-14 04:45:00,0.79606,0.79661,0.79604,0.79656,570,2,0
2025-07-14 05:00:00,0.79656,0.79659,0.79636,0.79639,304,2,0
2025-07-14 05:15:00,0.79639,0.79678,0.7963,0.79671,245,2,0
2025-07-14 05:30:00,0.79671,0.79731,0.79666,0.79719,419,2,0
2025-07-14 05:45:00,0.79721,0.79733,0.79706,0.7973,340,2,0
2025-07-14 06:00:00,0.79728,0.79741,0.79699,0.79715,332,2,0
2025-07-14 06:15:00,0.79715,0.79734,0.79689,0.79705,329,2,0
2025-07-14 06:30:00,0.79705,0.79714,0.79697,0.79707,339,2,0
2025-07-14 06:45:00,0.79708,0.79714,0.79662,0.7969,410,2,0
2025-07-14 07:00:00,0.7969,0.7973,0.79689,0.79717,506,2,0
2025-07-14 07:15:00,0.79717,0.79728,0.79706,0.79711,400,2,0
2025-07-14 07:30:00,0.79711,0.79724,0.79683,0.79717,378,2,0
2025-07-14 07:45:00,0.79716,0.79735,0.79701,0.79733,213,2,0
2025-07-14 08:00:00,0.79733,0.79746,0.79705,0.79708,485,2,0
2025-07-14 08:15:00,0.79708,0.79739,0.797,0.79738,281,2,0
2025-07-14 08:30:00,0.79738,0.79789,0.79731,0.79749,350,2,0
2025-07-14 08:45:00,0.79749,0.79762,0.79723,0.79737,464,2,0
2025-07-14 09:00:00,0.79737,0.79795,0.79731,0.79794,554,2,0
2025-07-14 09:15:00,0.79794,0.79848,0.7979,0.79812,546,2,0
2025-07-14 09:30:00,0.79812,0.79831,0.79789,0.79799,572,2,0
2025-07-14 09:45:00,0.79799,0.79803,0.79773,0.79792,552,2,0
2025-07-14 10:00:00,0.79792,0.798,0.79743,0.79746,785,2,0
2025-07-14 10:15:00,0.79746,0.79762,0.79707,0.7973,542,0,0
2025-07-14 10:30:00,0.7973,0.79755,0.79712,0.79714,587,2,0
2025-07-14 10:45:00,0.79714,0.7976,0.79708,0.7976,570,2,0
2025-07-14 11:00:00,0.7976,0.79763,0.79709,0.79742,557,2,0
2025-07-14 11:15:00,0.79742,0.79742,0.79696,0.79722,541,2,0
2025-07-14 11:30:00,0.79722,0.79746,0.79684,0.79719,554,2,0
2025-07-14 11:45:00,0.79719,0.79719,0.79682,0.7971,556,2,0
2025-07-14 12:00:00,0.7971,0.79745,0.7969,0.79702,570,2,0
2025-07-14 12:15:00,0.79701,0.79708,0.79678,0.79708,392,2,0
2025-07-14 12:30:00,0.79708,0.79721,0.79677,0.79714,398,2,0
2025-07-14 12:45:00,0.79713,0.79732,0.79689,0.79693,686,2,0
2025-07-14 13:00:00,0.79695,0.79699,0.79646,0.79657,475,2,0
2025-07-14 13:15:00,0.79657,0.79681,0.79637,0.7964,467,2,0
2025-07-14 13:30:00,0.7964,0.79663,0.7964,0.7966,460,2,0
2025-07-14 13:45:00,0.7966,0.79665,0.79618,0.79628,543,2,0
2025-07-14 14:00:00,0.79628,0.79646,0.79619,0.79635,473,2,0
2025-07-14 14:15:00,0.79635,0.79652,0.79613,0.7962,323,2,0
2025-07-14 14:30:00,0.7962,0.7966,0.79619,0.79651,444,2,0
2025-07-14 14:45:00,0.79651,0.79672,0.79608,0.79608,637,2,0
2025-07-14 15:00:00,0.79608,0.79625,0.79582,0.79595,694,2,0
2025-07-14 15:15:00,0.79595,0.79628,0.7955,0.79619,492,2,0
2025-07-14 15:30:00,0.79619,0.79635,0.79593,0.79631,596,2,0
2025-07-14 15:45:00,0.79631,0.79658,0.79602,0.79612,447,2,0
2025-07-14 16:00:00,0.79611,0.79677,0.79604,0.79677,614,2,0
2025-07-14 16:15:00,0.79677,0.79689,0.79647,0.79671,456,0,0
2025-07-14 16:30:00,0.79671,0.79689,0.79583,0.79608,750,2,0
2025-07-14 16:45:00,0.79608,0.79636,0.79595,0.79619,793,2,0
2025-07-14 17:00:00,0.79619,0.79664,0.79618,0.79655,547,2,0
2025-07-14 17:15:00,0.79655,0.79655,0.79605,0.79609,717,2,0
2025-07-14 17:30:00,0.79609,0.79663,0.79601,0.79621,878,2,0
2025-07-14 17:45:00,0.79621,0.79687,0.79603,0.7967,1020,2,0
2025-07-14 18:00:00,0.7967,0.79728,0.79668,0.79694,822,2,0
2025-07-14 18:15:00,0.79694,0.79718,0.79678,0.79688,517,0,0
2025-07-14 18:30:00,0.79688,0.79701,0.79633,0.79666,843,0,0
2025-07-14 18:45:00,0.79666,0.79782,0.79658,0.7977,849,2,0
2025-07-14 19:00:00,0.7977,0.79793,0.79746,0.79765,907,0,0
2025-07-14 19:15:00,0.79764,0.79801,0.79763,0.79794,505,2,0
2025-07-14 19:30:00,0.79794,0.79801,0.79775,0.79787,384,2,0
2025-07-14 19:45:00,0.79787,0.79798,0.7977,0.7979,300,2,0
2025-07-14 20:00:00,0.7979,0.79799,0.79768,0.79794,409,2,0
2025-07-14 20:15:00,0.79794,0.79796,0.79778,0.79778,217,2,0
2025-07-14 20:30:00,0.79778,0.798,0.79778,0.79799,274,2,0
2025-07-14 20:45:00,0.79799,0.79821,0.79784,0.79819,292,2,0
2025-07-14 21:00:00,0.79819,0.79822,0.79803,0.79812,312,2,0
2025-07-14 21:15:00,0.79812,0.79823,0.79803,0.79811,374,2,0
2025-07-14 21:30:00,0.79811,0.79812,0.7978,0.79785,463,2,0
2025-07-14 21:45:00,0.79785,0.79796,0.79767,0.79792,417,2,0
2025-07-14 22:00:00,0.79792,0.79801,0.7978,0.79797,152,2,0
2025-07-14 22:15:00,0.79797,0.79823,0.79796,0.79805,103,2,0
2025-07-14 22:30:00,0.79805,0.79809,0.79788,0.79808,178,2,0
2025-07-14 22:45:00,0.79808,0.79817,0.79796,0.79807,204,2,0
2025-07-14 23:00:00,0.79808,0.79814,0.79795,0.79799,138,2,0
2025-07-14 23:15:00,0.79799,0.79812,0.79799,0.79804,64,2,0
2025-07-14 23:30:00,0.79804,0.7981,0.798,0.79806,66,2,0
2025-07-14 23:45:00,0.79806,0.79817,0.79755,0.79767,304,12,0
2025-07-15 00:00:00,0.79757,0.7977,0.79546,0.79769,39,72,0
2025-07-15 00:15:00,0.79769,0.79769,0.79634,0.79634,25,80,0
2025-07-15 00:30:00,0.79634,0.79655,0.79634,0.79654,23,219,0
2025-07-15 00:45:00,0.79654,0.79655,0.79651,0.79651,54,203,0
2025-07-15 01:00:00,0.79651,0.79801,0.79651,0.79794,266,2,0
2025-07-15 01:15:00,0.79794,0.79795,0.79774,0.79784,155,2,0
2025-07-15 01:30:00,0.79784,0.79787,0.79771,0.79777,82,2,0
2025-07-15 01:45:00,0.79777,0.79796,0.79776,0.79791,80,2,0
2025-07-15 02:00:00,0.79791,0.79801,0.7978,0.79798,151,2,0
2025-07-15 02:15:00,0.79798,0.79822,0.79797,0.79816,84,2,0
2025-07-15 02:30:00,0.79816,0.79829,0.79797,0.79808,112,2,0
2025-07-15 02:45:00,0.79807,0.79814,0.79789,0.79812,280,2,0
2025-07-15 03:00:00,0.79812,0.79813,0.79744,0.79753,313,2,0
2025-07-15 03:15:00,0.79753,0.79753,0.79707,0.79712,190,2,0
2025-07-15 03:30:00,0.79712,0.79725,0.79704,0.79711,129,2,0
2025-07-15 03:45:00,0.79711,0.79723,0.79701,0.79708,178,2,0
2025-07-15 04:00:00,0.79708,0.79747,0.79706,0.7973,283,2,0
2025-07-15 04:15:00,0.7973,0.7975,0.79713,0.79748,156,2,0
2025-07-15 04:30:00,0.79748,0.79767,0.79741,0.79766,166,2,0
2025-07-15 04:45:00,0.79766,0.79792,0.79742,0.79782,315,2,0
2025-07-15 05:00:00,0.79782,0.79791,0.79751,0.79755,187,2,0
2025-07-15 05:15:00,0.79755,0.79765,0.79713,0.79732,276,2,0
2025-07-15 05:30:00,0.79732,0.79732,0.79709,0.79727,397,2,0
2025-07-15 05:45:00,0.79727,0.79731,0.79705,0.79706,217,2,0
2025-07-15 06:00:00,0.79705,0.79709,0.79665,0.79688,187,2,0
2025-07-15 06:15:00,0.79688,0.79695,0.79671,0.79679,160,2,0
2025-07-15 06:30:00,0.79681,0.79694,0.79675,0.79685,175,2,0
2025-07-15 06:45:00,0.79685,0.79697,0.79681,0.79696,133,2,0
2025-07-15 07:00:00,0.79696,0.79697,0.79661,0.79673,144,2,0
2025-07-15 07:15:00,0.79673,0.79695,0.79673,0.79683,105,2,0
2025-07-15 07:30:00,0.79683,0.79705,0.7968,0.79694,164,2,0
2025-07-15 07:45:00,0.79694,0.79696,0.79684,0.79694,132,2,0
2025-07-15 08:00:00,0.79694,0.79696,0.79664,0.79668,201,2,0
2025-07-15 08:15:00,0.79668,0.79678,0.79659,0.79668,123,2,0
2025-07-15 08:30:00,0.79668,0.79672,0.79647,0.79663,151,2,0
2025-07-15 08:45:00,0.79663,0.79664,0.79646,0.79652,222,2,0
2025-07-15 09:00:00,0.79652,0.7968,0.79646,0.79648,320,2,0
2025-07-15 09:15:00,0.79648,0.79669,0.79637,0.79669,279,2,0
2025-07-15 09:30:00,0.79668,0.79668,0.79618,0.79633,364,2,0
2025-07-15 09:45:00,0.79633,0.79647,0.79621,0.7963,534,2,0
2025-07-15 10:00:00,0.7963,0.79677,0.79621,0.79645,501,2,0
2025-07-15 10:15:00,0.79645,0.79651,0.79555,0.79568,568,2,0
2025-07-15 10:30:00,0.79568,0.79576,0.79534,0.79563,493,2,0
2025-07-15 10:45:00,0.79563,0.79604,0.79548,0.79579,651,2,0
2025-07-15 11:00:00,0.79579,0.79603,0.79556,0.79565,374,2,0
2025-07-15 11:15:00,0.79565,0.79581,0.79558,0.79568,387,2,0
2025-07-15 11:30:00,0.79568,0.79627,0.7955,0.79595,442,2,0
2025-07-15 11:45:00,0.79595,0.79596,0.79573,0.79584,311,2,0
2025-07-15 12:00:00,0.79584,0.79603,0.79554,0.7959,386,2,0
2025-07-15 12:15:00,0.7959,0.79614,0.79574,0.79598,312,2,0
2025-07-15 12:30:00,0.79598,0.79621,0.79585,0.796,399,2,0
2025-07-15 12:45:00,0.796,0.79628,0.79591,0.79594,513,2,0
2025-07-15 13:00:00,0.79594,0.79619,0.79567,0.79618,349,2,0
2025-07-15 13:15:00,0.79618,0.79637,0.79606,0.79621,409,2,0
2025-07-15 13:30:00,0.79621,0.79649,0.7961,0.7963,432,2,0
2025-07-15 13:45:00,0.7963,0.79633,0.7959,0.796,513,2,0
2025-07-15 14:00:00,0.796,0.79661,0.7959,0.79648,485,2,0
2025-07-15 14:15:00,0.79648,0.79684,0.79641,0.7968,494,2,0
2025-07-15 14:30:00,0.7968,0.79699,0.79672,0.79698,373,2,0
2025-07-15 14:45:00,0.79698,0.79707,0.79657,0.79668,391,2,0
2025-07-15 15:00:00,0.79669,0.79727,0.79662,0.79703,556,2,0
2025-07-15 15:15:00,0.79703,0.79722,0.79679,0.79679,629,2,0
2025-07-15 15:30:00,0.79679,0.79741,0.7948,0.797,2073,4,0
2025-07-15 15:45:00,0.797,0.79736,0.796,0.79626,1338,2,0
2025-07-15 16:00:00,0.79627,0.79729,0.79626,0.79689,1082,2,0
2025-07-15 16:15:00,0.79689,0.7974,0.79686,0.79699,950,2,0
2025-07-15 16:30:00,0.797,0.79858,0.79699,0.79846,1453,2,0
2025-07-15 16:45:00,0.79847,0.79944,0.79842,0.7992,1553,2,0
2025-07-15 17:00:00,0.7992,0.8003,0.79916,0.79943,1987,2,0
2025-07-15 17:15:00,0.79945,0.80109,0.7994,0.80109,1373,2,0
2025-07-15 17:30:00,0.80108,0.80139,0.80044,0.80062,1261,2,0
2025-07-15 17:45:00,0.80062,0.80089,0.80042,0.8006,1055,2,0
2025-07-15 18:00:00,0.8006,0.80136,0.80049,0.80123,901,2,0
2025-07-15 18:15:00,0.80123,0.8016,0.80095,0.80133,805,2,0
2025-07-15 18:30:00,0.80134,0.80178,0.80088,0.8011,1090,2,0
2025-07-15 18:45:00,0.80109,0.80134,0.8004,0.80043,888,2,0
2025-07-15 19:00:00,0.80043,0.80157,0.80032,0.80147,671,2,0
2025-07-15 19:15:00,0.80147,0.80205,0.80115,0.80194,726,2,0
2025-07-15 19:30:00,0.80196,0.80216,0.80172,0.80178,734,2,0
2025-07-15 19:45:00,0.80178,0.8021,0.80177,0.80187,574,2,0
2025-07-15 20:00:00,0.80187,0.80227,0.8018,0.80202,621,2,0
2025-07-15 20:15:00,0.80202,0.80242,0.80197,0.80241,551,2,0
2025-07-15 20:30:00,0.80241,0.80245,0.80214,0.80214,548,2,0
2025-07-15 20:45:00,0.80214,0.80245,0.80208,0.80229,631,2,0
2025-07-15 21:00:00,0.80229,0.80241,0.80175,0.80197,524,2,0
2025-07-15 21:15:00,0.80197,0.80204,0.80174,0.80196,447,2,0
2025-07-15 21:30:00,0.80196,0.80213,0.8019,0.80194,496,2,0
2025-07-15 21:45:00,0.80193,0.80202,0.80151,0.80176,575,2,0
2025-07-15 22:00:00,0.80176,0.80202,0.80164,0.80187,204,2,0
2025-07-15 22:15:00,0.80187,0.80196,0.80176,0.80192,136,2,0
2025-07-15 22:30:00,0.80192,0.80194,0.8017,0.8018,135,2,0
2025-07-15 22:45:00,0.8018,0.80209,0.80167,0.80194,270,2,0
2025-07-15 23:00:00,0.80194,0.80199,0.8017,0.80192,171,2,0
2025-07-15 23:15:00,0.80192,0.802,0.80181,0.80193,130,2,0
2025-07-15 23:30:00,0.80193,0.80197,0.80171,0.80184,107,2,0
2025-07-15 23:45:00,0.80184,0.80187,0.80135,0.80142,325,12,0
2025-07-16 00:00:00,0.8008,0.80116,0.79986,0.80083,52,94,0
2025-07-16 00:15:00,0.80083,0.80125,0.80008,0.80043,238,90,0
2025-07-16 00:30:00,0.80043,0.80065,0.8004,0.80054,258,164,0
2025-07-16 00:45:00,0.80054,0.80064,0.80019,0.80023,469,166,0
2025-07-16 01:00:00,0.80023,0.80163,0.80023,0.8015,318,2,0
2025-07-16 01:15:00,0.8015,0.80164,0.80149,0.80161,82,2,0
2025-07-16 01:30:00,0.80161,0.80174,0.80148,0.80171,112,2,0
2025-07-16 01:45:00,0.80171,0.80177,0.80158,0.8017,276,2,0
2025-07-16 02:00:00,0.8017,0.80182,0.80165,0.80174,135,2,0
2025-07-16 02:15:00,0.80174,0.80181,0.80157,0.80167,106,2,0
2025-07-16 02:30:00,0.80167,0.80172,0.80147,0.80149,119,2,0
2025-07-16 02:45:00,0.80149,0.80157,0.80141,0.80147,186,2,0
2025-07-16 03:00:00,0.80147,0.80176,0.80144,0.80171,284,2,0
2025-07-16 03:15:00,0.80171,0.80176,0.80157,0.80163,175,2,0
2025-07-16 03:30:00,0.80163,0.80182,0.80144,0.80149,283,2,0
2025-07-16 03:45:00,0.80149,0.80171,0.80136,0.80165,522,2,0
2025-07-16 04:00:00,0.80165,0.80175,0.80148,0.8015,307,2,0
2025-07-16 04:15:00,0.8015,0.80154,0.80134,0.80151,162,2,0
2025-07-16 04:30:00,0.80151,0.80152,0.80131,0.80151,166,2,0
2025-07-16 04:45:00,0.80151,0.80161,0.80138,0.80148,290,2,0
2025-07-16 05:00:00,0.80148,0.80165,0.80142,0.80158,246,2,0
2025-07-16 05:15:00,0.80158,0.80185,0.80158,0.8018,166,2,0
2025-07-16 05:30:00,0.8018,0.80183,0.80167,0.80169,148,2,0
2025-07-16 05:45:00,0.80169,0.80184,0.80165,0.80178,74,2,0
2025-07-16 06:00:00,0.80178,0.80179,0.80163,0.80169,126,2,0
2025-07-16 06:15:00,0.80169,0.80169,0.80149,0.80159,154,2,0
2025-07-16 06:30:00,0.80159,0.80197,0.80158,0.80197,159,2,0
2025-07-16 06:45:00,0.80197,0.80214,0.80192,0.80192,150,2,0
2025-07-16 07:00:00,0.80192,0.80203,0.80184,0.80196,130,2,0
2025-07-16 07:15:00,0.80196,0.80201,0.80177,0.8018,126,2,0
2025-07-16 07:30:00,0.8018,0.8018,0.80154,0.80164,159,2,0
2025-07-16 07:45:00,0.80164,0.80164,0.80131,0.80142,198,2,0
2025-07-16 08:00:00,0.80142,0.80156,0.80133,0.80149,312,2,0
2025-07-16 08:15:00,0.80149,0.80149,0.80119,0.80139,146,2,0
2025-07-16 08:30:00,0.80139,0.80148,0.80124,0.80126,245,2,0
2025-07-16 08:45:00,0.80126,0.8014,0.80106,0.80111,204,2,0
2025-07-16 09:00:00,0.80111,0.80146,0.80086,0.80099,607,2,0
2025-07-16 09:15:00,0.80099,0.80112,0.80079,0.80088,308,2,0
2025-07-16 09:30:00,0.80088,0.80098,0.80059,0.80062,629,2,0
2025-07-16 09:45:00,0.80062,0.80098,0.80049,0.80063,568,2,0
2025-07-16 10:00:00,0.80063,0.8008,0.80038,0.80068,711,2,0
2025-07-16 10:15:00,0.80068,0.80102,0.80054,0.80093,438,2,0
2025-07-16 10:30:00,0.80093,0.80131,0.80089,0.80121,602,2,0
2025-07-16 10:45:00,0.80121,0.80161,0.80114,0.80135,721,2,0
2025-07-16 11:00:00,0.80135,0.80157,0.80111,0.80133,673,2,0
2025-07-16 11:15:00,0.80133,0.80154,0.80129,0.80138,395,2,0
2025-07-16 11:30:00,0.80138,0.8016,0.80119,0.80122,503,2,0
2025-07-16 11:45:00,0.80122,0.80142,0.80115,0.80125,501,2,0
2025-07-16 12:00:00,0.80125,0.80147,0.80123,0.80137,466,2,0
2025-07-16 12:15:00,0.80137,0.80163,0.80131,0.80145,361,2,0
2025-07-16 12:30:00,0.80145,0.80161,0.80127,0.80142,468,2,0
2025-07-16 12:45:00,0.80142,0.80183,0.80128,0.80165,718,2,0
2025-07-16 13:00:00,0.80165,0.80181,0.80156,0.80172,525,2,0
2025-07-16 13:15:00,0.80172,0.80195,0.80167,0.80176,379,2,0
2025-07-16 13:30:00,0.80176,0.80176,0.80154,0.80165,314,2,0
2025-07-16 13:45:00,0.80165,0.80167,0.80144,0.80153,467,2,0
2025-07-16 14:00:00,0.80153,0.80172,0.80128,0.80168,479,2,0
2025-07-16 14:15:00,0.80169,0.80231,0.80155,0.8023,626,2,0
2025-07-16 14:30:00,0.8023,0.80265,0.80216,0.80265,529,2,0
2025-07-16 14:45:00,0.80265,0.80458,0.8026,0.804,1076,2,0
2025-07-16 15:00:00,0.80399,0.80407,0.80305,0.80395,954,2,0
2025-07-16 15:15:00,0.80395,0.80442,0.80375,0.80388,784,2,0
2025-07-16 15:30:00,0.80389,0.80391,0.80254,0.80307,1869,2,0
2025-07-16 15:45:00,0.80307,0.80414,0.80297,0.80383,1035,2,0
2025-07-16 16:00:00,0.80383,0.80418,0.80343,0.80416,891,2,0
2025-07-16 16:15:00,0.80415,0.80491,0.80403,0.80483,878,2,0
2025-07-16 16:30:00,0.80483,0.80534,0.8046,0.80487,1054,2,0
2025-07-16 16:45:00,0.80487,0.80615,0.80486,0.80514,1396,2,0
2025-07-16 17:00:00,0.80514,0.80562,0.80478,0.80553,1284,2,0
2025-07-16 17:15:00,0.80553,0.80577,0.80535,0.80538,895,2,0
2025-07-16 17:30:00,0.80537,0.80569,0.80511,0.80533,1018,2,0
2025-07-16 17:45:00,0.80533,0.80587,0.80377,0.8044,1896,2,0
2025-07-16 18:00:00,0.80439,0.8045,0.80248,0.80258,1982,2,0
2025-07-16 18:15:00,0.80259,0.80268,0.79659,0.79724,3681,0,0
2025-07-16 18:30:00,0.79725,0.79764,0.79471,0.79747,3520,2,0
2025-07-16 18:45:00,0.79747,0.80277,0.7972,0.80149,3686,2,0
2025-07-16 19:00:00,0.80153,0.80219,0.7997,0.80028,2714,2,0
2025-07-16 19:15:00,0.8003,0.80137,0.80017,0.80078,1939,2,0
2025-07-16 19:30:00,0.80078,0.80145,0.80047,0.80088,1367,2,0
2025-07-16 19:45:00,0.80088,0.80098,0.7999,0.80052,1567,2,0
2025-07-16 20:00:00,0.80052,0.80052,0.7995,0.7998,1380,2,0
2025-07-16 20:15:00,0.7998,0.80008,0.79934,0.79975,1204,2,0
2025-07-16 20:30:00,0.79975,0.79989,0.79951,0.7997,746,2,0
2025-07-16 20:45:00,0.7997,0.80058,0.79914,0.80032,957,2,0
2025-07-16 21:00:00,0.80032,0.80088,0.80013,0.80076,920,2,0
2025-07-16 21:15:00,0.80076,0.80091,0.80059,0.80084,728,2,0
2025-07-16 21:30:00,0.80084,0.80129,0.80068,0.8012,728,2,0
2025-07-16 21:45:00,0.8012,0.80179,0.80104,0.80175,542,2,0
2025-07-16 22:00:00,0.80175,0.80209,0.80146,0.80176,507,2,0
2025-07-16 22:15:00,0.80176,0.80202,0.80141,0.80145,584,2,0
2025-07-16 22:30:00,0.80145,0.80157,0.80119,0.80127,443,2,0
2025-07-16 22:45:00,0.80126,0.80133,0.80078,0.80093,386,2,0
2025-07-16 23:00:00,0.80093,0.80112,0.80063,0.80064,574,2,0
2025-07-16 23:15:00,0.80064,0.80092,0.80055,0.80091,181,2,0
2025-07-16 23:30:00,0.80091,0.80117,0.80079,0.8008,287,2,0
2025-07-16 23:45:00,0.8008,0.801,0.80029,0.80048,386,12,0
2025-07-17 00:00:00,0.80008,0.80056,0.79895,0.80031,68,109,0
2025-07-17 00:15:00,0.80031,0.80036,0.79988,0.80036,242,112,0
2025-07-17 00:30:00,0.80036,0.80045,0.80022,0.80037,317,112,0
2025-07-17 00:45:00,0.80037,0.80043,0.79975,0.79977,369,108,0
2025-07-17 01:00:00,0.79977,0.80092,0.79977,0.8006,224,2,0
2025-07-17 01:15:00,0.8006,0.80107,0.80058,0.8009,124,2,0
2025-07-17 01:30:00,0.8009,0.80107,0.80081,0.80106,114,2,0
2025-07-17 01:45:00,0.80106,0.80108,0.80095,0.80103,94,2,0
2025-07-17 02:00:00,0.80103,0.80103,0.80087,0.80092,107,2,0
2025-07-17 02:15:00,0.80092,0.80093,0.80061,0.8008,113,2,0
2025-07-17 02:30:00,0.8008,0.80114,0.80075,0.80112,117,2,0
2025-07-17 02:45:00,0.80112,0.80118,0.80096,0.80098,176,2,0
2025-07-17 03:00:00,0.80098,0.80132,0.80087,0.8012,290,2,0
2025-07-17 03:15:00,0.8012,0.8016,0.80117,0.80159,318,2,0
2025-07-17 03:30:00,0.80159,0.80221,0.80159,0.80208,220,2,0
2025-07-17 03:45:00,0.80208,0.80239,0.802,0.80218,501,2,0
2025-07-17 04:00:00,0.80218,0.80251,0.8021,0.80217,396,2,0
2025-07-17 04:15:00,0.80217,0.80247,0.80198,0.80247,402,2,0
2025-07-17 04:30:00,0.80247,0.80272,0.80195,0.80196,782,2,0
2025-07-17 04:45:00,0.80196,0.80199,0.80134,0.80144,698,2,0
2025-07-17 05:00:00,0.80144,0.80218,0.80142,0.80193,348,2,0
2025-07-17 05:15:00,0.80193,0.8021,0.80185,0.80192,330,2,0
2025-07-17 05:30:00,0.80193,0.80228,0.80175,0.80227,307,2,0
2025-07-17 05:45:00,0.80227,0.80246,0.80213,0.80235,205,2,0
2025-07-17 06:00:00,0.80235,0.8025,0.80217,0.80243,216,2,0
2025-07-17 06:15:00,0.80243,0.80275,0.80234,0.8024,315,2,0
2025-07-17 06:30:00,0.8024,0.80291,0.80237,0.8027,292,2,0
2025-07-17 06:45:00,0.8027,0.8029,0.8027,0.80283,146,2,0
2025-07-17 07:00:00,0.80283,0.80297,0.80277,0.80294,148,2,0
2025-07-17 07:15:00,0.80294,0.80296,0.80272,0.80275,132,2,0
2025-07-17 07:30:00,0.80275,0.80276,0.8025,0.80267,248,2,0
2025-07-17 07:45:00,0.80267,0.80267,0.80238,0.8024,246,2,0
2025-07-17 08:00:00,0.8024,0.80244,0.8021,0.80216,302,2,0
2025-07-17 08:15:00,0.80216,0.80233,0.80209,0.80217,226,2,0
2025-07-17 08:30:00,0.80217,0.80226,0.80209,0.80217,254,2,0
2025-07-17 08:45:00,0.80217,0.80269,0.80214,0.80268,279,2,0
2025-07-17 09:00:00,0.80268,0.8033,0.80253,0.80325,643,2,0
2025-07-17 09:15:00,0.80325,0.80442,0.80323,0.80442,762,2,0
2025-07-17 09:30:00,0.80442,0.80499,0.80423,0.80488,1011,2,0
2025-07-17 09:45:00,0.80488,0.80494,0.8045,0.80472,625,2,0
2025-07-17 10:00:00,0.80472,0.80566,0.80447,0.80451,1134,2,0
2025-07-17 10:15:00,0.80451,0.80476,0.80415,0.80427,862,2,0
2025-07-17 10:30:00,0.80427,0.80442,0.80364,0.80395,918,2,0
2025-07-17 10:45:00,0.80395,0.80428,0.80377,0.80409,827,2,0
2025-07-17 11:00:00,0.80409,0.80422,0.80357,0.80367,862,2,0
2025-07-17 11:15:00,0.80367,0.80387,0.80289,0.80296,1037,2,0
2025-07-17 11:30:00,0.80296,0.80344,0.8029,0.80332,655,2,0
2025-07-17 11:45:00,0.80332,0.80362,0.80315,0.80335,618,2,0
2025-07-17 12:00:00,0.80335,0.80356,0.8031,0.80342,620,2,0
2025-07-17 12:15:00,0.80342,0.80377,0.80333,0.80361,498,2,0
2025-07-17 12:30:00,0.80361,0.80386,0.8035,0.80371,425,2,0
2025-07-17 12:45:00,0.80371,0.80439,0.80366,0.80417,531,2,0
2025-07-17 13:00:00,0.80417,0.8047,0.80416,0.8047,394,2,0
2025-07-17 13:15:00,0.8047,0.80486,0.80418,0.80424,613,2,0
2025-07-17 13:30:00,0.80424,0.80434,0.80402,0.80424,452,2,0
2025-07-17 13:45:00,0.80424,0.80443,0.80413,0.80427,476,2,0
2025-07-17 14:00:00,0.80427,0.80439,0.80408,0.80415,392,2,0
2025-07-17 14:15:00,0.80415,0.80485,0.80397,0.8048,518,2,0
2025-07-17 14:30:00,0.8048,0.80495,0.80461,0.80483,410,2,0
2025-07-17 14:45:00,0.80483,0.80561,0.8048,0.8051,652,2,0
2025-07-17 15:00:00,0.8051,0.80531,0.8045,0.80456,629,2,0
2025-07-17 15:15:00,0.80456,0.80488,0.80439,0.80451,530,2,0
2025-07-17 15:30:00,0.80458,0.8064,0.80458,0.80514,2018,2,0
2025-07-17 15:45:00,0.80514,0.80521,0.80412,0.80463,1384,2,0
2025-07-17 16:00:00,0.80463,0.80479,0.80377,0.80418,1031,2,0
2025-07-17 16:15:00,0.80418,0.80515,0.80407,0.80474,945,1,0
2025-07-17 16:30:00,0.80474,0.80499,0.80447,0.80468,1047,2,0
2025-07-17 16:45:00,0.80468,0.80523,0.80448,0.80484,889,2,0
2025-07-17 17:00:00,0.80484,0.80565,0.80476,0.80551,781,2,0
2025-07-17 17:15:00,0.80551,0.80558,0.80451,0.80453,903,2,0
2025-07-17 17:30:00,0.80453,0.80529,0.8044,0.80462,800,2,0
2025-07-17 17:45:00,0.80462,0.80518,0.80462,0.80499,845,2,0
2025-07-17 18:00:00,0.80499,0.80526,0.80491,0.80519,736,2,0
2025-07-17 18:15:00,0.80519,0.80545,0.80472,0.80474,688,2,0
2025-07-17 18:30:00,0.80474,0.80479,0.80415,0.80417,667,2,0
2025-07-17 18:45:00,0.80417,0.80451,0.80401,0.80437,530,2,0
2025-07-17 19:00:00,0.80437,0.80437,0.80396,0.80433,493,2,0
2025-07-17 19:15:00,0.80433,0.80449,0.80407,0.80411,481,2,0
2025-07-17 19:30:00,0.80412,0.80541,0.80404,0.80518,548,2,0
2025-07-17 19:45:00,0.80517,0.80577,0.80516,0.80553,591,2,0
2025-07-17 20:00:00,0.80553,0.80579,0.80526,0.80544,453,2,0
2025-07-17 20:15:00,0.80545,0.80552,0.80524,0.80545,378,2,0
2025-07-17 20:30:00,0.80545,0.80564,0.80531,0.8056,359,2,0
2025-07-17 20:45:00,0.8056,0.80572,0.80545,0.80555,388,2,0
2025-07-17 21:00:00,0.80555,0.80575,0.80539,0.80542,488,2,0
2025-07-17 21:15:00,0.80542,0.80604,0.8054,0.80585,320,2,0
2025-07-17 21:30:00,0.80585,0.80588,0.80551,0.80556,214,2,0
2025-07-17 21:45:00,0.80556,0.80584,0.80554,0.80567,248,2,0
2025-07-17 22:00:00,0.80567,0.80581,0.80497,0.80498,286,2,0
2025-07-17 22:15:00,0.80498,0.80498,0.80453,0.80461,286,2,0
2025-07-17 22:30:00,0.80461,0.80464,0.80396,0.80397,283,2,0
2025-07-17 22:45:00,0.80397,0.80418,0.80377,0.80396,264,2,0
2025-07-17 23:00:00,0.80396,0.80411,0.8038,0.80404,170,2,0
2025-07-17 23:15:00,0.80404,0.80428,0.80393,0.80423,114,2,0
2025-07-17 23:30:00,0.80423,0.80451,0.80412,0.80418,183,2,0
2025-07-17 23:45:00,0.80418,0.80447,0.80416,0.8043,214,12,0
2025-07-18 00:00:00,0.80375,0.80397,0.80346,0.80388,26,84,0
2025-07-18 00:15:00,0.80388,0.80388,0.80359,0.80363,68,80,0
2025-07-18 00:30:00,0.80363,0.80423,0.80353,0.80408,261,66,0
2025-07-18 00:45:00,0.80408,0.80408,0.80379,0.80387,211,66,0
2025-07-18 01:00:00,0.80383,0.80417,0.80377,0.80413,163,2,0
2025-07-18 01:15:00,0.80413,0.80419,0.80404,0.80404,82,2,0
2025-07-18 01:30:00,0.80404,0.80404,0.80282,0.80312,338,2,0
2025-07-18 01:45:00,0.80312,0.80315,0.80283,0.80294,194,2,0
2025-07-18 02:00:00,0.80294,0.80303,0.80257,0.80281,181,2,0
2025-07-18 02:15:00,0.80281,0.80287,0.80263,0.80265,126,2,0
2025-07-18 02:30:00,0.80265,0.80279,0.80253,0.80273,178,2,0
2025-07-18 02:45:00,0.80273,0.80296,0.80272,0.80294,343,2,0
2025-07-18 03:00:00,0.80294,0.80302,0.80266,0.80294,578,2,0
2025-07-18 03:15:00,0.80294,0.80303,0.80274,0.80302,226,2,0
2025-07-18 03:30:00,0.80302,0.80302,0.80252,0.80273,426,2,0
2025-07-18 03:45:00,0.80273,0.80315,0.80261,0.80293,371,2,0
2025-07-18 04:00:00,0.80293,0.80303,0.80272,0.80303,250,2,0
2025-07-18 04:15:00,0.80303,0.80318,0.80265,0.80294,234,2,0
2025-07-18 04:30:00,0.80294,0.80298,0.80277,0.80287,328,2,0
2025-07-18 04:45:00,0.80287,0.80287,0.80225,0.80269,361,2,0
2025-07-18 05:00:00,0.80269,0.8029,0.80265,0.80272,215,2,0
2025-07-18 05:15:00,0.80272,0.80278,0.80261,0.80261,174,2,0
2025-07-18 05:30:00,0.80261,0.80273,0.80252,0.80271,235,2,0
2025-07-18 05:45:00,0.8027,0.8027,0.8025,0.8026,174,2,0
2025-07-18 06:00:00,0.8026,0.80269,0.80236,0.80238,245,2,0
2025-07-18 06:15:00,0.80238,0.80261,0.80238,0.80244,205,2,0
2025-07-18 06:30:00,0.80244,0.8025,0.80216,0.80245,181,2,0
2025-07-18 06:45:00,0.80245,0.80269,0.80241,0.80261,205,2,0
2025-07-18 07:00:00,0.80261,0.8029,0.80258,0.80279,143,2,0
2025-07-18 07:15:00,0.80279,0.80289,0.80267,0.80279,225,2,0
2025-07-18 07:30:00,0.80279,0.80299,0.80278,0.80292,71,2,0
2025-07-18 07:45:00,0.80292,0.80294,0.80277,0.80287,161,2,0
2025-07-18 08:00:00,0.80287,0.80305,0.80286,0.80299,117,2,0
2025-07-18 08:15:00,0.80299,0.80331,0.80299,0.80327,169,2,0
2025-07-18 08:30:00,0.80327,0.80337,0.80311,0.80315,199,2,0
2025-07-18 08:45:00,0.80315,0.80328,0.80301,0.80324,274,2,0
2025-07-18 09:00:00,0.80324,0.80361,0.80319,0.80343,312,2,0
2025-07-18 09:15:00,0.80343,0.80356,0.80325,0.80351,233,2,0
2025-07-18 09:30:00,0.80351,0.80361,0.80325,0.80345,438,2,0
2025-07-18 09:45:00,0.80345,0.80366,0.8033,0.80336,615,2,0
2025-07-18 10:00:00,0.80336,0.80343,0.80267,0.80272,583,2,0
2025-07-18 10:15:00,0.80272,0.80313,0.80255,0.8028,494,2,0
2025-07-18 10:30:00,0.8028,0.80293,0.80263,0.80279,326,2,0
2025-07-18 10:45:00,0.80279,0.80288,0.80233,0.80234,445,2,0
2025-07-18 11:00:00,0.80234,0.80241,0.80172,0.80202,657,2,0
2025-07-18 11:15:00,0.80202,0.80212,0.80157,0.80177,515,2,0
2025-07-18 11:30:00,0.80177,0.80188,0.80151,0.80168,398,2,0
2025-07-18 11:45:00,0.80168,0.80234,0.80149,0.8023,652,2,0
2025-07-18 12:00:00,0.80229,0.80239,0.80184,0.80191,432,2,0
2025-07-18 12:15:00,0.80191,0.80248,0.80183,0.80238,458,2,0
2025-07-18 12:30:00,0.80238,0.80259,0.80237,0.80258,376,2,0
2025-07-18 12:45:00,0.80258,0.80267,0.80244,0.80258,385,2,0
2025-07-18 13:00:00,0.80258,0.80261,0.80198,0.80215,600,2,0
2025-07-18 13:15:00,0.80214,0.8024,0.80198,0.80218,298,2,0
2025-07-18 13:30:00,0.80218,0.8022,0.80176,0.80186,311,2,0
2025-07-18 13:45:00,0.80186,0.80204,0.80153,0.8017,400,2,0
2025-07-18 14:00:00,0.8017,0.80183,0.80105,0.80109,494,2,0
2025-07-18 14:15:00,0.80109,0.80143,0.80108,0.80139,367,2,0
2025-07-18 14:30:00,0.80139,0.8014,0.80069,0.80072,317,2,0
2025-07-18 14:45:00,0.80072,0.80119,0.80067,0.80071,614,2,0
2025-07-18 15:00:00,0.8007,0.8009,0.79959,0.79973,829,2,0
2025-07-18 15:15:00,0.79973,0.80053,0.79972,0.80052,751,2,0
2025-07-18 15:30:00,0.80052,0.80067,0.80011,0.80014,614,2,0
2025-07-18 15:45:00,0.80014,0.80051,0.79965,0.79969,620,2,0
2025-07-18 16:00:00,0.79969,0.80044,0.79955,0.80003,794,2,0
2025-07-18 16:15:00,0.80003,0.80015,0.79847,0.79932,1005,2,0
2025-07-18 16:30:00,0.79932,0.80002,0.79926,0.79986,788,2,0
2025-07-18 16:45:00,0.79986,0.80023,0.79896,0.79896,824,2,0
2025-07-18 17:00:00,0.79896,0.79998,0.7987,0.7999,1215,2,0
2025-07-18 17:15:00,0.7999,0.80039,0.79988,0.79995,780,2,0
2025-07-18 17:30:00,0.79992,0.80028,0.7996,0.80012,879,2,0
2025-07-18 17:45:00,0.80012,0.80043,0.7998,0.80008,843,2,0
2025-07-18 18:00:00,0.80008,0.8002,0.79941,0.79966,845,2,0
2025-07-18 18:15:00,0.79966,0.79975,0.79926,0.7994,597,2,0
2025-07-18 18:30:00,0.7994,0.79973,0.79924,0.79962,482,2,0
2025-07-18 18:45:00,0.79963,0.80019,0.79953,0.80013,636,2,0
2025-07-18 19:00:00,0.80013,0.80033,0.79983,0.80033,715,2,0
2025-07-18 19:15:00,0.80033,0.80073,0.80001,0.8006,757,2,0
2025-07-18 19:30:00,0.8006,0.80095,0.80033,0.80074,525,2,0
2025-07-18 19:45:00,0.80074,0.80106,0.80065,0.80081,618,2,0
2025-07-18 20:00:00,0.80081,0.80111,0.8007,0.80109,694,2,0
2025-07-18 20:15:00,0.80109,0.80134,0.80099,0.80117,571,2,0
2025-07-18 20:30:00,0.80117,0.80156,0.80108,0.80148,464,2,0
2025-07-18 20:45:00,0.80148,0.80154,0.80106,0.80127,396,2,0
2025-07-18 21:00:00,0.80127,0.80139,0.80107,0.80131,454,2,0
2025-07-18 21:15:00,0.80131,0.8014,0.80126,0.80131,435,2,0
2025-07-18 21:30:00,0.80131,0.80164,0.80129,0.80154,416,2,0
2025-07-18 21:45:00,0.80154,0.80169,0.80142,0.80169,339,2,0
2025-07-18 22:00:00,0.80169,0.80196,0.80164,0.80188,153,2,0
2025-07-18 22:15:00,0.80188,0.80188,0.8017,0.80182,308,2,0
2025-07-18 22:30:00,0.80182,0.80193,0.80179,0.80182,222,2,0
2025-07-18 22:45:00,0.80182,0.80188,0.80152,0.80156,198,2,0
2025-07-18 23:00:00,0.80156,0.8016,0.80121,0.80128,150,2,0
2025-07-18 23:15:00,0.80128,0.80141,0.80124,0.80131,133,2,0
2025-07-18 23:30:00,0.80131,0.80145,0.80123,0.80123,106,2,0
2025-07-18 23:45:00,0.80123,0.80164,0.80103,0.80155,204,12,0
2025-07-21 00:00:00,0.79905,0.79922,0.79887,0.79891,51,300,0
2025-07-21 00:15:00,0.79891,0.79915,0.79886,0.799,141,278,0
2025-07-21 00:30:00,0.799,0.79909,0.7989,0.79898,222,292,0
2025-07-21 00:45:00,0.79898,0.79912,0.79891,0.79904,132,300,0
2025-07-21 01:00:00,0.79904,0.80121,0.79904,0.80077,927,2,0
2025-07-21 01:15:00,0.80077,0.80136,0.80077,0.80135,220,2,0
2025-07-21 01:30:00,0.80135,0.80168,0.80134,0.80152,157,2,0
2025-07-21 01:45:00,0.80152,0.80173,0.80148,0.80152,205,2,0
2025-07-21 02:00:00,0.80152,0.80162,0.80131,0.80156,123,2,0
2025-07-21 02:15:00,0.80156,0.8016,0.80116,0.80132,147,2,0
2025-07-21 02:30:00,0.80132,0.80152,0.80122,0.80139,281,2,0
2025-07-21 02:45:00,0.80139,0.80151,0.80115,0.80123,278,2,0
2025-07-21 03:00:00,0.80123,0.8014,0.80082,0.80082,480,2,0
2025-07-21 03:15:00,0.80082,0.80127,0.80078,0.80117,304,2,0
2025-07-21 03:30:00,0.80117,0.80154,0.80113,0.80149,360,2,0
2025-07-21 03:45:00,0.80149,0.80182,0.80135,0.80182,401,2,0
2025-07-21 04:00:00,0.80182,0.80202,0.80149,0.80154,514,2,0
2025-07-21 04:15:00,0.80154,0.80176,0.80142,0.80157,473,2,0
2025-07-21 04:30:00,0.80157,0.80184,0.80153,0.80184,415,2,0
2025-07-21 04:45:00,0.80184,0.80211,0.80181,0.80201,335,2,0
2025-07-21 05:00:00,0.80201,0.80224,0.80178,0.80182,656,2,0
2025-07-21 05:15:00,0.80182,0.80186,0.8016,0.80174,582,2,0
2025-07-21 05:30:00,0.80176,0.80187,0.80167,0.80184,378,2,0
2025-07-21 05:45:00,0.80184,0.802,0.80156,0.80165,282,2,0
2025-07-21 06:00:00,0.80165,0.8019,0.80154,0.80187,148,2,0
2025-07-21 06:15:00,0.80187,0.80195,0.80181,0.80188,416,2,0
2025-07-21 06:30:00,0.80188,0.80196,0.80168,0.80172,384,2,0
2025-07-21 06:45:00,0.80172,0.80186,0.80163,0.80173,461,2,0
2025-07-21 07:00:00,0.80173,0.80174,0.80156,0.8017,267,2,0
2025-07-21 07:15:00,0.8017,0.8019,0.80164,0.80165,429,2,0
2025-07-21 07:30:00,0.80165,0.80166,0.80149,0.80151,155,2,0
2025-07-21 07:45:00,0.80151,0.80161,0.80133,0.80142,391,2,0
2025-07-21 08:00:00,0.80142,0.80148,0.80113,0.80128,520,2,0
2025-07-21 08:15:00,0.80128,0.80136,0.80108,0.8012,483,2,0
2025-07-21 08:30:00,0.8012,0.80138,0.80095,0.80124,384,2,0
2025-07-21 08:45:00,0.80124,0.80126,0.80104,0.8012,328,2,0
2025-07-21 09:00:00,0.8012,0.80141,0.80095,0.80105,877,2,0
2025-07-21 09:15:00,0.80105,0.80131,0.80086,0.80091,476,2,0
2025-07-21 09:30:00,0.80091,0.80093,0.80038,0.80041,724,2,0
2025-07-21 09:45:00,0.80041,0.80059,0.8002,0.80036,613,2,0
2025-07-21 10:00:00,0.80036,0.80062,0.80018,0.80061,662,2,0
2025-07-21 10:15:00,0.80061,0.80114,0.80061,0.80095,538,2,0
2025-07-21 10:30:00,0.80095,0.80123,0.80059,0.80082,638,2,0
2025-07-21 10:45:00,0.80082,0.80111,0.80065,0.80069,652,2,0
2025-07-21 11:00:00,0.80069,0.80102,0.80061,0.80083,612,2,0
2025-07-21 11:15:00,0.80083,0.80084,0.80021,0.80024,517,0,0
2025-07-21 11:30:00,0.80024,0.80026,0.79959,0.79988,656,2,0
2025-07-21 11:45:00,0.79988,0.8004,0.79969,0.80027,504,2,0
2025-07-21 12:00:00,0.80027,0.80068,0.80017,0.80047,490,2,0
2025-07-21 12:15:00,0.80047,0.80074,0.80041,0.80057,377,2,0
2025-07-21 12:30:00,0.80057,0.80086,0.80031,0.80036,513,2,0
2025-07-21 12:45:00,0.80036,0.8007,0.8003,0.80068,518,2,0
2025-07-21 13:00:00,0.80066,0.80122,0.80056,0.80117,577,2,0
2025-07-21 13:15:00,0.80117,0.80137,0.80068,0.80068,664,2,0
2025-07-21 13:30:00,0.80068,0.8007,0.80048,0.80049,617,2,0
2025-07-21 13:45:00,0.80049,0.80049,0.80028,0.80036,572,2,0
2025-07-21 14:00:00,0.80036,0.80044,0.79909,0.79917,653,2,0
2025-07-21 14:15:00,0.79917,0.79973,0.79899,0.79962,876,2,0
2025-07-21 14:30:00,0.79962,0.79977,0.79931,0.79932,661,2,0
2025-07-21 14:45:00,0.79932,0.79944,0.79896,0.79906,643,2,0
2025-07-21 15:00:00,0.79906,0.79941,0.79888,0.79917,567,2,0
2025-07-21 15:15:00,0.79917,0.79935,0.79892,0.79929,520,2,0
2025-07-21 15:30:00,0.79929,0.79942,0.79902,0.79938,473,2,0
2025-07-21 15:45:00,0.79938,0.79962,0.79909,0.79927,521,2,0
2025-07-21 16:00:00,0.79927,0.79961,0.79921,0.79935,540,2,0
2025-07-21 16:15:00,0.79935,0.79949,0.79905,0.79909,537,2,0
2025-07-21 16:30:00,0.79909,0.79931,0.79891,0.79893,504,2,0
2025-07-21 16:45:00,0.79893,0.79959,0.79892,0.79942,711,2,0
2025-07-21 17:00:00,0.79942,0.79956,0.79819,0.79865,1407,2,0
2025-07-21 17:15:00,0.79865,0.79906,0.79829,0.79873,1035,2,0
2025-07-21 17:30:00,0.79873,0.79876,0.7979,0.79837,780,2,0
2025-07-21 17:45:00,0.79837,0.79854,0.79756,0.79779,1284,0,0
2025-07-21 18:00:00,0.79781,0.79789,0.79701,0.79711,849,2,0
2025-07-21 18:15:00,0.79711,0.79718,0.79653,0.79676,677,2,0
2025-07-21 18:30:00,0.79676,0.79725,0.79657,0.79722,700,2,0
2025-07-21 18:45:00,0.79722,0.79747,0.79699,0.79733,616,2,0
2025-07-21 19:00:00,0.79733,0.79768,0.797,0.7974,621,2,0
2025-07-21 19:15:00,0.7974,0.79771,0.79735,0.79742,602,2,0
2025-07-21 19:30:00,0.79742,0.79748,0.79706,0.79715,450,2,0
2025-07-21 19:45:00,0.79714,0.79759,0.79701,0.79756,407,2,0
2025-07-21 20:00:00,0.79756,0.79804,0.79748,0.79797,438,2,0
2025-07-21 20:15:00,0.79797,0.79829,0.79796,0.79806,397,2,0
2025-07-21 20:30:00,0.79806,0.79833,0.79785,0.79789,355,2,0
2025-07-21 20:45:00,0.79789,0.79811,0.7978,0.79806,260,2,0
2025-07-21 21:00:00,0.79806,0.79815,0.79791,0.79809,219,2,0
2025-07-21 21:15:00,0.79809,0.7981,0.79774,0.7978,351,2,0
2025-07-21 21:30:00,0.7978,0.7982,0.7978,0.79819,305,2,0
2025-07-21 21:45:00,0.79819,0.79829,0.79779,0.79787,542,2,0
2025-07-21 22:00:00,0.79787,0.79804,0.7978,0.79783,268,2,0
2025-07-21 22:15:00,0.79783,0.79832,0.79783,0.79825,246,2,0
2025-07-21 22:30:00,0.79825,0.7983,0.79809,0.79812,155,2,0
2025-07-21 22:45:00,0.79812,0.79839,0.79811,0.79834,225,2,0
2025-07-21 23:00:00,0.79834,0.79849,0.79832,0.79844,108,2,0
2025-07-21 23:15:00,0.79844,0.79852,0.79832,0.79841,143,2,0
2025-07-21 23:30:00,0.79841,0.79844,0.79797,0.79803,130,2,0
2025-07-21 23:45:00,0.79803,0.79804,0.79749,0.7975,173,12,0
2025-07-22 00:00:00,0.79735,0.79809,0.79657,0.79734,30,66,0
2025-07-22 00:15:00,0.79734,0.79744,0.79661,0.79744,100,102,0
2025-07-22 00:30:00,0.79744,0.79773,0.79707,0.79746,836,70,0
2025-07-22 00:45:00,0.79746,0.79768,0.79668,0.79708,652,70,0
2025-07-22 01:00:00,0.79708,0.79795,0.79671,0.79781,270,2,0
2025-07-22 01:15:00,0.79781,0.79783,0.79768,0.79779,194,2,0
2025-07-22 01:30:00,0.79779,0.79796,0.79779,0.79794,343,2,0
2025-07-22 01:45:00,0.79794,0.79812,0.79788,0.79803,210,2,0
2025-07-22 02:00:00,0.79803,0.79818,0.79801,0.79818,137,2,0
2025-07-22 02:15:00,0.79818,0.79833,0.79816,0.79831,199,2,0
2025-07-22 02:30:00,0.79831,0.79833,0.79812,0.79822,157,2,0
2025-07-22 02:45:00,0.79822,0.79827,0.79797,0.79814,227,2,0
2025-07-22 03:00:00,0.79814,0.79911,0.79802,0.79909,376,2,0
2025-07-22 03:15:00,0.79909,0.79919,0.7986,0.79862,208,2,0
2025-07-22 03:30:00,0.79862,0.79867,0.79815,0.79822,198,2,0
2025-07-22 03:45:00,0.79822,0.79846,0.79809,0.79827,323,2,0
2025-07-22 04:00:00,0.79827,0.7985,0.79816,0.79833,275,2,0
2025-07-22 04:15:00,0.79833,0.79846,0.79817,0.7984,228,2,0
2025-07-22 04:30:00,0.79841,0.79875,0.79814,0.79864,241,2,0
2025-07-22 04:45:00,0.79864,0.79864,0.79822,0.79826,305,2,0
2025-07-22 05:00:00,0.79826,0.79828,0.79773,0.79774,262,2,0
2025-07-22 05:15:00,0.79774,0.798,0.79764,0.79795,265,2,0
2025-07-22 05:30:00,0.79795,0.79816,0.79795,0.798,202,2,0
2025-07-22 05:45:00,0.798,0.79803,0.79785,0.79801,282,2,0
2025-07-22 06:00:00,0.79801,0.79829,0.79797,0.79823,201,2,0
2025-07-22 06:15:00,0.79823,0.79827,0.79808,0.79823,190,2,0
2025-07-22 06:30:00,0.79823,0.79839,0.79816,0.79816,157,2,0
2025-07-22 06:45:00,0.79816,0.79841,0.79809,0.79833,160,2,0
2025-07-22 07:00:00,0.79833,0.79839,0.79808,0.79813,189,2,0
2025-07-22 07:15:00,0.79813,0.79817,0.79772,0.79778,144,2,0
2025-07-22 07:30:00,0.79778,0.79802,0.79776,0.79791,174,2,0
2025-07-22 07:45:00,0.79791,0.79796,0.79744,0.79781,234,2,0
2025-07-22 08:00:00,0.79781,0.79783,0.79758,0.79777,313,2,0
2025-07-22 08:15:00,0.79777,0.79846,0.79777,0.79823,257,2,0
2025-07-22 08:30:00,0.79823,0.79844,0.79817,0.79844,229,2,0
2025-07-22 08:45:00,0.79844,0.79863,0.79824,0.79828,266,2,0
2025-07-22 09:00:00,0.79828,0.7986,0.79826,0.79854,266,2,0
2025-07-22 09:15:00,0.79854,0.7988,0.79824,0.79868,323,2,0
2025-07-22 09:30:00,0.79868,0.79872,0.79845,0.79863,598,2,0
2025-07-22 09:45:00,0.79863,0.79866,0.7982,0.79831,640,2,0
2025-07-22 10:00:00,0.79831,0.79871,0.7982,0.79844,826,2,0
2025-07-22 10:15:00,0.79844,0.79846,0.79774,0.79783,431,2,0
2025-07-22 10:30:00,0.79783,0.79788,0.79733,0.79743,421,2,0
2025-07-22 10:45:00,0.79743,0.79766,0.79701,0.79742,740,2,0
2025-07-22 11:00:00,0.79742,0.79775,0.79711,0.79738,602,2,0
2025-07-22 11:15:00,0.79738,0.79761,0.79725,0.79736,527,2,0
2025-07-22 11:30:00,0.79736,0.79737,0.79653,0.79705,647,2,0
2025-07-22 11:45:00,0.79705,0.79712,0.79697,0.79705,449,2,0
2025-07-22 12:00:00,0.79705,0.79734,0.79696,0.79728,503,2,0
2025-07-22 12:15:00,0.79728,0.79749,0.79711,0.79741,519,2,0
2025-07-22 12:30:00,0.7974,0.79786,0.79739,0.79754,500,2,0
2025-07-22 12:45:00,0.79754,0.79759,0.79721,0.79726,490,2,0
2025-07-22 13:00:00,0.79726,0.79734,0.79699,0.79703,543,2,0
2025-07-22 13:15:00,0.79703,0.79731,0.79698,0.79729,398,2,0
2025-07-22 13:30:00,0.79729,0.79743,0.79703,0.79705,390,2,0
2025-07-22 13:45:00,0.79705,0.79729,0.79697,0.79718,559,1,0
2025-07-22 14:00:00,0.79718,0.79734,0.797,0.79701,456,2,0
2025-07-22 14:15:00,0.79701,0.79734,0.79698,0.79723,421,2,0
2025-07-22 14:30:00,0.79723,0.79723,0.7967,0.79682,641,2,0
2025-07-22 14:45:00,0.79684,0.79749,0.7967,0.79681,856,2,0
2025-07-22 15:00:00,0.79681,0.79744,0.79664,0.79744,432,2,0
2025-07-22 15:15:00,0.79744,0.79822,0.79743,0.79809,534,2,0
2025-07-22 15:30:00,0.79809,0.79828,0.79764,0.79791,558,2,0
2025-07-22 15:45:00,0.79791,0.79821,0.79753,0.79766,926,2,0
2025-07-22 16:00:00,0.79766,0.79833,0.79724,0.79802,914,2,0
2025-07-22 16:15:00,0.79802,0.79814,0.79742,0.79781,637,2,0
2025-07-22 16:30:00,0.79782,0.79801,0.79682,0.79705,1246,2,0
2025-07-22 16:45:00,0.79705,0.79735,0.79603,0.79643,1534,2,0
2025-07-22 17:00:00,0.79643,0.79702,0.79624,0.79647,1225,2,0
2025-07-22 17:15:00,0.79647,0.79677,0.79625,0.79669,802,2,0
2025-07-22 17:30:00,0.79669,0.79695,0.79649,0.79653,781,2,0
2025-07-22 17:45:00,0.79653,0.79663,0.79522,0.79564,1377,0,0
2025-07-22 18:00:00,0.79564,0.79571,0.79362,0.79365,1219,2,0
2025-07-22 18:15:00,0.79365,0.79374,0.79312,0.79354,696,2,0
2025-07-22 18:30:00,0.79356,0.79393,0.79262,0.79315,1080,2,0
2025-07-22 18:45:00,0.79315,0.79353,0.79264,0.79267,790,2,0
2025-07-22 19:00:00,0.79267,0.79302,0.79212,0.79235,677,2,0
2025-07-22 19:15:00,0.79235,0.7926,0.79212,0.79227,629,2,0
2025-07-22 19:30:00,0.79227,0.79266,0.79204,0.79218,449,2,0
2025-07-22 19:45:00,0.79218,0.79249,0.79204,0.79223,313,2,0
2025-07-22 20:00:00,0.79223,0.79261,0.79218,0.79257,441,2,0
2025-07-22 20:15:00,0.79257,0.79277,0.79243,0.79268,498,2,0
2025-07-22 20:30:00,0.79268,0.79303,0.79265,0.79292,562,2,0
2025-07-22 20:45:00,0.79292,0.79309,0.79269,0.79303,285,2,0
2025-07-22 21:00:00,0.79303,0.79315,0.79271,0.79308,382,2,0
2025-07-22 21:15:00,0.79308,0.79308,0.79284,0.79297,271,2,0
2025-07-22 21:30:00,0.79297,0.79299,0.79268,0.79276,393,2,0
2025-07-22 21:45:00,0.79276,0.7928,0.79261,0.79273,304,2,0
2025-07-22 22:00:00,0.79273,0.79297,0.79247,0.7925,277,2,0
2025-07-22 22:15:00,0.7925,0.79256,0.79229,0.79249,140,2,0
2025-07-22 22:30:00,0.79249,0.79264,0.79234,0.79234,203,2,0
2025-07-22 22:45:00,0.79234,0.79251,0.79228,0.79248,233,2,0
2025-07-22 23:00:00,0.79248,0.79277,0.79238,0.79271,192,2,0
2025-07-22 23:15:00,0.79271,0.79279,0.79257,0.79265,134,2,0
2025-07-22 23:30:00,0.79265,0.79265,0.79206,0.79208,147,2,0
2025-07-22 23:45:00,0.79208,0.79216,0.79174,0.79186,278,12,0
2025-07-23 00:00:00,0.7918,0.79187,0.79116,0.79186,221,97,0
2025-07-23 00:15:00,0.79186,0.79188,0.7916,0.79185,201,102,0
2025-07-23 00:30:00,0.79185,0.7919,0.79152,0.79168,444,125,0
2025-07-23 00:45:00,0.79168,0.79173,0.7909,0.79159,415,140,0
2025-07-23 01:00:00,0.79159,0.79253,0.79153,0.79252,220,2,0
2025-07-23 01:15:00,0.79252,0.79262,0.79237,0.79249,241,2,0
2025-07-23 01:30:00,0.79249,0.7927,0.79248,0.79252,260,2,0
2025-07-23 01:45:00,0.79252,0.79264,0.79245,0.79263,201,2,0
2025-07-23 02:00:00,0.79263,0.79271,0.79217,0.79219,345,2,0
2025-07-23 02:15:00,0.79219,0.79326,0.79219,0.79322,560,2,0
2025-07-23 02:30:00,0.79322,0.79363,0.79305,0.7935,280,2,0
2025-07-23 02:45:00,0.7935,0.79383,0.79344,0.79375,467,2,0
2025-07-23 03:00:00,0.79375,0.79403,0.7935,0.79386,521,2,0
2025-07-23 03:15:00,0.79386,0.79388,0.79315,0.79318,674,2,0
2025-07-23 03:30:00,0.79318,0.79367,0.79317,0.79349,357,2,0
2025-07-23 03:45:00,0.79349,0.79353,0.79293,0.79308,517,2,0
2025-07-23 04:00:00,0.79308,0.79377,0.79302,0.79351,517,2,0
2025-07-23 04:15:00,0.79351,0.79374,0.79326,0.7934,392,2,0
2025-07-23 04:30:00,0.7934,0.79405,0.79324,0.79394,363,2,0
2025-07-23 04:45:00,0.79394,0.79403,0.79344,0.79371,588,2,0
2025-07-23 05:00:00,0.79371,0.79371,0.79334,0.79353,236,2,0
2025-07-23 05:15:00,0.79353,0.79375,0.79329,0.79368,783,2,0
2025-07-23 05:30:00,0.79368,0.7939,0.7935,0.79367,364,2,0
2025-07-23 05:45:00,0.79367,0.794,0.79358,0.79385,245,2,0
2025-07-23 06:00:00,0.79385,0.79387,0.79353,0.79355,159,2,0
2025-07-23 06:15:00,0.79355,0.79357,0.79287,0.79294,239,2,0
2025-07-23 06:30:00,0.79294,0.79299,0.79276,0.79287,247,2,0
2025-07-23 06:45:00,0.79287,0.79331,0.7928,0.79326,181,2,0
2025-07-23 07:00:00,0.79326,0.79374,0.79322,0.79336,223,2,0
2025-07-23 07:15:00,0.79336,0.79423,0.79328,0.79388,240,2,0
2025-07-23 07:30:00,0.79388,0.79397,0.79372,0.79382,151,2,0
2025-07-23 07:45:00,0.79382,0.79394,0.79365,0.79378,141,2,0
2025-07-23 08:00:00,0.79378,0.79405,0.79357,0.79403,192,2,0
2025-07-23 08:15:00,0.79403,0.79416,0.79384,0.79397,174,2,0
2025-07-23 08:30:00,0.79397,0.79434,0.79386,0.7943,370,2,0
2025-07-23 08:45:00,0.7943,0.79449,0.79417,0.79422,281,2,0
2025-07-23 09:00:00,0.79422,0.79422,0.79364,0.79381,424,2,0
2025-07-23 09:15:00,0.79381,0.79399,0.79338,0.79348,409,2,0
2025-07-23 09:30:00,0.79349,0.79376,0.79338,0.79345,980,2,0
2025-07-23 09:45:00,0.79345,0.79346,0.79305,0.79307,501,2,0
2025-07-23 10:00:00,0.79307,0.79315,0.79187,0.79193,988,2,0
2025-07-23 10:15:00,0.79193,0.79227,0.79152,0.79208,806,2,0
2025-07-23 10:30:00,0.79208,0.79229,0.7917,0.79226,654,2,0
2025-07-23 10:45:00,0.79226,0.7926,0.79178,0.7918,674,2,0
2025-07-23 11:00:00,0.7918,0.79223,0.79107,0.79141,793,2,0
2025-07-23 11:15:00,0.79141,0.79212,0.79136,0.79195,630,2,0
2025-07-23 11:30:00,0.79195,0.79251,0.79177,0.7925,662,2,0
2025-07-23 11:45:00,0.79249,0.79284,0.79248,0.79263,511,2,0
2025-07-23 12:00:00,0.79263,0.79276,0.79233,0.79259,576,2,0
2025-07-23 12:15:00,0.79259,0.7928,0.7925,0.79261,321,2,0
2025-07-23 12:30:00,0.79261,0.79285,0.79243,0.79247,458,2,0
2025-07-23 12:45:00,0.79247,0.7926,0.7922,0.79258,569,2,0
2025-07-23 13:00:00,0.79258,0.793,0.79252,0.79267,501,2,0
2025-07-23 13:15:00,0.79267,0.79305,0.79259,0.79265,493,2,0
2025-07-23 13:30:00,0.79265,0.79275,0.79243,0.79257,423,2,0
2025-07-23 13:45:00,0.79257,0.79312,0.79246,0.79296,471,2,0
2025-07-23 14:00:00,0.79296,0.79352,0.7929,0.79352,718,2,0
2025-07-23 14:15:00,0.79352,0.79375,0.79303,0.79352,677,2,0
2025-07-23 14:30:00,0.79352,0.79366,0.79331,0.79341,512,2,0
2025-07-23 14:45:00,0.79341,0.79365,0.79313,0.79335,680,2,0
2025-07-23 15:00:00,0.79335,0.79363,0.79313,0.79346,660,2,0
2025-07-23 15:15:00,0.79346,0.79367,0.79298,0.79364,520,2,0
2025-07-23 15:30:00,0.79364,0.79407,0.79357,0.79378,738,2,0
2025-07-23 15:45:00,0.79378,0.79397,0.79359,0.79365,653,2,0
2025-07-23 16:00:00,0.79365,0.79433,0.79348,0.79377,928,2,0
2025-07-23 16:15:00,0.79377,0.79412,0.79349,0.79404,696,2,0
2025-07-23 16:30:00,0.79404,0.79495,0.7938,0.7948,955,2,0
2025-07-23 16:45:00,0.79479,0.79481,0.79389,0.79402,1056,2,0
2025-07-23 17:00:00,0.79402,0.79402,0.79332,0.79382,960,2,0
2025-07-23 17:15:00,0.79382,0.79461,0.79381,0.79449,847,2,0
2025-07-23 17:30:00,0.79451,0.7947,0.79337,0.79354,843,2,0
2025-07-23 17:45:00,0.79354,0.79422,0.79343,0.79381,964,2,0
2025-07-23 18:00:00,0.79381,0.79425,0.79339,0.79339,669,2,0
2025-07-23 18:15:00,0.79339,0.79383,0.79324,0.79383,487,2,0
2025-07-23 18:30:00,0.79383,0.7945,0.79376,0.79439,820,2,0
2025-07-23 18:45:00,0.79439,0.79442,0.79323,0.79369,1154,2,0
2025-07-23 19:00:00,0.79368,0.79444,0.79334,0.79439,1738,2,0
2025-07-23 19:15:00,0.79439,0.79441,0.79377,0.79413,934,2,0
2025-07-23 19:30:00,0.79414,0.79414,0.79349,0.79382,834,2,0
2025-07-23 19:45:00,0.79382,0.79455,0.7938,0.79437,550,2,0
2025-07-23 20:00:00,0.79437,0.79437,0.79382,0.79412,882,2,0
2025-07-23 20:15:00,0.79412,0.79421,0.79376,0.79421,634,2,0
2025-07-23 20:30:00,0.79421,0.79443,0.79409,0.79443,358,2,0
2025-07-23 20:45:00,0.79443,0.79474,0.7937,0.7939,1031,2,0
2025-07-23 21:00:00,0.7939,0.7939,0.79348,0.79353,696,2,0
2025-07-23 21:15:00,0.79353,0.79359,0.79304,0.79308,595,2,0
2025-07-23 21:30:00,0.79308,0.79323,0.7928,0.79292,548,2,0
2025-07-23 21:45:00,0.79292,0.79301,0.79266,0.79277,550,2,0
2025-07-23 22:00:00,0.79277,0.7928,0.7925,0.7925,286,2,0
2025-07-23 22:15:00,0.7925,0.79258,0.79236,0.79255,277,2,0
2025-07-23 22:30:00,0.79255,0.79262,0.79228,0.79235,218,2,0
2025-07-23 22:45:00,0.79235,0.79238,0.79194,0.79213,315,2,0
2025-07-23 23:00:00,0.79213,0.79225,0.79195,0.79212,257,2,0
2025-07-23 23:15:00,0.79212,0.79224,0.79204,0.79219,172,2,0
2025-07-23 23:30:00,0.79219,0.7926,0.79212,0.7925,343,2,0
2025-07-23 23:45:00,0.7925,0.7927,0.79199,0.79223,607,12,0
2025-07-24 00:00:00,0.79149,0.79197,0.79098,0.79196,20,134,0
2025-07-24 00:15:00,0.79196,0.79224,0.79101,0.79101,121,132,0
2025-07-24 00:30:00,0.79101,0.79121,0.79101,0.79103,53,196,0
2025-07-24 00:45:00,0.79103,0.79185,0.79093,0.79146,620,148,0
2025-07-24 01:00:00,0.79146,0.79207,0.79146,0.79185,645,42,0
2025-07-24 01:15:00,0.79185,0.79219,0.79167,0.79213,329,2,0
2025-07-24 01:30:00,0.79213,0.79216,0.79202,0.79208,345,2,0
2025-07-24 01:45:00,0.79208,0.79223,0.79207,0.79217,188,2,0
2025-07-24 02:00:00,0.79218,0.7922,0.79205,0.79213,325,2,0
2025-07-24 02:15:00,0.79213,0.79214,0.79168,0.79177,274,2,0
2025-07-24 02:30:00,0.79177,0.79201,0.79175,0.79198,106,2,0
2025-07-24 02:45:00,0.79198,0.79224,0.79191,0.79221,268,2,0
2025-07-24 03:00:00,0.79221,0.79267,0.79219,0.7926,556,2,0
2025-07-24 03:15:00,0.7926,0.79265,0.79223,0.79232,495,2,0
2025-07-24 03:30:00,0.79232,0.79281,0.79231,0.79275,564,2,0
2025-07-24 03:45:00,0.79275,0.79287,0.79249,0.79267,783,2,0
2025-07-24 04:00:00,0.79267,0.79268,0.79186,0.79208,574,2,0
2025-07-24 04:15:00,0.79208,0.79232,0.7918,0.7918,611,2,0
2025-07-24 04:30:00,0.7918,0.792,0.79154,0.79168,449,2,0
2025-07-24 04:45:00,0.79168,0.79193,0.79168,0.79184,360,2,0
2025-07-24 05:00:00,0.79184,0.79234,0.79183,0.79213,233,2,0
2025-07-24 05:15:00,0.79213,0.79214,0.79185,0.79195,244,2,0
2025-07-24 05:30:00,0.79195,0.79225,0.7919,0.79204,171,2,0
2025-07-24 05:45:00,0.79204,0.79204,0.79169,0.79185,139,2,0
2025-07-24 06:00:00,0.79185,0.79185,0.79161,0.79169,244,2,0
2025-07-24 06:15:00,0.79169,0.79198,0.79169,0.79198,253,2,0
2025-07-24 06:30:00,0.79198,0.79212,0.79177,0.79179,199,2,0
2025-07-24 06:45:00,0.79179,0.79216,0.79173,0.7921,223,2,0
2025-07-24 07:00:00,0.7921,0.79231,0.79208,0.79209,210,2,0
2025-07-24 07:15:00,0.79209,0.79217,0.79198,0.79211,135,2,0
2025-07-24 07:30:00,0.79211,0.79227,0.79205,0.79227,119,2,0
2025-07-24 07:45:00,0.79227,0.79253,0.79227,0.79249,167,2,0
2025-07-24 08:00:00,0.79249,0.79266,0.79241,0.79257,183,2,0
2025-07-24 08:15:00,0.79257,0.79262,0.7922,0.79241,176,2,0
2025-07-24 08:30:00,0.79241,0.79244,0.79227,0.79235,304,2,0
2025-07-24 08:45:00,0.79235,0.79259,0.79227,0.79245,280,2,0
2025-07-24 09:00:00,0.79245,0.79296,0.79243,0.79285,352,2,0
2025-07-24 09:15:00,0.79285,0.79308,0.79257,0.79279,365,2,0
2025-07-24 09:30:00,0.79279,0.79302,0.79262,0.79291,608,2,0
2025-07-24 09:45:00,0.79291,0.79311,0.79265,0.79309,635,2,0
2025-07-24 10:00:00,0.79309,0.79347,0.79274,0.79276,816,2,0
2025-07-24 10:15:00,0.79276,0.79297,0.79248,0.79252,753,2,0
2025-07-24 10:30:00,0.79252,0.79333,0.79252,0.79324,569,2,0
2025-07-24 10:45:00,0.79324,0.7937,0.79324,0.79341,644,2,0
2025-07-24 11:00:00,0.7934,0.79394,0.79328,0.79367,768,2,0
2025-07-24 11:15:00,0.79367,0.7937,0.79328,0.79361,667,2,0
2025-07-24 11:30:00,0.79361,0.79382,0.79313,0.79336,733,2,0
2025-07-24 11:45:00,0.79336,0.79411,0.79325,0.79393,667,2,0
2025-07-24 12:00:00,0.79393,0.79444,0.79385,0.79427,769,2,0
2025-07-24 12:15:00,0.79427,0.79447,0.79407,0.79441,708,2,0
2025-07-24 12:30:00,0.79441,0.79463,0.79429,0.79446,633,2,0
2025-07-24 12:45:00,0.79446,0.79473,0.79434,0.79434,513,2,0
2025-07-24 13:00:00,0.79434,0.79496,0.79426,0.79488,602,2,0
2025-07-24 13:15:00,0.79488,0.79517,0.79476,0.79481,551,2,0
2025-07-24 13:30:00,0.79481,0.79513,0.79462,0.79493,507,2,0
2025-07-24 13:45:00,0.79493,0.79496,0.79456,0.79472,515,2,0
2025-07-24 14:00:00,0.79472,0.79486,0.79453,0.79455,485,2,0
2025-07-24 14:15:00,0.79455,0.79468,0.79434,0.79463,544,2,0
2025-07-24 14:30:00,0.79463,0.79476,0.79432,0.79461,607,2,0
2025-07-24 14:45:00,0.79461,0.79471,0.79387,0.79398,680,2,0
2025-07-24 15:00:00,0.79398,0.79479,0.79381,0.79429,679,2,0
2025-07-24 15:15:00,0.79427,0.79466,0.79415,0.79463,661,2,0
2025-07-24 15:30:00,0.79462,0.79589,0.7943,0.79562,1141,2,0
2025-07-24 15:45:00,0.79562,0.79569,0.79497,0.79544,1072,2,0
2025-07-24 16:00:00,0.79544,0.79575,0.79446,0.79477,1707,2,0
2025-07-24 16:15:00,0.7948,0.7952,0.79411,0.79448,1077,2,0
2025-07-24 16:30:00,0.79449,0.79507,0.79403,0.79438,1345,2,0
2025-07-24 16:45:00,0.79436,0.79524,0.79398,0.79435,1299,2,0
2025-07-24 17:00:00,0.79435,0.79435,0.79323,0.79326,1341,2,0
2025-07-24 17:15:00,0.79324,0.79396,0.7931,0.7938,1127,1,0
2025-07-24 17:30:00,0.7938,0.79404,0.7935,0.79368,885,2,0
2025-07-24 17:45:00,0.79368,0.79519,0.79367,0.79485,1075,2,0
2025-07-24 18:00:00,0.79485,0.79583,0.7947,0.79581,981,2,0
2025-07-24 18:15:00,0.79581,0.79608,0.79457,0.79481,1227,2,0
2025-07-24 18:30:00,0.79481,0.79561,0.79476,0.79527,772,2,0
2025-07-24 18:45:00,0.79527,0.79577,0.79507,0.79577,582,2,0
2025-07-24 19:00:00,0.79577,0.79588,0.79482,0.79531,658,2,0
2025-07-24 19:15:00,0.79531,0.79566,0.79518,0.79526,569,2,0
2025-07-24 19:30:00,0.79526,0.79527,0.79437,0.79444,731,2,0
2025-07-24 19:45:00,0.79444,0.7946,0.79412,0.79453,584,2,0
2025-07-24 20:00:00,0.7945,0.79468,0.79408,0.79419,594,2,0
2025-07-24 20:15:00,0.79419,0.7943,0.79373,0.79388,459,2,0
2025-07-24 20:30:00,0.79388,0.79393,0.79372,0.79378,318,2,0
2025-07-24 20:45:00,0.79378,0.79399,0.79354,0.79397,437,2,0
2025-07-24 21:00:00,0.79397,0.79441,0.7939,0.79438,321,2,0
2025-07-24 21:15:00,0.79438,0.79447,0.79428,0.79428,335,2,0
2025-07-24 21:30:00,0.79428,0.79436,0.79415,0.79421,424,2,0
2025-07-24 21:45:00,0.7942,0.79446,0.79402,0.79437,334,2,0
2025-07-24 22:00:00,0.79437,0.79478,0.79436,0.79459,135,2,0
2025-07-24 22:15:00,0.79459,0.79459,0.79402,0.79417,175,2,0
2025-07-24 22:30:00,0.79417,0.79431,0.79411,0.79417,201,2,0
2025-07-24 22:45:00,0.79417,0.79486,0.79409,0.79482,301,2,0
2025-07-24 23:00:00,0.79482,0.79492,0.79459,0.79464,419,2,0
2025-07-24 23:15:00,0.79464,0.79493,0.79461,0.79482,178,2,0
2025-07-24 23:30:00,0.79482,0.79535,0.79477,0.7952,243,2,0
2025-07-24 23:45:00,0.7952,0.79557,0.79508,0.79518,548,12,0
2025-07-25 00:00:00,0.79439,0.79493,0.79379,0.79475,24,92,0
2025-07-25 00:15:00,0.79475,0.79475,0.79339,0.79354,121,120,0
2025-07-25 00:30:00,0.79354,0.79419,0.79335,0.79411,656,220,0
2025-07-25 00:45:00,0.79399,0.79426,0.79359,0.79391,314,190,0
2025-07-25 01:00:00,0.79391,0.79578,0.79359,0.79561,246,2,0
2025-07-25 01:15:00,0.79561,0.79567,0.79541,0.79544,81,2,0
2025-07-25 01:30:00,0.79544,0.79552,0.79538,0.79548,115,2,0
2025-07-25 01:45:00,0.79548,0.79549,0.79515,0.79524,165,2,0
2025-07-25 02:00:00,0.79524,0.79527,0.79506,0.79509,111,2,0
2025-07-25 02:15:00,0.79509,0.79515,0.79497,0.79515,95,2,0
2025-07-25 02:30:00,0.79515,0.79538,0.79506,0.7951,179,2,0
2025-07-25 02:45:00,0.7951,0.7951,0.79478,0.79491,316,2,0
2025-07-25 03:00:00,0.79492,0.79575,0.7947,0.79559,642,2,0
2025-07-25 03:15:00,0.79559,0.79561,0.79528,0.79529,361,2,0
2025-07-25 03:30:00,0.79529,0.79535,0.79501,0.79509,363,2,0
2025-07-25 03:45:00,0.79509,0.79579,0.79503,0.79559,542,2,0
2025-07-25 04:00:00,0.79559,0.79606,0.79522,0.79605,292,2,0
2025-07-25 04:15:00,0.79605,0.79628,0.79599,0.79618,450,2,0
2025-07-25 04:30:00,0.79618,0.79663,0.79617,0.79649,510,2,0
2025-07-25 04:45:00,0.79649,0.79669,0.79638,0.79643,513,2,0
2025-07-25 05:00:00,0.79643,0.79667,0.79641,0.79647,233,2,0
2025-07-25 05:15:00,0.79647,0.79676,0.79642,0.79646,175,2,0
2025-07-25 05:30:00,0.79646,0.79656,0.79638,0.79651,174,2,0
2025-07-25 05:45:00,0.79651,0.79658,0.79631,0.7964,194,2,0
2025-07-25 06:00:00,0.7964,0.79653,0.7963,0.79648,211,2,0
2025-07-25 06:15:00,0.79648,0.79651,0.79633,0.79636,155,2,0
2025-07-25 06:30:00,0.79636,0.79642,0.79603,0.79604,172,2,0
2025-07-25 06:45:00,0.79604,0.79613,0.79595,0.79613,190,2,0
2025-07-25 07:00:00,0.79612,0.79614,0.7959,0.79594,263,2,0
2025-07-25 07:15:00,0.79594,0.79622,0.79594,0.79618,134,2,0
2025-07-25 07:30:00,0.79618,0.79655,0.79606,0.79636,208,2,0
2025-07-25 07:45:00,0.79636,0.79636,0.79591,0.79603,178,2,0
2025-07-25 08:00:00,0.79603,0.79641,0.79592,0.79612,257,2,0
2025-07-25 08:15:00,0.79612,0.79621,0.796,0.79614,205,2,0
2025-07-25 08:30:00,0.79614,0.79615,0.79581,0.79594,244,2,0
2025-07-25 08:45:00,0.79594,0.79601,0.79538,0.79577,463,2,0
2025-07-25 09:00:00,0.79577,0.79599,0.79553,0.79565,504,2,0
2025-07-25 09:15:00,0.79565,0.796,0.79562,0.79566,364,2,0
2025-07-25 09:30:00,0.79566,0.79576,0.79474,0.79474,717,2,0
2025-07-25 09:45:00,0.79474,0.79567,0.79472,0.79544,688,2,0
2025-07-25 10:00:00,0.79544,0.79568,0.79513,0.79514,788,2,0
2025-07-25 10:15:00,0.79514,0.79559,0.79502,0.79538,678,2,0
2025-07-25 10:30:00,0.79538,0.79563,0.79505,0.79521,754,2,0
2025-07-25 10:45:00,0.79521,0.79575,0.79507,0.79559,725,2,0
2025-07-25 11:00:00,0.79559,0.79601,0.79546,0.79597,837,2,0
2025-07-25 11:15:00,0.79597,0.79603,0.79581,0.79589,543,2,0
2025-07-25 11:30:00,0.79589,0.79595,0.79525,0.79542,763,2,0
2025-07-25 11:45:00,0.79542,0.79602,0.79539,0.79595,510,2,0
2025-07-25 12:00:00,0.79595,0.79691,0.79585,0.79677,773,2,0
2025-07-25 12:15:00,0.79677,0.7969,0.79637,0.79659,462,2,0
2025-07-25 12:30:00,0.79659,0.79671,0.79627,0.79654,486,2,0
2025-07-25 12:45:00,0.79654,0.79699,0.79642,0.79672,480,2,0
2025-07-25 13:00:00,0.79672,0.79684,0.79632,0.79632,391,2,0
2025-07-25 13:15:00,0.79632,0.79663,0.79598,0.79618,748,2,0
2025-07-25 13:30:00,0.79618,0.79623,0.79577,0.79611,464,2,0
2025-07-25 13:45:00,0.79611,0.79689,0.79609,0.79686,603,2,0
2025-07-25 14:00:00,0.79686,0.7972,0.79662,0.79699,534,2,0
2025-07-25 14:15:00,0.79699,0.79764,0.79696,0.79736,531,2,0
2025-07-25 14:30:00,0.79736,0.79737,0.79655,0.79659,532,2,0
2025-07-25 14:45:00,0.79659,0.797,0.79642,0.79678,565,2,0
2025-07-25 15:00:00,0.79678,0.79697,0.79672,0.79692,406,2,0
2025-07-25 15:15:00,0.79692,0.79744,0.79684,0.79744,445,2,0
2025-07-25 15:30:00,0.79744,0.79759,0.79692,0.7971,692,2,0
2025-07-25 15:45:00,0.7971,0.79758,0.79692,0.79724,618,2,0
2025-07-25 16:00:00,0.79724,0.7976,0.79648,0.79733,1588,2,0
2025-07-25 16:15:00,0.79731,0.79738,0.7962,0.79669,1304,2,0
2025-07-25 16:30:00,0.79669,0.79794,0.79669,0.79786,1041,2,0
2025-07-25 16:45:00,0.79786,0.79795,0.7968,0.79689,1155,2,0
2025-07-25 17:00:00,0.79689,0.79693,0.79609,0.79649,899,2,0
2025-07-25 17:15:00,0.79649,0.79667,0.79611,0.79632,659,2,0
2025-07-25 17:30:00,0.79632,0.79702,0.79627,0.79672,710,2,0
2025-07-25 17:45:00,0.79672,0.797,0.79655,0.79667,768,2,0
2025-07-25 18:00:00,0.79667,0.79734,0.79646,0.797,803,2,0
2025-07-25 18:15:00,0.797,0.79715,0.79617,0.79625,543,2,0
2025-07-25 18:30:00,0.79625,0.79678,0.7962,0.79647,574,2,0
2025-07-25 18:45:00,0.79647,0.79671,0.79629,0.79657,457,2,0
2025-07-25 19:00:00,0.79657,0.79687,0.79635,0.79667,668,2,0
2025-07-25 19:15:00,0.79667,0.79687,0.7962,0.79635,511,2,0
2025-07-25 19:30:00,0.79635,0.79638,0.79573,0.79582,468,2,0
2025-07-25 19:45:00,0.79582,0.79584,0.79545,0.79547,379,2,0
2025-07-25 20:00:00,0.79547,0.79559,0.79519,0.79548,390,2,0
2025-07-25 20:15:00,0.79548,0.79569,0.79538,0.79547,291,2,0
2025-07-25 20:30:00,0.79547,0.79562,0.79516,0.79528,167,2,0
2025-07-25 20:45:00,0.79528,0.79535,0.79501,0.79516,202,2,0
2025-07-25 21:00:00,0.79516,0.79523,0.79496,0.79509,366,2,0
2025-07-25 21:15:00,0.79509,0.79543,0.79505,0.79514,322,2,0
2025-07-25 21:30:00,0.79514,0.79543,0.79508,0.7952,267,2,0
2025-07-25 21:45:00,0.7952,0.79528,0.79472,0.79476,469,2,0
2025-07-25 22:00:00,0.79476,0.79517,0.79474,0.79509,144,2,0
2025-07-25 22:15:00,0.79509,0.79514,0.79471,0.79478,109,2,0
2025-07-25 22:30:00,0.79478,0.79496,0.79475,0.7949,131,2,0
2025-07-25 22:45:00,0.7949,0.79499,0.79475,0.79498,191,2,0
2025-07-25 23:00:00,0.79498,0.7953,0.79496,0.79527,271,2,0
2025-07-25 23:15:00,0.79527,0.79535,0.79512,0.7952,136,2,0
2025-07-25 23:30:00,0.7952,0.79527,0.79499,0.79504,145,2,0
2025-07-25 23:45:00,0.79504,0.79529,0.79442,0.79442,218,14,0
2025-07-28 00:00:00,0.79532,0.7955,0.7948,0.79526,72,80,0
2025-07-28 00:15:00,0.79526,0.79542,0.79495,0.79542,87,126,0
2025-07-28 00:30:00,0.79542,0.79551,0.79463,0.79481,306,120,0
2025-07-28 00:45:00,0.79481,0.79504,0.79481,0.79492,120,112,0
2025-07-28 01:00:00,0.79492,0.79575,0.7946,0.79568,390,2,0
2025-07-28 01:15:00,0.79568,0.79568,0.79523,0.79539,230,2,0
2025-07-28 01:30:00,0.79539,0.79552,0.79525,0.79539,295,2,0
2025-07-28 01:45:00,0.79539,0.79548,0.79529,0.79548,130,2,0
2025-07-28 02:00:00,0.79548,0.79554,0.79525,0.79553,193,2,0
2025-07-28 02:15:00,0.79553,0.79555,0.79516,0.79523,223,2,0
2025-07-28 02:30:00,0.79523,0.7955,0.79517,0.79537,225,2,0
2025-07-28 02:45:00,0.79537,0.79549,0.79531,0.79546,286,2,0
2025-07-28 03:00:00,0.79546,0.79546,0.79465,0.79484,694,2,0
2025-07-28 03:15:00,0.79485,0.79499,0.79445,0.7949,557,2,0
2025-07-28 03:30:00,0.7949,0.79522,0.79483,0.79517,588,2,0
2025-07-28 03:45:00,0.79517,0.7954,0.79487,0.79491,686,2,0
2025-07-28 04:00:00,0.79491,0.79491,0.79452,0.79487,721,2,0
2025-07-28 04:15:00,0.79487,0.79513,0.79476,0.79507,572,2,0
2025-07-28 04:30:00,0.79507,0.7956,0.79503,0.79552,626,2,0
2025-07-28 04:45:00,0.79552,0.79583,0.7954,0.79562,613,2,0
2025-07-28 05:00:00,0.79562,0.796,0.79556,0.79595,593,2,0
2025-07-28 05:15:00,0.79595,0.79595,0.7956,0.79575,345,2,0
2025-07-28 05:30:00,0.79575,0.79582,0.79554,0.79557,210,2,0
2025-07-28 05:45:00,0.79557,0.79558,0.79527,0.79548,325,2,0
2025-07-28 06:00:00,0.79548,0.79564,0.79543,0.79545,756,2,0
2025-07-28 06:15:00,0.79545,0.79561,0.79537,0.79551,271,2,0
2025-07-28 06:30:00,0.79551,0.79557,0.79498,0.79517,224,2,0
2025-07-28 06:45:00,0.79517,0.79536,0.79496,0.79497,251,2,0
2025-07-28 07:00:00,0.79497,0.79519,0.79487,0.79511,380,2,0
2025-07-28 07:15:00,0.79511,0.79532,0.79498,0.79526,594,2,0
2025-07-28 07:30:00,0.79526,0.79562,0.79514,0.79556,395,2,0
2025-07-28 07:45:00,0.79556,0.79558,0.79531,0.79557,296,2,0
2025-07-28 08:00:00,0.79557,0.79584,0.79554,0.7958,581,2,0
2025-07-28 08:15:00,0.7958,0.79608,0.79579,0.79592,536,2,0
2025-07-28 08:30:00,0.79592,0.79595,0.79577,0.79584,419,2,0
2025-07-28 08:45:00,0.79584,0.79616,0.79577,0.7961,360,2,0
2025-07-28 09:00:00,0.7961,0.79662,0.79588,0.79631,558,2,0
2025-07-28 09:15:00,0.79631,0.79781,0.79631,0.79741,743,2,0
2025-07-28 09:30:00,0.79741,0.79777,0.79723,0.79724,526,2,0
2025-07-28 09:45:00,0.79724,0.7974,0.79577,0.79603,1167,2,0
2025-07-28 10:00:00,0.79604,0.79659,0.79556,0.79585,1270,2,0
2025-07-28 10:15:00,0.79585,0.7965,0.79568,0.79645,881,2,0
2025-07-28 10:30:00,0.79645,0.7976,0.7964,0.79757,1316,2,0
2025-07-28 10:45:00,0.79757,0.79903,0.79757,0.7989,1021,2,0
2025-07-28 11:00:00,0.7989,0.79912,0.7983,0.79831,1141,2,0
2025-07-28 11:15:00,0.79829,0.79838,0.79787,0.79829,919,2,0
2025-07-28 11:30:00,0.79829,0.79882,0.79803,0.79868,765,2,0
2025-07-28 11:45:00,0.79868,0.79949,0.79868,0.79911,632,2,0
2025-07-28 12:00:00,0.79911,0.79932,0.79891,0.79906,709,2,0
2025-07-28 12:15:00,0.79906,0.79976,0.79881,0.79951,670,2,0
2025-07-28 12:30:00,0.79951,0.80054,0.79942,0.79998,785,2,0
2025-07-28 12:45:00,0.79998,0.80007,0.79964,0.79998,632,0,0
2025-07-28 13:00:00,0.79998,0.80067,0.79972,0.80042,849,2,0
2025-07-28 13:15:00,0.80041,0.8015,0.80034,0.80114,788,2,0
2025-07-28 13:30:00,0.80114,0.80119,0.80027,0.80028,733,2,0
2025-07-28 13:45:00,0.80028,0.80117,0.80027,0.80103,776,2,0
2025-07-28 14:00:00,0.80104,0.80135,0.80084,0.80088,824,0,0
2025-07-28 14:15:00,0.80088,0.80149,0.80088,0.80122,684,2,0
2025-07-28 14:30:00,0.80122,0.80168,0.80118,0.80138,584,2,0
2025-07-28 14:45:00,0.80138,0.80167,0.80083,0.80111,983,2,0
2025-07-28 15:00:00,0.80111,0.80112,0.80025,0.80103,1346,2,0
2025-07-28 15:15:00,0.80103,0.80126,0.80072,0.80097,762,2,0
2025-07-28 15:30:00,0.80098,0.80104,0.80027,0.80091,750,2,0
2025-07-28 15:45:00,0.80091,0.80149,0.80069,0.80078,795,2,0
2025-07-28 16:00:00,0.80077,0.80138,0.80037,0.80121,838,2,0
2025-07-28 16:15:00,0.80121,0.80235,0.80121,0.8019,971,0,0
2025-07-28 16:30:00,0.8019,0.80275,0.80182,0.80274,1046,2,0
2025-07-28 16:45:00,0.80275,0.80284,0.80225,0.80237,1206,0,0
2025-07-28 17:00:00,0.8024,0.8027,0.80157,0.8016,1075,2,0
2025-07-28 17:15:00,0.8016,0.80192,0.80053,0.80062,912,0,0
2025-07-28 17:30:00,0.80061,0.80082,0.80008,0.80044,939,2,0
2025-07-28 17:45:00,0.80044,0.80129,0.80028,0.80113,1059,1,0
2025-07-28 18:00:00,0.80113,0.80169,0.80084,0.80169,863,2,0
2025-07-28 18:15:00,0.80169,0.80197,0.80136,0.80163,835,2,0
2025-07-28 18:30:00,0.80162,0.8022,0.80152,0.80196,729,2,0
2025-07-28 18:45:00,0.80196,0.80266,0.80196,0.80257,850,2,0
2025-07-28 19:00:00,0.80257,0.8031,0.80245,0.80302,654,2,0
2025-07-28 19:15:00,0.80302,0.80328,0.80257,0.80267,406,2,0
2025-07-28 19:30:00,0.80267,0.80312,0.8026,0.80273,447,2,0
2025-07-28 19:45:00,0.80273,0.8031,0.80273,0.80288,489,2,0
2025-07-28 20:00:00,0.80288,0.80308,0.80276,0.80299,386,2,0
2025-07-28 20:15:00,0.80299,0.80311,0.80266,0.80281,527,2,0
2025-07-28 20:30:00,0.80281,0.80297,0.8026,0.80276,437,2,0
2025-07-28 20:45:00,0.80276,0.80307,0.8026,0.80291,396,2,0
2025-07-28 21:00:00,0.80291,0.80342,0.80275,0.80332,439,2,0
2025-07-28 21:15:00,0.80332,0.80345,0.80294,0.80305,344,2,0
2025-07-28 21:30:00,0.80305,0.80325,0.80293,0.80325,207,2,0
2025-07-28 21:45:00,0.80325,0.80345,0.80324,0.80324,203,2,0
2025-07-28 22:00:00,0.80324,0.8034,0.80315,0.80329,164,2,0
2025-07-28 22:15:00,0.80329,0.80354,0.80328,0.80345,88,2,0
2025-07-28 22:30:00,0.80345,0.80347,0.80324,0.80331,114,2,0
2025-07-28 22:45:00,0.80331,0.80336,0.80309,0.80321,201,2,0
2025-07-28 23:00:00,0.80321,0.80354,0.80319,0.8035,230,2,0
2025-07-28 23:15:00,0.8035,0.80352,0.80329,0.80341,109,2,0
2025-07-28 23:30:00,0.80341,0.80345,0.80331,0.80342,104,2,0
2025-07-28 23:45:00,0.80342,0.80372,0.80317,0.80328,281,12,0
2025-07-29 00:00:00,0.80313,0.80313,0.80076,0.80268,25,86,0
2025-07-29 00:15:00,0.80268,0.8027,0.80147,0.80172,19,140,0
2025-07-29 00:30:00,0.80172,0.8028,0.80172,0.8027,300,100,0
2025-07-29 00:45:00,0.8027,0.80285,0.80175,0.80175,194,88,0
2025-07-29 01:00:00,0.80175,0.80363,0.80175,0.80356,216,2,0
2025-07-29 01:15:00,0.80356,0.80365,0.80331,0.80341,74,2,0
2025-07-29 01:30:00,0.80341,0.80351,0.80325,0.80345,140,2,0
2025-07-29 01:45:00,0.80344,0.80344,0.80332,0.80334,269,2,0
2025-07-29 02:00:00,0.80334,0.80344,0.8033,0.80341,185,2,0
2025-07-29 02:15:00,0.80341,0.80375,0.80337,0.80375,101,2,0
2025-07-29 02:30:00,0.80375,0.80382,0.80351,0.80356,104,2,0
2025-07-29 02:45:00,0.80356,0.80356,0.80326,0.80327,311,2,0
2025-07-29 03:00:00,0.80327,0.8035,0.80321,0.80325,339,2,0
2025-07-29 03:15:00,0.80325,0.80371,0.80316,0.80369,483,2,0
2025-07-29 03:30:00,0.80369,0.8037,0.80342,0.80347,288,2,0
2025-07-29 03:45:00,0.80347,0.80388,0.80343,0.80385,370,2,0
2025-07-29 04:00:00,0.80385,0.80387,0.80341,0.80359,362,2,0
2025-07-29 04:15:00,0.80359,0.80362,0.80318,0.80347,373,2,0
2025-07-29 04:30:00,0.80347,0.80349,0.80303,0.80308,286,2,0
2025-07-29 04:45:00,0.80308,0.80341,0.80288,0.80327,232,2,0
2025-07-29 05:00:00,0.80327,0.80328,0.80293,0.80296,237,2,0
2025-07-29 05:15:00,0.80296,0.80306,0.80258,0.80267,308,2,0
2025-07-29 05:30:00,0.80267,0.80296,0.80248,0.80286,250,2,0
2025-07-29 05:45:00,0.80286,0.80296,0.80271,0.80284,262,2,0
2025-07-29 06:00:00,0.80284,0.80303,0.80276,0.80296,181,2,0
2025-07-29 06:15:00,0.80296,0.80324,0.80292,0.80323,123,2,0
2025-07-29 06:30:00,0.80323,0.80361,0.80321,0.80343,238,2,0
2025-07-29 06:45:00,0.80343,0.8037,0.80336,0.80366,222,2,0
2025-07-29 07:00:00,0.80366,0.80395,0.80355,0.80394,199,2,0
2025-07-29 07:15:00,0.80394,0.80424,0.80385,0.80407,258,2,0
2025-07-29 07:30:00,0.80407,0.80422,0.80393,0.80395,158,2,0
2025-07-29 07:45:00,0.80395,0.80404,0.80361,0.80364,272,2,0
2025-07-29 08:00:00,0.80364,0.80396,0.80364,0.8039,154,2,0
2025-07-29 08:15:00,0.8039,0.80394,0.80356,0.80375,218,2,0
2025-07-29 08:30:00,0.80375,0.80384,0.80354,0.80376,192,2,0
2025-07-29 08:45:00,0.80376,0.80424,0.80367,0.80415,290,2,0
2025-07-29 09:00:00,0.80415,0.80454,0.80381,0.80384,622,2,0
2025-07-29 09:15:00,0.80384,0.80464,0.80377,0.80463,549,2,0
2025-07-29 09:30:00,0.80463,0.80554,0.80459,0.80495,1102,2,0
2025-07-29 09:45:00,0.80496,0.80665,0.80486,0.80654,1251,2,0
2025-07-29 10:00:00,0.80654,0.8071,0.8058,0.80696,1739,2,0
2025-07-29 10:15:00,0.807,0.80715,0.80618,0.80651,1184,2,0
2025-07-29 10:30:00,0.80651,0.80677,0.80616,0.80632,1110,2,0
2025-07-29 10:45:00,0.80633,0.80659,0.80564,0.80575,914,2,0
2025-07-29 11:00:00,0.80575,0.80609,0.80517,0.80527,848,2,0
2025-07-29 11:15:00,0.80527,0.80562,0.8051,0.80539,814,2,0
2025-07-29 11:30:00,0.80539,0.80553,0.8051,0.80514,834,2,0
2025-07-29 11:45:00,0.80514,0.80551,0.805,0.80516,738,2,0
2025-07-29 12:00:00,0.80514,0.80563,0.80479,0.80548,783,2,0
2025-07-29 12:15:00,0.80547,0.8055,0.8049,0.80496,567,2,0
2025-07-29 12:30:00,0.80495,0.80521,0.80465,0.80483,698,2,0
2025-07-29 12:45:00,0.80483,0.80529,0.80478,0.80494,656,2,0
2025-07-29 13:00:00,0.80494,0.80502,0.80452,0.80462,691,2,0
2025-07-29 13:15:00,0.80462,0.80471,0.80374,0.80376,748,2,0
2025-07-29 13:30:00,0.80376,0.8045,0.80371,0.80444,622,2,0
2025-07-29 13:45:00,0.80444,0.80481,0.80435,0.80468,582,2,0
2025-07-29 14:00:00,0.80469,0.80486,0.80455,0.80471,545,2,0
2025-07-29 14:15:00,0.80471,0.80521,0.80462,0.80515,705,2,0
2025-07-29 14:30:00,0.80515,0.80666,0.80503,0.80639,1080,2,0
2025-07-29 14:45:00,0.80639,0.8068,0.80599,0.80672,1066,2,0
2025-07-29 15:00:00,0.80673,0.80697,0.80622,0.80691,850,2,0
2025-07-29 15:15:00,0.80691,0.80758,0.80667,0.80741,977,2,0
2025-07-29 15:30:00,0.80741,0.80754,0.8071,0.80721,727,2,0
2025-07-29 15:45:00,0.80721,0.80749,0.80677,0.80749,886,2,0
2025-07-29 16:00:00,0.8075,0.80793,0.80709,0.8079,890,2,0
2025-07-29 16:15:00,0.8079,0.80792,0.80712,0.80726,605,2,0
2025-07-29 16:30:00,0.80726,0.80767,0.80669,0.80693,935,2,0
2025-07-29 16:45:00,0.80693,0.80702,0.80521,0.80521,1093,2,0
2025-07-29 17:00:00,0.80521,0.80649,0.805,0.80638,1209,2,0
2025-07-29 17:15:00,0.80638,0.8068,0.80546,0.80591,1009,2,0
2025-07-29 17:30:00,0.80591,0.80622,0.80517,0.80597,1087,2,0
2025-07-29 17:45:00,0.80597,0.80747,0.80591,0.80738,1780,2,0
2025-07-29 18:00:00,0.80736,0.80762,0.80677,0.80686,1341,2,0
2025-07-29 18:15:00,0.80683,0.8072,0.80648,0.80663,778,2,0
2025-07-29 18:30:00,0.80663,0.80728,0.80645,0.80711,1126,2,0
2025-07-29 18:45:00,0.80711,0.80742,0.80667,0.80712,734,2,0
2025-07-29 19:00:00,0.80712,0.80712,0.80651,0.80663,632,2,0
2025-07-29 19:15:00,0.80663,0.80665,0.80625,0.80659,559,2,0
2025-07-29 19:30:00,0.80659,0.80674,0.80623,0.80624,445,2,0
2025-07-29 19:45:00,0.80624,0.80659,0.80608,0.80645,678,2,0
2025-07-29 20:00:00,0.80645,0.80651,0.80579,0.80589,694,2,0
2025-07-29 20:15:00,0.80589,0.80589,0.80519,0.80561,1005,2,0
2025-07-29 20:30:00,0.80561,0.80608,0.80561,0.80595,641,2,0
2025-07-29 20:45:00,0.80595,0.80629,0.80585,0.80605,615,2,0
2025-07-29 21:00:00,0.80605,0.80633,0.80582,0.80611,552,2,0
2025-07-29 21:15:00,0.80611,0.80612,0.80591,0.80602,275,2,0
2025-07-29 21:30:00,0.80602,0.80608,0.80582,0.80586,303,2,0
2025-07-29 21:45:00,0.80586,0.80588,0.80551,0.80553,591,2,0
2025-07-29 22:00:00,0.80553,0.80569,0.80537,0.80539,262,2,0
2025-07-29 22:15:00,0.80539,0.80547,0.80501,0.80507,233,2,0
2025-07-29 22:30:00,0.80507,0.80549,0.80507,0.80539,192,2,0
2025-07-29 22:45:00,0.80538,0.8057,0.80537,0.80565,230,2,0
2025-07-29 23:00:00,0.80565,0.80597,0.80548,0.80585,182,2,0
2025-07-29 23:15:00,0.80585,0.80602,0.80579,0.80598,164,2,0
2025-07-29 23:30:00,0.80598,0.80613,0.80586,0.80599,127,2,0
2025-07-29 23:45:00,0.80599,0.80621,0.80573,0.80573,230,12,0
2025-07-30 00:00:00,0.80567,0.80567,0.80511,0.80531,20,76,0
2025-07-30 00:15:00,0.80531,0.80532,0.80488,0.80488,115,126,0
2025-07-30 00:30:00,0.80488,0.80519,0.80488,0.80517,174,134,0
2025-07-30 00:45:00,0.80517,0.80518,0.80476,0.80482,121,140,0
2025-07-30 01:00:00,0.80482,0.80561,0.80479,0.80561,357,2,0
2025-07-30 01:15:00,0.80561,0.80574,0.80555,0.80567,111,2,0
2025-07-30 01:30:00,0.80567,0.80572,0.80557,0.80568,244,2,0
2025-07-30 01:45:00,0.80568,0.80576,0.8056,0.80565,387,2,0
2025-07-30 02:00:00,0.80565,0.80572,0.80557,0.80567,151,2,0
2025-07-30 02:15:00,0.80567,0.80572,0.8056,0.80571,89,2,0
2025-07-30 02:30:00,0.80571,0.80585,0.80571,0.80582,103,2,0
2025-07-30 02:45:00,0.80582,0.80586,0.80546,0.80547,190,2,0
2025-07-30 03:00:00,0.80547,0.80548,0.80512,0.80519,420,2,0
2025-07-30 03:15:00,0.80519,0.80524,0.80483,0.80489,346,2,0
2025-07-30 03:30:00,0.80489,0.80491,0.80452,0.80462,266,2,0
2025-07-30 03:45:00,0.80462,0.80473,0.80414,0.80421,393,2,0
2025-07-30 04:00:00,0.80421,0.80423,0.80398,0.80407,547,2,0
2025-07-30 04:15:00,0.80407,0.80453,0.80381,0.80453,345,2,0
2025-07-30 04:30:00,0.80453,0.80462,0.80409,0.80429,531,2,0
2025-07-30 04:45:00,0.80429,0.80446,0.80424,0.80445,297,2,0
2025-07-30 05:00:00,0.80445,0.80448,0.80413,0.80426,188,2,0
2025-07-30 05:15:00,0.80426,0.80436,0.80418,0.80434,193,2,0
2025-07-30 05:30:00,0.80434,0.80457,0.80429,0.80456,259,2,0
2025-07-30 05:45:00,0.80456,0.80456,0.80428,0.80442,162,2,0
2025-07-30 06:00:00,0.80442,0.80442,0.80398,0.80418,284,2,0
2025-07-30 06:15:00,0.80418,0.80425,0.80404,0.80423,219,2,0
2025-07-30 06:30:00,0.80423,0.80463,0.80423,0.8045,165,2,0
2025-07-30 06:45:00,0.8045,0.80485,0.80444,0.80476,191,2,0
2025-07-30 07:00:00,0.80477,0.80536,0.80476,0.80526,236,2,0
2025-07-30 07:15:00,0.80526,0.80537,0.80514,0.8052,133,2,0
2025-07-30 07:30:00,0.8052,0.80525,0.8051,0.8052,83,2,0
2025-07-30 07:45:00,0.8052,0.80555,0.8052,0.80551,159,2,0
2025-07-30 08:00:00,0.80551,0.8056,0.80525,0.80538,231,2,0
2025-07-30 08:15:00,0.80538,0.80548,0.805,0.80522,185,2,0
2025-07-30 08:30:00,0.80522,0.80523,0.80473,0.80502,272,2,0
2025-07-30 08:45:00,0.80502,0.80562,0.80488,0.80552,368,2,0
2025-07-30 09:00:00,0.80552,0.80595,0.80547,0.80561,635,2,0
2025-07-30 09:15:00,0.80561,0.80572,0.80527,0.80532,385,2,0
2025-07-30 09:30:00,0.80532,0.80534,0.80471,0.80499,841,2,0
2025-07-30 09:45:00,0.80499,0.80522,0.80476,0.80496,515,2,0
2025-07-30 10:00:00,0.80496,0.80511,0.80423,0.80469,996,2,0
2025-07-30 10:15:00,0.80469,0.8048,0.80431,0.8046,949,2,0
2025-07-30 10:30:00,0.8046,0.80504,0.80447,0.80473,922,2,0
2025-07-30 10:45:00,0.80473,0.80512,0.80458,0.80481,789,2,0
2025-07-30 11:00:00,0.80481,0.8049,0.80438,0.8045,1027,2,0
2025-07-30 11:15:00,0.8045,0.80467,0.80418,0.80419,691,2,0
2025-07-30 11:30:00,0.80418,0.80429,0.80402,0.8042,476,2,0
2025-07-30 11:45:00,0.8042,0.80445,0.80411,0.80439,483,2,0
2025-07-30 12:00:00,0.80439,0.80462,0.80406,0.80431,748,2,0
2025-07-30 12:15:00,0.80431,0.80482,0.80426,0.80479,747,2,0
2025-07-30 12:30:00,0.80479,0.80493,0.80461,0.80484,563,2,0
2025-07-30 12:45:00,0.80484,0.80536,0.8047,0.8049,813,2,0
2025-07-30 13:00:00,0.80491,0.80521,0.80471,0.80499,619,2,0
2025-07-30 13:15:00,0.80499,0.80593,0.80498,0.80583,512,2,0
2025-07-30 13:30:00,0.80583,0.8063,0.80559,0.8058,525,2,0
2025-07-30 13:45:00,0.8058,0.80611,0.80574,0.80606,671,2,0
2025-07-30 14:00:00,0.80606,0.80662,0.80596,0.80642,526,2,0
2025-07-30 14:15:00,0.80642,0.80657,0.80626,0.80654,417,2,0
2025-07-30 14:30:00,0.80654,0.80701,0.80646,0.80699,480,2,0
2025-07-30 14:45:00,0.80697,0.80711,0.80637,0.80645,689,2,0
2025-07-30 15:00:00,0.80645,0.80716,0.80625,0.80705,890,2,0
2025-07-30 15:15:00,0.80705,0.80786,0.80681,0.80784,937,2,0
2025-07-30 15:30:00,0.80784,0.80983,0.80748,0.80949,1920,2,0
2025-07-30 15:45:00,0.80947,0.81061,0.80935,0.81025,1824,2,0
2025-07-30 16:00:00,0.81025,0.81191,0.80989,0.81189,1507,2,0
2025-07-30 16:15:00,0.81189,0.81242,0.81129,0.81239,1309,2,0
2025-07-30 16:30:00,0.81239,0.81243,0.8115,0.81188,1247,2,0
2025-07-30 16:45:00,0.81188,0.81236,0.81155,0.81184,1237,2,0
2025-07-30 17:00:00,0.81184,0.81189,0.81103,0.81128,1296,2,0
2025-07-30 17:15:00,0.81128,0.81161,0.81116,0.81148,792,2,0
2025-07-30 17:30:00,0.81148,0.81152,0.81103,0.81113,631,2,0
2025-07-30 17:45:00,0.81113,0.81113,0.81069,0.81072,801,2,0
2025-07-30 18:00:00,0.81072,0.81114,0.80994,0.81009,820,2,0
2025-07-30 18:15:00,0.81009,0.81057,0.81002,0.81027,596,2,0
2025-07-30 18:30:00,0.81027,0.8109,0.81027,0.81077,433,2,0
2025-07-30 18:45:00,0.81077,0.81168,0.81061,0.8112,532,0,0
2025-07-30 19:00:00,0.8112,0.81176,0.811,0.81132,697,2,0
2025-07-30 19:15:00,0.8113,0.81132,0.8107,0.81113,594,2,0
2025-07-30 19:30:00,0.81113,0.81128,0.81088,0.81088,475,2,0
2025-07-30 19:45:00,0.81088,0.81094,0.81047,0.8105,396,2,0
2025-07-30 20:00:00,0.8105,0.8105,0.8102,0.81028,426,2,0
2025-07-30 20:15:00,0.81028,0.81058,0.81022,0.81044,272,2,0
2025-07-30 20:30:00,0.81044,0.81054,0.8102,0.81044,402,2,0
2025-07-30 20:45:00,0.81044,0.81049,0.80936,0.80941,561,2,0
2025-07-30 21:00:00,0.80941,0.81039,0.80848,0.80994,1740,2,0
2025-07-30 21:15:00,0.80994,0.81031,0.80965,0.8097,890,2,0
2025-07-30 21:30:00,0.8097,0.81176,0.80867,0.81166,2639,2,0
2025-07-30 21:45:00,0.81162,0.81358,0.81137,0.81336,2159,2,0
2025-07-30 22:00:00,0.81336,0.814,0.81256,0.81309,1311,2,0
2025-07-30 22:15:00,0.81309,0.81438,0.81302,0.81413,1128,2,0
2025-07-30 22:30:00,0.81412,0.81412,0.81349,0.8138,921,2,0
2025-07-30 22:45:00,0.8138,0.81396,0.81357,0.81372,805,2,0
2025-07-30 23:00:00,0.81373,0.81404,0.81325,0.81394,489,2,0
2025-07-30 23:15:00,0.81394,0.81503,0.81394,0.81488,561,2,0
2025-07-30 23:30:00,0.81488,0.81488,0.81445,0.81461,363,2,0
2025-07-30 23:45:00,0.81461,0.81503,0.81457,0.81488,575,12,0
2025-07-31 00:00:00,0.81454,0.81454,0.81204,0.81438,34,71,0
2025-07-31 00:15:00,0.81438,0.8144,0.81308,0.81355,31,114,0
2025-07-31 00:30:00,0.81355,0.81381,0.81286,0.81374,198,172,0
2025-07-31 00:45:00,0.81374,0.81424,0.81348,0.81414,490,114,0
2025-07-31 01:00:00,0.81414,0.8144,0.81389,0.81407,441,35,0
2025-07-31 01:15:00,0.81407,0.81433,0.81377,0.81415,440,30,0
2025-07-31 01:30:00,0.81415,0.81431,0.81381,0.81399,460,2,0
2025-07-31 01:45:00,0.81399,0.81399,0.8138,0.81391,293,2,0
2025-07-31 02:00:00,0.81392,0.81412,0.81387,0.81408,432,2,0
2025-07-31 02:15:00,0.81408,0.81408,0.81373,0.81384,119,2,0
2025-07-31 02:30:00,0.81384,0.81385,0.81333,0.81346,325,2,0
2025-07-31 02:45:00,0.81346,0.81354,0.8132,0.81333,361,2,0
2025-07-31 03:00:00,0.81333,0.81333,0.81288,0.81322,362,2,0
2025-07-31 03:15:00,0.81322,0.81345,0.81302,0.81329,279,2,0
2025-07-31 03:30:00,0.81329,0.8135,0.81311,0.81347,272,2,0
2025-07-31 03:45:00,0.81347,0.81352,0.81306,0.81312,273,2,0
2025-07-31 04:00:00,0.81312,0.81365,0.81303,0.81335,219,2,0
2025-07-31 04:15:00,0.81335,0.81358,0.81309,0.81326,250,2,0
2025-07-31 04:30:00,0.81326,0.81346,0.81287,0.81288,363,2,0
2025-07-31 04:45:00,0.81288,0.81357,0.81288,0.81317,396,2,0
2025-07-31 05:00:00,0.81317,0.81339,0.81289,0.81296,350,2,0
2025-07-31 05:15:00,0.81296,0.81323,0.8128,0.813,206,2,0
2025-07-31 05:30:00,0.813,0.81348,0.813,0.8134,204,2,0
2025-07-31 05:45:00,0.8134,0.81343,0.8128,0.81292,341,2,0
2025-07-31 06:00:00,0.81292,0.81341,0.81257,0.81326,428,2,0
2025-07-31 06:15:00,0.81326,0.81435,0.81322,0.81405,458,2,0
2025-07-31 06:30:00,0.81405,0.81411,0.81357,0.81361,274,2,0
2025-07-31 06:45:00,0.81361,0.81367,0.81338,0.81341,212,2,0
2025-07-31 07:00:00,0.81341,0.81361,0.81338,0.81345,181,2,0
2025-07-31 07:15:00,0.81345,0.81349,0.81318,0.81326,187,2,0
2025-07-31 07:30:00,0.81326,0.81344,0.81299,0.81312,243,2,0
2025-07-31 07:45:00,0.81312,0.81317,0.81267,0.8127,204,2,0
2025-07-31 08:00:00,0.8127,0.81279,0.81237,0.81252,294,2,0
2025-07-31 08:15:00,0.81252,0.81252,0.81224,0.81239,213,2,0
2025-07-31 08:30:00,0.81239,0.8126,0.81215,0.81253,273,2,0
2025-07-31 08:45:00,0.81253,0.81282,0.81245,0.8126,322,2,0
2025-07-31 09:00:00,0.8126,0.8127,0.81221,0.81227,397,2,0
2025-07-31 09:15:00,0.81227,0.81232,0.81131,0.81166,409,2,0
2025-07-31 09:30:00,0.81166,0.81234,0.81162,0.81184,986,2,0
2025-07-31 09:45:00,0.81183,0.81208,0.81116,0.81144,822,2,0
2025-07-31 10:00:00,0.81144,0.81192,0.81144,0.81181,976,2,0
2025-07-31 10:15:00,0.8118,0.81308,0.81175,0.81302,724,2,0
2025-07-31 10:30:00,0.81302,0.81322,0.81255,0.81322,782,2,0
2025-07-31 10:45:00,0.81322,0.81339,0.81217,0.81233,846,2,0
2025-07-31 11:00:00,0.81233,0.81249,0.81205,0.8124,854,2,0
2025-07-31 11:15:00,0.8124,0.81282,0.81236,0.81272,853,2,0
2025-07-31 11:30:00,0.81272,0.81329,0.81247,0.81328,678,2,0
2025-07-31 11:45:00,0.81328,0.81344,0.8127,0.81276,795,2,0
2025-07-31 12:00:00,0.81276,0.81331,0.81272,0.813,449,2,0
2025-07-31 12:15:00,0.813,0.81332,0.81286,0.81314,435,2,0
2025-07-31 12:30:00,0.81314,0.81363,0.81306,0.81339,856,2,0
2025-07-31 12:45:00,0.81339,0.81363,0.81321,0.81357,600,2,0
2025-07-31 13:00:00,0.81357,0.81373,0.81326,0.81348,444,2,0
2025-07-31 13:15:00,0.81348,0.81387,0.81335,0.81387,573,2,0
2025-07-31 13:30:00,0.81387,0.81418,0.81356,0.81358,709,2,0
2025-07-31 13:45:00,0.81358,0.8137,0.8128,0.81293,639,2,0
2025-07-31 14:00:00,0.81293,0.81327,0.81255,0.81277,639,2,0
2025-07-31 14:15:00,0.81277,0.81305,0.81257,0.81283,539,2,0
2025-07-31 14:30:00,0.81283,0.81283,0.81233,0.81255,549,2,0
2025-07-31 14:45:00,0.81255,0.81271,0.8117,0.81186,577,2,0
2025-07-31 15:00:00,0.81186,0.81237,0.81166,0.81222,738,2,0
2025-07-31 15:15:00,0.81222,0.81272,0.81197,0.8123,896,2,0
2025-07-31 15:30:00,0.8123,0.813,0.81218,0.81273,1322,2,0
2025-07-31 15:45:00,0.81273,0.81359,0.81271,0.81312,1065,2,0
2025-07-31 16:00:00,0.81312,0.81438,0.81305,0.81405,1151,2,0
2025-07-31 16:15:00,0.81405,0.81444,0.81381,0.81427,730,2,0
2025-07-31 16:30:00,0.81426,0.81448,0.81386,0.81415,886,2,0
2025-07-31 16:45:00,0.81411,0.81437,0.81386,0.81407,777,2,0
2025-07-31 17:00:00,0.81407,0.81433,0.81341,0.81342,963,2,0
2025-07-31 17:15:00,0.81344,0.81366,0.81278,0.81283,1022,2,0
2025-07-31 17:30:00,0.81283,0.813,0.81222,0.81226,1056,2,0
2025-07-31 17:45:00,0.81227,0.8127,0.81157,0.81207,1281,2,0
2025-07-31 18:00:00,0.81207,0.81229,0.81151,0.81175,1240,2,0
2025-07-31 18:15:00,0.81175,0.81232,0.81129,0.8123,702,2,0
2025-07-31 18:30:00,0.8123,0.8126,0.81164,0.81241,775,2,0
2025-07-31 18:45:00,0.81241,0.81263,0.81178,0.81228,681,2,0
2025-07-31 19:00:00,0.81228,0.81257,0.81198,0.81251,806,2,0
2025-07-31 19:15:00,0.81251,0.81272,0.81224,0.81251,563,2,0
2025-07-31 19:30:00,0.81251,0.8126,0.81216,0.81242,488,2,0
2025-07-31 19:45:00,0.81242,0.81257,0.81223,0.81242,599,2,0
2025-07-31 20:00:00,0.81242,0.81257,0.81217,0.81247,587,2,0
2025-07-31 20:15:00,0.81247,0.81276,0.81227,0.81236,502,2,0
2025-07-31 20:30:00,0.81236,0.81274,0.8123,0.81268,402,2,0
2025-07-31 20:45:00,0.8127,0.81276,0.8125,0.81272,537,2,0
2025-07-31 21:00:00,0.81273,0.81291,0.81246,0.81258,412,2,0
2025-07-31 21:15:00,0.81258,0.8126,0.81218,0.81237,516,2,0
2025-07-31 21:30:00,0.81237,0.8126,0.81206,0.81223,539,2,0
2025-07-31 21:45:00,0.81223,0.81246,0.81211,0.81229,447,2,0
2025-07-31 22:00:00,0.81229,0.81233,0.812,0.81213,285,2,0
2025-07-31 22:15:00,0.81213,0.81221,0.81199,0.81203,237,2,0
2025-07-31 22:30:00,0.81203,0.81207,0.81175,0.81176,359,2,0
2025-07-31 22:45:00,0.81175,0.81226,0.81159,0.81224,613,2,0
2025-07-31 23:00:00,0.81224,0.81249,0.81186,0.8122,568,2,0
2025-07-31 23:15:00,0.8122,0.81268,0.81215,0.81259,296,2,0
2025-07-31 23:30:00,0.81259,0.8129,0.81253,0.8126,294,2,0
2025-07-31 23:45:00,0.8126,0.81272,0.81213,0.8122,427,12,0
2025-08-01 00:00:00,0.81191,0.81205,0.81122,0.81204,25,88,0
2025-08-01 00:15:00,0.81204,0.81204,0.81104,0.81104,89,100,0
2025-08-01 00:30:00,0.81104,0.81173,0.81104,0.81125,445,146,0
2025-08-01 00:45:00,0.81125,0.81159,0.81105,0.81153,334,210,0
2025-08-01 01:00:00,0.81142,0.81212,0.81122,0.81209,1246,32,0
2025-08-01 01:15:00,0.8121,0.81242,0.81204,0.81231,306,2,0
2025-08-01 01:30:00,0.81231,0.81237,0.81204,0.81212,280,2,0
2025-08-01 01:45:00,0.81212,0.81245,0.8121,0.81228,244,2,0
2025-08-01 02:00:00,0.81228,0.81337,0.81187,0.81318,799,2,0
2025-08-01 02:15:00,0.81318,0.81375,0.81301,0.8132,387,2,0
2025-08-01 02:30:00,0.81325,0.81414,0.81322,0.81361,282,2,0
2025-08-01 02:45:00,0.81361,0.81405,0.81345,0.81401,352,2,0
2025-08-01 03:00:00,0.814,0.81455,0.81362,0.81362,481,2,0
2025-08-01 03:15:00,0.81362,0.81378,0.81306,0.81315,573,2,0
2025-08-01 03:30:00,0.81315,0.81345,0.81281,0.81283,547,2,0
2025-08-01 03:45:00,0.81283,0.81303,0.81262,0.81291,571,2,0
2025-08-01 04:00:00,0.81291,0.81331,0.81276,0.81298,575,2,0
2025-08-01 04:15:00,0.81298,0.81356,0.81282,0.81321,388,2,0
2025-08-01 04:30:00,0.81321,0.81408,0.8131,0.81389,610,2,0
2025-08-01 04:45:00,0.81389,0.81437,0.81388,0.81425,804,2,0
2025-08-01 05:00:00,0.81425,0.8143,0.81367,0.8138,516,2,0
2025-08-01 05:15:00,0.8138,0.8141,0.81376,0.81376,452,2,0
2025-08-01 05:30:00,0.81376,0.81412,0.81368,0.81412,389,2,0
2025-08-01 05:45:00,0.81412,0.81421,0.81383,0.81383,499,2,0
2025-08-01 06:00:00,0.81383,0.81388,0.81305,0.81309,474,2,0
2025-08-01 06:15:00,0.81309,0.81362,0.81306,0.81358,414,2,0
2025-08-01 06:30:00,0.81358,0.81371,0.81341,0.81345,507,2,0
2025-08-01 06:45:00,0.81343,0.81378,0.81331,0.81369,453,2,0
2025-08-01 07:00:00,0.81369,0.8139,0.81364,0.81385,293,2,0
2025-08-01 07:15:00,0.81385,0.81421,0.81383,0.81409,431,2,0
2025-08-01 07:30:00,0.81409,0.81417,0.81387,0.81412,386,2,0
2025-08-01 07:45:00,0.81412,0.81431,0.81399,0.81404,296,2,0
2025-08-01 08:00:00,0.81404,0.81422,0.81388,0.81402,473,2,0
2025-08-01 08:15:00,0.81402,0.81413,0.81389,0.81412,422,2,0
2025-08-01 08:30:00,0.81412,0.81417,0.81377,0.81402,422,2,0
2025-08-01 08:45:00,0.81402,0.81408,0.81376,0.81391,555,2,0
2025-08-01 09:00:00,0.81391,0.81395,0.81312,0.81325,516,2,0
2025-08-01 09:15:00,0.81325,0.8133,0.81294,0.81318,529,2,0
2025-08-01 09:30:00,0.81318,0.81354,0.81295,0.8133,574,2,0
2025-08-01 09:45:00,0.81333,0.81356,0.81307,0.81315,522,2,0
2025-08-01 10:00:00,0.81315,0.81406,0.81304,0.81405,909,2,0
2025-08-01 10:15:00,0.81405,0.8142,0.81369,0.81376,735,2,0
2025-08-01 10:30:00,0.81376,0.81416,0.81359,0.81385,623,2,0
2025-08-01 10:45:00,0.81385,0.81497,0.81384,0.81471,795,2,0
2025-08-01 11:00:00,0.81474,0.81588,0.81467,0.81558,877,2,0
2025-08-01 11:15:00,0.81558,0.81617,0.81555,0.81607,758,2,0
2025-08-01 11:30:00,0.81607,0.81666,0.81557,0.81659,1004,2,0
2025-08-01 11:45:00,0.81658,0.81708,0.81652,0.81703,940,2,0
2025-08-01 12:00:00,0.81703,0.81714,0.81622,0.81629,869,2,0
2025-08-01 12:15:00,0.81629,0.81656,0.81616,0.81628,780,2,0
2025-08-01 12:30:00,0.81628,0.81639,0.81583,0.81623,785,2,0
2025-08-01 12:45:00,0.81623,0.81696,0.81617,0.81646,791,2,0
2025-08-01 13:00:00,0.81643,0.81643,0.81564,0.81582,808,2,0
2025-08-01 13:15:00,0.8158,0.81608,0.81573,0.81594,722,2,0
2025-08-01 13:30:00,0.81594,0.81601,0.81542,0.81587,924,2,0
2025-08-01 13:45:00,0.81587,0.81607,0.81572,0.81588,845,2,0
2025-08-01 14:00:00,0.81588,0.81594,0.81517,0.81545,845,2,0
2025-08-01 14:15:00,0.81545,0.81614,0.81537,0.81608,711,2,0
2025-08-01 14:30:00,0.81608,0.81633,0.81588,0.81609,719,2,0
2025-08-01 14:45:00,0.81609,0.81632,0.81589,0.81615,963,2,0
2025-08-01 15:00:00,0.81615,0.81663,0.81612,0.81624,879,2,0
2025-08-01 15:15:00,0.81624,0.81696,0.81611,0.81653,1094,2,0
2025-08-01 15:30:00,0.81653,0.81659,0.80691,0.80705,4344,2,0
2025-08-01 15:45:00,0.80706,0.80706,0.80516,0.80552,3150,2,0
2025-08-01 16:00:00,0.80554,0.80638,0.8047,0.80523,2996,2,0
2025-08-01 16:15:00,0.80523,0.80658,0.80498,0.80507,2574,2,0
2025-08-01 16:30:00,0.80508,0.80544,0.80391,0.8046,2632,2,0
2025-08-01 16:45:00,0.80462,0.806,0.8043,0.80451,2413,2,0
2025-08-01 17:00:00,0.80451,0.80493,0.80258,0.80465,3324,2,0
2025-08-01 17:15:00,0.80466,0.80506,0.80332,0.80427,2518,2,0
2025-08-01 17:30:00,0.80429,0.80504,0.80409,0.80448,2066,2,0
2025-08-01 17:45:00,0.80447,0.80654,0.80447,0.80639,2539,2,0
2025-08-01 18:00:00,0.80639,0.80701,0.80614,0.80666,1810,2,0
2025-08-01 18:15:00,0.80666,0.80763,0.8062,0.80755,1697,2,0
2025-08-01 18:30:00,0.80753,0.80756,0.80649,0.80683,1507,2,0
2025-08-01 18:45:00,0.80683,0.80687,0.80618,0.80681,1347,2,0
2025-08-01 19:00:00,0.80681,0.80704,0.80637,0.80647,988,2,0
2025-08-01 19:15:00,0.80647,0.8073,0.80605,0.80726,875,2,0
2025-08-01 19:30:00,0.80726,0.80736,0.80693,0.80717,833,2,0
2025-08-01 19:45:00,0.80717,0.80736,0.80648,0.80665,907,2,0
2025-08-01 20:00:00,0.80665,0.80719,0.80662,0.80711,1269,2,0
2025-08-01 20:15:00,0.80712,0.80739,0.80651,0.80716,1112,2,0
2025-08-01 20:30:00,0.80716,0.80768,0.80714,0.80762,797,2,0
2025-08-01 20:45:00,0.80762,0.80772,0.80723,0.80733,685,2,0
2025-08-01 21:00:00,0.80733,0.80762,0.80703,0.80721,724,2,0
2025-08-01 21:15:00,0.80721,0.8074,0.80664,0.80664,859,2,0
2025-08-01 21:30:00,0.80664,0.80686,0.80619,0.80653,614,2,0
2025-08-01 21:45:00,0.80653,0.80812,0.80636,0.80809,724,2,0
2025-08-01 22:00:00,0.80808,0.80819,0.80693,0.80696,527,2,0
2025-08-01 22:15:00,0.80696,0.8072,0.80691,0.80701,400,2,0
2025-08-01 22:30:00,0.80701,0.80701,0.80443,0.80448,1800,2,0
2025-08-01 22:45:00,0.80448,0.80514,0.80438,0.80509,1065,2,0
2025-08-01 23:00:00,0.80508,0.80508,0.80447,0.80459,670,2,0
2025-08-01 23:15:00,0.8046,0.80461,0.80398,0.80402,512,2,0
2025-08-01 23:30:00,0.80402,0.80432,0.80348,0.8041,860,2,0
2025-08-01 23:45:00,0.8041,0.80439,0.80301,0.80382,918,16,0
2025-08-04 00:00:00,0.80299,0.80501,0.80295,0.80429,113,300,0
2025-08-04 00:15:00,0.80429,0.80497,0.80369,0.80411,162,300,0
2025-08-04 00:30:00,0.80411,0.80479,0.80387,0.80387,214,300,0
2025-08-04 00:45:00,0.80387,0.80407,0.80266,0.80326,468,117,0
2025-08-04 01:00:00,0.80326,0.80405,0.80247,0.80402,701,2,0
2025-08-04 01:15:00,0.80403,0.80435,0.80376,0.80419,638,2,0
2025-08-04 01:30:00,0.80419,0.80446,0.80407,0.80424,400,2,0
2025-08-04 01:45:00,0.80424,0.80449,0.80409,0.80419,442,2,0
2025-08-04 02:00:00,0.80419,0.80439,0.80396,0.80413,559,2,0
2025-08-04 02:15:00,0.80413,0.80465,0.8041,0.80447,372,2,0
2025-08-04 02:30:00,0.80447,0.80453,0.80415,0.80419,379,2,0
2025-08-04 02:45:00,0.80419,0.80419,0.80379,0.80398,605,2,0
2025-08-04 03:00:00,0.80399,0.80519,0.80384,0.80507,1209,2,0
2025-08-04 03:15:00,0.80507,0.806,0.80497,0.80593,1342,2,0
2025-08-04 03:30:00,0.80594,0.80621,0.80567,0.80608,954,2,0
2025-08-04 03:45:00,0.80608,0.80653,0.80599,0.80648,1099,2,0
2025-08-04 04:00:00,0.80648,0.80655,0.80588,0.80641,939,2,0
2025-08-04 04:15:00,0.80641,0.80684,0.80617,0.80666,1013,2,0
2025-08-04 04:30:00,0.80666,0.80679,0.80639,0.80659,918,2,0
2025-08-04 04:45:00,0.80659,0.80663,0.80577,0.80582,893,2,0
2025-08-04 05:00:00,0.80582,0.806,0.80537,0.80544,904,0,0
2025-08-04 05:15:00,0.80544,0.80544,0.80509,0.80517,830,2,0
2025-08-04 05:30:00,0.80517,0.80536,0.80479,0.80511,660,2,0
2025-08-04 05:45:00,0.80511,0.80558,0.80508,0.80547,740,2,0
2025-08-04 06:00:00,0.80546,0.80547,0.80482,0.80496,551,2,0
2025-08-04 06:15:00,0.80496,0.80522,0.80483,0.80503,629,2,0
2025-08-04 06:30:00,0.805,0.80529,0.80492,0.80517,679,2,0
2025-08-04 06:45:00,0.80517,0.80518,0.80468,0.80499,459,2,0
2025-08-04 07:00:00,0.80499,0.80518,0.80489,0.80509,629,2,0
2025-08-04 07:15:00,0.80509,0.8051,0.80471,0.80485,478,2,0
2025-08-04 07:30:00,0.80485,0.8053,0.80475,0.80516,553,2,0
2025-08-04 07:45:00,0.80516,0.80526,0.80498,0.80521,376,2,0
2025-08-04 08:00:00,0.80521,0.80535,0.80496,0.80512,601,2,0
2025-08-04 08:15:00,0.80512,0.80574,0.80512,0.80531,549,2,0
2025-08-04 08:30:00,0.80531,0.80568,0.80531,0.80558,617,2,0
2025-08-04 08:45:00,0.80557,0.80629,0.80552,0.80608,857,2,0
2025-08-04 09:00:00,0.80608,0.80661,0.80584,0.80591,1021,2,0
2025-08-04 09:15:00,0.80591,0.80746,0.80573,0.80709,778,2,0
2025-08-04 09:30:00,0.80709,0.80765,0.80473,0.80708,1317,2,0
2025-08-04 09:45:00,0.80708,0.80779,0.80688,0.80767,1105,2,0
2025-08-04 10:00:00,0.80764,0.80829,0.80668,0.80785,1690,2,0
2025-08-04 10:15:00,0.80785,0.80853,0.80768,0.80824,1323,2,0
2025-08-04 10:30:00,0.80825,0.80934,0.80819,0.80883,990,2,0
2025-08-04 10:45:00,0.80883,0.80912,0.80818,0.80835,1136,2,0
2025-08-04 11:00:00,0.80835,0.80904,0.80819,0.80846,1245,2,0
2025-08-04 11:15:00,0.80846,0.80909,0.80818,0.8088,1186,2,0
2025-08-04 11:30:00,0.80879,0.80945,0.80879,0.80918,1269,2,0
2025-08-04 11:45:00,0.80918,0.80926,0.80866,0.80901,1282,2,0
2025-08-04 12:00:00,0.80901,0.80941,0.80855,0.80873,1096,2,0
2025-08-04 12:15:00,0.80873,0.809,0.80838,0.80857,1030,2,0
2025-08-04 12:30:00,0.80857,0.8087,0.80815,0.80857,941,2,0
2025-08-04 12:45:00,0.80857,0.80924,0.80856,0.80917,1027,2,0
2025-08-04 13:00:00,0.80917,0.80951,0.80895,0.80931,773,2,0
2025-08-04 13:15:00,0.80931,0.80965,0.80912,0.80942,969,2,0
2025-08-04 13:30:00,0.80942,0.80948,0.80874,0.80886,1060,2,0
2025-08-04 13:45:00,0.80886,0.80901,0.80782,0.80782,1202,2,0
2025-08-04 14:00:00,0.80782,0.8079,0.80698,0.80701,1018,2,0
2025-08-04 14:15:00,0.80701,0.80731,0.80682,0.80709,846,2,0
2025-08-04 14:30:00,0.80709,0.80766,0.80707,0.8076,791,2,0
2025-08-04 14:45:00,0.8076,0.80775,0.80726,0.80755,1080,2,0
2025-08-04 15:00:00,0.80755,0.80825,0.80741,0.80806,1052,2,0
2025-08-04 15:15:00,0.80806,0.80806,0.80669,0.80676,1165,2,0
2025-08-04 15:30:00,0.80676,0.80702,0.80617,0.80628,1266,2,0
2025-08-04 15:45:00,0.80628,0.80696,0.80574,0.80683,1149,2,0
2025-08-04 16:00:00,0.80683,0.807,0.80596,0.80633,1036,2,0
2025-08-04 16:15:00,0.80633,0.80699,0.8063,0.80688,1016,2,0
2025-08-04 16:30:00,0.80688,0.80777,0.80664,0.80742,1441,2,0
2025-08-04 16:45:00,0.80742,0.80767,0.80659,0.80751,1318,2,0
2025-08-04 17:00:00,0.80749,0.80791,0.80678,0.8076,1553,2,0
2025-08-04 17:15:00,0.80759,0.80824,0.80707,0.80742,1244,2,0
2025-08-04 17:30:00,0.80742,0.80802,0.80727,0.80801,1199,2,0
2025-08-04 17:45:00,0.80801,0.80875,0.80776,0.80837,1393,2,0
2025-08-04 18:00:00,0.80837,0.80852,0.80778,0.80825,1370,2,0
2025-08-04 18:15:00,0.80826,0.80895,0.80813,0.8088,933,2,0
2025-08-04 18:30:00,0.80878,0.80893,0.80794,0.808,1099,2,0
2025-08-04 18:45:00,0.808,0.8086,0.80791,0.8083,883,2,0
2025-08-04 19:00:00,0.8083,0.80865,0.80805,0.80833,797,2,0
2025-08-04 19:15:00,0.80833,0.80882,0.80832,0.80851,675,2,0
2025-08-04 19:30:00,0.80851,0.80881,0.80814,0.80822,658,2,0
2025-08-04 19:45:00,0.80822,0.80835,0.80784,0.80787,717,2,0
2025-08-04 20:00:00,0.80787,0.80847,0.80782,0.80833,661,2,0
2025-08-04 20:15:00,0.80833,0.80834,0.8079,0.80822,582,2,0
2025-08-04 20:30:00,0.80822,0.80844,0.80798,0.80834,504,2,0
2025-08-04 20:45:00,0.80834,0.80842,0.80772,0.80792,759,2,0
2025-08-04 21:00:00,0.80792,0.80801,0.80754,0.80769,514,2,0
2025-08-04 21:15:00,0.80769,0.80804,0.80758,0.80804,519,2,0
2025-08-04 21:30:00,0.80804,0.80831,0.80796,0.80804,498,2,0
2025-08-04 21:45:00,0.80804,0.80831,0.80784,0.80816,670,2,0
2025-08-04 22:00:00,0.80816,0.80836,0.80782,0.80795,441,2,0
2025-08-04 22:15:00,0.80795,0.80799,0.80766,0.80781,359,2,0
2025-08-04 22:30:00,0.80781,0.80822,0.80774,0.8081,344,2,0
2025-08-04 22:45:00,0.8081,0.8086,0.80807,0.80836,437,2,0
2025-08-04 23:00:00,0.80836,0.80891,0.80791,0.80791,373,2,0
2025-08-04 23:15:00,0.80791,0.8081,0.80772,0.80804,286,2,0
2025-08-04 23:30:00,0.80804,0.8081,0.80784,0.80809,457,2,0
2025-08-04 23:45:00,0.80809,0.80816,0.80765,0.80766,383,12,0
2025-08-05 00:00:00,0.80749,0.80777,0.80694,0.80729,27,106,0
2025-08-05 00:15:00,0.80729,0.80729,0.80648,0.80683,22,114,0
2025-08-05 00:30:00,0.80683,0.80711,0.80647,0.80704,482,132,0
2025-08-05 00:45:00,0.80704,0.80731,0.80659,0.80678,2513,176,0
2025-08-05 01:00:00,0.80679,0.8077,0.80679,0.80756,456,2,0
2025-08-05 01:15:00,0.80756,0.80762,0.80739,0.80743,386,2,0
2025-08-05 01:30:00,0.80743,0.80767,0.80736,0.80755,269,2,0
2025-08-05 01:45:00,0.80755,0.80755,0.80734,0.80744,231,2,0
2025-08-05 02:00:00,0.80744,0.80751,0.80702,0.80711,522,2,0
2025-08-05 02:15:00,0.80711,0.80725,0.80704,0.80708,379,2,0
2025-08-05 02:30:00,0.80708,0.80725,0.80699,0.80721,354,2,0
2025-08-05 02:45:00,0.80721,0.80725,0.80706,0.80712,627,2,0
2025-08-05 03:00:00,0.80712,0.80712,0.80675,0.80699,512,2,0
2025-08-05 03:15:00,0.80699,0.80748,0.80697,0.80744,459,2,0
2025-08-05 03:30:00,0.80744,0.80811,0.80744,0.80811,663,2,0
2025-08-05 03:45:00,0.80811,0.8086,0.80796,0.80835,848,2,0
2025-08-05 04:00:00,0.80835,0.8092,0.80822,0.80904,740,2,0
2025-08-05 04:15:00,0.80904,0.80905,0.80843,0.8086,642,2,0
2025-08-05 04:30:00,0.8086,0.80883,0.80839,0.80845,545,2,0
2025-08-05 04:45:00,0.80845,0.80874,0.80824,0.80864,600,2,0
2025-08-05 05:00:00,0.80864,0.80904,0.80862,0.80883,478,2,0
2025-08-05 05:15:00,0.80883,0.80906,0.80874,0.80895,617,2,0
2025-08-05 05:30:00,0.80895,0.80922,0.80894,0.80916,445,2,0
2025-08-05 05:45:00,0.80916,0.80923,0.80901,0.80912,553,2,0
2025-08-05 06:00:00,0.80912,0.80921,0.80898,0.80907,412,2,0
2025-08-05 06:15:00,0.80907,0.80948,0.809,0.80926,540,2,0
2025-08-05 06:30:00,0.80926,0.80946,0.80911,0.80915,370,2,0
2025-08-05 06:45:00,0.80915,0.80951,0.80902,0.80947,385,2,0
2025-08-05 07:00:00,0.80947,0.80963,0.80936,0.80954,310,2,0
2025-08-05 07:15:00,0.80954,0.8097,0.80942,0.80956,263,2,0
2025-08-05 07:30:00,0.80956,0.80963,0.80928,0.80942,449,2,0
2025-08-05 07:45:00,0.80942,0.80952,0.80922,0.80943,401,2,0
2025-08-05 08:00:00,0.80943,0.80967,0.80943,0.80954,412,2,0
2025-08-05 08:15:00,0.80954,0.80978,0.80948,0.80954,533,2,0
2025-08-05 08:30:00,0.80954,0.81005,0.8095,0.80987,547,2,0
2025-08-05 08:45:00,0.80987,0.81003,0.80974,0.80996,480,2,0
2025-08-05 09:00:00,0.80996,0.81006,0.80973,0.80976,699,2,0
2025-08-05 09:15:00,0.80976,0.80985,0.80886,0.80934,547,2,0
2025-08-05 09:30:00,0.80934,0.80975,0.80926,0.80973,668,2,0
2025-08-05 09:45:00,0.80973,0.81001,0.80949,0.80952,751,2,0
2025-08-05 10:00:00,0.80952,0.80973,0.80877,0.80887,1125,2,0
2025-08-05 10:15:00,0.80887,0.80887,0.80846,0.80879,779,2,0
2025-08-05 10:30:00,0.80879,0.80914,0.80851,0.80856,845,2,0
2025-08-05 10:45:00,0.80856,0.80987,0.80856,0.80938,1121,2,0
2025-08-05 11:00:00,0.80938,0.81015,0.80937,0.81006,1077,2,0
2025-08-05 11:15:00,0.81006,0.8107,0.80991,0.81043,928,2,0
2025-08-05 11:30:00,0.81043,0.81125,0.81034,0.8112,915,2,0
2025-08-05 11:45:00,0.8112,0.81148,0.81079,0.81109,1018,2,0
2025-08-05 12:00:00,0.81109,0.81181,0.81057,0.81067,1203,2,0
2025-08-05 12:15:00,0.81068,0.81075,0.81007,0.81045,706,2,0
2025-08-05 12:30:00,0.81045,0.81076,0.81033,0.81074,654,2,0
2025-08-05 12:45:00,0.81074,0.81074,0.81008,0.81043,954,2,0
2025-08-05 13:00:00,0.81043,0.81114,0.81036,0.81061,886,2,0
2025-08-05 13:15:00,0.81061,0.81123,0.81058,0.81081,769,2,0
2025-08-05 13:30:00,0.81081,0.81087,0.81026,0.81036,586,2,0
2025-08-05 13:45:00,0.81036,0.81042,0.81006,0.81017,579,2,0
2025-08-05 14:00:00,0.81017,0.8106,0.81015,0.81049,571,2,0
2025-08-05 14:15:00,0.81049,0.81063,0.80985,0.81015,563,2,0
2025-08-05 14:30:00,0.81015,0.81103,0.81013,0.81083,844,2,0
2025-08-05 14:45:00,0.81083,0.81087,0.81002,0.81009,901,2,0
2025-08-05 15:00:00,0.81009,0.81036,0.80925,0.80989,1130,2,0
2025-08-05 15:15:00,0.80989,0.81027,0.80958,0.80993,1365,2,0
2025-08-05 15:30:00,0.80993,0.81039,0.80974,0.80978,1073,2,0
2025-08-05 15:45:00,0.80977,0.80998,0.80941,0.80973,944,2,0
2025-08-05 16:00:00,0.80973,0.80983,0.80916,0.80916,832,2,0
2025-08-05 16:15:00,0.80916,0.80938,0.80866,0.80886,809,2,0
2025-08-05 16:30:00,0.80886,0.80922,0.80843,0.80899,1134,2,0
2025-08-05 16:45:00,0.80899,0.80996,0.80878,0.80924,1212,2,0
2025-08-05 17:00:00,0.80926,0.80928,0.80792,0.80878,2391,2,0
2025-08-05 17:15:00,0.80878,0.80939,0.80838,0.8086,1620,2,0
2025-08-05 17:30:00,0.8086,0.80895,0.80727,0.80732,1439,2,0
2025-08-05 17:45:00,0.80732,0.80789,0.80697,0.80732,1405,2,0
2025-08-05 18:00:00,0.8073,0.80758,0.80659,0.80663,1323,2,0
2025-08-05 18:15:00,0.80663,0.80735,0.80652,0.80713,1035,2,0
2025-08-05 18:30:00,0.80712,0.80752,0.80671,0.80674,1292,2,0
2025-08-05 18:45:00,0.80674,0.80741,0.80662,0.80718,772,2,0
2025-08-05 19:00:00,0.80718,0.80738,0.807,0.80705,819,2,0
2025-08-05 19:15:00,0.80705,0.80742,0.80682,0.80689,653,2,0
2025-08-05 19:30:00,0.80689,0.80718,0.80658,0.80713,673,2,0
2025-08-05 19:45:00,0.80713,0.80725,0.80698,0.80714,561,2,0
2025-08-05 20:00:00,0.80714,0.80748,0.80712,0.80738,593,2,0
2025-08-05 20:15:00,0.80738,0.80748,0.80716,0.80739,479,2,0
2025-08-05 20:30:00,0.80739,0.80755,0.80718,0.80733,556,2,0
2025-08-05 20:45:00,0.80732,0.80766,0.80732,0.80743,488,2,0
2025-08-05 21:00:00,0.80743,0.8076,0.80729,0.80748,509,2,0
2025-08-05 21:15:00,0.80747,0.80775,0.80743,0.8075,550,2,0
2025-08-05 21:30:00,0.8075,0.80764,0.80737,0.80742,567,2,0
2025-08-05 21:45:00,0.80742,0.80773,0.80741,0.80741,532,2,0
2025-08-05 22:00:00,0.80741,0.80785,0.80738,0.8077,402,2,0
2025-08-05 22:15:00,0.8077,0.80792,0.80763,0.8079,282,2,0
2025-08-05 22:30:00,0.8079,0.80792,0.80758,0.80759,274,2,0
2025-08-05 22:45:00,0.80759,0.80762,0.80724,0.80728,422,2,0
2025-08-05 23:00:00,0.80728,0.80744,0.80719,0.80743,351,2,0
2025-08-05 23:15:00,0.80743,0.80744,0.80718,0.80724,250,2,0
2025-08-05 23:30:00,0.80724,0.80748,0.80721,0.80721,226,2,0
2025-08-05 23:45:00,0.80717,0.80737,0.80693,0.80729,193,12,0
2025-08-06 00:00:00,0.80685,0.80788,0.80526,0.80691,29,76,0
2025-08-06 00:15:00,0.80691,0.80691,0.80622,0.80641,354,98,0
2025-08-06 00:30:00,0.80641,0.80681,0.80627,0.8066,1020,102,0
2025-08-06 00:45:00,0.8066,0.80675,0.80617,0.80647,1558,98,0
2025-08-06 01:00:00,0.80642,0.80733,0.80627,0.8072,349,2,0
2025-08-06 01:15:00,0.8072,0.80759,0.80717,0.80749,568,2,0
2025-08-06 01:30:00,0.80749,0.80763,0.80743,0.80749,281,2,0
2025-08-06 01:45:00,0.80749,0.80749,0.80718,0.80729,267,2,0
2025-08-06 02:00:00,0.80729,0.8074,0.80721,0.80733,387,2,0
2025-08-06 02:15:00,0.80733,0.80745,0.80723,0.80724,233,2,0
2025-08-06 02:30:00,0.80724,0.80734,0.80707,0.80713,271,2,0
2025-08-06 02:45:00,0.80713,0.80714,0.80684,0.80698,459,2,0
2025-08-06 03:00:00,0.80698,0.80726,0.80676,0.80723,609,2,0
2025-08-06 03:15:00,0.80723,0.8074,0.80708,0.80734,441,2,0
2025-08-06 03:30:00,0.80734,0.80736,0.80699,0.80727,464,2,0
2025-08-06 03:45:00,0.80727,0.80749,0.80722,0.80742,538,2,0
2025-08-06 04:00:00,0.80742,0.80764,0.80738,0.80753,770,2,0
2025-08-06 04:15:00,0.80753,0.80788,0.80752,0.80777,674,2,0
2025-08-06 04:30:00,0.80777,0.80787,0.80766,0.80777,577,2,0
2025-08-06 04:45:00,0.80777,0.80792,0.80764,0.80774,494,2,0
2025-08-06 05:00:00,0.80774,0.80789,0.80765,0.80779,407,2,0
2025-08-06 05:15:00,0.80779,0.80786,0.80736,0.80758,464,2,0
2025-08-06 05:30:00,0.80757,0.80767,0.80736,0.80764,444,2,0
2025-08-06 05:45:00,0.80764,0.80776,0.80752,0.80752,523,2,0
2025-08-06 06:00:00,0.80752,0.80752,0.8071,0.80714,581,2,0
2025-08-06 06:15:00,0.80714,0.80715,0.80684,0.80689,505,2,0
2025-08-06 06:30:00,0.80689,0.80705,0.80683,0.80695,363,2,0
2025-08-06 06:45:00,0.80695,0.80709,0.80659,0.8067,513,2,0
2025-08-06 07:00:00,0.8067,0.80694,0.80656,0.80692,386,2,0
2025-08-06 07:15:00,0.80692,0.80697,0.80656,0.80675,332,2,0
2025-08-06 07:30:00,0.80675,0.80679,0.8065,0.80663,417,2,0
2025-08-06 07:45:00,0.80663,0.80679,0.80651,0.80679,434,2,0
2025-08-06 08:00:00,0.80679,0.80713,0.80672,0.80704,613,2,0
2025-08-06 08:15:00,0.80704,0.80717,0.807,0.80709,407,2,0
2025-08-06 08:30:00,0.80709,0.80747,0.80707,0.80717,614,2,0
2025-08-06 08:45:00,0.80716,0.80738,0.80698,0.80706,623,2,0
2025-08-06 09:00:00,0.80706,0.80722,0.8066,0.80677,676,2,0
2025-08-06 09:15:00,0.80677,0.80696,0.80657,0.80667,533,2,0
2025-08-06 09:30:00,0.80667,0.80704,0.80645,0.80685,733,2,0
2025-08-06 09:45:00,0.80682,0.80747,0.80682,0.80728,875,2,0
2025-08-06 10:00:00,0.80728,0.80838,0.80727,0.80826,833,2,0
2025-08-06 10:15:00,0.80826,0.80857,0.80804,0.80828,834,2,0
2025-08-06 10:30:00,0.80828,0.80833,0.80779,0.80805,738,2,0
2025-08-06 10:45:00,0.80805,0.80812,0.80755,0.80781,869,2,0
2025-08-06 11:00:00,0.80782,0.80837,0.80778,0.80834,796,2,0
2025-08-06 11:15:00,0.80834,0.80915,0.80831,0.809,870,2,0
2025-08-06 11:30:00,0.809,0.8094,0.80833,0.80834,939,2,0
2025-08-06 11:45:00,0.80834,0.80907,0.80834,0.80887,776,2,0
2025-08-06 12:00:00,0.80887,0.80904,0.80857,0.80864,944,2,0
2025-08-06 12:15:00,0.80864,0.80884,0.80859,0.80867,775,2,0
2025-08-06 12:30:00,0.80867,0.80878,0.80824,0.80831,874,2,0
2025-08-06 12:45:00,0.80831,0.80839,0.80796,0.80802,902,2,0
2025-08-06 13:00:00,0.80803,0.80826,0.80712,0.80719,1135,0,0
2025-08-06 13:15:00,0.80719,0.80744,0.80666,0.80743,917,2,0
2025-08-06 13:30:00,0.80743,0.80774,0.80713,0.80716,749,2,0
2025-08-06 13:45:00,0.80714,0.8072,0.80653,0.80688,839,2,0
2025-08-06 14:00:00,0.80687,0.8074,0.80686,0.80695,790,2,0
2025-08-06 14:15:00,0.80695,0.80703,0.80636,0.80666,706,2,0
2025-08-06 14:30:00,0.80666,0.80683,0.80645,0.80677,682,2,0
2025-08-06 14:45:00,0.80677,0.80723,0.80675,0.80698,738,2,0
2025-08-06 15:00:00,0.80698,0.8075,0.80686,0.8074,793,2,0
2025-08-06 15:15:00,0.8074,0.80769,0.80709,0.80744,838,2,0
2025-08-06 15:30:00,0.80744,0.8075,0.807,0.80723,843,2,0
2025-08-06 15:45:00,0.80723,0.80725,0.80602,0.80636,1087,2,0
2025-08-06 16:00:00,0.80636,0.80637,0.80579,0.80581,957,2,0
2025-08-06 16:15:00,0.80581,0.80641,0.80581,0.80626,867,2,0
2025-08-06 16:30:00,0.80626,0.80678,0.80598,0.80653,1174,2,0
2025-08-06 16:45:00,0.80653,0.8067,0.80602,0.80604,1127,2,0
2025-08-06 17:00:00,0.80604,0.80725,0.80604,0.80675,1358,2,0
2025-08-06 17:15:00,0.80675,0.80697,0.8064,0.80649,1030,2,0
2025-08-06 17:30:00,0.80649,0.80733,0.80645,0.80725,984,2,0
2025-08-06 17:45:00,0.80725,0.8076,0.80691,0.80741,1072,2,0
2025-08-06 18:00:00,0.80741,0.8076,0.80623,0.80639,1061,2,0
2025-08-06 18:15:00,0.80639,0.80647,0.80561,0.80633,1006,2,0
2025-08-06 18:30:00,0.80633,0.8075,0.80626,0.80676,1595,2,0
2025-08-06 18:45:00,0.80676,0.8068,0.80521,0.80521,1246,2,0
2025-08-06 19:00:00,0.80522,0.80562,0.80486,0.80504,1030,2,0
2025-08-06 19:15:00,0.80504,0.80569,0.80488,0.80558,857,2,0
2025-08-06 19:30:00,0.80558,0.80581,0.80526,0.80526,803,2,0
2025-08-06 19:45:00,0.80527,0.80787,0.80527,0.80704,1472,2,0
2025-08-06 20:00:00,0.80704,0.80714,0.80642,0.80705,1105,2,0
2025-08-06 20:15:00,0.80705,0.80748,0.8068,0.80685,766,2,0
2025-08-06 20:30:00,0.80685,0.80685,0.80633,0.80648,625,2,0
2025-08-06 20:45:00,0.80647,0.807,0.80647,0.80696,513,2,0
2025-08-06 21:00:00,0.80693,0.80703,0.80634,0.80645,659,2,0
2025-08-06 21:15:00,0.80645,0.80703,0.80631,0.8064,675,2,0
2025-08-06 21:30:00,0.8064,0.8065,0.80571,0.80585,912,2,0
2025-08-06 21:45:00,0.80585,0.80644,0.80581,0.80634,735,2,0
2025-08-06 22:00:00,0.80634,0.8066,0.80628,0.8066,422,2,0
2025-08-06 22:15:00,0.8066,0.80661,0.80637,0.80646,328,2,0
2025-08-06 22:30:00,0.80646,0.80657,0.80635,0.80644,286,2,0
2025-08-06 22:45:00,0.80644,0.80696,0.80643,0.80667,376,2,0
2025-08-06 23:00:00,0.80667,0.80676,0.80639,0.80671,375,2,0
2025-08-06 23:15:00,0.80671,0.80679,0.80658,0.80671,285,2,0
2025-08-06 23:30:00,0.80671,0.80714,0.80605,0.80605,627,2,0
2025-08-06 23:45:00,0.80605,0.80665,0.80579,0.80582,583,12,0
2025-08-07 00:00:00,0.80526,0.80581,0.80492,0.80581,46,108,0
2025-08-07 00:15:00,0.80581,0.80597,0.80564,0.80597,351,104,0
2025-08-07 00:30:00,0.80597,0.80613,0.80584,0.80608,182,104,0
2025-08-07 00:45:00,0.80608,0.8061,0.8049,0.80559,575,106,0
2025-08-07 01:00:00,0.80559,0.80586,0.80487,0.80563,500,33,0
2025-08-07 01:15:00,0.80563,0.80618,0.80563,0.80617,663,2,0
2025-08-07 01:30:00,0.80617,0.80625,0.80609,0.80609,242,2,0
2025-08-07 01:45:00,0.80609,0.80618,0.806,0.80609,193,2,0
2025-08-07 02:00:00,0.80609,0.80624,0.80608,0.80623,580,2,0
2025-08-07 02:15:00,0.80623,0.80624,0.80597,0.80613,457,2,0
2025-08-07 02:30:00,0.80613,0.80624,0.806,0.80612,338,2,0
2025-08-07 02:45:00,0.80612,0.80625,0.80601,0.80605,489,2,0
2025-08-07 03:00:00,0.80606,0.8067,0.80597,0.80638,723,2,0
2025-08-07 03:15:00,0.80639,0.80663,0.80633,0.80654,662,2,0
2025-08-07 03:30:00,0.80653,0.80683,0.80652,0.80664,482,2,0
2025-08-07 03:45:00,0.80664,0.80671,0.80642,0.80649,717,2,0
2025-08-07 04:00:00,0.80649,0.80666,0.80625,0.80632,578,2,0
2025-08-07 04:15:00,0.80632,0.80653,0.80595,0.80647,576,2,0
2025-08-07 04:30:00,0.80647,0.80648,0.80584,0.80584,669,2,0
2025-08-07 04:45:00,0.80584,0.8059,0.80549,0.80573,581,2,0
2025-08-07 05:00:00,0.80573,0.80582,0.80532,0.80551,497,2,0
2025-08-07 05:15:00,0.8055,0.80589,0.80547,0.80584,371,2,0
2025-08-07 05:30:00,0.80584,0.80591,0.80563,0.8058,413,2,0
2025-08-07 05:45:00,0.8058,0.80597,0.80571,0.80583,466,2,0
2025-08-07 06:00:00,0.80583,0.80598,0.80579,0.8059,351,2,0
2025-08-07 06:15:00,0.8059,0.80616,0.80583,0.80587,482,2,0
2025-08-07 06:30:00,0.80587,0.8059,0.8056,0.80571,637,2,0
2025-08-07 06:45:00,0.80571,0.80577,0.80542,0.80554,529,2,0
2025-08-07 07:00:00,0.80554,0.80566,0.805,0.80519,531,2,0
2025-08-07 07:15:00,0.80519,0.80527,0.80477,0.80502,411,2,0
2025-08-07 07:30:00,0.80502,0.80508,0.80476,0.80496,456,2,0
2025-08-07 07:45:00,0.80496,0.80503,0.80483,0.80498,395,2,0
2025-08-07 08:00:00,0.80498,0.80543,0.80478,0.80539,424,2,0
2025-08-07 08:15:00,0.80539,0.80564,0.80533,0.80546,367,2,0
2025-08-07 08:30:00,0.80546,0.80575,0.8054,0.80575,378,2,0
2025-08-07 08:45:00,0.80575,0.80579,0.80509,0.80514,479,2,0
2025-08-07 09:00:00,0.80514,0.80526,0.80489,0.8051,682,2,0
2025-08-07 09:15:00,0.8051,0.8051,0.80458,0.80489,622,2,0
2025-08-07 09:30:00,0.80489,0.80501,0.80476,0.80484,735,2,0
2025-08-07 09:45:00,0.80484,0.80484,0.80455,0.80467,879,2,0
2025-08-07 10:00:00,0.80467,0.80526,0.80465,0.80524,994,2,0
2025-08-07 10:15:00,0.80524,0.80532,0.80472,0.80487,829,2,0
2025-08-07 10:30:00,0.80487,0.80501,0.80449,0.80491,905,2,0
2025-08-07 10:45:00,0.80491,0.80504,0.8044,0.80457,987,2,0
2025-08-07 11:00:00,0.80457,0.80613,0.80428,0.80591,1319,2,0
2025-08-07 11:15:00,0.80591,0.80731,0.8059,0.80637,1217,2,0
2025-08-07 11:30:00,0.80637,0.80678,0.80546,0.80587,1113,2,0
2025-08-07 11:45:00,0.80587,0.80632,0.80552,0.80581,920,2,0
2025-08-07 12:00:00,0.80581,0.80651,0.80566,0.80638,682,2,0
2025-08-07 12:15:00,0.80638,0.8065,0.80621,0.80637,841,2,0
2025-08-07 12:30:00,0.80637,0.80679,0.80624,0.80633,989,2,0
2025-08-07 12:45:00,0.80633,0.80655,0.80605,0.80623,1091,2,0
2025-08-07 13:00:00,0.80623,0.80645,0.80605,0.80614,1118,2,0
2025-08-07 13:15:00,0.80614,0.80634,0.80575,0.80625,1067,2,0
2025-08-07 13:30:00,0.80625,0.80651,0.80587,0.806,1020,2,0
2025-08-07 13:45:00,0.806,0.80647,0.80596,0.80609,810,2,0
2025-08-07 14:00:00,0.80609,0.80707,0.80555,0.80678,1489,2,0
2025-08-07 14:15:00,0.80678,0.80728,0.80665,0.80727,1024,2,0
2025-08-07 14:30:00,0.80726,0.80874,0.80721,0.80849,1116,2,0
2025-08-07 14:45:00,0.80849,0.80891,0.80839,0.80873,1015,2,0
2025-08-07 15:00:00,0.80873,0.80886,0.80828,0.80883,1120,2,0
2025-08-07 15:15:00,0.80883,0.80896,0.80758,0.80775,893,2,0
2025-08-07 15:30:00,0.80775,0.80813,0.80692,0.80805,1697,2,0
2025-08-07 15:45:00,0.80805,0.80814,0.80735,0.80805,1236,2,0
2025-08-07 16:00:00,0.80805,0.80844,0.80779,0.80806,1254,2,0
2025-08-07 16:15:00,0.80805,0.80877,0.80776,0.8079,1381,2,0
2025-08-07 16:30:00,0.8079,0.80812,0.80724,0.80724,1562,2,0
2025-08-07 16:45:00,0.80724,0.80753,0.8071,0.80745,1079,2,0
2025-08-07 17:00:00,0.80745,0.80846,0.80695,0.80753,2023,2,0
2025-08-07 17:15:00,0.80753,0.80851,0.80751,0.80811,1492,2,0
2025-08-07 17:30:00,0.80811,0.80866,0.80773,0.80839,1206,2,0
2025-08-07 17:45:00,0.80838,0.80861,0.80798,0.808,1216,2,0
2025-08-07 18:00:00,0.808,0.80879,0.80783,0.80788,1295,2,0
2025-08-07 18:15:00,0.80788,0.80801,0.80756,0.80772,879,2,0
2025-08-07 18:30:00,0.80772,0.80783,0.80744,0.8076,841,2,0
2025-08-07 18:45:00,0.8076,0.80774,0.8074,0.80746,815,2,0
2025-08-07 19:00:00,0.80744,0.80773,0.80723,0.80766,753,2,0
2025-08-07 19:15:00,0.80766,0.80769,0.80715,0.80724,653,2,0
2025-08-07 19:30:00,0.80723,0.80745,0.80709,0.80723,609,2,0
2025-08-07 19:45:00,0.80723,0.80729,0.80709,0.80714,605,2,0
2025-08-07 20:00:00,0.80714,0.80756,0.80712,0.80739,861,2,0
2025-08-07 20:15:00,0.8074,0.80778,0.80735,0.80768,715,2,0
2025-08-07 20:30:00,0.80768,0.80783,0.80742,0.80769,661,2,0
2025-08-07 20:45:00,0.80769,0.80787,0.80751,0.80777,570,2,0
2025-08-07 21:00:00,0.80777,0.80785,0.80753,0.80758,524,2,0
2025-08-07 21:15:00,0.80758,0.80791,0.80751,0.80774,549,2,0
2025-08-07 21:30:00,0.80774,0.80822,0.80766,0.80821,567,2,0
2025-08-07 21:45:00,0.80821,0.80836,0.80804,0.80823,570,2,0
2025-08-07 22:00:00,0.80823,0.8084,0.80811,0.80818,306,2,0
2025-08-07 22:15:00,0.80818,0.8083,0.80799,0.80801,337,2,0
2025-08-07 22:30:00,0.80797,0.80797,0.80643,0.80643,1394,2,0
2025-08-07 22:45:00,0.80643,0.80693,0.80621,0.80647,1026,2,0
2025-08-07 23:00:00,0.80646,0.80647,0.80573,0.80629,587,2,0
2025-08-07 23:15:00,0.80629,0.80629,0.80563,0.80571,467,2,0
2025-08-07 23:30:00,0.80571,0.80629,0.80569,0.80606,562,2,0
2025-08-07 23:45:00,0.80606,0.80631,0.80583,0.80625,448,12,0
2025-08-08 00:00:00,0.8061,0.80679,0.80561,0.8057,37,70,0
2025-08-08 00:15:00,0.8057,0.80591,0.80524,0.80548,730,128,0
2025-08-08 00:30:00,0.80548,0.80579,0.80522,0.80547,440,176,0
2025-08-08 00:45:00,0.80547,0.80557,0.80517,0.80531,180,166,0
2025-08-08 01:00:00,0.80531,0.80638,0.80496,0.80638,451,2,0
2025-08-08 01:15:00,0.80638,0.80666,0.80626,0.80653,376,2,0
2025-08-08 01:30:00,0.80653,0.80658,0.8057,0.80577,443,2,0
2025-08-08 01:45:00,0.80577,0.8059,0.80571,0.80578,335,2,0
2025-08-08 02:00:00,0.80578,0.80593,0.80559,0.80579,350,2,0
2025-08-08 02:15:00,0.80579,0.80579,0.8056,0.80572,257,2,0
2025-08-08 02:30:00,0.80572,0.80594,0.80566,0.80569,209,2,0
2025-08-08 02:45:00,0.80569,0.80582,0.80558,0.80567,385,2,0
2025-08-08 03:00:00,0.80567,0.80605,0.80552,0.80593,692,2,0
2025-08-08 03:15:00,0.80593,0.8064,0.80593,0.80629,599,2,0
2025-08-08 03:30:00,0.80628,0.80638,0.80603,0.80613,489,2,0
2025-08-08 03:45:00,0.80613,0.80632,0.80605,0.80614,731,1,0
2025-08-08 04:00:00,0.80614,0.80703,0.80612,0.80702,643,2,0
2025-08-08 04:15:00,0.80702,0.8073,0.80684,0.80688,562,2,0
2025-08-08 04:30:00,0.80688,0.8073,0.80675,0.80718,577,2,0
2025-08-08 04:45:00,0.80718,0.80729,0.80685,0.80694,493,2,0
2025-08-08 05:00:00,0.80694,0.80694,0.80657,0.80682,406,2,0
2025-08-08 05:15:00,0.80682,0.80684,0.80659,0.80673,365,2,0
2025-08-08 05:30:00,0.80673,0.80681,0.80652,0.80663,384,2,0
2025-08-08 05:45:00,0.80663,0.80673,0.80646,0.80672,401,2,0
2025-08-08 06:00:00,0.80672,0.80704,0.80672,0.80687,424,2,0
2025-08-08 06:15:00,0.80687,0.80702,0.80676,0.80691,444,2,0
2025-08-08 06:30:00,0.80691,0.8071,0.80673,0.80683,364,2,0
2025-08-08 06:45:00,0.80683,0.80695,0.80672,0.80675,300,2,0
2025-08-08 07:00:00,0.80675,0.80683,0.80657,0.80662,284,2,0
2025-08-08 07:15:00,0.80662,0.80673,0.80646,0.8067,364,2,0
2025-08-08 07:30:00,0.8067,0.80682,0.80661,0.80668,234,2,0
2025-08-08 07:45:00,0.80668,0.80677,0.80656,0.80673,263,2,0
2025-08-08 08:00:00,0.80673,0.807,0.80663,0.80699,342,2,0
2025-08-08 08:15:00,0.80699,0.80758,0.80693,0.80753,517,2,0
2025-08-08 08:30:00,0.80753,0.80776,0.80747,0.80761,411,2,0
2025-08-08 08:45:00,0.80761,0.80789,0.80747,0.80775,483,2,0
2025-08-08 09:00:00,0.80775,0.8078,0.80713,0.80731,584,2,0
2025-08-08 09:15:00,0.80731,0.80764,0.8071,0.80751,482,2,0
2025-08-08 09:30:00,0.80751,0.80773,0.8075,0.80757,543,2,0
2025-08-08 09:45:00,0.80755,0.80787,0.80743,0.80765,654,2,0
2025-08-08 10:00:00,0.80765,0.80765,0.8068,0.80752,961,2,0
2025-08-08 10:15:00,0.80752,0.80769,0.80687,0.80698,810,2,0
2025-08-08 10:30:00,0.80698,0.80711,0.80641,0.80709,902,2,0
2025-08-08 10:45:00,0.80709,0.80738,0.80691,0.80727,951,2,0
2025-08-08 11:00:00,0.80728,0.80746,0.8071,0.80743,869,2,0
2025-08-08 11:15:00,0.80743,0.80807,0.80733,0.80805,846,2,0
2025-08-08 11:30:00,0.80806,0.80847,0.80805,0.80818,957,2,0
2025-08-08 11:45:00,0.80818,0.80891,0.80808,0.80853,1105,2,0
2025-08-08 12:00:00,0.80853,0.80853,0.80781,0.80789,994,2,0
2025-08-08 12:15:00,0.80789,0.80877,0.80789,0.80875,862,2,0
2025-08-08 12:30:00,0.80875,0.80884,0.80829,0.80838,896,2,0
2025-08-08 12:45:00,0.80838,0.80839,0.80782,0.80792,891,2,0
2025-08-08 13:00:00,0.80792,0.80801,0.80739,0.80773,838,2,0
2025-08-08 13:15:00,0.80774,0.80824,0.8077,0.80819,635,2,0
2025-08-08 13:30:00,0.80819,0.80846,0.80807,0.80833,728,2,0
2025-08-08 13:45:00,0.80834,0.80837,0.80778,0.80791,726,2,0
2025-08-08 14:00:00,0.80791,0.808,0.80767,0.80787,569,2,0
2025-08-08 14:15:00,0.80787,0.80819,0.8076,0.80793,749,2,0
2025-08-08 14:30:00,0.80793,0.808,0.80759,0.80779,723,2,0
2025-08-08 14:45:00,0.80779,0.80825,0.80776,0.80801,848,2,0
2025-08-08 15:00:00,0.80801,0.80811,0.80769,0.80791,881,2,0
2025-08-08 15:15:00,0.80791,0.80808,0.80731,0.80734,808,2,0
2025-08-08 15:30:00,0.80734,0.80768,0.80682,0.80748,1082,2,0
2025-08-08 15:45:00,0.80748,0.8082,0.80725,0.80776,1023,2,0
2025-08-08 16:00:00,0.80776,0.80786,0.80677,0.80697,1089,2,0
2025-08-08 16:15:00,0.80699,0.80742,0.80683,0.80722,782,2,0
2025-08-08 16:30:00,0.80722,0.80752,0.807,0.80747,987,2,0
2025-08-08 16:45:00,0.80747,0.80758,0.80695,0.8075,1032,2,0
2025-08-08 17:00:00,0.8075,0.80765,0.80671,0.80708,1467,2,0
2025-08-08 17:15:00,0.80708,0.8074,0.80685,0.80736,1080,2,0
2025-08-08 17:30:00,0.80736,0.80779,0.80717,0.80745,788,2,0
2025-08-08 17:45:00,0.80745,0.80762,0.8072,0.80752,1083,2,0
2025-08-08 18:00:00,0.80752,0.80761,0.80705,0.80714,936,2,0
2025-08-08 18:15:00,0.80714,0.80721,0.80673,0.80711,778,2,0
2025-08-08 18:30:00,0.80711,0.80727,0.80675,0.80709,907,2,0
2025-08-08 18:45:00,0.80708,0.8073,0.80693,0.80729,1001,2,0
2025-08-08 19:00:00,0.80729,0.80774,0.80701,0.80766,819,2,0
2025-08-08 19:15:00,0.80766,0.80815,0.80749,0.80761,788,2,0
2025-08-08 19:30:00,0.80761,0.80795,0.80749,0.80778,677,2,0
2025-08-08 19:45:00,0.80778,0.80802,0.80758,0.80798,615,2,0
2025-08-08 20:00:00,0.80798,0.80802,0.80747,0.8075,624,2,0
2025-08-08 20:15:00,0.8075,0.80774,0.80735,0.80747,575,2,0
2025-08-08 20:30:00,0.80747,0.80759,0.8074,0.80744,489,2,0
2025-08-08 20:45:00,0.80744,0.80789,0.80739,0.80788,618,2,0
2025-08-08 21:00:00,0.80786,0.80805,0.80765,0.80779,1171,2,0
2025-08-08 21:15:00,0.80779,0.80779,0.80737,0.8076,626,2,0
2025-08-08 21:30:00,0.8076,0.80806,0.8075,0.80779,683,2,0
2025-08-08 21:45:00,0.80779,0.80824,0.80762,0.80774,802,2,0
2025-08-08 22:00:00,0.80774,0.80806,0.80765,0.80774,418,2,0
2025-08-08 22:15:00,0.80774,0.80855,0.80764,0.8083,522,2,0
2025-08-08 22:30:00,0.8083,0.80864,0.80818,0.80827,564,2,0
2025-08-08 22:45:00,0.80827,0.80831,0.8079,0.80822,466,2,0
2025-08-08 23:00:00,0.80822,0.80826,0.80804,0.80819,349,2,0
2025-08-08 23:15:00,0.80819,0.80831,0.80802,0.80813,320,2,0
2025-08-08 23:30:00,0.80813,0.80848,0.80806,0.80828,581,2,0
2025-08-08 23:45:00,0.80828,0.80833,0.80719,0.80743,325,12,0
2025-08-11 00:00:00,0.80665,0.80693,0.80635,0.80651,105,300,0
2025-08-11 00:15:00,0.80651,0.80673,0.80636,0.80651,68,300,0
2025-08-11 00:30:00,0.80651,0.8067,0.80637,0.80661,185,300,0
2025-08-11 00:45:00,0.80661,0.80667,0.80642,0.8065,250,300,0
2025-08-11 01:00:00,0.8065,0.80781,0.80608,0.80771,399,2,0
2025-08-11 01:15:00,0.80771,0.80796,0.80758,0.80793,555,2,0
2025-08-11 01:30:00,0.80793,0.80815,0.80792,0.8081,340,2,0
2025-08-11 01:45:00,0.8081,0.80811,0.80796,0.80802,331,2,0
2025-08-11 02:00:00,0.80802,0.80808,0.80765,0.80765,281,2,0
2025-08-11 02:15:00,0.80765,0.80766,0.80732,0.8075,289,2,0
2025-08-11 02:30:00,0.8075,0.80757,0.80738,0.8075,207,2,0
2025-08-11 02:45:00,0.8075,0.8077,0.80736,0.80754,323,2,0
2025-08-11 03:00:00,0.80754,0.80793,0.80747,0.80782,807,2,0
2025-08-11 03:15:00,0.80782,0.80803,0.80764,0.80786,830,2,0
2025-08-11 03:30:00,0.80786,0.80803,0.80778,0.80796,621,2,0
2025-08-11 03:45:00,0.80796,0.80796,0.80759,0.80761,828,2,0
2025-08-11 04:00:00,0.80761,0.80775,0.80746,0.80757,1015,2,0
2025-08-11 04:15:00,0.80757,0.80767,0.80738,0.80742,1104,2,0
2025-08-11 04:30:00,0.80743,0.80748,0.80717,0.8073,687,2,0
2025-08-11 04:45:00,0.8073,0.80731,0.80694,0.807,704,2,0
2025-08-11 05:00:00,0.807,0.807,0.80663,0.80675,577,2,0
2025-08-11 05:15:00,0.80675,0.80692,0.80659,0.80679,545,2,0
2025-08-11 05:30:00,0.8068,0.80703,0.80676,0.80694,419,2,0
2025-08-11 05:45:00,0.80694,0.80695,0.80667,0.80682,521,2,0
2025-08-11 06:00:00,0.80682,0.80696,0.80664,0.80669,455,2,0
2025-08-11 06:15:00,0.80669,0.80672,0.80623,0.80652,816,2,0
2025-08-11 06:30:00,0.80652,0.8067,0.8064,0.80649,609,2,0
2025-08-11 06:45:00,0.80649,0.80654,0.80633,0.80651,612,2,0
2025-08-11 07:00:00,0.80651,0.80656,0.80626,0.80634,712,2,0
2025-08-11 07:15:00,0.80635,0.80647,0.80627,0.80641,605,2,0
2025-08-11 07:30:00,0.80641,0.80652,0.80629,0.80634,422,2,0
2025-08-11 07:45:00,0.80634,0.80649,0.8062,0.80643,684,2,0
2025-08-11 08:00:00,0.80642,0.80663,0.80637,0.8065,746,2,0
2025-08-11 08:15:00,0.8065,0.80658,0.80629,0.80651,697,2,0
2025-08-11 08:30:00,0.80651,0.8066,0.80631,0.80645,693,2,0
2025-08-11 08:45:00,0.80645,0.80651,0.80626,0.80646,952,2,0
2025-08-11 09:00:00,0.80646,0.80669,0.8061,0.80652,785,2,0
2025-08-11 09:15:00,0.80652,0.80689,0.80638,0.80687,408,2,0
2025-08-11 09:30:00,0.80687,0.80693,0.80662,0.80693,655,2,0
2025-08-11 09:45:00,0.80693,0.80709,0.80675,0.80688,545,2,0
2025-08-11 10:00:00,0.80688,0.80743,0.80686,0.80722,911,2,0
2025-08-11 10:15:00,0.80722,0.80751,0.80688,0.80747,708,2,0
2025-08-11 10:30:00,0.80747,0.80794,0.80747,0.80777,845,2,0
2025-08-11 10:45:00,0.80777,0.80802,0.80765,0.808,975,2,0
2025-08-11 11:00:00,0.808,0.80837,0.80789,0.808,930,2,0
2025-08-11 11:15:00,0.808,0.80829,0.80791,0.80809,873,2,0
2025-08-11 11:30:00,0.80809,0.8082,0.80787,0.80808,896,2,0
2025-08-11 11:45:00,0.80808,0.80859,0.80806,0.80833,723,1,0
2025-08-11 12:00:00,0.80835,0.80882,0.80817,0.80874,787,2,0
2025-08-11 12:15:00,0.80874,0.80942,0.80874,0.80934,709,2,0
2025-08-11 12:30:00,0.80934,0.80972,0.80924,0.80938,753,2,0
2025-08-11 12:45:00,0.80938,0.80973,0.80938,0.8095,703,2,0
2025-08-11 13:00:00,0.80948,0.80985,0.80938,0.80964,753,2,0
2025-08-11 13:15:00,0.80964,0.80971,0.80937,0.80966,635,2,0
2025-08-11 13:30:00,0.80966,0.80999,0.80966,0.80981,499,0,0
2025-08-11 13:45:00,0.80981,0.80986,0.80954,0.80958,604,2,0
2025-08-11 14:00:00,0.80958,0.80998,0.80946,0.80989,617,2,0
2025-08-11 14:15:00,0.80989,0.81037,0.80977,0.81021,656,2,0
2025-08-11 14:30:00,0.81021,0.81085,0.81016,0.81073,693,2,0
2025-08-11 14:45:00,0.81073,0.81128,0.81068,0.81089,670,2,0
2025-08-11 15:00:00,0.81089,0.81156,0.81068,0.81155,922,2,0
2025-08-11 15:15:00,0.81155,0.8116,0.81107,0.81129,911,2,0
2025-08-11 15:30:00,0.81129,0.81175,0.81121,0.81147,879,2,0
2025-08-11 15:45:00,0.81147,0.81153,0.81128,0.81146,669,2,0
2025-08-11 16:00:00,0.81146,0.81161,0.8112,0.81122,660,2,0
2025-08-11 16:15:00,0.81122,0.81161,0.81107,0.81138,758,2,0
2025-08-11 16:30:00,0.81138,0.81168,0.81105,0.81114,926,2,0
2025-08-11 16:45:00,0.81114,0.81175,0.81096,0.81164,890,2,0
2025-08-11 17:00:00,0.81164,0.81257,0.81162,0.81246,1064,2,0
2025-08-11 17:15:00,0.81246,0.81295,0.81232,0.81284,878,2,0
2025-08-11 17:30:00,0.81284,0.81316,0.8128,0.81292,837,2,0
2025-08-11 17:45:00,0.81292,0.81309,0.81254,0.81255,980,2,0
2025-08-11 18:00:00,0.81255,0.81302,0.81224,0.81273,786,2,0
2025-08-11 18:15:00,0.81273,0.81312,0.81273,0.81277,754,2,0
2025-08-11 18:30:00,0.81278,0.81319,0.81253,0.81277,652,2,0
2025-08-11 18:45:00,0.81277,0.81297,0.81239,0.81279,522,2,0
2025-08-11 19:00:00,0.81279,0.8129,0.81251,0.81264,451,2,0
2025-08-11 19:15:00,0.81264,0.81275,0.81243,0.81259,445,2,0
2025-08-11 19:30:00,0.81259,0.81288,0.81233,0.81278,537,2,0
2025-08-11 19:45:00,0.81277,0.81288,0.81265,0.81265,507,2,0
2025-08-11 20:00:00,0.81265,0.81287,0.81258,0.81285,442,2,0
2025-08-11 20:15:00,0.81285,0.81304,0.81273,0.8128,359,2,0
2025-08-11 20:30:00,0.8128,0.81282,0.81226,0.81247,457,2,0
2025-08-11 20:45:00,0.81247,0.81247,0.81216,0.81227,386,2,0
2025-08-11 21:00:00,0.81227,0.81255,0.81224,0.81253,325,2,0
2025-08-11 21:15:00,0.81253,0.81263,0.81227,0.81227,370,2,0
2025-08-11 21:30:00,0.81227,0.81243,0.81222,0.81233,492,2,0
2025-08-11 21:45:00,0.81232,0.81257,0.81225,0.81232,392,2,0
2025-08-11 22:00:00,0.81232,0.8125,0.81229,0.81242,234,2,0
2025-08-11 22:15:00,0.81242,0.81278,0.81235,0.81269,180,2,0
2025-08-11 22:30:00,0.8127,0.81284,0.81266,0.81271,224,2,0
2025-08-11 22:45:00,0.81271,0.81281,0.81225,0.81268,283,2,0
2025-08-11 23:00:00,0.81268,0.81271,0.81227,0.8123,169,2,0
2025-08-11 23:15:00,0.8123,0.81235,0.81193,0.81195,173,2,0
2025-08-11 23:30:00,0.81195,0.81217,0.81193,0.81197,237,2,0
2025-08-11 23:45:00,0.81197,0.81236,0.81197,0.81233,326,12,0
2025-08-12 00:00:00,0.81212,0.81216,0.81139,0.81163,27,54,0
2025-08-12 00:15:00,0.81163,0.81183,0.81097,0.81175,124,116,0
2025-08-12 00:30:00,0.81175,0.81184,0.81076,0.81122,493,126,0
2025-08-12 00:45:00,0.81122,0.8113,0.81073,0.81073,485,184,0
2025-08-12 01:00:00,0.81073,0.81268,0.81073,0.81255,336,2,0
2025-08-12 01:15:00,0.81255,0.8126,0.81242,0.81245,286,2,0
2025-08-12 01:30:00,0.81245,0.81264,0.81238,0.81259,258,2,0
2025-08-12 01:45:00,0.81259,0.81267,0.81252,0.81253,235,2,0
2025-08-12 02:00:00,0.81253,0.81255,0.81224,0.8124,200,2,0
2025-08-12 02:15:00,0.8124,0.81248,0.81205,0.8121,203,2,0
2025-08-12 02:30:00,0.8121,0.81224,0.81208,0.81219,284,2,0
2025-08-12 02:45:00,0.81219,0.81228,0.81198,0.81206,292,2,0
2025-08-12 03:00:00,0.81206,0.81226,0.81168,0.81179,759,2,0
2025-08-12 03:15:00,0.81179,0.8123,0.81178,0.81196,768,2,0
2025-08-12 03:30:00,0.81196,0.81205,0.81181,0.81193,687,2,0
2025-08-12 03:45:00,0.81193,0.81203,0.81181,0.81192,555,2,0
2025-08-12 04:00:00,0.81192,0.81195,0.81138,0.81154,619,2,0
2025-08-12 04:15:00,0.81154,0.81199,0.81153,0.81184,606,2,0
2025-08-12 04:30:00,0.81184,0.81184,0.81102,0.81105,775,2,0
2025-08-12 04:45:00,0.81105,0.81129,0.81088,0.81111,568,2,0
2025-08-12 05:00:00,0.81111,0.81128,0.81101,0.81127,455,2,0
2025-08-12 05:15:00,0.81127,0.81142,0.8109,0.81101,562,2,0
2025-08-12 05:30:00,0.81102,0.81109,0.81081,0.81104,427,2,0
2025-08-12 05:45:00,0.81104,0.8111,0.81086,0.811,264,2,0
2025-08-12 06:00:00,0.811,0.81109,0.81079,0.81091,403,2,0
2025-08-12 06:15:00,0.81091,0.8112,0.81086,0.81118,336,2,0
2025-08-12 06:30:00,0.81118,0.81122,0.81106,0.81109,414,2,0
2025-08-12 06:45:00,0.81109,0.81134,0.81097,0.81124,447,2,0
2025-08-12 07:00:00,0.81124,0.81141,0.8112,0.81134,376,2,0
2025-08-12 07:15:00,0.81134,0.8115,0.81133,0.81141,428,2,0
2025-08-12 07:30:00,0.81141,0.81155,0.81102,0.81114,483,2,0
2025-08-12 07:45:00,0.81114,0.81121,0.8109,0.81092,338,2,0
2025-08-12 08:00:00,0.81092,0.81098,0.81062,0.81085,600,2,0
2025-08-12 08:15:00,0.81085,0.81102,0.81045,0.8109,631,2,0
2025-08-12 08:30:00,0.8109,0.811,0.81065,0.811,534,2,0
2025-08-12 08:45:00,0.811,0.81112,0.81081,0.81109,711,2,0
2025-08-12 09:00:00,0.81109,0.81129,0.81076,0.81099,749,2,0
2025-08-12 09:15:00,0.81099,0.8116,0.81073,0.81144,702,2,0
2025-08-12 09:30:00,0.81144,0.8115,0.81117,0.81131,731,2,0
2025-08-12 09:45:00,0.81131,0.81171,0.81117,0.81163,671,2,0
2025-08-12 10:00:00,0.81163,0.81167,0.81115,0.81137,989,2,0
2025-08-12 10:15:00,0.81137,0.81144,0.81018,0.81021,843,2,0
2025-08-12 10:30:00,0.81021,0.81026,0.80976,0.80988,874,2,0
2025-08-12 10:45:00,0.80988,0.81013,0.80975,0.80993,898,2,0
2025-08-12 11:00:00,0.80993,0.81013,0.80941,0.80943,784,2,0
2025-08-12 11:15:00,0.80943,0.80976,0.80913,0.80927,778,2,0
2025-08-12 11:30:00,0.80927,0.80975,0.80927,0.80966,839,2,0
2025-08-12 11:45:00,0.80966,0.81015,0.8096,0.80994,728,2,0
2025-08-12 12:00:00,0.80994,0.81025,0.80968,0.81003,967,2,0
2025-08-12 12:15:00,0.81003,0.81065,0.81,0.81065,844,2,0
2025-08-12 12:30:00,0.81065,0.81075,0.81033,0.81069,875,2,0
2025-08-12 12:45:00,0.81069,0.81096,0.81059,0.81083,899,2,0
2025-08-12 13:00:00,0.81085,0.81091,0.81055,0.81069,776,2,0
2025-08-12 13:15:00,0.81069,0.8107,0.81016,0.81065,634,2,0
2025-08-12 13:30:00,0.81065,0.81113,0.81065,0.81111,650,2,0
2025-08-12 13:45:00,0.81111,0.81112,0.81076,0.81098,612,2,0
2025-08-12 14:00:00,0.811,0.81129,0.81095,0.81128,727,2,0
2025-08-12 14:15:00,0.81128,0.81155,0.81118,0.81139,733,2,0
2025-08-12 14:30:00,0.81139,0.8118,0.81128,0.81153,767,2,0
2025-08-12 14:45:00,0.81153,0.81175,0.81121,0.81134,727,2,0
2025-08-12 15:00:00,0.81134,0.81171,0.81118,0.81168,764,2,0
2025-08-12 15:15:00,0.81168,0.81185,0.8108,0.8108,790,2,0
2025-08-12 15:30:00,0.8108,0.8108,0.80805,0.80886,3544,2,0
2025-08-12 15:45:00,0.80886,0.80992,0.80837,0.80963,2320,2,0
2025-08-12 16:00:00,0.80963,0.81084,0.80942,0.81057,2052,2,0
2025-08-12 16:15:00,0.81057,0.81104,0.80993,0.81092,1653,2,0
2025-08-12 16:30:00,0.81092,0.81116,0.80852,0.80859,1839,2,0
2025-08-12 16:45:00,0.80863,0.80983,0.80789,0.80932,2432,2,0
2025-08-12 17:00:00,0.80932,0.81001,0.80866,0.80991,1905,2,0
2025-08-12 17:15:00,0.80991,0.81042,0.80964,0.80995,1478,2,0
2025-08-12 17:30:00,0.80995,0.81018,0.80913,0.80918,1404,2,0
2025-08-12 17:45:00,0.80918,0.80959,0.80899,0.80919,1228,2,0
2025-08-12 18:00:00,0.80919,0.80939,0.80854,0.80885,1158,2,0
2025-08-12 18:15:00,0.80886,0.80906,0.80732,0.80765,1298,2,0
2025-08-12 18:30:00,0.80765,0.80824,0.80663,0.80681,1636,2,0
2025-08-12 18:45:00,0.8068,0.80818,0.8068,0.80813,1267,2,0
2025-08-12 19:00:00,0.80813,0.8085,0.80786,0.8084,1075,2,0
2025-08-12 19:15:00,0.8084,0.80855,0.80734,0.80739,926,2,0
2025-08-12 19:30:00,0.80739,0.80753,0.80706,0.8074,988,2,0
2025-08-12 19:45:00,0.8074,0.80771,0.80704,0.80738,859,2,0
2025-08-12 20:00:00,0.80739,0.80786,0.80735,0.80755,931,2,0
2025-08-12 20:15:00,0.80755,0.8078,0.80735,0.80743,942,2,0
2025-08-12 20:30:00,0.80743,0.80767,0.80727,0.8073,679,2,0
2025-08-12 20:45:00,0.8073,0.80761,0.8072,0.80759,578,2,0
2025-08-12 21:00:00,0.80759,0.80776,0.80711,0.80738,708,2,0
2025-08-12 21:15:00,0.80738,0.80787,0.80721,0.80767,556,2,0
2025-08-12 21:30:00,0.80767,0.80776,0.80743,0.80775,639,2,0
2025-08-12 21:45:00,0.80775,0.8078,0.80722,0.80737,600,2,0
2025-08-12 22:00:00,0.80737,0.80747,0.80715,0.80716,487,2,0
2025-08-12 22:15:00,0.80716,0.80725,0.80665,0.80665,444,2,0
2025-08-12 22:30:00,0.80665,0.80671,0.80635,0.80646,428,2,0
2025-08-12 22:45:00,0.80646,0.80657,0.80616,0.8064,513,2,0
2025-08-12 23:00:00,0.8064,0.80679,0.8064,0.80649,470,2,0
2025-08-12 23:15:00,0.80649,0.80674,0.80648,0.80667,267,2,0
2025-08-12 23:30:00,0.80667,0.80687,0.80652,0.80655,188,2,0
2025-08-12 23:45:00,0.80655,0.80672,0.80614,0.80614,346,12,0
2025-08-13 00:00:00,0.80577,0.806,0.80549,0.80586,25,100,0
2025-08-13 00:15:00,0.80586,0.80586,0.80549,0.8057,287,126,0
2025-08-13 00:30:00,0.8057,0.80611,0.80551,0.80571,862,132,0
2025-08-13 00:45:00,0.80571,0.80606,0.80564,0.80584,547,120,0
2025-08-13 01:00:00,0.80584,0.80625,0.80583,0.80621,314,2,0
2025-08-13 01:15:00,0.80621,0.80622,0.80591,0.80609,516,2,0
2025-08-13 01:30:00,0.80609,0.80635,0.80605,0.80627,501,2,0
2025-08-13 01:45:00,0.80627,0.80644,0.80623,0.80629,329,2,0
2025-08-13 02:00:00,0.80629,0.80632,0.80615,0.80622,180,2,0
2025-08-13 02:15:00,0.80622,0.80626,0.80613,0.80621,164,2,0
2025-08-13 02:30:00,0.80621,0.8063,0.80608,0.80612,238,2,0
2025-08-13 02:45:00,0.80612,0.80625,0.80612,0.80619,523,2,0
2025-08-13 03:00:00,0.80619,0.80672,0.80608,0.80666,784,2,0
2025-08-13 03:15:00,0.80666,0.80689,0.80659,0.80681,504,2,0
2025-08-13 03:30:00,0.80681,0.80697,0.80667,0.80672,470,2,0
2025-08-13 03:45:00,0.80672,0.80674,0.80639,0.80647,503,2,0
2025-08-13 04:00:00,0.80646,0.80649,0.80613,0.80624,630,2,0
2025-08-13 04:15:00,0.80623,0.80664,0.80614,0.8066,503,2,0
2025-08-13 04:30:00,0.8066,0.80669,0.80639,0.80646,890,2,0
2025-08-13 04:45:00,0.80646,0.80681,0.80637,0.80677,689,2,0
2025-08-13 05:00:00,0.80677,0.80717,0.80664,0.80703,486,2,0
2025-08-13 05:15:00,0.80703,0.80707,0.80664,0.80679,448,2,0
2025-08-13 05:30:00,0.80679,0.80684,0.8064,0.80673,526,2,0
2025-08-13 05:45:00,0.80672,0.80678,0.80638,0.80662,414,2,0
2025-08-13 06:00:00,0.80662,0.80676,0.80648,0.80653,355,2,0
2025-08-13 06:15:00,0.80653,0.80675,0.80646,0.80657,463,2,0
2025-08-13 06:30:00,0.80657,0.80661,0.80635,0.8064,468,2,0
2025-08-13 06:45:00,0.8064,0.80657,0.80628,0.80655,451,2,0
2025-08-13 07:00:00,0.80655,0.80675,0.80653,0.80663,491,2,0
2025-08-13 07:15:00,0.80663,0.80679,0.80656,0.80678,387,2,0
2025-08-13 07:30:00,0.80678,0.80686,0.8066,0.80673,462,2,0
2025-08-13 07:45:00,0.80673,0.80677,0.80648,0.80648,492,2,0
2025-08-13 08:00:00,0.80648,0.80659,0.8064,0.80655,676,2,0
2025-08-13 08:15:00,0.80655,0.80662,0.80644,0.80661,365,2,0
2025-08-13 08:30:00,0.80661,0.80688,0.80657,0.80676,427,2,0
2025-08-13 08:45:00,0.80676,0.8068,0.80652,0.80655,575,2,0
2025-08-13 09:00:00,0.80655,0.80662,0.8061,0.80646,599,2,0
2025-08-13 09:15:00,0.80646,0.80677,0.806,0.80674,504,2,0
2025-08-13 09:30:00,0.80674,0.80685,0.80589,0.80612,901,2,0
2025-08-13 09:45:00,0.80612,0.8062,0.80551,0.80581,816,2,0
2025-08-13 10:00:00,0.80581,0.80595,0.80456,0.8046,1228,2,0
2025-08-13 10:15:00,0.8046,0.805,0.80453,0.80461,957,2,0
2025-08-13 10:30:00,0.80461,0.80461,0.80359,0.80417,906,2,0
2025-08-13 10:45:00,0.80417,0.8042,0.80341,0.8037,907,2,0
2025-08-13 11:00:00,0.80371,0.80372,0.80316,0.80325,963,2,0
2025-08-13 11:15:00,0.80325,0.80334,0.80257,0.80289,997,2,0
2025-08-13 11:30:00,0.80289,0.80324,0.8026,0.80308,960,2,0
2025-08-13 11:45:00,0.80308,0.80347,0.80271,0.80342,941,2,0
2025-08-13 12:00:00,0.80342,0.80342,0.80263,0.80275,910,2,0
2025-08-13 12:15:00,0.80275,0.80282,0.80238,0.80253,878,2,0
2025-08-13 12:30:00,0.80253,0.80262,0.80219,0.8024,861,2,0
2025-08-13 12:45:00,0.80242,0.8027,0.80242,0.80265,638,2,0
2025-08-13 13:00:00,0.80265,0.80325,0.80249,0.80306,1000,2,0
2025-08-13 13:15:00,0.80306,0.80352,0.80279,0.80337,845,2,0
2025-08-13 13:30:00,0.80337,0.80366,0.80316,0.80364,889,2,0
2025-08-13 13:45:00,0.80364,0.80384,0.8034,0.80378,676,2,0
2025-08-13 14:00:00,0.80378,0.80402,0.80356,0.8039,727,2,0
2025-08-13 14:15:00,0.8039,0.80402,0.80367,0.80377,770,2,0
2025-08-13 14:30:00,0.80377,0.80402,0.80341,0.80363,806,2,0
2025-08-13 14:45:00,0.80363,0.80363,0.80306,0.80315,777,2,0
2025-08-13 15:00:00,0.80313,0.80347,0.80306,0.80329,712,2,0
2025-08-13 15:15:00,0.80329,0.80337,0.8028,0.80323,904,2,0
2025-08-13 15:30:00,0.80324,0.80394,0.80315,0.80383,853,2,0
2025-08-13 15:45:00,0.80383,0.80442,0.80383,0.8044,820,2,0
2025-08-13 16:00:00,0.8044,0.80476,0.80435,0.80457,992,2,0
2025-08-13 16:15:00,0.80457,0.80488,0.80428,0.8044,772,2,0
2025-08-13 16:30:00,0.8044,0.8049,0.80417,0.80483,1052,2,0
2025-08-13 16:45:00,0.80483,0.80496,0.80424,0.80458,1034,2,0
2025-08-13 17:00:00,0.80458,0.80464,0.80393,0.80424,1292,2,0
2025-08-13 17:15:00,0.80424,0.80435,0.80352,0.80359,998,2,0
2025-08-13 17:30:00,0.80359,0.80419,0.80346,0.80414,892,2,0
2025-08-13 17:45:00,0.80413,0.80449,0.8038,0.80386,1127,2,0
2025-08-13 18:00:00,0.80386,0.80444,0.8038,0.80439,865,2,0
2025-08-13 18:15:00,0.8044,0.80448,0.80416,0.80429,852,2,0
2025-08-13 18:30:00,0.80428,0.80435,0.80396,0.80422,744,2,0
2025-08-13 18:45:00,0.80422,0.80476,0.80421,0.80438,717,2,0
2025-08-13 19:00:00,0.8044,0.80459,0.80424,0.80436,645,2,0
2025-08-13 19:15:00,0.80436,0.80468,0.80434,0.80455,673,2,0
2025-08-13 19:30:00,0.80454,0.80482,0.8044,0.80475,512,2,0
2025-08-13 19:45:00,0.80475,0.80501,0.80466,0.805,640,2,0
2025-08-13 20:00:00,0.805,0.80525,0.80489,0.80525,674,2,0
2025-08-13 20:15:00,0.80524,0.80531,0.80475,0.80486,509,2,0
2025-08-13 20:30:00,0.80486,0.80506,0.80474,0.80487,610,2,0
2025-08-13 20:45:00,0.80487,0.80525,0.80479,0.80519,501,2,0
2025-08-13 21:00:00,0.80519,0.80558,0.80517,0.80546,606,2,0
2025-08-13 21:15:00,0.80544,0.80584,0.80543,0.80564,550,2,0
2025-08-13 21:30:00,0.80563,0.80579,0.8055,0.80575,489,2,0
2025-08-13 21:45:00,0.80575,0.80575,0.80543,0.80552,414,2,0
2025-08-13 22:00:00,0.80552,0.80571,0.80543,0.80557,259,2,0
2025-08-13 22:15:00,0.80557,0.80565,0.80533,0.80547,246,2,0
2025-08-13 22:30:00,0.80547,0.80572,0.80546,0.80564,285,2,0
2025-08-13 22:45:00,0.80564,0.80572,0.80549,0.80553,280,2,0
2025-08-13 23:00:00,0.80553,0.80565,0.80543,0.80544,268,2,0
2025-08-13 23:15:00,0.80544,0.80544,0.80521,0.80525,200,2,0
2025-08-13 23:30:00,0.80525,0.80543,0.80523,0.80529,276,2,0
2025-08-13 23:45:00,0.80529,0.80554,0.80497,0.8051,278,12,0
2025-08-14 00:00:00,0.80476,0.80494,0.80292,0.80432,44,100,0
2025-08-14 00:15:00,0.80432,0.80443,0.80379,0.80391,196,156,0
2025-08-14 00:30:00,0.80391,0.80423,0.80381,0.80404,754,200,0
2025-08-14 00:45:00,0.80404,0.80436,0.80364,0.80387,674,200,0
2025-08-14 01:00:00,0.80387,0.80517,0.80383,0.80502,334,2,0
2025-08-14 01:15:00,0.80502,0.80534,0.80502,0.80533,486,2,0
2025-08-14 01:30:00,0.80533,0.80533,0.80511,0.80518,289,2,0
2025-08-14 01:45:00,0.80518,0.80533,0.80516,0.80519,331,2,0
2025-08-14 02:00:00,0.80519,0.80521,0.80503,0.80507,325,2,0
2025-08-14 02:15:00,0.80507,0.80512,0.80481,0.80485,324,2,0
2025-08-14 02:30:00,0.80485,0.80493,0.80473,0.80489,393,2,0
2025-08-14 02:45:00,0.80489,0.80493,0.80473,0.80478,285,2,0
2025-08-14 03:00:00,0.80478,0.80508,0.80465,0.80496,1101,2,0
2025-08-14 03:15:00,0.80496,0.80517,0.80478,0.80487,643,2,0
2025-08-14 03:30:00,0.80487,0.80516,0.80469,0.80488,540,2,0
2025-08-14 03:45:00,0.80488,0.80499,0.80473,0.80492,851,2,0
2025-08-14 04:00:00,0.80493,0.80496,0.80463,0.80472,1061,2,0
2025-08-14 04:15:00,0.80472,0.80479,0.80458,0.80476,743,2,0
2025-08-14 04:30:00,0.80476,0.80509,0.80461,0.80486,661,2,0
2025-08-14 04:45:00,0.80486,0.80492,0.80446,0.80487,867,2,0
2025-08-14 05:00:00,0.80487,0.80498,0.80483,0.80494,549,2,0
2025-08-14 05:15:00,0.80494,0.8055,0.80493,0.80545,553,2,0
2025-08-14 05:30:00,0.80545,0.8058,0.80538,0.80543,591,2,0
2025-08-14 05:45:00,0.80543,0.80565,0.80532,0.80544,555,2,0
2025-08-14 06:00:00,0.80544,0.80574,0.80541,0.80563,517,2,0
2025-08-14 06:15:00,0.80563,0.80575,0.80554,0.80561,614,2,0
2025-08-14 06:30:00,0.80561,0.80567,0.80539,0.80549,609,2,0
2025-08-14 06:45:00,0.80549,0.80567,0.80548,0.80556,680,2,0
2025-08-14 07:00:00,0.80556,0.80562,0.80537,0.80542,487,2,0
2025-08-14 07:15:00,0.80542,0.80546,0.80519,0.80541,585,2,0
2025-08-14 07:30:00,0.80541,0.80552,0.80513,0.80526,520,2,0
2025-08-14 07:45:00,0.80526,0.80535,0.80512,0.80526,473,2,0
2025-08-14 08:00:00,0.80526,0.80553,0.80525,0.80545,684,2,0
2025-08-14 08:15:00,0.80545,0.80571,0.80537,0.80565,673,2,0
2025-08-14 08:30:00,0.80565,0.80585,0.80549,0.80553,635,2,0
2025-08-14 08:45:00,0.80553,0.80572,0.80532,0.80553,455,2,0
2025-08-14 09:00:00,0.80553,0.80582,0.80517,0.80523,694,2,0
2025-08-14 09:15:00,0.80523,0.80579,0.80518,0.80541,677,2,0
2025-08-14 09:30:00,0.80541,0.8065,0.80534,0.80635,978,2,0
2025-08-14 09:45:00,0.80635,0.80649,0.80614,0.80643,852,2,0
2025-08-14 10:00:00,0.80643,0.80675,0.80609,0.8064,1240,2,0
2025-08-14 10:15:00,0.8064,0.80665,0.80592,0.80592,1392,2,0
2025-08-14 10:30:00,0.80592,0.80627,0.80588,0.80608,890,1,0
2025-08-14 10:45:00,0.80608,0.8066,0.80604,0.80649,1194,2,0
2025-08-14 11:00:00,0.80649,0.80685,0.8061,0.80624,1089,2,0
2025-08-14 11:15:00,0.80624,0.80633,0.80597,0.80607,738,2,0
2025-08-14 11:30:00,0.80607,0.80686,0.80603,0.80685,838,2,0
2025-08-14 11:45:00,0.80686,0.80689,0.80647,0.80671,983,2,0
2025-08-14 12:00:00,0.80671,0.80687,0.80625,0.80631,928,2,0
2025-08-14 12:15:00,0.80631,0.80638,0.80611,0.80624,633,2,0
2025-08-14 12:30:00,0.80624,0.80629,0.80569,0.80593,821,2,0
2025-08-14 12:45:00,0.80593,0.80638,0.80593,0.80637,785,2,0
2025-08-14 13:00:00,0.80637,0.80645,0.80601,0.80615,698,2,0
2025-08-14 13:15:00,0.80615,0.80618,0.8055,0.80561,1171,2,0
2025-08-14 13:30:00,0.80561,0.8058,0.80536,0.80578,936,2,0
2025-08-14 13:45:00,0.80578,0.80581,0.80538,0.80554,839,2,0
2025-08-14 14:00:00,0.80555,0.80579,0.8054,0.8055,901,2,0
2025-08-14 14:15:00,0.8055,0.80599,0.80549,0.80589,570,2,0
2025-08-14 14:30:00,0.80589,0.80599,0.80554,0.80575,704,2,0
2025-08-14 14:45:00,0.80575,0.80595,0.80506,0.80541,981,2,0
2025-08-14 15:00:00,0.80539,0.80549,0.80515,0.80545,929,2,0
2025-08-14 15:15:00,0.80545,0.80589,0.80528,0.80566,841,2,0
2025-08-14 15:30:00,0.80568,0.80807,0.80557,0.80621,2970,2,0
2025-08-14 15:45:00,0.80621,0.807,0.80591,0.80662,1820,2,0
2025-08-14 16:00:00,0.80662,0.80735,0.80609,0.80669,1739,2,0
2025-08-14 16:15:00,0.80669,0.80757,0.80624,0.80748,1463,2,0
2025-08-14 16:30:00,0.80748,0.80771,0.80698,0.8076,1551,2,0
2025-08-14 16:45:00,0.8076,0.80815,0.80737,0.80784,1395,2,0
2025-08-14 17:00:00,0.80784,0.80876,0.80754,0.80787,1573,2,0
2025-08-14 17:15:00,0.80786,0.80791,0.80736,0.80757,1405,2,0
2025-08-14 17:30:00,0.80757,0.80786,0.80704,0.80786,1309,2,0
2025-08-14 17:45:00,0.80786,0.80788,0.80703,0.80706,1280,2,0
2025-08-14 18:00:00,0.80706,0.80796,0.80704,0.80758,1163,2,0
2025-08-14 18:15:00,0.80758,0.80793,0.80738,0.80779,1046,2,0
2025-08-14 18:30:00,0.80779,0.80856,0.8076,0.80837,1004,2,0
2025-08-14 18:45:00,0.80837,0.80837,0.80778,0.80785,941,2,0
2025-08-14 19:00:00,0.80785,0.80872,0.8078,0.80871,884,2,0
2025-08-14 19:15:00,0.80871,0.8088,0.8084,0.80876,916,2,0
2025-08-14 19:30:00,0.80876,0.80897,0.80857,0.80897,679,2,0
2025-08-14 19:45:00,0.80897,0.80924,0.80879,0.80879,820,2,0
2025-08-14 20:00:00,0.80879,0.80885,0.80815,0.80815,637,2,0
2025-08-14 20:15:00,0.80816,0.8085,0.80814,0.80836,627,2,0
2025-08-14 20:30:00,0.80836,0.8088,0.80835,0.80869,644,2,0
2025-08-14 20:45:00,0.80869,0.80875,0.80853,0.8086,753,2,0
2025-08-14 21:00:00,0.8086,0.80875,0.80836,0.80846,876,2,0
2025-08-14 21:15:00,0.80846,0.80875,0.80839,0.80841,407,2,0
2025-08-14 21:30:00,0.80841,0.80867,0.80836,0.80865,442,2,0
2025-08-14 21:45:00,0.80865,0.80868,0.80833,0.80847,584,2,0
2025-08-14 22:00:00,0.80848,0.80849,0.80788,0.80792,454,2,0
2025-08-14 22:15:00,0.80792,0.80807,0.80773,0.80776,351,2,0
2025-08-14 22:30:00,0.80776,0.80777,0.80727,0.80727,338,2,0
2025-08-14 22:45:00,0.80727,0.80756,0.80721,0.80753,346,2,0
2025-08-14 23:00:00,0.80753,0.80753,0.80721,0.80738,399,2,0
2025-08-14 23:15:00,0.80738,0.80765,0.80738,0.8075,313,2,0
2025-08-14 23:30:00,0.8075,0.80774,0.80744,0.80744,323,2,0
2025-08-14 23:45:00,0.80744,0.80751,0.80713,0.80733,309,12,0
2025-08-15 00:00:00,0.80726,0.80726,0.80645,0.80695,26,42,0
2025-08-15 00:15:00,0.80695,0.80707,0.80676,0.80697,113,100,0
2025-08-15 00:30:00,0.80697,0.80714,0.8065,0.80695,281,112,0
2025-08-15 00:45:00,0.80698,0.80738,0.80673,0.80692,378,109,0
2025-08-15 01:00:00,0.80692,0.80754,0.80692,0.80748,383,2,0
2025-08-15 01:15:00,0.80748,0.80762,0.80741,0.80758,395,2,0
2025-08-15 01:30:00,0.80758,0.80774,0.80747,0.80769,222,2,0
2025-08-15 01:45:00,0.80769,0.80769,0.80752,0.80757,173,2,0
2025-08-15 02:00:00,0.80757,0.80786,0.80753,0.80779,292,2,0
2025-08-15 02:15:00,0.80779,0.80782,0.80764,0.80771,180,2,0
2025-08-15 02:30:00,0.8077,0.80778,0.80746,0.80749,465,2,0
2025-08-15 02:45:00,0.80749,0.80771,0.80736,0.80759,562,2,0
2025-08-15 03:00:00,0.80759,0.80787,0.80759,0.80771,1176,2,0
2025-08-15 03:15:00,0.80771,0.80784,0.80753,0.8078,969,2,0
2025-08-15 03:30:00,0.8078,0.80792,0.80772,0.80785,389,2,0
2025-08-15 03:45:00,0.80785,0.80797,0.80752,0.80768,604,2,0
2025-08-15 04:00:00,0.80768,0.80785,0.80752,0.80774,500,2,0
2025-08-15 04:15:00,0.80774,0.80784,0.80752,0.8076,611,2,0
2025-08-15 04:30:00,0.8076,0.80774,0.80709,0.80723,711,2,0
2025-08-15 04:45:00,0.80723,0.80738,0.80703,0.80737,553,2,0
2025-08-15 05:00:00,0.80737,0.80743,0.80704,0.80717,494,2,0
2025-08-15 05:15:00,0.80717,0.80744,0.8071,0.80734,423,2,0
2025-08-15 05:30:00,0.80734,0.80734,0.80693,0.8071,439,2,0
2025-08-15 05:45:00,0.8071,0.80714,0.80687,0.80692,459,2,0
2025-08-15 06:00:00,0.80692,0.80695,0.80673,0.80682,573,2,0
2025-08-15 06:15:00,0.80682,0.80684,0.80669,0.80675,327,2,0
2025-08-15 06:30:00,0.80675,0.80679,0.80652,0.80661,365,2,0
2025-08-15 06:45:00,0.80661,0.80683,0.80649,0.80679,405,2,0
2025-08-15 07:00:00,0.80678,0.80687,0.80674,0.80682,260,2,0
2025-08-15 07:15:00,0.80682,0.80701,0.80669,0.80677,282,2,0
2025-08-15 07:30:00,0.80677,0.80689,0.80666,0.8067,242,2,0
2025-08-15 07:45:00,0.8067,0.80671,0.80647,0.80653,327,2,0
2025-08-15 08:00:00,0.80653,0.80664,0.80639,0.8065,255,2,0
2025-08-15 08:15:00,0.8065,0.80655,0.80637,0.80646,223,2,0
2025-08-15 08:30:00,0.80646,0.80661,0.80633,0.80654,738,2,0
2025-08-15 08:45:00,0.80655,0.80659,0.8061,0.80615,646,2,0
2025-08-15 09:00:00,0.80615,0.80638,0.80597,0.80632,611,2,0
2025-08-15 09:15:00,0.80632,0.80682,0.80632,0.80667,464,2,0
2025-08-15 09:30:00,0.80667,0.80667,0.80624,0.80649,692,2,0
2025-08-15 09:45:00,0.80649,0.80659,0.80618,0.80626,649,2,0
2025-08-15 10:00:00,0.80626,0.8063,0.80565,0.80594,932,2,0
2025-08-15 10:15:00,0.80594,0.80632,0.80594,0.80627,718,2,0
2025-08-15 10:30:00,0.80627,0.80641,0.8057,0.80571,657,2,0
2025-08-15 10:45:00,0.80571,0.80578,0.80513,0.80525,736,2,0
2025-08-15 11:00:00,0.80525,0.80557,0.8052,0.80553,828,2,0
2025-08-15 11:15:00,0.80553,0.80579,0.80535,0.8057,728,2,0
2025-08-15 11:30:00,0.8057,0.80588,0.80554,0.80569,643,2,0
2025-08-15 11:45:00,0.80569,0.8057,0.80493,0.80516,674,2,0
2025-08-15 12:00:00,0.80517,0.80536,0.80474,0.80506,652,2,0
2025-08-15 12:15:00,0.80506,0.80518,0.80482,0.8051,599,2,0
2025-08-15 12:30:00,0.8051,0.80564,0.80503,0.80539,629,2,0
2025-08-15 12:45:00,0.80538,0.80558,0.80529,0.80554,650,2,0
2025-08-15 13:00:00,0.80554,0.80565,0.80532,0.80557,669,2,0
2025-08-15 13:15:00,0.80557,0.80576,0.80543,0.80574,515,2,0
2025-08-15 13:30:00,0.80574,0.80598,0.80557,0.80598,601,2,0
2025-08-15 13:45:00,0.80598,0.80613,0.80567,0.80598,822,2,0
2025-08-15 14:00:00,0.80598,0.80605,0.8056,0.80571,663,2,0
2025-08-15 14:15:00,0.80571,0.8059,0.80558,0.80577,428,2,0
2025-08-15 14:30:00,0.80577,0.80595,0.80563,0.80591,604,2,0
2025-08-15 14:45:00,0.80591,0.80613,0.80582,0.80584,583,2,0
2025-08-15 15:00:00,0.80584,0.80591,0.80552,0.80569,659,2,0
2025-08-15 15:15:00,0.80569,0.80613,0.80563,0.80565,935,2,0
2025-08-15 15:30:00,0.80566,0.80693,0.80488,0.80536,1786,2,0
2025-08-15 15:45:00,0.80536,0.80578,0.805,0.80545,1273,2,0
2025-08-15 16:00:00,0.80545,0.8058,0.805,0.80571,1115,2,0
2025-08-15 16:15:00,0.80571,0.8065,0.80568,0.80591,931,2,0
2025-08-15 16:30:00,0.80591,0.80621,0.80555,0.80589,1146,2,0
2025-08-15 16:45:00,0.80589,0.8059,0.80509,0.80545,1356,2,0
2025-08-15 17:00:00,0.80544,0.80551,0.80476,0.80498,1545,2,0
2025-08-15 17:15:00,0.80498,0.80509,0.80456,0.80488,1156,2,0
2025-08-15 17:30:00,0.80488,0.80523,0.80458,0.80482,953,2,0
2025-08-15 17:45:00,0.80481,0.8053,0.80464,0.80511,1250,2,0
2025-08-15 18:00:00,0.80511,0.80591,0.80493,0.80582,947,2,0
2025-08-15 18:15:00,0.80582,0.80592,0.80527,0.80534,815,2,0
2025-08-15 18:30:00,0.80535,0.80598,0.80522,0.80583,915,2,0
2025-08-15 18:45:00,0.80583,0.80626,0.80582,0.8061,773,2,0
2025-08-15 19:00:00,0.8061,0.80628,0.80596,0.80613,709,2,0
2025-08-15 19:15:00,0.80613,0.80661,0.80612,0.80657,540,2,0
2025-08-15 19:30:00,0.80653,0.8067,0.80632,0.80641,556,2,0
2025-08-15 19:45:00,0.80641,0.80658,0.80623,0.80623,512,2,0
2025-08-15 20:00:00,0.80623,0.80642,0.80587,0.80592,650,2,0
2025-08-15 20:15:00,0.80592,0.80629,0.80578,0.80613,577,2,0
2025-08-15 20:30:00,0.80613,0.80635,0.80604,0.80612,524,2,0
2025-08-15 20:45:00,0.80612,0.80627,0.80607,0.80613,465,2,0
2025-08-15 21:00:00,0.80613,0.80661,0.80613,0.80625,567,2,0
2025-08-15 21:15:00,0.80625,0.80631,0.8061,0.80628,532,2,0
2025-08-15 21:30:00,0.8063,0.80646,0.80615,0.80631,352,2,0
2025-08-15 21:45:00,0.80631,0.80644,0.80616,0.80619,420,2,0
2025-08-15 22:00:00,0.80619,0.80633,0.80615,0.80625,313,2,0
2025-08-15 22:15:00,0.80625,0.80642,0.80623,0.80636,215,2,0
2025-08-15 22:30:00,0.80636,0.80639,0.80615,0.80622,263,2,0
2025-08-15 22:45:00,0.80622,0.80659,0.80621,0.80655,374,2,0
2025-08-15 23:00:00,0.80655,0.80655,0.80628,0.80634,337,2,0
2025-08-15 23:15:00,0.80634,0.80654,0.80628,0.80652,397,2,0
2025-08-15 23:30:00,0.80652,0.80692,0.80649,0.80673,666,2,0
2025-08-15 23:45:00,0.80673,0.8069,0.8058,0.80599,355,12,0
2025-08-18 00:00:00,0.80455,0.80489,0.80354,0.80435,79,200,0
2025-08-18 00:15:00,0.80435,0.80486,0.80418,0.80442,184,300,0
2025-08-18 00:30:00,0.80442,0.80671,0.80442,0.80619,382,200,0
2025-08-18 00:45:00,0.80619,0.80626,0.80522,0.80542,387,200,0
2025-08-18 01:00:00,0.80542,0.8064,0.80515,0.80639,538,2,0
2025-08-18 01:15:00,0.80638,0.80641,0.80613,0.80626,536,2,0
2025-08-18 01:30:00,0.80626,0.80634,0.8062,0.80623,382,2,0
2025-08-18 01:45:00,0.80623,0.80641,0.80622,0.80629,408,2,0
2025-08-18 02:00:00,0.80628,0.80665,0.80625,0.80665,423,2,0
2025-08-18 02:15:00,0.80665,0.80692,0.80663,0.80671,280,2,0
2025-08-18 02:30:00,0.80671,0.80684,0.80663,0.80674,290,2,0
2025-08-18 02:45:00,0.80674,0.80688,0.80651,0.80656,402,2,0
2025-08-18 03:00:00,0.80656,0.80691,0.80644,0.80679,942,2,0
2025-08-18 03:15:00,0.8068,0.8069,0.80635,0.8065,622,2,0
2025-08-18 03:30:00,0.8065,0.80664,0.8063,0.80659,636,2,0
2025-08-18 03:45:00,0.80659,0.80677,0.80653,0.8066,847,2,0
2025-08-18 04:00:00,0.8066,0.8069,0.80656,0.80674,715,2,0
2025-08-18 04:15:00,0.80674,0.807,0.80665,0.80694,669,2,0
2025-08-18 04:30:00,0.80694,0.807,0.80664,0.80677,675,2,0
2025-08-18 04:45:00,0.80677,0.80679,0.80599,0.80606,590,2,0
2025-08-18 05:00:00,0.80606,0.80629,0.80593,0.80629,670,2,0
2025-08-18 05:15:00,0.80629,0.80656,0.80627,0.80642,826,2,0
2025-08-18 05:30:00,0.80642,0.80664,0.80634,0.80662,538,2,0
2025-08-18 05:45:00,0.80662,0.80663,0.80647,0.80649,786,2,0
2025-08-18 06:00:00,0.80649,0.80656,0.80623,0.8065,467,2,0
2025-08-18 06:15:00,0.80651,0.80652,0.80615,0.80616,728,2,0
2025-08-18 06:30:00,0.80616,0.80629,0.8061,0.80622,862,2,0
2025-08-18 06:45:00,0.80622,0.80628,0.80611,0.8062,775,2,0
2025-08-18 07:00:00,0.8062,0.80627,0.80602,0.80614,823,2,0
2025-08-18 07:15:00,0.80614,0.80625,0.80608,0.80615,694,2,0
2025-08-18 07:30:00,0.80615,0.80615,0.80594,0.80613,669,2,0
2025-08-18 07:45:00,0.80614,0.80614,0.80585,0.80597,659,2,0
2025-08-18 08:00:00,0.80597,0.80618,0.80586,0.80615,648,2,0
2025-08-18 08:15:00,0.80617,0.80624,0.80607,0.80616,756,2,0
2025-08-18 08:30:00,0.80616,0.80633,0.80599,0.8061,566,2,0
2025-08-18 08:45:00,0.8061,0.80612,0.80585,0.80592,769,2,0
2025-08-18 09:00:00,0.80594,0.80634,0.80589,0.80634,617,2,0
2025-08-18 09:15:00,0.80634,0.80641,0.80606,0.80634,761,2,0
2025-08-18 09:30:00,0.80634,0.80636,0.80606,0.80623,830,2,0
2025-08-18 09:45:00,0.80622,0.80624,0.80574,0.80578,813,2,0
2025-08-18 10:00:00,0.80579,0.80614,0.80566,0.80579,834,2,0
2025-08-18 10:15:00,0.80578,0.80603,0.80545,0.80596,817,2,0
2025-08-18 10:30:00,0.80595,0.80602,0.80574,0.80581,824,2,0
2025-08-18 10:45:00,0.80581,0.80696,0.80572,0.80686,944,2,0
2025-08-18 11:00:00,0.80686,0.80785,0.80675,0.80766,1213,2,0
2025-08-18 11:15:00,0.80766,0.80766,0.80695,0.80708,995,2,0
2025-08-18 11:30:00,0.80708,0.80724,0.80695,0.80711,805,2,0
2025-08-18 11:45:00,0.80711,0.80736,0.80695,0.80713,693,2,0
2025-08-18 12:00:00,0.80712,0.80753,0.80686,0.80698,878,2,0
2025-08-18 12:15:00,0.80696,0.80733,0.80694,0.80733,763,2,0
2025-08-18 12:30:00,0.80733,0.80765,0.80727,0.80763,883,2,0
2025-08-18 12:45:00,0.80763,0.8077,0.80726,0.80737,783,2,0
2025-08-18 13:00:00,0.80738,0.80745,0.80702,0.80706,587,2,0
2025-08-18 13:15:00,0.80705,0.80708,0.80675,0.80693,640,2,0
2025-08-18 13:30:00,0.80693,0.80715,0.80688,0.80707,685,2,0
2025-08-18 13:45:00,0.80707,0.80718,0.80692,0.80717,476,2,0
2025-08-18 14:00:00,0.80719,0.80723,0.80663,0.80681,502,2,0
2025-08-18 14:15:00,0.80681,0.80702,0.80659,0.80671,640,2,0
2025-08-18 14:30:00,0.80671,0.80708,0.80671,0.80691,593,2,0
2025-08-18 14:45:00,0.80689,0.8074,0.80671,0.80728,783,2,0
2025-08-18 15:00:00,0.80728,0.80745,0.80686,0.80738,810,2,0
2025-08-18 15:15:00,0.80738,0.80746,0.80702,0.80707,653,2,0
2025-08-18 15:30:00,0.80707,0.80811,0.80695,0.80802,789,2,0
2025-08-18 15:45:00,0.80803,0.80807,0.80741,0.80741,699,2,0
2025-08-18 16:00:00,0.80741,0.808,0.80728,0.80792,662,2,0
2025-08-18 16:15:00,0.80792,0.80794,0.80731,0.80738,663,2,0
2025-08-18 16:30:00,0.80737,0.80764,0.80672,0.807,842,2,0
2025-08-18 16:45:00,0.80698,0.80739,0.80697,0.80712,862,2,0
2025-08-18 17:00:00,0.80712,0.80733,0.80635,0.80694,1022,2,0
2025-08-18 17:15:00,0.80694,0.80708,0.80651,0.80667,962,2,0
2025-08-18 17:30:00,0.80674,0.80714,0.80663,0.80684,993,1,0
2025-08-18 17:45:00,0.80684,0.80754,0.80684,0.80711,1006,2,0
2025-08-18 18:00:00,0.80711,0.80754,0.80704,0.80724,787,2,0
2025-08-18 18:15:00,0.80722,0.80737,0.80682,0.80704,743,2,0
2025-08-18 18:30:00,0.80703,0.8071,0.80654,0.80685,789,2,0
2025-08-18 18:45:00,0.80685,0.80691,0.80664,0.8068,714,2,0
2025-08-18 19:00:00,0.8068,0.80728,0.80676,0.80698,703,2,0
2025-08-18 19:15:00,0.80698,0.80712,0.80687,0.80697,558,2,0
2025-08-18 19:30:00,0.80697,0.80714,0.80677,0.80713,546,2,0
2025-08-18 19:45:00,0.80714,0.80754,0.80706,0.80728,598,2,0
2025-08-18 20:00:00,0.80728,0.80739,0.80701,0.8071,565,2,0
2025-08-18 20:15:00,0.8071,0.80755,0.8071,0.80744,522,2,0
2025-08-18 20:30:00,0.80743,0.80748,0.80721,0.80743,503,2,0
2025-08-18 20:45:00,0.80744,0.80774,0.80743,0.8077,470,2,0
2025-08-18 21:00:00,0.80771,0.80773,0.8072,0.80726,421,2,0
2025-08-18 21:15:00,0.80726,0.80739,0.80712,0.80721,481,2,0
2025-08-18 21:30:00,0.80721,0.80781,0.80713,0.80773,527,2,0
2025-08-18 21:45:00,0.80774,0.80777,0.80751,0.80756,503,2,0
2025-08-18 22:00:00,0.80756,0.80756,0.80733,0.80736,295,2,0
2025-08-18 22:15:00,0.80736,0.80738,0.80708,0.80711,236,2,0
2025-08-18 22:30:00,0.80711,0.80719,0.80697,0.80703,319,2,0
2025-08-18 22:45:00,0.80703,0.80718,0.80702,0.80706,226,2,0
2025-08-18 23:00:00,0.80706,0.80711,0.80696,0.8071,285,2,0
2025-08-18 23:15:00,0.8071,0.80723,0.80698,0.80709,167,2,0
2025-08-18 23:30:00,0.8071,0.80717,0.80701,0.80706,220,2,0
2025-08-18 23:45:00,0.80706,0.80745,0.80695,0.80698,280,12,0
2025-08-19 00:00:00,0.8069,0.80698,0.80606,0.80694,22,100,0
2025-08-19 00:15:00,0.80694,0.80694,0.80621,0.80651,214,106,0
2025-08-19 00:30:00,0.80652,0.80661,0.80615,0.80651,399,125,0
2025-08-19 00:45:00,0.80652,0.80703,0.80646,0.80658,400,98,0
2025-08-19 01:00:00,0.80663,0.80703,0.80622,0.80684,480,2,0
2025-08-19 01:15:00,0.80684,0.80722,0.80674,0.80714,463,2,0
2025-08-19 01:30:00,0.80714,0.80727,0.8071,0.8072,326,2,0
2025-08-19 01:45:00,0.8072,0.80732,0.80714,0.80724,295,2,0
2025-08-19 02:00:00,0.80724,0.80756,0.80722,0.80754,262,2,0
2025-08-19 02:15:00,0.80754,0.80763,0.80748,0.80757,232,2,0
2025-08-19 02:30:00,0.80757,0.80767,0.80745,0.8075,294,2,0
2025-08-19 02:45:00,0.8075,0.8075,0.80732,0.80742,337,2,0
2025-08-19 03:00:00,0.80742,0.80768,0.80722,0.80731,524,2,0
2025-08-19 03:15:00,0.80731,0.80758,0.80717,0.80747,524,2,0
2025-08-19 03:30:00,0.80747,0.8075,0.80725,0.80741,488,2,0
2025-08-19 03:45:00,0.80741,0.80767,0.80728,0.80738,488,2,0
2025-08-19 04:00:00,0.80738,0.80744,0.80718,0.80744,648,2,0
2025-08-19 04:15:00,0.80744,0.80835,0.8074,0.80834,564,2,0
2025-08-19 04:30:00,0.80834,0.80855,0.80785,0.8079,821,2,0
2025-08-19 04:45:00,0.8079,0.80792,0.80761,0.80789,685,2,0
2025-08-19 05:00:00,0.8079,0.80803,0.80746,0.80748,668,2,0
2025-08-19 05:15:00,0.80748,0.80765,0.80739,0.80762,417,2,0
2025-08-19 05:30:00,0.80762,0.80777,0.80752,0.80753,457,2,0
2025-08-19 05:45:00,0.80753,0.80774,0.80751,0.80761,363,2,0
2025-08-19 06:00:00,0.8076,0.8077,0.80739,0.80742,389,2,0
2025-08-19 06:15:00,0.80742,0.8076,0.80734,0.80744,462,2,0
2025-08-19 06:30:00,0.80745,0.80745,0.80717,0.80718,420,2,0
2025-08-19 06:45:00,0.80718,0.80754,0.80707,0.80748,518,2,0
2025-08-19 07:00:00,0.80748,0.80763,0.80737,0.80751,402,2,0
2025-08-19 07:15:00,0.80751,0.80761,0.80728,0.80745,245,2,0
2025-08-19 07:30:00,0.80745,0.80758,0.80732,0.80737,340,2,0
2025-08-19 07:45:00,0.80737,0.80741,0.80716,0.80718,313,2,0
2025-08-19 08:00:00,0.80719,0.80719,0.80692,0.80701,266,2,0
2025-08-19 08:15:00,0.80701,0.80719,0.80693,0.80699,326,2,0
2025-08-19 08:30:00,0.80699,0.80707,0.80684,0.80689,442,2,0
2025-08-19 08:45:00,0.80689,0.80752,0.80681,0.8073,606,2,0
2025-08-19 09:00:00,0.80728,0.80751,0.80713,0.80735,642,2,0
2025-08-19 09:15:00,0.80735,0.80759,0.80724,0.80726,438,2,0
2025-08-19 09:30:00,0.80725,0.80725,0.8068,0.80684,642,2,0
2025-08-19 09:45:00,0.80684,0.80686,0.80607,0.8061,734,2,0
2025-08-19 10:00:00,0.80609,0.80624,0.80563,0.80598,935,1,0
2025-08-19 10:15:00,0.80598,0.80625,0.80581,0.80621,766,2,0
2025-08-19 10:30:00,0.80621,0.80639,0.80579,0.80615,692,2,0
2025-08-19 10:45:00,0.80615,0.80645,0.80538,0.80584,969,2,0
2025-08-19 11:00:00,0.80586,0.80619,0.80577,0.80607,874,2,0
2025-08-19 11:15:00,0.80607,0.80614,0.80576,0.80588,675,2,0
2025-08-19 11:30:00,0.80582,0.80631,0.80582,0.80606,723,2,0
2025-08-19 11:45:00,0.80606,0.80626,0.80582,0.80601,729,2,0
2025-08-19 12:00:00,0.80601,0.80624,0.80581,0.80592,708,2,0
2025-08-19 12:15:00,0.80592,0.80625,0.80592,0.80612,651,2,0
2025-08-19 12:30:00,0.80612,0.80624,0.80596,0.80606,522,2,0
2025-08-19 12:45:00,0.80606,0.80614,0.8056,0.80575,719,2,0
2025-08-19 13:00:00,0.80577,0.80579,0.80525,0.80527,712,2,0
2025-08-19 13:15:00,0.80527,0.80534,0.80486,0.80502,814,2,0
2025-08-19 13:30:00,0.80502,0.80542,0.80498,0.80533,506,2,0
2025-08-19 13:45:00,0.80534,0.8054,0.80507,0.80511,740,2,0
2025-08-19 14:00:00,0.80511,0.80516,0.80473,0.80492,598,2,0
2025-08-19 14:15:00,0.80492,0.80554,0.80483,0.80553,520,2,0
2025-08-19 14:30:00,0.80553,0.80571,0.80545,0.80561,474,2,0
2025-08-19 14:45:00,0.8056,0.80573,0.80524,0.80539,613,2,0
2025-08-19 15:00:00,0.80539,0.80553,0.80517,0.80518,688,2,0
2025-08-19 15:15:00,0.80517,0.80527,0.80489,0.80513,638,2,0
2025-08-19 15:30:00,0.80513,0.8058,0.80506,0.80536,840,2,0
2025-08-19 15:45:00,0.80536,0.80585,0.80535,0.80555,775,2,0
2025-08-19 16:00:00,0.80557,0.80596,0.80539,0.80591,911,2,0
2025-08-19 16:15:00,0.80591,0.80593,0.80552,0.80567,771,2,0
2025-08-19 16:30:00,0.80568,0.80584,0.80521,0.80558,786,2,0
2025-08-19 16:45:00,0.80558,0.80582,0.80533,0.80539,1019,0,0
2025-08-19 17:00:00,0.80541,0.80583,0.80525,0.80583,878,2,0
2025-08-19 17:15:00,0.80583,0.80631,0.80574,0.80599,715,2,0
2025-08-19 17:30:00,0.80599,0.80645,0.80595,0.80628,695,2,0
2025-08-19 17:45:00,0.80628,0.80649,0.80598,0.80619,1043,2,0
2025-08-19 18:00:00,0.80618,0.80657,0.80591,0.80599,1026,2,0
2025-08-19 18:15:00,0.80599,0.80653,0.80597,0.80641,744,2,0
2025-08-19 18:30:00,0.80641,0.80699,0.8064,0.80691,532,2,0
2025-08-19 18:45:00,0.80691,0.80709,0.80681,0.80701,684,2,0
2025-08-19 19:00:00,0.807,0.80716,0.80669,0.80689,702,2,0
2025-08-19 19:15:00,0.80689,0.80718,0.80665,0.80715,512,2,0
2025-08-19 19:30:00,0.80716,0.80736,0.80683,0.80698,622,2,0
2025-08-19 19:45:00,0.80698,0.80731,0.80691,0.80722,561,2,0
2025-08-19 20:00:00,0.80722,0.8073,0.80697,0.80717,594,2,0
2025-08-19 20:15:00,0.80717,0.80732,0.80713,0.80725,517,2,0
2025-08-19 20:30:00,0.80725,0.80733,0.80702,0.80716,544,2,0
2025-08-19 20:45:00,0.80715,0.80739,0.80713,0.80728,404,2,0
2025-08-19 21:00:00,0.80728,0.80755,0.80727,0.80752,433,2,0
2025-08-19 21:15:00,0.80752,0.80766,0.80747,0.80764,501,2,0
2025-08-19 21:30:00,0.80764,0.80788,0.80761,0.80787,470,2,0
2025-08-19 21:45:00,0.80787,0.80788,0.80749,0.80764,444,2,0
2025-08-19 22:00:00,0.80764,0.80782,0.80758,0.80764,377,2,0
2025-08-19 22:15:00,0.80764,0.80769,0.80746,0.80747,316,2,0
2025-08-19 22:30:00,0.80749,0.80767,0.80747,0.80758,290,2,0
2025-08-19 22:45:00,0.80758,0.80778,0.80758,0.80771,309,2,0
2025-08-19 23:00:00,0.80772,0.80794,0.80772,0.80793,246,2,0
2025-08-19 23:15:00,0.80793,0.80794,0.8078,0.80786,196,2,0
2025-08-19 23:30:00,0.80786,0.80786,0.80765,0.80772,223,2,0
2025-08-19 23:45:00,0.80771,0.80783,0.80719,0.80719,279,12,0
2025-08-20 00:00:00,0.80712,0.80712,0.80598,0.80698,25,100,0
2025-08-20 00:15:00,0.80698,0.80698,0.80618,0.80628,64,116,0
2025-08-20 00:30:00,0.80627,0.80648,0.80625,0.80634,218,200,0
2025-08-20 00:45:00,0.80634,0.80678,0.80621,0.80623,414,200,0
2025-08-20 01:00:00,0.80617,0.80728,0.80611,0.80723,535,52,0
2025-08-20 01:15:00,0.80714,0.80754,0.80698,0.8075,787,2,0
2025-08-20 01:30:00,0.80751,0.80774,0.80745,0.8077,512,2,0
2025-08-20 01:45:00,0.8077,0.80771,0.80749,0.80759,254,2,0
2025-08-20 02:00:00,0.80753,0.80783,0.80749,0.80778,271,2,0
2025-08-20 02:15:00,0.80778,0.80801,0.80778,0.80796,417,2,0
2025-08-20 02:30:00,0.80795,0.80804,0.80787,0.8079,496,2,0
2025-08-20 02:45:00,0.8079,0.8079,0.80774,0.80787,369,2,0
2025-08-20 03:00:00,0.80787,0.80899,0.8078,0.80894,571,2,0
2025-08-20 03:15:00,0.80894,0.80908,0.80876,0.80903,429,2,0
2025-08-20 03:30:00,0.80903,0.80917,0.80873,0.80892,470,2,0
2025-08-20 03:45:00,0.80889,0.80896,0.80845,0.80857,604,2,0
2025-08-20 04:00:00,0.80857,0.80884,0.80836,0.80874,673,2,0
2025-08-20 04:15:00,0.80877,0.8091,0.80862,0.80899,655,2,0
2025-08-20 04:30:00,0.80899,0.80902,0.80846,0.80857,571,2,0
2025-08-20 04:45:00,0.80858,0.80883,0.80851,0.80883,510,2,0
2025-08-20 05:00:00,0.80883,0.80914,0.80883,0.80884,759,2,0
2025-08-20 05:15:00,0.80884,0.80902,0.80876,0.80899,496,2,0
2025-08-20 05:30:00,0.80899,0.80919,0.80887,0.80915,453,2,0
2025-08-20 05:45:00,0.80913,0.80929,0.80888,0.80888,603,2,0
2025-08-20 06:00:00,0.80888,0.80888,0.80826,0.80863,608,2,0
2025-08-20 06:15:00,0.80863,0.80867,0.80833,0.8084,410,2,0
2025-08-20 06:30:00,0.80838,0.80846,0.80822,0.80829,429,2,0
2025-08-20 06:45:00,0.80829,0.80845,0.80813,0.80841,375,2,0
2025-08-20 07:00:00,0.80841,0.80844,0.80808,0.80816,278,2,0
2025-08-20 07:15:00,0.80817,0.80832,0.80812,0.8083,286,2,0
2025-08-20 07:30:00,0.8083,0.80835,0.80819,0.80831,233,2,0
2025-08-20 07:45:00,0.80831,0.80848,0.80824,0.80846,290,2,0
2025-08-20 08:00:00,0.80846,0.80853,0.80829,0.80835,280,2,0
2025-08-20 08:15:00,0.80835,0.80839,0.80815,0.80822,275,2,0
2025-08-20 08:30:00,0.80822,0.80827,0.80807,0.80826,374,2,0
2025-08-20 08:45:00,0.80826,0.80835,0.80808,0.80823,349,2,0
2025-08-20 09:00:00,0.80827,0.80897,0.80812,0.80863,752,2,0
2025-08-20 09:15:00,0.80863,0.80863,0.80797,0.8083,731,2,0
2025-08-20 09:30:00,0.80829,0.8084,0.808,0.80806,866,2,0
2025-08-20 09:45:00,0.80805,0.8084,0.80798,0.80836,803,2,0
2025-08-20 10:00:00,0.80837,0.80856,0.80808,0.80826,916,2,0
2025-08-20 10:15:00,0.80825,0.80837,0.80778,0.80792,772,2,0
2025-08-20 10:30:00,0.80792,0.80809,0.80759,0.80794,716,2,0
2025-08-20 10:45:00,0.80794,0.80837,0.80794,0.80808,679,2,0
2025-08-20 11:00:00,0.80809,0.80823,0.80797,0.80812,780,2,0
2025-08-20 11:15:00,0.80812,0.80822,0.80787,0.80821,709,2,0
2025-08-20 11:30:00,0.8082,0.80835,0.808,0.80814,674,2,0
2025-08-20 11:45:00,0.80815,0.80823,0.80779,0.80792,491,2,0
2025-08-20 12:00:00,0.80792,0.80817,0.80778,0.80787,609,2,0
2025-08-20 12:15:00,0.80787,0.80802,0.80755,0.80759,608,2,0
2025-08-20 12:30:00,0.80759,0.80769,0.80732,0.80746,433,2,0
2025-08-20 12:45:00,0.80746,0.80752,0.80715,0.80726,531,2,0
2025-08-20 13:00:00,0.80726,0.80733,0.80675,0.80675,399,2,0
2025-08-20 13:15:00,0.80675,0.80717,0.8067,0.80702,516,2,0
2025-08-20 13:30:00,0.80702,0.80736,0.80692,0.80721,409,2,0
2025-08-20 13:45:00,0.80721,0.8074,0.8071,0.80736,560,2,0
2025-08-20 14:00:00,0.80736,0.80761,0.80713,0.80729,459,2,0
2025-08-20 14:15:00,0.80729,0.8077,0.80725,0.80766,382,2,0
2025-08-20 14:30:00,0.80766,0.80771,0.80739,0.80769,484,2,0
2025-08-20 14:45:00,0.80769,0.80772,0.80722,0.80738,646,2,0
2025-08-20 15:00:00,0.80736,0.80736,0.80692,0.80703,713,2,0
2025-08-20 15:15:00,0.80703,0.80708,0.80677,0.80686,635,2,0
2025-08-20 15:30:00,0.80686,0.80686,0.80581,0.80632,1205,2,0
2025-08-20 15:45:00,0.80632,0.80646,0.80566,0.80568,992,2,0
2025-08-20 16:00:00,0.80568,0.80625,0.80543,0.80601,734,2,0
2025-08-20 16:15:00,0.80601,0.80649,0.80589,0.80636,579,2,0
2025-08-20 16:30:00,0.80636,0.80637,0.80563,0.80564,825,2,0
2025-08-20 16:45:00,0.80564,0.80602,0.80504,0.80527,1482,2,0
2025-08-20 17:00:00,0.80527,0.80552,0.80383,0.80462,1232,2,0
2025-08-20 17:15:00,0.80461,0.80529,0.80428,0.80448,1115,2,0
2025-08-20 17:30:00,0.80448,0.8048,0.80409,0.80456,991,2,0
2025-08-20 17:45:00,0.80456,0.80472,0.80334,0.8038,1519,2,0
2025-08-20 18:00:00,0.80381,0.80466,0.8038,0.8046,912,2,0
2025-08-20 18:15:00,0.80458,0.80461,0.80395,0.80395,959,2,0
2025-08-20 18:30:00,0.80395,0.80437,0.80373,0.80436,826,2,0
2025-08-20 18:45:00,0.80437,0.80444,0.80409,0.80443,757,2,0
2025-08-20 19:00:00,0.80442,0.80452,0.80405,0.80421,621,2,0
2025-08-20 19:15:00,0.80421,0.80421,0.80369,0.80391,546,2,0
2025-08-20 19:30:00,0.8039,0.80417,0.80376,0.80413,420,2,0
2025-08-20 19:45:00,0.80413,0.80414,0.80379,0.80397,507,2,0
2025-08-20 20:00:00,0.80397,0.80405,0.80328,0.80348,685,2,0
2025-08-20 20:15:00,0.80348,0.80362,0.80308,0.80318,443,2,0
2025-08-20 20:30:00,0.80315,0.80384,0.80313,0.80384,481,2,0
2025-08-20 20:45:00,0.80384,0.80386,0.80325,0.80328,486,2,0
2025-08-20 21:00:00,0.80308,0.80394,0.80308,0.80365,928,2,0
2025-08-20 21:15:00,0.80365,0.80412,0.8036,0.80396,487,2,0
2025-08-20 21:30:00,0.80396,0.80411,0.80371,0.80388,418,2,0
2025-08-20 21:45:00,0.80388,0.80414,0.80377,0.80403,527,2,0
2025-08-20 22:00:00,0.80403,0.8041,0.8035,0.80353,444,2,0
2025-08-20 22:15:00,0.80353,0.80385,0.80352,0.80373,285,2,0
2025-08-20 22:30:00,0.80373,0.80389,0.80366,0.80387,229,2,0
2025-08-20 22:45:00,0.80387,0.80411,0.80378,0.80407,248,2,0
2025-08-20 23:00:00,0.80408,0.80443,0.80407,0.80424,343,2,0
2025-08-20 23:15:00,0.80424,0.80432,0.80408,0.80423,229,2,0
2025-08-20 23:30:00,0.80423,0.80434,0.80407,0.80408,325,2,0
2025-08-20 23:45:00,0.80406,0.80413,0.80373,0.8039,360,12,0
2025-08-21 00:00:00,0.80324,0.80345,0.8029,0.80331,55,100,0
2025-08-21 00:15:00,0.80331,0.80331,0.80246,0.80266,174,122,0
2025-08-21 00:30:00,0.80264,0.80321,0.80263,0.80319,217,126,0
2025-08-21 00:45:00,0.80319,0.80353,0.80294,0.80296,233,106,0
2025-08-21 01:00:00,0.80292,0.80365,0.8028,0.80362,369,40,0
2025-08-21 01:15:00,0.80363,0.80394,0.80362,0.80388,661,2,0
2025-08-21 01:30:00,0.80387,0.80391,0.80379,0.80385,436,2,0
2025-08-21 01:45:00,0.80384,0.80397,0.80384,0.80395,211,2,0
2025-08-21 02:00:00,0.80395,0.80417,0.80394,0.80416,423,2,0
2025-08-21 02:15:00,0.80416,0.80424,0.80395,0.80403,323,2,0
2025-08-21 02:30:00,0.80405,0.80421,0.80399,0.8042,430,2,0
2025-08-21 02:45:00,0.8042,0.80426,0.80408,0.80413,524,2,0
2025-08-21 03:00:00,0.80413,0.80463,0.80402,0.80448,755,2,0
2025-08-21 03:15:00,0.80448,0.80466,0.80432,0.80455,551,2,0
2025-08-21 03:30:00,0.80455,0.80486,0.80452,0.80477,695,2,0
2025-08-21 03:45:00,0.80477,0.80498,0.80441,0.80441,595,2,0
2025-08-21 04:00:00,0.80442,0.80464,0.80411,0.80458,626,2,0
2025-08-21 04:15:00,0.80458,0.8048,0.80456,0.8047,577,2,0
2025-08-21 04:30:00,0.8047,0.8049,0.80447,0.80469,562,2,0
2025-08-21 04:45:00,0.80468,0.80506,0.80462,0.80497,599,2,0
2025-08-21 05:00:00,0.80497,0.80501,0.80466,0.80473,436,2,0
2025-08-21 05:15:00,0.8047,0.80502,0.80467,0.80501,446,2,0
2025-08-21 05:30:00,0.805,0.80515,0.80496,0.80504,495,2,0
2025-08-21 05:45:00,0.80504,0.8051,0.80491,0.80499,370,2,0
2025-08-21 06:00:00,0.80499,0.80511,0.80482,0.8051,396,2,0
2025-08-21 06:15:00,0.8051,0.80522,0.80495,0.80521,438,2,0
2025-08-21 06:30:00,0.80521,0.80526,0.80508,0.80516,430,2,0
2025-08-21 06:45:00,0.80516,0.80522,0.80502,0.80509,289,2,0
2025-08-21 07:00:00,0.80508,0.80521,0.80493,0.80493,375,2,0
2025-08-21 07:15:00,0.80493,0.80518,0.80484,0.80511,334,2,0
2025-08-21 07:30:00,0.80511,0.80512,0.80475,0.80506,278,2,0
2025-08-21 07:45:00,0.80506,0.80536,0.80506,0.80532,223,2,0
2025-08-21 08:00:00,0.80531,0.80554,0.80524,0.80546,335,2,0
2025-08-21 08:15:00,0.80546,0.80547,0.80508,0.80512,384,2,0
2025-08-21 08:30:00,0.80512,0.80523,0.80502,0.8051,411,2,0
2025-08-21 08:45:00,0.8051,0.80512,0.80481,0.80485,461,2,0
2025-08-21 09:00:00,0.80482,0.80541,0.80467,0.80537,458,2,0
2025-08-21 09:15:00,0.80537,0.80641,0.80537,0.80636,634,2,0
2025-08-21 09:30:00,0.80636,0.80636,0.80589,0.80597,754,2,0
2025-08-21 09:45:00,0.80597,0.80627,0.80578,0.80601,753,2,0
2025-08-21 10:00:00,0.80599,0.80649,0.80572,0.80581,858,2,0
2025-08-21 10:15:00,0.80567,0.80586,0.80538,0.80563,1026,2,0
2025-08-21 10:30:00,0.8056,0.80564,0.80509,0.80533,1010,2,0
2025-08-21 10:45:00,0.80533,0.80533,0.80471,0.80494,744,2,0
2025-08-21 11:00:00,0.80495,0.80529,0.80486,0.80523,770,2,0
2025-08-21 11:15:00,0.80523,0.80536,0.80497,0.80517,738,2,0
2025-08-21 11:30:00,0.80514,0.80538,0.80494,0.8053,824,2,0
2025-08-21 11:45:00,0.8053,0.80551,0.80519,0.80527,597,2,0
2025-08-21 12:00:00,0.80526,0.80536,0.8049,0.80501,570,2,0
2025-08-21 12:15:00,0.80501,0.80517,0.80494,0.80504,530,2,0
2025-08-21 12:30:00,0.80503,0.80527,0.805,0.80518,637,2,0
2025-08-21 12:45:00,0.80518,0.80542,0.80511,0.80538,461,2,0
2025-08-21 13:00:00,0.80537,0.80571,0.80534,0.80566,484,2,0
2025-08-21 13:15:00,0.80566,0.8059,0.80558,0.80564,459,2,0
2025-08-21 13:30:00,0.80563,0.80602,0.80557,0.80582,462,2,0
2025-08-21 13:45:00,0.80583,0.80604,0.80555,0.80596,736,2,0
2025-08-21 14:00:00,0.80595,0.80605,0.80542,0.80581,770,2,0
2025-08-21 14:15:00,0.80581,0.80616,0.80568,0.80613,585,2,0
2025-08-21 14:30:00,0.80614,0.80675,0.8061,0.80664,679,2,0
2025-08-21 14:45:00,0.80663,0.80686,0.80639,0.80661,758,2,0
2025-08-21 15:00:00,0.8066,0.8069,0.80625,0.80625,697,2,0
2025-08-21 15:15:00,0.80624,0.80649,0.80612,0.80627,680,2,0
2025-08-21 15:30:00,0.80626,0.80626,0.80514,0.80626,1464,2,0
2025-08-21 15:45:00,0.80623,0.80633,0.80571,0.80618,845,2,0
2025-08-21 16:00:00,0.80618,0.8066,0.80603,0.80605,813,2,0
2025-08-21 16:15:00,0.80605,0.80643,0.80589,0.80627,910,2,0
2025-08-21 16:30:00,0.80628,0.80646,0.8058,0.80627,1191,2,0
2025-08-21 16:45:00,0.80678,0.80792,0.80671,0.80749,1836,2,0
2025-08-21 17:00:00,0.80749,0.80764,0.80685,0.80699,1419,2,0
2025-08-21 17:15:00,0.80697,0.80776,0.80691,0.80773,1065,2,0
2025-08-21 17:30:00,0.80774,0.80803,0.80728,0.80803,997,2,0
2025-08-21 17:45:00,0.80803,0.80838,0.8077,0.80795,1439,2,0
2025-08-21 18:00:00,0.80795,0.80895,0.80789,0.80843,1210,2,0
2025-08-21 18:15:00,0.80843,0.80882,0.80728,0.80779,1244,2,0
2025-08-21 18:30:00,0.80779,0.80837,0.80758,0.8082,1230,2,0
2025-08-21 18:45:00,0.8082,0.80853,0.80814,0.80849,870,2,0
2025-08-21 19:00:00,0.80848,0.80877,0.80844,0.80866,771,2,0
2025-08-21 19:15:00,0.80867,0.80871,0.80839,0.80846,616,2,0
2025-08-21 19:30:00,0.80846,0.80874,0.80838,0.80843,546,2,0
2025-08-21 19:45:00,0.80843,0.80844,0.80811,0.80812,545,2,0
2025-08-21 20:00:00,0.80812,0.80826,0.80801,0.80802,535,2,0
2025-08-21 20:15:00,0.80802,0.80838,0.80791,0.80835,490,2,0
2025-08-21 20:30:00,0.80835,0.80846,0.80821,0.80834,520,2,0
2025-08-21 20:45:00,0.80834,0.80839,0.8081,0.80832,540,2,0
2025-08-21 21:00:00,0.80831,0.80852,0.80828,0.8085,291,2,0
2025-08-21 21:15:00,0.8085,0.80861,0.80818,0.80847,436,2,0
2025-08-21 21:30:00,0.80847,0.80877,0.80834,0.80875,417,2,0
2025-08-21 21:45:00,0.80875,0.80889,0.80864,0.80889,484,2,0
2025-08-21 22:00:00,0.80889,0.80892,0.80866,0.80872,255,2,0
2025-08-21 22:15:00,0.80872,0.8088,0.80864,0.80877,248,2,0
2025-08-21 22:30:00,0.80876,0.80895,0.80869,0.80894,236,2,0
2025-08-21 22:45:00,0.80894,0.80906,0.80889,0.80895,211,2,0
2025-08-21 23:00:00,0.80895,0.80903,0.80892,0.80901,153,2,0
2025-08-21 23:15:00,0.80901,0.80904,0.80886,0.80888,148,2,0
2025-08-21 23:30:00,0.80888,0.8089,0.80864,0.80866,186,2,0
2025-08-21 23:45:00,0.80863,0.80884,0.80822,0.80835,345,12,0
2025-08-22 00:00:00,0.80832,0.80832,0.8065,0.80791,28,77,0
2025-08-22 00:15:00,0.80791,0.80813,0.80692,0.80706,200,106,0
2025-08-22 00:30:00,0.80706,0.80759,0.8068,0.80727,643,200,0
2025-08-22 00:45:00,0.80727,0.80772,0.80701,0.80712,584,168,0
2025-08-22 01:00:00,0.80712,0.8084,0.80712,0.80828,468,33,0
2025-08-22 01:15:00,0.80826,0.80866,0.80826,0.80849,455,2,0
2025-08-22 01:30:00,0.80849,0.80854,0.80841,0.80852,352,2,0
2025-08-22 01:45:00,0.80852,0.80858,0.80843,0.80856,333,2,0
2025-08-22 02:00:00,0.80856,0.80887,0.80854,0.80885,321,2,0
2025-08-22 02:15:00,0.80885,0.80891,0.80874,0.80883,253,2,0
2025-08-22 02:30:00,0.80883,0.80884,0.80852,0.80865,287,2,0
2025-08-22 02:45:00,0.80865,0.80873,0.80857,0.8087,280,2,0
2025-08-22 03:00:00,0.80871,0.8089,0.80863,0.80872,645,2,0
2025-08-22 03:15:00,0.80872,0.8089,0.80865,0.80886,603,2,0
2025-08-22 03:30:00,0.80885,0.80895,0.80877,0.80886,351,2,0
2025-08-22 03:45:00,0.80886,0.80897,0.8088,0.80887,538,2,0
2025-08-22 04:00:00,0.80887,0.80917,0.80874,0.80905,439,2,0
2025-08-22 04:15:00,0.80905,0.80927,0.80903,0.80922,424,2,0
2025-08-22 04:30:00,0.80922,0.80966,0.80912,0.80945,595,2,0
2025-08-22 04:45:00,0.80945,0.80991,0.80942,0.80979,584,2,0
2025-08-22 05:00:00,0.80979,0.81013,0.80923,0.80934,502,2,0
2025-08-22 05:15:00,0.80934,0.80949,0.80919,0.80927,335,2,0
2025-08-22 05:30:00,0.80927,0.80933,0.80903,0.80908,312,2,0
2025-08-22 05:45:00,0.80908,0.80938,0.80901,0.80919,371,2,0
2025-08-22 06:00:00,0.80919,0.80948,0.80917,0.80933,450,2,0
2025-08-22 06:15:00,0.80933,0.80955,0.80924,0.80952,459,2,0
2025-08-22 06:30:00,0.80952,0.8101,0.80949,0.80996,453,2,0
2025-08-22 06:45:00,0.80996,0.81019,0.80981,0.80993,401,2,0
2025-08-22 07:00:00,0.80994,0.80997,0.80974,0.80977,283,2,0
2025-08-22 07:15:00,0.80977,0.81026,0.80975,0.81025,392,2,0
2025-08-22 07:30:00,0.81025,0.81028,0.81006,0.81016,320,2,0
2025-08-22 07:45:00,0.81016,0.81039,0.81012,0.81036,362,2,0
2025-08-22 08:00:00,0.81034,0.8104,0.81011,0.81011,421,2,0
2025-08-22 08:15:00,0.81011,0.81032,0.81002,0.81022,323,2,0
2025-08-22 08:30:00,0.81022,0.81032,0.80987,0.80991,284,2,0
2025-08-22 08:45:00,0.80991,0.81014,0.80985,0.80999,330,2,0
2025-08-22 09:00:00,0.81,0.81031,0.80967,0.80967,499,2,0
2025-08-22 09:15:00,0.80968,0.81012,0.80968,0.80993,401,2,0
2025-08-22 09:30:00,0.80993,0.81019,0.80958,0.80962,820,2,0
2025-08-22 09:45:00,0.8096,0.81013,0.80957,0.81008,794,2,0
2025-08-22 10:00:00,0.81007,0.8101,0.8091,0.80923,818,2,0
2025-08-22 10:15:00,0.80923,0.80945,0.80899,0.80927,893,2,0
2025-08-22 10:30:00,0.80928,0.8096,0.80919,0.80954,626,2,0
2025-08-22 10:45:00,0.80954,0.80965,0.80933,0.8095,639,2,0
2025-08-22 11:00:00,0.80949,0.80978,0.80944,0.80948,837,2,0
2025-08-22 11:15:00,0.80948,0.80985,0.80947,0.80969,592,2,0
2025-08-22 11:30:00,0.80969,0.80979,0.80941,0.80943,551,2,0
2025-08-22 11:45:00,0.80943,0.80971,0.80932,0.80935,709,2,0
2025-08-22 12:00:00,0.80936,0.80946,0.80918,0.8093,688,2,0
2025-08-22 12:15:00,0.8093,0.80955,0.80926,0.80937,652,2,0
2025-08-22 12:30:00,0.80936,0.80947,0.80916,0.80946,691,2,0
2025-08-22 12:45:00,0.80946,0.80962,0.80927,0.80961,791,2,0
2025-08-22 13:00:00,0.80961,0.80961,0.80921,0.80933,542,2,0
2025-08-22 13:15:00,0.80933,0.80957,0.80925,0.80934,541,2,0
2025-08-22 13:30:00,0.80934,0.80939,0.80887,0.80907,657,2,0
2025-08-22 13:45:00,0.80907,0.80917,0.80866,0.80892,620,2,0
2025-08-22 14:00:00,0.80892,0.80904,0.80864,0.80872,583,2,0
2025-08-22 14:15:00,0.80872,0.80902,0.80865,0.8089,858,2,0
2025-08-22 14:30:00,0.8089,0.8089,0.80835,0.80854,604,2,0
2025-08-22 14:45:00,0.80854,0.80868,0.80816,0.80831,621,2,0
2025-08-22 15:00:00,0.80829,0.80843,0.80813,0.8082,575,2,0
2025-08-22 15:15:00,0.8082,0.80825,0.80789,0.80808,522,2,0
2025-08-22 15:30:00,0.80808,0.80837,0.80797,0.80823,568,2,0
2025-08-22 15:45:00,0.80823,0.80836,0.80793,0.80811,714,2,0
2025-08-22 16:00:00,0.80811,0.80821,0.80756,0.80787,686,2,0
2025-08-22 16:15:00,0.80787,0.80835,0.80769,0.80824,640,2,0
2025-08-22 16:30:00,0.80824,0.80856,0.8081,0.80846,830,2,0
2025-08-22 16:45:00,0.80845,0.80885,0.80833,0.80872,782,2,0
2025-08-22 17:00:00,0.80872,0.80872,0.80313,0.80402,3999,2,0
2025-08-22 17:15:00,0.80402,0.80426,0.80109,0.8024,3147,2,0
2025-08-22 17:30:00,0.8024,0.80266,0.80156,0.80216,2390,2,0
2025-08-22 17:45:00,0.80215,0.80242,0.80152,0.80153,1859,2,0
2025-08-22 18:00:00,0.80153,0.80169,0.80035,0.80077,1605,2,0
2025-08-22 18:15:00,0.80077,0.80133,0.80023,0.80067,1299,1,0
2025-08-22 18:30:00,0.80068,0.80138,0.8003,0.8013,1308,2,0
2025-08-22 18:45:00,0.8013,0.80165,0.80114,0.80161,1066,2,0
2025-08-22 19:00:00,0.80162,0.80162,0.80112,0.80127,881,2,0
2025-08-22 19:15:00,0.80127,0.80156,0.80114,0.80152,858,2,0
2025-08-22 19:30:00,0.80152,0.80178,0.80114,0.80152,933,2,0
2025-08-22 19:45:00,0.80152,0.80163,0.80113,0.80133,872,2,0
2025-08-22 20:00:00,0.80132,0.80132,0.80056,0.80059,765,2,0
2025-08-22 20:15:00,0.8006,0.80069,0.80024,0.80038,866,2,0
2025-08-22 20:30:00,0.80037,0.80041,0.80005,0.80015,792,2,0
2025-08-22 20:45:00,0.80015,0.8005,0.80002,0.80042,770,2,0
2025-08-22 21:00:00,0.80043,0.80056,0.80024,0.80031,559,2,0
2025-08-22 21:15:00,0.8003,0.8009,0.80024,0.80075,449,2,0
2025-08-22 21:30:00,0.80075,0.80113,0.80061,0.80101,435,2,0
2025-08-22 21:45:00,0.801,0.80112,0.80094,0.80108,511,2,0
2025-08-22 22:00:00,0.80106,0.8015,0.80104,0.80134,423,2,0
2025-08-22 22:15:00,0.80134,0.80135,0.80111,0.80122,320,2,0
2025-08-22 22:30:00,0.80122,0.8014,0.80118,0.80125,227,2,0
2025-08-22 22:45:00,0.80125,0.80141,0.80121,0.80128,275,2,0
2025-08-22 23:00:00,0.80127,0.8016,0.80107,0.80134,289,2,0
2025-08-22 23:15:00,0.80134,0.80149,0.80129,0.80141,285,2,0
2025-08-22 23:30:00,0.80141,0.80152,0.80123,0.80125,147,2,0
2025-08-22 23:45:00,0.80127,0.80149,0.80072,0.80092,196,14,0
2025-08-25 00:00:00,0.80045,0.80077,0.79948,0.80055,99,200,0
2025-08-25 00:15:00,0.80055,0.80057,0.80055,0.80057,254,300,0
2025-08-25 00:30:00,0.80057,0.80159,0.80057,0.80135,254,200,0
2025-08-25 00:45:00,0.80135,0.80155,0.80049,0.80074,466,190,0
2025-08-25 01:00:00,0.80074,0.80196,0.8004,0.80193,486,2,0
2025-08-25 01:15:00,0.80193,0.80195,0.80161,0.80168,531,2,0
2025-08-25 01:30:00,0.80168,0.80231,0.80168,0.80226,342,2,0
2025-08-25 01:45:00,0.80226,0.80243,0.80212,0.8023,518,2,0
2025-08-25 02:00:00,0.8023,0.8024,0.80215,0.80229,369,2,0
2025-08-25 02:15:00,0.80229,0.80259,0.80226,0.80259,263,2,0
2025-08-25 02:30:00,0.80259,0.80269,0.80243,0.80249,227,2,0
2025-08-25 02:45:00,0.80249,0.80256,0.80229,0.80245,233,2,0
2025-08-25 03:00:00,0.80245,0.80312,0.80245,0.80298,709,2,0
2025-08-25 03:15:00,0.80298,0.80326,0.80293,0.80311,481,2,0
2025-08-25 03:30:00,0.80311,0.80331,0.80296,0.80301,456,2,0
2025-08-25 03:45:00,0.80301,0.80309,0.8028,0.80299,482,2,0
2025-08-25 04:00:00,0.80299,0.80301,0.80275,0.80288,497,2,0
2025-08-25 04:15:00,0.80288,0.80307,0.80246,0.80297,677,2,0
2025-08-25 04:30:00,0.80297,0.80326,0.80291,0.8032,548,2,0
2025-08-25 04:45:00,0.8032,0.80349,0.80318,0.80337,665,2,0
2025-08-25 05:00:00,0.80337,0.80355,0.80334,0.80347,420,2,0
2025-08-25 05:15:00,0.80347,0.80355,0.80329,0.8034,440,2,0
2025-08-25 05:30:00,0.8034,0.80342,0.80315,0.80322,319,2,0
2025-08-25 05:45:00,0.80322,0.80338,0.80316,0.80337,262,2,0
2025-08-25 06:00:00,0.80337,0.80338,0.80289,0.80289,327,2,0
2025-08-25 06:15:00,0.80289,0.80308,0.80282,0.80287,351,2,0
2025-08-25 06:30:00,0.80287,0.8029,0.80259,0.80271,241,2,0
2025-08-25 06:45:00,0.80271,0.8028,0.80253,0.80269,291,2,0
2025-08-25 07:00:00,0.80269,0.80284,0.80259,0.80279,234,2,0
2025-08-25 07:15:00,0.80279,0.80307,0.80269,0.80286,349,2,0
2025-08-25 07:30:00,0.80286,0.8031,0.80262,0.80307,296,2,0
2025-08-25 07:45:00,0.80307,0.8031,0.80282,0.80294,285,2,0
2025-08-25 08:00:00,0.80294,0.80328,0.80294,0.80328,358,2,0
2025-08-25 08:15:00,0.80328,0.80335,0.80305,0.80328,239,2,0
2025-08-25 08:30:00,0.80328,0.80345,0.80326,0.80328,265,2,0
2025-08-25 08:45:00,0.80328,0.80347,0.80323,0.8033,363,2,0
2025-08-25 09:00:00,0.8033,0.80337,0.80293,0.80294,652,2,0
2025-08-25 09:15:00,0.80294,0.80296,0.80237,0.80246,580,2,0
2025-08-25 09:30:00,0.80246,0.80268,0.80202,0.80202,733,2,0
2025-08-25 09:45:00,0.80203,0.80231,0.80197,0.80223,684,2,0
2025-08-25 10:00:00,0.80223,0.80244,0.80201,0.80218,617,2,0
2025-08-25 10:15:00,0.80218,0.80236,0.80168,0.80198,655,2,0
2025-08-25 10:30:00,0.80198,0.80223,0.80191,0.80195,502,2,0
2025-08-25 10:45:00,0.80195,0.8027,0.80189,0.80242,662,2,0
2025-08-25 11:00:00,0.80242,0.80258,0.80226,0.80235,637,2,0
2025-08-25 11:15:00,0.80235,0.80252,0.80219,0.8023,623,2,0
2025-08-25 11:30:00,0.8023,0.8023,0.80197,0.8021,587,2,0
2025-08-25 11:45:00,0.8021,0.80212,0.80159,0.80191,618,2,0
2025-08-25 12:00:00,0.80191,0.80241,0.80191,0.80237,432,2,0
2025-08-25 12:15:00,0.80237,0.80243,0.80208,0.80227,536,2,0
2025-08-25 12:30:00,0.80227,0.80239,0.80192,0.80199,513,2,0
2025-08-25 12:45:00,0.80199,0.8025,0.80179,0.80232,524,2,0
2025-08-25 13:00:00,0.80232,0.80262,0.80224,0.80253,521,2,0
2025-08-25 13:15:00,0.80253,0.80285,0.80242,0.80269,651,2,0
2025-08-25 13:30:00,0.80269,0.80282,0.80262,0.80274,604,2,0
2025-08-25 13:45:00,0.80275,0.80279,0.80266,0.80272,478,2,0
2025-08-25 14:00:00,0.80273,0.80277,0.80234,0.80242,565,2,0
2025-08-25 14:15:00,0.80242,0.80245,0.80213,0.80233,573,2,0
2025-08-25 14:30:00,0.80233,0.80247,0.8022,0.8024,529,2,0
2025-08-25 14:45:00,0.8024,0.80252,0.80201,0.80206,528,2,0
2025-08-25 15:00:00,0.80205,0.80249,0.802,0.80246,611,2,0
2025-08-25 15:15:00,0.80246,0.80257,0.80223,0.80248,602,2,0
2025-08-25 15:30:00,0.80248,0.80257,0.80226,0.80248,629,2,0
2025-08-25 15:45:00,0.80248,0.80263,0.80229,0.8024,472,2,0
2025-08-25 16:00:00,0.8024,0.8027,0.80231,0.80252,633,2,0
2025-08-25 16:15:00,0.80252,0.80274,0.80228,0.80263,381,2,0
2025-08-25 16:30:00,0.80263,0.80272,0.80224,0.80233,538,2,0
2025-08-25 16:45:00,0.80233,0.80248,0.80195,0.80231,657,2,0
2025-08-25 17:00:00,0.80231,0.80259,0.80222,0.80245,921,2,0
2025-08-25 17:15:00,0.80244,0.80278,0.80224,0.80258,712,0,0
2025-08-25 17:30:00,0.80258,0.80301,0.80256,0.80283,665,2,0
2025-08-25 17:45:00,0.80283,0.80317,0.80265,0.80301,866,2,0
2025-08-25 18:00:00,0.80301,0.80336,0.80279,0.80293,790,2,0
2025-08-25 18:15:00,0.80293,0.80316,0.80263,0.8029,654,2,0
2025-08-25 18:30:00,0.8029,0.8035,0.8029,0.80341,726,2,0
2025-08-25 18:45:00,0.80341,0.80373,0.80327,0.80348,767,2,0
2025-08-25 19:00:00,0.80348,0.80376,0.80336,0.80364,755,2,0
2025-08-25 19:15:00,0.80364,0.804,0.80363,0.80393,733,2,0
2025-08-25 19:30:00,0.80393,0.80439,0.80383,0.80425,590,2,0
2025-08-25 19:45:00,0.80426,0.80455,0.80407,0.80415,713,2,0
2025-08-25 20:00:00,0.80414,0.80432,0.80409,0.80428,558,2,0
2025-08-25 20:15:00,0.80428,0.80435,0.80416,0.80427,577,2,0
2025-08-25 20:30:00,0.80427,0.80461,0.80419,0.80441,462,2,0
2025-08-25 20:45:00,0.80441,0.80492,0.80439,0.80461,569,2,0
2025-08-25 21:00:00,0.80462,0.80499,0.80451,0.80486,638,2,0
2025-08-25 21:15:00,0.80486,0.80533,0.80478,0.80523,519,2,0
2025-08-25 21:30:00,0.80523,0.80582,0.80521,0.80582,671,2,0
2025-08-25 21:45:00,0.80582,0.80623,0.80569,0.80603,739,2,0
2025-08-25 22:00:00,0.80601,0.80705,0.80592,0.80667,646,2,0
2025-08-25 22:15:00,0.80667,0.80694,0.80656,0.80682,484,2,0
2025-08-25 22:30:00,0.80682,0.80712,0.80679,0.80689,456,2,0
2025-08-25 22:45:00,0.80689,0.80695,0.80673,0.80687,357,2,0
2025-08-25 23:00:00,0.80684,0.80686,0.80637,0.80643,395,2,0
2025-08-25 23:15:00,0.80643,0.80649,0.80616,0.80627,282,2,0
2025-08-25 23:30:00,0.80628,0.80632,0.80582,0.80588,258,2,0
2025-08-25 23:45:00,0.80586,0.80635,0.8056,0.80565,383,12,0
2025-08-26 00:00:00,0.80527,0.80527,0.80439,0.80499,31,100,0
2025-08-26 00:15:00,0.80499,0.80528,0.80478,0.80528,69,150,0
2025-08-26 00:30:00,0.80529,0.80534,0.80454,0.80457,434,162,0
2025-08-26 00:45:00,0.80457,0.80536,0.80368,0.80509,556,154,0
2025-08-26 01:00:00,0.80509,0.80595,0.80509,0.8058,422,2,0
2025-08-26 01:15:00,0.80594,0.80615,0.80579,0.80608,568,2,0
2025-08-26 01:30:00,0.80608,0.80615,0.80596,0.80604,142,2,0
2025-08-26 01:45:00,0.80604,0.80611,0.80589,0.806,166,2,0
2025-08-26 02:00:00,0.806,0.80627,0.80589,0.80623,316,2,0
2025-08-26 02:15:00,0.80623,0.80637,0.8062,0.80633,214,2,0
2025-08-26 02:30:00,0.80633,0.80635,0.80614,0.80622,196,2,0
2025-08-26 02:45:00,0.80622,0.80637,0.8062,0.80624,184,2,0
2025-08-26 03:00:00,0.80624,0.80667,0.80408,0.80415,2032,2,0
2025-08-26 03:15:00,0.80415,0.80461,0.80396,0.80409,1444,2,0
2025-08-26 03:30:00,0.8041,0.80441,0.80274,0.80305,1390,0,0
2025-08-26 03:45:00,0.80305,0.80353,0.80279,0.80347,1171,2,0
2025-08-26 04:00:00,0.80347,0.80428,0.80341,0.80426,830,2,0
2025-08-26 04:15:00,0.80426,0.80452,0.80407,0.80429,586,2,0
2025-08-26 04:30:00,0.80429,0.8046,0.80422,0.8044,575,2,0
2025-08-26 04:45:00,0.8044,0.80444,0.8041,0.80427,606,2,0
2025-08-26 05:00:00,0.80426,0.8045,0.80386,0.8043,640,2,0
2025-08-26 05:15:00,0.8043,0.80435,0.80406,0.80425,414,2,0
2025-08-26 05:30:00,0.80425,0.80496,0.80425,0.80496,487,2,0
2025-08-26 05:45:00,0.80496,0.80507,0.80446,0.80465,505,2,0
2025-08-26 06:00:00,0.80464,0.80553,0.80461,0.80529,742,2,0
2025-08-26 06:15:00,0.80529,0.80554,0.80528,0.8054,484,2,0
2025-08-26 06:30:00,0.8054,0.80554,0.80519,0.80542,359,2,0
2025-08-26 06:45:00,0.80542,0.80578,0.8054,0.80567,408,2,0
2025-08-26 07:00:00,0.80569,0.80591,0.80547,0.80586,406,2,0
2025-08-26 07:15:00,0.80587,0.80591,0.8055,0.80557,345,2,0
2025-08-26 07:30:00,0.80557,0.8057,0.80536,0.80556,268,2,0
2025-08-26 07:45:00,0.80556,0.80571,0.80544,0.80544,416,2,0
2025-08-26 08:00:00,0.80544,0.8057,0.80539,0.80569,514,2,0
2025-08-26 08:15:00,0.80569,0.80584,0.80562,0.80566,465,2,0
2025-08-26 08:30:00,0.80566,0.80566,0.80489,0.80495,594,2,0
2025-08-26 08:45:00,0.80495,0.80524,0.80494,0.80511,465,2,0
2025-08-26 09:00:00,0.80515,0.80596,0.80515,0.80591,660,2,0
2025-08-26 09:15:00,0.80591,0.80678,0.80588,0.80601,914,2,0
2025-08-26 09:30:00,0.80601,0.80625,0.8058,0.80625,872,2,0
2025-08-26 09:45:00,0.80625,0.80675,0.80621,0.80664,979,2,0
2025-08-26 10:00:00,0.80664,0.80724,0.80619,0.80678,1540,2,0
2025-08-26 10:15:00,0.80678,0.80724,0.80628,0.80655,1280,2,0
2025-08-26 10:30:00,0.80655,0.80664,0.80621,0.80641,948,2,0
2025-08-26 10:45:00,0.80641,0.80653,0.80575,0.80587,1083,2,0
2025-08-26 11:00:00,0.80587,0.80626,0.80564,0.80619,1012,2,0
2025-08-26 11:15:00,0.80619,0.80713,0.80598,0.80657,1093,2,0
2025-08-26 11:30:00,0.80656,0.80671,0.80635,0.80665,963,2,0
2025-08-26 11:45:00,0.80665,0.80689,0.80651,0.80674,827,2,0
2025-08-26 12:00:00,0.80675,0.80683,0.80649,0.80652,810,2,0
2025-08-26 12:15:00,0.80652,0.80665,0.80616,0.80618,810,2,0
2025-08-26 12:30:00,0.80618,0.80653,0.80611,0.8062,718,2,0
2025-08-26 12:45:00,0.8062,0.80628,0.80559,0.80579,1068,2,0
2025-08-26 13:00:00,0.80579,0.806,0.8056,0.80594,743,2,0
2025-08-26 13:15:00,0.80594,0.80598,0.80566,0.80593,671,2,0
2025-08-26 13:30:00,0.80595,0.80645,0.80594,0.80607,859,2,0
2025-08-26 13:45:00,0.80607,0.80618,0.80569,0.80577,900,2,0
2025-08-26 14:00:00,0.80579,0.80594,0.805,0.80515,671,2,0
2025-08-26 14:15:00,0.80516,0.80553,0.80506,0.80551,651,2,0
2025-08-26 14:30:00,0.8055,0.80557,0.80462,0.80472,786,2,0
2025-08-26 14:45:00,0.80472,0.80476,0.80426,0.8047,781,2,0
2025-08-26 15:00:00,0.8047,0.8047,0.80395,0.80397,784,2,0
2025-08-26 15:15:00,0.80394,0.80436,0.80374,0.80401,880,2,0
2025-08-26 15:30:00,0.80401,0.80449,0.80382,0.80426,853,2,0
2025-08-26 15:45:00,0.80427,0.80461,0.80417,0.8045,937,2,0
2025-08-26 16:00:00,0.80453,0.80519,0.80444,0.80466,1106,2,0
2025-08-26 16:15:00,0.80466,0.80499,0.8044,0.8045,810,2,0
2025-08-26 16:30:00,0.8045,0.8048,0.80418,0.80472,765,2,0
2025-08-26 16:45:00,0.80471,0.8049,0.80418,0.80427,882,2,0
2025-08-26 17:00:00,0.80431,0.80505,0.80407,0.8047,979,2,0
2025-08-26 17:15:00,0.8047,0.80493,0.80382,0.80408,1044,2,0
2025-08-26 17:30:00,0.80409,0.80417,0.80368,0.80394,709,2,0
2025-08-26 17:45:00,0.80394,0.80402,0.80355,0.80392,864,2,0
2025-08-26 18:00:00,0.80393,0.80402,0.80311,0.80321,948,2,0
2025-08-26 18:15:00,0.80321,0.80366,0.8032,0.80365,819,2,0
2025-08-26 18:30:00,0.80365,0.80389,0.80315,0.80315,804,2,0
2025-08-26 18:45:00,0.80315,0.80339,0.80307,0.80313,715,2,0
2025-08-26 19:00:00,0.80313,0.80313,0.80282,0.80287,590,2,0
2025-08-26 19:15:00,0.80287,0.80294,0.80256,0.80286,626,2,0
2025-08-26 19:30:00,0.80286,0.80337,0.80282,0.80319,617,2,0
2025-08-26 19:45:00,0.80319,0.8034,0.80311,0.80331,739,2,0
2025-08-26 20:00:00,0.80331,0.80346,0.80311,0.80316,715,2,0
2025-08-26 20:15:00,0.80316,0.80322,0.80291,0.80309,693,2,0
2025-08-26 20:30:00,0.80308,0.80337,0.80307,0.80334,504,2,0
2025-08-26 20:45:00,0.80334,0.80364,0.80318,0.80364,680,2,0
2025-08-26 21:00:00,0.80364,0.80394,0.80363,0.80386,464,2,0
2025-08-26 21:15:00,0.80386,0.804,0.80365,0.80367,511,2,0
2025-08-26 21:30:00,0.80367,0.80381,0.80351,0.80352,458,2,0
2025-08-26 21:45:00,0.80352,0.80352,0.80304,0.80322,783,2,0
2025-08-26 22:00:00,0.80322,0.80326,0.803,0.80315,327,2,0
2025-08-26 22:15:00,0.80315,0.80325,0.80293,0.80299,271,2,0
2025-08-26 22:30:00,0.80299,0.80323,0.80296,0.80321,218,2,0
2025-08-26 22:45:00,0.80322,0.80346,0.80308,0.80338,391,2,0
2025-08-26 23:00:00,0.80339,0.80376,0.80339,0.80366,417,2,0
2025-08-26 23:15:00,0.80366,0.80384,0.80356,0.80377,163,2,0
2025-08-26 23:30:00,0.80377,0.80381,0.80351,0.80354,188,2,0
2025-08-26 23:45:00,0.80354,0.80363,0.80311,0.80313,270,12,0
2025-08-27 00:00:00,0.80261,0.80309,0.80261,0.80305,24,96,0
2025-08-27 00:15:00,0.80305,0.8032,0.80266,0.80311,177,156,0
2025-08-27 00:30:00,0.80311,0.80324,0.80284,0.803,570,188,0
2025-08-27 00:45:00,0.803,0.80335,0.80231,0.80304,608,176,0
2025-08-27 01:00:00,0.80304,0.80331,0.80233,0.80319,386,2,0
2025-08-27 01:15:00,0.80319,0.80334,0.80313,0.80329,297,2,0
2025-08-27 01:30:00,0.80329,0.8035,0.80324,0.80343,245,2,0
2025-08-27 01:45:00,0.80343,0.80369,0.80341,0.80352,453,2,0
2025-08-27 02:00:00,0.80353,0.8037,0.8035,0.80362,353,2,0
2025-08-27 02:15:00,0.80362,0.80366,0.80338,0.80356,201,2,0
2025-08-27 02:30:00,0.80356,0.80376,0.80354,0.80364,180,2,0
2025-08-27 02:45:00,0.80364,0.8039,0.80364,0.80384,182,2,0
2025-08-27 03:00:00,0.80384,0.8039,0.80358,0.8038,388,2,0
2025-08-27 03:15:00,0.80379,0.80395,0.80361,0.80381,558,2,0
2025-08-27 03:30:00,0.80381,0.804,0.80379,0.80398,380,2,0
2025-08-27 03:45:00,0.80398,0.80421,0.80385,0.80407,490,2,0
2025-08-27 04:00:00,0.80406,0.80411,0.80371,0.80395,530,2,0
2025-08-27 04:15:00,0.80395,0.80419,0.80383,0.80403,393,2,0
2025-08-27 04:30:00,0.80403,0.80433,0.80395,0.80417,476,2,0
2025-08-27 04:45:00,0.80417,0.80446,0.80405,0.80438,424,2,0
2025-08-27 05:00:00,0.80438,0.80494,0.80434,0.80476,488,2,0
2025-08-27 05:15:00,0.80476,0.80492,0.80462,0.80477,279,2,0
2025-08-27 05:30:00,0.80477,0.80483,0.80458,0.80459,274,2,0
2025-08-27 05:45:00,0.80459,0.80468,0.80442,0.80454,242,2,0
2025-08-27 06:00:00,0.80454,0.80462,0.80432,0.80444,218,2,0
2025-08-27 06:15:00,0.80443,0.80472,0.80438,0.80466,247,2,0
2025-08-27 06:30:00,0.80466,0.80478,0.80452,0.80464,206,2,0
2025-08-27 06:45:00,0.80464,0.80485,0.80458,0.80471,231,2,0
2025-08-27 07:00:00,0.80472,0.80503,0.80471,0.80494,280,2,0
2025-08-27 07:15:00,0.80494,0.80534,0.80493,0.80509,284,2,0
2025-08-27 07:30:00,0.80509,0.80526,0.80497,0.80523,365,2,0
2025-08-27 07:45:00,0.80523,0.80533,0.80512,0.80526,215,2,0
2025-08-27 08:00:00,0.80526,0.80543,0.80502,0.8051,291,2,0
2025-08-27 08:15:00,0.8051,0.8051,0.80493,0.80502,249,2,0
2025-08-27 08:30:00,0.80502,0.80511,0.80488,0.80501,332,2,0
2025-08-27 08:45:00,0.80501,0.8052,0.80489,0.8051,320,2,0
2025-08-27 09:00:00,0.80509,0.80548,0.80498,0.80529,539,2,0
2025-08-27 09:15:00,0.80529,0.80537,0.8051,0.80533,376,2,0
2025-08-27 09:30:00,0.80533,0.80537,0.80504,0.80508,628,2,0
2025-08-27 09:45:00,0.80508,0.8055,0.80507,0.80534,552,2,0
2025-08-27 10:00:00,0.80534,0.80566,0.80513,0.80564,866,0,0
2025-08-27 10:15:00,0.80564,0.80572,0.80525,0.80566,693,2,0
2025-08-27 10:30:00,0.80566,0.80618,0.80559,0.80598,770,2,0
2025-08-27 10:45:00,0.80598,0.80618,0.80566,0.80567,652,2,0
2025-08-27 11:00:00,0.80567,0.80686,0.80565,0.8068,853,2,0
2025-08-27 11:15:00,0.8068,0.80702,0.80662,0.80698,811,2,0
2025-08-27 11:30:00,0.80697,0.80763,0.80669,0.80676,904,2,0
2025-08-27 11:45:00,0.80676,0.80676,0.80628,0.80644,764,2,0
2025-08-27 12:00:00,0.80644,0.80677,0.8062,0.80627,782,2,0
2025-08-27 12:15:00,0.80627,0.80636,0.80595,0.80607,704,2,0
2025-08-27 12:30:00,0.80608,0.8068,0.80607,0.80668,589,2,0
2025-08-27 12:45:00,0.80668,0.80689,0.80665,0.80687,705,2,0
2025-08-27 13:00:00,0.80687,0.80711,0.80662,0.80698,656,2,0
2025-08-27 13:15:00,0.80698,0.80727,0.80695,0.80717,576,2,0
2025-08-27 13:30:00,0.80716,0.80723,0.80699,0.80716,611,2,0
2025-08-27 13:45:00,0.80715,0.80723,0.80689,0.80712,472,2,0
2025-08-27 14:00:00,0.80712,0.8073,0.80663,0.80674,684,2,0
2025-08-27 14:15:00,0.80674,0.80708,0.8067,0.80702,491,2,0
2025-08-27 14:30:00,0.80702,0.80711,0.80668,0.8071,550,2,0
2025-08-27 14:45:00,0.8071,0.80712,0.80646,0.80687,623,2,0
2025-08-27 15:00:00,0.80688,0.8069,0.80632,0.80642,660,2,0
2025-08-27 15:15:00,0.80642,0.80646,0.80594,0.80601,686,2,0
2025-08-27 15:30:00,0.806,0.80601,0.80526,0.80569,886,2,0
2025-08-27 15:45:00,0.80569,0.80575,0.80488,0.8052,835,2,0
2025-08-27 16:00:00,0.8052,0.80531,0.8045,0.80481,691,2,0
2025-08-27 16:15:00,0.80481,0.80507,0.8046,0.80504,824,2,0
2025-08-27 16:30:00,0.80503,0.80555,0.80501,0.80546,809,2,0
2025-08-27 16:45:00,0.80543,0.80549,0.80458,0.80487,911,2,0
2025-08-27 17:00:00,0.80488,0.80492,0.80424,0.80451,888,2,0
2025-08-27 17:15:00,0.80452,0.80483,0.8044,0.80456,675,2,0
2025-08-27 17:30:00,0.80457,0.80507,0.8044,0.80487,754,2,0
2025-08-27 17:45:00,0.80487,0.80495,0.80385,0.80393,1036,1,0
2025-08-27 18:00:00,0.80393,0.804,0.80307,0.80316,1064,2,0
2025-08-27 18:15:00,0.80315,0.80365,0.80301,0.80353,689,2,0
2025-08-27 18:30:00,0.80353,0.80393,0.80349,0.8037,595,2,0
2025-08-27 18:45:00,0.80369,0.80405,0.80355,0.80379,672,2,0
2025-08-27 19:00:00,0.80379,0.80384,0.80337,0.80353,662,2,0
2025-08-27 19:15:00,0.80353,0.80364,0.80319,0.8032,508,2,0
2025-08-27 19:30:00,0.8032,0.80325,0.80245,0.80256,758,2,0
2025-08-27 19:45:00,0.80256,0.80257,0.80154,0.80195,912,2,0
2025-08-27 20:00:00,0.80194,0.80206,0.80164,0.80189,799,2,0
2025-08-27 20:15:00,0.80189,0.80224,0.80174,0.80223,597,2,0
2025-08-27 20:30:00,0.80223,0.80248,0.80209,0.80214,553,2,0
2025-08-27 20:45:00,0.80214,0.80231,0.80194,0.80206,581,2,0
2025-08-27 21:00:00,0.80207,0.80258,0.80201,0.80237,499,2,0
2025-08-27 21:15:00,0.80237,0.80238,0.8021,0.80217,385,2,0
2025-08-27 21:30:00,0.80217,0.80254,0.80207,0.80223,470,2,0
2025-08-27 21:45:00,0.80222,0.80264,0.80222,0.80254,424,2,0
2025-08-27 22:00:00,0.80254,0.80267,0.80244,0.80264,344,2,0
2025-08-27 22:15:00,0.80264,0.80284,0.80262,0.80266,360,2,0
2025-08-27 22:30:00,0.80266,0.80283,0.80247,0.80248,237,2,0
2025-08-27 22:45:00,0.80248,0.80254,0.80227,0.80241,253,2,0
2025-08-27 23:00:00,0.80241,0.80264,0.80233,0.80253,192,2,0
2025-08-27 23:15:00,0.80253,0.80269,0.80232,0.80234,244,2,0
2025-08-27 23:30:00,0.80234,0.80244,0.80221,0.80235,272,2,0
2025-08-27 23:45:00,0.80235,0.8024,0.80206,0.8021,277,12,0
2025-08-28 00:00:00,0.8017,0.8039,0.80116,0.80162,130,100,0
2025-08-28 00:15:00,0.80162,0.80183,0.80153,0.80167,259,125,0
2025-08-28 00:30:00,0.80166,0.80172,0.80151,0.80163,347,128,0
2025-08-28 00:45:00,0.80163,0.80187,0.8015,0.80173,409,78,0
2025-08-28 01:00:00,0.80173,0.80218,0.80173,0.80205,302,2,0
2025-08-28 01:15:00,0.80204,0.80205,0.80182,0.80191,356,2,0
2025-08-28 01:30:00,0.80191,0.80192,0.80174,0.80176,253,2,0
2025-08-28 01:45:00,0.80176,0.80188,0.80175,0.80176,156,2,0
2025-08-28 02:00:00,0.80176,0.80178,0.80168,0.8017,148,2,0
2025-08-28 02:15:00,0.8017,0.80179,0.80163,0.80177,257,2,0
2025-08-28 02:30:00,0.80177,0.80177,0.8015,0.80155,171,2,0
2025-08-28 02:45:00,0.80155,0.80164,0.80151,0.80157,215,2,0
2025-08-28 03:00:00,0.80155,0.80187,0.80147,0.80187,355,2,0
2025-08-28 03:15:00,0.80187,0.80187,0.80165,0.80176,240,2,0
2025-08-28 03:30:00,0.80178,0.80185,0.80164,0.80174,239,2,0
2025-08-28 03:45:00,0.80173,0.80188,0.80165,0.80172,336,2,0
2025-08-28 04:00:00,0.80172,0.80175,0.80148,0.80153,358,2,0
2025-08-28 04:15:00,0.80153,0.80175,0.80139,0.80153,377,2,0
2025-08-28 04:30:00,0.80153,0.80183,0.80128,0.80183,484,2,0
2025-08-28 04:45:00,0.80183,0.80185,0.80153,0.80153,292,2,0
2025-08-28 05:00:00,0.80154,0.80162,0.80118,0.8013,328,2,0
2025-08-28 05:15:00,0.8013,0.80153,0.80123,0.80144,320,2,0
2025-08-28 05:30:00,0.80144,0.80146,0.80121,0.80127,381,2,0
2025-08-28 05:45:00,0.80127,0.80128,0.80107,0.80115,222,2,0
2025-08-28 06:00:00,0.80115,0.80121,0.80101,0.80111,291,2,0
2025-08-28 06:15:00,0.80111,0.80133,0.801,0.80131,314,2,0
2025-08-28 06:30:00,0.80131,0.80141,0.80106,0.80138,307,2,0
2025-08-28 06:45:00,0.80138,0.80143,0.80119,0.80134,242,2,0
2025-08-28 07:00:00,0.80134,0.80158,0.80129,0.8015,325,2,0
2025-08-28 07:15:00,0.8015,0.80156,0.80136,0.80145,225,2,0
2025-08-28 07:30:00,0.80145,0.80151,0.80134,0.80146,238,2,0
2025-08-28 07:45:00,0.80145,0.80161,0.80143,0.80154,336,2,0
2025-08-28 08:00:00,0.80154,0.80172,0.80153,0.8016,313,2,0
2025-08-28 08:15:00,0.80159,0.80174,0.80154,0.80163,249,2,0
2025-08-28 08:30:00,0.80163,0.80196,0.80157,0.80189,314,2,0
2025-08-28 08:45:00,0.80189,0.80196,0.80164,0.80175,316,2,0
2025-08-28 09:00:00,0.80176,0.80187,0.80136,0.80184,436,2,0
2025-08-28 09:15:00,0.80184,0.80194,0.80154,0.80184,389,2,0
2025-08-28 09:30:00,0.80184,0.80217,0.80157,0.80167,621,2,0
2025-08-28 09:45:00,0.80167,0.80199,0.80158,0.80176,589,2,0
2025-08-28 10:00:00,0.80177,0.8019,0.80136,0.8015,780,2,0
2025-08-28 10:15:00,0.8015,0.80181,0.80146,0.8016,600,2,0
2025-08-28 10:30:00,0.8016,0.80177,0.8015,0.80158,616,2,0
2025-08-28 10:45:00,0.80157,0.80175,0.80112,0.80122,685,2,0
2025-08-28 11:00:00,0.80122,0.80174,0.80098,0.80158,755,2,0
2025-08-28 11:15:00,0.80159,0.8019,0.80147,0.8017,722,2,0
2025-08-28 11:30:00,0.8017,0.80173,0.80117,0.80129,652,2,0
2025-08-28 11:45:00,0.80129,0.80136,0.80109,0.8012,739,2,0
2025-08-28 12:00:00,0.8012,0.8012,0.8007,0.80093,691,2,0
2025-08-28 12:15:00,0.80091,0.80097,0.80076,0.80087,519,2,0
2025-08-28 12:30:00,0.80087,0.80094,0.80033,0.80071,592,2,0
2025-08-28 12:45:00,0.80071,0.80093,0.80057,0.80079,624,2,0
2025-08-28 13:00:00,0.80079,0.80085,0.80042,0.80056,554,2,0
2025-08-28 13:15:00,0.80056,0.80058,0.8,0.80021,647,2,0
2025-08-28 13:30:00,0.80021,0.80032,0.79961,0.79968,686,2,0
2025-08-28 13:45:00,0.79969,0.79976,0.79942,0.7996,717,2,0
2025-08-28 14:00:00,0.7996,0.80016,0.79939,0.80008,534,2,0
2025-08-28 14:15:00,0.80008,0.80047,0.79998,0.80006,508,2,0
2025-08-28 14:30:00,0.80006,0.8013,0.79998,0.8013,543,0,0
2025-08-28 14:45:00,0.80129,0.80178,0.80108,0.80115,805,2,0
2025-08-28 15:00:00,0.80115,0.80138,0.80087,0.80117,774,2,0
2025-08-28 15:15:00,0.80116,0.80172,0.80109,0.80122,1045,2,0
2025-08-28 15:30:00,0.80109,0.80224,0.80078,0.80115,1519,2,0
2025-08-28 15:45:00,0.80116,0.8021,0.80085,0.80201,1462,2,0
2025-08-28 16:00:00,0.802,0.80293,0.80185,0.80268,1365,2,0
2025-08-28 16:15:00,0.80268,0.80292,0.80232,0.80268,924,2,0
2025-08-28 16:30:00,0.80268,0.80306,0.80237,0.80273,1120,2,0
2025-08-28 16:45:00,0.80271,0.80298,0.80137,0.80161,1236,2,0
2025-08-28 17:00:00,0.80161,0.80213,0.80136,0.80157,1193,2,0
2025-08-28 17:15:00,0.80158,0.80165,0.80131,0.80152,832,2,0
2025-08-28 17:30:00,0.80152,0.80214,0.8013,0.8018,738,2,0
2025-08-28 17:45:00,0.8018,0.80232,0.80173,0.80191,1122,2,0
2025-08-28 18:00:00,0.80191,0.80233,0.80191,0.80209,921,2,0
2025-08-28 18:15:00,0.80209,0.80228,0.80189,0.80206,749,2,0
2025-08-28 18:30:00,0.80206,0.80225,0.80175,0.80194,760,2,0
2025-08-28 18:45:00,0.80194,0.80197,0.80149,0.8017,509,2,0
2025-08-28 19:00:00,0.80171,0.80186,0.80113,0.80116,545,2,0
2025-08-28 19:15:00,0.80116,0.80143,0.8011,0.80124,464,2,0
2025-08-28 19:30:00,0.80124,0.80128,0.80102,0.80124,532,2,0
2025-08-28 19:45:00,0.80124,0.80131,0.80048,0.80048,625,2,0
2025-08-28 20:00:00,0.80047,0.8007,0.79983,0.80001,686,2,0
2025-08-28 20:15:00,0.80001,0.8003,0.79976,0.80015,569,2,0
2025-08-28 20:30:00,0.80017,0.80068,0.80015,0.80048,575,2,0
2025-08-28 20:45:00,0.80048,0.8007,0.80028,0.80065,486,2,0
2025-08-28 21:00:00,0.80065,0.80103,0.80063,0.80101,433,2,0
2025-08-28 21:15:00,0.80101,0.80124,0.8009,0.80121,427,2,0
2025-08-28 21:30:00,0.80121,0.80149,0.80116,0.80123,392,2,0
2025-08-28 21:45:00,0.80124,0.80135,0.80107,0.80128,384,2,0
2025-08-28 22:00:00,0.80128,0.80162,0.80108,0.8015,310,2,0
2025-08-28 22:15:00,0.8015,0.80153,0.80129,0.80143,193,2,0
2025-08-28 22:30:00,0.80144,0.80155,0.80139,0.80141,204,2,0
2025-08-28 22:45:00,0.80141,0.80167,0.80141,0.80157,245,2,0
2025-08-28 23:00:00,0.80156,0.80182,0.80156,0.80179,215,2,0
2025-08-28 23:15:00,0.80179,0.80188,0.80171,0.80187,220,2,0
2025-08-28 23:30:00,0.80187,0.80194,0.80163,0.8017,171,2,0
2025-08-28 23:45:00,0.8017,0.8017,0.80085,0.80108,259,12,0
2025-08-29 00:00:00,0.80057,0.80067,0.80002,0.80061,22,100,0
2025-08-29 00:15:00,0.80061,0.80132,0.80024,0.80039,102,114,0
2025-08-29 00:30:00,0.80046,0.80118,0.80031,0.80051,587,126,0
2025-08-29 00:45:00,0.80051,0.80075,0.80002,0.80035,529,138,0
2025-08-29 01:00:00,0.80035,0.80178,0.80019,0.80163,813,2,0
2025-08-29 01:15:00,0.80164,0.80179,0.80159,0.80175,194,2,0
2025-08-29 01:30:00,0.80175,0.80202,0.80169,0.80198,393,2,0
2025-08-29 01:45:00,0.80198,0.80199,0.80186,0.80195,267,2,0
2025-08-29 02:00:00,0.80195,0.80199,0.80172,0.80184,278,2,0
2025-08-29 02:15:00,0.80184,0.80185,0.8016,0.80172,314,2,0
2025-08-29 02:30:00,0.80172,0.80175,0.80153,0.80155,265,2,0
2025-08-29 02:45:00,0.80155,0.8018,0.80153,0.8018,229,2,0
2025-08-29 03:00:00,0.80179,0.80186,0.80154,0.80169,583,2,0
2025-08-29 03:15:00,0.80169,0.80214,0.80169,0.80201,385,2,0
2025-08-29 03:30:00,0.80201,0.80245,0.80196,0.80241,411,2,0
2025-08-29 03:45:00,0.80241,0.80242,0.80165,0.80204,545,2,0
2025-08-29 04:00:00,0.80204,0.80248,0.80191,0.8022,561,2,0
2025-08-29 04:15:00,0.8022,0.80279,0.80217,0.80268,521,2,0
2025-08-29 04:30:00,0.80268,0.80283,0.80254,0.80259,451,2,0
2025-08-29 04:45:00,0.80259,0.80317,0.80257,0.80304,509,2,0
2025-08-29 05:00:00,0.80303,0.80304,0.80263,0.80268,431,2,0
2025-08-29 05:15:00,0.80268,0.80286,0.80262,0.80282,416,2,0
2025-08-29 05:30:00,0.80283,0.80305,0.80282,0.80298,348,2,0
2025-08-29 05:45:00,0.80298,0.80302,0.80272,0.80291,363,2,0
2025-08-29 06:00:00,0.8029,0.80301,0.80274,0.8029,345,2,0
2025-08-29 06:15:00,0.8029,0.80296,0.80252,0.80252,242,2,0
2025-08-29 06:30:00,0.80252,0.80276,0.80249,0.80263,264,2,0
2025-08-29 06:45:00,0.80263,0.80268,0.80245,0.80256,340,2,0
2025-08-29 07:00:00,0.80256,0.80278,0.80255,0.80275,315,2,0
2025-08-29 07:15:00,0.80275,0.80285,0.80262,0.80271,297,2,0
2025-08-29 07:30:00,0.80272,0.80278,0.80251,0.80261,312,2,0
2025-08-29 07:45:00,0.80261,0.80268,0.80248,0.80251,277,2,0
2025-08-29 08:00:00,0.80251,0.80269,0.80244,0.80262,395,2,0
2025-08-29 08:15:00,0.80262,0.80272,0.80243,0.80252,342,2,0
2025-08-29 08:30:00,0.80252,0.80268,0.80247,0.80254,210,2,0
2025-08-29 08:45:00,0.80255,0.80262,0.80212,0.80214,311,2,0
2025-08-29 09:00:00,0.80215,0.80244,0.80204,0.80238,432,2,0
2025-08-29 09:15:00,0.80238,0.80242,0.80204,0.80209,456,2,0
2025-08-29 09:30:00,0.80209,0.80224,0.802,0.80214,506,2,0
2025-08-29 09:45:00,0.80214,0.80226,0.80182,0.80193,743,2,0
2025-08-29 10:00:00,0.80195,0.80199,0.8016,0.80172,785,2,0
2025-08-29 10:15:00,0.80172,0.80211,0.8016,0.80162,742,2,0
2025-08-29 10:30:00,0.80162,0.80167,0.80079,0.8011,758,2,0
2025-08-29 10:45:00,0.8011,0.80125,0.80035,0.80045,641,2,0
2025-08-29 11:00:00,0.80045,0.80073,0.80025,0.80032,626,2,0
2025-08-29 11:15:00,0.80032,0.80061,0.8002,0.80021,593,2,0
2025-08-29 11:30:00,0.80021,0.80041,0.79963,0.80024,738,2,0
2025-08-29 11:45:00,0.80024,0.80097,0.80012,0.80068,983,2,0
2025-08-29 12:00:00,0.80068,0.80105,0.80061,0.80088,519,2,0
2025-08-29 12:15:00,0.80088,0.80088,0.80057,0.80078,559,2,0
2025-08-29 12:30:00,0.80075,0.80141,0.8007,0.80131,602,2,0
2025-08-29 12:45:00,0.80131,0.80143,0.80103,0.80138,777,2,0
2025-08-29 13:00:00,0.80139,0.80202,0.80132,0.80195,675,2,0
2025-08-29 13:15:00,0.80195,0.80226,0.80173,0.80181,643,2,0
2025-08-29 13:30:00,0.80181,0.8021,0.8017,0.80208,649,2,0
2025-08-29 13:45:00,0.80208,0.80252,0.80201,0.80249,777,2,0
2025-08-29 14:00:00,0.80249,0.80274,0.80238,0.80253,617,2,0
2025-08-29 14:15:00,0.80253,0.80264,0.80227,0.80238,482,2,0
2025-08-29 14:30:00,0.80237,0.80278,0.80231,0.80277,537,2,0
2025-08-29 14:45:00,0.80277,0.80294,0.80272,0.80281,484,2,0
2025-08-29 15:00:00,0.80281,0.80344,0.80275,0.8032,643,2,0
2025-08-29 15:15:00,0.80319,0.80352,0.80267,0.80267,648,2,0
2025-08-29 15:30:00,0.80267,0.80311,0.8021,0.80249,1586,2,0
2025-08-29 15:45:00,0.80249,0.80255,0.802,0.80242,945,2,0
2025-08-29 16:00:00,0.80241,0.80271,0.8021,0.80236,999,2,0
2025-08-29 16:15:00,0.80236,0.80237,0.80202,0.80215,675,2,0
2025-08-29 16:30:00,0.80215,0.8024,0.80177,0.80189,884,2,0
2025-08-29 16:45:00,0.80189,0.80191,0.80069,0.80112,1091,2,0
2025-08-29 17:00:00,0.80101,0.80126,0.8005,0.80108,1373,2,0
2025-08-29 17:15:00,0.80108,0.80109,0.80035,0.80036,1270,2,0
2025-08-29 17:30:00,0.80036,0.80053,0.79899,0.79937,1395,2,0
2025-08-29 17:45:00,0.79933,0.80042,0.7989,0.79908,1501,2,0
2025-08-29 18:00:00,0.79907,0.79981,0.79856,0.79961,1556,2,0
2025-08-29 18:15:00,0.79961,0.80036,0.7996,0.80005,913,2,0
2025-08-29 18:30:00,0.80003,0.8001,0.79955,0.79956,628,2,0
2025-08-29 18:45:00,0.79956,0.79976,0.79948,0.79968,753,2,0
2025-08-29 19:00:00,0.79967,0.79984,0.79929,0.7995,772,2,0
2025-08-29 19:15:00,0.7995,0.79987,0.79946,0.79978,700,2,0
2025-08-29 19:30:00,0.79978,0.80005,0.79963,0.79978,582,2,0
2025-08-29 19:45:00,0.79978,0.79993,0.79927,0.79927,662,2,0
2025-08-29 20:00:00,0.79928,0.79975,0.79915,0.79968,514,2,0
2025-08-29 20:15:00,0.79964,0.79973,0.79925,0.79948,524,2,0
2025-08-29 20:30:00,0.79947,0.79958,0.79936,0.79937,399,2,0
2025-08-29 20:45:00,0.79937,0.79982,0.79932,0.79979,489,2,0
2025-08-29 21:00:00,0.79978,0.79999,0.79969,0.79996,441,2,0
2025-08-29 21:15:00,0.79996,0.80017,0.79995,0.80013,438,2,0
2025-08-29 21:30:00,0.80013,0.8003,0.79991,0.79999,432,2,0
2025-08-29 21:45:00,0.79999,0.80005,0.79984,0.80001,490,2,0
2025-08-29 22:00:00,0.80001,0.80037,0.79989,0.80024,325,2,0
2025-08-29 22:15:00,0.80025,0.80037,0.80006,0.80009,240,2,0
2025-08-29 22:30:00,0.80009,0.80013,0.79999,0.80007,251,2,0
2025-08-29 22:45:00,0.80007,0.80019,0.7999,0.80015,416,2,0
2025-08-29 23:00:00,0.80013,0.8002,0.7999,0.80008,388,2,0
2025-08-29 23:15:00,0.80008,0.8003,0.80004,0.80021,183,2,0
2025-08-29 23:30:00,0.80023,0.8005,0.80022,0.80027,205,2,0
2025-08-29 23:45:00,0.80026,0.80076,0.80012,0.80028,308,12,0
2025-09-01 00:00:00,0.79855,0.79855,0.79791,0.79809,42,200,0
2025-09-01 00:15:00,0.79809,0.7981,0.79808,0.79809,33,300,0
2025-09-01 00:30:00,0.79809,0.79895,0.79809,0.79871,308,184,0
2025-09-01 00:45:00,0.79871,0.7989,0.79853,0.79877,264,190,0
2025-09-01 01:00:00,0.79877,0.80096,0.7987,0.8007,510,2,0
2025-09-01 01:15:00,0.8007,0.80085,0.80051,0.8006,360,2,0
2025-09-01 01:30:00,0.8006,0.80078,0.80056,0.80076,299,2,0
2025-09-01 01:45:00,0.80076,0.80116,0.80072,0.80089,453,2,0
2025-09-01 02:00:00,0.80089,0.80105,0.80078,0.80091,298,2,0
2025-09-01 02:15:00,0.80091,0.801,0.80079,0.80098,220,2,0
2025-09-01 02:30:00,0.80098,0.80099,0.80076,0.80092,202,2,0
2025-09-01 02:45:00,0.80092,0.80099,0.8006,0.80068,326,2,0
2025-09-01 03:00:00,0.80068,0.80089,0.80061,0.80081,662,2,0
2025-09-01 03:15:00,0.80081,0.80113,0.80074,0.80104,760,2,0
2025-09-01 03:30:00,0.80105,0.80108,0.80066,0.80081,646,2,0
2025-09-01 03:45:00,0.80081,0.80089,0.80064,0.80067,735,2,0
2025-09-01 04:00:00,0.80068,0.80101,0.80059,0.80089,828,2,0
2025-09-01 04:15:00,0.80089,0.80117,0.80086,0.80109,819,2,0
2025-09-01 04:30:00,0.80109,0.80122,0.80095,0.80104,613,2,0
2025-09-01 04:45:00,0.80104,0.80106,0.80066,0.80084,1171,2,0
2025-09-01 05:00:00,0.80082,0.80085,0.80018,0.80035,960,2,0
2025-09-01 05:15:00,0.80036,0.80045,0.8,0.80007,1052,2,0
2025-09-01 05:30:00,0.80008,0.80019,0.79989,0.80004,935,2,0
2025-09-01 05:45:00,0.80004,0.80005,0.79943,0.79956,840,2,0
2025-09-01 06:00:00,0.79955,0.79964,0.79933,0.79947,582,2,0
2025-09-01 06:15:00,0.79947,0.79965,0.79935,0.79955,718,2,0
2025-09-01 06:30:00,0.79956,0.79968,0.79945,0.79953,547,2,0
2025-09-01 06:45:00,0.79953,0.79982,0.79946,0.79958,582,2,0
2025-09-01 07:00:00,0.79959,0.79968,0.7995,0.79959,717,2,0
2025-09-01 07:15:00,0.79958,0.79977,0.79952,0.79972,615,2,0
2025-09-01 07:30:00,0.79973,0.79977,0.79948,0.79951,834,2,0
2025-09-01 07:45:00,0.7995,0.79962,0.7994,0.79961,433,2,0
2025-09-01 08:00:00,0.79961,0.79964,0.79943,0.79951,572,2,0
2025-09-01 08:15:00,0.79951,0.79965,0.79948,0.79955,459,2,0
2025-09-01 08:30:00,0.79955,0.79958,0.79926,0.79948,440,2,0
2025-09-01 08:45:00,0.79946,0.79951,0.79925,0.79934,551,2,0
2025-09-01 09:00:00,0.79935,0.79938,0.799,0.79914,443,2,0
2025-09-01 09:15:00,0.79913,0.79935,0.79903,0.79917,455,2,0
2025-09-01 09:30:00,0.79917,0.79932,0.79876,0.7989,797,2,0
2025-09-01 09:45:00,0.7989,0.79931,0.79882,0.79926,658,2,0
2025-09-01 10:00:00,0.79927,0.7998,0.79904,0.79975,852,2,0
2025-09-01 10:15:00,0.79973,0.79978,0.79954,0.79966,702,2,0
2025-09-01 10:30:00,0.79967,0.79991,0.79959,0.79961,745,2,0
2025-09-01 10:45:00,0.79962,0.79973,0.79891,0.79892,596,2,0
2025-09-01 11:00:00,0.79892,0.79949,0.79869,0.79936,806,2,0
2025-09-01 11:15:00,0.79934,0.79957,0.79924,0.79944,707,2,0
2025-09-01 11:30:00,0.79944,0.79946,0.79906,0.7991,609,2,0
2025-09-01 11:45:00,0.7991,0.7991,0.79862,0.79876,649,2,0
2025-09-01 12:00:00,0.79875,0.79934,0.79866,0.79899,812,2,0
2025-09-01 12:15:00,0.79899,0.79933,0.79889,0.7991,627,2,0
2025-09-01 12:30:00,0.7991,0.79929,0.79895,0.79908,631,2,0
2025-09-01 12:45:00,0.79908,0.7995,0.79886,0.79933,648,2,0
2025-09-01 13:00:00,0.79933,0.79959,0.7993,0.79949,575,2,0
2025-09-01 13:15:00,0.79949,0.79956,0.79916,0.79925,475,2,0
2025-09-01 13:30:00,0.79924,0.79941,0.79908,0.79939,426,2,0
2025-09-01 13:45:00,0.79939,0.7995,0.79916,0.79937,523,2,0
2025-09-01 14:00:00,0.79936,0.79948,0.79896,0.79936,525,0,0
2025-09-01 14:15:00,0.79936,0.79944,0.79921,0.79926,526,2,0
2025-09-01 14:30:00,0.79927,0.79987,0.79922,0.79987,539,2,0
2025-09-01 14:45:00,0.79987,0.80053,0.79987,0.80052,528,2,0
2025-09-01 15:00:00,0.80051,0.80093,0.80043,0.8008,656,2,0
2025-09-01 15:15:00,0.8008,0.80094,0.80058,0.8009,776,2,0
2025-09-01 15:30:00,0.8009,0.80124,0.80082,0.80119,608,2,0
2025-09-01 15:45:00,0.80118,0.80122,0.80097,0.80108,573,2,0
2025-09-01 16:00:00,0.80107,0.80129,0.80041,0.80045,719,2,0
2025-09-01 16:15:00,0.80045,0.80056,0.80015,0.80018,607,2,0
2025-09-01 16:30:00,0.80018,0.80037,0.79997,0.80025,708,2,0
2025-09-01 16:45:00,0.80025,0.80077,0.80023,0.80061,556,2,0
2025-09-01 17:00:00,0.80061,0.80084,0.80036,0.8006,795,2,0
2025-09-01 17:15:00,0.8006,0.80086,0.80052,0.80076,631,2,0
2025-09-01 17:30:00,0.80076,0.80085,0.8006,0.80074,690,2,0
2025-09-01 17:45:00,0.80074,0.80083,0.79998,0.8002,899,2,0
2025-09-01 18:00:00,0.80023,0.80083,0.80015,0.80074,595,2,0
2025-09-01 18:15:00,0.80074,0.80122,0.80074,0.80107,430,2,0
2025-09-01 18:30:00,0.80107,0.80141,0.80099,0.80139,345,2,0
2025-09-01 18:45:00,0.80139,0.80173,0.80136,0.80158,361,2,0
2025-09-01 19:00:00,0.80159,0.80172,0.80142,0.80148,362,2,0
2025-09-01 19:15:00,0.80148,0.80152,0.80122,0.80128,351,2,0
2025-09-01 19:30:00,0.80128,0.80139,0.80117,0.80127,420,2,0
2025-09-01 19:45:00,0.80127,0.80132,0.80119,0.8012,466,2,0
2025-09-01 20:00:00,0.8012,0.80131,0.80115,0.80127,472,2,0
2025-09-01 20:15:00,0.80127,0.80129,0.80119,0.80123,492,2,0
2025-09-01 20:30:00,0.80123,0.80128,0.80113,0.80122,247,2,0
2025-09-01 20:45:00,0.80122,0.80128,0.80111,0.80113,223,2,0
2025-09-01 21:00:00,0.80113,0.80116,0.80099,0.80102,243,2,0
2025-09-01 21:15:00,0.80102,0.80112,0.80099,0.80106,185,2,0
2025-09-01 21:30:00,0.80106,0.80114,0.801,0.80106,218,2,0
2025-09-01 21:45:00,0.80105,0.80111,0.80099,0.80099,172,2,0
2025-09-01 22:00:00,0.80099,0.80099,0.8007,0.80072,282,2,0
2025-09-01 22:15:00,0.80072,0.80072,0.80045,0.80048,205,2,0
2025-09-01 22:30:00,0.80048,0.80053,0.80034,0.80036,304,2,0
2025-09-01 22:45:00,0.80036,0.8004,0.80021,0.80034,209,2,0
2025-09-01 23:00:00,0.80036,0.80046,0.8003,0.8004,261,2,0
2025-09-01 23:15:00,0.80041,0.80046,0.80027,0.80034,247,2,0
2025-09-01 23:30:00,0.80034,0.80044,0.80033,0.80035,177,2,0
2025-09-01 23:45:00,0.80035,0.80068,0.80017,0.80022,298,12,0
2025-09-02 00:00:00,0.79979,0.8,0.79955,0.7999,28,100,0
2025-09-02 00:15:00,0.7999,0.79997,0.79968,0.79989,253,112,0
2025-09-02 00:30:00,0.79991,0.80015,0.79985,0.79997,301,98,0
2025-09-02 00:45:00,0.79997,0.80056,0.79952,0.79958,388,92,0
2025-09-02 01:00:00,0.79958,0.80075,0.79951,0.80053,430,2,0
2025-09-02 01:15:00,0.80053,0.80077,0.80053,0.80066,341,2,0
2025-09-02 01:30:00,0.80066,0.80076,0.80055,0.8006,193,2,0
2025-09-02 01:45:00,0.8006,0.80069,0.80026,0.80048,225,2,0
2025-09-02 02:00:00,0.80047,0.80053,0.80032,0.8005,252,2,0
2025-09-02 02:15:00,0.8005,0.80053,0.80029,0.80043,242,2,0
2025-09-02 02:30:00,0.80043,0.80047,0.80028,0.80033,294,2,0
2025-09-02 02:45:00,0.80033,0.80033,0.79997,0.80024,347,2,0
2025-09-02 03:00:00,0.80023,0.80116,0.80014,0.8011,714,2,0
2025-09-02 03:15:00,0.8011,0.80124,0.80099,0.80115,585,2,0
2025-09-02 03:30:00,0.80115,0.8012,0.80076,0.80101,597,2,0
2025-09-02 03:45:00,0.80101,0.80129,0.80091,0.8012,639,2,0
2025-09-02 04:00:00,0.8012,0.80148,0.80104,0.80119,605,2,0
2025-09-02 04:15:00,0.80119,0.80138,0.80112,0.80116,603,2,0
2025-09-02 04:30:00,0.8012,0.80153,0.80097,0.80136,785,2,0
2025-09-02 04:45:00,0.80136,0.80143,0.8012,0.80121,727,2,0
2025-09-02 05:00:00,0.80121,0.8015,0.80109,0.80137,543,2,0
2025-09-02 05:15:00,0.80137,0.80148,0.8013,0.80135,521,2,0
2025-09-02 05:30:00,0.80135,0.80138,0.80111,0.80113,381,2,0
2025-09-02 05:45:00,0.80113,0.80142,0.80112,0.80127,505,2,0
2025-09-02 06:00:00,0.80126,0.80139,0.80118,0.80138,539,2,0
2025-09-02 06:15:00,0.80138,0.80143,0.80122,0.80132,397,2,0
2025-09-02 06:30:00,0.80131,0.80147,0.80128,0.80137,508,2,0
2025-09-02 06:45:00,0.80137,0.80148,0.80134,0.80142,351,2,0
2025-09-02 07:00:00,0.80142,0.80149,0.80134,0.8014,261,2,0
2025-09-02 07:15:00,0.8014,0.80141,0.80112,0.80139,293,2,0
2025-09-02 07:30:00,0.80139,0.80146,0.8012,0.80129,489,2,0
2025-09-02 07:45:00,0.80129,0.80142,0.80126,0.8013,515,2,0
2025-09-02 08:00:00,0.80132,0.80135,0.80082,0.80121,492,2,0
2025-09-02 08:15:00,0.80121,0.80162,0.80119,0.80162,438,2,0
2025-09-02 08:30:00,0.80161,0.80183,0.80161,0.80167,423,2,0
2025-09-02 08:45:00,0.80167,0.80184,0.80162,0.80173,423,2,0
2025-09-02 09:00:00,0.80167,0.80178,0.80137,0.80173,554,2,0
2025-09-02 09:15:00,0.80172,0.80186,0.8016,0.80168,467,2,0
2025-09-02 09:30:00,0.80168,0.80172,0.80098,0.80125,643,2,0
2025-09-02 09:45:00,0.80125,0.80157,0.80117,0.80156,500,2,0
2025-09-02 10:00:00,0.80157,0.80222,0.80112,0.80221,974,2,0
2025-09-02 10:15:00,0.8022,0.80265,0.80207,0.80258,1439,2,0
2025-09-02 10:30:00,0.80258,0.80332,0.80232,0.80242,1624,2,0
2025-09-02 10:45:00,0.80243,0.80368,0.80235,0.80346,1516,2,0
2025-09-02 11:00:00,0.80344,0.80437,0.80334,0.80343,1623,2,0
2025-09-02 11:15:00,0.80343,0.80437,0.8034,0.80396,1374,2,0
2025-09-02 11:30:00,0.80397,0.80421,0.8035,0.80405,1166,2,0
2025-09-02 11:45:00,0.80405,0.80449,0.80386,0.80427,870,2,0
2025-09-02 12:00:00,0.80431,0.80489,0.80409,0.80464,1064,2,0
2025-09-02 12:15:00,0.80464,0.80574,0.80464,0.80548,1201,2,0
2025-09-02 12:30:00,0.80548,0.80568,0.80515,0.80545,1115,2,0
2025-09-02 12:45:00,0.80545,0.80565,0.80487,0.80501,1053,2,0
2025-09-02 13:00:00,0.80501,0.80532,0.80488,0.80508,1043,2,0
2025-09-02 13:15:00,0.80508,0.80546,0.80496,0.80528,850,2,0
2025-09-02 13:30:00,0.80528,0.80529,0.80429,0.80458,1085,2,0
2025-09-02 13:45:00,0.80458,0.80479,0.80428,0.80457,999,2,0
2025-09-02 14:00:00,0.80457,0.80496,0.80429,0.80491,991,2,0
2025-09-02 14:15:00,0.80491,0.8051,0.80468,0.80506,817,2,0
2025-09-02 14:30:00,0.80506,0.80529,0.80453,0.80469,863,2,0
2025-09-02 14:45:00,0.8047,0.80482,0.80394,0.8041,972,2,0
2025-09-02 15:00:00,0.80407,0.80467,0.80375,0.80462,1110,2,0
2025-09-02 15:15:00,0.80461,0.80512,0.8045,0.80507,1172,2,0
2025-09-02 15:30:00,0.80507,0.80609,0.80497,0.8057,1206,2,0
2025-09-02 15:45:00,0.80568,0.80608,0.80506,0.80523,1226,2,0
2025-09-02 16:00:00,0.80523,0.80542,0.80407,0.80412,1284,2,0
2025-09-02 16:15:00,0.80412,0.80434,0.80387,0.80411,812,2,0
2025-09-02 16:30:00,0.80411,0.80423,0.80363,0.80391,1239,2,0
2025-09-02 16:45:00,0.80391,0.80459,0.80369,0.8037,1164,2,0
2025-09-02 17:00:00,0.80372,0.80372,0.80221,0.80222,1842,2,0
2025-09-02 17:15:00,0.80222,0.80289,0.80196,0.80287,1299,2,0
2025-09-02 17:30:00,0.80285,0.80319,0.80275,0.80294,1186,2,0
2025-09-02 17:45:00,0.80294,0.80306,0.80229,0.80268,1339,2,0
2025-09-02 18:00:00,0.80268,0.8032,0.80238,0.80308,1072,2,0
2025-09-02 18:15:00,0.80309,0.8031,0.80255,0.80283,1088,2,0
2025-09-02 18:30:00,0.80283,0.80343,0.80259,0.80317,929,2,0
2025-09-02 18:45:00,0.80317,0.80343,0.80281,0.80337,739,2,0
2025-09-02 19:00:00,0.80337,0.80378,0.80327,0.80362,830,2,0
2025-09-02 19:15:00,0.80362,0.80394,0.80362,0.80377,580,2,0
2025-09-02 19:30:00,0.80377,0.80408,0.80353,0.80401,614,2,0
2025-09-02 19:45:00,0.80401,0.80412,0.80385,0.80392,482,2,0
2025-09-02 20:00:00,0.80392,0.80422,0.80374,0.80377,497,2,0
2025-09-02 20:15:00,0.80376,0.804,0.80367,0.8038,526,2,0
2025-09-02 20:30:00,0.8038,0.80422,0.80368,0.80406,400,2,0
2025-09-02 20:45:00,0.80406,0.80445,0.80403,0.80444,537,2,0
2025-09-02 21:00:00,0.80444,0.80487,0.80425,0.80482,681,2,0
2025-09-02 21:15:00,0.80482,0.80502,0.8048,0.80487,421,2,0
2025-09-02 21:30:00,0.80487,0.80525,0.80484,0.80524,524,2,0
2025-09-02 21:45:00,0.80524,0.80543,0.80512,0.80512,419,2,0
2025-09-02 22:00:00,0.80512,0.80531,0.805,0.80525,386,2,0
2025-09-02 22:15:00,0.80525,0.80527,0.80466,0.80491,421,2,0
2025-09-02 22:30:00,0.80491,0.80497,0.80467,0.80474,356,2,0
2025-09-02 22:45:00,0.80473,0.8049,0.80465,0.80473,394,2,0
2025-09-02 23:00:00,0.80471,0.80479,0.80455,0.80474,298,2,0
2025-09-02 23:15:00,0.80474,0.8049,0.80459,0.8046,363,2,0
2025-09-02 23:30:00,0.80461,0.80474,0.80457,0.8046,348,2,0
2025-09-02 23:45:00,0.8046,0.8046,0.80422,0.80434,272,12,0
2025-09-03 00:00:00,0.80409,0.80412,0.80326,0.80412,22,89,0
2025-09-03 00:15:00,0.80412,0.80412,0.8033,0.80339,156,98,0
2025-09-03 00:30:00,0.80339,0.80387,0.80339,0.80363,599,118,0
2025-09-03 00:45:00,0.80363,0.80399,0.80335,0.80348,451,92,0
2025-09-03 01:00:00,0.8034,0.8046,0.8034,0.80459,303,2,0
2025-09-03 01:15:00,0.80459,0.80465,0.80448,0.80459,330,2,0
2025-09-03 01:30:00,0.80459,0.80474,0.80455,0.80471,138,2,0
2025-09-03 01:45:00,0.80471,0.80506,0.80471,0.80498,206,2,0
2025-09-03 02:00:00,0.80495,0.80515,0.80493,0.80515,202,2,0
2025-09-03 02:15:00,0.80515,0.8052,0.80495,0.80505,142,2,0
2025-09-03 02:30:00,0.80505,0.80522,0.80501,0.80518,185,2,0
2025-09-03 02:45:00,0.80518,0.8054,0.80514,0.80532,325,2,0
2025-09-03 03:00:00,0.80531,0.80556,0.80521,0.80551,412,2,0
2025-09-03 03:15:00,0.80551,0.80552,0.8052,0.80541,467,2,0
2025-09-03 03:30:00,0.80541,0.80562,0.80531,0.80562,490,2,0
2025-09-03 03:45:00,0.80562,0.80567,0.80532,0.80561,635,2,0
2025-09-03 04:00:00,0.80563,0.80568,0.80544,0.80559,625,2,0
2025-09-03 04:15:00,0.80559,0.80588,0.80552,0.80561,549,2,0
2025-09-03 04:30:00,0.8056,0.8056,0.80528,0.80544,659,2,0
2025-09-03 04:45:00,0.80544,0.8057,0.80543,0.80555,572,2,0
2025-09-03 05:00:00,0.80555,0.8056,0.80519,0.80534,601,2,0
2025-09-03 05:15:00,0.80534,0.80538,0.80511,0.80529,492,2,0
2025-09-03 05:30:00,0.80529,0.80565,0.80527,0.80548,511,2,0
2025-09-03 05:45:00,0.80548,0.80556,0.80537,0.80555,391,2,0
2025-09-03 06:00:00,0.80555,0.80562,0.80543,0.80558,497,2,0
2025-09-03 06:15:00,0.80558,0.8057,0.80551,0.80568,338,2,0
2025-09-03 06:30:00,0.80568,0.80569,0.80556,0.80565,228,2,0
2025-09-03 06:45:00,0.80565,0.8058,0.80562,0.80575,242,2,0
2025-09-03 07:00:00,0.80576,0.8059,0.80557,0.80566,525,2,0
2025-09-03 07:15:00,0.80566,0.80573,0.80553,0.8056,359,2,0
2025-09-03 07:30:00,0.8056,0.8056,0.80529,0.80532,416,2,0
2025-09-03 07:45:00,0.80532,0.80542,0.8052,0.8052,427,2,0
2025-09-03 08:00:00,0.8052,0.80535,0.80514,0.80527,351,2,0
2025-09-03 08:15:00,0.80527,0.80531,0.80501,0.80515,311,2,0
2025-09-03 08:30:00,0.80515,0.80539,0.80508,0.80536,242,2,0
2025-09-03 08:45:00,0.80536,0.80555,0.80527,0.80531,333,2,0
2025-09-03 09:00:00,0.80531,0.80552,0.80512,0.80539,484,2,0
2025-09-03 09:15:00,0.80539,0.80547,0.80509,0.8051,380,2,0
2025-09-03 09:30:00,0.80511,0.80511,0.8045,0.8048,856,2,0
2025-09-03 09:45:00,0.80482,0.80516,0.80475,0.80494,644,2,0
2025-09-03 10:00:00,0.80495,0.80562,0.80492,0.80557,743,2,0
2025-09-03 10:15:00,0.80557,0.80681,0.80554,0.80606,1415,0,0
2025-09-03 10:30:00,0.80605,0.80608,0.80523,0.80572,1177,2,0
2025-09-03 10:45:00,0.80572,0.80572,0.80515,0.8053,889,2,0
2025-09-03 11:00:00,0.8053,0.8053,0.80445,0.80477,1014,2,0
2025-09-03 11:15:00,0.80477,0.80485,0.80423,0.80442,777,2,0
2025-09-03 11:30:00,0.80443,0.80485,0.8044,0.80478,817,2,0
2025-09-03 11:45:00,0.80478,0.80485,0.80399,0.80414,803,2,0
2025-09-03 12:00:00,0.80414,0.80431,0.80384,0.80426,818,2,0
2025-09-03 12:15:00,0.80426,0.8044,0.80391,0.80405,654,2,0
2025-09-03 12:30:00,0.80405,0.80405,0.80311,0.8032,682,2,0
2025-09-03 12:45:00,0.8032,0.80368,0.80313,0.80354,688,2,0
2025-09-03 13:00:00,0.80354,0.80384,0.80344,0.80374,634,2,0
2025-09-03 13:15:00,0.80374,0.80403,0.80367,0.80403,429,2,0
2025-09-03 13:30:00,0.80403,0.80443,0.80395,0.8044,527,2,0
2025-09-03 13:45:00,0.8044,0.80455,0.80422,0.8045,575,2,0
2025-09-03 14:00:00,0.8045,0.80477,0.80433,0.80474,582,2,0
2025-09-03 14:15:00,0.80474,0.80504,0.80446,0.80499,609,2,0
2025-09-03 14:30:00,0.80499,0.80501,0.8046,0.80484,575,2,0
2025-09-03 14:45:00,0.80484,0.80491,0.80421,0.8045,821,2,0
2025-09-03 15:00:00,0.80452,0.80456,0.80421,0.80448,707,2,0
2025-09-03 15:15:00,0.80447,0.80496,0.80436,0.80476,825,2,0
2025-09-03 15:30:00,0.80476,0.80533,0.80446,0.80524,955,2,0
2025-09-03 15:45:00,0.80524,0.80549,0.80495,0.80517,1010,2,0
2025-09-03 16:00:00,0.80517,0.80559,0.80504,0.80526,1062,2,0
2025-09-03 16:15:00,0.80525,0.80545,0.8048,0.80494,1003,2,0
2025-09-03 16:30:00,0.80494,0.80539,0.80469,0.80494,1189,2,0
2025-09-03 16:45:00,0.80495,0.80528,0.80442,0.80442,1059,2,0
2025-09-03 17:00:00,0.80456,0.80456,0.80312,0.80376,1862,2,0
2025-09-03 17:15:00,0.80376,0.80376,0.8028,0.803,1394,2,0
2025-09-03 17:30:00,0.803,0.80372,0.80284,0.80319,1222,2,0
2025-09-03 17:45:00,0.80319,0.80372,0.803,0.80351,1138,2,0
2025-09-03 18:00:00,0.80352,0.80357,0.80273,0.80311,813,2,0
2025-09-03 18:15:00,0.80311,0.80347,0.80277,0.80287,750,2,0
2025-09-03 18:30:00,0.80285,0.80317,0.80273,0.80315,847,2,0
2025-09-03 18:45:00,0.80314,0.8034,0.80289,0.8032,890,2,0
2025-09-03 19:00:00,0.80321,0.80362,0.80313,0.80355,756,2,0
2025-09-03 19:15:00,0.80355,0.80377,0.80346,0.80357,601,2,0
2025-09-03 19:30:00,0.80357,0.80377,0.80345,0.80375,432,2,0
2025-09-03 19:45:00,0.80375,0.80378,0.80314,0.80323,544,2,0
2025-09-03 20:00:00,0.80323,0.80343,0.80313,0.80318,618,2,0
2025-09-03 20:15:00,0.80318,0.80345,0.80308,0.80334,611,2,0
2025-09-03 20:30:00,0.80334,0.80376,0.80334,0.80361,576,2,0
2025-09-03 20:45:00,0.80361,0.80418,0.8036,0.80404,626,2,0
2025-09-03 21:00:00,0.80404,0.80426,0.80367,0.80376,681,2,0
2025-09-03 21:15:00,0.80376,0.8039,0.80368,0.80382,551,2,0
2025-09-03 21:30:00,0.80382,0.80409,0.80365,0.80399,612,2,0
2025-09-03 21:45:00,0.80399,0.80411,0.80379,0.80407,535,2,0
2025-09-03 22:00:00,0.80406,0.80431,0.80401,0.80423,400,2,0
2025-09-03 22:15:00,0.80423,0.80441,0.80417,0.80422,314,2,0
2025-09-03 22:30:00,0.80422,0.80433,0.80401,0.80416,314,2,0
2025-09-03 22:45:00,0.80413,0.80433,0.80413,0.80431,309,2,0
2025-09-03 23:00:00,0.80431,0.80451,0.80418,0.80421,276,2,0
2025-09-03 23:15:00,0.8042,0.80438,0.80415,0.80415,233,2,0
2025-09-03 23:30:00,0.80415,0.80416,0.80399,0.8041,285,2,0
2025-09-03 23:45:00,0.8041,0.80426,0.80406,0.8041,263,12,0
2025-09-04 00:00:00,0.80371,0.80371,0.80255,0.8032,71,84,0
2025-09-04 00:15:00,0.8032,0.80321,0.80263,0.80265,201,134,0
2025-09-04 00:30:00,0.80265,0.80328,0.80265,0.80315,270,116,0
2025-09-04 00:45:00,0.80304,0.80347,0.80294,0.80319,262,70,0
2025-09-04 01:00:00,0.80319,0.80423,0.80307,0.80414,395,2,0
2025-09-04 01:15:00,0.80414,0.80414,0.804,0.80406,351,2,0
2025-09-04 01:30:00,0.80406,0.80409,0.80386,0.80386,289,2,0
2025-09-04 01:45:00,0.80386,0.80404,0.8038,0.804,151,2,0
2025-09-04 02:00:00,0.80401,0.80403,0.80378,0.80382,386,2,0
2025-09-04 02:15:00,0.80383,0.80388,0.80374,0.80385,418,2,0
2025-09-04 02:30:00,0.80386,0.8041,0.80383,0.80391,237,2,0
2025-09-04 02:45:00,0.80391,0.80398,0.80379,0.80383,307,2,0
2025-09-04 03:00:00,0.80383,0.8043,0.80371,0.80402,791,2,0
2025-09-04 03:15:00,0.80402,0.80423,0.80397,0.80415,651,2,0
2025-09-04 03:30:00,0.80416,0.80432,0.80415,0.80424,586,2,0
2025-09-04 03:45:00,0.80424,0.8044,0.80397,0.80412,619,2,0
2025-09-04 04:00:00,0.80412,0.80439,0.80399,0.80423,569,2,0
2025-09-04 04:15:00,0.80422,0.80429,0.80407,0.80411,688,2,0
2025-09-04 04:30:00,0.80414,0.80414,0.80346,0.80387,930,2,0
2025-09-04 04:45:00,0.80387,0.80415,0.80379,0.80406,576,2,0
2025-09-04 05:00:00,0.80407,0.80429,0.80394,0.80426,532,2,0
2025-09-04 05:15:00,0.80426,0.80433,0.80411,0.80416,496,2,0
2025-09-04 05:30:00,0.80416,0.80429,0.80405,0.80423,694,2,0
2025-09-04 05:45:00,0.80422,0.80441,0.80421,0.80428,689,2,0
2025-09-04 06:00:00,0.80428,0.80445,0.80418,0.80439,565,2,0
2025-09-04 06:15:00,0.80439,0.80439,0.8041,0.80418,422,2,0
2025-09-04 06:30:00,0.80419,0.80436,0.8041,0.80431,466,2,0
2025-09-04 06:45:00,0.80431,0.80449,0.80427,0.8044,366,2,0
2025-09-04 07:00:00,0.8044,0.80445,0.80429,0.80437,286,2,0
2025-09-04 07:15:00,0.80437,0.80452,0.80432,0.80445,289,2,0
2025-09-04 07:30:00,0.80445,0.8045,0.80416,0.80426,356,2,0
2025-09-04 07:45:00,0.80426,0.80447,0.80421,0.80444,520,2,0
2025-09-04 08:00:00,0.80444,0.80452,0.80427,0.80439,333,2,0
2025-09-04 08:15:00,0.80439,0.80445,0.80427,0.80433,400,2,0
2025-09-04 08:30:00,0.80433,0.80442,0.80421,0.80424,392,2,0
2025-09-04 08:45:00,0.80424,0.80445,0.80419,0.8042,334,2,0
2025-09-04 09:00:00,0.80417,0.80419,0.80394,0.80403,395,2,0
2025-09-04 09:15:00,0.80403,0.8043,0.80399,0.80417,412,2,0
2025-09-04 09:30:00,0.80438,0.80517,0.80426,0.805,651,2,0
2025-09-04 09:45:00,0.805,0.80503,0.80462,0.80479,853,2,0
2025-09-04 10:00:00,0.8048,0.80495,0.80445,0.80473,1008,2,0
2025-09-04 10:15:00,0.80473,0.80522,0.80464,0.80471,928,2,0
2025-09-04 10:30:00,0.80471,0.80502,0.80458,0.80499,692,2,0
2025-09-04 10:45:00,0.80499,0.8055,0.8049,0.80518,558,2,0
2025-09-04 11:00:00,0.80521,0.80524,0.8046,0.80496,976,2,0
2025-09-04 11:15:00,0.80496,0.80521,0.80472,0.80501,945,2,0
2025-09-04 11:30:00,0.80501,0.80508,0.80447,0.80467,928,2,0
2025-09-04 11:45:00,0.80467,0.80486,0.80434,0.80436,724,2,0
2025-09-04 12:00:00,0.80437,0.80473,0.80424,0.80457,636,2,0
2025-09-04 12:15:00,0.80457,0.8052,0.80448,0.80516,774,2,0
2025-09-04 12:30:00,0.80516,0.80528,0.80489,0.80494,550,2,0
2025-09-04 12:45:00,0.80494,0.80518,0.80483,0.80504,647,2,0
2025-09-04 13:00:00,0.80504,0.80504,0.80443,0.80444,608,2,0
2025-09-04 13:15:00,0.80445,0.80467,0.80438,0.80443,546,2,0
2025-09-04 13:30:00,0.80443,0.80455,0.80425,0.80455,498,2,0
2025-09-04 13:45:00,0.80455,0.80498,0.8045,0.80496,429,0,0
2025-09-04 14:00:00,0.80497,0.80563,0.80495,0.80551,603,2,0
2025-09-04 14:15:00,0.80551,0.80578,0.80547,0.80559,417,2,0
2025-09-04 14:30:00,0.80559,0.80583,0.80554,0.80581,565,2,0
2025-09-04 14:45:00,0.80581,0.80592,0.80547,0.8055,661,2,0
2025-09-04 15:00:00,0.80551,0.80559,0.80502,0.80502,640,2,0
2025-09-04 15:15:00,0.80503,0.80553,0.80405,0.80514,1240,2,0
2025-09-04 15:30:00,0.80509,0.80619,0.80423,0.80598,1498,2,0
2025-09-04 15:45:00,0.80597,0.80618,0.80553,0.80559,1046,2,0
2025-09-04 16:00:00,0.8056,0.80604,0.80534,0.80595,1094,2,0
2025-09-04 16:15:00,0.80595,0.80601,0.80481,0.8051,840,2,0
2025-09-04 16:30:00,0.8051,0.80524,0.80489,0.80496,986,2,0
2025-09-04 16:45:00,0.80494,0.80544,0.80476,0.80509,1026,2,0
2025-09-04 17:00:00,0.80573,0.80619,0.80534,0.8055,1679,2,0
2025-09-04 17:15:00,0.80549,0.80619,0.80547,0.80589,1164,2,0
2025-09-04 17:30:00,0.8059,0.80679,0.80571,0.80651,1048,2,0
2025-09-04 17:45:00,0.80651,0.8068,0.80643,0.80659,855,2,0
2025-09-04 18:00:00,0.80657,0.80685,0.80649,0.80662,713,2,0
2025-09-04 18:15:00,0.80662,0.80673,0.80619,0.80623,571,2,0
2025-09-04 18:30:00,0.80623,0.80641,0.80596,0.80618,593,2,0
2025-09-04 18:45:00,0.80618,0.80621,0.80589,0.80592,653,2,0
2025-09-04 19:00:00,0.80592,0.80671,0.80585,0.80649,762,2,0
2025-09-04 19:15:00,0.80647,0.80668,0.80615,0.80651,569,2,0
2025-09-04 19:30:00,0.80652,0.80674,0.80635,0.80652,538,2,0
2025-09-04 19:45:00,0.80652,0.80681,0.80652,0.80671,512,2,0
2025-09-04 20:00:00,0.8067,0.80713,0.80664,0.80697,495,2,0
2025-09-04 20:15:00,0.80697,0.8072,0.80682,0.80717,476,2,0
2025-09-04 20:30:00,0.80717,0.80718,0.80667,0.80672,436,2,0
2025-09-04 20:45:00,0.80672,0.80676,0.80663,0.80663,544,2,0
2025-09-04 21:00:00,0.80663,0.80668,0.80609,0.80625,546,2,0
2025-09-04 21:15:00,0.80625,0.80631,0.80608,0.80625,353,2,0
2025-09-04 21:30:00,0.80625,0.80637,0.80611,0.8063,385,2,0
2025-09-04 21:45:00,0.8063,0.80633,0.80602,0.80629,383,2,0
2025-09-04 22:00:00,0.80629,0.8063,0.80577,0.80581,318,2,0
2025-09-04 22:15:00,0.80581,0.80591,0.8056,0.80584,366,2,0
2025-09-04 22:30:00,0.80586,0.80591,0.80554,0.80561,328,2,0
2025-09-04 22:45:00,0.80561,0.8057,0.80542,0.80559,283,2,0
2025-09-04 23:00:00,0.80558,0.8058,0.80557,0.80571,270,2,0
2025-09-04 23:15:00,0.80571,0.80576,0.80554,0.80561,185,2,0
2025-09-04 23:30:00,0.80561,0.80568,0.8055,0.8055,148,2,0
2025-09-04 23:45:00,0.8055,0.80556,0.80543,0.80556,153,12,0
2025-09-05 00:00:00,0.80485,0.80524,0.80467,0.80511,23,100,0
2025-09-05 00:15:00,0.80511,0.80511,0.80404,0.80405,107,118,0
2025-09-05 00:30:00,0.80406,0.80492,0.80399,0.80487,286,114,0
2025-09-05 00:45:00,0.80487,0.80508,0.80441,0.80459,680,114,0
2025-09-05 01:00:00,0.80457,0.80567,0.80451,0.80563,224,2,0
2025-09-05 01:15:00,0.80563,0.80567,0.80558,0.80563,662,2,0
2025-09-05 01:30:00,0.80563,0.80573,0.80552,0.80568,222,2,0
2025-09-05 01:45:00,0.80568,0.80582,0.80565,0.80577,217,2,0
2025-09-05 02:00:00,0.80575,0.80575,0.80559,0.80562,163,2,0
2025-09-05 02:15:00,0.80562,0.80563,0.80534,0.80541,240,2,0
2025-09-05 02:30:00,0.80541,0.80541,0.80504,0.80517,272,2,0
2025-09-05 02:45:00,0.80517,0.80522,0.80506,0.80517,362,2,0
2025-09-05 03:00:00,0.80517,0.80538,0.80506,0.80529,826,2,0
2025-09-05 03:15:00,0.80529,0.80548,0.80518,0.80536,691,2,0
2025-09-05 03:30:00,0.80536,0.80537,0.80505,0.80512,657,2,0
2025-09-05 03:45:00,0.80511,0.80528,0.80482,0.80501,585,2,0
2025-09-05 04:00:00,0.80503,0.80503,0.80471,0.8049,533,2,0
2025-09-05 04:15:00,0.8049,0.80511,0.80489,0.80491,665,2,0
2025-09-05 04:30:00,0.80491,0.80503,0.80485,0.80499,408,2,0
2025-09-05 04:45:00,0.80499,0.80499,0.80439,0.80449,582,2,0
2025-09-05 05:00:00,0.8045,0.8045,0.8043,0.80446,553,2,0
2025-09-05 05:15:00,0.80446,0.80459,0.80442,0.80455,311,2,0
2025-09-05 05:30:00,0.80455,0.80461,0.80439,0.80447,396,2,0
2025-09-05 05:45:00,0.80447,0.80475,0.80442,0.80473,339,2,0
2025-09-05 06:00:00,0.80474,0.80479,0.80445,0.80455,440,2,0
2025-09-05 06:15:00,0.80455,0.80464,0.80433,0.80434,315,2,0
2025-09-05 06:30:00,0.80434,0.80441,0.80427,0.80438,312,2,0
2025-09-05 06:45:00,0.80438,0.80451,0.80429,0.80446,252,2,0
2025-09-05 07:00:00,0.80445,0.80454,0.80438,0.80447,303,2,0
2025-09-05 07:15:00,0.80447,0.80469,0.80444,0.80462,228,2,0
2025-09-05 07:30:00,0.80462,0.80485,0.8046,0.80482,254,2,0
2025-09-05 07:45:00,0.80482,0.80487,0.80474,0.80478,234,2,0
2025-09-05 08:00:00,0.80478,0.80479,0.80457,0.80462,427,2,0
2025-09-05 08:15:00,0.80462,0.80466,0.80452,0.80452,234,2,0
2025-09-05 08:30:00,0.80452,0.80458,0.80442,0.80447,278,2,0
2025-09-05 08:45:00,0.80447,0.8045,0.80399,0.80404,387,2,0
2025-09-05 09:00:00,0.80403,0.80435,0.80402,0.8043,466,2,0
2025-09-05 09:15:00,0.8043,0.80461,0.80415,0.80429,530,2,0
2025-09-05 09:30:00,0.80429,0.80442,0.80412,0.80439,560,2,0
2025-09-05 09:45:00,0.8044,0.80449,0.80423,0.8044,644,2,0
2025-09-05 10:00:00,0.80439,0.8046,0.80401,0.80412,865,2,0
2025-09-05 10:15:00,0.80412,0.80427,0.80398,0.80405,853,2,0
2025-09-05 10:30:00,0.80405,0.80417,0.8038,0.80383,432,2,0
2025-09-05 10:45:00,0.80383,0.80383,0.80345,0.80367,548,2,0
2025-09-05 11:00:00,0.80368,0.80386,0.8036,0.80385,509,2,0
2025-09-05 11:15:00,0.80385,0.80386,0.80346,0.80355,533,2,0
2025-09-05 11:30:00,0.80356,0.8039,0.80348,0.80375,509,2,0
2025-09-05 11:45:00,0.80375,0.80381,0.80326,0.80331,538,2,0
2025-09-05 12:00:00,0.80331,0.80336,0.80269,0.80272,546,2,0
2025-09-05 12:15:00,0.80272,0.8031,0.80271,0.80304,626,2,0
2025-09-05 12:30:00,0.80304,0.80338,0.80301,0.80332,517,2,0
2025-09-05 12:45:00,0.80332,0.80336,0.80298,0.8031,514,2,0
2025-09-05 13:00:00,0.8031,0.80316,0.80285,0.80298,551,2,0
2025-09-05 13:15:00,0.80297,0.80299,0.80264,0.80272,430,2,0
2025-09-05 13:30:00,0.80272,0.80307,0.80271,0.8028,537,2,0
2025-09-05 13:45:00,0.80279,0.80295,0.80274,0.80294,542,2,0
2025-09-05 14:00:00,0.80293,0.80314,0.80282,0.80287,515,2,0
2025-09-05 14:15:00,0.80286,0.80352,0.80284,0.80352,514,2,0
2025-09-05 14:30:00,0.8035,0.80377,0.80328,0.80353,582,2,0
2025-09-05 14:45:00,0.80353,0.80395,0.80343,0.80345,894,2,0
2025-09-05 15:00:00,0.80344,0.80344,0.80219,0.80222,1167,2,0
2025-09-05 15:15:00,0.80219,0.80247,0.80109,0.80112,1175,2,0
2025-09-05 15:30:00,0.80116,0.80139,0.79852,0.79973,3551,2,0
2025-09-05 15:45:00,0.79973,0.80056,0.79932,0.79973,2420,2,0
2025-09-05 16:00:00,0.79972,0.79972,0.79856,0.79868,1919,2,0
2025-09-05 16:15:00,0.79868,0.79999,0.79867,0.79973,2034,2,0
2025-09-05 16:30:00,0.79972,0.80002,0.79838,0.79889,1795,2,0
2025-09-05 16:45:00,0.79889,0.79889,0.79726,0.79776,1716,2,0
2025-09-05 17:00:00,0.79775,0.79818,0.79723,0.79795,1635,2,0
2025-09-05 17:15:00,0.79795,0.79821,0.79742,0.79814,1545,2,0
2025-09-05 17:30:00,0.79814,0.79875,0.79773,0.79819,1309,2,0
2025-09-05 17:45:00,0.79819,0.79863,0.79762,0.79771,1331,2,0
2025-09-05 18:00:00,0.79771,0.79778,0.79656,0.79673,1179,0,0
2025-09-05 18:15:00,0.79672,0.79723,0.79646,0.79705,973,2,0
2025-09-05 18:30:00,0.79705,0.79727,0.79633,0.79633,1028,2,0
2025-09-05 18:45:00,0.79635,0.79638,0.79576,0.79581,902,2,0
2025-09-05 19:00:00,0.79581,0.79618,0.7956,0.79564,901,2,0
2025-09-05 19:15:00,0.79565,0.79634,0.79564,0.79617,683,2,0
2025-09-05 19:30:00,0.79616,0.79714,0.79616,0.79707,816,2,0
2025-09-05 19:45:00,0.79707,0.79715,0.79671,0.79704,748,2,0
2025-09-05 20:00:00,0.79704,0.79791,0.79702,0.79761,873,2,0
2025-09-05 20:15:00,0.79762,0.79766,0.79721,0.79735,677,2,0
2025-09-05 20:30:00,0.79735,0.79761,0.7971,0.79746,513,2,0
2025-09-05 20:45:00,0.79746,0.79777,0.7972,0.79763,821,2,0
2025-09-05 21:00:00,0.79766,0.79799,0.79759,0.79787,600,2,0
2025-09-05 21:15:00,0.79784,0.79827,0.7978,0.79821,704,2,0
2025-09-05 21:30:00,0.79821,0.79857,0.7981,0.79848,602,2,0
2025-09-05 21:45:00,0.7985,0.79859,0.79829,0.79831,558,2,0
2025-09-05 22:00:00,0.79831,0.79832,0.79792,0.79813,413,2,0
2025-09-05 22:15:00,0.79813,0.79831,0.79801,0.7982,412,2,0
2025-09-05 22:30:00,0.79821,0.79834,0.79815,0.79832,252,2,0
2025-09-05 22:45:00,0.79831,0.79851,0.79822,0.79827,328,2,0
2025-09-05 23:00:00,0.79827,0.79856,0.79823,0.79837,345,2,0
2025-09-05 23:15:00,0.79837,0.79853,0.79833,0.79848,238,2,0
2025-09-05 23:30:00,0.79849,0.79851,0.79812,0.79814,184,2,0
2025-09-05 23:45:00,0.79814,0.79824,0.79755,0.79767,160,12,0
2025-09-08 00:00:00,0.7975,0.79763,0.79637,0.79646,221,200,0
2025-09-08 00:15:00,0.79646,0.79696,0.79461,0.79582,212,300,0
2025-09-08 00:30:00,0.79581,0.7976,0.79511,0.79667,924,109,0
2025-09-08 00:45:00,0.79667,0.79731,0.79531,0.79634,554,136,0
2025-09-08 01:00:00,0.79634,0.79944,0.79617,0.79929,1184,2,0
2025-09-08 01:15:00,0.79924,0.79946,0.79881,0.79899,891,2,0
2025-09-08 01:30:00,0.79899,0.79959,0.79896,0.79942,660,2,0
2025-09-08 01:45:00,0.79942,0.79952,0.7992,0.79931,396,2,0
2025-09-08 02:00:00,0.79929,0.79933,0.79893,0.79924,753,2,0
2025-09-08 02:15:00,0.79921,0.79931,0.79911,0.79912,522,2,0
2025-09-08 02:30:00,0.79912,0.79924,0.79895,0.79901,399,2,0
2025-09-08 02:45:00,0.79901,0.79935,0.79885,0.79926,503,2,0
2025-09-08 03:00:00,0.79925,0.7994,0.79875,0.79906,1070,2,0
2025-09-08 03:15:00,0.79903,0.79928,0.79895,0.79898,981,2,0
2025-09-08 03:30:00,0.79897,0.7991,0.79886,0.79892,712,2,0
2025-09-08 03:45:00,0.79893,0.79902,0.79833,0.79837,813,2,0
2025-09-08 04:00:00,0.79836,0.79839,0.79791,0.79819,783,2,0
2025-09-08 04:15:00,0.79819,0.79845,0.79812,0.79842,734,2,0
2025-09-08 04:30:00,0.79842,0.79857,0.79822,0.79841,860,2,0
2025-09-08 04:45:00,0.79842,0.79862,0.79807,0.79822,824,2,0
2025-09-08 05:00:00,0.79821,0.79821,0.79781,0.79801,764,2,0
2025-09-08 05:15:00,0.79801,0.79818,0.79785,0.7981,397,2,0
2025-09-08 05:30:00,0.7981,0.79817,0.79772,0.79812,586,2,0
2025-09-08 05:45:00,0.79812,0.79812,0.79794,0.79803,1032,2,0
2025-09-08 06:00:00,0.79804,0.79817,0.79793,0.79815,1024,2,0
2025-09-08 06:15:00,0.79815,0.79831,0.79802,0.79828,932,2,0
2025-09-08 06:30:00,0.79828,0.79836,0.79817,0.7983,932,2,0
2025-09-08 06:45:00,0.7983,0.79846,0.7981,0.79814,612,2,0
2025-09-08 07:00:00,0.79814,0.79846,0.79796,0.7984,604,2,0
2025-09-08 07:15:00,0.7984,0.79842,0.79761,0.79773,911,2,0
2025-09-08 07:30:00,0.79773,0.79774,0.79755,0.79755,719,2,0
2025-09-08 07:45:00,0.79755,0.79758,0.79742,0.79747,591,2,0
2025-09-08 08:00:00,0.79746,0.7975,0.79716,0.79725,396,2,0
2025-09-08 08:15:00,0.79725,0.79732,0.797,0.79702,655,2,0
2025-09-08 08:30:00,0.79702,0.79744,0.79697,0.79741,633,2,0
2025-09-08 08:45:00,0.7974,0.79758,0.79709,0.79728,498,2,0
2025-09-08 09:00:00,0.79722,0.79722,0.79672,0.79676,885,2,0
2025-09-08 09:15:00,0.79676,0.79741,0.79671,0.7969,717,2,0
2025-09-08 09:30:00,0.79691,0.79696,0.79638,0.79671,852,2,0
2025-09-08 09:45:00,0.7967,0.79687,0.79638,0.79649,734,2,0
2025-09-08 10:00:00,0.79649,0.79679,0.79615,0.79662,1049,2,0
2025-09-08 10:15:00,0.79662,0.79686,0.79623,0.79635,784,2,0
2025-09-08 10:30:00,0.79635,0.79635,0.79581,0.79585,739,2,0
2025-09-08 10:45:00,0.79585,0.79615,0.7957,0.79582,638,2,0
2025-09-08 11:00:00,0.79582,0.79582,0.79509,0.79563,796,2,0
2025-09-08 11:15:00,0.79563,0.79617,0.79556,0.79611,959,2,0
2025-09-08 11:30:00,0.79611,0.79612,0.79576,0.79594,715,2,0
2025-09-08 11:45:00,0.79594,0.79613,0.7958,0.79592,665,2,0
2025-09-08 12:00:00,0.79592,0.7964,0.7959,0.79623,700,2,0
2025-09-08 12:15:00,0.79622,0.79636,0.79598,0.79629,597,2,0
2025-09-08 12:30:00,0.79629,0.79647,0.7962,0.79622,557,2,0
2025-09-08 12:45:00,0.79622,0.79644,0.79612,0.7964,447,2,0
2025-09-08 13:00:00,0.7964,0.79663,0.79625,0.79656,663,2,0
2025-09-08 13:15:00,0.79656,0.79663,0.79625,0.79629,529,2,0
2025-09-08 13:30:00,0.79629,0.79629,0.79568,0.7957,577,2,0
2025-09-08 13:45:00,0.79571,0.79575,0.79519,0.79539,822,2,0
2025-09-08 14:00:00,0.79539,0.79545,0.79514,0.79533,490,0,0
2025-09-08 14:15:00,0.79533,0.79567,0.79523,0.79556,540,2,0
2025-09-08 14:30:00,0.79556,0.79557,0.79515,0.79522,605,2,0
2025-09-08 14:45:00,0.7952,0.79582,0.79513,0.79568,655,2,0
2025-09-08 15:00:00,0.79568,0.79568,0.79507,0.79525,591,2,0
2025-09-08 15:15:00,0.79522,0.79565,0.79504,0.79551,842,2,0
2025-09-08 15:30:00,0.79551,0.79552,0.79509,0.79518,954,2,0
2025-09-08 15:45:00,0.79515,0.79529,0.7944,0.79464,728,2,0
2025-09-08 16:00:00,0.79463,0.79471,0.79346,0.7937,842,2,0
2025-09-08 16:15:00,0.7937,0.79388,0.79352,0.7936,797,2,0
2025-09-08 16:30:00,0.7936,0.79386,0.79328,0.79369,792,2,0
2025-09-08 16:45:00,0.79368,0.79393,0.79337,0.79357,892,2,0
2025-09-08 17:00:00,0.79356,0.79402,0.79342,0.79399,939,2,0
2025-09-08 17:15:00,0.79399,0.79441,0.79375,0.7938,766,1,0
2025-09-08 17:30:00,0.7938,0.79447,0.79344,0.79432,796,2,0
2025-09-08 17:45:00,0.79432,0.79436,0.79374,0.7938,658,2,0
2025-09-08 18:00:00,0.7938,0.79385,0.79308,0.79344,706,2,0
2025-09-08 18:15:00,0.79344,0.79353,0.79295,0.7934,600,2,0
2025-09-08 18:30:00,0.79339,0.79358,0.79325,0.79343,659,2,0
2025-09-08 18:45:00,0.79343,0.79361,0.79331,0.79349,554,2,0
2025-09-08 19:00:00,0.79349,0.79367,0.79329,0.79362,456,2,0
2025-09-08 19:15:00,0.79362,0.79395,0.79359,0.79395,445,2,0
2025-09-08 19:30:00,0.79395,0.79459,0.79395,0.79443,603,2,0
2025-09-08 19:45:00,0.79444,0.79455,0.79417,0.79428,498,2,0
2025-09-08 20:00:00,0.79428,0.79465,0.79426,0.79458,402,2,0
2025-09-08 20:15:00,0.79458,0.79462,0.79423,0.79429,438,2,0
2025-09-08 20:30:00,0.79429,0.79454,0.79426,0.79446,471,2,0
2025-09-08 20:45:00,0.79446,0.79458,0.79426,0.79456,373,2,0
2025-09-08 21:00:00,0.79458,0.79461,0.7942,0.79425,439,2,0
2025-09-08 21:15:00,0.79424,0.79425,0.79385,0.79385,410,2,0
2025-09-08 21:30:00,0.79385,0.79398,0.79369,0.79371,340,2,0
2025-09-08 21:45:00,0.79371,0.7938,0.79302,0.79327,452,2,0
2025-09-08 22:00:00,0.79327,0.79334,0.79272,0.79281,347,2,0
2025-09-08 22:15:00,0.79281,0.79316,0.79281,0.79303,360,2,0
2025-09-08 22:30:00,0.79303,0.79323,0.793,0.79313,287,2,0
2025-09-08 22:45:00,0.79313,0.79314,0.7929,0.79304,249,2,0
2025-09-08 23:00:00,0.79305,0.79324,0.79304,0.79322,248,2,0
2025-09-08 23:15:00,0.79322,0.79326,0.79305,0.79317,249,2,0
2025-09-08 23:30:00,0.79317,0.79322,0.79302,0.79319,356,2,0
2025-09-08 23:45:00,0.79318,0.79327,0.79295,0.79315,366,12,0
2025-09-09 00:00:00,0.79275,0.79317,0.79224,0.79269,64,89,0
2025-09-09 00:15:00,0.79269,0.79269,0.79245,0.79252,1029,116,0
2025-09-09 00:30:00,0.79249,0.79306,0.79248,0.79286,285,66,0
2025-09-09 00:45:00,0.79286,0.79301,0.79266,0.79279,580,84,0
2025-09-09 01:00:00,0.79279,0.79319,0.79254,0.79312,270,2,0
2025-09-09 01:15:00,0.79312,0.7933,0.79303,0.79324,178,2,0
2025-09-09 01:30:00,0.79324,0.79329,0.79316,0.79322,233,2,0
2025-09-09 01:45:00,0.79322,0.79333,0.79311,0.79326,194,2,0
2025-09-09 02:00:00,0.79324,0.79325,0.79294,0.79309,258,2,0
2025-09-09 02:15:00,0.79309,0.7931,0.7926,0.79265,281,2,0
2025-09-09 02:30:00,0.79265,0.79286,0.7926,0.79276,366,2,0
2025-09-09 02:45:00,0.79276,0.7929,0.79273,0.79284,347,2,0
2025-09-09 03:00:00,0.79284,0.79309,0.79283,0.79291,1090,2,0
2025-09-09 03:15:00,0.79291,0.79296,0.79236,0.79251,663,2,0
2025-09-09 03:30:00,0.79251,0.79256,0.79227,0.79246,371,2,0
2025-09-09 03:45:00,0.79246,0.7926,0.7922,0.79255,685,2,0
2025-09-09 04:00:00,0.79255,0.79268,0.7924,0.79246,525,2,0
2025-09-09 04:15:00,0.79246,0.79284,0.79245,0.79279,626,2,0
2025-09-09 04:30:00,0.79279,0.79283,0.79226,0.79255,541,2,0
2025-09-09 04:45:00,0.79255,0.79259,0.79213,0.79229,630,2,0
2025-09-09 05:00:00,0.79229,0.79233,0.79206,0.79221,606,2,0
2025-09-09 05:15:00,0.79221,0.79252,0.7922,0.79244,330,2,0
2025-09-09 05:30:00,0.79244,0.79252,0.79233,0.79239,274,2,0
2025-09-09 05:45:00,0.79239,0.79282,0.79236,0.79273,543,2,0
2025-09-09 06:00:00,0.79273,0.79293,0.79263,0.79285,415,2,0
2025-09-09 06:15:00,0.79285,0.79313,0.79282,0.79295,451,2,0
2025-09-09 06:30:00,0.79295,0.79298,0.79283,0.79288,344,2,0
2025-09-09 06:45:00,0.79288,0.79308,0.79282,0.793,357,2,0
2025-09-09 07:00:00,0.793,0.79302,0.79273,0.79283,300,2,0
2025-09-09 07:15:00,0.79283,0.79289,0.79259,0.79261,505,2,0
2025-09-09 07:30:00,0.79258,0.79267,0.7924,0.79249,404,2,0
2025-09-09 07:45:00,0.79249,0.79249,0.79216,0.7923,298,2,0
2025-09-09 08:00:00,0.79229,0.79235,0.79197,0.79214,361,2,0
2025-09-09 08:15:00,0.79209,0.79234,0.79209,0.79219,300,2,0
2025-09-09 08:30:00,0.79219,0.79234,0.79178,0.7919,425,2,0
2025-09-09 08:45:00,0.79189,0.79199,0.79163,0.79178,461,2,0
2025-09-09 09:00:00,0.79174,0.7922,0.79158,0.79188,611,2,0
2025-09-09 09:15:00,0.79188,0.79214,0.79154,0.79209,551,2,0
2025-09-09 09:30:00,0.79209,0.79223,0.79182,0.79215,719,2,0
2025-09-09 09:45:00,0.79216,0.79262,0.79203,0.79209,787,2,0
2025-09-09 10:00:00,0.79209,0.79217,0.79165,0.79172,801,2,0
2025-09-09 10:15:00,0.79171,0.79223,0.79165,0.79202,873,2,0
2025-09-09 10:30:00,0.79201,0.79348,0.792,0.79346,856,2,0
2025-09-09 10:45:00,0.79345,0.7941,0.79345,0.79366,1118,2,0
2025-09-09 11:00:00,0.79367,0.79412,0.79366,0.79376,855,2,0
2025-09-09 11:15:00,0.79376,0.79441,0.79312,0.79332,1895,2,0
2025-09-09 11:30:00,0.79332,0.79377,0.79287,0.79308,1291,2,0
2025-09-09 11:45:00,0.79309,0.79337,0.79298,0.79304,906,2,0
2025-09-09 12:00:00,0.79304,0.79304,0.79251,0.79278,969,2,0
2025-09-09 12:15:00,0.79278,0.79312,0.79265,0.79276,699,2,0
2025-09-09 12:30:00,0.79275,0.79282,0.79226,0.79263,767,2,0
2025-09-09 12:45:00,0.79263,0.79283,0.79252,0.79281,672,2,0
2025-09-09 13:00:00,0.79283,0.79313,0.79242,0.7931,659,2,0
2025-09-09 13:15:00,0.7931,0.79321,0.79287,0.79308,463,2,0
2025-09-09 13:30:00,0.79308,0.79372,0.79296,0.79357,576,2,0
2025-09-09 13:45:00,0.79358,0.79372,0.79329,0.79357,718,2,0
2025-09-09 14:00:00,0.79357,0.7938,0.79349,0.79375,715,2,0
2025-09-09 14:15:00,0.79374,0.79413,0.79365,0.79369,595,2,0
2025-09-09 14:30:00,0.79367,0.79382,0.79359,0.79375,547,2,0
2025-09-09 14:45:00,0.79375,0.79433,0.79365,0.79424,894,2,0
2025-09-09 15:00:00,0.79424,0.79469,0.79424,0.79437,954,2,0
2025-09-09 15:15:00,0.79437,0.79494,0.79437,0.79483,847,2,0
2025-09-09 15:30:00,0.79483,0.7956,0.79482,0.79542,943,2,0
2025-09-09 15:45:00,0.79542,0.79555,0.79485,0.79497,879,2,0
2025-09-09 16:00:00,0.79496,0.79517,0.79433,0.79456,955,2,0
2025-09-09 16:15:00,0.79456,0.79457,0.79401,0.79408,920,2,0
2025-09-09 16:30:00,0.79407,0.79451,0.7939,0.7945,974,2,0
2025-09-09 16:45:00,0.7945,0.79479,0.79397,0.79439,1154,2,0
2025-09-09 17:00:00,0.79436,0.79564,0.79287,0.79506,2850,2,0
2025-09-09 17:15:00,0.79506,0.79565,0.79476,0.7952,1669,2,0
2025-09-09 17:30:00,0.79521,0.7959,0.79517,0.79517,1581,2,0
2025-09-09 17:45:00,0.79517,0.7957,0.7949,0.79522,1304,2,0
2025-09-09 18:00:00,0.79521,0.79605,0.7952,0.79604,1315,2,0
2025-09-09 18:15:00,0.79604,0.79648,0.7958,0.79591,1022,2,0
2025-09-09 18:30:00,0.79593,0.7962,0.79569,0.79577,679,2,0
2025-09-09 18:45:00,0.79577,0.79615,0.79575,0.79609,551,2,0
2025-09-09 19:00:00,0.7961,0.79616,0.79568,0.79577,769,2,0
2025-09-09 19:15:00,0.79577,0.79635,0.7957,0.79616,617,2,0
2025-09-09 19:30:00,0.79616,0.7967,0.79608,0.7967,514,2,0
2025-09-09 19:45:00,0.79671,0.79698,0.79658,0.79685,629,2,0
2025-09-09 20:00:00,0.79685,0.79718,0.79674,0.79708,657,2,0
2025-09-09 20:15:00,0.79708,0.79715,0.79685,0.79714,506,2,0
2025-09-09 20:30:00,0.79713,0.79716,0.79669,0.79696,543,2,0
2025-09-09 20:45:00,0.79695,0.79736,0.79677,0.79731,723,2,0
2025-09-09 21:00:00,0.79731,0.79747,0.79699,0.79725,568,2,0
2025-09-09 21:15:00,0.79725,0.79767,0.7972,0.79755,502,2,0
2025-09-09 21:30:00,0.79755,0.79792,0.79746,0.79792,485,2,0
2025-09-09 21:45:00,0.79792,0.79795,0.79769,0.79771,552,2,0
2025-09-09 22:00:00,0.7977,0.79793,0.79762,0.79784,376,2,0
2025-09-09 22:15:00,0.79784,0.79793,0.79771,0.79775,316,2,0
2025-09-09 22:30:00,0.79775,0.79778,0.79748,0.79774,302,2,0
2025-09-09 22:45:00,0.79774,0.79775,0.79757,0.79758,198,2,0
2025-09-09 23:00:00,0.79759,0.79782,0.79751,0.7977,217,2,0
2025-09-09 23:15:00,0.79769,0.7977,0.79747,0.79769,222,2,0
2025-09-09 23:30:00,0.79769,0.79771,0.79749,0.79749,200,2,0
2025-09-09 23:45:00,0.79747,0.79748,0.79711,0.79711,273,12,0
2025-09-10 00:00:00,0.79693,0.79693,0.79533,0.79657,27,100,0
2025-09-10 00:15:00,0.79657,0.79657,0.79569,0.79604,73,72,0
2025-09-10 00:30:00,0.79604,0.79667,0.79596,0.79662,213,66,0
2025-09-10 00:45:00,0.79662,0.79675,0.7965,0.79672,134,61,0
2025-09-10 01:00:00,0.79672,0.79716,0.79672,0.79711,346,2,0
2025-09-10 01:15:00,0.79711,0.79721,0.79706,0.79715,219,2,0
2025-09-10 01:30:00,0.79715,0.7972,0.79698,0.79699,253,2,0
2025-09-10 01:45:00,0.79699,0.79712,0.79684,0.797,449,2,0
2025-09-10 02:00:00,0.79701,0.79714,0.79662,0.79678,272,2,0
2025-09-10 02:15:00,0.79678,0.79725,0.79677,0.79707,411,2,0
2025-09-10 02:30:00,0.79706,0.79766,0.79706,0.79741,315,2,0
2025-09-10 02:45:00,0.79742,0.79752,0.79727,0.79743,252,2,0
2025-09-10 03:00:00,0.79745,0.79802,0.79743,0.79787,586,2,0
2025-09-10 03:15:00,0.79787,0.79804,0.79782,0.79788,399,2,0
2025-09-10 03:30:00,0.79788,0.79792,0.7977,0.79787,581,2,0
2025-09-10 03:45:00,0.79787,0.79789,0.79773,0.79785,633,2,0
2025-09-10 04:00:00,0.79786,0.79817,0.79774,0.7979,932,2,0
2025-09-10 04:15:00,0.7979,0.79843,0.79784,0.79839,927,2,0
2025-09-10 04:30:00,0.7984,0.79848,0.7979,0.79804,694,2,0
2025-09-10 04:45:00,0.79804,0.79812,0.79767,0.79781,690,2,0
2025-09-10 05:00:00,0.79781,0.79781,0.79731,0.79737,610,2,0
2025-09-10 05:15:00,0.79737,0.79756,0.79732,0.79753,453,2,0
2025-09-10 05:30:00,0.79753,0.79763,0.79743,0.79749,427,2,0
2025-09-10 05:45:00,0.79748,0.7976,0.79738,0.79743,403,2,0
2025-09-10 06:00:00,0.79743,0.79746,0.79723,0.79743,505,2,0
2025-09-10 06:15:00,0.79743,0.79751,0.79731,0.79742,334,2,0
2025-09-10 06:30:00,0.79742,0.79759,0.79739,0.79744,451,2,0
2025-09-10 06:45:00,0.79744,0.7975,0.79728,0.79744,508,2,0
2025-09-10 07:00:00,0.79744,0.7975,0.7972,0.79722,456,2,0
2025-09-10 07:15:00,0.79722,0.79728,0.79703,0.79708,343,2,0
2025-09-10 07:30:00,0.79708,0.7972,0.79703,0.79714,207,2,0
2025-09-10 07:45:00,0.79714,0.79717,0.7967,0.79673,276,2,0
2025-09-10 08:00:00,0.79674,0.79682,0.79617,0.79632,332,2,0
2025-09-10 08:15:00,0.79633,0.79641,0.7961,0.79628,265,2,0
2025-09-10 08:30:00,0.79628,0.79667,0.79619,0.7966,303,2,0
2025-09-10 08:45:00,0.7966,0.79706,0.79658,0.79682,537,2,0
2025-09-10 09:00:00,0.79685,0.79693,0.79658,0.7966,619,2,0
2025-09-10 09:15:00,0.79661,0.79696,0.79636,0.79687,475,2,0
2025-09-10 09:30:00,0.79684,0.79742,0.79683,0.79714,624,0,0
2025-09-10 09:45:00,0.79715,0.79803,0.79701,0.79791,865,2,0
2025-09-10 10:00:00,0.79792,0.79848,0.79759,0.79767,1332,2,0
2025-09-10 10:15:00,0.79768,0.79775,0.79694,0.79698,983,2,0
2025-09-10 10:30:00,0.79698,0.7973,0.79694,0.79723,641,2,0
2025-09-10 10:45:00,0.79723,0.79764,0.79722,0.79762,656,2,0
2025-09-10 11:00:00,0.79762,0.79823,0.79741,0.79776,770,2,0
2025-09-10 11:15:00,0.79776,0.79839,0.79763,0.79833,666,2,0
2025-09-10 11:30:00,0.79833,0.79847,0.79804,0.79819,681,2,0
2025-09-10 11:45:00,0.79819,0.79821,0.79749,0.79754,713,2,0
2025-09-10 12:00:00,0.79754,0.79771,0.79721,0.79738,597,2,0
2025-09-10 12:15:00,0.79738,0.79748,0.7969,0.79702,521,2,0
2025-09-10 12:30:00,0.79702,0.79714,0.79684,0.79687,479,2,0
2025-09-10 12:45:00,0.79684,0.79692,0.79656,0.79685,577,2,0
2025-09-10 13:00:00,0.79684,0.79735,0.7967,0.79726,414,2,0
2025-09-10 13:15:00,0.79726,0.79768,0.79725,0.79761,515,2,0
2025-09-10 13:30:00,0.79761,0.7978,0.79748,0.79766,448,2,0
2025-09-10 13:45:00,0.79766,0.79791,0.79736,0.79787,427,2,0
2025-09-10 14:00:00,0.79788,0.79818,0.79776,0.79787,611,2,0
2025-09-10 14:15:00,0.7979,0.79795,0.79761,0.79775,743,2,0
2025-09-10 14:30:00,0.79775,0.79819,0.79769,0.79798,689,2,0
2025-09-10 14:45:00,0.79797,0.79801,0.79696,0.79732,797,2,0
2025-09-10 15:00:00,0.79732,0.7982,0.79715,0.79808,714,2,0
2025-09-10 15:15:00,0.79807,0.79918,0.79804,0.79877,992,2,0
2025-09-10 15:30:00,0.79876,0.79876,0.79599,0.79766,2303,2,0
2025-09-10 15:45:00,0.79764,0.79878,0.79733,0.79803,1539,2,0
2025-09-10 16:00:00,0.79804,0.79823,0.79716,0.79765,1613,2,0
2025-09-10 16:15:00,0.79766,0.79769,0.79663,0.79682,1365,2,0
2025-09-10 16:30:00,0.79682,0.79686,0.79635,0.79645,1291,2,0
2025-09-10 16:45:00,0.79646,0.79709,0.79637,0.79683,1094,2,0
2025-09-10 17:00:00,0.79683,0.79703,0.79638,0.7966,978,2,0
2025-09-10 17:15:00,0.79661,0.79751,0.79647,0.79713,1103,2,0
2025-09-10 17:30:00,0.79714,0.79716,0.79659,0.79688,963,2,0
2025-09-10 17:45:00,0.79688,0.79781,0.79676,0.79713,1296,2,0
2025-09-10 18:00:00,0.79713,0.79715,0.79663,0.79686,800,2,0
2025-09-10 18:15:00,0.79686,0.7975,0.79685,0.79742,753,1,0
2025-09-10 18:30:00,0.79742,0.79762,0.79723,0.79761,584,2,0
2025-09-10 18:45:00,0.79761,0.79798,0.79749,0.79789,514,2,0
2025-09-10 19:00:00,0.7979,0.79816,0.79785,0.79816,510,2,0
2025-09-10 19:15:00,0.79816,0.79857,0.79785,0.79836,617,2,0
2025-09-10 19:30:00,0.79836,0.79875,0.79835,0.79867,504,2,0
2025-09-10 19:45:00,0.79867,0.79896,0.79856,0.79875,466,2,0
2025-09-10 20:00:00,0.79875,0.79894,0.7986,0.79874,652,2,0
2025-09-10 20:15:00,0.79874,0.79914,0.79874,0.79898,446,2,0
2025-09-10 20:30:00,0.79898,0.79913,0.79888,0.79901,311,2,0
2025-09-10 20:45:00,0.79901,0.79915,0.79888,0.79903,306,2,0
2025-09-10 21:00:00,0.79903,0.79912,0.79864,0.79875,373,2,0
2025-09-10 21:15:00,0.79875,0.79875,0.7985,0.79856,425,2,0
2025-09-10 21:30:00,0.79859,0.79886,0.79855,0.79883,378,2,0
2025-09-10 21:45:00,0.79883,0.79905,0.79883,0.79887,467,2,0
2025-09-10 22:00:00,0.79888,0.799,0.79874,0.79896,289,2,0
2025-09-10 22:15:00,0.79896,0.79929,0.79895,0.79928,301,2,0
2025-09-10 22:30:00,0.79928,0.79946,0.79928,0.79936,266,2,0
2025-09-10 22:45:00,0.79936,0.79938,0.79909,0.79911,306,2,0
2025-09-10 23:00:00,0.79911,0.79918,0.79894,0.79917,190,2,0
2025-09-10 23:15:00,0.79917,0.79918,0.79901,0.79909,211,2,0
2025-09-10 23:30:00,0.79909,0.79916,0.79902,0.79905,149,2,0
2025-09-10 23:45:00,0.79905,0.79923,0.79898,0.79911,228,12,0
2025-09-11 00:00:00,0.79882,0.79882,0.79735,0.79845,377,71,0
2025-09-11 00:15:00,0.79845,0.79852,0.79797,0.79822,42,90,0
2025-09-11 00:30:00,0.79822,0.79846,0.79814,0.79829,230,92,0
2025-09-11 00:45:00,0.7983,0.79856,0.79783,0.79803,182,76,0
2025-09-11 01:00:00,0.79803,0.79913,0.79801,0.79913,244,2,0
2025-09-11 01:15:00,0.79913,0.79915,0.79889,0.7989,274,2,0
2025-09-11 01:30:00,0.7989,0.79892,0.79869,0.79871,244,2,0
2025-09-11 01:45:00,0.79871,0.79885,0.7987,0.79872,285,2,0
2025-09-11 02:00:00,0.79872,0.79885,0.79872,0.79879,128,2,0
2025-09-11 02:15:00,0.79879,0.7988,0.7985,0.79864,235,2,0
2025-09-11 02:30:00,0.79863,0.79867,0.79858,0.79864,92,2,0
2025-09-11 02:45:00,0.79864,0.79876,0.79855,0.79873,438,2,0
2025-09-11 03:00:00,0.79874,0.79896,0.79874,0.79891,422,2,0
2025-09-11 03:15:00,0.7989,0.79927,0.79887,0.79907,503,2,0
2025-09-11 03:30:00,0.79908,0.79914,0.79893,0.79906,431,2,0
2025-09-11 03:45:00,0.79906,0.79921,0.79887,0.79919,463,2,0
2025-09-11 04:00:00,0.79919,0.79926,0.79892,0.79901,436,2,0
2025-09-11 04:15:00,0.79901,0.7992,0.79877,0.79881,455,2,0
2025-09-11 04:30:00,0.79881,0.79883,0.79864,0.79869,411,2,0
2025-09-11 04:45:00,0.79869,0.79896,0.79868,0.7989,464,2,0
2025-09-11 05:00:00,0.7989,0.79899,0.79881,0.79888,338,2,0
2025-09-11 05:15:00,0.79888,0.79912,0.79888,0.79906,317,2,0
2025-09-11 05:30:00,0.79906,0.79917,0.79882,0.79893,246,2,0
2025-09-11 05:45:00,0.79893,0.79903,0.79884,0.79898,237,2,0
2025-09-11 06:00:00,0.79898,0.799,0.79868,0.79881,254,2,0
2025-09-11 06:15:00,0.79881,0.79896,0.7987,0.7987,296,2,0
2025-09-11 06:30:00,0.79869,0.799,0.79866,0.79898,364,2,0
2025-09-11 06:45:00,0.79898,0.79909,0.79893,0.799,243,2,0
2025-09-11 07:00:00,0.799,0.79908,0.7989,0.79897,180,2,0
2025-09-11 07:15:00,0.79897,0.79904,0.79891,0.79893,222,2,0
2025-09-11 07:30:00,0.79893,0.79899,0.79886,0.79888,262,2,0
2025-09-11 07:45:00,0.79888,0.79895,0.79867,0.79868,230,2,0
2025-09-11 08:00:00,0.79868,0.79891,0.79866,0.79886,293,2,0
2025-09-11 08:15:00,0.79886,0.799,0.79884,0.79891,228,2,0
2025-09-11 08:30:00,0.79891,0.79903,0.79883,0.79898,291,2,0
2025-09-11 08:45:00,0.79898,0.79941,0.79895,0.79937,344,2,0
2025-09-11 09:00:00,0.79936,0.79974,0.79921,0.79974,501,2,0
2025-09-11 09:15:00,0.79974,0.79994,0.79928,0.79937,465,2,0
2025-09-11 09:30:00,0.79937,0.79966,0.79923,0.79951,514,2,0
2025-09-11 09:45:00,0.79951,0.79976,0.7993,0.79959,872,2,0
2025-09-11 10:00:00,0.79959,0.79963,0.79886,0.79905,1078,2,0
2025-09-11 10:15:00,0.79905,0.79956,0.79894,0.79956,752,2,0
2025-09-11 10:30:00,0.79957,0.7998,0.79935,0.79946,766,2,0
2025-09-11 10:45:00,0.79946,0.79968,0.79933,0.79933,810,2,0
2025-09-11 11:00:00,0.79933,0.79957,0.79919,0.79943,842,2,0
2025-09-11 11:15:00,0.79943,0.79947,0.79925,0.79941,535,2,0
2025-09-11 11:30:00,0.7994,0.79953,0.79917,0.79939,618,2,0
2025-09-11 11:45:00,0.79939,0.79947,0.79919,0.79931,684,2,0
2025-09-11 12:00:00,0.79931,0.79971,0.79922,0.79955,690,2,0
2025-09-11 12:15:00,0.79955,0.79971,0.79942,0.79948,598,2,0
2025-09-11 12:30:00,0.79948,0.79969,0.79918,0.79969,779,2,0
2025-09-11 12:45:00,0.79968,0.79978,0.79909,0.79936,756,2,0
2025-09-11 13:00:00,0.79936,0.79949,0.79918,0.79936,519,2,0
2025-09-11 13:15:00,0.79936,0.79953,0.79915,0.79953,539,2,0
2025-09-11 13:30:00,0.79953,0.79966,0.79932,0.79949,501,2,0
2025-09-11 13:45:00,0.79949,0.7998,0.79939,0.79968,540,2,0
2025-09-11 14:00:00,0.79968,0.79979,0.79896,0.79923,697,2,0
2025-09-11 14:15:00,0.79923,0.79961,0.79906,0.79946,640,2,0
2025-09-11 14:30:00,0.79945,0.79984,0.79938,0.79984,530,2,0
2025-09-11 14:45:00,0.79984,0.79984,0.7992,0.79966,712,2,0
2025-09-11 15:00:00,0.79966,0.79986,0.7994,0.79986,923,2,0
2025-09-11 15:15:00,0.79983,0.8004,0.79886,0.79907,1471,2,0
2025-09-11 15:30:00,0.79907,0.80077,0.79702,0.79808,3345,2,0
2025-09-11 15:45:00,0.79808,0.79884,0.79754,0.79773,2111,2,0
2025-09-11 16:00:00,0.79771,0.79773,0.7967,0.79743,2263,2,0
2025-09-11 16:15:00,0.79744,0.79831,0.79737,0.79767,1776,2,0
2025-09-11 16:30:00,0.79765,0.79784,0.79649,0.79667,1901,2,0
2025-09-11 16:45:00,0.79667,0.79731,0.79611,0.79623,1329,2,0
2025-09-11 17:00:00,0.79623,0.79643,0.79554,0.79605,1375,1,0
2025-09-11 17:15:00,0.79605,0.79616,0.79483,0.79602,1461,2,0
2025-09-11 17:30:00,0.79603,0.79603,0.79546,0.79561,1334,2,0
2025-09-11 17:45:00,0.79561,0.79632,0.79549,0.79592,1328,2,0
2025-09-11 18:00:00,0.79592,0.79641,0.7957,0.7957,883,2,0
2025-09-11 18:15:00,0.7957,0.79583,0.79514,0.79581,1129,2,0
2025-09-11 18:30:00,0.79583,0.79594,0.79555,0.79575,941,2,0
2025-09-11 18:45:00,0.79575,0.79614,0.79573,0.79607,669,2,0
2025-09-11 19:00:00,0.79607,0.79611,0.79544,0.79551,667,2,0
2025-09-11 19:15:00,0.79551,0.79583,0.79544,0.79579,583,2,0
2025-09-11 19:30:00,0.79579,0.79587,0.7956,0.7958,575,2,0
2025-09-11 19:45:00,0.79579,0.796,0.79575,0.79594,503,2,0
2025-09-11 20:00:00,0.79594,0.79611,0.79584,0.79595,676,2,0
2025-09-11 20:15:00,0.79595,0.79595,0.79562,0.79589,520,2,0
2025-09-11 20:30:00,0.79589,0.79611,0.79573,0.79607,531,2,0
2025-09-11 20:45:00,0.79607,0.79639,0.79606,0.7962,637,2,0
2025-09-11 21:00:00,0.7962,0.79621,0.79585,0.79595,552,2,0
2025-09-11 21:15:00,0.79596,0.79605,0.79585,0.79595,488,2,0
2025-09-11 21:30:00,0.79595,0.79603,0.79578,0.79591,384,2,0
2025-09-11 21:45:00,0.79591,0.79591,0.79546,0.7956,579,2,0
2025-09-11 22:00:00,0.7956,0.79584,0.7956,0.79578,437,2,0
2025-09-11 22:15:00,0.79578,0.79587,0.79566,0.79586,318,2,0
2025-09-11 22:30:00,0.79586,0.79601,0.79582,0.79588,322,2,0
2025-09-11 22:45:00,0.79588,0.79591,0.79572,0.79586,235,2,0
2025-09-11 23:00:00,0.79586,0.79587,0.79572,0.79575,361,2,0
2025-09-11 23:15:00,0.79575,0.79583,0.79567,0.7957,264,2,0
2025-09-11 23:30:00,0.7957,0.79577,0.79566,0.79572,119,2,0
2025-09-11 23:45:00,0.79573,0.79588,0.79563,0.79571,266,12,0
2025-09-12 00:00:00,0.79516,0.79589,0.79445,0.79521,80,88,0
2025-09-12 00:15:00,0.79521,0.79521,0.79428,0.79453,77,116,0
2025-09-12 00:30:00,0.79453,0.79474,0.79446,0.79458,226,144,0
2025-09-12 00:45:00,0.79458,0.79569,0.79438,0.79533,752,94,0
2025-09-12 01:00:00,0.79533,0.79577,0.79503,0.79569,210,2,0
2025-09-12 01:15:00,0.79569,0.79578,0.79569,0.79576,97,2,0
2025-09-12 01:30:00,0.79576,0.79588,0.79566,0.79581,131,2,0
2025-09-12 01:45:00,0.79581,0.79587,0.79568,0.79568,104,2,0
2025-09-12 02:00:00,0.79566,0.79583,0.79564,0.79574,344,2,0
2025-09-12 02:15:00,0.79574,0.7958,0.79573,0.79578,84,2,0
2025-09-12 02:30:00,0.79578,0.79586,0.79577,0.79582,56,2,0
2025-09-12 02:45:00,0.79582,0.79607,0.7958,0.79599,344,2,0
2025-09-12 03:00:00,0.79598,0.79614,0.79587,0.79604,397,2,0
2025-09-12 03:15:00,0.79604,0.79618,0.79594,0.79601,390,2,0
2025-09-12 03:30:00,0.79602,0.79626,0.796,0.79613,379,2,0
2025-09-12 03:45:00,0.79614,0.79618,0.79597,0.79607,456,2,0
2025-09-12 04:00:00,0.79607,0.79636,0.79595,0.79632,434,2,0
2025-09-12 04:15:00,0.79631,0.79643,0.79621,0.79628,334,2,0
2025-09-12 04:30:00,0.79628,0.79646,0.79614,0.7964,344,2,0
2025-09-12 04:45:00,0.7964,0.79657,0.79627,0.79656,353,2,0
2025-09-12 05:00:00,0.79656,0.79662,0.79624,0.79633,311,2,0
2025-09-12 05:15:00,0.79633,0.79649,0.79631,0.79647,269,2,0
2025-09-12 05:30:00,0.79647,0.79665,0.79646,0.79658,300,2,0
2025-09-12 05:45:00,0.79658,0.79663,0.79639,0.79649,242,2,0
2025-09-12 06:00:00,0.79649,0.79668,0.79643,0.7965,281,2,0
2025-09-12 06:15:00,0.7965,0.79667,0.79649,0.79659,217,2,0
2025-09-12 06:30:00,0.7966,0.79663,0.79639,0.7965,236,2,0
2025-09-12 06:45:00,0.7965,0.79663,0.79648,0.79655,151,2,0
2025-09-12 07:00:00,0.79654,0.79695,0.79652,0.79687,207,2,0
2025-09-12 07:15:00,0.79687,0.797,0.79668,0.79676,177,2,0
2025-09-12 07:30:00,0.79676,0.79688,0.79666,0.79671,235,2,0
2025-09-12 07:45:00,0.79671,0.79687,0.79668,0.79674,193,2,0
2025-09-12 08:00:00,0.79674,0.79691,0.79666,0.79672,241,2,0
2025-09-12 08:15:00,0.79672,0.79675,0.79656,0.79667,209,2,0
2025-09-12 08:30:00,0.79667,0.79667,0.79633,0.79645,262,2,0
2025-09-12 08:45:00,0.79645,0.7965,0.79624,0.7963,260,2,0
2025-09-12 09:00:00,0.79628,0.7966,0.7962,0.79647,426,2,0
2025-09-12 09:15:00,0.79647,0.79667,0.79642,0.7966,300,2,0
2025-09-12 09:30:00,0.79661,0.79678,0.79642,0.79648,491,2,0
2025-09-12 09:45:00,0.79648,0.79658,0.79611,0.79614,571,2,0
2025-09-12 10:00:00,0.79613,0.79613,0.79562,0.79585,671,2,0
2025-09-12 10:15:00,0.79585,0.79589,0.79551,0.79589,561,2,0
2025-09-12 10:30:00,0.79589,0.7962,0.79575,0.79599,818,2,0
2025-09-12 10:45:00,0.79599,0.79612,0.79587,0.7961,608,2,0
2025-09-12 11:00:00,0.79611,0.79689,0.796,0.79678,701,2,0
2025-09-12 11:15:00,0.79678,0.79717,0.79678,0.79695,767,2,0
2025-09-12 11:30:00,0.79695,0.79731,0.79667,0.79731,756,2,0
2025-09-12 11:45:00,0.79731,0.79745,0.79718,0.79736,482,2,0
2025-09-12 12:00:00,0.79735,0.79761,0.79726,0.79733,548,2,0
2025-09-12 12:15:00,0.79733,0.79739,0.79707,0.7973,566,2,0
2025-09-12 12:30:00,0.7973,0.79791,0.79715,0.79786,535,2,0
2025-09-12 12:45:00,0.79786,0.79791,0.7974,0.79745,641,2,0
2025-09-12 13:00:00,0.79745,0.79745,0.79697,0.79725,568,2,0
2025-09-12 13:15:00,0.79725,0.79726,0.79691,0.79695,568,2,0
2025-09-12 13:30:00,0.79695,0.79697,0.79656,0.79664,624,2,0
2025-09-12 13:45:00,0.79664,0.79676,0.79641,0.79653,482,2,0
2025-09-12 14:00:00,0.79654,0.79661,0.79628,0.7963,846,2,0
2025-09-12 14:15:00,0.7963,0.7967,0.79626,0.79665,475,2,0
2025-09-12 14:30:00,0.79665,0.79692,0.79648,0.79689,412,2,0
2025-09-12 14:45:00,0.79688,0.79725,0.79681,0.7972,690,2,0
2025-09-12 15:00:00,0.79719,0.79774,0.79706,0.79765,664,2,0
2025-09-12 15:15:00,0.79765,0.79794,0.79744,0.79778,666,2,0
2025-09-12 15:30:00,0.79778,0.79866,0.79777,0.79833,1074,2,0
2025-09-12 15:45:00,0.79834,0.79842,0.79769,0.79774,847,2,0
2025-09-12 16:00:00,0.79774,0.79792,0.79751,0.79765,667,2,0
2025-09-12 16:15:00,0.79766,0.79786,0.7975,0.79769,542,2,0
2025-09-12 16:30:00,0.79769,0.79812,0.79753,0.79787,1031,2,0
2025-09-12 16:45:00,0.79787,0.79789,0.7973,0.79758,656,2,0
2025-09-12 17:00:00,0.79758,0.79758,0.79679,0.79704,1153,2,0
2025-09-12 17:15:00,0.79704,0.79715,0.79645,0.79657,820,2,0
2025-09-12 17:30:00,0.79655,0.79697,0.79643,0.79694,594,2,0
2025-09-12 17:45:00,0.79695,0.7971,0.7965,0.79673,701,2,0
2025-09-12 18:00:00,0.79673,0.79678,0.79654,0.79668,649,2,0
2025-09-12 18:15:00,0.79668,0.7972,0.79645,0.79704,471,2,0
2025-09-12 18:30:00,0.79701,0.79725,0.79683,0.79688,465,2,0
2025-09-12 18:45:00,0.79688,0.79756,0.79687,0.79749,469,2,0
2025-09-12 19:00:00,0.7975,0.79758,0.79726,0.79742,431,2,0
2025-09-12 19:15:00,0.79742,0.79747,0.79689,0.79689,356,2,0
2025-09-12 19:30:00,0.79689,0.79693,0.79636,0.79639,376,2,0
2025-09-12 19:45:00,0.79639,0.79669,0.79619,0.79657,437,2,0
2025-09-12 20:00:00,0.79657,0.79657,0.79619,0.79621,369,2,0
2025-09-12 20:15:00,0.79621,0.79634,0.79602,0.79627,375,2,0
2025-09-12 20:30:00,0.79624,0.79638,0.79615,0.79631,356,2,0
2025-09-12 20:45:00,0.79631,0.79648,0.79612,0.79647,423,2,0
2025-09-12 21:00:00,0.79647,0.7965,0.79626,0.79632,379,2,0
2025-09-12 21:15:00,0.79632,0.79646,0.79619,0.79626,294,2,0
2025-09-12 21:30:00,0.79626,0.79631,0.796,0.79608,287,2,0
2025-09-12 21:45:00,0.79608,0.79616,0.79586,0.79589,320,2,0
2025-09-12 22:00:00,0.79589,0.79608,0.7958,0.79604,402,2,0
2025-09-12 22:15:00,0.79604,0.79619,0.79593,0.79608,221,2,0
2025-09-12 22:30:00,0.79609,0.79628,0.79605,0.79623,298,2,0
2025-09-12 22:45:00,0.79623,0.79633,0.79605,0.79623,214,2,0
2025-09-12 23:00:00,0.79627,0.79659,0.79622,0.79658,244,2,0
2025-09-12 23:15:00,0.79658,0.79661,0.79643,0.79655,192,2,0
2025-09-12 23:30:00,0.79655,0.79666,0.79647,0.79653,154,2,0
2025-09-12 23:45:00,0.79652,0.79669,0.79642,0.79645,286,12,0
2025-09-15 00:00:00,0.7961,0.7961,0.79502,0.7951,111,200,0
2025-09-15 00:15:00,0.7951,0.79513,0.79499,0.795,85,300,0
2025-09-15 00:30:00,0.79501,0.79577,0.79501,0.79544,333,154,0
2025-09-15 00:45:00,0.79544,0.79581,0.79478,0.79541,248,100,0
2025-09-15 01:00:00,0.79541,0.79649,0.79541,0.79629,309,2,0
2025-09-15 01:15:00,0.79628,0.79643,0.79627,0.7964,377,2,0
2025-09-15 01:30:00,0.7964,0.7965,0.79632,0.79649,540,2,0
2025-09-15 01:45:00,0.79649,0.79661,0.79647,0.79657,536,2,0
2025-09-15 02:00:00,0.79657,0.79673,0.79643,0.79665,475,2,0
2025-09-15 02:15:00,0.79665,0.79668,0.79655,0.79665,267,2,0
2025-09-15 02:30:00,0.79665,0.79678,0.79661,0.79673,197,2,0
2025-09-15 02:45:00,0.79673,0.79683,0.7967,0.79678,250,2,0
2025-09-15 03:00:00,0.79678,0.79682,0.79652,0.79659,483,2,0
2025-09-15 03:15:00,0.79659,0.79679,0.79656,0.79674,276,2,0
2025-09-15 03:30:00,0.79674,0.79679,0.79658,0.79663,359,2,0
2025-09-15 03:45:00,0.79663,0.7968,0.79651,0.79653,311,2,0
2025-09-15 04:00:00,0.79653,0.79675,0.79648,0.79664,634,2,0
2025-09-15 04:15:00,0.79664,0.79669,0.79651,0.79661,479,2,0
2025-09-15 04:30:00,0.7966,0.7967,0.79646,0.79659,335,2,0
2025-09-15 04:45:00,0.79659,0.7967,0.79648,0.79663,354,2,0
2025-09-15 05:00:00,0.79663,0.7969,0.79656,0.79685,362,2,0
2025-09-15 05:15:00,0.79685,0.79691,0.79679,0.79687,242,2,0
2025-09-15 05:30:00,0.79687,0.79688,0.79672,0.79682,190,2,0
2025-09-15 05:45:00,0.79682,0.79689,0.79666,0.79677,198,2,0
2025-09-15 06:00:00,0.79676,0.79676,0.79657,0.79666,297,2,0
2025-09-15 06:15:00,0.79666,0.79668,0.79644,0.79648,251,2,0
2025-09-15 06:30:00,0.79648,0.79664,0.79635,0.79636,263,2,0
2025-09-15 06:45:00,0.79636,0.79646,0.79621,0.79634,291,2,0
2025-09-15 07:00:00,0.79634,0.7964,0.79623,0.79637,208,2,0
2025-09-15 07:15:00,0.79637,0.79639,0.79607,0.79618,277,2,0
2025-09-15 07:30:00,0.79618,0.79642,0.79618,0.79634,341,2,0
2025-09-15 07:45:00,0.79634,0.79648,0.79626,0.79627,287,2,0
2025-09-15 08:00:00,0.79626,0.79637,0.7962,0.79631,310,2,0
2025-09-15 08:15:00,0.79631,0.79641,0.79628,0.79637,216,2,0
2025-09-15 08:30:00,0.79637,0.79647,0.79631,0.79647,184,2,0
2025-09-15 08:45:00,0.79647,0.79657,0.79643,0.79649,307,2,0
2025-09-15 09:00:00,0.79649,0.79694,0.79645,0.79683,357,2,0
2025-09-15 09:15:00,0.79683,0.79717,0.79682,0.79712,460,2,0
2025-09-15 09:30:00,0.79712,0.79728,0.79701,0.79707,461,2,0
2025-09-15 09:45:00,0.79707,0.7971,0.79672,0.7968,526,2,0
2025-09-15 10:00:00,0.7968,0.79693,0.79642,0.79656,738,2,0
2025-09-15 10:15:00,0.79656,0.79658,0.79637,0.79648,478,2,0
2025-09-15 10:30:00,0.79648,0.79648,0.79601,0.79626,457,2,0
2025-09-15 10:45:00,0.79626,0.7966,0.79626,0.7964,612,2,0
2025-09-15 11:00:00,0.7964,0.79647,0.79632,0.79638,493,2,0
2025-09-15 11:15:00,0.79638,0.79639,0.79571,0.79608,485,2,0
2025-09-15 11:30:00,0.79608,0.79647,0.79581,0.79643,538,2,0
2025-09-15 11:45:00,0.79643,0.79645,0.796,0.79614,409,2,0
2025-09-15 12:00:00,0.79614,0.79616,0.79577,0.79578,427,2,0
2025-09-15 12:15:00,0.79578,0.79594,0.79539,0.79541,436,2,0
2025-09-15 12:30:00,0.79541,0.79553,0.7952,0.79549,453,2,0
2025-09-15 12:45:00,0.79549,0.79565,0.79537,0.79546,319,2,0
2025-09-15 13:00:00,0.79547,0.79547,0.79499,0.7954,517,2,0
2025-09-15 13:15:00,0.7954,0.79544,0.79457,0.79474,611,2,0
2025-09-15 13:30:00,0.79474,0.79487,0.79463,0.79483,463,2,0
2025-09-15 13:45:00,0.79483,0.7951,0.79483,0.79499,413,2,0
2025-09-15 14:00:00,0.79498,0.79542,0.79485,0.79516,464,2,0
2025-09-15 14:15:00,0.79516,0.79527,0.79504,0.79511,358,2,0
2025-09-15 14:30:00,0.79511,0.79536,0.79481,0.79532,435,2,0
2025-09-15 14:45:00,0.79532,0.79533,0.79477,0.7949,530,2,0
2025-09-15 15:00:00,0.79489,0.79499,0.79454,0.79496,647,2,0
2025-09-15 15:15:00,0.79496,0.795,0.79455,0.79494,650,2,0
2025-09-15 15:30:00,0.79493,0.79504,0.79438,0.79477,838,2,0
2025-09-15 15:45:00,0.79477,0.79492,0.79465,0.79477,478,2,0
2025-09-15 16:00:00,0.79477,0.79531,0.79463,0.79502,878,2,0
2025-09-15 16:15:00,0.79502,0.7956,0.79502,0.79526,781,2,0
2025-09-15 16:30:00,0.79526,0.79545,0.79475,0.79479,775,2,0
2025-09-15 16:45:00,0.79479,0.79525,0.79464,0.79499,708,2,0
2025-09-15 17:00:00,0.795,0.79534,0.79493,0.79521,743,2,0
2025-09-15 17:15:00,0.79521,0.79544,0.79512,0.79527,627,2,0
2025-09-15 17:30:00,0.79528,0.79541,0.79491,0.79522,717,2,0
2025-09-15 17:45:00,0.79522,0.79531,0.79471,0.79478,739,2,0
2025-09-15 18:00:00,0.7948,0.79487,0.79443,0.79462,708,2,0
2025-09-15 18:15:00,0.79462,0.79469,0.79422,0.79433,539,2,0
2025-09-15 18:30:00,0.79434,0.79448,0.79419,0.79443,413,2,0
2025-09-15 18:45:00,0.79443,0.79446,0.79371,0.7938,542,2,0
2025-09-15 19:00:00,0.79378,0.79419,0.79362,0.79419,598,2,0
2025-09-15 19:15:00,0.79419,0.79458,0.79411,0.79457,555,2,0
2025-09-15 19:30:00,0.79457,0.79469,0.79426,0.79429,437,2,0
2025-09-15 19:45:00,0.79429,0.79472,0.79428,0.79463,487,2,0
2025-09-15 20:00:00,0.79463,0.79467,0.79439,0.79454,454,2,0
2025-09-15 20:15:00,0.79454,0.79468,0.7944,0.79443,332,2,0
2025-09-15 20:30:00,0.79443,0.79443,0.79413,0.79422,402,2,0
2025-09-15 20:45:00,0.79423,0.79423,0.79388,0.79392,406,2,0
2025-09-15 21:00:00,0.79392,0.79406,0.79383,0.79405,430,2,0
2025-09-15 21:15:00,0.79405,0.79417,0.794,0.79406,343,2,0
2025-09-15 21:30:00,0.79406,0.79424,0.79399,0.79412,387,2,0
2025-09-15 21:45:00,0.79412,0.79435,0.79412,0.79417,400,2,0
2025-09-15 22:00:00,0.79417,0.79417,0.79399,0.79413,306,2,0
2025-09-15 22:15:00,0.79413,0.79423,0.79409,0.79414,299,2,0
2025-09-15 22:30:00,0.79414,0.79425,0.79401,0.7942,265,2,0
2025-09-15 22:45:00,0.7942,0.79445,0.79418,0.79435,439,2,0
2025-09-15 23:00:00,0.79434,0.79444,0.79422,0.79428,222,2,0
2025-09-15 23:15:00,0.79428,0.79444,0.79421,0.79443,170,2,0
2025-09-15 23:30:00,0.79443,0.79461,0.79443,0.79454,208,2,0
2025-09-15 23:45:00,0.79454,0.79474,0.79445,0.79448,324,12,0
2025-09-16 00:00:00,0.79382,0.79409,0.79377,0.79404,23,100,0
2025-09-16 00:15:00,0.79404,0.79405,0.79376,0.79383,57,104,0
2025-09-16 00:30:00,0.79383,0.7942,0.79382,0.79419,203,61,0
2025-09-16 00:45:00,0.79419,0.79425,0.79408,0.79409,153,61,0
2025-09-16 01:00:00,0.79409,0.79474,0.79409,0.79463,310,2,0
2025-09-16 01:15:00,0.79461,0.79472,0.79456,0.79459,622,2,0
2025-09-16 01:30:00,0.79459,0.79467,0.79458,0.79465,459,2,0
2025-09-16 01:45:00,0.79465,0.79477,0.79464,0.79471,489,2,0
2025-09-16 02:00:00,0.79469,0.79473,0.7946,0.79466,260,2,0
2025-09-16 02:15:00,0.79466,0.79468,0.79452,0.79455,142,2,0
2025-09-16 02:30:00,0.79455,0.79468,0.79453,0.79465,411,2,0
2025-09-16 02:45:00,0.79464,0.79473,0.79456,0.79472,393,2,0
2025-09-16 03:00:00,0.79472,0.79479,0.79452,0.79471,408,2,0
2025-09-16 03:15:00,0.79471,0.79479,0.79458,0.79474,399,2,0
2025-09-16 03:30:00,0.79471,0.79479,0.79462,0.79474,508,2,0
2025-09-16 03:45:00,0.79474,0.79477,0.7944,0.79445,409,2,0
2025-09-16 04:00:00,0.79445,0.79461,0.79436,0.79452,328,2,0
2025-09-16 04:15:00,0.79452,0.79481,0.79451,0.79477,439,2,0
2025-09-16 04:30:00,0.79477,0.79483,0.79442,0.79458,437,2,0
2025-09-16 04:45:00,0.79458,0.79458,0.7942,0.79435,619,2,0
2025-09-16 05:00:00,0.79435,0.79435,0.79398,0.79416,500,2,0
2025-09-16 05:15:00,0.79416,0.79419,0.79386,0.794,606,2,0
2025-09-16 05:30:00,0.79399,0.7941,0.79389,0.79402,296,2,0
2025-09-16 05:45:00,0.79402,0.79405,0.79377,0.7938,324,2,0
2025-09-16 06:00:00,0.7938,0.79394,0.79362,0.79388,311,2,0
2025-09-16 06:15:00,0.79388,0.79391,0.79359,0.7937,399,2,0
2025-09-16 06:30:00,0.7937,0.7937,0.79325,0.79328,396,2,0
2025-09-16 06:45:00,0.79329,0.79379,0.79326,0.79364,367,2,0
2025-09-16 07:00:00,0.79364,0.79387,0.79359,0.79375,360,2,0
2025-09-16 07:15:00,0.79375,0.79382,0.79367,0.79379,404,2,0
2025-09-16 07:30:00,0.79378,0.79394,0.79366,0.79382,347,2,0
2025-09-16 07:45:00,0.79382,0.79384,0.79366,0.79369,484,2,0
2025-09-16 08:00:00,0.79369,0.79374,0.79351,0.79357,450,2,0
2025-09-16 08:15:00,0.79357,0.7936,0.79341,0.79352,335,2,0
2025-09-16 08:30:00,0.79352,0.79371,0.79344,0.79361,494,2,0
2025-09-16 08:45:00,0.79361,0.79382,0.79341,0.79348,561,2,0
2025-09-16 09:00:00,0.79348,0.79354,0.79312,0.79322,562,2,0
2025-09-16 09:15:00,0.79322,0.79323,0.79259,0.79291,625,2,0
2025-09-16 09:30:00,0.79291,0.79295,0.79251,0.79258,675,2,0
2025-09-16 09:45:00,0.79258,0.79286,0.79248,0.79253,625,2,0
2025-09-16 10:00:00,0.79252,0.79253,0.79192,0.79197,884,2,0
2025-09-16 10:15:00,0.79197,0.79203,0.79165,0.79173,765,2,0
2025-09-16 10:30:00,0.79173,0.79241,0.79164,0.79217,753,2,0
2025-09-16 10:45:00,0.79217,0.79221,0.79172,0.79209,740,2,0
2025-09-16 11:00:00,0.7921,0.7924,0.79195,0.7921,611,2,0
2025-09-16 11:15:00,0.7921,0.79241,0.79176,0.79229,717,2,0
2025-09-16 11:30:00,0.7923,0.79267,0.79228,0.79238,655,0,0
2025-09-16 11:45:00,0.79236,0.79243,0.79195,0.79221,505,2,0
2025-09-16 12:00:00,0.79221,0.79222,0.79138,0.79159,801,2,0
2025-09-16 12:15:00,0.79158,0.79165,0.79118,0.79151,701,2,0
2025-09-16 12:30:00,0.79151,0.79153,0.7911,0.79113,632,2,0
2025-09-16 12:45:00,0.79113,0.79128,0.79072,0.79122,869,2,0
2025-09-16 13:00:00,0.79117,0.7916,0.79113,0.79149,713,2,0
2025-09-16 13:15:00,0.79149,0.79159,0.79115,0.79119,601,2,0
2025-09-16 13:30:00,0.79119,0.79148,0.79089,0.79138,517,2,0
2025-09-16 13:45:00,0.79138,0.79148,0.79107,0.79117,375,2,0
2025-09-16 14:00:00,0.79117,0.79139,0.79095,0.7913,537,2,0
2025-09-16 14:15:00,0.7913,0.79137,0.79112,0.79136,390,2,0
2025-09-16 14:30:00,0.79136,0.79136,0.79045,0.79052,423,2,0
2025-09-16 14:45:00,0.79052,0.79067,0.79002,0.79028,553,2,0
2025-09-16 15:00:00,0.79028,0.79101,0.79011,0.79093,606,2,0
2025-09-16 15:15:00,0.79093,0.79141,0.79073,0.7911,574,2,0
2025-09-16 15:30:00,0.79112,0.79217,0.79095,0.79131,1241,2,0
2025-09-16 15:45:00,0.79131,0.79145,0.79083,0.79088,976,2,0
2025-09-16 16:00:00,0.79086,0.79096,0.79021,0.79036,858,2,0
2025-09-16 16:15:00,0.79036,0.79043,0.78941,0.78955,735,2,0
2025-09-16 16:30:00,0.78955,0.78967,0.78867,0.78915,933,2,0
2025-09-16 16:45:00,0.78915,0.78945,0.78866,0.78901,886,2,0
2025-09-16 17:00:00,0.78901,0.78917,0.788,0.78801,1048,2,0
2025-09-16 17:15:00,0.78801,0.7883,0.7874,0.78783,1047,2,0
2025-09-16 17:30:00,0.78783,0.78822,0.78748,0.78789,936,2,0
2025-09-16 17:45:00,0.78789,0.78814,0.78755,0.78761,706,2,0
2025-09-16 18:00:00,0.7876,0.78823,0.78749,0.78816,754,2,0
2025-09-16 18:15:00,0.78816,0.78835,0.78772,0.78822,590,2,0
2025-09-16 18:30:00,0.78822,0.78858,0.78819,0.78844,447,2,0
2025-09-16 18:45:00,0.78844,0.78846,0.7877,0.7877,455,2,0
2025-09-16 19:00:00,0.78771,0.78774,0.78731,0.78731,431,2,0
2025-09-16 19:15:00,0.78729,0.78736,0.78671,0.78693,446,2,0
2025-09-16 19:30:00,0.78693,0.78693,0.78637,0.78638,463,2,0
2025-09-16 19:45:00,0.78638,0.78661,0.78626,0.7863,408,2,0
2025-09-16 20:00:00,0.7863,0.78635,0.78558,0.78558,460,2,0
2025-09-16 20:15:00,0.7856,0.78608,0.78556,0.78607,511,2,0
2025-09-16 20:30:00,0.78607,0.78656,0.7859,0.7865,478,2,0
2025-09-16 20:45:00,0.7865,0.78655,0.78613,0.78623,543,2,0
2025-09-16 21:00:00,0.78623,0.78637,0.78583,0.78586,455,2,0
2025-09-16 21:15:00,0.78586,0.78605,0.78578,0.78593,399,2,0
2025-09-16 21:30:00,0.78593,0.78649,0.78589,0.78637,423,2,0
2025-09-16 21:45:00,0.78637,0.7865,0.78616,0.78617,404,2,0
2025-09-16 22:00:00,0.78617,0.78639,0.78609,0.78617,290,2,0
2025-09-16 22:15:00,0.78617,0.78644,0.78616,0.7864,259,2,0
2025-09-16 22:30:00,0.7864,0.78665,0.78636,0.78652,343,2,0
2025-09-16 22:45:00,0.78652,0.78654,0.78634,0.78635,322,2,0
2025-09-16 23:00:00,0.78635,0.78646,0.7862,0.78625,194,2,0
2025-09-16 23:15:00,0.78625,0.78627,0.78592,0.78614,186,2,0
2025-09-16 23:30:00,0.78613,0.78619,0.7861,0.78615,198,2,0
2025-09-16 23:45:00,0.78614,0.7862,0.78529,0.78555,545,12,0
2025-09-17 00:00:00,0.78543,0.78593,0.78514,0.78538,101,100,0
2025-09-17 00:15:00,0.78538,0.78595,0.78538,0.7859,110,96,0
2025-09-17 00:30:00,0.78589,0.78599,0.78589,0.78595,182,80,0
2025-09-17 00:45:00,0.78595,0.78603,0.78588,0.78596,150,70,0
2025-09-17 01:00:00,0.78596,0.78624,0.7858,0.7862,249,2,0
2025-09-17 01:15:00,0.7862,0.78621,0.78608,0.78609,482,2,0
2025-09-17 01:30:00,0.78609,0.78612,0.78604,0.78612,115,2,0
2025-09-17 01:45:00,0.78612,0.78637,0.78612,0.78625,236,2,0
2025-09-17 02:00:00,0.78625,0.78629,0.7861,0.78611,324,2,0
2025-09-17 02:15:00,0.78611,0.78612,0.78592,0.78593,174,2,0
2025-09-17 02:30:00,0.78593,0.78602,0.78586,0.78599,123,2,0
2025-09-17 02:45:00,0.78599,0.786,0.78587,0.78597,212,2,0
2025-09-17 03:00:00,0.78596,0.78626,0.7858,0.78586,515,2,0
2025-09-17 03:15:00,0.78586,0.7861,0.78578,0.78606,375,2,0
2025-09-17 03:30:00,0.78606,0.78651,0.78602,0.78651,390,2,0
2025-09-17 03:45:00,0.78651,0.78669,0.78643,0.78664,489,2,0
2025-09-17 04:00:00,0.78664,0.78682,0.78659,0.78668,387,2,0
2025-09-17 04:15:00,0.78668,0.78697,0.78667,0.78696,401,2,0
2025-09-17 04:30:00,0.78696,0.78715,0.78689,0.78695,391,2,0
2025-09-17 04:45:00,0.78695,0.78699,0.7867,0.78681,275,2,0
2025-09-17 05:00:00,0.78681,0.78696,0.78676,0.78681,297,2,0
2025-09-17 05:15:00,0.78681,0.78684,0.7866,0.78674,211,2,0
2025-09-17 05:30:00,0.78674,0.78687,0.78666,0.78669,181,2,0
2025-09-17 05:45:00,0.78669,0.78679,0.78661,0.78673,205,2,0
2025-09-17 06:00:00,0.78673,0.78695,0.78671,0.78685,177,2,0
2025-09-17 06:15:00,0.78685,0.78694,0.78679,0.78692,142,2,0
2025-09-17 06:30:00,0.78692,0.78709,0.78681,0.78705,187,2,0
2025-09-17 06:45:00,0.78705,0.78712,0.78701,0.78701,124,2,0
2025-09-17 07:00:00,0.78701,0.78714,0.78696,0.78714,154,2,0
2025-09-17 07:15:00,0.78714,0.78716,0.78685,0.78686,146,2,0
2025-09-17 07:30:00,0.78687,0.78708,0.78687,0.78698,128,2,0
2025-09-17 07:45:00,0.78698,0.78704,0.78695,0.78702,127,2,0
2025-09-17 08:00:00,0.78701,0.78703,0.78669,0.78682,193,2,0
2025-09-17 08:15:00,0.78682,0.78693,0.78681,0.78689,149,2,0
2025-09-17 08:30:00,0.78689,0.78725,0.78685,0.78724,200,2,0
2025-09-17 08:45:00,0.78724,0.78725,0.787,0.78703,272,2,0
2025-09-17 09:00:00,0.78698,0.78737,0.78692,0.78737,449,2,0
2025-09-17 09:15:00,0.78737,0.78737,0.78697,0.78704,264,2,0
2025-09-17 09:30:00,0.78704,0.78742,0.78697,0.78737,352,2,0
2025-09-17 09:45:00,0.78737,0.78746,0.78688,0.7869,403,2,0
2025-09-17 10:00:00,0.7869,0.78743,0.78678,0.78727,581,2,0
2025-09-17 10:15:00,0.78727,0.78768,0.78722,0.78753,448,2,0
2025-09-17 10:30:00,0.78753,0.7877,0.78742,0.7875,395,2,0
2025-09-17 10:45:00,0.7875,0.78776,0.78733,0.78774,343,2,0
2025-09-17 11:00:00,0.78775,0.78788,0.78755,0.78768,349,2,0
2025-09-17 11:15:00,0.78767,0.7877,0.78724,0.78727,259,2,0
2025-09-17 11:30:00,0.78727,0.78751,0.78694,0.78697,320,2,0
2025-09-17 11:45:00,0.78697,0.78698,0.7866,0.78692,456,2,0
2025-09-17 12:00:00,0.78691,0.787,0.78657,0.78669,352,2,0
2025-09-17 12:15:00,0.78669,0.78684,0.78658,0.78675,234,2,0
2025-09-17 12:30:00,0.78675,0.78694,0.78657,0.78659,263,2,0
2025-09-17 12:45:00,0.78659,0.78659,0.78628,0.78653,302,2,0
2025-09-17 13:00:00,0.78653,0.78748,0.78653,0.78731,466,2,0
2025-09-17 13:15:00,0.78731,0.78736,0.78706,0.78706,276,2,0
2025-09-17 13:30:00,0.78706,0.78712,0.78642,0.78643,235,2,0
2025-09-17 13:45:00,0.78643,0.78706,0.78638,0.78684,376,2,0
2025-09-17 14:00:00,0.78684,0.78688,0.78641,0.78658,320,2,0
2025-09-17 14:15:00,0.78658,0.78695,0.78656,0.7868,423,2,0
2025-09-17 14:30:00,0.78679,0.78706,0.78642,0.7865,339,2,0
2025-09-17 14:45:00,0.7865,0.78678,0.78632,0.78676,320,2,0
2025-09-17 15:00:00,0.78676,0.78745,0.78675,0.78744,461,2,0
2025-09-17 15:15:00,0.78744,0.78765,0.78715,0.78764,421,2,0
2025-09-17 15:30:00,0.78764,0.78766,0.78694,0.78696,435,2,0
2025-09-17 15:45:00,0.78696,0.78724,0.78675,0.7869,424,2,0
2025-09-17 16:00:00,0.7869,0.78703,0.78664,0.78694,461,2,0
2025-09-17 16:15:00,0.78694,0.78716,0.78694,0.78708,312,2,0
2025-09-17 16:30:00,0.78708,0.78721,0.78661,0.78667,383,2,0
2025-09-17 16:45:00,0.78667,0.78707,0.78649,0.78678,665,2,0
2025-09-17 17:00:00,0.78678,0.78698,0.78643,0.78649,663,2,0
2025-09-17 17:15:00,0.78649,0.78654,0.78587,0.78613,517,2,0
2025-09-17 17:30:00,0.78614,0.78666,0.78611,0.78645,491,2,0
2025-09-17 17:45:00,0.78645,0.78682,0.78643,0.78682,541,2,0
2025-09-17 18:00:00,0.78682,0.787,0.78665,0.78673,428,2,0
2025-09-17 18:15:00,0.78674,0.78685,0.78654,0.78672,298,2,0
2025-09-17 18:30:00,0.78672,0.78707,0.78671,0.78697,303,2,0
2025-09-17 18:45:00,0.78697,0.78718,0.78695,0.78716,331,2,0
2025-09-17 19:00:00,0.78716,0.78721,0.78705,0.78715,318,2,0
2025-09-17 19:15:00,0.78715,0.78717,0.78667,0.78671,326,2,0
2025-09-17 19:30:00,0.78672,0.7869,0.78666,0.7869,309,2,0
2025-09-17 19:45:00,0.78688,0.78715,0.78675,0.78697,352,2,0
2025-09-17 20:00:00,0.78697,0.78733,0.78696,0.78726,355,2,0
2025-09-17 20:15:00,0.78726,0.78738,0.78713,0.78717,442,2,0
2025-09-17 20:30:00,0.78717,0.78722,0.78694,0.78721,351,2,0
2025-09-17 20:45:00,0.7872,0.7872,0.78637,0.78645,466,2,0
2025-09-17 21:00:00,0.78627,0.78648,0.78292,0.78389,3216,2,0
2025-09-17 21:15:00,0.7839,0.78455,0.78301,0.78448,2533,2,0
2025-09-17 21:30:00,0.78447,0.78777,0.78434,0.78734,3879,2,0
2025-09-17 21:45:00,0.78733,0.78937,0.78729,0.78858,2879,2,0
2025-09-17 22:00:00,0.78855,0.78887,0.78708,0.7884,2362,2,0
2025-09-17 22:15:00,0.7884,0.78848,0.78702,0.78753,1890,1,0
2025-09-17 22:30:00,0.78754,0.78837,0.78754,0.78814,1271,2,0
2025-09-17 22:45:00,0.78814,0.78877,0.78813,0.78847,1005,2,0
2025-09-17 23:00:00,0.78844,0.7886,0.78832,0.78856,513,2,0
2025-09-17 23:15:00,0.78856,0.7892,0.78855,0.78909,585,2,0
2025-09-17 23:30:00,0.78909,0.78922,0.78875,0.78882,425,2,0
2025-09-17 23:45:00,0.78882,0.78901,0.7886,0.7886,306,12,0
2025-09-18 00:00:00,0.78835,0.78835,0.78764,0.78785,33,81,0
2025-09-18 00:15:00,0.78785,0.78838,0.78761,0.78783,156,74,0
2025-09-18 00:30:00,0.78789,0.78841,0.78776,0.78833,350,109,0
2025-09-18 00:45:00,0.78833,0.78841,0.78804,0.7883,405,90,0
2025-09-18 01:00:00,0.7883,0.78891,0.78821,0.78864,261,2,0
2025-09-18 01:15:00,0.78865,0.78877,0.7885,0.78855,400,2,0
2025-09-18 01:30:00,0.78855,0.78865,0.78848,0.7885,409,2,0
2025-09-18 01:45:00,0.7885,0.78889,0.78846,0.78863,457,2,0
2025-09-18 02:00:00,0.78864,0.7887,0.78837,0.78849,398,2,0
2025-09-18 02:15:00,0.78848,0.7886,0.7884,0.78841,242,2,0
2025-09-18 02:30:00,0.78841,0.78851,0.7882,0.78824,227,2,0
2025-09-18 02:45:00,0.78824,0.78841,0.78821,0.7884,282,2,0
2025-09-18 03:00:00,0.78841,0.78912,0.78834,0.78892,520,2,0
2025-09-18 03:15:00,0.78893,0.78906,0.78855,0.78869,539,2,0
2025-09-18 03:30:00,0.78869,0.78882,0.78855,0.78871,509,2,0
2025-09-18 03:45:00,0.78871,0.78888,0.78841,0.78862,543,2,0
2025-09-18 04:00:00,0.78861,0.78925,0.78835,0.78924,697,2,0
2025-09-18 04:15:00,0.78924,0.78965,0.78913,0.78919,547,2,0
2025-09-18 04:30:00,0.78919,0.78949,0.78905,0.78929,810,2,0
2025-09-18 04:45:00,0.78929,0.78971,0.78925,0.78941,623,2,0
2025-09-18 05:00:00,0.7894,0.78955,0.78933,0.78946,226,2,0
2025-09-18 05:15:00,0.78946,0.78949,0.7891,0.78913,271,2,0
2025-09-18 05:30:00,0.78913,0.78934,0.78911,0.78926,239,2,0
2025-09-18 05:45:00,0.78926,0.7893,0.78908,0.78913,213,2,0
2025-09-18 06:00:00,0.78913,0.78924,0.78884,0.78907,282,2,0
2025-09-18 06:15:00,0.78907,0.78939,0.78907,0.7893,327,2,0
2025-09-18 06:30:00,0.7893,0.78964,0.7893,0.78962,233,2,0
2025-09-18 06:45:00,0.78962,0.78973,0.78957,0.78972,244,2,0
2025-09-18 07:00:00,0.78972,0.78988,0.7897,0.78974,249,2,0
2025-09-18 07:15:00,0.78974,0.78988,0.78958,0.78984,229,2,0
2025-09-18 07:30:00,0.78984,0.79025,0.78982,0.79006,268,2,0
2025-09-18 07:45:00,0.79005,0.79079,0.79004,0.79066,323,2,0
2025-09-18 08:00:00,0.79066,0.79105,0.79057,0.79094,351,2,0
2025-09-18 08:15:00,0.79094,0.79094,0.79032,0.79038,279,2,0
2025-09-18 08:30:00,0.79038,0.79066,0.79022,0.7906,385,2,0
2025-09-18 08:45:00,0.79061,0.79098,0.79054,0.79068,442,2,0
2025-09-18 09:00:00,0.79067,0.79153,0.79049,0.79147,681,2,0
2025-09-18 09:15:00,0.79147,0.79147,0.79084,0.79128,564,2,0
2025-09-18 09:30:00,0.79128,0.79144,0.79071,0.79075,570,2,0
2025-09-18 09:45:00,0.79076,0.79145,0.7907,0.79127,529,2,0
2025-09-18 10:00:00,0.79127,0.79131,0.78989,0.78993,776,2,0
2025-09-18 10:15:00,0.78993,0.78997,0.78944,0.78948,660,2,0
2025-09-18 10:30:00,0.78948,0.78973,0.78865,0.78868,657,2,0
2025-09-18 10:45:00,0.78868,0.78895,0.78832,0.78881,664,2,0
2025-09-18 11:00:00,0.78881,0.78912,0.78859,0.78896,723,2,0
2025-09-18 11:15:00,0.78896,0.78933,0.78889,0.78904,570,2,0
2025-09-18 11:30:00,0.78904,0.78924,0.7888,0.78894,632,2,0
2025-09-18 11:45:00,0.78894,0.78921,0.78878,0.7891,654,2,0
2025-09-18 12:00:00,0.7891,0.78921,0.78826,0.78826,652,2,0
2025-09-18 12:15:00,0.78827,0.7885,0.78796,0.78808,407,2,0
2025-09-18 12:30:00,0.78809,0.78823,0.78714,0.7873,576,2,0
2025-09-18 12:45:00,0.7873,0.78795,0.78721,0.78783,766,2,0
2025-09-18 13:00:00,0.78782,0.78838,0.78759,0.78838,840,2,0
2025-09-18 13:15:00,0.78838,0.78856,0.78798,0.78828,765,2,0
2025-09-18 13:30:00,0.78831,0.78838,0.78794,0.78833,428,2,0
2025-09-18 13:45:00,0.78833,0.78833,0.78773,0.78804,513,2,0
2025-09-18 14:00:00,0.78804,0.78875,0.78798,0.7884,919,2,0
2025-09-18 14:15:00,0.7884,0.78914,0.78838,0.789,780,2,0
2025-09-18 14:30:00,0.789,0.78937,0.78844,0.78927,861,2,0
2025-09-18 14:45:00,0.78927,0.78949,0.78861,0.78897,789,2,0
2025-09-18 15:00:00,0.78895,0.78968,0.78883,0.78964,900,2,0
2025-09-18 15:15:00,0.78963,0.78976,0.789,0.78901,679,2,0
2025-09-18 15:30:00,0.78901,0.79057,0.78901,0.79023,1549,2,0
2025-09-18 15:45:00,0.79023,0.79106,0.79023,0.79104,1085,2,0
2025-09-18 16:00:00,0.79105,0.79161,0.79102,0.79125,1285,2,0
2025-09-18 16:15:00,0.79125,0.79207,0.79108,0.79184,973,2,0
2025-09-18 16:30:00,0.79184,0.79377,0.79179,0.79373,1630,2,0
2025-09-18 16:45:00,0.79373,0.79379,0.79271,0.79278,1767,2,0
2025-09-18 17:00:00,0.79277,0.79304,0.79194,0.79225,1660,2,0
2025-09-18 17:15:00,0.79224,0.79244,0.79196,0.79208,1187,2,0
2025-09-18 17:30:00,0.79208,0.79262,0.7917,0.79258,1302,2,0
2025-09-18 17:45:00,0.7926,0.79265,0.79167,0.79235,1363,2,0
2025-09-18 18:00:00,0.79235,0.79248,0.79172,0.79215,1121,2,0
2025-09-18 18:15:00,0.79215,0.79227,0.79152,0.79188,1131,2,0
2025-09-18 18:30:00,0.79188,0.79294,0.7918,0.79288,697,2,0
2025-09-18 18:45:00,0.79288,0.79329,0.79271,0.79277,665,2,0
2025-09-18 19:00:00,0.79277,0.79308,0.79234,0.79284,867,2,0
2025-09-18 19:15:00,0.79284,0.79307,0.7925,0.79278,636,2,0
2025-09-18 19:30:00,0.79275,0.79297,0.79265,0.79276,571,2,0
2025-09-18 19:45:00,0.79276,0.7928,0.79228,0.79232,564,2,0
2025-09-18 20:00:00,0.79232,0.79243,0.79199,0.79212,575,2,0
2025-09-18 20:15:00,0.79212,0.7923,0.79202,0.79212,503,2,0
2025-09-18 20:30:00,0.79211,0.79213,0.79189,0.792,578,2,0
2025-09-18 20:45:00,0.792,0.79247,0.79197,0.79237,629,2,0
2025-09-18 21:00:00,0.79238,0.79267,0.79224,0.7923,565,2,0
2025-09-18 21:15:00,0.7923,0.79256,0.79224,0.79236,490,2,0
2025-09-18 21:30:00,0.79236,0.7927,0.7923,0.79269,441,2,0
2025-09-18 21:45:00,0.79269,0.79272,0.79216,0.79228,487,2,0
2025-09-18 22:00:00,0.79227,0.79232,0.79202,0.79212,398,2,0
2025-09-18 22:15:00,0.79212,0.79243,0.7921,0.7924,330,2,0
2025-09-18 22:30:00,0.7924,0.79287,0.79235,0.79271,338,2,0
2025-09-18 22:45:00,0.79271,0.79286,0.7926,0.79274,271,2,0
2025-09-18 23:00:00,0.79271,0.79294,0.79271,0.79276,373,2,0
2025-09-18 23:15:00,0.79276,0.79276,0.79265,0.79274,111,2,0
2025-09-18 23:30:00,0.79274,0.79283,0.79251,0.79261,323,2,0
2025-09-18 23:45:00,0.79261,0.79285,0.79234,0.79234,296,12,0
2025-09-19 00:00:00,0.79196,0.7926,0.79129,0.79222,76,78,0
2025-09-19 00:15:00,0.79222,0.79242,0.79079,0.79124,260,72,0
2025-09-19 00:30:00,0.7914,0.79208,0.79108,0.79193,857,100,0
2025-09-19 00:45:00,0.79193,0.79209,0.79152,0.79167,624,132,0
2025-09-19 01:00:00,0.79167,0.79288,0.79167,0.79265,600,2,0
2025-09-19 01:15:00,0.79271,0.79298,0.79257,0.79269,1751,2,0
2025-09-19 01:30:00,0.79269,0.79269,0.79244,0.7926,1437,2,0
2025-09-19 01:45:00,0.7926,0.79266,0.7925,0.79258,542,2,0
2025-09-19 02:00:00,0.79258,0.7926,0.79238,0.79253,783,2,0
2025-09-19 02:15:00,0.79254,0.79259,0.79244,0.79247,499,2,0
2025-09-19 02:30:00,0.79245,0.79262,0.79242,0.7925,498,2,0
2025-09-19 02:45:00,0.7925,0.79258,0.79241,0.79254,365,2,0
2025-09-19 03:00:00,0.79254,0.79322,0.79238,0.79316,1062,2,0
2025-09-19 03:15:00,0.79316,0.79323,0.79297,0.79299,613,2,0
2025-09-19 03:30:00,0.79297,0.793,0.79277,0.79284,608,2,0
2025-09-19 03:45:00,0.79284,0.79296,0.79231,0.79245,851,2,0
2025-09-19 04:00:00,0.79245,0.79306,0.79234,0.793,766,2,0
2025-09-19 04:15:00,0.793,0.79322,0.79291,0.79306,754,2,0
2025-09-19 04:30:00,0.79305,0.79313,0.79275,0.79301,701,2,0
2025-09-19 04:45:00,0.79301,0.79333,0.793,0.79321,806,2,0
2025-09-19 05:00:00,0.79321,0.79346,0.79313,0.79334,777,2,0
2025-09-19 05:15:00,0.79334,0.79343,0.79323,0.79332,556,2,0
2025-09-19 05:30:00,0.79332,0.79344,0.79305,0.79316,679,2,0
2025-09-19 05:45:00,0.79316,0.79332,0.79314,0.7932,586,2,0
2025-09-19 06:00:00,0.79321,0.79321,0.79287,0.79295,719,2,0
2025-09-19 06:15:00,0.79295,0.79296,0.79239,0.79246,959,2,0
2025-09-19 06:30:00,0.79246,0.79261,0.79237,0.7926,632,1,0
2025-09-19 06:45:00,0.7926,0.79287,0.79224,0.79261,1340,2,0
2025-09-19 07:00:00,0.7926,0.7926,0.79206,0.79236,991,2,0
2025-09-19 07:15:00,0.79235,0.79286,0.79225,0.79275,939,2,0
2025-09-19 07:30:00,0.79275,0.79328,0.79274,0.79309,715,2,0
2025-09-19 07:45:00,0.79309,0.79329,0.79296,0.79302,647,2,0
2025-09-19 08:00:00,0.79302,0.79306,0.79281,0.79288,577,2,0
2025-09-19 08:15:00,0.79288,0.79293,0.79274,0.79277,455,2,0
2025-09-19 08:30:00,0.79277,0.7931,0.79267,0.79293,531,2,0
2025-09-19 08:45:00,0.79293,0.79318,0.79281,0.79306,533,2,0
2025-09-19 09:00:00,0.79314,0.7937,0.79309,0.79342,819,2,0
2025-09-19 09:15:00,0.79343,0.7939,0.79343,0.79379,646,2,0
2025-09-19 09:30:00,0.79379,0.79421,0.79314,0.79367,1306,2,0
2025-09-19 09:45:00,0.79367,0.79425,0.79351,0.79419,1238,2,0
2025-09-19 10:00:00,0.79418,0.7948,0.79405,0.79432,1250,2,0
2025-09-19 10:15:00,0.79432,0.79441,0.79365,0.79381,1067,2,0
2025-09-19 10:30:00,0.79383,0.79399,0.79335,0.79398,789,2,0
2025-09-19 10:45:00,0.79398,0.7944,0.7938,0.7941,1037,2,0
2025-09-19 11:00:00,0.7941,0.79484,0.79403,0.79484,819,2,0
2025-09-19 11:15:00,0.79484,0.79508,0.79472,0.79481,663,0,0
2025-09-19 11:30:00,0.79481,0.79545,0.79448,0.79543,881,2,0
2025-09-19 11:45:00,0.79543,0.79555,0.79517,0.79525,682,1,0
2025-09-19 12:00:00,0.79525,0.7953,0.79468,0.79478,827,2,0
2025-09-19 12:15:00,0.79478,0.79481,0.79445,0.7947,496,2,0
2025-09-19 12:30:00,0.7947,0.79482,0.79448,0.79461,447,2,0
2025-09-19 12:45:00,0.79461,0.79517,0.79458,0.795,778,2,0
2025-09-19 13:00:00,0.79502,0.79506,0.79449,0.79483,636,2,0
2025-09-19 13:15:00,0.79484,0.79491,0.79455,0.79476,554,2,0
2025-09-19 13:30:00,0.79476,0.79503,0.79466,0.79496,442,2,0
2025-09-19 13:45:00,0.79496,0.7952,0.79483,0.79514,582,2,0
2025-09-19 14:00:00,0.79517,0.79579,0.79509,0.79567,688,2,0
2025-09-19 14:15:00,0.79567,0.79575,0.79548,0.79548,560,2,0
2025-09-19 14:30:00,0.79548,0.79576,0.79511,0.79565,729,2,0
2025-09-19 14:45:00,0.79566,0.79626,0.79559,0.7961,773,2,0
2025-09-19 15:00:00,0.7961,0.79626,0.79572,0.79586,987,2,0
2025-09-19 15:15:00,0.79585,0.79661,0.79574,0.79623,999,2,0
2025-09-19 15:30:00,0.79625,0.79652,0.79601,0.79617,1012,2,0
2025-09-19 15:45:00,0.79617,0.79661,0.79588,0.79594,929,2,0
2025-09-19 16:00:00,0.79593,0.79597,0.7947,0.79482,1087,2,0
2025-09-19 16:15:00,0.79484,0.7953,0.79447,0.79493,1103,2,0
2025-09-19 16:30:00,0.79491,0.7952,0.79462,0.79475,1257,2,0
2025-09-19 16:45:00,0.79474,0.79478,0.79414,0.79454,1068,2,0
2025-09-19 17:00:00,0.79455,0.79473,0.79434,0.79459,1125,2,0
2025-09-19 17:15:00,0.79459,0.79484,0.7943,0.79461,968,2,0
2025-09-19 17:30:00,0.79462,0.79484,0.79411,0.79429,825,2,0
2025-09-19 17:45:00,0.79427,0.79507,0.79427,0.79503,1444,2,0
2025-09-19 18:00:00,0.79503,0.79542,0.79498,0.79507,1141,2,0
2025-09-19 18:15:00,0.79507,0.79533,0.79503,0.79526,919,2,0
2025-09-19 18:30:00,0.79526,0.79554,0.79492,0.79509,877,2,0
2025-09-19 18:45:00,0.79509,0.79531,0.79485,0.7949,706,2,0
2025-09-19 19:00:00,0.79492,0.79521,0.79458,0.7952,666,2,0
2025-09-19 19:15:00,0.7952,0.79546,0.79509,0.79532,524,2,0
2025-09-19 19:30:00,0.79531,0.79541,0.79473,0.79477,700,2,0
2025-09-19 19:45:00,0.79478,0.79513,0.79471,0.79474,612,2,0
2025-09-19 20:00:00,0.79475,0.79511,0.7946,0.79507,602,2,0
2025-09-19 20:15:00,0.79507,0.79509,0.79477,0.79481,384,2,0
2025-09-19 20:30:00,0.79481,0.79525,0.79471,0.79523,468,2,0
2025-09-19 20:45:00,0.79523,0.79527,0.79495,0.79527,506,2,0
2025-09-19 21:00:00,0.79527,0.7954,0.79519,0.79531,490,2,0
2025-09-19 21:15:00,0.79531,0.79549,0.79526,0.79536,459,2,0
2025-09-19 21:30:00,0.79531,0.79549,0.79522,0.79546,438,2,0
2025-09-19 21:45:00,0.79547,0.79557,0.79535,0.79545,458,2,0
2025-09-19 22:00:00,0.79546,0.79551,0.79521,0.79538,382,2,0
2025-09-19 22:15:00,0.79539,0.79554,0.79538,0.79546,339,2,0
2025-09-19 22:30:00,0.79546,0.79561,0.79519,0.79524,322,2,0
2025-09-19 22:45:00,0.79524,0.79553,0.79511,0.79548,419,2,0
2025-09-19 23:00:00,0.79547,0.79565,0.79546,0.79564,381,2,0
2025-09-19 23:15:00,0.79564,0.79573,0.79551,0.79566,259,2,0
2025-09-19 23:30:00,0.79566,0.7958,0.79555,0.79556,305,2,0
2025-09-19 23:45:00,0.79556,0.7957,0.79522,0.79538,598,12,0
2025-09-22 00:00:00,0.79328,0.79332,0.79311,0.79318,66,300,0
2025-09-22 00:15:00,0.79318,0.7932,0.79301,0.79313,67,300,0
2025-09-22 00:30:00,0.79304,0.79445,0.79304,0.79417,1494,170,0
2025-09-22 00:45:00,0.79417,0.79463,0.79333,0.79441,581,162,0
2025-09-22 01:00:00,0.79441,0.79588,0.79441,0.79561,636,2,0
2025-09-22 01:15:00,0.79561,0.79585,0.79553,0.79582,891,2,0
2025-09-22 01:30:00,0.79581,0.79587,0.79572,0.79585,675,2,0
2025-09-22 01:45:00,0.79585,0.79599,0.7958,0.79594,720,2,0
2025-09-22 02:00:00,0.79594,0.79606,0.79583,0.79601,869,2,0
2025-09-22 02:15:00,0.79601,0.79607,0.79596,0.79606,351,2,0
2025-09-22 02:30:00,0.79606,0.7962,0.79595,0.79617,580,2,0
2025-09-22 02:45:00,0.79617,0.79632,0.79609,0.79626,886,2,0
2025-09-22 03:00:00,0.79627,0.79687,0.79627,0.79667,911,2,0
2025-09-22 03:15:00,0.79667,0.79687,0.7966,0.79666,406,2,0
2025-09-22 03:30:00,0.79666,0.79681,0.79658,0.79675,315,2,0
2025-09-22 03:45:00,0.79675,0.79704,0.79655,0.79656,583,2,0
2025-09-22 04:00:00,0.79656,0.79663,0.79606,0.79638,731,2,0
2025-09-22 04:15:00,0.79638,0.79652,0.79623,0.79651,482,2,0
2025-09-22 04:30:00,0.79651,0.79662,0.79623,0.79631,715,2,0
2025-09-22 04:45:00,0.79631,0.79659,0.79622,0.79655,645,2,0
2025-09-22 05:00:00,0.79655,0.79699,0.79648,0.79681,564,2,0
2025-09-22 05:15:00,0.79681,0.79706,0.79681,0.79698,437,2,0
2025-09-22 05:30:00,0.79699,0.79709,0.79678,0.79685,444,2,0
2025-09-22 05:45:00,0.79684,0.79706,0.7968,0.79706,671,2,0
2025-09-22 06:00:00,0.79706,0.79707,0.79671,0.79674,574,2,0
2025-09-22 06:15:00,0.79674,0.79689,0.79664,0.79684,593,2,0
2025-09-22 06:30:00,0.79684,0.79701,0.79681,0.7969,672,2,0
2025-09-22 06:45:00,0.7969,0.79702,0.79683,0.79698,405,2,0
2025-09-22 07:00:00,0.79698,0.79712,0.79691,0.79699,374,2,0
2025-09-22 07:15:00,0.79697,0.79726,0.79697,0.79724,645,2,0
2025-09-22 07:30:00,0.79724,0.79729,0.79717,0.79725,536,2,0
2025-09-22 07:45:00,0.79726,0.79727,0.79703,0.79707,553,2,0
2025-09-22 08:00:00,0.79707,0.79713,0.79695,0.79698,369,2,0
2025-09-22 08:15:00,0.79697,0.79705,0.79677,0.79685,378,2,0
2025-09-22 08:30:00,0.79683,0.79688,0.79664,0.79675,559,2,0
2025-09-22 08:45:00,0.79675,0.79676,0.79638,0.79641,428,2,0
2025-09-22 09:00:00,0.79645,0.79659,0.79628,0.79643,482,2,0
2025-09-22 09:15:00,0.79644,0.79652,0.79586,0.7959,515,2,0
2025-09-22 09:30:00,0.79592,0.79612,0.79572,0.79574,757,2,0
2025-09-22 09:45:00,0.79575,0.79596,0.79548,0.7958,749,2,0
2025-09-22 10:00:00,0.79581,0.79588,0.79542,0.7957,775,2,0
2025-09-22 10:15:00,0.7957,0.79574,0.79472,0.79487,639,2,0
2025-09-22 10:30:00,0.79487,0.7955,0.79486,0.79542,779,2,0
2025-09-22 10:45:00,0.79542,0.7957,0.79522,0.79569,612,2,0
2025-09-22 11:00:00,0.7957,0.79574,0.79465,0.79478,725,2,0
2025-09-22 11:15:00,0.79478,0.79481,0.79424,0.79445,722,2,0
2025-09-22 11:30:00,0.79444,0.79445,0.79411,0.79419,633,2,0
2025-09-22 11:45:00,0.79419,0.79432,0.79399,0.79419,545,2,0
2025-09-22 12:00:00,0.79419,0.79419,0.79388,0.79404,470,2,0
2025-09-22 12:15:00,0.79404,0.79471,0.79395,0.79458,471,2,0
2025-09-22 12:30:00,0.79457,0.79479,0.79441,0.79475,413,2,0
2025-09-22 12:45:00,0.79473,0.79476,0.79439,0.7944,338,2,0
2025-09-22 13:00:00,0.7944,0.79444,0.794,0.79406,495,2,0
2025-09-22 13:15:00,0.79406,0.79427,0.79339,0.79377,536,2,0
2025-09-22 13:30:00,0.79377,0.79397,0.79347,0.79372,505,2,0
2025-09-22 13:45:00,0.79372,0.7938,0.79352,0.79376,509,2,0
2025-09-22 14:00:00,0.79376,0.79391,0.79369,0.7939,393,2,0
2025-09-22 14:15:00,0.7939,0.79396,0.79371,0.79375,435,2,0
2025-09-22 14:30:00,0.79373,0.79373,0.7934,0.79358,463,0,0
2025-09-22 14:45:00,0.79358,0.79361,0.7931,0.7934,506,2,0
2025-09-22 15:00:00,0.79339,0.79349,0.79303,0.79346,793,2,0
2025-09-22 15:15:00,0.79346,0.79381,0.79338,0.79371,657,2,0
2025-09-22 15:30:00,0.79371,0.79379,0.79316,0.79333,701,2,0
2025-09-22 15:45:00,0.79333,0.79336,0.7928,0.79312,812,2,0
2025-09-22 16:00:00,0.7931,0.7937,0.79281,0.79302,1163,0,0
2025-09-22 16:15:00,0.79302,0.79321,0.79285,0.79309,728,2,0
2025-09-22 16:30:00,0.79307,0.794,0.79306,0.79395,961,2,0
2025-09-22 16:45:00,0.79395,0.79446,0.79372,0.79379,839,2,0
2025-09-22 17:00:00,0.7938,0.79416,0.79377,0.79392,762,2,0
2025-09-22 17:15:00,0.79392,0.79422,0.7936,0.79361,694,2,0
2025-09-22 17:30:00,0.79361,0.79424,0.7934,0.79387,621,1,0
2025-09-22 17:45:00,0.79387,0.79398,0.79348,0.79373,677,2,0
2025-09-22 18:00:00,0.79373,0.79401,0.79357,0.794,691,2,0
2025-09-22 18:15:00,0.794,0.79407,0.79342,0.79353,616,2,0
2025-09-22 18:30:00,0.79352,0.79387,0.79338,0.79375,590,2,0
2025-09-22 18:45:00,0.79374,0.79377,0.79346,0.79349,559,2,0
2025-09-22 19:00:00,0.7935,0.79362,0.79313,0.79316,524,2,0
2025-09-22 19:15:00,0.79316,0.79316,0.79279,0.79292,571,2,0
2025-09-22 19:30:00,0.79292,0.79303,0.79273,0.7928,446,2,0
2025-09-22 19:45:00,0.7928,0.79308,0.7928,0.79293,456,2,0
2025-09-22 20:00:00,0.79293,0.7931,0.79281,0.79305,393,2,0
2025-09-22 20:15:00,0.79305,0.79312,0.79295,0.79297,294,2,0
2025-09-22 20:30:00,0.79298,0.79303,0.79252,0.79256,318,2,0
2025-09-22 20:45:00,0.79253,0.79267,0.7924,0.79243,325,2,0
2025-09-22 21:00:00,0.79246,0.79273,0.79225,0.79269,398,2,0
2025-09-22 21:15:00,0.79269,0.79277,0.79262,0.79269,281,2,0
2025-09-22 21:30:00,0.79268,0.7927,0.79247,0.79256,381,2,0
2025-09-22 21:45:00,0.79256,0.79267,0.79228,0.79244,352,2,0
2025-09-22 22:00:00,0.79244,0.79259,0.7924,0.7925,298,2,0
2025-09-22 22:15:00,0.7925,0.79261,0.79241,0.79244,521,2,0
2025-09-22 22:30:00,0.79244,0.7925,0.7923,0.79238,537,2,0
2025-09-22 22:45:00,0.79238,0.79243,0.79223,0.79233,391,2,0
2025-09-22 23:00:00,0.79233,0.79243,0.7922,0.79233,199,2,0
2025-09-22 23:15:00,0.79233,0.79247,0.79227,0.79228,207,2,0
2025-09-22 23:30:00,0.79226,0.7925,0.79221,0.79235,324,2,0
2025-09-22 23:45:00,0.79235,0.79238,0.79228,0.79234,299,12,0
2025-09-23 00:00:00,0.7921,0.7934,0.79183,0.79233,76,61,0
2025-09-23 00:15:00,0.79233,0.79233,0.79175,0.79211,159,106,0
2025-09-23 00:30:00,0.7921,0.79227,0.7921,0.79215,325,68,0
2025-09-23 00:45:00,0.79216,0.79221,0.79197,0.79203,611,68,0
2025-09-23 01:00:00,0.79203,0.79234,0.79184,0.79233,347,2,0
2025-09-23 01:15:00,0.79233,0.79234,0.79224,0.79229,695,2,0
2025-09-23 01:30:00,0.79229,0.79239,0.79225,0.79236,358,2,0
2025-09-23 01:45:00,0.79236,0.7924,0.79227,0.7923,366,2,0
2025-09-23 02:00:00,0.79228,0.79232,0.79222,0.79232,420,2,0
2025-09-23 02:15:00,0.79232,0.79239,0.79219,0.79224,646,2,0
2025-09-23 02:30:00,0.79225,0.79237,0.79225,0.79234,619,2,0
2025-09-23 02:45:00,0.79234,0.79251,0.79233,0.7924,406,2,0
2025-09-23 03:00:00,0.79243,0.79265,0.79239,0.79261,785,2,0
2025-09-23 03:15:00,0.79261,0.79271,0.79234,0.79242,770,2,0
2025-09-23 03:30:00,0.79242,0.79245,0.79211,0.79221,783,2,0
2025-09-23 03:45:00,0.79221,0.79226,0.79198,0.792,708,2,0
2025-09-23 04:00:00,0.792,0.79214,0.79191,0.79199,998,2,0
2025-09-23 04:15:00,0.79199,0.7921,0.79193,0.79199,542,2,0
2025-09-23 04:30:00,0.79199,0.79204,0.79104,0.79118,652,2,0
2025-09-23 04:45:00,0.79118,0.79124,0.79096,0.7912,673,2,0
2025-09-23 05:00:00,0.7912,0.79187,0.79113,0.79177,657,2,0
2025-09-23 05:15:00,0.79177,0.79196,0.79165,0.7919,750,2,0
2025-09-23 05:30:00,0.7919,0.79214,0.79182,0.79191,557,2,0
2025-09-23 05:45:00,0.79191,0.79208,0.7918,0.79203,568,2,0
2025-09-23 06:00:00,0.79204,0.79242,0.79197,0.79236,631,2,0
2025-09-23 06:15:00,0.79236,0.79241,0.79208,0.79214,557,2,0
2025-09-23 06:30:00,0.79214,0.79224,0.79203,0.79209,545,2,0
2025-09-23 06:45:00,0.79208,0.79209,0.79186,0.79193,530,2,0
2025-09-23 07:00:00,0.79193,0.7921,0.79177,0.79205,504,2,0
2025-09-23 07:15:00,0.79205,0.79247,0.79205,0.79236,477,2,0
2025-09-23 07:30:00,0.79236,0.79237,0.79211,0.79223,486,2,0
2025-09-23 07:45:00,0.79223,0.79254,0.79222,0.79253,448,2,0
2025-09-23 08:00:00,0.79257,0.79283,0.79244,0.79254,406,2,0
2025-09-23 08:15:00,0.79254,0.79254,0.7923,0.79237,524,2,0
2025-09-23 08:30:00,0.79237,0.79237,0.7921,0.79225,515,2,0
2025-09-23 08:45:00,0.79225,0.79255,0.79216,0.79252,512,2,0
2025-09-23 09:00:00,0.79258,0.79287,0.79248,0.79284,554,2,0
2025-09-23 09:15:00,0.79284,0.7929,0.79249,0.79258,489,2,0
2025-09-23 09:30:00,0.79258,0.79274,0.79228,0.79235,684,2,0
2025-09-23 09:45:00,0.79235,0.79243,0.79209,0.79243,673,2,0
2025-09-23 10:00:00,0.79245,0.79315,0.79237,0.79285,863,2,0
2025-09-23 10:15:00,0.79304,0.79334,0.79265,0.79267,873,2,0
2025-09-23 10:30:00,0.79259,0.7929,0.79226,0.79287,997,2,0
2025-09-23 10:45:00,0.79287,0.79306,0.79234,0.79271,1135,2,0
2025-09-23 11:00:00,0.79271,0.79333,0.79271,0.79324,732,2,0
2025-09-23 11:15:00,0.79324,0.79335,0.79245,0.79258,676,2,0
2025-09-23 11:30:00,0.79259,0.79276,0.79196,0.79199,1138,2,0
2025-09-23 11:45:00,0.79199,0.7921,0.79166,0.79188,834,2,0
2025-09-23 12:00:00,0.79188,0.79198,0.79162,0.79169,639,2,0
2025-09-23 12:15:00,0.79168,0.7919,0.79149,0.79164,620,2,0
2025-09-23 12:30:00,0.79165,0.79203,0.79161,0.79201,708,2,0
2025-09-23 12:45:00,0.79201,0.79207,0.79179,0.79196,470,2,0
2025-09-23 13:00:00,0.79196,0.79244,0.79193,0.79204,531,2,0
2025-09-23 13:15:00,0.79204,0.79267,0.79197,0.79264,488,2,0
2025-09-23 13:30:00,0.79263,0.79276,0.79243,0.79261,532,2,0
2025-09-23 13:45:00,0.79261,0.79263,0.79218,0.79223,476,2,0
2025-09-23 14:00:00,0.79222,0.7926,0.79214,0.79258,560,2,0
2025-09-23 14:15:00,0.79258,0.7928,0.79235,0.79253,426,2,0
2025-09-23 14:30:00,0.79254,0.79259,0.79229,0.7923,457,2,0
2025-09-23 14:45:00,0.7923,0.7923,0.79189,0.79222,459,2,0
2025-09-23 15:00:00,0.79222,0.7925,0.79195,0.79237,1076,2,0
2025-09-23 15:15:00,0.79235,0.79284,0.79226,0.79245,992,2,0
2025-09-23 15:30:00,0.79245,0.79266,0.79231,0.79236,1125,2,0
2025-09-23 15:45:00,0.79236,0.79243,0.79192,0.79216,1140,2,0
2025-09-23 16:00:00,0.79215,0.79225,0.79173,0.7921,1453,2,0
2025-09-23 16:15:00,0.79206,0.79234,0.79193,0.79226,1334,2,0
2025-09-23 16:30:00,0.79227,0.79266,0.79216,0.79252,1430,2,0
2025-09-23 16:45:00,0.79235,0.79316,0.79217,0.79225,1984,2,0
2025-09-23 17:00:00,0.79225,0.79293,0.79198,0.79253,1955,2,0
2025-09-23 17:15:00,0.79252,0.79298,0.79235,0.79273,1656,2,0
2025-09-23 17:30:00,0.79275,0.79319,0.79269,0.79278,1279,2,0
2025-09-23 17:45:00,0.79278,0.79302,0.79255,0.79293,1391,2,0
2025-09-23 18:00:00,0.79292,0.79317,0.79263,0.79303,1263,2,0
2025-09-23 18:15:00,0.79302,0.79319,0.79268,0.79295,1039,2,0
2025-09-23 18:30:00,0.79296,0.79319,0.79268,0.79277,988,2,0
2025-09-23 18:45:00,0.79277,0.79286,0.7922,0.79226,890,2,0
2025-09-23 19:00:00,0.79226,0.79242,0.79191,0.792,850,2,0
2025-09-23 19:15:00,0.79202,0.79205,0.79156,0.7917,848,2,0
2025-09-23 19:30:00,0.79169,0.79269,0.79159,0.79209,1231,2,0
2025-09-23 19:45:00,0.79209,0.79213,0.79172,0.79185,1253,2,0
2025-09-23 20:00:00,0.79188,0.79188,0.79158,0.7918,1218,2,0
2025-09-23 20:15:00,0.79181,0.79202,0.79134,0.79164,1160,2,0
2025-09-23 20:30:00,0.79164,0.79166,0.79093,0.79115,1084,2,0
2025-09-23 20:45:00,0.79115,0.79156,0.79097,0.79145,1099,2,0
2025-09-23 21:00:00,0.79144,0.79163,0.79112,0.79117,807,2,0
2025-09-23 21:15:00,0.79118,0.7916,0.79102,0.79132,763,2,0
2025-09-23 21:30:00,0.7914,0.79153,0.79112,0.79116,703,2,0
2025-09-23 21:45:00,0.79118,0.79172,0.79116,0.79156,805,2,0
2025-09-23 22:00:00,0.79157,0.79175,0.79141,0.79165,664,2,0
2025-09-23 22:15:00,0.79165,0.79187,0.79147,0.79151,428,2,0
2025-09-23 22:30:00,0.79152,0.79164,0.79135,0.79138,502,2,0
2025-09-23 22:45:00,0.79137,0.79146,0.7912,0.7913,698,2,0
2025-09-23 23:00:00,0.79128,0.7913,0.79114,0.79121,235,2,0
2025-09-23 23:15:00,0.79121,0.79137,0.79121,0.79125,96,2,0
2025-09-23 23:30:00,0.79124,0.79145,0.79124,0.79131,190,2,0
2025-09-23 23:45:00,0.79132,0.79137,0.79116,0.7912,270,12,0
2025-09-24 00:00:00,0.79087,0.7919,0.79041,0.7908,48,100,0
2025-09-24 00:15:00,0.7908,0.79143,0.79071,0.7912,665,82,0
2025-09-24 00:30:00,0.7912,0.7913,0.79095,0.79118,686,74,0
2025-09-24 00:45:00,0.79118,0.79126,0.79019,0.79068,417,80,0
2025-09-24 01:00:00,0.79069,0.79133,0.79036,0.79124,681,2,0
2025-09-24 01:15:00,0.79124,0.79136,0.79117,0.79127,709,2,0
2025-09-24 01:30:00,0.79127,0.79133,0.79122,0.79128,504,2,0
2025-09-24 01:45:00,0.79128,0.79136,0.79126,0.79133,385,2,0
2025-09-24 02:00:00,0.79133,0.79154,0.79132,0.79152,307,2,0
2025-09-24 02:15:00,0.79152,0.79153,0.79127,0.79128,225,2,0
2025-09-24 02:30:00,0.79128,0.79154,0.79125,0.79146,277,2,0
2025-09-24 02:45:00,0.79146,0.79157,0.7914,0.79142,203,2,0
2025-09-24 03:00:00,0.79142,0.7918,0.79125,0.79176,700,2,0
2025-09-24 03:15:00,0.79176,0.79207,0.79167,0.79204,378,2,0
2025-09-24 03:30:00,0.79203,0.79218,0.79192,0.79192,342,2,0
2025-09-24 03:45:00,0.79192,0.79204,0.79186,0.79199,571,2,0
2025-09-24 04:00:00,0.79199,0.79216,0.79188,0.79198,543,2,0
2025-09-24 04:15:00,0.79198,0.79233,0.79193,0.79218,685,2,0
2025-09-24 04:30:00,0.79218,0.79224,0.79197,0.79204,808,2,0
2025-09-24 04:45:00,0.79204,0.79221,0.79189,0.79213,600,2,0
2025-09-24 05:00:00,0.79213,0.79229,0.79208,0.79217,485,2,0
2025-09-24 05:15:00,0.79217,0.79229,0.79198,0.79224,486,2,0
2025-09-24 05:30:00,0.79224,0.79233,0.7921,0.79213,418,2,0
2025-09-24 05:45:00,0.79213,0.79229,0.79204,0.79219,386,2,0
2025-09-24 06:00:00,0.79219,0.79234,0.79213,0.7923,309,2,0
2025-09-24 06:15:00,0.79231,0.79243,0.79228,0.79241,325,2,0
2025-09-24 06:30:00,0.79241,0.7925,0.79235,0.79238,618,2,0
2025-09-24 06:45:00,0.79238,0.7925,0.79231,0.79249,419,2,0
2025-09-24 07:00:00,0.79248,0.79257,0.79224,0.79228,388,2,0
2025-09-24 07:15:00,0.79229,0.79235,0.79218,0.7922,369,2,0
2025-09-24 07:30:00,0.7922,0.7924,0.7921,0.79236,334,2,0
2025-09-24 07:45:00,0.79236,0.79242,0.79208,0.79211,357,2,0
2025-09-24 08:00:00,0.79211,0.79211,0.79194,0.79206,407,2,0
2025-09-24 08:15:00,0.79206,0.7921,0.79186,0.79202,301,2,0
2025-09-24 08:30:00,0.79202,0.79239,0.79202,0.79239,276,2,0
2025-09-24 08:45:00,0.79238,0.79261,0.79221,0.79226,424,2,0
2025-09-24 09:00:00,0.79229,0.79273,0.79203,0.79264,602,2,0
2025-09-24 09:15:00,0.79263,0.79281,0.7923,0.79255,539,2,0
2025-09-24 09:30:00,0.79255,0.79286,0.79247,0.79256,584,2,0
2025-09-24 09:45:00,0.79256,0.79281,0.79247,0.79262,703,2,0
2025-09-24 10:00:00,0.79262,0.79329,0.7924,0.79319,977,2,0
2025-09-24 10:15:00,0.79319,0.79334,0.79285,0.79299,617,2,0
2025-09-24 10:30:00,0.79299,0.79325,0.79236,0.79273,743,2,0
2025-09-24 10:45:00,0.79273,0.79309,0.79269,0.79308,760,2,0
2025-09-24 11:00:00,0.79309,0.79394,0.79308,0.79384,1174,2,0
2025-09-24 11:15:00,0.79383,0.79403,0.79366,0.79394,1009,2,0
2025-09-24 11:30:00,0.79395,0.79429,0.79377,0.79426,857,1,0
2025-09-24 11:45:00,0.79426,0.7943,0.79382,0.79395,782,2,0
2025-09-24 12:00:00,0.79395,0.79405,0.79368,0.79389,771,2,0
2025-09-24 12:15:00,0.79389,0.79419,0.79377,0.79407,660,2,0
2025-09-24 12:30:00,0.79407,0.79428,0.79382,0.7942,746,2,0
2025-09-24 12:45:00,0.7942,0.79434,0.79387,0.79421,875,2,0
2025-09-24 13:00:00,0.79419,0.79483,0.79407,0.79479,829,2,0
2025-09-24 13:15:00,0.79478,0.79493,0.7946,0.79465,709,2,0
2025-09-24 13:30:00,0.79465,0.79503,0.79436,0.79498,820,2,0
2025-09-24 13:45:00,0.79498,0.79516,0.79489,0.79495,800,2,0
2025-09-24 14:00:00,0.79495,0.79522,0.79485,0.79503,813,2,0
2025-09-24 14:15:00,0.79503,0.79507,0.79475,0.7949,768,2,0
2025-09-24 14:30:00,0.7949,0.79495,0.79427,0.79463,913,2,0
2025-09-24 14:45:00,0.79463,0.79482,0.79425,0.79443,933,2,0
2025-09-24 15:00:00,0.79443,0.79447,0.79393,0.79419,760,2,0
2025-09-24 15:15:00,0.79418,0.79431,0.79373,0.79408,690,2,0
2025-09-24 15:30:00,0.79408,0.79458,0.794,0.79451,757,2,0
2025-09-24 15:45:00,0.79451,0.79487,0.79432,0.79452,908,2,0
2025-09-24 16:00:00,0.79451,0.79492,0.79429,0.79485,764,2,0
2025-09-24 16:15:00,0.79484,0.79497,0.79452,0.79476,718,2,0
2025-09-24 16:30:00,0.79476,0.7951,0.79463,0.79503,960,2,0
2025-09-24 16:45:00,0.79503,0.79503,0.79401,0.79451,1090,2,0
2025-09-24 17:00:00,0.79447,0.79511,0.79447,0.79464,1207,2,0
2025-09-24 17:15:00,0.79465,0.79533,0.79448,0.7948,1073,1,0
2025-09-24 17:30:00,0.7948,0.79491,0.79428,0.79431,981,2,0
2025-09-24 17:45:00,0.79429,0.79478,0.79407,0.79447,1044,2,0
2025-09-24 18:00:00,0.79447,0.79523,0.79446,0.79513,928,2,0
2025-09-24 18:15:00,0.79513,0.79525,0.79475,0.79508,561,2,0
2025-09-24 18:30:00,0.79509,0.79531,0.79497,0.79501,659,2,0
2025-09-24 18:45:00,0.79501,0.79524,0.79481,0.79509,594,2,0
2025-09-24 19:00:00,0.7951,0.79538,0.79494,0.79532,455,2,0
2025-09-24 19:15:00,0.79535,0.79552,0.79519,0.79547,462,2,0
2025-09-24 19:30:00,0.79547,0.79572,0.79535,0.79536,397,2,0
2025-09-24 19:45:00,0.79536,0.79573,0.79532,0.79561,424,2,0
2025-09-24 20:00:00,0.79561,0.79566,0.79501,0.79502,491,2,0
2025-09-24 20:15:00,0.79503,0.79525,0.79499,0.79519,379,2,0
2025-09-24 20:30:00,0.79519,0.79537,0.79511,0.79532,325,2,0
2025-09-24 20:45:00,0.79532,0.79542,0.7951,0.79537,315,2,0
2025-09-24 21:00:00,0.79537,0.79561,0.79525,0.79535,312,2,0
2025-09-24 21:15:00,0.79535,0.79544,0.79526,0.79542,339,2,0
2025-09-24 21:30:00,0.79542,0.79556,0.79523,0.79544,368,2,0
2025-09-24 21:45:00,0.79544,0.79565,0.79536,0.7954,348,2,0
2025-09-24 22:00:00,0.7954,0.79564,0.7954,0.79551,307,2,0
2025-09-24 22:15:00,0.79551,0.79562,0.79546,0.79554,164,2,0
2025-09-24 22:30:00,0.79554,0.79554,0.79523,0.79528,257,2,0
2025-09-24 22:45:00,0.79528,0.7954,0.79523,0.79538,298,2,0
2025-09-24 23:00:00,0.79538,0.79542,0.79521,0.79525,207,2,0
2025-09-24 23:15:00,0.79525,0.79535,0.79522,0.79526,193,2,0
2025-09-24 23:30:00,0.79525,0.79533,0.79514,0.79523,229,2,0
2025-09-24 23:45:00,0.79522,0.79538,0.79489,0.79496,392,12,0
2025-09-25 00:00:00,0.79463,0.79463,0.79318,0.79448,23,100,0
2025-09-25 00:15:00,0.79448,0.79449,0.79424,0.79433,135,104,0
2025-09-25 00:30:00,0.79433,0.79483,0.79428,0.79476,758,61,0
2025-09-25 00:45:00,0.79476,0.79482,0.7941,0.79422,1205,61,0
2025-09-25 01:00:00,0.79422,0.79492,0.79411,0.79482,383,2,0
2025-09-25 01:15:00,0.79482,0.79484,0.79461,0.79473,639,2,0
2025-09-25 01:30:00,0.79473,0.79476,0.79467,0.79471,205,2,0
2025-09-25 01:45:00,0.79471,0.79478,0.79465,0.7947,171,2,0
2025-09-25 02:00:00,0.7947,0.7948,0.79465,0.79467,211,2,0
2025-09-25 02:15:00,0.79467,0.79474,0.79459,0.79472,212,2,0
2025-09-25 02:30:00,0.79472,0.79478,0.79466,0.79469,157,2,0
2025-09-25 02:45:00,0.79469,0.79485,0.79462,0.79485,249,2,0
2025-09-25 03:00:00,0.79487,0.79492,0.79464,0.79483,498,0,0
2025-09-25 03:15:00,0.79483,0.79489,0.79473,0.79475,307,2,0
2025-09-25 03:30:00,0.79475,0.79481,0.79464,0.79477,235,2,0
2025-09-25 03:45:00,0.79477,0.7948,0.79435,0.79439,515,2,0
2025-09-25 04:00:00,0.7944,0.79468,0.79426,0.79466,507,2,0
2025-09-25 04:15:00,0.79466,0.79489,0.79464,0.79486,341,2,0
2025-09-25 04:30:00,0.79486,0.79506,0.79472,0.795,361,2,0
2025-09-25 04:45:00,0.795,0.79513,0.79489,0.79494,378,2,0
2025-09-25 05:00:00,0.79494,0.795,0.79459,0.79469,390,2,0
2025-09-25 05:15:00,0.79469,0.79486,0.79467,0.7948,302,2,0
2025-09-25 05:30:00,0.7948,0.79481,0.79466,0.7947,205,2,0
2025-09-25 05:45:00,0.7947,0.79504,0.79469,0.79496,258,2,0
2025-09-25 06:00:00,0.79496,0.79506,0.79493,0.79503,259,2,0
2025-09-25 06:15:00,0.79503,0.79508,0.79476,0.79483,270,2,0
2025-09-25 06:30:00,0.79483,0.79486,0.79472,0.79484,216,2,0
2025-09-25 06:45:00,0.79484,0.79489,0.79471,0.79479,215,2,0
2025-09-25 07:00:00,0.79479,0.79493,0.7947,0.7949,265,2,0
2025-09-25 07:15:00,0.7949,0.7949,0.79471,0.79474,222,2,0
2025-09-25 07:30:00,0.79474,0.79482,0.79467,0.79477,183,2,0
2025-09-25 07:45:00,0.79477,0.79485,0.79466,0.79474,232,2,0
2025-09-25 08:00:00,0.79474,0.79495,0.79472,0.79492,314,2,0
2025-09-25 08:15:00,0.79492,0.795,0.7949,0.79498,209,2,0
2025-09-25 08:30:00,0.79498,0.79515,0.79496,0.79507,235,2,0
2025-09-25 08:45:00,0.79507,0.79522,0.79506,0.79516,308,2,0
2025-09-25 09:00:00,0.79513,0.79558,0.79513,0.79536,352,2,0
2025-09-25 09:15:00,0.79536,0.79537,0.795,0.79529,505,2,0
2025-09-25 09:30:00,0.79529,0.79594,0.79509,0.79584,546,2,0
2025-09-25 09:45:00,0.79584,0.79598,0.79513,0.79533,709,2,0
2025-09-25 10:00:00,0.79531,0.79578,0.79513,0.79566,773,2,0
2025-09-25 10:15:00,0.79566,0.79616,0.7953,0.79594,644,2,0
2025-09-25 10:30:00,0.79593,0.79606,0.79485,0.79573,785,2,0
2025-09-25 10:45:00,0.79574,0.79684,0.7956,0.79668,857,2,0
2025-09-25 11:00:00,0.79666,0.79684,0.79589,0.796,862,2,0
2025-09-25 11:15:00,0.796,0.79638,0.79589,0.79624,676,2,0
2025-09-25 11:30:00,0.79624,0.79655,0.79613,0.79646,551,2,0
2025-09-25 11:45:00,0.79646,0.79646,0.79572,0.79581,703,2,0
2025-09-25 12:00:00,0.79581,0.79583,0.79525,0.7957,678,2,0
2025-09-25 12:15:00,0.7957,0.79594,0.79568,0.79588,462,2,0
2025-09-25 12:30:00,0.79588,0.79611,0.79576,0.79586,455,2,0
2025-09-25 12:45:00,0.79586,0.79589,0.79537,0.79579,564,2,0
2025-09-25 13:00:00,0.79579,0.79584,0.79551,0.79554,404,2,0
2025-09-25 13:15:00,0.79554,0.79567,0.79543,0.79556,438,2,0
2025-09-25 13:30:00,0.79556,0.79556,0.79525,0.79525,674,2,0
2025-09-25 13:45:00,0.79524,0.79561,0.79508,0.79557,595,2,0
2025-09-25 14:00:00,0.79556,0.79614,0.79555,0.79611,653,2,0
2025-09-25 14:15:00,0.79611,0.79615,0.79584,0.79589,476,2,0
2025-09-25 14:30:00,0.79589,0.79617,0.79573,0.79596,548,2,0
2025-09-25 14:45:00,0.79596,0.79622,0.79581,0.79602,540,2,0
2025-09-25 15:00:00,0.79603,0.79645,0.79552,0.7963,760,2,0
2025-09-25 15:15:00,0.7963,0.79646,0.79578,0.79578,755,2,0
2025-09-25 15:30:00,0.79645,0.79905,0.79633,0.79877,2404,2,0
2025-09-25 15:45:00,0.79878,0.79987,0.79854,0.79905,1890,2,0
2025-09-25 16:00:00,0.79905,0.79953,0.79828,0.79848,1812,2,0
2025-09-25 16:15:00,0.79847,0.79858,0.79786,0.79847,1253,2,0
2025-09-25 16:30:00,0.79845,0.79861,0.7978,0.79847,1358,2,0
2025-09-25 16:45:00,0.79847,0.79915,0.79834,0.79904,1258,2,0
2025-09-25 17:00:00,0.79904,0.79986,0.7988,0.79961,1515,2,0
2025-09-25 17:15:00,0.79961,0.79999,0.79946,0.79965,1102,2,0
2025-09-25 17:30:00,0.79962,0.80028,0.79962,0.79987,1268,2,0
2025-09-25 17:45:00,0.79987,0.80038,0.79954,0.8003,1182,2,0
2025-09-25 18:00:00,0.8003,0.80077,0.80016,0.80048,828,2,0
2025-09-25 18:15:00,0.80047,0.80065,0.80011,0.80035,972,2,0
2025-09-25 18:30:00,0.80035,0.80071,0.80021,0.80034,830,2,0
2025-09-25 18:45:00,0.80033,0.80063,0.80031,0.80061,620,2,0
2025-09-25 19:00:00,0.80061,0.80066,0.79981,0.80012,929,1,0
2025-09-25 19:15:00,0.80012,0.80065,0.80007,0.80016,750,2,0
2025-09-25 19:30:00,0.80016,0.80081,0.80016,0.80074,511,2,0
2025-09-25 19:45:00,0.80074,0.80095,0.80068,0.80083,454,2,0
2025-09-25 20:00:00,0.80083,0.80091,0.80056,0.80061,613,2,0
2025-09-25 20:15:00,0.80061,0.80139,0.80041,0.80129,961,2,0
2025-09-25 20:30:00,0.80129,0.8014,0.80035,0.8005,644,2,0
2025-09-25 20:45:00,0.8005,0.80062,0.80019,0.80029,438,2,0
2025-09-25 21:00:00,0.80028,0.80072,0.79999,0.80068,763,2,0
2025-09-25 21:15:00,0.80068,0.80071,0.80029,0.80063,629,2,0
2025-09-25 21:30:00,0.80063,0.80075,0.80033,0.80047,477,2,0
2025-09-25 21:45:00,0.80046,0.80066,0.80029,0.80044,518,2,0
2025-09-25 22:00:00,0.80044,0.80047,0.79982,0.79986,441,2,0
2025-09-25 22:15:00,0.79986,0.79991,0.79969,0.79986,314,2,0
2025-09-25 22:30:00,0.79986,0.80014,0.79978,0.80004,386,2,0
2025-09-25 22:45:00,0.80004,0.80005,0.79984,0.80005,291,2,0
2025-09-25 23:00:00,0.80005,0.80009,0.79974,0.79988,275,2,0
2025-09-25 23:15:00,0.79988,0.79989,0.79957,0.79963,235,2,0
2025-09-25 23:30:00,0.79965,0.79965,0.79942,0.79945,217,2,0
2025-09-25 23:45:00,0.79946,0.79968,0.79932,0.79934,458,12,0
2025-09-26 00:00:00,0.79908,0.79979,0.7988,0.79922,66,100,0
2025-09-26 00:15:00,0.79922,0.79925,0.79899,0.79924,243,124,0
2025-09-26 00:30:00,0.79923,0.79945,0.7992,0.7994,416,74,0
2025-09-26 00:45:00,0.7994,0.79974,0.79906,0.79959,529,61,0
2025-09-26 01:00:00,0.79959,0.79976,0.79901,0.79958,301,2,0
2025-09-26 01:15:00,0.79958,0.79969,0.79955,0.79963,162,2,0
2025-09-26 01:30:00,0.79962,0.79976,0.79959,0.79963,173,2,0
2025-09-26 01:45:00,0.79963,0.79966,0.79953,0.7996,306,2,0
2025-09-26 02:00:00,0.7996,0.79991,0.79959,0.79987,279,2,0
2025-09-26 02:15:00,0.79987,0.80067,0.79984,0.80029,304,2,0
2025-09-26 02:30:00,0.80028,0.80055,0.80019,0.80042,312,2,0
2025-09-26 02:45:00,0.80041,0.8005,0.80003,0.80012,209,2,0
2025-09-26 03:00:00,0.80012,0.80072,0.80011,0.80043,521,2,0
2025-09-26 03:15:00,0.80043,0.8005,0.80014,0.80015,438,2,0
2025-09-26 03:30:00,0.80015,0.80041,0.80008,0.80013,267,2,0
2025-09-26 03:45:00,0.80013,0.80022,0.79978,0.79978,548,2,0
2025-09-26 04:00:00,0.79979,0.79991,0.79963,0.79982,496,2,0
2025-09-26 04:15:00,0.79982,0.79987,0.79968,0.79971,419,2,0
2025-09-26 04:30:00,0.79971,0.79991,0.79962,0.79988,376,2,0
2025-09-26 04:45:00,0.79988,0.8002,0.79984,0.80007,419,2,0
2025-09-26 05:00:00,0.80006,0.8001,0.79981,0.79988,416,2,0
2025-09-26 05:15:00,0.79988,0.7999,0.7995,0.79952,343,2,0
2025-09-26 05:30:00,0.79952,0.79962,0.79938,0.79958,368,2,0
2025-09-26 05:45:00,0.79959,0.79965,0.79948,0.79962,255,2,0
2025-09-26 06:00:00,0.79961,0.79972,0.79942,0.79951,426,2,0
2025-09-26 06:15:00,0.79951,0.79955,0.79934,0.79939,265,2,0
2025-09-26 06:30:00,0.79939,0.79948,0.79931,0.79933,281,2,0
2025-09-26 06:45:00,0.79933,0.79947,0.79933,0.79939,231,2,0
2025-09-26 07:00:00,0.79939,0.79952,0.79932,0.79934,314,2,0
2025-09-26 07:15:00,0.79934,0.79946,0.79923,0.79943,242,2,0
2025-09-26 07:30:00,0.79944,0.79944,0.79921,0.79931,247,2,0
2025-09-26 07:45:00,0.79932,0.79935,0.79916,0.79917,282,2,0
2025-09-26 08:00:00,0.79917,0.7993,0.79908,0.79918,298,2,0
2025-09-26 08:15:00,0.79918,0.79924,0.79903,0.79907,210,2,0
2025-09-26 08:30:00,0.79907,0.7993,0.79905,0.79921,243,2,0
2025-09-26 08:45:00,0.79921,0.79931,0.79916,0.79922,299,2,0
2025-09-26 09:00:00,0.79919,0.79934,0.79898,0.79909,605,2,0
2025-09-26 09:15:00,0.79909,0.79928,0.79906,0.79911,470,2,0
2025-09-26 09:30:00,0.79911,0.79919,0.79888,0.79918,583,2,0
2025-09-26 09:45:00,0.79918,0.79944,0.79872,0.79878,714,2,0
2025-09-26 10:00:00,0.79877,0.79918,0.79862,0.79906,867,2,0
2025-09-26 10:15:00,0.79907,0.79962,0.799,0.79927,711,2,0
2025-09-26 10:30:00,0.79927,0.7996,0.79913,0.79958,538,2,0
2025-09-26 10:45:00,0.79958,0.80011,0.79958,0.7999,568,2,0
2025-09-26 11:00:00,0.7999,0.80003,0.79938,0.79946,666,2,0
2025-09-26 11:15:00,0.79946,0.79947,0.79921,0.79932,465,2,0
2025-09-26 11:30:00,0.79931,0.79935,0.79881,0.79894,561,2,0
2025-09-26 11:45:00,0.79894,0.79944,0.79889,0.7992,555,2,0
2025-09-26 12:00:00,0.7992,0.79975,0.79916,0.79963,616,2,0
2025-09-26 12:15:00,0.79964,0.79979,0.79942,0.79945,768,2,0
2025-09-26 12:30:00,0.79947,0.79962,0.79932,0.79953,398,2,0
2025-09-26 12:45:00,0.79953,0.79973,0.79937,0.79961,546,2,0
2025-09-26 13:00:00,0.79962,0.7997,0.79945,0.79959,425,2,0
2025-09-26 13:15:00,0.7996,0.79998,0.79954,0.79991,456,2,0
2025-09-26 13:30:00,0.79991,0.80011,0.79982,0.80008,386,2,0
2025-09-26 13:45:00,0.80008,0.80037,0.80007,0.8003,611,2,0
2025-09-26 14:00:00,0.8003,0.80031,0.79997,0.80013,544,2,0
2025-09-26 14:15:00,0.80013,0.80026,0.79994,0.80004,438,2,0
2025-09-26 14:30:00,0.80004,0.80004,0.79958,0.79968,454,2,0
2025-09-26 14:45:00,0.79967,0.79981,0.79924,0.79974,475,2,0
2025-09-26 15:00:00,0.79974,0.79982,0.7992,0.79921,560,2,0
2025-09-26 15:15:00,0.79921,0.79937,0.79891,0.79905,545,2,0
2025-09-26 15:30:00,0.79908,0.79949,0.79843,0.7991,1799,2,0
2025-09-26 15:45:00,0.79911,0.79938,0.79885,0.7989,1237,2,0
2025-09-26 16:00:00,0.7989,0.7989,0.7981,0.79835,1339,2,0
2025-09-26 16:15:00,0.79835,0.79929,0.79822,0.79907,1154,2,0
2025-09-26 16:30:00,0.79906,0.79921,0.79815,0.7983,1138,2,0
2025-09-26 16:45:00,0.79829,0.7989,0.79824,0.79841,980,2,0
2025-09-26 17:00:00,0.7984,0.79843,0.79781,0.79809,1270,2,0
2025-09-26 17:15:00,0.79809,0.79836,0.7978,0.79826,1130,2,0
2025-09-26 17:30:00,0.79828,0.79841,0.79756,0.79757,1026,2,0
2025-09-26 17:45:00,0.79757,0.7986,0.79746,0.79847,1288,2,0
2025-09-26 18:00:00,0.79848,0.79885,0.79815,0.79871,989,2,0
2025-09-26 18:15:00,0.79871,0.79877,0.79815,0.79815,564,2,0
2025-09-26 18:30:00,0.79816,0.79842,0.79789,0.79838,746,2,0
2025-09-26 18:45:00,0.79841,0.79854,0.7981,0.7985,640,2,0
2025-09-26 19:00:00,0.79851,0.79858,0.7981,0.7984,586,2,0
2025-09-26 19:15:00,0.7984,0.79845,0.79803,0.79807,540,2,0
2025-09-26 19:30:00,0.79807,0.79832,0.79793,0.79817,411,2,0
2025-09-26 19:45:00,0.79817,0.79841,0.79801,0.79841,435,2,0
2025-09-26 20:00:00,0.79841,0.79841,0.79795,0.79799,486,2,0
2025-09-26 20:15:00,0.79799,0.798,0.79787,0.79793,405,2,0
2025-09-26 20:30:00,0.79792,0.79797,0.79764,0.79774,402,2,0
2025-09-26 20:45:00,0.79774,0.79795,0.79762,0.79785,423,2,0
2025-09-26 21:00:00,0.79786,0.798,0.79779,0.79791,439,2,0
2025-09-26 21:15:00,0.79791,0.79801,0.79778,0.79792,267,2,0
2025-09-26 21:30:00,0.79792,0.79799,0.79769,0.79792,466,2,0
2025-09-26 21:45:00,0.79792,0.79806,0.79737,0.79749,554,2,0
2025-09-26 22:00:00,0.79749,0.79771,0.79747,0.79769,256,2,0
2025-09-26 22:15:00,0.79772,0.79791,0.79768,0.79789,243,2,0
2025-09-26 22:30:00,0.79789,0.79797,0.79773,0.79777,215,2,0
2025-09-26 22:45:00,0.79777,0.7978,0.79748,0.79753,301,2,0
2025-09-26 23:00:00,0.79753,0.79756,0.79737,0.7975,236,2,0
2025-09-26 23:15:00,0.7975,0.79768,0.79733,0.79766,294,2,0
2025-09-26 23:30:00,0.79767,0.79792,0.79761,0.79787,210,2,0
2025-09-26 23:45:00,0.79788,0.79807,0.7978,0.79786,325,12,0
2025-09-29 00:00:00,0.79702,0.79702,0.79623,0.79627,65,200,0
2025-09-29 00:15:00,0.79627,0.79629,0.7961,0.7961,51,300,0
2025-09-29 00:30:00,0.7961,0.79736,0.7961,0.79722,170,61,0
2025-09-29 00:45:00,0.79722,0.79729,0.79639,0.79667,634,61,0
2025-09-29 01:00:00,0.79667,0.79805,0.79667,0.7979,363,2,0
2025-09-29 01:15:00,0.79789,0.79789,0.79771,0.79783,1488,2,0
2025-09-29 01:30:00,0.79782,0.79789,0.79772,0.79774,1029,2,0
2025-09-29 01:45:00,0.79774,0.7978,0.79769,0.79771,936,2,0
2025-09-29 02:00:00,0.79771,0.79772,0.79751,0.79755,253,2,0
2025-09-29 02:15:00,0.79754,0.79755,0.79729,0.79739,241,2,0
2025-09-29 02:30:00,0.79739,0.79741,0.79725,0.79737,179,2,0
2025-09-29 02:45:00,0.79737,0.79761,0.79733,0.79752,266,2,0
2025-09-29 03:00:00,0.79752,0.79753,0.79703,0.79706,574,2,0
2025-09-29 03:15:00,0.79706,0.79717,0.7969,0.79704,344,2,0
2025-09-29 03:30:00,0.79704,0.79704,0.79668,0.7968,285,2,0
2025-09-29 03:45:00,0.7968,0.7968,0.79636,0.79655,287,2,0
2025-09-29 04:00:00,0.79655,0.79708,0.79652,0.79705,370,2,0
2025-09-29 04:15:00,0.79705,0.7971,0.79678,0.79684,434,2,0
2025-09-29 04:30:00,0.79684,0.7969,0.79645,0.79664,490,2,0
2025-09-29 04:45:00,0.79664,0.79664,0.79641,0.79648,470,2,0
2025-09-29 05:00:00,0.79648,0.79652,0.79619,0.7964,434,2,0
2025-09-29 05:15:00,0.7964,0.79642,0.79608,0.79625,412,2,0
2025-09-29 05:30:00,0.79625,0.79637,0.79614,0.79621,346,2,0
2025-09-29 05:45:00,0.79621,0.79621,0.79581,0.79605,376,2,0
2025-09-29 06:00:00,0.79605,0.79607,0.79589,0.79597,294,2,0
2025-09-29 06:15:00,0.79597,0.79611,0.79593,0.796,194,2,0
2025-09-29 06:30:00,0.796,0.79614,0.79595,0.79596,235,2,0
2025-09-29 06:45:00,0.79596,0.79622,0.79592,0.7962,298,2,0
2025-09-29 07:00:00,0.7962,0.79632,0.79613,0.79617,351,2,0
2025-09-29 07:15:00,0.79618,0.79622,0.7961,0.79619,239,2,0
2025-09-29 07:30:00,0.79619,0.79622,0.79598,0.79607,228,2,0
2025-09-29 07:45:00,0.79607,0.79607,0.79568,0.79605,335,2,0
2025-09-29 08:00:00,0.79605,0.79611,0.79582,0.7959,354,2,0
2025-09-29 08:15:00,0.7959,0.79607,0.79585,0.79606,281,2,0
2025-09-29 08:30:00,0.79606,0.7964,0.79553,0.79627,616,2,0
2025-09-29 08:45:00,0.79627,0.79636,0.79617,0.79626,609,2,0
2025-09-29 09:00:00,0.79632,0.79647,0.79602,0.79644,640,2,0
2025-09-29 09:15:00,0.79644,0.79652,0.79616,0.79635,590,2,0
2025-09-29 09:30:00,0.79635,0.79644,0.79619,0.79626,465,2,0
2025-09-29 09:45:00,0.79626,0.79693,0.79626,0.79674,537,2,0
2025-09-29 10:00:00,0.79676,0.79677,0.79575,0.7958,656,2,0
2025-09-29 10:15:00,0.7958,0.79609,0.79554,0.79581,680,2,0
2025-09-29 10:30:00,0.79581,0.796,0.79554,0.79562,530,2,0
2025-09-29 10:45:00,0.79562,0.79579,0.79534,0.79573,571,2,0
2025-09-29 11:00:00,0.79573,0.79595,0.79521,0.79531,605,2,0
2025-09-29 11:15:00,0.79531,0.79661,0.79521,0.79612,761,2,0
2025-09-29 11:30:00,0.79612,0.79614,0.79587,0.79613,507,2,0
2025-09-29 11:45:00,0.79613,0.79638,0.79602,0.79604,508,2,0
2025-09-29 12:00:00,0.79604,0.79638,0.79591,0.79638,529,2,0
2025-09-29 12:15:00,0.79638,0.79659,0.79604,0.79621,544,2,0
2025-09-29 12:30:00,0.79621,0.79676,0.7962,0.79655,467,2,0
2025-09-29 12:45:00,0.79655,0.79696,0.79654,0.79682,594,2,0
2025-09-29 13:00:00,0.79683,0.79705,0.79674,0.79685,329,2,0
2025-09-29 13:15:00,0.79685,0.79702,0.79676,0.79691,436,2,0
2025-09-29 13:30:00,0.79691,0.79734,0.79675,0.79718,402,2,0
2025-09-29 13:45:00,0.79718,0.79753,0.7971,0.79751,506,2,0
2025-09-29 14:00:00,0.79752,0.79827,0.7975,0.7982,543,2,0
2025-09-29 14:15:00,0.7982,0.7986,0.79799,0.79858,440,2,0
2025-09-29 14:30:00,0.79858,0.79861,0.79798,0.79847,551,2,0
2025-09-29 14:45:00,0.79847,0.79876,0.79768,0.79789,726,2,0
2025-09-29 15:00:00,0.79789,0.79824,0.79747,0.79785,1107,0,0
2025-09-29 15:15:00,0.79784,0.79821,0.79765,0.79811,551,2,0
2025-09-29 15:30:00,0.79811,0.79823,0.79692,0.797,1046,2,0
2025-09-29 15:45:00,0.79699,0.79705,0.79607,0.79624,1151,0,0
2025-09-29 16:00:00,0.79624,0.79702,0.79619,0.79691,1137,2,0
2025-09-29 16:15:00,0.79692,0.79699,0.79659,0.79685,939,2,0
2025-09-29 16:30:00,0.79685,0.79722,0.79654,0.79677,1158,0,0
2025-09-29 16:45:00,0.79677,0.79752,0.7965,0.79751,816,2,0
2025-09-29 17:00:00,0.79753,0.79772,0.79717,0.7974,1011,2,0
2025-09-29 17:15:00,0.79741,0.7978,0.79731,0.79764,896,0,0
2025-09-29 17:30:00,0.79764,0.79791,0.79749,0.7977,867,2,0
2025-09-29 17:45:00,0.7977,0.79784,0.7973,0.79747,915,2,0
2025-09-29 18:00:00,0.79746,0.79769,0.7972,0.79735,907,2,0
2025-09-29 18:15:00,0.79735,0.79752,0.79677,0.79689,811,2,0
2025-09-29 18:30:00,0.79689,0.7974,0.79675,0.79704,875,2,0
2025-09-29 18:45:00,0.797,0.79705,0.79678,0.79701,674,2,0
2025-09-29 19:00:00,0.79702,0.79723,0.79688,0.79696,554,2,0
2025-09-29 19:15:00,0.79696,0.79721,0.79679,0.79699,430,2,0
2025-09-29 19:30:00,0.79699,0.79719,0.79698,0.79714,361,2,0
2025-09-29 19:45:00,0.79714,0.79737,0.79704,0.79708,422,2,0
2025-09-29 20:00:00,0.79708,0.79736,0.797,0.79736,329,2,0
2025-09-29 20:15:00,0.79736,0.79747,0.79726,0.79744,302,2,0
2025-09-29 20:30:00,0.79744,0.79749,0.79726,0.79729,483,2,0
2025-09-29 20:45:00,0.79729,0.79755,0.79725,0.79752,435,2,0
2025-09-29 21:00:00,0.79751,0.79766,0.79728,0.79732,408,2,0
2025-09-29 21:15:00,0.79733,0.79734,0.79716,0.79725,345,2,0
2025-09-29 21:30:00,0.79725,0.79744,0.79712,0.79719,334,2,0
2025-09-29 21:45:00,0.79719,0.7973,0.79706,0.79719,373,2,0
2025-09-29 22:00:00,0.79719,0.79764,0.79719,0.79743,365,2,0
2025-09-29 22:15:00,0.79744,0.79746,0.79728,0.79731,290,2,0
2025-09-29 22:30:00,0.79732,0.79739,0.79721,0.7973,222,2,0
2025-09-29 22:45:00,0.7973,0.79756,0.79729,0.79745,248,2,0
2025-09-29 23:00:00,0.79746,0.79774,0.79743,0.79768,180,2,0
2025-09-29 23:15:00,0.79768,0.79786,0.79762,0.79783,162,2,0
2025-09-29 23:30:00,0.79783,0.79784,0.79747,0.79754,237,2,0
2025-09-29 23:45:00,0.79755,0.7976,0.79734,0.79745,307,12,0
2025-09-30 00:00:00,0.7971,0.79734,0.79679,0.79721,24,78,0
2025-09-30 00:15:00,0.79721,0.79721,0.79639,0.79646,54,72,0
2025-09-30 00:30:00,0.79645,0.79697,0.79641,0.79694,675,78,0
2025-09-30 00:45:00,0.79694,0.79697,0.79679,0.79683,470,82,0
2025-09-30 01:00:00,0.79683,0.79761,0.79683,0.7976,313,2,0
2025-09-30 01:15:00,0.7976,0.79771,0.79755,0.7977,501,2,0
2025-09-30 01:30:00,0.7977,0.79787,0.7977,0.79778,258,2,0
2025-09-30 01:45:00,0.79778,0.79781,0.79759,0.79759,172,2,0
2025-09-30 02:00:00,0.79759,0.79761,0.79745,0.79746,129,2,0
2025-09-30 02:15:00,0.79746,0.79755,0.79738,0.79754,184,2,0
2025-09-30 02:30:00,0.79754,0.79763,0.7975,0.7976,172,2,0
2025-09-30 02:45:00,0.7976,0.7976,0.79733,0.79744,375,2,0
2025-09-30 03:00:00,0.79744,0.79779,0.79742,0.79757,472,2,0
2025-09-30 03:15:00,0.79756,0.79772,0.79745,0.79766,341,2,0
2025-09-30 03:30:00,0.79766,0.79786,0.79757,0.79781,303,2,0
2025-09-30 03:45:00,0.79781,0.79836,0.7978,0.79792,722,2,0
2025-09-30 04:00:00,0.79792,0.79795,0.79763,0.79767,569,2,0
2025-09-30 04:15:00,0.79767,0.79776,0.79737,0.79739,251,2,0
2025-09-30 04:30:00,0.79739,0.79766,0.79733,0.79761,296,2,0
2025-09-30 04:45:00,0.79759,0.79793,0.79748,0.79789,439,2,0
2025-09-30 05:00:00,0.79789,0.79806,0.79761,0.79764,318,2,0
2025-09-30 05:15:00,0.79764,0.79769,0.7975,0.79762,251,2,0
2025-09-30 05:30:00,0.79762,0.79772,0.79748,0.79769,244,2,0
2025-09-30 05:45:00,0.79769,0.79777,0.7976,0.79773,264,2,0
2025-09-30 06:00:00,0.79773,0.79776,0.79743,0.79743,285,2,0
2025-09-30 06:15:00,0.79743,0.79758,0.79734,0.79739,231,2,0
2025-09-30 06:30:00,0.79739,0.79752,0.79734,0.79746,289,2,0
2025-09-30 06:45:00,0.79746,0.7975,0.79725,0.79732,246,2,0
2025-09-30 07:00:00,0.79733,0.79752,0.79727,0.7975,208,2,0
2025-09-30 07:15:00,0.7975,0.79766,0.79744,0.79756,276,2,0
2025-09-30 07:30:00,0.79756,0.79775,0.79737,0.79739,494,2,0
2025-09-30 07:45:00,0.79739,0.79745,0.79694,0.79697,351,2,0
2025-09-30 08:00:00,0.79697,0.79712,0.79669,0.79702,382,2,0
2025-09-30 08:15:00,0.79702,0.79732,0.7969,0.79718,382,2,0
2025-09-30 08:30:00,0.79718,0.79759,0.79713,0.79755,415,2,0
2025-09-30 08:45:00,0.79755,0.79763,0.79736,0.79756,549,2,0
2025-09-30 09:00:00,0.79759,0.7978,0.79705,0.79717,646,2,0
2025-09-30 09:15:00,0.79716,0.79727,0.79673,0.79684,505,2,0
2025-09-30 09:30:00,0.79683,0.79684,0.79624,0.79631,657,2,0
2025-09-30 09:45:00,0.79639,0.79664,0.79626,0.79636,582,2,0
2025-09-30 10:00:00,0.79639,0.79653,0.79566,0.79598,710,2,0
2025-09-30 10:15:00,0.79598,0.79598,0.79547,0.7958,460,2,0
2025-09-30 10:30:00,0.79581,0.79638,0.79577,0.79597,825,2,0
2025-09-30 10:45:00,0.79596,0.79632,0.79581,0.79607,785,2,0
2025-09-30 11:00:00,0.79602,0.79607,0.79522,0.79529,896,2,0
2025-09-30 11:15:00,0.79529,0.79611,0.79527,0.79601,823,2,0
2025-09-30 11:30:00,0.79601,0.79614,0.79554,0.79582,721,2,0
2025-09-30 11:45:00,0.79583,0.79621,0.79558,0.79614,698,2,0
2025-09-30 12:00:00,0.79614,0.79689,0.79606,0.79684,773,2,0
2025-09-30 12:15:00,0.79684,0.79725,0.79653,0.79723,614,2,0
2025-09-30 12:30:00,0.79723,0.79747,0.79696,0.79698,624,2,0
2025-09-30 12:45:00,0.79698,0.79732,0.79684,0.79714,549,2,0
2025-09-30 13:00:00,0.79713,0.79739,0.79688,0.79733,607,2,0
2025-09-30 13:15:00,0.79733,0.79754,0.79719,0.79748,530,2,0
2025-09-30 13:30:00,0.79748,0.79783,0.79734,0.7977,444,2,0
2025-09-30 13:45:00,0.7977,0.79794,0.79753,0.7977,473,2,0
2025-09-30 14:00:00,0.79769,0.79814,0.79745,0.79814,475,2,0
2025-09-30 14:15:00,0.79814,0.79822,0.79771,0.79798,386,2,0
2025-09-30 14:30:00,0.79798,0.798,0.79764,0.79782,274,2,0
2025-09-30 14:45:00,0.79782,0.79786,0.79729,0.79736,414,2,0
2025-09-30 15:00:00,0.79736,0.7975,0.79692,0.79714,640,2,0
2025-09-30 15:15:00,0.79714,0.7972,0.79677,0.79693,633,2,0
2025-09-30 15:30:00,0.79693,0.79739,0.79683,0.79735,581,2,0
2025-09-30 15:45:00,0.79735,0.79736,0.79686,0.79707,626,2,0
2025-09-30 16:00:00,0.79707,0.79787,0.797,0.79769,758,2,0
2025-09-30 16:15:00,0.79769,0.79855,0.79758,0.79813,725,2,0
2025-09-30 16:30:00,0.79813,0.79815,0.79726,0.79727,726,2,0
2025-09-30 16:45:00,0.79727,0.79738,0.79676,0.79729,939,2,0
2025-09-30 17:00:00,0.79725,0.79783,0.79569,0.79582,1697,2,0
2025-09-30 17:15:00,0.79581,0.79641,0.79573,0.79595,1186,2,0
2025-09-30 17:30:00,0.79595,0.79595,0.79515,0.79547,1045,2,0
2025-09-30 17:45:00,0.79547,0.79571,0.79497,0.79563,1181,2,0
2025-09-30 18:00:00,0.79564,0.79673,0.7956,0.79665,1184,2,0
2025-09-30 18:15:00,0.79665,0.79738,0.79661,0.79735,838,2,0
2025-09-30 18:30:00,0.79735,0.79736,0.79694,0.79722,830,2,0
2025-09-30 18:45:00,0.79721,0.79731,0.79655,0.79658,607,2,0
2025-09-30 19:00:00,0.79659,0.7966,0.79614,0.79625,660,2,0
2025-09-30 19:15:00,0.79625,0.79629,0.79585,0.7959,446,2,0
2025-09-30 19:30:00,0.7959,0.796,0.79501,0.79505,564,2,0
2025-09-30 19:45:00,0.79505,0.79533,0.79449,0.79464,504,2,0
2025-09-30 20:00:00,0.79464,0.79468,0.7943,0.79439,391,2,0
2025-09-30 20:15:00,0.79438,0.79439,0.7939,0.79436,452,2,0
2025-09-30 20:30:00,0.79437,0.79478,0.79429,0.79478,364,2,0
2025-09-30 20:45:00,0.79478,0.79548,0.79477,0.7953,440,2,0
2025-09-30 21:00:00,0.7953,0.79567,0.79526,0.79533,412,2,0
2025-09-30 21:15:00,0.79535,0.79583,0.7953,0.79582,338,2,0
2025-09-30 21:30:00,0.79581,0.79624,0.79581,0.7961,443,2,0
2025-09-30 21:45:00,0.7961,0.79612,0.79575,0.79611,362,2,0
2025-09-30 22:00:00,0.7961,0.79639,0.79606,0.79622,390,2,0
2025-09-30 22:15:00,0.79622,0.79622,0.79593,0.79611,326,2,0
2025-09-30 22:30:00,0.79612,0.7962,0.79595,0.79613,285,2,0
2025-09-30 22:45:00,0.79613,0.79623,0.79597,0.79601,313,2,0
2025-09-30 23:00:00,0.79597,0.79648,0.79597,0.79637,273,2,0
2025-09-30 23:15:00,0.79637,0.79643,0.79624,0.79639,164,2,0
2025-09-30 23:30:00,0.79638,0.79642,0.79619,0.79627,126,2,0
2025-09-30 23:45:00,0.79626,0.79647,0.79612,0.79627,281,12,0
2025-10-01 00:00:00,0.79563,0.79624,0.79542,0.79581,42,100,0
2025-10-01 00:15:00,0.79581,0.79581,0.79499,0.795,55,144,0
2025-10-01 00:30:00,0.795,0.79557,0.79499,0.7954,1646,128,0
2025-10-01 00:45:00,0.7954,0.79573,0.79498,0.79506,740,109,0
2025-10-01 01:00:00,0.79517,0.79649,0.79517,0.79615,332,2,0
2025-10-01 01:15:00,0.79615,0.79632,0.79615,0.79632,803,2,0
2025-10-01 01:30:00,0.79632,0.79642,0.79627,0.79636,228,2,0
2025-10-01 01:45:00,0.79636,0.79649,0.79633,0.79637,144,2,0
2025-10-01 02:00:00,0.79638,0.79648,0.79603,0.79611,476,2,0
2025-10-01 02:15:00,0.79611,0.79626,0.79604,0.7962,294,2,0
2025-10-01 02:30:00,0.7962,0.79638,0.79616,0.79631,235,2,0
2025-10-01 02:45:00,0.79631,0.7965,0.79623,0.79648,458,2,0
2025-10-01 03:00:00,0.79649,0.79689,0.79648,0.79665,589,2,0
2025-10-01 03:15:00,0.79665,0.79672,0.79636,0.79657,631,2,0
2025-10-01 03:30:00,0.79657,0.79671,0.79652,0.79667,443,2,0
2025-10-01 03:45:00,0.79667,0.79671,0.79626,0.79632,745,2,0
2025-10-01 04:00:00,0.79632,0.79669,0.79628,0.79648,565,2,0
2025-10-01 04:15:00,0.79648,0.79653,0.79621,0.79628,479,2,0
2025-10-01 04:30:00,0.79628,0.79638,0.79617,0.7962,639,2,0
2025-10-01 04:45:00,0.7962,0.79643,0.79612,0.79625,615,2,0
2025-10-01 05:00:00,0.79625,0.79647,0.79618,0.79644,567,2,0
2025-10-01 05:15:00,0.79644,0.79648,0.79624,0.79642,557,2,0
2025-10-01 05:30:00,0.79643,0.79658,0.79637,0.79642,511,2,0
2025-10-01 05:45:00,0.79642,0.79643,0.79619,0.79624,553,2,0
2025-10-01 06:00:00,0.79623,0.79629,0.796,0.7961,533,2,0
2025-10-01 06:15:00,0.7961,0.79632,0.79605,0.79622,484,2,0
2025-10-01 06:30:00,0.79622,0.79639,0.7962,0.79622,417,2,0
2025-10-01 06:45:00,0.79622,0.79624,0.79596,0.79599,330,2,0
2025-10-01 07:00:00,0.79599,0.79601,0.79574,0.79582,464,2,0
2025-10-01 07:15:00,0.79581,0.79583,0.79555,0.79558,655,2,0
2025-10-01 07:30:00,0.79558,0.79559,0.79519,0.79519,619,2,0
2025-10-01 07:45:00,0.79519,0.79525,0.79417,0.79431,744,2,0
2025-10-01 08:00:00,0.79431,0.79531,0.79371,0.79499,1097,2,0
2025-10-01 08:15:00,0.79499,0.79503,0.79457,0.79477,688,2,0
2025-10-01 08:30:00,0.79477,0.79486,0.79457,0.79481,556,2,0
2025-10-01 08:45:00,0.79481,0.79498,0.79468,0.79489,593,2,0
2025-10-01 09:00:00,0.79482,0.79496,0.79436,0.7945,473,2,0
2025-10-01 09:15:00,0.7945,0.79495,0.79443,0.79449,505,2,0
2025-10-01 09:30:00,0.79449,0.79452,0.79321,0.79325,689,2,0
2025-10-01 09:45:00,0.79326,0.79375,0.79325,0.79363,906,2,0
2025-10-01 10:00:00,0.79364,0.79374,0.79284,0.79317,996,2,0
2025-10-01 10:15:00,0.79314,0.79476,0.79303,0.79463,1163,2,0
2025-10-01 10:30:00,0.79467,0.79505,0.79402,0.79499,1123,2,0
2025-10-01 10:45:00,0.79499,0.79508,0.79422,0.79476,1113,2,0
2025-10-01 11:00:00,0.79476,0.79505,0.79445,0.79504,1023,2,0
2025-10-01 11:15:00,0.79504,0.79507,0.79455,0.79469,788,2,0
2025-10-01 11:30:00,0.79469,0.79486,0.79398,0.79465,737,2,0
2025-10-01 11:45:00,0.79465,0.79588,0.79456,0.79579,714,2,0
2025-10-01 12:00:00,0.79579,0.79582,0.79511,0.7953,640,2,0
2025-10-01 12:15:00,0.7953,0.796,0.79522,0.79596,639,2,0
2025-10-01 12:30:00,0.79596,0.79624,0.79573,0.79603,746,2,0
2025-10-01 12:45:00,0.79603,0.7968,0.79593,0.79657,799,2,0
2025-10-01 13:00:00,0.79657,0.79749,0.79652,0.79696,823,2,0
2025-10-01 13:15:00,0.79696,0.79792,0.79696,0.79788,805,2,0
2025-10-01 13:30:00,0.79788,0.79819,0.79753,0.79756,684,2,0
2025-10-01 13:45:00,0.79756,0.79843,0.79733,0.79788,623,2,0
2025-10-01 14:00:00,0.79788,0.79804,0.7976,0.79787,580,2,0
2025-10-01 14:15:00,0.79785,0.79806,0.79742,0.7978,560,2,0
2025-10-01 14:30:00,0.7978,0.79811,0.7975,0.79758,479,2,0
2025-10-01 14:45:00,0.79758,0.79842,0.79744,0.79829,703,2,0
2025-10-01 15:00:00,0.79831,0.79884,0.79808,0.79837,866,2,0
2025-10-01 15:15:00,0.79836,0.79862,0.79577,0.79659,3101,2,0
2025-10-01 15:30:00,0.79659,0.79771,0.7958,0.79712,2066,2,0
2025-10-01 15:45:00,0.79712,0.79779,0.7968,0.79736,1760,2,0
2025-10-01 16:00:00,0.79736,0.79758,0.79657,0.79722,1380,2,0
2025-10-01 16:15:00,0.7972,0.79767,0.79682,0.79699,1360,2,0
2025-10-01 16:30:00,0.79701,0.79706,0.79637,0.79649,1197,2,0
2025-10-01 16:45:00,0.79649,0.79677,0.79623,0.79624,1015,2,0
2025-10-01 17:00:00,0.79621,0.79774,0.79621,0.7977,1705,2,0
2025-10-01 17:15:00,0.7977,0.79818,0.79702,0.79716,1203,2,0
2025-10-01 17:30:00,0.79716,0.79727,0.79672,0.79707,930,2,0
2025-10-01 17:45:00,0.79707,0.79849,0.79675,0.79711,2710,2,0
2025-10-01 18:00:00,0.7971,0.79793,0.797,0.79784,1586,2,0
2025-10-01 18:15:00,0.79784,0.79879,0.79778,0.79843,1134,2,0
2025-10-01 18:30:00,0.79843,0.79852,0.79773,0.79792,995,2,0
2025-10-01 18:45:00,0.79791,0.79843,0.79776,0.79834,713,2,0
2025-10-01 19:00:00,0.79836,0.79878,0.798,0.79821,922,2,0
2025-10-01 19:15:00,0.79822,0.79845,0.79813,0.79828,556,2,0
2025-10-01 19:30:00,0.79828,0.79901,0.79821,0.79898,696,2,0
2025-10-01 19:45:00,0.79898,0.79902,0.79813,0.79823,735,2,0
2025-10-01 20:00:00,0.79821,0.79825,0.79778,0.79781,505,2,0
2025-10-01 20:15:00,0.79781,0.79797,0.79761,0.7977,424,2,0
2025-10-01 20:30:00,0.7977,0.7979,0.79762,0.79788,361,2,0
2025-10-01 20:45:00,0.79788,0.79789,0.79754,0.79783,432,2,0
2025-10-01 21:00:00,0.79783,0.79801,0.79723,0.79724,480,2,0
2025-10-01 21:15:00,0.79724,0.79733,0.79701,0.79706,393,2,0
2025-10-01 21:30:00,0.79706,0.79709,0.79677,0.79696,476,2,0
2025-10-01 21:45:00,0.79696,0.79707,0.79666,0.79706,591,2,0
2025-10-01 22:00:00,0.79707,0.79724,0.79702,0.79709,366,2,0
2025-10-01 22:15:00,0.79709,0.79723,0.79692,0.79695,342,2,0
2025-10-01 22:30:00,0.79695,0.79702,0.79677,0.79679,264,2,0
2025-10-01 22:45:00,0.79679,0.7971,0.79663,0.797,304,2,0
2025-10-01 23:00:00,0.79699,0.79729,0.79692,0.79727,243,2,0
2025-10-01 23:15:00,0.79727,0.79743,0.79708,0.79739,232,2,0
2025-10-01 23:30:00,0.79739,0.79742,0.7971,0.79717,257,2,0
2025-10-01 23:45:00,0.79717,0.79736,0.79679,0.79692,447,12,0
2025-10-02 00:00:00,0.79648,0.79648,0.79586,0.79636,32,100,0
2025-10-02 00:15:00,0.79636,0.79652,0.79618,0.7965,39,102,0
2025-10-02 00:30:00,0.79663,0.79674,0.79619,0.7966,149,61,0
2025-10-02 00:45:00,0.79668,0.79672,0.79612,0.79612,164,61,0
2025-10-02 01:00:00,0.79612,0.797,0.79612,0.79699,324,2,0
2025-10-02 01:15:00,0.79699,0.797,0.79688,0.79698,471,2,0
2025-10-02 01:30:00,0.79698,0.797,0.79689,0.7969,193,2,0
2025-10-02 01:45:00,0.7969,0.79693,0.79684,0.79691,116,2,0
2025-10-02 02:00:00,0.79691,0.79694,0.79674,0.79685,157,2,0
2025-10-02 02:15:00,0.79685,0.797,0.79685,0.79691,118,2,0
2025-10-02 02:30:00,0.79691,0.79699,0.79681,0.79689,224,2,0
2025-10-02 02:45:00,0.79689,0.79698,0.79686,0.79698,262,2,0
2025-10-02 03:00:00,0.79699,0.79745,0.79688,0.79744,556,2,0
2025-10-02 03:15:00,0.79744,0.79749,0.79717,0.79735,342,2,0
2025-10-02 03:30:00,0.79734,0.79746,0.79714,0.79734,329,2,0
2025-10-02 03:45:00,0.79734,0.79746,0.79702,0.79712,399,2,0
2025-10-02 04:00:00,0.79712,0.79737,0.79691,0.79695,415,2,0
2025-10-02 04:15:00,0.79695,0.79698,0.79639,0.7965,488,2,0
2025-10-02 04:30:00,0.7965,0.79665,0.79619,0.7964,537,2,0
2025-10-02 04:45:00,0.79642,0.79644,0.79623,0.79627,448,2,0
2025-10-02 05:00:00,0.79627,0.79648,0.7961,0.7961,363,2,0
2025-10-02 05:15:00,0.7961,0.79646,0.7961,0.79633,218,2,0
2025-10-02 05:30:00,0.79633,0.79647,0.79625,0.79636,205,2,0
2025-10-02 05:45:00,0.79636,0.79644,0.7962,0.79631,199,2,0
2025-10-02 06:00:00,0.79631,0.79641,0.79622,0.79624,233,2,0
2025-10-02 06:15:00,0.79624,0.79639,0.79621,0.79638,174,2,0
2025-10-02 06:30:00,0.79638,0.79663,0.79637,0.79661,237,2,0
2025-10-02 06:45:00,0.79661,0.79664,0.79652,0.79658,168,2,0
2025-10-02 07:00:00,0.79658,0.7968,0.79655,0.79665,238,2,0
2025-10-02 07:15:00,0.79665,0.79673,0.79656,0.79667,222,2,0
2025-10-02 07:30:00,0.79667,0.79684,0.79667,0.79678,274,2,0
2025-10-02 07:45:00,0.79678,0.79685,0.79668,0.79669,252,2,0
2025-10-02 08:00:00,0.79669,0.7969,0.79648,0.79688,410,2,0
2025-10-02 08:15:00,0.79688,0.79701,0.79683,0.79691,198,2,0
2025-10-02 08:30:00,0.79686,0.79692,0.7967,0.79672,251,2,0
2025-10-02 08:45:00,0.79672,0.79691,0.79667,0.79675,272,2,0
2025-10-02 09:00:00,0.79671,0.79671,0.79627,0.79649,453,2,0
2025-10-02 09:15:00,0.79649,0.79699,0.79641,0.79695,378,2,0
2025-10-02 09:30:00,0.79693,0.79753,0.79661,0.79741,988,2,0
2025-10-02 09:45:00,0.79742,0.79748,0.79685,0.7969,791,2,0
2025-10-02 10:00:00,0.79688,0.79712,0.79641,0.79647,1006,2,0
2025-10-02 10:15:00,0.79647,0.79694,0.7961,0.79684,730,2,0
2025-10-02 10:30:00,0.79686,0.79686,0.79629,0.7963,575,2,0
2025-10-02 10:45:00,0.7963,0.79663,0.79595,0.79658,618,2,0
2025-10-02 11:00:00,0.79658,0.79661,0.79587,0.79616,655,2,0
2025-10-02 11:15:00,0.79616,0.79622,0.79586,0.79606,629,2,0
2025-10-02 11:30:00,0.79607,0.79685,0.79605,0.79659,711,2,0
2025-10-02 11:45:00,0.79659,0.79667,0.79605,0.79625,737,2,0
2025-10-02 12:00:00,0.79627,0.79628,0.79556,0.7956,704,2,0
2025-10-02 12:15:00,0.7956,0.79565,0.7953,0.79543,629,2,0
2025-10-02 12:30:00,0.79543,0.79576,0.7953,0.79569,527,2,0
2025-10-02 12:45:00,0.79569,0.79592,0.79558,0.79566,662,2,0
2025-10-02 13:00:00,0.79565,0.79642,0.7956,0.79619,722,2,0
2025-10-02 13:15:00,0.79619,0.79637,0.79583,0.79589,442,2,0
2025-10-02 13:30:00,0.79589,0.79611,0.79559,0.79599,531,2,0
2025-10-02 13:45:00,0.79599,0.796,0.79536,0.79537,481,2,0
2025-10-02 14:00:00,0.79538,0.79591,0.79536,0.79586,579,2,0
2025-10-02 14:15:00,0.79586,0.79601,0.79556,0.79584,499,2,0
2025-10-02 14:30:00,0.79584,0.79601,0.79545,0.79562,535,2,0
2025-10-02 14:45:00,0.79562,0.79593,0.79553,0.79574,680,2,0
2025-10-02 15:00:00,0.79574,0.79574,0.79513,0.79544,684,2,0
2025-10-02 15:15:00,0.79543,0.79628,0.79539,0.79612,610,2,0
2025-10-02 15:30:00,0.79612,0.79692,0.79603,0.79671,795,2,0
2025-10-02 15:45:00,0.79671,0.7968,0.79634,0.79666,889,2,0
2025-10-02 16:00:00,0.79666,0.79689,0.79636,0.79684,1009,2,0
2025-10-02 16:15:00,0.79683,0.79707,0.79667,0.7969,756,2,0
2025-10-02 16:30:00,0.79693,0.79802,0.79686,0.79785,1182,2,0
2025-10-02 16:45:00,0.79785,0.79823,0.79756,0.7979,1010,2,0
2025-10-02 17:00:00,0.7979,0.79846,0.79785,0.79811,1121,2,0
2025-10-02 17:15:00,0.79811,0.79848,0.79783,0.79795,1072,2,0
2025-10-02 17:30:00,0.79795,0.79836,0.79785,0.79835,967,2,0
2025-10-02 17:45:00,0.79833,0.79861,0.7982,0.7983,1019,2,0
2025-10-02 18:00:00,0.7983,0.79919,0.7983,0.79914,889,2,0
2025-10-02 18:15:00,0.79913,0.79949,0.79881,0.79906,831,2,0
2025-10-02 18:30:00,0.79906,0.7997,0.799,0.79924,761,2,0
2025-10-02 18:45:00,0.79924,0.80002,0.7992,0.79935,748,2,0
2025-10-02 19:00:00,0.79936,0.79949,0.79883,0.79893,761,2,0
2025-10-02 19:15:00,0.79894,0.799,0.79861,0.79866,638,2,0
2025-10-02 19:30:00,0.79865,0.79869,0.79842,0.79844,480,2,0
2025-10-02 19:45:00,0.79844,0.79855,0.79808,0.79811,457,2,0
2025-10-02 20:00:00,0.79811,0.79827,0.79786,0.79824,545,2,0
2025-10-02 20:15:00,0.79822,0.7983,0.79776,0.79797,395,2,0
2025-10-02 20:30:00,0.79797,0.79825,0.79797,0.79818,459,2,0
2025-10-02 20:45:00,0.79818,0.79843,0.7979,0.79842,391,2,0
2025-10-02 21:00:00,0.79842,0.79858,0.79816,0.79822,483,2,0
2025-10-02 21:15:00,0.79822,0.79826,0.79799,0.79801,325,2,0
2025-10-02 21:30:00,0.79801,0.79809,0.79792,0.79805,293,2,0
2025-10-02 21:45:00,0.79805,0.79807,0.7975,0.79761,405,2,0
2025-10-02 22:00:00,0.79761,0.79768,0.7972,0.79728,317,2,0
2025-10-02 22:15:00,0.79728,0.79732,0.79713,0.79729,298,2,0
2025-10-02 22:30:00,0.79729,0.7975,0.79727,0.79743,289,2,0
2025-10-02 22:45:00,0.79744,0.79767,0.79734,0.79764,284,2,0
2025-10-02 23:00:00,0.79764,0.79776,0.79739,0.79764,322,2,0
2025-10-02 23:15:00,0.79764,0.79779,0.79756,0.79777,163,2,0
2025-10-02 23:30:00,0.79777,0.79781,0.7975,0.79776,157,2,0
2025-10-02 23:45:00,0.79774,0.79794,0.79769,0.79782,260,12,0
2025-10-03 00:00:00,0.79697,0.7973,0.79672,0.79713,24,100,0
2025-10-03 00:15:00,0.79713,0.79724,0.79709,0.79717,51,98,0
2025-10-03 00:30:00,0.79716,0.7972,0.79683,0.79692,247,64,0
2025-10-03 00:45:00,0.79692,0.79706,0.79686,0.79702,235,96,0
2025-10-03 01:00:00,0.79702,0.79766,0.79702,0.7976,225,2,0
2025-10-03 01:15:00,0.7976,0.79764,0.79748,0.79751,886,2,0
2025-10-03 01:30:00,0.79751,0.79761,0.7974,0.79742,1003,2,0
2025-10-03 01:45:00,0.79742,0.79755,0.79739,0.79752,428,2,0
2025-10-03 02:00:00,0.79752,0.79755,0.79743,0.79746,201,2,0
2025-10-03 02:15:00,0.79746,0.7975,0.79723,0.79729,212,2,0
2025-10-03 02:30:00,0.79729,0.7973,0.79707,0.79714,173,2,0
2025-10-03 02:45:00,0.79714,0.79715,0.79702,0.79706,216,2,0
2025-10-03 03:00:00,0.79706,0.79751,0.79706,0.79738,421,2,0
2025-10-03 03:15:00,0.79738,0.79758,0.79733,0.79745,336,2,0
2025-10-03 03:30:00,0.79745,0.79764,0.79744,0.79753,316,2,0
2025-10-03 03:45:00,0.79753,0.79756,0.79736,0.7974,551,2,0
2025-10-03 04:00:00,0.79739,0.79766,0.79704,0.79746,848,2,0
2025-10-03 04:15:00,0.79746,0.79798,0.79739,0.79782,984,2,0
2025-10-03 04:30:00,0.79781,0.79793,0.7975,0.79757,646,2,0
2025-10-03 04:45:00,0.79757,0.7976,0.79723,0.79733,492,2,0
2025-10-03 05:00:00,0.79732,0.79745,0.79728,0.79733,323,2,0
2025-10-03 05:15:00,0.79733,0.79765,0.79723,0.79762,323,2,0
2025-10-03 05:30:00,0.79762,0.79783,0.79756,0.79762,482,2,0
2025-10-03 05:45:00,0.7976,0.79778,0.79758,0.79776,338,2,0
2025-10-03 06:00:00,0.79773,0.79794,0.79768,0.79785,336,2,0
2025-10-03 06:15:00,0.79785,0.79798,0.79776,0.79788,295,2,0
2025-10-03 06:30:00,0.79788,0.79789,0.79766,0.7977,281,2,0
2025-10-03 06:45:00,0.7977,0.79774,0.79743,0.79746,314,2,0
2025-10-03 07:00:00,0.79747,0.79754,0.79726,0.79747,324,2,0
2025-10-03 07:15:00,0.79747,0.79759,0.79747,0.79753,247,2,0
2025-10-03 07:30:00,0.79753,0.79775,0.79753,0.79763,295,2,0
2025-10-03 07:45:00,0.79763,0.79777,0.79755,0.79773,368,2,0
2025-10-03 08:00:00,0.79773,0.79789,0.79756,0.79765,469,2,0
2025-10-03 08:15:00,0.79762,0.79795,0.79758,0.79783,478,2,0
2025-10-03 08:30:00,0.79784,0.798,0.79774,0.79794,398,2,0
2025-10-03 08:45:00,0.79795,0.79803,0.79775,0.79794,523,2,0
2025-10-03 09:00:00,0.79794,0.79799,0.79737,0.79741,416,2,0
2025-10-03 09:15:00,0.79741,0.79772,0.79725,0.79762,453,2,0
2025-10-03 09:30:00,0.79762,0.79766,0.7971,0.79731,534,2,0
2025-10-03 09:45:00,0.7973,0.7978,0.79725,0.79771,486,2,0
2025-10-03 10:00:00,0.79769,0.79793,0.7974,0.79785,541,2,0
2025-10-03 10:15:00,0.79785,0.79798,0.79759,0.79761,471,2,0
2025-10-03 10:30:00,0.79762,0.79763,0.79673,0.79712,619,2,0
2025-10-03 10:45:00,0.79712,0.79738,0.79687,0.79697,463,2,0
2025-10-03 11:00:00,0.79696,0.79733,0.79689,0.79716,553,2,0
2025-10-03 11:15:00,0.79716,0.79744,0.79674,0.79682,634,2,0
2025-10-03 11:30:00,0.79686,0.79703,0.79674,0.79679,670,2,0
2025-10-03 11:45:00,0.79679,0.79712,0.79578,0.79623,789,2,0
2025-10-03 12:00:00,0.79623,0.79694,0.7962,0.79691,565,2,0
2025-10-03 12:15:00,0.79691,0.79717,0.79689,0.79703,379,2,0
2025-10-03 12:30:00,0.79703,0.79714,0.79662,0.79688,380,2,0
2025-10-03 12:45:00,0.79687,0.79703,0.79668,0.79675,379,2,0
2025-10-03 13:00:00,0.79674,0.79717,0.79661,0.79672,392,2,0
2025-10-03 13:15:00,0.79672,0.79686,0.79661,0.79669,384,2,0
2025-10-03 13:30:00,0.79669,0.7969,0.79659,0.79675,303,2,0
2025-10-03 13:45:00,0.79675,0.79682,0.79652,0.7966,337,2,0
2025-10-03 14:00:00,0.7966,0.79696,0.79651,0.79679,346,2,0
2025-10-03 14:15:00,0.79679,0.79702,0.79631,0.79632,523,2,0
2025-10-03 14:30:00,0.79634,0.79636,0.79586,0.79598,445,2,0
2025-10-03 14:45:00,0.79598,0.79631,0.79588,0.79621,484,2,0
2025-10-03 15:00:00,0.79617,0.79637,0.79597,0.79617,670,2,0
2025-10-03 15:15:00,0.79617,0.79631,0.79576,0.79595,525,2,0
2025-10-03 15:30:00,0.79596,0.7966,0.79581,0.79615,945,2,0
2025-10-03 15:45:00,0.79614,0.79629,0.79567,0.79575,708,2,0
2025-10-03 16:00:00,0.79575,0.79647,0.79567,0.79631,671,2,0
2025-10-03 16:15:00,0.79631,0.79642,0.79583,0.7959,742,2,0
2025-10-03 16:30:00,0.7959,0.79622,0.79558,0.79563,820,2,0
2025-10-03 16:45:00,0.79564,0.79669,0.79549,0.79646,1035,2,0
2025-10-03 17:00:00,0.79575,0.79636,0.79504,0.79612,2149,2,0
2025-10-03 17:15:00,0.79612,0.7962,0.79549,0.79582,1543,2,0
2025-10-03 17:30:00,0.79582,0.79625,0.79543,0.79601,1200,2,0
2025-10-03 17:45:00,0.79601,0.79621,0.79506,0.79527,1365,2,0
2025-10-03 18:00:00,0.79527,0.79563,0.79516,0.7952,1008,2,0
2025-10-03 18:15:00,0.7952,0.79537,0.79498,0.79507,516,2,0
2025-10-03 18:30:00,0.79508,0.79519,0.79478,0.79495,559,2,0
2025-10-03 18:45:00,0.79495,0.79514,0.79469,0.79489,542,2,0
2025-10-03 19:00:00,0.7949,0.79521,0.79469,0.79507,527,2,0
2025-10-03 19:15:00,0.79507,0.79552,0.79507,0.7954,410,2,0
2025-10-03 19:30:00,0.7954,0.79557,0.79531,0.7955,311,2,0
2025-10-03 19:45:00,0.7955,0.79553,0.79525,0.79528,350,2,0
2025-10-03 20:00:00,0.79528,0.79545,0.79513,0.79515,449,2,0
2025-10-03 20:15:00,0.79515,0.7953,0.7951,0.79525,317,2,0
2025-10-03 20:30:00,0.79525,0.79542,0.79519,0.79526,305,2,0
2025-10-03 20:45:00,0.79527,0.79597,0.79524,0.79586,473,2,0
2025-10-03 21:00:00,0.79586,0.79616,0.79581,0.79588,429,2,0
2025-10-03 21:15:00,0.79588,0.79604,0.79579,0.79585,313,2,0
2025-10-03 21:30:00,0.79584,0.79587,0.79554,0.79558,280,2,0
2025-10-03 21:45:00,0.79558,0.79562,0.79541,0.79542,353,2,0
2025-10-03 22:00:00,0.79544,0.79561,0.79533,0.79543,320,2,0
2025-10-03 22:15:00,0.79543,0.79543,0.7952,0.79532,205,2,0
2025-10-03 22:30:00,0.79533,0.79545,0.79527,0.79527,162,2,0
2025-10-03 22:45:00,0.79526,0.79554,0.79525,0.79539,235,2,0
2025-10-03 23:00:00,0.7954,0.79542,0.79507,0.79542,209,2,0
2025-10-03 23:15:00,0.79542,0.79544,0.79523,0.7953,161,2,0
2025-10-03 23:30:00,0.79531,0.79558,0.79531,0.79539,162,2,0
2025-10-03 23:45:00,0.79537,0.79548,0.79468,0.79481,207,12,0
2025-10-06 00:00:00,0.79533,0.79578,0.79478,0.79515,133,200,0
2025-10-06 00:15:00,0.79515,0.79545,0.79515,0.79527,192,300,0
2025-10-06 00:30:00,0.79534,0.79673,0.79534,0.79642,257,61,0
2025-10-06 00:45:00,0.79641,0.79649,0.79632,0.79646,102,61,0
2025-10-06 01:00:00,0.79646,0.79775,0.79646,0.79757,1021,2,0
2025-10-06 01:15:00,0.79753,0.79768,0.79721,0.79734,1677,2,0
2025-10-06 01:30:00,0.79734,0.79756,0.79722,0.79735,724,2,0
2025-10-06 01:45:00,0.79736,0.79752,0.79732,0.79746,467,2,0
2025-10-06 02:00:00,0.79747,0.79762,0.79737,0.79745,1169,2,0
2025-10-06 02:15:00,0.79745,0.7976,0.79717,0.79751,2062,2,0
2025-10-06 02:30:00,0.79751,0.7978,0.79717,0.79717,1993,2,0
2025-10-06 02:45:00,0.79717,0.79736,0.79705,0.79723,1501,2,0
2025-10-06 03:00:00,0.79718,0.79737,0.79661,0.79723,1208,2,0
2025-10-06 03:15:00,0.79723,0.79728,0.79674,0.797,1008,2,0
2025-10-06 03:30:00,0.797,0.79718,0.79675,0.79707,738,2,0
2025-10-06 03:45:00,0.79707,0.79708,0.79645,0.79654,993,2,0
2025-10-06 04:00:00,0.79651,0.79678,0.79642,0.79664,551,2,0
2025-10-06 04:15:00,0.79664,0.79716,0.79654,0.797,819,2,0
2025-10-06 04:30:00,0.79703,0.79705,0.79636,0.79645,926,2,0
2025-10-06 04:45:00,0.79645,0.79646,0.79596,0.79612,748,2,0
2025-10-06 05:00:00,0.79612,0.79615,0.79566,0.79569,631,2,0
2025-10-06 05:15:00,0.79566,0.79584,0.79556,0.79564,532,2,0
2025-10-06 05:30:00,0.79564,0.79586,0.79543,0.79583,513,2,0
2025-10-06 05:45:00,0.79583,0.79594,0.79572,0.7959,444,2,0
2025-10-06 06:00:00,0.79591,0.79594,0.7956,0.79571,474,2,0
2025-10-06 06:15:00,0.79572,0.79577,0.79551,0.79554,420,2,0
2025-10-06 06:30:00,0.79554,0.79557,0.79536,0.79541,388,2,0
2025-10-06 06:45:00,0.79541,0.79584,0.79538,0.79573,515,2,0
2025-10-06 07:00:00,0.79573,0.79611,0.79547,0.79604,527,2,0
2025-10-06 07:15:00,0.79604,0.79613,0.79573,0.79591,624,2,0
2025-10-06 07:30:00,0.79591,0.79608,0.7957,0.79591,759,2,0
2025-10-06 07:45:00,0.79591,0.79602,0.79575,0.79598,606,2,0
2025-10-06 08:00:00,0.79598,0.79615,0.79559,0.79615,486,2,0
2025-10-06 08:15:00,0.79613,0.79627,0.79592,0.79608,555,2,0
2025-10-06 08:30:00,0.79608,0.79643,0.79608,0.79632,579,2,0
2025-10-06 08:45:00,0.79632,0.79641,0.79602,0.79606,513,2,0
2025-10-06 09:00:00,0.79607,0.79695,0.7959,0.79679,853,2,0
2025-10-06 09:15:00,0.79679,0.79712,0.79666,0.79677,715,2,0
2025-10-06 09:30:00,0.79677,0.79709,0.79629,0.79709,886,2,0
2025-10-06 09:45:00,0.79709,0.79793,0.79702,0.79769,1069,2,0
2025-10-06 10:00:00,0.79771,0.79805,0.79734,0.79764,1131,2,0
2025-10-06 10:15:00,0.79764,0.79788,0.79729,0.79734,803,2,0
2025-10-06 10:30:00,0.79735,0.79887,0.79698,0.79887,1647,2,0
2025-10-06 10:45:00,0.79883,0.79911,0.79831,0.79902,1932,2,0
2025-10-06 11:00:00,0.79903,0.79931,0.79876,0.79914,1384,2,0
2025-10-06 11:15:00,0.79913,0.79936,0.7987,0.79883,998,2,0
2025-10-06 11:30:00,0.79884,0.79899,0.79807,0.79809,962,2,0
2025-10-06 11:45:00,0.79809,0.79872,0.79796,0.79865,751,2,0
2025-10-06 12:00:00,0.79866,0.799,0.79842,0.79867,710,2,0
2025-10-06 12:15:00,0.79867,0.79896,0.79857,0.79876,573,2,0
2025-10-06 12:30:00,0.79878,0.79921,0.79848,0.79921,534,2,0
2025-10-06 12:45:00,0.79921,0.79925,0.79869,0.79883,566,2,0
2025-10-06 13:00:00,0.79884,0.79939,0.79882,0.79914,600,2,0
2025-10-06 13:15:00,0.79914,0.79939,0.79886,0.79889,563,2,0
2025-10-06 13:30:00,0.79892,0.79905,0.79868,0.7988,498,2,0
2025-10-06 13:45:00,0.7988,0.79899,0.79839,0.7984,643,2,0
2025-10-06 14:00:00,0.7984,0.79883,0.79824,0.79837,589,2,0
2025-10-06 14:15:00,0.79837,0.79857,0.79802,0.79802,501,2,0
2025-10-06 14:30:00,0.79802,0.79813,0.79763,0.79776,494,2,0
2025-10-06 14:45:00,0.79776,0.79818,0.79771,0.79793,691,2,0
2025-10-06 15:00:00,0.79793,0.79796,0.79717,0.79754,1603,2,0
2025-10-06 15:15:00,0.79754,0.79792,0.79736,0.79789,1018,2,0
2025-10-06 15:30:00,0.79789,0.79796,0.79732,0.7976,835,0,0
2025-10-06 15:45:00,0.7976,0.79772,0.79712,0.79718,814,2,0
2025-10-06 16:00:00,0.79717,0.79726,0.79671,0.79703,805,2,0
2025-10-06 16:15:00,0.79703,0.79739,0.79687,0.79734,676,2,0
2025-10-06 16:30:00,0.79734,0.79767,0.79695,0.79698,973,2,0
2025-10-06 16:45:00,0.79698,0.79715,0.79634,0.79663,967,2,0
2025-10-06 17:00:00,0.79663,0.79674,0.79585,0.79626,1006,2,0
2025-10-06 17:15:00,0.79626,0.79689,0.79619,0.79656,740,2,0
2025-10-06 17:30:00,0.79656,0.79666,0.79608,0.79609,703,2,0
2025-10-06 17:45:00,0.79609,0.79635,0.79518,0.79535,1192,2,0
2025-10-06 18:00:00,0.79536,0.79545,0.79479,0.79519,900,2,0
2025-10-06 18:15:00,0.79519,0.79556,0.79513,0.79547,549,2,0
2025-10-06 18:30:00,0.79546,0.7958,0.79546,0.7955,514,2,0
2025-10-06 18:45:00,0.7955,0.79566,0.7954,0.79541,504,2,0
2025-10-06 19:00:00,0.79538,0.79573,0.79529,0.79572,609,2,0
2025-10-06 19:15:00,0.79572,0.79585,0.79559,0.79568,395,2,0
2025-10-06 19:30:00,0.79568,0.7958,0.79556,0.79556,318,2,0
2025-10-06 19:45:00,0.79556,0.79565,0.79504,0.79512,367,2,0
2025-10-06 20:00:00,0.79513,0.7953,0.79508,0.79529,336,2,0
2025-10-06 20:15:00,0.79527,0.79536,0.79516,0.79528,339,2,0
2025-10-06 20:30:00,0.79528,0.7954,0.79515,0.79531,374,2,0
2025-10-06 20:45:00,0.7953,0.79555,0.79529,0.79551,387,2,0
2025-10-06 21:00:00,0.79552,0.79559,0.79526,0.79533,345,2,0
2025-10-06 21:15:00,0.79533,0.79537,0.79505,0.79515,345,2,0
2025-10-06 21:30:00,0.79515,0.79544,0.79513,0.79528,312,2,0
2025-10-06 21:45:00,0.79528,0.79553,0.79523,0.79533,397,2,0
2025-10-06 22:00:00,0.79534,0.79535,0.79513,0.79517,370,2,0
2025-10-06 22:15:00,0.79517,0.79525,0.79497,0.795,290,2,0
2025-10-06 22:30:00,0.795,0.79502,0.7948,0.79483,262,2,0
2025-10-06 22:45:00,0.79483,0.79505,0.79476,0.79497,358,2,0
2025-10-06 23:00:00,0.79499,0.79519,0.79493,0.79503,204,2,0
2025-10-06 23:15:00,0.79503,0.79508,0.79467,0.7948,193,2,0
2025-10-06 23:30:00,0.7948,0.7949,0.79479,0.79486,118,2,0
2025-10-06 23:45:00,0.79486,0.79489,0.79473,0.79478,297,12,0
2025-10-07 00:00:00,0.79452,0.79496,0.79416,0.79451,20,97,0
2025-10-07 00:15:00,0.79451,0.79459,0.79414,0.79455,140,96,0
2025-10-07 00:30:00,0.79442,0.79459,0.7944,0.79457,154,100,0
2025-10-07 00:45:00,0.79457,0.79465,0.79451,0.79453,155,84,0
2025-10-07 01:00:00,0.79453,0.79508,0.79431,0.79502,463,2,0
2025-10-07 01:15:00,0.79502,0.79505,0.79477,0.79487,1815,2,0
2025-10-07 01:30:00,0.79487,0.79513,0.79483,0.79506,1551,2,0
2025-10-07 01:45:00,0.79506,0.79514,0.79494,0.79498,401,2,0
2025-10-07 02:00:00,0.79497,0.7951,0.79486,0.79506,344,2,0
2025-10-07 02:15:00,0.79506,0.79512,0.79501,0.79505,191,2,0
2025-10-07 02:30:00,0.79505,0.79509,0.79481,0.79488,353,2,0
2025-10-07 02:45:00,0.79488,0.79502,0.79484,0.79499,506,2,0
2025-10-07 03:00:00,0.79497,0.79538,0.79495,0.79531,698,2,0
2025-10-07 03:15:00,0.79531,0.79531,0.79491,0.79504,676,2,0
2025-10-07 03:30:00,0.79504,0.79539,0.79501,0.79534,416,2,0
2025-10-07 03:45:00,0.79534,0.79541,0.79499,0.79504,798,2,0
2025-10-07 04:00:00,0.79503,0.79543,0.795,0.79522,521,2,0
2025-10-07 04:15:00,0.79522,0.79526,0.79498,0.79517,573,2,0
2025-10-07 04:30:00,0.79515,0.79566,0.79515,0.79562,543,2,0
2025-10-07 04:45:00,0.79562,0.79575,0.79547,0.79572,614,2,0
2025-10-07 05:00:00,0.79572,0.79572,0.79527,0.79539,486,2,0
2025-10-07 05:15:00,0.79539,0.79548,0.79533,0.79535,457,2,0
2025-10-07 05:30:00,0.79535,0.7956,0.79531,0.79556,390,2,0
2025-10-07 05:45:00,0.79556,0.79571,0.79549,0.79567,401,2,0
2025-10-07 06:00:00,0.79567,0.79579,0.79552,0.79554,292,2,0
2025-10-07 06:15:00,0.79554,0.79554,0.79524,0.79544,299,2,0
2025-10-07 06:30:00,0.79544,0.79553,0.79525,0.79536,254,2,0
2025-10-07 06:45:00,0.79536,0.79551,0.79531,0.79548,359,2,0
2025-10-07 07:00:00,0.79548,0.79564,0.79535,0.79538,450,2,0
2025-10-07 07:15:00,0.79538,0.79555,0.79531,0.79546,512,2,0
2025-10-07 07:30:00,0.79546,0.79553,0.79533,0.79553,826,2,0
2025-10-07 07:45:00,0.79553,0.79578,0.7955,0.79559,506,2,0
2025-10-07 08:00:00,0.79559,0.79611,0.79549,0.79599,466,2,0
2025-10-07 08:15:00,0.79599,0.79618,0.79596,0.7961,318,2,0
2025-10-07 08:30:00,0.7961,0.7963,0.79604,0.7962,302,2,0
2025-10-07 08:45:00,0.7962,0.79633,0.79589,0.79598,469,2,0
2025-10-07 09:00:00,0.79598,0.79675,0.79597,0.79662,822,2,0
2025-10-07 09:15:00,0.79662,0.79703,0.79647,0.79689,571,2,0
2025-10-07 09:30:00,0.7969,0.7969,0.79654,0.79657,521,2,0
2025-10-07 09:45:00,0.79657,0.79693,0.79654,0.79675,546,2,0
2025-10-07 10:00:00,0.79674,0.79744,0.79666,0.79706,748,2,0
2025-10-07 10:15:00,0.79706,0.79723,0.79681,0.79711,822,2,0
2025-10-07 10:30:00,0.79711,0.79758,0.79697,0.79757,664,2,0
2025-10-07 10:45:00,0.79757,0.7977,0.79735,0.79746,717,2,0
2025-10-07 11:00:00,0.79747,0.79756,0.79695,0.797,580,2,0
2025-10-07 11:15:00,0.797,0.79745,0.79677,0.79739,506,2,0
2025-10-07 11:30:00,0.79741,0.79767,0.79726,0.79766,465,2,0
2025-10-07 11:45:00,0.79766,0.79778,0.79754,0.79776,536,2,0
2025-10-07 12:00:00,0.79776,0.79779,0.79735,0.79757,583,2,0
2025-10-07 12:15:00,0.79757,0.79786,0.79755,0.79779,515,2,0
2025-10-07 12:30:00,0.79779,0.79818,0.79768,0.79797,478,2,0
2025-10-07 12:45:00,0.79797,0.79814,0.79774,0.79802,567,2,0
2025-10-07 13:00:00,0.79802,0.79827,0.79768,0.79772,538,2,0
2025-10-07 13:15:00,0.79772,0.79774,0.7974,0.79747,425,2,0
2025-10-07 13:30:00,0.79747,0.79747,0.79706,0.79719,432,2,0
2025-10-07 13:45:00,0.79719,0.79731,0.79692,0.79715,461,2,0
2025-10-07 14:00:00,0.79715,0.79787,0.79715,0.79786,500,2,0
2025-10-07 14:15:00,0.79786,0.79832,0.79775,0.79827,454,2,0
2025-10-07 14:30:00,0.79827,0.79852,0.79813,0.79821,542,2,0
2025-10-07 14:45:00,0.79821,0.79895,0.79821,0.79861,666,2,0
2025-10-07 15:00:00,0.79861,0.79885,0.79834,0.79883,727,2,0
2025-10-07 15:15:00,0.79883,0.79916,0.79843,0.79844,743,2,0
2025-10-07 15:30:00,0.79844,0.79862,0.79779,0.79787,943,2,0
2025-10-07 15:45:00,0.79787,0.79824,0.79752,0.79753,789,2,0
2025-10-07 16:00:00,0.79755,0.79788,0.79729,0.79771,958,2,0
2025-10-07 16:15:00,0.7977,0.79787,0.79741,0.79782,819,2,0
2025-10-07 16:30:00,0.79782,0.7981,0.79774,0.798,821,2,0
2025-10-07 16:45:00,0.79798,0.7983,0.79758,0.79823,753,2,0
2025-10-07 17:00:00,0.79824,0.79836,0.79773,0.79788,1045,2,0
2025-10-07 17:15:00,0.79788,0.79803,0.79756,0.79799,777,2,0
2025-10-07 17:30:00,0.79799,0.79812,0.79771,0.79803,882,2,0
2025-10-07 17:45:00,0.79803,0.79826,0.7978,0.79801,723,2,0
2025-10-07 18:00:00,0.79801,0.79809,0.79711,0.79719,923,2,0
2025-10-07 18:15:00,0.79719,0.79735,0.79693,0.79723,670,2,0
2025-10-07 18:30:00,0.79723,0.79758,0.79691,0.79692,755,2,0
2025-10-07 18:45:00,0.79691,0.79709,0.79676,0.79702,794,2,0
2025-10-07 19:00:00,0.79702,0.79723,0.79675,0.79693,758,2,0
2025-10-07 19:15:00,0.79693,0.79707,0.79671,0.79684,548,2,0
2025-10-07 19:30:00,0.79685,0.79745,0.79682,0.79735,617,2,0
2025-10-07 19:45:00,0.79735,0.79747,0.79712,0.79739,496,2,0
2025-10-07 20:00:00,0.79739,0.79743,0.79662,0.79701,567,2,0
2025-10-07 20:15:00,0.79701,0.79728,0.79701,0.79726,462,2,0
2025-10-07 20:30:00,0.79725,0.79756,0.79709,0.79713,515,2,0
2025-10-07 20:45:00,0.79713,0.79769,0.79713,0.79767,402,2,0
2025-10-07 21:00:00,0.79767,0.79783,0.79757,0.79764,526,2,0
2025-10-07 21:15:00,0.79764,0.79784,0.79757,0.79775,451,2,0
2025-10-07 21:30:00,0.79775,0.79826,0.79773,0.79795,560,2,0
2025-10-07 21:45:00,0.79794,0.79809,0.79784,0.79808,499,2,0
2025-10-07 22:00:00,0.79807,0.79843,0.79799,0.7984,479,2,0
2025-10-07 22:15:00,0.7984,0.79866,0.79835,0.7984,382,2,0
2025-10-07 22:30:00,0.7984,0.79881,0.79831,0.79867,395,2,0
2025-10-07 22:45:00,0.79867,0.79882,0.79859,0.79881,301,2,0
2025-10-07 23:00:00,0.79883,0.79895,0.79863,0.79864,349,2,0
2025-10-07 23:15:00,0.79864,0.79866,0.79834,0.79838,241,2,0
2025-10-07 23:30:00,0.79838,0.7985,0.79831,0.79833,217,2,0
2025-10-07 23:45:00,0.79833,0.79836,0.7981,0.79818,222,12,0
2025-10-08 00:00:00,0.79775,0.79778,0.7965,0.79773,113,84,0
2025-10-08 00:15:00,0.79773,0.79805,0.79732,0.7977,1068,61,0
2025-10-08 00:30:00,0.79772,0.7979,0.79767,0.79783,643,82,0
2025-10-08 00:45:00,0.79783,0.79803,0.79775,0.79781,435,78,0
2025-10-08 01:00:00,0.79781,0.79814,0.7976,0.79803,187,2,0
2025-10-08 01:15:00,0.79804,0.79807,0.79799,0.79803,224,2,0
2025-10-08 01:30:00,0.79806,0.79815,0.79801,0.79812,219,2,0
2025-10-08 01:45:00,0.79812,0.79814,0.79808,0.79811,74,2,0
2025-10-08 02:00:00,0.79811,0.79842,0.79811,0.79841,173,2,0
2025-10-08 02:15:00,0.79841,0.79865,0.79839,0.79847,249,2,0
2025-10-08 02:30:00,0.79847,0.79863,0.79843,0.7985,222,2,0
2025-10-08 02:45:00,0.7985,0.79869,0.79833,0.79868,466,2,0
2025-10-08 03:00:00,0.79868,0.79891,0.79859,0.79879,683,2,0
2025-10-08 03:15:00,0.79879,0.79926,0.79879,0.79906,413,2,0
2025-10-08 03:30:00,0.79906,0.79924,0.7989,0.79896,426,2,0
2025-10-08 03:45:00,0.79896,0.7991,0.79879,0.79897,422,2,0
2025-10-08 04:00:00,0.79898,0.79956,0.79898,0.79916,1098,2,0
2025-10-08 04:15:00,0.79916,0.8,0.79907,0.79984,834,2,0
2025-10-08 04:30:00,0.79983,0.80001,0.79982,0.79995,619,2,0
2025-10-08 04:45:00,0.79995,0.80007,0.7998,0.80004,511,2,0
2025-10-08 05:00:00,0.80004,0.80045,0.8,0.80033,641,2,0
2025-10-08 05:15:00,0.80033,0.80069,0.80024,0.80049,733,2,0
2025-10-08 05:30:00,0.8005,0.80059,0.80039,0.80046,563,2,0
2025-10-08 05:45:00,0.80046,0.80062,0.80033,0.80047,393,2,0
2025-10-08 06:00:00,0.80047,0.80093,0.80046,0.80091,316,2,0
2025-10-08 06:15:00,0.80091,0.80102,0.80067,0.80082,365,2,0
2025-10-08 06:30:00,0.80082,0.80086,0.8005,0.80054,299,2,0
2025-10-08 06:45:00,0.80054,0.80084,0.80049,0.80061,363,2,0
2025-10-08 07:00:00,0.80061,0.80085,0.80048,0.80077,336,2,0
2025-10-08 07:15:00,0.80077,0.80094,0.80074,0.80094,333,2,0
2025-10-08 07:30:00,0.80094,0.80104,0.80086,0.80098,296,2,0
2025-10-08 07:45:00,0.80098,0.80104,0.80074,0.80087,312,2,0
2025-10-08 08:00:00,0.80087,0.80133,0.80085,0.8012,366,2,0
2025-10-08 08:15:00,0.8012,0.80126,0.801,0.80116,328,2,0
2025-10-08 08:30:00,0.80116,0.80131,0.80092,0.8012,344,2,0
2025-10-08 08:45:00,0.8012,0.8012,0.80095,0.80096,365,2,0
2025-10-08 09:00:00,0.80096,0.80148,0.80074,0.80147,865,2,0
2025-10-08 09:15:00,0.80147,0.80187,0.80133,0.80156,696,2,0
2025-10-08 09:30:00,0.80156,0.80182,0.80129,0.80141,737,2,0
2025-10-08 09:45:00,0.80142,0.80157,0.80117,0.80128,582,2,0
2025-10-08 10:00:00,0.80125,0.80161,0.80113,0.8014,1013,2,0
2025-10-08 10:15:00,0.8014,0.80164,0.80109,0.80124,836,2,0
2025-10-08 10:30:00,0.80122,0.80138,0.80069,0.80098,1039,2,0
2025-10-08 10:45:00,0.80101,0.80122,0.8006,0.8009,903,2,0
2025-10-08 11:00:00,0.8009,0.80101,0.80049,0.80081,800,2,0
2025-10-08 11:15:00,0.80082,0.80126,0.80075,0.80112,679,2,0
2025-10-08 11:30:00,0.80111,0.80115,0.80078,0.80102,615,2,0
2025-10-08 11:45:00,0.80102,0.80126,0.80081,0.80109,815,2,0
2025-10-08 12:00:00,0.80108,0.80134,0.80053,0.80053,794,2,0
2025-10-08 12:15:00,0.80053,0.80089,0.80048,0.80075,561,2,0
2025-10-08 12:30:00,0.80075,0.80107,0.80059,0.80105,755,2,0
2025-10-08 12:45:00,0.80105,0.80106,0.80064,0.80087,775,2,0
2025-10-08 13:00:00,0.80087,0.80109,0.80073,0.80083,618,2,0
2025-10-08 13:15:00,0.80082,0.80101,0.80012,0.80015,594,2,0
2025-10-08 13:30:00,0.80013,0.80035,0.8,0.80008,517,2,0
2025-10-08 13:45:00,0.80008,0.80016,0.79942,0.79962,644,2,0
2025-10-08 14:00:00,0.79962,0.80019,0.79954,0.79991,839,2,0
2025-10-08 14:15:00,0.79991,0.80009,0.79975,0.7998,522,2,0
2025-10-08 14:30:00,0.7998,0.80014,0.79978,0.80013,458,2,0
2025-10-08 14:45:00,0.80012,0.80033,0.79992,0.80024,434,2,0
2025-10-08 15:00:00,0.80024,0.8004,0.79971,0.79973,704,2,0
2025-10-08 15:15:00,0.79973,0.80001,0.79966,0.79993,722,2,0
2025-10-08 15:30:00,0.79993,0.80046,0.79981,0.80005,647,2,0
2025-10-08 15:45:00,0.80005,0.80041,0.79999,0.80028,722,2,0
2025-10-08 16:00:00,0.80028,0.8004,0.80005,0.80025,692,2,0
2025-10-08 16:15:00,0.80024,0.80077,0.79984,0.80072,771,2,0
2025-10-08 16:30:00,0.80069,0.80089,0.80046,0.80072,730,2,0
2025-10-08 16:45:00,0.80073,0.8014,0.80073,0.80107,1094,2,0
2025-10-08 17:00:00,0.80107,0.80121,0.80058,0.80096,1092,2,0
2025-10-08 17:15:00,0.80096,0.80114,0.80069,0.80086,650,2,0
2025-10-08 17:30:00,0.80087,0.80091,0.80038,0.80058,835,2,0
2025-10-08 17:45:00,0.80056,0.80101,0.8004,0.80053,1547,2,0
2025-10-08 18:00:00,0.80053,0.8012,0.80044,0.80101,949,2,0
2025-10-08 18:15:00,0.80103,0.8014,0.80092,0.80138,938,2,0
2025-10-08 18:30:00,0.80138,0.80191,0.80118,0.80172,973,2,0
2025-10-08 18:45:00,0.80172,0.80245,0.8017,0.80198,1177,2,0
2025-10-08 19:00:00,0.80198,0.80256,0.80192,0.80253,854,2,0
2025-10-08 19:15:00,0.80253,0.80268,0.80235,0.80264,407,2,0
2025-10-08 19:30:00,0.80263,0.80279,0.80239,0.80249,631,2,0
2025-10-08 19:45:00,0.80249,0.80253,0.8022,0.80222,321,2,0
2025-10-08 20:00:00,0.80222,0.8026,0.80215,0.80248,484,2,0
2025-10-08 20:15:00,0.80248,0.80255,0.80232,0.80247,274,2,0
2025-10-08 20:30:00,0.80247,0.80262,0.80228,0.80243,320,2,0
2025-10-08 20:45:00,0.80243,0.80258,0.80232,0.80241,357,2,0
2025-10-08 21:00:00,0.80238,0.80288,0.80232,0.80272,779,2,0
2025-10-08 21:15:00,0.80273,0.80284,0.80204,0.80226,1133,2,0
2025-10-08 21:30:00,0.80223,0.80246,0.80202,0.80204,624,2,0
2025-10-08 21:45:00,0.80204,0.80221,0.80194,0.80203,499,2,0
2025-10-08 22:00:00,0.802,0.80201,0.80157,0.80199,494,2,0
2025-10-08 22:15:00,0.80199,0.80206,0.80176,0.80178,292,2,0
2025-10-08 22:30:00,0.80178,0.80203,0.80171,0.80202,231,2,0
2025-10-08 22:45:00,0.80202,0.80202,0.8017,0.80175,261,2,0
2025-10-08 23:00:00,0.80175,0.80191,0.80158,0.80186,185,2,0
2025-10-08 23:15:00,0.80186,0.80205,0.80173,0.80202,136,2,0
2025-10-08 23:30:00,0.80201,0.80212,0.80189,0.80189,103,2,0
2025-10-08 23:45:00,0.80189,0.80197,0.80157,0.8016,297,12,0
2025-10-09 00:00:00,0.80148,0.8015,0.80093,0.80128,323,90,0
2025-10-09 00:15:00,0.80128,0.80131,0.80119,0.80124,700,94,0
2025-10-09 00:30:00,0.8012,0.80146,0.8012,0.80135,67,78,0
2025-10-09 00:45:00,0.80135,0.80136,0.80103,0.80103,126,74,0
2025-10-09 01:00:00,0.80103,0.80163,0.801,0.80134,371,2,0
2025-10-09 01:15:00,0.80134,0.80156,0.8013,0.80149,691,2,0
2025-10-09 01:30:00,0.80149,0.80162,0.80139,0.80144,311,2,0
2025-10-09 01:45:00,0.80144,0.80148,0.80132,0.80148,207,2,0
2025-10-09 02:00:00,0.80146,0.80155,0.80123,0.80132,308,2,0
2025-10-09 02:15:00,0.80132,0.80167,0.8013,0.80155,335,2,0
2025-10-09 02:30:00,0.80155,0.80159,0.80136,0.80157,310,2,0
2025-10-09 02:45:00,0.80157,0.80161,0.80133,0.80159,390,2,0
2025-10-09 03:00:00,0.8016,0.80166,0.80133,0.80145,450,2,0
2025-10-09 03:15:00,0.80145,0.80152,0.80103,0.80111,443,2,0
2025-10-09 03:30:00,0.8011,0.80114,0.80074,0.80083,331,2,0
2025-10-09 03:45:00,0.80083,0.801,0.80069,0.80099,595,2,0
2025-10-09 04:00:00,0.80099,0.80103,0.80041,0.80058,935,2,0
2025-10-09 04:15:00,0.80054,0.80059,0.80025,0.80037,727,2,0
2025-10-09 04:30:00,0.80037,0.80068,0.80036,0.8006,474,2,0
2025-10-09 04:45:00,0.8006,0.80078,0.80056,0.80071,417,2,0
2025-10-09 05:00:00,0.80071,0.80091,0.80061,0.8007,314,2,0
2025-10-09 05:15:00,0.8007,0.80085,0.80067,0.80071,264,2,0
2025-10-09 05:30:00,0.80071,0.80072,0.80045,0.80048,306,2,0
2025-10-09 05:45:00,0.80048,0.80072,0.80043,0.80068,274,2,0
2025-10-09 06:00:00,0.80068,0.80085,0.80056,0.80084,303,2,0
2025-10-09 06:15:00,0.80084,0.80088,0.80056,0.80065,278,2,0
2025-10-09 06:30:00,0.80065,0.80066,0.80054,0.80058,208,2,0
2025-10-09 06:45:00,0.80058,0.80062,0.80045,0.80055,184,2,0
2025-10-09 07:00:00,0.80055,0.80068,0.80052,0.80061,220,2,0
2025-10-09 07:15:00,0.80061,0.80071,0.80051,0.8007,256,2,0
2025-10-09 07:30:00,0.8007,0.80088,0.80068,0.80078,172,2,0
2025-10-09 07:45:00,0.80078,0.80078,0.8004,0.8005,252,2,0
2025-10-09 08:00:00,0.80051,0.80056,0.80042,0.80053,205,2,0
2025-10-09 08:15:00,0.80053,0.80073,0.80052,0.80061,194,2,0
2025-10-09 08:30:00,0.80061,0.80095,0.80059,0.80087,292,2,0
2025-10-09 08:45:00,0.80087,0.80115,0.80068,0.80102,383,2,0
2025-10-09 09:00:00,0.801,0.80157,0.80098,0.80138,581,2,0
2025-10-09 09:15:00,0.80138,0.80224,0.80129,0.80214,807,2,0
2025-10-09 09:30:00,0.80214,0.80279,0.80212,0.80267,899,2,0
2025-10-09 09:45:00,0.80268,0.80316,0.80262,0.80283,1015,2,0
2025-10-09 10:00:00,0.80279,0.8028,0.80212,0.80242,1124,2,0
2025-10-09 10:15:00,0.80238,0.80305,0.80237,0.803,708,2,0
2025-10-09 10:30:00,0.80298,0.80348,0.80272,0.80318,827,2,0
2025-10-09 10:45:00,0.80318,0.80341,0.80285,0.80334,737,2,0
2025-10-09 11:00:00,0.80334,0.80354,0.80307,0.80316,700,2,0
2025-10-09 11:15:00,0.80316,0.8032,0.80289,0.80304,658,2,0
2025-10-09 11:30:00,0.80303,0.80333,0.80199,0.80216,757,2,0
2025-10-09 11:45:00,0.80216,0.80258,0.80198,0.80202,718,2,0
2025-10-09 12:00:00,0.80201,0.80227,0.80127,0.8021,1422,2,0
2025-10-09 12:15:00,0.8021,0.80228,0.8014,0.80145,890,2,0
2025-10-09 12:30:00,0.80147,0.80156,0.80115,0.80116,620,2,0
2025-10-09 12:45:00,0.80115,0.80139,0.80073,0.8008,551,2,0
2025-10-09 13:00:00,0.80078,0.80091,0.8005,0.80089,467,2,0
2025-10-09 13:15:00,0.80089,0.80093,0.80041,0.80051,396,2,0
2025-10-09 13:30:00,0.80051,0.8011,0.80051,0.80099,404,2,0
2025-10-09 13:45:00,0.80099,0.80108,0.80053,0.80058,515,2,0
2025-10-09 14:00:00,0.80056,0.80149,0.80039,0.80137,650,2,0
2025-10-09 14:15:00,0.80138,0.80145,0.80085,0.80085,385,2,0
2025-10-09 14:30:00,0.80087,0.80095,0.80061,0.80065,419,2,0
2025-10-09 14:45:00,0.80065,0.80132,0.80059,0.80124,515,2,0
2025-10-09 15:00:00,0.80124,0.80188,0.80115,0.80181,785,2,0
2025-10-09 15:15:00,0.8018,0.8023,0.80169,0.80223,765,2,0
2025-10-09 15:30:00,0.80222,0.80243,0.80178,0.80207,971,2,0
2025-10-09 15:45:00,0.80207,0.80242,0.80204,0.80232,807,2,0
2025-10-09 16:00:00,0.80231,0.80273,0.80169,0.80229,2024,2,0
2025-10-09 16:15:00,0.80229,0.80314,0.80215,0.80277,1292,2,0
2025-10-09 16:30:00,0.80277,0.80419,0.80273,0.8039,1245,1,0
2025-10-09 16:45:00,0.8039,0.80402,0.80329,0.8036,1502,2,0
2025-10-09 17:00:00,0.8036,0.80426,0.80358,0.80396,1489,2,0
2025-10-09 17:15:00,0.80397,0.80497,0.80371,0.8049,1458,2,0
2025-10-09 17:30:00,0.8049,0.80516,0.8045,0.80472,1273,2,0
2025-10-09 17:45:00,0.80472,0.80482,0.80424,0.80451,1239,2,0
2025-10-09 18:00:00,0.80454,0.80575,0.80447,0.80545,1225,2,0
2025-10-09 18:15:00,0.80546,0.80609,0.80507,0.80605,1102,2,0
2025-10-09 18:30:00,0.80605,0.80662,0.80598,0.8065,1300,2,0
2025-10-09 18:45:00,0.8065,0.80653,0.80574,0.80595,1000,2,0
2025-10-09 19:00:00,0.80593,0.80635,0.80554,0.80629,853,2,0
2025-10-09 19:15:00,0.80629,0.80653,0.8062,0.80632,650,2,0
2025-10-09 19:30:00,0.80632,0.80676,0.8063,0.80668,698,2,0
2025-10-09 19:45:00,0.80668,0.80698,0.80649,0.80665,921,2,0
2025-10-09 20:00:00,0.80665,0.80698,0.8063,0.80665,1056,2,0
2025-10-09 20:15:00,0.80665,0.80685,0.80638,0.80642,761,2,0
2025-10-09 20:30:00,0.8064,0.80686,0.80624,0.80672,638,2,0
2025-10-09 20:45:00,0.80672,0.80691,0.80664,0.80671,583,2,0
2025-10-09 21:00:00,0.80671,0.8069,0.80664,0.80681,435,2,0
2025-10-09 21:15:00,0.80681,0.80698,0.80664,0.80695,317,2,0
2025-10-09 21:30:00,0.80695,0.80717,0.80689,0.80704,347,2,0
2025-10-09 21:45:00,0.80704,0.80762,0.80704,0.80746,629,2,0
2025-10-09 22:00:00,0.80741,0.80743,0.807,0.80703,524,2,0
2025-10-09 22:15:00,0.80703,0.80713,0.8067,0.80674,348,2,0
2025-10-09 22:30:00,0.80674,0.80676,0.80631,0.80655,374,2,0
2025-10-09 22:45:00,0.80655,0.8067,0.80649,0.80667,354,2,0
2025-10-09 23:00:00,0.8067,0.80671,0.8061,0.80619,258,2,0
2025-10-09 23:15:00,0.80619,0.80638,0.80605,0.80609,187,2,0
2025-10-09 23:30:00,0.80609,0.80619,0.80591,0.80615,283,2,0
2025-10-09 23:45:00,0.80615,0.80627,0.80603,0.80624,321,12,0
2025-10-10 00:00:00,0.80618,0.80618,0.80571,0.80583,19,24,0
2025-10-10 00:15:00,0.80583,0.80583,0.80522,0.80524,65,134,0
2025-10-10 00:30:00,0.80522,0.80533,0.80519,0.80526,257,200,0
2025-10-10 00:45:00,0.80526,0.8053,0.80495,0.80511,132,200,0
2025-10-10 01:00:00,0.80511,0.80631,0.80511,0.80613,415,2,0
2025-10-10 01:15:00,0.80613,0.80627,0.80602,0.80625,1295,2,0
2025-10-10 01:30:00,0.80626,0.80642,0.80618,0.80637,365,2,0
2025-10-10 01:45:00,0.80637,0.80638,0.80626,0.80632,193,2,0
2025-10-10 02:00:00,0.80631,0.80681,0.8063,0.80668,375,2,0
2025-10-10 02:15:00,0.80668,0.80669,0.80629,0.80634,374,2,0
2025-10-10 02:30:00,0.80634,0.80646,0.80618,0.80624,333,2,0
2025-10-10 02:45:00,0.80624,0.80639,0.80618,0.80628,408,2,0
2025-10-10 03:00:00,0.80627,0.80671,0.80617,0.80662,815,2,0
2025-10-10 03:15:00,0.80662,0.80662,0.80633,0.80652,454,2,0
2025-10-10 03:30:00,0.80652,0.8066,0.80628,0.80651,425,2,0
2025-10-10 03:45:00,0.80651,0.80665,0.80627,0.80634,618,2,0
2025-10-10 04:00:00,0.80634,0.80658,0.80617,0.80652,593,2,0
2025-10-10 04:15:00,0.80652,0.80656,0.80629,0.80647,513,2,0
2025-10-10 04:30:00,0.80645,0.80664,0.80639,0.80641,434,2,0
2025-10-10 04:45:00,0.80641,0.80669,0.80622,0.80665,433,2,0
2025-10-10 05:00:00,0.80666,0.8067,0.80615,0.80627,516,2,0
2025-10-10 05:15:00,0.80626,0.80631,0.80601,0.80608,389,2,0
2025-10-10 05:30:00,0.80608,0.80625,0.80602,0.80621,316,2,0
2025-10-10 05:45:00,0.8062,0.80638,0.8062,0.80631,262,2,0
2025-10-10 06:00:00,0.8063,0.8065,0.80614,0.80648,276,2,0
2025-10-10 06:15:00,0.80648,0.80652,0.80621,0.80622,301,2,0
2025-10-10 06:30:00,0.80622,0.8063,0.80596,0.80604,300,2,0
2025-10-10 06:45:00,0.80603,0.80608,0.80587,0.80597,316,2,0
2025-10-10 07:00:00,0.80596,0.8064,0.80584,0.80631,345,2,0
2025-10-10 07:15:00,0.80631,0.80639,0.80596,0.80604,328,2,0
2025-10-10 07:30:00,0.80603,0.8062,0.80597,0.80601,264,2,0
2025-10-10 07:45:00,0.80601,0.80604,0.80589,0.8059,343,2,0
2025-10-10 08:00:00,0.8059,0.80596,0.8057,0.80596,340,2,0
2025-10-10 08:15:00,0.80596,0.80596,0.80568,0.80583,214,2,0
2025-10-10 08:30:00,0.80583,0.806,0.80576,0.80578,287,2,0
2025-10-10 08:45:00,0.80578,0.80591,0.80566,0.80587,392,2,0
2025-10-10 09:00:00,0.80586,0.80601,0.80578,0.80597,472,2,0
2025-10-10 09:15:00,0.80597,0.80599,0.80571,0.80583,413,2,0
2025-10-10 09:30:00,0.80583,0.80616,0.8051,0.80575,1332,2,0
2025-10-10 09:45:00,0.80574,0.80606,0.80534,0.80562,1126,2,0
2025-10-10 10:00:00,0.80562,0.80605,0.80518,0.80523,1221,2,0
2025-10-10 10:15:00,0.80523,0.80602,0.80512,0.80563,915,2,0
2025-10-10 10:30:00,0.80563,0.80584,0.80546,0.80562,766,2,0
2025-10-10 10:45:00,0.80562,0.80582,0.80553,0.80576,610,2,0
2025-10-10 11:00:00,0.80577,0.80597,0.80514,0.8053,802,2,0
2025-10-10 11:15:00,0.8053,0.80551,0.80504,0.80514,660,2,0
2025-10-10 11:30:00,0.80514,0.80518,0.8047,0.80491,688,2,0
2025-10-10 11:45:00,0.80492,0.80525,0.80492,0.80515,483,2,0
2025-10-10 12:00:00,0.80515,0.80541,0.80494,0.80531,475,2,0
2025-10-10 12:15:00,0.80531,0.80581,0.8053,0.80573,597,2,0
2025-10-10 12:30:00,0.80573,0.80594,0.80567,0.80575,431,2,0
2025-10-10 12:45:00,0.80575,0.80578,0.80547,0.80566,547,2,0
2025-10-10 13:00:00,0.80566,0.80595,0.80561,0.80565,445,2,0
2025-10-10 13:15:00,0.80565,0.80568,0.80534,0.8055,388,2,0
2025-10-10 13:30:00,0.80549,0.80594,0.80548,0.80587,326,2,0
2025-10-10 13:45:00,0.80587,0.80605,0.80587,0.80599,536,2,0
2025-10-10 14:00:00,0.80599,0.80603,0.80578,0.80589,509,2,0
2025-10-10 14:15:00,0.80589,0.80619,0.80571,0.80599,399,0,0
2025-10-10 14:30:00,0.80599,0.80625,0.80577,0.80587,709,2,0
2025-10-10 14:45:00,0.80588,0.80637,0.8058,0.80636,706,2,0
2025-10-10 15:00:00,0.80637,0.80649,0.8056,0.80564,857,2,0
2025-10-10 15:15:00,0.80564,0.80564,0.80515,0.8054,562,2,0
2025-10-10 15:30:00,0.8054,0.80564,0.80528,0.80532,820,2,0
2025-10-10 15:45:00,0.80532,0.8057,0.80516,0.80556,718,2,0
2025-10-10 16:00:00,0.80556,0.80618,0.80554,0.80571,688,2,0
2025-10-10 16:15:00,0.8057,0.80579,0.80519,0.80555,757,2,0
2025-10-10 16:30:00,0.80556,0.80594,0.80522,0.80553,1028,2,0
2025-10-10 16:45:00,0.80553,0.80571,0.80513,0.80517,780,2,0
2025-10-10 17:00:00,0.8051,0.80577,0.8051,0.80549,1086,2,0
2025-10-10 17:15:00,0.80549,0.80609,0.80544,0.80587,799,2,0
2025-10-10 17:30:00,0.80587,0.80596,0.80531,0.80557,902,2,0
2025-10-10 17:45:00,0.80557,0.80567,0.80473,0.8048,1263,2,0
2025-10-10 18:00:00,0.8048,0.8048,0.80119,0.80213,3101,2,0
2025-10-10 18:15:00,0.80213,0.80237,0.80034,0.80038,2573,2,0
2025-10-10 18:30:00,0.80037,0.80122,0.79998,0.8012,2749,2,0
2025-10-10 18:45:00,0.80118,0.80183,0.80102,0.8015,1755,2,0
2025-10-10 19:00:00,0.8015,0.80158,0.8008,0.80107,1585,2,0
2025-10-10 19:15:00,0.80109,0.80216,0.80101,0.80193,1367,2,0
2025-10-10 19:30:00,0.80194,0.80212,0.80144,0.80147,1346,2,0
2025-10-10 19:45:00,0.80147,0.80166,0.80134,0.80141,1108,2,0
2025-10-10 20:00:00,0.80142,0.80213,0.80121,0.80186,1203,2,0
2025-10-10 20:15:00,0.80185,0.8019,0.80117,0.80142,1225,2,0
2025-10-10 20:30:00,0.80144,0.8018,0.80136,0.80165,884,2,0
2025-10-10 20:45:00,0.80165,0.80187,0.80149,0.80181,620,2,0
2025-10-10 21:00:00,0.8018,0.80194,0.80145,0.80163,634,2,0
2025-10-10 21:15:00,0.80163,0.80194,0.80121,0.80121,793,2,0
2025-10-10 21:30:00,0.80122,0.80145,0.80104,0.80135,922,2,0
2025-10-10 21:45:00,0.80135,0.80149,0.8009,0.8013,736,2,0
2025-10-10 22:00:00,0.8013,0.80159,0.80123,0.80123,565,2,0
2025-10-10 22:15:00,0.80123,0.80148,0.80112,0.80118,616,2,0
2025-10-10 22:30:00,0.80118,0.80124,0.80085,0.80093,528,2,0
2025-10-10 22:45:00,0.80093,0.80128,0.80081,0.80106,572,2,0
2025-10-10 23:00:00,0.80107,0.80129,0.80087,0.8012,337,2,0
2025-10-10 23:15:00,0.8012,0.8013,0.80102,0.80109,343,2,0
2025-10-10 23:30:00,0.80109,0.80146,0.80093,0.80121,237,2,0
2025-10-10 23:45:00,0.80119,0.80131,0.79822,0.79853,1213,12,0
2025-10-13 00:00:00,0.8003,0.80056,0.79953,0.79982,104,200,0
2025-10-13 00:15:00,0.79982,0.80015,0.7996,0.79991,128,300,0
2025-10-13 00:30:00,0.79991,0.80067,0.79991,0.8001,621,200,0
2025-10-13 00:45:00,0.8001,0.80082,0.79994,0.80071,613,200,0
2025-10-13 01:00:00,0.80072,0.80363,0.7997,0.8036,1243,2,0
2025-10-13 01:15:00,0.8036,0.80388,0.80272,0.80273,1626,2,0
2025-10-13 01:30:00,0.80273,0.80302,0.80203,0.80236,817,2,0
2025-10-13 01:45:00,0.80236,0.80256,0.80209,0.80226,476,2,0
2025-10-13 02:00:00,0.80224,0.80239,0.80161,0.80206,848,2,0
2025-10-13 02:15:00,0.80206,0.80217,0.80178,0.80185,603,2,0
2025-10-13 02:30:00,0.80184,0.80233,0.80167,0.80222,615,2,0
2025-10-13 02:45:00,0.80222,0.80238,0.80193,0.80235,758,2,0
2025-10-13 03:00:00,0.80235,0.80237,0.80183,0.80193,1203,2,0
2025-10-13 03:15:00,0.80195,0.80198,0.80165,0.80177,905,2,0
2025-10-13 03:30:00,0.80177,0.80198,0.80127,0.80136,834,2,0
2025-10-13 03:45:00,0.80136,0.8015,0.80117,0.80119,929,2,0
2025-10-13 04:00:00,0.80117,0.80154,0.80089,0.80148,1204,2,0
2025-10-13 04:15:00,0.80148,0.80164,0.80119,0.8016,866,2,0
2025-10-13 04:30:00,0.8016,0.80168,0.80121,0.8013,756,2,0
2025-10-13 04:45:00,0.80131,0.80163,0.80127,0.80142,822,2,0
2025-10-13 05:00:00,0.8014,0.80144,0.80094,0.80102,719,2,0
2025-10-13 05:15:00,0.80102,0.80144,0.80099,0.80144,651,2,0
2025-10-13 05:30:00,0.80144,0.80147,0.80117,0.80136,515,2,0
2025-10-13 05:45:00,0.80136,0.8015,0.80131,0.80137,522,2,0
2025-10-13 06:00:00,0.80136,0.80138,0.80112,0.80131,588,2,0
2025-10-13 06:15:00,0.80131,0.80151,0.80129,0.8015,439,2,0
2025-10-13 06:30:00,0.8015,0.80153,0.80106,0.8011,524,2,0
2025-10-13 06:45:00,0.8011,0.80133,0.80109,0.80125,646,2,0
2025-10-13 07:00:00,0.80125,0.80132,0.80107,0.8011,504,2,0
2025-10-13 07:15:00,0.8011,0.80111,0.80085,0.80092,503,2,0
2025-10-13 07:30:00,0.80092,0.80119,0.80086,0.80111,584,2,0
2025-10-13 07:45:00,0.80111,0.80129,0.80107,0.80113,507,2,0
2025-10-13 08:00:00,0.80113,0.80139,0.80099,0.80122,522,2,0
2025-10-13 08:15:00,0.80122,0.80125,0.80089,0.80124,446,2,0
2025-10-13 08:30:00,0.80124,0.80133,0.80105,0.80116,466,1,0
2025-10-13 08:45:00,0.80116,0.80148,0.80114,0.8014,624,2,0
2025-10-13 09:00:00,0.80138,0.80143,0.80058,0.80064,703,2,0
2025-10-13 09:15:00,0.80065,0.80065,0.80001,0.80025,821,2,0
2025-10-13 09:30:00,0.80025,0.801,0.80022,0.80035,707,2,0
2025-10-13 09:45:00,0.80037,0.80112,0.80022,0.80094,1141,2,0
2025-10-13 10:00:00,0.80095,0.80216,0.80069,0.80212,1545,2,0
2025-10-13 10:15:00,0.80214,0.80218,0.80165,0.80166,1112,2,0
2025-10-13 10:30:00,0.80166,0.80241,0.80159,0.80228,1036,2,0
2025-10-13 10:45:00,0.80228,0.80278,0.80208,0.80265,817,2,0
2025-10-13 11:00:00,0.80266,0.80303,0.8025,0.80286,921,2,0
2025-10-13 11:15:00,0.80286,0.80344,0.80281,0.80339,833,2,0
2025-10-13 11:30:00,0.8034,0.80405,0.80333,0.8039,931,2,0
2025-10-13 11:45:00,0.8039,0.80433,0.80368,0.80409,858,2,0
2025-10-13 12:00:00,0.80409,0.80414,0.80309,0.80323,943,2,0
2025-10-13 12:15:00,0.80323,0.80331,0.80297,0.80306,513,2,0
2025-10-13 12:30:00,0.80306,0.80321,0.80248,0.80292,535,2,0
2025-10-13 12:45:00,0.80292,0.80338,0.80271,0.80319,679,2,0
2025-10-13 13:00:00,0.8032,0.80382,0.80301,0.80381,583,2,0
2025-10-13 13:15:00,0.80381,0.80413,0.80343,0.8038,751,2,0
2025-10-13 13:30:00,0.80381,0.80404,0.80367,0.80392,650,2,0
2025-10-13 13:45:00,0.80392,0.80418,0.80378,0.80402,669,2,0
2025-10-13 14:00:00,0.80402,0.80403,0.80316,0.80325,1316,2,0
2025-10-13 14:15:00,0.80324,0.80364,0.80298,0.80349,679,2,0
2025-10-13 14:30:00,0.80349,0.80412,0.80336,0.80403,928,2,0
2025-10-13 14:45:00,0.80402,0.80442,0.80364,0.80423,1203,2,0
2025-10-13 15:00:00,0.80421,0.80425,0.80364,0.80414,966,2,0
2025-10-13 15:15:00,0.80412,0.80455,0.80397,0.80455,784,2,0
2025-10-13 15:30:00,0.80455,0.80475,0.80441,0.80448,794,2,0
2025-10-13 15:45:00,0.80447,0.80514,0.80447,0.80466,856,0,0
2025-10-13 16:00:00,0.80466,0.80514,0.80454,0.80466,985,0,0
2025-10-13 16:15:00,0.80466,0.80495,0.80449,0.80459,823,0,0
2025-10-13 16:30:00,0.8046,0.80504,0.80439,0.80484,1014,0,0
2025-10-13 16:45:00,0.80484,0.80488,0.8043,0.80441,1106,0,0
2025-10-13 17:00:00,0.80441,0.8054,0.80419,0.80539,1038,0,0
2025-10-13 17:15:00,0.80539,0.8057,0.80515,0.80559,1106,0,0
2025-10-13 17:30:00,0.80559,0.80581,0.80533,0.80539,888,0,0
2025-10-13 17:45:00,0.80539,0.80566,0.80525,0.8053,1055,0,0
2025-10-13 18:00:00,0.8053,0.8053,0.80468,0.80468,696,0,0
2025-10-13 18:15:00,0.80467,0.80502,0.80453,0.80502,656,0,0
2025-10-13 18:30:00,0.80502,0.80513,0.80445,0.80448,467,0,0
2025-10-13 18:45:00,0.80448,0.80452,0.80421,0.8043,508,0,0
2025-10-13 19:00:00,0.8043,0.8043,0.80391,0.80409,401,0,0
2025-10-13 19:15:00,0.80409,0.80421,0.80386,0.80404,464,0,0
2025-10-13 19:30:00,0.80404,0.80437,0.80397,0.80407,356,0,0
2025-10-13 19:45:00,0.80407,0.80421,0.80373,0.80405,342,0,0
2025-10-13 20:00:00,0.80405,0.80429,0.80398,0.80415,345,0,0
2025-10-13 20:15:00,0.80415,0.8042,0.80401,0.80405,231,0,0
2025-10-13 20:30:00,0.80401,0.80425,0.80393,0.80425,271,2,0
2025-10-13 20:45:00,0.80425,0.80432,0.80402,0.8042,368,0,0
2025-10-13 21:00:00,0.80421,0.80422,0.80389,0.8039,221,0,0
2025-10-13 21:15:00,0.8039,0.80396,0.80381,0.80389,256,0,0
2025-10-13 21:30:00,0.80389,0.80406,0.80378,0.80396,298,0,0
2025-10-13 21:45:00,0.80396,0.80428,0.80389,0.80406,352,0,0
2025-10-13 22:00:00,0.80406,0.80408,0.80391,0.804,289,2,0
2025-10-13 22:15:00,0.804,0.80418,0.80395,0.80418,156,0,0
2025-10-13 22:30:00,0.80418,0.80428,0.80408,0.80417,154,0,0
2025-10-13 22:45:00,0.80417,0.80433,0.80417,0.80429,171,0,0
2025-10-13 23:00:00,0.80429,0.8043,0.80407,0.80407,237,0,0
2025-10-13 23:15:00,0.80407,0.80424,0.80407,0.80422,178,0,0
2025-10-13 23:30:00,0.80422,0.80433,0.80412,0.80413,257,0,0
2025-10-13 23:45:00,0.80413,0.80422,0.80389,0.80389,184,12,0
2025-10-14 00:00:00,0.80337,0.80381,0.80337,0.80375,22,100,0
2025-10-14 00:15:00,0.80375,0.80375,0.80314,0.80314,25,109,0
2025-10-14 00:30:00,0.80304,0.8036,0.80304,0.80356,125,76,0
2025-10-14 00:45:00,0.80357,0.80365,0.80298,0.80357,116,64,0
2025-10-14 01:00:00,0.80357,0.80398,0.80357,0.80393,383,2,0
2025-10-14 01:15:00,0.80392,0.80411,0.80389,0.80409,646,2,0
2025-10-14 01:30:00,0.8041,0.80432,0.80406,0.80431,226,0,0
2025-10-14 01:45:00,0.80431,0.80442,0.80418,0.80429,235,0,0
2025-10-14 02:00:00,0.80428,0.80452,0.80415,0.80443,265,0,0
2025-10-14 02:15:00,0.80443,0.80446,0.80428,0.80441,206,0,0
2025-10-14 02:30:00,0.80442,0.80442,0.80414,0.80431,279,0,0
2025-10-14 02:45:00,0.80431,0.80438,0.80411,0.80435,397,0,0
2025-10-14 03:00:00,0.80437,0.80498,0.80426,0.80471,902,0,0
2025-10-14 03:15:00,0.80471,0.80498,0.80459,0.80496,559,0,0
2025-10-14 03:30:00,0.80496,0.80501,0.80478,0.80483,556,2,0
2025-10-14 03:45:00,0.80483,0.80487,0.8044,0.80458,569,0,0
2025-10-14 04:00:00,0.80457,0.80461,0.80421,0.80428,688,0,0
2025-10-14 04:15:00,0.80428,0.80444,0.80414,0.8042,577,0,0
2025-10-14 04:30:00,0.8042,0.80432,0.80412,0.80415,353,0,0
2025-10-14 04:45:00,0.80415,0.80434,0.80411,0.80427,326,0,0
2025-10-14 05:00:00,0.80427,0.80437,0.80414,0.80434,246,0,0
2025-10-14 05:15:00,0.80434,0.80444,0.80419,0.80425,224,0,0
2025-10-14 05:30:00,0.80425,0.8043,0.80419,0.80429,191,0,0
2025-10-14 05:45:00,0.80429,0.80438,0.80409,0.80419,275,0,0
2025-10-14 06:00:00,0.80419,0.80428,0.80411,0.8042,295,0,0
2025-10-14 06:15:00,0.8042,0.80422,0.8041,0.80412,183,0,0
2025-10-14 06:30:00,0.80412,0.80413,0.80363,0.80363,328,0,0
2025-10-14 06:45:00,0.80363,0.80366,0.80349,0.8036,419,0,0
2025-10-14 07:00:00,0.8036,0.80361,0.80294,0.803,758,0,0
2025-10-14 07:15:00,0.803,0.80309,0.80259,0.80272,788,0,0
2025-10-14 07:30:00,0.80272,0.80295,0.80269,0.80276,551,0,0
2025-10-14 07:45:00,0.80276,0.8028,0.80238,0.80257,546,0,0
2025-10-14 08:00:00,0.80257,0.80289,0.80257,0.80279,477,0,0
2025-10-14 08:15:00,0.80279,0.80311,0.80273,0.80283,443,0,0
2025-10-14 08:30:00,0.80283,0.80289,0.80183,0.80211,844,0,0
2025-10-14 08:45:00,0.80211,0.80269,0.80206,0.8022,870,0,0
2025-10-14 09:00:00,0.80223,0.80254,0.80197,0.80247,1289,2,0
2025-10-14 09:15:00,0.80246,0.8028,0.80201,0.80276,1276,0,0
2025-10-14 09:30:00,0.80276,0.80364,0.80276,0.80329,1075,0,0
2025-10-14 09:45:00,0.80329,0.80339,0.80298,0.80303,931,0,0
2025-10-14 10:00:00,0.80304,0.80348,0.80236,0.80333,1102,0,0
2025-10-14 10:15:00,0.80337,0.80448,0.80334,0.80433,1035,0,0
2025-10-14 10:30:00,0.80433,0.80464,0.80393,0.80454,1567,0,0
2025-10-14 10:45:00,0.80455,0.8046,0.80385,0.80426,1182,0,0
2025-10-14 11:00:00,0.80426,0.80451,0.80349,0.80365,1187,2,0
2025-10-14 11:15:00,0.80365,0.80379,0.80346,0.80356,779,0,0
2025-10-14 11:30:00,0.80356,0.80363,0.80328,0.80349,741,0,0
2025-10-14 11:45:00,0.80352,0.8037,0.80318,0.8033,792,0,0
2025-10-14 12:00:00,0.8033,0.80379,0.80328,0.80374,710,2,0
2025-10-14 12:15:00,0.80374,0.80401,0.80356,0.80375,610,0,0
2025-10-14 12:30:00,0.80375,0.80391,0.80362,0.80383,556,0,0
2025-10-14 12:45:00,0.80381,0.80422,0.80376,0.80421,644,0,0
2025-10-14 13:00:00,0.80423,0.80431,0.80365,0.80374,608,0,0
2025-10-14 13:15:00,0.80374,0.80405,0.80372,0.80372,577,0,0
2025-10-14 13:30:00,0.80372,0.80397,0.80356,0.80366,607,0,0
2025-10-14 13:45:00,0.80366,0.80409,0.8036,0.80402,640,0,0
2025-10-14 14:00:00,0.80402,0.80444,0.80399,0.80429,674,0,0
2025-10-14 14:15:00,0.80429,0.80431,0.80401,0.80409,625,0,0
2025-10-14 14:30:00,0.80409,0.80458,0.80406,0.80442,513,0,0
2025-10-14 14:45:00,0.80442,0.80465,0.80427,0.80464,760,0,0
2025-10-14 15:00:00,0.80464,0.80478,0.80418,0.80431,962,0,0
2025-10-14 15:15:00,0.80431,0.80431,0.80366,0.80399,1117,0,0
2025-10-14 15:30:00,0.80399,0.80466,0.80393,0.80438,1233,2,0
2025-10-14 15:45:00,0.80439,0.80485,0.80411,0.80425,894,0,0
2025-10-14 16:00:00,0.80425,0.80451,0.80375,0.80379,1041,0,0
2025-10-14 16:15:00,0.80379,0.80392,0.80293,0.80329,1291,0,0
2025-10-14 16:30:00,0.80333,0.80351,0.80253,0.80274,1673,0,0
2025-10-14 16:45:00,0.80275,0.80321,0.80253,0.80317,1379,0,0
2025-10-14 17:00:00,0.8032,0.80373,0.80283,0.8029,1305,0,0
2025-10-14 17:15:00,0.8029,0.80314,0.80258,0.80301,1122,0,0
2025-10-14 17:30:00,0.80298,0.8031,0.80259,0.80288,939,0,0
2025-10-14 17:45:00,0.80287,0.80294,0.80176,0.80189,1351,0,0
2025-10-14 18:00:00,0.80189,0.80264,0.80184,0.80194,973,0,0
2025-10-14 18:15:00,0.80197,0.80255,0.80174,0.80198,866,0,0
2025-10-14 18:30:00,0.80197,0.80214,0.80156,0.80199,1226,2,0
2025-10-14 18:45:00,0.80199,0.80209,0.80105,0.8011,1130,0,0
2025-10-14 19:00:00,0.8011,0.80128,0.80066,0.80116,928,2,0
2025-10-14 19:15:00,0.80116,0.80144,0.80046,0.80089,1457,0,0
2025-10-14 19:30:00,0.80089,0.80133,0.80028,0.80031,918,0,0
2025-10-14 19:45:00,0.80031,0.80108,0.80031,0.8008,941,0,0
2025-10-14 20:00:00,0.80082,0.80133,0.80057,0.80131,893,2,0
2025-10-14 20:15:00,0.80129,0.80148,0.80113,0.80123,597,0,0
2025-10-14 20:30:00,0.80123,0.80126,0.80082,0.80098,488,0,0
2025-10-14 20:45:00,0.80098,0.80104,0.80066,0.80084,452,0,0
2025-10-14 21:00:00,0.80085,0.80103,0.80063,0.80093,464,0,0
2025-10-14 21:15:00,0.80093,0.80119,0.80088,0.80106,345,0,0
2025-10-14 21:30:00,0.80106,0.80114,0.80076,0.8009,361,0,0
2025-10-14 21:45:00,0.8009,0.80123,0.80086,0.80113,446,0,0
2025-10-14 22:00:00,0.80113,0.80115,0.80084,0.80094,383,0,0
2025-10-14 22:15:00,0.80093,0.80112,0.8009,0.80105,248,0,0
2025-10-14 22:30:00,0.80105,0.80111,0.80055,0.80071,973,0,0
2025-10-14 22:45:00,0.80071,0.80105,0.80068,0.80104,658,0,0
2025-10-14 23:00:00,0.80104,0.80127,0.80098,0.80113,263,0,0
2025-10-14 23:15:00,0.80113,0.80144,0.80108,0.80139,164,0,0
2025-10-14 23:30:00,0.80139,0.80149,0.80128,0.80128,140,0,0
2025-10-14 23:45:00,0.80129,0.80134,0.80059,0.80078,442,12,0
2025-10-15 00:00:00,0.80058,0.80058,0.79988,0.80036,23,96,0
2025-10-15 00:15:00,0.80036,0.80041,0.80006,0.80017,223,102,0
2025-10-15 00:30:00,0.80028,0.80052,0.80028,0.80051,176,76,0
2025-10-15 00:45:00,0.80051,0.80052,0.79998,0.8001,126,76,0
2025-10-15 01:00:00,0.8001,0.80121,0.8001,0.80113,294,2,0
2025-10-15 01:15:00,0.80113,0.80126,0.80101,0.80119,681,2,0
2025-10-15 01:30:00,0.80119,0.8012,0.80102,0.80116,204,0,0
2025-10-15 01:45:00,0.80116,0.80122,0.8011,0.80119,196,0,0
2025-10-15 02:00:00,0.80119,0.8013,0.80114,0.80127,177,0,0
2025-10-15 02:15:00,0.80127,0.80132,0.80115,0.80128,243,0,0
2025-10-15 02:30:00,0.80128,0.80135,0.80121,0.80126,209,0,0
2025-10-15 02:45:00,0.80126,0.80161,0.80125,0.80148,293,0,0
2025-10-15 03:00:00,0.8015,0.8016,0.80127,0.80129,631,0,0
2025-10-15 03:15:00,0.80129,0.80144,0.80118,0.80132,488,0,0
2025-10-15 03:30:00,0.80132,0.80146,0.80114,0.80117,454,0,0
2025-10-15 03:45:00,0.80117,0.80122,0.80094,0.80114,579,0,0
2025-10-15 04:00:00,0.80113,0.80121,0.80087,0.80092,553,0,0
2025-10-15 04:15:00,0.80092,0.80098,0.80038,0.80039,807,0,0
2025-10-15 04:30:00,0.80039,0.80071,0.80036,0.80068,545,0,0
2025-10-15 04:45:00,0.80068,0.80068,0.80044,0.80051,362,0,0
2025-10-15 05:00:00,0.8005,0.80062,0.80031,0.80033,504,0,0
2025-10-15 05:15:00,0.80033,0.80054,0.80022,0.80043,427,0,0
2025-10-15 05:30:00,0.80043,0.80053,0.80016,0.80041,371,0,0
2025-10-15 05:45:00,0.80041,0.80042,0.80004,0.80022,409,0,0
2025-10-15 06:00:00,0.80022,0.80026,0.80006,0.80019,290,0,0
2025-10-15 06:15:00,0.80019,0.80034,0.80014,0.8003,263,0,0
2025-10-15 06:30:00,0.8003,0.80032,0.80012,0.80024,243,0,0
2025-10-15 06:45:00,0.80024,0.80027,0.79996,0.79996,222,0,0
2025-10-15 07:00:00,0.79995,0.79999,0.79984,0.79995,237,0,0
2025-10-15 07:15:00,0.79996,0.80029,0.79987,0.80022,222,0,0
2025-10-15 07:30:00,0.80023,0.80029,0.80007,0.80008,206,2,0
2025-10-15 07:45:00,0.80008,0.80013,0.79998,0.80008,260,0,0
2025-10-15 08:00:00,0.8001,0.80021,0.7999,0.79993,307,0,0
2025-10-15 08:15:00,0.79993,0.79995,0.79966,0.79968,218,0,0
2025-10-15 08:30:00,0.79967,0.79973,0.79951,0.7997,305,0,0
2025-10-15 08:45:00,0.7997,0.80021,0.79963,0.80018,359,0,0
2025-10-15 09:00:00,0.80013,0.80019,0.79943,0.79945,764,0,0
2025-10-15 09:15:00,0.79945,0.79996,0.7992,0.79978,773,0,0
2025-10-15 09:30:00,0.79977,0.79984,0.7994,0.79942,656,0,0
2025-10-15 09:45:00,0.79942,0.79974,0.7991,0.79957,731,0,0
2025-10-15 10:00:00,0.79956,0.79977,0.79916,0.79943,962,0,0
2025-10-15 10:15:00,0.79943,0.80003,0.79941,0.79985,729,0,0
2025-10-15 10:30:00,0.79984,0.79996,0.79935,0.79946,726,0,0
2025-10-15 10:45:00,0.79949,0.79963,0.7991,0.7996,815,0,0
2025-10-15 11:00:00,0.79962,0.79977,0.79932,0.7997,863,2,0
2025-10-15 11:15:00,0.7997,0.79985,0.7995,0.79973,747,0,0
2025-10-15 11:30:00,0.79973,0.79989,0.79944,0.79948,583,0,0
2025-10-15 11:45:00,0.79946,0.79985,0.79905,0.79979,808,0,0
2025-10-15 12:00:00,0.7998,0.8003,0.79974,0.80019,688,2,0
2025-10-15 12:15:00,0.80019,0.8003,0.80002,0.80024,625,0,0
2025-10-15 12:30:00,0.80024,0.80024,0.79986,0.80021,569,0,0
2025-10-15 12:45:00,0.80021,0.80031,0.80008,0.80012,539,0,0
2025-10-15 13:00:00,0.80013,0.80057,0.80012,0.80029,505,0,0
2025-10-15 13:15:00,0.80029,0.80079,0.80029,0.80074,489,0,0
2025-10-15 13:30:00,0.80074,0.80098,0.80065,0.80092,418,0,0
2025-10-15 13:45:00,0.80092,0.8011,0.80064,0.80072,430,0,0
2025-10-15 14:00:00,0.80072,0.80079,0.80033,0.80038,434,0,0
2025-10-15 14:15:00,0.80038,0.8005,0.80002,0.80018,381,0,0
2025-10-15 14:30:00,0.80019,0.80059,0.80017,0.80044,485,0,0
2025-10-15 14:45:00,0.80044,0.80071,0.80029,0.80048,620,0,0
2025-10-15 15:00:00,0.80047,0.80072,0.80017,0.80046,701,0,0
2025-10-15 15:15:00,0.80046,0.80067,0.80005,0.80007,906,0,0
2025-10-15 15:30:00,0.80005,0.80047,0.79979,0.80043,1171,2,0
2025-10-15 15:45:00,0.80041,0.80082,0.80024,0.80065,1014,0,0
2025-10-15 16:00:00,0.80065,0.80086,0.80032,0.80068,840,0,0
2025-10-15 16:15:00,0.80068,0.80085,0.80034,0.80045,716,0,0
2025-10-15 16:30:00,0.80045,0.80045,0.79968,0.79974,1241,0,0
2025-10-15 16:45:00,0.79974,0.79986,0.79919,0.79922,1208,0,0
2025-10-15 17:00:00,0.79923,0.79953,0.79891,0.79894,982,0,0
2025-10-15 17:15:00,0.79894,0.79915,0.79853,0.79896,687,0,0
2025-10-15 17:30:00,0.79899,0.79945,0.79882,0.79936,671,0,0
2025-10-15 17:45:00,0.79936,0.79939,0.7986,0.79864,829,0,0
2025-10-15 18:00:00,0.79865,0.79911,0.79851,0.79854,780,0,0
2025-10-15 18:15:00,0.79854,0.79868,0.79754,0.79787,852,0,0
2025-10-15 18:30:00,0.79787,0.79791,0.79586,0.79601,1124,0,0
2025-10-15 18:45:00,0.79601,0.79753,0.79571,0.79716,1333,0,0
2025-10-15 19:00:00,0.79716,0.79785,0.79712,0.79772,997,0,0
2025-10-15 19:15:00,0.79772,0.79773,0.79717,0.79723,763,0,0
2025-10-15 19:30:00,0.79727,0.79737,0.79682,0.79683,614,0,0
2025-10-15 19:45:00,0.79683,0.79725,0.7967,0.79674,601,0,0
2025-10-15 20:00:00,0.79669,0.79693,0.79639,0.79682,983,0,0
2025-10-15 20:15:00,0.79682,0.7973,0.79675,0.79716,947,0,0
2025-10-15 20:30:00,0.79716,0.7977,0.79712,0.7974,618,0,0
2025-10-15 20:45:00,0.7974,0.79773,0.7974,0.79752,453,0,0
2025-10-15 21:00:00,0.79752,0.79765,0.79731,0.79747,520,2,0
2025-10-15 21:15:00,0.79747,0.79765,0.79695,0.79719,531,0,0
2025-10-15 21:30:00,0.79719,0.79738,0.79706,0.7973,369,0,0
2025-10-15 21:45:00,0.79729,0.79763,0.79728,0.79745,377,0,0
2025-10-15 22:00:00,0.79745,0.79746,0.79702,0.79713,370,0,0
2025-10-15 22:15:00,0.79713,0.79722,0.79702,0.79706,246,0,0
2025-10-15 22:30:00,0.79707,0.79713,0.79683,0.79707,343,0,0
2025-10-15 22:45:00,0.79707,0.79712,0.79674,0.79685,285,0,0
2025-10-15 23:00:00,0.79684,0.79694,0.79662,0.79677,315,0,0
2025-10-15 23:15:00,0.79677,0.79692,0.79655,0.79688,248,0,0
2025-10-15 23:30:00,0.79689,0.79689,0.79669,0.79684,248,2,0
2025-10-15 23:45:00,0.79684,0.79694,0.79645,0.79666,265,12,0
2025-10-16 00:00:00,0.79638,0.79646,0.79526,0.79635,178,54,0
2025-10-16 00:15:00,0.79635,0.79649,0.7963,0.79649,76,84,0
2025-10-16 00:30:00,0.79652,0.79664,0.79619,0.79634,143,64,0
2025-10-16 00:45:00,0.79636,0.79639,0.79552,0.79588,173,82,0
2025-10-16 01:00:00,0.79588,0.79662,0.79578,0.79654,230,2,0
2025-10-16 01:15:00,0.79654,0.7966,0.7964,0.79653,309,2,0
2025-10-16 01:30:00,0.79653,0.79658,0.79633,0.79637,257,0,0
2025-10-16 01:45:00,0.79637,0.79665,0.79622,0.79662,305,0,0
2025-10-16 02:00:00,0.79659,0.79671,0.79652,0.79662,220,0,0
2025-10-16 02:15:00,0.79662,0.79666,0.79652,0.7966,216,0,0
2025-10-16 02:30:00,0.7966,0.79666,0.79657,0.79659,178,0,0
2025-10-16 02:45:00,0.79659,0.79663,0.79649,0.7966,332,0,0
2025-10-16 03:00:00,0.7966,0.79674,0.79622,0.79625,680,0,0
2025-10-16 03:15:00,0.79624,0.7963,0.7958,0.79582,487,0,0
2025-10-16 03:30:00,0.79582,0.79586,0.79499,0.79516,847,2,0
2025-10-16 03:45:00,0.79516,0.79549,0.79508,0.79541,613,0,0
2025-10-16 04:00:00,0.7954,0.79561,0.79498,0.79504,587,0,0
2025-10-16 04:15:00,0.79506,0.79506,0.79435,0.79462,735,0,0
2025-10-16 04:30:00,0.79462,0.79462,0.79415,0.79421,691,0,0
2025-10-16 04:45:00,0.79421,0.79421,0.7936,0.7939,736,0,0
2025-10-16 05:00:00,0.7939,0.79408,0.79333,0.79405,678,0,0
2025-10-16 05:15:00,0.79405,0.79435,0.79396,0.79434,396,0,0
2025-10-16 05:30:00,0.79434,0.79456,0.79419,0.79455,481,0,0
2025-10-16 05:45:00,0.79455,0.79467,0.79444,0.79456,426,0,0
2025-10-16 06:00:00,0.79458,0.79485,0.79437,0.79469,426,0,0
2025-10-16 06:15:00,0.79469,0.79489,0.79449,0.79476,386,0,0
2025-10-16 06:30:00,0.79476,0.79488,0.79466,0.79474,397,0,0
2025-10-16 06:45:00,0.79474,0.79498,0.79465,0.79497,242,0,0
2025-10-16 07:00:00,0.79496,0.79518,0.79496,0.79517,271,0,0
2025-10-16 07:15:00,0.79519,0.79542,0.79517,0.7954,240,0,0
2025-10-16 07:30:00,0.7954,0.79551,0.79534,0.79545,222,0,0
2025-10-16 07:45:00,0.79545,0.79561,0.79543,0.79552,290,0,0
2025-10-16 08:00:00,0.79552,0.79588,0.79543,0.79586,286,0,0
2025-10-16 08:15:00,0.79585,0.79609,0.79575,0.79598,314,0,0
2025-10-16 08:30:00,0.79598,0.79632,0.79591,0.79616,773,0,0
2025-10-16 08:45:00,0.79616,0.79616,0.79576,0.7958,537,0,0
2025-10-16 09:00:00,0.79577,0.796,0.79553,0.79556,800,2,0
2025-10-16 09:15:00,0.79556,0.79583,0.79539,0.79565,657,0,0
2025-10-16 09:30:00,0.79565,0.79622,0.79547,0.79583,644,0,0
2025-10-16 09:45:00,0.79583,0.79654,0.79567,0.79629,698,0,0
2025-10-16 10:00:00,0.79629,0.79688,0.79615,0.79637,897,0,0
2025-10-16 10:15:00,0.79637,0.79704,0.79631,0.79701,749,0,0
2025-10-16 10:30:00,0.79702,0.7972,0.7964,0.79644,684,0,0
2025-10-16 10:45:00,0.79644,0.79762,0.7964,0.797,1123,0,0
2025-10-16 11:00:00,0.79701,0.79717,0.79656,0.79688,1032,0,0
2025-10-16 11:15:00,0.79688,0.79692,0.79641,0.79665,692,0,0
2025-10-16 11:30:00,0.79665,0.7968,0.79654,0.79665,524,2,0
2025-10-16 11:45:00,0.79665,0.79678,0.79647,0.79656,558,2,0
2025-10-16 12:00:00,0.79656,0.79686,0.79653,0.7968,482,2,0
2025-10-16 12:15:00,0.7968,0.79701,0.79651,0.79699,470,0,0
2025-10-16 12:30:00,0.79699,0.797,0.79638,0.79647,554,0,0
2025-10-16 12:45:00,0.79647,0.79662,0.79626,0.7964,530,0,0
2025-10-16 13:00:00,0.79639,0.79682,0.79634,0.79677,551,0,0
2025-10-16 13:15:00,0.79677,0.79683,0.79633,0.79648,515,0,0
2025-10-16 13:30:00,0.79648,0.79686,0.79644,0.7968,475,0,0
2025-10-16 13:45:00,0.7968,0.79719,0.79675,0.7971,416,0,0
2025-10-16 14:00:00,0.7971,0.79745,0.79692,0.79743,515,2,0
2025-10-16 14:15:00,0.79743,0.79785,0.79732,0.79784,455,0,0
2025-10-16 14:30:00,0.79783,0.7982,0.7976,0.79808,635,0,0
2025-10-16 14:45:00,0.79808,0.79843,0.79785,0.7983,707,0,0
2025-10-16 15:00:00,0.7983,0.7985,0.79794,0.79799,824,0,0
2025-10-16 15:15:00,0.79797,0.79805,0.79745,0.79747,559,2,0
2025-10-16 15:30:00,0.79752,0.79776,0.79709,0.79755,1051,2,0
2025-10-16 15:45:00,0.79755,0.79769,0.79682,0.79686,932,2,0
2025-10-16 16:00:00,0.79685,0.7975,0.79661,0.79743,1101,2,0
2025-10-16 16:15:00,0.79743,0.79788,0.79732,0.79765,972,0,0
2025-10-16 16:30:00,0.79765,0.79787,0.79686,0.79686,1104,0,0
2025-10-16 16:45:00,0.79686,0.79688,0.79643,0.79683,1016,0,0
2025-10-16 17:00:00,0.79686,0.79717,0.79601,0.79611,1071,2,0
2025-10-16 17:15:00,0.79611,0.79648,0.79582,0.79603,904,0,0
2025-10-16 17:30:00,0.79603,0.79622,0.79576,0.79613,931,0,0
2025-10-16 17:45:00,0.79613,0.79614,0.79501,0.79512,940,0,0
2025-10-16 18:00:00,0.79511,0.79548,0.79505,0.7952,834,0,0
2025-10-16 18:15:00,0.7952,0.79571,0.79511,0.7954,676,0,0
2025-10-16 18:30:00,0.7954,0.796,0.79539,0.7957,977,0,0
2025-10-16 18:45:00,0.7957,0.79601,0.79554,0.79577,891,0,0
2025-10-16 19:00:00,0.79577,0.79585,0.79542,0.7956,662,2,0
2025-10-16 19:15:00,0.7956,0.79567,0.7949,0.79514,754,0,0
2025-10-16 19:30:00,0.79513,0.79513,0.79438,0.79505,1847,0,0
2025-10-16 19:45:00,0.79505,0.79505,0.79419,0.79433,1433,0,0
2025-10-16 20:00:00,0.79433,0.79436,0.79354,0.79356,1428,2,0
2025-10-16 20:15:00,0.79356,0.79426,0.79335,0.79364,1109,0,0
2025-10-16 20:30:00,0.79363,0.79421,0.7936,0.79376,901,0,0
2025-10-16 20:45:00,0.79376,0.7938,0.79341,0.79351,576,0,0
2025-10-16 21:00:00,0.79351,0.79365,0.79284,0.79307,776,0,0
2025-10-16 21:15:00,0.79307,0.79373,0.79306,0.79357,809,0,0
2025-10-16 21:30:00,0.79357,0.79365,0.79326,0.79355,680,0,0
2025-10-16 21:45:00,0.79355,0.79355,0.79273,0.79298,583,0,0
2025-10-16 22:00:00,0.79297,0.79318,0.79259,0.79266,513,0,0
2025-10-16 22:15:00,0.79266,0.79266,0.79239,0.7926,334,0,0
2025-10-16 22:30:00,0.7926,0.79284,0.7925,0.79264,569,0,0
2025-10-16 22:45:00,0.79264,0.79289,0.7926,0.79282,484,0,0
2025-10-16 23:00:00,0.79282,0.79297,0.79272,0.79285,261,0,0
2025-10-16 23:15:00,0.79285,0.79303,0.79276,0.793,156,0,0
2025-10-16 23:30:00,0.793,0.7931,0.79282,0.79283,187,0,0
2025-10-16 23:45:00,0.79283,0.79292,0.79248,0.79257,255,0,0
2025-10-17 00:00:00,0.79226,0.79258,0.7921,0.79238,25,100,0
2025-10-17 00:15:00,0.79238,0.79257,0.79206,0.79212,40,104,0
2025-10-17 00:30:00,0.79211,0.7925,0.79209,0.79244,137,106,0
2025-10-17 00:45:00,0.79246,0.79253,0.79227,0.79243,182,94,0
2025-10-17 01:00:00,0.79243,0.79259,0.79223,0.79248,306,2,0
2025-10-17 01:15:00,0.79248,0.79249,0.79203,0.7924,419,2,0
2025-10-17 01:30:00,0.7924,0.79257,0.79214,0.79219,244,0,0
2025-10-17 01:45:00,0.7922,0.79253,0.7922,0.79232,213,0,0
2025-10-17 02:00:00,0.79232,0.79248,0.79217,0.79228,313,0,0
2025-10-17 02:15:00,0.79228,0.79235,0.79205,0.79217,210,0,0
2025-10-17 02:30:00,0.79217,0.79221,0.79201,0.79204,165,2,0
2025-10-17 02:45:00,0.79204,0.79209,0.79172,0.79197,493,0,0
2025-10-17 03:00:00,0.79198,0.79226,0.79186,0.79191,607,0,0
2025-10-17 03:15:00,0.79191,0.79192,0.79153,0.79177,474,0,0
2025-10-17 03:30:00,0.79176,0.79181,0.79152,0.79162,391,0,0
2025-10-17 03:45:00,0.79162,0.79164,0.79089,0.79137,595,0,0
2025-10-17 04:00:00,0.79137,0.79151,0.79094,0.79116,622,0,0
2025-10-17 04:15:00,0.79116,0.79163,0.79109,0.79137,603,0,0
2025-10-17 04:30:00,0.79137,0.79158,0.79108,0.79146,648,0,0
2025-10-17 04:45:00,0.79147,0.7915,0.79114,0.79137,757,0,0
2025-10-17 05:00:00,0.79138,0.79189,0.79128,0.79143,534,0,0
2025-10-17 05:15:00,0.79143,0.79146,0.79086,0.79086,305,0,0
2025-10-17 05:30:00,0.79086,0.79086,0.79022,0.79033,395,0,0
2025-10-17 05:45:00,0.79033,0.79077,0.79024,0.79069,336,0,0
2025-10-17 06:00:00,0.79069,0.79075,0.79045,0.79047,301,0,0
2025-10-17 06:15:00,0.79047,0.79061,0.79034,0.79053,240,0,0
2025-10-17 06:30:00,0.79053,0.79059,0.79019,0.79022,432,0,0
2025-10-17 06:45:00,0.79022,0.79038,0.79005,0.79033,345,0,0
2025-10-17 07:00:00,0.79033,0.79045,0.79025,0.79044,276,0,0
2025-10-17 07:15:00,0.79044,0.79067,0.79038,0.79057,256,0,0
2025-10-17 07:30:00,0.79057,0.79064,0.79048,0.7906,210,0,0
2025-10-17 07:45:00,0.7906,0.7906,0.79021,0.79039,226,0,0
2025-10-17 08:00:00,0.79039,0.79042,0.79,0.79005,245,0,0
2025-10-17 08:15:00,0.79005,0.79008,0.78985,0.78999,319,0,0
2025-10-17 08:30:00,0.78999,0.79003,0.78962,0.78971,298,0,0
2025-10-17 08:45:00,0.78971,0.78983,0.78902,0.78932,443,0,0
2025-10-17 09:00:00,0.78932,0.78964,0.78903,0.78922,702,0,0
2025-10-17 09:15:00,0.78918,0.78925,0.7882,0.78835,733,0,0
2025-10-17 09:30:00,0.78835,0.78994,0.78835,0.78904,1398,0,0
2025-10-17 09:45:00,0.78904,0.78932,0.78853,0.78869,1118,0,0
2025-10-17 10:00:00,0.78871,0.78888,0.7875,0.78815,1636,0,0
2025-10-17 10:15:00,0.78815,0.78948,0.7873,0.78872,1916,0,0
2025-10-17 10:30:00,0.78872,0.78944,0.78847,0.78909,1714,0,0
2025-10-17 10:45:00,0.7891,0.78945,0.78885,0.78937,1387,0,0
2025-10-17 11:00:00,0.78937,0.78977,0.789,0.78969,1236,0,0
2025-10-17 11:15:00,0.78969,0.79003,0.78926,0.78969,991,0,0
2025-10-17 11:30:00,0.78969,0.78994,0.78915,0.78931,829,0,0
2025-10-17 11:45:00,0.78932,0.78952,0.78887,0.78935,735,0,0
2025-10-17 12:00:00,0.78935,0.78941,0.78879,0.78933,691,2,0
2025-10-17 12:15:00,0.78933,0.78952,0.78843,0.78931,750,0,0
2025-10-17 12:30:00,0.7893,0.78999,0.78915,0.78926,782,0,0
2025-10-17 12:45:00,0.78926,0.78944,0.789,0.78914,616,0,0
2025-10-17 13:00:00,0.78915,0.78974,0.78915,0.78949,556,0,0
2025-10-17 13:15:00,0.78949,0.78975,0.7892,0.78945,700,0,0
2025-10-17 13:30:00,0.78945,0.78981,0.78926,0.78943,862,0,0
2025-10-17 13:45:00,0.78943,0.7901,0.78903,0.79003,872,0,0
2025-10-17 14:00:00,0.79004,0.79168,0.78946,0.79142,1537,0,0
2025-10-17 14:15:00,0.79145,0.79198,0.79101,0.79183,1529,0,0
2025-10-17 14:30:00,0.79182,0.79195,0.79121,0.79138,1043,0,0
2025-10-17 14:45:00,0.79138,0.79173,0.79103,0.7915,925,0,0
2025-10-17 15:00:00,0.79149,0.79261,0.79141,0.79212,1298,0,0
2025-10-17 15:15:00,0.79211,0.79319,0.79202,0.79295,1387,0,0
2025-10-17 15:30:00,0.79295,0.79317,0.79242,0.79265,1312,2,0
2025-10-17 15:45:00,0.79265,0.79278,0.7921,0.79218,1104,0,0
2025-10-17 16:00:00,0.79218,0.79251,0.79195,0.79218,888,0,0
2025-10-17 16:15:00,0.79218,0.79222,0.79107,0.79116,923,2,0
2025-10-17 16:30:00,0.79117,0.79172,0.79067,0.79093,1732,0,0
2025-10-17 16:45:00,0.79093,0.79188,0.79058,0.79134,1195,0,0
2025-10-17 17:00:00,0.79135,0.79278,0.79121,0.79272,1470,0,0
2025-10-17 17:15:00,0.79272,0.79272,0.79219,0.79253,1139,0,0
2025-10-17 17:30:00,0.79253,0.79277,0.79234,0.79253,988,0,0
2025-10-17 17:45:00,0.79253,0.79332,0.7924,0.79258,1313,0,0
2025-10-17 18:00:00,0.79258,0.79284,0.79225,0.79232,1034,0,0
2025-10-17 18:15:00,0.79232,0.79258,0.79219,0.79231,853,0,0
2025-10-17 18:30:00,0.79231,0.79246,0.79187,0.79212,820,0,0
2025-10-17 18:45:00,0.79213,0.79213,0.79179,0.79196,622,0,0
2025-10-17 19:00:00,0.79195,0.79238,0.7919,0.79201,551,0,0
2025-10-17 19:15:00,0.79201,0.79206,0.79158,0.79187,537,0,0
2025-10-17 19:30:00,0.79187,0.79208,0.79165,0.79207,506,0,0
2025-10-17 19:45:00,0.79207,0.79219,0.7917,0.79217,509,0,0
2025-10-17 20:00:00,0.79217,0.79226,0.79206,0.79211,503,2,0
2025-10-17 20:15:00,0.79211,0.79213,0.79184,0.79199,331,0,0
2025-10-17 20:30:00,0.79197,0.79221,0.79195,0.79201,364,0,0
2025-10-17 20:45:00,0.79201,0.79262,0.79195,0.79258,564,0,0
2025-10-17 21:00:00,0.79257,0.79307,0.79245,0.79295,653,0,0
2025-10-17 21:15:00,0.79295,0.79321,0.79231,0.79243,596,0,0
2025-10-17 21:30:00,0.79243,0.79265,0.79243,0.79264,339,0,0
2025-10-17 21:45:00,0.79263,0.7928,0.7924,0.79256,395,0,0
2025-10-17 22:00:00,0.79257,0.79257,0.79229,0.79247,362,0,0
2025-10-17 22:15:00,0.79247,0.7926,0.79241,0.79259,185,0,0
2025-10-17 22:30:00,0.79259,0.79295,0.79254,0.79291,243,0,0
2025-10-17 22:45:00,0.79291,0.793,0.79255,0.79256,301,0,0
2025-10-17 23:00:00,0.79256,0.79301,0.79256,0.79281,255,0,0
2025-10-17 23:15:00,0.79281,0.79305,0.79276,0.79304,286,0,0
2025-10-17 23:30:00,0.79304,0.79358,0.79304,0.79336,294,0,0
2025-10-17 23:45:00,0.79336,0.79369,0.79307,0.79318,437,0,0
2025-10-20 00:00:00,0.7909,0.7909,0.79015,0.79048,58,200,0
2025-10-20 00:15:00,0.79048,0.7907,0.79047,0.79049,41,300,0
2025-10-20 00:30:00,0.79049,0.79152,0.79049,0.79122,164,156,0
2025-10-20 00:45:00,0.79122,0.79173,0.79098,0.79173,188,146,0
2025-10-20 01:00:00,0.79173,0.79409,0.79165,0.79406,458,2,0
2025-10-20 01:15:00,0.79406,0.79415,0.79384,0.79402,474,2,0
2025-10-20 01:30:00,0.79402,0.79417,0.79383,0.79394,387,0,0
2025-10-20 01:45:00,0.79394,0.79406,0.79387,0.794,184,0,0
2025-10-20 02:00:00,0.794,0.79414,0.79393,0.79397,250,0,0
2025-10-20 02:15:00,0.79397,0.79401,0.79353,0.79357,269,0,0
2025-10-20 02:30:00,0.79357,0.79369,0.79343,0.79345,186,0,0
2025-10-20 02:45:00,0.79346,0.79369,0.79339,0.79365,420,0,0
2025-10-20 03:00:00,0.79365,0.79366,0.79315,0.7934,792,0,0
2025-10-20 03:15:00,0.7934,0.7935,0.79302,0.79321,784,0,0
2025-10-20 03:30:00,0.7932,0.79332,0.79286,0.79309,646,0,0
2025-10-20 03:45:00,0.79309,0.79312,0.79276,0.79284,650,0,0
2025-10-20 04:00:00,0.79284,0.79329,0.79279,0.7932,507,0,0
2025-10-20 04:15:00,0.7932,0.79362,0.79317,0.79356,465,0,0
2025-10-20 04:30:00,0.79357,0.79384,0.79342,0.79366,411,0,0
2025-10-20 04:45:00,0.79365,0.79366,0.79305,0.7933,486,0,0
2025-10-20 05:00:00,0.79329,0.79329,0.7928,0.79285,425,2,0
2025-10-20 05:15:00,0.79285,0.79294,0.79273,0.79287,165,0,0
2025-10-20 05:30:00,0.79287,0.79296,0.79267,0.79296,260,0,0
2025-10-20 05:45:00,0.79296,0.79328,0.79296,0.79322,213,0,0
2025-10-20 06:00:00,0.79321,0.79334,0.79304,0.79308,265,0,0
2025-10-20 06:15:00,0.79308,0.79313,0.79288,0.79312,206,0,0
2025-10-20 06:30:00,0.79312,0.79317,0.79302,0.79313,143,0,0
2025-10-20 06:45:00,0.79313,0.79323,0.7929,0.79297,370,0,0
2025-10-20 07:00:00,0.79297,0.79315,0.79294,0.79309,275,0,0
2025-10-20 07:15:00,0.79308,0.79308,0.79291,0.79294,180,0,0
2025-10-20 07:30:00,0.79294,0.79294,0.79269,0.79281,289,0,0
2025-10-20 07:45:00,0.79281,0.79283,0.79264,0.79281,418,0,0
2025-10-20 08:00:00,0.79281,0.79287,0.79265,0.79274,197,0,0
2025-10-20 08:15:00,0.79274,0.79284,0.79263,0.79269,246,0,0
2025-10-20 08:30:00,0.79269,0.79289,0.79256,0.79284,310,0,0
2025-10-20 08:45:00,0.79284,0.79313,0.79283,0.79284,301,0,0
2025-10-20 09:00:00,0.79285,0.79336,0.79284,0.79321,588,0,0
2025-10-20 09:15:00,0.7932,0.7936,0.79302,0.79342,461,0,0
2025-10-20 09:30:00,0.79343,0.79353,0.7932,0.79327,756,0,0
2025-10-20 09:45:00,0.79327,0.79395,0.79311,0.79389,651,0,0
2025-10-20 10:00:00,0.79389,0.79436,0.79384,0.79386,841,0,0
2025-10-20 10:15:00,0.79386,0.79398,0.79342,0.79342,601,0,0
2025-10-20 10:30:00,0.79342,0.7935,0.79291,0.79308,585,0,0
2025-10-20 10:45:00,0.79308,0.79336,0.79307,0.79317,589,0,0
2025-10-20 11:00:00,0.79317,0.79345,0.79286,0.79307,667,0,0
2025-10-20 11:15:00,0.79307,0.79332,0.79269,0.79273,505,0,0
2025-10-20 11:30:00,0.79273,0.79279,0.79239,0.79265,495,0,0
2025-10-20 11:45:00,0.79265,0.79272,0.79234,0.79252,673,0,0
2025-10-20 12:00:00,0.79252,0.79288,0.7923,0.79287,636,0,0
2025-10-20 12:15:00,0.79287,0.79298,0.79277,0.79282,390,0,0
2025-10-20 12:30:00,0.79282,0.79296,0.79258,0.79264,405,0,0
2025-10-20 12:45:00,0.79264,0.7929,0.79251,0.79281,589,0,0
2025-10-20 13:00:00,0.79281,0.79324,0.79277,0.79307,379,0,0
2025-10-20 13:15:00,0.79307,0.79344,0.79305,0.79306,433,0,0
2025-10-20 13:30:00,0.79306,0.79311,0.7928,0.79282,401,0,0
2025-10-20 13:45:00,0.79282,0.79285,0.79258,0.79281,375,0,0
2025-10-20 14:00:00,0.7928,0.79297,0.79273,0.79273,463,0,0
2025-10-20 14:15:00,0.79273,0.79289,0.79263,0.79289,357,0,0
2025-10-20 14:30:00,0.7929,0.79348,0.79287,0.79341,676,0,0
2025-10-20 14:45:00,0.79341,0.79342,0.79249,0.79249,493,0,0
2025-10-20 15:00:00,0.79248,0.79276,0.79231,0.79251,592,0,0
2025-10-20 15:15:00,0.79251,0.79256,0.79223,0.79255,648,0,0
2025-10-20 15:30:00,0.79255,0.79265,0.79232,0.79239,647,2,0
2025-10-20 15:45:00,0.79239,0.79264,0.79223,0.7925,576,0,0
2025-10-20 16:00:00,0.7925,0.79257,0.79218,0.79224,646,0,0
2025-10-20 16:15:00,0.79224,0.79246,0.79207,0.79212,454,0,0
2025-10-20 16:30:00,0.79212,0.79285,0.7921,0.79261,807,0,0
2025-10-20 16:45:00,0.79261,0.79294,0.79239,0.79249,664,0,0
2025-10-20 17:00:00,0.79249,0.7926,0.79171,0.79179,659,2,0
2025-10-20 17:15:00,0.79179,0.79187,0.79122,0.79128,579,2,0
2025-10-20 17:30:00,0.79128,0.79134,0.79081,0.79114,671,2,0
2025-10-20 17:45:00,0.79114,0.79155,0.79063,0.79077,941,0,0
2025-10-20 18:00:00,0.79077,0.79163,0.79077,0.79117,764,0,0
2025-10-20 18:15:00,0.79116,0.79142,0.7909,0.79138,683,0,0
2025-10-20 18:30:00,0.79139,0.79181,0.79132,0.79178,455,0,0
2025-10-20 18:45:00,0.79178,0.7921,0.79154,0.79183,810,0,0
2025-10-20 19:00:00,0.79183,0.7919,0.79151,0.79178,558,0,0
2025-10-20 19:15:00,0.79178,0.7921,0.79174,0.79209,525,0,0
2025-10-20 19:30:00,0.79209,0.79215,0.79189,0.79213,283,0,0
2025-10-20 19:45:00,0.79213,0.79225,0.792,0.79206,300,0,0
2025-10-20 20:00:00,0.7921,0.79216,0.79193,0.79209,340,0,0
2025-10-20 20:15:00,0.79209,0.79221,0.792,0.79203,237,0,0
2025-10-20 20:30:00,0.79203,0.79255,0.79203,0.79236,296,0,0
2025-10-20 20:45:00,0.79236,0.79245,0.79229,0.79236,312,0,0
2025-10-20 21:00:00,0.79237,0.79253,0.7923,0.79242,242,0,0
2025-10-20 21:15:00,0.79242,0.79257,0.79232,0.79233,221,0,0
2025-10-20 21:30:00,0.79233,0.79239,0.79204,0.79219,317,0,0
2025-10-20 21:45:00,0.79221,0.79221,0.79174,0.79192,268,0,0
2025-10-20 22:00:00,0.79192,0.79222,0.79186,0.79216,259,0,0
2025-10-20 22:15:00,0.79216,0.79237,0.79215,0.7922,141,0,0
2025-10-20 22:30:00,0.7922,0.79233,0.79215,0.79217,121,0,0
2025-10-20 22:45:00,0.79217,0.79231,0.79213,0.79222,205,0,0
2025-10-20 23:00:00,0.79222,0.79235,0.79207,0.79234,158,0,0
2025-10-20 23:15:00,0.79234,0.79249,0.79221,0.79229,118,0,0
2025-10-20 23:30:00,0.79228,0.79241,0.79223,0.79238,89,0,0
2025-10-20 23:45:00,0.79238,0.79248,0.79229,0.79246,297,12,0
2025-10-21 00:00:00,0.79219,0.79219,0.79045,0.79186,31,86,0
2025-10-21 00:15:00,0.79186,0.79187,0.7911,0.79155,27,96,0
2025-10-21 00:30:00,0.79155,0.79161,0.79119,0.79153,222,96,0
2025-10-21 00:45:00,0.79153,0.79166,0.7911,0.79111,85,94,0
2025-10-21 01:00:00,0.79111,0.79233,0.79111,0.79233,171,2,0
2025-10-21 01:15:00,0.79233,0.79238,0.7923,0.79236,636,2,0
2025-10-21 01:30:00,0.79236,0.79259,0.79232,0.79259,308,0,0
2025-10-21 01:45:00,0.79259,0.7926,0.79237,0.79247,239,0,0
2025-10-21 02:00:00,0.79247,0.79254,0.79242,0.79252,139,0,0
2025-10-21 02:15:00,0.79252,0.79254,0.79239,0.79247,196,0,0
2025-10-21 02:30:00,0.79247,0.79251,0.79246,0.7925,93,0,0
2025-10-21 02:45:00,0.7925,0.79251,0.79242,0.79249,277,0,0
2025-10-21 03:00:00,0.79248,0.7926,0.79167,0.79168,921,0,0
2025-10-21 03:15:00,0.79168,0.79177,0.79144,0.79171,538,0,0
2025-10-21 03:30:00,0.79172,0.79174,0.79157,0.79159,362,0,0
2025-10-21 03:45:00,0.79159,0.79185,0.79149,0.7918,497,0,0
2025-10-21 04:00:00,0.7918,0.7921,0.7918,0.79193,416,0,0
2025-10-21 04:15:00,0.79193,0.79213,0.79172,0.79212,413,0,0
2025-10-21 04:30:00,0.79212,0.79259,0.79206,0.79247,593,0,0
2025-10-21 04:45:00,0.79247,0.79268,0.7923,0.79255,516,0,0
2025-10-21 05:00:00,0.79254,0.79296,0.79253,0.79255,396,0,0
2025-10-21 05:15:00,0.79255,0.79278,0.79254,0.79265,318,0,0
2025-10-21 05:30:00,0.79265,0.79307,0.79263,0.79301,407,0,0
2025-10-21 05:45:00,0.79301,0.79319,0.79295,0.7931,275,0,0
2025-10-21 06:00:00,0.7931,0.79313,0.79296,0.79302,224,0,0
2025-10-21 06:15:00,0.79302,0.79313,0.79299,0.793,222,0,0
2025-10-21 06:30:00,0.793,0.79324,0.79299,0.79311,184,0,0
2025-10-21 06:45:00,0.79311,0.79323,0.79305,0.7932,230,0,0
2025-10-21 07:00:00,0.7932,0.79338,0.79315,0.79327,226,0,0
2025-10-21 07:15:00,0.79327,0.79332,0.79318,0.79331,218,0,0
2025-10-21 07:30:00,0.79331,0.79346,0.79317,0.79328,324,0,0
2025-10-21 07:45:00,0.79328,0.7934,0.79286,0.79305,763,0,0
2025-10-21 08:00:00,0.79305,0.79333,0.79282,0.793,566,0,0
2025-10-21 08:15:00,0.793,0.79352,0.793,0.79344,377,0,0
2025-10-21 08:30:00,0.79344,0.79357,0.79325,0.79353,345,0,0
2025-10-21 08:45:00,0.79353,0.79356,0.79326,0.79348,366,0,0
2025-10-21 09:00:00,0.7935,0.79371,0.79336,0.7935,481,0,0
2025-10-21 09:15:00,0.7935,0.79364,0.79322,0.79324,395,0,0
2025-10-21 09:30:00,0.79324,0.79328,0.79203,0.79216,744,0,0
2025-10-21 09:45:00,0.79217,0.79237,0.79184,0.79199,744,0,0
2025-10-21 10:00:00,0.79199,0.79278,0.79182,0.79276,924,0,0
2025-10-21 10:15:00,0.79276,0.79303,0.7923,0.79254,828,0,0
2025-10-21 10:30:00,0.79254,0.7929,0.79247,0.79276,843,0,0
2025-10-21 10:45:00,0.79276,0.79287,0.79223,0.79286,1046,0,0
2025-10-21 11:00:00,0.79291,0.79325,0.79263,0.79313,984,0,0
2025-10-21 11:15:00,0.79313,0.7934,0.79276,0.79308,898,0,0
2025-10-21 11:30:00,0.79308,0.7934,0.79298,0.79312,647,0,0
2025-10-21 11:45:00,0.79312,0.79381,0.79311,0.79367,833,0,0
2025-10-21 12:00:00,0.79368,0.79417,0.79367,0.79393,581,0,0
2025-10-21 12:15:00,0.79393,0.79407,0.79373,0.79386,454,0,0
2025-10-21 12:30:00,0.79386,0.79402,0.79372,0.79394,408,0,0
2025-10-21 12:45:00,0.79394,0.79457,0.7939,0.79455,530,0,0
2025-10-21 13:00:00,0.79455,0.7951,0.79426,0.79489,633,0,0
2025-10-21 13:15:00,0.79489,0.79532,0.79479,0.79485,847,0,0
2025-10-21 13:30:00,0.79485,0.79524,0.7948,0.7951,716,0,0
2025-10-21 13:45:00,0.7951,0.79516,0.79438,0.79455,754,0,0
2025-10-21 14:00:00,0.79455,0.79464,0.79414,0.79432,577,2,0
2025-10-21 14:15:00,0.79432,0.79466,0.79417,0.79438,606,0,0
2025-10-21 14:30:00,0.79438,0.79458,0.79418,0.79442,673,0,0
2025-10-21 14:45:00,0.79442,0.79487,0.79442,0.79469,694,0,0
2025-10-21 15:00:00,0.79469,0.79559,0.79445,0.79538,1122,0,0
2025-10-21 15:15:00,0.79538,0.79575,0.79513,0.79559,990,0,0
2025-10-21 15:30:00,0.79561,0.79576,0.79502,0.79549,1146,2,0
2025-10-21 15:45:00,0.79549,0.79603,0.79531,0.79555,1001,0,0
2025-10-21 16:00:00,0.79555,0.79555,0.79498,0.79523,1367,0,0
2025-10-21 16:15:00,0.79523,0.79529,0.7948,0.79504,981,0,0
2025-10-21 16:30:00,0.79504,0.79514,0.79419,0.79469,883,0,0
2025-10-21 16:45:00,0.79468,0.79512,0.79422,0.79431,1173,0,0
2025-10-21 17:00:00,0.79431,0.79491,0.79398,0.7947,1063,0,0
2025-10-21 17:15:00,0.7947,0.79492,0.79443,0.79469,800,0,0
2025-10-21 17:30:00,0.7947,0.79554,0.79463,0.79551,922,0,0
2025-10-21 17:45:00,0.7955,0.79596,0.79511,0.79567,906,0,0
2025-10-21 18:00:00,0.79568,0.7957,0.79499,0.79518,900,0,0
2025-10-21 18:15:00,0.79518,0.79519,0.79466,0.79466,706,0,0
2025-10-21 18:30:00,0.79466,0.79539,0.79466,0.79515,637,0,0
2025-10-21 18:45:00,0.79515,0.79528,0.79496,0.79503,624,0,0
2025-10-21 19:00:00,0.79503,0.79576,0.79471,0.79546,1133,0,0
2025-10-21 19:15:00,0.79546,0.79603,0.79546,0.79567,639,0,0
2025-10-21 19:30:00,0.79565,0.79617,0.79561,0.7961,560,0,0
2025-10-21 19:45:00,0.7961,0.79625,0.79578,0.79588,872,0,0
2025-10-21 20:00:00,0.79589,0.79604,0.79576,0.79593,607,0,0
2025-10-21 20:15:00,0.79593,0.79609,0.79564,0.79605,528,0,0
2025-10-21 20:30:00,0.79605,0.79612,0.79581,0.79584,457,0,0
2025-10-21 20:45:00,0.79584,0.796,0.79579,0.79596,302,0,0
2025-10-21 21:00:00,0.79596,0.79599,0.79564,0.79569,345,0,0
2025-10-21 21:15:00,0.79569,0.79607,0.79561,0.796,269,0,0
2025-10-21 21:30:00,0.796,0.796,0.79581,0.79597,246,0,0
2025-10-21 21:45:00,0.79597,0.79616,0.7959,0.79612,281,0,0
2025-10-21 22:00:00,0.79611,0.79611,0.79595,0.79605,199,0,0
2025-10-21 22:15:00,0.79605,0.79642,0.79605,0.79642,199,0,0
2025-10-21 22:30:00,0.79638,0.79646,0.79612,0.79621,173,0,0
2025-10-21 22:45:00,0.79621,0.79633,0.79607,0.79623,215,0,0
2025-10-21 23:00:00,0.79623,0.79643,0.7962,0.7963,192,0,0
2025-10-21 23:15:00,0.7963,0.79639,0.7963,0.79636,66,0,0
2025-10-21 23:30:00,0.79636,0.79638,0.79608,0.79615,138,0,0
2025-10-21 23:45:00,0.79616,0.79637,0.79606,0.79635,211,12,0
2025-10-22 00:00:00,0.79607,0.79607,0.79469,0.79543,285,60,0
2025-10-22 00:15:00,0.79543,0.79555,0.79472,0.79511,488,96,0
2025-10-22 00:30:00,0.79511,0.7955,0.79511,0.79522,639,96,0
2025-10-22 00:45:00,0.79522,0.79565,0.79485,0.79517,874,84,0
2025-10-22 01:00:00,0.79517,0.79644,0.79503,0.79641,481,2,0
2025-10-22 01:15:00,0.79641,0.79646,0.79624,0.79627,307,2,0
2025-10-22 01:30:00,0.79627,0.79642,0.79627,0.79642,141,0,0
2025-10-22 01:45:00,0.79642,0.79658,0.79641,0.79657,92,0,0
2025-10-22 02:00:00,0.79657,0.79666,0.79646,0.7965,142,0,0
2025-10-22 02:15:00,0.7965,0.79662,0.79648,0.79653,75,0,0
2025-10-22 02:30:00,0.79653,0.79656,0.79646,0.7965,53,0,0
2025-10-22 02:45:00,0.7965,0.79691,0.7965,0.79679,321,2,0
2025-10-22 03:00:00,0.7968,0.79684,0.79648,0.79649,775,0,0
2025-10-22 03:15:00,0.79649,0.79657,0.79623,0.79627,442,0,0
2025-10-22 03:30:00,0.79627,0.79639,0.79617,0.79622,396,0,0
2025-10-22 03:45:00,0.79622,0.79624,0.79603,0.79603,391,0,0
2025-10-22 04:00:00,0.79601,0.79602,0.79547,0.79582,567,0,0
2025-10-22 04:15:00,0.79582,0.79615,0.79569,0.79611,365,0,0
2025-10-22 04:30:00,0.79611,0.79614,0.79588,0.79589,395,0,0
2025-10-22 04:45:00,0.79589,0.79596,0.79577,0.79587,335,0,0
2025-10-22 05:00:00,0.79588,0.79589,0.79557,0.79568,238,0,0
2025-10-22 05:15:00,0.79568,0.79577,0.79563,0.79573,254,0,0
2025-10-22 05:30:00,0.79573,0.79582,0.79555,0.79556,257,0,0
2025-10-22 05:45:00,0.79556,0.79576,0.79555,0.79574,177,0,0
2025-10-22 06:00:00,0.79574,0.79583,0.79572,0.7958,170,0,0
2025-10-22 06:15:00,0.7958,0.79599,0.79578,0.7959,230,0,0
2025-10-22 06:30:00,0.79591,0.79599,0.79579,0.7958,179,0,0
2025-10-22 06:45:00,0.7958,0.79591,0.79566,0.79588,252,0,0
2025-10-22 07:00:00,0.79588,0.79616,0.79572,0.79605,289,0,0
2025-10-22 07:15:00,0.79606,0.79616,0.79596,0.79604,178,0,0
2025-10-22 07:30:00,0.79604,0.79605,0.79586,0.79589,123,0,0
2025-10-22 07:45:00,0.79589,0.79589,0.79575,0.7958,191,0,0
2025-10-22 08:00:00,0.7958,0.79581,0.79541,0.79542,169,0,0
2025-10-22 08:15:00,0.79542,0.79547,0.79529,0.79537,147,0,0
2025-10-22 08:30:00,0.79537,0.79555,0.79531,0.7955,161,0,0
2025-10-22 08:45:00,0.7955,0.79561,0.79528,0.79536,235,0,0
2025-10-22 09:00:00,0.79536,0.79603,0.79529,0.79553,754,2,0
2025-10-22 09:15:00,0.79553,0.79573,0.7954,0.79555,554,0,0
2025-10-22 09:30:00,0.79555,0.79559,0.79516,0.7954,608,0,0
2025-10-22 09:45:00,0.7954,0.79549,0.79515,0.79542,647,0,0
2025-10-22 10:00:00,0.79542,0.7962,0.79519,0.79587,904,0,0
2025-10-22 10:15:00,0.79585,0.79629,0.79575,0.79606,708,0,0
2025-10-22 10:30:00,0.79606,0.7962,0.79569,0.79578,561,0,0
2025-10-22 10:45:00,0.79578,0.79608,0.79566,0.79607,463,0,0
2025-10-22 11:00:00,0.79607,0.79676,0.79603,0.79666,768,0,0
2025-10-22 11:15:00,0.79666,0.79692,0.79613,0.79634,850,0,0
2025-10-22 11:30:00,0.79634,0.79659,0.79619,0.79641,703,0,0
2025-10-22 11:45:00,0.79641,0.79645,0.79591,0.79614,670,0,0
2025-10-22 12:00:00,0.79615,0.79619,0.79584,0.79601,558,0,0
2025-10-22 12:15:00,0.79601,0.79642,0.79596,0.79617,441,0,0
2025-10-22 12:30:00,0.79617,0.79653,0.7961,0.79625,430,0,0
2025-10-22 12:45:00,0.79626,0.79641,0.79621,0.79624,419,0,0
2025-10-22 13:00:00,0.79625,0.79671,0.79601,0.79651,440,0,0
2025-10-22 13:15:00,0.79651,0.79686,0.79643,0.79685,513,0,0
2025-10-22 13:30:00,0.79686,0.7972,0.79686,0.79708,477,0,0
2025-10-22 13:45:00,0.79708,0.79722,0.79687,0.7969,516,0,0
2025-10-22 14:00:00,0.79691,0.79695,0.79648,0.79654,713,0,0
2025-10-22 14:15:00,0.79654,0.7967,0.79649,0.79667,545,0,0
2025-10-22 14:30:00,0.79667,0.7967,0.79621,0.79649,711,0,0
2025-10-22 14:45:00,0.79649,0.79663,0.79612,0.79624,744,0,0
2025-10-22 15:00:00,0.79624,0.79654,0.79606,0.79607,814,0,0
2025-10-22 15:15:00,0.79607,0.79659,0.796,0.79637,650,2,0
2025-10-22 15:30:00,0.79637,0.79694,0.79622,0.79694,621,0,0
2025-10-22 15:45:00,0.79694,0.79719,0.79657,0.79698,718,0,0
2025-10-22 16:00:00,0.79698,0.79739,0.79675,0.79731,745,0,0
2025-10-22 16:15:00,0.7973,0.79739,0.797,0.79726,681,0,0
2025-10-22 16:30:00,0.79727,0.79729,0.7967,0.79706,838,0,0
2025-10-22 16:45:00,0.79706,0.79717,0.79675,0.79693,799,0,0
2025-10-22 17:00:00,0.79693,0.79693,0.79649,0.79653,912,0,0
2025-10-22 17:15:00,0.79653,0.7967,0.79595,0.79599,680,0,0
2025-10-22 17:30:00,0.79599,0.79646,0.79598,0.79624,846,0,0
2025-10-22 17:45:00,0.79624,0.79652,0.79553,0.79568,840,0,0
2025-10-22 18:00:00,0.79568,0.79578,0.7953,0.79557,834,0,0
2025-10-22 18:15:00,0.79557,0.79573,0.79525,0.7953,613,0,0
2025-10-22 18:30:00,0.7953,0.79568,0.79516,0.79559,642,0,0
2025-10-22 18:45:00,0.79559,0.79613,0.79534,0.7958,688,0,0
2025-10-22 19:00:00,0.79579,0.79603,0.79565,0.79583,534,0,0
2025-10-22 19:15:00,0.79583,0.79587,0.79558,0.79565,321,0,0
2025-10-22 19:30:00,0.79565,0.79572,0.79485,0.79522,1354,0,0
2025-10-22 19:45:00,0.79522,0.79539,0.79492,0.79517,677,0,0
2025-10-22 20:00:00,0.79516,0.79563,0.79512,0.7953,545,2,0
2025-10-22 20:15:00,0.7953,0.7954,0.79514,0.79535,508,0,0
2025-10-22 20:30:00,0.79535,0.79547,0.79513,0.79521,381,0,0
2025-10-22 20:45:00,0.79521,0.79541,0.79517,0.79538,383,0,0
2025-10-22 21:00:00,0.79538,0.79548,0.79534,0.79534,268,0,0
2025-10-22 21:15:00,0.79534,0.79557,0.79529,0.79552,305,0,0
2025-10-22 21:30:00,0.79552,0.79601,0.79549,0.79598,370,0,0
2025-10-22 21:45:00,0.79598,0.79609,0.79589,0.796,310,0,0
2025-10-22 22:00:00,0.796,0.79613,0.79586,0.79603,473,0,0
2025-10-22 22:15:00,0.79603,0.79614,0.79593,0.79614,227,0,0
2025-10-22 22:30:00,0.79614,0.7963,0.79612,0.79623,311,0,0
2025-10-22 22:45:00,0.79623,0.79636,0.79617,0.79622,261,0,0
2025-10-22 23:00:00,0.79622,0.7963,0.79598,0.79606,205,2,0
2025-10-22 23:15:00,0.79606,0.79615,0.79593,0.79599,133,0,0
2025-10-22 23:30:00,0.79599,0.79603,0.79584,0.79585,119,0,0
2025-10-22 23:45:00,0.79585,0.7961,0.79582,0.79602,232,12,0
2025-10-23 00:00:00,0.79561,0.79561,0.79494,0.79532,44,87,0
2025-10-23 00:15:00,0.79532,0.79541,0.79529,0.79533,76,86,0
2025-10-23 00:30:00,0.79533,0.79558,0.79515,0.79555,163,68,0
2025-10-23 00:45:00,0.79555,0.79555,0.79465,0.79492,368,61,0
2025-10-23 01:00:00,0.79491,0.7958,0.7949,0.79574,211,2,0
2025-10-23 01:15:00,0.79574,0.79587,0.7956,0.79586,274,2,0
2025-10-23 01:30:00,0.79586,0.79597,0.79586,0.79596,140,0,0
2025-10-23 01:45:00,0.79596,0.79604,0.79587,0.79597,147,0,0
2025-10-23 02:00:00,0.79595,0.79618,0.79594,0.79617,141,0,0
2025-10-23 02:15:00,0.79617,0.79618,0.79606,0.79614,64,0,0
2025-10-23 02:30:00,0.79614,0.79618,0.79608,0.79617,102,0,0
2025-10-23 02:45:00,0.79617,0.7962,0.79612,0.79618,235,0,0
2025-10-23 03:00:00,0.79618,0.7966,0.79612,0.79654,515,0,0
2025-10-23 03:15:00,0.79654,0.7967,0.79652,0.79654,286,0,0
2025-10-23 03:30:00,0.79654,0.79655,0.79639,0.79644,146,0,0
2025-10-23 03:45:00,0.79644,0.79645,0.79626,0.79636,312,0,0
2025-10-23 04:00:00,0.79636,0.79669,0.79633,0.79668,227,0,0
2025-10-23 04:15:00,0.79668,0.79705,0.79662,0.79702,284,0,0
2025-10-23 04:30:00,0.79702,0.79712,0.79685,0.79685,257,0,0
2025-10-23 04:45:00,0.79685,0.79704,0.7967,0.79704,208,0,0
2025-10-23 05:00:00,0.79704,0.79726,0.79704,0.79715,204,0,0
2025-10-23 05:15:00,0.79715,0.79731,0.79713,0.79728,156,0,0
2025-10-23 05:30:00,0.79728,0.79746,0.79728,0.79743,114,0,0
2025-10-23 05:45:00,0.79743,0.79745,0.79735,0.79742,93,0,0
2025-10-23 06:00:00,0.7974,0.79745,0.7973,0.79731,99,0,0
2025-10-23 06:15:00,0.79731,0.79734,0.79721,0.79733,119,0,0
2025-10-23 06:30:00,0.79733,0.7974,0.79728,0.79736,184,0,0
2025-10-23 06:45:00,0.79736,0.79751,0.79733,0.79748,100,0,0
2025-10-23 07:00:00,0.79748,0.79767,0.79747,0.79749,152,0,0
2025-10-23 07:15:00,0.79749,0.79752,0.79737,0.79742,104,0,0
2025-10-23 07:30:00,0.79742,0.79743,0.7973,0.79736,136,0,0
2025-10-23 07:45:00,0.79734,0.79737,0.79723,0.79724,131,0,0
2025-10-23 08:00:00,0.79724,0.79731,0.79718,0.79727,90,0,0
2025-10-23 08:15:00,0.79727,0.79733,0.79716,0.7972,80,0,0
2025-10-23 08:30:00,0.7972,0.79729,0.79715,0.79723,109,0,0
2025-10-23 08:45:00,0.79723,0.79723,0.7969,0.79716,189,0,0
2025-10-23 09:00:00,0.79715,0.79718,0.79684,0.797,337,0,0
2025-10-23 09:15:00,0.797,0.79713,0.79683,0.79709,250,0,0
2025-10-23 09:30:00,0.79709,0.79761,0.79694,0.79742,455,0,0
2025-10-23 09:45:00,0.79742,0.79759,0.79726,0.79752,460,0,0
2025-10-23 10:00:00,0.79752,0.79774,0.79725,0.79748,596,0,0
2025-10-23 10:15:00,0.79748,0.79794,0.79726,0.79788,488,0,0
2025-10-23 10:30:00,0.79788,0.79804,0.79744,0.79758,632,0,0
2025-10-23 10:45:00,0.79758,0.79764,0.79703,0.7972,493,0,0
2025-10-23 11:00:00,0.7972,0.79735,0.79697,0.79712,340,0,0
2025-10-23 11:15:00,0.79712,0.7973,0.79699,0.79721,314,0,0
2025-10-23 11:30:00,0.79721,0.79772,0.79718,0.79757,364,0,0
2025-10-23 11:45:00,0.79757,0.79771,0.79734,0.79752,358,0,0
2025-10-23 12:00:00,0.79752,0.79783,0.7974,0.79771,342,0,0
2025-10-23 12:15:00,0.79771,0.79773,0.79704,0.79719,368,0,0
2025-10-23 12:30:00,0.79719,0.79781,0.79717,0.79773,214,0,0
2025-10-23 12:45:00,0.79773,0.79813,0.79771,0.79803,296,0,0
2025-10-23 13:00:00,0.79803,0.79814,0.7979,0.79799,275,0,0
2025-10-23 13:15:00,0.798,0.79818,0.79799,0.79816,335,0,0
2025-10-23 13:30:00,0.79816,0.79828,0.798,0.79828,304,0,0
2025-10-23 13:45:00,0.79828,0.79858,0.79821,0.79844,417,0,0
2025-10-23 14:00:00,0.79844,0.79849,0.79824,0.7984,495,0,0
2025-10-23 14:15:00,0.7984,0.79871,0.7984,0.79857,304,0,0
2025-10-23 14:30:00,0.79857,0.79867,0.79818,0.79818,411,0,0
2025-10-23 14:45:00,0.79818,0.79826,0.79802,0.79818,466,0,0
2025-10-23 15:00:00,0.79816,0.79816,0.79776,0.79783,397,0,0
2025-10-23 15:15:00,0.79781,0.79813,0.7977,0.7977,455,0,0
2025-10-23 15:30:00,0.7977,0.79778,0.79708,0.7972,565,2,0
2025-10-23 15:45:00,0.7972,0.7972,0.79658,0.79693,616,0,0
2025-10-23 16:00:00,0.79693,0.79709,0.79668,0.79701,619,0,0
2025-10-23 16:15:00,0.797,0.79715,0.79661,0.79674,557,0,0
2025-10-23 16:30:00,0.79673,0.7968,0.79627,0.79666,741,0,0
2025-10-23 16:45:00,0.79666,0.79692,0.79658,0.79677,591,0,0
2025-10-23 17:00:00,0.79676,0.79677,0.79595,0.79609,769,2,0
2025-10-23 17:15:00,0.79609,0.79621,0.79584,0.79584,565,0,0
2025-10-23 17:30:00,0.79584,0.79585,0.79549,0.7955,623,0,0
2025-10-23 17:45:00,0.7955,0.79565,0.79529,0.79537,723,0,0
2025-10-23 18:00:00,0.79537,0.79574,0.79523,0.79573,560,0,0
2025-10-23 18:15:00,0.79572,0.79597,0.79567,0.79589,426,0,0
2025-10-23 18:30:00,0.79589,0.79598,0.79566,0.79578,441,0,0
2025-10-23 18:45:00,0.79578,0.79585,0.79549,0.79566,356,0,0
2025-10-23 19:00:00,0.79565,0.79569,0.79536,0.79536,339,0,0
2025-10-23 19:15:00,0.79536,0.79549,0.79525,0.7953,379,0,0
2025-10-23 19:30:00,0.7953,0.79555,0.79514,0.79552,251,0,0
2025-10-23 19:45:00,0.79552,0.79574,0.79546,0.7957,351,0,0
2025-10-23 20:00:00,0.79569,0.79596,0.79566,0.7959,469,2,0
2025-10-23 20:15:00,0.7959,0.79605,0.7957,0.79603,239,0,0
2025-10-23 20:30:00,0.79603,0.79605,0.79585,0.79587,259,0,0
2025-10-23 20:45:00,0.79587,0.79588,0.79549,0.79553,345,0,0
2025-10-23 21:00:00,0.79552,0.79565,0.79546,0.79557,263,0,0
2025-10-23 21:15:00,0.79557,0.79569,0.79544,0.79565,206,0,0
2025-10-23 21:30:00,0.79566,0.79575,0.79535,0.79538,278,0,0
2025-10-23 21:45:00,0.79538,0.79544,0.7952,0.79522,216,0,0
2025-10-23 22:00:00,0.79522,0.79523,0.79501,0.79516,243,0,0
2025-10-23 22:15:00,0.79516,0.79527,0.79516,0.79525,91,0,0
2025-10-23 22:30:00,0.79525,0.79528,0.79515,0.79516,101,0,0
2025-10-23 22:45:00,0.79516,0.79538,0.79516,0.79525,167,0,0
2025-10-23 23:00:00,0.79525,0.7955,0.79525,0.79545,148,0,0
2025-10-23 23:15:00,0.79545,0.79551,0.79533,0.79535,87,0,0
2025-10-23 23:30:00,0.79535,0.79541,0.79528,0.79537,106,0,0
2025-10-23 23:45:00,0.79537,0.79542,0.79496,0.79519,219,0,0
2025-10-24 00:00:00,0.79473,0.795,0.79449,0.795,398,92,0
2025-10-24 00:15:00,0.795,0.79501,0.79494,0.79496,78,90,0
2025-10-24 00:30:00,0.79496,0.79516,0.79492,0.79511,434,68,0
2025-10-24 00:45:00,0.79511,0.79515,0.79481,0.79504,346,68,0
2025-10-24 01:00:00,0.79504,0.79518,0.79485,0.79497,262,2,0
2025-10-24 01:15:00,0.79497,0.79506,0.7949,0.79491,303,2,0
2025-10-24 01:30:00,0.79491,0.79517,0.79491,0.79517,142,0,0
2025-10-24 01:45:00,0.79517,0.79521,0.7951,0.79517,99,0,0
2025-10-24 02:00:00,0.79516,0.79523,0.79505,0.79506,195,0,0
2025-10-24 02:15:00,0.79506,0.79517,0.79505,0.79516,64,0,0
2025-10-24 02:30:00,0.79516,0.79529,0.79512,0.79512,116,2,0
2025-10-24 02:45:00,0.79512,0.79517,0.79503,0.79514,208,0,0
2025-10-24 03:00:00,0.79513,0.79514,0.79473,0.79483,404,0,0
2025-10-24 03:15:00,0.79484,0.79497,0.7948,0.79493,336,0,0
2025-10-24 03:30:00,0.79493,0.79503,0.79485,0.79497,393,2,0
2025-10-24 03:45:00,0.79497,0.79516,0.79494,0.79516,430,0,0
2025-10-24 04:00:00,0.79516,0.79541,0.79509,0.79533,385,0,0
2025-10-24 04:15:00,0.79533,0.79572,0.79528,0.7956,326,0,0
2025-10-24 04:30:00,0.7956,0.79572,0.79553,0.79554,358,0,0
2025-10-24 04:45:00,0.79554,0.79576,0.79554,0.79569,217,0,0
2025-10-24 05:00:00,0.79569,0.79574,0.79556,0.7956,170,0,0
2025-10-24 05:15:00,0.7956,0.79581,0.7956,0.7958,183,0,0
2025-10-24 05:30:00,0.7958,0.79583,0.79569,0.79581,286,0,0
2025-10-24 05:45:00,0.79581,0.79602,0.7958,0.79602,158,0,0
2025-10-24 06:00:00,0.79602,0.79602,0.79579,0.79597,168,0,0
2025-10-24 06:15:00,0.79597,0.79607,0.79586,0.79586,171,0,0
2025-10-24 06:30:00,0.79586,0.79591,0.79581,0.79583,129,0,0
2025-10-24 06:45:00,0.79583,0.79583,0.79565,0.79583,121,0,0
2025-10-24 07:00:00,0.79583,0.79604,0.79583,0.79591,125,0,0
2025-10-24 07:15:00,0.79591,0.79608,0.7959,0.79607,170,0,0
2025-10-24 07:30:00,0.79607,0.79607,0.79597,0.79604,282,0,0
2025-10-24 07:45:00,0.79604,0.79614,0.79603,0.79606,151,0,0
2025-10-24 08:00:00,0.79606,0.79615,0.79587,0.79587,163,0,0
2025-10-24 08:15:00,0.79587,0.79633,0.79587,0.79632,149,0,0
2025-10-24 08:30:00,0.79632,0.79635,0.79603,0.79617,172,0,0
2025-10-24 08:45:00,0.79617,0.79618,0.79598,0.79613,159,0,0
2025-10-24 09:00:00,0.79613,0.79655,0.79596,0.79653,383,2,0
2025-10-24 09:15:00,0.79653,0.79653,0.79597,0.79602,265,0,0
2025-10-24 09:30:00,0.79602,0.79621,0.7958,0.79581,381,0,0
2025-10-24 09:45:00,0.79581,0.79589,0.79541,0.79542,384,0,0
2025-10-24 10:00:00,0.79543,0.79549,0.79512,0.79524,580,0,0
2025-10-24 10:15:00,0.79546,0.79564,0.79537,0.79547,603,0,0
2025-10-24 10:30:00,0.79529,0.79529,0.79466,0.79498,877,0,0
2025-10-24 10:45:00,0.79498,0.79555,0.79483,0.79547,648,0,0
2025-10-24 11:00:00,0.79547,0.79577,0.79536,0.7957,767,2,0
2025-10-24 11:15:00,0.7957,0.79627,0.79564,0.79603,709,2,0
2025-10-24 11:30:00,0.79599,0.79608,0.79558,0.79578,709,2,0
2025-10-24 11:45:00,0.79577,0.79604,0.79559,0.79581,479,0,0
2025-10-24 12:00:00,0.79582,0.79611,0.7957,0.79574,425,0,0
2025-10-24 12:15:00,0.79574,0.79608,0.79574,0.79606,363,2,0
2025-10-24 12:30:00,0.79606,0.79628,0.79598,0.79614,270,0,0
2025-10-24 12:45:00,0.79614,0.79639,0.79601,0.79604,406,0,0
2025-10-24 13:00:00,0.79603,0.79613,0.79581,0.79592,384,0,0
2025-10-24 13:15:00,0.79592,0.79617,0.79589,0.79611,199,0,0
2025-10-24 13:30:00,0.79611,0.79631,0.79606,0.79626,282,0,0
2025-10-24 13:45:00,0.79626,0.79652,0.79624,0.79647,288,0,0
2025-10-24 14:00:00,0.79647,0.79683,0.79636,0.7965,345,0,0
2025-10-24 14:15:00,0.7965,0.79682,0.79634,0.79678,395,0,0
2025-10-24 14:30:00,0.79678,0.79684,0.79633,0.79673,393,0,0
2025-10-24 14:45:00,0.79673,0.79677,0.7963,0.7963,440,0,0
2025-10-24 15:00:00,0.79629,0.79647,0.79604,0.7963,582,0,0
2025-10-24 15:15:00,0.7963,0.79651,0.79547,0.79562,612,0,0
2025-10-24 15:30:00,0.79563,0.79563,0.79273,0.79396,2667,2,0
2025-10-24 15:45:00,0.79397,0.79502,0.79389,0.79459,1346,0,0
2025-10-24 16:00:00,0.79458,0.79491,0.79399,0.79454,1133,0,0
2025-10-24 16:15:00,0.79455,0.795,0.79448,0.79452,999,0,0
2025-10-24 16:30:00,0.7945,0.79487,0.79417,0.79417,954,0,0
2025-10-24 16:45:00,0.79487,0.79551,0.79487,0.79505,1246,2,0
2025-10-24 17:00:00,0.79506,0.79556,0.79474,0.79477,1051,2,0
2025-10-24 17:15:00,0.79478,0.7954,0.79478,0.79536,767,0,0
2025-10-24 17:30:00,0.79536,0.7957,0.79527,0.7954,679,0,0
2025-10-24 17:45:00,0.7954,0.79587,0.79527,0.79528,839,0,0
2025-10-24 18:00:00,0.79529,0.79543,0.79501,0.79528,750,0,0
2025-10-24 18:15:00,0.79528,0.79544,0.79513,0.79514,456,0,0
2025-10-24 18:30:00,0.79514,0.79581,0.79501,0.79552,481,0,0
2025-10-24 18:45:00,0.79551,0.79609,0.7955,0.7958,734,0,0
2025-10-24 19:00:00,0.7958,0.79597,0.7957,0.79582,434,0,0
2025-10-24 19:15:00,0.79582,0.79616,0.79582,0.79595,328,0,0
2025-10-24 19:30:00,0.79595,0.79618,0.79586,0.79609,290,0,0
2025-10-24 19:45:00,0.79609,0.79617,0.79573,0.79582,389,0,0
2025-10-24 20:00:00,0.79582,0.79582,0.79529,0.79555,419,2,0
2025-10-24 20:15:00,0.79555,0.79577,0.79552,0.79565,336,0,0
2025-10-24 20:30:00,0.79565,0.79571,0.79548,0.79558,229,0,0
2025-10-24 20:45:00,0.79558,0.79578,0.7955,0.79555,321,0,0
2025-10-24 21:00:00,0.79555,0.79566,0.79539,0.79555,306,0,0
2025-10-24 21:15:00,0.79555,0.79568,0.79553,0.79564,332,0,0
2025-10-24 21:30:00,0.79565,0.79578,0.79563,0.79571,234,0,0
2025-10-24 21:45:00,0.79571,0.79579,0.79562,0.79573,258,0,0
2025-10-24 22:00:00,0.79573,0.79579,0.79556,0.79558,237,0,0
2025-10-24 22:15:00,0.79558,0.79564,0.79551,0.79563,179,0,0
2025-10-24 22:30:00,0.79563,0.79569,0.79546,0.79547,181,0,0
2025-10-24 22:45:00,0.79547,0.79552,0.79525,0.79533,248,0,0
2025-10-24 23:00:00,0.79533,0.79535,0.79501,0.79503,229,0,0
2025-10-24 23:15:00,0.79503,0.79511,0.79496,0.79508,272,0,0
2025-10-24 23:30:00,0.79509,0.79572,0.79509,0.79571,380,0,0
2025-10-24 23:45:00,0.79571,0.79571,0.7947,0.79512,525,0,0
2025-10-27 00:00:00,0.79631,0.79631,0.795,0.79531,55,98,0
2025-10-27 00:15:00,0.79531,0.79538,0.7949,0.79515,81,300,0
2025-10-27 00:30:00,0.79515,0.79607,0.79515,0.7953,113,122,0
2025-10-27 00:45:00,0.79534,0.79562,0.79509,0.79547,232,96,0
2025-10-27 01:00:00,0.79547,0.79667,0.7952,0.79625,408,2,0
2025-10-27 01:15:00,0.79625,0.79648,0.7961,0.79647,294,2,0
2025-10-27 01:30:00,0.79647,0.79659,0.79597,0.79622,307,0,0
2025-10-27 01:45:00,0.79622,0.79637,0.79617,0.79637,186,0,0
2025-10-27 02:00:00,0.79637,0.79644,0.79618,0.79633,232,0,0
2025-10-27 02:15:00,0.79633,0.79635,0.79618,0.7962,168,0,0
2025-10-27 02:30:00,0.7962,0.79622,0.79594,0.79602,216,0,0
2025-10-27 02:45:00,0.79602,0.79624,0.79594,0.79611,228,0,0
2025-10-27 03:00:00,0.79611,0.79637,0.79597,0.79636,472,0,0
2025-10-27 03:15:00,0.79636,0.79636,0.79599,0.79601,250,0,0
2025-10-27 03:30:00,0.79601,0.79602,0.79559,0.79559,404,0,0
2025-10-27 03:45:00,0.79559,0.79567,0.79528,0.79539,695,0,0
2025-10-27 04:00:00,0.79539,0.79549,0.79469,0.79478,482,0,0
2025-10-27 04:15:00,0.79478,0.79482,0.79452,0.79455,626,0,0
2025-10-27 04:30:00,0.79455,0.79496,0.79454,0.79493,531,0,0
2025-10-27 04:45:00,0.79493,0.7952,0.79489,0.79515,568,0,0
2025-10-27 05:00:00,0.79515,0.79577,0.79515,0.79576,416,0,0
2025-10-27 05:15:00,0.79576,0.79584,0.79568,0.79582,273,0,0
2025-10-27 05:30:00,0.79582,0.79593,0.79575,0.79579,310,0,0
2025-10-27 05:45:00,0.79579,0.79587,0.79564,0.79573,388,0,0
2025-10-27 06:00:00,0.79573,0.79577,0.7956,0.79561,357,0,0
2025-10-27 06:15:00,0.79561,0.79571,0.79553,0.79564,282,0,0
2025-10-27 06:30:00,0.79564,0.79583,0.79561,0.79579,365,0,0
2025-10-27 06:45:00,0.79579,0.79593,0.79571,0.79591,365,0,0
2025-10-27 07:00:00,0.79591,0.79627,0.7959,0.79624,219,0,0
2025-10-27 07:15:00,0.79624,0.79634,0.79616,0.79626,186,0,0
2025-10-27 07:30:00,0.79626,0.79636,0.79613,0.79629,164,0,0
2025-10-27 07:45:00,0.79629,0.79648,0.79628,0.79629,507,0,0
2025-10-27 08:00:00,0.79628,0.79663,0.79614,0.79658,390,0,0
2025-10-27 08:15:00,0.79658,0.79673,0.79657,0.7966,181,0,0
2025-10-27 08:30:00,0.7966,0.79661,0.79632,0.79647,412,0,0
2025-10-27 08:45:00,0.79647,0.79659,0.7964,0.79642,290,0,0
2025-10-27 09:00:00,0.79642,0.79645,0.79602,0.79628,340,0,0
2025-10-27 09:15:00,0.79628,0.79644,0.79615,0.7963,349,0,0
2025-10-27 09:30:00,0.7963,0.79645,0.79588,0.79615,325,0,0
2025-10-27 09:45:00,0.79615,0.7968,0.7961,0.79661,250,0,0
2025-10-27 10:00:00,0.79658,0.79687,0.79635,0.79678,491,0,0
2025-10-27 10:15:00,0.79678,0.79686,0.79667,0.79685,346,0,0
2025-10-27 10:30:00,0.79685,0.79693,0.79621,0.79659,500,0,0
2025-10-27 10:45:00,0.79659,0.79708,0.79655,0.79692,442,0,0
2025-10-27 11:00:00,0.79692,0.79732,0.79672,0.79678,645,0,0
2025-10-27 11:15:00,0.79678,0.797,0.79646,0.79665,505,0,0
2025-10-27 11:30:00,0.79665,0.79679,0.79637,0.79671,619,0,0
2025-10-27 11:45:00,0.79671,0.79729,0.79653,0.79713,645,0,0
2025-10-27 12:00:00,0.79713,0.79716,0.79665,0.79677,757,2,0
2025-10-27 12:15:00,0.79678,0.79687,0.79632,0.79633,542,0,0
2025-10-27 12:30:00,0.79633,0.79653,0.7959,0.79592,502,0,0
2025-10-27 12:45:00,0.79592,0.79622,0.79584,0.79598,576,0,0
2025-10-27 13:00:00,0.79599,0.79615,0.79582,0.79593,465,0,0
2025-10-27 13:15:00,0.79593,0.79612,0.79572,0.79611,450,0,0
2025-10-27 13:30:00,0.79611,0.79626,0.79582,0.79594,459,0,0
2025-10-27 13:45:00,0.79593,0.79624,0.79592,0.7961,325,0,0
2025-10-27 14:00:00,0.7961,0.79619,0.79579,0.79584,295,0,0
2025-10-27 14:15:00,0.79583,0.79583,0.79542,0.7958,430,0,0
2025-10-27 14:30:00,0.7958,0.79611,0.79574,0.79591,427,0,0
2025-10-27 14:45:00,0.79592,0.79601,0.79525,0.79532,548,0,0
2025-10-27 15:00:00,0.79532,0.79539,0.79467,0.79533,792,0,0
2025-10-27 15:15:00,0.79533,0.79557,0.79515,0.79554,511,0,0
2025-10-27 15:30:00,0.79554,0.796,0.79532,0.79581,539,2,0
2025-10-27 15:45:00,0.79581,0.79591,0.79557,0.79567,492,0,0
2025-10-27 16:00:00,0.79567,0.79595,0.79555,0.79577,437,0,0
2025-10-27 16:15:00,0.79577,0.79607,0.79574,0.796,504,0,0
2025-10-27 16:30:00,0.796,0.79638,0.7959,0.79636,478,0,0
