time,Open,High,Low,Close,Volume,spread,real_volume
2025-01-02 00:00:00,1.43736,1.4383,1.43726,1.4381,542,27,0
2025-01-02 01:00:00,1.43811,1.43826,1.43732,1.4375499999999999,1890,1,0
2025-01-02 02:00:00,1.4375499999999999,1.4386,1.43741,1.43791,1266,1,0
2025-01-02 03:00:00,1.43791,1.43812,1.4369100000000001,1.43732,1873,1,0
2025-01-02 04:00:00,1.43732,1.43771,1.4371399999999999,1.43723,1669,1,0
2025-01-02 05:00:00,1.43722,1.4378600000000001,1.43722,1.43766,1035,1,0
2025-01-02 06:00:00,1.43766,1.43778,1.43734,1.43766,1136,1,0
2025-01-02 07:00:00,1.43766,1.43802,1.4371,1.43712,1091,1,0
2025-01-02 08:00:00,1.43712,1.43794,1.43708,1.43781,1565,1,0
2025-01-02 09:00:00,1.43781,1.44078,1.43768,1.44049,3088,1,0
2025-01-02 10:00:00,1.44047,1.44223,1.44002,1.44107,3413,1,0
2025-01-02 11:00:00,1.44107,1.4416,1.44034,1.44146,3303,1,0
2025-01-02 12:00:00,1.44147,1.44287,1.44097,1.44255,3329,1,0
2025-01-02 13:00:00,1.44256,1.44282,1.44166,1.44181,2989,1,0
2025-01-02 14:00:00,1.44181,1.44276,1.44168,1.44229,2668,1,0
2025-01-02 15:00:00,1.44229,1.44321,1.44143,1.44214,5562,1,0
2025-01-02 16:00:00,1.44214,1.44348,1.44194,1.443,5907,1,0
2025-01-02 17:00:00,1.44307,1.4439,1.44208,1.44224,8731,1,0
2025-01-02 18:00:00,1.44223,1.44422,1.4420899999999999,1.44232,8971,1,0
2025-01-02 19:00:00,1.44232,1.44245,1.43924,1.44032,7157,1,0
2025-01-02 20:00:00,1.44031,1.44201,1.44,1.44085,4873,1,0
2025-01-02 21:00:00,1.4408400000000001,1.44176,1.44002,1.4417499999999999,3835,1,0
2025-01-02 22:00:00,1.44176,1.44176,1.43967,1.4401,2484,1,0
2025-01-02 23:00:00,1.44011,1.44056,1.43982,1.4402599999999999,1467,1,0
2025-01-03 00:00:00,1.43912,1.44062,1.43878,1.44038,2223,42,0
2025-01-03 01:00:00,1.44038,1.44086,1.44003,1.44046,517,1,0
2025-01-03 02:00:00,1.44046,1.44047,1.43924,1.43929,1206,1,0
2025-01-03 03:00:00,1.43929,1.43961,1.43893,1.43913,2007,1,0
2025-01-03 04:00:00,1.43913,1.43924,1.43837,1.43865,1562,1,0
2025-01-03 05:00:00,1.43862,1.4387400000000001,1.43832,1.43841,1097,1,0
2025-01-03 06:00:00,1.43841,1.43919,1.43832,1.4389,619,1,0
2025-01-03 07:00:00,1.4389,1.43952,1.43833,1.43925,1484,1,0
2025-01-03 08:00:00,1.43927,1.43934,1.43846,1.43858,1171,1,0
2025-01-03 09:00:00,1.43858,1.44032,1.43858,1.43982,4407,1,0
2025-01-03 10:00:00,1.43982,1.43995,1.43873,1.43995,3086,1,0
2025-01-03 11:00:00,1.43995,1.43997,1.43884,1.43902,2741,1,0
2025-01-03 12:00:00,1.43902,1.44039,1.4389,1.4402300000000001,2539,1,0
2025-01-03 13:00:00,1.4402300000000001,1.44048,1.4392,1.4393,2469,1,0
2025-01-03 14:00:00,1.4393,1.44037,1.43921,1.44035,2271,1,0
2025-01-03 15:00:00,1.44034,1.44195,1.44034,1.4414,3876,1,0
2025-01-03 16:00:00,1.44139,1.44263,1.4409,1.44198,5047,1,0
2025-01-03 17:00:00,1.44198,1.44542,1.44198,1.44361,9428,1,0
2025-01-03 18:00:00,1.4436200000000001,1.4462,1.44333,1.44567,4714,1,0
2025-01-03 19:00:00,1.44567,1.44608,1.44431,1.44574,3428,1,0
2025-01-03 20:00:00,1.44573,1.4463599999999999,1.4454,1.44592,3592,1,0
2025-01-03 21:00:00,1.44592,1.4460600000000001,1.44459,1.4448400000000001,3179,1,0
2025-01-03 22:00:00,1.44483,1.44501,1.44398,1.44467,2439,1,0
2025-01-03 23:00:00,1.44467,1.44499,1.44407,1.44483,856,1,0
2025-01-06 00:00:00,1.44303,1.44489,1.44303,1.4447999999999999,822,38,0
2025-01-06 01:00:00,1.4447999999999999,1.44505,1.44361,1.4438900000000001,1088,1,0
2025-01-06 02:00:00,1.4438900000000001,1.44449,1.44319,1.4432800000000001,2571,1,0
2025-01-06 03:00:00,1.44329,1.44352,1.43975,1.44004,3288,1,0
2025-01-06 04:00:00,1.44004,1.44067,1.4387699999999999,1.4396499999999999,3245,1,0
2025-01-06 05:00:00,1.4396499999999999,1.44063,1.43881,1.44042,1753,1,0
2025-01-06 06:00:00,1.44042,1.44062,1.44011,1.44038,1177,1,0
2025-01-06 07:00:00,1.44037,1.44045,1.43888,1.43895,1434,1,0
2025-01-06 08:00:00,1.43896,1.43995,1.43893,1.43977,2342,1,0
2025-01-06 09:00:00,1.43977,1.43985,1.43852,1.43902,2769,1,0
2025-01-06 10:00:00,1.43902,1.43944,1.43585,1.43617,3824,1,0
2025-01-06 11:00:00,1.43616,1.43838,1.43611,1.43744,5110,1,0
2025-01-06 12:00:00,1.43742,1.43804,1.43676,1.4373,3071,1,0
2025-01-06 13:00:00,1.4373,1.43799,1.43006,1.43014,10647,1,0
2025-01-06 14:00:00,1.43014,1.43269,1.42994,1.4317199999999999,6676,1,0
2025-01-06 15:00:00,1.4317199999999999,1.43173,1.4303,1.43053,7060,1,0
2025-01-06 16:00:00,1.43054,1.43606,1.42797,1.4331,12951,1,0
2025-01-06 17:00:00,1.4331,1.43728,1.4323000000000001,1.43611,10941,1,0
2025-01-06 18:00:00,1.43612,1.43791,1.43553,1.43608,6153,1,0
2025-01-06 19:00:00,1.43608,1.43756,1.43605,1.43641,4533,1,0
2025-01-06 20:00:00,1.43641,1.43735,1.43602,1.4369399999999999,4337,1,0
2025-01-06 21:00:00,1.4369399999999999,1.43722,1.43365,1.43372,4093,1,0
2025-01-06 22:00:00,1.43372,1.4338899999999999,1.43308,1.43333,3061,1,0
2025-01-06 23:00:00,1.43333,1.43335,1.4328400000000001,1.43323,1321,1,0
2025-01-07 00:00:00,1.4322599999999999,1.4333,1.4319600000000001,1.43312,303,11,0
2025-01-07 01:00:00,1.43326,1.43418,1.43314,1.43415,677,1,0
2025-01-07 02:00:00,1.43415,1.43476,1.4337900000000001,1.4339,1918,1,0
2025-01-07 03:00:00,1.4339,1.435,1.43343,1.4336,2842,1,0
2025-01-07 04:00:00,1.4336,1.43373,1.43307,1.43331,1932,1,0
2025-01-07 05:00:00,1.43331,1.4335499999999999,1.43228,1.43232,1507,1,0
2025-01-07 06:00:00,1.43232,1.43246,1.43187,1.4323000000000001,1023,1,0
2025-01-07 07:00:00,1.4323000000000001,1.43242,1.43116,1.4315,1655,1,0
2025-01-07 08:00:00,1.4315,1.43218,1.4311,1.432,1706,1,0
2025-01-07 09:00:00,1.432,1.43212,1.43075,1.43078,3228,1,0
2025-01-07 10:00:00,1.4307699999999999,1.43186,1.43042,1.43093,3918,1,0
2025-01-07 11:00:00,1.43094,1.43112,1.43019,1.43024,3421,1,0
2025-01-07 12:00:00,1.43022,1.43075,1.42978,1.43055,3129,1,0
2025-01-07 13:00:00,1.43054,1.43176,1.43034,1.43158,2572,1,0
2025-01-07 14:00:00,1.43158,1.43231,1.43122,1.43174,2930,1,0
2025-01-07 15:00:00,1.43174,1.43213,1.43006,1.4321,3665,1,0
2025-01-07 16:00:00,1.4321,1.4337,1.43205,1.4328400000000001,5181,1,0
2025-01-07 17:00:00,1.43281,1.43659,1.43277,1.4344700000000001,11477,1,0
2025-01-07 18:00:00,1.43446,1.43594,1.43236,1.43407,8790,1,0
2025-01-07 19:00:00,1.43407,1.43487,1.43175,1.4344700000000001,7469,1,0
2025-01-07 20:00:00,1.43446,1.43525,1.43383,1.435,4386,1,0
2025-01-07 21:00:00,1.43502,1.43548,1.4341,1.43472,3587,1,0
2025-01-07 22:00:00,1.43473,1.43638,1.43463,1.4359899999999999,2944,1,0
2025-01-07 23:00:00,1.4359899999999999,1.43712,1.43564,1.43709,1278,1,0
2025-01-08 00:00:00,1.4359899999999999,1.4368,1.43513,1.43671,675,21,0
2025-01-08 01:00:00,1.43671,1.43679,1.43621,1.43656,721,1,0
2025-01-08 02:00:00,1.43656,1.43656,1.43514,1.43518,2236,1,0
2025-01-08 03:00:00,1.43519,1.43573,1.4348,1.43494,2599,1,0
2025-01-08 04:00:00,1.43494,1.43505,1.43446,1.43462,1594,1,0
2025-01-08 05:00:00,1.43462,1.43523,1.4344700000000001,1.43503,1192,1,0
2025-01-08 06:00:00,1.43503,1.43523,1.4347400000000001,1.43507,799,1,0
2025-01-08 07:00:00,1.43507,1.43521,1.43423,1.43428,1198,1,0
2025-01-08 08:00:00,1.43428,1.43507,1.43393,1.43491,1681,1,0
2025-01-08 09:00:00,1.4349,1.43644,1.43479,1.43604,3121,1,0
2025-01-08 10:00:00,1.43605,1.43676,1.4350100000000001,1.43665,4488,1,0
2025-01-08 11:00:00,1.43666,1.43696,1.43595,1.43642,3362,1,0
2025-01-08 12:00:00,1.43642,1.4377,1.43624,1.43711,2976,1,0
2025-01-08 13:00:00,1.43712,1.44099,1.43701,1.43903,6669,1,0
2025-01-08 14:00:00,1.4390399999999999,1.4404,1.43828,1.43892,5671,1,0
2025-01-08 15:00:00,1.43892,1.44025,1.43805,1.43953,8616,1,0
2025-01-08 16:00:00,1.43951,1.44067,1.43878,1.44038,8045,1,0
2025-01-08 17:00:00,1.44044,1.44051,1.43852,1.43871,9294,1,0
2025-01-08 18:00:00,1.43871,1.4396900000000001,1.43754,1.43768,5944,1,0
2025-01-08 19:00:00,1.43768,1.43978,1.43751,1.4391,5185,1,0
2025-01-08 20:00:00,1.4391,1.43937,1.438,1.43911,5038,1,0
2025-01-08 21:00:00,1.43899,1.4393,1.43773,1.43884,4681,1,0
2025-01-08 22:00:00,1.43884,1.43927,1.43766,1.43828,3448,1,0
2025-01-08 23:00:00,1.43828,1.43828,1.4372099999999999,1.43753,2145,1,0
2025-01-09 00:00:00,1.43618,1.43766,1.43608,1.43736,846,14,0
2025-01-09 01:00:00,1.43738,1.43793,1.43724,1.43772,876,1,0
2025-01-09 02:00:00,1.43772,1.43864,1.43749,1.4380600000000001,1826,1,0
2025-01-09 03:00:00,1.43807,1.4380899999999999,1.4374,1.43776,2086,1,0
2025-01-09 04:00:00,1.43776,1.43777,1.43715,1.4372099999999999,1716,1,0
2025-01-09 05:00:00,1.4372099999999999,1.43769,1.43651,1.43768,1490,1,0
2025-01-09 06:00:00,1.43769,1.4381300000000001,1.43754,1.43776,1076,1,0
2025-01-09 07:00:00,1.43776,1.43791,1.4372,1.4374,2154,1,0
2025-01-09 08:00:00,1.43741,1.43821,1.43711,1.43777,2247,1,0
2025-01-09 09:00:00,1.43776,1.44014,1.43773,1.44001,3294,1,0
2025-01-09 10:00:00,1.44,1.44049,1.43802,1.43849,5258,1,0
2025-01-09 11:00:00,1.43848,1.4387400000000001,1.4377499999999999,1.43848,4018,1,0
2025-01-09 12:00:00,1.43849,1.43897,1.43804,1.43856,3360,1,0
2025-01-09 13:00:00,1.43855,1.43974,1.4384700000000001,1.4396499999999999,3614,1,0
2025-01-09 14:00:00,1.4396499999999999,1.43988,1.43898,1.43923,2812,1,0
2025-01-09 15:00:00,1.43924,1.43966,1.43857,1.43951,3796,1,0
2025-01-09 16:00:00,1.43951,1.44042,1.43883,1.44005,3233,1,0
2025-01-09 17:00:00,1.44003,1.44014,1.43879,1.43984,3054,1,0
2025-01-09 18:00:00,1.43983,1.4404,1.43953,1.43955,2870,1,0
2025-01-09 19:00:00,1.43955,1.44008,1.43923,1.43961,2541,1,0
2025-01-09 20:00:00,1.43961,1.44001,1.4388,1.43915,1576,1,0
2025-01-09 21:00:00,1.43913,1.43951,1.43902,1.43923,1432,1,0
2025-01-09 22:00:00,1.43923,1.43929,1.43881,1.43884,1070,1,0
2025-01-09 23:00:00,1.43883,1.43966,1.43878,1.43934,1188,1,0
2025-01-10 00:00:00,1.4393099999999999,1.43982,1.43824,1.43966,507,6,0
2025-01-10 01:00:00,1.43966,1.44028,1.43947,1.4402,438,1,0
2025-01-10 02:00:00,1.4402,1.44021,1.4397199999999999,1.43993,1824,1,0
2025-01-10 03:00:00,1.43994,1.4402599999999999,1.43958,1.4401,2319,1,0
2025-01-10 04:00:00,1.44009,1.44074,1.44,1.4405999999999999,1606,1,0
2025-01-10 05:00:00,1.4405999999999999,1.44125,1.4405999999999999,1.4411399999999999,1146,1,0
2025-01-10 06:00:00,1.4411399999999999,1.44128,1.44085,1.44124,999,1,0
2025-01-10 07:00:00,1.44123,1.44178,1.44076,1.44169,1433,1,0
2025-01-10 08:00:00,1.4417,1.44219,1.44157,1.442,1872,1,0
2025-01-10 09:00:00,1.442,1.44201,1.44055,1.4405700000000001,2449,1,0
2025-01-10 10:00:00,1.44056,1.44115,1.43952,1.44113,3941,1,0
2025-01-10 11:00:00,1.44112,1.44174,1.44082,1.44107,3460,1,0
2025-01-10 12:00:00,1.44107,1.4416,1.44052,1.44077,2931,1,0
2025-01-10 13:00:00,1.44077,1.44106,1.44003,1.4409100000000001,2232,1,0
2025-01-10 14:00:00,1.4409100000000001,1.44127,1.44034,1.44035,2685,1,0
2025-01-10 15:00:00,1.44034,1.44371,1.43829,1.44032,10017,1,0
2025-01-10 16:00:00,1.44032,1.44198,1.4375499999999999,1.4392800000000001,13363,1,0
2025-01-10 17:00:00,1.4392800000000001,1.44253,1.4392800000000001,1.4423300000000001,11732,1,0
2025-01-10 18:00:00,1.44234,1.44429,1.44234,1.4437,8868,1,0
2025-01-10 19:00:00,1.4437,1.44428,1.44127,1.4415200000000001,6274,1,0
2025-01-10 20:00:00,1.4415200000000001,1.44295,1.4414500000000001,1.44249,4395,1,0
2025-01-10 21:00:00,1.44248,1.4435,1.4422,1.44272,5035,1,0
2025-01-10 22:00:00,1.44272,1.44372,1.44268,1.4429,3962,1,0
2025-01-10 23:00:00,1.44289,1.44316,1.44191,1.4420899999999999,1409,1,0
2025-01-13 00:00:00,1.44105,1.44226,1.44105,1.4421300000000001,954,38,0
2025-01-13 01:00:00,1.4421300000000001,1.44224,1.44117,1.44154,1516,1,0
2025-01-13 02:00:00,1.44154,1.44281,1.4414799999999999,1.44215,1790,1,0
2025-01-13 03:00:00,1.4421599999999999,1.44283,1.44185,1.44226,2603,1,0
2025-01-13 04:00:00,1.44228,1.44289,1.44168,1.44264,2095,1,0
2025-01-13 05:00:00,1.44263,1.44429,1.44255,1.44424,2367,1,0
2025-01-13 06:00:00,1.4442300000000001,1.44472,1.44378,1.4442,1694,1,0
2025-01-13 07:00:00,1.44421,1.4443,1.44337,1.44347,1510,1,0
2025-01-13 08:00:00,1.44345,1.44354,1.44299,1.4432800000000001,1552,1,0
2025-01-13 09:00:00,1.4432800000000001,1.44433,1.44284,1.4432,3654,1,0
2025-01-13 10:00:00,1.44321,1.44322,1.44187,1.44221,5595,1,0
2025-01-13 11:00:00,1.4422,1.44388,1.44142,1.44357,6551,1,0
2025-01-13 12:00:00,1.4435799999999999,1.44391,1.44291,1.44388,3926,1,0
2025-01-13 13:00:00,1.44388,1.44402,1.44268,1.44306,3305,1,0
2025-01-13 14:00:00,1.44306,1.44336,1.44146,1.44161,4253,1,0
2025-01-13 15:00:00,1.44162,1.44203,1.43918,1.44083,6457,1,0
2025-01-13 16:00:00,1.4408400000000001,1.44253,1.4401,1.44034,8341,1,0
2025-01-13 17:00:00,1.44034,1.44232,1.43967,1.4420600000000001,8394,1,0
2025-01-13 18:00:00,1.44205,1.44275,1.44029,1.4412099999999999,6421,1,0
2025-01-13 19:00:00,1.4412099999999999,1.44192,1.4408,1.44086,5234,1,0
2025-01-13 20:00:00,1.44085,1.44196,1.44056,1.44071,3776,1,0
2025-01-13 21:00:00,1.44072,1.4414,1.44035,1.4412,3668,1,0
2025-01-13 22:00:00,1.4412099999999999,1.44124,1.43977,1.43986,3075,1,0
2025-01-13 23:00:00,1.43987,1.43995,1.43747,1.43767,1637,1,0
2025-01-14 00:00:00,1.43644,1.43759,1.43533,1.43546,716,11,0
2025-01-14 01:00:00,1.43547,1.43716,1.4343,1.43647,3023,1,0
2025-01-14 02:00:00,1.43648,1.43825,1.43635,1.43801,2693,1,0
2025-01-14 03:00:00,1.43801,1.43853,1.43747,1.43763,3653,1,0
2025-01-14 04:00:00,1.43763,1.43878,1.43758,1.4381300000000001,2538,1,0
2025-01-14 05:00:00,1.4381300000000001,1.43828,1.43731,1.43773,2168,1,0
2025-01-14 06:00:00,1.43771,1.43804,1.43706,1.43773,1360,1,0
2025-01-14 07:00:00,1.43773,1.43864,1.43763,1.43833,1936,1,0
2025-01-14 08:00:00,1.43832,1.43842,1.43772,1.43777,2620,1,0
2025-01-14 09:00:00,1.43777,1.43835,1.43716,1.4376,4532,1,0
2025-01-14 10:00:00,1.43759,1.43763,1.43579,1.4368699999999999,6204,1,0
2025-01-14 11:00:00,1.4368699999999999,1.43766,1.4367,1.43762,3985,1,0
2025-01-14 12:00:00,1.43761,1.43834,1.43742,1.4381,3088,1,0
2025-01-14 13:00:00,1.4381,1.43834,1.43781,1.43805,2763,1,0
2025-01-14 14:00:00,1.43805,1.43973,1.43783,1.43922,3676,1,0
2025-01-14 15:00:00,1.43923,1.43983,1.43612,1.43963,8856,1,0
2025-01-14 16:00:00,1.4396200000000001,1.44104,1.43845,1.43897,10051,1,0
2025-01-14 17:00:00,1.43896,1.43898,1.43509,1.4354,7753,1,0
2025-01-14 18:00:00,1.43541,1.43742,1.43509,1.43705,8051,1,0
2025-01-14 19:00:00,1.43705,1.43811,1.43671,1.43673,5005,1,0
2025-01-14 20:00:00,1.43673,1.4369100000000001,1.4353099999999999,1.43551,3511,1,0
2025-01-14 21:00:00,1.43551,1.43663,1.43524,1.43651,3465,1,0
2025-01-14 22:00:00,1.4365,1.43689,1.43561,1.43591,4014,1,0
2025-01-14 23:00:00,1.43591,1.43604,1.43471,1.4349,1211,1,0
2025-01-15 00:00:00,1.4349,1.435,1.43368,1.4347400000000001,330,12,0
2025-01-15 01:00:00,1.4347400000000001,1.4354,1.43471,1.43519,551,1,0
2025-01-15 02:00:00,1.43519,1.4356900000000001,1.4351099999999999,1.43563,1333,1,0
2025-01-15 03:00:00,1.43563,1.4356900000000001,1.43506,1.43555,1698,1,0
2025-01-15 04:00:00,1.43555,1.436,1.43541,1.43571,1414,1,0
2025-01-15 05:00:00,1.43571,1.43587,1.43519,1.43525,969,1,0
2025-01-15 06:00:00,1.43525,1.43541,1.43499,1.43522,954,1,0
2025-01-15 07:00:00,1.43522,1.43628,1.43517,1.4362599999999999,1477,1,0
2025-01-15 08:00:00,1.4362599999999999,1.43641,1.4356,1.4359899999999999,1337,1,0
2025-01-15 09:00:00,1.4359899999999999,1.43613,1.43405,1.43424,3716,1,0
2025-01-15 10:00:00,1.43424,1.43532,1.4329,1.43527,4268,1,0
2025-01-15 11:00:00,1.43527,1.4352800000000001,1.43431,1.4346999999999999,3027,1,0
2025-01-15 12:00:00,1.43471,1.43497,1.43435,1.4344000000000001,2052,1,0
2025-01-15 13:00:00,1.4344000000000001,1.4346,1.43405,1.43446,2271,1,0
2025-01-15 14:00:00,1.43446,1.43669,1.4344299999999999,1.4357199999999999,2519,1,0
2025-01-15 15:00:00,1.43573,1.4359199999999999,1.43021,1.43082,9650,1,0
2025-01-15 16:00:00,1.43082,1.4334,1.43028,1.43299,10043,1,0
2025-01-15 17:00:00,1.43299,1.43475,1.43241,1.4340899999999999,9531,1,0
2025-01-15 18:00:00,1.4340899999999999,1.43581,1.43357,1.4341300000000001,8275,1,0
2025-01-15 19:00:00,1.4341300000000001,1.43415,1.4334,1.43372,4640,1,0
2025-01-15 20:00:00,1.43371,1.43405,1.43296,1.43311,3083,1,0
2025-01-15 21:00:00,1.43312,1.43353,1.43271,1.43285,2378,1,0
2025-01-15 22:00:00,1.43286,1.43319,1.4327,1.43286,2095,1,0
2025-01-15 23:00:00,1.43285,1.43411,1.43272,1.43396,1204,1,0
2025-01-16 00:00:00,1.43397,1.43397,1.43164,1.43342,904,29,0
2025-01-16 01:00:00,1.43342,1.4338,1.43241,1.43251,913,1,0
2025-01-16 02:00:00,1.43251,1.43368,1.4322300000000001,1.4325,2841,1,0
2025-01-16 03:00:00,1.4325,1.43423,1.4325,1.43422,3315,1,0
2025-01-16 04:00:00,1.43421,1.43525,1.434,1.43521,2757,1,0
2025-01-16 05:00:00,1.43521,1.43547,1.43505,1.43522,1494,1,0
2025-01-16 06:00:00,1.43523,1.4356900000000001,1.43481,1.4355,1212,1,0
2025-01-16 07:00:00,1.43549,1.43671,1.43546,1.43669,1649,1,0
2025-01-16 08:00:00,1.43667,1.43668,1.43571,1.43581,2211,1,0
2025-01-16 09:00:00,1.43581,1.4362599999999999,1.4353,1.43561,2801,1,0
2025-01-16 10:00:00,1.4356,1.43841,1.4354,1.43731,3964,1,0
2025-01-16 11:00:00,1.4373,1.4374500000000001,1.43659,1.43717,3091,1,0
2025-01-16 12:00:00,1.43717,1.4377499999999999,1.43699,1.43724,2273,1,0
2025-01-16 13:00:00,1.43724,1.43807,1.4368699999999999,1.43728,2499,1,0
2025-01-16 14:00:00,1.43728,1.43933,1.4372500000000001,1.43803,3850,1,0
2025-01-16 15:00:00,1.43804,1.43915,1.4372500000000001,1.43798,7455,1,0
2025-01-16 16:00:00,1.43797,1.43954,1.43791,1.43869,6931,1,0
2025-01-16 17:00:00,1.43869,1.4395,1.43727,1.43876,10690,1,0
2025-01-16 18:00:00,1.43875,1.44009,1.438,1.438,8756,1,0
2025-01-16 19:00:00,1.438,1.43894,1.43676,1.43863,6065,1,0
2025-01-16 20:00:00,1.43864,1.43942,1.43828,1.43916,3335,1,0
2025-01-16 21:00:00,1.43915,1.44,1.43868,1.43954,3505,1,0
2025-01-16 22:00:00,1.43954,1.44032,1.43919,1.43976,2739,1,0
2025-01-16 23:00:00,1.43976,1.43993,1.43897,1.43927,1214,1,0
2025-01-17 00:00:00,1.43943,1.43971,1.4381599999999999,1.43961,604,19,0
2025-01-17 01:00:00,1.43961,1.44005,1.43939,1.43949,600,1,0
2025-01-17 02:00:00,1.43949,1.44011,1.43947,1.43973,1342,1,0
2025-01-17 03:00:00,1.43974,1.4403000000000001,1.43952,1.44,1789,1,0
2025-01-17 04:00:00,1.4399899999999999,1.44009,1.43944,1.4399899999999999,1832,1,0
2025-01-17 05:00:00,1.4399899999999999,1.44004,1.43891,1.43949,1100,1,0
2025-01-17 06:00:00,1.4395,1.44034,1.43934,1.44017,1162,1,0
2025-01-17 07:00:00,1.44017,1.44059,1.43997,1.4402599999999999,1352,1,0
2025-01-17 08:00:00,1.4402599999999999,1.44096,1.4402599999999999,1.44061,1185,1,0
2025-01-17 09:00:00,1.44061,1.44132,1.4404,1.44073,3179,1,0
2025-01-17 10:00:00,1.44072,1.4411100000000001,1.44022,1.44074,3177,1,0
2025-01-17 11:00:00,1.44074,1.44177,1.44024,1.44134,3501,1,0
2025-01-17 12:00:00,1.44135,1.44135,1.44065,1.44098,2365,1,0
2025-01-17 13:00:00,1.44097,1.44146,1.44079,1.4412,2461,1,0
2025-01-17 14:00:00,1.4412,1.44406,1.4408699999999999,1.44323,3462,1,0
2025-01-17 15:00:00,1.44322,1.4439899999999999,1.44247,1.44363,5095,1,0
2025-01-17 16:00:00,1.44363,1.4464299999999999,1.44092,1.4415200000000001,10527,1,0
2025-01-17 17:00:00,1.44151,1.44167,1.43824,1.44008,10877,1,0
2025-01-17 18:00:00,1.44008,1.4425,1.44007,1.44218,6701,1,0
2025-01-17 19:00:00,1.44218,1.4438900000000001,1.4417200000000001,1.44384,4541,1,0
2025-01-17 20:00:00,1.44385,1.44546,1.44379,1.44522,3608,1,0
2025-01-17 21:00:00,1.44522,1.44649,1.44466,1.44607,3466,1,0
2025-01-17 22:00:00,1.44608,1.44747,1.44604,1.44664,3786,1,0
2025-01-17 23:00:00,1.44659,1.44848,1.44659,1.44766,1553,1,0
2025-01-20 00:00:00,1.44557,1.44732,1.44532,1.44722,435,38,0
2025-01-20 01:00:00,1.44722,1.44855,1.4469400000000001,1.44705,1388,1,0
2025-01-20 02:00:00,1.44706,1.44732,1.44614,1.44614,1444,1,0
2025-01-20 03:00:00,1.44615,1.44691,1.44542,1.44556,2022,1,0
2025-01-20 04:00:00,1.44557,1.4458,1.44524,1.44525,1322,1,0
2025-01-20 05:00:00,1.44525,1.44539,1.44455,1.44456,1312,1,0
2025-01-20 06:00:00,1.44455,1.44499,1.44435,1.44489,754,1,0
2025-01-20 07:00:00,1.44489,1.4451800000000001,1.44455,1.44503,1192,1,0
2025-01-20 08:00:00,1.44502,1.44563,1.4443,1.44485,1500,1,0
2025-01-20 09:00:00,1.44485,1.44571,1.44445,1.4445700000000001,2635,1,0
2025-01-20 10:00:00,1.4445700000000001,1.44635,1.44447,1.44631,3474,1,0
2025-01-20 11:00:00,1.44632,1.44785,1.4460600000000001,1.44777,3537,1,0
2025-01-20 12:00:00,1.44777,1.44777,1.44629,1.4469400000000001,2936,1,0
2025-01-20 13:00:00,1.44692,1.44706,1.44589,1.44625,2641,1,0
2025-01-20 14:00:00,1.44625,1.44702,1.44533,1.44553,3084,1,0
2025-01-20 15:00:00,1.44554,1.4469,1.4311099999999999,1.43125,11341,1,0
2025-01-20 16:00:00,1.43124,1.43396,1.42612,1.4295200000000001,11491,1,0
2025-01-20 17:00:00,1.42953,1.43557,1.42729,1.43398,8325,1,0
2025-01-20 18:00:00,1.43398,1.43448,1.43147,1.4322300000000001,3744,1,0
2025-01-20 19:00:00,1.4322300000000001,1.4381,1.4314,1.43374,5134,1,0
2025-01-20 20:00:00,1.43373,1.4350100000000001,1.43265,1.43268,1703,1,0
2025-01-20 21:00:00,1.43268,1.4329,1.4292099999999999,1.43048,1758,1,0
2025-01-20 22:00:00,1.43049,1.4310800000000001,1.42829,1.43103,3009,1,0
2025-01-20 23:00:00,1.4310399999999999,1.43188,1.43038,1.43038,2404,1,0
2025-01-21 00:00:00,1.43045,1.43128,1.4298899999999999,1.4308100000000001,466,8,0
2025-01-21 01:00:00,1.4308,1.4313500000000001,1.4296,1.43029,3573,1,0
2025-01-21 02:00:00,1.43029,1.45169,1.42897,1.44581,7215,1,0
2025-01-21 03:00:00,1.4458,1.44944,1.4390100000000001,1.4441,11992,1,0
2025-01-21 04:00:00,1.4441,1.44449,1.44095,1.4418199999999999,5709,1,0
2025-01-21 05:00:00,1.4418199999999999,1.4423599999999999,1.4393799999999999,1.44159,4690,1,0
2025-01-21 06:00:00,1.44159,1.4421300000000001,1.4405000000000001,1.44188,2409,1,0
2025-01-21 07:00:00,1.44187,1.44334,1.44115,1.4433099999999999,2549,1,0
2025-01-21 08:00:00,1.44332,1.44431,1.44284,1.44385,2583,1,0
2025-01-21 09:00:00,1.44385,1.44547,1.4431,1.44527,3823,1,0
2025-01-21 10:00:00,1.44528,1.44577,1.44249,1.4429699999999999,3998,1,0
2025-01-21 11:00:00,1.44298,1.44377,1.4415,1.44242,4704,1,0
2025-01-21 12:00:00,1.4424299999999999,1.44412,1.44191,1.44368,4207,1,0
2025-01-21 13:00:00,1.44368,1.44481,1.44353,1.44465,3393,1,0
2025-01-21 14:00:00,1.44465,1.44566,1.44385,1.4442300000000001,4248,1,0
2025-01-21 15:00:00,1.4442300000000001,1.44499,1.44071,1.44477,7107,1,0
2025-01-21 16:00:00,1.4447999999999999,1.44496,1.44002,1.44154,9840,1,0
2025-01-21 17:00:00,1.44158,1.44158,1.43678,1.4378600000000001,11160,1,0
2025-01-21 18:00:00,1.43785,1.43787,1.43285,1.43295,7882,1,0
2025-01-21 19:00:00,1.4329399999999999,1.43358,1.43176,1.43349,5648,1,0
2025-01-21 20:00:00,1.4335,1.43392,1.43242,1.4332,4229,1,0
2025-01-21 21:00:00,1.4332,1.43395,1.43285,1.43349,3606,1,0
2025-01-21 22:00:00,1.43349,1.43444,1.43337,1.4338,2680,1,0
2025-01-21 23:00:00,1.4338,1.4338199999999999,1.43123,1.43219,2152,1,0
2025-01-22 00:00:00,1.4319,1.43243,1.43098,1.4323299999999999,347,18,0
2025-01-22 01:00:00,1.4323299999999999,1.4351099999999999,1.43212,1.4341300000000001,3663,1,0
2025-01-22 02:00:00,1.43412,1.43412,1.4316900000000001,1.43236,2651,1,0
2025-01-22 03:00:00,1.43237,1.4338899999999999,1.43237,1.43371,2432,1,0
2025-01-22 04:00:00,1.43371,1.43412,1.43278,1.43301,1993,1,0
2025-01-22 05:00:00,1.433,1.43403,1.43282,1.43381,1343,1,0
2025-01-22 06:00:00,1.43381,1.434,1.43309,1.43362,788,1,0
2025-01-22 07:00:00,1.43362,1.43442,1.43351,1.43372,1243,1,0
2025-01-22 08:00:00,1.43372,1.43543,1.43353,1.43496,1998,1,0
2025-01-22 09:00:00,1.43496,1.43516,1.43319,1.43356,3857,1,0
2025-01-22 10:00:00,1.4335499999999999,1.43365,1.43215,1.4328699999999999,5294,1,0
2025-01-22 11:00:00,1.43285,1.43372,1.43252,1.43275,4666,1,0
2025-01-22 12:00:00,1.43276,1.43283,1.43052,1.4319899999999999,4039,1,0
2025-01-22 13:00:00,1.432,1.43377,1.43008,1.43339,3501,1,0
2025-01-22 14:00:00,1.4334,1.43497,1.43285,1.43404,4004,1,0
2025-01-22 15:00:00,1.43405,1.43708,1.4332500000000001,1.43536,5893,1,0
2025-01-22 16:00:00,1.4353500000000001,1.43791,1.43526,1.43762,8527,1,0
2025-01-22 17:00:00,1.43762,1.43912,1.43742,1.43762,7898,1,0
2025-01-22 18:00:00,1.43762,1.43821,1.43584,1.4361,5158,1,0
2025-01-22 19:00:00,1.4361,1.4371800000000001,1.4361,1.43659,3623,1,0
2025-01-22 20:00:00,1.4365999999999999,1.43735,1.43537,1.4365,3553,1,0
2025-01-22 21:00:00,1.43651,1.43717,1.43632,1.43703,2372,1,0
2025-01-22 22:00:00,1.43704,1.43907,1.43646,1.43878,2749,1,0
2025-01-22 23:00:00,1.43878,1.43899,1.43764,1.43766,1080,1,0
2025-01-23 00:00:00,1.43693,1.43822,1.43534,1.43807,884,27,0
2025-01-23 01:00:00,1.43807,1.44043,1.4378600000000001,1.43957,1338,1,0
2025-01-23 02:00:00,1.43957,1.43963,1.43871,1.43879,1663,1,0
2025-01-23 03:00:00,1.43879,1.43966,1.43822,1.43946,2464,1,0
2025-01-23 04:00:00,1.43946,1.44042,1.43866,1.43889,1902,1,0
2025-01-23 05:00:00,1.43889,1.43936,1.43818,1.4392,1456,1,0
2025-01-23 06:00:00,1.4392,1.4392,1.43869,1.43886,1304,1,0
2025-01-23 07:00:00,1.43884,1.4395,1.43873,1.4393,1802,1,0
2025-01-23 08:00:00,1.4393,1.43947,1.43862,1.43947,1828,1,0
2025-01-23 09:00:00,1.43946,1.4402300000000001,1.43869,1.43892,4305,1,0
2025-01-23 10:00:00,1.43891,1.4399899999999999,1.43866,1.43951,3917,1,0
2025-01-23 11:00:00,1.4395,1.43951,1.43841,1.43897,3858,1,0
2025-01-23 12:00:00,1.43897,1.4394,1.43868,1.4392800000000001,2533,1,0
2025-01-23 13:00:00,1.4392800000000001,1.44019,1.43878,1.43959,2406,1,0
2025-01-23 14:00:00,1.43959,1.4411,1.43947,1.43994,2649,1,0
2025-01-23 15:00:00,1.43994,1.44136,1.43944,1.44039,4481,1,0
2025-01-23 16:00:00,1.44039,1.44042,1.43715,1.43808,5051,1,0
2025-01-23 17:00:00,1.4381,1.43905,1.43705,1.43798,5531,1,0
2025-01-23 18:00:00,1.43798,1.44021,1.43484,1.43609,8182,1,0
2025-01-23 19:00:00,1.43609,1.43649,1.43341,1.43393,5285,1,0
2025-01-23 20:00:00,1.43393,1.4359899999999999,1.4338899999999999,1.43558,3407,1,0
2025-01-23 21:00:00,1.43558,1.4362300000000001,1.43481,1.43617,2613,1,0
2025-01-23 22:00:00,1.43617,1.43808,1.43554,1.4375,3179,1,0
2025-01-23 23:00:00,1.4375,1.4386,1.43699,1.43844,1281,1,0
2025-01-24 00:00:00,1.43798,1.43831,1.4371399999999999,1.43808,142,35,0
2025-01-24 01:00:00,1.43808,1.43821,1.43766,1.43777,428,1,0
2025-01-24 02:00:00,1.43777,1.43805,1.43727,1.43758,955,1,0
2025-01-24 03:00:00,1.43758,1.43839,1.4375,1.4375499999999999,1243,1,0
2025-01-24 04:00:00,1.4375499999999999,1.4375499999999999,1.43263,1.43293,3674,1,0
2025-01-24 05:00:00,1.4329399999999999,1.43449,1.43209,1.43344,2661,1,0
2025-01-24 06:00:00,1.43344,1.43441,1.4328699999999999,1.43408,1836,1,0
2025-01-24 07:00:00,1.43408,1.43422,1.43315,1.43315,1409,1,0
2025-01-24 08:00:00,1.43315,1.43343,1.43211,1.43305,2869,1,0
2025-01-24 09:00:00,1.43305,1.43489,1.43304,1.4344000000000001,4396,1,0
2025-01-24 10:00:00,1.4344000000000001,1.4347400000000001,1.43252,1.43286,5103,1,0
2025-01-24 11:00:00,1.4328699999999999,1.43388,1.43147,1.43253,5245,1,0
2025-01-24 12:00:00,1.43253,1.43307,1.43194,1.43272,3365,1,0
2025-01-24 13:00:00,1.43273,1.4337900000000001,1.43224,1.4334500000000001,3252,1,0
2025-01-24 14:00:00,1.4334500000000001,1.43499,1.4334500000000001,1.43427,2810,1,0
2025-01-24 15:00:00,1.43427,1.43432,1.43229,1.43242,4059,1,0
2025-01-24 16:00:00,1.43242,1.43414,1.43149,1.43366,5341,1,0
2025-01-24 17:00:00,1.4335499999999999,1.4340899999999999,1.43197,1.43278,6906,1,0
2025-01-24 18:00:00,1.43278,1.43417,1.43246,1.4332500000000001,4929,1,0
2025-01-24 19:00:00,1.43326,1.43378,1.43273,1.43373,3409,1,0
2025-01-24 20:00:00,1.43373,1.43435,1.43344,1.43418,2930,1,0
2025-01-24 21:00:00,1.43417,1.43472,1.434,1.43428,2320,1,0
2025-01-24 22:00:00,1.43428,1.43495,1.4338600000000001,1.43468,2162,1,0
2025-01-24 23:00:00,1.43468,1.43473,1.43359,1.43394,925,1,0
2025-01-27 00:00:00,1.43556,1.4371,1.43556,1.43705,256,35,0
2025-01-27 01:00:00,1.43705,1.4387699999999999,1.43705,1.43863,1246,1,0
2025-01-27 02:00:00,1.43863,1.43868,1.43715,1.43754,1368,1,0
2025-01-27 03:00:00,1.43754,1.43872,1.43655,1.43837,2180,1,0
2025-01-27 04:00:00,1.43837,1.44015,1.43837,1.43879,2487,1,0
2025-01-27 05:00:00,1.43879,1.43916,1.43663,1.43778,2081,1,0
2025-01-27 06:00:00,1.43778,1.439,1.43744,1.43817,1262,1,0
2025-01-27 07:00:00,1.43818,1.43913,1.43818,1.43846,1785,1,0
2025-01-27 08:00:00,1.43846,1.4393500000000001,1.43795,1.43804,2217,1,0
2025-01-27 09:00:00,1.43804,1.44004,1.438,1.44001,3911,1,0
2025-01-27 10:00:00,1.44001,1.44001,1.4377499999999999,1.4378600000000001,5115,1,0
2025-01-27 11:00:00,1.4378600000000001,1.4381599999999999,1.4365,1.4368699999999999,5376,1,0
2025-01-27 12:00:00,1.4368699999999999,1.4368699999999999,1.43471,1.4357199999999999,5817,1,0
2025-01-27 13:00:00,1.43573,1.43685,1.43489,1.43613,5613,1,0
2025-01-27 14:00:00,1.43612,1.43703,1.43335,1.43414,4457,1,0
2025-01-27 15:00:00,1.43414,1.43607,1.43342,1.43579,5405,1,0
2025-01-27 16:00:00,1.4358,1.43896,1.43564,1.43793,6027,1,0
2025-01-27 17:00:00,1.43792,1.43956,1.4378600000000001,1.4384299999999999,5779,1,0
2025-01-27 18:00:00,1.4384299999999999,1.43957,1.43802,1.43905,5300,1,0
2025-01-27 19:00:00,1.43906,1.43986,1.43865,1.43983,4559,1,0
2025-01-27 20:00:00,1.43983,1.44015,1.43811,1.43857,3966,1,0
2025-01-27 21:00:00,1.43857,1.43879,1.43756,1.43773,3324,1,0
2025-01-27 22:00:00,1.43773,1.43846,1.43717,1.4372500000000001,3259,1,0
2025-01-27 23:00:00,1.43726,1.43767,1.43662,1.43734,1220,1,0
2025-01-28 00:00:00,1.43693,1.43735,1.4362599999999999,1.437,297,35,0
2025-01-28 01:00:00,1.437,1.4415499999999999,1.43666,1.4405700000000001,4813,1,0
2025-01-28 02:00:00,1.44056,1.44077,1.43883,1.43916,2692,1,0
2025-01-28 03:00:00,1.43916,1.44036,1.43811,1.4397,2241,1,0
2025-01-28 04:00:00,1.4397,1.44056,1.43881,1.43936,3048,1,0
2025-01-28 05:00:00,1.43936,1.44006,1.43917,1.43994,1515,1,0
2025-01-28 06:00:00,1.43994,1.44046,1.43948,1.43957,1070,1,0
2025-01-28 07:00:00,1.43956,1.43997,1.43923,1.43984,790,1,0
2025-01-28 08:00:00,1.43984,1.44034,1.43934,1.44002,1343,1,0
2025-01-28 09:00:00,1.44002,1.44056,1.43925,1.44039,3150,1,0
2025-01-28 10:00:00,1.44038,1.44126,1.44018,1.44051,4507,1,0
2025-01-28 11:00:00,1.44051,1.44051,1.43891,1.43976,3765,1,0
2025-01-28 12:00:00,1.43977,1.44124,1.43942,1.4412,3025,1,0
2025-01-28 13:00:00,1.4412,1.44168,1.44078,1.4415499999999999,2529,1,0
2025-01-28 14:00:00,1.4415499999999999,1.44201,1.44106,1.44165,2714,1,0
2025-01-28 15:00:00,1.44165,1.44178,1.43959,1.44021,3604,1,0
2025-01-28 16:00:00,1.4402300000000001,1.4402300000000001,1.4369,1.43823,5046,1,0
2025-01-28 17:00:00,1.43829,1.43939,1.43772,1.43924,5068,1,0
2025-01-28 18:00:00,1.43924,1.44007,1.43841,1.43923,4208,1,0
2025-01-28 19:00:00,1.43924,1.43984,1.43856,1.43973,3040,1,0
2025-01-28 20:00:00,1.43973,1.44079,1.43844,1.44004,3575,1,0
2025-01-28 21:00:00,1.44004,1.44134,1.4393799999999999,1.43952,2577,1,0
2025-01-28 22:00:00,1.4395,1.4401,1.43934,1.4397,2311,1,0
2025-01-28 23:00:00,1.4397,1.44036,1.4394,1.44032,938,1,0
2025-01-29 00:00:00,1.43934,1.4399,1.43824,1.43982,1543,35,0
2025-01-29 01:00:00,1.43982,1.4403299999999999,1.43968,1.4403299999999999,678,1,0
2025-01-29 02:00:00,1.4403299999999999,1.44093,1.43968,1.44049,1262,1,0
2025-01-29 03:00:00,1.44049,1.44061,1.44013,1.4403000000000001,809,1,0
2025-01-29 04:00:00,1.4403000000000001,1.4403299999999999,1.43948,1.43983,1115,1,0
2025-01-29 05:00:00,1.43983,1.4403299999999999,1.4396,1.4396499999999999,1136,1,0
2025-01-29 06:00:00,1.4396499999999999,1.43981,1.4392,1.43968,1020,1,0
2025-01-29 07:00:00,1.43968,1.44002,1.43922,1.43979,1058,1,0
2025-01-29 08:00:00,1.43979,1.43995,1.4393099999999999,1.4399,1757,1,0
2025-01-29 09:00:00,1.43991,1.44151,1.43986,1.44138,2977,1,0
2025-01-29 10:00:00,1.44138,1.44199,1.44083,1.44197,2687,1,0
2025-01-29 11:00:00,1.44198,1.4433500000000001,1.44191,1.4429699999999999,2988,1,0
2025-01-29 12:00:00,1.4429699999999999,1.44332,1.44237,1.4429,2534,1,0
2025-01-29 13:00:00,1.4429,1.44317,1.44183,1.44278,2211,1,0
2025-01-29 14:00:00,1.4427699999999999,1.44406,1.4424299999999999,1.4434,3050,1,0
2025-01-29 15:00:00,1.4434,1.44705,1.44324,1.44646,4402,1,0
2025-01-29 16:00:00,1.44646,1.44715,1.44222,1.44409,5734,1,0
2025-01-29 17:00:00,1.44404,1.44626,1.4433099999999999,1.44436,5872,1,0
2025-01-29 18:00:00,1.44436,1.44584,1.44292,1.44333,5694,1,0
2025-01-29 19:00:00,1.44333,1.44333,1.44035,1.4421599999999999,4103,1,0
2025-01-29 20:00:00,1.44217,1.44298,1.44194,1.44221,3014,1,0
2025-01-29 21:00:00,1.44219,1.4445999999999999,1.44085,1.44204,9327,1,0
2025-01-29 22:00:00,1.4420899999999999,1.44302,1.44104,1.4426700000000001,5815,1,0
2025-01-29 23:00:00,1.4426700000000001,1.44286,1.44181,1.44194,1587,1,0
2025-01-30 00:00:00,1.44096,1.44201,1.44076,1.44186,300,35,0
2025-01-30 01:00:00,1.44186,1.4421,1.4392800000000001,1.43973,1428,1,0
2025-01-30 02:00:00,1.43973,1.44106,1.43973,1.44067,1516,1,0
2025-01-30 03:00:00,1.44067,1.4417,1.44067,1.44137,1503,1,0
2025-01-30 04:00:00,1.44137,1.4419,1.44079,1.4417900000000001,1146,1,0
2025-01-30 05:00:00,1.4417900000000001,1.442,1.44134,1.44176,1289,1,0
2025-01-30 06:00:00,1.44176,1.44232,1.44146,1.44202,955,1,0
2025-01-30 07:00:00,1.44202,1.4425,1.44201,1.4424299999999999,1038,1,0
2025-01-30 08:00:00,1.4424299999999999,1.44326,1.44231,1.44295,1292,1,0
2025-01-30 09:00:00,1.44295,1.44359,1.44157,1.44176,2087,1,0
2025-01-30 10:00:00,1.44176,1.44192,1.44069,1.44077,2657,1,0
2025-01-30 11:00:00,1.44077,1.44168,1.4402599999999999,1.44102,3112,1,0
2025-01-30 12:00:00,1.44102,1.44154,1.44051,1.4412,2565,1,0
2025-01-30 13:00:00,1.4412,1.44153,1.44076,1.44137,2081,1,0
2025-01-30 14:00:00,1.44137,1.44196,1.44068,1.44134,2880,1,0
2025-01-30 15:00:00,1.44134,1.4423300000000001,1.44061,1.44092,5270,1,0
2025-01-30 16:00:00,1.44095,1.44211,1.4404,1.44156,5889,1,0
2025-01-30 17:00:00,1.44159,1.44162,1.4399899999999999,1.4409100000000001,4858,1,0
2025-01-30 18:00:00,1.4409100000000001,1.44154,1.44048,1.44137,3636,1,0
2025-01-30 19:00:00,1.44137,1.44227,1.44124,1.44149,2836,1,0
2025-01-30 20:00:00,1.44149,1.44161,1.44001,1.44011,2113,1,0
2025-01-30 21:00:00,1.44011,1.4414799999999999,1.44004,1.44136,1755,1,0
2025-01-30 22:00:00,1.44136,1.45949,1.4411800000000001,1.44863,6389,1,0
2025-01-30 23:00:00,1.44863,1.45127,1.44729,1.44845,4208,1,0
2025-01-31 00:00:00,1.44741,1.45014,1.44741,1.4487700000000001,1046,35,0
2025-01-31 01:00:00,1.4487700000000001,1.45108,1.4478,1.44935,2282,1,0
2025-01-31 02:00:00,1.44935,1.4499900000000001,1.44834,1.4497499999999999,1622,1,0
2025-01-31 03:00:00,1.4497499999999999,1.45007,1.44801,1.44838,2637,1,0
2025-01-31 04:00:00,1.44838,1.44898,1.44724,1.44786,1579,1,0
2025-01-31 05:00:00,1.44786,1.44858,1.44745,1.44839,1244,1,0
2025-01-31 06:00:00,1.44839,1.44881,1.44783,1.44801,1104,1,0
2025-01-31 07:00:00,1.44801,1.44839,1.44752,1.44779,1498,1,0
2025-01-31 08:00:00,1.44779,1.44809,1.44628,1.44639,1383,1,0
2025-01-31 09:00:00,1.44638,1.44656,1.44312,1.44384,3391,1,0
2025-01-31 10:00:00,1.44384,1.44706,1.44366,1.4469,3588,1,0
2025-01-31 11:00:00,1.44689,1.44915,1.44689,1.44786,4608,1,0
2025-01-31 12:00:00,1.44787,1.4491,1.44766,1.44871,3227,1,0
2025-01-31 13:00:00,1.44871,1.44974,1.44862,1.44868,2675,1,0
2025-01-31 14:00:00,1.44868,1.44869,1.4476,1.4482,2452,1,0
2025-01-31 15:00:00,1.4482,1.44915,1.44603,1.44881,5004,1,0
2025-01-31 16:00:00,1.44881,1.45506,1.4487,1.4518499999999999,6321,1,0
2025-01-31 17:00:00,1.45184,1.45295,1.4466700000000001,1.44821,7511,1,0
2025-01-31 18:00:00,1.44821,1.44906,1.44526,1.44615,4294,1,0
2025-01-31 19:00:00,1.44615,1.4483,1.43708,1.44009,8085,1,0
2025-01-31 20:00:00,1.44009,1.4523,1.43906,1.45064,8190,1,0
2025-01-31 21:00:00,1.45064,1.45282,1.4504299999999999,1.45107,6170,1,0
2025-01-31 22:00:00,1.45106,1.45595,1.44955,1.45371,6318,1,0
2025-01-31 23:00:00,1.45374,1.45522,1.45102,1.4537200000000001,4990,1,0
2025-02-03 00:00:00,1.47343,1.47448,1.47038,1.47332,1453,35,0
2025-02-03 01:00:00,1.47332,1.47511,1.4703,1.47133,7160,1,0
2025-02-03 02:00:00,1.47132,1.47438,1.4671,1.47398,9308,1,0
2025-02-03 03:00:00,1.47394,1.47515,1.47099,1.47485,5875,1,0
2025-02-03 04:00:00,1.47485,1.4788700000000001,1.47459,1.47823,5313,1,0
2025-02-03 05:00:00,1.47823,1.47931,1.47732,1.47764,4076,1,0
2025-02-03 06:00:00,1.47763,1.47763,1.47351,1.47474,4677,1,0
2025-02-03 07:00:00,1.47475,1.4754,1.47255,1.47283,3940,1,0
2025-02-03 08:00:00,1.47283,1.47523,1.4702899999999999,1.47133,4376,1,0
2025-02-03 09:00:00,1.47133,1.47255,1.4695,1.47172,5748,1,0
2025-02-03 10:00:00,1.47172,1.4721600000000001,1.4674800000000001,1.46954,5230,1,0
2025-02-03 11:00:00,1.46957,1.4702899999999999,1.4674800000000001,1.46933,3841,1,0
2025-02-03 12:00:00,1.46933,1.46933,1.46648,1.46726,3385,1,0
2025-02-03 13:00:00,1.46726,1.47042,1.46703,1.46742,3632,1,0
2025-02-03 14:00:00,1.46742,1.46872,1.46522,1.46713,4479,1,0
2025-02-03 15:00:00,1.46712,1.46737,1.4593,1.4668,5741,1,0
2025-02-03 16:00:00,1.4668,1.4691,1.46414,1.46781,6787,1,0
2025-02-03 17:00:00,1.46771,1.46998,1.4545,1.45705,11772,1,0
2025-02-03 18:00:00,1.45705,1.46442,1.45688,1.46013,9305,1,0
2025-02-03 19:00:00,1.46014,1.46238,1.45247,1.45792,6117,1,0
2025-02-03 20:00:00,1.45792,1.45932,1.45627,1.4574799999999999,5854,1,0
2025-02-03 21:00:00,1.4574799999999999,1.45752,1.4548,1.4574500000000001,3087,1,0
2025-02-03 22:00:00,1.4574500000000001,1.45751,1.45544,1.4570400000000001,3019,1,0
2025-02-03 23:00:00,1.45695,1.45761,1.4388,1.44286,6358,1,0
2025-02-04 00:00:00,1.4425,1.4431,1.44069,1.44079,1335,35,0
2025-02-04 01:00:00,1.44079,1.44229,1.43865,1.4421599999999999,2808,1,0
2025-02-04 02:00:00,1.4421599999999999,1.44537,1.44174,1.44442,2792,1,0
2025-02-04 03:00:00,1.44442,1.44624,1.44387,1.4449100000000001,3471,1,0
2025-02-04 04:00:00,1.4449100000000001,1.44657,1.44485,1.44594,2098,1,0
2025-02-04 05:00:00,1.44594,1.44742,1.4454099999999999,1.44689,1597,1,0
2025-02-04 06:00:00,1.44689,1.44822,1.44664,1.44814,1352,1,0
2025-02-04 07:00:00,1.44814,1.4503599999999999,1.4479600000000001,1.44869,5621,1,0
2025-02-04 08:00:00,1.44869,1.4488400000000001,1.44625,1.44628,2092,1,0
2025-02-04 09:00:00,1.44628,1.4466700000000001,1.44306,1.44388,3464,1,0
2025-02-04 10:00:00,1.44388,1.44616,1.44339,1.44507,5309,1,0
2025-02-04 11:00:00,1.44507,1.44551,1.4424299999999999,1.44254,3785,1,0
2025-02-04 12:00:00,1.44254,1.44334,1.44183,1.44185,3373,1,0
2025-02-04 13:00:00,1.44185,1.4436499999999999,1.44149,1.44347,2959,1,0
2025-02-04 14:00:00,1.44347,1.4442,1.44165,1.44166,2380,1,0
2025-02-04 15:00:00,1.44166,1.44184,1.43818,1.43833,4150,1,0
2025-02-04 16:00:00,1.43833,1.43933,1.4361,1.43713,5136,1,0
2025-02-04 17:00:00,1.43711,1.43724,1.43278,1.43279,6030,1,0
2025-02-04 18:00:00,1.4328,1.43336,1.43095,1.43207,4818,1,0
2025-02-04 19:00:00,1.43207,1.4350800000000001,1.43168,1.43407,3872,1,0
2025-02-04 20:00:00,1.43407,1.43466,1.43317,1.43331,2359,1,0
2025-02-04 21:00:00,1.4333,1.43372,1.43021,1.43056,3037,1,0
2025-02-04 22:00:00,1.43056,1.43188,1.43051,1.43174,2417,1,0
2025-02-04 23:00:00,1.43176,1.43326,1.43168,1.4319,1418,1,0
2025-02-05 00:00:00,1.43187,1.4326699999999999,1.43186,1.43246,338,35,0
2025-02-05 01:00:00,1.43246,1.43393,1.43229,1.43391,1260,1,0
2025-02-05 02:00:00,1.43391,1.43391,1.4319899999999999,1.43248,2280,1,0
2025-02-05 03:00:00,1.43248,1.4334500000000001,1.4313500000000001,1.43343,2954,1,0
2025-02-05 04:00:00,1.43343,1.43385,1.43189,1.43255,2550,1,0
2025-02-05 05:00:00,1.43255,1.43326,1.43214,1.43319,2169,1,0
2025-02-05 06:00:00,1.43319,1.43407,1.43297,1.4338600000000001,1395,1,0
2025-02-05 07:00:00,1.4338600000000001,1.43446,1.43362,1.4338600000000001,2001,1,0
2025-02-05 08:00:00,1.4338600000000001,1.43439,1.43189,1.43306,1911,1,0
2025-02-05 09:00:00,1.43306,1.43383,1.43052,1.43096,3478,1,0
2025-02-05 10:00:00,1.43096,1.43103,1.42831,1.4284,4367,1,0
2025-02-05 11:00:00,1.4284,1.4286699999999999,1.42795,1.42858,3261,1,0
2025-02-05 12:00:00,1.42858,1.42886,1.42724,1.42757,2920,1,0
2025-02-05 13:00:00,1.42757,1.4295900000000001,1.42756,1.4288,2508,1,0
2025-02-05 14:00:00,1.4288,1.42947,1.42818,1.4286400000000001,2148,1,0
2025-02-05 15:00:00,1.4286400000000001,1.42947,1.42703,1.42927,4065,1,0
2025-02-05 16:00:00,1.42927,1.4295200000000001,1.42699,1.42873,4941,1,0
2025-02-05 17:00:00,1.42873,1.42999,1.4268,1.42859,6617,1,0
2025-02-05 18:00:00,1.4285999999999999,1.42996,1.42805,1.42828,4087,1,0
2025-02-05 19:00:00,1.42824,1.4300899999999999,1.42759,1.42922,2666,1,0
2025-02-05 20:00:00,1.42922,1.43116,1.42866,1.43097,2124,1,0
2025-02-05 21:00:00,1.43097,1.43201,1.43031,1.43152,1775,1,0
2025-02-05 22:00:00,1.43152,1.43282,1.43121,1.4313500000000001,1810,1,0
2025-02-05 23:00:00,1.4313500000000001,1.43183,1.4304999999999999,1.43159,1406,1,0
2025-02-06 00:00:00,1.43058,1.4317,1.43058,1.43133,305,35,0
2025-02-06 01:00:00,1.43137,1.43208,1.43128,1.43157,1120,1,0
2025-02-06 02:00:00,1.43157,1.43278,1.43119,1.43219,1700,1,0
2025-02-06 03:00:00,1.43219,1.43238,1.4314,1.43144,1840,1,0
2025-02-06 04:00:00,1.43148,1.43311,1.43143,1.43297,1879,1,0
2025-02-06 05:00:00,1.43297,1.43365,1.43273,1.43343,1595,1,0
2025-02-06 06:00:00,1.43343,1.43515,1.4332500000000001,1.43494,1370,1,0
2025-02-06 07:00:00,1.43494,1.435,1.434,1.43483,1419,1,0
2025-02-06 08:00:00,1.43483,1.43484,1.43407,1.43456,1363,1,0
2025-02-06 09:00:00,1.43456,1.43638,1.43435,1.43604,2626,1,0
2025-02-06 10:00:00,1.43604,1.43668,1.43506,1.43582,3318,1,0
2025-02-06 11:00:00,1.43582,1.43668,1.43543,1.4359899999999999,2574,1,0
2025-02-06 12:00:00,1.4359899999999999,1.4362599999999999,1.43479,1.43577,2588,1,0
2025-02-06 13:00:00,1.43577,1.43613,1.43494,1.43583,2647,1,0
2025-02-06 14:00:00,1.43585,1.43645,1.43453,1.43476,3637,1,0
2025-02-06 15:00:00,1.43475,1.43545,1.4341599999999999,1.43421,3222,1,0
2025-02-06 16:00:00,1.43421,1.43493,1.43277,1.4346700000000001,3873,1,0
2025-02-06 17:00:00,1.4346700000000001,1.43496,1.4321,1.43217,4620,1,0
2025-02-06 18:00:00,1.43219,1.43234,1.43036,1.43171,3057,1,0
2025-02-06 19:00:00,1.4317,1.43192,1.43066,1.43109,2422,1,0
2025-02-06 20:00:00,1.4311099999999999,1.4315,1.43012,1.43059,2986,1,0
2025-02-06 21:00:00,1.43059,1.43186,1.4304999999999999,1.43186,2160,1,0
2025-02-06 22:00:00,1.43185,1.43195,1.43035,1.43041,1746,1,0
2025-02-06 23:00:00,1.43056,1.43119,1.4302000000000001,1.43041,1057,1,0
2025-02-07 00:00:00,1.43035,1.43096,1.43015,1.43078,325,35,0
2025-02-07 01:00:00,1.43078,1.43119,1.4304299999999999,1.4308100000000001,719,1,0
2025-02-07 02:00:00,1.4308100000000001,1.43188,1.4302000000000001,1.43166,1628,1,0
2025-02-07 03:00:00,1.43166,1.4317199999999999,1.43027,1.43057,1818,1,0
2025-02-07 04:00:00,1.43057,1.4309,1.4301300000000001,1.4306,1385,1,0
2025-02-07 05:00:00,1.4306,1.43186,1.43055,1.4317199999999999,1280,1,0
2025-02-07 06:00:00,1.4317199999999999,1.43269,1.4316499999999999,1.43205,951,1,0
2025-02-07 07:00:00,1.43205,1.4326400000000001,1.43185,1.43253,977,1,0
2025-02-07 08:00:00,1.43253,1.4325999999999999,1.43197,1.4319899999999999,1272,1,0
2025-02-07 09:00:00,1.4319899999999999,1.43215,1.43072,1.4314,1963,1,0
2025-02-07 10:00:00,1.4314,1.4314,1.43046,1.43072,2231,1,0
2025-02-07 11:00:00,1.43072,1.43133,1.43058,1.43119,2151,1,0
2025-02-07 12:00:00,1.43119,1.43274,1.4311,1.43243,1764,1,0
2025-02-07 13:00:00,1.43243,1.43364,1.43232,1.4332099999999999,1985,1,0
2025-02-07 14:00:00,1.4332,1.4344000000000001,1.43319,1.43376,2241,1,0
2025-02-07 15:00:00,1.43376,1.4344999999999999,1.42862,1.43051,6866,1,0
2025-02-07 16:00:00,1.43051,1.43122,1.42813,1.42879,4748,1,0
2025-02-07 17:00:00,1.42879,1.43398,1.42798,1.43019,7289,1,0
2025-02-07 18:00:00,1.43017,1.43285,1.42914,1.43122,8579,1,0
2025-02-07 19:00:00,1.43122,1.43327,1.4285999999999999,1.42929,7230,1,0
2025-02-07 20:00:00,1.42929,1.4301300000000001,1.4273799999999999,1.42988,3021,1,0
2025-02-07 21:00:00,1.42988,1.43012,1.42754,1.42838,2716,1,0
2025-02-07 22:00:00,1.42838,1.4298199999999999,1.4279899999999999,1.42813,2354,1,0
2025-02-07 23:00:00,1.42813,1.42968,1.42743,1.42917,1700,1,0
2025-02-10 00:00:00,1.43458,1.43764,1.43432,1.43586,1335,35,0
2025-02-10 01:00:00,1.43586,1.43595,1.4331,1.43332,2343,1,0
2025-02-10 02:00:00,1.43331,1.43383,1.4323000000000001,1.43331,2218,1,0
2025-02-10 03:00:00,1.43331,1.43516,1.43279,1.43492,3202,1,0
2025-02-10 04:00:00,1.43492,1.43582,1.43431,1.43559,2123,1,0
2025-02-10 05:00:00,1.43559,1.43563,1.43432,1.43436,1437,1,0
2025-02-10 06:00:00,1.43436,1.4346,1.43385,1.43435,1107,1,0
2025-02-10 07:00:00,1.43435,1.43462,1.43356,1.4344700000000001,1349,1,0
2025-02-10 08:00:00,1.43446,1.43466,1.43354,1.43363,1533,1,0
2025-02-10 09:00:00,1.43363,1.43591,1.43309,1.43476,2619,1,0
2025-02-10 10:00:00,1.43476,1.43486,1.43317,1.43367,3421,1,0
2025-02-10 11:00:00,1.43367,1.43381,1.43155,1.4326400000000001,2941,1,0
2025-02-10 12:00:00,1.43263,1.43377,1.43263,1.4334500000000001,2438,1,0
2025-02-10 13:00:00,1.4334500000000001,1.43414,1.43269,1.43404,2295,1,0
2025-02-10 14:00:00,1.43404,1.4344999999999999,1.4334799999999999,1.43381,1992,1,0
2025-02-10 15:00:00,1.43381,1.43446,1.43338,1.43375,2371,1,0
2025-02-10 16:00:00,1.4337,1.43435,1.43235,1.43367,3394,1,0
2025-02-10 17:00:00,1.43366,1.43403,1.43197,1.43205,3289,1,0
2025-02-10 18:00:00,1.43204,1.43261,1.4314,1.43184,3059,1,0
2025-02-10 19:00:00,1.43184,1.43248,1.4313500000000001,1.43197,2099,1,0
2025-02-10 20:00:00,1.432,1.43229,1.43107,1.43143,2107,1,0
2025-02-10 21:00:00,1.43144,1.43168,1.43056,1.4308100000000001,1685,1,0
2025-02-10 22:00:00,1.4308100000000001,1.43148,1.43068,1.4310100000000001,1531,1,0
2025-02-10 23:00:00,1.431,1.43175,1.43082,1.43154,764,1,0
2025-02-11 00:00:00,1.4313799999999999,1.43372,1.43057,1.43276,626,35,0
2025-02-11 01:00:00,1.43276,1.43394,1.43174,1.43394,2261,1,0
2025-02-11 02:00:00,1.43393,1.43402,1.43316,1.43319,1207,1,0
2025-02-11 03:00:00,1.43319,1.43359,1.4326699999999999,1.43349,1408,1,0
2025-02-11 04:00:00,1.43349,1.4340899999999999,1.43302,1.43397,1590,1,0
2025-02-11 05:00:00,1.43397,1.43407,1.43347,1.43347,1243,1,0
2025-02-11 06:00:00,1.43347,1.4335499999999999,1.4332500000000001,1.43349,962,1,0
2025-02-11 07:00:00,1.43349,1.4335,1.43293,1.4333,1062,1,0
2025-02-11 08:00:00,1.4333,1.43347,1.43265,1.433,1274,1,0
2025-02-11 09:00:00,1.433,1.4338199999999999,1.43265,1.43336,2175,1,0
2025-02-11 10:00:00,1.43336,1.4337900000000001,1.43245,1.4336,2827,1,0
2025-02-11 11:00:00,1.4336,1.43403,1.43313,1.4334,2149,1,0
2025-02-11 12:00:00,1.4334,1.43458,1.43303,1.43437,2212,1,0
2025-02-11 13:00:00,1.43437,1.43452,1.4326699999999999,1.4328,2013,1,0
2025-02-11 14:00:00,1.4328,1.43397,1.4321,1.43235,2517,1,0
2025-02-11 15:00:00,1.43235,1.43293,1.43082,1.4310399999999999,2787,1,0
2025-02-11 16:00:00,1.43105,1.43208,1.43084,1.43197,3428,1,0
2025-02-11 17:00:00,1.43197,1.43271,1.4309,1.43143,3689,1,0
2025-02-11 18:00:00,1.43144,1.43149,1.4302000000000001,1.43078,3209,1,0
2025-02-11 19:00:00,1.43079,1.43155,1.43002,1.43072,2124,1,0
2025-02-11 20:00:00,1.43072,1.43088,1.42966,1.43029,2284,1,0
2025-02-11 21:00:00,1.43029,1.43042,1.42785,1.42941,2836,1,0
2025-02-11 22:00:00,1.42938,1.42941,1.42798,1.42881,2211,1,0
2025-02-11 23:00:00,1.4288,1.42947,1.4283000000000001,1.4283299999999999,916,1,0
2025-02-12 00:00:00,1.42847,1.42858,1.4282,1.42847,145,35,0
2025-02-12 01:00:00,1.42847,1.42874,1.42823,1.42874,859,1,0
2025-02-12 02:00:00,1.42874,1.42942,1.42871,1.42914,1197,1,0
2025-02-12 03:00:00,1.42914,1.42965,1.42873,1.42885,2211,1,0
2025-02-12 04:00:00,1.42885,1.42906,1.42797,1.42841,1588,1,0
2025-02-12 05:00:00,1.42842,1.42908,1.42828,1.42869,1215,1,0
2025-02-12 06:00:00,1.42869,1.4297900000000001,1.42868,1.42976,1365,1,0
2025-02-12 07:00:00,1.42976,1.42983,1.42949,1.42966,1738,1,0
2025-02-12 08:00:00,1.42966,1.42977,1.42934,1.42962,1736,1,0
2025-02-12 09:00:00,1.42962,1.42963,1.42861,1.42915,2358,1,0
2025-02-12 10:00:00,1.42913,1.43033,1.42869,1.43017,2869,1,0
2025-02-12 11:00:00,1.43018,1.4313500000000001,1.42998,1.43083,2212,1,0
2025-02-12 12:00:00,1.43084,1.43154,1.43065,1.4307400000000001,2112,1,0
2025-02-12 13:00:00,1.4307400000000001,1.43085,1.42895,1.42957,2258,1,0
2025-02-12 14:00:00,1.42956,1.43056,1.42935,1.4301300000000001,1940,1,0
2025-02-12 15:00:00,1.4301300000000001,1.43398,1.4292799999999999,1.43292,6085,1,0
2025-02-12 16:00:00,1.43292,1.43425,1.43184,1.43198,5665,1,0
2025-02-12 17:00:00,1.43197,1.4332,1.42863,1.42956,7023,1,0
2025-02-12 18:00:00,1.4295499999999999,1.43148,1.42841,1.4289399999999999,5432,1,0
2025-02-12 19:00:00,1.42893,1.42905,1.42557,1.42622,5505,1,0
2025-02-12 20:00:00,1.4262000000000001,1.42904,1.42593,1.42845,4181,1,0
2025-02-12 21:00:00,1.42844,1.4292099999999999,1.42821,1.4285,2478,1,0
2025-02-12 22:00:00,1.42846,1.42872,1.42798,1.42841,2255,1,0
2025-02-12 23:00:00,1.42847,1.43103,1.42839,1.43098,1653,1,0
2025-02-13 00:00:00,1.43062,1.43062,1.42956,1.42998,147,35,0
2025-02-13 01:00:00,1.42998,1.43038,1.4299,1.43007,1239,1,0
2025-02-13 02:00:00,1.43007,1.43022,1.42906,1.42987,1364,1,0
2025-02-13 03:00:00,1.42987,1.4301300000000001,1.42872,1.42885,2431,1,0
2025-02-13 04:00:00,1.42885,1.42908,1.42823,1.42855,1824,1,0
2025-02-13 05:00:00,1.42855,1.42862,1.42688,1.42688,2025,1,0
2025-02-13 06:00:00,1.42688,1.42707,1.42595,1.42632,2100,1,0
2025-02-13 07:00:00,1.42632,1.42634,1.42557,1.4259,2142,1,0
2025-02-13 08:00:00,1.4259,1.4264299999999999,1.42547,1.4262299999999999,1899,1,0
2025-02-13 09:00:00,1.42624,1.42748,1.42553,1.42705,3061,1,0
2025-02-13 10:00:00,1.4270399999999999,1.42961,1.4270399999999999,1.42938,3548,1,0
2025-02-13 11:00:00,1.42938,1.43001,1.42886,1.42917,2806,1,0
2025-02-13 12:00:00,1.42917,1.4298,1.42873,1.42905,1897,1,0
2025-02-13 13:00:00,1.42905,1.43042,1.42829,1.42943,3080,1,0
2025-02-13 14:00:00,1.42943,1.43034,1.42849,1.42849,2817,1,0
2025-02-13 15:00:00,1.42849,1.4292500000000001,1.42679,1.42858,4693,1,0
2025-02-13 16:00:00,1.42853,1.42901,1.42676,1.42691,4091,1,0
2025-02-13 17:00:00,1.42692,1.42692,1.42109,1.42222,6731,1,0
2025-02-13 18:00:00,1.42224,1.42317,1.42123,1.4231099999999999,3725,1,0
2025-02-13 19:00:00,1.42314,1.42452,1.42279,1.42441,2336,1,0
2025-02-13 20:00:00,1.42441,1.42631,1.4233,1.42401,5614,1,0
2025-02-13 21:00:00,1.42405,1.4242,1.42224,1.42313,3732,1,0
2025-02-13 22:00:00,1.42313,1.4233500000000001,1.41831,1.41876,2841,1,0
2025-02-13 23:00:00,1.41876,1.4201,1.4186,1.41937,1167,1,0
2025-02-14 00:00:00,1.41927,1.4195,1.41867,1.41926,315,24,0
2025-02-14 01:00:00,1.41926,1.42015,1.41898,1.41931,2192,1,0
2025-02-14 02:00:00,1.41931,1.42009,1.41861,1.41943,2232,1,0
2025-02-14 03:00:00,1.41943,1.41952,1.41824,1.41897,2288,1,0
2025-02-14 04:00:00,1.41897,1.41912,1.41837,1.4187,1687,1,0
2025-02-14 05:00:00,1.41872,1.41912,1.41817,1.41825,1586,1,0
2025-02-14 06:00:00,1.41825,1.41855,1.41771,1.41842,1172,1,0
2025-02-14 07:00:00,1.41842,1.4192,1.41822,1.41873,1760,1,0
2025-02-14 08:00:00,1.41873,1.41893,1.4179,1.41817,2269,1,0
2025-02-14 09:00:00,1.4181599999999999,1.4181599999999999,1.4163700000000001,1.41666,3068,1,0
2025-02-14 10:00:00,1.4166699999999999,1.41703,1.41568,1.41687,3534,1,0
2025-02-14 11:00:00,1.41686,1.41723,1.4159,1.41679,2398,1,0
2025-02-14 12:00:00,1.41679,1.41846,1.41657,1.41828,2283,1,0
2025-02-14 13:00:00,1.41828,1.41917,1.41775,1.41829,2444,1,0
2025-02-14 14:00:00,1.41829,1.41898,1.4173499999999999,1.41741,2544,1,0
2025-02-14 15:00:00,1.41736,1.41806,1.41554,1.4165,4109,1,0
2025-02-14 16:00:00,1.4165,1.41658,1.4151,1.41533,3831,1,0
2025-02-14 17:00:00,1.41534,1.41703,1.41528,1.4167,4313,1,0
2025-02-14 18:00:00,1.4167,1.4178,1.41644,1.41731,3204,1,0
2025-02-14 19:00:00,1.41731,1.41785,1.4163999999999999,1.41651,2473,1,0
2025-02-14 20:00:00,1.4165,1.41709,1.4163000000000001,1.41656,1657,1,0
2025-02-14 21:00:00,1.41656,1.41687,1.41574,1.41601,2014,1,0
2025-02-14 22:00:00,1.4160300000000001,1.41731,1.416,1.41723,1727,1,0
2025-02-14 23:00:00,1.41723,1.41782,1.41668,1.4169,1126,1,0
2025-02-17 00:00:00,1.4156900000000001,1.41766,1.4156900000000001,1.41741,1449,41,0
2025-02-17 01:00:00,1.41741,1.41903,1.41733,1.4181300000000001,2206,1,0
2025-02-17 02:00:00,1.41812,1.41837,1.4171,1.41729,1925,1,0
2025-02-17 03:00:00,1.41729,1.41766,1.41595,1.41608,2827,1,0
2025-02-17 04:00:00,1.41608,1.41751,1.41607,1.4166,2022,1,0
2025-02-17 05:00:00,1.4166,1.41737,1.41626,1.41711,1547,1,0
2025-02-17 06:00:00,1.41711,1.41744,1.4163999999999999,1.4166699999999999,1316,1,0
2025-02-17 07:00:00,1.4166699999999999,1.4175499999999999,1.41621,1.41741,2078,1,0
2025-02-17 08:00:00,1.41741,1.41822,1.4172500000000001,1.41746,2047,1,0
2025-02-17 09:00:00,1.41746,1.41856,1.41713,1.41845,2305,1,0
2025-02-17 10:00:00,1.41845,1.41932,1.41818,1.41926,2647,1,0
2025-02-17 11:00:00,1.41925,1.41943,1.41862,1.41904,2018,1,0
2025-02-17 12:00:00,1.41907,1.41933,1.41842,1.4191500000000001,1896,1,0
2025-02-17 13:00:00,1.4191500000000001,1.4194200000000001,1.41858,1.41859,1572,1,0
2025-02-17 14:00:00,1.41859,1.41922,1.4183,1.41887,1701,1,0
2025-02-17 15:00:00,1.41887,1.41931,1.4181300000000001,1.41889,1405,1,0
2025-02-17 16:00:00,1.41889,1.41925,1.4184999999999999,1.41855,1417,1,0
2025-02-17 17:00:00,1.41855,1.41898,1.41819,1.4187400000000001,1538,1,0
2025-02-17 18:00:00,1.4187400000000001,1.41898,1.41794,1.41859,988,1,0
2025-02-17 19:00:00,1.41859,1.4187,1.41826,1.41831,631,1,0
2025-02-17 20:00:00,1.41831,1.41852,1.41819,1.41829,577,1,0
2025-02-17 21:00:00,1.41829,1.41887,1.41828,1.41846,535,1,0
2025-02-17 22:00:00,1.41846,1.41855,1.41818,1.41825,489,1,0
2025-02-17 23:00:00,1.41825,1.41859,1.41808,1.41808,653,1,0
2025-02-18 00:00:00,1.41756,1.41902,1.41733,1.41852,739,35,0
2025-02-18 01:00:00,1.41852,1.41913,1.41829,1.4185400000000001,797,1,0
2025-02-18 02:00:00,1.4185400000000001,1.4196,1.4182299999999999,1.41948,1376,1,0
2025-02-18 03:00:00,1.41948,1.42066,1.4194200000000001,1.41998,2791,1,0
2025-02-18 04:00:00,1.41998,1.42009,1.41901,1.41934,2049,1,0
2025-02-18 05:00:00,1.41934,1.4200599999999999,1.41886,1.41992,2680,1,0
2025-02-18 06:00:00,1.41992,1.42084,1.4199,1.4206400000000001,1660,1,0
2025-02-18 07:00:00,1.4206400000000001,1.42089,1.42041,1.42043,1929,1,0
2025-02-18 08:00:00,1.42043,1.42082,1.41982,1.41983,2023,1,0
2025-02-18 09:00:00,1.41983,1.41992,1.41822,1.41943,2463,1,0
2025-02-18 10:00:00,1.41943,1.41985,1.4181300000000001,1.4193500000000001,3217,1,0
2025-02-18 11:00:00,1.4193500000000001,1.41944,1.41885,1.4191500000000001,2433,1,0
2025-02-18 12:00:00,1.4191500000000001,1.41952,1.41863,1.41941,2334,1,0
2025-02-18 13:00:00,1.41941,1.41958,1.41794,1.41863,1985,1,0
2025-02-18 14:00:00,1.41863,1.4206400000000001,1.41837,1.4198,2377,1,0
2025-02-18 15:00:00,1.4198,1.4212799999999999,1.4184999999999999,1.4205,3370,1,0
2025-02-18 16:00:00,1.4205,1.42116,1.4195,1.41974,3710,1,0
2025-02-18 17:00:00,1.4197199999999999,1.41994,1.41829,1.41885,3329,1,0
2025-02-18 18:00:00,1.41886,1.41978,1.41878,1.41899,2784,1,0
2025-02-18 19:00:00,1.41899,1.41967,1.4189,1.41931,2036,1,0
2025-02-18 20:00:00,1.41931,1.41941,1.4185400000000001,1.41858,2009,1,0
2025-02-18 21:00:00,1.41858,1.41917,1.41842,1.41885,1555,1,0
2025-02-18 22:00:00,1.41885,1.4191,1.41832,1.4188100000000001,1385,1,0
2025-02-18 23:00:00,1.4188100000000001,1.41953,1.41839,1.41933,1136,1,0
2025-02-19 00:00:00,1.41928,1.4194499999999999,1.41856,1.41921,744,41,0
2025-02-19 01:00:00,1.41921,1.4194200000000001,1.41887,1.41904,943,1,0
2025-02-19 02:00:00,1.41904,1.41975,1.41887,1.41973,2296,1,0
2025-02-19 03:00:00,1.41973,1.41989,1.41845,1.41848,3383,1,0
2025-02-19 04:00:00,1.41848,1.41926,1.41811,1.41818,3710,1,0
2025-02-19 05:00:00,1.41818,1.41867,1.4179599999999999,1.41807,2140,1,0
2025-02-19 06:00:00,1.41807,1.41855,1.41802,1.41808,1400,1,0
2025-02-19 07:00:00,1.41808,1.41832,1.41797,1.418,1571,1,0
2025-02-19 08:00:00,1.418,1.41811,1.41754,1.41806,2072,1,0
2025-02-19 09:00:00,1.41806,1.4186,1.4175499999999999,1.41859,2283,1,0
2025-02-19 10:00:00,1.41859,1.41936,1.41839,1.41929,2852,1,0
2025-02-19 11:00:00,1.41929,1.42001,1.41894,1.41996,2320,1,0
2025-02-19 12:00:00,1.41996,1.42072,1.41985,1.42047,1987,1,0
2025-02-19 13:00:00,1.42047,1.42115,1.42013,1.42102,2492,1,0
2025-02-19 14:00:00,1.42102,1.42218,1.42083,1.4210099999999999,2540,1,0
2025-02-19 15:00:00,1.421,1.42142,1.41958,1.41987,3337,1,0
2025-02-19 16:00:00,1.41987,1.42126,1.41921,1.4205999999999999,3769,1,0
2025-02-19 17:00:00,1.42058,1.42214,1.4198,1.42209,4941,1,0
2025-02-19 18:00:00,1.42209,1.42388,1.42177,1.42366,3865,1,0
2025-02-19 19:00:00,1.42366,1.42407,1.42287,1.42371,2491,1,0
2025-02-19 20:00:00,1.42371,1.42456,1.42355,1.42375,2072,1,0
2025-02-19 21:00:00,1.42374,1.42418,1.4224,1.42313,2912,1,0
2025-02-19 22:00:00,1.4231099999999999,1.42375,1.42245,1.42257,2266,1,0
2025-02-19 23:00:00,1.42258,1.42392,1.42248,1.42392,1350,1,0
2025-02-20 00:00:00,1.42297,1.42382,1.42282,1.42356,257,44,0
2025-02-20 01:00:00,1.42356,1.42438,1.42352,1.42409,1472,1,0
2025-02-20 02:00:00,1.42409,1.4243700000000001,1.42255,1.42275,3230,1,0
2025-02-20 03:00:00,1.42275,1.42439,1.4224,1.42418,3905,1,0
2025-02-20 04:00:00,1.42418,1.42451,1.42209,1.42232,4259,1,0
2025-02-20 05:00:00,1.42232,1.42297,1.42207,1.42227,3152,1,0
2025-02-20 06:00:00,1.42227,1.42285,1.4221599999999999,1.4225400000000001,2017,1,0
2025-02-20 07:00:00,1.4225400000000001,1.42279,1.42205,1.42266,2394,1,0
2025-02-20 08:00:00,1.42266,1.4227400000000001,1.42161,1.42257,2520,1,0
2025-02-20 09:00:00,1.42258,1.42303,1.42174,1.42272,2683,1,0
2025-02-20 10:00:00,1.42272,1.42273,1.4212099999999999,1.42158,2790,1,0
2025-02-20 11:00:00,1.42158,1.42194,1.42102,1.42114,2218,1,0
2025-02-20 12:00:00,1.42114,1.42148,1.4205999999999999,1.4206400000000001,2262,1,0
2025-02-20 13:00:00,1.4206400000000001,1.4218899999999999,1.4203700000000001,1.42147,2042,1,0
2025-02-20 14:00:00,1.42147,1.42232,1.4211,1.42225,2573,1,0
2025-02-20 15:00:00,1.42225,1.42227,1.41966,1.4206400000000001,3266,1,0
2025-02-20 16:00:00,1.4206400000000001,1.42134,1.41862,1.42001,4253,1,0
2025-02-20 17:00:00,1.42001,1.42063,1.41834,1.419,5627,1,0
2025-02-20 18:00:00,1.419,1.42013,1.41889,1.41961,3462,1,0
2025-02-20 19:00:00,1.41961,1.41997,1.4177,1.41861,2757,1,0
2025-02-20 20:00:00,1.41861,1.41897,1.41708,1.41773,2305,1,0
2025-02-20 21:00:00,1.41773,1.41879,1.41714,1.41747,2295,1,0
2025-02-20 22:00:00,1.41748,1.41773,1.41662,1.41724,1574,1,0
2025-02-20 23:00:00,1.41724,1.41772,1.41697,1.41751,1059,1,0
2025-02-21 00:00:00,1.41686,1.41787,1.41642,1.41779,742,35,0
2025-02-21 01:00:00,1.41779,1.41795,1.41685,1.41754,1845,1,0
2025-02-21 02:00:00,1.41754,1.41827,1.4173,1.41807,2743,1,0
2025-02-21 03:00:00,1.41807,1.4188399999999999,1.4178899999999999,1.41864,3929,1,0
2025-02-21 04:00:00,1.41864,1.41865,1.41684,1.41715,4018,1,0
2025-02-21 05:00:00,1.41715,1.4176,1.41706,1.41716,3028,1,0
2025-02-21 06:00:00,1.41716,1.41747,1.4169100000000001,1.41739,2083,1,0
2025-02-21 07:00:00,1.41739,1.4181599999999999,1.41726,1.41791,2644,1,0
2025-02-21 08:00:00,1.41791,1.41843,1.41772,1.4182299999999999,3180,1,0
2025-02-21 09:00:00,1.4182299999999999,1.41948,1.41771,1.4185699999999999,2550,1,0
2025-02-21 10:00:00,1.4185699999999999,1.4194,1.418,1.41939,4024,1,0
2025-02-21 11:00:00,1.41939,1.41994,1.41894,1.4197,2555,1,0
2025-02-21 12:00:00,1.4197,1.41971,1.41899,1.41966,2009,1,0
2025-02-21 13:00:00,1.41966,1.41977,1.41901,1.41962,1817,1,0
2025-02-21 14:00:00,1.41962,1.42004,1.41912,1.41977,1584,1,0
2025-02-21 15:00:00,1.41977,1.41984,1.41737,1.41766,2452,1,0
2025-02-21 16:00:00,1.41766,1.41891,1.41679,1.41797,4023,1,0
2025-02-21 17:00:00,1.4179599999999999,1.42087,1.4179599999999999,1.42031,5246,1,0
2025-02-21 18:00:00,1.42031,1.42087,1.4197199999999999,1.41975,3148,1,0
2025-02-21 19:00:00,1.41975,1.422,1.41931,1.4218,3040,1,0
2025-02-21 20:00:00,1.4218,1.4230800000000001,1.42173,1.42258,3871,1,0
2025-02-21 21:00:00,1.42259,1.42352,1.4218600000000001,1.42295,3042,1,0
2025-02-21 22:00:00,1.42298,1.42322,1.42265,1.42287,2735,1,0
2025-02-21 23:00:00,1.42288,1.42362,1.42244,1.42251,1184,1,0
2025-02-24 00:00:00,1.4197899999999999,1.42236,1.4197899999999999,1.42214,1059,35,0
2025-02-24 01:00:00,1.42214,1.42227,1.42047,1.42109,2516,1,0
2025-02-24 02:00:00,1.42109,1.42134,1.41981,1.42007,3114,1,0
2025-02-24 03:00:00,1.42007,1.42082,1.41941,1.41964,4296,1,0
2025-02-24 04:00:00,1.41966,1.41974,1.4183,1.41871,4269,1,0
2025-02-24 05:00:00,1.41871,1.41891,1.41819,1.41859,3041,1,0
2025-02-24 06:00:00,1.41859,1.4193,1.41849,1.41921,2193,1,0
2025-02-24 07:00:00,1.41921,1.41956,1.41892,1.41941,2903,1,0
2025-02-24 08:00:00,1.41941,1.42004,1.4192,1.4193,2606,1,0
2025-02-24 09:00:00,1.4193,1.41989,1.41839,1.4193500000000001,3138,1,0
2025-02-24 10:00:00,1.4193500000000001,1.42124,1.41925,1.42017,3628,1,0
2025-02-24 11:00:00,1.42017,1.42165,1.41949,1.4212,2981,1,0
2025-02-24 12:00:00,1.4212,1.4218899999999999,1.42107,1.42142,2679,1,0
2025-02-24 13:00:00,1.42142,1.4221,1.42095,1.42141,2260,1,0
2025-02-24 14:00:00,1.42141,1.42194,1.42068,1.42123,1853,1,0
2025-02-24 15:00:00,1.42123,1.42235,1.4209399999999999,1.42167,2515,1,0
2025-02-24 16:00:00,1.42166,1.42448,1.42086,1.42447,4771,1,0
2025-02-24 17:00:00,1.42447,1.42447,1.4222299999999999,1.42355,6232,1,0
2025-02-24 18:00:00,1.42355,1.42398,1.422,1.42246,3541,1,0
2025-02-24 19:00:00,1.42246,1.42318,1.4215499999999999,1.42246,3279,1,0
2025-02-24 20:00:00,1.42246,1.4225400000000001,1.42071,1.42172,2323,1,0
2025-02-24 21:00:00,1.42171,1.4230800000000001,1.42131,1.42285,1913,1,0
2025-02-24 22:00:00,1.42285,1.42679,1.42253,1.42631,3944,1,0
2025-02-24 23:00:00,1.42631,1.42678,1.42568,1.42587,1333,1,0
2025-02-25 00:00:00,1.4256,1.42608,1.42477,1.42595,233,35,0
2025-02-25 01:00:00,1.42595,1.42794,1.42592,1.42781,1635,1,0
2025-02-25 02:00:00,1.42782,1.42794,1.42698,1.42712,3112,1,0
2025-02-25 03:00:00,1.4271099999999999,1.4271099999999999,1.42622,1.42631,3891,1,0
2025-02-25 04:00:00,1.42631,1.42662,1.42461,1.42462,3421,1,0
2025-02-25 05:00:00,1.42462,1.42532,1.4239899999999999,1.42496,3012,1,0
2025-02-25 06:00:00,1.42496,1.4252799999999999,1.42421,1.4252500000000001,2152,1,0
2025-02-25 07:00:00,1.42524,1.42538,1.4245,1.42452,2622,1,0
2025-02-25 08:00:00,1.42452,1.42595,1.42444,1.42539,2293,1,0
2025-02-25 09:00:00,1.42539,1.42709,1.42535,1.42694,3919,1,0
2025-02-25 10:00:00,1.42694,1.4274499999999999,1.42539,1.42605,4020,1,0
2025-02-25 11:00:00,1.42605,1.4267699999999999,1.42524,1.42676,3109,1,0
2025-02-25 12:00:00,1.42675,1.42718,1.42644,1.42679,2693,1,0
2025-02-25 13:00:00,1.42679,1.4268399999999999,1.42434,1.42472,2623,1,0
2025-02-25 14:00:00,1.42472,1.4268399999999999,1.42456,1.42663,3047,1,0
2025-02-25 15:00:00,1.42663,1.4269,1.42543,1.4262299999999999,3425,1,0
2025-02-25 16:00:00,1.4262299999999999,1.4268399999999999,1.42516,1.42653,4714,1,0
2025-02-25 17:00:00,1.42651,1.42956,1.42625,1.42944,7512,1,0
2025-02-25 18:00:00,1.42944,1.4313799999999999,1.42886,1.4301,5611,1,0
2025-02-25 19:00:00,1.4301,1.4316499999999999,1.42919,1.42929,3782,1,0
2025-02-25 20:00:00,1.4293,1.42944,1.42801,1.42927,3470,1,0
2025-02-25 21:00:00,1.42927,1.43032,1.42922,1.43027,3540,1,0
2025-02-25 22:00:00,1.43029,1.4313,1.42915,1.43127,3262,1,0
2025-02-25 23:00:00,1.43127,1.43176,1.43042,1.43175,1659,1,0
2025-02-26 00:00:00,1.43105,1.43143,1.43091,1.4311,231,35,0
2025-02-26 01:00:00,1.4311,1.43131,1.42995,1.43019,1852,1,0
2025-02-26 02:00:00,1.43018,1.43037,1.42942,1.43035,2844,1,0
2025-02-26 03:00:00,1.43035,1.4310800000000001,1.4298,1.43041,3734,1,0
2025-02-26 04:00:00,1.43042,1.43208,1.43022,1.43177,3322,1,0
2025-02-26 05:00:00,1.43177,1.43265,1.43157,1.4325,2633,1,0
2025-02-26 06:00:00,1.4325,1.43308,1.43212,1.4329399999999999,1821,1,0
2025-02-26 07:00:00,1.4329399999999999,1.43329,1.43248,1.43311,2784,1,0
2025-02-26 08:00:00,1.43311,1.43335,1.4326699999999999,1.43288,2247,1,0
2025-02-26 09:00:00,1.43288,1.433,1.4317,1.4329,3367,1,0
2025-02-26 10:00:00,1.4329,1.43324,1.43173,1.4324,3331,1,0
2025-02-26 11:00:00,1.4324,1.4333,1.43227,1.4332099999999999,2267,1,0
2025-02-26 12:00:00,1.4332,1.4344700000000001,1.43296,1.43438,2140,1,0
2025-02-26 13:00:00,1.43438,1.43449,1.43308,1.43425,2276,1,0
2025-02-26 14:00:00,1.43425,1.43509,1.4335200000000001,1.43499,2295,1,0
2025-02-26 15:00:00,1.43499,1.43573,1.43401,1.43518,3239,1,0
2025-02-26 16:00:00,1.43518,1.43553,1.4332,1.43375,4434,1,0
2025-02-26 17:00:00,1.4337900000000001,1.4350399999999999,1.43253,1.43494,5811,1,0
2025-02-26 18:00:00,1.43495,1.43521,1.43392,1.43484,4440,1,0
2025-02-26 19:00:00,1.43484,1.4365999999999999,1.42994,1.43178,7013,1,0
2025-02-26 20:00:00,1.43178,1.43407,1.43015,1.43353,4973,1,0
2025-02-26 21:00:00,1.43353,1.43401,1.43227,1.4334,3399,1,0
2025-02-26 22:00:00,1.43341,1.43476,1.4331800000000001,1.43432,2747,1,0
2025-02-26 23:00:00,1.43432,1.43685,1.43358,1.43361,2103,1,0
2025-02-27 00:00:00,1.43359,1.4339,1.43319,1.43361,178,27,0
2025-02-27 01:00:00,1.43361,1.43411,1.43354,1.43388,1218,1,0
2025-02-27 02:00:00,1.43388,1.4351,1.43388,1.43506,3223,1,0
2025-02-27 03:00:00,1.43506,1.43553,1.43432,1.4348,3805,1,0
2025-02-27 04:00:00,1.4348,1.43549,1.43449,1.43532,4250,1,0
2025-02-27 05:00:00,1.4353099999999999,1.4359600000000001,1.43493,1.43587,2690,1,0
2025-02-27 06:00:00,1.43587,1.43634,1.4357,1.4359,2655,1,0
2025-02-27 07:00:00,1.4359,1.43615,1.43539,1.43541,2510,1,0
2025-02-27 08:00:00,1.43541,1.43561,1.43503,1.4352,2871,1,0
2025-02-27 09:00:00,1.4352,1.43525,1.43343,1.4338899999999999,2923,1,0
2025-02-27 10:00:00,1.4338899999999999,1.43404,1.43261,1.43283,3265,1,0
2025-02-27 11:00:00,1.43283,1.43317,1.43222,1.43274,2824,1,0
2025-02-27 12:00:00,1.43273,1.43435,1.4325999999999999,1.4338,2378,1,0
2025-02-27 13:00:00,1.4337900000000001,1.43425,1.43286,1.43404,1959,1,0
2025-02-27 14:00:00,1.43404,1.43604,1.43338,1.43602,2305,1,0
2025-02-27 15:00:00,1.43602,1.44349,1.4353,1.44262,6285,1,0
2025-02-27 16:00:00,1.44261,1.44378,1.4403000000000001,1.44275,8154,1,0
2025-02-27 17:00:00,1.44275,1.44312,1.4408699999999999,1.4426999999999999,6937,1,0
2025-02-27 18:00:00,1.4426999999999999,1.4442599999999999,1.44126,1.44204,4146,1,0
2025-02-27 19:00:00,1.44204,1.44379,1.44161,1.44293,3137,1,0
2025-02-27 20:00:00,1.44293,1.44347,1.44195,1.4421300000000001,2409,1,0
2025-02-27 21:00:00,1.4421300000000001,1.44425,1.4419,1.44413,2904,1,0
2025-02-27 22:00:00,1.44413,1.44492,1.4436,1.44418,2980,1,0
2025-02-27 23:00:00,1.44422,1.44474,1.44345,1.44351,1450,1,0
2025-02-28 00:00:00,1.44308,1.4439,1.4429,1.4436499999999999,272,35,0
2025-02-28 01:00:00,1.4436499999999999,1.44477,1.44332,1.44469,1425,1,0
2025-02-28 02:00:00,1.44469,1.44469,1.44329,1.4437,3582,1,0
2025-02-28 03:00:00,1.4437,1.44454,1.4429400000000001,1.44439,4739,1,0
2025-02-28 04:00:00,1.4444,1.44519,1.44394,1.44515,4795,1,0
2025-02-28 05:00:00,1.44516,1.44528,1.44444,1.44467,3549,1,0
2025-02-28 06:00:00,1.44467,1.44501,1.44428,1.44479,2986,1,0
2025-02-28 07:00:00,1.44479,1.44488,1.44371,1.44404,2885,1,0
2025-02-28 08:00:00,1.44404,1.44477,1.44372,1.4444,3080,1,0
2025-02-28 09:00:00,1.44441,1.44529,1.44412,1.44424,3461,1,0
2025-02-28 10:00:00,1.44424,1.4451,1.44371,1.44384,3738,1,0
2025-02-28 11:00:00,1.44384,1.44385,1.44289,1.44375,3039,1,0
2025-02-28 12:00:00,1.44375,1.44402,1.4430399999999999,1.44391,2472,1,0
2025-02-28 13:00:00,1.44391,1.4441899999999999,1.44299,1.44302,2500,1,0
2025-02-28 14:00:00,1.44302,1.44415,1.44266,1.44378,2251,1,0
2025-02-28 15:00:00,1.44378,1.4439,1.44038,1.44154,4272,1,0
2025-02-28 16:00:00,1.4415499999999999,1.44483,1.44142,1.44448,5238,1,0
2025-02-28 17:00:00,1.44448,1.44478,1.43997,1.44029,6762,1,0
2025-02-28 18:00:00,1.44029,1.44366,1.44017,1.44343,6016,1,0
2025-02-28 19:00:00,1.44343,1.44421,1.44265,1.44395,4202,1,0
2025-02-28 20:00:00,1.44395,1.44605,1.4434,1.44591,5328,1,0
2025-02-28 21:00:00,1.44591,1.44626,1.44503,1.44591,3568,1,0
2025-02-28 22:00:00,1.44591,1.4469,1.4456,1.44642,2914,1,0
2025-02-28 23:00:00,1.44639,1.44715,1.44585,1.44594,1430,1,0
2025-03-03 00:00:00,1.4438,1.44482,1.44324,1.44428,633,35,0
2025-03-03 01:00:00,1.44428,1.44475,1.4435799999999999,1.4444,3116,1,0
2025-03-03 02:00:00,1.4444,1.4448699999999999,1.44341,1.4441,3715,1,0
2025-03-03 03:00:00,1.4441,1.44429,1.44305,1.44343,4151,1,0
2025-03-03 04:00:00,1.44343,1.44405,1.4430399999999999,1.44393,2819,1,0
2025-03-03 05:00:00,1.44394,1.44531,1.44384,1.4444,3466,1,0
2025-03-03 06:00:00,1.4444,1.44455,1.44361,1.4441,1894,1,0
2025-03-03 07:00:00,1.4441,1.44478,1.44404,1.44445,1777,1,0
2025-03-03 08:00:00,1.44445,1.44533,1.44434,1.4448699999999999,2309,1,0
2025-03-03 09:00:00,1.4448699999999999,1.4451100000000001,1.44344,1.44406,3123,1,0
2025-03-03 10:00:00,1.44406,1.4447,1.4433,1.44347,3582,1,0
2025-03-03 11:00:00,1.44347,1.44405,1.44253,1.44271,2800,1,0
2025-03-03 12:00:00,1.44272,1.44351,1.44217,1.44286,3377,1,0
2025-03-03 13:00:00,1.44287,1.4436499999999999,1.44244,1.44351,2602,1,0
2025-03-03 14:00:00,1.4435,1.444,1.44241,1.44281,3417,1,0
2025-03-03 15:00:00,1.44281,1.44348,1.4401,1.44115,4052,1,0
2025-03-03 16:00:00,1.44115,1.44161,1.43977,1.44088,4968,1,0
2025-03-03 17:00:00,1.44072,1.44187,1.43689,1.44016,5778,1,0
2025-03-03 18:00:00,1.44016,1.44104,1.43977,1.44007,4391,1,0
2025-03-03 19:00:00,1.44007,1.44191,1.4397,1.44132,3006,1,0
2025-03-03 20:00:00,1.44132,1.44542,1.44041,1.44441,4432,1,0
2025-03-03 21:00:00,1.44441,1.4500600000000001,1.44269,1.45,5044,1,0
2025-03-03 22:00:00,1.45,1.45419,1.44912,1.45086,9012,1,0
2025-03-03 23:00:00,1.45086,1.45099,1.44764,1.44771,2978,1,0
2025-03-04 00:00:00,1.44774,1.449,1.44745,1.4485999999999999,376,37,0
2025-03-04 01:00:00,1.4485999999999999,1.4496,1.44822,1.44946,1908,1,0
2025-03-04 02:00:00,1.44946,1.45046,1.44869,1.4488400000000001,3321,1,0
2025-03-04 03:00:00,1.44883,1.4497,1.44833,1.44934,5579,1,0
2025-03-04 04:00:00,1.44935,1.45003,1.44879,1.44988,4161,1,0
2025-03-04 05:00:00,1.44988,1.45062,1.44956,1.45032,3915,1,0
2025-03-04 06:00:00,1.45032,1.4511,1.44969,1.45106,3338,1,0
2025-03-04 07:00:00,1.45105,1.45214,1.44856,1.44922,4856,1,0
2025-03-04 08:00:00,1.44922,1.44946,1.44753,1.44807,3555,1,0
2025-03-04 09:00:00,1.44807,1.44935,1.44706,1.44864,4288,1,0
2025-03-04 10:00:00,1.44863,1.45031,1.44406,1.44507,5368,1,0
2025-03-04 11:00:00,1.44506,1.4451,1.44098,1.44254,3346,1,0
2025-03-04 12:00:00,1.44254,1.4445299999999999,1.4421300000000001,1.44288,3881,1,0
2025-03-04 13:00:00,1.44288,1.44354,1.44067,1.44083,3531,1,0
2025-03-04 14:00:00,1.44083,1.44271,1.44076,1.44271,4465,1,0
2025-03-04 15:00:00,1.44271,1.44599,1.44131,1.44483,6318,1,0
2025-03-04 16:00:00,1.44483,1.44868,1.4439199999999999,1.4485999999999999,7849,1,0
2025-03-04 17:00:00,1.44861,1.45025,1.44653,1.44984,8820,1,0
2025-03-04 18:00:00,1.4498199999999999,1.45179,1.44898,1.45166,6939,1,0
2025-03-04 19:00:00,1.45166,1.45428,1.45027,1.45281,6433,1,0
2025-03-04 20:00:00,1.45281,1.45419,1.45146,1.45152,7124,1,0
2025-03-04 21:00:00,1.45152,1.45161,1.4485299999999999,1.44883,4720,1,0
2025-03-04 22:00:00,1.44883,1.44886,1.44543,1.44748,5998,1,0
2025-03-04 23:00:00,1.44748,1.4478,1.4371,1.43915,5715,1,0
2025-03-05 00:00:00,1.43871,1.43925,1.4379,1.4390100000000001,414,50,0
2025-03-05 01:00:00,1.4390100000000001,1.44073,1.43836,1.4398900000000001,1650,1,0
2025-03-05 02:00:00,1.4398900000000001,1.44252,1.43979,1.44134,2891,1,0
2025-03-05 03:00:00,1.44134,1.44412,1.43998,1.44288,5245,1,0
2025-03-05 04:00:00,1.44286,1.44455,1.44202,1.4439899999999999,4335,1,0
2025-03-05 05:00:00,1.44404,1.44501,1.4423300000000001,1.44249,3878,1,0
2025-03-05 06:00:00,1.44249,1.44323,1.44199,1.44302,2223,1,0
2025-03-05 07:00:00,1.44302,1.44333,1.44208,1.44221,2537,1,0
2025-03-05 08:00:00,1.44221,1.44308,1.44162,1.44187,3525,1,0
2025-03-05 09:00:00,1.44187,1.44187,1.43893,1.4402,4969,1,0
2025-03-05 10:00:00,1.44021,1.44132,1.43835,1.43885,5094,1,0
2025-03-05 11:00:00,1.43885,1.4392800000000001,1.43771,1.43821,4510,1,0
2025-03-05 12:00:00,1.43822,1.43975,1.43797,1.43876,3247,1,0
2025-03-05 13:00:00,1.43876,1.43964,1.43776,1.4393799999999999,3126,1,0
2025-03-05 14:00:00,1.4393799999999999,1.44232,1.43815,1.44204,3321,1,0
2025-03-05 15:00:00,1.442,1.44343,1.4379,1.4380899999999999,7486,1,0
2025-03-05 16:00:00,1.4380899999999999,1.43864,1.43517,1.43524,8113,1,0
2025-03-05 17:00:00,1.43524,1.44066,1.43418,1.43953,10348,1,0
2025-03-05 18:00:00,1.43955,1.44197,1.43438,1.43789,7888,1,0
2025-03-05 19:00:00,1.43788,1.43918,1.43571,1.43574,6152,1,0
2025-03-05 20:00:00,1.43574,1.43773,1.43401,1.43549,6549,1,0
2025-03-05 21:00:00,1.43549,1.43571,1.4331,1.4336,4211,1,0
2025-03-05 22:00:00,1.43361,1.43417,1.43309,1.43415,3078,1,0
2025-03-05 23:00:00,1.43415,1.43459,1.43301,1.43422,1549,1,0
2025-03-06 00:00:00,1.43332,1.43377,1.4329100000000001,1.43302,194,36,0
2025-03-06 01:00:00,1.43302,1.43408,1.43296,1.43402,2970,1,0
2025-03-06 02:00:00,1.43402,1.43537,1.43354,1.43534,3468,1,0
2025-03-06 03:00:00,1.43534,1.43534,1.43128,1.43146,4551,1,0
2025-03-06 04:00:00,1.43146,1.43286,1.43095,1.4320300000000001,4106,1,0
2025-03-06 05:00:00,1.4320300000000001,1.4329100000000001,1.43192,1.43281,3443,1,0
2025-03-06 06:00:00,1.43281,1.43334,1.43241,1.43253,2803,1,0
2025-03-06 07:00:00,1.43253,1.4340899999999999,1.4325,1.43375,3576,1,0
2025-03-06 08:00:00,1.43375,1.4341,1.43283,1.43376,3871,1,0
2025-03-06 09:00:00,1.43376,1.4344999999999999,1.43258,1.43445,5237,1,0
2025-03-06 10:00:00,1.43446,1.4362599999999999,1.43421,1.43498,6218,1,0
2025-03-06 11:00:00,1.43498,1.4356200000000001,1.43398,1.43461,5236,1,0
2025-03-06 12:00:00,1.43462,1.4356900000000001,1.4341300000000001,1.4356499999999999,3876,1,0
2025-03-06 13:00:00,1.4356499999999999,1.43683,1.43564,1.43642,3652,1,0
2025-03-06 14:00:00,1.43641,1.43767,1.43611,1.43732,4251,1,0
2025-03-06 15:00:00,1.43731,1.43734,1.43517,1.43637,6255,1,0
2025-03-06 16:00:00,1.43637,1.43706,1.43403,1.43446,8066,1,0
2025-03-06 17:00:00,1.4344999999999999,1.43454,1.42618,1.42698,8727,1,0
2025-03-06 18:00:00,1.42698,1.4282,1.42392,1.42816,6797,1,0
2025-03-06 19:00:00,1.42815,1.43176,1.4271099999999999,1.43039,5706,1,0
2025-03-06 20:00:00,1.43039,1.43113,1.4295499999999999,1.43031,4246,1,0
2025-03-06 21:00:00,1.43031,1.43184,1.42837,1.43031,4190,1,0
2025-03-06 22:00:00,1.43031,1.43144,1.42943,1.4308100000000001,4184,1,0
2025-03-06 23:00:00,1.4308100000000001,1.43143,1.4292500000000001,1.42945,1690,1,0
2025-03-07 00:00:00,1.42937,1.4298600000000001,1.42829,1.42931,315,36,0
2025-03-07 01:00:00,1.42931,1.4296,1.42883,1.42937,1487,1,0
2025-03-07 02:00:00,1.42937,1.42994,1.42883,1.42964,2938,1,0
2025-03-07 03:00:00,1.42964,1.43063,1.42912,1.4301,3661,1,0
2025-03-07 04:00:00,1.4301,1.43068,1.42932,1.43003,3770,1,0
2025-03-07 05:00:00,1.43003,1.43114,1.43001,1.431,3342,1,0
2025-03-07 06:00:00,1.431,1.43105,1.43034,1.43042,2589,1,0
2025-03-07 07:00:00,1.43042,1.43134,1.43032,1.43127,3290,1,0
2025-03-07 08:00:00,1.43127,1.43197,1.43041,1.43049,3283,1,0
2025-03-07 09:00:00,1.43049,1.43134,1.42978,1.43036,3784,1,0
2025-03-07 10:00:00,1.43036,1.43054,1.4279600000000001,1.42957,4259,1,0
2025-03-07 11:00:00,1.42957,1.4301,1.4286400000000001,1.43,3464,1,0
2025-03-07 12:00:00,1.43,1.4315,1.42983,1.43144,2955,1,0
2025-03-07 13:00:00,1.43144,1.43205,1.43112,1.43184,2760,1,0
2025-03-07 14:00:00,1.43184,1.43441,1.43124,1.43367,3807,1,0
2025-03-07 15:00:00,1.43367,1.4371800000000001,1.43227,1.4371399999999999,7229,1,0
2025-03-07 16:00:00,1.4371399999999999,1.43769,1.43432,1.43496,8731,1,0
2025-03-07 17:00:00,1.43496,1.43674,1.4337,1.43619,8813,1,0
2025-03-07 18:00:00,1.4362,1.44013,1.43619,1.4387400000000001,6465,1,0
2025-03-07 19:00:00,1.43873,1.44264,1.4382,1.43914,7270,1,0
2025-03-07 20:00:00,1.43914,1.44072,1.43819,1.43831,5283,1,0
2025-03-07 21:00:00,1.43831,1.43846,1.43636,1.43656,4432,1,0
2025-03-07 22:00:00,1.43656,1.43751,1.4359600000000001,1.437,3218,1,0
2025-03-07 23:00:00,1.437,1.43831,1.43624,1.43711,1311,1,0
2025-03-10 00:00:00,1.4363299999999999,1.4386999999999999,1.43461,1.4378,1577,35,0
2025-03-10 01:00:00,1.4378,1.43832,1.43668,1.43758,2936,1,0
2025-03-10 02:00:00,1.43758,1.43819,1.4367,1.43735,2865,1,0
2025-03-10 03:00:00,1.43735,1.43789,1.43609,1.43637,3713,1,0
2025-03-10 04:00:00,1.43637,1.4365299999999999,1.43542,1.4362599999999999,3564,1,0
2025-03-10 05:00:00,1.4362599999999999,1.4368,1.43567,1.43665,2858,1,0
2025-03-10 06:00:00,1.43666,1.43703,1.43631,1.43672,2508,1,0
2025-03-10 07:00:00,1.43672,1.43675,1.4359899999999999,1.43666,1938,1,0
2025-03-10 08:00:00,1.43666,1.43693,1.43622,1.43661,2592,1,0
2025-03-10 09:00:00,1.43661,1.4368,1.43575,1.4365,3040,1,0
2025-03-10 10:00:00,1.43649,1.43705,1.43575,1.4359899999999999,4373,1,0
2025-03-10 11:00:00,1.43594,1.43824,1.43576,1.43803,6237,1,0
2025-03-10 12:00:00,1.43803,1.4381599999999999,1.43552,1.43582,5015,1,0
2025-03-10 13:00:00,1.43582,1.43868,1.43532,1.4386700000000001,4288,1,0
2025-03-10 14:00:00,1.4386700000000001,1.4395,1.43749,1.43947,5311,1,0
2025-03-10 15:00:00,1.43947,1.44239,1.43883,1.44181,5518,1,0
2025-03-10 16:00:00,1.4418,1.44289,1.44107,1.44212,7191,1,0
2025-03-10 17:00:00,1.4421,1.44346,1.44128,1.4417499999999999,7735,1,0
2025-03-10 18:00:00,1.4417499999999999,1.4432800000000001,1.4409399999999999,1.4431,5789,1,0
2025-03-10 19:00:00,1.4431,1.44409,1.4423300000000001,1.44336,4538,1,0
2025-03-10 20:00:00,1.44336,1.44473,1.44308,1.44466,4831,1,0
2025-03-10 21:00:00,1.44466,1.44688,1.44395,1.44638,4393,1,0
2025-03-10 22:00:00,1.44638,1.44727,1.44395,1.44403,4627,1,0
2025-03-10 23:00:00,1.44402,1.445,1.4435799999999999,1.44391,2277,1,0
2025-03-11 00:00:00,1.44344,1.44413,1.4428,1.44346,287,35,0
2025-03-11 01:00:00,1.44346,1.44425,1.4432800000000001,1.44424,1371,1,0
2025-03-11 02:00:00,1.44424,1.44424,1.44268,1.44271,2260,1,0
2025-03-11 03:00:00,1.44269,1.444,1.44205,1.4430100000000001,3519,1,0
2025-03-11 04:00:00,1.4430100000000001,1.44471,1.44251,1.44264,4835,1,0
2025-03-11 05:00:00,1.44264,1.44305,1.4417200000000001,1.44199,4350,1,0
2025-03-11 06:00:00,1.44199,1.44474,1.44162,1.44293,3870,1,0
2025-03-11 07:00:00,1.44293,1.44364,1.44245,1.44275,2406,1,0
2025-03-11 08:00:00,1.44275,1.44461,1.44275,1.44393,3310,1,0
2025-03-11 09:00:00,1.44393,1.4445999999999999,1.4429400000000001,1.44363,4556,1,0
2025-03-11 10:00:00,1.44363,1.44384,1.441,1.4414,5986,1,0
2025-03-11 11:00:00,1.4414,1.44252,1.44103,1.44161,6041,1,0
2025-03-11 12:00:00,1.44161,1.44262,1.44071,1.44092,4357,1,0
2025-03-11 13:00:00,1.44092,1.44204,1.44018,1.44062,3960,1,0
2025-03-11 14:00:00,1.44062,1.44141,1.4399199999999999,1.43995,4083,1,0
2025-03-11 15:00:00,1.43995,1.44133,1.43937,1.44133,5243,1,0
2025-03-11 16:00:00,1.44133,1.44184,1.44016,1.44146,6426,1,0
2025-03-11 17:00:00,1.4411399999999999,1.45195,1.44098,1.45159,12823,1,0
2025-03-11 18:00:00,1.45157,1.45213,1.44531,1.44635,10507,1,0
2025-03-11 19:00:00,1.44635,1.4488699999999999,1.44635,1.44833,6851,1,0
2025-03-11 20:00:00,1.44832,1.45047,1.448,1.44838,6534,1,0
2025-03-11 21:00:00,1.44838,1.44863,1.43946,1.4402,7736,1,0
2025-03-11 22:00:00,1.44021,1.44178,1.4379,1.4412099999999999,7071,1,0
2025-03-11 23:00:00,1.4412,1.44345,1.44055,1.44343,2170,1,0
2025-03-12 00:00:00,1.44343,1.44386,1.44275,1.44306,342,16,0
2025-03-12 01:00:00,1.44306,1.44332,1.44225,1.4427699999999999,1053,1,0
2025-03-12 02:00:00,1.4427699999999999,1.44356,1.44263,1.44356,2153,1,0
2025-03-12 03:00:00,1.44356,1.44394,1.44285,1.44292,2929,1,0
2025-03-12 04:00:00,1.44292,1.44385,1.44275,1.44367,3652,1,0
2025-03-12 05:00:00,1.44367,1.44438,1.44312,1.44424,2917,1,0
2025-03-12 06:00:00,1.44424,1.44497,1.44387,1.44492,2177,1,0
2025-03-12 07:00:00,1.44492,1.44513,1.44463,1.44501,1768,1,0
2025-03-12 08:00:00,1.445,1.4451399999999999,1.44393,1.44429,2212,1,0
2025-03-12 09:00:00,1.44428,1.4464000000000001,1.44421,1.4463599999999999,2863,1,0
2025-03-12 10:00:00,1.4463599999999999,1.44848,1.44485,1.4451399999999999,4594,1,0
2025-03-12 11:00:00,1.4451399999999999,1.44595,1.4433500000000001,1.44346,5518,1,0
2025-03-12 12:00:00,1.44346,1.44441,1.44322,1.44387,3668,1,0
2025-03-12 13:00:00,1.44387,1.44395,1.442,1.44222,2628,1,0
2025-03-12 14:00:00,1.44222,1.44239,1.44071,1.4412099999999999,2964,1,0
2025-03-12 15:00:00,1.4412099999999999,1.44204,1.43645,1.43968,8023,1,0
2025-03-12 16:00:00,1.43968,1.44305,1.43872,1.44164,8786,1,0
2025-03-12 17:00:00,1.44164,1.4425,1.43995,1.44055,7213,1,0
2025-03-12 18:00:00,1.44055,1.44097,1.43933,1.43977,5096,1,0
2025-03-12 19:00:00,1.43976,1.4402,1.43756,1.43887,4397,1,0
2025-03-12 20:00:00,1.43887,1.4393,1.43642,1.43862,4235,1,0
2025-03-12 21:00:00,1.43861,1.43869,1.43534,1.43636,4271,1,0
2025-03-12 22:00:00,1.43636,1.43828,1.43627,1.43766,4014,1,0
2025-03-12 23:00:00,1.43765,1.4378600000000001,1.43643,1.43704,1474,1,0
2025-03-13 00:00:00,1.43673,1.43703,1.4357,1.43655,201,35,0
2025-03-13 01:00:00,1.43655,1.4367,1.43639,1.43649,1509,1,0
2025-03-13 02:00:00,1.43649,1.4369,1.43591,1.43594,2153,1,0
2025-03-13 03:00:00,1.43594,1.43688,1.43593,1.4363000000000001,2404,1,0
2025-03-13 04:00:00,1.43629,1.43766,1.43606,1.43702,3306,1,0
2025-03-13 05:00:00,1.43702,1.43768,1.4365999999999999,1.4375200000000001,2726,1,0
2025-03-13 06:00:00,1.43753,1.43878,1.4375,1.4387699999999999,2391,1,0
2025-03-13 07:00:00,1.4387699999999999,1.43936,1.43842,1.43879,2531,1,0
2025-03-13 08:00:00,1.43879,1.4399,1.43879,1.43946,3109,1,0
2025-03-13 09:00:00,1.43946,1.44031,1.43933,1.4397,3505,1,0
2025-03-13 10:00:00,1.4397,1.44047,1.4392,1.43974,4131,1,0
2025-03-13 11:00:00,1.43975,1.44009,1.43796,1.43886,5766,1,0
2025-03-13 12:00:00,1.43886,1.43923,1.43686,1.43696,4054,1,0
2025-03-13 13:00:00,1.43697,1.4381,1.43668,1.43743,3220,1,0
2025-03-13 14:00:00,1.43743,1.43873,1.4371800000000001,1.4378199999999999,4125,1,0
2025-03-13 15:00:00,1.43783,1.4402300000000001,1.43648,1.43984,6847,1,0
2025-03-13 16:00:00,1.43984,1.44047,1.43788,1.43966,6957,1,0
2025-03-13 17:00:00,1.43964,1.44035,1.43802,1.43878,7846,1,0
2025-03-13 18:00:00,1.43878,1.44065,1.43852,1.4399199999999999,6981,1,0
2025-03-13 19:00:00,1.4399199999999999,1.44255,1.43966,1.44214,5374,1,0
2025-03-13 20:00:00,1.44214,1.44515,1.44194,1.445,4551,1,0
2025-03-13 21:00:00,1.445,1.44507,1.4422,1.44237,4108,1,0
2025-03-13 22:00:00,1.44237,1.44357,1.4419,1.44353,4025,1,0
2025-03-13 23:00:00,1.44352,1.4442599999999999,1.44286,1.4442300000000001,1782,1,0
2025-03-14 00:00:00,1.44361,1.44446,1.44256,1.44393,200,35,0
2025-03-14 01:00:00,1.44393,1.44415,1.4426,1.4426700000000001,1044,1,0
2025-03-14 02:00:00,1.4426700000000001,1.44316,1.44256,1.4427400000000001,1975,1,0
2025-03-14 03:00:00,1.4427400000000001,1.44371,1.44264,1.44322,2755,1,0
2025-03-14 04:00:00,1.44322,1.44412,1.44305,1.44359,3412,1,0
2025-03-14 05:00:00,1.44359,1.44417,1.4433,1.44367,2869,1,0
2025-03-14 06:00:00,1.44367,1.44371,1.4427400000000001,1.44276,3519,1,0
2025-03-14 07:00:00,1.4427699999999999,1.4436200000000001,1.44273,1.44293,2795,1,0
2025-03-14 08:00:00,1.44293,1.44354,1.4427400000000001,1.4429400000000001,2701,1,0
2025-03-14 09:00:00,1.4429400000000001,1.44321,1.44214,1.44265,2880,1,0
2025-03-14 10:00:00,1.4426700000000001,1.44285,1.4417499999999999,1.44222,4123,1,0
2025-03-14 11:00:00,1.44223,1.4429,1.44124,1.44141,4048,1,0
2025-03-14 12:00:00,1.44142,1.44237,1.44109,1.4420600000000001,3511,1,0
2025-03-14 13:00:00,1.4420600000000001,1.44339,1.44115,1.44186,5353,1,0
2025-03-14 14:00:00,1.44184,1.44367,1.44174,1.44193,5085,1,0
2025-03-14 15:00:00,1.44192,1.44245,1.4405299999999999,1.4409,4675,1,0
2025-03-14 16:00:00,1.4409,1.44133,1.43849,1.43893,5982,1,0
2025-03-14 17:00:00,1.43891,1.44021,1.43765,1.43902,8043,1,0
2025-03-14 18:00:00,1.43902,1.43988,1.43777,1.43788,5928,1,0
2025-03-14 19:00:00,1.43788,1.43947,1.43702,1.43742,4923,1,0
2025-03-14 20:00:00,1.43743,1.43849,1.4369,1.43767,3882,1,0
2025-03-14 21:00:00,1.43767,1.43796,1.43654,1.43744,2708,1,0
2025-03-14 22:00:00,1.43744,1.43781,1.43581,1.4363299999999999,2130,1,0
2025-03-14 23:00:00,1.4363299999999999,1.4365700000000001,1.43555,1.43637,1619,1,0
2025-03-17 00:00:00,1.43762,1.43762,1.43551,1.43643,431,42,0
2025-03-17 01:00:00,1.43643,1.4371,1.43583,1.43643,2583,1,0
2025-03-17 02:00:00,1.43643,1.43739,1.43607,1.43739,1940,1,0
2025-03-17 03:00:00,1.43739,1.43747,1.43652,1.43703,2918,1,0
2025-03-17 04:00:00,1.43703,1.43778,1.43673,1.4374500000000001,3252,1,0
2025-03-17 05:00:00,1.4374500000000001,1.43787,1.4372500000000001,1.4374799999999999,2413,1,0
2025-03-17 06:00:00,1.4374799999999999,1.43787,1.43728,1.4374799999999999,2122,1,0
2025-03-17 07:00:00,1.4374799999999999,1.43768,1.43661,1.43736,2351,1,0
2025-03-17 08:00:00,1.43736,1.43795,1.43723,1.43764,2142,1,0
2025-03-17 09:00:00,1.43764,1.43807,1.4365,1.43652,2556,1,0
2025-03-17 10:00:00,1.43652,1.43717,1.43602,1.43632,3608,1,0
2025-03-17 11:00:00,1.43632,1.43705,1.4361,1.4363000000000001,3696,1,0
2025-03-17 12:00:00,1.4363000000000001,1.43642,1.43546,1.43576,3076,1,0
2025-03-17 13:00:00,1.43576,1.43591,1.43473,1.43527,2709,1,0
2025-03-17 14:00:00,1.4352800000000001,1.43573,1.43472,1.43482,2420,1,0
2025-03-17 15:00:00,1.43482,1.43514,1.43384,1.43398,4039,1,0
2025-03-17 16:00:00,1.43398,1.4346,1.43057,1.43155,5129,1,0
2025-03-17 17:00:00,1.43155,1.43278,1.43133,1.43147,4862,1,0
2025-03-17 18:00:00,1.43146,1.43185,1.42897,1.42996,4542,1,0
2025-03-17 19:00:00,1.42996,1.43025,1.42827,1.42936,3121,1,0
2025-03-17 20:00:00,1.42936,1.42945,1.42824,1.4285700000000001,2533,1,0
2025-03-17 21:00:00,1.4285700000000001,1.42871,1.42756,1.42828,2409,1,0
2025-03-17 22:00:00,1.42828,1.42868,1.42805,1.42836,1909,1,0
2025-03-17 23:00:00,1.42836,1.42919,1.42827,1.42854,1583,1,0
2025-03-18 00:00:00,1.42847,1.42903,1.42794,1.4286400000000001,283,35,0
2025-03-18 01:00:00,1.4286400000000001,1.42936,1.42845,1.42927,999,1,0
2025-03-18 02:00:00,1.42927,1.43001,1.42908,1.42987,1326,1,0
2025-03-18 03:00:00,1.42988,1.42988,1.42914,1.42946,2463,1,0
2025-03-18 04:00:00,1.42946,1.4297900000000001,1.42889,1.42978,2373,1,0
2025-03-18 05:00:00,1.42978,1.43051,1.4294799999999999,1.43038,2330,1,0
2025-03-18 06:00:00,1.43038,1.43078,1.43026,1.43055,1951,1,0
2025-03-18 07:00:00,1.43055,1.43068,1.4301599999999999,1.43031,1830,1,0
2025-03-18 08:00:00,1.43031,1.43061,1.43015,1.43052,1801,1,0
2025-03-18 09:00:00,1.43052,1.4307699999999999,1.42929,1.42942,1911,1,0
2025-03-18 10:00:00,1.42942,1.42995,1.42914,1.42938,2610,1,0
2025-03-18 11:00:00,1.42938,1.42946,1.42724,1.4278,3035,1,0
2025-03-18 12:00:00,1.42779,1.4284,1.42756,1.42825,2813,1,0
2025-03-18 13:00:00,1.42825,1.42985,1.42811,1.42949,2791,1,0
2025-03-18 14:00:00,1.42949,1.4295,1.4283000000000001,1.42875,2618,1,0
2025-03-18 15:00:00,1.42875,1.42956,1.42529,1.42903,4204,1,0
2025-03-18 16:00:00,1.42903,1.42957,1.42714,1.42892,5324,1,0
2025-03-18 17:00:00,1.42892,1.43091,1.42854,1.4308,6309,1,0
2025-03-18 18:00:00,1.43078,1.43189,1.43022,1.43123,6093,1,0
2025-03-18 19:00:00,1.43124,1.43195,1.43022,1.43096,4112,1,0
2025-03-18 20:00:00,1.43096,1.4319,1.43022,1.43036,4108,1,0
2025-03-18 21:00:00,1.43036,1.4313799999999999,1.43027,1.43031,2671,1,0
2025-03-18 22:00:00,1.4303,1.43069,1.4292500000000001,1.42956,2218,1,0
2025-03-18 23:00:00,1.4295499999999999,1.43032,1.42923,1.4297,1618,1,0
2025-03-19 00:00:00,1.429,1.42988,1.42812,1.42987,340,43,0
2025-03-19 01:00:00,1.42987,1.43011,1.42963,1.4298199999999999,958,1,0
2025-03-19 02:00:00,1.4298199999999999,1.4301300000000001,1.42961,1.43002,1547,1,0
2025-03-19 03:00:00,1.43002,1.43024,1.42958,1.42983,2179,1,0
2025-03-19 04:00:00,1.42983,1.43063,1.42981,1.43061,2039,1,0
2025-03-19 05:00:00,1.43061,1.43089,1.43023,1.43064,2102,1,0
2025-03-19 06:00:00,1.43064,1.43133,1.43034,1.43099,1724,1,0
2025-03-19 07:00:00,1.43099,1.43123,1.4308100000000001,1.4310399999999999,1349,1,0
2025-03-19 08:00:00,1.4310399999999999,1.43122,1.4307699999999999,1.43105,1518,1,0
2025-03-19 09:00:00,1.43105,1.4317199999999999,1.43075,1.43153,1882,1,0
2025-03-19 10:00:00,1.43153,1.43315,1.43145,1.4327,4966,1,0
2025-03-19 11:00:00,1.4327,1.4327,1.43082,1.43225,4490,1,0
2025-03-19 12:00:00,1.43225,1.4329,1.4319,1.4323299999999999,3178,1,0
2025-03-19 13:00:00,1.4323299999999999,1.43351,1.4322,1.43277,2657,1,0
2025-03-19 14:00:00,1.43277,1.43299,1.43159,1.43194,2487,1,0
2025-03-19 15:00:00,1.43194,1.43251,1.43149,1.43234,3259,1,0
2025-03-19 16:00:00,1.4323299999999999,1.43254,1.43098,1.43174,3931,1,0
2025-03-19 17:00:00,1.4317199999999999,1.43292,1.4311099999999999,1.4325999999999999,3815,1,0
2025-03-19 18:00:00,1.4325999999999999,1.43378,1.43224,1.43296,3472,1,0
2025-03-19 19:00:00,1.43296,1.4332799999999999,1.43246,1.43317,2831,1,0
2025-03-19 20:00:00,1.43317,1.4349,1.43306,1.43312,3118,1,0
2025-03-19 21:00:00,1.43323,1.43425,1.43096,1.43106,8319,1,0
2025-03-19 22:00:00,1.43112,1.43332,1.43082,1.43247,6110,1,0
2025-03-19 23:00:00,1.43247,1.4331,1.43176,1.43262,1456,1,0
2025-03-20 00:00:00,1.43247,1.43255,1.43166,1.4317199999999999,497,24,0
2025-03-20 01:00:00,1.4317199999999999,1.43229,1.43154,1.43218,1079,1,0
2025-03-20 02:00:00,1.43218,1.43241,1.43177,1.43232,1986,1,0
2025-03-20 03:00:00,1.43232,1.43334,1.43176,1.43229,3158,1,0
2025-03-20 04:00:00,1.43229,1.4335499999999999,1.43227,1.43341,3100,1,0
2025-03-20 05:00:00,1.43341,1.43347,1.43229,1.4329,3159,1,0
2025-03-20 06:00:00,1.4329,1.43301,1.4320599999999999,1.43246,2060,1,0
2025-03-20 07:00:00,1.43246,1.43302,1.43204,1.433,1778,1,0
2025-03-20 08:00:00,1.433,1.43396,1.43299,1.43335,1846,1,0
2025-03-20 09:00:00,1.43335,1.43424,1.43322,1.43403,2075,1,0
2025-03-20 10:00:00,1.43403,1.43494,1.4338899999999999,1.4341,2999,1,0
2025-03-20 11:00:00,1.4341,1.43556,1.43402,1.43543,3075,1,0
2025-03-20 12:00:00,1.43543,1.43762,1.43514,1.43738,3608,1,0
2025-03-20 13:00:00,1.43738,1.43909,1.4369100000000001,1.4377,4746,1,0
2025-03-20 14:00:00,1.43771,1.4386,1.43741,1.43756,2921,1,0
2025-03-20 15:00:00,1.4375499999999999,1.43886,1.43706,1.43854,3821,1,0
2025-03-20 16:00:00,1.43854,1.44015,1.43709,1.43723,5253,1,0
2025-03-20 17:00:00,1.4372500000000001,1.4372500000000001,1.43518,1.43553,5355,1,0
2025-03-20 18:00:00,1.43553,1.43598,1.43274,1.43279,4092,1,0
2025-03-20 19:00:00,1.43279,1.43364,1.43179,1.43333,3954,1,0
2025-03-20 20:00:00,1.43333,1.43365,1.43221,1.43272,2816,1,0
2025-03-20 21:00:00,1.43272,1.43322,1.43192,1.43288,2435,1,0
2025-03-20 22:00:00,1.43288,1.43288,1.43129,1.43159,2514,1,0
2025-03-20 23:00:00,1.43159,1.43297,1.43152,1.43221,1405,1,0
2025-03-21 00:00:00,1.43213,1.43238,1.4317,1.43238,337,44,0
2025-03-21 01:00:00,1.43238,1.43253,1.432,1.4324,1331,1,0
2025-03-21 02:00:00,1.4324,1.43266,1.43213,1.4325,1482,1,0
2025-03-21 03:00:00,1.4325,1.43253,1.4317199999999999,1.43211,2356,1,0
2025-03-21 04:00:00,1.43211,1.43289,1.4315,1.43159,2813,1,0
2025-03-21 05:00:00,1.43159,1.43221,1.43146,1.43211,2339,1,0
2025-03-21 06:00:00,1.43211,1.4329100000000001,1.43198,1.43274,2009,1,0
2025-03-21 07:00:00,1.43274,1.43341,1.4325,1.43326,1660,1,0
2025-03-21 08:00:00,1.43326,1.43441,1.43302,1.43339,2241,1,0
2025-03-21 09:00:00,1.43339,1.43347,1.4322,1.43222,2447,1,0
2025-03-21 10:00:00,1.43222,1.43277,1.43178,1.43224,2968,1,0
2025-03-21 11:00:00,1.43225,1.4335200000000001,1.4313799999999999,1.43297,3509,1,0
2025-03-21 12:00:00,1.43297,1.43391,1.43274,1.43387,2566,1,0
2025-03-21 13:00:00,1.43387,1.4338899999999999,1.43275,1.43283,2591,1,0
2025-03-21 14:00:00,1.43283,1.4344700000000001,1.43283,1.4338,2654,1,0
2025-03-21 15:00:00,1.4338,1.43578,1.4332,1.43577,4205,1,0
2025-03-21 16:00:00,1.43577,1.43731,1.43515,1.43536,5554,1,0
2025-03-21 17:00:00,1.4353500000000001,1.43627,1.4340600000000001,1.43422,4981,1,0
2025-03-21 18:00:00,1.43422,1.43665,1.43367,1.43579,4195,1,0
2025-03-21 19:00:00,1.43579,1.43607,1.43394,1.4340600000000001,4215,1,0
2025-03-21 20:00:00,1.4340600000000001,1.4350399999999999,1.43323,1.43397,2961,1,0
2025-03-21 21:00:00,1.43397,1.43522,1.43383,1.43468,2563,1,0
2025-03-21 22:00:00,1.43469,1.43509,1.43405,1.43424,2382,1,0
2025-03-21 23:00:00,1.43424,1.43516,1.43377,1.43469,1010,1,0
2025-03-24 00:00:00,1.435,1.435,1.43367,1.43414,400,39,0
2025-03-24 01:00:00,1.43414,1.43424,1.43283,1.4339,1755,1,0
2025-03-24 02:00:00,1.4339,1.43397,1.43308,1.43337,1795,1,0
2025-03-24 03:00:00,1.43337,1.43358,1.4326699999999999,1.43323,1942,1,0
2025-03-24 04:00:00,1.43323,1.43411,1.43314,1.43393,3078,1,0
2025-03-24 05:00:00,1.43393,1.43466,1.4337,1.43457,2176,1,0
2025-03-24 06:00:00,1.43457,1.43489,1.4340600000000001,1.4347400000000001,1885,1,0
2025-03-24 07:00:00,1.4347400000000001,1.4351,1.43435,1.43446,1407,1,0
2025-03-24 08:00:00,1.43446,1.43487,1.43433,1.43448,1776,1,0
2025-03-24 09:00:00,1.43448,1.43452,1.43343,1.43376,2394,1,0
2025-03-24 10:00:00,1.43376,1.43384,1.43265,1.43316,2656,1,0
2025-03-24 11:00:00,1.43316,1.4338899999999999,1.43258,1.43342,3517,1,0
2025-03-24 12:00:00,1.43342,1.43388,1.43253,1.43293,2774,1,0
2025-03-24 13:00:00,1.43293,1.43308,1.4318,1.43216,2247,1,0
2025-03-24 14:00:00,1.43216,1.43261,1.43152,1.43261,1925,1,0
2025-03-24 15:00:00,1.43261,1.43465,1.43261,1.43358,3601,1,0
2025-03-24 16:00:00,1.43358,1.43442,1.4315,1.4329399999999999,4662,1,0
2025-03-24 17:00:00,1.43295,1.43313,1.4297900000000001,1.43071,5296,1,0
2025-03-24 18:00:00,1.43071,1.43192,1.42895,1.42935,4336,1,0
2025-03-24 19:00:00,1.42936,1.4319899999999999,1.42923,1.43171,4151,1,0
2025-03-24 20:00:00,1.43171,1.43277,1.4314200000000001,1.43143,3218,1,0
2025-03-24 21:00:00,1.43143,1.43256,1.43069,1.43151,3877,1,0
2025-03-24 22:00:00,1.43152,1.43237,1.43105,1.43176,2451,1,0
2025-03-24 23:00:00,1.43176,1.4320599999999999,1.43095,1.43184,1227,1,0
2025-03-25 00:00:00,1.43125,1.43178,1.43033,1.43159,195,39,0
2025-03-25 01:00:00,1.43159,1.43236,1.43153,1.43188,1244,1,0
2025-03-25 02:00:00,1.43188,1.43195,1.43155,1.43167,1635,1,0
2025-03-25 03:00:00,1.43167,1.43273,1.4316,1.4321,1917,1,0
2025-03-25 04:00:00,1.4321,1.43213,1.4311,1.43166,2550,1,0
2025-03-25 05:00:00,1.43166,1.43231,1.4316200000000001,1.43209,2268,1,0
2025-03-25 06:00:00,1.43209,1.43217,1.4316900000000001,1.43176,1728,1,0
2025-03-25 07:00:00,1.43175,1.43243,1.4316,1.43243,1610,1,0
2025-03-25 08:00:00,1.43242,1.43244,1.43159,1.43181,1660,1,0
2025-03-25 09:00:00,1.43181,1.4328699999999999,1.4318,1.43278,1913,1,0
2025-03-25 10:00:00,1.43278,1.4332099999999999,1.43198,1.43243,2903,1,0
2025-03-25 11:00:00,1.43243,1.4332799999999999,1.4317199999999999,1.43249,3721,1,0
2025-03-25 12:00:00,1.43249,1.43271,1.43159,1.43179,3103,1,0
2025-03-25 13:00:00,1.43179,1.43188,1.42883,1.42889,3156,1,0
2025-03-25 14:00:00,1.4289100000000001,1.42937,1.42809,1.4285700000000001,2901,1,0
2025-03-25 15:00:00,1.42856,1.42927,1.42805,1.42808,2817,1,0
2025-03-25 16:00:00,1.42809,1.4292,1.4271,1.42886,3872,1,0
2025-03-25 17:00:00,1.42883,1.4314,1.42862,1.43012,4918,1,0
2025-03-25 18:00:00,1.43012,1.43122,1.42987,1.43088,3815,1,0
2025-03-25 19:00:00,1.43088,1.43094,1.42984,1.43003,2687,1,0
2025-03-25 20:00:00,1.43,1.43062,1.42954,1.42978,2118,1,0
2025-03-25 21:00:00,1.4298,1.43086,1.4289,1.42974,2594,1,0
2025-03-25 22:00:00,1.42974,1.4298899999999999,1.42793,1.42794,2831,1,0
2025-03-25 23:00:00,1.42795,1.42866,1.42726,1.42766,1447,1,0
2025-03-26 00:00:00,1.42737,1.428,1.42689,1.42794,646,35,0
2025-03-26 01:00:00,1.42794,1.42827,1.4274200000000001,1.42747,1443,1,0
2025-03-26 02:00:00,1.42747,1.42786,1.4273,1.42732,1435,1,0
2025-03-26 03:00:00,1.42732,1.42875,1.42722,1.42869,2443,1,0
2025-03-26 04:00:00,1.42869,1.42985,1.42743,1.42754,3429,1,0
2025-03-26 05:00:00,1.42754,1.42805,1.42724,1.42727,2196,1,0
2025-03-26 06:00:00,1.42727,1.42759,1.42702,1.42744,2153,1,0
2025-03-26 07:00:00,1.42744,1.42795,1.42734,1.42746,1592,1,0
2025-03-26 08:00:00,1.42746,1.42781,1.42706,1.42746,2231,1,0
2025-03-26 09:00:00,1.42746,1.42779,1.42619,1.42626,2070,1,0
2025-03-26 10:00:00,1.42626,1.42658,1.42471,1.42505,3283,1,0
2025-03-26 11:00:00,1.42505,1.4258600000000001,1.42463,1.42514,3510,1,0
2025-03-26 12:00:00,1.42514,1.42549,1.42472,1.42532,2730,1,0
2025-03-26 13:00:00,1.42532,1.42564,1.4245,1.42458,2354,1,0
2025-03-26 14:00:00,1.42458,1.42556,1.42455,1.42544,2288,1,0
2025-03-26 15:00:00,1.42544,1.42722,1.42517,1.42683,3352,1,0
2025-03-26 16:00:00,1.42676,1.42705,1.4241,1.42515,3965,0,0
2025-03-26 17:00:00,1.42515,1.4261599999999999,1.42482,1.42519,4318,0,0
2025-03-26 18:00:00,1.42519,1.42652,1.42351,1.42558,4188,0,0
2025-03-26 19:00:00,1.42558,1.42712,1.4255200000000001,1.42658,3167,1,0
2025-03-26 20:00:00,1.42658,1.42966,1.42638,1.42861,4676,1,0
2025-03-26 21:00:00,1.42861,1.42949,1.42761,1.42883,2575,1,0
2025-03-26 22:00:00,1.42883,1.42975,1.42811,1.42822,2692,1,0
2025-03-26 23:00:00,1.42821,1.42853,1.42632,1.42686,1276,1,0
2025-03-27 00:00:00,1.42656,1.43029,1.4261300000000001,1.43029,284,1,0
2025-03-27 01:00:00,1.43034,1.4316,1.42749,1.43037,3154,1,0
2025-03-27 02:00:00,1.43037,1.43102,1.42943,1.4296,2121,1,0
2025-03-27 03:00:00,1.42961,1.4297900000000001,1.42842,1.42871,2535,1,0
2025-03-27 04:00:00,1.42871,1.42874,1.4277,1.42808,2746,1,0
2025-03-27 05:00:00,1.42808,1.42808,1.42633,1.42678,2211,1,0
2025-03-27 06:00:00,1.42678,1.42702,1.42625,1.42668,1490,1,0
2025-03-27 07:00:00,1.42669,1.42679,1.42594,1.42654,1538,1,0
2025-03-27 08:00:00,1.42654,1.42809,1.42626,1.4275,2024,1,0
2025-03-27 09:00:00,1.42751,1.42758,1.42649,1.42734,2281,1,0
2025-03-27 10:00:00,1.42734,1.42977,1.4272,1.42977,3620,1,0
2025-03-27 11:00:00,1.42977,1.43059,1.42835,1.42835,4345,1,0
2025-03-27 12:00:00,1.42836,1.42919,1.42785,1.42865,2556,1,0
2025-03-27 13:00:00,1.42865,1.4296,1.42855,1.42926,2726,1,0
2025-03-27 14:00:00,1.42926,1.4293,1.42759,1.42764,2949,1,0
2025-03-27 15:00:00,1.42764,1.4298,1.42759,1.42971,3303,1,0
2025-03-27 16:00:00,1.42971,1.4329100000000001,1.4296,1.43133,5849,1,0
2025-03-27 17:00:00,1.43131,1.4328400000000001,1.4304299999999999,1.43122,5302,0,0
2025-03-27 18:00:00,1.43122,1.43239,1.42923,1.43184,6051,1,0
2025-03-27 19:00:00,1.43183,1.43211,1.43072,1.43155,4232,1,0
2025-03-27 20:00:00,1.43153,1.4319600000000001,1.42996,1.43155,3528,1,0
2025-03-27 21:00:00,1.43155,1.43215,1.43017,1.432,2575,1,0
2025-03-27 22:00:00,1.43201,1.43201,1.43032,1.43107,2392,1,0
2025-03-27 23:00:00,1.4311099999999999,1.43112,1.4302000000000001,1.43048,844,1,0
2025-03-28 00:00:00,1.4304999999999999,1.43114,1.42975,1.43053,180,11,0
2025-03-28 01:00:00,1.43071,1.43134,1.4307,1.43099,518,1,0
2025-03-28 02:00:00,1.43099,1.43118,1.43071,1.43073,705,1,0
2025-03-28 03:00:00,1.43073,1.43158,1.43071,1.43106,1519,1,0
2025-03-28 04:00:00,1.43106,1.43157,1.43102,1.43144,1629,1,0
2025-03-28 05:00:00,1.43145,1.43147,1.43083,1.4311,1704,1,0
2025-03-28 06:00:00,1.4311,1.43137,1.4308,1.43123,1352,1,0
2025-03-28 07:00:00,1.43123,1.43144,1.43095,1.43133,1314,1,0
2025-03-28 08:00:00,1.43133,1.43155,1.43105,1.43115,1241,1,0
2025-03-28 09:00:00,1.43116,1.43229,1.43105,1.43225,1325,1,0
2025-03-28 10:00:00,1.43225,1.43293,1.43183,1.43285,2313,1,0
2025-03-28 11:00:00,1.43285,1.43326,1.43194,1.43214,2994,1,0
2025-03-28 12:00:00,1.43213,1.43292,1.43189,1.4325999999999999,2225,1,0
2025-03-28 13:00:00,1.4325700000000001,1.43311,1.4321,1.43311,1809,1,0
2025-03-28 14:00:00,1.43311,1.43333,1.43193,1.4320300000000001,1831,1,0
2025-03-28 15:00:00,1.4320300000000001,1.4322300000000001,1.43085,1.43114,3722,1,0
2025-03-28 16:00:00,1.43113,1.43175,1.429,1.43099,5916,1,0
2025-03-28 17:00:00,1.431,1.4325,1.43008,1.43231,6323,0,0
2025-03-28 18:00:00,1.43231,1.43265,1.42768,1.4284,5723,0,0
2025-03-28 19:00:00,1.4284,1.42953,1.42763,1.42934,3717,1,0
2025-03-28 20:00:00,1.42934,1.43178,1.42924,1.43051,4005,1,0
2025-03-28 21:00:00,1.43051,1.43213,1.43012,1.4316200000000001,3210,0,0
2025-03-28 22:00:00,1.4316200000000001,1.43242,1.4313500000000001,1.4316200000000001,3081,1,0
2025-03-28 23:00:00,1.4316200000000001,1.4323299999999999,1.43091,1.43146,1187,1,0
2025-03-31 00:00:00,1.43014,1.43145,1.42932,1.43113,2305,7,0
2025-03-31 01:00:00,1.43113,1.43289,1.4310800000000001,1.43189,2096,1,0
2025-03-31 02:00:00,1.43189,1.43249,1.43089,1.43098,2345,1,0
2025-03-31 03:00:00,1.43098,1.43163,1.43055,1.43088,2177,1,0
2025-03-31 04:00:00,1.43087,1.43117,1.42992,1.43102,1891,1,0
2025-03-31 05:00:00,1.43102,1.43155,1.43058,1.43122,1874,1,0
2025-03-31 06:00:00,1.43122,1.43187,1.43115,1.4318,1570,1,0
2025-03-31 07:00:00,1.43182,1.43204,1.43152,1.43157,888,1,0
2025-03-31 08:00:00,1.43157,1.43175,1.43094,1.43121,1881,1,0
2025-03-31 09:00:00,1.43121,1.4326400000000001,1.43114,1.43248,2268,1,0
2025-03-31 10:00:00,1.43248,1.43438,1.43183,1.4338199999999999,3722,1,0
2025-03-31 11:00:00,1.4338199999999999,1.43487,1.43366,1.43482,2810,1,0
2025-03-31 12:00:00,1.43483,1.4353500000000001,1.43412,1.43527,2234,0,0
2025-03-31 13:00:00,1.43527,1.43614,1.43526,1.43584,2496,0,0
2025-03-31 14:00:00,1.43584,1.43584,1.43429,1.43521,2251,1,0
2025-03-31 15:00:00,1.43521,1.43811,1.43521,1.4378600000000001,3155,1,0
2025-03-31 16:00:00,1.4378600000000001,1.43889,1.43605,1.43778,4976,0,0
2025-03-31 17:00:00,1.43778,1.4395,1.43699,1.43936,6636,0,0
2025-03-31 18:00:00,1.43936,1.43954,1.4369399999999999,1.43799,6097,1,0
2025-03-31 19:00:00,1.43799,1.4384000000000001,1.4365700000000001,1.43758,4048,0,0
2025-03-31 20:00:00,1.43758,1.43879,1.43732,1.43879,2854,1,0
2025-03-31 21:00:00,1.43879,1.43894,1.43716,1.43761,3088,1,0
2025-03-31 22:00:00,1.43759,1.43903,1.43715,1.43886,3418,1,0
2025-03-31 23:00:00,1.43886,1.43961,1.43844,1.4389,1276,1,0
2025-04-01 00:00:00,1.43868,1.439,1.43812,1.43845,146,5,0
2025-04-01 01:00:00,1.43845,1.4392,1.43839,1.43909,1160,1,0
2025-04-01 02:00:00,1.43909,1.43963,1.43895,1.4390800000000001,1241,1,0
2025-04-01 03:00:00,1.4390800000000001,1.43959,1.43876,1.43913,2087,1,0
2025-04-01 04:00:00,1.43913,1.44005,1.43903,1.4392,2490,1,0
2025-04-01 05:00:00,1.4392,1.43925,1.438,1.43815,1889,1,0
2025-04-01 06:00:00,1.4381599999999999,1.43845,1.43769,1.43814,2166,1,0
2025-04-01 07:00:00,1.43814,1.43835,1.43729,1.43739,1558,1,0
2025-04-01 08:00:00,1.43739,1.4390800000000001,1.43734,1.43907,1508,1,0
2025-04-01 09:00:00,1.43907,1.43978,1.4384299999999999,1.43884,2779,1,0
2025-04-01 10:00:00,1.43884,1.44029,1.43884,1.44011,3376,1,0
2025-04-01 11:00:00,1.44011,1.44038,1.43817,1.43817,2373,1,0
2025-04-01 12:00:00,1.43818,1.43819,1.43666,1.43681,2282,1,0
2025-04-01 13:00:00,1.43681,1.4388,1.43679,1.43825,3782,1,0
2025-04-01 14:00:00,1.43825,1.44044,1.43812,1.4394,3254,1,0
2025-04-01 15:00:00,1.4394,1.44012,1.43859,1.43951,3240,1,0
2025-04-01 16:00:00,1.43951,1.4415200000000001,1.43896,1.43988,4892,1,0
2025-04-01 17:00:00,1.4401,1.44088,1.43091,1.43299,8590,0,0
2025-04-01 18:00:00,1.43299,1.43319,1.43057,1.43174,6981,1,0
2025-04-01 19:00:00,1.43174,1.43361,1.431,1.4320599999999999,5254,0,0
2025-04-01 20:00:00,1.4320599999999999,1.43306,1.43171,1.43274,4207,0,0
2025-04-01 21:00:00,1.43273,1.43439,1.43271,1.43353,3739,1,0
2025-04-01 22:00:00,1.43353,1.43356,1.43079,1.4308,4346,1,0
2025-04-01 23:00:00,1.4308,1.43151,1.42977,1.43037,1498,1,0
2025-04-02 00:00:00,1.4302000000000001,1.4303,1.42942,1.43017,123,8,0
2025-04-02 01:00:00,1.43017,1.43017,1.42896,1.42908,1362,1,0
2025-04-02 02:00:00,1.42908,1.42988,1.42889,1.42945,1311,1,0
2025-04-02 03:00:00,1.42945,1.4307699999999999,1.42939,1.4304700000000001,2453,0,0
2025-04-02 04:00:00,1.4304700000000001,1.4307699999999999,1.42984,1.42993,2263,1,0
2025-04-02 05:00:00,1.42993,1.43038,1.42922,1.43028,2197,1,0
2025-04-02 06:00:00,1.43028,1.43038,1.4298199999999999,1.43018,1532,1,0
2025-04-02 07:00:00,1.43018,1.4308100000000001,1.43,1.43063,1089,1,0
2025-04-02 08:00:00,1.43063,1.43177,1.43059,1.43131,1488,1,0
2025-04-02 09:00:00,1.43131,1.43146,1.42932,1.43044,2699,1,0
2025-04-02 10:00:00,1.43044,1.4312,1.43032,1.4304700000000001,2935,1,0
2025-04-02 11:00:00,1.4304700000000001,1.43094,1.43026,1.43034,2536,0,0
2025-04-02 12:00:00,1.43034,1.43112,1.42993,1.4310100000000001,2145,1,0
2025-04-02 13:00:00,1.4310100000000001,1.4328699999999999,1.4307400000000001,1.43262,2406,1,0
2025-04-02 14:00:00,1.43262,1.43317,1.43187,1.43192,2244,1,0
2025-04-02 15:00:00,1.43192,1.43326,1.43183,1.43211,3725,1,0
2025-04-02 16:00:00,1.43211,1.43346,1.43181,1.43276,4781,0,0
2025-04-02 17:00:00,1.43278,1.43311,1.42957,1.43028,7023,1,0
2025-04-02 18:00:00,1.43028,1.43222,1.43028,1.43112,5143,0,0
2025-04-02 19:00:00,1.43112,1.43241,1.43076,1.4320599999999999,3679,1,0
2025-04-02 20:00:00,1.4320599999999999,1.43259,1.43086,1.43212,3719,1,0
2025-04-02 21:00:00,1.43212,1.43298,1.4314200000000001,1.43252,3689,1,0
2025-04-02 22:00:00,1.43252,1.43252,1.43105,1.43193,3117,1,0
2025-04-02 23:00:00,1.43193,1.43655,1.42298,1.42476,10286,1,0
2025-04-03 00:00:00,1.42272,1.42604,1.42174,1.42546,794,1,0
2025-04-03 01:00:00,1.42546,1.43183,1.42541,1.42658,5330,1,0
2025-04-03 02:00:00,1.42658,1.42692,1.42151,1.42169,8539,1,0
2025-04-03 03:00:00,1.42173,1.42554,1.4217,1.42544,7819,0,0
2025-04-03 04:00:00,1.42544,1.42587,1.4237600000000001,1.42506,5997,1,0
2025-04-03 05:00:00,1.42505,1.42545,1.42381,1.42405,4842,1,0
2025-04-03 06:00:00,1.42405,1.4252799999999999,1.42379,1.42455,4070,1,0
2025-04-03 07:00:00,1.42455,1.42556,1.42446,1.42556,3134,1,0
2025-04-03 08:00:00,1.42556,1.42557,1.42102,1.42161,4809,1,0
2025-04-03 09:00:00,1.42161,1.42299,1.41713,1.41718,6762,1,0
2025-04-03 10:00:00,1.41717,1.41959,1.41648,1.41652,6479,0,0
2025-04-03 11:00:00,1.41652,1.41659,1.41167,1.41315,6074,0,0
2025-04-03 12:00:00,1.41315,1.41599,1.41295,1.41491,5004,1,0
2025-04-03 13:00:00,1.41491,1.41594,1.41046,1.41287,7543,0,0
2025-04-03 14:00:00,1.41285,1.41446,1.40841,1.4093200000000001,5584,1,0
2025-04-03 15:00:00,1.4093,1.41036,1.40693,1.4082,8278,0,0
2025-04-03 16:00:00,1.40821,1.40907,1.40341,1.40461,10893,0,0
2025-04-03 17:00:00,1.40407,1.40576,1.40278,1.40463,9662,0,0
2025-04-03 18:00:00,1.40463,1.40757,1.40274,1.40644,8284,0,0
2025-04-03 19:00:00,1.40644,1.40646,1.40452,1.40611,8321,0,0
2025-04-03 20:00:00,1.40612,1.40894,1.40604,1.40892,5353,1,0
2025-04-03 21:00:00,1.40892,1.41043,1.40772,1.40838,4191,0,0
2025-04-03 22:00:00,1.40838,1.40963,1.40791,1.40854,4002,1,0
2025-04-03 23:00:00,1.40853,1.40977,1.4081000000000001,1.40976,1592,1,0
2025-04-04 00:00:00,1.4096600000000001,1.40971,1.40848,1.40872,854,14,0
2025-04-04 01:00:00,1.40872,1.40937,1.40766,1.40789,1193,1,0
2025-04-04 02:00:00,1.40787,1.40889,1.40775,1.40832,1989,1,0
2025-04-04 03:00:00,1.40832,1.40832,1.40615,1.40643,3666,1,0
2025-04-04 04:00:00,1.40643,1.40686,1.4053499999999999,1.40613,3212,1,0
2025-04-04 05:00:00,1.40613,1.40904,1.4059599999999999,1.4089,3512,1,0
2025-04-04 06:00:00,1.4089,1.40991,1.40789,1.40816,3882,0,0
2025-04-04 07:00:00,1.40816,1.41031,1.40773,1.4101,3648,1,0
2025-04-04 08:00:00,1.4101,1.41035,1.40819,1.40883,3731,1,0
2025-04-04 09:00:00,1.40883,1.41197,1.40861,1.41181,4440,1,0
2025-04-04 10:00:00,1.41181,1.415,1.41098,1.41469,6223,0,0
2025-04-04 11:00:00,1.4147,1.41638,1.41272,1.41321,7174,0,0
2025-04-04 12:00:00,1.41321,1.41675,1.41311,1.4154200000000001,5603,0,0
2025-04-04 13:00:00,1.41541,1.41731,1.41453,1.41644,11180,0,0
2025-04-04 14:00:00,1.41646,1.42092,1.41501,1.41843,12046,0,0
2025-04-04 15:00:00,1.41843,1.42426,1.41681,1.42085,13146,0,0
2025-04-04 16:00:00,1.42085,1.42262,1.41948,1.42239,11740,1,0
2025-04-04 17:00:00,1.42242,1.42363,1.4206699999999999,1.42218,12584,0,0
2025-04-04 18:00:00,1.42219,1.42307,1.4178899999999999,1.41954,13865,0,0
2025-04-04 19:00:00,1.41954,1.4218899999999999,1.4181599999999999,1.42112,10247,1,0
2025-04-04 20:00:00,1.42111,1.42545,1.42086,1.42164,10552,1,0
2025-04-04 21:00:00,1.42164,1.42444,1.42093,1.42367,8255,0,0
2025-04-04 22:00:00,1.42366,1.4251800000000001,1.42013,1.42303,8621,0,0
2025-04-04 23:00:00,1.42302,1.4259,1.4216,1.42202,4816,1,0
2025-04-07 00:00:00,1.42202,1.42652,1.42202,1.42484,190,8,0
2025-04-07 01:00:00,1.42484,1.42675,1.42056,1.42488,8857,1,0
2025-04-07 02:00:00,1.42488,1.42502,1.42238,1.42417,9421,1,0
2025-04-07 03:00:00,1.42417,1.42583,1.42238,1.4230800000000001,9634,1,0
2025-04-07 04:00:00,1.42307,1.42425,1.42198,1.4231,9667,1,0
2025-04-07 05:00:00,1.4231,1.42538,1.42228,1.42468,7736,1,0
2025-04-07 06:00:00,1.42468,1.4252500000000001,1.4237,1.42381,6304,1,0
2025-04-07 07:00:00,1.42381,1.4239600000000001,1.42126,1.4216,5134,1,0
2025-04-07 08:00:00,1.4216,1.42231,1.41957,1.42161,7688,1,0
2025-04-07 09:00:00,1.42161,1.4255900000000001,1.42161,1.42534,10254,1,0
2025-04-07 10:00:00,1.42533,1.42558,1.4218600000000001,1.4224,10781,0,0
2025-04-07 11:00:00,1.4224,1.42685,1.42129,1.42504,8931,1,0
2025-04-07 12:00:00,1.42504,1.4267699999999999,1.42447,1.42633,7924,0,0
2025-04-07 13:00:00,1.42632,1.42632,1.42382,1.42573,8921,0,0
2025-04-07 14:00:00,1.42572,1.42593,1.42385,1.4257900000000001,8282,1,0
2025-04-07 15:00:00,1.4257900000000001,1.42963,1.4245700000000001,1.42469,10026,0,0
2025-04-07 16:00:00,1.42469,1.4268,1.42264,1.42307,11384,1,0
2025-04-07 17:00:00,1.42304,1.42478,1.4178899999999999,1.42253,15149,1,0
2025-04-07 18:00:00,1.42252,1.42497,1.4199899999999999,1.42261,13297,0,0
2025-04-07 19:00:00,1.42261,1.42393,1.42167,1.42291,9635,1,0
2025-04-07 20:00:00,1.42291,1.42291,1.4188399999999999,1.419,9210,1,0
2025-04-07 21:00:00,1.419,1.42148,1.4184999999999999,1.4199899999999999,8475,0,0
2025-04-07 22:00:00,1.41998,1.42512,1.41997,1.42419,8106,1,0
2025-04-07 23:00:00,1.42417,1.42543,1.42359,1.42487,3870,1,0
2025-04-08 00:00:00,1.42484,1.42484,1.42381,1.42392,331,3,0
2025-04-08 01:00:00,1.42392,1.42455,1.4236900000000001,1.42387,2594,1,0
2025-04-08 02:00:00,1.42389,1.42444,1.42324,1.42389,3321,1,0
2025-04-08 03:00:00,1.42389,1.42413,1.42011,1.4215900000000001,5935,1,0
2025-04-08 04:00:00,1.4215900000000001,1.42194,1.41795,1.41831,6538,1,0
2025-04-08 05:00:00,1.41831,1.41831,1.41651,1.41693,4327,0,0
2025-04-08 06:00:00,1.41693,1.41756,1.41677,1.41706,3001,0,0
2025-04-08 07:00:00,1.41707,1.41715,1.41581,1.41643,3525,1,0
2025-04-08 08:00:00,1.41643,1.4177,1.41621,1.41642,4206,1,0
2025-04-08 09:00:00,1.41641,1.41785,1.41501,1.41609,5942,1,0
2025-04-08 10:00:00,1.41609,1.41924,1.41567,1.41919,8072,1,0
2025-04-08 11:00:00,1.41921,1.41923,1.41726,1.41785,5589,0,0
2025-04-08 12:00:00,1.41785,1.4203999999999999,1.41785,1.41943,6193,1,0
2025-04-08 13:00:00,1.41943,1.42029,1.41901,1.41975,5570,1,0
2025-04-08 14:00:00,1.41975,1.42024,1.41673,1.41765,6810,1,0
2025-04-08 15:00:00,1.41765,1.41766,1.41529,1.4163999999999999,7288,0,0
2025-04-08 16:00:00,1.4163999999999999,1.4178899999999999,1.41526,1.41639,9494,0,0
2025-04-08 17:00:00,1.41635,1.4202,1.41431,1.41987,10228,0,0
2025-04-08 18:00:00,1.41986,1.42234,1.41853,1.41988,9613,0,0
2025-04-08 19:00:00,1.41988,1.42075,1.4181300000000001,1.42021,9549,0,0
2025-04-08 20:00:00,1.42023,1.42174,1.41952,1.42145,10539,0,0
2025-04-08 21:00:00,1.42146,1.42415,1.4209100000000001,1.42378,9622,0,0
2025-04-08 22:00:00,1.42378,1.42619,1.4228100000000001,1.4249399999999999,8737,0,0
2025-04-08 23:00:00,1.4249399999999999,1.42721,1.42419,1.42634,2880,1,0
2025-04-09 00:00:00,1.42557,1.42657,1.42557,1.42596,598,24,0
2025-04-09 01:00:00,1.42596,1.42663,1.4252799999999999,1.42633,4526,1,0
2025-04-09 02:00:00,1.42633,1.42666,1.4252,1.42563,3521,1,0
2025-04-09 03:00:00,1.42563,1.4273500000000001,1.42419,1.42426,7772,0,0
2025-04-09 04:00:00,1.42426,1.42459,1.42116,1.42143,7805,0,0
2025-04-09 05:00:00,1.42144,1.42382,1.42062,1.42354,6407,0,0
2025-04-09 06:00:00,1.42353,1.42476,1.42185,1.4243000000000001,5598,0,0
2025-04-09 07:00:00,1.4243000000000001,1.42463,1.42171,1.42206,6706,1,0
2025-04-09 08:00:00,1.42206,1.42486,1.42205,1.42307,6477,1,0
2025-04-09 09:00:00,1.42307,1.42307,1.41958,1.42045,9044,1,0
2025-04-09 10:00:00,1.42046,1.42222,1.41933,1.42016,10363,0,0
2025-04-09 11:00:00,1.4201,1.42236,1.41985,1.4203299999999999,7734,1,0
2025-04-09 12:00:00,1.4203299999999999,1.42142,1.41984,1.4205,6644,1,0
2025-04-09 13:00:00,1.4205,1.42088,1.41764,1.41844,6515,0,0
2025-04-09 14:00:00,1.41834,1.4221599999999999,1.41832,1.4202,11007,1,0
2025-04-09 15:00:00,1.42019,1.42029,1.41563,1.4173499999999999,8639,1,0
2025-04-09 16:00:00,1.41733,1.41892,1.41412,1.4142299999999999,9669,0,0
2025-04-09 17:00:00,1.4142299999999999,1.42039,1.41321,1.42013,9144,1,0
2025-04-09 18:00:00,1.42008,1.42126,1.41721,1.4188399999999999,7633,1,0
2025-04-09 19:00:00,1.41885,1.4191099999999999,1.41627,1.41774,5972,1,0
2025-04-09 20:00:00,1.41774,1.41859,1.40748,1.40768,12872,0,0
2025-04-09 21:00:00,1.40773,1.41279,1.40747,1.4115199999999999,11567,1,0
2025-04-09 22:00:00,1.41159,1.41282,1.4083999999999999,1.41112,9158,1,0
2025-04-09 23:00:00,1.4111,1.41214,1.40751,1.40766,4736,0,0
2025-04-10 00:00:00,1.40782,1.40915,1.40743,1.40885,313,22,0
2025-04-10 01:00:00,1.40875,1.4099599999999999,1.4074200000000001,1.40971,2887,1,0
2025-04-10 02:00:00,1.40971,1.41101,1.4093,1.4102299999999999,4153,1,0
2025-04-10 03:00:00,1.4102999999999999,1.4108399999999999,1.40944,1.41002,5658,1,0
2025-04-10 04:00:00,1.41003,1.41096,1.40948,1.41048,5478,1,0
2025-04-10 05:00:00,1.41048,1.41061,1.40906,1.40906,4207,1,0
2025-04-10 06:00:00,1.40906,1.40937,1.4076,1.40788,4384,1,0
2025-04-10 07:00:00,1.4079,1.4085,1.40711,1.4072200000000001,4140,1,0
2025-04-10 08:00:00,1.4072200000000001,1.40741,1.40595,1.40656,3517,1,0
2025-04-10 09:00:00,1.40656,1.40789,1.40608,1.4062299999999999,6328,1,0
2025-04-10 10:00:00,1.4062299999999999,1.4087,1.40522,1.40634,8164,1,0
2025-04-10 11:00:00,1.40634,1.40954,1.40612,1.40759,7284,1,0
2025-04-10 12:00:00,1.40759,1.4083700000000001,1.40634,1.4074900000000001,5388,1,0
2025-04-10 13:00:00,1.4074900000000001,1.40761,1.40536,1.40554,6105,1,0
2025-04-10 14:00:00,1.40553,1.40879,1.4049800000000001,1.40843,4724,1,0
2025-04-10 15:00:00,1.40842,1.40883,1.40302,1.40732,8050,0,0
2025-04-10 16:00:00,1.40732,1.4075199999999999,1.4038,1.40394,9972,0,0
2025-04-10 17:00:00,1.40395,1.4049,1.39972,1.39981,9424,0,0
2025-04-10 18:00:00,1.39981,1.40243,1.39914,1.40111,9514,0,0
2025-04-10 19:00:00,1.40109,1.40185,1.3988,1.39993,10526,1,0
2025-04-10 20:00:00,1.39992,1.40055,1.39561,1.39581,8981,0,0
2025-04-10 21:00:00,1.3958,1.39901,1.39513,1.39858,7998,0,0
2025-04-10 22:00:00,1.39859,1.4007100000000001,1.39755,1.3978,9045,0,0
2025-04-10 23:00:00,1.39792,1.40039,1.39571,1.39836,4997,1,0
2025-04-11 00:00:00,1.39805,1.39858,1.3973200000000001,1.39798,243,15,0
2025-04-11 01:00:00,1.39798,1.39837,1.39565,1.3957,2278,1,0
2025-04-11 02:00:00,1.3957,1.39719,1.39512,1.3952200000000001,4858,1,0
2025-04-11 03:00:00,1.39521,1.39565,1.39097,1.39486,9272,0,0
2025-04-11 04:00:00,1.39487,1.39627,1.3927399999999999,1.393,9231,1,0
2025-04-11 05:00:00,1.393,1.39411,1.39229,1.3928,7078,1,0
2025-04-11 06:00:00,1.3927800000000001,1.39536,1.3908,1.39496,6113,1,0
2025-04-11 07:00:00,1.39496,1.39699,1.39496,1.39643,6121,1,0
2025-04-11 08:00:00,1.39643,1.3979300000000001,1.39636,1.39759,5585,1,0
2025-04-11 09:00:00,1.39756,1.39845,1.39604,1.3961999999999999,7466,1,0
2025-04-11 10:00:00,1.39619,1.39646,1.38937,1.38974,7006,1,0
2025-04-11 11:00:00,1.38974,1.39106,1.38808,1.39041,9055,1,0
2025-04-11 12:00:00,1.39045,1.39119,1.38726,1.38835,7621,1,0
2025-04-11 13:00:00,1.38835,1.3933499999999999,1.38835,1.39164,6775,1,0
2025-04-11 14:00:00,1.39171,1.39215,1.38753,1.38776,6210,1,0
2025-04-11 15:00:00,1.38778,1.38795,1.38395,1.38564,8566,1,0
2025-04-11 16:00:00,1.38564,1.3887,1.3841700000000001,1.38679,10449,1,0
2025-04-11 17:00:00,1.38684,1.39249,1.38659,1.38904,11683,1,0
2025-04-11 18:00:00,1.38904,1.3927399999999999,1.38839,1.3897,10309,1,0
2025-04-11 19:00:00,1.38971,1.3933200000000001,1.3896600000000001,1.3903400000000001,5978,1,0
2025-04-11 20:00:00,1.39033,1.39194,1.38946,1.3903699999999999,7528,1,0
2025-04-11 21:00:00,1.3903699999999999,1.3904,1.38727,1.38884,6322,1,0
2025-04-11 22:00:00,1.38885,1.38926,1.3872,1.38894,5179,1,0
2025-04-11 23:00:00,1.38895,1.3891200000000001,1.38596,1.38596,1815,1,0
2025-04-14 00:00:00,1.38605,1.3864,1.38501,1.3864,134,36,0
2025-04-14 01:00:00,1.38558,1.38798,1.38553,1.38798,4433,2,0
2025-04-14 02:00:00,1.38798,1.38843,1.38679,1.38747,3806,1,0
2025-04-14 03:00:00,1.38747,1.38777,1.38583,1.3872900000000001,5898,1,0
2025-04-14 04:00:00,1.3873,1.38744,1.38538,1.38624,6821,1,0
2025-04-14 05:00:00,1.38624,1.38626,1.38489,1.38529,4676,1,0
2025-04-14 06:00:00,1.38532,1.38649,1.3850799999999999,1.38579,4286,1,0
2025-04-14 07:00:00,1.38579,1.38669,1.38555,1.38648,2907,1,0
2025-04-14 08:00:00,1.38648,1.38767,1.38564,1.38623,3449,1,0
2025-04-14 09:00:00,1.38623,1.38757,1.38335,1.3835600000000001,5358,1,0
2025-04-14 10:00:00,1.3835600000000001,1.38491,1.38285,1.38346,5033,1,0
2025-04-14 11:00:00,1.38346,1.38414,1.38318,1.3839299999999999,4294,0,0
2025-04-14 12:00:00,1.3839299999999999,1.38496,1.38351,1.38491,3423,1,0
2025-04-14 13:00:00,1.38491,1.38645,1.38395,1.38626,2783,0,0
2025-04-14 14:00:00,1.38626,1.38748,1.38484,1.38676,3228,1,0
2025-04-14 15:00:00,1.38676,1.38896,1.38644,1.3881999999999999,4896,1,0
2025-04-14 16:00:00,1.3881999999999999,1.39038,1.38737,1.38898,8097,0,0
2025-04-14 17:00:00,1.38898,1.38898,1.3863400000000001,1.38658,6342,1,0
2025-04-14 18:00:00,1.38658,1.38956,1.38621,1.38946,6101,0,0
2025-04-14 19:00:00,1.38946,1.3911,1.38888,1.39042,5192,1,0
2025-04-14 20:00:00,1.3904,1.39053,1.38804,1.38807,4826,0,0
2025-04-14 21:00:00,1.38807,1.38808,1.38635,1.38635,3112,1,0
2025-04-14 22:00:00,1.38636,1.38777,1.38629,1.38721,2975,1,0
2025-04-14 23:00:00,1.3872200000000001,1.3883,1.38712,1.38715,1960,1,0
2025-04-15 00:00:00,1.3872900000000001,1.38866,1.38619,1.38769,618,18,0
2025-04-15 01:00:00,1.38769,1.38963,1.38768,1.38956,1025,0,0
2025-04-15 02:00:00,1.38956,1.3909,1.3893499999999999,1.39013,1841,1,0
2025-04-15 03:00:00,1.39013,1.39025,1.38904,1.38944,3557,1,0
2025-04-15 04:00:00,1.38944,1.3897300000000001,1.38845,1.38883,2338,1,0
2025-04-15 05:00:00,1.38883,1.38897,1.38766,1.38791,2967,0,0
2025-04-15 06:00:00,1.38791,1.38792,1.38689,1.38727,1930,1,0
2025-04-15 07:00:00,1.38727,1.38735,1.3850500000000001,1.38551,2317,1,0
2025-04-15 08:00:00,1.38551,1.38716,1.38509,1.38702,2421,1,0
2025-04-15 09:00:00,1.38701,1.38782,1.3868,1.3873199999999999,3403,0,0
2025-04-15 10:00:00,1.3873,1.38738,1.3857,1.38586,4172,1,0
2025-04-15 11:00:00,1.38589,1.38636,1.38501,1.3856,4135,1,0
2025-04-15 12:00:00,1.3856,1.38651,1.38517,1.38622,2529,0,0
2025-04-15 13:00:00,1.38622,1.38669,1.385,1.3864,2504,1,0
2025-04-15 14:00:00,1.3864,1.38792,1.3862999999999999,1.38728,3940,0,0
2025-04-15 15:00:00,1.38728,1.39155,1.38684,1.39005,5542,0,0
2025-04-15 16:00:00,1.39005,1.39005,1.38681,1.3878599999999999,5836,1,0
2025-04-15 17:00:00,1.38785,1.39233,1.38743,1.39067,7510,1,0
2025-04-15 18:00:00,1.39067,1.39581,1.39066,1.3945,5658,0,0
2025-04-15 19:00:00,1.3945,1.39698,1.39411,1.39696,4598,1,0
2025-04-15 20:00:00,1.39696,1.39778,1.3955899999999999,1.39675,4346,0,0
2025-04-15 21:00:00,1.3967399999999999,1.39756,1.39652,1.3967,3831,1,0
2025-04-15 22:00:00,1.3967,1.39724,1.39606,1.39668,3076,1,0
2025-04-15 23:00:00,1.39668,1.39672,1.39571,1.39596,1304,1,0
2025-04-16 00:00:00,1.39496,1.39642,1.39398,1.39616,727,17,0
2025-04-16 01:00:00,1.39616,1.39649,1.39504,1.39514,645,1,0
2025-04-16 02:00:00,1.39514,1.39654,1.39509,1.3958,1728,0,0
2025-04-16 03:00:00,1.3958,1.39601,1.39474,1.39512,3558,1,0
2025-04-16 04:00:00,1.39512,1.39512,1.39436,1.3949099999999999,2886,1,0
2025-04-16 05:00:00,1.3949099999999999,1.395,1.39429,1.39466,2340,1,0
2025-04-16 06:00:00,1.39466,1.3948,1.39397,1.39399,1800,1,0
2025-04-16 07:00:00,1.39399,1.39426,1.39346,1.39363,1854,1,0
2025-04-16 08:00:00,1.39364,1.39425,1.39235,1.39254,3061,1,0
2025-04-16 09:00:00,1.39255,1.3939300000000001,1.3924,1.39355,3872,1,0
2025-04-16 10:00:00,1.39355,1.39355,1.39124,1.39124,4210,1,0
2025-04-16 11:00:00,1.39124,1.39205,1.39045,1.39132,5661,1,0
2025-04-16 12:00:00,1.39132,1.39147,1.3903699999999999,1.3912,4043,1,0
2025-04-16 13:00:00,1.3912,1.39147,1.39056,1.39133,2531,0,0
2025-04-16 14:00:00,1.39135,1.39245,1.39094,1.39223,3046,1,0
2025-04-16 15:00:00,1.39223,1.393,1.39151,1.39173,5023,1,0
2025-04-16 16:00:00,1.39173,1.39291,1.38737,1.38893,6719,1,0
2025-04-16 17:00:00,1.38892,1.3902,1.38787,1.38886,6560,0,0
2025-04-16 18:00:00,1.38886,1.38923,1.38733,1.38835,5294,1,0
2025-04-16 19:00:00,1.38836,1.38838,1.38677,1.38773,4660,0,0
2025-04-16 20:00:00,1.38773,1.38986,1.38692,1.38984,6004,1,0
2025-04-16 21:00:00,1.38984,1.38986,1.3876,1.38772,4907,1,0
2025-04-16 22:00:00,1.38772,1.38811,1.38589,1.38625,4409,0,0
2025-04-16 23:00:00,1.38625,1.38758,1.3854,1.38564,1973,1,0
2025-04-17 00:00:00,1.38522,1.3866399999999999,1.38469,1.38616,663,14,0
2025-04-17 01:00:00,1.38631,1.38642,1.38548,1.38553,916,1,0
2025-04-17 02:00:00,1.38553,1.3860700000000001,1.38551,1.38599,1571,1,0
2025-04-17 03:00:00,1.38599,1.38689,1.38558,1.38678,3166,1,0
2025-04-17 04:00:00,1.38678,1.38843,1.38678,1.38784,2860,0,0
2025-04-17 05:00:00,1.38784,1.38788,1.3869,1.3872200000000001,1826,1,0
2025-04-17 06:00:00,1.38719,1.38875,1.38703,1.38869,2019,1,0
2025-04-17 07:00:00,1.38869,1.38917,1.38822,1.3890799999999999,1211,1,0
2025-04-17 08:00:00,1.3890799999999999,1.38964,1.3885399999999999,1.38897,1623,1,0
2025-04-17 09:00:00,1.38895,1.38953,1.38806,1.38886,3146,1,0
2025-04-17 10:00:00,1.38886,1.3889,1.38652,1.38714,4114,1,0
2025-04-17 11:00:00,1.38714,1.38788,1.38681,1.38774,3186,1,0
2025-04-17 12:00:00,1.38774,1.38918,1.38743,1.38917,2213,1,0
2025-04-17 13:00:00,1.38917,1.38989,1.38837,1.38931,3070,1,0
2025-04-17 14:00:00,1.3893,1.3906100000000001,1.38856,1.39008,2606,1,0
2025-04-17 15:00:00,1.39008,1.3901,1.38683,1.3872499999999999,5611,0,0
2025-04-17 16:00:00,1.38728,1.38781,1.38543,1.38544,6508,1,0
2025-04-17 17:00:00,1.38544,1.38787,1.38502,1.38776,6025,1,0
2025-04-17 18:00:00,1.38776,1.3879299999999999,1.38564,1.38567,4321,1,0
2025-04-17 19:00:00,1.38568,1.38611,1.3844,1.3845100000000001,4971,1,0
2025-04-17 20:00:00,1.3845100000000001,1.38497,1.38341,1.38353,2943,1,0
2025-04-17 21:00:00,1.38353,1.38507,1.38282,1.38405,3580,1,0
2025-04-17 22:00:00,1.38405,1.38486,1.38379,1.38402,3070,1,0
2025-04-17 23:00:00,1.38403,1.3841700000000001,1.38338,1.38338,1910,1,0
2025-04-18 00:00:00,1.3829799999999999,1.38411,1.38284,1.3829799999999999,694,50,0
2025-04-18 01:00:00,1.3829799999999999,1.38431,1.3829799999999999,1.38318,2712,2,0
2025-04-18 02:00:00,1.38315,1.38445,1.38308,1.38445,443,8,0
2025-04-18 03:00:00,1.38445,1.38479,1.3839000000000001,1.38456,3102,1,0
2025-04-18 04:00:00,1.38456,1.38535,1.38453,1.38531,5860,1,0
2025-04-18 05:00:00,1.3853,1.38588,1.3848799999999999,1.38581,14358,1,0
2025-04-18 06:00:00,1.38581,1.38604,1.3851200000000001,1.38596,14605,1,0
2025-04-18 07:00:00,1.38596,1.3863699999999999,1.38593,1.38628,16478,1,0
2025-04-18 08:00:00,1.38626,1.3867,1.38608,1.38623,11482,1,0
2025-04-18 09:00:00,1.38623,1.38663,1.38544,1.3854899999999999,8589,1,0
2025-04-18 10:00:00,1.3854899999999999,1.38654,1.38461,1.38644,10715,1,0
2025-04-18 11:00:00,1.38646,1.38675,1.38598,1.3863400000000001,11834,1,0
2025-04-18 12:00:00,1.38635,1.38652,1.38528,1.38589,6020,1,0
2025-04-18 13:00:00,1.38589,1.38618,1.38472,1.38553,6707,1,0
2025-04-18 14:00:00,1.3855,1.3868,1.38503,1.3862,9640,1,0
2025-04-18 15:00:00,1.3862,1.38625,1.38448,1.38589,6821,1,0
2025-04-18 16:00:00,1.38589,1.38693,1.3851,1.38653,4279,1,0
2025-04-18 17:00:00,1.38654,1.3866100000000001,1.38441,1.3863400000000001,5919,1,0
2025-04-18 18:00:00,1.3863400000000001,1.3863400000000001,1.38475,1.38487,5964,1,0
2025-04-18 19:00:00,1.38487,1.38556,1.38445,1.38513,5675,1,0
2025-04-18 20:00:00,1.38513,1.38518,1.38409,1.38483,5661,1,0
2025-04-18 21:00:00,1.38483,1.38489,1.3845399999999999,1.38468,3924,2,0
2025-04-18 22:00:00,1.38469,1.38477,1.38425,1.38448,2967,12,0
2025-04-18 23:00:00,1.3845,1.38466,1.38344,1.38448,7010,1,0
2025-04-21 00:00:00,1.38388,1.38432,1.38285,1.38296,192,136,0
2025-04-21 01:00:00,1.3831,1.38347,1.38258,1.38279,2520,0,0
2025-04-21 02:00:00,1.38279,1.38307,1.38222,1.38255,2713,1,0
2025-04-21 03:00:00,1.38255,1.38265,1.38055,1.38189,3349,1,0
2025-04-21 04:00:00,1.38189,1.38223,1.3814199999999999,1.38179,2568,1,0
2025-04-21 05:00:00,1.38179,1.38214,1.38019,1.38069,3018,1,0
2025-04-21 06:00:00,1.38069,1.38071,1.37943,1.3795899999999999,2093,1,0
2025-04-21 07:00:00,1.3795899999999999,1.38039,1.3795899999999999,1.37973,1983,1,0
2025-04-21 08:00:00,1.37973,1.3798599999999999,1.37909,1.37916,1918,1,0
2025-04-21 09:00:00,1.37916,1.38023,1.37916,1.37973,2236,1,0
2025-04-21 10:00:00,1.37974,1.38028,1.37933,1.37988,3063,0,0
2025-04-21 11:00:00,1.37988,1.38032,1.37921,1.37934,3234,1,0
2025-04-21 12:00:00,1.37934,1.37981,1.37813,1.37969,2812,0,0
2025-04-21 13:00:00,1.37969,1.38151,1.37938,1.38103,2718,1,0
2025-04-21 14:00:00,1.38103,1.38151,1.3804,1.38079,3295,1,0
2025-04-21 15:00:00,1.38079,1.3811499999999999,1.37883,1.3793199999999999,3266,1,0
2025-04-21 16:00:00,1.3793199999999999,1.38114,1.37849,1.37916,4894,1,0
2025-04-21 17:00:00,1.37915,1.3812,1.37915,1.38079,5120,0,0
2025-04-21 18:00:00,1.38079,1.38194,1.38055,1.3818,4393,0,0
2025-04-21 19:00:00,1.3818,1.3842400000000001,1.38166,1.38388,3804,1,0
2025-04-21 20:00:00,1.38388,1.38496,1.38364,1.38418,3036,1,0
2025-04-21 21:00:00,1.38418,1.38483,1.3835899999999999,1.38379,2602,1,0
2025-04-21 22:00:00,1.3838,1.38406,1.38259,1.38349,3032,1,0
2025-04-21 23:00:00,1.38348,1.38419,1.3834,1.38397,1162,1,0
2025-04-22 00:00:00,1.38362,1.38409,1.38274,1.38389,143,31,0
2025-04-22 01:00:00,1.38389,1.38435,1.38354,1.38384,1001,1,0
2025-04-22 02:00:00,1.38384,1.38404,1.38321,1.38334,1786,1,0
2025-04-22 03:00:00,1.38334,1.38459,1.38283,1.3838,2753,1,0
2025-04-22 04:00:00,1.3838,1.38381,1.38281,1.38346,2887,1,0
2025-04-22 05:00:00,1.38346,1.3837,1.38196,1.38201,2331,1,0
2025-04-22 06:00:00,1.38201,1.3820999999999999,1.38006,1.38061,2771,1,0
2025-04-22 07:00:00,1.38061,1.38073,1.38018,1.38048,2249,1,0
2025-04-22 08:00:00,1.38048,1.38105,1.3793,1.37972,3168,1,0
2025-04-22 09:00:00,1.37973,1.38213,1.37931,1.3814899999999999,4562,0,0
2025-04-22 10:00:00,1.3814899999999999,1.38187,1.38035,1.3811499999999999,4092,1,0
2025-04-22 11:00:00,1.3811499999999999,1.38212,1.38087,1.3818,4053,0,0
2025-04-22 12:00:00,1.3818,1.38397,1.3817,1.38376,3322,1,0
2025-04-22 13:00:00,1.38376,1.38403,1.38276,1.38401,2818,1,0
2025-04-22 14:00:00,1.38402,1.38477,1.3834,1.3843,2821,1,0
2025-04-22 15:00:00,1.3843,1.38616,1.38421,1.38464,4649,1,0
2025-04-22 16:00:00,1.38464,1.38577,1.38336,1.38365,4945,1,0
2025-04-22 17:00:00,1.38365,1.38513,1.38242,1.3826,4548,1,0
2025-04-22 18:00:00,1.3826,1.3829500000000001,1.38016,1.3801700000000001,4042,1,0
2025-04-22 19:00:00,1.3801700000000001,1.3815,1.37969,1.38075,5158,1,0
2025-04-22 20:00:00,1.38075,1.38247,1.37996,1.38183,5022,1,0
2025-04-22 21:00:00,1.38182,1.38221,1.3811200000000001,1.38151,3098,1,0
2025-04-22 22:00:00,1.38151,1.38331,1.38075,1.38245,3116,1,0
2025-04-22 23:00:00,1.38245,1.38252,1.38101,1.38105,1269,1,0
2025-04-23 00:00:00,1.3807,1.38314,1.3807,1.38259,288,34,0
2025-04-23 01:00:00,1.38259,1.3860299999999999,1.38247,1.38436,3612,1,0
2025-04-23 02:00:00,1.3844,1.38491,1.3829799999999999,1.3848799999999999,4190,1,0
2025-04-23 03:00:00,1.3848799999999999,1.38489,1.3826800000000001,1.38287,4352,0,0
2025-04-23 04:00:00,1.38287,1.38316,1.38199,1.38274,3880,1,0
2025-04-23 05:00:00,1.38274,1.3836,1.3826399999999999,1.38342,3235,1,0
2025-04-23 06:00:00,1.38342,1.38458,1.38326,1.38405,2237,1,0
2025-04-23 07:00:00,1.38405,1.38472,1.3833199999999999,1.38336,1735,1,0
2025-04-23 08:00:00,1.38336,1.38396,1.38283,1.3836300000000001,2649,1,0
2025-04-23 09:00:00,1.3836300000000001,1.38367,1.38093,1.38143,3599,1,0
2025-04-23 10:00:00,1.38143,1.38209,1.38118,1.38175,3642,1,0
2025-04-23 11:00:00,1.38175,1.38254,1.38087,1.38116,4063,1,0
2025-04-23 12:00:00,1.38116,1.38116,1.37982,1.38048,3228,1,0
2025-04-23 13:00:00,1.38048,1.38206,1.38029,1.38165,3029,1,0
2025-04-23 14:00:00,1.38165,1.38357,1.38153,1.38236,2985,1,0
2025-04-23 15:00:00,1.38236,1.38413,1.38196,1.38347,3879,1,0
2025-04-23 16:00:00,1.38347,1.38579,1.38252,1.38495,7125,0,0
2025-04-23 17:00:00,1.38495,1.38717,1.3838,1.38474,8872,0,0
2025-04-23 18:00:00,1.38474,1.3896,1.38463,1.38945,7226,1,0
2025-04-23 19:00:00,1.38945,1.38991,1.3883,1.38943,5267,1,0
2025-04-23 20:00:00,1.38943,1.39047,1.38882,1.38913,4689,1,0
2025-04-23 21:00:00,1.38914,1.38951,1.3881999999999999,1.38865,3345,1,0
2025-04-23 22:00:00,1.38865,1.3893499999999999,1.3881299999999999,1.38867,3634,1,0
2025-04-23 23:00:00,1.38867,1.38898,1.38766,1.38816,1570,1,0
2025-04-24 00:00:00,1.38811,1.38873,1.38799,1.38834,112,7,0
2025-04-24 01:00:00,1.38835,1.38841,1.38697,1.3878,1077,1,0
2025-04-24 02:00:00,1.3878,1.3878,1.38707,1.38751,2352,1,0
2025-04-24 03:00:00,1.38751,1.38816,1.38681,1.38701,2528,1,0
2025-04-24 04:00:00,1.38701,1.38733,1.38628,1.387,3261,1,0
2025-04-24 05:00:00,1.387,1.38744,1.38633,1.3864,2214,1,0
2025-04-24 06:00:00,1.3864,1.38731,1.38628,1.38714,1729,1,0
2025-04-24 07:00:00,1.38714,1.38738,1.38674,1.38676,1253,1,0
2025-04-24 08:00:00,1.38676,1.38751,1.38646,1.3872499999999999,2012,1,0
2025-04-24 09:00:00,1.3872499999999999,1.3872499999999999,1.38557,1.38561,3440,1,0
2025-04-24 10:00:00,1.3856,1.38565,1.38408,1.38413,3721,0,0
2025-04-24 11:00:00,1.38413,1.3854899999999999,1.38399,1.385,3588,0,0
2025-04-24 12:00:00,1.38499,1.3852,1.38405,1.38446,2712,1,0
2025-04-24 13:00:00,1.38446,1.38517,1.38412,1.38487,2413,1,0
2025-04-24 14:00:00,1.38484,1.38648,1.38482,1.38646,2619,1,0
2025-04-24 15:00:00,1.38646,1.38708,1.38584,1.3860700000000001,3626,1,0
2025-04-24 16:00:00,1.3860700000000001,1.38723,1.38503,1.38593,4028,1,0
2025-04-24 17:00:00,1.3859,1.38873,1.38551,1.38792,5841,1,0
2025-04-24 18:00:00,1.38792,1.3897300000000001,1.38715,1.38897,4687,0,0
2025-04-24 19:00:00,1.38897,1.38991,1.38791,1.38792,3218,0,0
2025-04-24 20:00:00,1.38792,1.3884699999999999,1.3872,1.3872200000000001,2525,1,0
2025-04-24 21:00:00,1.3872200000000001,1.3876,1.38605,1.38612,1817,1,0
2025-04-24 22:00:00,1.38612,1.38656,1.3847,1.38571,2066,0,0
2025-04-24 23:00:00,1.3857,1.38592,1.38423,1.3855,1351,1,0
2025-04-25 00:00:00,1.38473,1.38533,1.3843,1.38466,260,23,0
2025-04-25 01:00:00,1.38466,1.38584,1.38442,1.38561,705,1,0
2025-04-25 02:00:00,1.38561,1.38596,1.38521,1.38555,1406,1,0
2025-04-25 03:00:00,1.38555,1.38655,1.38553,1.38641,1821,1,0
2025-04-25 04:00:00,1.38641,1.38717,1.3857599999999999,1.38703,2513,0,0
2025-04-25 05:00:00,1.38702,1.38711,1.3863400000000001,1.38673,1491,1,0
2025-04-25 06:00:00,1.38673,1.38731,1.38589,1.38713,2466,1,0
2025-04-25 07:00:00,1.38713,1.38769,1.38703,1.38758,1673,1,0
2025-04-25 08:00:00,1.38758,1.3884699999999999,1.38733,1.3881000000000001,1663,0,0
2025-04-25 09:00:00,1.3881000000000001,1.38893,1.3867,1.38678,2823,1,0
2025-04-25 10:00:00,1.38678,1.38822,1.38585,1.38778,3806,0,0
2025-04-25 11:00:00,1.38778,1.38903,1.38751,1.3887399999999999,2751,1,0
2025-04-25 12:00:00,1.3887399999999999,1.38922,1.38836,1.3891,2577,0,0
2025-04-25 13:00:00,1.3891,1.3891499999999999,1.38816,1.38865,3477,1,0
2025-04-25 14:00:00,1.38866,1.38884,1.38711,1.38734,2504,1,0
2025-04-25 15:00:00,1.38735,1.38747,1.38626,1.38728,2526,0,0
2025-04-25 16:00:00,1.38728,1.3875899999999999,1.38516,1.38538,4487,1,0
2025-04-25 17:00:00,1.38532,1.38652,1.38499,1.38625,4197,1,0
2025-04-25 18:00:00,1.38625,1.38636,1.38524,1.38587,3062,1,0
2025-04-25 19:00:00,1.38587,1.38655,1.38544,1.3860299999999999,2183,1,0
2025-04-25 20:00:00,1.3860299999999999,1.38761,1.3855,1.38711,3185,1,0
2025-04-25 21:00:00,1.38711,1.38746,1.38574,1.38589,2647,1,0
2025-04-25 22:00:00,1.38589,1.38644,1.38581,1.3860999999999999,2241,1,0
2025-04-25 23:00:00,1.3860999999999999,1.38623,1.38495,1.38535,1147,1,0
2025-04-28 00:00:00,1.38611,1.38611,1.38529,1.3853900000000001,131,60,0
2025-04-28 01:00:00,1.38529,1.38689,1.38494,1.38687,1327,1,0
2025-04-28 02:00:00,1.38686,1.38724,1.38625,1.38708,1559,1,0
2025-04-28 03:00:00,1.38708,1.38775,1.38689,1.38739,1920,1,0
2025-04-28 04:00:00,1.38739,1.38834,1.38701,1.38823,1987,1,0
2025-04-28 05:00:00,1.38823,1.38846,1.38779,1.38808,1318,1,0
2025-04-28 06:00:00,1.38808,1.38829,1.3872900000000001,1.3875,942,1,0
2025-04-28 07:00:00,1.3875,1.38753,1.38655,1.38658,2470,0,0
2025-04-28 08:00:00,1.38658,1.38678,1.38623,1.38638,1503,1,0
2025-04-28 09:00:00,1.38638,1.38875,1.38635,1.38831,2240,1,0
2025-04-28 10:00:00,1.38831,1.3885100000000001,1.38718,1.38807,2764,1,0
2025-04-28 11:00:00,1.38807,1.38924,1.38797,1.3885100000000001,1971,1,0
2025-04-28 12:00:00,1.3885,1.3885,1.38639,1.38683,2348,1,0
2025-04-28 13:00:00,1.38683,1.3881700000000001,1.3867099999999999,1.38773,2085,1,0
2025-04-28 14:00:00,1.38773,1.388,1.3863400000000001,1.38663,1947,1,0
2025-04-28 15:00:00,1.38663,1.3869500000000001,1.3854899999999999,1.38694,2988,1,0
2025-04-28 16:00:00,1.38694,1.38723,1.38433,1.3848500000000001,4521,1,0
2025-04-28 17:00:00,1.3848500000000001,1.38552,1.38253,1.38333,5361,1,0
2025-04-28 18:00:00,1.3833199999999999,1.3864,1.38313,1.38588,4108,1,0
2025-04-28 19:00:00,1.38588,1.38621,1.38446,1.38475,3839,1,0
2025-04-28 20:00:00,1.38475,1.38579,1.3847,1.38523,3396,1,0
2025-04-28 21:00:00,1.38523,1.38535,1.38433,1.38434,2469,1,0
2025-04-28 22:00:00,1.38434,1.38438,1.38165,1.38181,2236,1,0
2025-04-28 23:00:00,1.38181,1.3831,1.38171,1.38289,1179,1,0
2025-04-29 00:00:00,1.38288,1.38309,1.38256,1.38309,373,16,0
2025-04-29 01:00:00,1.38308,1.38348,1.38287,1.38318,916,1,0
2025-04-29 02:00:00,1.3833,1.38358,1.3826100000000001,1.3832,1806,1,0
2025-04-29 03:00:00,1.3832,1.38399,1.3828,1.38367,2075,1,0
2025-04-29 04:00:00,1.38367,1.38409,1.38315,1.38384,2373,1,0
2025-04-29 05:00:00,1.38384,1.38401,1.38084,1.3838,3441,1,0
2025-04-29 06:00:00,1.3838,1.3866800000000001,1.38373,1.3857300000000001,2868,1,0
2025-04-29 07:00:00,1.3857300000000001,1.38642,1.38541,1.38629,1861,1,0
2025-04-29 08:00:00,1.38629,1.38715,1.3860700000000001,1.38699,1538,1,0
2025-04-29 09:00:00,1.38699,1.38714,1.38365,1.38445,2434,1,0
2025-04-29 10:00:00,1.38445,1.38455,1.38191,1.38199,3802,0,0
2025-04-29 11:00:00,1.38199,1.3836300000000001,1.38166,1.38297,2465,1,0
2025-04-29 12:00:00,1.38297,1.38483,1.38283,1.38467,2075,1,0
2025-04-29 13:00:00,1.38466,1.38511,1.38413,1.38477,1902,1,0
2025-04-29 14:00:00,1.3848,1.3852,1.3844400000000001,1.38493,2326,1,0
2025-04-29 15:00:00,1.38493,1.38498,1.38276,1.38328,3358,0,0
2025-04-29 16:00:00,1.38328,1.38531,1.38296,1.38436,3301,0,0
2025-04-29 17:00:00,1.38435,1.38674,1.38399,1.38644,3909,0,0
2025-04-29 18:00:00,1.38644,1.38675,1.38459,1.38544,2533,0,0
2025-04-29 19:00:00,1.38544,1.3857,1.38429,1.3854199999999999,1925,0,0
2025-04-29 20:00:00,1.38543,1.38602,1.38364,1.38404,1540,0,0
2025-04-29 21:00:00,1.38404,1.38561,1.38389,1.3845399999999999,1496,0,0
2025-04-29 22:00:00,1.3845399999999999,1.38463,1.38366,1.38374,1420,0,0
2025-04-29 23:00:00,1.38375,1.38403,1.38272,1.38337,869,0,0
2025-04-30 00:00:00,1.38314,1.38414,1.38213,1.38256,1129,18,0
2025-04-30 01:00:00,1.38256,1.38308,1.38255,1.38306,560,0,0
2025-04-30 02:00:00,1.38306,1.3833199999999999,1.38257,1.3826,1023,0,0
2025-04-30 03:00:00,1.3826,1.38351,1.38256,1.38308,1630,0,0
2025-04-30 04:00:00,1.38308,1.38422,1.3820299999999999,1.38415,2501,0,0
2025-04-30 05:00:00,1.38414,1.38462,1.38344,1.3844699999999999,1695,0,0
2025-04-30 06:00:00,1.3844699999999999,1.38448,1.38382,1.3841999999999999,1739,0,0
2025-04-30 07:00:00,1.3841999999999999,1.38425,1.38337,1.38337,1421,0,0
2025-04-30 08:00:00,1.38338,1.38346,1.38249,1.3826100000000001,1605,0,0
2025-04-30 09:00:00,1.3826,1.3831,1.3817300000000001,1.38212,2160,0,0
2025-04-30 10:00:00,1.38213,1.38377,1.38213,1.3832499999999999,1958,0,0
2025-04-30 11:00:00,1.38324,1.38436,1.3829,1.38432,1946,0,0
2025-04-30 12:00:00,1.38432,1.38434,1.38269,1.38345,1787,0,0
2025-04-30 13:00:00,1.38345,1.38377,1.3829099999999999,1.38335,1586,0,0
2025-04-30 14:00:00,1.38335,1.38362,1.3826,1.38318,1645,0,0
2025-04-30 15:00:00,1.38318,1.38538,1.38244,1.385,3308,0,0
2025-04-30 16:00:00,1.38501,1.38511,1.38269,1.38407,3067,0,0
2025-04-30 17:00:00,1.38409,1.38556,1.38063,1.38154,4855,0,0
2025-04-30 18:00:00,1.38154,1.3822999999999999,1.38028,1.38086,4240,0,0
2025-04-30 19:00:00,1.38084,1.38187,1.38076,1.38105,2403,0,0
2025-04-30 20:00:00,1.38105,1.38118,1.37876,1.37977,1886,0,0
2025-04-30 21:00:00,1.37977,1.37979,1.37764,1.3785,3101,0,0
2025-04-30 22:00:00,1.3785,1.37862,1.37701,1.37852,2192,0,0
2025-04-30 23:00:00,1.37851,1.37985,1.37826,1.37984,1729,0,0
2025-05-01 00:00:00,1.37977,1.3798,1.37894,1.37908,618,1,0
2025-05-01 01:00:00,1.37908,1.37978,1.37867,1.37875,840,0,0
2025-05-01 02:00:00,1.37875,1.38014,1.37873,1.3794,1565,0,0
2025-05-01 03:00:00,1.3794,1.37942,1.37878,1.37882,2291,0,0
2025-05-01 04:00:00,1.37882,1.37958,1.37863,1.37924,1817,0,0
2025-05-01 05:00:00,1.37924,1.3793199999999999,1.37843,1.37853,1467,0,0
2025-05-01 06:00:00,1.37853,1.38005,1.37845,1.37965,2104,0,0
2025-05-01 07:00:00,1.37965,1.37989,1.3792900000000001,1.37943,1980,0,0
2025-05-01 08:00:00,1.37943,1.38066,1.37931,1.38008,1681,0,0
2025-05-01 09:00:00,1.38008,1.38031,1.37934,1.38004,1497,0,0
2025-05-01 10:00:00,1.38008,1.38161,1.37996,1.38126,1609,0,0
2025-05-01 11:00:00,1.38126,1.38174,1.3807,1.38154,1178,0,0
2025-05-01 12:00:00,1.38154,1.3825,1.38127,1.38231,1065,0,0
2025-05-01 13:00:00,1.38231,1.3824100000000001,1.38132,1.38136,1396,0,0
2025-05-01 14:00:00,1.38136,1.38229,1.38086,1.38179,1450,0,0
2025-05-01 15:00:00,1.38179,1.38253,1.3808099999999999,1.38197,2509,0,0
2025-05-01 16:00:00,1.38201,1.38232,1.37965,1.37991,2734,0,0
2025-05-01 17:00:00,1.37989,1.38482,1.37981,1.38392,4133,0,0
2025-05-01 18:00:00,1.38392,1.38623,1.38282,1.38484,2956,0,0
2025-05-01 19:00:00,1.38484,1.3857300000000001,1.38483,1.38536,1820,0,0
2025-05-01 20:00:00,1.38536,1.38614,1.38457,1.38575,1560,0,0
2025-05-01 21:00:00,1.38575,1.38605,1.38389,1.3848,1953,0,0
2025-05-01 22:00:00,1.3848,1.38487,1.38354,1.3844,1294,0,0
2025-05-01 23:00:00,1.3844,1.38556,1.38378,1.38536,1263,0,0
2025-05-02 00:00:00,1.38532,1.38532,1.3847800000000001,1.385,192,11,0
2025-05-02 01:00:00,1.385,1.38554,1.3849,1.38495,694,0,0
2025-05-02 02:00:00,1.38495,1.38543,1.38463,1.3848799999999999,1305,0,0
2025-05-02 03:00:00,1.3848799999999999,1.38503,1.38409,1.38412,3183,0,0
2025-05-02 04:00:00,1.38412,1.38431,1.38344,1.38345,2855,0,0
2025-05-02 05:00:00,1.38345,1.38347,1.3826800000000001,1.38314,2328,0,0
2025-05-02 06:00:00,1.38314,1.38335,1.38151,1.38166,1831,0,0
2025-05-02 07:00:00,1.38166,1.38239,1.38155,1.3822,1970,0,0
2025-05-02 08:00:00,1.3822,1.3824,1.38181,1.38214,1729,0,0
2025-05-02 09:00:00,1.38214,1.3824,1.38032,1.38091,1803,0,0
2025-05-02 10:00:00,1.38091,1.38181,1.3807800000000001,1.38172,1782,0,0
2025-05-02 11:00:00,1.38172,1.38346,1.38171,1.38306,1906,0,0
2025-05-02 12:00:00,1.38306,1.38326,1.38055,1.3810799999999999,2161,0,0
2025-05-02 13:00:00,1.3810799999999999,1.38293,1.38093,1.38281,1811,0,0
2025-05-02 14:00:00,1.38281,1.38311,1.38177,1.38211,1564,0,0
2025-05-02 15:00:00,1.38211,1.3838599999999999,1.38133,1.38246,4256,0,0
2025-05-02 16:00:00,1.38246,1.38292,1.37649,1.3793,5071,0,0
2025-05-02 17:00:00,1.3793199999999999,1.37943,1.37603,1.37683,4021,0,0
2025-05-02 18:00:00,1.37683,1.38002,1.37682,1.37919,3377,0,0
2025-05-02 19:00:00,1.37919,1.37955,1.37821,1.37917,2932,0,0
2025-05-02 20:00:00,1.37917,1.38064,1.37917,1.3805399999999999,2045,0,0
2025-05-02 21:00:00,1.3805399999999999,1.38172,1.38004,1.38123,1737,0,0
2025-05-02 22:00:00,1.38123,1.38152,1.38061,1.38082,1477,0,0
2025-05-02 23:00:00,1.38083,1.38195,1.38071,1.38174,863,0,0
2025-05-05 00:00:00,1.37832,1.38135,1.37832,1.38068,277,40,0
2025-05-05 01:00:00,1.38068,1.38269,1.38003,1.38251,1294,0,0
2025-05-05 02:00:00,1.38251,1.38283,1.3816899999999999,1.38249,2024,0,0
2025-05-05 03:00:00,1.38249,1.3829,1.38197,1.38198,2604,0,0
2025-05-05 04:00:00,1.38198,1.38198,1.3794,1.38046,3570,0,0
2025-05-05 05:00:00,1.38046,1.3808500000000001,1.3797,1.37998,2031,0,0
2025-05-05 06:00:00,1.37998,1.38105,1.37997,1.38059,1981,0,0
2025-05-05 07:00:00,1.38058,1.38066,1.37977,1.37982,1752,0,0
2025-05-05 08:00:00,1.37982,1.38039,1.37885,1.38038,2549,0,0
2025-05-05 09:00:00,1.38038,1.3816,1.3801,1.38125,2122,0,0
2025-05-05 10:00:00,1.38123,1.38189,1.3807,1.38161,1844,0,0
2025-05-05 11:00:00,1.38161,1.3817,1.38025,1.38103,1976,0,0
2025-05-05 12:00:00,1.38101,1.38102,1.37891,1.37892,1987,0,0
2025-05-05 13:00:00,1.37892,1.37997,1.37869,1.3798,1807,0,0
2025-05-05 14:00:00,1.3798,1.38067,1.37893,1.37988,1687,0,0
2025-05-05 15:00:00,1.37988,1.3814899999999999,1.37901,1.38123,2856,0,0
2025-05-05 16:00:00,1.38123,1.38157,1.37996,1.38093,3040,0,0
2025-05-05 17:00:00,1.38093,1.3829799999999999,1.38062,1.381,3655,0,0
2025-05-05 18:00:00,1.381,1.38192,1.38091,1.38119,2212,0,0
2025-05-05 19:00:00,1.38119,1.38215,1.38087,1.38127,1648,0,0
2025-05-05 20:00:00,1.38127,1.38167,1.38116,1.38144,1036,0,0
2025-05-05 21:00:00,1.38144,1.38202,1.38131,1.38147,865,0,0
2025-05-05 22:00:00,1.38147,1.38177,1.3808,1.38122,1273,0,0
2025-05-05 23:00:00,1.38122,1.38252,1.38102,1.38242,721,0,0
2025-05-06 00:00:00,1.3824,1.38278,1.38159,1.38198,330,16,0
2025-05-06 01:00:00,1.38197,1.38249,1.3817,1.38222,622,0,0
2025-05-06 02:00:00,1.38222,1.38235,1.38193,1.38229,1120,0,0
2025-05-06 03:00:00,1.38229,1.38402,1.38211,1.38391,2300,0,0
2025-05-06 04:00:00,1.38391,1.38453,1.38324,1.38381,3169,0,0
2025-05-06 05:00:00,1.38381,1.38391,1.38275,1.38288,2376,0,0
2025-05-06 06:00:00,1.38288,1.38327,1.38225,1.38236,2612,0,0
2025-05-06 07:00:00,1.38236,1.3823699999999999,1.38141,1.38153,1976,0,0
2025-05-06 08:00:00,1.38153,1.38259,1.3814899999999999,1.38245,2154,0,0
2025-05-06 09:00:00,1.38245,1.38312,1.38201,1.38243,2028,0,0
2025-05-06 10:00:00,1.38243,1.38258,1.38098,1.38147,2375,0,0
2025-05-06 11:00:00,1.38147,1.38206,1.38074,1.38197,2514,0,0
2025-05-06 12:00:00,1.38197,1.38327,1.3819,1.38284,2239,0,0
2025-05-06 13:00:00,1.38284,1.38299,1.38181,1.38195,1929,0,0
2025-05-06 14:00:00,1.38195,1.38209,1.38025,1.3804,1508,0,0
2025-05-06 15:00:00,1.3804,1.38086,1.37951,1.3801700000000001,1835,0,0
2025-05-06 16:00:00,1.3801700000000001,1.38091,1.3780000000000001,1.37838,2756,0,0
2025-05-06 17:00:00,1.37838,1.37937,1.37813,1.37917,3244,0,0
2025-05-06 18:00:00,1.37917,1.37933,1.37713,1.37753,2650,0,0
2025-05-06 19:00:00,1.37753,1.37904,1.37507,1.37717,3418,0,0
2025-05-06 20:00:00,1.37717,1.37866,1.3762699999999999,1.37771,2241,0,0
2025-05-06 21:00:00,1.3777,1.3784100000000001,1.37721,1.37725,1612,0,0
2025-05-06 22:00:00,1.37725,1.37767,1.37642,1.377,1855,0,0
2025-05-06 23:00:00,1.37701,1.37829,1.37661,1.37761,1415,0,0
2025-05-07 00:00:00,1.3775,1.37758,1.37613,1.3763,996,3,0
2025-05-07 01:00:00,1.37615,1.37753,1.37613,1.37711,2790,0,0
2025-05-07 02:00:00,1.37711,1.37757,1.37637,1.37716,1603,0,0
2025-05-07 03:00:00,1.37716,1.37813,1.3768,1.3772199999999999,2759,0,0
2025-05-07 04:00:00,1.3772199999999999,1.37927,1.37706,1.37831,3543,0,0
2025-05-07 05:00:00,1.37836,1.3798599999999999,1.37836,1.37949,2628,0,0
2025-05-07 06:00:00,1.37949,1.37971,1.37891,1.37917,1777,0,0
2025-05-07 07:00:00,1.37917,1.37964,1.3786399999999999,1.37958,1926,0,0
2025-05-07 08:00:00,1.37958,1.37975,1.37888,1.37915,1837,0,0
2025-05-07 09:00:00,1.37915,1.37936,1.37848,1.37883,1829,0,0
2025-05-07 10:00:00,1.37883,1.3795899999999999,1.37828,1.3784399999999999,2272,0,0
2025-05-07 11:00:00,1.3784399999999999,1.37934,1.37814,1.37931,1708,0,0
2025-05-07 12:00:00,1.37931,1.38036,1.37916,1.38021,1798,0,0
2025-05-07 13:00:00,1.38021,1.38022,1.3789500000000001,1.37901,1674,0,0
2025-05-07 14:00:00,1.37901,1.37958,1.37851,1.37936,1431,0,0
2025-05-07 15:00:00,1.37936,1.38065,1.3792,1.38021,1700,0,0
2025-05-07 16:00:00,1.38021,1.38064,1.3778000000000001,1.3779,2610,0,0
2025-05-07 17:00:00,1.3779,1.37989,1.37752,1.37799,3177,0,0
2025-05-07 18:00:00,1.37799,1.37833,1.37731,1.37744,2616,0,0
2025-05-07 19:00:00,1.37744,1.37955,1.37744,1.37857,1695,0,0
2025-05-07 20:00:00,1.37857,1.38069,1.37846,1.3802699999999999,1547,0,0
2025-05-07 21:00:00,1.38004,1.3816899999999999,1.37878,1.38055,4979,0,0
2025-05-07 22:00:00,1.38055,1.38371,1.3805100000000001,1.38305,3897,0,0
2025-05-07 23:00:00,1.38305,1.38389,1.3828,1.38385,1635,0,0
2025-05-08 00:00:00,1.3838,1.3838599999999999,1.38301,1.38382,341,8,0
2025-05-08 01:00:00,1.38382,1.38396,1.38353,1.38376,694,0,0
2025-05-08 02:00:00,1.38376,1.38376,1.38333,1.38367,1430,0,0
2025-05-08 03:00:00,1.38367,1.38368,1.38221,1.38257,2232,0,0
2025-05-08 04:00:00,1.38257,1.38316,1.38151,1.3817,3559,0,0
2025-05-08 05:00:00,1.3817,1.38253,1.38136,1.38253,2935,0,0
2025-05-08 06:00:00,1.38252,1.3827099999999999,1.38193,1.3827,2379,0,0
2025-05-08 07:00:00,1.3827,1.3829799999999999,1.3825,1.3829799999999999,1847,0,0
2025-05-08 08:00:00,1.3829799999999999,1.38513,1.38297,1.38416,2655,0,0
2025-05-08 09:00:00,1.38416,1.38742,1.38409,1.38742,2708,0,0
2025-05-08 10:00:00,1.38742,1.38835,1.38633,1.3863699999999999,2782,0,0
2025-05-08 11:00:00,1.3863699999999999,1.38727,1.38583,1.38659,2630,0,0
2025-05-08 12:00:00,1.38658,1.38859,1.38652,1.38832,2141,0,0
2025-05-08 13:00:00,1.38832,1.38896,1.3869,1.38747,1964,0,0
2025-05-08 14:00:00,1.38747,1.38985,1.38739,1.38891,2238,0,0
2025-05-08 15:00:00,1.38891,1.3896600000000001,1.38772,1.3889,2959,0,0
2025-05-08 16:00:00,1.3889,1.38891,1.38708,1.38715,3128,0,0
2025-05-08 17:00:00,1.38714,1.3903400000000001,1.38689,1.38983,3048,0,0
2025-05-08 18:00:00,1.38983,1.39196,1.38904,1.3915,4122,0,0
2025-05-08 19:00:00,1.3915,1.3931200000000001,1.3914,1.39208,2816,0,0
2025-05-08 20:00:00,1.39208,1.3933,1.39196,1.39267,1440,0,0
2025-05-08 21:00:00,1.39267,1.39322,1.39233,1.3928,1075,0,0
2025-05-08 22:00:00,1.39279,1.39316,1.39174,1.39199,1573,0,0
2025-05-08 23:00:00,1.392,1.39237,1.39151,1.39228,796,0,0
2025-05-09 00:00:00,1.39194,1.39237,1.3913,1.39206,207,15,0
2025-05-09 01:00:00,1.39202,1.39234,1.39191,1.39201,419,0,0
2025-05-09 02:00:00,1.39201,1.39266,1.39199,1.39236,1303,0,0
2025-05-09 03:00:00,1.39236,1.39321,1.39197,1.39264,2422,0,0
2025-05-09 04:00:00,1.39264,1.39362,1.39245,1.39328,3000,0,0
2025-05-09 05:00:00,1.39328,1.39428,1.39236,1.39252,2728,0,0
2025-05-09 06:00:00,1.39252,1.39261,1.39187,1.39224,2947,0,0
2025-05-09 07:00:00,1.39224,1.39225,1.3916,1.39169,1976,0,0
2025-05-09 08:00:00,1.39169,1.39239,1.39141,1.3915,2003,0,0
2025-05-09 09:00:00,1.3915,1.39256,1.39138,1.39255,1859,0,0
2025-05-09 10:00:00,1.39255,1.39262,1.3912499999999999,1.39147,1648,0,0
2025-05-09 11:00:00,1.39147,1.39202,1.39101,1.3912,1378,0,0
2025-05-09 12:00:00,1.3912,1.3919000000000001,1.39116,1.39171,1403,0,0
2025-05-09 13:00:00,1.39171,1.39187,1.3912,1.39161,1476,0,0
2025-05-09 14:00:00,1.39161,1.39214,1.39105,1.39118,1519,0,0
2025-05-09 15:00:00,1.39118,1.39185,1.39085,1.39155,1723,0,0
2025-05-09 16:00:00,1.39155,1.3927,1.39066,1.39249,2455,0,0
2025-05-09 17:00:00,1.39248,1.39347,1.39172,1.39273,3388,0,0
2025-05-09 18:00:00,1.39273,1.39417,1.39261,1.39267,2498,0,0
2025-05-09 19:00:00,1.39267,1.39446,1.39254,1.39349,1890,0,0
2025-05-09 20:00:00,1.39349,1.39358,1.39201,1.3925100000000001,1473,0,0
2025-05-09 21:00:00,1.3925100000000001,1.39346,1.39233,1.39296,1377,0,0
2025-05-09 22:00:00,1.39296,1.39379,1.39265,1.39311,1476,0,0
2025-05-09 23:00:00,1.3931200000000001,1.39401,1.39284,1.39357,873,0,0
2025-05-12 00:00:00,1.38877,1.39165,1.38877,1.39115,258,83,0
2025-05-12 01:00:00,1.39115,1.39331,1.3899,1.39283,1607,0,0
2025-05-12 02:00:00,1.39283,1.393,1.3921299999999999,1.39282,1848,0,0
2025-05-12 03:00:00,1.39282,1.39388,1.39241,1.39365,3057,0,0
2025-05-12 04:00:00,1.39365,1.39408,1.39307,1.3937,4098,0,0
2025-05-12 05:00:00,1.3937,1.39412,1.39328,1.3935,3316,0,0
2025-05-12 06:00:00,1.39349,1.39349,1.3921299999999999,1.39225,2029,0,0
2025-05-12 07:00:00,1.39225,1.3927800000000001,1.39199,1.39257,1548,0,0
2025-05-12 08:00:00,1.39257,1.39323,1.39231,1.3928,1948,0,0
2025-05-12 09:00:00,1.3928,1.39299,1.39165,1.39299,2440,0,0
2025-05-12 10:00:00,1.39299,1.39764,1.39144,1.39704,5850,0,0
2025-05-12 11:00:00,1.39704,1.39806,1.39529,1.39577,3400,0,0
2025-05-12 12:00:00,1.39577,1.39718,1.3955,1.39698,2411,0,0
2025-05-12 13:00:00,1.39698,1.39867,1.39687,1.39862,2999,0,0
2025-05-12 14:00:00,1.39862,1.39874,1.39757,1.39765,2472,0,0
2025-05-12 15:00:00,1.39765,1.3997899999999999,1.39763,1.39972,2477,0,0
2025-05-12 16:00:00,1.39972,1.39993,1.39783,1.39885,3235,0,0
2025-05-12 17:00:00,1.39885,1.39992,1.39856,1.39961,3617,0,0
2025-05-12 18:00:00,1.39962,1.40079,1.3992499999999999,1.4004400000000001,2866,0,0
2025-05-12 19:00:00,1.40046,1.40118,1.40029,1.40049,1990,0,0
2025-05-12 20:00:00,1.40049,1.40156,1.40046,1.40079,1708,0,0
2025-05-12 21:00:00,1.40079,1.40127,1.39903,1.39944,2083,0,0
2025-05-12 22:00:00,1.39944,1.3995600000000001,1.39824,1.39876,1902,0,0
2025-05-12 23:00:00,1.39876,1.399,1.39722,1.39748,1225,0,0
2025-05-13 00:00:00,1.39747,1.3976899999999999,1.39736,1.39753,91,7,0
2025-05-13 01:00:00,1.39758,1.39798,1.3973499999999999,1.3973499999999999,652,0,0
2025-05-13 02:00:00,1.39734,1.39781,1.39704,1.39741,1387,0,0
2025-05-13 03:00:00,1.39741,1.39858,1.39731,1.39826,2380,0,0
2025-05-13 04:00:00,1.39826,1.39875,1.39783,1.39806,3044,0,0
2025-05-13 05:00:00,1.39807,1.3981,1.39741,1.39745,2205,0,0
2025-05-13 06:00:00,1.39745,1.39757,1.39639,1.3964400000000001,1957,0,0
2025-05-13 07:00:00,1.3964400000000001,1.39645,1.39581,1.39604,1644,0,0
2025-05-13 08:00:00,1.39604,1.39687,1.39595,1.39664,1675,0,0
2025-05-13 09:00:00,1.39664,1.39703,1.39598,1.3963,2327,0,0
2025-05-13 10:00:00,1.39631,1.39886,1.39628,1.39869,2477,0,0
2025-05-13 11:00:00,1.39869,1.39916,1.3981,1.39893,2141,0,0
2025-05-13 12:00:00,1.3989,1.39937,1.39817,1.39828,2057,0,0
2025-05-13 13:00:00,1.3982700000000001,1.39881,1.39804,1.39844,1771,0,0
2025-05-13 14:00:00,1.39844,1.39957,1.39822,1.39938,1643,0,0
2025-05-13 15:00:00,1.39938,1.40009,1.39755,1.39791,2596,0,0
2025-05-13 16:00:00,1.39798,1.40163,1.39798,1.40118,4478,0,0
2025-05-13 17:00:00,1.40118,1.40121,1.39778,1.39787,3918,0,0
2025-05-13 18:00:00,1.39787,1.3985400000000001,1.39568,1.39593,3211,0,0
2025-05-13 19:00:00,1.39593,1.39695,1.39533,1.39555,2536,0,0
2025-05-13 20:00:00,1.39555,1.39566,1.39465,1.39475,1815,0,0
2025-05-13 21:00:00,1.39475,1.39557,1.39398,1.3940299999999999,1720,0,0
2025-05-13 22:00:00,1.3940299999999999,1.39435,1.39323,1.39334,1585,0,0
2025-05-13 23:00:00,1.39336,1.39418,1.3931200000000001,1.39355,1153,0,0
2025-05-14 00:00:00,1.39355,1.39384,1.3933900000000001,1.39357,180,12,0
2025-05-14 01:00:00,1.39357,1.39357,1.39273,1.39284,620,0,0
2025-05-14 02:00:00,1.39284,1.39338,1.39282,1.3933499999999999,1239,0,0
2025-05-14 03:00:00,1.3933499999999999,1.3939599999999999,1.3931499999999999,1.39326,2151,0,0
2025-05-14 04:00:00,1.39326,1.3939,1.39257,1.39346,3310,0,0
2025-05-14 05:00:00,1.39346,1.39392,1.3924400000000001,1.39254,2004,0,0
2025-05-14 06:00:00,1.39254,1.39267,1.39202,1.39206,1631,0,0
2025-05-14 07:00:00,1.39205,1.3927800000000001,1.39193,1.39272,1681,0,0
2025-05-14 08:00:00,1.39272,1.39296,1.3921299999999999,1.39296,1969,0,0
2025-05-14 09:00:00,1.39296,1.39364,1.39236,1.3933499999999999,2335,0,0
2025-05-14 10:00:00,1.3933499999999999,1.39337,1.3918300000000001,1.39239,2346,0,0
2025-05-14 11:00:00,1.39239,1.39242,1.39076,1.39132,3999,0,0
2025-05-14 12:00:00,1.39132,1.39165,1.3902,1.39113,3366,0,0
2025-05-14 13:00:00,1.39113,1.39299,1.39108,1.39297,2168,0,0
2025-05-14 14:00:00,1.39297,1.39406,1.39296,1.39387,1934,0,0
2025-05-14 15:00:00,1.39386,1.39468,1.39263,1.3945,2241,0,0
2025-05-14 16:00:00,1.3945,1.39606,1.39382,1.3956,3128,0,0
2025-05-14 17:00:00,1.3956,1.39736,1.39529,1.39584,3838,0,0
2025-05-14 18:00:00,1.39584,1.39792,1.39573,1.39645,3618,0,0
2025-05-14 19:00:00,1.39645,1.39846,1.39594,1.3973200000000001,3309,0,0
2025-05-14 20:00:00,1.3973200000000001,1.3975,1.39664,1.39723,2023,0,0
2025-05-14 21:00:00,1.39723,1.3978,1.3967399999999999,1.39759,1837,0,0
2025-05-14 22:00:00,1.39759,1.3980000000000001,1.39706,1.3976,2024,0,0
2025-05-14 23:00:00,1.3976,1.3986100000000001,1.39758,1.39822,1187,0,0
2025-05-15 00:00:00,1.3982,1.3982,1.39653,1.39712,471,14,0
2025-05-15 01:00:00,1.39712,1.39802,1.39706,1.39768,503,0,0
2025-05-15 02:00:00,1.39768,1.39807,1.3974199999999999,1.39784,1171,0,0
2025-05-15 03:00:00,1.39784,1.39784,1.39692,1.3971,2046,0,0
2025-05-15 04:00:00,1.3971,1.3971,1.39592,1.39682,2677,0,0
2025-05-15 05:00:00,1.39682,1.39723,1.39655,1.39683,2102,0,0
2025-05-15 06:00:00,1.39683,1.39706,1.3963700000000001,1.39654,1998,0,0
2025-05-15 07:00:00,1.39654,1.39709,1.39642,1.39703,1290,0,0
2025-05-15 08:00:00,1.39703,1.39835,1.39696,1.39748,1579,0,0
2025-05-15 09:00:00,1.39748,1.39812,1.39688,1.39695,2574,0,0
2025-05-15 10:00:00,1.39695,1.39881,1.39686,1.39845,2527,0,0
2025-05-15 11:00:00,1.39845,1.3989,1.39785,1.39829,2126,0,0
2025-05-15 12:00:00,1.39829,1.39876,1.39783,1.39811,1681,0,0
2025-05-15 13:00:00,1.39811,1.39894,1.39772,1.3986399999999999,1744,0,0
2025-05-15 14:00:00,1.39863,1.39911,1.39814,1.39847,1794,0,0
2025-05-15 15:00:00,1.39847,1.39939,1.39764,1.3982299999999999,2751,0,0
2025-05-15 16:00:00,1.39822,1.39991,1.39767,1.39929,3141,0,0
2025-05-15 17:00:00,1.3993,1.40036,1.39849,1.39951,3091,0,0
2025-05-15 18:00:00,1.39951,1.40023,1.3989,1.39906,2461,0,0
2025-05-15 19:00:00,1.39905,1.40048,1.3986399999999999,1.39872,1935,0,0
2025-05-15 20:00:00,1.39872,1.39887,1.39713,1.3973900000000001,1644,0,0
2025-05-15 21:00:00,1.3973900000000001,1.39743,1.39635,1.39664,1685,0,0
2025-05-15 22:00:00,1.39664,1.39687,1.396,1.39603,1392,0,0
2025-05-15 23:00:00,1.39602,1.39651,1.39558,1.39594,967,0,0
2025-05-16 00:00:00,1.39592,1.3963,1.3951799999999999,1.3957600000000001,115,8,0
2025-05-16 01:00:00,1.39594,1.39633,1.39544,1.3956,614,0,0
2025-05-16 02:00:00,1.3956,1.39575,1.39519,1.39563,1237,0,0
2025-05-16 03:00:00,1.39563,1.39574,1.39502,1.39532,2589,0,0
2025-05-16 04:00:00,1.39532,1.39573,1.39494,1.3952200000000001,2110,0,0
2025-05-16 05:00:00,1.3952200000000001,1.39546,1.39465,1.39468,1753,0,0
2025-05-16 06:00:00,1.39468,1.39502,1.3942700000000001,1.3945699999999999,1801,0,0
2025-05-16 07:00:00,1.3945699999999999,1.39475,1.3941,1.39436,1378,0,0
2025-05-16 08:00:00,1.39436,1.39445,1.3937300000000001,1.3939300000000001,1479,0,0
2025-05-16 09:00:00,1.3939300000000001,1.39463,1.39355,1.39453,1789,0,0
2025-05-16 10:00:00,1.39453,1.39537,1.39432,1.3946100000000001,1573,0,0
2025-05-16 11:00:00,1.3946100000000001,1.39609,1.3946100000000001,1.39538,1825,0,0
2025-05-16 12:00:00,1.39538,1.3961999999999999,1.3952499999999999,1.39616,1828,0,0
2025-05-16 13:00:00,1.39616,1.39636,1.39566,1.39582,1660,0,0
2025-05-16 14:00:00,1.39582,1.39659,1.3955,1.39655,1313,0,0
2025-05-16 15:00:00,1.39655,1.39731,1.39578,1.39588,1664,0,0
2025-05-16 16:00:00,1.39588,1.39618,1.39496,1.39528,2324,0,0
2025-05-16 17:00:00,1.3953,1.39832,1.3952,1.39815,4008,0,0
2025-05-16 18:00:00,1.39815,1.39921,1.39807,1.39911,2627,0,0
2025-05-16 19:00:00,1.39911,1.39954,1.39831,1.39859,1885,0,0
2025-05-16 20:00:00,1.39859,1.39912,1.39838,1.39892,1333,0,0
2025-05-16 21:00:00,1.39892,1.39957,1.39832,1.39842,1339,0,0
2025-05-16 22:00:00,1.39842,1.39873,1.39811,1.39811,1395,0,0
2025-05-16 23:00:00,1.39811,1.39817,1.39567,1.39628,1166,0,0
2025-05-19 00:00:00,1.39688,1.39688,1.39618,1.39649,311,52,0
2025-05-19 01:00:00,1.39649,1.39649,1.39536,1.39567,1098,0,0
2025-05-19 02:00:00,1.39567,1.3958,1.39517,1.39532,1360,0,0
2025-05-19 03:00:00,1.39532,1.39628,1.39517,1.39584,2490,0,0
2025-05-19 04:00:00,1.39584,1.39709,1.3957899999999999,1.39698,2108,0,0
2025-05-19 05:00:00,1.39698,1.39718,1.3963700000000001,1.39695,1923,0,0
2025-05-19 06:00:00,1.39695,1.39713,1.39659,1.39698,1806,0,0
2025-05-19 07:00:00,1.39698,1.3973,1.39665,1.39712,1299,0,0
2025-05-19 08:00:00,1.39712,1.39721,1.39665,1.39676,1258,0,0
2025-05-19 09:00:00,1.39676,1.39706,1.39612,1.39634,2069,0,0
2025-05-19 10:00:00,1.39634,1.39655,1.39485,1.39536,2602,0,0
2025-05-19 11:00:00,1.39536,1.39618,1.39503,1.39529,1928,0,0
2025-05-19 12:00:00,1.39529,1.39539,1.39441,1.3945699999999999,2066,0,0
2025-05-19 13:00:00,1.3945699999999999,1.39539,1.39435,1.39504,1835,0,0
2025-05-19 14:00:00,1.39504,1.39511,1.39395,1.3940000000000001,1283,0,0
2025-05-19 15:00:00,1.39397,1.39479,1.39384,1.39423,1593,0,0
2025-05-19 16:00:00,1.39423,1.39514,1.39362,1.39463,2962,0,0
2025-05-19 17:00:00,1.39463,1.39521,1.39257,1.39306,2711,0,0
2025-05-19 18:00:00,1.39306,1.39512,1.39174,1.39469,2649,0,0
2025-05-19 19:00:00,1.39469,1.3953,1.39414,1.39502,2042,0,0
2025-05-19 20:00:00,1.39502,1.39654,1.3947,1.39636,1585,0,0
2025-05-19 21:00:00,1.39636,1.39652,1.39558,1.39588,1318,0,0
2025-05-19 22:00:00,1.39588,1.39615,1.39533,1.39541,1163,0,0
2025-05-19 23:00:00,1.3954,1.39548,1.39502,1.39505,527,0,0
2025-05-20 00:00:00,1.39508,1.39508,1.39293,1.39392,415,14,0
2025-05-20 01:00:00,1.39392,1.39609,1.3936600000000001,1.39597,462,0,0
2025-05-20 02:00:00,1.39597,1.39615,1.39563,1.39581,1241,0,0
2025-05-20 03:00:00,1.39581,1.39652,1.39571,1.39624,2602,0,0
2025-05-20 04:00:00,1.39624,1.39669,1.39574,1.39659,2229,0,0
2025-05-20 05:00:00,1.39659,1.39686,1.3961299999999999,1.3965,1898,0,0
2025-05-20 06:00:00,1.3965,1.39658,1.39569,1.3958,1425,0,0
2025-05-20 07:00:00,1.3958,1.39649,1.39568,1.39641,1895,0,0
2025-05-20 08:00:00,1.39641,1.39642,1.39521,1.39571,2272,0,0
2025-05-20 09:00:00,1.39572,1.39588,1.39443,1.39477,2599,0,0
2025-05-20 10:00:00,1.39477,1.39494,1.39337,1.39355,2130,0,0
2025-05-20 11:00:00,1.39355,1.3943699999999999,1.39322,1.3942,1797,0,0
2025-05-20 12:00:00,1.39421,1.39421,1.3934,1.3936600000000001,1710,0,0
2025-05-20 13:00:00,1.39367,1.39489,1.39353,1.39481,1683,0,0
2025-05-20 14:00:00,1.39481,1.39486,1.3943699999999999,1.39463,1042,0,0
2025-05-20 15:00:00,1.39463,1.39614,1.39206,1.39266,2752,0,0
2025-05-20 16:00:00,1.39266,1.39388,1.39212,1.39228,3254,0,0
2025-05-20 17:00:00,1.39228,1.39456,1.39178,1.39438,3703,0,0
2025-05-20 18:00:00,1.39438,1.39554,1.39416,1.39429,2830,0,0
2025-05-20 19:00:00,1.39429,1.39497,1.39292,1.39299,1648,0,0
2025-05-20 20:00:00,1.39298,1.39318,1.39173,1.39195,1388,0,0
2025-05-20 21:00:00,1.39195,1.3936,1.39182,1.39298,1722,0,0
2025-05-20 22:00:00,1.39298,1.39328,1.39143,1.3914900000000001,973,0,0
2025-05-20 23:00:00,1.3914900000000001,1.39178,1.3909,1.39151,967,0,0
2025-05-21 00:00:00,1.3915,1.39189,1.39124,1.39151,376,17,0
2025-05-21 01:00:00,1.39151,1.39151,1.3909,1.39097,702,0,0
2025-05-21 02:00:00,1.39097,1.39111,1.39081,1.39089,1109,0,0
2025-05-21 03:00:00,1.3909,1.3909500000000001,1.38993,1.3902999999999999,2395,0,0
2025-05-21 04:00:00,1.3902999999999999,1.39113,1.39001,1.39069,2128,0,0
2025-05-21 05:00:00,1.39069,1.39072,1.38949,1.38963,2437,0,0
2025-05-21 06:00:00,1.38963,1.38989,1.38863,1.38896,2012,0,0
2025-05-21 07:00:00,1.38896,1.3894,1.38866,1.38903,1711,0,0
2025-05-21 08:00:00,1.38903,1.38914,1.38846,1.38884,2062,0,0
2025-05-21 09:00:00,1.38884,1.38924,1.3879000000000001,1.38841,2619,0,0
2025-05-21 10:00:00,1.38841,1.38948,1.38814,1.38853,2232,0,0
2025-05-21 11:00:00,1.3885399999999999,1.38984,1.38829,1.3894199999999999,1830,0,0
2025-05-21 12:00:00,1.3894199999999999,1.38944,1.3887800000000001,1.38879,1647,0,0
2025-05-21 13:00:00,1.38879,1.38898,1.38683,1.3879299999999999,2539,0,0
2025-05-21 14:00:00,1.3879299999999999,1.38944,1.38753,1.3890500000000001,2075,0,0
2025-05-21 15:00:00,1.3890500000000001,1.3890799999999999,1.38708,1.38709,3150,0,0
2025-05-21 16:00:00,1.38709,1.3874900000000001,1.38606,1.3869,3836,0,0
2025-05-21 17:00:00,1.3869,1.38771,1.38421,1.38464,4714,0,0
2025-05-21 18:00:00,1.38464,1.38532,1.38225,1.38228,3871,0,0
2025-05-21 19:00:00,1.38229,1.38285,1.38156,1.38182,2301,0,0
2025-05-21 20:00:00,1.38182,1.38401,1.38143,1.38347,4409,0,0
2025-05-21 21:00:00,1.38347,1.38434,1.3832900000000001,1.38407,2265,0,0
2025-05-21 22:00:00,1.38407,1.38639,1.38392,1.38624,2433,0,0
2025-05-21 23:00:00,1.38624,1.38655,1.38552,1.38588,1028,0,0
2025-05-22 00:00:00,1.3859,1.38613,1.38491,1.38587,189,11,0
2025-05-22 01:00:00,1.3860700000000001,1.38718,1.38593,1.38694,880,0,0
2025-05-22 02:00:00,1.3869500000000001,1.38697,1.38609,1.38619,1655,0,0
2025-05-22 03:00:00,1.38619,1.38619,1.38548,1.38586,2868,0,0
2025-05-22 04:00:00,1.38586,1.38614,1.38529,1.38555,2799,0,0
2025-05-22 05:00:00,1.38555,1.38599,1.38461,1.3850500000000001,2033,0,0
2025-05-22 06:00:00,1.3850500000000001,1.38552,1.38482,1.38529,1877,0,0
2025-05-22 07:00:00,1.38529,1.38548,1.38463,1.38473,1616,0,0
2025-05-22 08:00:00,1.38473,1.38535,1.38473,1.38486,1903,0,0
2025-05-22 09:00:00,1.38486,1.3860000000000001,1.38469,1.38577,1983,0,0
2025-05-22 10:00:00,1.38577,1.387,1.38554,1.38567,2760,0,0
2025-05-22 11:00:00,1.38567,1.38764,1.38483,1.38754,2561,0,0
2025-05-22 12:00:00,1.38754,1.38849,1.38743,1.38797,2345,0,0
2025-05-22 13:00:00,1.38797,1.38826,1.38758,1.3879000000000001,1710,0,0
2025-05-22 14:00:00,1.3879000000000001,1.38803,1.38621,1.38659,1713,0,0
2025-05-22 15:00:00,1.38659,1.38853,1.38619,1.38784,2431,0,0
2025-05-22 16:00:00,1.38784,1.38892,1.38706,1.3888,3411,0,0
2025-05-22 17:00:00,1.3888,1.38886,1.3867,1.3872900000000001,4523,0,0
2025-05-22 18:00:00,1.3873,1.38823,1.38565,1.38578,3783,0,0
2025-05-22 19:00:00,1.38579,1.38677,1.38552,1.38669,1991,0,0
2025-05-22 20:00:00,1.38669,1.3873,1.3862,1.3862,2114,0,0
2025-05-22 21:00:00,1.3862,1.38684,1.38591,1.3867099999999999,1526,0,0
2025-05-22 22:00:00,1.3867099999999999,1.38684,1.38614,1.38655,1462,0,0
2025-05-22 23:00:00,1.38655,1.38657,1.38565,1.3857,970,0,0
2025-05-23 00:00:00,1.38572,1.38626,1.3849,1.38599,322,9,0
2025-05-23 01:00:00,1.38599,1.38618,1.38554,1.38589,655,0,0
2025-05-23 02:00:00,1.38589,1.38598,1.38544,1.38587,1241,0,0
2025-05-23 03:00:00,1.38587,1.38591,1.38493,1.38507,2529,0,0
2025-05-23 04:00:00,1.38507,1.3852,1.3832,1.3835899999999999,2572,0,0
2025-05-23 05:00:00,1.38358,1.3838300000000001,1.38316,1.38335,1711,0,0
2025-05-23 06:00:00,1.38335,1.38335,1.38304,1.38315,1708,0,0
2025-05-23 07:00:00,1.38315,1.38324,1.38256,1.38277,1560,0,0
2025-05-23 08:00:00,1.38277,1.38307,1.3824,1.38253,1575,0,0
2025-05-23 09:00:00,1.38253,1.38321,1.38232,1.38288,1777,0,0
2025-05-23 10:00:00,1.38288,1.3829799999999999,1.38094,1.38143,2357,0,0
2025-05-23 11:00:00,1.38143,1.38232,1.38128,1.38168,2012,0,0
2025-05-23 12:00:00,1.38168,1.3820299999999999,1.3805,1.38058,2104,0,0
2025-05-23 13:00:00,1.38059,1.3810799999999999,1.38042,1.38101,1670,0,0
2025-05-23 14:00:00,1.38101,1.38206,1.38028,1.38197,4287,0,0
2025-05-23 15:00:00,1.38196,1.38339,1.3794,1.37972,4934,0,0
2025-05-23 16:00:00,1.37973,1.38109,1.37758,1.3784399999999999,4290,0,0
2025-05-23 17:00:00,1.37849,1.37858,1.37544,1.37549,5092,0,0
2025-05-23 18:00:00,1.3755,1.37644,1.37512,1.37575,3377,0,0
2025-05-23 19:00:00,1.37575,1.37596,1.37307,1.3734600000000001,2454,0,0
2025-05-23 20:00:00,1.37347,1.37371,1.37151,1.37262,2748,0,0
2025-05-23 21:00:00,1.37262,1.37269,1.37116,1.37219,2239,0,0
2025-05-23 22:00:00,1.37218,1.3728799999999999,1.37093,1.37248,2257,0,0
2025-05-23 23:00:00,1.37249,1.37317,1.37214,1.37252,962,0,0
2025-05-26 00:00:00,1.37279,1.37363,1.37158,1.37164,304,70,0
2025-05-26 01:00:00,1.37164,1.37316,1.37164,1.37314,1637,0,0
2025-05-26 02:00:00,1.37314,1.37385,1.37248,1.37362,1460,0,0
2025-05-26 03:00:00,1.37362,1.37362,1.3719000000000001,1.3719000000000001,2903,0,0
2025-05-26 04:00:00,1.3719000000000001,1.37226,1.3695,1.36962,2875,0,0
2025-05-26 05:00:00,1.36962,1.36991,1.36901,1.36982,2308,0,0
2025-05-26 06:00:00,1.36982,1.37025,1.36938,1.37006,1559,0,0
2025-05-26 07:00:00,1.37006,1.37072,1.36997,1.37054,1501,0,0
2025-05-26 08:00:00,1.37054,1.37085,1.36963,1.37031,1794,0,0
2025-05-26 09:00:00,1.37031,1.37059,1.3686099999999999,1.36923,2018,0,0
2025-05-26 10:00:00,1.36924,1.37117,1.36907,1.37033,2280,0,0
2025-05-26 11:00:00,1.37033,1.37147,1.36982,1.37142,1786,0,0
2025-05-26 12:00:00,1.37141,1.3721700000000001,1.37106,1.37207,1734,0,0
2025-05-26 13:00:00,1.37207,1.37232,1.37134,1.37184,1237,0,0
2025-05-26 14:00:00,1.37184,1.37231,1.37141,1.37172,1000,0,0
2025-05-26 15:00:00,1.37172,1.37259,1.37153,1.37259,1142,0,0
2025-05-26 16:00:00,1.37259,1.37343,1.37199,1.37334,1228,0,0
2025-05-26 17:00:00,1.37334,1.37352,1.37237,1.37267,1762,0,0
2025-05-26 18:00:00,1.37267,1.37325,1.37262,1.37294,1231,0,0
2025-05-26 19:00:00,1.37294,1.37351,1.37292,1.3734199999999999,579,0,0
2025-05-26 20:00:00,1.3734199999999999,1.37391,1.37326,1.3737300000000001,460,0,0
2025-05-26 21:00:00,1.3737300000000001,1.37393,1.37351,1.37362,543,0,0
2025-05-26 22:00:00,1.37362,1.37392,1.37343,1.37363,376,0,0
2025-05-26 23:00:00,1.37363,1.3738299999999999,1.3731900000000001,1.37358,562,0,0
2025-05-27 00:00:00,1.37352,1.37362,1.37328,1.37353,248,19,0
2025-05-27 01:00:00,1.37353,1.37363,1.37323,1.37353,335,0,0
2025-05-27 02:00:00,1.37353,1.37382,1.37348,1.37364,653,0,0
2025-05-27 03:00:00,1.37364,1.37369,1.3722400000000001,1.37242,2391,0,0
2025-05-27 04:00:00,1.37242,1.37348,1.37222,1.37324,1811,0,0
2025-05-27 05:00:00,1.37323,1.37387,1.37308,1.3736,2088,0,0
2025-05-27 06:00:00,1.3736,1.37391,1.37332,1.37368,1755,0,0
2025-05-27 07:00:00,1.37368,1.37452,1.37314,1.3744399999999999,1559,0,0
2025-05-27 08:00:00,1.3744399999999999,1.3750200000000001,1.37388,1.37388,2019,0,0
2025-05-27 09:00:00,1.37388,1.3746399999999999,1.37327,1.37459,1958,0,0
2025-05-27 10:00:00,1.37459,1.37689,1.37392,1.3766,2796,0,0
2025-05-27 11:00:00,1.3766,1.37687,1.37591,1.37631,2109,0,0
2025-05-27 12:00:00,1.37631,1.37676,1.3758,1.37608,1879,0,0
2025-05-27 13:00:00,1.37608,1.37684,1.37584,1.37643,1556,0,0
2025-05-27 14:00:00,1.37643,1.37693,1.37622,1.37665,1429,0,0
2025-05-27 15:00:00,1.37665,1.3774600000000001,1.37596,1.37632,2137,0,0
2025-05-27 16:00:00,1.37633,1.37724,1.37578,1.3762699999999999,2797,0,0
2025-05-27 17:00:00,1.37623,1.3773900000000001,1.37549,1.37571,3742,0,0
2025-05-27 18:00:00,1.37571,1.37794,1.37552,1.3777,3151,0,0
2025-05-27 19:00:00,1.37771,1.3780000000000001,1.3771,1.37772,2044,0,0
2025-05-27 20:00:00,1.37772,1.37826,1.3773,1.37808,1369,0,0
2025-05-27 21:00:00,1.37808,1.3795899999999999,1.3780299999999999,1.37941,1422,0,0
2025-05-27 22:00:00,1.37941,1.38277,1.37906,1.3822,2289,0,0
2025-05-27 23:00:00,1.3822,1.3835899999999999,1.3804699999999999,1.38133,1825,0,0
2025-05-28 00:00:00,1.38083,1.38083,1.38028,1.38072,90,25,0
2025-05-28 01:00:00,1.38072,1.38156,1.38037,1.38151,487,0,0
2025-05-28 02:00:00,1.38151,1.38181,1.381,1.38103,1076,0,0
2025-05-28 03:00:00,1.38103,1.38121,1.38016,1.38055,2170,0,0
2025-05-28 04:00:00,1.38055,1.38266,1.38046,1.38245,2529,0,0
2025-05-28 05:00:00,1.38245,1.3827,1.38161,1.38252,2474,0,0
2025-05-28 06:00:00,1.38252,1.3829,1.38205,1.38246,2214,0,0
2025-05-28 07:00:00,1.38246,1.38348,1.3823400000000001,1.38342,1541,0,0
2025-05-28 08:00:00,1.38342,1.3838599999999999,1.38282,1.38285,1721,0,0
2025-05-28 09:00:00,1.38285,1.38376,1.3828,1.38338,2012,0,0
2025-05-28 10:00:00,1.38338,1.38339,1.38155,1.3820999999999999,2010,0,0
2025-05-28 11:00:00,1.38211,1.38256,1.38138,1.3817599999999999,1760,0,0
2025-05-28 12:00:00,1.38175,1.38265,1.38158,1.3823699999999999,1633,0,0
2025-05-28 13:00:00,1.3823699999999999,1.3825,1.38121,1.38187,1423,0,0
2025-05-28 14:00:00,1.38187,1.3832200000000001,1.38175,1.3829,1601,0,0
2025-05-28 15:00:00,1.3829,1.38396,1.38225,1.3838599999999999,2436,0,0
2025-05-28 16:00:00,1.3838599999999999,1.3844699999999999,1.3827099999999999,1.38297,3636,0,0
2025-05-28 17:00:00,1.38297,1.38299,1.38089,1.38121,4135,0,0
2025-05-28 18:00:00,1.38121,1.38247,1.38107,1.3820700000000001,3438,0,0
2025-05-28 19:00:00,1.3820700000000001,1.38255,1.38175,1.38223,2008,0,0
2025-05-28 20:00:00,1.38223,1.38278,1.38184,1.38274,1534,0,0
2025-05-28 21:00:00,1.3826800000000001,1.38335,1.3823400000000001,1.3830200000000001,1958,0,0
2025-05-28 22:00:00,1.3830200000000001,1.38374,1.38277,1.38374,1365,0,0
2025-05-28 23:00:00,1.38374,1.38376,1.3831,1.3837,977,0,0
2025-05-29 00:00:00,1.3835899999999999,1.3835899999999999,1.38315,1.38319,80,19,0
2025-05-29 01:00:00,1.38319,1.3836,1.38315,1.38337,1072,0,0
2025-05-29 02:00:00,1.38337,1.38611,1.3832900000000001,1.38538,3794,0,0
2025-05-29 03:00:00,1.38538,1.38594,1.3844699999999999,1.38544,3769,0,0
2025-05-29 04:00:00,1.38544,1.38618,1.38469,1.38474,3379,0,0
2025-05-29 05:00:00,1.38474,1.38555,1.38431,1.38494,2414,0,0
2025-05-29 06:00:00,1.38494,1.38518,1.38437,1.38482,1923,0,0
2025-05-29 07:00:00,1.38482,1.38525,1.38409,1.38432,2139,0,0
2025-05-29 08:00:00,1.38432,1.3857,1.38423,1.38517,2743,0,0
2025-05-29 09:00:00,1.38517,1.3852,1.38296,1.3832900000000001,2517,0,0
2025-05-29 10:00:00,1.3832900000000001,1.38352,1.38167,1.3819,2514,0,0
2025-05-29 11:00:00,1.38189,1.3833,1.3816899999999999,1.38328,1970,0,0
2025-05-29 12:00:00,1.38328,1.38347,1.38189,1.38216,1657,0,0
2025-05-29 13:00:00,1.38216,1.38267,1.38172,1.38259,1706,0,0
2025-05-29 14:00:00,1.38258,1.38355,1.3823400000000001,1.38286,1865,0,0
2025-05-29 15:00:00,1.38286,1.38288,1.3796,1.37964,3581,0,0
2025-05-29 16:00:00,1.37964,1.3823699999999999,1.37851,1.38194,4129,0,0
2025-05-29 17:00:00,1.38194,1.38275,1.3805,1.3809,4244,0,0
2025-05-29 18:00:00,1.3809,1.38118,1.37969,1.38098,3268,0,0
2025-05-29 19:00:00,1.38098,1.38122,1.38008,1.38048,1979,0,0
2025-05-29 20:00:00,1.38048,1.38118,1.37978,1.38041,1709,0,0
2025-05-29 21:00:00,1.38046,1.38055,1.37968,1.38008,1805,0,0
2025-05-29 22:00:00,1.38008,1.38094,1.37981,1.38093,1700,0,0
2025-05-29 23:00:00,1.38093,1.38116,1.38064,1.38074,1010,0,0
2025-05-30 00:00:00,1.38077,1.38077,1.37982,1.38039,1253,26,0
2025-05-30 01:00:00,1.38039,1.3808,1.38008,1.38065,543,0,0
2025-05-30 02:00:00,1.38065,1.38096,1.38041,1.38072,798,0,0
2025-05-30 03:00:00,1.38072,1.38179,1.38007,1.38106,2563,0,0
2025-05-30 04:00:00,1.38106,1.38199,1.38026,1.38192,3070,0,0
2025-05-30 05:00:00,1.38192,1.38258,1.3817,1.38246,2729,0,0
2025-05-30 06:00:00,1.38246,1.38249,1.38188,1.3822999999999999,1985,0,0
2025-05-30 07:00:00,1.3822999999999999,1.38231,1.3818,1.38209,1436,0,0
2025-05-30 08:00:00,1.38209,1.38231,1.38113,1.38133,1938,0,0
2025-05-30 09:00:00,1.38133,1.38232,1.38132,1.38206,1717,0,0
2025-05-30 10:00:00,1.38206,1.383,1.3814,1.3817599999999999,2262,0,0
2025-05-30 11:00:00,1.38175,1.3823699999999999,1.38122,1.3818,2137,0,0
2025-05-30 12:00:00,1.3818,1.3820700000000001,1.38132,1.3819,1856,0,0
2025-05-30 13:00:00,1.3819,1.38202,1.38113,1.3814199999999999,1495,0,0
2025-05-30 14:00:00,1.3814199999999999,1.3816,1.3808099999999999,1.3808500000000001,1709,0,0
2025-05-30 15:00:00,1.3808500000000001,1.38141,1.3786800000000001,1.3794,3237,0,0
2025-05-30 16:00:00,1.3794,1.3798599999999999,1.37836,1.3796599999999999,3134,0,0
2025-05-30 17:00:00,1.37972,1.3798599999999999,1.37396,1.3749500000000001,4656,0,0
2025-05-30 18:00:00,1.37494,1.37588,1.3743400000000001,1.37482,4182,0,0
2025-05-30 19:00:00,1.37482,1.37633,1.37482,1.3756599999999999,2866,0,0
2025-05-30 20:00:00,1.3756599999999999,1.37609,1.37326,1.37398,2285,0,0
2025-05-30 21:00:00,1.37398,1.37398,1.37167,1.37181,2409,0,0
2025-05-30 22:00:00,1.37181,1.37269,1.3714,1.3725100000000001,2037,0,0
2025-05-30 23:00:00,1.37252,1.3743400000000001,1.37219,1.37362,1112,0,0
2025-06-02 00:00:00,1.37247,1.37366,1.37239,1.37331,461,37,0
2025-06-02 01:00:00,1.37331,1.3736,1.37247,1.37262,1159,1,0
2025-06-02 02:00:00,1.37262,1.37283,1.37223,1.37256,1982,0,0
2025-06-02 03:00:00,1.37256,1.37272,1.37135,1.37177,2774,0,0
2025-06-02 04:00:00,1.37177,1.37208,1.37043,1.37186,2787,0,0
2025-06-02 05:00:00,1.37186,1.37209,1.37123,1.37175,2344,0,0
2025-06-02 06:00:00,1.37175,1.37289,1.37146,1.37233,1771,0,0
2025-06-02 07:00:00,1.37233,1.3725800000000001,1.37211,1.37225,1906,0,0
2025-06-02 08:00:00,1.3722400000000001,1.37244,1.3713,1.3719000000000001,1940,0,0
2025-06-02 09:00:00,1.3719000000000001,1.3722400000000001,1.36991,1.37009,2011,0,0
2025-06-02 10:00:00,1.37009,1.37032,1.36746,1.36813,2617,0,0
2025-06-02 11:00:00,1.36813,1.3697300000000001,1.36748,1.36951,2424,0,0
2025-06-02 12:00:00,1.36951,1.37002,1.3685800000000001,1.36954,2234,0,0
2025-06-02 13:00:00,1.36954,1.36974,1.3686099999999999,1.36957,1969,0,0
2025-06-02 14:00:00,1.36957,1.37109,1.36934,1.37066,2248,0,0
2025-06-02 15:00:00,1.37066,1.3707099999999999,1.36914,1.3696,2583,0,0
2025-06-02 16:00:00,1.3696,1.3713199999999999,1.36943,1.3703400000000001,3314,0,0
2025-06-02 17:00:00,1.37035,1.37088,1.36934,1.37004,4953,0,0
2025-06-02 18:00:00,1.37004,1.37058,1.36896,1.36999,3433,0,0
2025-06-02 19:00:00,1.36999,1.37145,1.36992,1.37114,2477,0,0
2025-06-02 20:00:00,1.37114,1.37238,1.37106,1.37182,2087,0,0
2025-06-02 21:00:00,1.37182,1.3721700000000001,1.37093,1.37121,1612,0,0
2025-06-02 22:00:00,1.37121,1.3715600000000001,1.37013,1.37024,1342,0,0
2025-06-02 23:00:00,1.37024,1.37167,1.37012,1.37118,946,0,0
2025-06-03 00:00:00,1.3712900000000001,1.3712900000000001,1.3704399999999999,1.37088,158,18,0
2025-06-03 01:00:00,1.37088,1.37195,1.37088,1.37151,511,0,0
2025-06-03 02:00:00,1.37151,1.3716,1.37088,1.37107,1251,0,0
2025-06-03 03:00:00,1.37107,1.37264,1.37107,1.37201,2383,0,0
2025-06-03 04:00:00,1.37201,1.3726,1.3719000000000001,1.37246,2409,0,0
2025-06-03 05:00:00,1.37246,1.37343,1.37235,1.37303,2262,0,0
2025-06-03 06:00:00,1.37303,1.37353,1.37296,1.37347,1982,0,0
2025-06-03 07:00:00,1.37348,1.37353,1.37324,1.37329,1270,0,0
2025-06-03 08:00:00,1.37329,1.37392,1.37321,1.37329,1477,0,0
2025-06-03 09:00:00,1.37329,1.37381,1.37247,1.37249,2064,0,0
2025-06-03 10:00:00,1.37249,1.37355,1.37231,1.3732199999999999,2512,0,0
2025-06-03 11:00:00,1.3732199999999999,1.37388,1.37275,1.37301,2268,0,0
2025-06-03 12:00:00,1.37301,1.3734600000000001,1.3722699999999999,1.37273,2261,0,0
2025-06-03 13:00:00,1.37273,1.37348,1.37248,1.37334,1945,0,0
2025-06-03 14:00:00,1.37334,1.37419,1.37323,1.37391,2046,0,0
2025-06-03 15:00:00,1.37391,1.3743,1.37268,1.373,2296,0,0
2025-06-03 16:00:00,1.373,1.3734199999999999,1.37182,1.37296,2991,0,0
2025-06-03 17:00:00,1.37293,1.3734899999999999,1.37012,1.37072,3777,0,0
2025-06-03 18:00:00,1.37072,1.37307,1.37059,1.3721999999999999,3005,0,0
2025-06-03 19:00:00,1.3721999999999999,1.37316,1.37198,1.37256,1733,0,0
2025-06-03 20:00:00,1.37256,1.37266,1.37162,1.37192,1546,0,0
2025-06-03 21:00:00,1.37192,1.3725100000000001,1.37152,1.37157,1435,0,0
2025-06-03 22:00:00,1.37157,1.37208,1.37144,1.37199,1245,0,0
2025-06-03 23:00:00,1.37199,1.3722699999999999,1.3712900000000001,1.37202,753,0,0
2025-06-04 00:00:00,1.37196,1.37198,1.37096,1.37183,236,20,0
2025-06-04 01:00:00,1.37183,1.37235,1.37176,1.37235,685,0,0
2025-06-04 02:00:00,1.37235,1.37235,1.37146,1.37157,1104,0,0
2025-06-04 03:00:00,1.37157,1.37196,1.37116,1.37137,2430,0,0
2025-06-04 04:00:00,1.37137,1.37215,1.37059,1.3710499999999999,3080,0,0
2025-06-04 05:00:00,1.3710499999999999,1.37188,1.3706800000000001,1.37183,2321,0,0
2025-06-04 06:00:00,1.37183,1.37234,1.37151,1.37198,2001,0,0
2025-06-04 07:00:00,1.37199,1.3724,1.3715899999999999,1.3722699999999999,2330,0,0
2025-06-04 08:00:00,1.3722699999999999,1.37282,1.37203,1.37256,2024,0,0
2025-06-04 09:00:00,1.37256,1.37318,1.37211,1.37212,2660,0,0
2025-06-04 10:00:00,1.37212,1.37216,1.37104,1.37175,2371,0,0
2025-06-04 11:00:00,1.37175,1.3721700000000001,1.3707099999999999,1.37087,2109,0,0
2025-06-04 12:00:00,1.37087,1.37174,1.37076,1.37145,1867,0,0
2025-06-04 13:00:00,1.37145,1.37198,1.37099,1.37127,2058,0,0
2025-06-04 14:00:00,1.37127,1.37138,1.3704,1.37069,1930,0,0
2025-06-04 15:00:00,1.37069,1.37086,1.36941,1.37,3161,0,0
2025-06-04 16:00:00,1.37,1.37103,1.36917,1.37072,3369,0,0
2025-06-04 17:00:00,1.37073,1.37073,1.36619,1.36666,4830,0,0
2025-06-04 18:00:00,1.36666,1.36877,1.36643,1.36707,3894,0,0
2025-06-04 19:00:00,1.36707,1.36707,1.36551,1.36555,1945,0,0
2025-06-04 20:00:00,1.36555,1.36613,1.36527,1.366,1535,0,0
2025-06-04 21:00:00,1.366,1.36688,1.36592,1.36651,1625,0,0
2025-06-04 22:00:00,1.36651,1.36817,1.36604,1.36816,1399,0,0
2025-06-04 23:00:00,1.36816,1.36856,1.36728,1.36791,1090,0,0
2025-06-05 00:00:00,1.36768,1.36768,1.3671,1.36713,109,26,0
2025-06-05 01:00:00,1.36713,1.36795,1.36713,1.36794,596,0,0
2025-06-05 02:00:00,1.36794,1.36818,1.36721,1.36818,1658,0,0
2025-06-05 03:00:00,1.36818,1.36828,1.36716,1.36726,2724,0,0
2025-06-05 04:00:00,1.36726,1.3682,1.3669799999999999,1.36782,2726,0,0
2025-06-05 05:00:00,1.36782,1.36833,1.3677000000000001,1.36773,2238,0,0
2025-06-05 06:00:00,1.36772,1.36833,1.36718,1.36832,2140,0,0
2025-06-05 07:00:00,1.36832,1.36842,1.36758,1.36787,1465,0,0
2025-06-05 08:00:00,1.36787,1.36832,1.36753,1.36815,1916,0,0
2025-06-05 09:00:00,1.36816,1.36826,1.36685,1.3672900000000001,2012,0,0
2025-06-05 10:00:00,1.3672900000000001,1.36734,1.36596,1.36717,2162,0,0
2025-06-05 11:00:00,1.36717,1.3672,1.36632,1.36647,1881,0,0
2025-06-05 12:00:00,1.36647,1.3667500000000001,1.36584,1.36585,1979,0,0
2025-06-05 13:00:00,1.36585,1.36608,1.3653,1.36571,1915,0,0
2025-06-05 14:00:00,1.36571,1.3666,1.36537,1.36603,1767,0,0
2025-06-05 15:00:00,1.36603,1.3664399999999999,1.36483,1.36552,3749,0,0
2025-06-05 16:00:00,1.36552,1.36587,1.36345,1.36463,4741,0,0
2025-06-05 17:00:00,1.36462,1.36573,1.36408,1.36536,4278,0,0
2025-06-05 18:00:00,1.36536,1.36723,1.36447,1.3667799999999999,3607,0,0
2025-06-05 19:00:00,1.3667799999999999,1.36756,1.36624,1.3667,3083,0,0
2025-06-05 20:00:00,1.3667,1.36689,1.36567,1.36568,1768,0,0
2025-06-05 21:00:00,1.36568,1.36688,1.36567,1.36612,1684,0,0
2025-06-05 22:00:00,1.36612,1.36724,1.36612,1.36656,2178,0,0
2025-06-05 23:00:00,1.36656,1.3674,1.3664399999999999,1.36738,1027,0,0
2025-06-06 00:00:00,1.3673899999999999,1.36745,1.36706,1.36737,150,20,0
2025-06-06 01:00:00,1.36737,1.3676,1.36711,1.36717,366,0,0
2025-06-06 02:00:00,1.36717,1.36723,1.36672,1.3667500000000001,915,0,0
2025-06-06 03:00:00,1.3667500000000001,1.3667500000000001,1.36611,1.36653,2197,0,0
2025-06-06 04:00:00,1.36653,1.3668,1.36603,1.36658,2013,0,0
2025-06-06 05:00:00,1.36658,1.3670900000000001,1.3665,1.3668,1974,0,0
2025-06-06 06:00:00,1.3668,1.36689,1.36622,1.3663699999999999,2110,0,0
2025-06-06 07:00:00,1.3663699999999999,1.36643,1.3660999999999999,1.3661699999999999,1496,0,0
2025-06-06 08:00:00,1.3661699999999999,1.36681,1.36611,1.36636,1839,0,0
2025-06-06 09:00:00,1.36636,1.3669799999999999,1.36627,1.36667,1880,0,0
2025-06-06 10:00:00,1.36667,1.36718,1.36621,1.36682,2137,0,0
2025-06-06 11:00:00,1.36684,1.3681,1.36683,1.36808,1781,0,0
2025-06-06 12:00:00,1.36807,1.36869,1.36761,1.36789,1552,0,0
2025-06-06 13:00:00,1.36789,1.3679700000000001,1.36723,1.36781,1554,0,0
2025-06-06 14:00:00,1.36781,1.36906,1.36767,1.36887,1788,0,0
2025-06-06 15:00:00,1.36887,1.37006,1.36666,1.36815,5094,0,0
2025-06-06 16:00:00,1.36815,1.37046,1.36755,1.3685399999999999,5635,0,0
2025-06-06 17:00:00,1.36853,1.36911,1.36695,1.3689,4727,0,0
2025-06-06 18:00:00,1.3689,1.36967,1.36818,1.36864,3422,0,0
2025-06-06 19:00:00,1.36864,1.37018,1.36845,1.36996,2567,0,0
2025-06-06 20:00:00,1.36996,1.37008,1.36906,1.36909,2043,0,0
2025-06-06 21:00:00,1.36909,1.36979,1.36903,1.36954,1707,0,0
2025-06-06 22:00:00,1.36954,1.3703400000000001,1.36933,1.3696,1502,0,0
2025-06-06 23:00:00,1.36959,1.37005,1.36908,1.36969,932,0,0
2025-06-09 00:00:00,1.3679000000000001,1.3697,1.36785,1.36903,337,47,0
2025-06-09 01:00:00,1.36903,1.36999,1.36896,1.36931,658,1,0
2025-06-09 02:00:00,1.36931,1.36969,1.36911,1.36926,1142,0,0
2025-06-09 03:00:00,1.36926,1.36961,1.36891,1.36925,1768,0,0
2025-06-09 04:00:00,1.36925,1.36925,1.36802,1.36811,2175,0,0
2025-06-09 05:00:00,1.36811,1.36853,1.36771,1.3685100000000001,2150,0,0
2025-06-09 06:00:00,1.3685100000000001,1.36866,1.36836,1.36862,1268,0,0
2025-06-09 07:00:00,1.36862,1.36877,1.36835,1.36846,1624,0,0
2025-06-09 08:00:00,1.36846,1.36895,1.3682400000000001,1.3685399999999999,1637,0,0
2025-06-09 09:00:00,1.3685399999999999,1.36881,1.36782,1.36821,1696,0,0
2025-06-09 10:00:00,1.36821,1.36849,1.3678,1.36821,1837,0,0
2025-06-09 11:00:00,1.36821,1.36839,1.367,1.3678,2149,0,0
2025-06-09 12:00:00,1.3678,1.36783,1.36696,1.36751,1696,0,0
2025-06-09 13:00:00,1.36751,1.36787,1.36718,1.36777,1429,0,0
2025-06-09 14:00:00,1.36777,1.36868,1.36735,1.3682,1619,0,0
2025-06-09 15:00:00,1.3682,1.3691200000000001,1.36799,1.36883,2080,0,0
2025-06-09 16:00:00,1.36883,1.3706800000000001,1.36863,1.37047,2961,0,0
2025-06-09 17:00:00,1.37047,1.3707500000000001,1.36755,1.36832,3178,0,0
2025-06-09 18:00:00,1.36832,1.36917,1.3673600000000001,1.3677000000000001,2481,0,0
2025-06-09 19:00:00,1.3677000000000001,1.36783,1.36707,1.36747,1525,0,0
2025-06-09 20:00:00,1.36747,1.36865,1.36722,1.3685399999999999,1463,0,0
2025-06-09 21:00:00,1.3685399999999999,1.36879,1.36757,1.36764,1201,0,0
2025-06-09 22:00:00,1.36764,1.36875,1.36764,1.36856,1260,0,0
2025-06-09 23:00:00,1.36856,1.37005,1.36856,1.3698299999999999,787,0,0
2025-06-10 00:00:00,1.36992,1.36992,1.36884,1.3697300000000001,160,19,0
2025-06-10 01:00:00,1.3697300000000001,1.3700999999999999,1.36971,1.36972,687,0,0
2025-06-10 02:00:00,1.36972,1.37038,1.36952,1.37008,1456,0,0
2025-06-10 03:00:00,1.37009,1.37056,1.36942,1.3699,2433,0,0
2025-06-10 04:00:00,1.3699,1.37134,1.36947,1.37119,2808,0,0
2025-06-10 05:00:00,1.37119,1.3715899999999999,1.37054,1.37057,1632,0,0
2025-06-10 06:00:00,1.37057,1.37086,1.3700700000000001,1.37013,1556,0,0
2025-06-10 07:00:00,1.37013,1.3709,1.36996,1.3706800000000001,1159,0,0
2025-06-10 08:00:00,1.3706800000000001,1.37154,1.37047,1.3710499999999999,2365,0,0
2025-06-10 09:00:00,1.3710499999999999,1.37196,1.37055,1.37174,2693,0,0
2025-06-10 10:00:00,1.37176,1.37286,1.37119,1.37207,2702,0,0
2025-06-10 11:00:00,1.37207,1.3721,1.3707099999999999,1.3707099999999999,2038,0,0
2025-06-10 12:00:00,1.3707099999999999,1.37089,1.36996,1.3700999999999999,1847,0,0
2025-06-10 13:00:00,1.3700999999999999,1.37026,1.36961,1.37005,1599,0,0
2025-06-10 14:00:00,1.37005,1.3701400000000001,1.36868,1.36929,1836,0,0
2025-06-10 15:00:00,1.3693,1.36931,1.36843,1.36914,2185,0,0
2025-06-10 16:00:00,1.36913,1.36936,1.36706,1.36723,3435,0,0
2025-06-10 17:00:00,1.36723,1.36823,1.36681,1.3676,3536,0,0
2025-06-10 18:00:00,1.3676,1.36874,1.36755,1.3684,2664,0,0
2025-06-10 19:00:00,1.3684,1.36852,1.36752,1.36833,1623,0,0
2025-06-10 20:00:00,1.36833,1.36879,1.36795,1.36872,1619,0,0
2025-06-10 21:00:00,1.36872,1.36931,1.36862,1.36897,1419,0,0
2025-06-10 22:00:00,1.36897,1.36905,1.36716,1.36741,1637,0,0
2025-06-10 23:00:00,1.36741,1.3678,1.36696,1.3670200000000001,970,0,0
2025-06-11 00:00:00,1.36689,1.3670499999999999,1.36633,1.36694,530,40,0
2025-06-11 01:00:00,1.36694,1.36748,1.36681,1.36685,787,0,0
2025-06-11 02:00:00,1.36685,1.36716,1.3664399999999999,1.36686,1709,0,0
2025-06-11 03:00:00,1.36686,1.3673600000000001,1.36658,1.36727,2329,0,0
2025-06-11 04:00:00,1.36727,1.3679999999999999,1.36703,1.36788,1963,0,0
2025-06-11 05:00:00,1.36788,1.36821,1.36764,1.36812,1690,0,0
2025-06-11 06:00:00,1.36812,1.36837,1.36771,1.36771,825,0,0
2025-06-11 07:00:00,1.36771,1.36819,1.36771,1.36813,1384,0,0
2025-06-11 08:00:00,1.36813,1.36815,1.36762,1.36772,1218,0,0
2025-06-11 09:00:00,1.36772,1.3684,1.36758,1.36802,1760,0,0
2025-06-11 10:00:00,1.36802,1.36844,1.36742,1.36753,2316,0,0
2025-06-11 11:00:00,1.36752,1.3684,1.36742,1.3682400000000001,2076,0,0
2025-06-11 12:00:00,1.3682400000000001,1.36883,1.36796,1.36823,2327,0,0
2025-06-11 13:00:00,1.36823,1.3688500000000001,1.36751,1.36842,2163,0,0
2025-06-11 14:00:00,1.36843,1.36886,1.36799,1.36802,2238,0,0
2025-06-11 15:00:00,1.36802,1.36902,1.36502,1.36634,4611,0,0
2025-06-11 16:00:00,1.36634,1.36788,1.36603,1.36654,4773,0,0
2025-06-11 17:00:00,1.36654,1.36686,1.36588,1.36686,3176,0,0
2025-06-11 18:00:00,1.36686,1.36717,1.3663,1.36638,2512,0,0
2025-06-11 19:00:00,1.36638,1.36701,1.36541,1.36567,1826,0,0
2025-06-11 20:00:00,1.36567,1.36596,1.365,1.36592,1579,0,0
2025-06-11 21:00:00,1.36592,1.36708,1.3655599999999999,1.36628,2643,0,0
2025-06-11 22:00:00,1.36628,1.36726,1.36628,1.36662,2207,0,0
2025-06-11 23:00:00,1.36663,1.36744,1.3664399999999999,1.36717,1146,0,0
2025-06-12 00:00:00,1.36684,1.3672,1.36585,1.36708,167,38,0
2025-06-12 01:00:00,1.36708,1.36725,1.36626,1.36643,721,0,0
2025-06-12 02:00:00,1.36642,1.36687,1.36613,1.36665,1365,0,0
2025-06-12 03:00:00,1.36665,1.36706,1.36629,1.36643,2521,0,0
2025-06-12 04:00:00,1.36643,1.36701,1.3661699999999999,1.36662,2833,0,0
2025-06-12 05:00:00,1.36662,1.36733,1.36661,1.3670200000000001,1655,0,0
2025-06-12 06:00:00,1.3670200000000001,1.36712,1.36584,1.36588,2245,0,0
2025-06-12 07:00:00,1.36588,1.36618,1.3655,1.36565,1579,0,0
2025-06-12 08:00:00,1.36565,1.36588,1.36479,1.36484,1635,0,0
2025-06-12 09:00:00,1.36484,1.36531,1.36448,1.3651200000000001,2235,0,0
2025-06-12 10:00:00,1.3651200000000001,1.36753,1.36506,1.36667,2737,0,0
2025-06-12 11:00:00,1.36667,1.36719,1.3656,1.36566,2742,0,0
2025-06-12 12:00:00,1.36566,1.3661400000000001,1.36433,1.3649,2975,0,0
2025-06-12 13:00:00,1.3649,1.36506,1.36288,1.36358,3326,0,0
2025-06-12 14:00:00,1.36358,1.3639000000000001,1.36255,1.36365,2383,0,0
2025-06-12 15:00:00,1.36365,1.36382,1.36182,1.36184,3227,0,0
2025-06-12 16:00:00,1.36184,1.3627099999999999,1.36145,1.36223,3438,0,0
2025-06-12 17:00:00,1.36223,1.36231,1.36097,1.3611,3285,0,0
2025-06-12 18:00:00,1.36111,1.36203,1.36086,1.36173,2799,0,0
2025-06-12 19:00:00,1.36172,1.36176,1.36051,1.36072,1908,0,0
2025-06-12 20:00:00,1.36072,1.36148,1.36009,1.36015,1411,0,0
2025-06-12 21:00:00,1.36015,1.36053,1.3599700000000001,1.36032,1060,0,0
2025-06-12 22:00:00,1.36032,1.36082,1.3603100000000001,1.36059,935,0,0
2025-06-12 23:00:00,1.36059,1.3608,1.36005,1.36016,1271,0,0
2025-06-13 00:00:00,1.36008,1.36026,1.35979,1.36005,363,41,0
2025-06-13 01:00:00,1.36005,1.36038,1.35984,1.36038,625,0,0
2025-06-13 02:00:00,1.36038,1.36052,1.35954,1.35961,1418,0,0
2025-06-13 03:00:00,1.35962,1.36345,1.35925,1.3627099999999999,6274,0,0
2025-06-13 04:00:00,1.3627099999999999,1.36455,1.36255,1.36287,4376,0,0
2025-06-13 05:00:00,1.36288,1.3630200000000001,1.36174,1.36232,4457,0,0
2025-06-13 06:00:00,1.36232,1.36385,1.3622,1.3632,3201,0,0
2025-06-13 07:00:00,1.3632,1.36499,1.36307,1.36494,2139,0,0
2025-06-13 08:00:00,1.36494,1.36517,1.36376,1.36432,2670,0,0
2025-06-13 09:00:00,1.36432,1.36444,1.36325,1.36353,3345,0,0
2025-06-13 10:00:00,1.36352,1.36353,1.36175,1.36203,3509,0,0
2025-06-13 11:00:00,1.36203,1.3625099999999999,1.36127,1.36161,2728,0,0
2025-06-13 12:00:00,1.36161,1.36298,1.36134,1.36273,2927,0,0
2025-06-13 13:00:00,1.36273,1.36452,1.36194,1.36388,3292,0,0
2025-06-13 14:00:00,1.36388,1.36507,1.36304,1.3633899999999999,2948,0,0
2025-06-13 15:00:00,1.3633899999999999,1.36342,1.36138,1.36161,2496,0,0
2025-06-13 16:00:00,1.36161,1.36326,1.36138,1.362,4020,0,0
2025-06-13 17:00:00,1.36194,1.36199,1.35885,1.35935,4701,0,0
2025-06-13 18:00:00,1.35935,1.35954,1.3574899999999999,1.35765,3693,0,0
2025-06-13 19:00:00,1.35765,1.3589,1.35663,1.35858,2763,0,0
2025-06-13 20:00:00,1.35858,1.36011,1.35831,1.35897,2621,0,0
2025-06-13 21:00:00,1.35897,1.35999,1.35884,1.35935,3016,0,0
2025-06-13 22:00:00,1.35937,1.35987,1.35819,1.3585,2471,0,0
2025-06-13 23:00:00,1.3585,1.35967,1.35784,1.35829,2089,0,0
2025-06-16 00:00:00,1.35831,1.35941,1.3572899999999999,1.3591,603,39,0
2025-06-16 01:00:00,1.3591,1.3592,1.35774,1.35827,6366,1,0
2025-06-16 02:00:00,1.35827,1.35935,1.3581400000000001,1.3583,3748,1,0
2025-06-16 03:00:00,1.3583,1.35911,1.35809,1.35903,3079,1,0
2025-06-16 04:00:00,1.3590499999999999,1.35974,1.35886,1.35949,3934,1,0
2025-06-16 05:00:00,1.3595,1.3600400000000001,1.35913,1.36002,3457,1,0
2025-06-16 06:00:00,1.36001,1.3607,1.35953,1.3606099999999999,2499,1,0
2025-06-16 07:00:00,1.3606099999999999,1.36063,1.36002,1.36018,2412,1,0
2025-06-16 08:00:00,1.36019,1.36019,1.35792,1.35813,3378,1,0
2025-06-16 09:00:00,1.35813,1.35925,1.35779,1.35813,3279,1,0
2025-06-16 10:00:00,1.3581400000000001,1.35845,1.3572,1.35743,2704,1,0
2025-06-16 11:00:00,1.35743,1.35781,1.35698,1.35731,2531,1,0
2025-06-16 12:00:00,1.35731,1.35745,1.35699,1.35712,1904,1,0
2025-06-16 13:00:00,1.35712,1.35736,1.35653,1.35712,1867,1,0
2025-06-16 14:00:00,1.35712,1.35745,1.35644,1.35662,1717,1,0
2025-06-16 15:00:00,1.35662,1.35684,1.35587,1.35596,2193,1,0
2025-06-16 16:00:00,1.35596,1.35599,1.35399,1.3550499999999999,3548,1,0
2025-06-16 17:00:00,1.3550499999999999,1.35615,1.35415,1.35596,3753,1,0
2025-06-16 18:00:00,1.35596,1.35651,1.35508,1.3557000000000001,3195,1,0
2025-06-16 19:00:00,1.3557000000000001,1.35584,1.355,1.3555,1615,1,0
2025-06-16 20:00:00,1.3555,1.35606,1.35538,1.35571,1567,1,0
2025-06-16 21:00:00,1.35574,1.35617,1.35552,1.35598,1382,1,0
2025-06-16 22:00:00,1.35598,1.35802,1.3559700000000001,1.35781,1712,1,0
2025-06-16 23:00:00,1.35781,1.35797,1.35667,1.357,1045,1,0
2025-06-17 00:00:00,1.35698,1.35698,1.35614,1.3566799999999999,121,22,0
2025-06-17 01:00:00,1.3566799999999999,1.35759,1.35648,1.35714,1044,1,0
2025-06-17 02:00:00,1.35714,1.35761,1.35674,1.3574,1546,1,0
2025-06-17 03:00:00,1.35736,1.35824,1.35727,1.35762,3559,1,0
2025-06-17 04:00:00,1.35759,1.35801,1.35711,1.35774,3074,1,0
2025-06-17 05:00:00,1.35774,1.35813,1.35725,1.35732,2797,1,0
2025-06-17 06:00:00,1.35732,1.3575300000000001,1.35698,1.35738,2121,1,0
2025-06-17 07:00:00,1.35739,1.35748,1.3568799999999999,1.35728,1429,1,0
2025-06-17 08:00:00,1.35728,1.35791,1.35715,1.35771,1658,1,0
2025-06-17 09:00:00,1.35771,1.35832,1.35731,1.35813,2715,1,0
2025-06-17 10:00:00,1.35813,1.35816,1.35673,1.35704,2334,1,0
2025-06-17 11:00:00,1.35704,1.35724,1.3563399999999999,1.35696,2004,1,0
2025-06-17 12:00:00,1.3569499999999999,1.35727,1.3563,1.35639,2535,1,0
2025-06-17 13:00:00,1.35639,1.35669,1.35565,1.35649,2165,1,0
2025-06-17 14:00:00,1.35649,1.3566500000000001,1.35592,1.3562,2132,1,0
2025-06-17 15:00:00,1.3562,1.35836,1.3558,1.35828,2698,1,0
2025-06-17 16:00:00,1.35828,1.35888,1.35742,1.35824,3180,1,0
2025-06-17 17:00:00,1.35824,1.36003,1.35792,1.35927,3640,1,0
2025-06-17 18:00:00,1.35927,1.3596599999999999,1.35867,1.35883,2710,1,0
2025-06-17 19:00:00,1.35883,1.36202,1.35842,1.36135,2387,1,0
2025-06-17 20:00:00,1.36135,1.36352,1.3609499999999999,1.36306,2852,1,0
2025-06-17 21:00:00,1.36306,1.3653,1.36286,1.36447,2586,1,0
2025-06-17 22:00:00,1.36447,1.36476,1.36371,1.36464,2227,1,0
2025-06-17 23:00:00,1.36464,1.36931,1.3645399999999999,1.36749,2847,1,0
2025-06-18 00:00:00,1.36741,1.36789,1.36503,1.36745,543,35,0
2025-06-18 01:00:00,1.36745,1.3689200000000001,1.36723,1.36877,1153,1,0
2025-06-18 02:00:00,1.36877,1.3691499999999999,1.3683100000000001,1.36841,1677,1,0
2025-06-18 03:00:00,1.36841,1.36841,1.36689,1.36762,3277,1,0
2025-06-18 04:00:00,1.36762,1.3678,1.36683,1.36715,3401,1,0
2025-06-18 05:00:00,1.36715,1.36745,1.36665,1.36681,2600,1,0
2025-06-18 06:00:00,1.36682,1.36683,1.36615,1.36643,1740,1,0
2025-06-18 07:00:00,1.36643,1.36685,1.36572,1.36584,2175,1,0
2025-06-18 08:00:00,1.36584,1.3662,1.3655300000000001,1.36577,2149,1,0
2025-06-18 09:00:00,1.36577,1.36621,1.36538,1.36597,2676,1,0
2025-06-18 10:00:00,1.36597,1.36654,1.36513,1.36612,2075,1,0
2025-06-18 11:00:00,1.36612,1.3672,1.36596,1.36663,2150,1,0
2025-06-18 12:00:00,1.36663,1.36704,1.3663699999999999,1.36643,1678,1,0
2025-06-18 13:00:00,1.36643,1.36693,1.36598,1.3668,2253,1,0
2025-06-18 14:00:00,1.3668,1.36693,1.3657,1.36595,1625,1,0
2025-06-18 15:00:00,1.36595,1.36622,1.36344,1.36472,2663,1,0
2025-06-18 16:00:00,1.36472,1.36756,1.36449,1.36643,3461,1,0
2025-06-18 17:00:00,1.36643,1.36898,1.36481,1.3689200000000001,4949,1,0
2025-06-18 18:00:00,1.3689200000000001,1.36959,1.36695,1.36852,3212,1,0
2025-06-18 19:00:00,1.36852,1.36852,1.36654,1.36765,2102,1,0
2025-06-18 20:00:00,1.36767,1.36852,1.36696,1.36791,1887,1,0
2025-06-18 21:00:00,1.36786,1.36957,1.36538,1.36948,6646,1,0
2025-06-18 22:00:00,1.36947,1.37028,1.36862,1.37002,4817,1,0
2025-06-18 23:00:00,1.37002,1.37033,1.36889,1.36928,1769,1,0
2025-06-19 00:00:00,1.36914,1.36914,1.36804,1.36848,295,55,0
2025-06-19 01:00:00,1.36848,1.36969,1.36848,1.36933,848,1,0
2025-06-19 02:00:00,1.36933,1.3698299999999999,1.3692,1.36966,1964,1,0
2025-06-19 03:00:00,1.36966,1.3700999999999999,1.3694899999999999,1.37008,3118,1,0
2025-06-19 04:00:00,1.37008,1.37141,1.37005,1.37135,3359,1,0
2025-06-19 05:00:00,1.37135,1.37218,1.37111,1.37168,1968,1,0
2025-06-19 06:00:00,1.37168,1.37169,1.37091,1.37111,2585,1,0
2025-06-19 07:00:00,1.37111,1.37116,1.3707099999999999,1.37076,2340,1,0
2025-06-19 08:00:00,1.37076,1.37247,1.37073,1.37191,2401,1,0
2025-06-19 09:00:00,1.37191,1.37302,1.37181,1.37194,2679,1,0
2025-06-19 10:00:00,1.37194,1.3726,1.3712900000000001,1.37239,2729,1,0
2025-06-19 11:00:00,1.37239,1.37262,1.3707,1.37085,2765,1,0
2025-06-19 12:00:00,1.37085,1.37148,1.37058,1.37134,2054,1,0
2025-06-19 13:00:00,1.37134,1.37146,1.37081,1.3712900000000001,1790,1,0
2025-06-19 14:00:00,1.3713,1.3716300000000001,1.3703,1.3707099999999999,1805,1,0
2025-06-19 15:00:00,1.3707099999999999,1.3721999999999999,1.37036,1.37184,1977,1,0
2025-06-19 16:00:00,1.37182,1.37279,1.37117,1.37264,2439,1,0
2025-06-19 17:00:00,1.37263,1.37463,1.37245,1.37392,3189,1,0
2025-06-19 18:00:00,1.37392,1.37411,1.37314,1.37369,1914,1,0
2025-06-19 19:00:00,1.37369,1.37408,1.37283,1.37316,976,1,0
2025-06-19 20:00:00,1.37316,1.37318,1.3715899999999999,1.37177,1185,1,0
2025-06-19 21:00:00,1.37177,1.3721,1.37106,1.37134,1134,1,0
2025-06-19 22:00:00,1.37134,1.37146,1.36967,1.36989,1110,1,0
2025-06-19 23:00:00,1.36989,1.37061,1.3697599999999999,1.36997,1153,1,0
2025-06-20 00:00:00,1.36988,1.37039,1.36952,1.36966,345,42,0
2025-06-20 01:00:00,1.36966,1.37032,1.3696,1.36998,962,1,0
2025-06-20 02:00:00,1.36998,1.37003,1.36941,1.3695599999999999,2018,1,0
2025-06-20 03:00:00,1.3695599999999999,1.36967,1.36874,1.36914,3349,1,0
2025-06-20 04:00:00,1.36914,1.37002,1.369,1.37001,3491,1,0
2025-06-20 05:00:00,1.37001,1.37024,1.36945,1.36972,2410,1,0
2025-06-20 06:00:00,1.36972,1.36986,1.36898,1.3691200000000001,2416,1,0
2025-06-20 07:00:00,1.3691200000000001,1.36926,1.36886,1.36907,1451,1,0
2025-06-20 08:00:00,1.36907,1.36986,1.36897,1.36942,2032,1,0
2025-06-20 09:00:00,1.36941,1.37069,1.36941,1.37067,2211,1,0
2025-06-20 10:00:00,1.37067,1.37106,1.37021,1.37049,2270,1,0
2025-06-20 11:00:00,1.37048,1.37048,1.36944,1.3697,2085,1,0
2025-06-20 12:00:00,1.36971,1.36984,1.36932,1.3695,1548,1,0
2025-06-20 13:00:00,1.3695,1.37032,1.3692199999999999,1.3703,1604,1,0
2025-06-20 14:00:00,1.3703,1.37114,1.37012,1.37057,1650,1,0
2025-06-20 15:00:00,1.37057,1.37238,1.37057,1.37188,3047,1,0
2025-06-20 16:00:00,1.37183,1.3731499999999999,1.37123,1.3731499999999999,2796,1,0
2025-06-20 17:00:00,1.3731499999999999,1.37395,1.37253,1.37291,3535,1,0
2025-06-20 18:00:00,1.37291,1.37467,1.37257,1.37394,3022,1,0
2025-06-20 19:00:00,1.37394,1.37414,1.37276,1.373,2333,1,0
2025-06-20 20:00:00,1.373,1.37339,1.37262,1.37264,2074,1,0
2025-06-20 21:00:00,1.37264,1.37304,1.37199,1.3728500000000001,1870,1,0
2025-06-20 22:00:00,1.3728500000000001,1.37418,1.37246,1.3740700000000001,1855,1,0
2025-06-20 23:00:00,1.3740700000000001,1.37466,1.37291,1.37324,1180,1,0
2025-06-23 00:00:00,1.37478,1.37558,1.3737599999999999,1.37469,1126,98,0
2025-06-23 01:00:00,1.37469,1.3755899999999999,1.37369,1.37449,2858,1,0
2025-06-23 02:00:00,1.37449,1.37487,1.37384,1.37414,2710,1,0
2025-06-23 03:00:00,1.37414,1.37605,1.37382,1.37522,4216,1,0
2025-06-23 04:00:00,1.37521,1.37668,1.37501,1.37599,3972,1,0
2025-06-23 05:00:00,1.37599,1.37611,1.37527,1.37605,3096,1,0
2025-06-23 06:00:00,1.37605,1.3767,1.37587,1.37655,2938,1,0
2025-06-23 07:00:00,1.37655,1.37665,1.37585,1.3759299999999999,2610,1,0
2025-06-23 08:00:00,1.3759299999999999,1.37671,1.37496,1.37516,2906,1,0
2025-06-23 09:00:00,1.37516,1.37656,1.37431,1.37604,2410,1,0
2025-06-23 10:00:00,1.37604,1.37608,1.37519,1.37549,2616,1,0
2025-06-23 11:00:00,1.37549,1.37793,1.37541,1.37791,2736,1,0
2025-06-23 12:00:00,1.37791,1.3798,1.37782,1.37939,3142,1,0
2025-06-23 13:00:00,1.37939,1.37976,1.37875,1.3789799999999999,2275,1,0
2025-06-23 14:00:00,1.3789799999999999,1.37957,1.37793,1.37817,2154,1,0
2025-06-23 15:00:00,1.37817,1.37918,1.37794,1.37824,2480,1,0
2025-06-23 16:00:00,1.37824,1.37851,1.37553,1.37613,3796,1,0
2025-06-23 17:00:00,1.37618,1.37632,1.3734600000000001,1.37392,4934,1,0
2025-06-23 18:00:00,1.37392,1.3774899999999999,1.37253,1.37745,3870,1,0
2025-06-23 19:00:00,1.37743,1.37796,1.37573,1.37708,4701,1,0
2025-06-23 20:00:00,1.37707,1.37752,1.37447,1.37466,3946,1,0
2025-06-23 21:00:00,1.37466,1.37487,1.37355,1.3739,2890,1,0
2025-06-23 22:00:00,1.3739,1.37393,1.37303,1.3734899999999999,1312,1,0
2025-06-23 23:00:00,1.3734899999999999,1.37389,1.37273,1.37345,1190,1,0
2025-06-24 00:00:00,1.37329,1.37329,1.37249,1.37291,178,29,0
2025-06-24 01:00:00,1.37291,1.3738299999999999,1.37277,1.37302,1369,1,0
2025-06-24 02:00:00,1.37302,1.3736,1.37223,1.37302,2608,1,0
2025-06-24 03:00:00,1.37302,1.3734600000000001,1.37243,1.37287,3661,1,0
2025-06-24 04:00:00,1.37287,1.3731,1.37211,1.37291,3326,1,0
2025-06-24 05:00:00,1.37291,1.37313,1.37213,1.37226,2832,1,0
2025-06-24 06:00:00,1.37226,1.37234,1.37181,1.3719700000000001,1990,1,0
2025-06-24 07:00:00,1.3719700000000001,1.37236,1.37173,1.37187,2020,1,0
2025-06-24 08:00:00,1.37187,1.37228,1.37178,1.37189,1751,1,0
2025-06-24 09:00:00,1.37189,1.37238,1.37101,1.37106,2969,1,0
2025-06-24 10:00:00,1.37106,1.37311,1.37106,1.37225,3127,1,0
2025-06-24 11:00:00,1.37225,1.37244,1.37145,1.37167,2550,1,0
2025-06-24 12:00:00,1.3716599999999999,1.37174,1.37079,1.37127,1794,1,0
2025-06-24 13:00:00,1.37127,1.37206,1.37125,1.37201,1469,1,0
2025-06-24 14:00:00,1.37201,1.37201,1.37108,1.37145,1450,1,0
2025-06-24 15:00:00,1.37145,1.37215,1.37062,1.37067,2631,1,0
2025-06-24 16:00:00,1.37067,1.37218,1.37031,1.37176,3369,1,0
2025-06-24 17:00:00,1.37176,1.3719299999999999,1.36787,1.36987,3882,1,0
2025-06-24 18:00:00,1.36985,1.37155,1.36916,1.37127,2897,1,0
2025-06-24 19:00:00,1.37127,1.37206,1.37062,1.37082,1834,1,0
2025-06-24 20:00:00,1.37082,1.37153,1.37054,1.37099,1657,1,0
2025-06-24 21:00:00,1.37099,1.37257,1.37079,1.37238,1809,1,0
2025-06-24 22:00:00,1.37237,1.373,1.37187,1.37256,1501,1,0
2025-06-24 23:00:00,1.3725800000000001,1.37268,1.37183,1.37243,1243,1,0
2025-06-25 00:00:00,1.37232,1.37232,1.36992,1.37133,680,37,0
2025-06-25 01:00:00,1.37133,1.37289,1.37133,1.37273,610,1,0
2025-06-25 02:00:00,1.37273,1.3728099999999999,1.37231,1.37264,1335,1,0
2025-06-25 03:00:00,1.37264,1.3728099999999999,1.37214,1.37236,2396,1,0
2025-06-25 04:00:00,1.37236,1.37277,1.37181,1.37233,2147,1,0
2025-06-25 05:00:00,1.37233,1.37307,1.37233,1.37276,1816,1,0
2025-06-25 06:00:00,1.37276,1.37304,1.37235,1.37301,1757,1,0
2025-06-25 07:00:00,1.37301,1.3735,1.37291,1.37329,2031,1,0
2025-06-25 08:00:00,1.37329,1.37357,1.37273,1.3728099999999999,1450,1,0
2025-06-25 09:00:00,1.3728099999999999,1.3734199999999999,1.37244,1.37334,2280,1,0
2025-06-25 10:00:00,1.37333,1.3737599999999999,1.37222,1.37279,2365,1,0
2025-06-25 11:00:00,1.3727800000000001,1.3731900000000001,1.3721,1.37233,2215,1,0
2025-06-25 12:00:00,1.37233,1.37341,1.37231,1.37303,1786,1,0
2025-06-25 13:00:00,1.37304,1.3734199999999999,1.37295,1.3734,1342,1,0
2025-06-25 14:00:00,1.3734,1.37353,1.37301,1.3731900000000001,1640,1,0
2025-06-25 15:00:00,1.3731900000000001,1.37469,1.3731200000000001,1.37396,2431,1,0
2025-06-25 16:00:00,1.37393,1.37489,1.3734199999999999,1.37371,2866,1,0
2025-06-25 17:00:00,1.3737,1.37443,1.37292,1.37327,3099,1,0
2025-06-25 18:00:00,1.37327,1.37546,1.37321,1.3751,2811,1,0
2025-06-25 19:00:00,1.37511,1.37511,1.3727,1.37382,2338,1,0
2025-06-25 20:00:00,1.37382,1.37449,1.37282,1.37307,2277,1,0
2025-06-25 21:00:00,1.37308,1.3737,1.3725399999999999,1.3728,2310,1,0
2025-06-25 22:00:00,1.3728,1.3729,1.37184,1.3719999999999999,1855,1,0
2025-06-25 23:00:00,1.3719999999999999,1.37294,1.37164,1.37253,1484,1,0
2025-06-26 00:00:00,1.37235,1.37235,1.37138,1.37172,234,49,0
2025-06-26 01:00:00,1.37172,1.37247,1.37172,1.3722400000000001,636,1,0
2025-06-26 02:00:00,1.3722400000000001,1.3722400000000001,1.37119,1.37126,1816,1,0
2025-06-26 03:00:00,1.37126,1.37148,1.37081,1.37145,2157,1,0
2025-06-26 04:00:00,1.37145,1.37222,1.3710499999999999,1.37108,2654,1,0
2025-06-26 05:00:00,1.37108,1.37134,1.3701400000000001,1.3707500000000001,2713,1,0
2025-06-26 06:00:00,1.3707500000000001,1.37137,1.37011,1.37119,2325,1,0
2025-06-26 07:00:00,1.37119,1.37229,1.37117,1.37186,1805,1,0
2025-06-26 08:00:00,1.37186,1.37232,1.37151,1.37177,1588,1,0
2025-06-26 09:00:00,1.37177,1.37228,1.37057,1.37063,2777,1,0
2025-06-26 10:00:00,1.37062,1.37117,1.3698299999999999,1.3703,2948,1,0
2025-06-26 11:00:00,1.3703,1.3704,1.36799,1.3685800000000001,2759,1,0
2025-06-26 12:00:00,1.3685800000000001,1.36947,1.3685100000000001,1.36883,2517,1,0
2025-06-26 13:00:00,1.36883,1.36918,1.36813,1.36813,2091,1,0
2025-06-26 14:00:00,1.36813,1.36921,1.36771,1.36856,2292,1,0
2025-06-26 15:00:00,1.36857,1.36909,1.36711,1.36714,3355,1,0
2025-06-26 16:00:00,1.36714,1.3673,1.36379,1.36406,3774,1,0
2025-06-26 17:00:00,1.36406,1.36486,1.36257,1.36368,4667,1,0
2025-06-26 18:00:00,1.36368,1.36407,1.36287,1.36307,3455,1,0
2025-06-26 19:00:00,1.36307,1.36333,1.36179,1.3627500000000001,2288,1,0
2025-06-26 20:00:00,1.3627500000000001,1.3629,1.36179,1.36247,2100,1,0
2025-06-26 21:00:00,1.36247,1.3631,1.36204,1.36263,1929,1,0
2025-06-26 22:00:00,1.36263,1.36417,1.36261,1.36351,1669,1,0
2025-06-26 23:00:00,1.36349,1.36452,1.36321,1.36401,1149,1,0
2025-06-27 00:00:00,1.36394,1.36476,1.36343,1.36391,513,41,0
2025-06-27 01:00:00,1.36391,1.36468,1.36389,1.36426,697,1,0
2025-06-27 02:00:00,1.36426,1.36447,1.36395,1.3642400000000001,2137,1,0
2025-06-27 03:00:00,1.3642400000000001,1.36465,1.36395,1.36407,2689,1,0
2025-06-27 04:00:00,1.36407,1.36476,1.36356,1.36381,2355,1,0
2025-06-27 05:00:00,1.36381,1.36448,1.36352,1.36364,1810,1,0
2025-06-27 06:00:00,1.36364,1.3641,1.3635,1.36401,2219,1,0
2025-06-27 07:00:00,1.3639999999999999,1.36499,1.3639000000000001,1.36497,1448,1,0
2025-06-27 08:00:00,1.36497,1.36497,1.36436,1.36447,2011,1,0
2025-06-27 09:00:00,1.36447,1.36471,1.36296,1.36303,1998,1,0
2025-06-27 10:00:00,1.36303,1.36456,1.3627799999999999,1.36404,2452,1,0
2025-06-27 11:00:00,1.36404,1.36432,1.36374,1.3642,2073,1,0
2025-06-27 12:00:00,1.36419,1.36534,1.36408,1.36523,2031,1,0
2025-06-27 13:00:00,1.36523,1.36629,1.36504,1.36615,2052,1,0
2025-06-27 14:00:00,1.36615,1.36615,1.36465,1.36467,1935,1,0
2025-06-27 15:00:00,1.36467,1.36538,1.36412,1.36428,3031,1,0
2025-06-27 16:00:00,1.36428,1.36573,1.36407,1.36448,3306,1,0
2025-06-27 17:00:00,1.36438,1.36645,1.3643399999999999,1.36589,3161,1,0
2025-06-27 18:00:00,1.36589,1.36676,1.36499,1.36663,2946,1,0
2025-06-27 19:00:00,1.36664,1.36778,1.3663,1.36733,2271,1,0
2025-06-27 20:00:00,1.36733,1.37589,1.36728,1.37345,3722,1,0
2025-06-27 21:00:00,1.3734600000000001,1.37523,1.37134,1.37146,4483,1,0
2025-06-27 22:00:00,1.37146,1.37195,1.36987,1.36995,2476,1,0
2025-06-27 23:00:00,1.36995,1.37064,1.36822,1.36842,1695,1,0
2025-06-30 00:00:00,1.36801,1.36869,1.36727,1.36832,456,45,0
2025-06-30 01:00:00,1.36832,1.36926,1.36807,1.36835,2385,1,0
2025-06-30 02:00:00,1.36835,1.36862,1.36791,1.36821,1423,1,0
2025-06-30 03:00:00,1.36821,1.36999,1.36809,1.36942,2823,1,0
2025-06-30 04:00:00,1.36942,1.36957,1.36838,1.36938,3335,1,0
2025-06-30 05:00:00,1.36938,1.36941,1.3657599999999999,1.36723,4174,1,0
2025-06-30 06:00:00,1.36723,1.36802,1.36681,1.3679999999999999,1971,1,0
2025-06-30 07:00:00,1.36798,1.36818,1.3670499999999999,1.36725,2170,1,0
2025-06-30 08:00:00,1.36725,1.36728,1.36565,1.3658299999999999,2537,1,0
2025-06-30 09:00:00,1.36584,1.36658,1.3654600000000001,1.36555,2753,1,0
2025-06-30 10:00:00,1.36555,1.36754,1.36537,1.3673600000000001,2947,1,0
2025-06-30 11:00:00,1.36735,1.36796,1.36722,1.36754,2469,1,0
2025-06-30 12:00:00,1.36754,1.36808,1.3667500000000001,1.36796,1724,1,0
2025-06-30 13:00:00,1.36796,1.3682699999999999,1.36715,1.36721,1346,1,0
2025-06-30 14:00:00,1.36721,1.3673,1.36652,1.36684,1922,1,0
2025-06-30 15:00:00,1.36684,1.3676599999999999,1.36582,1.36661,3041,1,0
2025-06-30 16:00:00,1.36661,1.36774,1.36642,1.36699,3060,1,0
2025-06-30 17:00:00,1.3669799999999999,1.36782,1.36391,1.3645399999999999,5466,1,0
2025-06-30 18:00:00,1.36453,1.36472,1.36178,1.362,4057,1,0
2025-06-30 19:00:00,1.362,1.36384,1.362,1.36267,2393,1,0
2025-06-30 20:00:00,1.36267,1.36438,1.3623,1.36412,2074,1,0
2025-06-30 21:00:00,1.36412,1.36418,1.36222,1.3625,2263,1,0
2025-06-30 22:00:00,1.3625,1.36298,1.36164,1.3621699999999999,1967,1,0
2025-06-30 23:00:00,1.36211,1.3624399999999999,1.3599700000000001,1.36067,2150,1,0
2025-07-01 00:00:00,1.36025,1.36069,1.35988,1.3605800000000001,165,35,0
2025-07-01 01:00:00,1.3605800000000001,1.361,1.36019,1.36078,531,1,0
2025-07-01 02:00:00,1.36078,1.3608500000000001,1.36045,1.36067,1230,1,0
2025-07-01 03:00:00,1.36067,1.36084,1.3603100000000001,1.36037,2221,1,0
2025-07-01 04:00:00,1.36037,1.36168,1.36036,1.36167,2269,1,0
2025-07-01 05:00:00,1.36167,1.36186,1.36103,1.3611900000000001,2065,1,0
2025-07-01 06:00:00,1.36118,1.36133,1.36067,1.36111,1301,1,0
2025-07-01 07:00:00,1.36111,1.36116,1.3602699999999999,1.36067,1493,1,0
2025-07-01 08:00:00,1.36068,1.36096,1.36036,1.36071,1951,1,0
2025-07-01 09:00:00,1.36071,1.36115,1.36037,1.36048,2225,1,0
2025-07-01 10:00:00,1.36048,1.36108,1.35988,1.3599,2484,1,0
2025-07-01 11:00:00,1.3599,1.3605,1.35931,1.35985,2385,1,0
2025-07-01 12:00:00,1.35985,1.36045,1.35911,1.35971,2513,1,0
2025-07-01 13:00:00,1.35971,1.36042,1.35931,1.36039,1956,1,0
2025-07-01 14:00:00,1.36039,1.36116,1.36029,1.36073,2066,1,0
2025-07-01 15:00:00,1.36073,1.36273,1.36063,1.3626800000000001,2864,1,0
2025-07-01 16:00:00,1.3626800000000001,1.36418,1.36227,1.36334,3036,1,0
2025-07-01 17:00:00,1.36334,1.3660700000000001,1.36306,1.36562,5164,1,0
2025-07-01 18:00:00,1.36562,1.36661,1.36537,1.36594,3977,1,0
2025-07-01 19:00:00,1.36594,1.3667099999999999,1.36555,1.36605,2525,1,0
2025-07-01 20:00:00,1.36605,1.36636,1.36494,1.36498,1729,1,0
2025-07-01 21:00:00,1.36498,1.36561,1.36483,1.36518,1296,1,0
2025-07-01 22:00:00,1.36518,1.36562,1.36455,1.3646,1619,1,0
2025-07-01 23:00:00,1.3646,1.3649,1.36419,1.3646099999999999,971,1,0
2025-07-02 00:00:00,1.36452,1.36452,1.36402,1.3643100000000001,111,21,0
2025-07-02 01:00:00,1.3643100000000001,1.36487,1.36425,1.36457,602,1,0
2025-07-02 02:00:00,1.36457,1.36481,1.36435,1.36449,1565,1,0
2025-07-02 03:00:00,1.36449,1.3645800000000001,1.36401,1.36405,2676,1,0
2025-07-02 04:00:00,1.36405,1.36503,1.36384,1.36487,2376,1,0
2025-07-02 05:00:00,1.36487,1.36527,1.3645800000000001,1.36465,1709,1,0
2025-07-02 06:00:00,1.36465,1.36498,1.36459,1.36472,1524,1,0
2025-07-02 07:00:00,1.36472,1.3649499999999999,1.36449,1.3648500000000001,1185,1,0
2025-07-02 08:00:00,1.3648500000000001,1.3655599999999999,1.36475,1.36527,1427,1,0
2025-07-02 09:00:00,1.36526,1.36589,1.3648500000000001,1.36532,1666,1,0
2025-07-02 10:00:00,1.36532,1.3654600000000001,1.36442,1.36503,2203,1,0
2025-07-02 11:00:00,1.36503,1.36535,1.36468,1.36505,1950,1,0
2025-07-02 12:00:00,1.36505,1.36544,1.36484,1.36514,1972,1,0
2025-07-02 13:00:00,1.36514,1.36529,1.36412,1.36459,1441,1,0
2025-07-02 14:00:00,1.36459,1.3649200000000001,1.36358,1.36466,1718,1,0
2025-07-02 15:00:00,1.36466,1.36571,1.36307,1.36503,4800,1,0
2025-07-02 16:00:00,1.36504,1.36536,1.36328,1.36496,4424,1,0
2025-07-02 17:00:00,1.36496,1.36551,1.3636,1.36375,4037,1,0
2025-07-02 18:00:00,1.36375,1.3642699999999999,1.3621400000000001,1.36216,2662,1,0
2025-07-02 19:00:00,1.36216,1.36257,1.36057,1.36068,2152,1,0
2025-07-02 20:00:00,1.36068,1.36072,1.35954,1.35976,1597,1,0
2025-07-02 21:00:00,1.35976,1.35995,1.35908,1.35956,1727,1,0
2025-07-02 22:00:00,1.35955,1.35984,1.35886,1.35891,1739,1,0
2025-07-02 23:00:00,1.35889,1.35941,1.35837,1.35926,1130,1,0
2025-07-03 00:00:00,1.3586,1.35899,1.35772,1.3587099999999999,234,35,0
2025-07-03 01:00:00,1.3587099999999999,1.35885,1.3585099999999999,1.35867,503,1,0
2025-07-03 02:00:00,1.35867,1.35887,1.35864,1.35885,940,1,0
2025-07-03 03:00:00,1.35885,1.35885,1.35803,1.35821,1998,1,0
2025-07-03 04:00:00,1.35821,1.35859,1.35792,1.35828,2323,1,0
2025-07-03 05:00:00,1.35828,1.35938,1.35827,1.35903,2007,1,0
2025-07-03 06:00:00,1.35903,1.35957,1.35887,1.35948,1581,1,0
2025-07-03 07:00:00,1.35949,1.35984,1.35919,1.35974,1250,1,0
2025-07-03 08:00:00,1.35974,1.3601,1.35961,1.36001,1300,1,0
2025-07-03 09:00:00,1.36001,1.36013,1.35911,1.35949,1754,1,0
2025-07-03 10:00:00,1.35949,1.35964,1.35873,1.35929,2066,1,0
2025-07-03 11:00:00,1.35929,1.35937,1.35863,1.35881,1805,1,0
2025-07-03 12:00:00,1.35881,1.35957,1.35876,1.35915,1594,1,0
2025-07-03 13:00:00,1.35916,1.35935,1.35854,1.35874,1290,1,0
2025-07-03 14:00:00,1.35874,1.35906,1.3578700000000001,1.35898,1334,1,0
2025-07-03 15:00:00,1.35898,1.36243,1.35852,1.36168,5199,1,0
2025-07-03 16:00:00,1.36168,1.362,1.35743,1.35764,5421,1,0
2025-07-03 17:00:00,1.35764,1.35893,1.35697,1.35829,4671,1,0
2025-07-03 18:00:00,1.35829,1.35879,1.3556599999999999,1.35602,3641,1,0
2025-07-03 19:00:00,1.35603,1.35724,1.35587,1.35613,2033,1,0
2025-07-03 20:00:00,1.35613,1.35653,1.35574,1.35653,654,1,0
2025-07-03 21:00:00,1.35653,1.35664,1.35622,1.35648,629,1,0
2025-07-03 22:00:00,1.35648,1.35889,1.3562,1.3581400000000001,857,1,0
2025-07-03 23:00:00,1.3581400000000001,1.35888,1.35776,1.3584800000000001,1034,1,0
2025-07-04 00:00:00,1.35813,1.35864,1.35697,1.35857,2660,30,0
2025-07-04 01:00:00,1.35857,1.3588,1.3584,1.35843,437,1,0
2025-07-04 02:00:00,1.35843,1.35843,1.35742,1.3575300000000001,1433,1,0
2025-07-04 03:00:00,1.3575300000000001,1.3578000000000001,1.35706,1.35731,2593,1,0
2025-07-04 04:00:00,1.35731,1.35802,1.35727,1.35789,2815,1,0
2025-07-04 05:00:00,1.3578999999999999,1.35812,1.35764,1.35796,2220,1,0
2025-07-04 06:00:00,1.35796,1.3581699999999999,1.35764,1.35784,1189,1,0
2025-07-04 07:00:00,1.35784,1.35795,1.35735,1.3575,2023,1,0
2025-07-04 08:00:00,1.3575,1.35751,1.3568799999999999,1.35712,1425,1,0
2025-07-04 09:00:00,1.35712,1.35763,1.35667,1.35679,1810,1,0
2025-07-04 10:00:00,1.35679,1.3593899999999999,1.35676,1.3593199999999999,2540,1,0
2025-07-04 11:00:00,1.35931,1.35962,1.35891,1.35916,1757,1,0
2025-07-04 12:00:00,1.35916,1.35938,1.3586,1.35908,1638,1,0
2025-07-04 13:00:00,1.35908,1.35952,1.35897,1.35942,1478,1,0
2025-07-04 14:00:00,1.35942,1.35953,1.35898,1.35903,1386,1,0
2025-07-04 15:00:00,1.35903,1.36048,1.35894,1.36045,1891,1,0
2025-07-04 16:00:00,1.36045,1.36094,1.3599700000000001,1.36033,2156,1,0
2025-07-04 17:00:00,1.36033,1.3612199999999999,1.35993,1.361,2373,1,0
2025-07-04 18:00:00,1.361,1.36128,1.3604,1.36048,1861,1,0
2025-07-04 19:00:00,1.36048,1.36101,1.3603100000000001,1.36077,1271,1,0
2025-07-04 20:00:00,1.36077,1.36174,1.36077,1.36136,6189,1,0
2025-07-04 21:00:00,1.36136,1.36148,1.36016,1.36036,6144,1,0
2025-07-04 22:00:00,1.36036,1.36087,1.3602,1.36076,7004,1,0
2025-07-04 23:00:00,1.36077,1.36097,1.3599700000000001,1.36015,6980,1,0
2025-07-07 00:00:00,1.35855,1.36023,1.35815,1.3596300000000001,692,47,0
2025-07-07 01:00:00,1.3596300000000001,1.36084,1.3596,1.3605,971,1,0
2025-07-07 02:00:00,1.3605,1.36072,1.36022,1.36039,1754,1,0
2025-07-07 03:00:00,1.36039,1.36094,1.35975,1.36086,3504,1,0
2025-07-07 04:00:00,1.36086,1.36165,1.36086,1.36151,2897,1,0
2025-07-07 05:00:00,1.36151,1.36238,1.36124,1.3621699999999999,2458,1,0
2025-07-07 06:00:00,1.3621699999999999,1.36288,1.3621400000000001,1.36262,1969,1,0
2025-07-07 07:00:00,1.36262,1.36351,1.3625,1.36345,1983,1,0
2025-07-07 08:00:00,1.36345,1.36406,1.36328,1.36351,1804,1,0
2025-07-07 09:00:00,1.36352,1.36473,1.36308,1.3645399999999999,2209,1,0
2025-07-07 10:00:00,1.3645399999999999,1.36664,1.36442,1.36663,2085,1,0
2025-07-07 11:00:00,1.36663,1.36847,1.36652,1.3683100000000001,2060,1,0
2025-07-07 12:00:00,1.3683100000000001,1.36859,1.36737,1.36748,2247,1,0
2025-07-07 13:00:00,1.36748,1.36767,1.3660700000000001,1.36647,1859,1,0
2025-07-07 14:00:00,1.36646,1.36659,1.36523,1.3655300000000001,1634,1,0
2025-07-07 15:00:00,1.3655300000000001,1.366,1.36473,1.36479,2071,1,0
2025-07-07 16:00:00,1.36479,1.36494,1.36357,1.36405,2825,1,0
2025-07-07 17:00:00,1.36405,1.36469,1.36313,1.3643100000000001,2917,1,0
2025-07-07 18:00:00,1.36432,1.3652,1.36426,1.36463,2457,1,0
2025-07-07 19:00:00,1.3646099999999999,1.36742,1.36445,1.36718,3109,1,0
2025-07-07 20:00:00,1.36718,1.36774,1.36608,1.36734,2827,1,0
2025-07-07 21:00:00,1.36734,1.36834,1.36612,1.3662,2421,1,0
2025-07-07 22:00:00,1.3662,1.36695,1.36594,1.36665,1684,1,0
2025-07-07 23:00:00,1.36665,1.36826,1.3666,1.36826,1189,1,0
2025-07-08 00:00:00,1.36813,1.36813,1.3670499999999999,1.36786,512,15,0
2025-07-08 01:00:00,1.36786,1.3679999999999999,1.36691,1.36707,550,1,0
2025-07-08 02:00:00,1.36707,1.36717,1.36642,1.36652,1699,1,0
2025-07-08 03:00:00,1.36651,1.36658,1.36554,1.36559,2636,1,0
2025-07-08 04:00:00,1.36559,1.36646,1.36541,1.36608,2488,1,0
2025-07-08 05:00:00,1.36608,1.36622,1.36493,1.36538,1659,1,0
2025-07-08 06:00:00,1.36538,1.36554,1.36474,1.36505,1790,1,0
2025-07-08 07:00:00,1.36505,1.36536,1.3638,1.36529,2117,1,0
2025-07-08 08:00:00,1.36529,1.36626,1.3651499999999999,1.36551,2142,1,0
2025-07-08 09:00:00,1.36551,1.36586,1.36494,1.3655599999999999,2214,1,0
2025-07-08 10:00:00,1.3655599999999999,1.3655599999999999,1.36389,1.36394,2040,1,0
2025-07-08 11:00:00,1.36394,1.36489,1.36388,1.36463,2074,1,0
2025-07-08 12:00:00,1.36463,1.36523,1.36445,1.36505,1430,1,0
2025-07-08 13:00:00,1.36506,1.36569,1.3649200000000001,1.36557,1413,1,0
2025-07-08 14:00:00,1.36558,1.3657,1.36449,1.36569,1443,1,0
2025-07-08 15:00:00,1.36569,1.36624,1.36511,1.36571,2321,1,0
2025-07-08 16:00:00,1.36571,1.36778,1.36557,1.36727,2995,1,0
2025-07-08 17:00:00,1.36727,1.36897,1.36717,1.36852,3460,1,0
2025-07-08 18:00:00,1.36852,1.36876,1.36717,1.36733,3144,1,0
2025-07-08 19:00:00,1.36733,1.36944,1.36726,1.36811,3237,1,0
2025-07-08 20:00:00,1.36811,1.36906,1.36743,1.36847,2936,1,0
2025-07-08 21:00:00,1.36847,1.36869,1.36735,1.36776,2035,1,0
2025-07-08 22:00:00,1.36775,1.36845,1.36755,1.36839,1607,1,0
2025-07-08 23:00:00,1.36838,1.3684,1.36616,1.36621,1191,1,0
2025-07-09 00:00:00,1.36585,1.36643,1.36514,1.36588,467,34,0
2025-07-09 01:00:00,1.36588,1.36659,1.36588,1.36657,365,1,0
2025-07-09 02:00:00,1.36657,1.36704,1.36636,1.36691,1322,1,0
2025-07-09 03:00:00,1.36691,1.36779,1.36685,1.3674,1909,1,0
2025-07-09 04:00:00,1.3674,1.36778,1.3669799999999999,1.3673600000000001,2256,1,0
2025-07-09 05:00:00,1.3673600000000001,1.3685399999999999,1.36691,1.36815,1909,1,0
2025-07-09 06:00:00,1.36815,1.36882,1.36814,1.36878,2139,1,0
2025-07-09 07:00:00,1.36878,1.36893,1.36777,1.36796,2547,1,0
2025-07-09 08:00:00,1.36796,1.36796,1.36703,1.36742,2634,1,0
2025-07-09 09:00:00,1.36742,1.36809,1.36657,1.36679,2569,1,0
2025-07-09 10:00:00,1.36679,1.36928,1.36672,1.3688799999999999,2112,1,0
2025-07-09 11:00:00,1.36887,1.36941,1.36807,1.36852,2039,1,0
2025-07-09 12:00:00,1.3685100000000001,1.36873,1.3683100000000001,1.36844,1315,1,0
2025-07-09 13:00:00,1.36844,1.3696,1.36821,1.36959,1596,1,0
2025-07-09 14:00:00,1.36959,1.37094,1.36937,1.37085,1211,1,0
2025-07-09 15:00:00,1.37085,1.371,1.36879,1.3689200000000001,2648,1,0
2025-07-09 16:00:00,1.3689200000000001,1.3694600000000001,1.36806,1.36841,3095,1,0
2025-07-09 17:00:00,1.36841,1.3699,1.36768,1.36963,3138,1,0
2025-07-09 18:00:00,1.36963,1.37048,1.36924,1.36952,2178,1,0
2025-07-09 19:00:00,1.36952,1.36997,1.3694,1.36955,1048,1,0
2025-07-09 20:00:00,1.36955,1.36967,1.3688500000000001,1.3692,1157,1,0
2025-07-09 21:00:00,1.3692,1.3695599999999999,1.36872,1.3694600000000001,900,1,0
2025-07-09 22:00:00,1.3694600000000001,1.36961,1.36863,1.36865,881,1,0
2025-07-09 23:00:00,1.36865,1.36977,1.36846,1.3686,1167,1,0
2025-07-10 00:00:00,1.36845,1.36864,1.36795,1.36812,531,25,0
2025-07-10 01:00:00,1.36812,1.36868,1.36801,1.36846,476,1,0
2025-07-10 02:00:00,1.3685100000000001,1.3688500000000001,1.36847,1.3685800000000001,1105,1,0
2025-07-10 03:00:00,1.3685800000000001,1.3688500000000001,1.3673899999999999,1.36777,2306,1,0
2025-07-10 04:00:00,1.36777,1.36835,1.36774,1.36806,2775,1,0
2025-07-10 05:00:00,1.36806,1.36825,1.3676599999999999,1.36799,1437,1,0
2025-07-10 06:00:00,1.36798,1.36825,1.36786,1.36814,741,1,0
2025-07-10 07:00:00,1.36814,1.36867,1.36814,1.36821,776,1,0
2025-07-10 08:00:00,1.36821,1.36866,1.36785,1.36856,1323,1,0
2025-07-10 09:00:00,1.36856,1.3685800000000001,1.36673,1.36677,2268,1,0
2025-07-10 10:00:00,1.36676,1.36735,1.36638,1.36717,1818,1,0
2025-07-10 11:00:00,1.36717,1.36786,1.36694,1.3677000000000001,1385,1,0
2025-07-10 12:00:00,1.3677000000000001,1.36788,1.36685,1.36783,1341,1,0
2025-07-10 13:00:00,1.36783,1.36806,1.3672,1.3673,1268,1,0
2025-07-10 14:00:00,1.3673,1.3689,1.36721,1.36877,1436,1,0
2025-07-10 15:00:00,1.36876,1.3694899999999999,1.36847,1.3691900000000001,1899,1,0
2025-07-10 16:00:00,1.3691900000000001,1.37084,1.36856,1.36979,2731,1,0
2025-07-10 17:00:00,1.36974,1.37049,1.36898,1.3691,3542,1,0
2025-07-10 18:00:00,1.3691,1.3691,1.36808,1.36836,2565,1,0
2025-07-10 19:00:00,1.36836,1.36857,1.3672,1.36835,1902,1,0
2025-07-10 20:00:00,1.36834,1.36838,1.36755,1.36772,1345,1,0
2025-07-10 21:00:00,1.36772,1.36774,1.36696,1.36723,1313,1,0
2025-07-10 22:00:00,1.36723,1.36733,1.36643,1.36643,1401,1,0
2025-07-10 23:00:00,1.36643,1.36659,1.36534,1.36539,991,1,0
2025-07-11 00:00:00,1.36541,1.36635,1.36525,1.3655300000000001,412,19,0
2025-07-11 01:00:00,1.3655300000000001,1.36575,1.36523,1.36538,324,1,0
2025-07-11 02:00:00,1.36538,1.36572,1.36534,1.3656,687,1,0
2025-07-11 03:00:00,1.3656,1.37307,1.36543,1.36917,5877,1,0
2025-07-11 04:00:00,1.36917,1.37063,1.36804,1.36926,4484,1,0
2025-07-11 05:00:00,1.36926,1.37028,1.36908,1.37026,2119,1,0
2025-07-11 06:00:00,1.37026,1.37039,1.3688,1.3691,2061,1,0
2025-07-11 07:00:00,1.3691,1.3700700000000001,1.3691,1.36963,1679,1,0
2025-07-11 08:00:00,1.36963,1.36977,1.3691,1.36964,2141,1,0
2025-07-11 09:00:00,1.36963,1.37012,1.36925,1.36993,2193,1,0
2025-07-11 10:00:00,1.36993,1.36993,1.36852,1.3692,2010,1,0
2025-07-11 11:00:00,1.3692,1.37059,1.36917,1.37012,2272,1,0
2025-07-11 12:00:00,1.37012,1.37047,1.36961,1.37003,1669,1,0
2025-07-11 13:00:00,1.37003,1.37004,1.3688799999999999,1.3691499999999999,1677,1,0
2025-07-11 14:00:00,1.3691499999999999,1.3697,1.3686099999999999,1.3696,1375,1,0
2025-07-11 15:00:00,1.3696,1.37021,1.36521,1.36786,3626,1,0
2025-07-11 16:00:00,1.36786,1.3701699999999999,1.36761,1.36986,3640,1,0
2025-07-11 17:00:00,1.36986,1.37121,1.36894,1.3697,2959,1,0
2025-07-11 18:00:00,1.3697,1.37004,1.36789,1.36792,2071,1,0
2025-07-11 19:00:00,1.36791,1.36918,1.36776,1.36807,1918,1,0
2025-07-11 20:00:00,1.36807,1.3686099999999999,1.3676300000000001,1.36764,1465,1,0
2025-07-11 21:00:00,1.36764,1.36768,1.36695,1.36752,1555,1,0
2025-07-11 22:00:00,1.36752,1.36865,1.36707,1.36844,1691,1,0
2025-07-11 23:00:00,1.36844,1.36961,1.36769,1.36874,1547,1,0
2025-07-14 00:00:00,1.36982,1.36985,1.36898,1.36969,919,49,0
2025-07-14 01:00:00,1.36969,1.36993,1.3691200000000001,1.36975,2013,1,0
2025-07-14 02:00:00,1.36975,1.36987,1.36853,1.36872,2233,1,0
2025-07-14 03:00:00,1.36872,1.36876,1.36751,1.36836,2517,1,0
2025-07-14 04:00:00,1.36836,1.36931,1.36802,1.3691499999999999,2961,1,0
2025-07-14 05:00:00,1.3691499999999999,1.37018,1.36903,1.3699,1463,1,0
2025-07-14 06:00:00,1.3699,1.36998,1.3691200000000001,1.36934,1543,1,0
2025-07-14 07:00:00,1.36934,1.36987,1.36932,1.3698299999999999,2258,1,0
2025-07-14 08:00:00,1.3698299999999999,1.37024,1.3694600000000001,1.36978,2061,1,0
2025-07-14 09:00:00,1.36978,1.36986,1.36921,1.36942,1801,1,0
2025-07-14 10:00:00,1.36941,1.3695599999999999,1.36764,1.36786,2248,1,0
2025-07-14 11:00:00,1.36786,1.3685399999999999,1.36757,1.36832,1669,1,0
2025-07-14 12:00:00,1.36832,1.3686,1.36782,1.36801,1508,1,0
2025-07-14 13:00:00,1.36802,1.36803,1.36728,1.3673199999999999,1373,1,0
2025-07-14 14:00:00,1.3673199999999999,1.36765,1.36701,1.3675899999999999,1361,1,0
2025-07-14 15:00:00,1.3675899999999999,1.36927,1.36704,1.36899,1813,1,0
2025-07-14 16:00:00,1.369,1.37009,1.36882,1.36913,2234,1,0
2025-07-14 17:00:00,1.36913,1.36966,1.36823,1.3683100000000001,2865,1,0
2025-07-14 18:00:00,1.3683100000000001,1.3696,1.36715,1.3695300000000001,2817,1,0
2025-07-14 19:00:00,1.36954,1.36969,1.36897,1.36935,2142,1,0
2025-07-14 20:00:00,1.36935,1.37081,1.36911,1.37072,1678,1,0
2025-07-14 21:00:00,1.37072,1.37073,1.36966,1.36996,1147,1,0
2025-07-14 22:00:00,1.36996,1.37021,1.36955,1.36978,1166,1,0
2025-07-14 23:00:00,1.36979,1.3707,1.36952,1.37042,1009,1,0
2025-07-15 00:00:00,1.37038,1.37038,1.36887,1.36977,608,28,0
2025-07-15 01:00:00,1.36977,1.37063,1.36977,1.3704399999999999,926,1,0
2025-07-15 02:00:00,1.3704399999999999,1.37091,1.37036,1.37064,888,1,0
2025-07-15 03:00:00,1.37064,1.37077,1.3697599999999999,1.37004,1938,1,0
2025-07-15 04:00:00,1.37004,1.37035,1.3694,1.3698299999999999,2597,1,0
2025-07-15 05:00:00,1.3698299999999999,1.37019,1.36964,1.36989,2256,1,0
2025-07-15 06:00:00,1.36989,1.3700700000000001,1.36968,1.3698000000000001,1925,1,0
2025-07-15 07:00:00,1.3698000000000001,1.37019,1.3694899999999999,1.36996,1230,1,0
2025-07-15 08:00:00,1.36996,1.37,1.36914,1.36926,1234,1,0
2025-07-15 09:00:00,1.36926,1.37028,1.3688500000000001,1.37011,1484,1,0
2025-07-15 10:00:00,1.37011,1.37033,1.36881,1.36882,1905,1,0
2025-07-15 11:00:00,1.36882,1.36891,1.36838,1.36853,1642,1,0
2025-07-15 12:00:00,1.36853,1.36934,1.3685100000000001,1.36903,1638,1,0
2025-07-15 13:00:00,1.36903,1.36906,1.36812,1.3682400000000001,1481,1,0
2025-07-15 14:00:00,1.3682400000000001,1.36904,1.36803,1.36884,1433,1,0
2025-07-15 15:00:00,1.36884,1.36943,1.36661,1.36747,2832,1,0
2025-07-15 16:00:00,1.36747,1.37008,1.3673,1.3698299999999999,4031,1,0
2025-07-15 17:00:00,1.3698299999999999,1.37216,1.36981,1.3719299999999999,4278,1,0
2025-07-15 18:00:00,1.3719299999999999,1.37291,1.37112,1.37141,3202,1,0
2025-07-15 19:00:00,1.37142,1.373,1.37106,1.37246,2261,1,0
2025-07-15 20:00:00,1.37246,1.3729,1.37162,1.37173,1517,1,0
2025-07-15 21:00:00,1.37174,1.37195,1.37124,1.37161,1506,1,0
2025-07-15 22:00:00,1.37161,1.3722699999999999,1.37141,1.37219,1567,1,0
2025-07-15 23:00:00,1.37219,1.3725100000000001,1.3719700000000001,1.3722400000000001,881,1,0
2025-07-16 00:00:00,1.3721,1.37246,1.3709500000000001,1.3716,1387,35,0
2025-07-16 01:00:00,1.3716,1.37222,1.3715600000000001,1.37185,501,1,0
2025-07-16 02:00:00,1.37185,1.37211,1.37161,1.37167,666,1,0
2025-07-16 03:00:00,1.37167,1.37205,1.37091,1.37127,2682,1,0
2025-07-16 04:00:00,1.37125,1.37137,1.37091,1.37135,1790,1,0
2025-07-16 05:00:00,1.37135,1.37218,1.3713199999999999,1.37205,1923,1,0
2025-07-16 06:00:00,1.37209,1.37222,1.37149,1.37206,1594,1,0
2025-07-16 07:00:00,1.37206,1.37211,1.37153,1.37158,1478,1,0
2025-07-16 08:00:00,1.37158,1.3716,1.37113,1.37113,1799,1,0
2025-07-16 09:00:00,1.37113,1.37169,1.3709500000000001,1.37097,1656,1,0
2025-07-16 10:00:00,1.37097,1.37195,1.37065,1.37157,1649,1,0
2025-07-16 11:00:00,1.37154,1.37226,1.37122,1.3719999999999999,1530,1,0
2025-07-16 12:00:00,1.3719999999999999,1.37263,1.3719700000000001,1.37228,1440,1,0
2025-07-16 13:00:00,1.37228,1.37246,1.3719700000000001,1.3721700000000001,1144,1,0
2025-07-16 14:00:00,1.37216,1.37292,1.37198,1.3728099999999999,1012,1,0
2025-07-16 15:00:00,1.3728099999999999,1.37287,1.37127,1.3725399999999999,2252,1,0
2025-07-16 16:00:00,1.3725399999999999,1.3750499999999999,1.37233,1.37461,2792,1,0
2025-07-16 17:00:00,1.37461,1.37555,1.3737,1.37413,3555,1,0
2025-07-16 18:00:00,1.37413,1.37413,1.36802,1.37077,7958,1,0
2025-07-16 19:00:00,1.37077,1.37138,1.3687,1.36897,4502,1,0
2025-07-16 20:00:00,1.36897,1.36998,1.36833,1.3698000000000001,2138,1,0
2025-07-16 21:00:00,1.36979,1.37038,1.36959,1.3702,1533,1,0
2025-07-16 22:00:00,1.3702,1.37021,1.36826,1.36842,1788,1,0
2025-07-16 23:00:00,1.36843,1.36879,1.36804,1.3681,1162,1,0
2025-07-17 00:00:00,1.3681,1.36857,1.3677000000000001,1.3683100000000001,622,25,0
2025-07-17 01:00:00,1.36826,1.3689200000000001,1.36822,1.36891,328,1,0
2025-07-17 02:00:00,1.36891,1.3691200000000001,1.3686099999999999,1.36901,943,1,0
2025-07-17 03:00:00,1.36901,1.37057,1.36894,1.37009,2416,1,0
2025-07-17 04:00:00,1.37009,1.37126,1.36991,1.37049,3229,1,0
2025-07-17 05:00:00,1.37049,1.37192,1.37048,1.37185,2518,1,0
2025-07-17 06:00:00,1.37185,1.37207,1.37151,1.3715899999999999,1781,1,0
2025-07-17 07:00:00,1.3715899999999999,1.37198,1.3714,1.37144,848,1,0
2025-07-17 08:00:00,1.37144,1.37151,1.3709799999999999,1.37151,1272,1,0
2025-07-17 09:00:00,1.37151,1.3731200000000001,1.37142,1.37243,2775,1,0
2025-07-17 10:00:00,1.37243,1.37458,1.37242,1.37439,2246,1,0
2025-07-17 11:00:00,1.37439,1.37479,1.37393,1.37432,1925,1,0
2025-07-17 12:00:00,1.37431,1.3749500000000001,1.37425,1.37487,1623,1,0
2025-07-17 13:00:00,1.37487,1.37674,1.3747,1.37664,1634,1,0
2025-07-17 14:00:00,1.37664,1.37704,1.3763,1.37633,1324,1,0
2025-07-17 15:00:00,1.37633,1.3774199999999999,1.37565,1.37592,3169,1,0
2025-07-17 16:00:00,1.37592,1.37657,1.37459,1.37507,3127,1,0
2025-07-17 17:00:00,1.37507,1.37573,1.37461,1.3755899999999999,2983,1,0
2025-07-17 18:00:00,1.3755899999999999,1.3756,1.37415,1.37503,2085,1,0
2025-07-17 19:00:00,1.37503,1.37623,1.37477,1.37526,1837,1,0
2025-07-17 20:00:00,1.37526,1.3755899999999999,1.37461,1.37537,1554,1,0
2025-07-17 21:00:00,1.37537,1.37557,1.3749,1.37499,1259,1,0
2025-07-17 22:00:00,1.37499,1.37509,1.3743,1.37448,1411,1,0
2025-07-17 23:00:00,1.37449,1.37531,1.37428,1.37528,832,1,0
2025-07-18 00:00:00,1.37517,1.37517,1.37411,1.37483,232,21,0
2025-07-18 01:00:00,1.37483,1.3750200000000001,1.3740999999999999,1.37415,620,1,0
2025-07-18 02:00:00,1.37415,1.37417,1.37363,1.37367,1020,1,0
2025-07-18 03:00:00,1.37367,1.37379,1.37301,1.37353,1734,1,0
2025-07-18 04:00:00,1.37353,1.37385,1.37305,1.3738000000000001,2137,1,0
2025-07-18 05:00:00,1.3738000000000001,1.37406,1.37353,1.3737599999999999,1693,1,0
2025-07-18 06:00:00,1.3737599999999999,1.37418,1.37355,1.37404,1720,1,0
2025-07-18 07:00:00,1.37404,1.37425,1.37384,1.3740700000000001,1428,1,0
2025-07-18 08:00:00,1.3740700000000001,1.37425,1.3737,1.37378,1557,1,0
2025-07-18 09:00:00,1.37378,1.37426,1.37357,1.37387,1087,1,0
2025-07-18 10:00:00,1.37387,1.37412,1.37328,1.37329,1480,1,0
2025-07-18 11:00:00,1.37329,1.37341,1.37243,1.37264,1532,1,0
2025-07-18 12:00:00,1.37262,1.37271,1.37235,1.37265,1041,1,0
2025-07-18 13:00:00,1.37265,1.37311,1.37185,1.37189,1165,1,0
2025-07-18 14:00:00,1.37189,1.37253,1.3716,1.3721999999999999,1125,1,0
2025-07-18 15:00:00,1.3721999999999999,1.37229,1.3702,1.37038,2142,1,0
2025-07-18 16:00:00,1.37038,1.37151,1.36958,1.37038,2455,1,0
2025-07-18 17:00:00,1.3703699999999999,1.37271,1.37008,1.37176,2974,1,0
2025-07-18 18:00:00,1.37178,1.37244,1.37117,1.37126,2062,1,0
2025-07-18 19:00:00,1.37126,1.3727800000000001,1.37113,1.3725800000000001,1987,1,0
2025-07-18 20:00:00,1.37257,1.37358,1.37253,1.3726,1899,1,0
2025-07-18 21:00:00,1.3726,1.37297,1.37232,1.37263,1474,1,0
2025-07-18 22:00:00,1.37263,1.37325,1.3725399999999999,1.37256,1275,1,0
2025-07-18 23:00:00,1.37256,1.37314,1.3725100000000001,1.37265,719,1,0
2025-07-21 00:00:00,1.3707099999999999,1.37184,1.37059,1.3712900000000001,1772,47,0
2025-07-21 01:00:00,1.3712900000000001,1.37304,1.37104,1.37256,1842,1,0
2025-07-21 02:00:00,1.37256,1.37304,1.37235,1.37237,1056,1,0
2025-07-21 03:00:00,1.37237,1.37308,1.37215,1.37301,2610,1,0
2025-07-21 04:00:00,1.37301,1.37316,1.37253,1.37295,2712,1,0
2025-07-21 05:00:00,1.37295,1.37348,1.37289,1.3729,2025,1,0
2025-07-21 06:00:00,1.3729,1.37291,1.37226,1.3722699999999999,1713,1,0
2025-07-21 07:00:00,1.37228,1.37256,1.37216,1.37239,1435,1,0
2025-07-21 08:00:00,1.37239,1.3725,1.37176,1.37182,1879,1,0
2025-07-21 09:00:00,1.37182,1.37221,1.37144,1.37189,1747,1,0
2025-07-21 10:00:00,1.37189,1.37301,1.3716300000000001,1.37266,1687,1,0
2025-07-21 11:00:00,1.37266,1.37266,1.3716300000000001,1.37216,1727,1,0
2025-07-21 12:00:00,1.37216,1.37289,1.37209,1.3725399999999999,1221,1,0
2025-07-21 13:00:00,1.37253,1.37275,1.37192,1.37194,1287,1,0
2025-07-21 14:00:00,1.37194,1.37206,1.37022,1.37059,1760,1,0
2025-07-21 15:00:00,1.3706,1.37079,1.36957,1.36995,1875,1,0
2025-07-21 16:00:00,1.36994,1.37174,1.36991,1.37146,2464,1,0
2025-07-21 17:00:00,1.37146,1.37153,1.36936,1.36981,2897,1,0
2025-07-21 18:00:00,1.36981,1.36986,1.36786,1.36891,2250,1,0
2025-07-21 19:00:00,1.3689200000000001,1.36925,1.3685,1.36862,1243,1,0
2025-07-21 20:00:00,1.36863,1.36921,1.36853,1.36917,1121,1,0
2025-07-21 21:00:00,1.36917,1.36918,1.36832,1.36844,865,1,0
2025-07-21 22:00:00,1.36844,1.36868,1.36834,1.36843,1248,1,0
2025-07-21 23:00:00,1.36843,1.36853,1.36769,1.36819,1070,1,0
2025-07-22 00:00:00,1.36821,1.36821,1.36753,1.36807,200,18,0
2025-07-22 01:00:00,1.36807,1.36855,1.36788,1.3679000000000001,250,1,0
2025-07-22 02:00:00,1.3679000000000001,1.36812,1.36751,1.36764,1068,1,0
2025-07-22 03:00:00,1.36764,1.36875,1.36757,1.36871,2216,1,0
2025-07-22 04:00:00,1.36871,1.36906,1.36844,1.36901,1874,1,0
2025-07-22 05:00:00,1.36901,1.36904,1.36826,1.3686,1478,1,0
2025-07-22 06:00:00,1.3686,1.36895,1.36846,1.36883,1349,1,0
2025-07-22 07:00:00,1.36883,1.36902,1.3685399999999999,1.36886,1178,1,0
2025-07-22 08:00:00,1.36886,1.36942,1.36866,1.3691499999999999,1396,1,0
2025-07-22 09:00:00,1.3691499999999999,1.36955,1.3688500000000001,1.36941,1017,1,0
2025-07-22 10:00:00,1.36942,1.36942,1.36866,1.36909,1474,1,0
2025-07-22 11:00:00,1.3691,1.36932,1.36798,1.36818,1542,1,0
2025-07-22 12:00:00,1.36818,1.36844,1.3678,1.36782,1412,1,0
2025-07-22 13:00:00,1.36782,1.36829,1.36726,1.36813,1299,1,0
2025-07-22 14:00:00,1.36813,1.36816,1.36735,1.36743,1099,1,0
2025-07-22 15:00:00,1.36743,1.36835,1.36647,1.36796,1876,1,0
2025-07-22 16:00:00,1.36796,1.36796,1.36651,1.36676,2510,1,0
2025-07-22 17:00:00,1.36676,1.36712,1.3631199999999999,1.36389,3212,1,0
2025-07-22 18:00:00,1.36389,1.36428,1.36165,1.36167,2725,1,0
2025-07-22 19:00:00,1.36167,1.36196,1.36054,1.3614,2146,1,0
2025-07-22 20:00:00,1.3614,1.36206,1.36109,1.36172,1715,1,0
2025-07-22 21:00:00,1.36172,1.36181,1.3606,1.36096,1434,1,0
2025-07-22 22:00:00,1.36096,1.36133,1.36028,1.3604,1107,1,0
2025-07-22 23:00:00,1.3604,1.36069,1.36028,1.36053,889,1,0
2025-07-23 00:00:00,1.36045,1.36066,1.36006,1.3605800000000001,111,29,0
2025-07-23 01:00:00,1.3605800000000001,1.36067,1.36025,1.36041,371,1,0
2025-07-23 02:00:00,1.36041,1.3607,1.3596,1.3605,1261,1,0
2025-07-23 03:00:00,1.3605,1.3606,1.3594300000000001,1.35951,2681,1,0
2025-07-23 04:00:00,1.35951,1.36025,1.3593899999999999,1.35988,2288,1,0
2025-07-23 05:00:00,1.35988,1.3603399999999999,1.35968,1.36025,1552,1,0
2025-07-23 06:00:00,1.3602400000000001,1.3603,1.3593199999999999,1.36006,2016,1,0
2025-07-23 07:00:00,1.36006,1.36033,1.35976,1.35999,2152,1,0
2025-07-23 08:00:00,1.35999,1.36109,1.35982,1.36099,2075,1,0
2025-07-23 09:00:00,1.36099,1.36099,1.36003,1.36005,1673,1,0
2025-07-23 10:00:00,1.36005,1.36026,1.35892,1.35898,2187,1,0
2025-07-23 11:00:00,1.35898,1.35904,1.35834,1.35838,1759,1,0
2025-07-23 12:00:00,1.35838,1.35867,1.3581400000000001,1.35823,1095,1,0
2025-07-23 13:00:00,1.35823,1.35864,1.35786,1.35859,1260,1,0
2025-07-23 14:00:00,1.35859,1.35874,1.3575599999999999,1.35784,1470,1,0
2025-07-23 15:00:00,1.35784,1.36032,1.35781,1.36032,1644,1,0
2025-07-23 16:00:00,1.36032,1.36218,1.3595,1.3615300000000001,2501,1,0
2025-07-23 17:00:00,1.3615300000000001,1.36291,1.3612600000000001,1.36155,2472,1,0
2025-07-23 18:00:00,1.3615599999999999,1.36225,1.36074,1.3609499999999999,2364,1,0
2025-07-23 19:00:00,1.3609499999999999,1.36242,1.36064,1.36171,2132,1,0
2025-07-23 20:00:00,1.36171,1.36212,1.3609200000000001,1.36138,1533,1,0
2025-07-23 21:00:00,1.36138,1.36143,1.35996,1.3599700000000001,1013,1,0
2025-07-23 22:00:00,1.3599700000000001,1.36041,1.3595,1.35954,1330,1,0
2025-07-23 23:00:00,1.35954,1.3602,1.35951,1.35961,961,1,0
2025-07-24 00:00:00,1.3596,1.35976,1.35901,1.35969,299,19,0
2025-07-24 01:00:00,1.35969,1.36073,1.35969,1.3607,562,1,0
2025-07-24 02:00:00,1.3607,1.3607,1.3600400000000001,1.36022,777,1,0
2025-07-24 03:00:00,1.36022,1.36087,1.36022,1.3606099999999999,2685,1,0
2025-07-24 04:00:00,1.3606099999999999,1.36062,1.35964,1.3603399999999999,3283,1,0
2025-07-24 05:00:00,1.3603399999999999,1.36082,1.36013,1.36045,1904,1,0
2025-07-24 06:00:00,1.36045,1.3605800000000001,1.36009,1.36041,1082,1,0
2025-07-24 07:00:00,1.36041,1.36063,1.36026,1.36032,1482,1,0
2025-07-24 08:00:00,1.36032,1.36052,1.35986,1.36015,1907,1,0
2025-07-24 09:00:00,1.36015,1.36134,1.35996,1.3613,1673,1,0
2025-07-24 10:00:00,1.3613,1.36138,1.3605800000000001,1.3607,1592,1,0
2025-07-24 11:00:00,1.36069,1.3608799999999999,1.3602,1.36053,1518,1,0
2025-07-24 12:00:00,1.36053,1.36135,1.36053,1.3611,1240,1,0
2025-07-24 13:00:00,1.3611,1.36197,1.36104,1.36172,1315,1,0
2025-07-24 14:00:00,1.36172,1.36218,1.36083,1.36101,1277,1,0
2025-07-24 15:00:00,1.36101,1.36226,1.36096,1.36181,2244,1,0
2025-07-24 16:00:00,1.36181,1.36298,1.36145,1.36222,3159,1,0
2025-07-24 17:00:00,1.36223,1.36277,1.36108,1.36175,2783,1,0
2025-07-24 18:00:00,1.36175,1.36447,1.36165,1.36447,2300,1,0
2025-07-24 19:00:00,1.36447,1.36464,1.36324,1.36369,1768,1,0
2025-07-24 20:00:00,1.36369,1.36425,1.36303,1.36345,1123,1,0
2025-07-24 21:00:00,1.36345,1.36426,1.3633600000000001,1.36401,1211,1,0
2025-07-24 22:00:00,1.36401,1.36436,1.36317,1.36436,966,1,0
2025-07-24 23:00:00,1.36436,1.36547,1.36372,1.36374,1316,1,0
2025-07-25 00:00:00,1.36322,1.36471,1.36265,1.3639999999999999,1608,35,0
2025-07-25 01:00:00,1.36404,1.36503,1.36398,1.36449,431,1,0
2025-07-25 02:00:00,1.36449,1.3645800000000001,1.3639999999999999,1.36407,1165,1,0
2025-07-25 03:00:00,1.36407,1.36464,1.36378,1.36419,3061,1,0
2025-07-25 04:00:00,1.36419,1.36523,1.36388,1.36487,1992,1,0
2025-07-25 05:00:00,1.36487,1.3655599999999999,1.36483,1.36544,2178,1,0
2025-07-25 06:00:00,1.36544,1.3655599999999999,1.36494,1.36521,2932,1,0
2025-07-25 07:00:00,1.36521,1.36665,1.36484,1.36594,2481,1,0
2025-07-25 08:00:00,1.36594,1.36605,1.365,1.36518,2235,1,0
2025-07-25 09:00:00,1.36518,1.36603,1.3648,1.36601,1710,1,0
2025-07-25 10:00:00,1.36601,1.36753,1.36572,1.36735,1870,1,0
2025-07-25 11:00:00,1.36735,1.36799,1.36687,1.36762,1923,1,0
2025-07-25 12:00:00,1.36762,1.36802,1.3673899999999999,1.36772,1481,1,0
2025-07-25 13:00:00,1.36772,1.36794,1.36721,1.36743,1403,1,0
2025-07-25 14:00:00,1.36743,1.36785,1.36674,1.36721,1290,1,0
2025-07-25 15:00:00,1.36722,1.3689,1.36718,1.36855,1727,1,0
2025-07-25 16:00:00,1.36855,1.37126,1.36814,1.3703699999999999,4505,1,0
2025-07-25 17:00:00,1.3703699999999999,1.3706,1.36928,1.37039,3142,1,0
2025-07-25 18:00:00,1.37039,1.3715899999999999,1.3700700000000001,1.37148,2100,1,0
2025-07-25 19:00:00,1.37148,1.3725800000000001,1.37147,1.37162,1869,1,0
2025-07-25 20:00:00,1.37162,1.37173,1.37088,1.37123,1144,1,0
2025-07-25 21:00:00,1.37123,1.37128,1.37031,1.37099,1372,1,0
2025-07-25 22:00:00,1.37099,1.37117,1.3704100000000001,1.37047,1141,1,0
2025-07-25 23:00:00,1.37047,1.37103,1.3697599999999999,1.36996,879,1,0
2025-07-28 00:00:00,1.36969,1.3703400000000001,1.36963,1.37018,759,47,0
2025-07-28 01:00:00,1.37018,1.37033,1.36952,1.3698000000000001,965,1,0
2025-07-28 02:00:00,1.3698000000000001,1.37031,1.36961,1.3703,1326,1,0
2025-07-28 03:00:00,1.3703,1.3703,1.3691200000000001,1.36935,3761,1,0
2025-07-28 04:00:00,1.36935,1.37048,1.3688799999999999,1.3701699999999999,2300,1,0
2025-07-28 05:00:00,1.3701699999999999,1.37062,1.36933,1.3696,2531,1,0
2025-07-28 06:00:00,1.3696,1.36995,1.36932,1.36934,1286,1,0
2025-07-28 07:00:00,1.36934,1.36977,1.36918,1.36963,1450,1,0
2025-07-28 08:00:00,1.36963,1.37015,1.36957,1.36986,1566,1,0
2025-07-28 09:00:00,1.36986,1.37202,1.36979,1.37118,2323,1,0
2025-07-28 10:00:00,1.37118,1.3740700000000001,1.3707099999999999,1.37385,2611,1,0
2025-07-28 11:00:00,1.37385,1.37424,1.37272,1.37298,2511,1,0
2025-07-28 12:00:00,1.37298,1.37347,1.37268,1.3727800000000001,2079,1,0
2025-07-28 13:00:00,1.3727800000000001,1.37326,1.3723,1.37245,2163,1,0
2025-07-28 14:00:00,1.37245,1.37345,1.37183,1.37184,2099,1,0
2025-07-28 15:00:00,1.37184,1.37239,1.37154,1.37177,2568,1,0
2025-07-28 16:00:00,1.37177,1.37293,1.37121,1.37185,2662,1,0
2025-07-28 17:00:00,1.37187,1.37211,1.3710499999999999,1.37175,3034,1,0
2025-07-28 18:00:00,1.37176,1.37244,1.3713899999999999,1.37194,2406,1,0
2025-07-28 19:00:00,1.37194,1.37264,1.37167,1.37192,1948,1,0
2025-07-28 20:00:00,1.37191,1.37317,1.37176,1.37292,1377,1,0
2025-07-28 21:00:00,1.37292,1.37352,1.37266,1.3734199999999999,1328,1,0
2025-07-28 22:00:00,1.37343,1.3740299999999999,1.37326,1.37362,1002,1,0
2025-07-28 23:00:00,1.37362,1.37402,1.37279,1.3738000000000001,1225,1,0
2025-07-29 00:00:00,1.37381,1.37381,1.37305,1.3734600000000001,301,22,0
2025-07-29 01:00:00,1.3734600000000001,1.37381,1.37335,1.37366,438,1,0
2025-07-29 02:00:00,1.37366,1.37387,1.3734,1.3735,916,1,0
2025-07-29 03:00:00,1.3735,1.37432,1.3734899999999999,1.3742,3268,1,0
2025-07-29 04:00:00,1.3742,1.37423,1.37337,1.3738000000000001,2178,1,0
2025-07-29 05:00:00,1.3738000000000001,1.3738000000000001,1.37311,1.37317,2359,1,0
2025-07-29 06:00:00,1.37317,1.37395,1.3731,1.37386,1674,1,0
2025-07-29 07:00:00,1.37386,1.37395,1.37317,1.37318,1604,1,0
2025-07-29 08:00:00,1.37318,1.37366,1.37317,1.37343,1799,1,0
2025-07-29 09:00:00,1.37343,1.37513,1.37331,1.37508,2048,1,0
2025-07-29 10:00:00,1.37508,1.37609,1.3747,1.3755899999999999,2358,1,0
2025-07-29 11:00:00,1.3755899999999999,1.3759700000000001,1.37433,1.37443,2264,1,0
2025-07-29 12:00:00,1.37443,1.37522,1.37393,1.37511,1933,1,0
2025-07-29 13:00:00,1.37511,1.37564,1.37488,1.37557,1825,1,0
2025-07-29 14:00:00,1.3755600000000001,1.377,1.37527,1.37694,2001,1,0
2025-07-29 15:00:00,1.37694,1.37789,1.37694,1.37784,2458,1,0
2025-07-29 16:00:00,1.37785,1.37806,1.37586,1.37613,2832,1,0
2025-07-29 17:00:00,1.37601,1.37856,1.37497,1.37848,4211,1,0
2025-07-29 18:00:00,1.37848,1.37885,1.37707,1.37789,3147,1,0
2025-07-29 19:00:00,1.37788,1.3780299999999999,1.37709,1.37778,2162,1,0
2025-07-29 20:00:00,1.37778,1.37796,1.37679,1.37728,2305,1,0
2025-07-29 21:00:00,1.37728,1.37733,1.3762400000000001,1.37666,1856,1,0
2025-07-29 22:00:00,1.37666,1.37769,1.37634,1.37765,1487,1,0
2025-07-29 23:00:00,1.37765,1.37823,1.37699,1.377,1123,1,0
2025-07-30 00:00:00,1.37696,1.37699,1.37636,1.37667,119,20,0
2025-07-30 01:00:00,1.37667,1.37751,1.37659,1.37736,318,1,0
2025-07-30 02:00:00,1.37736,1.37758,1.37701,1.37748,741,1,0
2025-07-30 03:00:00,1.37748,1.37748,1.37622,1.37631,2388,1,0
2025-07-30 04:00:00,1.37632,1.37721,1.37587,1.3765,2632,1,0
2025-07-30 05:00:00,1.3765,1.37683,1.37616,1.3765100000000001,1670,1,0
2025-07-30 06:00:00,1.3765100000000001,1.37662,1.37605,1.37629,1331,1,0
2025-07-30 07:00:00,1.37629,1.37697,1.37625,1.37693,1525,1,0
2025-07-30 08:00:00,1.37693,1.37705,1.37636,1.37691,2538,1,0
2025-07-30 09:00:00,1.37691,1.3774600000000001,1.37664,1.37672,2076,1,0
2025-07-30 10:00:00,1.37672,1.37706,1.37633,1.37684,2014,1,0
2025-07-30 11:00:00,1.37684,1.37771,1.37677,1.37732,1791,1,0
2025-07-30 12:00:00,1.37733,1.37833,1.37718,1.37798,1687,1,0
2025-07-30 13:00:00,1.37798,1.37907,1.37794,1.37882,1634,1,0
2025-07-30 14:00:00,1.37882,1.37935,1.37857,1.3786800000000001,1611,1,0
2025-07-30 15:00:00,1.3786800000000001,1.38066,1.3786800000000001,1.38049,3322,1,0
2025-07-30 16:00:00,1.38048,1.38186,1.3801700000000001,1.38031,4514,1,0
2025-07-30 17:00:00,1.38031,1.38175,1.37995,1.38102,3160,1,0
2025-07-30 18:00:00,1.38102,1.38192,1.38069,1.38153,2563,1,0
2025-07-30 19:00:00,1.38153,1.3817300000000001,1.38069,1.3809,1753,1,0
2025-07-30 20:00:00,1.3809,1.38117,1.38033,1.38033,1648,1,0
2025-07-30 21:00:00,1.37999,1.38292,1.37977,1.38162,5615,1,0
2025-07-30 22:00:00,1.38161,1.3841999999999999,1.38157,1.38373,4471,1,0
2025-07-30 23:00:00,1.38375,1.38449,1.38279,1.38299,2245,1,0
2025-07-31 00:00:00,1.38275,1.3829799999999999,1.38226,1.38277,241,32,0
2025-07-31 01:00:00,1.38277,1.38313,1.38231,1.38279,650,1,0
2025-07-31 02:00:00,1.38279,1.38315,1.3824100000000001,1.3827,1015,1,0
2025-07-31 03:00:00,1.3827,1.38331,1.38256,1.38306,3316,1,0
2025-07-31 04:00:00,1.38306,1.38367,1.38278,1.3829,3139,1,0
2025-07-31 05:00:00,1.3829,1.38299,1.38245,1.38258,3052,1,0
2025-07-31 06:00:00,1.38258,1.38317,1.38227,1.38248,2864,1,0
2025-07-31 07:00:00,1.38248,1.3845100000000001,1.38161,1.38163,3253,1,0
2025-07-31 08:00:00,1.38164,1.38212,1.3815,1.38186,1949,1,0
2025-07-31 09:00:00,1.38186,1.3824,1.38136,1.38182,2328,1,0
2025-07-31 10:00:00,1.38182,1.38379,1.38161,1.3833199999999999,2807,1,0
2025-07-31 11:00:00,1.3833199999999999,1.3846,1.38316,1.38398,2701,1,0
2025-07-31 12:00:00,1.38399,1.38483,1.3839299999999999,1.38482,2084,1,0
2025-07-31 13:00:00,1.38482,1.38537,1.38449,1.3847800000000001,1799,1,0
2025-07-31 14:00:00,1.3847800000000001,1.3850799999999999,1.38349,1.38364,1757,1,0
2025-07-31 15:00:00,1.38364,1.3847800000000001,1.3833,1.38336,2377,1,0
2025-07-31 16:00:00,1.38336,1.3852,1.38278,1.38514,3325,1,0
2025-07-31 17:00:00,1.38514,1.38525,1.38243,1.38258,3567,1,0
2025-07-31 18:00:00,1.38258,1.38466,1.38243,1.38462,3127,1,0
2025-07-31 19:00:00,1.38462,1.38501,1.38421,1.38483,2524,1,0
2025-07-31 20:00:00,1.38483,1.38543,1.3845,1.38525,2086,1,0
2025-07-31 21:00:00,1.38525,1.38565,1.38458,1.38459,2140,1,0
2025-07-31 22:00:00,1.38459,1.38565,1.38381,1.38565,2073,1,0
2025-07-31 23:00:00,1.38563,1.38572,1.38471,1.38558,1526,1,0
2025-08-01 00:00:00,1.38527,1.38528,1.38398,1.38495,161,35,0
2025-08-01 01:00:00,1.38495,1.38703,1.38495,1.38679,1152,1,0
2025-08-01 02:00:00,1.38679,1.38711,1.3852,1.38582,2229,1,0
2025-08-01 03:00:00,1.38582,1.3863400000000001,1.38445,1.38473,3427,1,0
2025-08-01 04:00:00,1.38473,1.38606,1.38442,1.38582,3509,1,0
2025-08-01 05:00:00,1.38582,1.38621,1.38536,1.38588,2674,1,0
2025-08-01 06:00:00,1.38588,1.3859,1.3851,1.3853900000000001,3632,1,0
2025-08-01 07:00:00,1.3854,1.38554,1.3851,1.3854199999999999,3326,1,0
2025-08-01 08:00:00,1.3854199999999999,1.3857,1.38523,1.38529,3567,1,0
2025-08-01 09:00:00,1.38529,1.38649,1.3850799999999999,1.38614,2155,1,0
2025-08-01 10:00:00,1.38614,1.38742,1.38563,1.38715,2625,1,0
2025-08-01 11:00:00,1.38716,1.38761,1.3868800000000001,1.38757,1867,1,0
2025-08-01 12:00:00,1.38757,1.3879299999999999,1.3871,1.38779,1713,1,0
2025-08-01 13:00:00,1.38779,1.3879299999999999,1.38672,1.38723,2098,1,0
2025-08-01 14:00:00,1.38723,1.38743,1.38613,1.38711,1822,1,0
2025-08-01 15:00:00,1.38711,1.38762,1.37854,1.37958,7179,1,0
2025-08-01 16:00:00,1.37967,1.37967,1.37632,1.37794,8520,1,0
2025-08-01 17:00:00,1.37794,1.3793199999999999,1.37653,1.3789,7606,1,0
2025-08-01 18:00:00,1.37891,1.38,1.37754,1.3780299999999999,4426,1,0
2025-08-01 19:00:00,1.3780299999999999,1.37969,1.37797,1.37955,3247,1,0
2025-08-01 20:00:00,1.37955,1.38087,1.37948,1.38028,2975,1,0
2025-08-01 21:00:00,1.38028,1.3817599999999999,1.3793199999999999,1.38174,3171,1,0
2025-08-01 22:00:00,1.3817300000000001,1.3817300000000001,1.37867,1.3796599999999999,3872,1,0
2025-08-01 23:00:00,1.37964,1.37975,1.37713,1.37816,2262,1,0
2025-08-04 00:00:00,1.37711,1.37832,1.37621,1.3778299999999999,934,52,0
2025-08-04 01:00:00,1.3778299999999999,1.3786,1.3776,1.37798,1854,1,0
2025-08-04 02:00:00,1.37798,1.37839,1.37752,1.3778000000000001,2168,1,0
2025-08-04 03:00:00,1.3778000000000001,1.37942,1.37757,1.37911,4250,1,0
2025-08-04 04:00:00,1.37911,1.37949,1.37792,1.37794,4154,1,0
2025-08-04 05:00:00,1.37794,1.3782,1.37727,1.37772,2655,1,0
2025-08-04 06:00:00,1.37771,1.37771,1.3771200000000001,1.37757,2382,1,0
2025-08-04 07:00:00,1.37757,1.37766,1.37707,1.37744,1796,1,0
2025-08-04 08:00:00,1.37744,1.37794,1.3767,1.37781,2335,1,0
2025-08-04 09:00:00,1.37781,1.37827,1.37676,1.37716,3188,1,0
2025-08-04 10:00:00,1.3771499999999999,1.37848,1.37683,1.3784,3369,1,0
2025-08-04 11:00:00,1.3784,1.37879,1.3780299999999999,1.37839,2778,1,0
2025-08-04 12:00:00,1.37839,1.3786,1.37755,1.37846,2690,1,0
2025-08-04 13:00:00,1.37846,1.3790499999999999,1.37777,1.3780999999999999,2259,1,0
2025-08-04 14:00:00,1.3780999999999999,1.37836,1.37731,1.37765,2359,1,0
2025-08-04 15:00:00,1.37766,1.37828,1.37662,1.37734,3326,1,0
2025-08-04 16:00:00,1.37734,1.37745,1.37601,1.37621,3438,1,0
2025-08-04 17:00:00,1.37621,1.37747,1.37584,1.3772,3971,1,0
2025-08-04 18:00:00,1.3772,1.3783400000000001,1.37705,1.37762,3172,1,0
2025-08-04 19:00:00,1.37762,1.37825,1.3774199999999999,1.37754,2455,1,0
2025-08-04 20:00:00,1.37754,1.37825,1.37744,1.37751,2269,1,0
2025-08-04 21:00:00,1.37751,1.37847,1.37747,1.37843,1899,1,0
2025-08-04 22:00:00,1.37843,1.37855,1.37757,1.37789,1574,1,0
2025-08-04 23:00:00,1.37789,1.3780999999999999,1.37725,1.37792,984,1,0
2025-08-05 00:00:00,1.37777,1.37788,1.37626,1.37758,316,18,0
2025-08-05 01:00:00,1.37758,1.3779,1.37718,1.37733,707,1,0
2025-08-05 02:00:00,1.37733,1.37738,1.37687,1.37695,1590,1,0
2025-08-05 03:00:00,1.37695,1.37718,1.37634,1.3768500000000001,2218,1,0
2025-08-05 04:00:00,1.3768500000000001,1.3778000000000001,1.37672,1.37769,3059,1,0
2025-08-05 05:00:00,1.37769,1.37863,1.37768,1.37848,2356,1,0
2025-08-05 06:00:00,1.37848,1.3791,1.37839,1.37906,1982,1,0
2025-08-05 07:00:00,1.37906,1.37918,1.37856,1.37866,2007,1,0
2025-08-05 08:00:00,1.37866,1.3795,1.37865,1.3789799999999999,1947,1,0
2025-08-05 09:00:00,1.3789799999999999,1.37906,1.3777,1.37836,2197,1,0
2025-08-05 10:00:00,1.3783699999999999,1.3790200000000001,1.37738,1.37818,2689,1,0
2025-08-05 11:00:00,1.37818,1.38096,1.37818,1.38067,2823,1,0
2025-08-05 12:00:00,1.38067,1.3809,1.37982,1.38049,2075,1,0
2025-08-05 13:00:00,1.38049,1.38098,1.3802699999999999,1.38046,2085,1,0
2025-08-05 14:00:00,1.38046,1.38103,1.37954,1.37977,2451,1,0
2025-08-05 15:00:00,1.37977,1.38067,1.37913,1.37979,3589,1,0
2025-08-05 16:00:00,1.37979,1.38,1.37797,1.37833,3801,1,0
2025-08-05 17:00:00,1.3783,1.3795899999999999,1.37679,1.37863,5625,1,0
2025-08-05 18:00:00,1.3786399999999999,1.3789,1.37772,1.37809,3225,1,0
2025-08-05 19:00:00,1.37809,1.37835,1.37726,1.3778299999999999,2636,1,0
2025-08-05 20:00:00,1.37784,1.37812,1.3771200000000001,1.37789,1752,1,0
2025-08-05 21:00:00,1.37789,1.37888,1.37779,1.3784399999999999,1866,1,0
2025-08-05 22:00:00,1.3784399999999999,1.37881,1.37724,1.37731,1857,1,0
2025-08-05 23:00:00,1.37733,1.3783,1.377,1.37706,1552,1,0
2025-08-06 00:00:00,1.37707,1.37753,1.37668,1.37727,367,27,0
2025-08-06 01:00:00,1.37727,1.3778299999999999,1.3771,1.37734,995,1,0
2025-08-06 02:00:00,1.37734,1.37757,1.37694,1.3771900000000001,1606,1,0
2025-08-06 03:00:00,1.3771900000000001,1.37755,1.37659,1.37747,2860,1,0
2025-08-06 04:00:00,1.37747,1.37799,1.37724,1.3775,3375,1,0
2025-08-06 05:00:00,1.3775,1.37768,1.3771499999999999,1.37734,2555,1,0
2025-08-06 06:00:00,1.37734,1.37734,1.37684,1.37701,2195,1,0
2025-08-06 07:00:00,1.37701,1.3771200000000001,1.3765100000000001,1.37711,2197,1,0
2025-08-06 08:00:00,1.37711,1.3774899999999999,1.37704,1.37734,2598,1,0
2025-08-06 09:00:00,1.37735,1.3774199999999999,1.37634,1.37669,1913,1,0
2025-08-06 10:00:00,1.37669,1.37725,1.37639,1.37646,1967,1,0
2025-08-06 11:00:00,1.37645,1.37755,1.37643,1.3768799999999999,1800,1,0
2025-08-06 12:00:00,1.3768799999999999,1.37699,1.37661,1.3767800000000001,1530,1,0
2025-08-06 13:00:00,1.37679,1.37689,1.37538,1.3755600000000001,1907,1,0
2025-08-06 14:00:00,1.3755600000000001,1.37588,1.37459,1.37578,1960,1,0
2025-08-06 15:00:00,1.37578,1.37618,1.37436,1.37474,2495,1,0
2025-08-06 16:00:00,1.37474,1.37519,1.37415,1.37492,3308,1,0
2025-08-06 17:00:00,1.37492,1.37589,1.37456,1.37526,3203,1,0
2025-08-06 18:00:00,1.37526,1.37547,1.3739,1.37406,3599,1,0
2025-08-06 19:00:00,1.3740700000000001,1.37508,1.37393,1.37438,2531,1,0
2025-08-06 20:00:00,1.37439,1.37461,1.37365,1.37393,2298,1,0
2025-08-06 21:00:00,1.37391,1.3743699999999999,1.37355,1.37419,1933,1,0
2025-08-06 22:00:00,1.37419,1.3748,1.37399,1.37421,1833,1,0
2025-08-06 23:00:00,1.37421,1.37454,1.37368,1.37404,1547,1,0
2025-08-07 00:00:00,1.37395,1.3740700000000001,1.37298,1.3737,595,28,0
2025-08-07 01:00:00,1.3737,1.37439,1.37369,1.37417,730,1,0
2025-08-07 02:00:00,1.37417,1.37421,1.37392,1.37399,1378,1,0
2025-08-07 03:00:00,1.374,1.3745,1.37393,1.3744100000000001,2569,1,0
2025-08-07 04:00:00,1.3744100000000001,1.37466,1.37361,1.37397,2889,1,0
2025-08-07 05:00:00,1.37397,1.37402,1.37333,1.37388,1906,1,0
2025-08-07 06:00:00,1.37388,1.37422,1.37343,1.37352,1912,1,0
2025-08-07 07:00:00,1.37352,1.37363,1.37294,1.37311,2075,1,0
2025-08-07 08:00:00,1.37311,1.37365,1.373,1.3734,1754,1,0
2025-08-07 09:00:00,1.37339,1.37339,1.3725100000000001,1.37284,1788,1,0
2025-08-07 10:00:00,1.37284,1.37316,1.37218,1.37233,1719,1,0
2025-08-07 11:00:00,1.37233,1.37362,1.37226,1.37327,2317,1,0
2025-08-07 12:00:00,1.37327,1.37347,1.3728500000000001,1.37331,1652,1,0
2025-08-07 13:00:00,1.37331,1.3736,1.3727,1.37275,1785,1,0
2025-08-07 14:00:00,1.37275,1.37447,1.37216,1.37418,3009,1,0
2025-08-07 15:00:00,1.37418,1.37443,1.37323,1.37377,3079,1,0
2025-08-07 16:00:00,1.37377,1.37514,1.37305,1.37496,3521,1,0
2025-08-07 17:00:00,1.37496,1.3773900000000001,1.37469,1.3762400000000001,5084,1,0
2025-08-07 18:00:00,1.3762400000000001,1.37666,1.37472,1.3750499999999999,3273,1,0
2025-08-07 19:00:00,1.37507,1.3755600000000001,1.37467,1.37528,2541,1,0
2025-08-07 20:00:00,1.37528,1.37554,1.37479,1.37538,2566,1,0
2025-08-07 21:00:00,1.37538,1.37668,1.3749799999999999,1.37662,1866,1,0
2025-08-07 22:00:00,1.37662,1.37676,1.37436,1.37447,3443,1,0
2025-08-07 23:00:00,1.37447,1.37487,1.3739,1.37487,1739,1,0
2025-08-08 00:00:00,1.37438,1.37447,1.37351,1.37405,894,35,0
2025-08-08 01:00:00,1.37408,1.37443,1.37354,1.37356,1146,1,0
2025-08-08 02:00:00,1.37356,1.37385,1.3731900000000001,1.37329,1114,1,0
2025-08-08 03:00:00,1.37329,1.3744,1.3731900000000001,1.37384,2779,1,0
2025-08-08 04:00:00,1.37384,1.37485,1.37341,1.37455,2726,1,0
2025-08-08 05:00:00,1.37455,1.3746399999999999,1.37388,1.37406,1749,1,0
2025-08-08 06:00:00,1.37406,1.37445,1.37391,1.37395,1763,1,0
2025-08-08 07:00:00,1.37395,1.37417,1.37366,1.37413,1567,1,0
2025-08-08 08:00:00,1.37413,1.37497,1.374,1.37489,1919,1,0
2025-08-08 09:00:00,1.37489,1.3749,1.37404,1.37426,1554,1,0
2025-08-08 10:00:00,1.37426,1.37433,1.37291,1.37329,2025,1,0
2025-08-08 11:00:00,1.37329,1.37393,1.37275,1.37365,2132,1,0
2025-08-08 12:00:00,1.37365,1.37365,1.37275,1.3728799999999999,1827,1,0
2025-08-08 13:00:00,1.3728799999999999,1.37332,1.37259,1.37289,1625,1,0
2025-08-08 14:00:00,1.37289,1.37396,1.37277,1.3738299999999999,1697,1,0
2025-08-08 15:00:00,1.3738299999999999,1.37629,1.3737,1.37586,3056,1,0
2025-08-08 16:00:00,1.37586,1.37588,1.37429,1.37517,2989,1,0
2025-08-08 17:00:00,1.37517,1.37572,1.37448,1.37551,3340,1,0
2025-08-08 18:00:00,1.37551,1.37569,1.3747500000000001,1.37533,2367,1,0
2025-08-08 19:00:00,1.37533,1.3756300000000001,1.37484,1.37522,1922,1,0
2025-08-08 20:00:00,1.37523,1.37549,1.37425,1.37503,1623,1,0
2025-08-08 21:00:00,1.3750200000000001,1.37541,1.37436,1.37512,2306,1,0
2025-08-08 22:00:00,1.37512,1.37591,1.37507,1.3757,1940,1,0
2025-08-08 23:00:00,1.3757,1.37634,1.37534,1.37535,977,1,0
2025-08-11 00:00:00,1.37442,1.37537,1.3744,1.375,438,54,0
2025-08-11 01:00:00,1.375,1.37551,1.375,1.37533,890,1,0
2025-08-11 02:00:00,1.37533,1.37554,1.37506,1.37535,1084,1,0
2025-08-11 03:00:00,1.37535,1.37604,1.3752499999999999,1.37588,2146,1,0
2025-08-11 04:00:00,1.37588,1.37611,1.37531,1.3753600000000001,2395,1,0
2025-08-11 05:00:00,1.3753600000000001,1.3753600000000001,1.37484,1.37488,1839,1,0
2025-08-11 06:00:00,1.37488,1.3750499999999999,1.37451,1.37463,1606,1,0
2025-08-11 07:00:00,1.37463,1.37515,1.37453,1.37512,1887,1,0
2025-08-11 08:00:00,1.37512,1.37537,1.375,1.37517,1450,1,0
2025-08-11 09:00:00,1.37517,1.37589,1.37496,1.37576,1687,1,0
2025-08-11 10:00:00,1.37576,1.3774199999999999,1.37576,1.37693,2057,1,0
2025-08-11 11:00:00,1.37696,1.37713,1.37635,1.37647,1796,1,0
2025-08-11 12:00:00,1.37647,1.37759,1.37628,1.3774199999999999,1631,1,0
2025-08-11 13:00:00,1.3774199999999999,1.37743,1.3766,1.37687,1449,1,0
2025-08-11 14:00:00,1.37686,1.37838,1.37674,1.3780299999999999,2068,1,0
2025-08-11 15:00:00,1.3780299999999999,1.37949,1.37784,1.37892,2822,1,0
2025-08-11 16:00:00,1.37893,1.3790200000000001,1.37738,1.37798,3248,1,0
2025-08-11 17:00:00,1.37798,1.37946,1.37786,1.37915,3493,1,0
2025-08-11 18:00:00,1.37915,1.37955,1.37827,1.37848,2876,1,0
2025-08-11 19:00:00,1.37848,1.3786800000000001,1.37808,1.3784,2136,1,0
2025-08-11 20:00:00,1.3784,1.3786800000000001,1.3778299999999999,1.37801,1783,1,0
2025-08-11 21:00:00,1.37802,1.3783699999999999,1.37756,1.37782,2036,1,0
2025-08-11 22:00:00,1.37782,1.37874,1.37769,1.37821,1725,1,0
2025-08-11 23:00:00,1.37821,1.37848,1.37745,1.3777300000000001,1071,1,0
2025-08-12 00:00:00,1.37774,1.37794,1.37668,1.37772,103,26,0
2025-08-12 01:00:00,1.37772,1.37808,1.37754,1.37775,753,1,0
2025-08-12 02:00:00,1.37775,1.37775,1.3773900000000001,1.3775,820,1,0
2025-08-12 03:00:00,1.3775,1.3780000000000001,1.3774,1.37795,2377,1,0
2025-08-12 04:00:00,1.37795,1.37805,1.37733,1.37767,2772,1,0
2025-08-12 05:00:00,1.37767,1.37767,1.3772,1.37735,2030,1,0
2025-08-12 06:00:00,1.37735,1.37778,1.3771900000000001,1.3777599999999999,1751,1,0
2025-08-12 07:00:00,1.3777599999999999,1.37845,1.37741,1.3774600000000001,2452,1,0
2025-08-12 08:00:00,1.3774600000000001,1.37824,1.3773900000000001,1.37779,3246,1,0
2025-08-12 09:00:00,1.37779,1.3786100000000001,1.37738,1.37845,2829,1,0
2025-08-12 10:00:00,1.3784399999999999,1.3784399999999999,1.37753,1.37796,2352,1,0
2025-08-12 11:00:00,1.37796,1.37926,1.37766,1.37892,2278,1,0
2025-08-12 12:00:00,1.37892,1.3792900000000001,1.37878,1.37915,1890,1,0
2025-08-12 13:00:00,1.37916,1.37936,1.37854,1.37928,1535,1,0
2025-08-12 14:00:00,1.37928,1.3806,1.3792499999999999,1.3798300000000001,2003,1,0
2025-08-12 15:00:00,1.3798300000000001,1.38038,1.37628,1.37798,6242,1,0
2025-08-12 16:00:00,1.37799,1.37939,1.37728,1.37853,7017,1,0
2025-08-12 17:00:00,1.37853,1.37854,1.3771,1.37718,4788,1,0
2025-08-12 18:00:00,1.37718,1.37733,1.3754,1.3764,4361,1,0
2025-08-12 19:00:00,1.37638,1.37686,1.37571,1.37623,3022,1,0
2025-08-12 20:00:00,1.37623,1.37737,1.37621,1.3768500000000001,2345,1,0
2025-08-12 21:00:00,1.3768500000000001,1.37798,1.37648,1.37778,1987,1,0
2025-08-12 22:00:00,1.37778,1.37845,1.3774899999999999,1.37774,1923,1,0
2025-08-12 23:00:00,1.37774,1.37796,1.37708,1.37713,1202,1,0
2025-08-13 00:00:00,1.37714,1.37721,1.37655,1.37701,226,18,0
2025-08-13 01:00:00,1.37701,1.37745,1.37676,1.37683,1153,1,0
2025-08-13 02:00:00,1.37683,1.37711,1.3765399999999999,1.37705,922,1,0
2025-08-13 03:00:00,1.37705,1.37808,1.37692,1.37785,1860,1,0
2025-08-13 04:00:00,1.37785,1.37812,1.3775,1.37795,2264,1,0
2025-08-13 05:00:00,1.37795,1.37821,1.37732,1.3776,1876,1,0
2025-08-13 06:00:00,1.3776,1.37778,1.3774,1.37771,1983,1,0
2025-08-13 07:00:00,1.37771,1.37781,1.3774899999999999,1.37762,1600,1,0
2025-08-13 08:00:00,1.37762,1.37816,1.37754,1.37804,1228,1,0
2025-08-13 09:00:00,1.37804,1.37804,1.37656,1.3768799999999999,2215,1,0
2025-08-13 10:00:00,1.3768799999999999,1.3769,1.37542,1.3762400000000001,2316,1,0
2025-08-13 11:00:00,1.3762400000000001,1.37683,1.37577,1.37635,2341,1,0
2025-08-13 12:00:00,1.37636,1.37636,1.37523,1.3752499999999999,2029,1,0
2025-08-13 13:00:00,1.3752499999999999,1.376,1.37517,1.37579,1555,1,0
2025-08-13 14:00:00,1.37578,1.37642,1.37533,1.37564,1829,1,0
2025-08-13 15:00:00,1.37564,1.3771499999999999,1.37552,1.37706,2553,1,0
2025-08-13 16:00:00,1.37706,1.37753,1.3761700000000001,1.3762400000000001,3023,1,0
2025-08-13 17:00:00,1.37626,1.37725,1.37561,1.37611,3713,1,0
2025-08-13 18:00:00,1.37611,1.3771499999999999,1.37606,1.37659,3276,1,0
2025-08-13 19:00:00,1.37659,1.37707,1.37636,1.37704,2053,1,0
2025-08-13 20:00:00,1.37704,1.3771499999999999,1.37638,1.377,1917,1,0
2025-08-13 21:00:00,1.377,1.3774,1.3768099999999999,1.37703,2263,1,0
2025-08-13 22:00:00,1.37703,1.3771900000000001,1.37622,1.37628,1706,1,0
2025-08-13 23:00:00,1.37628,1.3765399999999999,1.3756,1.37585,1420,1,0
2025-08-14 00:00:00,1.37577,1.37599,1.3749799999999999,1.37573,292,39,0
2025-08-14 01:00:00,1.37573,1.37625,1.37538,1.3754,1235,1,0
2025-08-14 02:00:00,1.3754,1.37557,1.37518,1.3752900000000001,1223,1,0
2025-08-14 03:00:00,1.3752900000000001,1.3754,1.37501,1.37518,2273,1,0
2025-08-14 04:00:00,1.37518,1.3752499999999999,1.37445,1.37479,2463,1,0
2025-08-14 05:00:00,1.37479,1.37616,1.37478,1.37584,1816,1,0
2025-08-14 06:00:00,1.37584,1.37647,1.37583,1.3763,2147,1,0
2025-08-14 07:00:00,1.3763,1.37641,1.37572,1.37586,1594,1,0
2025-08-14 08:00:00,1.37586,1.37648,1.3758,1.37628,2003,1,0
2025-08-14 09:00:00,1.37628,1.37706,1.3757,1.37703,2828,1,0
2025-08-14 10:00:00,1.37703,1.37795,1.37638,1.3774199999999999,2808,1,0
2025-08-14 11:00:00,1.3774199999999999,1.37835,1.37718,1.3782,2048,1,0
2025-08-14 12:00:00,1.3782,1.37823,1.37717,1.37769,1858,1,0
2025-08-14 13:00:00,1.37769,1.37787,1.37705,1.37756,1916,1,0
2025-08-14 14:00:00,1.37756,1.37854,1.3774199999999999,1.37845,1905,1,0
2025-08-14 15:00:00,1.3784100000000001,1.38016,1.37813,1.37964,4588,1,0
2025-08-14 16:00:00,1.3796300000000001,1.38133,1.37961,1.38127,4831,1,0
2025-08-14 17:00:00,1.38127,1.38127,1.37899,1.37909,5008,1,0
2025-08-14 18:00:00,1.37908,1.38116,1.3790200000000001,1.3807,3957,1,0
2025-08-14 19:00:00,1.3807,1.38177,1.38049,1.38148,3380,1,0
2025-08-14 20:00:00,1.38148,1.38195,1.3808799999999999,1.3812,2537,1,0
2025-08-14 21:00:00,1.3812,1.3819,1.38111,1.38134,2395,1,0
2025-08-14 22:00:00,1.38134,1.38137,1.38058,1.38128,1887,1,0
2025-08-14 23:00:00,1.38128,1.38185,1.38113,1.38156,1297,1,0
2025-08-15 00:00:00,1.38159,1.38159,1.3811,1.38138,368,24,0
2025-08-15 01:00:00,1.38138,1.3816,1.38125,1.3813900000000001,1130,1,0
2025-08-15 02:00:00,1.3813900000000001,1.38151,1.38123,1.38137,1341,1,0
2025-08-15 03:00:00,1.38137,1.38154,1.38106,1.38119,2010,1,0
2025-08-15 04:00:00,1.38119,1.38152,1.38077,1.38096,2605,1,0
2025-08-15 05:00:00,1.38097,1.38141,1.38073,1.3807800000000001,2001,1,0
2025-08-15 06:00:00,1.3807800000000001,1.3807800000000001,1.38019,1.3804,1722,1,0
2025-08-15 07:00:00,1.3804,1.3806,1.38019,1.3802699999999999,1395,1,0
2025-08-15 08:00:00,1.3802699999999999,1.3805100000000001,1.38005,1.38008,1278,1,0
2025-08-15 09:00:00,1.38009,1.38071,1.37946,1.3797,1763,1,0
2025-08-15 10:00:00,1.3797,1.3798,1.37912,1.37935,1845,1,0
2025-08-15 11:00:00,1.37935,1.38002,1.37915,1.37975,1503,1,0
2025-08-15 12:00:00,1.37975,1.3798300000000001,1.3792200000000001,1.3794,1372,1,0
2025-08-15 13:00:00,1.3794,1.37962,1.37875,1.37883,1443,1,0
2025-08-15 14:00:00,1.37883,1.37951,1.37882,1.37906,1570,1,0
2025-08-15 15:00:00,1.37906,1.38019,1.37881,1.37934,3329,1,0
2025-08-15 16:00:00,1.37934,1.38042,1.37894,1.38006,4304,1,0
2025-08-15 17:00:00,1.38006,1.38087,1.37885,1.38059,4348,1,0
2025-08-15 18:00:00,1.3806,1.38118,1.3796,1.38094,3095,1,0
2025-08-15 19:00:00,1.38094,1.3813900000000001,1.38083,1.38101,2120,1,0
2025-08-15 20:00:00,1.38101,1.38157,1.38091,1.38128,1867,1,0
2025-08-15 21:00:00,1.38128,1.38164,1.38104,1.38135,1918,1,0
2025-08-15 22:00:00,1.38135,1.38158,1.38101,1.38143,1474,1,0
2025-08-15 23:00:00,1.38143,1.38185,1.38076,1.38147,953,1,0
2025-08-18 00:00:00,1.38067,1.3811200000000001,1.38067,1.38095,377,70,0
2025-08-18 01:00:00,1.38095,1.3814899999999999,1.38095,1.38111,1510,1,0
2025-08-18 02:00:00,1.38111,1.38172,1.38099,1.38155,1501,1,0
2025-08-18 03:00:00,1.38155,1.38161,1.3806,1.38079,2281,1,0
2025-08-18 04:00:00,1.38079,1.38093,1.3802400000000001,1.3804400000000001,2374,1,0
2025-08-18 05:00:00,1.3804400000000001,1.38102,1.38036,1.3809,1860,1,0
2025-08-18 06:00:00,1.3809,1.38093,1.38023,1.38034,1731,1,0
2025-08-18 07:00:00,1.38034,1.38042,1.3798599999999999,1.38012,1792,1,0
2025-08-18 08:00:00,1.38012,1.38045,1.38001,1.38026,1537,1,0
2025-08-18 09:00:00,1.38026,1.38097,1.38013,1.38042,1708,1,0
2025-08-18 10:00:00,1.38042,1.38048,1.3796300000000001,1.3801999999999999,2147,1,0
2025-08-18 11:00:00,1.38021,1.3806,1.3792200000000001,1.3794,2087,1,0
2025-08-18 12:00:00,1.3794,1.37989,1.37924,1.37985,1739,1,0
2025-08-18 13:00:00,1.37987,1.37987,1.37927,1.37954,1446,1,0
2025-08-18 14:00:00,1.37954,1.37974,1.37908,1.37938,1494,1,0
2025-08-18 15:00:00,1.37937,1.37943,1.37831,1.37913,2265,1,0
2025-08-18 16:00:00,1.37913,1.38092,1.37909,1.3809,2814,1,0
2025-08-18 17:00:00,1.3809,1.38273,1.38055,1.38242,3544,1,0
2025-08-18 18:00:00,1.38242,1.38313,1.38136,1.3816,2465,1,0
2025-08-18 19:00:00,1.38159,1.3816899999999999,1.38079,1.38125,2169,1,0
2025-08-18 20:00:00,1.38127,1.38145,1.38064,1.3811,2014,1,0
2025-08-18 21:00:00,1.3811,1.38133,1.3805100000000001,1.3812,1629,1,0
2025-08-18 22:00:00,1.3812,1.38131,1.38021,1.38059,1400,1,0
2025-08-18 23:00:00,1.3806,1.38096,1.37992,1.38025,1115,1,0
2025-08-19 00:00:00,1.3801999999999999,1.3801999999999999,1.37948,1.38003,227,14,0
2025-08-19 01:00:00,1.38004,1.38035,1.37962,1.38008,913,1,0
2025-08-19 02:00:00,1.38008,1.38056,1.38004,1.38029,1055,1,0
2025-08-19 03:00:00,1.38029,1.38109,1.38021,1.38095,1937,1,0
2025-08-19 04:00:00,1.38095,1.38182,1.38083,1.38136,2457,1,0
2025-08-19 05:00:00,1.38137,1.38152,1.38092,1.38099,2265,1,0
2025-08-19 06:00:00,1.38099,1.38122,1.38063,1.38116,2004,1,0
2025-08-19 07:00:00,1.38116,1.3813,1.38072,1.38097,1613,1,0
2025-08-19 08:00:00,1.38097,1.3814199999999999,1.38064,1.38122,1915,1,0
2025-08-19 09:00:00,1.38122,1.3815,1.38036,1.38041,1661,1,0
2025-08-19 10:00:00,1.38041,1.38164,1.38013,1.38162,2308,1,0
2025-08-19 11:00:00,1.38162,1.3822,1.38143,1.38193,1862,1,0
2025-08-19 12:00:00,1.38192,1.38233,1.38162,1.38194,1580,1,0
2025-08-19 13:00:00,1.38194,1.38197,1.38107,1.3811499999999999,1433,1,0
2025-08-19 14:00:00,1.38118,1.38135,1.3805399999999999,1.38092,1711,1,0
2025-08-19 15:00:00,1.38092,1.3838,1.38011,1.38338,3113,1,0
2025-08-19 16:00:00,1.38338,1.3845100000000001,1.3833,1.3841700000000001,3115,1,0
2025-08-19 17:00:00,1.38418,1.3857,1.3838,1.38552,3231,1,0
2025-08-19 18:00:00,1.38551,1.3860700000000001,1.38492,1.38599,3180,1,0
2025-08-19 19:00:00,1.38599,1.38636,1.38534,1.38626,2516,1,0
2025-08-19 20:00:00,1.38626,1.3863699999999999,1.38536,1.3857,1852,1,0
2025-08-19 21:00:00,1.38571,1.38647,1.3857,1.38645,1829,1,0
2025-08-19 22:00:00,1.38645,1.38687,1.38594,1.38659,1591,1,0
2025-08-19 23:00:00,1.3866,1.38696,1.38615,1.3868,1346,1,0
2025-08-20 00:00:00,1.38672,1.38672,1.38516,1.38599,2572,21,0
2025-08-20 01:00:00,1.3860000000000001,1.38684,1.38588,1.38642,1130,1,0
2025-08-20 02:00:00,1.38641,1.38687,1.38635,1.3867,1829,1,0
2025-08-20 03:00:00,1.38669,1.3872900000000001,1.38655,1.38693,2064,1,0
2025-08-20 04:00:00,1.38693,1.38777,1.38651,1.3875899999999999,2024,1,0
2025-08-20 05:00:00,1.3876,1.38838,1.3875600000000001,1.38799,2873,1,0
2025-08-20 06:00:00,1.38799,1.388,1.38726,1.38748,2340,1,0
2025-08-20 07:00:00,1.3874900000000001,1.3875,1.38696,1.38702,1786,1,0
2025-08-20 08:00:00,1.387,1.38755,1.38693,1.38715,1616,1,0
2025-08-20 09:00:00,1.38715,1.38764,1.38687,1.38713,2576,1,0
2025-08-20 10:00:00,1.38714,1.38762,1.38686,1.38716,2313,1,0
2025-08-20 11:00:00,1.38715,1.38814,1.3869500000000001,1.38796,2024,1,0
2025-08-20 12:00:00,1.38796,1.388,1.3872900000000001,1.38764,1517,1,0
2025-08-20 13:00:00,1.38764,1.38772,1.38708,1.38761,1500,1,0
2025-08-20 14:00:00,1.3876,1.38766,1.38687,1.38726,1392,1,0
2025-08-20 15:00:00,1.38726,1.38726,1.38537,1.38577,2840,1,0
2025-08-20 16:00:00,1.38578,1.38717,1.38574,1.3868800000000001,2943,1,0
2025-08-20 17:00:00,1.3868800000000001,1.3873,1.38592,1.38592,4011,1,0
2025-08-20 18:00:00,1.38592,1.38796,1.3857300000000001,1.38753,3051,1,0
2025-08-20 19:00:00,1.38753,1.38754,1.3866800000000001,1.38689,2093,1,0
2025-08-20 20:00:00,1.3869,1.38728,1.38628,1.38647,1893,1,0
2025-08-20 21:00:00,1.38624,1.3872200000000001,1.38619,1.38718,2148,1,0
2025-08-20 22:00:00,1.38718,1.38771,1.3864,1.38766,1864,1,0
2025-08-20 23:00:00,1.38766,1.38803,1.38727,1.3872900000000001,1534,1,0
2025-08-21 00:00:00,1.38724,1.38731,1.3862999999999999,1.3869099999999999,426,33,0
2025-08-21 01:00:00,1.3869,1.3873199999999999,1.3868,1.3872900000000001,772,1,0
2025-08-21 02:00:00,1.3872900000000001,1.38754,1.38714,1.38745,1180,1,0
2025-08-21 03:00:00,1.38746,1.38818,1.38736,1.38788,2376,1,0
2025-08-21 04:00:00,1.38788,1.38821,1.3873,1.3877,2581,1,0
2025-08-21 05:00:00,1.38769,1.38812,1.38736,1.38806,1936,1,0
2025-08-21 06:00:00,1.38806,1.38831,1.38785,1.38806,1477,1,0
2025-08-21 07:00:00,1.38806,1.38816,1.38777,1.38796,1238,1,0
2025-08-21 08:00:00,1.38796,1.38827,1.38748,1.3875600000000001,1463,1,0
2025-08-21 09:00:00,1.3875600000000001,1.38812,1.38739,1.3879000000000001,2041,1,0
2025-08-21 10:00:00,1.3879000000000001,1.3885399999999999,1.3877,1.388,2393,1,0
2025-08-21 11:00:00,1.388,1.38836,1.3876,1.38785,1928,1,0
2025-08-21 12:00:00,1.3878599999999999,1.38811,1.38738,1.38794,1755,1,0
2025-08-21 13:00:00,1.3879299999999999,1.38838,1.38776,1.3881999999999999,1519,1,0
2025-08-21 14:00:00,1.38821,1.38885,1.38787,1.38864,2115,1,0
2025-08-21 15:00:00,1.38864,1.38957,1.38787,1.38947,3299,1,0
2025-08-21 16:00:00,1.38947,1.3902700000000001,1.38898,1.38998,3913,1,0
2025-08-21 17:00:00,1.38998,1.39018,1.3892,1.38972,3983,1,0
2025-08-21 18:00:00,1.38972,1.39058,1.3892,1.39018,3896,1,0
2025-08-21 19:00:00,1.39019,1.39079,1.38965,1.3897300000000001,2600,1,0
2025-08-21 20:00:00,1.3897300000000001,1.39013,1.3891200000000001,1.38949,2594,1,0
2025-08-21 21:00:00,1.38949,1.38998,1.38921,1.38993,2006,1,0
2025-08-21 22:00:00,1.38993,1.39065,1.38987,1.39041,1475,1,0
2025-08-21 23:00:00,1.39041,1.3912,1.3902999999999999,1.39097,1005,1,0
2025-08-22 00:00:00,1.39097,1.39097,1.39032,1.39062,316,19,0
2025-08-22 01:00:00,1.39062,1.3909500000000001,1.39047,1.39054,818,1,0
2025-08-22 02:00:00,1.39054,1.39073,1.39006,1.39016,943,1,0
2025-08-22 03:00:00,1.39016,1.39081,1.38993,1.39076,1855,1,0
2025-08-22 04:00:00,1.39076,1.39132,1.3903699999999999,1.39124,1735,1,0
2025-08-22 05:00:00,1.39124,1.39131,1.39065,1.39109,1591,1,0
2025-08-22 06:00:00,1.3911,1.39144,1.3909500000000001,1.39137,1636,1,0
2025-08-22 07:00:00,1.39137,1.3915600000000001,1.39121,1.39151,1142,1,0
2025-08-22 08:00:00,1.3914900000000001,1.39161,1.39131,1.39146,1217,1,0
2025-08-22 09:00:00,1.39146,1.39169,1.3912900000000001,1.39153,1484,1,0
2025-08-22 10:00:00,1.39153,1.39172,1.391,1.39121,1605,1,0
2025-08-22 11:00:00,1.39121,1.39142,1.39077,1.39082,1512,1,0
2025-08-22 12:00:00,1.39081,1.39153,1.39079,1.39139,1410,1,0
2025-08-22 13:00:00,1.39139,1.3919000000000001,1.3912900000000001,1.39167,1226,1,0
2025-08-22 14:00:00,1.39167,1.39174,1.39099,1.39112,1780,1,0
2025-08-22 15:00:00,1.39112,1.39189,1.39093,1.39169,2263,1,0
2025-08-22 16:00:00,1.39169,1.39246,1.39139,1.39215,2929,1,0
2025-08-22 17:00:00,1.3921000000000001,1.3921000000000001,1.3833199999999999,1.38347,10125,1,0
2025-08-22 18:00:00,1.38346,1.38459,1.38301,1.38459,5476,1,0
2025-08-22 19:00:00,1.3846,1.38462,1.38307,1.38321,3362,1,0
2025-08-22 20:00:00,1.38321,1.38324,1.38145,1.38188,2772,1,0
2025-08-22 21:00:00,1.38189,1.38257,1.38151,1.38249,2490,1,0
2025-08-22 22:00:00,1.38248,1.38308,1.38236,1.38287,2073,1,0
2025-08-22 23:00:00,1.38288,1.38304,1.38182,1.38219,1030,1,0
2025-08-25 00:00:00,1.38091,1.38248,1.38091,1.3822999999999999,655,47,0
2025-08-25 01:00:00,1.3822999999999999,1.38337,1.38209,1.38273,1569,1,0
2025-08-25 02:00:00,1.38273,1.38328,1.3826399999999999,1.38297,1566,1,0
2025-08-25 03:00:00,1.38297,1.38403,1.3829500000000001,1.38358,1840,1,0
2025-08-25 04:00:00,1.38358,1.3844,1.3832499999999999,1.38425,1836,1,0
2025-08-25 05:00:00,1.38425,1.38436,1.38376,1.38392,1282,1,0
2025-08-25 06:00:00,1.38392,1.38399,1.38326,1.38337,1195,1,0
2025-08-25 07:00:00,1.38337,1.38357,1.38321,1.38348,1066,1,0
2025-08-25 08:00:00,1.38348,1.38378,1.38335,1.38368,1180,1,0
2025-08-25 09:00:00,1.38368,1.38368,1.38212,1.38253,1785,1,0
2025-08-25 10:00:00,1.38253,1.38371,1.3825,1.38361,1656,1,0
2025-08-25 11:00:00,1.38361,1.38369,1.38236,1.38276,1692,1,0
2025-08-25 12:00:00,1.38276,1.38328,1.38263,1.38317,1228,1,0
2025-08-25 13:00:00,1.38317,1.38364,1.3829500000000001,1.38353,1381,1,0
2025-08-25 14:00:00,1.38353,1.3835600000000001,1.3823400000000001,1.38239,1551,1,0
2025-08-25 15:00:00,1.3824,1.38262,1.38174,1.38227,2068,1,0
2025-08-25 16:00:00,1.38226,1.38289,1.3817,1.38223,2894,1,0
2025-08-25 17:00:00,1.38222,1.38294,1.38204,1.38243,3270,1,0
2025-08-25 18:00:00,1.38243,1.3835,1.3824100000000001,1.38308,2536,1,0
2025-08-25 19:00:00,1.38308,1.38385,1.38306,1.38341,2023,1,0
2025-08-25 20:00:00,1.38341,1.38433,1.3832900000000001,1.38425,1629,1,0
2025-08-25 21:00:00,1.38425,1.38552,1.38407,1.38526,2022,1,0
2025-08-25 22:00:00,1.38525,1.3864,1.38523,1.38629,2141,1,0
2025-08-25 23:00:00,1.38629,1.38629,1.38538,1.3859,1543,1,0
2025-08-26 00:00:00,1.38578,1.38583,1.38445,1.38551,827,35,0
2025-08-26 01:00:00,1.38555,1.38578,1.38537,1.38563,946,1,0
2025-08-26 02:00:00,1.38563,1.38611,1.3855,1.38591,913,1,0
2025-08-26 03:00:00,1.38591,1.3864,1.3841700000000001,1.3845100000000001,5245,1,0
2025-08-26 04:00:00,1.3845,1.38587,1.38448,1.38563,2871,1,0
2025-08-26 05:00:00,1.38563,1.38563,1.38474,1.38499,2209,1,0
2025-08-26 06:00:00,1.385,1.3859,1.38499,1.38583,1880,1,0
2025-08-26 07:00:00,1.38583,1.3860299999999999,1.38541,1.38544,1576,1,0
2025-08-26 08:00:00,1.38544,1.38559,1.3850500000000001,1.38514,1652,1,0
2025-08-26 09:00:00,1.3851499999999999,1.38657,1.38507,1.38581,2623,1,0
2025-08-26 10:00:00,1.38582,1.38682,1.38509,1.38559,3181,1,0
2025-08-26 11:00:00,1.38559,1.38643,1.38552,1.3858,2407,1,0
2025-08-26 12:00:00,1.3858,1.38581,1.38475,1.38486,2095,1,0
2025-08-26 13:00:00,1.3848500000000001,1.38529,1.38462,1.38509,1644,1,0
2025-08-26 14:00:00,1.38509,1.3851200000000001,1.38407,1.38445,2025,1,0
2025-08-26 15:00:00,1.38443,1.38506,1.38401,1.38458,2435,1,0
2025-08-26 16:00:00,1.38458,1.3854600000000001,1.3843,1.3848099999999999,3155,1,0
2025-08-26 17:00:00,1.38482,1.38507,1.3826800000000001,1.38269,3507,1,0
2025-08-26 18:00:00,1.38269,1.383,1.38224,1.38248,2556,1,0
2025-08-26 19:00:00,1.38249,1.3832200000000001,1.38244,1.38296,2423,1,0
2025-08-26 20:00:00,1.38297,1.38402,1.38294,1.38389,1368,1,0
2025-08-26 21:00:00,1.38389,1.38418,1.38286,1.38345,1624,1,0
2025-08-26 22:00:00,1.38345,1.3836300000000001,1.38293,1.38347,1595,1,0
2025-08-26 23:00:00,1.38349,1.38391,1.38317,1.38388,968,1,0
2025-08-27 00:00:00,1.38376,1.3838300000000001,1.38242,1.38352,347,18,0
2025-08-27 01:00:00,1.38352,1.38384,1.3834,1.38341,741,1,0
2025-08-27 02:00:00,1.38341,1.3836300000000001,1.38328,1.38349,732,1,0
2025-08-27 03:00:00,1.38349,1.38361,1.38299,1.38335,1593,1,0
2025-08-27 04:00:00,1.38334,1.3836,1.38284,1.38315,2472,1,0
2025-08-27 05:00:00,1.38315,1.38412,1.38314,1.3838300000000001,1410,1,0
2025-08-27 06:00:00,1.3838300000000001,1.38412,1.38376,1.38405,1209,1,0
2025-08-27 07:00:00,1.38405,1.38438,1.38401,1.38432,1140,1,0
2025-08-27 08:00:00,1.38431,1.38453,1.38391,1.3841,1372,1,0
2025-08-27 09:00:00,1.38408,1.38415,1.38343,1.38378,1651,1,0
2025-08-27 10:00:00,1.38378,1.3854199999999999,1.38374,1.38467,1870,1,0
2025-08-27 11:00:00,1.38467,1.38571,1.38465,1.38487,2029,1,0
2025-08-27 12:00:00,1.38487,1.3855,1.38477,1.38543,1438,1,0
2025-08-27 13:00:00,1.3854199999999999,1.38547,1.3848500000000001,1.38526,1529,1,0
2025-08-27 14:00:00,1.38525,1.3856600000000001,1.3845,1.38524,1952,1,0
2025-08-27 15:00:00,1.38524,1.3854899999999999,1.38432,1.3850799999999999,2553,1,0
2025-08-27 16:00:00,1.3850799999999999,1.3854600000000001,1.38442,1.38526,2775,1,0
2025-08-27 17:00:00,1.38526,1.3858,1.3829099999999999,1.3832,3468,1,0
2025-08-27 18:00:00,1.3832,1.38333,1.38215,1.38259,2997,1,0
2025-08-27 19:00:00,1.3826,1.3826,1.37981,1.37982,2400,1,0
2025-08-27 20:00:00,1.37982,1.38015,1.37829,1.37849,2251,1,0
2025-08-27 21:00:00,1.37849,1.37962,1.37846,1.3796,2009,1,0
2025-08-27 22:00:00,1.3796,1.37972,1.3786100000000001,1.37881,1468,1,0
2025-08-27 23:00:00,1.37881,1.3792,1.37835,1.37919,1371,1,0
2025-08-28 00:00:00,1.37889,1.37889,1.3777,1.37882,292,35,0
2025-08-28 01:00:00,1.37882,1.379,1.3783400000000001,1.37846,913,1,0
2025-08-28 02:00:00,1.37842,1.37849,1.37809,1.37814,1203,1,0
2025-08-28 03:00:00,1.37815,1.3783699999999999,1.37791,1.37824,2096,1,0
2025-08-28 04:00:00,1.37824,1.3783400000000001,1.37782,1.3780700000000001,2073,1,0
2025-08-28 05:00:00,1.3780700000000001,1.37817,1.37725,1.37731,2017,1,0
2025-08-28 06:00:00,1.37731,1.37784,1.37696,1.37775,1521,1,0
2025-08-28 07:00:00,1.37775,1.37824,1.37774,1.37816,1443,1,0
2025-08-28 08:00:00,1.37816,1.37882,1.37815,1.3783,1270,1,0
2025-08-28 09:00:00,1.3783,1.37854,1.3777599999999999,1.37833,1906,1,0
2025-08-28 10:00:00,1.37835,1.37875,1.37775,1.37786,2030,1,0
2025-08-28 11:00:00,1.37786,1.37855,1.3774899999999999,1.37764,2193,1,0
2025-08-28 12:00:00,1.37764,1.37768,1.3768,1.3771499999999999,1806,1,0
2025-08-28 13:00:00,1.3771499999999999,1.3774,1.37614,1.3762400000000001,1879,1,0
2025-08-28 14:00:00,1.37625,1.37674,1.37603,1.37644,2115,1,0
2025-08-28 15:00:00,1.37644,1.3768,1.3752900000000001,1.37607,3674,1,0
2025-08-28 16:00:00,1.37607,1.37852,1.37596,1.3765399999999999,4698,1,0
2025-08-28 17:00:00,1.37649,1.37731,1.3755600000000001,1.37659,4212,1,0
2025-08-28 18:00:00,1.37659,1.37683,1.37509,1.37518,2722,1,0
2025-08-28 19:00:00,1.37518,1.37535,1.37462,1.37479,1936,1,0
2025-08-28 20:00:00,1.37479,1.3750499999999999,1.37431,1.3746399999999999,1524,1,0
2025-08-28 21:00:00,1.3746399999999999,1.37482,1.37412,1.3746399999999999,1373,1,0
2025-08-28 22:00:00,1.3746399999999999,1.37546,1.37457,1.37542,1367,1,0
2025-08-28 23:00:00,1.37542,1.37564,1.37463,1.37489,1190,1,0
2025-08-29 00:00:00,1.37484,1.37506,1.3735,1.3750200000000001,531,15,0
2025-08-29 01:00:00,1.3750499999999999,1.37541,1.37436,1.37514,967,1,0
2025-08-29 02:00:00,1.37514,1.37526,1.3749500000000001,1.37521,940,1,0
2025-08-29 03:00:00,1.37521,1.37521,1.37463,1.3746399999999999,1856,1,0
2025-08-29 04:00:00,1.3746399999999999,1.37555,1.3745,1.37507,2947,1,0
2025-08-29 05:00:00,1.37507,1.37549,1.37482,1.37544,2294,1,0
2025-08-29 06:00:00,1.37544,1.37573,1.3753,1.37544,1420,1,0
2025-08-29 07:00:00,1.37545,1.3756300000000001,1.37514,1.3752900000000001,1327,1,0
2025-08-29 08:00:00,1.37528,1.37561,1.37517,1.37535,1484,1,0
2025-08-29 09:00:00,1.37535,1.37575,1.37496,1.3755,1817,1,0
2025-08-29 10:00:00,1.37552,1.3755600000000001,1.37404,1.3740999999999999,1937,1,0
2025-08-29 11:00:00,1.37409,1.3745,1.37374,1.37408,1943,1,0
2025-08-29 12:00:00,1.37408,1.37565,1.374,1.37557,1793,1,0
2025-08-29 13:00:00,1.37557,1.37574,1.37496,1.37503,1652,1,0
2025-08-29 14:00:00,1.37503,1.37538,1.37482,1.37518,1546,1,0
2025-08-29 15:00:00,1.37518,1.37791,1.37489,1.37704,3527,1,0
2025-08-29 16:00:00,1.37703,1.37793,1.37557,1.37601,3803,1,0
2025-08-29 17:00:00,1.37594,1.37621,1.37277,1.37295,4844,1,0
2025-08-29 18:00:00,1.37298,1.37404,1.37272,1.3728500000000001,3249,1,0
2025-08-29 19:00:00,1.3728500000000001,1.37357,1.37269,1.37318,2119,1,0
2025-08-29 20:00:00,1.37318,1.37368,1.37318,1.37337,1551,1,0
2025-08-29 21:00:00,1.37335,1.3737300000000001,1.37275,1.37279,1434,1,0
2025-08-29 22:00:00,1.37279,1.37375,1.37276,1.37337,1521,1,0
2025-08-29 23:00:00,1.37336,1.3746800000000001,1.37314,1.37338,1156,1,0
2025-09-01 00:00:00,1.37221,1.37365,1.37221,1.3734899999999999,500,71,0
2025-09-01 01:00:00,1.3734899999999999,1.37433,1.37337,1.37409,983,1,0
2025-09-01 02:00:00,1.37408,1.37414,1.3738299999999999,1.37393,1148,1,0
2025-09-01 03:00:00,1.37392,1.37394,1.37347,1.37361,1500,1,0
2025-09-01 04:00:00,1.37361,1.37451,1.37356,1.374,2134,1,0
2025-09-01 05:00:00,1.37399,1.37414,1.37327,1.37336,2575,1,0
2025-09-01 06:00:00,1.37336,1.37382,1.37329,1.3736,1609,1,0
2025-09-01 07:00:00,1.3736,1.37399,1.37356,1.37382,950,1,0
2025-09-01 08:00:00,1.37385,1.37388,1.3734199999999999,1.37375,1404,1,0
2025-09-01 09:00:00,1.3737599999999999,1.37497,1.37371,1.37479,2211,1,0
2025-09-01 10:00:00,1.37479,1.37527,1.3747,1.37477,2144,1,0
2025-09-01 11:00:00,1.37476,1.37508,1.3738299999999999,1.37397,1832,1,0
2025-09-01 12:00:00,1.37397,1.37408,1.37369,1.37392,1693,1,0
2025-09-01 13:00:00,1.37392,1.37402,1.37339,1.37395,1062,1,0
2025-09-01 14:00:00,1.37394,1.37423,1.37363,1.3742,1432,1,0
2025-09-01 15:00:00,1.3742,1.3752499999999999,1.37411,1.3752499999999999,1999,1,0
2025-09-01 16:00:00,1.37524,1.37528,1.3744399999999999,1.37486,2272,1,0
2025-09-01 17:00:00,1.3749,1.37507,1.3743699999999999,1.37483,2034,1,0
2025-09-01 18:00:00,1.37485,1.37621,1.37483,1.37571,1676,1,0
2025-09-01 19:00:00,1.37571,1.37604,1.37534,1.37549,942,1,0
2025-09-01 20:00:00,1.37549,1.37569,1.37547,1.37553,380,1,0
2025-09-01 21:00:00,1.37553,1.3755899999999999,1.37524,1.37524,452,1,0
2025-09-01 22:00:00,1.37523,1.37528,1.375,1.37506,427,1,0
2025-09-01 23:00:00,1.37507,1.37515,1.37491,1.37499,544,1,0
2025-09-02 00:00:00,1.3749500000000001,1.37497,1.37402,1.3745,581,35,0
2025-09-02 01:00:00,1.3745,1.3753600000000001,1.3744,1.37519,567,1,0
2025-09-02 02:00:00,1.37518,1.37528,1.3747,1.37486,947,1,0
2025-09-02 03:00:00,1.37487,1.3752499999999999,1.37459,1.3748,2532,1,0
2025-09-02 04:00:00,1.37481,1.37515,1.37459,1.3750200000000001,2651,1,0
2025-09-02 05:00:00,1.37501,1.37568,1.3749799999999999,1.37543,1943,1,0
2025-09-02 06:00:00,1.37543,1.3756599999999999,1.37524,1.37547,1617,1,0
2025-09-02 07:00:00,1.37547,1.37594,1.37538,1.37578,1432,1,0
2025-09-02 08:00:00,1.37578,1.3759299999999999,1.37553,1.37558,1851,1,0
2025-09-02 09:00:00,1.37557,1.37557,1.3746399999999999,1.37467,1850,1,0
2025-09-02 10:00:00,1.37465,1.37797,1.37456,1.37774,3964,1,0
2025-09-02 11:00:00,1.37771,1.37838,1.37675,1.37698,2929,1,0
2025-09-02 12:00:00,1.37698,1.37789,1.37669,1.37752,2599,1,0
2025-09-02 13:00:00,1.37753,1.3779,1.37731,1.37743,2368,1,0
2025-09-02 14:00:00,1.37743,1.3795899999999999,1.37705,1.37885,2855,1,0
2025-09-02 15:00:00,1.37884,1.3815,1.37842,1.38089,3850,1,0
2025-09-02 16:00:00,1.38087,1.38099,1.37872,1.37873,4663,1,0
2025-09-02 17:00:00,1.37873,1.37955,1.37778,1.37944,5485,1,0
2025-09-02 18:00:00,1.37944,1.38003,1.3784,1.37853,3429,1,0
2025-09-02 19:00:00,1.37853,1.37901,1.37733,1.37735,2431,1,0
2025-09-02 20:00:00,1.37736,1.37806,1.37723,1.37792,1913,1,0
2025-09-02 21:00:00,1.37793,1.37924,1.37784,1.3786100000000001,2065,1,0
2025-09-02 22:00:00,1.3786,1.37882,1.3778000000000001,1.37852,1839,1,0
2025-09-02 23:00:00,1.37851,1.3786,1.37764,1.3782,1278,1,0
2025-09-03 00:00:00,1.37809,1.3782,1.37698,1.37797,581,26,0
2025-09-03 01:00:00,1.3780299999999999,1.37848,1.37795,1.37843,746,1,0
2025-09-03 02:00:00,1.37843,1.37856,1.37836,1.37849,837,1,0
2025-09-03 03:00:00,1.3785,1.37924,1.37843,1.3790499999999999,1856,1,0
2025-09-03 04:00:00,1.3790499999999999,1.37918,1.37848,1.37876,2791,1,0
2025-09-03 05:00:00,1.37874,1.3792499999999999,1.37838,1.3791,2233,1,0
2025-09-03 06:00:00,1.3791,1.3796300000000001,1.37896,1.37958,1728,1,0
2025-09-03 07:00:00,1.3795899999999999,1.37969,1.37919,1.3792200000000001,1267,1,0
2025-09-03 08:00:00,1.3792200000000001,1.38004,1.3792,1.37979,1501,1,0
2025-09-03 09:00:00,1.37979,1.38,1.37916,1.3796599999999999,2491,1,0
2025-09-03 10:00:00,1.37965,1.3807800000000001,1.37933,1.37976,3138,1,0
2025-09-03 11:00:00,1.37976,1.38058,1.37881,1.38011,2747,1,0
2025-09-03 12:00:00,1.38012,1.38014,1.37937,1.37978,2645,1,0
2025-09-03 13:00:00,1.3798,1.38057,1.37944,1.37997,2045,1,0
2025-09-03 14:00:00,1.37997,1.38014,1.3796300000000001,1.3798300000000001,1802,1,0
2025-09-03 15:00:00,1.3798300000000001,1.38061,1.37962,1.37992,2356,1,0
2025-09-03 16:00:00,1.37992,1.38052,1.37931,1.38034,3747,1,0
2025-09-03 17:00:00,1.38036,1.38036,1.37832,1.37903,4503,1,0
2025-09-03 18:00:00,1.37903,1.37935,1.37843,1.3788,3237,1,0
2025-09-03 19:00:00,1.3788,1.3791,1.37858,1.37867,2150,1,0
2025-09-03 20:00:00,1.37865,1.37994,1.37855,1.37971,1948,1,0
2025-09-03 21:00:00,1.37972,1.3798599999999999,1.3786800000000001,1.37973,1903,1,0
2025-09-03 22:00:00,1.37974,1.38019,1.37961,1.37987,1748,1,0
2025-09-03 23:00:00,1.37987,1.37998,1.37878,1.37921,1153,1,0
2025-09-04 00:00:00,1.3792499999999999,1.3792499999999999,1.3787099999999999,1.3789799999999999,534,20,0
2025-09-04 01:00:00,1.37897,1.37967,1.37897,1.37948,522,1,0
2025-09-04 02:00:00,1.37948,1.37949,1.37921,1.37931,874,1,0
2025-09-04 03:00:00,1.37931,1.37988,1.37923,1.37982,2072,1,0
2025-09-04 04:00:00,1.37982,1.38019,1.37944,1.38002,2582,1,0
2025-09-04 05:00:00,1.38002,1.38069,1.37995,1.38061,1649,1,0
2025-09-04 06:00:00,1.3806,1.38071,1.3804699999999999,1.38062,1323,1,0
2025-09-04 07:00:00,1.38062,1.38084,1.38049,1.38077,1051,1,0
2025-09-04 08:00:00,1.38077,1.38104,1.38077,1.3808799999999999,1532,1,0
2025-09-04 09:00:00,1.38086,1.38145,1.38073,1.38137,1941,1,0
2025-09-04 10:00:00,1.38136,1.3815,1.3808799999999999,1.38124,1766,1,0
2025-09-04 11:00:00,1.38123,1.38138,1.3808799999999999,1.38102,1895,1,0
2025-09-04 12:00:00,1.38102,1.38229,1.38082,1.38201,1589,1,0
2025-09-04 13:00:00,1.3820000000000001,1.38208,1.38159,1.3820700000000001,1484,1,0
2025-09-04 14:00:00,1.38209,1.38262,1.38202,1.38215,1747,1,0
2025-09-04 15:00:00,1.38214,1.38275,1.38011,1.38159,3420,1,0
2025-09-04 16:00:00,1.38159,1.3820999999999999,1.38065,1.38135,3557,1,0
2025-09-04 17:00:00,1.3814899999999999,1.38428,1.38144,1.38415,4305,1,0
2025-09-04 18:00:00,1.38414,1.38456,1.38288,1.38292,2278,1,0
2025-09-04 19:00:00,1.38292,1.38407,1.38279,1.38324,1811,1,0
2025-09-04 20:00:00,1.38324,1.38366,1.38297,1.38318,1614,1,0
2025-09-04 21:00:00,1.38318,1.38324,1.38265,1.38289,1407,1,0
2025-09-04 22:00:00,1.38289,1.3829,1.38211,1.38256,1214,1,0
2025-09-04 23:00:00,1.38255,1.38289,1.38157,1.38175,1288,1,0
2025-09-05 00:00:00,1.3818,1.3818,1.3804699999999999,1.38161,561,28,0
2025-09-05 01:00:00,1.38161,1.38208,1.38144,1.3820700000000001,1027,1,0
2025-09-05 02:00:00,1.3820700000000001,1.3820700000000001,1.38153,1.38156,979,1,0
2025-09-05 03:00:00,1.38157,1.38172,1.381,1.38101,2071,1,0
2025-09-05 04:00:00,1.38101,1.38118,1.38067,1.38075,1701,1,0
2025-09-05 05:00:00,1.38074,1.3808,1.38042,1.3807800000000001,1170,1,0
2025-09-05 06:00:00,1.3807800000000001,1.38086,1.38048,1.38073,1105,1,0
2025-09-05 07:00:00,1.38073,1.3811499999999999,1.38062,1.38102,1064,1,0
2025-09-05 08:00:00,1.38102,1.38111,1.38011,1.3801999999999999,1253,1,0
2025-09-05 09:00:00,1.38019,1.38092,1.38015,1.38062,2181,1,0
2025-09-05 10:00:00,1.3806,1.38063,1.3794,1.37943,2055,1,0
2025-09-05 11:00:00,1.37943,1.37949,1.37899,1.3792200000000001,1299,1,0
2025-09-05 12:00:00,1.37923,1.37979,1.379,1.37953,1210,1,0
2025-09-05 13:00:00,1.37953,1.3796599999999999,1.37894,1.37942,1216,1,0
2025-09-05 14:00:00,1.37941,1.38055,1.37918,1.3802699999999999,1569,1,0
2025-09-05 15:00:00,1.38026,1.38172,1.37561,1.3804699999999999,6047,1,0
2025-09-05 16:00:00,1.38046,1.3815,1.3796,1.37994,6082,1,0
2025-09-05 17:00:00,1.37996,1.38378,1.37981,1.38307,5667,1,0
2025-09-05 18:00:00,1.38306,1.38391,1.38219,1.38248,3374,1,0
2025-09-05 19:00:00,1.38247,1.38402,1.3818,1.38339,3040,1,0
2025-09-05 20:00:00,1.3834,1.3848099999999999,1.38339,1.3845,2859,1,0
2025-09-05 21:00:00,1.3845,1.385,1.38428,1.38479,2019,1,0
2025-09-05 22:00:00,1.38479,1.38543,1.3845399999999999,1.3851200000000001,1805,1,0
2025-09-05 23:00:00,1.38513,1.38513,1.38218,1.38244,1236,1,0
2025-09-08 00:00:00,1.38251,1.38405,1.38248,1.38335,866,45,0
2025-09-08 01:00:00,1.38335,1.38448,1.3829099999999999,1.38432,1872,1,0
2025-09-08 02:00:00,1.38431,1.38436,1.38352,1.3835600000000001,1742,1,0
2025-09-08 03:00:00,1.38357,1.38439,1.38357,1.38385,2742,1,0
2025-09-08 04:00:00,1.38385,1.38418,1.38316,1.38324,3062,1,0
2025-09-08 05:00:00,1.38323,1.38368,1.38309,1.3832200000000001,2445,1,0
2025-09-08 06:00:00,1.3832200000000001,1.38342,1.3829099999999999,1.38333,1954,1,0
2025-09-08 07:00:00,1.38333,1.38366,1.3832,1.38336,1511,1,0
2025-09-08 08:00:00,1.38335,1.38341,1.38273,1.38292,1405,1,0
2025-09-08 09:00:00,1.3829099999999999,1.38324,1.38243,1.3826399999999999,2715,1,0
2025-09-08 10:00:00,1.38265,1.38277,1.3813900000000001,1.38158,2488,1,0
2025-09-08 11:00:00,1.38158,1.38209,1.3812,1.38167,2526,1,0
2025-09-08 12:00:00,1.38167,1.38246,1.38148,1.38178,1858,1,0
2025-09-08 13:00:00,1.38178,1.38182,1.38058,1.38065,1798,1,0
2025-09-08 14:00:00,1.38064,1.38067,1.3798599999999999,1.3801700000000001,1896,1,0
2025-09-08 15:00:00,1.38016,1.3811200000000001,1.37889,1.3793199999999999,2589,1,0
2025-09-08 16:00:00,1.3793199999999999,1.38188,1.37884,1.3814,3193,1,0
2025-09-08 17:00:00,1.3814,1.38266,1.38129,1.38227,3574,1,0
2025-09-08 18:00:00,1.38227,1.38265,1.38185,1.38212,2339,1,0
2025-09-08 19:00:00,1.38212,1.38335,1.38196,1.38262,2045,1,0
2025-09-08 20:00:00,1.3826100000000001,1.38318,1.38255,1.38289,1756,1,0
2025-09-08 21:00:00,1.38289,1.38292,1.38106,1.38137,1692,1,0
2025-09-08 22:00:00,1.38137,1.38147,1.38061,1.38063,1796,1,0
2025-09-08 23:00:00,1.38063,1.3807800000000001,1.3801999999999999,1.38023,1185,1,0
2025-09-09 00:00:00,1.38022,1.38029,1.37924,1.37999,922,22,0
2025-09-09 01:00:00,1.37999,1.38026,1.37974,1.38007,997,1,0
2025-09-09 02:00:00,1.38007,1.38008,1.37954,1.3795899999999999,1089,1,0
2025-09-09 03:00:00,1.3795899999999999,1.3805100000000001,1.3795899999999999,1.38046,2121,1,0
2025-09-09 04:00:00,1.38046,1.3811499999999999,1.38026,1.38037,2084,1,0
2025-09-09 05:00:00,1.38037,1.3805,1.3798,1.38039,1888,1,0
2025-09-09 06:00:00,1.38039,1.38104,1.38036,1.381,929,1,0
2025-09-09 07:00:00,1.381,1.38105,1.3802699999999999,1.3804699999999999,1157,1,0
2025-09-09 08:00:00,1.38045,1.3805,1.37953,1.3796300000000001,1747,1,0
2025-09-09 09:00:00,1.37962,1.38039,1.37936,1.3801999999999999,2080,1,0
2025-09-09 10:00:00,1.3801999999999999,1.38132,1.37982,1.38082,2162,1,0
2025-09-09 11:00:00,1.38082,1.38121,1.37978,1.3798300000000001,2407,1,0
2025-09-09 12:00:00,1.37982,1.38043,1.37945,1.3802400000000001,1882,1,0
2025-09-09 13:00:00,1.38025,1.38111,1.3798599999999999,1.381,1555,1,0
2025-09-09 14:00:00,1.381,1.38155,1.38046,1.3814899999999999,1255,1,0
2025-09-09 15:00:00,1.3814899999999999,1.38276,1.3808099999999999,1.3822999999999999,2204,1,0
2025-09-09 16:00:00,1.3822999999999999,1.38273,1.38113,1.38164,3029,1,0
2025-09-09 17:00:00,1.38158,1.38318,1.38049,1.38208,5483,1,0
2025-09-09 18:00:00,1.38208,1.38375,1.38198,1.3835,2731,1,0
2025-09-09 19:00:00,1.38351,1.38429,1.38323,1.38323,2094,1,0
2025-09-09 20:00:00,1.3832499999999999,1.38443,1.38309,1.38439,2061,1,0
2025-09-09 21:00:00,1.38439,1.3848,1.38416,1.38469,1673,1,0
2025-09-09 22:00:00,1.38469,1.38583,1.38464,1.38582,1526,1,0
2025-09-09 23:00:00,1.38582,1.38599,1.38404,1.38432,1233,1,0
2025-09-10 00:00:00,1.3841,1.38427,1.38367,1.38406,782,35,0
2025-09-10 01:00:00,1.38406,1.38467,1.38406,1.3845399999999999,628,1,0
2025-09-10 02:00:00,1.38453,1.38498,1.38443,1.38466,1181,1,0
2025-09-10 03:00:00,1.38467,1.38579,1.38467,1.38563,2293,1,0
2025-09-10 04:00:00,1.38563,1.38635,1.3850799999999999,1.38559,2827,1,0
2025-09-10 05:00:00,1.38559,1.38595,1.38524,1.38558,2203,1,0
2025-09-10 06:00:00,1.38558,1.3856,1.3850500000000001,1.38528,1546,1,0
2025-09-10 07:00:00,1.38528,1.38532,1.38412,1.38414,1466,1,0
2025-09-10 08:00:00,1.38418,1.38464,1.3841700000000001,1.38427,1397,1,0
2025-09-10 09:00:00,1.38425,1.38554,1.38391,1.3853,2456,1,0
2025-09-10 10:00:00,1.3853,1.38605,1.3851,1.38548,2846,1,0
2025-09-10 11:00:00,1.38548,1.3860299999999999,1.38525,1.38528,2217,1,0
2025-09-10 12:00:00,1.38527,1.38529,1.38469,1.38484,1873,1,0
2025-09-10 13:00:00,1.38484,1.38589,1.38484,1.38583,1559,1,0
2025-09-10 14:00:00,1.38582,1.3860700000000001,1.3855,1.38583,1706,1,0
2025-09-10 15:00:00,1.38582,1.38623,1.38402,1.38537,4502,1,0
2025-09-10 16:00:00,1.38536,1.38597,1.38338,1.38385,4490,1,0
2025-09-10 17:00:00,1.38385,1.3849,1.38307,1.38421,3781,1,0
2025-09-10 18:00:00,1.38421,1.38541,1.38412,1.38448,2625,1,0
2025-09-10 19:00:00,1.38448,1.38604,1.38435,1.38572,2021,1,0
2025-09-10 20:00:00,1.38572,1.3867099999999999,1.38522,1.38643,2064,1,0
2025-09-10 21:00:00,1.38647,1.38665,1.38555,1.38612,1673,1,0
2025-09-10 22:00:00,1.38612,1.387,1.38609,1.38643,1649,1,0
2025-09-10 23:00:00,1.38643,1.38667,1.38589,1.38614,1181,1,0
2025-09-11 00:00:00,1.38586,1.38631,1.3848799999999999,1.38599,955,35,0
2025-09-11 01:00:00,1.38605,1.38636,1.38587,1.38592,720,1,0
2025-09-11 02:00:00,1.38592,1.38628,1.38583,1.3860700000000001,934,1,0
2025-09-11 03:00:00,1.38608,1.38699,1.38606,1.3869500000000001,1553,1,0
2025-09-11 04:00:00,1.3869500000000001,1.38703,1.38646,1.3867,1858,1,0
2025-09-11 05:00:00,1.3867,1.38735,1.38665,1.38718,1330,1,0
2025-09-11 06:00:00,1.38718,1.38719,1.38681,1.38705,1339,1,0
2025-09-11 07:00:00,1.38705,1.38731,1.38702,1.38718,1276,1,0
2025-09-11 08:00:00,1.38718,1.38779,1.38716,1.38775,1241,1,0
2025-09-11 09:00:00,1.38775,1.38799,1.38717,1.38734,2349,1,0
2025-09-11 10:00:00,1.38734,1.3881700000000001,1.3872200000000001,1.38797,2131,1,0
2025-09-11 11:00:00,1.38797,1.38821,1.38781,1.38811,1684,1,0
2025-09-11 12:00:00,1.38812,1.38891,1.38805,1.38831,1840,1,0
2025-09-11 13:00:00,1.38832,1.3888099999999999,1.38806,1.38837,1999,1,0
2025-09-11 14:00:00,1.38837,1.3889,1.38739,1.38886,1787,1,0
2025-09-11 15:00:00,1.38886,1.38906,1.3856,1.38577,5006,1,0
2025-09-11 16:00:00,1.38577,1.38678,1.38479,1.38493,5431,1,0
2025-09-11 17:00:00,1.38493,1.38514,1.3836,1.38413,3797,1,0
2025-09-11 18:00:00,1.38413,1.38455,1.3829500000000001,1.38313,2506,1,0
2025-09-11 19:00:00,1.38313,1.38342,1.38262,1.38333,1910,1,0
2025-09-11 20:00:00,1.38333,1.38399,1.38303,1.38396,2214,1,0
2025-09-11 21:00:00,1.38396,1.38399,1.38328,1.38372,1674,1,0
2025-09-11 22:00:00,1.38372,1.38431,1.38296,1.3832200000000001,1737,1,0
2025-09-11 23:00:00,1.38324,1.38377,1.3830200000000001,1.38324,1585,1,0
2025-09-12 00:00:00,1.38312,1.38336,1.38204,1.38331,771,32,0
2025-09-12 01:00:00,1.38331,1.38353,1.383,1.3832499999999999,816,1,0
2025-09-12 02:00:00,1.3832499999999999,1.38355,1.38319,1.3835,1436,1,0
2025-09-12 03:00:00,1.38349,1.38414,1.38346,1.38384,2634,1,0
2025-09-12 04:00:00,1.3838300000000001,1.38487,1.3836,1.3847,1671,1,0
2025-09-12 05:00:00,1.3847,1.38475,1.38415,1.38427,1522,1,0
2025-09-12 06:00:00,1.38428,1.38463,1.38409,1.38434,1512,1,0
2025-09-12 07:00:00,1.38433,1.38445,1.3841,1.38426,1439,1,0
2025-09-12 08:00:00,1.38427,1.38431,1.38381,1.38389,1377,1,0
2025-09-12 09:00:00,1.38388,1.38419,1.38357,1.38366,2008,1,0
2025-09-12 10:00:00,1.38366,1.38412,1.38327,1.38351,1924,1,0
2025-09-12 11:00:00,1.38351,1.38492,1.3834,1.3848,2610,1,0
2025-09-12 12:00:00,1.3848,1.38495,1.38381,1.38397,2023,1,0
2025-09-12 13:00:00,1.38397,1.38418,1.38358,1.38362,1492,1,0
2025-09-12 14:00:00,1.38362,1.38452,1.38347,1.38435,1769,1,0
2025-09-12 15:00:00,1.38434,1.3860999999999999,1.38409,1.38433,3011,1,0
2025-09-12 16:00:00,1.38434,1.3854600000000001,1.38419,1.3845100000000001,3366,1,0
2025-09-12 17:00:00,1.3845100000000001,1.38527,1.38349,1.38495,3727,1,0
2025-09-12 18:00:00,1.38495,1.3860700000000001,1.38482,1.38589,2666,1,0
2025-09-12 19:00:00,1.38588,1.38636,1.38479,1.38502,2003,1,0
2025-09-12 20:00:00,1.38502,1.38525,1.38431,1.38477,1846,1,0
2025-09-12 21:00:00,1.38477,1.38487,1.38384,1.3838599999999999,1613,1,0
2025-09-12 22:00:00,1.3838599999999999,1.38462,1.38385,1.3845100000000001,1855,1,0
2025-09-12 23:00:00,1.3845399999999999,1.38534,1.38433,1.38443,1204,1,0
2025-09-15 00:00:00,1.38263,1.38403,1.38263,1.38373,835,55,0
2025-09-15 01:00:00,1.38373,1.38434,1.3836300000000001,1.38364,1073,1,0
2025-09-15 02:00:00,1.38364,1.38415,1.38362,1.38396,865,1,0
2025-09-15 03:00:00,1.38396,1.38445,1.38389,1.3842400000000001,1175,1,0
2025-09-15 04:00:00,1.3842400000000001,1.38457,1.38404,1.38433,1796,1,0
2025-09-15 05:00:00,1.38433,1.38462,1.38412,1.38422,1188,1,0
2025-09-15 06:00:00,1.38421,1.38422,1.38352,1.3835899999999999,1272,1,0
2025-09-15 07:00:00,1.3835899999999999,1.38368,1.38344,1.38352,945,1,0
2025-09-15 08:00:00,1.38351,1.38385,1.38347,1.38372,1098,1,0
2025-09-15 09:00:00,1.38372,1.3841700000000001,1.38346,1.38367,2353,1,0
2025-09-15 10:00:00,1.38367,1.38399,1.38306,1.38372,2439,1,0
2025-09-15 11:00:00,1.38375,1.38392,1.38326,1.3835,2147,1,0
2025-09-15 12:00:00,1.38349,1.38349,1.3830200000000001,1.38327,2072,1,0
2025-09-15 13:00:00,1.38327,1.38327,1.38218,1.38248,1806,1,0
2025-09-15 14:00:00,1.38248,1.38267,1.38192,1.38246,1821,1,0
2025-09-15 15:00:00,1.38246,1.38285,1.38153,1.38254,2740,1,0
2025-09-15 16:00:00,1.38255,1.38367,1.3820700000000001,1.38351,2977,1,0
2025-09-15 17:00:00,1.38349,1.38425,1.38069,1.38086,3695,1,0
2025-09-15 18:00:00,1.3808500000000001,1.38129,1.37936,1.37989,2850,1,0
2025-09-15 19:00:00,1.37989,1.38045,1.37945,1.38003,2529,1,0
2025-09-15 20:00:00,1.38002,1.3801700000000001,1.3777599999999999,1.37817,2323,1,0
2025-09-15 21:00:00,1.37817,1.37836,1.3771,1.3777300000000001,2695,1,0
2025-09-15 22:00:00,1.3777300000000001,1.37775,1.37683,1.37702,2299,1,0
2025-09-15 23:00:00,1.37704,1.37808,1.37669,1.37778,1738,1,0
2025-09-16 00:00:00,1.37767,1.37809,1.3771200000000001,1.37769,775,32,0
2025-09-16 01:00:00,1.37769,1.37798,1.3776,1.37765,828,1,0
2025-09-16 02:00:00,1.37764,1.3778299999999999,1.3773900000000001,1.3775,1016,1,0
2025-09-16 03:00:00,1.3775,1.37782,1.37714,1.3774199999999999,1565,1,0
2025-09-16 04:00:00,1.3774199999999999,1.37771,1.37716,1.37725,1584,1,0
2025-09-16 05:00:00,1.37725,1.37734,1.37696,1.3771900000000001,1452,1,0
2025-09-16 06:00:00,1.37718,1.3773,1.37634,1.3767800000000001,1347,1,0
2025-09-16 07:00:00,1.3767800000000001,1.37732,1.37675,1.3772,1360,1,0
2025-09-16 08:00:00,1.3772,1.37723,1.37672,1.37695,1132,1,0
2025-09-16 09:00:00,1.37695,1.37706,1.37639,1.37645,2336,1,0
2025-09-16 10:00:00,1.37646,1.37696,1.3762400000000001,1.3768799999999999,2434,1,0
2025-09-16 11:00:00,1.3768799999999999,1.37772,1.37667,1.37756,2244,1,0
2025-09-16 12:00:00,1.37756,1.37758,1.37643,1.3765399999999999,2437,1,0
2025-09-16 13:00:00,1.3765399999999999,1.37675,1.3762400000000001,1.37633,1784,1,0
2025-09-16 14:00:00,1.37633,1.3764,1.3747500000000001,1.37513,1506,1,0
2025-09-16 15:00:00,1.37513,1.37641,1.3746399999999999,1.37579,3141,1,0
2025-09-16 16:00:00,1.37578,1.37586,1.3737,1.37459,3425,1,0
2025-09-16 17:00:00,1.37458,1.37632,1.37397,1.37472,4298,1,0
2025-09-16 18:00:00,1.37472,1.3762400000000001,1.37442,1.37462,2940,1,0
2025-09-16 19:00:00,1.37462,1.3747500000000001,1.37369,1.37417,2094,1,0
2025-09-16 20:00:00,1.37416,1.37453,1.37372,1.37436,1957,1,0
2025-09-16 21:00:00,1.37436,1.37512,1.37368,1.37492,1593,1,0
2025-09-16 22:00:00,1.37492,1.3755,1.37461,1.3749799999999999,1553,1,0
2025-09-16 23:00:00,1.3749799999999999,1.37503,1.37338,1.3736,1274,1,0
2025-09-17 00:00:00,1.37382,1.37396,1.37324,1.37368,248,18,0
2025-09-17 01:00:00,1.37368,1.37438,1.37368,1.37402,658,1,0
2025-09-17 02:00:00,1.37402,1.37417,1.37378,1.37394,582,1,0
2025-09-17 03:00:00,1.37393,1.37448,1.3737599999999999,1.37432,1537,1,0
2025-09-17 04:00:00,1.37433,1.375,1.37424,1.3747500000000001,1193,1,0
2025-09-17 05:00:00,1.3747500000000001,1.37506,1.37455,1.37501,865,1,0
2025-09-17 06:00:00,1.37501,1.37546,1.37494,1.3754,640,1,0
2025-09-17 07:00:00,1.3754,1.37545,1.37504,1.3751,503,1,0
2025-09-17 08:00:00,1.3751,1.3752,1.37483,1.37507,698,1,0
2025-09-17 09:00:00,1.37504,1.37558,1.37497,1.37507,1637,1,0
2025-09-17 10:00:00,1.37507,1.3761999999999999,1.37488,1.37606,1596,1,0
2025-09-17 11:00:00,1.37606,1.3761999999999999,1.37531,1.37564,1531,1,0
2025-09-17 12:00:00,1.37564,1.37572,1.37508,1.37534,1368,1,0
2025-09-17 13:00:00,1.37534,1.37591,1.3752,1.37564,1480,1,0
2025-09-17 14:00:00,1.37564,1.37565,1.37487,1.37552,1304,1,0
2025-09-17 15:00:00,1.37551,1.37584,1.37494,1.37535,1722,1,0
2025-09-17 16:00:00,1.37534,1.37693,1.3744100000000001,1.37591,3200,1,0
2025-09-17 17:00:00,1.37592,1.37695,1.37535,1.37637,2881,1,0
2025-09-17 18:00:00,1.37637,1.37674,1.37535,1.3763,1953,1,0
2025-09-17 19:00:00,1.3763,1.3765100000000001,1.37564,1.37604,1665,1,0
2025-09-17 20:00:00,1.37604,1.37676,1.37591,1.37602,1417,1,0
2025-09-17 21:00:00,1.37599,1.37873,1.37267,1.3771,10872,1,0
2025-09-17 22:00:00,1.3771,1.37765,1.3757,1.37725,7324,1,0
2025-09-17 23:00:00,1.37726,1.3778000000000001,1.37614,1.37732,1869,1,0
2025-09-18 00:00:00,1.37724,1.3774899999999999,1.37634,1.37716,386,25,0
2025-09-18 01:00:00,1.37714,1.37753,1.3767800000000001,1.37683,962,1,0
2025-09-18 02:00:00,1.3768799999999999,1.37725,1.3768500000000001,1.37709,916,1,0
2025-09-18 03:00:00,1.37709,1.37792,1.3767,1.3768099999999999,1724,1,0
2025-09-18 04:00:00,1.3768,1.37848,1.37659,1.37818,2027,1,0
2025-09-18 05:00:00,1.37818,1.37823,1.37734,1.3774199999999999,1129,1,0
2025-09-18 06:00:00,1.37743,1.3780000000000001,1.37727,1.37797,772,1,0
2025-09-18 07:00:00,1.37798,1.37874,1.37788,1.37858,836,1,0
2025-09-18 08:00:00,1.37858,1.3795,1.37847,1.37908,1298,1,0
2025-09-18 09:00:00,1.37907,1.38,1.37897,1.37953,2528,1,0
2025-09-18 10:00:00,1.37953,1.3799000000000001,1.37744,1.37813,2651,1,0
2025-09-18 11:00:00,1.37813,1.37867,1.37771,1.37813,2384,1,0
2025-09-18 12:00:00,1.37813,1.3782,1.37698,1.37759,2129,1,0
2025-09-18 13:00:00,1.3776,1.37762,1.37672,1.37734,2198,1,0
2025-09-18 14:00:00,1.37734,1.37791,1.37699,1.37777,2973,1,0
2025-09-18 15:00:00,1.37777,1.379,1.37766,1.37865,3781,1,0
2025-09-18 16:00:00,1.3786800000000001,1.381,1.3786399999999999,1.37977,5219,1,0
2025-09-18 17:00:00,1.37979,1.38052,1.37919,1.38032,5241,1,0
2025-09-18 18:00:00,1.38032,1.38073,1.37958,1.37968,4223,1,0
2025-09-18 19:00:00,1.37968,1.38099,1.37953,1.38025,2761,1,0
2025-09-18 20:00:00,1.38025,1.38033,1.3792200000000001,1.37964,2102,1,0
2025-09-18 21:00:00,1.37964,1.38009,1.3793,1.3796300000000001,1906,1,0
2025-09-18 22:00:00,1.3796300000000001,1.3799299999999999,1.3787099999999999,1.3795899999999999,2004,1,0
2025-09-18 23:00:00,1.3795899999999999,1.38022,1.37911,1.37955,1474,1,0
2025-09-19 00:00:00,1.37957,1.3799000000000001,1.37883,1.3796300000000001,1630,29,0
2025-09-19 01:00:00,1.3796300000000001,1.3798,1.3794,1.37946,3026,1,0
2025-09-19 02:00:00,1.37946,1.3796300000000001,1.37921,1.3792200000000001,790,1,0
2025-09-19 03:00:00,1.3792200000000001,1.37999,1.37901,1.3795899999999999,2228,1,0
2025-09-19 04:00:00,1.3795899999999999,1.38049,1.37947,1.38036,1974,1,0
2025-09-19 05:00:00,1.38037,1.38046,1.37985,1.38007,1800,1,0
2025-09-19 06:00:00,1.38007,1.38008,1.37917,1.37949,2251,1,0
2025-09-19 07:00:00,1.37944,1.38029,1.37887,1.37978,2209,1,0
2025-09-19 08:00:00,1.37978,1.38071,1.37948,1.3806,1897,1,0
2025-09-19 09:00:00,1.38061,1.38199,1.3805399999999999,1.38128,3324,1,0
2025-09-19 10:00:00,1.38126,1.38202,1.38026,1.3813,3347,1,0
2025-09-19 11:00:00,1.3813,1.38183,1.38079,1.38087,2708,1,0
2025-09-19 12:00:00,1.38087,1.3814,1.38064,1.38128,2272,1,0
2025-09-19 13:00:00,1.38128,1.3813,1.3805399999999999,1.38074,1937,1,0
2025-09-19 14:00:00,1.38074,1.38179,1.38052,1.38163,2094,1,0
2025-09-19 15:00:00,1.38163,1.38255,1.38118,1.38188,3124,1,0
2025-09-19 16:00:00,1.38188,1.38198,1.38043,1.38073,3663,1,0
2025-09-19 17:00:00,1.38073,1.38092,1.3771900000000001,1.37745,5025,1,0
2025-09-19 18:00:00,1.3774600000000001,1.37857,1.37704,1.37732,4105,1,0
2025-09-19 19:00:00,1.37729,1.3780999999999999,1.37693,1.37771,2513,1,0
2025-09-19 20:00:00,1.37771,1.3780299999999999,1.37711,1.3773,1758,1,0
2025-09-19 21:00:00,1.37731,1.3777300000000001,1.37691,1.37763,1731,1,0
2025-09-19 22:00:00,1.37763,1.37878,1.3771200000000001,1.37878,1802,1,0
2025-09-19 23:00:00,1.37877,1.37916,1.37775,1.37794,1581,1,0
2025-09-22 00:00:00,1.37709,1.37826,1.37702,1.3780999999999999,756,49,0
2025-09-22 01:00:00,1.3780999999999999,1.37838,1.3777,1.37818,800,1,0
2025-09-22 02:00:00,1.37818,1.37858,1.3780999999999999,1.37827,713,1,0
2025-09-22 03:00:00,1.37827,1.3796,1.3782,1.37876,1984,1,0
2025-09-22 04:00:00,1.37876,1.37976,1.3783,1.3796,2578,1,0
2025-09-22 05:00:00,1.3796,1.38002,1.37933,1.3795,2125,1,0
2025-09-22 06:00:00,1.37951,1.37958,1.3792,1.37957,1893,1,0
2025-09-22 07:00:00,1.37957,1.38004,1.37957,1.3798599999999999,1304,1,0
2025-09-22 08:00:00,1.37985,1.37995,1.37917,1.37976,1432,1,0
2025-09-22 09:00:00,1.37977,1.38,1.37939,1.37984,2191,1,0
2025-09-22 10:00:00,1.37985,1.38102,1.37984,1.3808500000000001,3127,1,0
2025-09-22 11:00:00,1.38086,1.38089,1.38002,1.38058,2820,1,0
2025-09-22 12:00:00,1.38058,1.38122,1.38028,1.38094,2377,1,0
2025-09-22 13:00:00,1.38094,1.38103,1.3802699999999999,1.38063,1886,1,0
2025-09-22 14:00:00,1.38062,1.38106,1.38041,1.3807,2108,1,0
2025-09-22 15:00:00,1.3807,1.38143,1.37977,1.37979,2654,1,0
2025-09-22 16:00:00,1.37975,1.38155,1.37931,1.38077,3508,1,0
2025-09-22 17:00:00,1.3807800000000001,1.3816899999999999,1.3807,1.38099,3096,1,0
2025-09-22 18:00:00,1.38099,1.38186,1.38086,1.38153,2663,1,0
2025-09-22 19:00:00,1.38153,1.3829099999999999,1.38135,1.38277,2775,1,0
2025-09-22 20:00:00,1.38278,1.38283,1.38208,1.38223,1761,1,0
2025-09-22 21:00:00,1.38223,1.3822999999999999,1.38167,1.38211,1620,1,0
2025-09-22 22:00:00,1.38211,1.38244,1.38198,1.38222,1805,1,0
2025-09-22 23:00:00,1.38223,1.38317,1.3817300000000001,1.38177,1444,1,0
2025-09-23 00:00:00,1.3817599999999999,1.38202,1.38106,1.38198,233,22,0
2025-09-23 01:00:00,1.38198,1.38246,1.38189,1.38242,1126,1,0
2025-09-23 02:00:00,1.3824100000000001,1.38265,1.3822999999999999,1.38256,1366,1,0
2025-09-23 03:00:00,1.38255,1.3832200000000001,1.38235,1.38277,1863,1,0
2025-09-23 04:00:00,1.38277,1.38319,1.38236,1.38246,2348,1,0
2025-09-23 05:00:00,1.38246,1.38316,1.38235,1.38282,1990,1,0
2025-09-23 06:00:00,1.38282,1.38317,1.3825,1.38266,1886,1,0
2025-09-23 07:00:00,1.38267,1.38303,1.38246,1.3830200000000001,1849,1,0
2025-09-23 08:00:00,1.38304,1.38315,1.3822999999999999,1.3826100000000001,2027,1,0
2025-09-23 09:00:00,1.38263,1.3832,1.38238,1.38313,2268,1,0
2025-09-23 10:00:00,1.38314,1.38432,1.38311,1.38428,2899,1,0
2025-09-23 11:00:00,1.38428,1.3844400000000001,1.38318,1.38319,2639,1,0
2025-09-23 12:00:00,1.38318,1.38331,1.38251,1.3829799999999999,2311,1,0
2025-09-23 13:00:00,1.3829799999999999,1.38323,1.38246,1.38257,2054,1,0
2025-09-23 14:00:00,1.38256,1.38313,1.38231,1.38269,1852,1,0
2025-09-23 15:00:00,1.38269,1.38314,1.38174,1.38178,2550,1,0
2025-09-23 16:00:00,1.38177,1.38301,1.38117,1.38238,3786,1,0
2025-09-23 17:00:00,1.38236,1.38368,1.38211,1.38272,4274,1,0
2025-09-23 18:00:00,1.38274,1.3837,1.38248,1.3835600000000001,2672,1,0
2025-09-23 19:00:00,1.3835600000000001,1.384,1.38243,1.38293,2811,1,0
2025-09-23 20:00:00,1.38293,1.38422,1.38265,1.38408,2767,1,0
2025-09-23 21:00:00,1.38406,1.38501,1.38394,1.38498,2332,1,0
2025-09-23 22:00:00,1.38498,1.38498,1.3838599999999999,1.38399,2261,1,0
2025-09-23 23:00:00,1.38398,1.38421,1.38339,1.38352,1151,1,0
2025-09-24 00:00:00,1.38338,1.3839000000000001,1.38249,1.3833,1376,24,0
2025-09-24 01:00:00,1.38328,1.38384,1.38328,1.38382,1282,1,0
2025-09-24 02:00:00,1.38381,1.384,1.38362,1.3839000000000001,1357,1,0
2025-09-24 03:00:00,1.38391,1.38469,1.38375,1.38432,2141,1,0
2025-09-24 04:00:00,1.38431,1.38497,1.3839000000000001,1.38434,3089,1,0
2025-09-24 05:00:00,1.38434,1.38443,1.384,1.38432,2412,1,0
2025-09-24 06:00:00,1.38432,1.3846,1.38415,1.38458,1327,1,0
2025-09-24 07:00:00,1.38458,1.3847,1.3844,1.38449,1146,1,0
2025-09-24 08:00:00,1.38449,1.38484,1.3844,1.38465,1312,1,0
2025-09-24 09:00:00,1.38463,1.38544,1.38431,1.3854,2287,1,0
2025-09-24 10:00:00,1.3854,1.38602,1.38507,1.38536,2381,1,0
2025-09-24 11:00:00,1.38535,1.38643,1.38535,1.3860700000000001,2205,1,0
2025-09-24 12:00:00,1.3860700000000001,1.3875199999999999,1.3859,1.38713,1968,1,0
2025-09-24 13:00:00,1.38714,1.3875899999999999,1.38687,1.38731,1943,1,0
2025-09-24 14:00:00,1.38731,1.3879000000000001,1.38696,1.38717,2044,1,0
2025-09-24 15:00:00,1.38717,1.3879299999999999,1.38662,1.38766,3136,1,0
2025-09-24 16:00:00,1.38768,1.38858,1.38726,1.3877,4021,1,0
2025-09-24 17:00:00,1.38769,1.3896600000000001,1.38766,1.38889,4717,1,0
2025-09-24 18:00:00,1.3889,1.38978,1.3885100000000001,1.38953,3248,1,0
2025-09-24 19:00:00,1.38954,1.39067,1.38949,1.39065,2959,1,0
2025-09-24 20:00:00,1.39063,1.3906800000000001,1.38956,1.39009,2129,1,0
2025-09-24 21:00:00,1.39008,1.3905699999999999,1.38984,1.39042,2207,1,0
2025-09-24 22:00:00,1.39042,1.3906800000000001,1.38972,1.39029,1977,1,0
2025-09-24 23:00:00,1.3902700000000001,1.39028,1.38946,1.38961,1330,1,0
2025-09-25 00:00:00,1.38949,1.38986,1.3885,1.3896899999999999,369,25,0
2025-09-25 01:00:00,1.3896899999999999,1.38993,1.38955,1.38965,1553,1,0
2025-09-25 02:00:00,1.38963,1.38994,1.38955,1.38968,954,1,0
2025-09-25 03:00:00,1.38964,1.38974,1.38919,1.38924,2194,1,0
2025-09-25 04:00:00,1.38924,1.38959,1.38913,1.38917,2100,1,0
2025-09-25 05:00:00,1.38917,1.38917,1.38871,1.38882,1689,1,0
2025-09-25 06:00:00,1.38882,1.3889,1.3885100000000001,1.3886,1163,1,0
2025-09-25 07:00:00,1.38861,1.38895,1.38852,1.38872,1139,1,0
2025-09-25 08:00:00,1.38872,1.38965,1.38867,1.38953,1508,1,0
2025-09-25 09:00:00,1.38951,1.38995,1.38918,1.38975,2232,1,0
2025-09-25 10:00:00,1.38974,1.39024,1.3894,1.39001,2638,1,0
2025-09-25 11:00:00,1.38999,1.39024,1.38925,1.38937,2531,1,0
2025-09-25 12:00:00,1.3893499999999999,1.38968,1.38913,1.38932,1882,1,0
2025-09-25 13:00:00,1.38932,1.38961,1.389,1.38952,1880,1,0
2025-09-25 14:00:00,1.38952,1.3900000000000001,1.38913,1.38944,2369,1,0
2025-09-25 15:00:00,1.3894199999999999,1.39132,1.38918,1.39066,4392,1,0
2025-09-25 16:00:00,1.39067,1.39246,1.39041,1.39177,5013,1,0
2025-09-25 17:00:00,1.39177,1.3924,1.39124,1.39223,4802,1,0
2025-09-25 18:00:00,1.39224,1.39303,1.39222,1.39248,3525,1,0
2025-09-25 19:00:00,1.39248,1.39372,1.39236,1.39355,2873,1,0
2025-09-25 20:00:00,1.39357,1.39438,1.39353,1.39417,2769,1,0
2025-09-25 21:00:00,1.39417,1.39497,1.39387,1.3942700000000001,2508,1,0
2025-09-25 22:00:00,1.39428,1.3947,1.3939,1.3942700000000001,2071,1,0
2025-09-25 23:00:00,1.39426,1.3945400000000001,1.39367,1.3939300000000001,1395,1,0
2025-09-26 00:00:00,1.39392,1.39392,1.39112,1.39357,1027,23,0
2025-09-26 01:00:00,1.39356,1.39415,1.39351,1.39412,1078,1,0
2025-09-26 02:00:00,1.39412,1.3945400000000001,1.39399,1.39417,1301,1,0
2025-09-26 03:00:00,1.39417,1.39458,1.39378,1.39389,2404,1,0
2025-09-26 04:00:00,1.39389,1.39447,1.39367,1.3943699999999999,2077,1,0
2025-09-26 05:00:00,1.3943699999999999,1.39439,1.39365,1.39391,1507,1,0
2025-09-26 06:00:00,1.3939,1.39402,1.3936600000000001,1.3936899999999999,1319,1,0
2025-09-26 07:00:00,1.3936899999999999,1.3939,1.3934199999999999,1.39354,1379,1,0
2025-09-26 08:00:00,1.39354,1.39408,1.3935,1.39405,1483,1,0
2025-09-26 09:00:00,1.39407,1.39478,1.39389,1.39425,2456,1,0
2025-09-26 10:00:00,1.39425,1.39482,1.3939300000000001,1.39459,2429,1,0
2025-09-26 11:00:00,1.39458,1.39479,1.3939599999999999,1.39469,2138,1,0
2025-09-26 12:00:00,1.39469,1.3951500000000001,1.3942700000000001,1.39505,2021,1,0
2025-09-26 13:00:00,1.39505,1.39588,1.39503,1.39577,1749,1,0
2025-09-26 14:00:00,1.39577,1.3957899999999999,1.3945699999999999,1.39497,2210,1,0
2025-09-26 15:00:00,1.3949500000000001,1.39508,1.3933900000000001,1.39356,4161,1,0
2025-09-26 16:00:00,1.39356,1.3942999999999999,1.39318,1.39408,5040,1,0
2025-09-26 17:00:00,1.39409,1.39469,1.39328,1.39426,4919,1,0
2025-09-26 18:00:00,1.39426,1.39524,1.39402,1.39467,3736,1,0
2025-09-26 19:00:00,1.39467,1.39508,1.39365,1.39368,2595,1,0
2025-09-26 20:00:00,1.3936600000000001,1.39404,1.39344,1.3937300000000001,2331,1,0
2025-09-26 21:00:00,1.3937300000000001,1.39414,1.39346,1.3936899999999999,2134,1,0
2025-09-26 22:00:00,1.3936899999999999,1.39426,1.39354,1.39355,1958,1,0
2025-09-26 23:00:00,1.39355,1.39441,1.39345,1.39398,1166,1,0
2025-09-29 00:00:00,1.3924699999999999,1.3937599999999999,1.39234,1.39337,543,35,0
2025-09-29 01:00:00,1.39337,1.39472,1.39337,1.39416,1359,1,0
2025-09-29 02:00:00,1.39416,1.39433,1.39367,1.39383,1184,1,0
2025-09-29 03:00:00,1.39383,1.39394,1.39257,1.39276,2202,1,0
2025-09-29 04:00:00,1.39275,1.3935,1.3926,1.39266,2209,1,0
2025-09-29 05:00:00,1.39269,1.39275,1.39199,1.39212,1826,1,0
2025-09-29 06:00:00,1.39212,1.39237,1.39196,1.39219,1333,1,0
2025-09-29 07:00:00,1.39219,1.3924400000000001,1.39191,1.39216,1144,1,0
2025-09-29 08:00:00,1.3921700000000001,1.39225,1.39182,1.39215,1693,1,0
2025-09-29 09:00:00,1.3921700000000001,1.3929,1.39215,1.39261,2328,1,0
2025-09-29 10:00:00,1.39262,1.39295,1.3915600000000001,1.39185,2308,1,0
2025-09-29 11:00:00,1.3918300000000001,1.39238,1.39157,1.39177,2216,1,0
2025-09-29 12:00:00,1.39177,1.39219,1.3916,1.39219,1936,1,0
2025-09-29 13:00:00,1.3921700000000001,1.39266,1.39169,1.39257,1649,1,0
2025-09-29 14:00:00,1.39258,1.39347,1.39248,1.39291,2011,1,0
2025-09-29 15:00:00,1.39291,1.39397,1.3927,1.39286,3299,1,0
2025-09-29 16:00:00,1.39286,1.39374,1.39252,1.39325,3980,1,0
2025-09-29 17:00:00,1.39324,1.3939599999999999,1.39201,1.3924,4062,1,0
2025-09-29 18:00:00,1.39236,1.3924,1.39032,1.39055,3331,1,0
2025-09-29 19:00:00,1.39054,1.3916,1.39053,1.39131,2294,1,0
2025-09-29 20:00:00,1.39133,1.39187,1.39092,1.39165,1969,1,0
2025-09-29 21:00:00,1.39164,1.39175,1.39109,1.3914,1787,1,0
2025-09-29 22:00:00,1.39139,1.39228,1.3913,1.39207,1765,1,0
2025-09-29 23:00:00,1.39207,1.39224,1.39132,1.39135,1202,1,0
2025-09-30 00:00:00,1.3912499999999999,1.39174,1.3899,1.39164,534,35,0
2025-09-30 01:00:00,1.39111,1.39192,1.39111,1.39141,1115,1,0
2025-09-30 02:00:00,1.39141,1.39179,1.39127,1.39178,1159,1,0
2025-09-30 03:00:00,1.39175,1.39243,1.39162,1.39215,2371,1,0
2025-09-30 04:00:00,1.39214,1.39223,1.3914900000000001,1.39209,2177,1,0
2025-09-30 05:00:00,1.39209,1.3921999999999999,1.39128,1.3913,1760,1,0
2025-09-30 06:00:00,1.3913,1.39171,1.39128,1.39154,1339,1,0
2025-09-30 07:00:00,1.39154,1.39206,1.39128,1.39141,1595,1,0
2025-09-30 08:00:00,1.39141,1.3918,1.3913,1.3918,1845,1,0
2025-09-30 09:00:00,1.39178,1.39203,1.39073,1.39123,2235,1,0
2025-09-30 10:00:00,1.39124,1.3924400000000001,1.39092,1.3915199999999999,2573,1,0
2025-09-30 11:00:00,1.39151,1.39157,1.39062,1.39107,2701,1,0
2025-09-30 12:00:00,1.39107,1.39164,1.39081,1.3915600000000001,2099,1,0
2025-09-30 13:00:00,1.3915600000000001,1.39208,1.3913,1.39202,1479,1,0
2025-09-30 14:00:00,1.39201,1.39253,1.39168,1.39204,1863,1,0
2025-09-30 15:00:00,1.39204,1.39234,1.39153,1.39192,2196,1,0
2025-09-30 16:00:00,1.39193,1.39296,1.39071,1.39148,3527,1,0
2025-09-30 17:00:00,1.39147,1.3915600000000001,1.38963,1.39145,5106,1,0
2025-09-30 18:00:00,1.39148,1.39346,1.39133,1.39293,3555,1,0
2025-09-30 19:00:00,1.39294,1.39361,1.39189,1.39216,2442,1,0
2025-09-30 20:00:00,1.39216,1.39246,1.39161,1.39182,2176,1,0
2025-09-30 21:00:00,1.39182,1.39232,1.39137,1.39175,1949,1,0
2025-09-30 22:00:00,1.39176,1.39207,1.39146,1.3915600000000001,2175,1,0
2025-09-30 23:00:00,1.39154,1.39258,1.39142,1.39194,1117,1,0
2025-10-01 00:00:00,1.39191,1.39193,1.39085,1.39187,2281,22,0
2025-10-01 01:00:00,1.39187,1.39218,1.39158,1.39206,1153,1,0
2025-10-01 02:00:00,1.39206,1.39246,1.3918599999999999,1.39243,1258,1,0
2025-10-01 03:00:00,1.39243,1.39287,1.39233,1.3927100000000001,1815,1,0
2025-10-01 04:00:00,1.3927100000000001,1.393,1.39224,1.39235,1477,1,0
2025-10-01 05:00:00,1.39235,1.3931200000000001,1.39234,1.3928099999999999,1184,1,0
2025-10-01 06:00:00,1.3928099999999999,1.3933200000000001,1.39277,1.39321,960,1,0
2025-10-01 07:00:00,1.39321,1.39321,1.39144,1.39145,1170,1,0
2025-10-01 08:00:00,1.39145,1.39178,1.39115,1.39145,1586,1,0
2025-10-01 09:00:00,1.39144,1.39181,1.39069,1.39115,2613,1,0
2025-10-01 10:00:00,1.39115,1.39282,1.39069,1.39209,3424,1,0
2025-10-01 11:00:00,1.39209,1.39209,1.39132,1.3918300000000001,2611,1,0
2025-10-01 12:00:00,1.3918300000000001,1.39292,1.39169,1.39272,2034,1,0
2025-10-01 13:00:00,1.3927100000000001,1.3937,1.39264,1.39344,2168,1,0
2025-10-01 14:00:00,1.39344,1.39346,1.39254,1.3929,1981,1,0
2025-10-01 15:00:00,1.3929,1.39365,1.39146,1.39291,6012,1,0
2025-10-01 16:00:00,1.39292,1.39377,1.39229,1.39284,4342,1,0
2025-10-01 17:00:00,1.39296,1.39451,1.3925100000000001,1.3943699999999999,5747,1,0
2025-10-01 18:00:00,1.39438,1.39553,1.39405,1.39544,4210,1,0
2025-10-01 19:00:00,1.39545,1.39572,1.39474,1.39482,2276,1,0
2025-10-01 20:00:00,1.39482,1.3949500000000001,1.39428,1.39459,2013,1,0
2025-10-01 21:00:00,1.39458,1.3947,1.39345,1.3940000000000001,2019,1,0
2025-10-01 22:00:00,1.3940000000000001,1.39424,1.3939,1.3942,1746,1,0
2025-10-01 23:00:00,1.39419,1.39449,1.3936,1.39362,1397,1,0
2025-10-02 00:00:00,1.3934199999999999,1.39385,1.39304,1.39354,245,16,0
2025-10-02 01:00:00,1.39354,1.39379,1.39338,1.39362,890,1,0
2025-10-02 02:00:00,1.39362,1.39414,1.3935,1.39406,860,1,0
2025-10-02 03:00:00,1.39406,1.39477,1.3940299999999999,1.39441,1599,1,0
2025-10-02 04:00:00,1.3944,1.39473,1.3935,1.39365,1667,1,0
2025-10-02 05:00:00,1.39364,1.39389,1.39348,1.39379,1204,1,0
2025-10-02 06:00:00,1.39379,1.39435,1.39378,1.39416,1087,1,0
2025-10-02 07:00:00,1.39416,1.39469,1.39416,1.39455,873,1,0
2025-10-02 08:00:00,1.39455,1.3949,1.39421,1.39428,1314,1,0
2025-10-02 09:00:00,1.3942700000000001,1.3942700000000001,1.39347,1.39367,2127,1,0
2025-10-02 10:00:00,1.39365,1.39391,1.39324,1.39386,2625,1,0
2025-10-02 11:00:00,1.39386,1.3939300000000001,1.3933499999999999,1.39365,2299,1,0
2025-10-02 12:00:00,1.3936600000000001,1.39397,1.39337,1.3936600000000001,1971,1,0
2025-10-02 13:00:00,1.3936600000000001,1.39408,1.39355,1.3936,2034,1,0
2025-10-02 14:00:00,1.3936,1.3946100000000001,1.39351,1.39449,1779,1,0
2025-10-02 15:00:00,1.39449,1.39533,1.39406,1.3946399999999999,2511,1,0
2025-10-02 16:00:00,1.3946399999999999,1.39596,1.39402,1.3955600000000001,4219,1,0
2025-10-02 17:00:00,1.39555,1.39745,1.39553,1.3973900000000001,4386,1,0
2025-10-02 18:00:00,1.39738,1.39865,1.39718,1.39763,3380,1,0
2025-10-02 19:00:00,1.39764,1.39779,1.39665,1.39673,2808,1,0
2025-10-02 20:00:00,1.39673,1.39692,1.39619,1.39684,2187,1,0
2025-10-02 21:00:00,1.39686,1.39694,1.39619,1.3963,1827,1,0
2025-10-02 22:00:00,1.39629,1.39641,1.396,1.3961700000000001,1889,1,0
2025-10-02 23:00:00,1.3961700000000001,1.39722,1.39607,1.39663,1275,1,0
2025-10-03 00:00:00,1.39664,1.39667,1.39616,1.39638,333,32,0
2025-10-03 01:00:00,1.39638,1.3967,1.39622,1.39631,1457,1,0
2025-10-03 02:00:00,1.39631,1.39649,1.39606,1.39612,1090,1,0
2025-10-03 03:00:00,1.3961000000000001,1.39657,1.39609,1.3964699999999999,1740,1,0
2025-10-03 04:00:00,1.3964699999999999,1.39688,1.39611,1.39633,2311,1,0
2025-10-03 05:00:00,1.39633,1.39684,1.3963,1.3967399999999999,1919,1,0
2025-10-03 06:00:00,1.39673,1.39693,1.39651,1.39661,1875,1,0
2025-10-03 07:00:00,1.39661,1.39695,1.3964699999999999,1.39682,1116,1,0
2025-10-03 08:00:00,1.39682,1.39685,1.3965,1.39668,1727,1,0
2025-10-03 09:00:00,1.39668,1.39675,1.39593,1.39661,2045,1,0
2025-10-03 10:00:00,1.39658,1.39658,1.39573,1.39621,2067,1,0
2025-10-03 11:00:00,1.3961999999999999,1.39666,1.39584,1.39612,2466,1,0
2025-10-03 12:00:00,1.39612,1.39688,1.39608,1.3963999999999999,1745,1,0
2025-10-03 13:00:00,1.3963999999999999,1.39691,1.39634,1.3967800000000001,1541,1,0
2025-10-03 14:00:00,1.3967800000000001,1.39683,1.39626,1.3963,1973,1,0
2025-10-03 15:00:00,1.39628,1.3968,1.39508,1.39509,2776,1,0
2025-10-03 16:00:00,1.39508,1.39632,1.39497,1.39571,3473,1,0
2025-10-03 17:00:00,1.3952,1.39585,1.39485,1.39512,5270,1,0
2025-10-03 18:00:00,1.39512,1.3956,1.39458,1.39472,2865,1,0
2025-10-03 19:00:00,1.39472,1.39492,1.3939599999999999,1.39477,2297,1,0
2025-10-03 20:00:00,1.39477,1.39593,1.39465,1.39572,2658,1,0
2025-10-03 21:00:00,1.39572,1.39611,1.39512,1.39528,2365,1,0
2025-10-03 22:00:00,1.39529,1.39567,1.39489,1.39527,1862,1,0
2025-10-03 23:00:00,1.39527,1.39607,1.39412,1.3947,1586,1,0
2025-10-06 00:00:00,1.39406,1.3957899999999999,1.39389,1.3956,498,55,0
2025-10-06 01:00:00,1.3956,1.3968099999999999,1.39507,1.39649,2433,1,0
2025-10-06 02:00:00,1.39651,1.39672,1.39601,1.39649,3341,1,0
2025-10-06 03:00:00,1.39646,1.3967,1.39568,1.39569,2569,1,0
2025-10-06 04:00:00,1.39565,1.3961299999999999,1.39506,1.39508,1939,1,0
2025-10-06 05:00:00,1.39507,1.39524,1.39481,1.39489,1456,1,0
2025-10-06 06:00:00,1.39489,1.39502,1.39452,1.39496,1313,1,0
2025-10-06 07:00:00,1.39496,1.39527,1.39473,1.39526,1675,1,0
2025-10-06 08:00:00,1.39526,1.39563,1.39511,1.39534,1432,1,0
2025-10-06 09:00:00,1.39534,1.3955899999999999,1.3947,1.39474,2507,1,0
2025-10-06 10:00:00,1.39473,1.39541,1.39417,1.39531,4042,1,0
2025-10-06 11:00:00,1.39533,1.39588,1.39476,1.39507,3532,1,0
2025-10-06 12:00:00,1.39509,1.3959,1.39486,1.39551,2249,1,0
2025-10-06 13:00:00,1.39551,1.3961999999999999,1.39536,1.39557,2112,1,0
2025-10-06 14:00:00,1.39557,1.3964400000000001,1.39555,1.3961700000000001,2203,1,0
2025-10-06 15:00:00,1.3961700000000001,1.39645,1.39555,1.3961700000000001,3131,1,0
2025-10-06 16:00:00,1.39618,1.39677,1.39602,1.39636,3385,1,0
2025-10-06 17:00:00,1.3963700000000001,1.39652,1.39529,1.39537,3540,1,0
2025-10-06 18:00:00,1.39536,1.39551,1.39459,1.39466,2784,1,0
2025-10-06 19:00:00,1.39463,1.39537,1.39459,1.39493,1659,1,0
2025-10-06 20:00:00,1.39494,1.39545,1.39471,1.39521,1620,1,0
2025-10-06 21:00:00,1.39521,1.3954,1.39497,1.39516,1702,1,0
2025-10-06 22:00:00,1.39517,1.39519,1.3946,1.39496,1585,1,0
2025-10-06 23:00:00,1.39497,1.3952499999999999,1.3940000000000001,1.39416,1231,1,0
2025-10-07 00:00:00,1.39417,1.39417,1.39387,1.39401,205,22,0
2025-10-07 01:00:00,1.39401,1.39456,1.39401,1.3944,1820,1,0
2025-10-07 02:00:00,1.39438,1.39472,1.39429,1.39453,1138,1,0
2025-10-07 03:00:00,1.39452,1.39514,1.39441,1.39492,2170,1,0
2025-10-07 04:00:00,1.39492,1.39531,1.39482,1.39524,1952,1,0
2025-10-07 05:00:00,1.39524,1.39524,1.39469,1.39494,1670,1,0
2025-10-07 06:00:00,1.39494,1.3949799999999999,1.39465,1.39469,1472,1,0
2025-10-07 07:00:00,1.39469,1.3949799999999999,1.39441,1.39486,1161,1,0
2025-10-07 08:00:00,1.39485,1.39551,1.39473,1.39529,1748,1,0
2025-10-07 09:00:00,1.3953,1.39603,1.3953,1.3954,2621,1,0
2025-10-07 10:00:00,1.39545,1.39623,1.39539,1.3955,2557,1,0
2025-10-07 11:00:00,1.3955,1.3958599999999999,1.39509,1.39565,1955,1,0
2025-10-07 12:00:00,1.39566,1.39589,1.39543,1.39547,1886,1,0
2025-10-07 13:00:00,1.39547,1.3956,1.39476,1.3952200000000001,1900,1,0
2025-10-07 14:00:00,1.3952200000000001,1.3963,1.39514,1.39587,1997,1,0
2025-10-07 15:00:00,1.39587,1.39619,1.39532,1.3954,2809,1,0
2025-10-07 16:00:00,1.3954,1.39565,1.39445,1.39477,3849,1,0
2025-10-07 17:00:00,1.39477,1.39541,1.39445,1.39472,3826,1,0
2025-10-07 18:00:00,1.39472,1.39514,1.39387,1.39499,3942,1,0
2025-10-07 19:00:00,1.3949799999999999,1.3957,1.39431,1.3952,3154,1,0
2025-10-07 20:00:00,1.39521,1.39542,1.39458,1.39505,2536,1,0
2025-10-07 21:00:00,1.39505,1.39538,1.3945699999999999,1.39503,2430,1,0
2025-10-07 22:00:00,1.39504,1.39604,1.39492,1.39548,2128,1,0
2025-10-07 23:00:00,1.3954900000000001,1.39574,1.39486,1.39493,1093,1,0
2025-10-08 00:00:00,1.3948800000000001,1.39504,1.39418,1.3946399999999999,584,21,0
2025-10-08 01:00:00,1.39474,1.3951799999999999,1.39474,1.39516,1108,1,0
2025-10-08 02:00:00,1.39513,1.39542,1.39506,1.39534,1236,1,0
2025-10-08 03:00:00,1.39532,1.39595,1.3953,1.39561,2178,1,0
2025-10-08 04:00:00,1.39562,1.39652,1.3952,1.3964699999999999,3662,1,0
2025-10-08 05:00:00,1.39648,1.39687,1.39618,1.39646,2263,1,0
2025-10-08 06:00:00,1.3964699999999999,1.3965,1.39618,1.39622,1475,1,0
2025-10-08 07:00:00,1.3961999999999999,1.3966,1.39615,1.39643,1669,1,0
2025-10-08 08:00:00,1.39643,1.39703,1.39643,1.39685,1725,1,0
2025-10-08 09:00:00,1.39682,1.39709,1.39642,1.3964699999999999,2457,1,0
2025-10-08 10:00:00,1.39645,1.39659,1.39533,1.39554,2895,1,0
2025-10-08 11:00:00,1.39554,1.3955899999999999,1.39513,1.39542,2341,1,0
2025-10-08 12:00:00,1.39539,1.39592,1.3951500000000001,1.39562,2566,1,0
2025-10-08 13:00:00,1.39562,1.39574,1.39447,1.3946399999999999,2003,1,0
2025-10-08 14:00:00,1.3946399999999999,1.39497,1.39443,1.39445,2035,1,0
2025-10-08 15:00:00,1.39445,1.39453,1.39379,1.39383,2719,1,0
2025-10-08 16:00:00,1.39383,1.39499,1.39318,1.39476,3748,1,0
2025-10-08 17:00:00,1.39475,1.3952200000000001,1.39431,1.39507,3728,1,0
2025-10-08 18:00:00,1.39506,1.3959,1.3946100000000001,1.39545,3147,1,0
2025-10-08 19:00:00,1.39546,1.39611,1.39528,1.3959,2343,1,0
2025-10-08 20:00:00,1.39591,1.39604,1.39533,1.3958300000000001,1670,1,0
2025-10-08 21:00:00,1.39578,1.39629,1.39544,1.39565,3020,1,0
2025-10-08 22:00:00,1.39565,1.39575,1.3952,1.3957,1813,1,0
2025-10-08 23:00:00,1.39567,1.39582,1.39493,1.39524,1223,1,0
2025-10-09 00:00:00,1.39494,1.39509,1.39402,1.395,259,35,0
2025-10-09 01:00:00,1.395,1.39546,1.3948800000000001,1.39503,1022,1,0
2025-10-09 02:00:00,1.39504,1.39561,1.39502,1.39554,1169,1,0
2025-10-09 03:00:00,1.39553,1.39557,1.3948,1.3949099999999999,1657,1,0
2025-10-09 04:00:00,1.3949,1.39492,1.39413,1.39436,2394,1,0
2025-10-09 05:00:00,1.39436,1.39452,1.39383,1.39404,1354,1,0
2025-10-09 06:00:00,1.39404,1.39409,1.3938,1.39386,1054,1,0
2025-10-09 07:00:00,1.39386,1.39397,1.39348,1.39358,1512,1,0
2025-10-09 08:00:00,1.39358,1.3942,1.3933499999999999,1.39418,1471,1,0
2025-10-09 09:00:00,1.39418,1.39638,1.39417,1.39622,3132,1,0
2025-10-09 10:00:00,1.39622,1.39633,1.39542,1.39566,3109,1,0
2025-10-09 11:00:00,1.39566,1.39616,1.39532,1.39535,2871,1,0
2025-10-09 12:00:00,1.39535,1.3954,1.39473,1.39487,2890,1,0
2025-10-09 13:00:00,1.39486,1.39527,1.39467,1.39489,2024,1,0
2025-10-09 14:00:00,1.39489,1.3955899999999999,1.39476,1.39536,1977,1,0
2025-10-09 15:00:00,1.39536,1.39548,1.3942700000000001,1.39452,3297,1,0
2025-10-09 16:00:00,1.39451,1.39715,1.39391,1.39711,5247,1,0
2025-10-09 17:00:00,1.39712,1.40027,1.39712,1.40007,5928,1,0
2025-10-09 18:00:00,1.40007,1.40209,1.39989,1.40111,4929,1,0
2025-10-09 19:00:00,1.40111,1.40251,1.4009800000000001,1.40225,3576,1,0
2025-10-09 20:00:00,1.40225,1.4026100000000001,1.40143,1.40165,3603,1,0
2025-10-09 21:00:00,1.40165,1.4034200000000001,1.40156,1.4032200000000001,2815,1,0
2025-10-09 22:00:00,1.40317,1.40326,1.40241,1.40249,2355,1,0
2025-10-09 23:00:00,1.40251,1.40252,1.40177,1.40229,1259,1,0
2025-10-10 00:00:00,1.40127,1.40178,1.40126,1.40144,303,35,0
2025-10-10 01:00:00,1.40144,1.40225,1.40143,1.4020000000000001,1204,1,0
2025-10-10 02:00:00,1.40201,1.40258,1.40184,1.4020299999999999,1247,1,0
2025-10-10 03:00:00,1.4020299999999999,1.40249,1.4016600000000001,1.40173,1976,1,0
2025-10-10 04:00:00,1.40173,1.40188,1.4015,1.40164,2208,1,0
2025-10-10 05:00:00,1.40164,1.40191,1.4013900000000001,1.40175,1630,1,0
2025-10-10 06:00:00,1.40174,1.40189,1.40151,1.4016199999999999,1422,1,0
2025-10-10 07:00:00,1.4016199999999999,1.4021,1.40155,1.40156,1226,1,0
2025-10-10 08:00:00,1.40156,1.40189,1.40134,1.4013499999999999,1416,1,0
2025-10-10 09:00:00,1.40136,1.40344,1.40136,1.40272,3139,1,0
2025-10-10 10:00:00,1.40273,1.4029099999999999,1.4022299999999999,1.40251,3340,1,0
2025-10-10 11:00:00,1.4025,1.4025699999999999,1.40147,1.40171,2622,1,0
2025-10-10 12:00:00,1.40171,1.40207,1.4013,1.40184,2301,1,0
2025-10-10 13:00:00,1.40183,1.40228,1.40145,1.40194,2375,1,0
2025-10-10 14:00:00,1.40194,1.40206,1.4013200000000001,1.4018,2495,1,0
2025-10-10 15:00:00,1.40179,1.40213,1.39761,1.39839,4530,1,0
2025-10-10 16:00:00,1.39839,1.3998,1.39832,1.39905,3927,1,0
2025-10-10 17:00:00,1.3988800000000001,1.40008,1.39882,1.39936,5001,1,0
2025-10-10 18:00:00,1.39936,1.4010099999999999,1.39822,1.3999,9778,1,0
2025-10-10 19:00:00,1.3999,1.4011,1.39965,1.40093,6018,1,0
2025-10-10 20:00:00,1.40093,1.40179,1.4003999999999999,1.4006,4029,1,0
2025-10-10 21:00:00,1.40059,1.40102,1.39939,1.4,3531,1,0
2025-10-10 22:00:00,1.40001,1.40038,1.39947,1.4001000000000001,3235,1,0
2025-10-10 23:00:00,1.40011,1.40058,1.39958,1.40003,2603,1,0
2025-10-13 00:00:00,1.39841,1.39948,1.39831,1.39892,814,35,0
2025-10-13 01:00:00,1.39892,1.40045,1.39886,1.39968,3370,1,0
2025-10-13 02:00:00,1.39965,1.40011,1.39944,1.39993,3169,1,0
2025-10-13 03:00:00,1.39993,1.40026,1.39924,1.39931,3131,1,0
2025-10-13 04:00:00,1.3993,1.39962,1.39852,1.39871,3603,1,0
2025-10-13 05:00:00,1.39872,1.3992,1.39828,1.39916,1741,1,0
2025-10-13 06:00:00,1.39916,1.39966,1.39881,1.39951,1593,1,0
2025-10-13 07:00:00,1.3995199999999999,1.39953,1.39902,1.39933,1475,1,0
2025-10-13 08:00:00,1.39933,1.39995,1.3988399999999999,1.39987,1924,1,0
2025-10-13 09:00:00,1.39985,1.4005,1.39892,1.4003700000000001,3221,1,0
2025-10-13 10:00:00,1.40038,1.40063,1.39989,1.4004699999999999,4214,1,0
2025-10-13 11:00:00,1.40045,1.4010799999999999,1.40008,1.4001299999999999,2904,1,0
2025-10-13 12:00:00,1.4001299999999999,1.40031,1.39991,1.40004,1860,1,0
2025-10-13 13:00:00,1.40004,1.40067,1.39992,1.40029,1954,1,0
2025-10-13 14:00:00,1.40029,1.40091,1.39972,1.40088,3293,1,0
2025-10-13 15:00:00,1.40087,1.40167,1.40066,1.4013,3145,1,0
2025-10-13 16:00:00,1.40129,1.40189,1.40129,1.4016,4015,0,0
2025-10-13 17:00:00,1.4016,1.40337,1.40141,1.403,4425,0,0
2025-10-13 18:00:00,1.40301,1.40341,1.4022000000000001,1.40289,2967,0,0
2025-10-13 19:00:00,1.40289,1.4034200000000001,1.40271,1.40309,2103,0,0
2025-10-13 20:00:00,1.40308,1.40341,1.40294,1.40317,1883,0,0
2025-10-13 21:00:00,1.40317,1.40387,1.40274,1.40372,1479,0,0
2025-10-13 22:00:00,1.40372,1.40395,1.40358,1.40373,1796,0,0
2025-10-13 23:00:00,1.40372,1.40384,1.40332,1.40358,926,0,0
2025-10-14 00:00:00,1.40337,1.40346,1.40269,1.4032200000000001,401,35,0
2025-10-14 01:00:00,1.4032200000000001,1.40375,1.40317,1.4037,842,0,0
2025-10-14 02:00:00,1.4037,1.40408,1.40358,1.40398,954,0,0
2025-10-14 03:00:00,1.40401,1.40439,1.40348,1.40378,2367,0,0
2025-10-14 04:00:00,1.4037600000000001,1.40399,1.40332,1.40367,2053,0,0
2025-10-14 05:00:00,1.40367,1.40424,1.4036,1.40424,1226,0,0
2025-10-14 06:00:00,1.40424,1.40443,1.40402,1.40411,1686,0,0
2025-10-14 07:00:00,1.40411,1.4047100000000001,1.404,1.40432,2435,0,0
2025-10-14 08:00:00,1.40432,1.40468,1.4041299999999999,1.40465,2273,0,0
2025-10-14 09:00:00,1.40466,1.4059,1.40457,1.40557,4008,0,0
2025-10-14 10:00:00,1.40556,1.40662,1.40502,1.40639,4184,0,0
2025-10-14 11:00:00,1.40637,1.40664,1.40544,1.4058899999999999,2787,0,0
2025-10-14 12:00:00,1.40588,1.407,1.40585,1.4069099999999999,2557,0,0
2025-10-14 13:00:00,1.40692,1.40802,1.4069099999999999,1.40763,2706,0,0
2025-10-14 14:00:00,1.40763,1.40768,1.4062299999999999,1.40642,2619,0,0
2025-10-14 15:00:00,1.40643,1.40737,1.40616,1.40717,3520,0,0
2025-10-14 16:00:00,1.40717,1.4075,1.40414,1.40443,5660,0,0
2025-10-14 17:00:00,1.40443,1.40454,1.40299,1.40404,4816,0,0
2025-10-14 18:00:00,1.40404,1.40552,1.404,1.4043700000000001,3956,0,0
2025-10-14 19:00:00,1.4043700000000001,1.40473,1.40356,1.40429,4064,0,0
2025-10-14 20:00:00,1.40431,1.40521,1.40327,1.40348,3292,0,0
2025-10-14 21:00:00,1.40348,1.40415,1.40333,1.40362,2533,0,0
2025-10-14 22:00:00,1.40362,1.40453,1.40339,1.40429,3420,0,0
2025-10-14 23:00:00,1.4043,1.40497,1.40414,1.40431,1222,0,0
2025-10-15 00:00:00,1.40416,1.4043999999999999,1.40392,1.40394,303,35,0
2025-10-15 01:00:00,1.40394,1.40427,1.40373,1.40426,834,0,0
2025-10-15 02:00:00,1.40426,1.40462,1.40394,1.40461,1395,0,0
2025-10-15 03:00:00,1.40463,1.40487,1.40435,1.40449,2112,0,0
2025-10-15 04:00:00,1.40449,1.4046,1.40344,1.40382,2702,0,0
2025-10-15 05:00:00,1.40382,1.40388,1.4031799999999999,1.40343,2005,0,0
2025-10-15 06:00:00,1.40343,1.40387,1.40335,1.40366,1480,0,0
2025-10-15 07:00:00,1.40366,1.40389,1.40344,1.40367,1328,0,0
2025-10-15 08:00:00,1.40366,1.4037899999999999,1.40334,1.4037,1575,0,0
2025-10-15 09:00:00,1.40369,1.40385,1.40278,1.40297,2904,0,0
2025-10-15 10:00:00,1.40295,1.40431,1.40289,1.40426,3074,0,0
2025-10-15 11:00:00,1.40426,1.40454,1.40389,1.40431,2602,0,0
2025-10-15 12:00:00,1.40432,1.40452,1.40382,1.40385,2419,0,0
2025-10-15 13:00:00,1.40385,1.4043,1.40371,1.40382,1767,0,0
2025-10-15 14:00:00,1.40382,1.4044400000000001,1.40341,1.40438,1844,0,0
2025-10-15 15:00:00,1.4043700000000001,1.40542,1.4038,1.40511,4147,0,0
2025-10-15 16:00:00,1.4051,1.4053499999999999,1.40395,1.4043700000000001,4694,0,0
2025-10-15 17:00:00,1.4043700000000001,1.40488,1.40377,1.4038300000000001,4217,0,0
2025-10-15 18:00:00,1.4038300000000001,1.40408,1.40268,1.4034499999999999,4371,0,0
2025-10-15 19:00:00,1.40346,1.40391,1.40327,1.4034,3335,0,0
2025-10-15 20:00:00,1.40338,1.40601,1.40338,1.40516,4345,0,0
2025-10-15 21:00:00,1.40515,1.4058899999999999,1.40507,1.4052,2587,0,0
2025-10-15 22:00:00,1.40521,1.40524,1.40451,1.4046699999999999,1893,0,0
2025-10-15 23:00:00,1.4046699999999999,1.40475,1.40378,1.40392,1377,0,0
2025-10-16 00:00:00,1.4038300000000001,1.40411,1.40283,1.40405,257,36,0
2025-10-16 01:00:00,1.40405,1.40479,1.40389,1.4047100000000001,982,0,0
2025-10-16 02:00:00,1.4046699999999999,1.40482,1.4043700000000001,1.40464,964,0,0
2025-10-16 03:00:00,1.40466,1.40482,1.40355,1.40394,2988,0,0
2025-10-16 04:00:00,1.40395,1.40397,1.40229,1.40258,2965,0,0
2025-10-16 05:00:00,1.4025699999999999,1.40321,1.4022999999999999,1.40269,2218,0,0
2025-10-16 06:00:00,1.40269,1.40308,1.40262,1.40301,1496,0,0
2025-10-16 07:00:00,1.40301,1.4036,1.40298,1.40344,1010,0,0
2025-10-16 08:00:00,1.40344,1.40364,1.4031,1.4033,1777,0,0
2025-10-16 09:00:00,1.40332,1.40371,1.40271,1.40311,2915,0,0
2025-10-16 10:00:00,1.40311,1.40401,1.40296,1.40344,3568,0,0
2025-10-16 11:00:00,1.4034499999999999,1.4040300000000001,1.40319,1.4038300000000001,2857,0,0
2025-10-16 12:00:00,1.4038300000000001,1.40442,1.40359,1.40394,2052,0,0
2025-10-16 13:00:00,1.40394,1.40438,1.40372,1.40411,1950,0,0
2025-10-16 14:00:00,1.40411,1.40515,1.40393,1.40485,2773,0,0
2025-10-16 15:00:00,1.40485,1.40582,1.40459,1.40518,3734,0,0
2025-10-16 16:00:00,1.40518,1.40554,1.40409,1.40487,4804,0,0
2025-10-16 17:00:00,1.40483,1.405,1.40357,1.40385,4701,0,0
2025-10-16 18:00:00,1.40385,1.40512,1.40372,1.4047100000000001,4411,0,0
2025-10-16 19:00:00,1.40472,1.40609,1.40436,1.40448,4414,0,0
2025-10-16 20:00:00,1.4044699999999999,1.40478,1.4038300000000001,1.40425,3393,0,0
2025-10-16 21:00:00,1.40425,1.40607,1.40419,1.40509,3398,0,0
2025-10-16 22:00:00,1.4050500000000001,1.40577,1.40489,1.40518,2575,0,0
2025-10-16 23:00:00,1.40518,1.40557,1.40497,1.40553,1303,0,0
2025-10-17 00:00:00,1.40536,1.40536,1.40452,1.4049800000000001,340,24,0
2025-10-17 01:00:00,1.4049800000000001,1.4052799999999999,1.40473,1.40479,991,0,0
2025-10-17 02:00:00,1.40479,1.4050099999999999,1.40457,1.40463,1211,0,0
2025-10-17 03:00:00,1.40463,1.4049,1.40394,1.40405,1559,0,0
2025-10-17 04:00:00,1.40405,1.40499,1.40367,1.4049,1882,0,0
2025-10-17 05:00:00,1.4049,1.4052,1.40451,1.40457,1500,0,0
2025-10-17 06:00:00,1.40457,1.40463,1.40411,1.40455,1082,0,0
2025-10-17 07:00:00,1.40455,1.40466,1.40402,1.40404,1108,0,0
2025-10-17 08:00:00,1.40404,1.40415,1.40363,1.40382,1342,0,0
2025-10-17 09:00:00,1.40382,1.40515,1.40368,1.40502,2422,0,0
2025-10-17 10:00:00,1.40502,1.40674,1.40502,1.4053499999999999,4058,0,0
2025-10-17 11:00:00,1.40534,1.40602,1.40502,1.40507,2707,0,0
2025-10-17 12:00:00,1.40507,1.40522,1.40366,1.40387,2427,0,0
2025-10-17 13:00:00,1.40387,1.40428,1.4031799999999999,1.40335,2377,0,0
2025-10-17 14:00:00,1.40333,1.4038,1.40275,1.4034,3193,0,0
2025-10-17 15:00:00,1.4034,1.40475,1.40323,1.40397,3247,0,0
2025-10-17 16:00:00,1.40397,1.40486,1.40363,1.40453,3311,0,0
2025-10-17 17:00:00,1.40454,1.40539,1.40389,1.40515,4233,0,0
2025-10-17 18:00:00,1.40515,1.40539,1.40451,1.40466,3259,0,0
2025-10-17 19:00:00,1.40466,1.40475,1.40341,1.40394,2635,0,0
2025-10-17 20:00:00,1.40395,1.40422,1.40274,1.40303,2453,0,0
2025-10-17 21:00:00,1.40303,1.40313,1.40145,1.40168,2125,0,0
2025-10-17 22:00:00,1.40168,1.4016899999999999,1.40082,1.40133,1844,0,0
2025-10-17 23:00:00,1.40133,1.40241,1.4010500000000001,1.40209,1499,0,0
2025-10-20 00:00:00,1.4013499999999999,1.40195,1.40133,1.40179,522,35,0
2025-10-20 01:00:00,1.40179,1.40202,1.4010799999999999,1.40111,762,0,0
2025-10-20 02:00:00,1.40111,1.4016600000000001,1.40102,1.40164,1009,0,0
2025-10-20 03:00:00,1.40164,1.40177,1.40131,1.40133,1735,0,0
2025-10-20 04:00:00,1.4013200000000001,1.40155,1.40079,1.40141,1716,0,0
2025-10-20 05:00:00,1.40141,1.40141,1.40058,1.40104,836,0,0
2025-10-20 06:00:00,1.40104,1.40118,1.4007800000000001,1.40103,671,0,0
2025-10-20 07:00:00,1.40103,1.4013900000000001,1.40094,1.40117,744,0,0
2025-10-20 08:00:00,1.40117,1.4015,1.40103,1.40148,913,0,0
2025-10-20 09:00:00,1.40148,1.4028399999999999,1.40148,1.40267,2150,0,0
2025-10-20 10:00:00,1.40267,1.4032200000000001,1.40211,1.40309,2144,0,0
2025-10-20 11:00:00,1.40308,1.40331,1.40278,1.4032499999999999,1992,0,0
2025-10-20 12:00:00,1.4032499999999999,1.40346,1.40271,1.40328,2148,0,0
2025-10-20 13:00:00,1.40328,1.40358,1.40307,1.40329,1623,0,0
2025-10-20 14:00:00,1.40329,1.40433,1.40309,1.4038599999999999,1883,0,0
2025-10-20 15:00:00,1.4038599999999999,1.40496,1.4037,1.40454,2517,0,0
2025-10-20 16:00:00,1.40455,1.40512,1.40368,1.4039,2626,0,0
2025-10-20 17:00:00,1.4039,1.4041000000000001,1.40317,1.40339,2720,0,0
2025-10-20 18:00:00,1.40339,1.40353,1.4026100000000001,1.40305,2316,0,0
2025-10-20 19:00:00,1.40305,1.40335,1.4028,1.40294,1980,0,0
2025-10-20 20:00:00,1.40295,1.40369,1.40271,1.40362,1308,0,0
2025-10-20 21:00:00,1.40362,1.40387,1.40354,1.40366,1312,0,0
2025-10-20 22:00:00,1.40365,1.40388,1.4032,1.40329,1446,0,0
2025-10-20 23:00:00,1.40329,1.4039,1.40321,1.40389,961,0,0
2025-10-21 00:00:00,1.40354,1.40368,1.40269,1.4034,347,35,0
2025-10-21 01:00:00,1.4034,1.40368,1.40319,1.40326,475,0,0
2025-10-21 02:00:00,1.40326,1.40346,1.4031799999999999,1.40337,789,0,0
2025-10-21 03:00:00,1.40338,1.4035199999999999,1.40295,1.40317,1470,0,0
2025-10-21 04:00:00,1.40317,1.40409,1.40317,1.4040599999999999,1441,0,0
2025-10-21 05:00:00,1.40405,1.4050500000000001,1.40404,1.40496,1268,0,0
2025-10-21 06:00:00,1.40496,1.40519,1.40475,1.40499,1047,0,0
2025-10-21 07:00:00,1.4049800000000001,1.4053200000000001,1.40495,1.40495,916,0,0
2025-10-21 08:00:00,1.40495,1.40576,1.40491,1.4057,1345,0,0
2025-10-21 09:00:00,1.4057,1.40615,1.4053,1.40541,2031,0,0
2025-10-21 10:00:00,1.40541,1.40629,1.4053200000000001,1.40585,2478,0,0
2025-10-21 11:00:00,1.40585,1.4066100000000001,1.40585,1.40612,2655,0,0
2025-10-21 12:00:00,1.40613,1.40613,1.40523,1.40548,1867,0,0
2025-10-21 13:00:00,1.40548,1.40584,1.40513,1.40521,2102,0,0
2025-10-21 14:00:00,1.40521,1.4053200000000001,1.40427,1.4047100000000001,1990,0,0
2025-10-21 15:00:00,1.4047100000000001,1.40484,1.40144,1.4028,3907,0,0
2025-10-21 16:00:00,1.4028100000000001,1.4043,1.40234,1.40394,4228,0,0
2025-10-21 17:00:00,1.40393,1.40441,1.40197,1.40208,4108,0,0
2025-10-21 18:00:00,1.40208,1.40213,1.40113,1.40115,2624,0,0
2025-10-21 19:00:00,1.40113,1.4020000000000001,1.40035,1.40171,2730,0,0
2025-10-21 20:00:00,1.40171,1.40239,1.4014,1.4015900000000001,2350,0,0
2025-10-21 21:00:00,1.4015900000000001,1.40205,1.4012,1.40183,1433,0,0
2025-10-21 22:00:00,1.40183,1.4019,1.40149,1.40163,1267,0,0
2025-10-21 23:00:00,1.40163,1.40241,1.40163,1.40235,878,0,0
2025-10-22 00:00:00,1.4021,1.40212,1.40094,1.40194,172,29,0
2025-10-22 01:00:00,1.40194,1.40237,1.40179,1.40216,573,0,0
2025-10-22 02:00:00,1.40216,1.40234,1.4019300000000001,1.40202,1108,0,0
2025-10-22 03:00:00,1.4020299999999999,1.40204,1.40117,1.40143,1986,0,0
2025-10-22 04:00:00,1.40143,1.40151,1.40082,1.40086,1617,0,0
2025-10-22 05:00:00,1.40085,1.40086,1.4003700000000001,1.40048,1273,0,0
2025-10-22 06:00:00,1.40048,1.40065,1.4003,1.40048,1101,0,0
2025-10-22 07:00:00,1.40048,1.40049,1.4001000000000001,1.40019,896,0,0
2025-10-22 08:00:00,1.40019,1.40026,1.39954,1.39988,937,0,0
2025-10-22 09:00:00,1.39988,1.40032,1.39936,1.39995,2514,0,0
2025-10-22 10:00:00,1.39995,1.40088,1.39984,1.40058,1990,0,0
2025-10-22 11:00:00,1.40058,1.40118,1.40045,1.40082,2192,0,0
2025-10-22 12:00:00,1.40082,1.40151,1.40079,1.40123,1641,0,0
2025-10-22 13:00:00,1.40124,1.4022299999999999,1.4009800000000001,1.40216,1343,0,0
2025-10-22 14:00:00,1.40216,1.40324,1.40204,1.4028399999999999,1980,0,0
2025-10-22 15:00:00,1.4028399999999999,1.40307,1.40214,1.40233,2633,0,0
2025-10-22 16:00:00,1.40233,1.40272,1.40045,1.40061,3184,0,0
2025-10-22 17:00:00,1.40061,1.40066,1.39832,1.39934,3867,0,0
2025-10-22 18:00:00,1.39934,1.39942,1.39784,1.39791,2982,0,0
2025-10-22 19:00:00,1.39791,1.39942,1.39759,1.3979,3314,0,0
2025-10-22 20:00:00,1.3979,1.39939,1.39789,1.39934,2218,0,0
2025-10-22 21:00:00,1.39934,1.39964,1.39881,1.3988399999999999,1874,0,0
2025-10-22 22:00:00,1.3988399999999999,1.39926,1.3982299999999999,1.39853,1830,0,0
2025-10-22 23:00:00,1.39852,1.39985,1.39851,1.39954,1226,0,0
2025-10-23 00:00:00,1.39919,1.3992200000000001,1.3980299999999999,1.39917,174,35,0
2025-10-23 01:00:00,1.39917,1.39943,1.39892,1.39894,616,0,0
2025-10-23 02:00:00,1.39893,1.3991799999999999,1.39875,1.399,977,0,0
2025-10-23 03:00:00,1.399,1.39946,1.39882,1.39903,1506,0,0
2025-10-23 04:00:00,1.39902,1.3998300000000001,1.39887,1.3998300000000001,1710,0,0
2025-10-23 05:00:00,1.3998300000000001,1.40049,1.39982,1.40036,1121,0,0
2025-10-23 06:00:00,1.40036,1.4003700000000001,1.39971,1.40012,1282,0,0
2025-10-23 07:00:00,1.40012,1.40029,1.3998300000000001,1.3998599999999999,948,0,0
2025-10-23 08:00:00,1.3998599999999999,1.39997,1.39934,1.39955,1027,0,0
2025-10-23 09:00:00,1.39955,1.3996,1.39877,1.39932,1724,0,0
2025-10-23 10:00:00,1.39932,1.3995600000000001,1.3987,1.39955,1804,0,0
2025-10-23 11:00:00,1.39954,1.39969,1.39924,1.3994900000000001,1581,0,0
2025-10-23 12:00:00,1.3994900000000001,1.39968,1.3993,1.39965,1436,0,0
2025-10-23 13:00:00,1.39965,1.3997899999999999,1.39936,1.39967,1261,0,0
2025-10-23 14:00:00,1.39967,1.39997,1.39945,1.39957,1361,0,0
2025-10-23 15:00:00,1.39957,1.39978,1.39893,1.39941,2185,0,0
2025-10-23 16:00:00,1.39941,1.39948,1.39846,1.3985699999999999,2272,0,0
2025-10-23 17:00:00,1.3985699999999999,1.39916,1.39799,1.39909,2822,0,0
2025-10-23 18:00:00,1.399,1.40032,1.3989099999999999,1.39928,2322,0,0
2025-10-23 19:00:00,1.39927,1.39991,1.3989099999999999,1.39984,1505,0,0
2025-10-23 20:00:00,1.39984,1.40034,1.3992,1.39933,1563,0,0
2025-10-23 21:00:00,1.39933,1.39955,1.39868,1.39887,1269,0,0
2025-10-23 22:00:00,1.3988800000000001,1.39917,1.39862,1.39869,1233,0,0
2025-10-23 23:00:00,1.39871,1.39924,1.39862,1.39921,965,0,0
2025-10-24 00:00:00,1.39908,1.39908,1.39847,1.39892,419,22,0
2025-10-24 01:00:00,1.39893,1.39909,1.39737,1.39889,733,0,0
2025-10-24 02:00:00,1.3989,1.39902,1.39862,1.39874,973,0,0
2025-10-24 03:00:00,1.39874,1.39885,1.39842,1.3988399999999999,1286,0,0
2025-10-24 04:00:00,1.39883,1.39948,1.39877,1.39928,1305,0,0
2025-10-24 05:00:00,1.39928,1.4029,1.39904,1.4017,2014,0,0
2025-10-24 06:00:00,1.4017,1.40172,1.40038,1.4006,1140,0,0
2025-10-24 07:00:00,1.40061,1.40128,1.4006,1.40117,833,0,0
2025-10-24 08:00:00,1.40117,1.4016600000000001,1.40116,1.40148,1136,0,0
2025-10-24 09:00:00,1.40147,1.4021,1.4010099999999999,1.40111,1929,0,0
2025-10-24 10:00:00,1.40114,1.40171,1.40039,1.40079,2344,0,0
2025-10-24 11:00:00,1.4007399999999999,1.40218,1.40058,1.40202,1938,0,0
2025-10-24 12:00:00,1.40205,1.40248,1.4019599999999999,1.4020000000000001,1378,0,0
2025-10-24 13:00:00,1.4020000000000001,1.40243,1.40186,1.40238,1006,0,0
2025-10-24 14:00:00,1.40238,1.40324,1.4022999999999999,1.4027,1816,0,0
2025-10-24 15:00:00,1.40269,1.40326,1.39958,1.40201,4150,0,0
2025-10-24 16:00:00,1.40201,1.40326,1.40122,1.40235,4068,0,0
2025-10-24 17:00:00,1.40233,1.40391,1.40233,1.40266,3645,0,0
2025-10-24 18:00:00,1.40267,1.40285,1.40124,1.4013,2680,0,0
2025-10-24 19:00:00,1.4013,1.4016,1.40059,1.40076,1460,0,0
2025-10-24 20:00:00,1.40075,1.40112,1.40041,1.40082,1147,0,0
2025-10-24 21:00:00,1.40082,1.40095,1.39992,1.4001299999999999,1415,0,0
2025-10-24 22:00:00,1.4001299999999999,1.40036,1.39973,1.3998300000000001,1087,0,0
2025-10-24 23:00:00,1.3998300000000001,1.40031,1.39905,1.39907,1065,0,0
2025-10-27 00:00:00,1.39984,1.40076,1.39984,1.40039,1018,44,0
2025-10-27 01:00:00,1.40039,1.40041,1.3988399999999999,1.39907,1663,0,0
2025-10-27 02:00:00,1.39907,1.39955,1.39886,1.39945,1169,0,0
2025-10-27 03:00:00,1.39944,1.39945,1.39855,1.3986,1954,0,0
2025-10-27 04:00:00,1.39859,1.39872,1.39784,1.39839,2269,0,0
2025-10-27 05:00:00,1.3984,1.39903,1.39837,1.39844,1429,0,0
2025-10-27 06:00:00,1.39844,1.39903,1.39836,1.39899,1181,0,0
2025-10-27 07:00:00,1.39899,1.3993,1.3989,1.39902,1011,0,0
2025-10-27 08:00:00,1.39902,1.39921,1.39844,1.39852,1574,0,0
2025-10-27 09:00:00,1.39852,1.39853,1.39731,1.39799,1912,0,0
2025-10-27 10:00:00,1.39798,1.39814,1.3973200000000001,1.39784,2054,0,0
2025-10-27 11:00:00,1.39784,1.39799,1.39728,1.3978,2072,0,0
2025-10-27 12:00:00,1.39779,1.39792,1.39704,1.39738,1861,0,0
2025-10-27 13:00:00,1.3973900000000001,1.3980299999999999,1.39731,1.39792,1493,0,0
2025-10-27 14:00:00,1.39792,1.3979599999999999,1.39741,1.39781,1584,0,0
2025-10-27 15:00:00,1.39781,1.3985400000000001,1.3976199999999999,1.3982299999999999,2007,0,0
2025-10-27 16:00:00,1.39822,1.39916,1.39791,1.39907,1403,0,0
