time,Open,High,Low,Close,Volume,spread,real_volume
2025-06-03 12:45:00,142.848,142.916,142.807,142.858,824,0,0
2025-06-03 13:00:00,142.859,142.932,142.838,142.924,838,0,0
2025-06-03 13:15:00,142.924,143.007,142.907,142.986,766,0,0
2025-06-03 13:30:00,142.986,143.037,142.902,142.924,925,0,0
2025-06-03 13:45:00,142.924,143.078,142.92,143.058,915,0,0
2025-06-03 14:00:00,143.057,143.13,143.046,143.099,891,0,0
2025-06-03 14:15:00,143.099,143.161,143.099,143.15,815,0,0
2025-06-03 14:30:00,143.15,143.152,143.067,143.115,809,0,0
2025-06-03 14:45:00,143.115,143.115,143.061,143.085,907,0,0
2025-06-03 15:00:00,143.085,143.229,143.052,143.209,1099,0,0
2025-06-03 15:15:00,143.209,143.283,143.199,143.252,1094,0,0
2025-06-03 15:30:00,143.253,143.358,143.248,143.341,1090,0,0
2025-06-03 15:45:00,143.341,143.446,143.321,143.42,1204,0,0
2025-06-03 16:00:00,143.42,143.443,143.332,143.338,1171,0,0
2025-06-03 16:15:00,143.338,143.447,143.338,143.43,941,0,0
2025-06-03 16:30:00,143.43,143.52,143.369,143.476,1718,0,0
2025-06-03 16:45:00,143.475,143.617,143.473,143.547,1705,0,0
2025-06-03 17:00:00,143.537,143.94,143.537,143.81,2492,0,0
2025-06-03 17:15:00,143.811,143.858,143.699,143.806,1803,0,0
2025-06-03 17:30:00,143.806,143.818,143.665,143.676,1800,0,0
2025-06-03 17:45:00,143.675,143.809,143.675,143.774,1479,0,0
2025-06-03 18:00:00,143.774,143.89,143.721,143.868,1625,0,0
2025-06-03 18:15:00,143.867,143.958,143.845,143.873,1331,0,0
2025-06-03 18:30:00,143.873,143.94,143.822,143.886,1132,0,0
2025-06-03 18:45:00,143.886,143.992,143.837,143.942,1267,0,0
2025-06-03 19:00:00,143.942,143.97,143.88,143.93,919,0,0
2025-06-03 19:15:00,143.93,144.022,143.929,144.02,638,0,0
2025-06-03 19:30:00,144.023,144.108,144.022,144.061,887,0,0
2025-06-03 19:45:00,144.062,144.074,143.968,143.983,627,0,0
2025-06-03 20:00:00,143.983,143.986,143.935,143.956,767,0,0
2025-06-03 20:15:00,143.956,144.031,143.885,143.887,616,0,0
2025-06-03 20:30:00,143.887,143.907,143.865,143.886,528,0,0
2025-06-03 20:45:00,143.886,143.92,143.842,143.848,641,0,0
2025-06-03 21:00:00,143.849,143.909,143.841,143.889,714,0,0
2025-06-03 21:15:00,143.889,143.905,143.852,143.889,686,0,0
2025-06-03 21:30:00,143.889,143.945,143.88,143.926,730,0,0
2025-06-03 21:45:00,143.926,143.939,143.893,143.91,514,0,0
2025-06-03 22:00:00,143.91,143.963,143.902,143.963,645,0,0
2025-06-03 22:15:00,143.963,144.016,143.963,144.006,409,0,0
2025-06-03 22:30:00,144.006,144.022,143.988,143.992,436,0,0
2025-06-03 22:45:00,143.992,144.108,143.979,144.074,487,0,0
2025-06-03 23:00:00,144.074,144.079,143.998,144.03,323,0,0
2025-06-03 23:15:00,144.03,144.03,143.971,144.007,447,0,0
2025-06-03 23:30:00,144.007,144.008,143.959,143.964,273,0,0
2025-06-03 23:45:00,143.964,144.03,143.951,143.985,294,10,0
2025-06-04 00:00:00,143.933,143.955,143.635,143.955,134,70,0
2025-06-04 00:15:00,143.955,143.955,143.918,143.922,29,120,0
2025-06-04 00:30:00,143.922,143.923,143.914,143.922,23,120,0
2025-06-04 00:45:00,143.922,144.007,143.899,143.933,198,72,0
2025-06-04 01:00:00,143.933,144.007,143.911,143.981,227,0,0
2025-06-04 01:15:00,143.981,144.048,143.961,144.035,176,0,0
2025-06-04 01:30:00,144.035,144.036,143.961,143.967,167,0,0
2025-06-04 01:45:00,143.967,143.984,143.912,143.965,192,0,0
2025-06-04 02:00:00,143.965,143.965,143.888,143.933,314,0,0
2025-06-04 02:15:00,143.933,144.037,143.931,143.988,308,0,0
2025-06-04 02:30:00,143.988,143.995,143.89,143.896,362,0,0
2025-06-04 02:45:00,143.896,143.896,143.802,143.82,607,0,0
2025-06-04 03:00:00,143.82,144.014,143.801,143.928,1172,0,0
2025-06-04 03:15:00,143.927,143.945,143.776,143.895,1021,0,0
2025-06-04 03:30:00,143.895,143.96,143.842,143.893,889,0,0
2025-06-04 03:45:00,143.893,144.032,143.856,143.993,1313,0,0
2025-06-04 04:00:00,143.993,144.283,143.879,143.892,1496,0,0
2025-06-04 04:15:00,143.892,143.924,143.788,143.834,1049,0,0
2025-06-04 04:30:00,143.833,143.864,143.677,143.743,1153,0,0
2025-06-04 04:45:00,143.743,143.761,143.675,143.759,1042,0,0
2025-06-04 05:00:00,143.759,143.821,143.706,143.791,935,0,0
2025-06-04 05:15:00,143.792,143.894,143.79,143.868,712,0,0
2025-06-04 05:30:00,143.868,143.951,143.868,143.944,664,0,0
2025-06-04 05:45:00,143.944,143.979,143.86,143.927,631,0,0
2025-06-04 06:00:00,143.927,143.948,143.838,143.875,572,0,0
2025-06-04 06:15:00,143.876,143.99,143.876,143.976,344,0,0
2025-06-04 06:30:00,143.976,144.095,143.975,144.059,726,0,0
2025-06-04 06:45:00,144.059,144.106,144.024,144.062,578,0,0
2025-06-04 07:00:00,144.062,144.139,143.984,144.068,787,0,0
2025-06-04 07:15:00,144.068,144.117,144.024,144.066,589,0,0
2025-06-04 07:30:00,144.066,144.211,144.05,144.159,638,0,0
2025-06-04 07:45:00,144.161,144.284,144.14,144.255,623,0,0
2025-06-04 08:00:00,144.255,144.278,144.206,144.239,768,0,0
2025-06-04 08:15:00,144.239,144.262,144.189,144.209,800,0,0
2025-06-04 08:30:00,144.209,144.391,144.198,144.214,996,0,0
2025-06-04 08:45:00,144.214,144.263,144.134,144.213,899,0,0
2025-06-04 09:00:00,144.213,144.315,144.124,144.134,1020,0,0
2025-06-04 09:15:00,144.135,144.148,143.964,143.964,1162,0,0
2025-06-04 09:30:00,143.97,144.017,143.886,143.925,1108,0,0
2025-06-04 09:45:00,143.925,144.034,143.925,143.977,927,0,0
2025-06-04 10:00:00,143.977,143.978,143.818,143.881,1317,0,0
2025-06-04 10:15:00,143.884,143.922,143.812,143.814,949,0,0
2025-06-04 10:30:00,143.814,143.943,143.798,143.915,790,0,0
2025-06-04 10:45:00,143.915,144.095,143.915,144.088,906,0,0
2025-06-04 11:00:00,144.089,144.182,144.021,144.078,1003,0,0
2025-06-04 11:15:00,144.076,144.169,144.029,144.029,842,0,0
2025-06-04 11:30:00,144.029,144.029,143.9,143.909,909,0,0
2025-06-04 11:45:00,143.909,143.934,143.847,143.892,910,0,0
2025-06-04 12:00:00,143.891,143.946,143.854,143.913,993,0,0
2025-06-04 12:15:00,143.913,143.979,143.893,143.956,869,0,0
2025-06-04 12:30:00,143.956,144.064,143.914,144.047,611,0,0
2025-06-04 12:45:00,144.047,144.108,144.023,144.094,801,0,0
2025-06-04 13:00:00,144.094,144.273,144.077,144.215,1239,0,0
2025-06-04 13:15:00,144.215,144.24,144.075,144.088,739,0,0
2025-06-04 13:30:00,144.088,144.235,144.052,144.227,764,0,0
2025-06-04 13:45:00,144.227,144.312,144.198,144.251,791,0,0
2025-06-04 14:00:00,144.252,144.263,144.171,144.192,806,0,0
2025-06-04 14:15:00,144.192,144.255,144.144,144.253,670,0,0
2025-06-04 14:30:00,144.252,144.3,144.23,144.292,789,0,0
2025-06-04 14:45:00,144.292,144.315,144.237,144.271,891,0,0
2025-06-04 15:00:00,144.271,144.274,144.176,144.272,952,0,0
2025-06-04 15:15:00,144.269,144.269,143.635,143.78,2618,0,0
2025-06-04 15:30:00,143.78,143.789,143.554,143.581,1798,0,0
2025-06-04 15:45:00,143.581,143.609,143.507,143.557,1703,0,0
2025-06-04 16:00:00,143.555,143.669,143.514,143.648,1479,0,0
2025-06-04 16:15:00,143.648,143.708,143.592,143.636,1257,0,0
2025-06-04 16:30:00,143.639,143.788,143.625,143.697,1493,0,0
2025-06-04 16:45:00,143.698,143.832,143.676,143.687,1664,0,0
2025-06-04 17:00:00,143.68,143.68,143.117,143.247,2802,0,0
2025-06-04 17:15:00,143.242,143.299,143.166,143.244,1866,0,0
2025-06-04 17:30:00,143.244,143.282,142.997,143.026,1763,0,0
2025-06-04 17:45:00,143.026,143.152,143.004,143.135,1754,0,0
2025-06-04 18:00:00,143.136,143.232,143.111,143.168,1322,0,0
2025-06-04 18:15:00,143.168,143.172,142.955,142.972,1674,0,0
2025-06-04 18:30:00,142.972,143.058,142.927,142.94,1297,0,0
2025-06-04 18:45:00,142.94,143.029,142.917,142.919,1327,0,0
2025-06-04 19:00:00,142.919,142.92,142.743,142.756,1146,0,0
2025-06-04 19:15:00,142.756,142.849,142.733,142.735,868,0,0
2025-06-04 19:30:00,142.736,142.746,142.682,142.706,663,0,0
2025-06-04 19:45:00,142.705,142.724,142.605,142.64,655,0,0
2025-06-04 20:00:00,142.641,142.698,142.631,142.687,724,0,0
2025-06-04 20:15:00,142.687,142.786,142.687,142.729,648,0,0
2025-06-04 20:30:00,142.729,142.73,142.636,142.708,567,0,0
2025-06-04 20:45:00,142.708,142.782,142.674,142.776,784,0,0
2025-06-04 21:00:00,142.776,142.83,142.714,142.723,686,0,0
2025-06-04 21:15:00,142.723,142.779,142.715,142.768,603,0,0
2025-06-04 21:30:00,142.768,142.828,142.752,142.82,420,0,0
2025-06-04 21:45:00,142.82,142.836,142.779,142.81,705,0,0
2025-06-04 22:00:00,142.81,142.843,142.789,142.827,386,0,0
2025-06-04 22:15:00,142.827,142.892,142.805,142.867,481,0,0
2025-06-04 22:30:00,142.866,142.928,142.851,142.916,436,0,0
2025-06-04 22:45:00,142.916,142.921,142.864,142.885,558,0,0
2025-06-04 23:00:00,142.885,142.898,142.835,142.859,320,0,0
2025-06-04 23:15:00,142.859,142.886,142.837,142.841,266,0,0
2025-06-04 23:30:00,142.841,142.852,142.767,142.777,377,0,0
2025-06-04 23:45:00,142.777,142.785,142.703,142.725,364,10,0
2025-06-05 00:00:00,142.742,142.742,142.69,142.694,36,66,0
2025-06-05 00:15:00,142.694,142.706,142.685,142.689,39,66,0
2025-06-05 00:30:00,142.689,142.799,142.689,142.782,104,66,0
2025-06-05 00:45:00,142.782,142.798,142.709,142.725,109,66,0
2025-06-05 01:00:00,142.725,142.826,142.713,142.807,176,0,0
2025-06-05 01:15:00,142.807,142.833,142.761,142.767,279,0,0
2025-06-05 01:30:00,142.767,142.788,142.733,142.738,169,0,0
2025-06-05 01:45:00,142.738,142.776,142.73,142.775,209,0,0
2025-06-05 02:00:00,142.775,142.792,142.749,142.76,321,0,0
2025-06-05 02:15:00,142.76,142.76,142.533,142.57,628,0,0
2025-06-05 02:30:00,142.57,142.709,142.57,142.704,481,0,0
2025-06-05 02:45:00,142.704,142.832,142.685,142.727,613,0,0
2025-06-05 03:00:00,142.727,142.851,142.635,142.636,1110,0,0
2025-06-05 03:15:00,142.636,142.776,142.614,142.648,1000,0,0
2025-06-05 03:30:00,142.648,142.84,142.638,142.76,1008,0,0
2025-06-05 03:45:00,142.76,142.761,142.619,142.665,1242,0,0
2025-06-05 04:00:00,142.667,142.759,142.571,142.737,1033,0,0
2025-06-05 04:15:00,142.737,142.89,142.725,142.83,1197,0,0
2025-06-05 04:30:00,142.83,142.974,142.813,142.93,828,0,0
2025-06-05 04:45:00,142.943,142.973,142.871,142.923,812,0,0
2025-06-05 05:00:00,142.923,142.934,142.818,142.878,801,0,0
2025-06-05 05:15:00,142.878,142.974,142.861,142.891,597,0,0
2025-06-05 05:30:00,142.891,142.95,142.823,142.912,625,0,0
2025-06-05 05:45:00,142.912,142.955,142.878,142.892,481,0,0
2025-06-05 06:00:00,142.892,142.909,142.816,142.888,581,0,0
2025-06-05 06:15:00,142.888,142.888,142.809,142.828,589,0,0
2025-06-05 06:30:00,142.828,142.915,142.705,142.809,889,0,0
2025-06-05 06:45:00,142.809,143.028,142.777,142.994,879,0,0
2025-06-05 07:00:00,142.994,143.046,142.903,142.944,852,0,0
2025-06-05 07:15:00,142.944,143.036,142.943,143.008,832,0,0
2025-06-05 07:30:00,143.008,143.077,142.94,142.951,729,0,0
2025-06-05 07:45:00,142.951,143.058,142.95,143.032,626,0,0
2025-06-05 08:00:00,143.032,143.067,143.011,143.032,652,0,0
2025-06-05 08:15:00,143.032,143.098,143.006,143.096,637,0,0
2025-06-05 08:30:00,143.095,143.151,143.074,143.136,680,0,0
2025-06-05 08:45:00,143.136,143.177,143.125,143.155,662,0,0
2025-06-05 09:00:00,143.155,143.176,143.031,143.088,943,0,0
2025-06-05 09:15:00,143.088,143.145,143.044,143.102,815,0,0
2025-06-05 09:30:00,143.102,143.208,143.065,143.203,1049,0,0
2025-06-05 09:45:00,143.203,143.242,143.14,143.232,1010,0,0
2025-06-05 10:00:00,143.233,143.256,143.108,143.171,1285,0,0
2025-06-05 10:15:00,143.171,143.175,143.075,143.135,967,0,0
2025-06-05 10:30:00,143.136,143.261,143.097,143.241,1047,0,0
2025-06-05 10:45:00,143.241,143.395,143.241,143.35,1062,0,0
2025-06-05 11:00:00,143.349,143.353,143.27,143.35,1102,0,0
2025-06-05 11:15:00,143.35,143.402,143.329,143.346,829,0,0
2025-06-05 11:30:00,143.346,143.378,143.298,143.318,996,0,0
2025-06-05 11:45:00,143.318,143.337,143.253,143.28,935,0,0
2025-06-05 12:00:00,143.28,143.301,143.183,143.187,1199,0,0
2025-06-05 12:15:00,143.187,143.225,143.137,143.137,929,0,0
2025-06-05 12:30:00,143.137,143.237,143.115,143.234,759,0,0
2025-06-05 12:45:00,143.234,143.247,143.176,143.22,843,0,0
2025-06-05 13:00:00,143.22,143.226,143.094,143.166,989,0,0
2025-06-05 13:15:00,143.167,143.179,143.072,143.087,748,0,0
2025-06-05 13:30:00,143.087,143.116,143.03,143.069,725,0,0
2025-06-05 13:45:00,143.069,143.147,143.059,143.134,755,0,0
2025-06-05 14:00:00,143.134,143.151,143.065,143.094,763,0,0
2025-06-05 14:15:00,143.094,143.231,143.066,143.207,1055,0,0
2025-06-05 14:30:00,143.207,143.325,143.207,143.285,915,0,0
2025-06-05 14:45:00,143.284,143.321,143.253,143.27,952,0,0
2025-06-05 15:00:00,143.272,143.298,143.242,143.261,1068,0,0
2025-06-05 15:15:00,143.261,143.32,143.147,143.195,1698,0,0
2025-06-05 15:30:00,143.195,143.195,142.777,142.949,2436,0,0
2025-06-05 15:45:00,142.951,143.692,142.925,143.377,2845,0,0
2025-06-05 16:00:00,143.37,143.531,143.223,143.239,2816,0,0
2025-06-05 16:15:00,143.236,143.3,143.026,143.086,2151,0,0
2025-06-05 16:30:00,143.084,143.144,142.927,142.982,2478,0,0
2025-06-05 16:45:00,142.983,143.059,142.899,143.028,2159,0,0
2025-06-05 17:00:00,143.028,143.271,143.027,143.168,2220,0,0
2025-06-05 17:15:00,143.167,143.336,143.1,143.28,1870,0,0
2025-06-05 17:30:00,143.279,143.541,143.124,143.329,2255,0,0
2025-06-05 17:45:00,143.326,143.509,143.297,143.457,2222,0,0
2025-06-05 18:00:00,143.459,143.68,143.453,143.647,1673,0,0
2025-06-05 18:15:00,143.646,143.728,143.554,143.671,1559,0,0
2025-06-05 18:30:00,143.671,143.902,143.67,143.882,1530,0,0
2025-06-05 18:45:00,143.882,143.974,143.832,143.865,1419,0,0
2025-06-05 19:00:00,143.864,143.974,143.85,143.868,1240,0,0
2025-06-05 19:15:00,143.868,143.889,143.753,143.769,1130,0,0
2025-06-05 19:30:00,143.762,143.786,143.69,143.7,669,0,0
2025-06-05 19:45:00,143.7,143.703,143.523,143.533,1383,0,0
2025-06-05 20:00:00,143.532,143.762,143.521,143.735,908,0,0
2025-06-05 20:15:00,143.735,143.767,143.708,143.749,694,0,0
2025-06-05 20:30:00,143.748,143.854,143.73,143.806,576,0,0
2025-06-05 20:45:00,143.806,143.812,143.672,143.682,671,0,0
2025-06-05 21:00:00,143.682,143.723,143.614,143.659,695,0,0
2025-06-05 21:15:00,143.659,143.678,143.573,143.667,714,0,0
2025-06-05 21:30:00,143.667,143.706,143.656,143.698,869,0,0
2025-06-05 21:45:00,143.698,143.759,143.574,143.632,891,0,0
2025-06-05 22:00:00,143.632,143.718,143.628,143.69,909,0,0
2025-06-05 22:15:00,143.689,143.698,143.472,143.597,1541,0,0
2025-06-05 22:30:00,143.597,143.765,143.597,143.743,1387,0,0
2025-06-05 22:45:00,143.743,143.768,143.646,143.69,1405,0,0
2025-06-05 23:00:00,143.69,143.782,143.573,143.583,677,0,0
2025-06-05 23:15:00,143.583,143.599,143.554,143.588,483,0,0
2025-06-05 23:30:00,143.588,143.589,143.515,143.583,668,0,0
2025-06-05 23:45:00,143.583,143.637,143.555,143.572,795,10,0
2025-06-06 00:00:00,143.496,143.582,143.385,143.466,130,70,0
2025-06-06 00:15:00,143.466,143.49,143.437,143.49,58,120,0
2025-06-06 00:30:00,143.49,143.492,143.43,143.462,80,120,0
2025-06-06 00:45:00,143.462,143.507,143.442,143.494,101,92,0
2025-06-06 01:00:00,143.494,143.526,143.458,143.464,353,0,0
2025-06-06 01:15:00,143.464,143.561,143.455,143.549,369,0,0
2025-06-06 01:30:00,143.549,143.551,143.508,143.516,201,0,0
2025-06-06 01:45:00,143.516,143.554,143.502,143.525,242,0,0
2025-06-06 02:00:00,143.525,143.584,143.498,143.527,294,0,0
2025-06-06 02:15:00,143.527,143.528,143.46,143.509,428,0,0
2025-06-06 02:30:00,143.507,143.546,143.473,143.534,300,0,0
2025-06-06 02:45:00,143.534,143.599,143.515,143.555,528,0,0
2025-06-06 03:00:00,143.556,143.644,143.53,143.614,1031,0,0
2025-06-06 03:15:00,143.614,143.65,143.582,143.639,760,0,0
2025-06-06 03:30:00,143.639,143.696,143.638,143.674,617,0,0
2025-06-06 03:45:00,143.673,143.751,143.63,143.724,982,0,0
2025-06-06 04:00:00,143.725,143.791,143.696,143.717,723,0,0
2025-06-06 04:15:00,143.717,143.759,143.625,143.645,664,0,0
2025-06-06 04:30:00,143.645,143.776,143.627,143.765,746,0,0
2025-06-06 04:45:00,143.765,143.782,143.656,143.67,902,0,0
2025-06-06 05:00:00,143.67,143.814,143.648,143.794,622,0,0
2025-06-06 05:15:00,143.794,143.89,143.754,143.835,768,0,0
2025-06-06 05:30:00,143.835,143.903,143.828,143.889,607,0,0
2025-06-06 05:45:00,143.889,143.896,143.815,143.84,624,0,0
2025-06-06 06:00:00,143.84,143.849,143.762,143.771,724,0,0
2025-06-06 06:15:00,143.771,143.779,143.716,143.778,700,0,0
2025-06-06 06:30:00,143.778,143.823,143.755,143.787,478,0,0
2025-06-06 06:45:00,143.782,143.786,143.731,143.762,340,0,0
2025-06-06 07:00:00,143.759,143.882,143.734,143.849,618,0,0
2025-06-06 07:15:00,143.849,143.853,143.809,143.819,602,0,0
2025-06-06 07:30:00,143.819,143.849,143.779,143.849,477,0,0
2025-06-06 07:45:00,143.849,143.866,143.789,143.839,379,0,0
2025-06-06 08:00:00,143.839,143.898,143.817,143.878,749,0,0
2025-06-06 08:15:00,143.878,143.964,143.847,143.943,616,0,0
2025-06-06 08:30:00,143.943,143.981,143.888,143.952,525,0,0
2025-06-06 08:45:00,143.952,143.959,143.865,143.87,601,0,0
2025-06-06 09:00:00,143.87,143.975,143.814,143.963,732,0,0
2025-06-06 09:15:00,143.963,144.064,143.926,144.005,1085,0,0
2025-06-06 09:30:00,144.005,144.134,144.003,144.089,910,0,0
2025-06-06 09:45:00,144.09,144.097,143.992,144.027,1057,0,0
2025-06-06 10:00:00,144.027,144.139,143.958,143.992,1084,0,0
2025-06-06 10:15:00,143.992,144.006,143.89,143.961,1188,0,0
2025-06-06 10:30:00,143.961,143.982,143.863,143.875,1076,0,0
2025-06-06 10:45:00,143.875,143.932,143.804,143.909,1014,0,0
2025-06-06 11:00:00,143.909,143.967,143.906,143.928,918,0,0
2025-06-06 11:15:00,143.928,143.953,143.881,143.936,773,0,0
2025-06-06 11:30:00,143.935,144.024,143.908,143.975,835,0,0
2025-06-06 11:45:00,143.975,144.07,143.975,144.06,760,0,0
2025-06-06 12:00:00,144.057,144.151,144.056,144.135,829,0,0
2025-06-06 12:15:00,144.135,144.147,144.098,144.119,860,0,0
2025-06-06 12:30:00,144.121,144.151,144.003,144.014,934,0,0
2025-06-06 12:45:00,144.014,144.194,144.014,144.163,1089,0,0
2025-06-06 13:00:00,144.164,144.164,144.074,144.097,790,0,0
2025-06-06 13:15:00,144.097,144.143,144.04,144.086,850,0,0
2025-06-06 13:30:00,144.085,144.094,144.024,144.068,776,0,0
2025-06-06 13:45:00,144.068,144.106,144.048,144.085,583,0,0
2025-06-06 14:00:00,144.085,144.15,144.055,144.135,751,0,0
2025-06-06 14:15:00,144.135,144.189,144.118,144.159,707,0,0
2025-06-06 14:30:00,144.159,144.184,144.076,144.141,960,0,0
2025-06-06 14:45:00,144.141,144.184,144.124,144.157,1107,0,0
2025-06-06 15:00:00,144.157,144.335,144.14,144.305,1137,0,0
2025-06-06 15:15:00,144.305,144.314,144.206,144.235,1266,0,0
2025-06-06 15:30:00,144.235,144.742,144.085,144.513,3501,0,0
2025-06-06 15:45:00,144.515,144.624,144.425,144.624,2668,0,0
2025-06-06 16:00:00,144.624,144.779,144.556,144.641,2329,0,0
2025-06-06 16:15:00,144.64,144.897,144.587,144.87,2103,0,0
2025-06-06 16:30:00,144.87,144.964,144.743,144.941,2620,0,0
2025-06-06 16:45:00,144.941,144.975,144.81,144.911,2352,0,0
2025-06-06 17:00:00,144.908,144.985,144.803,144.846,2357,0,0
2025-06-06 17:15:00,144.844,144.945,144.618,144.669,2249,0,0
2025-06-06 17:30:00,144.669,144.839,144.658,144.828,1792,0,0
2025-06-06 17:45:00,144.828,145.024,144.827,144.901,2039,0,0
2025-06-06 18:00:00,144.899,145.089,144.888,145.061,1726,0,0
2025-06-06 18:15:00,145.061,145.066,144.865,144.891,1824,0,0
2025-06-06 18:30:00,144.891,144.919,144.764,144.807,1523,0,0
2025-06-06 18:45:00,144.807,144.883,144.785,144.88,1191,0,0
2025-06-06 19:00:00,144.88,144.923,144.84,144.921,1090,0,0
2025-06-06 19:15:00,144.921,144.931,144.819,144.931,1128,0,0
2025-06-06 19:30:00,144.928,144.983,144.895,144.911,1177,0,0
2025-06-06 19:45:00,144.911,144.968,144.88,144.967,1290,0,0
2025-06-06 20:00:00,144.967,144.97,144.839,144.87,957,0,0
2025-06-06 20:15:00,144.87,144.915,144.849,144.894,821,0,0
2025-06-06 20:30:00,144.895,144.967,144.881,144.942,812,0,0
2025-06-06 20:45:00,144.942,144.95,144.829,144.869,453,0,0
2025-06-06 21:00:00,144.869,144.908,144.837,144.891,759,0,0
2025-06-06 21:15:00,144.891,144.904,144.837,144.858,713,0,0
2025-06-06 21:30:00,144.858,144.896,144.813,144.849,883,0,0
2025-06-06 21:45:00,144.849,144.88,144.837,144.85,590,0,0
2025-06-06 22:00:00,144.85,144.85,144.784,144.795,581,0,0
2025-06-06 22:15:00,144.795,144.833,144.774,144.825,593,0,0
2025-06-06 22:30:00,144.825,144.838,144.79,144.795,508,0,0
2025-06-06 22:45:00,144.795,144.827,144.772,144.788,614,0,0
2025-06-06 23:00:00,144.788,144.827,144.782,144.825,363,0,0
2025-06-06 23:15:00,144.825,144.829,144.801,144.81,292,0,0
2025-06-06 23:30:00,144.81,144.871,144.808,144.857,201,0,0
2025-06-06 23:45:00,144.857,144.885,144.842,144.855,223,0,0
2025-06-09 00:00:00,144.8,144.816,144.749,144.775,40,66,0
2025-06-09 00:15:00,144.775,144.782,144.75,144.769,71,66,0
2025-06-09 00:30:00,144.769,144.77,144.755,144.763,80,66,0
2025-06-09 00:45:00,144.763,144.763,144.737,144.741,73,66,0
2025-06-09 01:00:00,144.741,144.782,144.701,144.717,275,0,0
2025-06-09 01:15:00,144.717,144.719,144.699,144.708,208,0,0
2025-06-09 01:30:00,144.708,144.708,144.648,144.684,251,0,0
2025-06-09 01:45:00,144.684,144.731,144.684,144.694,189,0,0
2025-06-09 02:00:00,144.694,144.697,144.61,144.634,375,0,0
2025-06-09 02:15:00,144.634,144.688,144.631,144.634,325,0,0
2025-06-09 02:30:00,144.634,144.718,144.603,144.716,257,0,0
2025-06-09 02:45:00,144.716,144.747,144.675,144.694,426,0,0
2025-06-09 03:00:00,144.694,144.696,144.581,144.665,759,0,0
2025-06-09 03:15:00,144.665,144.826,144.665,144.806,747,0,0
2025-06-09 03:30:00,144.803,144.803,144.644,144.773,752,0,0
2025-06-09 03:45:00,144.774,144.948,144.761,144.938,1044,0,0
2025-06-09 04:00:00,144.938,144.941,144.725,144.742,795,0,0
2025-06-09 04:15:00,144.742,144.783,144.57,144.638,693,0,0
2025-06-09 04:30:00,144.638,144.686,144.552,144.573,728,0,0
2025-06-09 04:45:00,144.573,144.574,144.477,144.544,796,0,0
2025-06-09 05:00:00,144.544,144.571,144.392,144.416,899,0,0
2025-06-09 05:15:00,144.416,144.484,144.351,144.393,631,0,0
2025-06-09 05:30:00,144.393,144.47,144.375,144.447,452,0,0
2025-06-09 05:45:00,144.447,144.508,144.414,144.501,541,0,0
2025-06-09 06:00:00,144.501,144.503,144.363,144.365,504,0,0
2025-06-09 06:15:00,144.365,144.473,144.354,144.457,375,0,0
2025-06-09 06:30:00,144.457,144.513,144.447,144.5,483,0,0
2025-06-09 06:45:00,144.5,144.508,144.437,144.496,429,0,0
2025-06-09 07:00:00,144.496,144.499,144.417,144.446,517,0,0
2025-06-09 07:15:00,144.446,144.459,144.394,144.425,311,0,0
2025-06-09 07:30:00,144.425,144.47,144.382,144.419,406,0,0
2025-06-09 07:45:00,144.419,144.444,144.351,144.383,486,0,0
2025-06-09 08:00:00,144.384,144.411,144.349,144.383,402,0,0
2025-06-09 08:15:00,144.383,144.495,144.382,144.468,497,0,0
2025-06-09 08:30:00,144.468,144.497,144.382,144.424,571,0,0
2025-06-09 08:45:00,144.424,144.455,144.369,144.414,528,0,0
2025-06-09 09:00:00,144.414,144.465,144.334,144.355,695,0,0
2025-06-09 09:15:00,144.355,144.365,144.256,144.288,629,0,0
2025-06-09 09:30:00,144.288,144.299,144.235,144.272,672,0,0
2025-06-09 09:45:00,144.272,144.276,144.201,144.212,879,0,0
2025-06-09 10:00:00,144.212,144.299,144.202,144.228,887,0,0
2025-06-09 10:15:00,144.227,144.319,144.184,144.228,881,0,0
2025-06-09 10:30:00,144.228,144.253,144.128,144.149,998,0,0
2025-06-09 10:45:00,144.149,144.161,144.104,144.149,1046,0,0
2025-06-09 11:00:00,144.149,144.178,144.055,144.107,1272,0,0
2025-06-09 11:15:00,144.106,144.158,144.072,144.073,977,0,0
2025-06-09 11:30:00,144.073,144.09,144.038,144.062,887,0,0
2025-06-09 11:45:00,144.063,144.176,144.044,144.156,778,0,0
2025-06-09 12:00:00,144.155,144.169,143.977,143.983,1081,0,0
2025-06-09 12:15:00,143.983,144.072,143.976,144.052,752,0,0
2025-06-09 12:30:00,144.052,144.093,144.003,144.032,702,0,0
2025-06-09 12:45:00,144.032,144.137,144.006,144.106,689,0,0
2025-06-09 13:00:00,144.106,144.147,144.034,144.043,640,0,0
2025-06-09 13:15:00,144.043,144.095,144.036,144.064,583,0,0
2025-06-09 13:30:00,144.064,144.137,144.061,144.125,606,0,0
2025-06-09 13:45:00,144.125,144.189,144.108,144.174,677,0,0
2025-06-09 14:00:00,144.174,144.276,144.159,144.254,746,0,0
2025-06-09 14:15:00,144.254,144.334,144.254,144.323,961,0,0
2025-06-09 14:30:00,144.323,144.464,144.302,144.448,1197,0,0
2025-06-09 14:45:00,144.448,144.529,144.421,144.491,1273,0,0
2025-06-09 15:00:00,144.49,144.552,144.435,144.519,1281,0,0
2025-06-09 15:15:00,144.519,144.56,144.466,144.516,1158,0,0
2025-06-09 15:30:00,144.516,144.567,144.455,144.56,1001,0,0
2025-06-09 15:45:00,144.56,144.694,144.56,144.635,1076,0,0
2025-06-09 16:00:00,144.635,144.747,144.604,144.708,1160,0,0
2025-06-09 16:15:00,144.708,144.773,144.683,144.707,1039,0,0
2025-06-09 16:30:00,144.705,144.729,144.594,144.716,1690,0,0
2025-06-09 16:45:00,144.716,144.728,144.611,144.667,1394,0,0
2025-06-09 17:00:00,144.667,144.697,144.551,144.561,1443,0,0
2025-06-09 17:15:00,144.561,144.627,144.536,144.611,1199,0,0
2025-06-09 17:30:00,144.611,144.753,144.571,144.607,1557,0,0
2025-06-09 17:45:00,144.606,144.625,144.559,144.616,1315,0,0
2025-06-09 18:00:00,144.616,144.622,144.502,144.51,1257,0,0
2025-06-09 18:15:00,144.512,144.528,144.415,144.417,1003,0,0
2025-06-09 18:30:00,144.417,144.461,144.368,144.417,871,0,0
2025-06-09 18:45:00,144.416,144.417,144.347,144.374,868,0,0
2025-06-09 19:00:00,144.374,144.459,144.366,144.457,666,0,0
2025-06-09 19:15:00,144.457,144.461,144.388,144.396,614,0,0
2025-06-09 19:30:00,144.396,144.451,144.393,144.409,488,0,0
2025-06-09 19:45:00,144.409,144.421,144.367,144.398,472,0,0
2025-06-09 20:00:00,144.4,144.47,144.397,144.432,604,0,0
2025-06-09 20:15:00,144.432,144.44,144.407,144.427,518,0,0
2025-06-09 20:30:00,144.427,144.463,144.397,144.401,399,0,0
2025-06-09 20:45:00,144.401,144.472,144.401,144.461,318,0,0
2025-06-09 21:00:00,144.461,144.492,144.424,144.445,468,0,0
2025-06-09 21:15:00,144.445,144.474,144.412,144.412,562,0,0
2025-06-09 21:30:00,144.412,144.475,144.391,144.467,719,0,0
2025-06-09 21:45:00,144.467,144.567,144.467,144.556,621,0,0
2025-06-09 22:00:00,144.556,144.558,144.518,144.524,346,0,0
2025-06-09 22:15:00,144.524,144.563,144.504,144.561,319,0,0
2025-06-09 22:30:00,144.561,144.6,144.549,144.554,464,0,0
2025-06-09 22:45:00,144.554,144.591,144.526,144.565,555,0,0
2025-06-09 23:00:00,144.565,144.6,144.556,144.572,376,0,0
2025-06-09 23:15:00,144.572,144.593,144.571,144.578,257,0,0
2025-06-09 23:30:00,144.578,144.639,144.578,144.62,242,0,0
2025-06-09 23:45:00,144.62,144.624,144.581,144.59,159,10,0
2025-06-10 00:00:00,144.562,144.562,144.481,144.484,111,70,0
2025-06-10 00:15:00,144.482,144.514,144.482,144.514,109,120,0
2025-06-10 00:30:00,144.514,144.527,144.488,144.491,265,96,0
2025-06-10 00:45:00,144.491,144.503,144.486,144.502,54,120,0
2025-06-10 01:00:00,144.502,144.625,144.487,144.607,197,0,0
2025-06-10 01:15:00,144.607,144.631,144.596,144.616,177,0,0
2025-06-10 01:30:00,144.616,144.652,144.607,144.652,251,0,0
2025-06-10 01:45:00,144.652,144.653,144.601,144.602,147,0,0
2025-06-10 02:00:00,144.602,144.652,144.595,144.638,155,0,0
2025-06-10 02:15:00,144.638,144.638,144.501,144.532,419,0,0
2025-06-10 02:30:00,144.532,144.594,144.532,144.591,253,0,0
2025-06-10 02:45:00,144.591,144.617,144.525,144.562,243,0,0
2025-06-10 03:00:00,144.565,144.64,144.457,144.47,740,0,0
2025-06-10 03:15:00,144.47,144.475,144.403,144.409,782,0,0
2025-06-10 03:30:00,144.408,144.6,144.403,144.587,754,0,0
2025-06-10 03:45:00,144.587,144.656,144.517,144.523,1105,0,0
2025-06-10 04:00:00,144.523,144.621,144.43,144.569,895,0,0
2025-06-10 04:15:00,144.569,144.757,144.52,144.712,1043,0,0
2025-06-10 04:30:00,144.713,144.913,144.679,144.853,1248,0,0
2025-06-10 04:45:00,144.854,145.057,144.844,145.014,1262,0,0
2025-06-10 05:00:00,145.012,145.293,145.012,145.182,1469,0,0
2025-06-10 05:15:00,145.182,145.221,145.086,145.17,974,0,0
2025-06-10 05:30:00,145.17,145.201,144.972,145.033,820,0,0
2025-06-10 05:45:00,145.033,145.033,144.899,144.935,657,0,0
2025-06-10 06:00:00,144.935,144.988,144.854,144.858,780,0,0
2025-06-10 06:15:00,144.858,144.897,144.818,144.828,655,0,0
2025-06-10 06:30:00,144.828,144.906,144.783,144.864,734,0,0
2025-06-10 06:45:00,144.864,144.9,144.818,144.829,581,0,0
2025-06-10 07:00:00,144.829,144.905,144.814,144.886,777,0,0
2025-06-10 07:15:00,144.886,144.95,144.868,144.935,591,0,0
2025-06-10 07:30:00,144.935,144.953,144.86,144.9,656,0,0
2025-06-10 07:45:00,144.9,144.946,144.868,144.937,635,0,0
2025-06-10 08:00:00,144.937,144.944,144.842,144.857,521,0,0
2025-06-10 08:15:00,144.857,144.858,144.595,144.64,1529,0,0
2025-06-10 08:30:00,144.639,144.665,144.449,144.614,1734,0,0
2025-06-10 08:45:00,144.614,144.631,144.518,144.558,1211,0,0
2025-06-10 09:00:00,144.558,144.635,144.445,144.471,1436,0,0
2025-06-10 09:15:00,144.471,144.556,144.457,144.527,1097,0,0
2025-06-10 09:30:00,144.53,144.546,144.426,144.485,1212,0,0
2025-06-10 09:45:00,144.486,144.659,144.462,144.592,1241,0,0
2025-06-10 10:00:00,144.592,144.789,144.542,144.775,1622,0,0
2025-06-10 10:15:00,144.775,144.833,144.733,144.744,1191,0,0
2025-06-10 10:30:00,144.744,144.806,144.684,144.695,1247,0,0
2025-06-10 10:45:00,144.696,144.752,144.659,144.744,1442,0,0
2025-06-10 11:00:00,144.744,144.746,144.564,144.582,1237,0,0
2025-06-10 11:15:00,144.582,144.716,144.575,144.684,1084,0,0
2025-06-10 11:30:00,144.684,144.711,144.627,144.65,966,0,0
2025-06-10 11:45:00,144.65,144.677,144.626,144.649,854,0,0
2025-06-10 12:00:00,144.649,144.704,144.622,144.649,848,0,0
2025-06-10 12:15:00,144.645,144.772,144.625,144.754,565,0,0
2025-06-10 12:30:00,144.754,144.774,144.685,144.703,910,0,0
2025-06-10 12:45:00,144.703,144.755,144.65,144.681,986,0,0
2025-06-10 13:00:00,144.681,144.738,144.67,144.682,950,0,0
2025-06-10 13:15:00,144.682,144.729,144.624,144.634,833,0,0
2025-06-10 13:30:00,144.634,144.667,144.605,144.621,836,0,0
2025-06-10 13:45:00,144.622,144.641,144.592,144.606,747,0,0
2025-06-10 14:00:00,144.606,144.621,144.519,144.522,771,0,0
2025-06-10 14:15:00,144.522,144.542,144.483,144.515,722,0,0
2025-06-10 14:30:00,144.515,144.569,144.494,144.531,987,0,0
2025-06-10 14:45:00,144.531,144.591,144.508,144.586,838,0,0
2025-06-10 15:00:00,144.586,144.602,144.458,144.569,1186,0,0
2025-06-10 15:15:00,144.569,144.611,144.556,144.583,854,0,0
2025-06-10 15:30:00,144.583,144.609,144.5,144.574,909,0,0
2025-06-10 15:45:00,144.574,144.647,144.511,144.641,813,0,0
2025-06-10 16:00:00,144.641,144.678,144.539,144.576,1231,0,0
2025-06-10 16:15:00,144.576,144.583,144.442,144.445,1071,0,0
2025-06-10 16:30:00,144.445,144.571,144.445,144.514,1736,0,0
2025-06-10 16:45:00,144.514,144.595,144.467,144.532,1479,0,0
2025-06-10 17:00:00,144.532,144.713,144.517,144.703,1375,0,0
2025-06-10 17:15:00,144.702,144.753,144.675,144.74,1124,0,0
2025-06-10 17:30:00,144.741,144.785,144.679,144.722,942,0,0
2025-06-10 17:45:00,144.722,144.836,144.722,144.803,1196,0,0
2025-06-10 18:00:00,144.801,144.861,144.795,144.82,1159,0,0
2025-06-10 18:15:00,144.82,144.949,144.82,144.933,1155,0,0
2025-06-10 18:30:00,144.933,144.948,144.794,144.916,1678,0,0
2025-06-10 18:45:00,144.92,144.948,144.904,144.915,1083,0,0
2025-06-10 19:00:00,144.914,144.99,144.875,144.945,897,0,0
2025-06-10 19:15:00,144.945,145.002,144.942,144.992,672,0,0
2025-06-10 19:30:00,144.992,145.044,144.953,144.961,525,0,0
2025-06-10 19:45:00,144.961,145.005,144.945,144.972,541,0,0
2025-06-10 20:00:00,144.972,145.006,144.959,144.995,576,0,0
2025-06-10 20:15:00,144.994,145.025,144.981,144.993,452,0,0
2025-06-10 20:30:00,144.993,145.002,144.928,144.93,537,0,0
2025-06-10 20:45:00,144.93,144.951,144.916,144.937,347,0,0
2025-06-10 21:00:00,144.937,144.975,144.898,144.973,685,0,0
2025-06-10 21:15:00,144.973,145.021,144.955,144.964,590,0,0
2025-06-10 21:30:00,144.964,144.964,144.909,144.918,512,0,0
2025-06-10 21:45:00,144.918,144.985,144.908,144.96,458,0,0
2025-06-10 22:00:00,144.96,145.035,144.929,144.931,509,0,0
2025-06-10 22:15:00,144.931,144.936,144.846,144.891,427,0,0
2025-06-10 22:30:00,144.891,144.907,144.789,144.802,604,0,0
2025-06-10 22:45:00,144.802,144.918,144.784,144.906,737,0,0
2025-06-10 23:00:00,144.906,144.932,144.858,144.865,492,0,0
2025-06-10 23:15:00,144.865,144.924,144.86,144.887,288,0,0
2025-06-10 23:30:00,144.887,144.923,144.874,144.9,314,0,0
2025-06-10 23:45:00,144.9,144.91,144.884,144.891,310,10,0
2025-06-11 00:00:00,144.825,144.828,144.783,144.788,292,70,0
2025-06-11 00:15:00,144.788,144.807,144.786,144.807,248,109,0
2025-06-11 00:30:00,144.807,144.839,144.807,144.822,267,66,0
2025-06-11 00:45:00,144.822,144.827,144.8,144.809,434,66,0
2025-06-11 01:00:00,144.809,144.906,144.807,144.879,168,0,0
2025-06-11 01:15:00,144.879,144.88,144.856,144.873,227,0,0
2025-06-11 01:30:00,144.873,144.916,144.866,144.9,233,0,0
2025-06-11 01:45:00,144.9,144.967,144.886,144.966,288,0,0
2025-06-11 02:00:00,144.966,145.086,144.822,144.948,940,0,0
2025-06-11 02:15:00,144.948,145.165,144.931,144.969,984,0,0
2025-06-11 02:30:00,144.969,144.994,144.825,144.83,765,0,0
2025-06-11 02:45:00,144.83,144.876,144.798,144.845,732,0,0
2025-06-11 03:00:00,144.845,144.966,144.814,144.913,1155,0,0
2025-06-11 03:15:00,144.913,144.915,144.654,144.81,1311,0,0
2025-06-11 03:30:00,144.81,144.866,144.727,144.821,1027,0,0
2025-06-11 03:45:00,144.822,144.926,144.743,144.926,1140,0,0
2025-06-11 04:00:00,144.926,144.988,144.846,144.962,986,0,0
2025-06-11 04:15:00,144.962,144.967,144.845,144.855,680,0,0
2025-06-11 04:30:00,144.855,144.95,144.845,144.918,823,0,0
2025-06-11 04:45:00,144.918,145.037,144.912,145.007,949,0,0
2025-06-11 05:00:00,145.005,145.151,145.004,145.084,961,0,0
2025-06-11 05:15:00,145.085,145.106,144.992,145.02,806,0,0
2025-06-11 05:30:00,145.02,145.022,144.851,144.895,681,0,0
2025-06-11 05:45:00,144.895,144.977,144.874,144.95,567,0,0
2025-06-11 06:00:00,144.95,144.99,144.935,144.97,517,0,0
2025-06-11 06:15:00,144.97,145.055,144.925,145.048,458,0,0
2025-06-11 06:30:00,145.048,145.063,144.93,144.956,565,0,0
2025-06-11 06:45:00,144.956,145.032,144.951,145.008,417,0,0
2025-06-11 07:00:00,145.008,145.073,144.986,144.99,601,0,0
2025-06-11 07:15:00,144.99,145.059,144.89,144.987,554,0,0
2025-06-11 07:30:00,144.987,145.053,144.968,144.979,475,0,0
2025-06-11 07:45:00,144.979,145.049,144.963,145.036,364,0,0
2025-06-11 08:00:00,145.036,145.101,145.011,145.092,660,0,0
2025-06-11 08:15:00,145.092,145.143,145.042,145.062,718,0,0
2025-06-11 08:30:00,145.062,145.086,145.004,145.048,710,0,0
2025-06-11 08:45:00,145.048,145.085,144.978,144.984,781,0,0
2025-06-11 09:00:00,144.984,145.129,144.968,145.109,719,0,0
2025-06-11 09:15:00,145.109,145.246,145.093,145.223,1070,0,0
2025-06-11 09:30:00,145.223,145.227,145.077,145.082,994,0,0
2025-06-11 09:45:00,145.082,145.148,145.061,145.129,707,0,0
2025-06-11 10:00:00,145.129,145.2,145.09,145.17,975,0,0
2025-06-11 10:15:00,145.17,145.242,145.156,145.169,922,0,0
2025-06-11 10:30:00,145.169,145.191,145.124,145.134,998,0,0
2025-06-11 10:45:00,145.134,145.147,145.084,145.121,1031,0,0
2025-06-11 11:00:00,145.121,145.148,145.038,145.073,914,0,0
2025-06-11 11:15:00,145.073,145.101,145.052,145.063,822,0,0
2025-06-11 11:30:00,145.063,145.093,145.003,145.035,840,0,0
2025-06-11 11:45:00,145.031,145.088,145.025,145.068,767,0,0
2025-06-11 12:00:00,145.068,145.082,144.956,144.957,1052,0,0
2025-06-11 12:15:00,144.957,145.033,144.923,144.981,861,0,0
2025-06-11 12:30:00,144.981,145.028,144.945,145.02,921,0,0
2025-06-11 12:45:00,145.02,145.097,145.02,145.084,823,0,0
2025-06-11 13:00:00,145.083,145.086,145.048,145.067,840,0,0
2025-06-11 13:15:00,145.067,145.12,145.053,145.116,747,0,0
2025-06-11 13:30:00,145.116,145.167,145.116,145.137,760,0,0
2025-06-11 13:45:00,145.138,145.159,145.087,145.14,757,0,0
2025-06-11 14:00:00,145.14,145.167,145.112,145.152,766,0,0
2025-06-11 14:15:00,145.152,145.224,145.115,145.198,981,0,0
2025-06-11 14:30:00,145.198,145.228,145.177,145.228,891,0,0
2025-06-11 14:45:00,145.228,145.336,145.227,145.283,1048,0,0
2025-06-11 15:00:00,145.283,145.468,145.158,145.315,2046,0,0
2025-06-11 15:15:00,145.314,145.314,145.188,145.228,1481,0,0
2025-06-11 15:30:00,145.226,145.226,144.327,144.509,3158,0,0
2025-06-11 15:45:00,144.506,144.732,144.448,144.731,2306,0,0
2025-06-11 16:00:00,144.731,144.823,144.615,144.615,2097,0,0
2025-06-11 16:15:00,144.615,144.931,144.612,144.931,1662,0,0
2025-06-11 16:30:00,144.931,145.127,144.907,145.113,1854,0,0
2025-06-11 16:45:00,145.113,145.186,144.954,145.05,1888,0,0
2025-06-11 17:00:00,145.05,145.088,144.834,144.977,1852,0,0
2025-06-11 17:15:00,144.977,144.986,144.806,144.884,1516,0,0
2025-06-11 17:30:00,144.885,144.957,144.767,144.769,1472,0,0
2025-06-11 17:45:00,144.769,144.825,144.736,144.805,1263,0,0
2025-06-11 18:00:00,144.805,144.846,144.672,144.749,1394,0,0
2025-06-11 18:15:00,144.749,144.781,144.63,144.643,1019,0,0
2025-06-11 18:30:00,144.649,144.661,144.562,144.575,1179,0,0
2025-06-11 18:45:00,144.575,144.653,144.466,144.488,1152,0,0
2025-06-11 19:00:00,144.488,144.581,144.44,144.57,995,0,0
2025-06-11 19:15:00,144.57,144.576,144.492,144.492,818,0,0
2025-06-11 19:30:00,144.492,144.598,144.486,144.585,778,0,0
2025-06-11 19:45:00,144.585,144.63,144.578,144.62,611,0,0
2025-06-11 20:00:00,144.62,144.641,144.535,144.539,823,0,0
2025-06-11 20:15:00,144.539,144.584,144.528,144.579,599,0,0
2025-06-11 20:30:00,144.58,144.653,144.536,144.548,673,0,0
2025-06-11 20:45:00,144.548,144.579,144.516,144.528,657,0,0
2025-06-11 21:00:00,144.525,144.525,144.329,144.35,1083,0,0
2025-06-11 21:15:00,144.35,144.466,144.331,144.449,1349,0,0
2025-06-11 21:30:00,144.449,144.535,144.383,144.519,1076,0,0
2025-06-11 21:45:00,144.519,144.544,144.452,144.509,671,0,0
2025-06-11 22:00:00,144.509,144.603,144.499,144.558,720,0,0
2025-06-11 22:15:00,144.558,144.642,144.511,144.62,585,0,0
2025-06-11 22:30:00,144.619,144.638,144.524,144.553,710,0,0
2025-06-11 22:45:00,144.553,144.648,144.553,144.633,641,0,0
2025-06-11 23:00:00,144.632,144.692,144.618,144.635,503,0,0
2025-06-11 23:15:00,144.635,144.639,144.571,144.587,437,0,0
2025-06-11 23:30:00,144.587,144.616,144.561,144.599,501,0,0
2025-06-11 23:45:00,144.599,144.611,144.556,144.592,372,10,0
2025-06-12 00:00:00,144.54,144.54,144.445,144.461,146,66,0
2025-06-12 00:15:00,144.461,144.52,144.455,144.52,144,66,0
2025-06-12 00:30:00,144.52,144.523,144.475,144.479,61,66,0
2025-06-12 00:45:00,144.479,144.534,144.474,144.505,151,66,0
2025-06-12 01:00:00,144.505,144.537,144.374,144.421,272,0,0
2025-06-12 01:15:00,144.421,144.448,144.378,144.396,248,0,0
2025-06-12 01:30:00,144.396,144.433,144.384,144.401,311,0,0
2025-06-12 01:45:00,144.401,144.425,144.2,144.258,636,0,0
2025-06-12 02:00:00,144.258,144.296,144.117,144.218,713,0,0
2025-06-12 02:15:00,144.218,144.285,144.189,144.242,509,0,0
2025-06-12 02:30:00,144.242,144.319,144.189,144.206,619,0,0
2025-06-12 02:45:00,144.206,144.255,144.155,144.183,615,0,0
2025-06-12 03:00:00,144.184,144.349,144.104,144.317,1107,0,0
2025-06-12 03:15:00,144.317,144.339,144.099,144.112,1158,0,0
2025-06-12 03:30:00,144.112,144.205,144.057,144.086,1267,0,0
2025-06-12 03:45:00,144.086,144.092,143.959,144.044,1526,0,0
2025-06-12 04:00:00,144.044,144.101,143.899,143.93,1134,0,0
2025-06-12 04:15:00,143.93,143.93,143.783,143.833,1465,0,0
2025-06-12 04:30:00,143.833,143.943,143.725,143.892,1317,0,0
2025-06-12 04:45:00,143.892,143.983,143.83,143.983,1035,0,0
2025-06-12 05:00:00,143.983,144.119,143.976,144.07,993,0,0
2025-06-12 05:15:00,144.07,144.082,143.947,143.947,942,0,0
2025-06-12 05:30:00,143.947,144.01,143.91,144.005,744,0,0
2025-06-12 05:45:00,144.005,144.091,143.954,143.956,779,0,0
2025-06-12 06:00:00,143.956,143.991,143.919,143.936,529,0,0
2025-06-12 06:15:00,143.945,144.056,143.925,143.941,748,0,0
2025-06-12 06:30:00,143.941,143.962,143.839,143.91,606,0,0
2025-06-12 06:45:00,143.91,143.91,143.856,143.895,534,0,0
2025-06-12 07:00:00,143.896,144.049,143.89,144.025,770,0,0
2025-06-12 07:15:00,144.025,144.039,143.991,144.019,544,0,0
2025-06-12 07:30:00,144.018,144.043,143.941,143.951,509,0,0
2025-06-12 07:45:00,143.951,143.984,143.912,143.949,577,0,0
2025-06-12 08:00:00,143.949,143.986,143.924,143.974,604,0,0
2025-06-12 08:15:00,143.974,143.981,143.847,143.883,586,0,0
2025-06-12 08:30:00,143.883,143.889,143.777,143.778,635,0,0
2025-06-12 08:45:00,143.779,143.808,143.677,143.733,856,0,0
2025-06-12 09:00:00,143.731,143.855,143.685,143.845,1176,0,0
2025-06-12 09:15:00,143.846,143.925,143.73,143.737,1014,0,0
2025-06-12 09:30:00,143.737,143.816,143.635,143.814,1144,0,0
2025-06-12 09:45:00,143.814,143.863,143.694,143.736,1131,0,0
2025-06-12 10:00:00,143.736,143.926,143.736,143.915,1346,0,0
2025-06-12 10:15:00,143.915,144.071,143.904,144.026,1018,0,0
2025-06-12 10:30:00,144.026,144.137,143.939,144.106,1318,0,0
2025-06-12 10:45:00,144.106,144.139,143.85,143.881,1494,0,0
2025-06-12 11:00:00,143.882,143.929,143.783,143.851,1381,0,0
2025-06-12 11:15:00,143.851,143.872,143.781,143.83,1318,0,0
2025-06-12 11:30:00,143.83,143.944,143.81,143.839,1286,0,0
2025-06-12 11:45:00,143.838,143.843,143.755,143.797,1182,0,0
2025-06-12 12:00:00,143.797,143.875,143.686,143.71,1094,0,0
2025-06-12 12:15:00,143.71,143.797,143.703,143.765,950,0,0
2025-06-12 12:30:00,143.765,143.784,143.695,143.782,749,0,0
2025-06-12 12:45:00,143.782,143.801,143.566,143.7,1202,0,0
2025-06-12 13:00:00,143.7,143.755,143.658,143.698,1254,0,0
2025-06-12 13:15:00,143.698,143.703,143.524,143.527,1222,0,0
2025-06-12 13:30:00,143.527,143.592,143.498,143.575,1180,0,0
2025-06-12 13:45:00,143.575,143.603,143.452,143.549,1086,0,0
2025-06-12 14:00:00,143.549,143.549,143.404,143.52,1058,0,0
2025-06-12 14:15:00,143.52,143.612,143.479,143.606,861,0,0
2025-06-12 14:30:00,143.606,143.769,143.547,143.718,1062,0,0
2025-06-12 14:45:00,143.718,143.787,143.607,143.617,1104,0,0
2025-06-12 15:00:00,143.617,143.743,143.609,143.725,1411,0,0
2025-06-12 15:15:00,143.725,143.726,143.567,143.599,1234,0,0
2025-06-12 15:30:00,143.56,143.593,143.186,143.203,2483,0,0
2025-06-12 15:45:00,143.208,143.359,143.208,143.289,1902,0,0
2025-06-12 16:00:00,143.29,143.418,143.2,143.411,1848,0,0
2025-06-12 16:15:00,143.411,143.495,143.389,143.421,1325,0,0
2025-06-12 16:30:00,143.424,143.459,143.205,143.232,2020,0,0
2025-06-12 16:45:00,143.231,143.522,143.231,143.465,1921,0,0
2025-06-12 17:00:00,143.465,143.593,143.429,143.53,1802,0,0
2025-06-12 17:15:00,143.53,143.696,143.526,143.641,1675,0,0
2025-06-12 17:30:00,143.64,143.746,143.615,143.634,1374,0,0
2025-06-12 17:45:00,143.633,143.756,143.578,143.736,1429,0,0
2025-06-12 18:00:00,143.735,143.884,143.733,143.849,1625,0,0
2025-06-12 18:15:00,143.849,143.905,143.648,143.728,2132,0,0
2025-06-12 18:30:00,143.728,143.765,143.619,143.735,1443,0,0
2025-06-12 18:45:00,143.735,143.738,143.594,143.65,1508,0,0
2025-06-12 19:00:00,143.65,143.738,143.64,143.675,1254,0,0
2025-06-12 19:15:00,143.675,143.694,143.6,143.64,1023,0,0
2025-06-12 19:30:00,143.64,143.688,143.548,143.639,1259,0,0
2025-06-12 19:45:00,143.639,143.685,143.604,143.611,884,0,0
2025-06-12 20:00:00,143.611,143.649,143.527,143.591,1025,0,0
2025-06-12 20:15:00,143.59,143.737,143.588,143.682,744,0,0
2025-06-12 20:30:00,143.682,143.723,143.569,143.596,650,0,0
2025-06-12 20:45:00,143.596,143.632,143.537,143.547,641,0,0
2025-06-12 21:00:00,143.547,143.596,143.547,143.553,594,0,0
2025-06-12 21:15:00,143.553,143.563,143.473,143.51,632,0,0
2025-06-12 21:30:00,143.51,143.551,143.492,143.53,577,0,0
2025-06-12 21:45:00,143.53,143.57,143.485,143.525,650,0,0
2025-06-12 22:00:00,143.525,143.599,143.525,143.567,538,0,0
2025-06-12 22:15:00,143.567,143.597,143.547,143.594,503,0,0
2025-06-12 22:30:00,143.593,143.594,143.488,143.52,564,0,0
2025-06-12 22:45:00,143.52,143.577,143.513,143.576,640,0,0
2025-06-12 23:00:00,143.576,143.595,143.549,143.57,398,0,0
2025-06-12 23:15:00,143.57,143.574,143.544,143.573,301,0,0
2025-06-12 23:30:00,143.573,143.575,143.534,143.556,392,0,0
2025-06-12 23:45:00,143.556,143.558,143.473,143.493,431,10,0
2025-06-13 00:00:00,143.461,143.57,143.425,143.47,142,43,0
2025-06-13 00:15:00,143.47,143.48,143.437,143.448,70,66,0
2025-06-13 00:30:00,143.448,143.464,143.435,143.464,45,66,0
2025-06-13 00:45:00,143.464,143.5,143.452,143.492,172,66,0
2025-06-13 01:00:00,143.492,143.5,143.433,143.443,201,0,0
2025-06-13 01:15:00,143.443,143.474,143.389,143.47,386,0,0
2025-06-13 01:30:00,143.47,143.503,143.418,143.49,255,0,0
2025-06-13 01:45:00,143.49,143.49,143.422,143.455,280,0,0
2025-06-13 02:00:00,143.455,143.469,143.369,143.375,399,0,0
2025-06-13 02:15:00,143.375,143.417,143.356,143.389,243,0,0
2025-06-13 02:30:00,143.389,143.402,143.218,143.281,625,0,0
2025-06-13 02:45:00,143.281,143.334,143.078,143.091,900,0,0
2025-06-13 03:00:00,143.094,143.193,142.816,143.112,3104,0,0
2025-06-13 03:15:00,143.11,143.163,142.861,142.925,2509,0,0
2025-06-13 03:30:00,142.925,143.045,142.793,142.965,2563,0,0
2025-06-13 03:45:00,142.971,143.19,142.921,143.043,2400,0,0
2025-06-13 04:00:00,143.042,143.152,142.919,143.034,2159,0,0
2025-06-13 04:15:00,143.034,143.199,143.001,143.005,1698,0,0
2025-06-13 04:30:00,143.005,143.106,142.934,143.073,1524,0,0
2025-06-13 04:45:00,143.073,143.288,143.048,143.172,1697,0,0
2025-06-13 05:00:00,143.173,143.239,143.089,143.239,1253,0,0
2025-06-13 05:15:00,143.239,143.239,143.043,143.072,1530,0,0
2025-06-13 05:30:00,143.074,143.079,142.954,143.003,1642,0,0
2025-06-13 05:45:00,143.005,143.141,142.973,143.079,1377,0,0
2025-06-13 06:00:00,143.079,143.328,143.079,143.312,1231,0,0
2025-06-13 06:15:00,143.316,143.49,143.302,143.477,1549,0,0
2025-06-13 06:30:00,143.477,143.746,143.448,143.636,1359,0,0
2025-06-13 06:45:00,143.636,143.638,143.414,143.499,1348,0,0
2025-06-13 07:00:00,143.499,143.527,143.434,143.516,1139,0,0
2025-06-13 07:15:00,143.516,143.724,143.514,143.638,977,0,0
2025-06-13 07:30:00,143.639,143.767,143.59,143.647,1037,0,0
2025-06-13 07:45:00,143.647,143.741,143.591,143.651,837,0,0
2025-06-13 08:00:00,143.651,143.666,143.513,143.553,1181,0,0
2025-06-13 08:15:00,143.557,143.872,143.554,143.784,1279,0,0
2025-06-13 08:30:00,143.784,143.797,143.614,143.688,859,0,0
2025-06-13 08:45:00,143.688,143.713,143.514,143.539,941,0,0
2025-06-13 09:00:00,143.539,143.672,143.381,143.519,1735,0,0
2025-06-13 09:15:00,143.519,143.627,143.446,143.611,1400,0,0
2025-06-13 09:30:00,143.61,143.632,143.454,143.599,1733,0,0
2025-06-13 09:45:00,143.599,143.741,143.597,143.65,1728,0,0
2025-06-13 10:00:00,143.65,143.692,143.534,143.676,1958,0,0
2025-06-13 10:15:00,143.677,143.766,143.651,143.728,1782,0,0
2025-06-13 10:30:00,143.728,143.795,143.672,143.771,1266,0,0
2025-06-13 10:45:00,143.771,143.799,143.656,143.798,1210,0,0
2025-06-13 11:00:00,143.799,143.897,143.746,143.747,1330,0,0
2025-06-13 11:15:00,143.747,143.835,143.673,143.696,1000,0,0
2025-06-13 11:30:00,143.696,143.875,143.668,143.819,1055,0,0
2025-06-13 11:45:00,143.819,143.845,143.748,143.794,1258,0,0
2025-06-13 12:00:00,143.794,143.91,143.749,143.897,1550,0,0
2025-06-13 12:15:00,143.897,144.041,143.894,144.018,1368,0,0
2025-06-13 12:30:00,144.018,144.165,144.014,144.13,1461,0,0
2025-06-13 12:45:00,144.13,144.152,144.028,144.114,1285,0,0
2025-06-13 13:00:00,144.114,144.141,143.972,144.046,1215,0,0
2025-06-13 13:15:00,144.046,144.255,144.003,144.174,1485,0,0
2025-06-13 13:30:00,144.174,144.304,144.139,144.235,1332,0,0
2025-06-13 13:45:00,144.235,144.396,144.225,144.356,1393,0,0
2025-06-13 14:00:00,144.356,144.447,144.302,144.37,1214,0,0
2025-06-13 14:15:00,144.37,144.44,144.313,144.319,1189,0,0
2025-06-13 14:30:00,144.319,144.333,144.231,144.233,1207,0,0
2025-06-13 14:45:00,144.233,144.282,144.107,144.13,1193,0,0
2025-06-13 15:00:00,144.13,144.184,144.097,144.102,1048,0,0
2025-06-13 15:15:00,144.102,144.216,144.088,144.186,969,0,0
2025-06-13 15:30:00,144.186,144.235,144.13,144.149,1024,0,0
2025-06-13 15:45:00,144.149,144.319,144.148,144.296,1146,0,0
2025-06-13 16:00:00,144.296,144.434,144.245,144.389,1315,0,0
2025-06-13 16:15:00,144.388,144.423,144.319,144.397,1099,0,0
2025-06-13 16:30:00,144.396,144.483,144.182,144.213,1670,0,0
2025-06-13 16:45:00,144.213,144.213,144.053,144.107,1404,0,0
2025-06-13 17:00:00,144.11,144.145,144.021,144.083,1826,0,0
2025-06-13 17:15:00,144.083,144.21,144.066,144.115,1650,0,0
2025-06-13 17:30:00,144.116,144.203,144.084,144.145,1459,0,0
2025-06-13 17:45:00,144.145,144.206,144.082,144.124,1724,0,0
2025-06-13 18:00:00,144.123,144.192,144.095,144.146,1586,0,0
2025-06-13 18:15:00,144.146,144.146,143.973,143.985,1343,0,0
2025-06-13 18:30:00,143.985,144.052,143.957,144.051,1253,0,0
2025-06-13 18:45:00,144.051,144.134,144.043,144.047,1072,0,0
2025-06-13 19:00:00,144.047,144.047,143.986,144.021,860,0,0
2025-06-13 19:15:00,144.021,144.04,143.97,143.991,893,0,0
2025-06-13 19:30:00,143.991,144.032,143.968,144.02,565,0,0
2025-06-13 19:45:00,144.02,144.072,143.99,144.035,697,0,0
2025-06-13 20:00:00,144.033,144.079,144.016,144.059,691,0,0
2025-06-13 20:15:00,144.058,144.125,144.02,144.103,852,0,0
2025-06-13 20:30:00,144.103,144.197,144.103,144.18,864,0,0
2025-06-13 20:45:00,144.18,144.195,144.068,144.094,799,0,0
2025-06-13 21:00:00,144.094,144.098,143.995,144.027,1059,0,0
2025-06-13 21:15:00,144.028,144.083,144.0,144.079,945,0,0
2025-06-13 21:30:00,144.079,144.098,143.873,143.909,1249,0,0
2025-06-13 21:45:00,143.909,143.973,143.854,143.955,1076,0,0
2025-06-13 22:00:00,143.958,143.997,143.933,143.935,869,0,0
2025-06-13 22:15:00,143.935,143.945,143.861,143.867,722,0,0
2025-06-13 22:30:00,143.867,143.92,143.859,143.875,677,0,0
2025-06-13 22:45:00,143.875,143.946,143.868,143.938,777,0,0
2025-06-13 23:00:00,143.938,144.072,143.928,144.037,830,0,0
2025-06-13 23:15:00,144.038,144.048,143.992,143.997,497,0,0
2025-06-13 23:30:00,143.997,144.091,143.997,144.076,621,0,0
2025-06-13 23:45:00,144.076,144.147,144.033,144.099,711,2,0
2025-06-16 00:00:00,143.934,143.951,143.881,143.919,79,103,0
2025-06-16 00:15:00,143.919,144.356,143.833,144.172,675,142,0
2025-06-16 00:30:00,144.17,144.313,144.138,144.281,663,79,0
2025-06-16 00:45:00,144.281,144.38,144.245,144.323,602,66,0
2025-06-16 01:00:00,144.323,144.625,144.277,144.579,1229,0,0
2025-06-16 01:15:00,144.58,144.672,144.553,144.627,1062,0,0
2025-06-16 01:30:00,144.627,144.63,144.522,144.58,866,0,0
2025-06-16 01:45:00,144.58,144.587,144.355,144.483,1040,0,0
2025-06-16 02:00:00,144.483,144.697,144.462,144.693,1251,0,0
2025-06-16 02:15:00,144.693,144.751,144.514,144.524,939,0,0
2025-06-16 02:30:00,144.524,144.598,144.471,144.483,696,0,0
2025-06-16 02:45:00,144.483,144.644,144.483,144.571,1063,0,0
2025-06-16 03:00:00,144.571,144.606,144.432,144.474,1455,0,0
2025-06-16 03:15:00,144.474,144.572,144.403,144.454,1110,0,0
2025-06-16 03:30:00,144.454,144.462,144.393,144.43,1008,0,0
2025-06-16 03:45:00,144.43,144.563,144.352,144.367,1263,0,0
2025-06-16 04:00:00,144.375,144.386,144.216,144.246,886,0,0
2025-06-16 04:15:00,144.246,144.266,144.178,144.227,1131,0,0
2025-06-16 04:30:00,144.227,144.309,144.161,144.282,1182,0,0
2025-06-16 04:45:00,144.282,144.364,144.249,144.348,925,0,0
2025-06-16 05:00:00,144.348,144.413,144.293,144.348,889,0,0
2025-06-16 05:15:00,144.348,144.423,144.316,144.42,686,0,0
2025-06-16 05:30:00,144.42,144.465,144.42,144.446,547,0,0
2025-06-16 05:45:00,144.446,144.464,144.366,144.411,812,0,0
2025-06-16 06:00:00,144.411,144.443,144.335,144.421,881,0,0
2025-06-16 06:15:00,144.421,144.476,144.392,144.415,589,0,0
2025-06-16 06:30:00,144.415,144.451,144.379,144.446,661,0,0
2025-06-16 06:45:00,144.446,144.49,144.441,144.485,656,0,0
2025-06-16 07:00:00,144.485,144.488,144.397,144.42,945,0,0
2025-06-16 07:15:00,144.42,144.421,144.328,144.354,588,0,0
2025-06-16 07:30:00,144.354,144.355,144.293,144.339,652,0,0
2025-06-16 07:45:00,144.339,144.357,144.304,144.305,637,0,0
2025-06-16 08:00:00,144.305,144.318,144.14,144.171,877,0,0
2025-06-16 08:15:00,144.171,144.184,144.052,144.097,991,0,0
2025-06-16 08:30:00,144.101,144.104,144.013,144.052,948,0,0
2025-06-16 08:45:00,144.052,144.08,143.975,144.069,840,0,0
2025-06-16 09:00:00,144.069,144.125,143.998,144.054,1079,0,0
2025-06-16 09:15:00,144.054,144.207,144.009,144.17,1196,0,0
2025-06-16 09:30:00,144.17,144.225,144.131,144.132,1413,0,0
2025-06-16 09:45:00,144.129,144.245,144.118,144.235,1388,0,0
2025-06-16 10:00:00,144.235,144.349,144.202,144.335,1380,0,0
2025-06-16 10:15:00,144.335,144.391,144.284,144.351,1390,0,0
2025-06-16 10:30:00,144.351,144.381,144.17,144.173,1369,0,0
2025-06-16 10:45:00,144.173,144.204,144.136,144.172,1292,0,0
2025-06-16 11:00:00,144.172,144.352,144.168,144.297,1262,0,0
2025-06-16 11:15:00,144.297,144.343,144.225,144.273,1005,0,0
2025-06-16 11:30:00,144.273,144.284,144.14,144.161,822,0,0
2025-06-16 11:45:00,144.161,144.278,144.097,144.263,1110,0,0
2025-06-16 12:00:00,144.263,144.34,144.165,144.18,1005,0,0
2025-06-16 12:15:00,144.18,144.235,144.159,144.19,1036,0,0
2025-06-16 12:30:00,144.19,144.195,144.126,144.169,744,0,0
2025-06-16 12:45:00,144.169,144.197,144.101,144.114,654,0,0
2025-06-16 13:00:00,144.114,144.173,144.085,144.156,900,0,0
2025-06-16 13:15:00,144.156,144.177,144.077,144.083,879,0,0
2025-06-16 13:30:00,144.083,144.114,144.03,144.034,802,0,0
2025-06-16 13:45:00,144.034,144.084,144.018,144.048,979,0,0
2025-06-16 14:00:00,144.048,144.061,143.992,144.027,1001,0,0
2025-06-16 14:15:00,144.027,144.054,143.977,144.039,1012,0,0
2025-06-16 14:30:00,144.039,144.15,144.033,144.116,1119,0,0
2025-06-16 14:45:00,144.116,144.16,144.093,144.115,1057,0,0
2025-06-16 15:00:00,144.115,144.248,144.102,144.242,1303,0,0
2025-06-16 15:15:00,144.242,144.282,144.176,144.248,1321,0,0
2025-06-16 15:30:00,144.248,144.272,144.134,144.239,1587,0,0
2025-06-16 15:45:00,144.241,144.255,144.083,144.098,1349,0,0
2025-06-16 16:00:00,144.098,144.112,143.888,143.92,1890,0,0
2025-06-16 16:15:00,143.92,143.954,143.803,143.827,1679,0,0
2025-06-16 16:30:00,143.827,143.89,143.774,143.847,2259,0,0
2025-06-16 16:45:00,143.847,144.005,143.788,143.813,2398,0,0
2025-06-16 17:00:00,143.809,143.824,143.66,143.764,2277,0,0
2025-06-16 17:15:00,143.764,143.786,143.701,143.741,1575,0,0
2025-06-16 17:30:00,143.746,144.044,143.651,143.966,1676,0,0
2025-06-16 17:45:00,143.966,144.119,143.955,144.053,1827,0,0
2025-06-16 18:00:00,144.053,144.074,143.996,144.027,1205,0,0
2025-06-16 18:15:00,144.026,144.133,144.018,144.098,1140,0,0
2025-06-16 18:30:00,144.098,144.192,144.046,144.082,1254,0,0
2025-06-16 18:45:00,144.081,144.14,144.073,144.135,1286,0,0
2025-06-16 19:00:00,144.135,144.218,144.09,144.193,1056,0,0
2025-06-16 19:15:00,144.193,144.218,144.155,144.194,817,0,0
2025-06-16 19:30:00,144.194,144.229,144.141,144.153,720,0,0
2025-06-16 19:45:00,144.152,144.202,144.138,144.172,608,0,0
2025-06-16 20:00:00,144.172,144.318,144.159,144.282,761,0,0
2025-06-16 20:15:00,144.282,144.337,144.273,144.309,779,0,0
2025-06-16 20:30:00,144.31,144.412,144.296,144.408,797,0,0
2025-06-16 20:45:00,144.409,144.416,144.349,144.368,737,0,0
2025-06-16 21:00:00,144.372,144.425,144.368,144.422,623,0,0
2025-06-16 21:15:00,144.422,144.493,144.41,144.474,508,0,0
2025-06-16 21:30:00,144.474,144.515,144.466,144.511,1066,0,0
2025-06-16 21:45:00,144.511,144.605,144.511,144.601,923,0,0
2025-06-16 22:00:00,144.601,144.671,144.592,144.657,713,0,0
2025-06-16 22:15:00,144.657,144.708,144.644,144.655,545,0,0
2025-06-16 22:30:00,144.655,144.75,144.615,144.75,514,0,0
2025-06-16 22:45:00,144.75,144.876,144.741,144.863,700,0,0
2025-06-16 23:00:00,144.863,144.866,144.769,144.79,598,0,0
2025-06-16 23:15:00,144.79,144.826,144.747,144.753,453,0,0
2025-06-16 23:30:00,144.753,144.794,144.737,144.739,302,0,0
2025-06-16 23:45:00,144.739,144.792,144.719,144.781,411,10,0
2025-06-17 00:00:00,144.727,144.727,144.642,144.684,77,70,0
2025-06-17 00:15:00,144.684,144.702,144.665,144.702,51,100,0
2025-06-17 00:30:00,144.702,144.713,144.67,144.697,54,66,0
2025-06-17 00:45:00,144.697,144.712,144.667,144.695,103,66,0
2025-06-17 01:00:00,144.695,144.824,144.69,144.722,426,0,0
2025-06-17 01:15:00,144.722,144.763,144.707,144.749,221,0,0
2025-06-17 01:30:00,144.749,144.76,144.589,144.646,647,0,0
2025-06-17 01:45:00,144.646,144.674,144.581,144.62,720,0,0
2025-06-17 02:00:00,144.623,144.697,144.612,144.684,949,0,0
2025-06-17 02:15:00,144.684,144.699,144.615,144.68,473,0,0
2025-06-17 02:30:00,144.68,144.801,144.669,144.779,639,0,0
2025-06-17 02:45:00,144.779,144.781,144.658,144.681,870,0,0
2025-06-17 03:00:00,144.675,144.862,144.674,144.791,1334,0,0
2025-06-17 03:15:00,144.791,144.916,144.78,144.901,1422,0,0
2025-06-17 03:30:00,144.902,144.978,144.878,144.977,1093,0,0
2025-06-17 03:45:00,144.977,145.112,144.879,145.062,1412,0,0
2025-06-17 04:00:00,145.061,145.062,144.869,144.924,1210,0,0
2025-06-17 04:15:00,144.924,144.989,144.874,144.945,820,0,0
2025-06-17 04:30:00,144.945,144.96,144.789,144.822,993,0,0
2025-06-17 04:45:00,144.822,144.864,144.817,144.85,630,0,0
2025-06-17 05:00:00,144.85,144.93,144.817,144.893,960,0,0
2025-06-17 05:15:00,144.893,144.949,144.869,144.935,643,0,0
2025-06-17 05:30:00,144.935,144.98,144.906,144.975,844,0,0
2025-06-17 05:45:00,144.975,144.996,144.916,144.946,842,0,0
2025-06-17 06:00:00,144.946,144.967,144.806,144.826,829,0,0
2025-06-17 06:15:00,144.826,144.915,144.786,144.847,433,0,0
2025-06-17 06:30:00,144.847,144.922,144.627,144.81,1178,0,0
2025-06-17 06:45:00,144.81,144.83,144.621,144.663,717,0,0
2025-06-17 07:00:00,144.663,144.675,144.498,144.539,1090,0,0
2025-06-17 07:15:00,144.539,144.575,144.453,144.471,847,0,0
2025-06-17 07:30:00,144.471,144.513,144.405,144.451,756,0,0
2025-06-17 07:45:00,144.451,144.625,144.442,144.586,856,0,0
2025-06-17 08:00:00,144.586,144.599,144.501,144.566,835,0,0
2025-06-17 08:15:00,144.566,144.633,144.526,144.6,876,0,0
2025-06-17 08:30:00,144.6,144.674,144.582,144.639,874,0,0
2025-06-17 08:45:00,144.639,144.731,144.636,144.664,798,0,0
2025-06-17 09:00:00,144.664,144.798,144.66,144.785,1088,0,0
2025-06-17 09:15:00,144.785,144.794,144.669,144.727,816,0,0
2025-06-17 09:30:00,144.727,144.749,144.554,144.729,1426,1,0
2025-06-17 09:45:00,144.729,144.893,144.717,144.884,1634,1,0
2025-06-17 10:00:00,144.884,145.027,144.768,144.779,1962,0,0
2025-06-17 10:15:00,144.779,144.845,144.683,144.7,1525,0,0
2025-06-17 10:30:00,144.7,144.819,144.688,144.693,1357,0,0
2025-06-17 10:45:00,144.693,144.696,144.404,144.525,1522,0,0
2025-06-17 11:00:00,144.525,144.691,144.468,144.682,1590,0,0
2025-06-17 11:15:00,144.682,144.813,144.659,144.764,1184,0,0
2025-06-17 11:30:00,144.764,144.843,144.75,144.807,1372,0,0
2025-06-17 11:45:00,144.807,144.903,144.737,144.903,1580,0,0
2025-06-17 12:00:00,144.904,144.942,144.872,144.9,1146,0,0
2025-06-17 12:15:00,144.9,144.938,144.823,144.833,1498,0,0
2025-06-17 12:30:00,144.834,144.925,144.778,144.903,1142,0,0
2025-06-17 12:45:00,144.903,144.944,144.81,144.821,1097,0,0
2025-06-17 13:00:00,144.821,144.835,144.756,144.778,934,0,0
2025-06-17 13:15:00,144.778,144.821,144.727,144.81,876,0,0
2025-06-17 13:30:00,144.81,144.825,144.677,144.702,943,0,0
2025-06-17 13:45:00,144.702,144.741,144.663,144.692,1008,0,0
2025-06-17 14:00:00,144.692,144.706,144.592,144.601,1049,0,0
2025-06-17 14:15:00,144.601,144.662,144.563,144.616,936,0,0
2025-06-17 14:30:00,144.616,144.616,144.488,144.518,1248,0,0
2025-06-17 14:45:00,144.518,144.63,144.508,144.616,1385,0,0
2025-06-17 15:00:00,144.616,144.702,144.607,144.68,1268,0,0
2025-06-17 15:15:00,144.68,144.704,144.608,144.608,1119,0,0
2025-06-17 15:30:00,144.609,144.837,144.349,144.832,2537,0,0
2025-06-17 15:45:00,144.832,144.913,144.767,144.858,1822,0,0
2025-06-17 16:00:00,144.858,144.874,144.719,144.796,1773,0,0
2025-06-17 16:15:00,144.796,144.812,144.693,144.788,1504,0,0
2025-06-17 16:30:00,144.788,144.888,144.768,144.828,2175,0,0
2025-06-17 16:45:00,144.829,144.942,144.81,144.888,1800,0,0
2025-06-17 17:00:00,144.888,144.96,144.859,144.937,1672,0,0
2025-06-17 17:15:00,144.937,144.999,144.927,144.987,1738,0,0
2025-06-17 17:30:00,144.987,145.221,144.978,145.182,1980,0,0
2025-06-17 17:45:00,145.182,145.289,145.153,145.184,1907,0,0
2025-06-17 18:00:00,145.185,145.204,145.082,145.093,1458,0,0
2025-06-17 18:15:00,145.093,145.133,145.032,145.094,1319,0,0
2025-06-17 18:30:00,145.093,145.095,145.015,145.031,1240,0,0
2025-06-17 18:45:00,145.029,145.117,145.016,145.041,1062,0,0
2025-06-17 19:00:00,145.041,145.042,144.908,144.935,996,0,0
2025-06-17 19:15:00,144.935,145.054,144.917,145.041,859,0,0
2025-06-17 19:30:00,145.041,145.092,144.989,145.059,808,0,0
2025-06-17 19:45:00,145.059,145.26,145.047,145.225,1363,0,0
2025-06-17 20:00:00,145.224,145.271,145.171,145.259,952,0,0
2025-06-17 20:15:00,145.259,145.278,145.155,145.16,1329,0,0
2025-06-17 20:30:00,145.16,145.215,145.13,145.186,1008,0,0
2025-06-17 20:45:00,145.186,145.304,145.185,145.248,1658,0,0
2025-06-17 21:00:00,145.248,145.282,145.191,145.273,971,0,0
2025-06-17 21:15:00,145.273,145.282,145.198,145.27,1006,0,0
2025-06-17 21:30:00,145.268,145.288,145.215,145.24,1021,0,0
2025-06-17 21:45:00,145.24,145.376,145.24,145.368,974,0,0
2025-06-17 22:00:00,145.368,145.377,145.29,145.359,796,0,0
2025-06-17 22:15:00,145.359,145.38,145.3,145.309,609,0,0
2025-06-17 22:30:00,145.309,145.36,145.256,145.261,674,0,0
2025-06-17 22:45:00,145.261,145.278,145.206,145.217,1023,0,0
2025-06-17 23:00:00,145.215,145.29,145.204,145.285,496,0,0
2025-06-17 23:15:00,145.285,145.326,145.2,145.216,492,0,0
2025-06-17 23:30:00,145.216,145.291,145.216,145.256,659,0,0
2025-06-17 23:45:00,145.256,145.283,145.228,145.282,569,10,0
2025-06-18 00:00:00,145.244,145.244,145.194,145.195,163,70,0
2025-06-18 00:15:00,145.195,145.243,145.192,145.243,140,108,0
2025-06-18 00:30:00,145.243,145.267,145.194,145.258,166,66,0
2025-06-18 00:45:00,145.258,145.258,145.15,145.164,178,66,0
2025-06-18 01:00:00,145.162,145.274,145.162,145.254,249,0,0
2025-06-18 01:15:00,145.254,145.282,145.253,145.268,212,0,0
2025-06-18 01:30:00,145.268,145.357,145.258,145.324,206,0,0
2025-06-18 01:45:00,145.324,145.394,145.308,145.388,298,0,0
2025-06-18 02:00:00,145.388,145.388,145.323,145.373,472,0,0
2025-06-18 02:15:00,145.373,145.425,145.339,145.385,340,0,0
2025-06-18 02:30:00,145.385,145.434,145.371,145.403,237,0,0
2025-06-18 02:45:00,145.403,145.412,145.323,145.384,477,0,0
2025-06-18 03:00:00,145.387,145.442,145.188,145.384,1508,1,0
2025-06-18 03:15:00,145.384,145.43,145.309,145.345,1218,0,0
2025-06-18 03:30:00,145.345,145.375,145.278,145.296,1272,0,0
2025-06-18 03:45:00,145.296,145.333,145.221,145.317,1396,0,0
2025-06-18 04:00:00,145.317,145.342,145.216,145.314,1130,0,0
2025-06-18 04:15:00,145.314,145.323,145.211,145.221,837,0,0
2025-06-18 04:30:00,145.221,145.319,145.206,145.299,849,0,0
2025-06-18 04:45:00,145.299,145.325,145.152,145.165,971,0,0
2025-06-18 05:00:00,145.165,145.222,145.15,145.163,763,0,0
2025-06-18 05:15:00,145.166,145.177,145.108,145.174,644,0,0
2025-06-18 05:30:00,145.174,145.217,145.167,145.169,726,0,0
2025-06-18 05:45:00,145.169,145.176,145.123,145.123,492,0,0
2025-06-18 06:00:00,145.124,145.137,145.09,145.122,521,0,0
2025-06-18 06:15:00,145.122,145.132,145.042,145.07,532,0,0
2025-06-18 06:30:00,145.07,145.1,145.051,145.077,510,0,0
2025-06-18 06:45:00,145.077,145.104,145.059,145.072,647,0,0
2025-06-18 07:00:00,145.072,145.113,145.054,145.091,531,0,0
2025-06-18 07:15:00,145.091,145.102,144.995,145.002,330,0,0
2025-06-18 07:30:00,145.002,145.011,144.925,144.938,613,0,0
2025-06-18 07:45:00,144.938,145.02,144.933,145.019,629,0,0
2025-06-18 08:00:00,145.02,145.057,144.994,144.999,569,0,0
2025-06-18 08:15:00,144.999,145.005,144.926,144.954,728,0,0
2025-06-18 08:30:00,144.954,145.027,144.901,144.928,818,0,0
2025-06-18 08:45:00,144.928,145.036,144.907,145.012,808,0,0
2025-06-18 09:00:00,145.012,145.081,144.959,145.008,1186,1,0
2025-06-18 09:15:00,145.008,145.074,144.919,144.943,1153,0,0
2025-06-18 09:30:00,144.943,144.991,144.897,144.95,1241,0,0
2025-06-18 09:45:00,144.95,144.974,144.864,144.898,1232,0,0
2025-06-18 10:00:00,144.898,144.963,144.857,144.919,1378,0,0
2025-06-18 10:15:00,144.919,144.996,144.919,144.978,1211,0,0
2025-06-18 10:30:00,144.978,145.025,144.945,145.015,1252,0,0
2025-06-18 10:45:00,145.014,145.049,144.935,144.957,1052,0,0
2025-06-18 11:00:00,144.959,145.048,144.931,145.038,985,0,0
2025-06-18 11:15:00,145.038,145.117,145.038,145.078,1101,0,0
2025-06-18 11:30:00,145.078,145.13,145.057,145.057,975,0,0
2025-06-18 11:45:00,145.057,145.069,144.963,144.967,961,0,0
2025-06-18 12:00:00,144.967,145.028,144.958,144.985,991,0,0
2025-06-18 12:15:00,144.985,145.003,144.945,144.959,852,0,0
2025-06-18 12:30:00,144.959,144.976,144.901,144.935,1069,0,0
2025-06-18 12:45:00,144.935,144.978,144.902,144.933,1033,0,0
2025-06-18 13:00:00,144.933,144.954,144.876,144.929,1130,0,0
2025-06-18 13:15:00,144.929,144.959,144.868,144.869,947,0,0
2025-06-18 13:30:00,144.87,144.905,144.803,144.82,1010,0,0
2025-06-18 13:45:00,144.82,144.855,144.809,144.824,769,0,0
2025-06-18 14:00:00,144.824,144.865,144.812,144.838,930,0,0
2025-06-18 14:15:00,144.838,144.889,144.821,144.866,793,0,0
2025-06-18 14:30:00,144.866,144.921,144.85,144.917,1016,0,0
2025-06-18 14:45:00,144.917,144.93,144.83,144.848,1108,0,0
2025-06-18 15:00:00,144.848,144.858,144.794,144.826,1014,0,0
2025-06-18 15:15:00,144.826,144.833,144.766,144.781,1027,0,0
2025-06-18 15:30:00,144.792,144.899,144.74,144.897,1416,0,0
2025-06-18 15:45:00,144.897,144.966,144.814,144.891,1353,0,0
2025-06-18 16:00:00,144.891,144.923,144.804,144.821,1265,0,0
2025-06-18 16:15:00,144.824,144.894,144.788,144.809,1429,0,0
2025-06-18 16:30:00,144.81,144.871,144.773,144.792,1950,0,0
2025-06-18 16:45:00,144.792,144.887,144.716,144.866,1563,0,0
2025-06-18 17:00:00,144.866,144.896,144.678,144.774,2241,0,0
2025-06-18 17:15:00,144.774,144.966,144.77,144.907,2150,0,0
2025-06-18 17:30:00,144.907,144.934,144.792,144.802,1626,0,0
2025-06-18 17:45:00,144.802,144.811,144.706,144.805,1672,0,0
2025-06-18 18:00:00,144.805,144.815,144.632,144.658,1355,0,0
2025-06-18 18:15:00,144.657,144.697,144.592,144.602,1102,0,0
2025-06-18 18:30:00,144.602,144.649,144.55,144.593,1170,0,0
2025-06-18 18:45:00,144.593,144.62,144.573,144.582,1137,0,0
2025-06-18 19:00:00,144.582,144.589,144.532,144.563,863,0,0
2025-06-18 19:15:00,144.563,144.609,144.561,144.594,780,0,0
2025-06-18 19:30:00,144.594,144.634,144.58,144.628,927,0,0
2025-06-18 19:45:00,144.628,144.691,144.628,144.681,816,0,0
2025-06-18 20:00:00,144.681,144.711,144.647,144.709,640,0,0
2025-06-18 20:15:00,144.709,144.727,144.679,144.701,493,0,0
2025-06-18 20:30:00,144.701,144.824,144.701,144.801,780,0,0
2025-06-18 20:45:00,144.801,144.813,144.735,144.75,581,0,0
2025-06-18 21:00:00,144.768,144.789,144.329,144.565,2952,1,0
2025-06-18 21:15:00,144.565,144.667,144.532,144.597,2069,0,0
2025-06-18 21:30:00,144.597,144.823,144.545,144.807,2322,0,0
2025-06-18 21:45:00,144.808,145.085,144.8,145.047,2213,0,0
2025-06-18 22:00:00,145.042,145.209,145.034,145.04,2091,0,0
2025-06-18 22:15:00,145.04,145.225,144.999,145.145,1609,0,0
2025-06-18 22:30:00,145.145,145.21,145.066,145.163,1554,0,0
2025-06-18 22:45:00,145.163,145.216,145.099,145.121,1400,0,0
2025-06-18 23:00:00,145.121,145.19,145.121,145.144,714,0,0
2025-06-18 23:15:00,145.144,145.159,145.079,145.111,392,0,0
2025-06-18 23:30:00,145.111,145.141,145.073,145.106,504,0,0
2025-06-18 23:45:00,145.106,145.157,145.081,145.11,625,10,0
2025-06-19 00:00:00,145.108,145.108,145.012,145.046,47,66,0
2025-06-19 00:15:00,145.046,145.053,144.999,145.017,81,66,0
2025-06-19 00:30:00,145.017,145.083,145.011,145.063,246,66,0
2025-06-19 00:45:00,145.063,145.063,145.034,145.044,30,71,0
2025-06-19 01:00:00,145.044,145.154,144.984,145.009,359,0,0
2025-06-19 01:15:00,145.009,145.009,144.898,144.936,477,0,0
2025-06-19 01:30:00,144.936,144.976,144.929,144.929,300,0,0
2025-06-19 01:45:00,144.915,145.068,144.912,144.997,387,0,0
2025-06-19 02:00:00,144.997,145.06,144.971,144.983,644,0,0
2025-06-19 02:15:00,144.983,145.084,144.983,145.047,684,0,0
2025-06-19 02:30:00,145.047,145.048,144.938,144.959,525,0,0
2025-06-19 02:45:00,144.959,145.006,144.928,144.955,622,0,0
2025-06-19 03:00:00,144.955,144.976,144.84,144.879,1026,0,0
2025-06-19 03:15:00,144.879,144.911,144.843,144.88,852,0,0
2025-06-19 03:30:00,144.88,144.942,144.859,144.941,706,0,0
2025-06-19 03:45:00,144.941,144.983,144.863,144.887,901,0,0
2025-06-19 04:00:00,144.887,145.038,144.737,144.93,1762,0,0
2025-06-19 04:15:00,144.93,144.999,144.877,144.981,897,0,0
2025-06-19 04:30:00,144.981,145.042,144.943,144.968,991,0,0
2025-06-19 04:45:00,144.968,145.16,144.965,145.149,885,0,0
2025-06-19 05:00:00,145.149,145.179,145.062,145.084,872,0,0
2025-06-19 05:15:00,145.084,145.169,145.078,145.165,687,0,0
2025-06-19 05:30:00,145.165,145.182,145.14,145.165,647,0,0
2025-06-19 05:45:00,145.165,145.219,145.163,145.18,463,0,0
2025-06-19 06:00:00,145.18,145.221,145.164,145.164,533,0,0
2025-06-19 06:15:00,145.164,145.183,145.111,145.115,557,0,0
2025-06-19 06:30:00,145.115,145.115,145.062,145.095,621,0,0
2025-06-19 06:45:00,145.094,145.11,145.035,145.074,655,0,0
2025-06-19 07:00:00,145.074,145.091,145.027,145.048,752,0,0
2025-06-19 07:15:00,145.048,145.064,145.025,145.039,609,0,0
2025-06-19 07:30:00,145.039,145.112,145.035,145.082,538,0,0
2025-06-19 07:45:00,145.082,145.087,145.034,145.041,451,0,0
2025-06-19 08:00:00,145.041,145.112,145.031,145.103,624,0,0
2025-06-19 08:15:00,145.103,145.16,145.096,145.138,499,0,0
2025-06-19 08:30:00,145.138,145.172,145.114,145.158,703,0,0
2025-06-19 08:45:00,145.158,145.265,145.087,145.115,1060,0,0
2025-06-19 09:00:00,145.114,145.259,145.114,145.203,1282,0,0
2025-06-19 09:15:00,145.205,145.265,145.18,145.256,1232,0,0
2025-06-19 09:30:00,145.254,145.357,145.233,145.248,1286,0,0
2025-06-19 09:45:00,145.249,145.283,145.226,145.265,1072,0,0
2025-06-19 10:00:00,145.265,145.351,145.242,145.333,1079,0,0
2025-06-19 10:15:00,145.333,145.35,145.272,145.328,1069,0,0
2025-06-19 10:30:00,145.328,145.376,145.257,145.344,1421,0,0
2025-06-19 10:45:00,145.346,145.405,145.283,145.387,1327,0,0
2025-06-19 11:00:00,145.387,145.41,145.294,145.339,1490,0,0
2025-06-19 11:15:00,145.339,145.352,145.285,145.306,1047,0,0
2025-06-19 11:30:00,145.306,145.369,145.306,145.343,1058,0,0
2025-06-19 11:45:00,145.343,145.361,145.253,145.285,1046,0,0
2025-06-19 12:00:00,145.284,145.355,145.25,145.322,761,0,0
2025-06-19 12:15:00,145.322,145.386,145.319,145.352,772,0,0
2025-06-19 12:30:00,145.35,145.388,145.343,145.37,737,0,0
2025-06-19 12:45:00,145.369,145.475,145.367,145.438,800,0,0
2025-06-19 13:00:00,145.438,145.536,145.424,145.43,952,0,0
2025-06-19 13:15:00,145.43,145.458,145.412,145.439,698,0,0
2025-06-19 13:30:00,145.439,145.604,145.439,145.596,853,0,0
2025-06-19 13:45:00,145.596,145.757,145.595,145.705,1257,0,0
2025-06-19 14:00:00,145.705,145.77,145.686,145.686,1266,0,0
2025-06-19 14:15:00,145.689,145.709,145.6,145.633,1089,0,0
2025-06-19 14:30:00,145.632,145.706,145.587,145.643,994,0,0
2025-06-19 14:45:00,145.643,145.732,145.634,145.67,958,0,0
2025-06-19 15:00:00,145.67,145.713,145.597,145.689,1154,0,0
2025-06-19 15:15:00,145.689,145.709,145.634,145.659,1145,0,0
2025-06-19 15:30:00,145.659,145.686,145.568,145.59,871,0,0
2025-06-19 15:45:00,145.59,145.603,145.506,145.545,971,0,0
2025-06-19 16:00:00,145.544,145.579,145.449,145.467,926,0,0
2025-06-19 16:15:00,145.467,145.479,145.415,145.464,957,0,0
2025-06-19 16:30:00,145.464,145.533,145.412,145.468,1137,0,0
2025-06-19 16:45:00,145.468,145.468,145.35,145.424,1404,0,0
2025-06-19 17:00:00,145.424,145.492,145.403,145.471,1186,0,0
2025-06-19 17:15:00,145.47,145.609,145.404,145.606,1026,0,0
2025-06-19 17:30:00,145.604,145.636,145.589,145.595,914,0,0
2025-06-19 17:45:00,145.595,145.715,145.593,145.705,1277,0,0
2025-06-19 18:00:00,145.705,145.739,145.666,145.679,1249,0,0
2025-06-19 18:15:00,145.679,145.758,145.641,145.744,655,0,0
2025-06-19 18:30:00,145.744,145.751,145.633,145.657,598,0,0
2025-06-19 18:45:00,145.657,145.668,145.607,145.637,956,0,0
2025-06-19 19:00:00,145.634,145.698,145.627,145.669,489,0,0
2025-06-19 19:15:00,145.669,145.707,145.661,145.677,521,0,0
2025-06-19 19:30:00,145.677,145.732,145.677,145.695,364,0,0
2025-06-19 19:45:00,145.695,145.729,145.68,145.715,395,0,0
2025-06-19 20:00:00,145.715,145.73,145.617,145.623,477,0,0
2025-06-19 20:15:00,145.623,145.655,145.619,145.628,173,0,0
2025-06-19 20:30:00,145.628,145.664,145.581,145.589,475,0,0
2025-06-19 20:45:00,145.589,145.589,145.475,145.505,586,0,0
2025-06-19 21:00:00,145.505,145.534,145.489,145.504,391,0,0
2025-06-19 21:15:00,145.504,145.525,145.457,145.461,221,0,0
2025-06-19 21:30:00,145.461,145.499,145.416,145.492,252,0,0
2025-06-19 21:45:00,145.492,145.504,145.48,145.491,152,0,0
2025-06-19 22:00:00,145.491,145.491,145.424,145.446,312,0,0
2025-06-19 22:15:00,145.445,145.446,145.377,145.389,317,0,0
2025-06-19 22:30:00,145.389,145.397,145.348,145.378,348,0,0
2025-06-19 22:45:00,145.378,145.437,145.363,145.437,309,0,0
2025-06-19 23:00:00,145.437,145.484,145.412,145.481,232,0,0
2025-06-19 23:15:00,145.481,145.483,145.415,145.421,115,0,0
2025-06-19 23:30:00,145.42,145.462,145.42,145.45,137,0,0
2025-06-19 23:45:00,145.45,145.453,145.419,145.449,532,10,0
2025-06-20 00:00:00,145.388,145.454,145.372,145.423,148,70,0
2025-06-20 00:15:00,145.423,145.48,145.327,145.357,160,66,0
2025-06-20 00:30:00,145.357,145.4,145.357,145.388,344,66,0
2025-06-20 00:45:00,145.388,145.434,145.367,145.418,414,66,0
2025-06-20 01:00:00,145.418,145.564,145.416,145.497,377,0,0
2025-06-20 01:15:00,145.497,145.562,145.473,145.481,526,0,0
2025-06-20 01:30:00,145.481,145.552,145.477,145.506,510,0,0
2025-06-20 01:45:00,145.506,145.566,145.478,145.488,554,0,0
2025-06-20 02:00:00,145.488,145.507,145.425,145.433,489,0,0
2025-06-20 02:15:00,145.433,145.438,145.256,145.297,517,0,0
2025-06-20 02:30:00,145.299,145.354,145.253,145.262,823,0,0
2025-06-20 02:45:00,145.262,145.298,145.196,145.235,678,0,0
2025-06-20 03:00:00,145.233,145.284,145.122,145.209,1174,0,0
2025-06-20 03:15:00,145.209,145.317,145.192,145.268,752,0,0
2025-06-20 03:30:00,145.268,145.275,145.196,145.206,591,0,0
2025-06-20 03:45:00,145.206,145.27,145.141,145.252,1159,0,0
2025-06-20 04:00:00,145.253,145.341,145.217,145.256,969,0,0
2025-06-20 04:15:00,145.256,145.3,145.219,145.287,1124,0,0
2025-06-20 04:30:00,145.289,145.359,145.249,145.295,1036,0,0
2025-06-20 04:45:00,145.295,145.338,145.269,145.337,947,0,0
2025-06-20 05:00:00,145.337,145.365,145.3,145.341,803,0,0
2025-06-20 05:15:00,145.34,145.363,145.264,145.274,513,0,0
2025-06-20 05:30:00,145.272,145.295,145.231,145.237,753,0,0
2025-06-20 05:45:00,145.238,145.284,145.236,145.246,546,0,0
2025-06-20 06:00:00,145.246,145.263,145.207,145.215,752,0,0
2025-06-20 06:15:00,145.22,145.264,145.193,145.264,652,0,0
2025-06-20 06:30:00,145.262,145.306,145.235,145.277,660,0,0
2025-06-20 06:45:00,145.277,145.318,145.238,145.277,641,0,0
2025-06-20 07:00:00,145.277,145.306,145.247,145.257,709,0,0
2025-06-20 07:15:00,145.257,145.322,145.245,145.322,592,0,0
2025-06-20 07:30:00,145.322,145.394,145.319,145.357,732,0,0
2025-06-20 07:45:00,145.357,145.396,145.341,145.352,602,0,0
2025-06-20 08:00:00,145.352,145.371,145.308,145.357,694,0,0
2025-06-20 08:15:00,145.357,145.46,145.352,145.453,699,0,0
2025-06-20 08:30:00,145.453,145.483,145.428,145.434,820,0,0
2025-06-20 08:45:00,145.433,145.488,145.406,145.442,969,0,0
2025-06-20 09:00:00,145.443,145.476,145.335,145.343,1190,1,0
2025-06-20 09:15:00,145.342,145.415,145.282,145.401,896,0,0
2025-06-20 09:30:00,145.401,145.422,145.348,145.377,963,0,0
2025-06-20 09:45:00,145.376,145.389,145.331,145.384,939,0,0
2025-06-20 10:00:00,145.384,145.39,145.338,145.347,1042,0,0
2025-06-20 10:15:00,145.346,145.385,145.291,145.306,979,0,0
2025-06-20 10:30:00,145.307,145.406,145.294,145.401,963,0,0
2025-06-20 10:45:00,145.401,145.438,145.386,145.411,911,0,0
2025-06-20 11:00:00,145.411,145.414,145.338,145.359,1292,0,0
2025-06-20 11:15:00,145.359,145.399,145.33,145.361,876,0,0
2025-06-20 11:30:00,145.362,145.391,145.334,145.34,1037,0,0
2025-06-20 11:45:00,145.339,145.358,145.266,145.327,914,0,0
2025-06-20 12:00:00,145.327,145.345,145.281,145.312,973,0,0
2025-06-20 12:15:00,145.312,145.336,145.281,145.288,854,0,0
2025-06-20 12:30:00,145.288,145.308,145.252,145.305,925,0,0
2025-06-20 12:45:00,145.305,145.356,145.284,145.338,746,0,0
2025-06-20 13:00:00,145.338,145.357,145.294,145.319,607,0,0
2025-06-20 13:15:00,145.319,145.367,145.309,145.364,646,0,0
2025-06-20 13:30:00,145.364,145.416,145.357,145.385,818,0,0
2025-06-20 13:45:00,145.385,145.448,145.383,145.439,594,0,0
2025-06-20 14:00:00,145.437,145.485,145.415,145.483,820,0,0
2025-06-20 14:15:00,145.483,145.528,145.457,145.524,817,0,0
2025-06-20 14:30:00,145.524,145.614,145.522,145.608,1225,0,0
2025-06-20 14:45:00,145.609,145.614,145.521,145.592,1460,0,0
2025-06-20 15:00:00,145.592,145.657,145.551,145.636,1116,0,0
2025-06-20 15:15:00,145.637,145.672,145.611,145.65,948,0,0
2025-06-20 15:30:00,145.65,145.719,145.45,145.533,2389,0,0
2025-06-20 15:45:00,145.533,145.636,145.531,145.594,1704,0,0
2025-06-20 16:00:00,145.59,145.628,145.561,145.597,1358,0,0
2025-06-20 16:15:00,145.597,145.723,145.595,145.652,1202,0,0
2025-06-20 16:30:00,145.651,145.821,145.638,145.783,2047,0,0
2025-06-20 16:45:00,145.782,145.799,145.71,145.744,1531,0,0
2025-06-20 17:00:00,145.743,145.866,145.736,145.848,1435,0,0
2025-06-20 17:15:00,145.846,145.907,145.803,145.843,1555,0,0
2025-06-20 17:30:00,145.844,145.895,145.804,145.834,1375,0,0
2025-06-20 17:45:00,145.832,145.946,145.824,145.917,2131,0,0
2025-06-20 18:00:00,145.917,145.945,145.793,145.856,1872,0,0
2025-06-20 18:15:00,145.856,145.858,145.788,145.853,1253,0,0
2025-06-20 18:30:00,145.853,145.909,145.832,145.891,1268,0,0
2025-06-20 18:45:00,145.891,145.956,145.889,145.929,1014,0,0
2025-06-20 19:00:00,145.929,145.95,145.893,145.902,889,0,0
2025-06-20 19:15:00,145.902,145.928,145.843,145.857,822,0,0
2025-06-20 19:30:00,145.858,145.863,145.799,145.804,640,0,0
2025-06-20 19:45:00,145.804,145.864,145.79,145.84,644,0,0
2025-06-20 20:00:00,145.84,145.873,145.825,145.855,559,0,0
2025-06-20 20:15:00,145.855,145.865,145.78,145.812,692,0,0
2025-06-20 20:30:00,145.812,145.899,145.798,145.898,698,0,0
2025-06-20 20:45:00,145.898,145.911,145.862,145.901,718,0,0
2025-06-20 21:00:00,145.901,145.923,145.874,145.885,481,0,0
2025-06-20 21:15:00,145.885,145.917,145.859,145.877,446,0,0
2025-06-20 21:30:00,145.879,145.957,145.877,145.94,437,0,0
2025-06-20 21:45:00,145.94,145.994,145.939,145.973,644,0,0
2025-06-20 22:00:00,145.973,146.004,145.971,145.984,572,0,0
2025-06-20 22:15:00,145.984,146.006,145.969,145.991,445,0,0
2025-06-20 22:30:00,145.991,146.109,145.989,146.094,535,0,0
2025-06-20 22:45:00,146.094,146.196,146.086,146.18,742,0,0
2025-06-20 23:00:00,146.18,146.218,146.124,146.137,477,0,0
2025-06-20 23:15:00,146.137,146.161,146.117,146.13,555,0,0
2025-06-20 23:30:00,146.129,146.139,146.063,146.138,482,0,0
2025-06-20 23:45:00,146.138,146.17,146.068,146.105,315,10,0
2025-06-23 00:00:00,146.657,146.669,146.534,146.606,162,66,0
2025-06-23 00:15:00,146.606,146.697,146.567,146.585,211,66,0
2025-06-23 00:30:00,146.585,146.642,146.549,146.596,265,66,0
2025-06-23 00:45:00,146.596,146.597,146.45,146.5,167,70,0
2025-06-23 01:00:00,146.5,146.573,146.276,146.515,794,0,0
2025-06-23 01:15:00,146.515,146.584,146.353,146.424,753,0,0
2025-06-23 01:30:00,146.424,146.483,146.372,146.404,635,0,0
2025-06-23 01:45:00,146.401,146.414,146.358,146.37,448,0,0
2025-06-23 02:00:00,146.37,146.426,146.286,146.308,718,0,0
2025-06-23 02:15:00,146.308,146.318,146.242,146.244,570,0,0
2025-06-23 02:30:00,146.244,146.279,146.232,146.25,657,0,0
2025-06-23 02:45:00,146.25,146.271,146.212,146.213,637,0,0
2025-06-23 03:00:00,146.213,146.405,146.145,146.403,1418,0,0
2025-06-23 03:15:00,146.403,146.498,146.38,146.447,1258,0,0
2025-06-23 03:30:00,146.448,146.524,146.333,146.381,1103,0,0
2025-06-23 03:45:00,146.382,146.501,146.367,146.454,1230,0,0
2025-06-23 04:00:00,146.454,146.569,146.429,146.502,1468,0,0
2025-06-23 04:15:00,146.496,146.743,146.494,146.718,1056,0,0
2025-06-23 04:30:00,146.718,146.766,146.654,146.718,1265,0,0
2025-06-23 04:45:00,146.72,146.749,146.648,146.671,970,0,0
2025-06-23 05:00:00,146.673,146.701,146.47,146.498,954,0,0
2025-06-23 05:15:00,146.497,146.499,146.369,146.395,749,0,0
2025-06-23 05:30:00,146.395,146.511,146.385,146.487,957,0,0
2025-06-23 05:45:00,146.49,146.581,146.488,146.566,750,0,0
2025-06-23 06:00:00,146.566,146.616,146.518,146.573,720,0,0
2025-06-23 06:15:00,146.573,146.734,146.573,146.674,813,0,0
2025-06-23 06:30:00,146.672,146.7,146.624,146.692,827,0,0
2025-06-23 06:45:00,146.692,146.725,146.632,146.7,706,0,0
2025-06-23 07:00:00,146.7,146.91,146.699,146.902,1048,0,0
2025-06-23 07:15:00,146.902,146.976,146.832,146.955,883,0,0
2025-06-23 07:30:00,146.955,147.01,146.872,147.0,958,0,0
2025-06-23 07:45:00,147.0,147.033,146.963,146.988,698,0,0
2025-06-23 08:00:00,146.988,147.092,146.952,147.081,1040,0,0
2025-06-23 08:15:00,147.081,147.206,147.071,147.131,1005,0,0
2025-06-23 08:30:00,147.131,147.295,147.073,147.201,1270,1,0
2025-06-23 08:45:00,147.201,147.296,147.105,147.107,1353,0,0
2025-06-23 09:00:00,147.107,147.231,147.067,147.215,1370,0,0
2025-06-23 09:15:00,147.213,147.388,147.191,147.372,1495,0,0
2025-06-23 09:30:00,147.372,147.396,147.248,147.253,1503,0,0
2025-06-23 09:45:00,147.253,147.265,147.122,147.157,1190,0,0
2025-06-23 10:00:00,147.155,147.182,147.063,147.17,1765,0,0
2025-06-23 10:15:00,147.17,147.185,147.041,147.165,1510,0,0
2025-06-23 10:30:00,147.165,147.271,147.108,147.231,1634,0,0
2025-06-23 10:45:00,147.23,147.357,147.179,147.335,1299,0,0
2025-06-23 11:00:00,147.335,147.504,147.329,147.493,1555,0,0
2025-06-23 11:15:00,147.493,147.522,147.375,147.394,1181,0,0
2025-06-23 11:30:00,147.394,147.521,147.37,147.483,1189,0,0
2025-06-23 11:45:00,147.488,147.629,147.457,147.606,1501,0,0
2025-06-23 12:00:00,147.606,147.827,147.606,147.781,1627,0,0
2025-06-23 12:15:00,147.781,147.943,147.767,147.908,1739,0,0
2025-06-23 12:30:00,147.907,147.956,147.727,147.769,1583,0,0
2025-06-23 12:45:00,147.77,147.876,147.728,147.871,1222,0,0
2025-06-23 13:00:00,147.87,147.903,147.814,147.86,1468,0,0
2025-06-23 13:15:00,147.86,147.94,147.771,147.925,1215,0,0
2025-06-23 13:30:00,147.925,147.985,147.866,147.93,1113,0,0
2025-06-23 13:45:00,147.931,147.989,147.924,147.986,1110,0,0
2025-06-23 14:00:00,147.986,148.029,147.833,147.855,1350,0,0
2025-06-23 14:15:00,147.855,147.905,147.814,147.861,1327,0,0
2025-06-23 14:30:00,147.861,147.867,147.755,147.767,1405,0,0
2025-06-23 14:45:00,147.767,147.773,147.51,147.589,1846,0,0
2025-06-23 15:00:00,147.589,147.622,147.508,147.538,1729,0,0
2025-06-23 15:15:00,147.54,147.565,147.479,147.517,1453,0,0
2025-06-23 15:30:00,147.517,147.636,147.441,147.459,1800,0,0
2025-06-23 15:45:00,147.459,147.463,147.353,147.417,1534,0,0
2025-06-23 16:00:00,147.418,147.456,147.312,147.44,1702,0,0
2025-06-23 16:15:00,147.439,147.469,147.369,147.419,1306,0,0
2025-06-23 16:30:00,147.419,147.505,147.3,147.3,1990,0,0
2025-06-23 16:45:00,147.309,147.374,147.143,147.31,2135,0,0
2025-06-23 17:00:00,147.31,147.337,146.805,146.819,3058,0,0
2025-06-23 17:15:00,146.814,146.872,146.625,146.789,2344,0,0
2025-06-23 17:30:00,146.789,146.873,146.636,146.658,2150,0,0
2025-06-23 17:45:00,146.658,146.729,146.498,146.563,2160,0,0
2025-06-23 18:00:00,146.564,146.624,146.425,146.434,1863,0,0
2025-06-23 18:15:00,146.433,146.447,146.336,146.373,1625,0,0
2025-06-23 18:30:00,146.373,146.426,146.334,146.405,1659,0,0
2025-06-23 18:45:00,146.405,146.495,146.383,146.468,1485,0,0
2025-06-23 19:00:00,146.468,146.535,146.412,146.534,1307,0,0
2025-06-23 19:15:00,146.534,146.542,146.333,146.373,1163,0,0
2025-06-23 19:30:00,146.373,146.526,146.354,146.362,1766,0,0
2025-06-23 19:45:00,146.362,146.376,146.233,146.364,1698,0,0
2025-06-23 20:00:00,146.364,146.479,146.33,146.477,1525,0,0
2025-06-23 20:15:00,146.477,146.526,146.363,146.397,1693,0,0
2025-06-23 20:30:00,146.398,146.404,146.154,146.176,1624,0,0
2025-06-23 20:45:00,146.176,146.285,146.175,146.211,1366,0,0
2025-06-23 21:00:00,146.211,146.221,146.054,146.064,1215,0,0
2025-06-23 21:15:00,146.064,146.112,146.011,146.112,1126,0,0
2025-06-23 21:30:00,146.112,146.244,146.078,146.115,1266,0,0
2025-06-23 21:45:00,146.115,146.173,146.051,146.163,1031,0,0
2025-06-23 22:00:00,146.162,146.174,146.086,146.095,781,0,0
2025-06-23 22:15:00,146.095,146.204,146.095,146.181,696,0,0
2025-06-23 22:30:00,146.181,146.191,146.096,146.109,613,0,0
2025-06-23 22:45:00,146.109,146.161,146.103,146.145,808,0,0
2025-06-23 23:00:00,146.145,146.149,146.073,146.116,661,0,0
2025-06-23 23:15:00,146.117,146.125,146.033,146.066,435,0,0
2025-06-23 23:30:00,146.066,146.159,146.062,146.134,618,0,0
2025-06-23 23:45:00,146.134,146.161,146.112,146.142,432,10,0
2025-06-24 00:00:00,146.117,146.117,146.052,146.085,76,70,0
2025-06-24 00:15:00,146.085,146.095,146.056,146.07,39,93,0
2025-06-24 00:30:00,146.07,146.156,146.052,146.138,143,66,0
2025-06-24 00:45:00,146.138,146.138,146.096,146.102,53,71,0
2025-06-24 01:00:00,146.102,146.178,145.837,145.92,516,0,0
2025-06-24 01:15:00,145.92,145.956,145.755,145.861,813,0,0
2025-06-24 01:30:00,145.861,145.945,145.833,145.93,841,0,0
2025-06-24 01:45:00,145.93,146.017,145.909,145.932,584,0,0
2025-06-24 02:00:00,145.932,146.049,145.879,145.978,982,0,0
2025-06-24 02:15:00,145.978,145.98,145.745,145.819,1148,0,0
2025-06-24 02:30:00,145.819,145.883,145.734,145.74,1050,0,0
2025-06-24 02:45:00,145.74,145.946,145.697,145.919,1092,0,0
2025-06-24 03:00:00,145.919,145.939,145.763,145.763,1711,0,0
2025-06-24 03:15:00,145.763,145.863,145.755,145.834,1297,0,0
2025-06-24 03:30:00,145.834,145.836,145.607,145.607,1264,0,0
2025-06-24 03:45:00,145.607,145.849,145.566,145.605,1941,0,0
2025-06-24 04:00:00,145.605,145.676,145.477,145.529,1434,0,0
2025-06-24 04:15:00,145.531,145.581,145.476,145.562,930,0,0
2025-06-24 04:30:00,145.564,145.705,145.528,145.672,1040,0,0
2025-06-24 04:45:00,145.672,145.734,145.625,145.679,1027,0,0
2025-06-24 05:00:00,145.679,145.704,145.572,145.59,862,0,0
2025-06-24 05:15:00,145.591,145.709,145.553,145.573,945,0,0
2025-06-24 05:30:00,145.573,145.573,145.484,145.489,867,0,0
2025-06-24 05:45:00,145.489,145.532,145.42,145.507,874,0,0
2025-06-24 06:00:00,145.507,145.514,145.424,145.457,891,0,0
2025-06-24 06:15:00,145.457,145.471,145.402,145.41,745,0,0
2025-06-24 06:30:00,145.41,145.444,145.325,145.351,682,0,0
2025-06-24 06:45:00,145.351,145.419,145.289,145.418,589,0,0
2025-06-24 07:00:00,145.418,145.515,145.394,145.466,929,0,0
2025-06-24 07:15:00,145.467,145.495,145.415,145.441,715,0,0
2025-06-24 07:30:00,145.441,145.442,145.36,145.401,713,0,0
2025-06-24 07:45:00,145.401,145.436,145.336,145.417,868,0,0
2025-06-24 08:00:00,145.416,145.516,145.408,145.516,849,0,0
2025-06-24 08:15:00,145.515,145.516,145.447,145.481,781,0,0
2025-06-24 08:30:00,145.481,145.491,145.403,145.449,809,0,0
2025-06-24 08:45:00,145.447,145.458,145.286,145.308,763,0,0
2025-06-24 09:00:00,145.308,145.312,145.194,145.26,1267,0,0
2025-06-24 09:15:00,145.26,145.265,145.047,145.114,1569,0,0
2025-06-24 09:30:00,145.113,145.251,145.081,145.116,1632,0,0
2025-06-24 09:45:00,145.116,145.218,145.105,145.198,1473,0,0
2025-06-24 10:00:00,145.195,145.241,145.027,145.029,1908,0,0
2025-06-24 10:15:00,145.029,145.095,144.995,145.044,1321,0,0
2025-06-24 10:30:00,145.046,145.265,145.04,145.252,1827,0,0
2025-06-24 10:45:00,145.252,145.406,145.215,145.322,1608,0,0
2025-06-24 11:00:00,145.322,145.332,145.085,145.091,1649,0,0
2025-06-24 11:15:00,145.091,145.149,144.947,145.065,1718,0,0
2025-06-24 11:30:00,145.064,145.084,144.955,145.016,1587,0,0
2025-06-24 11:45:00,145.016,145.113,144.999,145.094,1238,0,0
2025-06-24 12:00:00,145.094,145.152,145.047,145.117,1430,0,0
2025-06-24 12:15:00,145.117,145.148,145.042,145.106,1329,0,0
2025-06-24 12:30:00,145.112,145.122,144.92,144.922,1148,0,0
2025-06-24 12:45:00,144.922,144.977,144.851,144.97,1285,0,0
2025-06-24 13:00:00,144.97,145.064,144.915,145.016,971,0,0
2025-06-24 13:15:00,145.016,145.115,145.0,145.034,669,0,0
2025-06-24 13:30:00,145.033,145.057,144.997,145.032,844,0,0
2025-06-24 13:45:00,145.031,145.129,145.025,145.099,1037,0,0
2025-06-24 14:00:00,145.099,145.145,145.007,145.022,905,0,0
2025-06-24 14:15:00,145.022,145.032,144.932,144.965,1107,0,0
2025-06-24 14:30:00,144.964,144.964,144.902,144.934,1017,0,0
2025-06-24 14:45:00,144.934,145.016,144.902,144.966,1052,0,0
2025-06-24 15:00:00,144.967,145.059,144.934,145.0,1373,0,0
2025-06-24 15:15:00,145.0,145.158,145.0,145.114,1359,0,0
2025-06-24 15:30:00,145.114,145.183,144.927,144.975,1980,0,0
2025-06-24 15:45:00,144.974,145.03,144.948,144.994,1532,0,0
2025-06-24 16:00:00,144.994,145.127,144.854,145.101,1652,0,0
2025-06-24 16:15:00,145.101,145.194,145.068,145.115,1627,0,0
2025-06-24 16:30:00,145.116,145.152,145.036,145.143,1785,0,0
2025-06-24 16:45:00,145.144,145.15,145.044,145.055,1310,0,0
2025-06-24 17:00:00,145.054,145.054,144.74,144.77,2004,0,0
2025-06-24 17:15:00,144.77,144.803,144.515,144.581,2484,0,0
2025-06-24 17:30:00,144.581,144.658,144.517,144.541,1984,1,0
2025-06-24 17:45:00,144.541,144.741,144.519,144.741,1901,0,0
2025-06-24 18:00:00,144.741,144.771,144.612,144.687,1845,0,0
2025-06-24 18:15:00,144.688,144.755,144.572,144.744,1464,0,0
2025-06-24 18:30:00,144.744,144.873,144.721,144.839,1424,0,0
2025-06-24 18:45:00,144.839,144.905,144.776,144.9,1317,0,0
2025-06-24 19:00:00,144.901,144.967,144.873,144.873,1196,0,0
2025-06-24 19:15:00,144.878,144.913,144.833,144.836,953,0,0
2025-06-24 19:30:00,144.834,144.841,144.756,144.768,1153,0,0
2025-06-24 19:45:00,144.768,144.781,144.663,144.703,1039,0,0
2025-06-24 20:00:00,144.703,144.723,144.655,144.674,857,0,0
2025-06-24 20:15:00,144.675,144.676,144.56,144.644,966,0,0
2025-06-24 20:30:00,144.644,144.676,144.614,144.667,638,0,0
2025-06-24 20:45:00,144.667,144.755,144.636,144.73,594,0,0
2025-06-24 21:00:00,144.73,144.77,144.654,144.669,562,0,0
2025-06-24 21:15:00,144.669,144.744,144.654,144.711,546,0,0
2025-06-24 21:30:00,144.711,144.729,144.666,144.673,572,0,0
2025-06-24 21:45:00,144.673,144.711,144.66,144.684,663,0,0
2025-06-24 22:00:00,144.684,144.73,144.656,144.706,549,0,0
2025-06-24 22:15:00,144.706,144.73,144.672,144.706,466,0,0
2025-06-24 22:30:00,144.706,144.715,144.677,144.709,329,0,0
2025-06-24 22:45:00,144.709,144.79,144.701,144.775,682,0,0
2025-06-24 23:00:00,144.775,144.878,144.773,144.876,471,0,0
2025-06-24 23:15:00,144.876,144.876,144.786,144.804,452,0,0
2025-06-24 23:30:00,144.803,144.912,144.79,144.89,575,0,0
2025-06-24 23:45:00,144.89,144.911,144.858,144.893,434,10,0
2025-06-25 00:00:00,144.898,144.898,144.866,144.87,36,70,0
2025-06-25 00:15:00,144.87,144.87,144.79,144.816,39,118,0
2025-06-25 00:30:00,144.816,144.824,144.812,144.824,25,112,0
2025-06-25 00:45:00,144.824,144.824,144.779,144.81,93,120,0
2025-06-25 01:00:00,144.81,144.942,144.788,144.925,210,0,0
2025-06-25 01:15:00,144.925,144.938,144.881,144.894,210,0,0
2025-06-25 01:30:00,144.894,144.895,144.858,144.89,166,0,0
2025-06-25 01:45:00,144.89,144.967,144.871,144.933,200,0,0
2025-06-25 02:00:00,144.933,144.955,144.9,144.913,245,0,0
2025-06-25 02:15:00,144.913,144.93,144.796,144.824,374,0,0
2025-06-25 02:30:00,144.824,144.872,144.793,144.829,504,0,0
2025-06-25 02:45:00,144.829,144.976,144.797,144.935,681,0,0
2025-06-25 03:00:00,144.935,144.982,144.77,144.906,1323,0,0
2025-06-25 03:15:00,144.899,144.983,144.827,144.924,1059,0,0
2025-06-25 03:30:00,144.924,145.044,144.915,145.031,860,0,0
2025-06-25 03:45:00,145.031,145.045,144.88,144.885,1330,0,0
2025-06-25 04:00:00,144.885,144.885,144.625,144.71,1335,0,0
2025-06-25 04:15:00,144.71,144.878,144.666,144.878,1036,0,0
2025-06-25 04:30:00,144.878,144.901,144.698,144.726,1239,0,0
2025-06-25 04:45:00,144.726,144.765,144.641,144.659,988,0,0
2025-06-25 05:00:00,144.659,144.734,144.608,144.667,932,0,0
2025-06-25 05:15:00,144.667,144.795,144.66,144.778,709,0,0
2025-06-25 05:30:00,144.778,144.84,144.776,144.795,609,0,0
2025-06-25 05:45:00,144.795,144.807,144.757,144.806,548,0,0
2025-06-25 06:00:00,144.806,144.863,144.799,144.844,638,0,0
2025-06-25 06:15:00,144.844,144.845,144.784,144.797,537,0,0
2025-06-25 06:30:00,144.797,144.885,144.795,144.871,441,0,0
2025-06-25 06:45:00,144.871,144.983,144.865,144.976,653,0,0
2025-06-25 07:00:00,144.976,144.992,144.961,144.961,653,0,0
2025-06-25 07:15:00,144.961,144.962,144.911,144.933,569,0,0
2025-06-25 07:30:00,144.933,144.943,144.867,144.919,580,0,0
2025-06-25 07:45:00,144.919,144.962,144.901,144.94,663,0,0
2025-06-25 08:00:00,144.939,145.057,144.939,145.016,617,0,0
2025-06-25 08:15:00,145.016,145.157,145.015,145.132,875,0,0
2025-06-25 08:30:00,145.132,145.166,144.988,145.017,812,0,0
2025-06-25 08:45:00,145.017,145.121,145.016,145.036,791,0,0
2025-06-25 09:00:00,145.036,145.194,145.006,145.074,920,0,0
2025-06-25 09:15:00,145.073,145.212,145.073,145.159,1051,0,0
2025-06-25 09:30:00,145.159,145.205,145.095,145.16,993,0,0
2025-06-25 09:45:00,145.159,145.335,145.137,145.3,1192,0,0
2025-06-25 10:00:00,145.301,145.372,145.273,145.323,1270,0,0
2025-06-25 10:15:00,145.323,145.345,145.292,145.305,1094,0,0
2025-06-25 10:30:00,145.305,145.361,145.234,145.275,1116,0,0
2025-06-25 10:45:00,145.274,145.35,145.262,145.313,1403,0,0
2025-06-25 11:00:00,145.313,145.362,145.24,145.359,1106,0,0
2025-06-25 11:15:00,145.36,145.455,145.356,145.448,1114,0,0
2025-06-25 11:30:00,145.448,145.493,145.416,145.419,1115,0,0
2025-06-25 11:45:00,145.416,145.497,145.405,145.477,918,0,0
2025-06-25 12:00:00,145.477,145.622,145.457,145.595,1286,0,0
2025-06-25 12:15:00,145.595,145.639,145.572,145.612,1008,0,0
2025-06-25 12:30:00,145.612,145.681,145.612,145.661,854,0,0
2025-06-25 12:45:00,145.661,145.679,145.621,145.628,942,0,0
2025-06-25 13:00:00,145.628,145.661,145.612,145.659,828,0,0
2025-06-25 13:15:00,145.659,145.66,145.549,145.614,901,0,0
2025-06-25 13:30:00,145.614,145.703,145.613,145.686,779,0,0
2025-06-25 13:45:00,145.686,145.751,145.686,145.733,751,0,0
2025-06-25 14:00:00,145.733,145.753,145.669,145.697,797,0,0
2025-06-25 14:15:00,145.697,145.798,145.695,145.773,904,0,0
2025-06-25 14:30:00,145.773,145.8,145.719,145.745,986,0,0
2025-06-25 14:45:00,145.745,145.782,145.717,145.751,1088,0,0
2025-06-25 15:00:00,145.751,145.798,145.723,145.729,1281,0,0
2025-06-25 15:15:00,145.729,145.796,145.728,145.789,1008,0,0
2025-06-25 15:30:00,145.789,145.857,145.698,145.848,1185,0,0
2025-06-25 15:45:00,145.848,145.922,145.844,145.862,1286,0,0
2025-06-25 16:00:00,145.861,145.952,145.861,145.877,1305,0,0
2025-06-25 16:15:00,145.872,145.897,145.822,145.846,991,0,0
2025-06-25 16:30:00,145.847,145.897,145.755,145.788,1346,0,0
2025-06-25 16:45:00,145.788,145.907,145.78,145.865,1366,0,0
2025-06-25 17:00:00,145.866,145.874,145.581,145.726,1601,0,0
2025-06-25 17:15:00,145.726,145.821,145.64,145.641,1903,1,0
2025-06-25 17:30:00,145.641,145.712,145.57,145.646,1592,0,0
2025-06-25 17:45:00,145.646,145.727,145.592,145.699,1772,0,0
2025-06-25 18:00:00,145.7,145.736,145.601,145.624,1697,0,0
2025-06-25 18:15:00,145.624,145.679,145.609,145.623,1227,0,0
2025-06-25 18:30:00,145.623,145.652,145.526,145.545,1362,0,0
2025-06-25 18:45:00,145.545,145.599,145.538,145.596,1312,0,0
2025-06-25 19:00:00,145.595,145.604,145.451,145.459,786,0,0
2025-06-25 19:15:00,145.459,145.499,145.419,145.429,975,0,0
2025-06-25 19:30:00,145.429,145.455,145.4,145.415,683,0,0
2025-06-25 19:45:00,145.415,145.472,145.393,145.452,582,0,0
2025-06-25 20:00:00,145.452,145.501,145.435,145.498,820,0,0
2025-06-25 20:15:00,145.498,145.508,145.434,145.447,545,0,0
2025-06-25 20:30:00,145.447,145.457,145.405,145.42,1051,0,0
2025-06-25 20:45:00,145.42,145.432,145.369,145.393,852,0,0
2025-06-25 21:00:00,145.393,145.406,145.337,145.34,493,0,0
2025-06-25 21:15:00,145.34,145.344,145.277,145.289,545,0,0
2025-06-25 21:30:00,145.289,145.289,145.186,145.227,816,0,0
2025-06-25 21:45:00,145.227,145.227,145.148,145.153,760,0,0
2025-06-25 22:00:00,145.153,145.178,145.107,145.135,785,0,0
2025-06-25 22:15:00,145.135,145.172,145.127,145.132,470,0,0
2025-06-25 22:30:00,145.132,145.189,145.13,145.167,524,0,0
2025-06-25 22:45:00,145.167,145.248,145.152,145.241,626,0,0
2025-06-25 23:00:00,145.241,145.291,145.196,145.282,607,0,0
2025-06-25 23:15:00,145.282,145.312,145.271,145.312,296,0,0
2025-06-25 23:30:00,145.312,145.337,145.287,145.291,311,0,0
2025-06-25 23:45:00,145.291,145.304,145.239,145.241,694,10,0
2025-06-26 00:00:00,145.201,145.201,145.13,145.143,97,70,0
2025-06-26 00:15:00,145.143,145.197,145.121,145.19,133,74,0
2025-06-26 00:30:00,145.19,145.198,145.174,145.189,231,75,0
2025-06-26 00:45:00,145.189,145.195,145.146,145.167,287,74,0
2025-06-26 01:00:00,145.167,145.247,145.159,145.216,426,0,0
2025-06-26 01:15:00,145.216,145.233,145.181,145.226,254,0,0
2025-06-26 01:30:00,145.226,145.265,145.195,145.209,187,0,0
2025-06-26 01:45:00,145.209,145.244,145.207,145.231,131,0,0
2025-06-26 02:00:00,145.231,145.231,144.979,145.015,935,0,0
2025-06-26 02:15:00,145.014,145.074,144.985,145.014,652,0,0
2025-06-26 02:30:00,145.014,145.025,144.943,144.961,546,0,0
2025-06-26 02:45:00,144.961,144.975,144.875,144.917,721,0,0
2025-06-26 03:00:00,144.914,144.95,144.802,144.877,1234,0,0
2025-06-26 03:15:00,144.877,144.941,144.794,144.798,882,0,0
2025-06-26 03:30:00,144.798,144.851,144.756,144.773,1105,0,0
2025-06-26 03:45:00,144.773,144.808,144.684,144.694,955,0,0
2025-06-26 04:00:00,144.693,144.788,144.675,144.776,944,0,0
2025-06-26 04:15:00,144.78,144.928,144.765,144.84,922,0,0
2025-06-26 04:30:00,144.84,144.923,144.764,144.83,841,0,0
2025-06-26 04:45:00,144.829,144.839,144.719,144.72,828,0,0
2025-06-26 05:00:00,144.72,144.768,144.663,144.745,845,0,0
2025-06-26 05:15:00,144.745,144.787,144.69,144.739,666,0,0
2025-06-26 05:30:00,144.739,144.841,144.705,144.715,700,0,0
2025-06-26 05:45:00,144.715,144.78,144.67,144.693,857,0,0
2025-06-26 06:00:00,144.693,144.754,144.567,144.713,1186,0,0
2025-06-26 06:15:00,144.713,144.714,144.653,144.689,714,0,0
2025-06-26 06:30:00,144.689,144.818,144.681,144.768,735,0,0
2025-06-26 06:45:00,144.768,144.801,144.743,144.786,427,0,0
2025-06-26 07:00:00,144.786,144.965,144.784,144.923,675,0,0
2025-06-26 07:15:00,144.923,144.925,144.818,144.821,726,0,0
2025-06-26 07:30:00,144.821,144.821,144.743,144.75,419,0,0
2025-06-26 07:45:00,144.747,144.806,144.733,144.78,444,0,0
2025-06-26 08:00:00,144.78,144.919,144.78,144.82,799,0,0
2025-06-26 08:15:00,144.82,144.83,144.719,144.731,870,0,0
2025-06-26 08:30:00,144.731,144.834,144.714,144.826,903,0,0
2025-06-26 08:45:00,144.826,144.833,144.583,144.645,1037,0,0
2025-06-26 09:00:00,144.645,144.704,144.384,144.464,1538,0,0
2025-06-26 09:15:00,144.464,144.622,144.463,144.602,1242,0,0
2025-06-26 09:30:00,144.602,144.622,144.312,144.35,1466,0,0
2025-06-26 09:45:00,144.35,144.401,144.284,144.309,1584,0,0
2025-06-26 10:00:00,144.309,144.309,144.134,144.144,1575,0,0
2025-06-26 10:15:00,144.144,144.166,144.037,144.122,1563,0,0
2025-06-26 10:30:00,144.122,144.226,144.088,144.093,1339,0,0
2025-06-26 10:45:00,144.093,144.101,143.936,144.065,1474,0,0
2025-06-26 11:00:00,144.066,144.105,143.834,143.842,1748,0,0
2025-06-26 11:15:00,143.842,143.88,143.789,143.838,1650,0,0
2025-06-26 11:30:00,143.836,143.914,143.753,143.891,1634,0,0
2025-06-26 11:45:00,143.891,143.951,143.874,143.927,1409,0,0
2025-06-26 12:00:00,143.927,144.024,143.9,144.019,1441,0,0
2025-06-26 12:15:00,144.019,144.127,144.003,144.025,1331,0,0
2025-06-26 12:30:00,144.024,144.024,143.901,143.935,1212,0,0
2025-06-26 12:45:00,143.935,144.116,143.929,144.074,840,0,0
2025-06-26 13:00:00,144.074,144.176,144.051,144.143,1133,0,0
2025-06-26 13:15:00,144.135,144.135,144.006,144.015,1039,0,0
2025-06-26 13:30:00,144.015,144.157,144.012,144.143,967,0,0
2025-06-26 13:45:00,144.143,144.219,144.126,144.204,956,0,0
2025-06-26 14:00:00,144.204,144.287,144.196,144.273,1102,0,0
2025-06-26 14:15:00,144.273,144.406,144.266,144.363,1088,0,0
2025-06-26 14:30:00,144.363,144.441,144.275,144.4,1253,0,0
2025-06-26 14:45:00,144.4,144.444,144.367,144.388,1431,0,0
2025-06-26 15:00:00,144.388,144.489,144.301,144.375,1424,0,0
2025-06-26 15:15:00,144.375,144.376,144.168,144.2,1067,0,0
2025-06-26 15:30:00,144.162,144.497,144.133,144.259,2612,0,0
2025-06-26 15:45:00,144.254,144.373,144.211,144.307,2222,0,0
2025-06-26 16:00:00,144.307,144.494,144.248,144.382,2352,0,0
2025-06-26 16:15:00,144.382,144.437,144.259,144.269,1891,0,0
2025-06-26 16:30:00,144.269,144.389,144.24,144.296,1982,0,0
2025-06-26 16:45:00,144.295,144.309,144.166,144.236,1763,0,0
2025-06-26 17:00:00,144.236,144.401,144.235,144.317,2020,0,0
2025-06-26 17:15:00,144.317,144.415,144.26,144.37,2058,0,0
2025-06-26 17:30:00,144.371,144.381,144.179,144.214,1813,0,0
2025-06-26 17:45:00,144.214,144.473,144.158,144.41,2281,0,0
2025-06-26 18:00:00,144.41,144.538,144.354,144.419,1903,0,0
2025-06-26 18:15:00,144.419,144.498,144.402,144.497,1483,0,0
2025-06-26 18:30:00,144.497,144.497,144.316,144.337,1443,0,0
2025-06-26 18:45:00,144.337,144.408,144.325,144.338,1133,0,0
2025-06-26 19:00:00,144.338,144.372,144.292,144.293,771,0,0
2025-06-26 19:15:00,144.293,144.418,144.193,144.199,1197,0,0
2025-06-26 19:30:00,144.199,144.202,144.056,144.122,959,0,0
2025-06-26 19:45:00,144.121,144.259,144.1,144.251,1014,0,0
2025-06-26 20:00:00,144.249,144.277,144.131,144.174,1131,0,0
2025-06-26 20:15:00,144.174,144.223,144.145,144.181,1025,0,0
2025-06-26 20:30:00,144.182,144.247,144.149,144.177,785,0,0
2025-06-26 20:45:00,144.177,144.207,144.14,144.19,842,0,0
2025-06-26 21:00:00,144.19,144.219,144.152,144.156,866,0,0
2025-06-26 21:15:00,144.154,144.265,144.154,144.235,764,0,0
2025-06-26 21:30:00,144.236,144.263,144.199,144.244,465,0,0
2025-06-26 21:45:00,144.244,144.262,144.187,144.201,661,0,0
2025-06-26 22:00:00,144.202,144.376,144.198,144.337,623,0,0
2025-06-26 22:15:00,144.337,144.407,144.335,144.347,651,0,0
2025-06-26 22:30:00,144.347,144.359,144.302,144.318,527,0,0
2025-06-26 22:45:00,144.318,144.395,144.303,144.374,662,0,0
2025-06-26 23:00:00,144.375,144.462,144.333,144.415,628,0,0
2025-06-26 23:15:00,144.415,144.453,144.41,144.419,521,0,0
2025-06-26 23:30:00,144.42,144.467,144.404,144.404,418,0,0
2025-06-26 23:45:00,144.404,144.426,144.369,144.379,345,10,0
2025-06-27 00:00:00,144.371,144.411,144.246,144.247,91,66,0
2025-06-27 00:15:00,144.247,144.37,144.247,144.365,127,66,0
2025-06-27 00:30:00,144.365,144.388,144.337,144.383,133,66,0
2025-06-27 00:45:00,144.383,144.385,144.309,144.328,99,66,0
2025-06-27 01:00:00,144.328,144.538,144.312,144.468,225,0,0
2025-06-27 01:15:00,144.468,144.523,144.453,144.474,299,0,0
2025-06-27 01:30:00,144.474,144.665,144.473,144.621,528,0,0
2025-06-27 01:45:00,144.621,144.633,144.573,144.573,217,0,0
2025-06-27 02:00:00,144.574,144.587,144.504,144.505,444,0,0
2025-06-27 02:15:00,144.505,144.508,144.391,144.42,511,0,0
2025-06-27 02:30:00,144.42,144.676,144.42,144.493,778,0,0
2025-06-27 02:45:00,144.493,144.743,144.476,144.681,812,0,0
2025-06-27 03:00:00,144.67,144.755,144.548,144.568,1340,0,0
2025-06-27 03:15:00,144.568,144.736,144.54,144.721,997,0,0
2025-06-27 03:30:00,144.72,144.809,144.703,144.732,1047,0,0
2025-06-27 03:45:00,144.732,144.758,144.522,144.651,1390,0,0
2025-06-27 04:00:00,144.652,144.744,144.623,144.726,953,0,0
2025-06-27 04:15:00,144.726,144.742,144.564,144.577,1012,0,0
2025-06-27 04:30:00,144.577,144.621,144.484,144.502,1102,0,0
2025-06-27 04:45:00,144.502,144.503,144.274,144.286,1282,0,0
2025-06-27 05:00:00,144.286,144.349,144.198,144.311,935,0,0
2025-06-27 05:15:00,144.313,144.386,144.241,144.365,837,0,0
2025-06-27 05:30:00,144.365,144.396,144.276,144.347,785,0,0
2025-06-27 05:45:00,144.347,144.368,144.27,144.325,710,0,0
2025-06-27 06:00:00,144.326,144.357,144.255,144.281,778,0,0
2025-06-27 06:15:00,144.281,144.344,144.258,144.317,558,0,0
2025-06-27 06:30:00,144.317,144.419,144.3,144.416,588,0,0
2025-06-27 06:45:00,144.416,144.504,144.36,144.459,999,0,0
2025-06-27 07:00:00,144.458,144.48,144.412,144.455,783,0,0
2025-06-27 07:15:00,144.455,144.504,144.436,144.502,740,0,0
2025-06-27 07:30:00,144.502,144.547,144.467,144.502,710,0,0
2025-06-27 07:45:00,144.502,144.591,144.502,144.545,785,0,0
2025-06-27 08:00:00,144.545,144.593,144.51,144.528,793,0,0
2025-06-27 08:15:00,144.528,144.58,144.485,144.492,709,0,0
2025-06-27 08:30:00,144.492,144.529,144.395,144.44,988,0,0
2025-06-27 08:45:00,144.439,144.471,144.363,144.428,802,0,0
2025-06-27 09:00:00,144.428,144.505,144.376,144.434,1110,0,0
2025-06-27 09:15:00,144.434,144.442,144.284,144.343,1112,0,0
2025-06-27 09:30:00,144.344,144.377,144.263,144.285,1245,0,0
2025-06-27 09:45:00,144.285,144.315,144.207,144.241,1442,0,0
2025-06-27 10:00:00,144.241,144.346,144.178,144.301,1524,0,0
2025-06-27 10:15:00,144.301,144.555,144.301,144.49,1366,0,0
2025-06-27 10:30:00,144.49,144.521,144.389,144.446,1095,0,0
2025-06-27 10:45:00,144.446,144.532,144.446,144.483,1324,0,0
2025-06-27 11:00:00,144.483,144.516,144.364,144.376,1399,0,0
2025-06-27 11:15:00,144.376,144.379,144.294,144.367,1157,0,0
2025-06-27 11:30:00,144.367,144.41,144.314,144.316,1097,0,0
2025-06-27 11:45:00,144.316,144.434,144.261,144.423,1010,0,0
2025-06-27 12:00:00,144.423,144.458,144.37,144.386,770,0,0
2025-06-27 12:15:00,144.386,144.418,144.351,144.38,902,0,0
2025-06-27 12:30:00,144.379,144.461,144.375,144.444,809,0,0
2025-06-27 12:45:00,144.444,144.492,144.386,144.486,888,0,0
2025-06-27 13:00:00,144.486,144.542,144.463,144.533,1036,0,0
2025-06-27 13:15:00,144.533,144.634,144.531,144.63,874,0,0
2025-06-27 13:30:00,144.63,144.681,144.59,144.654,951,0,0
2025-06-27 13:45:00,144.654,144.658,144.523,144.535,1049,0,0
2025-06-27 14:00:00,144.534,144.574,144.489,144.561,976,0,0
2025-06-27 14:15:00,144.561,144.593,144.52,144.543,626,0,0
2025-06-27 14:30:00,144.544,144.633,144.519,144.565,1054,1,0
2025-06-27 14:45:00,144.566,144.617,144.488,144.493,1096,1,0
2025-06-27 15:00:00,144.493,144.622,144.48,144.578,1447,1,0
2025-06-27 15:15:00,144.579,144.623,144.496,144.529,1345,0,0
2025-06-27 15:30:00,144.529,144.579,144.364,144.485,2312,1,0
2025-06-27 15:45:00,144.485,144.495,144.364,144.446,2063,0,0
2025-06-27 16:00:00,144.446,144.614,144.383,144.591,2132,0,0
2025-06-27 16:15:00,144.591,144.747,144.548,144.741,1844,0,0
2025-06-27 16:30:00,144.741,144.807,144.686,144.686,1905,0,0
2025-06-27 16:45:00,144.687,144.744,144.627,144.729,1559,0,0
2025-06-27 17:00:00,144.728,144.777,144.571,144.634,1722,0,0
2025-06-27 17:15:00,144.635,144.723,144.59,144.712,1615,0,0
2025-06-27 17:30:00,144.712,144.913,144.688,144.864,1882,0,0
2025-06-27 17:45:00,144.864,144.947,144.831,144.881,1845,0,0
2025-06-27 18:00:00,144.881,144.911,144.719,144.732,1551,0,0
2025-06-27 18:15:00,144.732,144.793,144.687,144.791,1269,0,0
2025-06-27 18:30:00,144.791,144.818,144.628,144.659,1187,0,0
2025-06-27 18:45:00,144.656,144.738,144.612,144.736,1404,0,0
2025-06-27 19:00:00,144.736,144.753,144.612,144.624,911,0,0
2025-06-27 19:15:00,144.624,144.679,144.576,144.579,1008,0,0
2025-06-27 19:30:00,144.579,144.616,144.541,144.565,575,0,0
2025-06-27 19:45:00,144.565,144.683,144.563,144.646,798,0,0
2025-06-27 20:00:00,144.646,144.671,144.584,144.658,609,0,0
2025-06-27 20:15:00,144.658,144.765,144.623,144.724,986,0,0
2025-06-27 20:30:00,144.724,144.885,144.722,144.857,760,0,0
2025-06-27 20:45:00,144.856,144.902,144.721,144.74,1982,0,0
2025-06-27 21:00:00,144.74,144.809,144.697,144.706,1292,0,0
2025-06-27 21:15:00,144.706,144.752,144.644,144.74,998,0,0
2025-06-27 21:30:00,144.74,144.851,144.74,144.766,874,0,0
2025-06-27 21:45:00,144.766,144.766,144.652,144.701,760,0,0
2025-06-27 22:00:00,144.701,144.741,144.656,144.709,609,0,0
2025-06-27 22:15:00,144.708,144.747,144.692,144.695,468,0,0
2025-06-27 22:30:00,144.695,144.751,144.679,144.739,455,0,0
2025-06-27 22:45:00,144.739,144.796,144.706,144.752,867,0,0
2025-06-27 23:00:00,144.752,144.762,144.671,144.683,639,0,0
2025-06-27 23:15:00,144.683,144.693,144.642,144.687,386,0,0
2025-06-27 23:30:00,144.687,144.687,144.632,144.667,271,0,0
2025-06-27 23:45:00,144.667,144.695,144.618,144.62,427,10,0
2025-06-30 00:00:00,144.306,144.421,144.306,144.416,190,66,0
2025-06-30 00:15:00,144.416,144.453,144.402,144.449,182,66,0
2025-06-30 00:30:00,144.449,144.456,144.31,144.329,189,66,0
2025-06-30 00:45:00,144.329,144.448,144.305,144.4,316,66,0
2025-06-30 01:00:00,144.4,144.604,144.4,144.578,695,0,0
2025-06-30 01:15:00,144.579,144.669,144.572,144.658,1240,0,0
2025-06-30 01:30:00,144.658,144.658,144.491,144.504,502,0,0
2025-06-30 01:45:00,144.504,144.525,144.458,144.479,400,0,0
2025-06-30 02:00:00,144.479,144.508,144.422,144.424,658,0,0
2025-06-30 02:15:00,144.424,144.466,144.386,144.464,366,0,0
2025-06-30 02:30:00,144.464,144.499,144.449,144.449,291,0,0
2025-06-30 02:45:00,144.449,144.544,144.426,144.505,518,0,0
2025-06-30 03:00:00,144.505,144.604,144.477,144.574,1027,0,0
2025-06-30 03:15:00,144.58,144.618,144.521,144.535,851,0,0
2025-06-30 03:30:00,144.536,144.625,144.518,144.577,730,0,0
2025-06-30 03:45:00,144.577,144.762,144.548,144.622,1440,0,0
2025-06-30 04:00:00,144.622,144.657,144.555,144.612,934,0,0
2025-06-30 04:15:00,144.613,144.635,144.365,144.382,1141,0,0
2025-06-30 04:30:00,144.382,144.424,144.262,144.29,779,0,0
2025-06-30 04:45:00,144.29,144.345,144.248,144.331,1052,0,0
2025-06-30 05:00:00,144.331,144.331,144.129,144.156,1203,0,0
2025-06-30 05:15:00,144.156,144.227,144.091,144.117,883,0,0
2025-06-30 05:30:00,144.117,144.253,144.113,144.245,842,0,0
2025-06-30 05:45:00,144.246,144.297,144.203,144.29,668,0,0
2025-06-30 06:00:00,144.29,144.314,144.197,144.208,539,0,0
2025-06-30 06:15:00,144.208,144.23,144.161,144.211,589,0,0
2025-06-30 06:30:00,144.212,144.307,144.183,144.281,541,0,0
2025-06-30 06:45:00,144.281,144.281,144.179,144.22,628,0,0
2025-06-30 07:00:00,144.22,144.236,144.084,144.12,677,0,0
2025-06-30 07:15:00,144.12,144.147,144.09,144.126,481,0,0
2025-06-30 07:30:00,144.126,144.126,144.005,144.029,713,0,0
2025-06-30 07:45:00,144.029,144.043,143.916,143.949,976,0,0
2025-06-30 08:00:00,143.949,143.952,143.844,143.898,936,0,0
2025-06-30 08:15:00,143.898,143.898,143.822,143.848,833,0,0
2025-06-30 08:30:00,143.848,143.937,143.797,143.885,1086,0,0
2025-06-30 08:45:00,143.885,143.934,143.853,143.913,840,0,0
2025-06-30 09:00:00,143.913,143.962,143.882,143.891,851,0,0
2025-06-30 09:15:00,143.893,143.979,143.863,143.905,1034,0,0
2025-06-30 09:30:00,143.905,144.017,143.86,143.884,1269,0,0
2025-06-30 09:45:00,143.884,144.008,143.85,143.883,1289,0,0
2025-06-30 10:00:00,143.884,143.975,143.789,143.813,1596,0,0
2025-06-30 10:15:00,143.813,143.959,143.779,143.954,1525,0,0
2025-06-30 10:30:00,143.954,144.046,143.903,144.043,1302,0,0
2025-06-30 10:45:00,144.041,144.17,144.036,144.127,1404,0,0
2025-06-30 11:00:00,144.127,144.152,144.015,144.113,1591,0,0
2025-06-30 11:15:00,144.114,144.214,144.11,144.135,1173,0,0
2025-06-30 11:30:00,144.135,144.184,144.094,144.121,1122,0,0
2025-06-30 11:45:00,144.121,144.199,144.09,144.115,1249,0,0
2025-06-30 12:00:00,144.114,144.195,144.106,144.132,1302,0,0
2025-06-30 12:15:00,144.132,144.187,144.055,144.184,1132,0,0
2025-06-30 12:30:00,144.184,144.225,144.152,144.198,1169,0,0
2025-06-30 12:45:00,144.198,144.268,144.186,144.266,1149,0,0
2025-06-30 13:00:00,144.266,144.29,144.202,144.212,1077,0,0
2025-06-30 13:15:00,144.212,144.223,144.188,144.199,709,0,0
2025-06-30 13:30:00,144.199,144.223,144.183,144.216,777,0,0
2025-06-30 13:45:00,144.217,144.228,144.179,144.184,916,0,0
2025-06-30 14:00:00,144.184,144.222,144.158,144.212,1187,0,0
2025-06-30 14:15:00,144.212,144.282,144.199,144.271,1043,0,0
2025-06-30 14:30:00,144.271,144.333,144.257,144.318,974,0,0
2025-06-30 14:45:00,144.318,144.344,144.267,144.334,1193,0,0
2025-06-30 15:00:00,144.334,144.366,144.289,144.358,1079,0,0
2025-06-30 15:15:00,144.357,144.459,144.356,144.425,1111,0,0
2025-06-30 15:30:00,144.425,144.488,144.414,144.458,1164,0,0
2025-06-30 15:45:00,144.458,144.495,144.432,144.46,954,0,0
2025-06-30 16:00:00,144.46,144.483,144.364,144.365,1191,0,0
2025-06-30 16:15:00,144.365,144.446,144.333,144.419,1505,0,0
2025-06-30 16:30:00,144.419,144.482,144.354,144.399,1592,0,0
2025-06-30 16:45:00,144.4,144.512,144.316,144.366,2246,0,0
2025-06-30 17:00:00,144.364,144.43,144.293,144.402,2157,0,0
2025-06-30 17:15:00,144.402,144.485,144.344,144.364,1848,0,0
2025-06-30 17:30:00,144.364,144.366,144.213,144.282,1893,0,0
2025-06-30 17:45:00,144.283,144.501,144.241,144.448,2604,0,0
2025-06-30 18:00:00,144.449,144.498,144.214,144.215,2146,0,0
2025-06-30 18:15:00,144.215,144.302,144.212,144.281,1529,0,0
2025-06-30 18:30:00,144.281,144.36,144.238,144.308,1739,0,0
2025-06-30 18:45:00,144.308,144.332,144.157,144.167,1760,0,0
2025-06-30 19:00:00,144.167,144.28,144.142,144.249,1345,0,0
2025-06-30 19:15:00,144.249,144.369,144.218,144.327,951,0,0
2025-06-30 19:30:00,144.327,144.387,144.296,144.311,1031,0,0
2025-06-30 19:45:00,144.311,144.323,144.212,144.225,1132,0,0
2025-06-30 20:00:00,144.225,144.251,144.183,144.251,998,0,0
2025-06-30 20:15:00,144.251,144.251,144.158,144.192,864,0,0
2025-06-30 20:30:00,144.192,144.248,144.154,144.234,683,0,0
2025-06-30 20:45:00,144.234,144.323,144.189,144.253,1002,0,0
2025-06-30 21:00:00,144.253,144.296,144.164,144.223,1151,0,0
2025-06-30 21:15:00,144.223,144.254,144.166,144.196,842,0,0
2025-06-30 21:30:00,144.196,144.197,144.132,144.143,829,0,0
2025-06-30 21:45:00,144.143,144.214,144.134,144.205,971,0,0
2025-06-30 22:00:00,144.204,144.245,144.141,144.161,757,0,0
2025-06-30 22:15:00,144.161,144.213,144.139,144.185,699,0,0
2025-06-30 22:30:00,144.185,144.185,144.13,144.142,622,0,0
2025-06-30 22:45:00,144.142,144.165,143.995,144.041,991,0,0
2025-06-30 23:00:00,144.037,144.055,143.963,143.989,846,0,0
2025-06-30 23:15:00,143.989,143.998,143.96,143.967,338,0,0
2025-06-30 23:30:00,143.967,143.987,143.956,143.983,429,0,0
2025-06-30 23:45:00,143.983,144.026,143.976,144.006,591,10,0
2025-07-01 00:00:00,143.992,144.029,143.97,143.982,162,66,0
2025-07-01 00:15:00,143.982,144.023,143.978,144.017,162,66,0
2025-07-01 00:30:00,144.017,144.019,143.966,144.01,194,66,0
2025-07-01 00:45:00,144.01,144.043,143.944,143.948,223,66,0
2025-07-01 01:00:00,143.946,144.034,143.916,143.942,281,0,0
2025-07-01 01:15:00,143.942,143.97,143.899,143.904,241,0,0
2025-07-01 01:30:00,143.904,143.959,143.859,143.92,227,0,0
2025-07-01 01:45:00,143.92,143.941,143.899,143.919,206,0,0
2025-07-01 02:00:00,143.919,143.934,143.884,143.888,268,0,0
2025-07-01 02:15:00,143.888,143.895,143.837,143.86,300,0,0
2025-07-01 02:30:00,143.86,143.895,143.841,143.886,256,0,0
2025-07-01 02:45:00,143.886,143.905,143.773,143.81,628,0,0
2025-07-01 03:00:00,143.81,143.813,143.605,143.666,1266,0,0
2025-07-01 03:15:00,143.667,143.753,143.666,143.676,898,0,0
2025-07-01 03:30:00,143.673,143.746,143.639,143.722,870,0,0
2025-07-01 03:45:00,143.722,143.744,143.558,143.569,1123,0,0
2025-07-01 04:00:00,143.569,143.632,143.537,143.546,956,0,0
2025-07-01 04:15:00,143.546,143.639,143.439,143.61,1197,0,0
2025-07-01 04:30:00,143.61,143.775,143.61,143.698,992,0,0
2025-07-01 04:45:00,143.697,143.807,143.689,143.798,807,0,0
2025-07-01 05:00:00,143.798,143.836,143.69,143.699,745,0,0
2025-07-01 05:15:00,143.699,143.751,143.658,143.751,542,0,0
2025-07-01 05:30:00,143.751,143.768,143.644,143.768,494,0,0
2025-07-01 05:45:00,143.768,143.773,143.66,143.729,491,0,0
2025-07-01 06:00:00,143.729,143.732,143.632,143.671,778,0,0
2025-07-01 06:15:00,143.671,143.747,143.646,143.74,542,0,0
2025-07-01 06:30:00,143.74,143.819,143.736,143.799,665,0,0
2025-07-01 06:45:00,143.799,143.895,143.753,143.881,585,0,0
2025-07-01 07:00:00,143.881,143.935,143.815,143.851,951,0,0
2025-07-01 07:15:00,143.851,143.873,143.813,143.859,692,0,0
2025-07-01 07:30:00,143.859,143.877,143.818,143.832,600,0,0
2025-07-01 07:45:00,143.832,143.844,143.753,143.753,548,0,0
2025-07-01 08:00:00,143.753,143.753,143.642,143.654,773,0,0
2025-07-01 08:15:00,143.654,143.726,143.638,143.646,654,0,0
2025-07-01 08:30:00,143.646,143.679,143.596,143.613,522,0,0
2025-07-01 08:45:00,143.613,143.679,143.57,143.584,770,0,0
2025-07-01 09:00:00,143.584,143.728,143.552,143.671,1172,0,0
2025-07-01 09:15:00,143.671,143.762,143.631,143.631,882,0,0
2025-07-01 09:30:00,143.632,143.68,143.588,143.66,1189,0,0
2025-07-01 09:45:00,143.66,143.71,143.646,143.672,1151,0,0
2025-07-01 10:00:00,143.672,143.74,143.433,143.434,1586,0,0
2025-07-01 10:15:00,143.434,143.457,143.293,143.339,1467,0,0
2025-07-01 10:30:00,143.339,143.355,143.226,143.239,1412,0,0
2025-07-01 10:45:00,143.239,143.246,143.07,143.07,939,0,0
2025-07-01 11:00:00,143.07,143.096,143.01,143.063,1573,0,0
2025-07-01 11:15:00,143.067,143.137,142.989,143.029,1480,0,0
2025-07-01 11:30:00,143.029,143.096,142.941,143.016,1536,0,0
2025-07-01 11:45:00,143.016,143.085,142.889,143.04,1652,0,0
2025-07-01 12:00:00,143.04,143.168,143.023,143.034,1402,0,0
2025-07-01 12:15:00,143.036,143.036,142.914,142.956,1421,0,0
2025-07-01 12:30:00,142.956,142.956,142.821,142.867,1580,0,0
2025-07-01 12:45:00,142.866,142.96,142.833,142.943,1272,0,0
2025-07-01 13:00:00,142.944,142.958,142.822,142.856,1393,0,0
2025-07-01 13:15:00,142.856,142.956,142.848,142.922,1030,0,0
2025-07-01 13:30:00,142.922,142.996,142.887,142.902,1106,0,0
2025-07-01 13:45:00,142.902,142.987,142.861,142.983,951,0,0
2025-07-01 14:00:00,142.982,142.991,142.86,142.911,1177,0,0
2025-07-01 14:15:00,142.911,142.97,142.9,142.912,1049,0,0
2025-07-01 14:30:00,142.912,142.971,142.793,142.815,1085,0,0
2025-07-01 14:45:00,142.815,142.874,142.706,142.737,1488,0,0
2025-07-01 15:00:00,142.737,142.913,142.683,142.855,1841,0,0
2025-07-01 15:15:00,142.855,142.993,142.846,142.989,1411,0,0
2025-07-01 15:30:00,142.989,143.097,142.952,143.085,1656,0,0
2025-07-01 15:45:00,143.085,143.091,142.988,143.067,1449,0,0
2025-07-01 16:00:00,143.071,143.168,143.053,143.156,1641,0,0
2025-07-01 16:15:00,143.154,143.273,143.129,143.223,1428,0,0
2025-07-01 16:30:00,143.223,143.282,143.088,143.115,1573,0,0
2025-07-01 16:45:00,143.114,143.289,142.934,143.049,2395,0,0
2025-07-01 17:00:00,143.043,143.48,143.021,143.361,2818,0,0
2025-07-01 17:15:00,143.363,143.459,143.281,143.38,2245,0,0
2025-07-01 17:30:00,143.379,143.48,143.303,143.384,2089,0,0
2025-07-01 17:45:00,143.384,143.467,143.338,143.44,2391,0,0
2025-07-01 18:00:00,143.44,143.564,143.439,143.546,1989,0,0
2025-07-01 18:15:00,143.547,143.618,143.475,143.607,1816,0,0
2025-07-01 18:30:00,143.606,143.668,143.525,143.617,1806,0,0
2025-07-01 18:45:00,143.616,143.648,143.549,143.579,1353,0,0
2025-07-01 19:00:00,143.58,143.744,143.578,143.7,1272,0,0
2025-07-01 19:15:00,143.7,143.758,143.684,143.689,1149,0,0
2025-07-01 19:30:00,143.689,143.726,143.637,143.701,846,0,0
2025-07-01 19:45:00,143.701,143.779,143.693,143.693,795,0,0
2025-07-01 20:00:00,143.693,143.745,143.656,143.712,699,0,0
2025-07-01 20:15:00,143.712,143.753,143.637,143.66,970,0,0
2025-07-01 20:30:00,143.66,143.66,143.606,143.651,446,0,0
2025-07-01 20:45:00,143.651,143.665,143.602,143.627,624,0,0
2025-07-01 21:00:00,143.627,143.697,143.623,143.683,475,0,0
2025-07-01 21:15:00,143.683,143.759,143.677,143.739,433,0,0
2025-07-01 21:30:00,143.739,143.786,143.723,143.765,495,0,0
2025-07-01 21:45:00,143.765,143.793,143.718,143.72,539,0,0
2025-07-01 22:00:00,143.72,143.788,143.581,143.627,1065,1,0
2025-07-01 22:15:00,143.627,143.766,143.627,143.762,745,0,0
2025-07-01 22:30:00,143.762,143.804,143.758,143.781,644,0,0
2025-07-01 22:45:00,143.78,143.788,143.751,143.773,849,0,0
2025-07-01 23:00:00,143.772,143.773,143.581,143.62,595,0,0
2025-07-01 23:15:00,143.62,143.664,143.577,143.585,383,0,0
2025-07-01 23:30:00,143.583,143.583,143.414,143.44,650,0,0
2025-07-01 23:45:00,143.44,143.454,143.392,143.405,445,10,0
2025-07-02 00:00:00,143.392,143.392,143.359,143.377,27,66,0
2025-07-02 00:15:00,143.377,143.389,143.365,143.387,79,66,0
2025-07-02 00:30:00,143.387,143.433,143.362,143.392,103,66,0
2025-07-02 00:45:00,143.392,143.392,143.36,143.364,66,66,0
2025-07-02 01:00:00,143.364,143.44,143.343,143.399,133,0,0
2025-07-02 01:15:00,143.399,143.432,143.385,143.411,154,0,0
2025-07-02 01:30:00,143.411,143.449,143.4,143.402,281,0,0
2025-07-02 01:45:00,143.402,143.417,143.365,143.412,178,0,0
2025-07-02 02:00:00,143.412,143.473,143.396,143.428,304,0,0
2025-07-02 02:15:00,143.428,143.455,143.388,143.401,238,0,0
2025-07-02 02:30:00,143.401,143.401,143.343,143.359,371,0,0
2025-07-02 02:45:00,143.359,143.456,143.345,143.37,564,0,0
2025-07-02 03:00:00,143.37,143.595,143.322,143.51,1508,0,0
2025-07-02 03:15:00,143.51,143.609,143.463,143.599,808,0,0
2025-07-02 03:30:00,143.599,143.661,143.565,143.659,732,0,0
2025-07-02 03:45:00,143.658,143.659,143.433,143.476,1197,0,0
2025-07-02 04:00:00,143.476,143.612,143.444,143.567,946,0,0
2025-07-02 04:15:00,143.567,143.595,143.472,143.475,822,0,0
2025-07-02 04:30:00,143.474,143.568,143.455,143.493,902,0,0
2025-07-02 04:45:00,143.493,143.689,143.474,143.657,946,0,0
2025-07-02 05:00:00,143.657,143.75,143.63,143.646,930,0,0
2025-07-02 05:15:00,143.646,143.665,143.588,143.601,730,0,0
2025-07-02 05:30:00,143.602,143.622,143.562,143.574,528,0,0
2025-07-02 05:45:00,143.574,143.591,143.513,143.539,538,0,0
2025-07-02 06:00:00,143.539,143.571,143.483,143.539,584,0,0
2025-07-02 06:15:00,143.539,143.578,143.521,143.556,623,0,0
2025-07-02 06:30:00,143.556,143.586,143.519,143.55,591,0,0
2025-07-02 06:45:00,143.55,143.589,143.516,143.528,673,0,0
2025-07-02 07:00:00,143.528,143.537,143.462,143.477,656,0,0
2025-07-02 07:15:00,143.477,143.56,143.475,143.549,733,0,0
2025-07-02 07:30:00,143.549,143.611,143.534,143.574,632,0,0
2025-07-02 07:45:00,143.573,143.607,143.549,143.555,525,0,0
2025-07-02 08:00:00,143.555,143.733,143.544,143.668,666,0,0
2025-07-02 08:15:00,143.668,143.775,143.668,143.695,751,0,0
2025-07-02 08:30:00,143.695,143.732,143.623,143.635,567,0,0
2025-07-02 08:45:00,143.635,143.855,143.635,143.757,1137,0,0
2025-07-02 09:00:00,143.757,143.805,143.702,143.738,838,0,0
2025-07-02 09:15:00,143.737,143.779,143.705,143.71,874,0,0
2025-07-02 09:30:00,143.713,143.824,143.674,143.817,1332,0,0
2025-07-02 09:45:00,143.819,143.887,143.798,143.806,1314,0,0
2025-07-02 10:00:00,143.806,143.943,143.806,143.852,1520,0,0
2025-07-02 10:15:00,143.85,143.954,143.842,143.936,1391,0,0
2025-07-02 10:30:00,143.936,144.051,143.836,143.841,1537,0,0
2025-07-02 10:45:00,143.841,143.922,143.824,143.899,1030,0,0
2025-07-02 11:00:00,143.899,143.927,143.781,143.815,897,0,0
2025-07-02 11:15:00,143.815,143.89,143.794,143.852,1109,0,0
2025-07-02 11:30:00,143.852,143.904,143.811,143.825,1031,0,0
2025-07-02 11:45:00,143.826,143.974,143.82,143.972,1012,0,0
2025-07-02 12:00:00,143.972,144.127,143.929,144.112,1188,0,0
2025-07-02 12:15:00,144.112,144.203,144.058,144.177,1144,0,0
2025-07-02 12:30:00,144.177,144.247,144.153,144.188,1030,0,0
2025-07-02 12:45:00,144.188,144.234,144.132,144.152,1180,0,0
2025-07-02 13:00:00,144.152,144.158,144.005,144.037,1042,0,0
2025-07-02 13:15:00,144.04,144.06,143.967,143.999,963,0,0
2025-07-02 13:30:00,143.999,144.016,143.891,143.919,1002,0,0
2025-07-02 13:45:00,143.917,143.946,143.862,143.926,1029,0,0
2025-07-02 14:00:00,143.926,143.971,143.892,143.906,966,0,0
2025-07-02 14:15:00,143.906,143.987,143.904,143.978,822,0,0
2025-07-02 14:30:00,143.978,144.095,143.954,144.077,1086,0,0
2025-07-02 14:45:00,144.077,144.198,144.077,144.182,1510,0,0
2025-07-02 15:00:00,144.181,144.213,144.122,144.176,1748,0,0
2025-07-02 15:15:00,144.161,144.2,143.486,143.668,3110,0,0
2025-07-02 15:30:00,143.673,143.865,143.599,143.773,2396,0,0
2025-07-02 15:45:00,143.775,143.893,143.705,143.869,1905,0,0
2025-07-02 16:00:00,143.87,143.908,143.635,143.731,2226,0,0
2025-07-02 16:15:00,143.731,144.13,143.731,144.064,1983,0,0
2025-07-02 16:30:00,144.064,144.111,143.892,143.911,2372,0,0
2025-07-02 16:45:00,143.911,144.104,143.888,143.998,2165,0,0
2025-07-02 17:00:00,144.002,144.078,143.904,144.072,1843,0,0
2025-07-02 17:15:00,144.072,144.1,143.944,144.013,1649,0,0
2025-07-02 17:30:00,144.013,144.08,143.916,144.003,1760,0,0
2025-07-02 17:45:00,144.002,144.152,143.969,144.026,2186,0,0
2025-07-02 18:00:00,144.026,144.036,143.862,143.871,1771,0,0
2025-07-02 18:15:00,143.873,143.92,143.824,143.857,1204,0,0
2025-07-02 18:30:00,143.856,143.896,143.805,143.817,1236,0,0
2025-07-02 18:45:00,143.817,143.83,143.734,143.762,1151,0,0
2025-07-02 19:00:00,143.762,143.777,143.696,143.717,846,0,0
2025-07-02 19:15:00,143.717,143.729,143.656,143.708,994,0,0
2025-07-02 19:30:00,143.707,143.743,143.665,143.742,815,0,0
2025-07-02 19:45:00,143.741,143.811,143.715,143.737,987,0,0
2025-07-02 20:00:00,143.739,143.741,143.628,143.671,872,0,0
2025-07-02 20:15:00,143.671,143.748,143.617,143.713,783,0,0
2025-07-02 20:30:00,143.713,143.742,143.675,143.701,734,0,0
2025-07-02 20:45:00,143.701,143.714,143.645,143.695,586,0,0
2025-07-02 21:00:00,143.695,143.734,143.666,143.681,561,0,0
2025-07-02 21:15:00,143.681,143.692,143.623,143.638,523,0,0
2025-07-02 21:30:00,143.638,143.638,143.597,143.602,617,0,0
2025-07-02 21:45:00,143.602,143.659,143.581,143.621,642,0,0
2025-07-02 22:00:00,143.621,143.661,143.617,143.66,692,0,0
2025-07-02 22:15:00,143.66,143.668,143.608,143.628,473,0,0
2025-07-02 22:30:00,143.628,143.667,143.596,143.651,591,0,0
2025-07-02 22:45:00,143.651,143.66,143.572,143.62,486,0,0
2025-07-02 23:00:00,143.62,143.676,143.609,143.627,403,0,0
2025-07-02 23:15:00,143.627,143.658,143.625,143.636,373,0,0
2025-07-02 23:30:00,143.636,143.681,143.636,143.656,261,0,0
2025-07-02 23:45:00,143.656,143.681,143.642,143.648,339,10,0
2025-07-03 00:00:00,143.618,143.704,143.592,143.68,29,70,0
2025-07-03 00:15:00,143.68,143.68,143.611,143.628,269,120,0
2025-07-03 00:30:00,143.628,143.649,143.602,143.619,148,71,0
2025-07-03 00:45:00,143.619,143.631,143.575,143.595,88,66,0
2025-07-03 01:00:00,143.595,143.658,143.567,143.592,320,0,0
2025-07-03 01:15:00,143.592,143.598,143.566,143.567,158,0,0
2025-07-03 01:30:00,143.567,143.629,143.563,143.614,172,0,0
2025-07-03 01:45:00,143.614,143.637,143.587,143.615,157,0,0
2025-07-03 02:00:00,143.615,143.616,143.525,143.559,238,0,0
2025-07-03 02:15:00,143.559,143.607,143.52,143.589,307,0,0
2025-07-03 02:30:00,143.589,143.591,143.487,143.503,563,0,0
2025-07-03 02:45:00,143.503,143.572,143.483,143.521,388,0,0
2025-07-03 03:00:00,143.521,143.614,143.457,143.566,970,0,0
2025-07-03 03:15:00,143.566,143.577,143.454,143.505,849,0,0
2025-07-03 03:30:00,143.504,143.554,143.447,143.512,1084,0,0
2025-07-03 03:45:00,143.512,143.595,143.455,143.588,1176,0,0
2025-07-03 04:00:00,143.588,143.689,143.552,143.592,843,0,0
2025-07-03 04:15:00,143.592,143.597,143.542,143.552,563,0,0
2025-07-03 04:30:00,143.552,143.604,143.493,143.495,728,0,0
2025-07-03 04:45:00,143.495,143.571,143.489,143.552,525,0,0
2025-07-03 05:00:00,143.552,143.683,143.548,143.671,627,0,0
2025-07-03 05:15:00,143.671,143.762,143.665,143.732,604,0,0
2025-07-03 05:30:00,143.732,143.732,143.666,143.695,413,0,0
2025-07-03 05:45:00,143.695,143.695,143.655,143.683,333,0,0
2025-07-03 06:00:00,143.683,143.734,143.675,143.698,281,0,0
2025-07-03 06:15:00,143.698,143.771,143.678,143.766,364,0,0
2025-07-03 06:30:00,143.766,143.835,143.717,143.807,469,0,0
2025-07-03 06:45:00,143.807,143.882,143.792,143.851,486,0,0
2025-07-03 07:00:00,143.851,143.852,143.785,143.802,673,0,0
2025-07-03 07:15:00,143.802,143.825,143.768,143.786,558,0,0
2025-07-03 07:30:00,143.786,143.847,143.763,143.828,440,0,0
2025-07-03 07:45:00,143.827,143.857,143.785,143.839,457,0,0
2025-07-03 08:00:00,143.839,143.915,143.823,143.912,542,0,0
2025-07-03 08:15:00,143.912,143.929,143.88,143.888,364,0,0
2025-07-03 08:30:00,143.888,143.916,143.852,143.864,535,0,0
2025-07-03 08:45:00,143.864,143.887,143.767,143.861,788,0,0
2025-07-03 09:00:00,143.861,143.888,143.757,143.838,1193,0,0
2025-07-03 09:15:00,143.838,143.897,143.799,143.893,901,0,0
2025-07-03 09:30:00,143.893,143.932,143.852,143.895,1159,0,0
2025-07-03 09:45:00,143.896,143.924,143.758,143.774,1015,0,0
2025-07-03 10:00:00,143.774,143.817,143.749,143.786,1214,0,0
2025-07-03 10:15:00,143.786,143.823,143.688,143.691,1001,0,0
2025-07-03 10:30:00,143.691,143.814,143.672,143.794,1051,0,0
2025-07-03 10:45:00,143.791,143.916,143.791,143.862,939,0,0
2025-07-03 11:00:00,143.862,143.895,143.824,143.845,1033,0,0
2025-07-03 11:15:00,143.845,143.882,143.773,143.838,968,0,0
2025-07-03 11:30:00,143.839,143.883,143.803,143.824,1060,0,0
2025-07-03 11:45:00,143.824,143.882,143.792,143.872,1101,0,0
2025-07-03 12:00:00,143.875,143.894,143.824,143.867,1063,0,0
2025-07-03 12:15:00,143.867,143.892,143.836,143.872,913,0,0
2025-07-03 12:30:00,143.872,143.888,143.825,143.862,770,0,0
2025-07-03 12:45:00,143.862,143.877,143.842,143.856,661,0,0
2025-07-03 13:00:00,143.856,143.859,143.763,143.82,883,0,0
2025-07-03 13:15:00,143.82,143.821,143.748,143.761,726,0,0
2025-07-03 13:30:00,143.763,143.807,143.738,143.807,807,0,0
2025-07-03 13:45:00,143.807,143.864,143.776,143.848,663,0,0
2025-07-03 14:00:00,143.848,143.863,143.817,143.856,749,0,0
2025-07-03 14:15:00,143.856,143.867,143.821,143.837,666,0,0
2025-07-03 14:30:00,143.837,143.867,143.828,143.857,793,0,0
2025-07-03 14:45:00,143.857,143.896,143.851,143.864,1150,0,0
2025-07-03 15:00:00,143.865,143.951,143.84,143.902,1130,1,0
2025-07-03 15:15:00,143.903,143.923,143.756,143.776,1224,1,0
2025-07-03 15:30:00,143.738,145.08,143.738,145.057,3786,0,0
2025-07-03 15:45:00,145.058,145.237,144.932,145.009,2877,0,0
2025-07-03 16:00:00,145.009,145.073,144.919,144.989,2684,0,0
2025-07-03 16:15:00,144.989,144.989,144.763,144.768,2213,0,0
2025-07-03 16:30:00,144.768,144.853,144.685,144.702,2247,0,0
2025-07-03 16:45:00,144.702,144.788,144.609,144.731,1925,0,0
2025-07-03 17:00:00,144.737,144.933,144.641,144.874,2268,1,0
2025-07-03 17:15:00,144.874,145.019,144.84,144.885,1802,0,0
2025-07-03 17:30:00,144.885,145.098,144.885,145.026,1865,0,0
2025-07-03 17:45:00,145.026,145.134,145.009,145.094,1801,0,0
2025-07-03 18:00:00,145.094,145.165,144.981,144.989,1992,0,0
2025-07-03 18:15:00,144.989,145.03,144.826,144.841,1299,0,0
2025-07-03 18:30:00,144.841,144.943,144.82,144.919,1334,0,0
2025-07-03 18:45:00,144.919,145.009,144.888,144.969,1015,0,0
2025-07-03 19:00:00,144.969,145.087,144.947,145.015,1189,0,0
2025-07-03 19:15:00,145.019,145.195,145.009,145.124,999,0,0
2025-07-03 19:30:00,145.124,145.214,145.123,145.155,855,0,0
2025-07-03 19:45:00,145.155,145.188,145.051,145.054,701,0,0
2025-07-03 20:00:00,145.054,145.071,144.996,145.045,506,0,0
2025-07-03 20:15:00,145.045,145.077,145.016,145.016,281,0,0
2025-07-03 20:30:00,145.016,145.093,145.016,145.085,366,0,0
2025-07-03 20:45:00,145.085,145.087,145.062,145.077,281,0,0
2025-07-03 21:00:00,145.077,145.09,145.017,145.017,318,0,0
2025-07-03 21:15:00,145.017,145.076,145.013,145.068,282,0,0
2025-07-03 21:30:00,145.068,145.073,145.033,145.064,277,0,0
2025-07-03 21:45:00,145.064,145.115,145.04,145.106,235,0,0
2025-07-03 22:00:00,145.106,145.115,145.07,145.072,468,0,0
2025-07-03 22:15:00,145.072,145.075,145.011,145.017,286,0,0
2025-07-03 22:30:00,145.017,145.031,145.011,145.021,207,0,0
2025-07-03 22:45:00,145.022,145.044,144.985,145.043,204,0,0
2025-07-03 23:00:00,145.043,145.084,145.01,145.029,366,0,0
2025-07-03 23:15:00,145.029,145.033,144.964,144.987,357,0,0
2025-07-03 23:30:00,144.987,145.001,144.906,144.917,335,0,0
2025-07-03 23:45:00,144.917,144.948,144.911,144.916,393,10,0
2025-07-04 00:00:00,144.916,144.916,144.884,144.899,65,20,0
2025-07-04 00:15:00,144.899,144.926,144.898,144.921,41,66,0
2025-07-04 00:30:00,144.921,144.939,144.912,144.92,117,66,0
2025-07-04 00:45:00,144.92,144.924,144.902,144.914,162,66,0
2025-07-04 01:00:00,144.914,144.963,144.892,144.957,324,0,0
2025-07-04 01:15:00,144.957,144.957,144.912,144.935,241,0,0
2025-07-04 01:30:00,144.935,144.971,144.904,144.932,169,0,0
2025-07-04 01:45:00,144.932,144.934,144.875,144.875,174,0,0
2025-07-04 02:00:00,144.875,144.929,144.855,144.856,274,0,0
2025-07-04 02:15:00,144.856,144.888,144.84,144.857,201,0,0
2025-07-04 02:30:00,144.857,144.87,144.739,144.75,538,0,0
2025-07-04 02:45:00,144.75,144.782,144.685,144.711,536,0,0
2025-07-04 03:00:00,144.711,144.786,144.662,144.674,770,0,0
2025-07-04 03:15:00,144.674,144.681,144.626,144.662,682,0,0
2025-07-04 03:30:00,144.662,144.669,144.6,144.65,566,0,0
2025-07-04 03:45:00,144.65,144.676,144.574,144.604,927,0,0
2025-07-04 04:00:00,144.604,144.684,144.601,144.649,679,0,0
2025-07-04 04:15:00,144.654,144.712,144.582,144.694,872,0,0
2025-07-04 04:30:00,144.695,144.753,144.684,144.717,827,0,0
2025-07-04 04:45:00,144.717,144.786,144.689,144.761,801,0,0
2025-07-04 05:00:00,144.761,144.794,144.692,144.704,720,0,0
2025-07-04 05:15:00,144.704,144.734,144.63,144.637,455,0,0
2025-07-04 05:30:00,144.637,144.642,144.601,144.611,476,0,0
2025-07-04 05:45:00,144.611,144.658,144.602,144.65,491,0,0
2025-07-04 06:00:00,144.65,144.668,144.567,144.567,461,0,0
2025-07-04 06:15:00,144.568,144.577,144.494,144.508,453,0,0
2025-07-04 06:30:00,144.508,144.52,144.462,144.488,477,0,0
2025-07-04 06:45:00,144.488,144.524,144.474,144.524,461,0,0
2025-07-04 07:00:00,144.524,144.528,144.467,144.496,607,0,0
2025-07-04 07:15:00,144.496,144.506,144.337,144.442,799,0,0
2025-07-04 07:30:00,144.442,144.451,144.327,144.371,571,0,0
2025-07-04 07:45:00,144.371,144.419,144.339,144.379,795,0,0
2025-07-04 08:00:00,144.379,144.4,144.348,144.362,559,0,0
2025-07-04 08:15:00,144.362,144.385,144.349,144.377,463,0,0
2025-07-04 08:30:00,144.377,144.381,144.316,144.37,722,0,0
2025-07-04 08:45:00,144.37,144.372,144.307,144.34,729,0,0
2025-07-04 09:00:00,144.333,144.433,144.295,144.295,877,0,0
2025-07-04 09:15:00,144.295,144.296,144.183,144.274,928,0,0
2025-07-04 09:30:00,144.274,144.296,144.215,144.233,796,0,0
2025-07-04 09:45:00,144.233,144.336,144.213,144.246,956,0,0
2025-07-04 10:00:00,144.244,144.412,144.237,144.401,1329,0,0
2025-07-04 10:15:00,144.399,144.415,144.328,144.352,1359,0,0
2025-07-04 10:30:00,144.353,144.415,144.318,144.411,1346,0,0
2025-07-04 10:45:00,144.412,144.429,144.319,144.408,1222,0,0
2025-07-04 11:00:00,144.408,144.416,144.336,144.352,878,0,0
2025-07-04 11:15:00,144.352,144.391,144.286,144.381,838,0,0
2025-07-04 11:30:00,144.381,144.399,144.338,144.36,875,0,0
2025-07-04 11:45:00,144.36,144.381,144.327,144.343,964,0,0
2025-07-04 12:00:00,144.343,144.375,144.307,144.333,1078,0,0
2025-07-04 12:15:00,144.333,144.336,144.277,144.314,900,0,0
2025-07-04 12:30:00,144.314,144.361,144.299,144.342,843,0,0
2025-07-04 12:45:00,144.342,144.348,144.307,144.316,968,0,0
2025-07-04 13:00:00,144.316,144.349,144.313,144.323,924,0,0
2025-07-04 13:15:00,144.324,144.345,144.283,144.335,851,0,0
2025-07-04 13:30:00,144.335,144.382,144.327,144.364,902,0,0
2025-07-04 13:45:00,144.364,144.387,144.322,144.346,894,0,0
2025-07-04 14:00:00,144.346,144.363,144.317,144.337,741,0,0
2025-07-04 14:15:00,144.337,144.351,144.305,144.34,740,1,0
2025-07-04 14:30:00,144.34,144.352,144.316,144.348,665,0,0
2025-07-04 14:45:00,144.348,144.402,144.338,144.393,913,0,0
2025-07-04 15:00:00,144.393,144.414,144.364,144.391,720,0,0
2025-07-04 15:15:00,144.391,144.445,144.358,144.43,587,0,0
2025-07-04 15:30:00,144.43,144.436,144.39,144.414,608,0,0
2025-07-04 15:45:00,144.414,144.447,144.385,144.422,614,0,0
2025-07-04 16:00:00,144.422,144.461,144.387,144.458,582,0,0
2025-07-04 16:15:00,144.458,144.493,144.43,144.487,580,0,0
2025-07-04 16:30:00,144.487,144.507,144.431,144.443,919,0,0
2025-07-04 16:45:00,144.443,144.484,144.44,144.462,811,1,0
2025-07-04 17:00:00,144.462,144.476,144.41,144.467,991,0,0
2025-07-04 17:15:00,144.467,144.477,144.428,144.449,823,0,0
2025-07-04 17:30:00,144.449,144.525,144.441,144.521,885,0,0
2025-07-04 17:45:00,144.521,144.566,144.506,144.522,904,0,0
2025-07-04 18:00:00,144.522,144.553,144.504,144.542,846,0,0
2025-07-04 18:15:00,144.542,144.548,144.507,144.52,703,0,0
2025-07-04 18:30:00,144.52,144.551,144.511,144.543,474,0,0
2025-07-04 18:45:00,144.543,144.547,144.515,144.532,539,0,0
2025-07-04 19:00:00,144.532,144.55,144.509,144.521,397,0,0
2025-07-04 19:15:00,144.521,144.53,144.482,144.485,441,0,0
2025-07-04 19:30:00,144.485,144.51,144.481,144.502,428,0,0
2025-07-04 19:45:00,144.502,144.512,144.489,144.499,579,0,0
2025-07-04 20:00:00,144.499,144.518,144.476,144.5,2002,2,0
2025-07-04 20:15:00,144.498,144.514,144.48,144.492,929,0,0
2025-07-04 20:30:00,144.492,144.5,144.475,144.478,954,0,0
2025-07-04 20:45:00,144.477,144.482,144.47,144.474,1072,0,0
2025-07-04 21:00:00,144.474,144.518,144.472,144.487,789,0,0
2025-07-04 21:15:00,144.487,144.494,144.487,144.493,297,0,0
2025-07-04 21:30:00,144.493,144.497,144.479,144.483,913,0,0
2025-07-04 21:45:00,144.483,144.491,144.476,144.48,836,0,0
2025-07-04 22:00:00,144.48,144.508,144.44,144.478,765,0,0
2025-07-04 22:15:00,144.479,144.518,144.476,144.504,692,0,0
2025-07-04 22:30:00,144.502,144.52,144.493,144.505,1035,0,0
2025-07-04 22:45:00,144.505,144.579,144.5,144.568,998,0,0
2025-07-04 23:00:00,144.568,144.578,144.47,144.535,1810,1,0
2025-07-04 23:15:00,144.535,144.552,144.485,144.538,2013,2,0
2025-07-04 23:30:00,144.538,144.566,144.46,144.468,1453,10,0
2025-07-04 23:45:00,144.468,144.532,144.395,144.508,386,39,0
2025-07-07 00:00:00,144.365,144.391,144.36,144.362,54,169,0
2025-07-07 00:15:00,144.362,144.415,144.36,144.382,101,147,0
2025-07-07 00:30:00,144.382,144.452,144.37,144.378,312,110,0
2025-07-07 00:45:00,144.378,144.456,144.346,144.421,279,103,0
2025-07-07 01:00:00,144.421,144.635,144.368,144.583,401,0,0
2025-07-07 01:15:00,144.583,144.583,144.514,144.516,406,0,0
2025-07-07 01:30:00,144.519,144.525,144.469,144.497,337,0,0
2025-07-07 01:45:00,144.497,144.518,144.462,144.49,187,0,0
2025-07-07 02:00:00,144.49,144.542,144.465,144.54,235,0,0
2025-07-07 02:15:00,144.54,144.583,144.535,144.549,257,0,0
2025-07-07 02:30:00,144.547,144.575,144.483,144.526,535,0,0
2025-07-07 02:45:00,144.526,144.55,144.467,144.489,705,0,0
2025-07-07 03:00:00,144.494,144.506,144.315,144.362,1067,0,0
2025-07-07 03:15:00,144.362,144.466,144.334,144.432,874,0,0
2025-07-07 03:30:00,144.435,144.46,144.358,144.364,907,0,0
2025-07-07 03:45:00,144.364,144.394,144.296,144.357,1133,0,0
2025-07-07 04:00:00,144.356,144.431,144.296,144.3,954,0,0
2025-07-07 04:15:00,144.298,144.308,144.226,144.296,878,0,0
2025-07-07 04:30:00,144.297,144.444,144.255,144.441,873,0,0
2025-07-07 04:45:00,144.441,144.581,144.432,144.537,906,0,0
2025-07-07 05:00:00,144.537,144.57,144.497,144.556,873,0,0
2025-07-07 05:15:00,144.556,144.72,144.547,144.719,738,0,0
2025-07-07 05:30:00,144.719,144.796,144.719,144.766,994,0,0
2025-07-07 05:45:00,144.766,144.839,144.743,144.818,539,0,0
2025-07-07 06:00:00,144.818,144.842,144.711,144.729,761,0,0
2025-07-07 06:15:00,144.729,144.75,144.708,144.725,604,0,0
2025-07-07 06:30:00,144.725,144.848,144.725,144.827,638,0,0
2025-07-07 06:45:00,144.827,144.848,144.799,144.833,651,0,0
2025-07-07 07:00:00,144.833,144.883,144.803,144.827,585,0,0
2025-07-07 07:15:00,144.827,144.849,144.784,144.826,575,0,0
2025-07-07 07:30:00,144.826,144.953,144.796,144.943,628,0,0
2025-07-07 07:45:00,144.943,144.999,144.939,144.985,697,0,0
2025-07-07 08:00:00,144.985,145.039,144.948,145.032,825,0,0
2025-07-07 08:15:00,145.032,145.076,144.989,145.052,911,0,0
2025-07-07 08:30:00,145.052,145.078,144.98,145.059,805,0,0
2025-07-07 08:45:00,145.059,145.068,144.94,144.987,883,0,0
2025-07-07 09:00:00,144.987,145.117,144.952,145.041,1128,0,0
2025-07-07 09:15:00,145.047,145.095,144.997,145.066,893,0,0
2025-07-07 09:30:00,145.066,145.158,145.052,145.078,1341,0,0
2025-07-07 09:45:00,145.078,145.105,145.021,145.025,1092,0,0
2025-07-07 10:00:00,145.025,145.074,144.977,145.014,1309,0,0
2025-07-07 10:15:00,145.014,145.06,144.991,145.056,1105,0,0
2025-07-07 10:30:00,145.063,145.188,145.052,145.181,1142,0,0
2025-07-07 10:45:00,145.181,145.203,145.145,145.2,1296,0,0
2025-07-07 11:00:00,145.2,145.289,145.146,145.215,1301,0,0
2025-07-07 11:15:00,145.215,145.247,145.151,145.152,1096,0,0
2025-07-07 11:30:00,145.152,145.193,145.11,145.183,1317,0,0
2025-07-07 11:45:00,145.183,145.345,145.183,145.337,1370,0,0
2025-07-07 12:00:00,145.336,145.391,145.276,145.37,1080,0,0
2025-07-07 12:15:00,145.37,145.443,145.35,145.425,966,0,0
2025-07-07 12:30:00,145.427,145.477,145.421,145.475,835,0,0
2025-07-07 12:45:00,145.475,145.489,145.418,145.434,961,0,0
2025-07-07 13:00:00,145.434,145.515,145.413,145.444,962,0,0
2025-07-07 13:15:00,145.45,145.495,145.397,145.489,906,0,0
2025-07-07 13:30:00,145.49,145.532,145.448,145.463,1005,0,0
2025-07-07 13:45:00,145.463,145.474,145.413,145.435,750,0,0
2025-07-07 14:00:00,145.434,145.474,145.4,145.433,1015,0,0
2025-07-07 14:15:00,145.433,145.446,145.384,145.408,766,0,0
2025-07-07 14:30:00,145.409,145.444,145.377,145.427,924,0,0
2025-07-07 14:45:00,145.423,145.512,145.376,145.494,1313,0,0
2025-07-07 15:00:00,145.494,145.596,145.479,145.563,1411,0,0
2025-07-07 15:15:00,145.563,145.605,145.554,145.581,950,0,0
2025-07-07 15:30:00,145.581,145.646,145.556,145.593,1267,0,0
2025-07-07 15:45:00,145.593,145.624,145.568,145.591,1074,0,0
2025-07-07 16:00:00,145.59,145.709,145.572,145.703,1346,0,0
2025-07-07 16:15:00,145.703,145.747,145.674,145.689,1110,0,0
2025-07-07 16:30:00,145.689,145.747,145.64,145.744,1424,0,0
2025-07-07 16:45:00,145.744,145.782,145.721,145.736,1403,0,0
2025-07-07 17:00:00,145.736,145.748,145.668,145.693,1443,0,0
2025-07-07 17:15:00,145.693,145.779,145.683,145.749,1126,0,0
2025-07-07 17:30:00,145.749,145.805,145.726,145.779,1202,0,0
2025-07-07 17:45:00,145.779,145.815,145.744,145.801,1297,0,0
2025-07-07 18:00:00,145.801,145.873,145.78,145.854,1070,0,0
2025-07-07 18:15:00,145.854,145.894,145.836,145.841,878,0,0
2025-07-07 18:30:00,145.841,145.891,145.831,145.884,940,0,0
2025-07-07 18:45:00,145.884,145.884,145.846,145.868,864,0,0
2025-07-07 19:00:00,145.866,145.925,145.863,145.865,589,0,0
2025-07-07 19:15:00,145.865,146.02,145.736,145.838,1942,0,0
2025-07-07 19:30:00,145.839,146.121,145.839,146.115,1580,0,0
2025-07-07 19:45:00,146.115,146.147,146.031,146.123,1589,0,0
2025-07-07 20:00:00,146.123,146.149,146.049,146.096,1444,0,0
2025-07-07 20:15:00,146.096,146.154,146.083,146.145,1008,0,0
2025-07-07 20:30:00,146.145,146.233,146.016,146.096,1422,0,0
2025-07-07 20:45:00,146.096,146.135,146.062,146.063,901,0,0
2025-07-07 21:00:00,146.063,146.165,146.059,146.16,801,0,0
2025-07-07 21:15:00,146.16,146.233,146.156,146.201,1067,0,0
2025-07-07 21:30:00,146.201,146.242,146.171,146.211,687,0,0
2025-07-07 21:45:00,146.211,146.241,146.14,146.173,1029,0,0
2025-07-07 22:00:00,146.173,146.185,146.058,146.085,711,0,0
2025-07-07 22:15:00,146.085,146.111,146.06,146.096,586,0,0
2025-07-07 22:30:00,146.096,146.113,146.03,146.045,572,0,0
2025-07-07 22:45:00,146.045,146.06,146.017,146.059,740,0,0
2025-07-07 23:00:00,146.059,146.156,146.039,146.14,441,0,0
2025-07-07 23:15:00,146.14,146.154,146.063,146.073,399,0,0
2025-07-07 23:30:00,146.073,146.118,146.046,146.06,552,0,0
2025-07-07 23:45:00,146.06,146.065,146.035,146.065,199,10,0
2025-07-08 00:00:00,146.021,146.043,145.994,146.043,43,66,0
2025-07-08 00:15:00,146.043,146.065,145.997,146.006,50,66,0
2025-07-08 00:30:00,146.006,146.007,145.999,146.003,58,66,0
2025-07-08 00:45:00,146.003,146.003,145.992,145.994,36,66,0
2025-07-08 01:00:00,145.994,146.04,145.955,145.98,217,0,0
2025-07-08 01:15:00,145.98,145.98,145.85,145.911,653,0,0
2025-07-08 01:30:00,145.911,145.976,145.87,145.889,504,0,0
2025-07-08 01:45:00,145.889,145.906,145.841,145.864,391,0,0
2025-07-08 02:00:00,145.864,145.974,145.864,145.912,451,0,0
2025-07-08 02:15:00,145.912,146.071,145.896,146.036,558,0,0
2025-07-08 02:30:00,146.036,146.04,145.963,145.967,340,0,0
2025-07-08 02:45:00,145.965,146.016,145.856,145.881,688,0,0
2025-07-08 03:00:00,145.881,145.96,145.833,145.877,1312,0,0
2025-07-08 03:15:00,145.877,145.998,145.853,145.984,1197,0,0
2025-07-08 03:30:00,145.984,146.043,145.926,145.953,907,0,0
2025-07-08 03:45:00,145.952,146.212,145.923,146.161,1211,0,0
2025-07-08 04:00:00,146.161,146.427,146.079,146.354,1257,0,0
2025-07-08 04:15:00,146.356,146.444,146.139,146.192,1087,0,0
2025-07-08 04:30:00,146.192,146.254,146.045,146.145,968,0,0
2025-07-08 04:45:00,146.144,146.255,146.104,146.249,938,0,0
2025-07-08 05:00:00,146.249,146.286,146.12,146.165,717,0,0
2025-07-08 05:15:00,146.165,146.209,146.085,146.105,832,0,0
2025-07-08 05:30:00,146.105,146.151,146.058,146.144,715,0,0
2025-07-08 05:45:00,146.144,146.165,146.044,146.093,567,0,0
2025-07-08 06:00:00,146.093,146.147,146.051,146.142,574,0,0
2025-07-08 06:15:00,146.142,146.171,146.075,146.116,573,0,0
2025-07-08 06:30:00,146.116,146.146,146.071,146.134,497,0,0
2025-07-08 06:45:00,146.134,146.138,146.063,146.074,659,0,0
2025-07-08 07:00:00,146.074,146.104,145.983,146.024,887,0,0
2025-07-08 07:15:00,146.024,146.024,145.954,145.963,569,0,0
2025-07-08 07:30:00,145.962,145.981,145.883,145.917,1377,0,0
2025-07-08 07:45:00,145.917,146.029,145.911,145.998,882,0,0
2025-07-08 08:00:00,145.998,146.099,145.947,146.068,692,0,0
2025-07-08 08:15:00,146.068,146.109,146.054,146.087,518,0,0
2025-07-08 08:30:00,146.087,146.098,146.021,146.038,661,0,0
2025-07-08 08:45:00,146.038,146.108,145.966,146.097,974,0,0
2025-07-08 09:00:00,146.097,146.229,146.065,146.176,1108,0,0
2025-07-08 09:15:00,146.176,146.208,146.073,146.13,876,0,0
2025-07-08 09:30:00,146.13,146.216,146.121,146.214,1155,0,0
2025-07-08 09:45:00,146.216,146.25,146.151,146.248,1054,0,0
2025-07-08 10:00:00,146.25,146.28,146.078,146.085,1613,0,0
2025-07-08 10:15:00,146.085,146.161,146.069,146.139,1077,0,0
2025-07-08 10:30:00,146.139,146.145,146.035,146.069,1203,0,0
2025-07-08 10:45:00,146.069,146.092,146.0,146.037,1406,0,0
2025-07-08 11:00:00,146.037,146.161,146.035,146.096,1428,0,0
2025-07-08 11:15:00,146.096,146.19,146.096,146.142,897,0,0
2025-07-08 11:30:00,146.142,146.245,146.118,146.204,857,0,0
2025-07-08 11:45:00,146.204,146.232,146.168,146.188,1041,0,0
2025-07-08 12:00:00,146.194,146.25,146.188,146.216,1114,0,0
2025-07-08 12:15:00,146.216,146.226,146.102,146.105,759,0,0
2025-07-08 12:30:00,146.104,146.168,146.057,146.164,904,0,0
2025-07-08 12:45:00,146.164,146.266,146.164,146.232,1070,0,0
2025-07-08 13:00:00,146.232,146.322,146.226,146.321,974,0,0
2025-07-08 13:15:00,146.321,146.326,146.292,146.302,740,0,0
2025-07-08 13:30:00,146.302,146.36,146.278,146.339,714,0,0
2025-07-08 13:45:00,146.339,146.408,146.339,146.402,696,0,0
2025-07-08 14:00:00,146.402,146.413,146.357,146.376,749,0,0
2025-07-08 14:15:00,146.376,146.531,146.366,146.506,677,0,0
2025-07-08 14:30:00,146.506,146.565,146.473,146.564,1117,0,0
2025-07-08 14:45:00,146.564,146.652,146.558,146.587,1283,0,0
2025-07-08 15:00:00,146.587,146.611,146.458,146.59,1474,0,0
2025-07-08 15:15:00,146.59,146.62,146.549,146.58,1154,0,0
2025-07-08 15:30:00,146.58,146.671,146.531,146.667,1131,0,0
2025-07-08 15:45:00,146.67,146.689,146.61,146.65,1254,0,0
2025-07-08 16:00:00,146.65,146.738,146.632,146.729,1389,0,0
2025-07-08 16:15:00,146.73,146.835,146.682,146.826,1297,0,0
2025-07-08 16:30:00,146.826,146.898,146.812,146.859,1666,0,0
2025-07-08 16:45:00,146.859,146.868,146.723,146.771,1521,0,0
2025-07-08 17:00:00,146.771,146.875,146.755,146.872,1749,0,0
2025-07-08 17:15:00,146.873,146.932,146.854,146.856,1557,0,0
2025-07-08 17:30:00,146.855,146.948,146.852,146.933,1454,0,0
2025-07-08 17:45:00,146.936,146.962,146.864,146.918,1981,0,0
2025-07-08 18:00:00,146.917,146.977,146.884,146.931,1590,0,0
2025-07-08 18:15:00,146.931,146.95,146.78,146.813,1427,0,0
2025-07-08 18:30:00,146.813,146.861,146.801,146.812,1364,0,0
2025-07-08 18:45:00,146.812,146.835,146.772,146.812,1162,0,0
2025-07-08 19:00:00,146.812,146.823,146.738,146.739,922,0,0
2025-07-08 19:15:00,146.739,146.772,146.714,146.731,652,0,0
2025-07-08 19:30:00,146.731,146.83,146.709,146.789,1340,0,0
2025-07-08 19:45:00,146.789,146.865,146.738,146.747,1099,0,0
2025-07-08 20:00:00,146.748,146.779,146.656,146.75,1398,0,0
2025-07-08 20:15:00,146.75,146.809,146.72,146.731,1107,0,0
2025-07-08 20:30:00,146.731,146.736,146.684,146.707,927,0,0
2025-07-08 20:45:00,146.707,146.756,146.691,146.719,916,0,0
2025-07-08 21:00:00,146.719,146.728,146.656,146.701,854,0,0
2025-07-08 21:15:00,146.701,146.733,146.69,146.726,557,0,0
2025-07-08 21:30:00,146.726,146.764,146.691,146.702,733,0,0
2025-07-08 21:45:00,146.702,146.708,146.653,146.664,608,0,0
2025-07-08 22:00:00,146.664,146.664,146.617,146.656,412,0,0
2025-07-08 22:15:00,146.656,146.665,146.62,146.664,421,0,0
2025-07-08 22:30:00,146.664,146.694,146.65,146.677,388,0,0
2025-07-08 22:45:00,146.677,146.684,146.617,146.623,604,0,0
2025-07-08 23:00:00,146.623,146.642,146.532,146.537,589,0,0
2025-07-08 23:15:00,146.532,146.575,146.524,146.537,513,0,0
2025-07-08 23:30:00,146.538,146.563,146.53,146.542,501,0,0
2025-07-08 23:45:00,146.542,146.586,146.516,146.55,769,10,0
2025-07-09 00:00:00,146.538,146.558,146.526,146.543,25,66,0
2025-07-09 00:15:00,146.543,146.543,146.498,146.508,147,66,0
2025-07-09 00:30:00,146.508,146.508,146.499,146.499,68,66,0
2025-07-09 00:45:00,146.499,146.542,146.479,146.522,246,66,0
2025-07-09 01:00:00,146.522,146.618,146.505,146.607,214,0,0
2025-07-09 01:15:00,146.607,146.608,146.574,146.597,117,0,0
2025-07-09 01:30:00,146.597,146.597,146.553,146.563,142,0,0
2025-07-09 01:45:00,146.563,146.598,146.562,146.588,134,0,0
2025-07-09 02:00:00,146.588,146.716,146.584,146.716,452,0,0
2025-07-09 02:15:00,146.716,146.769,146.688,146.757,373,0,0
2025-07-09 02:30:00,146.757,146.872,146.753,146.861,577,0,0
2025-07-09 02:45:00,146.861,146.876,146.82,146.868,542,0,0
2025-07-09 03:00:00,146.868,146.896,146.765,146.812,953,0,0
2025-07-09 03:15:00,146.812,146.912,146.806,146.876,718,0,0
2025-07-09 03:30:00,146.876,146.911,146.775,146.8,754,0,0
2025-07-09 03:45:00,146.8,146.867,146.733,146.792,1040,0,0
2025-07-09 04:00:00,146.792,147.027,146.766,146.94,1125,0,0
2025-07-09 04:15:00,146.94,146.951,146.769,146.81,1165,0,0
2025-07-09 04:30:00,146.81,146.863,146.736,146.831,933,0,0
2025-07-09 04:45:00,146.831,146.921,146.818,146.864,847,0,0
2025-07-09 05:00:00,146.864,146.929,146.796,146.876,855,0,0
2025-07-09 05:15:00,146.876,146.945,146.863,146.891,949,0,0
2025-07-09 05:30:00,146.891,147.053,146.89,147.049,790,0,0
2025-07-09 05:45:00,147.049,147.094,147.033,147.058,790,0,0
2025-07-09 06:00:00,147.057,147.182,147.057,147.127,816,0,0
2025-07-09 06:15:00,147.127,147.173,147.065,147.118,633,0,0
2025-07-09 06:30:00,147.119,147.158,147.076,147.077,574,0,0
2025-07-09 06:45:00,147.077,147.116,147.069,147.103,541,0,0
2025-07-09 07:00:00,147.103,147.149,147.092,147.119,624,0,0
2025-07-09 07:15:00,147.119,147.148,147.096,147.129,539,0,0
2025-07-09 07:30:00,147.129,147.132,147.052,147.087,613,0,0
2025-07-09 07:45:00,147.088,147.1,147.029,147.042,560,0,0
2025-07-09 08:00:00,147.042,147.067,147.012,147.023,797,0,0
2025-07-09 08:15:00,147.023,147.023,146.958,146.988,525,0,0
2025-07-09 08:30:00,146.988,147.003,146.92,146.932,645,0,0
2025-07-09 08:45:00,146.932,147.003,146.901,146.987,864,0,0
2025-07-09 09:00:00,146.987,147.035,146.969,146.98,1004,0,0
2025-07-09 09:15:00,146.983,147.021,146.967,147.003,822,0,0
2025-07-09 09:30:00,147.003,147.035,146.908,146.959,994,0,0
2025-07-09 09:45:00,146.959,146.971,146.798,146.804,1140,0,0
2025-07-09 10:00:00,146.804,146.836,146.728,146.781,1200,0,0
2025-07-09 10:15:00,146.781,146.786,146.684,146.731,1005,0,0
2025-07-09 10:30:00,146.731,146.798,146.683,146.756,1279,0,0
2025-07-09 10:45:00,146.756,146.877,146.756,146.843,1038,0,0
2025-07-09 11:00:00,146.843,146.869,146.72,146.766,1206,0,0
2025-07-09 11:15:00,146.766,146.84,146.743,146.746,1071,0,0
2025-07-09 11:30:00,146.746,146.755,146.614,146.616,828,0,0
2025-07-09 11:45:00,146.617,146.686,146.595,146.679,1003,0,0
2025-07-09 12:00:00,146.677,146.695,146.565,146.595,1001,0,0
2025-07-09 12:15:00,146.595,146.633,146.54,146.631,963,0,0
2025-07-09 12:30:00,146.631,146.664,146.585,146.662,882,0,0
2025-07-09 12:45:00,146.662,146.668,146.586,146.628,821,0,0
2025-07-09 13:00:00,146.628,146.637,146.54,146.558,929,0,0
2025-07-09 13:15:00,146.558,146.624,146.544,146.591,785,0,0
2025-07-09 13:30:00,146.591,146.689,146.579,146.655,1032,0,0
2025-07-09 13:45:00,146.653,146.672,146.588,146.659,752,0,0
2025-07-09 14:00:00,146.659,146.676,146.607,146.661,833,0,0
2025-07-09 14:15:00,146.661,146.676,146.609,146.662,887,0,0
2025-07-09 14:30:00,146.662,146.743,146.638,146.695,970,0,0
2025-07-09 14:45:00,146.695,146.78,146.66,146.765,1044,0,0
2025-07-09 15:00:00,146.765,146.768,146.664,146.689,1152,0,0
2025-07-09 15:15:00,146.689,146.719,146.52,146.694,1618,0,0
2025-07-09 15:30:00,146.694,146.719,146.594,146.663,1381,0,0
2025-07-09 15:45:00,146.663,146.683,146.469,146.487,1392,0,0
2025-07-09 16:00:00,146.487,146.513,146.363,146.403,1602,0,0
2025-07-09 16:15:00,146.407,146.523,146.364,146.489,1509,0,0
2025-07-09 16:30:00,146.488,146.522,146.405,146.489,1947,0,0
2025-07-09 16:45:00,146.49,146.548,146.446,146.459,1669,0,0
2025-07-09 17:00:00,146.457,146.486,146.304,146.316,1749,0,0
2025-07-09 17:15:00,146.316,146.378,146.271,146.374,1539,0,0
2025-07-09 17:30:00,146.374,146.447,146.33,146.396,1596,0,0
2025-07-09 17:45:00,146.396,146.504,146.396,146.467,1271,0,0
2025-07-09 18:00:00,146.467,146.532,146.455,146.52,1269,0,0
2025-07-09 18:15:00,146.52,146.565,146.497,146.54,1298,0,0
2025-07-09 18:30:00,146.54,146.542,146.474,146.48,1085,0,0
2025-07-09 18:45:00,146.48,146.555,146.447,146.533,1177,0,0
2025-07-09 19:00:00,146.533,146.533,146.39,146.391,799,0,0
2025-07-09 19:15:00,146.391,146.46,146.346,146.436,766,0,0
2025-07-09 19:30:00,146.436,146.438,146.338,146.349,476,0,0
2025-07-09 19:45:00,146.349,146.418,146.331,146.412,901,0,0
2025-07-09 20:00:00,146.412,146.437,146.28,146.309,821,0,0
2025-07-09 20:15:00,146.31,146.345,146.297,146.338,538,0,0
2025-07-09 20:30:00,146.337,146.369,146.309,146.336,835,0,0
2025-07-09 20:45:00,146.336,146.359,146.302,146.342,697,0,0
2025-07-09 21:00:00,146.342,146.392,146.274,146.283,953,0,0
2025-07-09 21:15:00,146.283,146.303,146.25,146.286,727,0,0
2025-07-09 21:30:00,146.286,146.362,146.268,146.346,638,0,0
2025-07-09 21:45:00,146.346,146.357,146.289,146.335,882,0,0
2025-07-09 22:00:00,146.334,146.371,146.302,146.312,555,0,0
2025-07-09 22:15:00,146.312,146.323,146.281,146.303,427,0,0
2025-07-09 22:30:00,146.303,146.324,146.273,146.276,592,0,0
2025-07-09 22:45:00,146.276,146.327,146.263,146.317,425,0,0
2025-07-09 23:00:00,146.317,146.44,146.315,146.43,503,0,0
2025-07-09 23:15:00,146.43,146.487,146.415,146.43,552,0,0
2025-07-09 23:30:00,146.43,146.473,146.374,146.377,436,0,0
2025-07-09 23:45:00,146.377,146.38,146.295,146.304,515,10,0
2025-07-10 00:00:00,146.305,146.316,146.288,146.308,37,58,0
2025-07-10 00:15:00,146.308,146.318,146.288,146.298,35,74,0
2025-07-10 00:30:00,146.298,146.302,146.247,146.247,73,66,0
2025-07-10 00:45:00,146.247,146.302,146.216,146.302,33,66,0
2025-07-10 01:00:00,146.302,146.307,146.228,146.28,187,0,0
2025-07-10 01:15:00,146.28,146.297,146.256,146.276,155,0,0
2025-07-10 01:30:00,146.276,146.288,146.249,146.25,95,0,0
2025-07-10 01:45:00,146.25,146.25,146.217,146.245,124,0,0
2025-07-10 02:00:00,146.245,146.304,146.231,146.244,306,0,0
2025-07-10 02:15:00,146.244,146.245,146.072,146.104,458,0,0
2025-07-10 02:30:00,146.104,146.178,146.102,146.177,318,0,0
2025-07-10 02:45:00,146.177,146.192,146.07,146.108,542,0,0
2025-07-10 03:00:00,146.105,146.115,145.973,146.024,1157,0,0
2025-07-10 03:15:00,146.022,146.028,145.829,145.859,1006,0,0
2025-07-10 03:30:00,145.859,145.902,145.787,145.856,1310,0,0
2025-07-10 03:45:00,145.855,145.895,145.755,145.817,1155,0,0
2025-07-10 04:00:00,145.817,145.945,145.817,145.922,668,0,0
2025-07-10 04:15:00,145.922,145.955,145.847,145.892,821,0,0
2025-07-10 04:30:00,145.892,145.897,145.762,145.829,801,0,0
2025-07-10 04:45:00,145.829,145.892,145.803,145.89,569,0,0
2025-07-10 05:00:00,145.89,145.985,145.853,145.917,707,0,0
2025-07-10 05:15:00,145.918,145.98,145.916,145.966,360,0,0
2025-07-10 05:30:00,145.965,146.074,145.941,146.06,582,0,0
2025-07-10 05:45:00,146.06,146.095,146.044,146.084,722,0,0
2025-07-10 06:00:00,146.083,146.203,146.077,146.146,693,0,0
2025-07-10 06:15:00,146.146,146.219,146.138,146.192,360,0,0
2025-07-10 06:30:00,146.192,146.245,146.163,146.239,484,0,0
2025-07-10 06:45:00,146.239,146.258,146.187,146.258,408,0,0
2025-07-10 07:00:00,146.258,146.287,146.25,146.282,382,0,0
2025-07-10 07:15:00,146.282,146.301,146.246,146.299,324,0,0
2025-07-10 07:30:00,146.299,146.41,146.221,146.223,542,0,0
2025-07-10 07:45:00,146.223,146.272,146.21,146.22,393,0,0
2025-07-10 08:00:00,146.22,146.344,146.172,146.291,486,0,0
2025-07-10 08:15:00,146.291,146.328,146.278,146.297,313,0,0
2025-07-10 08:30:00,146.297,146.297,146.197,146.262,484,0,0
2025-07-10 08:45:00,146.262,146.276,146.206,146.257,577,0,0
2025-07-10 09:00:00,146.257,146.273,146.18,146.257,978,0,0
2025-07-10 09:15:00,146.257,146.274,146.193,146.258,902,0,0
2025-07-10 09:30:00,146.258,146.361,146.236,146.344,866,0,0
2025-07-10 09:45:00,146.344,146.349,146.128,146.151,872,0,0
2025-07-10 10:00:00,146.153,146.246,146.067,146.242,1319,0,0
2025-07-10 10:15:00,146.242,146.274,146.201,146.265,975,0,0
2025-07-10 10:30:00,146.265,146.39,146.248,146.366,901,0,0
2025-07-10 10:45:00,146.366,146.464,146.282,146.283,1126,0,0
2025-07-10 11:00:00,146.283,146.356,146.267,146.301,925,0,0
2025-07-10 11:15:00,146.301,146.378,146.3,146.365,674,0,0
2025-07-10 11:30:00,146.364,146.409,146.341,146.389,899,0,0
2025-07-10 11:45:00,146.389,146.397,146.309,146.356,793,0,0
2025-07-10 12:00:00,146.356,146.375,146.324,146.345,523,0,0
2025-07-10 12:15:00,146.348,146.35,146.283,146.298,604,0,0
2025-07-10 12:30:00,146.298,146.305,146.176,146.198,548,0,0
2025-07-10 12:45:00,146.198,146.24,146.173,146.182,757,0,0
2025-07-10 13:00:00,146.182,146.242,146.152,146.215,949,0,0
2025-07-10 13:15:00,146.215,146.255,146.143,146.151,534,0,0
2025-07-10 13:30:00,146.151,146.153,146.097,146.109,608,0,0
2025-07-10 13:45:00,146.109,146.13,146.086,146.121,683,0,0
2025-07-10 14:00:00,146.122,146.24,146.087,146.225,922,0,0
2025-07-10 14:15:00,146.225,146.227,146.167,146.222,802,0,0
2025-07-10 14:30:00,146.223,146.297,146.223,146.286,1031,0,0
2025-07-10 14:45:00,146.286,146.393,146.237,146.25,1127,0,0
2025-07-10 15:00:00,146.25,146.334,146.204,146.259,1315,0,0
2025-07-10 15:15:00,146.259,146.306,146.228,146.253,1218,0,0
2025-07-10 15:30:00,146.299,146.491,146.256,146.472,1795,0,0
2025-07-10 15:45:00,146.472,146.546,146.417,146.438,1518,0,0
2025-07-10 16:00:00,146.438,146.468,146.351,146.414,1487,0,0
2025-07-10 16:15:00,146.416,146.454,146.372,146.421,1592,0,0
2025-07-10 16:30:00,146.421,146.552,146.402,146.477,1869,0,0
2025-07-10 16:45:00,146.477,146.614,146.476,146.579,1846,0,0
2025-07-10 17:00:00,146.58,146.672,146.561,146.566,1806,0,0
2025-07-10 17:15:00,146.567,146.771,146.554,146.742,1852,0,0
2025-07-10 17:30:00,146.741,146.787,146.664,146.718,1253,0,0
2025-07-10 17:45:00,146.717,146.721,146.48,146.512,1759,0,0
2025-07-10 18:00:00,146.512,146.512,146.383,146.454,1432,0,0
2025-07-10 18:15:00,146.454,146.481,146.391,146.436,1310,0,0
2025-07-10 18:30:00,146.436,146.568,146.436,146.547,1366,0,0
2025-07-10 18:45:00,146.547,146.557,146.451,146.466,1167,0,0
2025-07-10 19:00:00,146.467,146.478,146.389,146.426,805,1,0
2025-07-10 19:15:00,146.426,146.46,146.404,146.46,753,0,0
2025-07-10 19:30:00,146.46,146.509,146.432,146.471,840,1,0
2025-07-10 19:45:00,146.471,146.499,146.446,146.464,933,1,0
2025-07-10 20:00:00,146.464,146.479,146.355,146.398,786,0,0
2025-07-10 20:15:00,146.398,146.432,146.367,146.418,614,0,0
2025-07-10 20:30:00,146.418,146.442,146.347,146.368,764,0,0
2025-07-10 20:45:00,146.368,146.379,146.311,146.326,621,0,0
2025-07-10 21:00:00,146.327,146.335,146.222,146.251,699,0,0
2025-07-10 21:15:00,146.251,146.269,146.226,146.259,680,0,0
2025-07-10 21:30:00,146.259,146.309,146.255,146.295,570,0,0
2025-07-10 21:45:00,146.297,146.297,146.204,146.241,576,0,0
2025-07-10 22:00:00,146.241,146.285,146.22,146.224,589,0,0
2025-07-10 22:15:00,146.224,146.236,146.205,146.232,311,0,0
2025-07-10 22:30:00,146.232,146.27,146.212,146.212,515,0,0
2025-07-10 22:45:00,146.212,146.24,146.169,146.24,624,1,0
2025-07-10 23:00:00,146.24,146.256,146.184,146.227,447,0,0
2025-07-10 23:15:00,146.227,146.232,146.191,146.209,363,0,0
2025-07-10 23:30:00,146.209,146.251,146.19,146.201,470,0,0
2025-07-10 23:45:00,146.202,146.247,146.202,146.238,593,10,0
2025-07-11 00:00:00,146.233,146.233,146.199,146.204,48,46,0
2025-07-11 00:15:00,146.204,146.204,146.158,146.168,45,71,0
2025-07-11 00:30:00,146.168,146.214,146.168,146.211,102,66,0
2025-07-11 00:45:00,146.211,146.226,146.185,146.22,176,66,0
2025-07-11 01:00:00,146.22,146.274,146.187,146.224,137,0,0
2025-07-11 01:15:00,146.224,146.237,146.178,146.192,177,0,0
2025-07-11 01:30:00,146.192,146.215,146.17,146.181,146,0,0
2025-07-11 01:45:00,146.181,146.216,146.177,146.215,176,0,0
2025-07-11 02:00:00,146.215,146.233,146.136,146.182,283,0,0
2025-07-11 02:15:00,146.182,146.207,146.153,146.17,274,0,0
2025-07-11 02:30:00,146.17,146.198,146.162,146.195,388,0,0
2025-07-11 02:45:00,146.194,146.299,146.177,146.278,466,0,0
2025-07-11 03:00:00,146.278,146.363,146.245,146.331,997,0,0
2025-07-11 03:15:00,146.331,146.418,146.264,146.386,1632,0,0
2025-07-11 03:30:00,146.386,146.477,146.363,146.435,1476,0,0
2025-07-11 03:45:00,146.433,146.642,146.412,146.556,1759,0,0
2025-07-11 04:00:00,146.556,146.816,146.522,146.731,1199,0,0
2025-07-11 04:15:00,146.731,146.836,146.7,146.788,1290,0,0
2025-07-11 04:30:00,146.788,146.813,146.69,146.737,1280,0,0
2025-07-11 04:45:00,146.737,146.779,146.698,146.765,719,0,0
2025-07-11 05:00:00,146.765,146.968,146.74,146.932,828,0,0
2025-07-11 05:15:00,146.932,147.001,146.92,146.965,676,0,0
2025-07-11 05:30:00,146.965,147.024,146.903,146.98,730,0,0
2025-07-11 05:45:00,146.98,147.041,146.948,147.021,774,0,0
2025-07-11 06:00:00,147.021,147.034,146.931,146.986,755,0,0
2025-07-11 06:15:00,146.986,146.989,146.866,146.87,663,0,0
2025-07-11 06:30:00,146.87,146.92,146.861,146.904,419,0,0
2025-07-11 06:45:00,146.905,146.987,146.868,146.951,476,0,0
2025-07-11 07:00:00,146.951,147.032,146.917,147.029,589,0,0
2025-07-11 07:15:00,147.029,147.169,147.018,147.162,898,0,0
2025-07-11 07:30:00,147.162,147.184,147.039,147.073,963,0,0
2025-07-11 07:45:00,147.074,147.095,147.048,147.081,763,0,0
2025-07-11 08:00:00,147.081,147.111,147.022,147.034,917,0,0
2025-07-11 08:15:00,147.034,147.068,146.843,146.903,858,0,0
2025-07-11 08:30:00,146.903,146.955,146.85,146.901,671,0,0
2025-07-11 08:45:00,146.901,146.957,146.827,146.868,764,0,0
2025-07-11 09:00:00,146.868,146.946,146.833,146.899,1242,0,0
2025-07-11 09:15:00,146.899,146.911,146.851,146.883,858,0,0
2025-07-11 09:30:00,146.883,146.895,146.766,146.801,1193,0,0
2025-07-11 09:45:00,146.801,146.927,146.736,146.925,1073,0,0
2025-07-11 10:00:00,146.921,146.923,146.826,146.873,975,0,0
2025-07-11 10:15:00,146.87,146.872,146.722,146.744,1210,0,0
2025-07-11 10:30:00,146.744,146.822,146.743,146.798,950,0,0
2025-07-11 10:45:00,146.798,146.862,146.784,146.853,929,0,0
2025-07-11 11:00:00,146.853,146.925,146.814,146.825,1201,0,0
2025-07-11 11:15:00,146.825,146.885,146.752,146.874,1256,0,0
2025-07-11 11:30:00,146.874,146.923,146.846,146.895,967,0,0
2025-07-11 11:45:00,146.897,147.001,146.868,146.985,1201,0,0
2025-07-11 12:00:00,146.987,147.01,146.923,147.01,1114,0,0
2025-07-11 12:15:00,147.009,147.076,146.997,147.068,928,0,0
2025-07-11 12:30:00,147.068,147.084,146.996,147.026,971,0,0
2025-07-11 12:45:00,147.026,147.078,147.002,147.009,866,0,0
2025-07-11 13:00:00,147.009,147.023,146.951,146.968,825,0,0
2025-07-11 13:15:00,146.968,146.969,146.847,146.849,871,0,0
2025-07-11 13:30:00,146.849,146.859,146.785,146.803,766,0,0
2025-07-11 13:45:00,146.803,146.836,146.772,146.82,1052,0,0
2025-07-11 14:00:00,146.82,146.863,146.766,146.855,1142,0,0
2025-07-11 14:15:00,146.854,146.953,146.827,146.948,854,0,0
2025-07-11 14:30:00,146.948,146.949,146.88,146.906,797,0,0
2025-07-11 14:45:00,146.906,147.033,146.883,147.024,940,0,0
2025-07-11 15:00:00,147.024,147.092,146.972,147.049,993,0,0
2025-07-11 15:15:00,147.049,147.061,146.856,146.9,1111,0,0
2025-07-11 15:30:00,146.9,146.965,146.79,146.942,1595,0,0
2025-07-11 15:45:00,146.942,147.017,146.911,146.972,1284,0,0
2025-07-11 16:00:00,146.972,147.071,146.936,147.046,1533,0,0
2025-07-11 16:15:00,147.046,147.096,146.989,147.007,1403,0,0
2025-07-11 16:30:00,147.007,147.074,146.903,147.015,1753,1,0
2025-07-11 16:45:00,147.015,147.285,147.014,147.285,1742,0,0
2025-07-11 17:00:00,147.285,147.49,147.272,147.481,1730,0,0
2025-07-11 17:15:00,147.483,147.521,147.365,147.403,1506,0,0
2025-07-11 17:30:00,147.403,147.426,147.355,147.383,1333,0,0
2025-07-11 17:45:00,147.383,147.399,147.3,147.341,1482,0,0
2025-07-11 18:00:00,147.341,147.434,147.34,147.409,1213,0,0
2025-07-11 18:15:00,147.409,147.43,147.351,147.363,954,0,0
2025-07-11 18:30:00,147.362,147.362,147.261,147.345,1247,1,0
2025-07-11 18:45:00,147.345,147.346,147.285,147.29,1182,0,0
2025-07-11 19:00:00,147.29,147.369,147.254,147.359,828,0,0
2025-07-11 19:15:00,147.359,147.391,147.304,147.381,771,0,0
2025-07-11 19:30:00,147.381,147.409,147.373,147.375,667,0,0
2025-07-11 19:45:00,147.375,147.404,147.356,147.37,635,0,0
2025-07-11 20:00:00,147.37,147.416,147.347,147.35,424,0,0
2025-07-11 20:15:00,147.35,147.419,147.35,147.374,296,0,0
2025-07-11 20:30:00,147.374,147.403,147.318,147.344,477,0,0
2025-07-11 20:45:00,147.344,147.397,147.326,147.391,429,0,0
2025-07-11 21:00:00,147.391,147.423,147.346,147.421,541,0,0
2025-07-11 21:15:00,147.422,147.426,147.375,147.418,480,0,0
2025-07-11 21:30:00,147.418,147.428,147.392,147.397,569,0,0
2025-07-11 21:45:00,147.397,147.448,147.374,147.444,565,0,0
2025-07-11 22:00:00,147.444,147.469,147.417,147.434,482,0,0
2025-07-11 22:15:00,147.434,147.45,147.392,147.436,410,0,0
2025-07-11 22:30:00,147.436,147.481,147.408,147.466,394,0,0
2025-07-11 22:45:00,147.465,147.466,147.371,147.374,431,0,0
2025-07-11 23:00:00,147.374,147.413,147.347,147.406,343,0,0
2025-07-11 23:15:00,147.406,147.443,147.39,147.41,215,0,0
2025-07-11 23:30:00,147.41,147.473,147.41,147.431,328,1,0
2025-07-11 23:45:00,147.431,147.449,147.382,147.442,351,10,0
2025-07-14 00:00:00,147.124,147.177,147.124,147.175,47,66,0
2025-07-14 00:15:00,147.175,147.194,147.17,147.182,30,66,0
2025-07-14 00:30:00,147.182,147.198,147.152,147.196,160,66,0
2025-07-14 00:45:00,147.196,147.203,147.112,147.149,348,66,0
2025-07-14 01:00:00,147.149,147.335,147.143,147.224,533,0,0
2025-07-14 01:15:00,147.224,147.26,147.148,147.244,538,0,0
2025-07-14 01:30:00,147.244,147.407,147.244,147.397,614,0,0
2025-07-14 01:45:00,147.393,147.512,147.352,147.503,632,0,0
2025-07-14 02:00:00,147.503,147.574,147.447,147.457,784,0,0
2025-07-14 02:15:00,147.464,147.474,147.283,147.293,536,0,0
2025-07-14 02:30:00,147.293,147.369,147.234,147.264,713,0,0
2025-07-14 02:45:00,147.264,147.341,147.238,147.296,821,0,0
2025-07-14 03:00:00,147.296,147.309,147.106,147.133,1452,0,0
2025-07-14 03:15:00,147.133,147.213,147.077,147.113,895,0,0
2025-07-14 03:30:00,147.113,147.126,147.025,147.037,671,0,0
2025-07-14 03:45:00,147.037,147.057,146.919,146.951,1053,0,0
2025-07-14 04:00:00,146.951,147.028,146.851,146.905,1081,0,0
2025-07-14 04:15:00,146.905,146.987,146.877,146.981,878,0,0
2025-07-14 04:30:00,146.981,147.059,146.981,147.036,1014,0,0
2025-07-14 04:45:00,147.036,147.153,147.008,147.133,945,0,0
2025-07-14 05:00:00,147.133,147.186,147.092,147.164,615,0,0
2025-07-14 05:15:00,147.164,147.226,147.122,147.206,559,0,0
2025-07-14 05:30:00,147.206,147.308,147.195,147.292,758,0,0
2025-07-14 05:45:00,147.292,147.297,147.253,147.283,429,0,0
2025-07-14 06:00:00,147.279,147.311,147.23,147.277,659,0,0
2025-07-14 06:15:00,147.277,147.35,147.273,147.332,544,0,0
2025-07-14 06:30:00,147.332,147.387,147.306,147.361,374,0,0
2025-07-14 06:45:00,147.361,147.382,147.111,147.3,1074,0,0
2025-07-14 07:00:00,147.3,147.444,147.3,147.391,680,0,0
2025-07-14 07:15:00,147.391,147.429,147.323,147.351,578,0,0
2025-07-14 07:30:00,147.351,147.389,147.202,147.315,667,0,0
2025-07-14 07:45:00,147.313,147.408,147.247,147.376,599,0,0
2025-07-14 08:00:00,147.376,147.436,147.305,147.311,739,0,0
2025-07-14 08:15:00,147.311,147.384,147.284,147.376,558,0,0
2025-07-14 08:30:00,147.376,147.485,147.349,147.413,764,0,0
2025-07-14 08:45:00,147.413,147.454,147.331,147.366,830,0,0
2025-07-14 09:00:00,147.366,147.41,147.299,147.346,1097,0,0
2025-07-14 09:15:00,147.346,147.425,147.325,147.363,880,0,0
2025-07-14 09:30:00,147.362,147.362,147.225,147.237,983,0,0
2025-07-14 09:45:00,147.237,147.287,147.228,147.261,839,0,0
2025-07-14 10:00:00,147.261,147.333,147.239,147.251,1322,0,0
2025-07-14 10:15:00,147.251,147.319,147.243,147.289,1112,0,0
2025-07-14 10:30:00,147.289,147.356,147.248,147.251,1179,0,0
2025-07-14 10:45:00,147.251,147.371,147.24,147.371,1300,0,0
2025-07-14 11:00:00,147.371,147.383,147.171,147.199,1376,0,0
2025-07-14 11:15:00,147.199,147.325,147.194,147.283,1126,0,0
2025-07-14 11:30:00,147.284,147.363,147.233,147.286,1018,0,0
2025-07-14 11:45:00,147.287,147.324,147.228,147.317,1048,0,0
2025-07-14 12:00:00,147.317,147.347,147.258,147.269,999,0,0
2025-07-14 12:15:00,147.269,147.276,147.185,147.229,758,0,0
2025-07-14 12:30:00,147.229,147.287,147.155,147.274,936,0,0
2025-07-14 12:45:00,147.272,147.329,147.253,147.284,1038,0,0
2025-07-14 13:00:00,147.284,147.287,147.156,147.211,996,0,0
2025-07-14 13:15:00,147.211,147.242,147.165,147.193,714,0,0
2025-07-14 13:30:00,147.193,147.267,147.185,147.263,581,0,0
2025-07-14 13:45:00,147.263,147.287,147.183,147.204,976,0,0
2025-07-14 14:00:00,147.204,147.294,147.204,147.282,847,0,0
2025-07-14 14:15:00,147.282,147.307,147.225,147.25,923,0,0
2025-07-14 14:30:00,147.25,147.361,147.238,147.356,807,0,0
2025-07-14 14:45:00,147.355,147.465,147.333,147.412,975,0,0
2025-07-14 15:00:00,147.412,147.416,147.278,147.302,852,0,0
2025-07-14 15:15:00,147.302,147.361,147.22,147.357,999,0,0
2025-07-14 15:30:00,147.357,147.381,147.257,147.368,1154,0,0
2025-07-14 15:45:00,147.368,147.444,147.335,147.39,1046,0,0
2025-07-14 16:00:00,147.391,147.465,147.356,147.438,1116,0,0
2025-07-14 16:15:00,147.438,147.464,147.393,147.446,1159,0,0
2025-07-14 16:30:00,147.446,147.486,147.316,147.37,1775,0,0
2025-07-14 16:45:00,147.37,147.405,147.311,147.353,1758,0,0
2025-07-14 17:00:00,147.353,147.412,147.321,147.37,1478,0,0
2025-07-14 17:15:00,147.37,147.418,147.336,147.398,1187,0,0
2025-07-14 17:30:00,147.398,147.483,147.354,147.454,1448,0,0
2025-07-14 17:45:00,147.453,147.523,147.421,147.464,1447,0,0
2025-07-14 18:00:00,147.464,147.617,147.451,147.541,1543,0,0
2025-07-14 18:15:00,147.541,147.557,147.485,147.53,910,0,0
2025-07-14 18:30:00,147.53,147.556,147.437,147.487,1034,0,0
2025-07-14 18:45:00,147.487,147.703,147.479,147.692,1127,0,0
2025-07-14 19:00:00,147.692,147.756,147.672,147.682,1129,0,0
2025-07-14 19:15:00,147.682,147.756,147.661,147.753,975,0,0
2025-07-14 19:30:00,147.753,147.754,147.671,147.703,881,0,0
2025-07-14 19:45:00,147.703,147.737,147.675,147.716,664,0,0
2025-07-14 20:00:00,147.717,147.756,147.697,147.749,466,0,0
2025-07-14 20:15:00,147.75,147.762,147.714,147.714,426,0,0
2025-07-14 20:30:00,147.715,147.728,147.671,147.705,303,1,0
2025-07-14 20:45:00,147.705,147.738,147.691,147.717,380,0,0
2025-07-14 21:00:00,147.717,147.739,147.711,147.726,526,0,0
2025-07-14 21:15:00,147.726,147.746,147.719,147.735,668,0,0
2025-07-14 21:30:00,147.735,147.745,147.718,147.732,736,0,0
2025-07-14 21:45:00,147.732,147.767,147.72,147.763,702,0,0
2025-07-14 22:00:00,147.763,147.763,147.729,147.737,392,0,0
2025-07-14 22:15:00,147.737,147.768,147.735,147.736,242,0,0
2025-07-14 22:30:00,147.736,147.746,147.708,147.736,385,0,0
2025-07-14 22:45:00,147.736,147.758,147.705,147.724,409,0,0
2025-07-14 23:00:00,147.724,147.766,147.715,147.755,284,0,0
2025-07-14 23:15:00,147.755,147.779,147.733,147.735,240,0,0
2025-07-14 23:30:00,147.735,147.778,147.726,147.763,297,0,0
2025-07-14 23:45:00,147.763,147.777,147.729,147.73,315,10,0
2025-07-15 00:00:00,147.682,147.697,147.667,147.682,36,66,0
2025-07-15 00:15:00,147.682,147.706,147.672,147.705,44,66,0
2025-07-15 00:30:00,147.705,147.712,147.672,147.694,71,66,0
2025-07-15 00:45:00,147.694,147.7,147.673,147.678,72,66,0
2025-07-15 01:00:00,147.678,147.763,147.638,147.756,302,0,0
2025-07-15 01:15:00,147.756,147.756,147.708,147.744,140,0,0
2025-07-15 01:30:00,147.744,147.771,147.733,147.751,246,0,0
2025-07-15 01:45:00,147.751,147.791,147.74,147.765,205,0,0
2025-07-15 02:00:00,147.765,147.872,147.765,147.864,351,0,0
2025-07-15 02:15:00,147.864,147.891,147.85,147.858,186,0,0
2025-07-15 02:30:00,147.858,147.889,147.79,147.813,269,0,0
2025-07-15 02:45:00,147.803,147.83,147.764,147.783,400,1,0
2025-07-15 03:00:00,147.783,147.795,147.686,147.751,761,0,0
2025-07-15 03:15:00,147.751,147.774,147.623,147.623,674,0,0
2025-07-15 03:30:00,147.623,147.658,147.587,147.624,550,0,0
2025-07-15 03:45:00,147.624,147.655,147.563,147.585,934,0,0
2025-07-15 04:00:00,147.585,147.712,147.583,147.675,569,0,0
2025-07-15 04:15:00,147.675,147.715,147.599,147.713,473,0,0
2025-07-15 04:30:00,147.713,147.746,147.696,147.741,422,0,0
2025-07-15 04:45:00,147.741,147.798,147.684,147.775,860,0,0
2025-07-15 05:00:00,147.775,147.821,147.724,147.73,725,0,0
2025-07-15 05:15:00,147.73,147.76,147.651,147.678,560,0,0
2025-07-15 05:30:00,147.678,147.701,147.661,147.701,474,0,0
2025-07-15 05:45:00,147.701,147.713,147.601,147.612,610,0,0
2025-07-15 06:00:00,147.609,147.609,147.555,147.579,390,0,0
2025-07-15 06:15:00,147.581,147.61,147.553,147.604,400,0,0
2025-07-15 06:30:00,147.607,147.679,147.603,147.671,440,0,0
2025-07-15 06:45:00,147.671,147.687,147.661,147.671,302,0,0
2025-07-15 07:00:00,147.671,147.692,147.615,147.645,352,0,0
2025-07-15 07:15:00,147.645,147.671,147.623,147.648,390,0,0
2025-07-15 07:30:00,147.647,147.712,147.646,147.668,492,0,0
2025-07-15 07:45:00,147.668,147.671,147.641,147.667,277,0,0
2025-07-15 08:00:00,147.667,147.67,147.616,147.624,443,0,0
2025-07-15 08:15:00,147.624,147.637,147.572,147.587,317,0,0
2025-07-15 08:30:00,147.587,147.604,147.551,147.573,413,0,0
2025-07-15 08:45:00,147.573,147.598,147.551,147.57,609,0,0
2025-07-15 09:00:00,147.57,147.644,147.57,147.607,747,0,0
2025-07-15 09:15:00,147.607,147.684,147.592,147.68,590,0,0
2025-07-15 09:30:00,147.675,147.711,147.658,147.698,863,0,0
2025-07-15 09:45:00,147.698,147.747,147.675,147.697,920,0,0
2025-07-15 10:00:00,147.697,147.788,147.691,147.768,916,0,0
2025-07-15 10:15:00,147.768,147.784,147.674,147.714,932,0,0
2025-07-15 10:30:00,147.714,147.755,147.699,147.723,1063,0,0
2025-07-15 10:45:00,147.724,147.743,147.64,147.734,1033,0,0
2025-07-15 11:00:00,147.734,147.767,147.701,147.701,1019,0,0
2025-07-15 11:15:00,147.701,147.733,147.685,147.693,1011,0,0
2025-07-15 11:30:00,147.693,147.715,147.654,147.659,1067,0,0
2025-07-15 11:45:00,147.659,147.702,147.652,147.678,532,0,0
2025-07-15 12:00:00,147.677,147.682,147.611,147.615,683,0,0
2025-07-15 12:15:00,147.615,147.667,147.612,147.648,716,0,0
2025-07-15 12:30:00,147.647,147.694,147.643,147.679,866,0,0
2025-07-15 12:45:00,147.679,147.746,147.677,147.707,848,0,0
2025-07-15 13:00:00,147.707,147.744,147.658,147.742,577,0,0
2025-07-15 13:15:00,147.742,147.746,147.685,147.735,790,0,0
2025-07-15 13:30:00,147.735,147.774,147.73,147.752,709,0,0
2025-07-15 13:45:00,147.754,147.777,147.723,147.736,765,0,0
2025-07-15 14:00:00,147.736,147.847,147.718,147.823,926,0,0
2025-07-15 14:15:00,147.823,147.94,147.811,147.937,892,0,0
2025-07-15 14:30:00,147.937,147.95,147.916,147.926,819,0,0
2025-07-15 14:45:00,147.926,147.949,147.91,147.912,946,0,0
2025-07-15 15:00:00,147.912,147.944,147.886,147.941,921,0,0
2025-07-15 15:15:00,147.941,147.982,147.888,147.888,1119,0,0
2025-07-15 15:30:00,147.888,148.148,147.638,148.077,3090,3,0
2025-07-15 15:45:00,148.078,148.147,147.812,147.895,2112,0,0
2025-07-15 16:00:00,147.892,148.176,147.889,148.104,1818,0,0
2025-07-15 16:15:00,148.103,148.29,148.094,148.254,1648,0,0
2025-07-15 16:30:00,148.254,148.48,148.253,148.464,2273,0,0
2025-07-15 16:45:00,148.463,148.659,148.439,148.579,2165,0,0
2025-07-15 17:00:00,148.579,148.798,148.569,148.661,2565,1,0
2025-07-15 17:15:00,148.666,148.883,148.666,148.875,1960,0,0
2025-07-15 17:30:00,148.872,148.898,148.822,148.84,1655,0,0
2025-07-15 17:45:00,148.841,148.875,148.803,148.817,1387,0,0
2025-07-15 18:00:00,148.817,148.878,148.789,148.847,1380,0,0
2025-07-15 18:15:00,148.847,148.899,148.844,148.893,1071,0,0
2025-07-15 18:30:00,148.893,149.021,148.892,148.92,1338,0,0
2025-07-15 18:45:00,148.92,148.95,148.756,148.757,1385,0,0
2025-07-15 19:00:00,148.757,148.907,148.712,148.903,955,0,0
2025-07-15 19:15:00,148.903,148.923,148.841,148.923,1199,0,0
2025-07-15 19:30:00,148.924,148.966,148.882,148.912,987,0,0
2025-07-15 19:45:00,148.912,148.982,148.891,148.894,833,0,0
2025-07-15 20:00:00,148.894,148.983,148.874,148.905,904,0,0
2025-07-15 20:15:00,148.905,148.984,148.901,148.983,518,0,0
2025-07-15 20:30:00,148.983,148.993,148.938,148.945,681,0,0
2025-07-15 20:45:00,148.945,148.995,148.931,148.94,795,0,0
2025-07-15 21:00:00,148.94,148.962,148.852,148.87,658,0,0
2025-07-15 21:15:00,148.87,148.9,148.854,148.88,476,0,0
2025-07-15 21:30:00,148.88,148.912,148.849,148.856,443,0,0
2025-07-15 21:45:00,148.857,148.883,148.822,148.851,773,0,0
2025-07-15 22:00:00,148.851,148.922,148.821,148.902,508,0,0
2025-07-15 22:15:00,148.902,148.902,148.861,148.89,236,0,0
2025-07-15 22:30:00,148.89,148.901,148.865,148.882,211,0,0
2025-07-15 22:45:00,148.882,148.899,148.808,148.848,569,0,0
2025-07-15 23:00:00,148.848,148.887,148.84,148.868,339,0,0
2025-07-15 23:15:00,148.868,148.868,148.835,148.849,368,0,0
2025-07-15 23:30:00,148.849,148.89,148.841,148.851,392,0,0
2025-07-15 23:45:00,148.851,148.864,148.817,148.833,468,10,0
2025-07-16 00:00:00,148.836,148.861,148.82,148.841,39,66,0
2025-07-16 00:15:00,148.841,148.861,148.816,148.861,39,78,0
2025-07-16 00:30:00,148.861,148.873,148.854,148.854,104,66,0
2025-07-16 00:45:00,148.854,148.857,148.804,148.811,149,66,0
2025-07-16 01:00:00,148.811,148.907,148.811,148.877,333,0,0
2025-07-16 01:15:00,148.876,148.929,148.864,148.925,190,0,0
2025-07-16 01:30:00,148.925,148.926,148.875,148.901,294,0,0
2025-07-16 01:45:00,148.901,148.912,148.877,148.882,196,0,0
2025-07-16 02:00:00,148.882,148.94,148.857,148.933,262,0,0
2025-07-16 02:15:00,148.933,148.933,148.838,148.863,338,0,0
2025-07-16 02:30:00,148.863,148.887,148.728,148.736,485,0,0
2025-07-16 02:45:00,148.738,148.815,148.724,148.781,594,0,0
2025-07-16 03:00:00,148.781,148.843,148.709,148.83,884,0,0
2025-07-16 03:15:00,148.83,148.897,148.823,148.866,628,0,0
2025-07-16 03:30:00,148.866,148.929,148.796,148.834,676,0,0
2025-07-16 03:45:00,148.833,149.038,148.787,148.977,1217,0,0
2025-07-16 04:00:00,148.977,149.039,148.857,148.895,884,0,0
2025-07-16 04:15:00,148.895,148.9,148.807,148.834,703,0,0
2025-07-16 04:30:00,148.834,148.843,148.739,148.795,768,0,0
2025-07-16 04:45:00,148.795,148.839,148.742,148.825,706,0,0
2025-07-16 05:00:00,148.825,148.91,148.825,148.876,632,0,0
2025-07-16 05:15:00,148.876,148.964,148.868,148.962,383,0,0
2025-07-16 05:30:00,148.962,148.974,148.917,148.922,468,0,0
2025-07-16 05:45:00,148.922,148.928,148.897,148.91,388,0,0
2025-07-16 06:00:00,148.908,148.915,148.876,148.895,297,0,0
2025-07-16 06:15:00,148.895,148.896,148.871,148.871,375,0,0
2025-07-16 06:30:00,148.871,149.006,148.871,149.003,521,0,0
2025-07-16 06:45:00,149.003,149.09,148.969,149.041,563,0,0
2025-07-16 07:00:00,149.041,149.12,149.021,149.104,714,0,0
2025-07-16 07:15:00,149.104,149.186,149.084,149.148,703,0,0
2025-07-16 07:30:00,149.148,149.15,149.023,149.028,703,0,0
2025-07-16 07:45:00,149.028,149.039,148.915,148.929,544,0,0
2025-07-16 08:00:00,148.929,148.95,148.857,148.915,797,0,0
2025-07-16 08:15:00,148.915,148.915,148.818,148.887,692,0,0
2025-07-16 08:30:00,148.887,148.901,148.847,148.865,759,0,0
2025-07-16 08:45:00,148.865,148.879,148.786,148.815,985,0,0
2025-07-16 09:00:00,148.816,148.874,148.794,148.818,1092,0,0
2025-07-16 09:15:00,148.818,148.825,148.676,148.744,869,0,0
2025-07-16 09:30:00,148.744,148.757,148.655,148.696,1040,0,0
2025-07-16 09:45:00,148.697,148.754,148.62,148.647,951,0,0
2025-07-16 10:00:00,148.648,148.701,148.619,148.685,1305,0,0
2025-07-16 10:15:00,148.685,148.799,148.666,148.789,1145,0,0
2025-07-16 10:30:00,148.79,148.882,148.768,148.875,980,0,0
2025-07-16 10:45:00,148.875,148.928,148.866,148.884,830,0,0
2025-07-16 11:00:00,148.885,148.901,148.724,148.754,1042,0,0
2025-07-16 11:15:00,148.754,148.847,148.738,148.84,843,0,0
2025-07-16 11:30:00,148.84,148.898,148.828,148.847,952,0,0
2025-07-16 11:45:00,148.847,148.863,148.795,148.837,1009,0,0
2025-07-16 12:00:00,148.839,148.888,148.781,148.784,906,0,0
2025-07-16 12:15:00,148.784,148.819,148.738,148.762,697,0,0
2025-07-16 12:30:00,148.762,148.771,148.659,148.696,897,0,0
2025-07-16 12:45:00,148.696,148.731,148.654,148.717,910,0,0
2025-07-16 13:00:00,148.717,148.74,148.671,148.697,713,0,0
2025-07-16 13:15:00,148.697,148.731,148.683,148.707,494,0,0
2025-07-16 13:30:00,148.707,148.709,148.65,148.661,599,0,0
2025-07-16 13:45:00,148.661,148.727,148.652,148.716,750,0,0
2025-07-16 14:00:00,148.717,148.721,148.626,148.678,658,0,0
2025-07-16 14:15:00,148.678,148.764,148.651,148.763,714,0,0
2025-07-16 14:30:00,148.763,148.777,148.682,148.686,740,0,0
2025-07-16 14:45:00,148.687,148.784,148.673,148.763,1100,0,0
2025-07-16 15:00:00,148.763,148.779,148.696,148.772,1132,1,0
2025-07-16 15:15:00,148.771,148.833,148.744,148.798,1058,0,0
2025-07-16 15:30:00,148.779,148.779,148.461,148.556,2698,1,0
2025-07-16 15:45:00,148.557,148.767,148.52,148.705,1848,0,0
2025-07-16 16:00:00,148.705,148.757,148.604,148.726,1583,0,0
2025-07-16 16:15:00,148.723,148.833,148.684,148.818,1750,0,0
2025-07-16 16:30:00,148.814,148.874,148.711,148.788,1973,0,0
2025-07-16 16:45:00,148.788,148.929,148.783,148.807,1951,0,0
2025-07-16 17:00:00,148.807,148.843,148.742,148.826,1843,0,0
2025-07-16 17:15:00,148.826,148.852,148.725,148.734,1523,0,0
2025-07-16 17:30:00,148.735,148.772,148.649,148.695,1657,0,0
2025-07-16 17:45:00,148.695,148.777,148.302,148.469,2534,0,0
2025-07-16 18:00:00,148.468,148.514,148.136,148.16,2925,0,0
2025-07-16 18:15:00,148.16,148.195,147.015,147.394,4221,0,0
2025-07-16 18:30:00,147.396,147.453,146.911,147.252,3966,0,0
2025-07-16 18:45:00,147.252,148.42,147.189,148.1,3917,0,0
2025-07-16 19:00:00,148.109,148.378,147.821,147.936,3214,0,0
2025-07-16 19:15:00,147.943,148.216,147.943,148.162,2366,0,0
2025-07-16 19:30:00,148.163,148.316,148.069,148.217,2000,0,0
2025-07-16 19:45:00,148.218,148.232,147.943,148.044,2028,0,0
2025-07-16 20:00:00,148.045,148.058,147.823,147.886,1718,0,0
2025-07-16 20:15:00,147.885,147.937,147.734,147.822,1709,0,0
2025-07-16 20:30:00,147.822,147.859,147.755,147.76,1092,0,0
2025-07-16 20:45:00,147.76,147.765,147.489,147.682,1206,0,0
2025-07-16 21:00:00,147.682,147.778,147.638,147.697,1029,0,0
2025-07-16 21:15:00,147.697,147.813,147.664,147.804,817,0,0
2025-07-16 21:30:00,147.805,147.849,147.752,147.842,781,0,0
2025-07-16 21:45:00,147.842,147.954,147.815,147.944,622,0,0
2025-07-16 22:00:00,147.944,148.023,147.899,147.978,684,0,0
2025-07-16 22:15:00,147.978,148.011,147.911,147.912,674,0,0
2025-07-16 22:30:00,147.912,147.934,147.863,147.901,740,0,0
2025-07-16 22:45:00,147.896,147.911,147.823,147.849,584,0,0
2025-07-16 23:00:00,147.849,147.896,147.823,147.847,579,0,0
2025-07-16 23:15:00,147.847,147.87,147.817,147.832,557,0,0
2025-07-16 23:30:00,147.831,147.888,147.825,147.861,756,0,0
2025-07-16 23:45:00,147.859,147.905,147.859,147.86,882,10,0
2025-07-17 00:00:00,147.826,147.845,147.75,147.802,65,66,0
2025-07-17 00:15:00,147.802,147.802,147.768,147.775,68,120,0
2025-07-17 00:30:00,147.775,147.816,147.774,147.803,266,96,0
2025-07-17 00:45:00,147.803,147.832,147.786,147.813,386,91,0
2025-07-17 01:00:00,147.808,147.838,147.727,147.773,279,0,0
2025-07-17 01:15:00,147.773,147.933,147.773,147.869,327,0,0
2025-07-17 01:30:00,147.869,147.879,147.804,147.87,281,0,0
2025-07-17 01:45:00,147.87,147.896,147.838,147.881,236,0,0
2025-07-17 02:00:00,147.881,147.902,147.839,147.894,345,0,0
2025-07-17 02:15:00,147.894,147.894,147.77,147.846,360,0,0
2025-07-17 02:30:00,147.846,148.016,147.846,148.013,466,0,0
2025-07-17 02:45:00,148.013,148.071,147.984,147.997,558,0,0
2025-07-17 03:00:00,147.997,148.17,147.984,148.158,987,0,0
2025-07-17 03:15:00,148.158,148.256,148.153,148.242,681,0,0
2025-07-17 03:30:00,148.242,148.333,148.231,148.306,861,0,0
2025-07-17 03:45:00,148.306,148.424,148.282,148.383,1239,0,0
2025-07-17 04:00:00,148.383,148.491,148.365,148.424,1117,0,0
2025-07-17 04:15:00,148.423,148.449,148.376,148.447,880,0,0
2025-07-17 04:30:00,148.447,148.481,148.328,148.341,1161,0,0
2025-07-17 04:45:00,148.341,148.383,148.28,148.343,924,0,0
2025-07-17 05:00:00,148.343,148.443,148.343,148.437,969,0,0
2025-07-17 05:15:00,148.437,148.448,148.357,148.388,647,0,0
2025-07-17 05:30:00,148.388,148.454,148.353,148.45,529,0,0
2025-07-17 05:45:00,148.45,148.501,148.427,148.456,507,0,0
2025-07-17 06:00:00,148.456,148.496,148.44,148.449,435,0,0
2025-07-17 06:15:00,148.449,148.571,148.447,148.541,632,0,0
2025-07-17 06:30:00,148.541,148.661,148.54,148.585,614,0,0
2025-07-17 06:45:00,148.584,148.611,148.54,148.547,702,0,0
2025-07-17 07:00:00,148.547,148.595,148.531,148.593,723,0,0
2025-07-17 07:15:00,148.594,148.613,148.554,148.556,439,0,0
2025-07-17 07:30:00,148.556,148.557,148.476,148.521,524,0,0
2025-07-17 07:45:00,148.521,148.521,148.408,148.419,621,0,0
2025-07-17 08:00:00,148.42,148.478,148.385,148.391,665,0,0
2025-07-17 08:15:00,148.391,148.427,148.381,148.394,528,0,0
2025-07-17 08:30:00,148.394,148.425,148.37,148.387,549,0,0
2025-07-17 08:45:00,148.387,148.498,148.367,148.482,634,0,0
2025-07-17 09:00:00,148.485,148.622,148.454,148.612,1197,0,0
2025-07-17 09:15:00,148.612,148.75,148.607,148.736,1211,0,0
2025-07-17 09:30:00,148.736,148.807,148.683,148.771,1385,0,0
2025-07-17 09:45:00,148.771,148.774,148.618,148.629,1394,0,0
2025-07-17 10:00:00,148.629,148.742,148.59,148.596,1526,0,0
2025-07-17 10:15:00,148.596,148.698,148.591,148.605,1446,0,0
2025-07-17 10:30:00,148.605,148.704,148.594,148.652,1189,0,0
2025-07-17 10:45:00,148.652,148.767,148.627,148.721,1197,0,0
2025-07-17 11:00:00,148.721,148.77,148.7,148.718,1249,0,0
2025-07-17 11:15:00,148.717,148.784,148.657,148.662,1136,0,0
2025-07-17 11:30:00,148.662,148.695,148.621,148.689,1124,0,0
2025-07-17 11:45:00,148.69,148.69,148.584,148.586,939,0,0
2025-07-17 12:00:00,148.586,148.634,148.521,148.615,1104,0,0
2025-07-17 12:15:00,148.615,148.705,148.603,148.697,984,0,0
2025-07-17 12:30:00,148.697,148.774,148.67,148.688,838,0,0
2025-07-17 12:45:00,148.688,148.774,148.664,148.752,1187,0,0
2025-07-17 13:00:00,148.751,148.805,148.724,148.804,1029,0,0
2025-07-17 13:15:00,148.804,148.835,148.687,148.695,1146,0,0
2025-07-17 13:30:00,148.695,148.701,148.65,148.671,809,0,0
2025-07-17 13:45:00,148.671,148.683,148.615,148.643,889,0,0
2025-07-17 14:00:00,148.643,148.668,148.603,148.609,1203,0,0
2025-07-17 14:15:00,148.609,148.751,148.604,148.739,1067,0,0
2025-07-17 14:30:00,148.739,148.752,148.664,148.717,856,0,0
2025-07-17 14:45:00,148.717,148.803,148.705,148.768,899,0,0
2025-07-17 15:00:00,148.768,148.817,148.696,148.709,1146,0,0
2025-07-17 15:15:00,148.709,148.831,148.705,148.831,1260,0,0
2025-07-17 15:30:00,148.809,149.088,148.732,148.81,2959,0,0
2025-07-17 15:45:00,148.811,148.837,148.599,148.719,2306,0,0
2025-07-17 16:00:00,148.719,148.754,148.468,148.543,2365,0,0
2025-07-17 16:15:00,148.543,148.684,148.496,148.557,1911,0,0
2025-07-17 16:30:00,148.557,148.61,148.454,148.535,2183,0,0
2025-07-17 16:45:00,148.535,148.633,148.523,148.581,2076,0,0
2025-07-17 17:00:00,148.581,148.66,148.519,148.598,1781,0,0
2025-07-17 17:15:00,148.598,148.611,148.397,148.408,1742,0,0
2025-07-17 17:30:00,148.409,148.489,148.38,148.449,1715,0,0
2025-07-17 17:45:00,148.449,148.58,148.443,148.482,1905,0,0
2025-07-17 18:00:00,148.482,148.538,148.465,148.52,1626,0,0
2025-07-17 18:15:00,148.52,148.613,148.504,148.511,1275,0,0
2025-07-17 18:30:00,148.511,148.535,148.454,148.481,1344,0,0
2025-07-17 18:45:00,148.481,148.569,148.471,148.553,1304,0,0
2025-07-17 19:00:00,148.553,148.571,148.48,148.49,604,1,0
2025-07-17 19:15:00,148.488,148.536,148.47,148.488,662,0,0
2025-07-17 19:30:00,148.492,148.655,148.482,148.616,771,0,0
2025-07-17 19:45:00,148.616,148.702,148.611,148.623,976,1,0
2025-07-17 20:00:00,148.623,148.646,148.564,148.589,746,0,0
2025-07-17 20:15:00,148.589,148.613,148.568,148.594,773,0,0
2025-07-17 20:30:00,148.594,148.65,148.563,148.633,687,0,0
2025-07-17 20:45:00,148.633,148.675,148.622,148.66,546,0,0
2025-07-17 21:00:00,148.66,148.69,148.646,148.663,477,0,0
2025-07-17 21:15:00,148.663,148.744,148.654,148.733,523,0,0
2025-07-17 21:30:00,148.733,148.754,148.689,148.701,628,0,0
2025-07-17 21:45:00,148.701,148.738,148.679,148.725,660,0,0
2025-07-17 22:00:00,148.726,148.751,148.649,148.672,593,0,0
2025-07-17 22:15:00,148.672,148.672,148.619,148.645,593,0,0
2025-07-17 22:30:00,148.645,148.655,148.584,148.586,699,0,0
2025-07-17 22:45:00,148.586,148.603,148.551,148.59,614,0,0
2025-07-17 23:00:00,148.59,148.594,148.555,148.59,401,0,0
2025-07-17 23:15:00,148.59,148.609,148.568,148.573,221,0,0
2025-07-17 23:30:00,148.573,148.621,148.562,148.572,586,0,0
2025-07-17 23:45:00,148.572,148.609,148.568,148.598,433,10,0
2025-07-18 00:00:00,148.574,148.582,148.53,148.581,21,66,0
2025-07-18 00:15:00,148.581,148.581,148.533,148.542,65,66,0
2025-07-18 00:30:00,148.542,148.574,148.522,148.522,135,66,0
2025-07-18 00:45:00,148.522,148.546,148.494,148.504,231,66,0
2025-07-18 01:00:00,148.503,148.525,148.471,148.509,168,0,0
2025-07-18 01:15:00,148.509,148.569,148.504,148.54,267,0,0
2025-07-18 01:30:00,148.54,148.542,148.342,148.404,529,0,0
2025-07-18 01:45:00,148.404,148.407,148.302,148.321,292,0,0
2025-07-18 02:00:00,148.321,148.366,148.291,148.361,330,0,0
2025-07-18 02:15:00,148.361,148.393,148.339,148.35,311,0,0
2025-07-18 02:30:00,148.349,148.376,148.31,148.376,333,0,0
2025-07-18 02:45:00,148.376,148.453,148.374,148.443,378,0,0
2025-07-18 03:00:00,148.444,148.52,148.332,148.517,869,0,0
2025-07-18 03:15:00,148.517,148.574,148.517,148.557,692,0,0
2025-07-18 03:30:00,148.557,148.563,148.425,148.463,785,0,0
2025-07-18 03:45:00,148.463,148.625,148.444,148.583,1119,0,0
2025-07-18 04:00:00,148.583,148.621,148.482,148.518,869,0,0
2025-07-18 04:15:00,148.518,148.586,148.485,148.523,740,0,0
2025-07-18 04:30:00,148.523,148.551,148.472,148.494,831,0,0
2025-07-18 04:45:00,148.494,148.496,148.379,148.484,821,0,0
2025-07-18 05:00:00,148.484,148.577,148.475,148.479,761,0,0
2025-07-18 05:15:00,148.479,148.492,148.414,148.429,442,0,0
2025-07-18 05:30:00,148.429,148.496,148.413,148.494,471,0,0
2025-07-18 05:45:00,148.486,148.527,148.42,148.522,551,0,0
2025-07-18 06:00:00,148.521,148.57,148.477,148.487,483,0,0
2025-07-18 06:15:00,148.487,148.608,148.486,148.596,402,0,0
2025-07-18 06:30:00,148.596,148.656,148.579,148.633,886,0,0
2025-07-18 06:45:00,148.633,148.672,148.595,148.668,885,0,0
2025-07-18 07:00:00,148.668,148.726,148.658,148.67,653,0,0
2025-07-18 07:15:00,148.669,148.693,148.642,148.678,662,0,0
2025-07-18 07:30:00,148.678,148.713,148.675,148.688,469,0,0
2025-07-18 07:45:00,148.688,148.694,148.618,148.669,583,0,0
2025-07-18 08:00:00,148.669,148.723,148.667,148.706,713,0,0
2025-07-18 08:15:00,148.706,148.769,148.673,148.757,769,0,0
2025-07-18 08:30:00,148.757,148.808,148.743,148.758,545,0,0
2025-07-18 08:45:00,148.76,148.792,148.728,148.76,640,0,0
2025-07-18 09:00:00,148.759,148.788,148.72,148.743,718,0,0
2025-07-18 09:15:00,148.743,148.778,148.712,148.767,625,0,0
2025-07-18 09:30:00,148.767,148.836,148.737,148.792,1039,0,0
2025-07-18 09:45:00,148.794,148.821,148.693,148.742,1162,0,0
2025-07-18 10:00:00,148.742,148.809,148.682,148.737,1064,0,0
2025-07-18 10:15:00,148.737,148.843,148.654,148.798,1032,0,0
2025-07-18 10:30:00,148.801,148.884,148.773,148.827,1168,0,0
2025-07-18 10:45:00,148.827,148.859,148.778,148.781,1120,0,0
2025-07-18 11:00:00,148.781,148.781,148.622,148.669,1121,0,0
2025-07-18 11:15:00,148.669,148.716,148.641,148.66,874,0,0
2025-07-18 11:30:00,148.66,148.67,148.556,148.565,1077,0,0
2025-07-18 11:45:00,148.565,148.605,148.503,148.589,895,0,0
2025-07-18 12:00:00,148.589,148.598,148.514,148.573,1131,0,0
2025-07-18 12:15:00,148.572,148.656,148.551,148.654,890,0,0
2025-07-18 12:30:00,148.655,148.72,148.649,148.718,855,0,0
2025-07-18 12:45:00,148.718,148.725,148.668,148.71,891,0,0
2025-07-18 13:00:00,148.71,148.721,148.547,148.571,913,0,0
2025-07-18 13:15:00,148.572,148.595,148.535,148.589,904,0,0
2025-07-18 13:30:00,148.589,148.601,148.531,148.56,624,0,0
2025-07-18 13:45:00,148.561,148.612,148.499,148.52,835,0,0
2025-07-18 14:00:00,148.52,148.551,148.491,148.511,959,0,0
2025-07-18 14:15:00,148.511,148.583,148.505,148.534,918,0,0
2025-07-18 14:30:00,148.534,148.534,148.458,148.479,915,0,0
2025-07-18 14:45:00,148.479,148.532,148.451,148.504,1015,0,0
2025-07-18 15:00:00,148.504,148.527,148.36,148.373,1207,0,0
2025-07-18 15:15:00,148.373,148.449,148.321,148.421,1113,0,0
2025-07-18 15:30:00,148.422,148.474,148.371,148.383,1237,0,0
2025-07-18 15:45:00,148.382,148.496,148.358,148.359,1190,0,0
2025-07-18 16:00:00,148.359,148.468,148.333,148.371,1470,0,0
2025-07-18 16:15:00,148.371,148.405,148.192,148.296,1592,0,0
2025-07-18 16:30:00,148.296,148.43,148.278,148.363,1682,0,0
2025-07-18 16:45:00,148.363,148.428,148.247,148.262,1689,0,0
2025-07-18 17:00:00,148.246,148.42,148.184,148.405,2003,0,0
2025-07-18 17:15:00,148.405,148.485,148.404,148.437,1689,0,0
2025-07-18 17:30:00,148.437,148.504,148.381,148.466,1632,0,0
2025-07-18 17:45:00,148.466,148.516,148.406,148.481,1809,0,0
2025-07-18 18:00:00,148.48,148.535,148.381,148.448,1641,0,0
2025-07-18 18:15:00,148.448,148.454,148.362,148.425,1288,0,0
2025-07-18 18:30:00,148.425,148.507,148.425,148.492,997,0,0
2025-07-18 18:45:00,148.492,148.565,148.468,148.555,962,0,0
2025-07-18 19:00:00,148.555,148.625,148.511,148.625,739,0,0
2025-07-18 19:15:00,148.625,148.699,148.598,148.654,1241,0,0
2025-07-18 19:30:00,148.654,148.715,148.592,148.671,1076,0,0
2025-07-18 19:45:00,148.671,148.734,148.665,148.689,781,0,0
2025-07-18 20:00:00,148.689,148.736,148.658,148.732,684,0,0
2025-07-18 20:15:00,148.732,148.753,148.693,148.744,646,0,0
2025-07-18 20:30:00,148.744,148.795,148.743,148.776,675,0,0
2025-07-18 20:45:00,148.776,148.794,148.701,148.715,888,0,0
2025-07-18 21:00:00,148.715,148.765,148.701,148.76,665,0,0
2025-07-18 21:15:00,148.76,148.767,148.729,148.731,738,0,0
2025-07-18 21:30:00,148.731,148.778,148.727,148.767,640,0,0
2025-07-18 21:45:00,148.767,148.787,148.739,148.767,533,0,0
2025-07-18 22:00:00,148.766,148.798,148.753,148.776,295,0,0
2025-07-18 22:15:00,148.776,148.785,148.743,148.776,303,0,0
2025-07-18 22:30:00,148.776,148.81,148.767,148.768,357,0,0
2025-07-18 22:45:00,148.768,148.798,148.735,148.745,458,0,0
2025-07-18 23:00:00,148.745,148.771,148.697,148.761,421,0,0
2025-07-18 23:15:00,148.761,148.761,148.716,148.736,420,0,0
2025-07-18 23:30:00,148.736,148.769,148.733,148.755,288,0,0
2025-07-18 23:45:00,148.755,148.845,148.753,148.844,387,10,0
2025-07-21 00:00:00,147.844,147.992,147.844,147.978,117,66,0
2025-07-21 00:15:00,147.978,148.041,147.944,148.041,104,66,0
2025-07-21 00:30:00,148.041,148.092,148.027,148.068,206,66,0
2025-07-21 00:45:00,148.068,148.214,148.062,148.136,551,66,0
2025-07-21 01:00:00,148.136,148.446,148.136,148.436,1009,0,0
2025-07-21 01:15:00,148.436,148.643,148.426,148.608,1072,0,0
2025-07-21 01:30:00,148.608,148.667,148.569,148.596,410,0,0
2025-07-21 01:45:00,148.595,148.643,148.567,148.592,557,0,0
2025-07-21 02:00:00,148.592,148.657,148.54,148.621,375,0,0
2025-07-21 02:15:00,148.621,148.621,148.376,148.424,550,0,0
2025-07-21 02:30:00,148.424,148.541,148.411,148.491,600,0,0
2025-07-21 02:45:00,148.491,148.558,148.413,148.455,514,0,0
2025-07-21 03:00:00,148.454,148.485,148.274,148.28,937,0,0
2025-07-21 03:15:00,148.28,148.321,148.242,148.294,836,0,0
2025-07-21 03:30:00,148.294,148.43,148.293,148.408,773,0,0
2025-07-21 03:45:00,148.408,148.408,148.293,148.388,786,0,0
2025-07-21 04:00:00,148.388,148.48,148.366,148.372,909,0,0
2025-07-21 04:15:00,148.374,148.473,148.333,148.44,560,0,0
2025-07-21 04:30:00,148.44,148.498,148.427,148.493,812,0,0
2025-07-21 04:45:00,148.493,148.542,148.467,148.513,766,0,0
2025-07-21 05:00:00,148.513,148.547,148.47,148.474,818,0,0
2025-07-21 05:15:00,148.474,148.483,148.439,148.461,548,0,0
2025-07-21 05:30:00,148.461,148.53,148.451,148.528,518,0,0
2025-07-21 05:45:00,148.528,148.561,148.485,148.505,612,0,0
2025-07-21 06:00:00,148.505,148.539,148.488,148.511,475,0,0
2025-07-21 06:15:00,148.511,148.545,148.501,148.514,511,0,0
2025-07-21 06:30:00,148.514,148.545,148.407,148.407,519,0,0
2025-07-21 06:45:00,148.407,148.487,148.39,148.462,333,0,0
2025-07-21 07:00:00,148.462,148.484,148.443,148.481,186,0,0
2025-07-21 07:15:00,148.481,148.524,148.481,148.481,296,0,0
2025-07-21 07:30:00,148.481,148.506,148.461,148.484,264,0,0
2025-07-21 07:45:00,148.484,148.514,148.425,148.447,261,0,0
2025-07-21 08:00:00,148.447,148.451,148.312,148.358,515,0,0
2025-07-21 08:15:00,148.358,148.362,148.268,148.305,702,0,0
2025-07-21 08:30:00,148.305,148.351,148.261,148.304,752,0,0
2025-07-21 08:45:00,148.301,148.32,148.275,148.297,588,0,0
2025-07-21 09:00:00,148.297,148.309,148.102,148.119,656,0,0
2025-07-21 09:15:00,148.119,148.14,147.975,147.991,969,0,0
2025-07-21 09:30:00,147.991,147.991,147.774,147.833,1692,0,0
2025-07-21 09:45:00,147.833,147.988,147.814,147.937,1358,0,0
2025-07-21 10:00:00,147.937,148.117,147.916,148.102,1671,0,0
2025-07-21 10:15:00,148.102,148.209,148.093,148.157,935,0,0
2025-07-21 10:30:00,148.157,148.245,148.062,148.089,976,0,0
2025-07-21 10:45:00,148.089,148.17,148.079,148.102,1024,0,0
2025-07-21 11:00:00,148.102,148.134,147.997,148.044,1429,0,0
2025-07-21 11:15:00,148.044,148.057,147.917,147.936,1085,0,0
2025-07-21 11:30:00,147.936,147.937,147.691,147.773,1660,0,0
2025-07-21 11:45:00,147.773,147.917,147.76,147.894,1101,0,0
2025-07-21 12:00:00,147.894,147.974,147.849,147.891,1085,0,0
2025-07-21 12:15:00,147.891,147.926,147.868,147.882,782,0,0
2025-07-21 12:30:00,147.882,147.945,147.875,147.893,734,0,0
2025-07-21 12:45:00,147.893,147.947,147.88,147.923,911,0,0
2025-07-21 13:00:00,147.918,147.931,147.846,147.915,937,0,0
2025-07-21 13:15:00,147.915,147.979,147.894,147.895,825,0,0
2025-07-21 13:30:00,147.894,147.919,147.849,147.849,609,0,0
2025-07-21 13:45:00,147.849,147.849,147.756,147.757,912,0,0
2025-07-21 14:00:00,147.757,147.767,147.651,147.655,1326,0,0
2025-07-21 14:15:00,147.655,147.744,147.607,147.71,1193,0,0
2025-07-21 14:30:00,147.711,147.724,147.555,147.564,1128,0,0
2025-07-21 14:45:00,147.565,147.571,147.508,147.546,1161,0,0
2025-07-21 15:00:00,147.546,147.555,147.373,147.438,1205,0,0
2025-07-21 15:15:00,147.438,147.479,147.339,147.403,1177,0,0
2025-07-21 15:30:00,147.403,147.443,147.338,147.434,1458,0,0
2025-07-21 15:45:00,147.434,147.504,147.403,147.493,1155,0,0
2025-07-21 16:00:00,147.493,147.604,147.493,147.569,1197,0,0
2025-07-21 16:15:00,147.571,147.65,147.523,147.603,1253,0,0
2025-07-21 16:30:00,147.603,147.723,147.601,147.625,1607,0,0
2025-07-21 16:45:00,147.625,147.668,147.517,147.528,1583,0,0
2025-07-21 17:00:00,147.528,147.546,147.303,147.365,1857,0,0
2025-07-21 17:15:00,147.365,147.436,147.31,147.408,1365,0,0
2025-07-21 17:30:00,147.408,147.454,147.287,147.43,1575,0,0
2025-07-21 17:45:00,147.431,147.512,147.35,147.426,1754,0,0
2025-07-21 18:00:00,147.426,147.428,147.308,147.332,1577,0,0
2025-07-21 18:15:00,147.332,147.333,147.258,147.283,1377,0,0
2025-07-21 18:30:00,147.283,147.349,147.265,147.345,1196,0,0
2025-07-21 18:45:00,147.345,147.345,147.263,147.268,1186,0,0
2025-07-21 19:00:00,147.268,147.334,147.156,147.177,1063,0,0
2025-07-21 19:15:00,147.177,147.255,147.081,147.122,1052,0,0
2025-07-21 19:30:00,147.122,147.199,147.102,147.126,597,0,0
2025-07-21 19:45:00,147.126,147.201,147.099,147.165,660,0,0
2025-07-21 20:00:00,147.165,147.284,147.111,147.271,688,0,0
2025-07-21 20:15:00,147.271,147.309,147.248,147.259,550,0,0
2025-07-21 20:30:00,147.259,147.291,147.225,147.239,713,0,0
2025-07-21 20:45:00,147.239,147.299,147.219,147.254,544,0,0
2025-07-21 21:00:00,147.253,147.276,147.239,147.254,306,0,0
2025-07-21 21:15:00,147.254,147.257,147.217,147.236,498,0,0
2025-07-21 21:30:00,147.236,147.363,147.235,147.36,599,1,0
2025-07-21 21:45:00,147.36,147.379,147.313,147.325,788,1,0
2025-07-21 22:00:00,147.326,147.347,147.273,147.277,658,0,0
2025-07-21 22:15:00,147.277,147.374,147.276,147.354,389,0,0
2025-07-21 22:30:00,147.354,147.365,147.274,147.297,465,0,0
2025-07-21 22:45:00,147.296,147.365,147.288,147.358,563,0,0
2025-07-21 23:00:00,147.358,147.419,147.354,147.414,451,0,0
2025-07-21 23:15:00,147.414,147.437,147.395,147.406,292,0,0
2025-07-21 23:30:00,147.406,147.432,147.384,147.393,283,0,0
2025-07-21 23:45:00,147.393,147.394,147.33,147.334,464,10,0
2025-07-22 00:00:00,147.33,147.33,147.202,147.223,45,66,0
2025-07-22 00:15:00,147.223,147.235,147.202,147.235,94,66,0
2025-07-22 00:30:00,147.235,147.264,147.219,147.247,96,66,0
2025-07-22 00:45:00,147.247,147.297,147.247,147.278,81,66,0
2025-07-22 01:00:00,147.278,147.379,147.278,147.379,258,0,0
2025-07-22 01:15:00,147.379,147.387,147.349,147.382,177,0,0
2025-07-22 01:30:00,147.382,147.388,147.353,147.385,141,0,0
2025-07-22 01:45:00,147.385,147.415,147.362,147.4,176,0,0
2025-07-22 02:00:00,147.4,147.464,147.391,147.464,192,0,0
2025-07-22 02:15:00,147.464,147.469,147.402,147.461,374,0,0
2025-07-22 02:30:00,147.461,147.473,147.402,147.434,314,0,0
2025-07-22 02:45:00,147.434,147.495,147.39,147.4,569,0,0
2025-07-22 03:00:00,147.4,147.704,147.395,147.703,1006,0,0
2025-07-22 03:15:00,147.703,147.712,147.504,147.512,929,0,0
2025-07-22 03:30:00,147.512,147.54,147.401,147.454,818,0,0
2025-07-22 03:45:00,147.455,147.53,147.395,147.487,1212,0,0
2025-07-22 04:00:00,147.487,147.619,147.462,147.541,694,0,0
2025-07-22 04:15:00,147.541,147.584,147.497,147.526,553,0,0
2025-07-22 04:30:00,147.526,147.642,147.455,147.627,679,0,0
2025-07-22 04:45:00,147.627,147.631,147.527,147.583,618,0,0
2025-07-22 05:00:00,147.583,147.585,147.45,147.453,552,0,0
2025-07-22 05:15:00,147.453,147.486,147.412,147.476,498,0,0
2025-07-22 05:30:00,147.476,147.526,147.475,147.478,326,0,0
2025-07-22 05:45:00,147.478,147.479,147.421,147.465,514,0,0
2025-07-22 06:00:00,147.465,147.545,147.416,147.528,442,0,0
2025-07-22 06:15:00,147.528,147.53,147.485,147.494,316,0,0
2025-07-22 06:30:00,147.494,147.536,147.484,147.484,367,0,0
2025-07-22 06:45:00,147.484,147.616,147.465,147.577,502,0,0
2025-07-22 07:00:00,147.577,147.621,147.572,147.598,437,0,0
2025-07-22 07:15:00,147.598,147.624,147.539,147.579,604,0,0
2025-07-22 07:30:00,147.579,147.656,147.575,147.614,470,0,0
2025-07-22 07:45:00,147.614,147.671,147.583,147.639,462,0,0
2025-07-22 08:00:00,147.639,147.655,147.602,147.636,545,0,0
2025-07-22 08:15:00,147.636,147.757,147.636,147.722,619,0,0
2025-07-22 08:30:00,147.722,147.782,147.72,147.772,540,0,0
2025-07-22 08:45:00,147.772,147.81,147.756,147.773,545,0,0
2025-07-22 09:00:00,147.773,147.809,147.721,147.799,546,0,0
2025-07-22 09:15:00,147.799,147.848,147.747,147.84,730,0,0
2025-07-22 09:30:00,147.84,147.93,147.81,147.917,915,0,0
2025-07-22 09:45:00,147.917,147.918,147.808,147.821,918,0,0
2025-07-22 10:00:00,147.823,147.949,147.808,147.93,1299,0,0
2025-07-22 10:15:00,147.93,147.936,147.806,147.808,725,0,0
2025-07-22 10:30:00,147.808,147.82,147.731,147.753,676,0,0
2025-07-22 10:45:00,147.752,147.815,147.705,147.711,1009,0,0
2025-07-22 11:00:00,147.71,147.721,147.617,147.656,1127,0,0
2025-07-22 11:15:00,147.656,147.763,147.646,147.741,862,0,0
2025-07-22 11:30:00,147.741,147.759,147.635,147.664,925,0,0
2025-07-22 11:45:00,147.664,147.685,147.607,147.614,804,0,0
2025-07-22 12:00:00,147.616,147.616,147.46,147.489,1160,0,0
2025-07-22 12:15:00,147.489,147.58,147.444,147.576,1075,0,0
2025-07-22 12:30:00,147.576,147.597,147.523,147.562,856,0,0
2025-07-22 12:45:00,147.562,147.584,147.422,147.437,873,0,0
2025-07-22 13:00:00,147.438,147.448,147.36,147.416,765,0,0
2025-07-22 13:15:00,147.416,147.477,147.414,147.468,585,0,0
2025-07-22 13:30:00,147.468,147.533,147.456,147.506,714,0,0
2025-07-22 13:45:00,147.506,147.556,147.502,147.535,584,0,0
2025-07-22 14:00:00,147.535,147.571,147.483,147.487,896,0,0
2025-07-22 14:15:00,147.487,147.535,147.453,147.498,621,0,0
2025-07-22 14:30:00,147.5,147.501,147.204,147.213,1142,0,0
2025-07-22 14:45:00,147.215,147.288,147.155,147.197,1580,0,0
2025-07-22 15:00:00,147.199,147.219,147.062,147.158,1269,0,0
2025-07-22 15:15:00,147.156,147.257,147.14,147.204,1272,0,0
2025-07-22 15:30:00,147.199,147.214,147.059,147.061,1014,0,0
2025-07-22 15:45:00,147.061,147.061,146.741,146.801,2188,0,0
2025-07-22 16:00:00,146.803,146.893,146.712,146.796,1569,0,0
2025-07-22 16:15:00,146.796,146.826,146.697,146.779,1356,0,0
2025-07-22 16:30:00,146.779,146.831,146.682,146.705,1896,0,0
2025-07-22 16:45:00,146.705,146.713,146.507,146.575,2416,0,0
2025-07-22 17:00:00,146.575,146.671,146.507,146.544,2082,0,0
2025-07-22 17:15:00,146.544,146.587,146.452,146.551,1749,0,0
2025-07-22 17:30:00,146.551,146.674,146.472,146.472,1748,0,0
2025-07-22 17:45:00,146.473,146.537,146.324,146.444,2118,0,0
2025-07-22 18:00:00,146.451,146.53,146.363,146.41,2130,0,0
2025-07-22 18:15:00,146.411,146.5,146.393,146.489,1429,0,0
2025-07-22 18:30:00,146.488,146.522,146.344,146.469,1452,0,0
2025-07-22 18:45:00,146.469,146.52,146.354,146.37,1559,0,0
2025-07-22 19:00:00,146.37,146.442,146.31,146.412,1138,0,0
2025-07-22 19:15:00,146.412,146.474,146.353,146.372,833,0,0
2025-07-22 19:30:00,146.373,146.449,146.355,146.385,714,0,0
2025-07-22 19:45:00,146.385,146.446,146.38,146.427,799,0,0
2025-07-22 20:00:00,146.427,146.515,146.427,146.495,826,0,0
2025-07-22 20:15:00,146.495,146.528,146.459,146.527,686,0,0
2025-07-22 20:30:00,146.527,146.553,146.497,146.551,849,0,0
2025-07-22 20:45:00,146.551,146.588,146.534,146.556,591,0,0
2025-07-22 21:00:00,146.555,146.593,146.541,146.569,571,0,0
2025-07-22 21:15:00,146.569,146.573,146.528,146.565,469,0,0
2025-07-22 21:30:00,146.565,146.573,146.526,146.54,515,0,0
2025-07-22 21:45:00,146.54,146.575,146.527,146.563,812,0,0
2025-07-22 22:00:00,146.564,146.603,146.543,146.546,654,0,0
2025-07-22 22:15:00,146.546,146.581,146.491,146.555,451,0,0
2025-07-22 22:30:00,146.555,146.595,146.541,146.55,505,0,0
2025-07-22 22:45:00,146.55,146.601,146.545,146.56,396,0,0
2025-07-22 23:00:00,146.56,146.657,146.553,146.655,283,0,0
2025-07-22 23:15:00,146.655,146.661,146.61,146.642,293,0,0
2025-07-22 23:30:00,146.642,146.679,146.639,146.664,327,0,0
2025-07-22 23:45:00,146.664,146.673,146.629,146.637,397,10,0
2025-07-23 00:00:00,146.59,146.592,146.565,146.592,24,66,0
2025-07-23 00:15:00,146.592,146.603,146.582,146.592,86,66,0
2025-07-23 00:30:00,146.592,146.602,146.587,146.587,85,66,0
2025-07-23 00:45:00,146.587,146.6,146.55,146.555,87,66,0
2025-07-23 01:00:00,146.555,146.696,146.546,146.681,178,0,0
2025-07-23 01:15:00,146.681,146.711,146.678,146.679,170,0,0
2025-07-23 01:30:00,146.679,146.776,146.679,146.694,217,0,0
2025-07-23 01:45:00,146.694,146.715,146.619,146.694,347,0,0
2025-07-23 02:00:00,146.694,146.708,146.25,146.341,786,0,0
2025-07-23 02:15:00,146.342,146.805,146.311,146.804,1455,0,0
2025-07-23 02:30:00,146.804,146.922,146.749,146.897,995,0,0
2025-07-23 02:45:00,146.897,146.943,146.754,146.757,1305,0,0
2025-07-23 03:00:00,146.757,146.812,146.618,146.627,1382,0,0
2025-07-23 03:15:00,146.627,146.639,146.198,146.209,1726,0,0
2025-07-23 03:30:00,146.209,146.511,146.207,146.501,1162,0,0
2025-07-23 03:45:00,146.501,146.533,146.252,146.44,1645,0,0
2025-07-23 04:00:00,146.44,146.724,146.391,146.576,1528,0,0
2025-07-23 04:15:00,146.576,146.64,146.459,146.499,1008,0,0
2025-07-23 04:30:00,146.499,146.709,146.444,146.647,977,0,0
2025-07-23 04:45:00,146.647,146.678,146.447,146.61,1165,0,0
2025-07-23 05:00:00,146.61,146.631,146.422,146.55,687,0,0
2025-07-23 05:15:00,146.55,147.141,146.495,147.131,2004,0,0
2025-07-23 05:30:00,147.13,147.205,146.844,146.902,1345,0,0
2025-07-23 05:45:00,146.902,146.994,146.86,146.931,765,0,0
2025-07-23 06:00:00,146.938,147.018,146.858,146.868,573,0,0
2025-07-23 06:15:00,146.868,146.91,146.758,146.786,605,0,0
2025-07-23 06:30:00,146.786,146.838,146.746,146.794,693,0,0
2025-07-23 06:45:00,146.794,146.979,146.766,146.926,608,0,0
2025-07-23 07:00:00,146.926,147.044,146.913,147.003,628,0,0
2025-07-23 07:15:00,147.003,147.076,146.956,146.971,568,0,0
2025-07-23 07:30:00,146.971,146.994,146.924,146.955,466,0,0
2025-07-23 07:45:00,146.955,147.032,146.933,146.945,748,0,0
2025-07-23 08:00:00,146.945,147.035,146.855,147.011,585,0,0
2025-07-23 08:15:00,147.011,147.065,146.97,147.018,422,0,0
2025-07-23 08:30:00,147.018,147.174,146.983,147.164,767,0,0
2025-07-23 08:45:00,147.164,147.206,147.073,147.163,1015,0,0
2025-07-23 09:00:00,147.163,147.212,147.041,147.106,1042,1,0
2025-07-23 09:15:00,147.106,147.131,146.807,146.839,922,0,0
2025-07-23 09:30:00,146.843,147.025,146.657,146.927,1551,0,0
2025-07-23 09:45:00,146.926,146.962,146.825,146.86,1568,0,0
2025-07-23 10:00:00,146.86,146.885,146.721,146.725,1859,0,0
2025-07-23 10:15:00,146.725,146.753,146.687,146.706,1234,0,0
2025-07-23 10:30:00,146.705,146.787,146.599,146.787,1370,0,0
2025-07-23 10:45:00,146.787,146.844,146.732,146.754,1152,0,0
2025-07-23 11:00:00,146.754,146.765,146.642,146.721,1054,0,0
2025-07-23 11:15:00,146.721,146.835,146.716,146.809,960,0,0
2025-07-23 11:30:00,146.809,146.903,146.776,146.849,1364,0,0
2025-07-23 11:45:00,146.849,146.87,146.771,146.794,1008,0,0
2025-07-23 12:00:00,146.794,146.801,146.706,146.708,913,0,0
2025-07-23 12:15:00,146.708,146.736,146.606,146.606,894,0,0
2025-07-23 12:30:00,146.606,146.629,146.493,146.499,1049,0,0
2025-07-23 12:45:00,146.499,146.522,146.467,146.505,990,0,0
2025-07-23 13:00:00,146.505,146.55,146.377,146.38,1063,0,0
2025-07-23 13:15:00,146.38,146.42,146.308,146.326,893,0,0
2025-07-23 13:30:00,146.328,146.46,146.279,146.442,806,0,0
2025-07-23 13:45:00,146.443,146.466,146.389,146.411,703,0,0
2025-07-23 14:00:00,146.411,146.419,146.245,146.313,1132,0,0
2025-07-23 14:15:00,146.313,146.364,146.243,146.355,908,0,0
2025-07-23 14:30:00,146.355,146.377,146.129,146.159,1056,0,0
2025-07-23 14:45:00,146.159,146.247,146.109,146.208,1013,0,0
2025-07-23 15:00:00,146.208,146.298,146.157,146.295,1070,0,0
2025-07-23 15:15:00,146.295,146.403,146.253,146.395,1090,0,0
2025-07-23 15:30:00,146.395,146.495,146.382,146.477,1272,0,0
2025-07-23 15:45:00,146.477,146.493,146.409,146.411,1475,0,0
2025-07-23 16:00:00,146.411,146.594,146.371,146.521,1830,0,0
2025-07-23 16:15:00,146.521,146.653,146.459,146.622,1602,0,0
2025-07-23 16:30:00,146.622,146.727,146.551,146.673,1833,0,0
2025-07-23 16:45:00,146.673,146.697,146.484,146.547,1609,0,0
2025-07-23 17:00:00,146.547,146.547,146.345,146.471,1409,0,0
2025-07-23 17:15:00,146.471,146.592,146.451,146.54,1205,0,0
2025-07-23 17:30:00,146.54,146.572,146.291,146.313,1461,0,0
2025-07-23 17:45:00,146.313,146.423,146.305,146.418,1694,0,0
2025-07-23 18:00:00,146.418,146.446,146.27,146.286,1404,0,0
2025-07-23 18:15:00,146.286,146.37,146.235,146.363,1037,0,0
2025-07-23 18:30:00,146.364,146.478,146.326,146.477,1453,0,0
2025-07-23 18:45:00,146.477,146.574,146.406,146.554,1535,0,0
2025-07-23 19:00:00,146.554,146.617,146.411,146.531,2036,0,0
2025-07-23 19:15:00,146.533,146.597,146.475,146.584,1665,0,0
2025-07-23 19:30:00,146.583,146.587,146.479,146.512,1227,0,0
2025-07-23 19:45:00,146.512,146.608,146.509,146.58,1045,0,0
2025-07-23 20:00:00,146.58,146.585,146.476,146.504,1093,0,0
2025-07-23 20:15:00,146.504,146.594,146.494,146.576,788,0,0
2025-07-23 20:30:00,146.576,146.625,146.548,146.598,906,0,0
2025-07-23 20:45:00,146.598,146.603,146.484,146.532,1333,0,0
2025-07-23 21:00:00,146.532,146.54,146.443,146.449,804,0,0
2025-07-23 21:15:00,146.449,146.465,146.37,146.39,896,0,0
2025-07-23 21:30:00,146.39,146.442,146.379,146.442,540,0,0
2025-07-23 21:45:00,146.442,146.474,146.424,146.467,801,0,0
2025-07-23 22:00:00,146.466,146.491,146.427,146.469,521,0,0
2025-07-23 22:15:00,146.469,146.565,146.448,146.555,654,0,0
2025-07-23 22:30:00,146.555,146.58,146.531,146.549,574,0,0
2025-07-23 22:45:00,146.549,146.556,146.516,146.529,530,0,0
2025-07-23 23:00:00,146.529,146.533,146.469,146.5,537,0,0
2025-07-23 23:15:00,146.502,146.525,146.453,146.463,325,0,0
2025-07-23 23:30:00,146.463,146.516,146.451,146.483,414,0,0
2025-07-23 23:45:00,146.484,146.526,146.462,146.473,527,10,0
2025-07-24 00:00:00,146.472,146.482,146.448,146.482,49,70,0
2025-07-24 00:15:00,146.482,146.482,146.434,146.448,55,87,0
2025-07-24 00:30:00,146.448,146.448,146.367,146.39,127,66,0
2025-07-24 00:45:00,146.39,146.478,146.389,146.438,520,66,0
2025-07-24 01:00:00,146.438,146.52,146.401,146.52,270,0,0
2025-07-24 01:15:00,146.52,146.52,146.421,146.437,287,0,0
2025-07-24 01:30:00,146.437,146.463,146.424,146.457,228,0,0
2025-07-24 01:45:00,146.457,146.466,146.428,146.451,178,0,0
2025-07-24 02:00:00,146.451,146.451,146.387,146.398,307,0,0
2025-07-24 02:15:00,146.398,146.398,146.242,146.28,462,0,0
2025-07-24 02:30:00,146.28,146.363,146.259,146.347,585,0,0
2025-07-24 02:45:00,146.347,146.393,146.341,146.348,642,0,0
2025-07-24 03:00:00,146.348,146.466,146.267,146.462,1083,0,0
2025-07-24 03:15:00,146.462,146.48,146.314,146.321,883,0,0
2025-07-24 03:30:00,146.321,146.447,146.311,146.416,802,0,0
2025-07-24 03:45:00,146.416,146.491,146.335,146.431,1326,0,0
2025-07-24 04:00:00,146.432,146.439,146.074,146.098,1391,0,0
2025-07-24 04:15:00,146.097,146.173,145.963,145.989,1381,0,0
2025-07-24 04:30:00,145.989,146.041,145.856,145.884,1278,0,0
2025-07-24 04:45:00,145.884,145.95,145.858,145.937,1080,0,0
2025-07-24 05:00:00,145.937,146.124,145.937,146.047,847,0,0
2025-07-24 05:15:00,146.048,146.075,145.958,146.019,871,0,0
2025-07-24 05:30:00,146.019,146.153,146.006,146.145,731,0,0
2025-07-24 05:45:00,146.145,146.146,146.005,146.044,629,0,0
2025-07-24 06:00:00,146.043,146.051,145.97,146.008,905,0,0
2025-07-24 06:15:00,146.008,146.093,145.996,146.093,652,0,0
2025-07-24 06:30:00,146.093,146.11,145.941,145.941,659,0,0
2025-07-24 06:45:00,145.941,146.013,145.896,146.009,783,0,0
2025-07-24 07:00:00,146.009,146.081,146.005,146.016,747,0,0
2025-07-24 07:15:00,146.015,146.043,145.929,145.994,809,0,0
2025-07-24 07:30:00,145.994,146.046,145.963,146.036,572,0,0
2025-07-24 07:45:00,146.036,146.077,146.015,146.02,795,0,0
2025-07-24 08:00:00,146.018,146.106,145.979,146.078,682,0,0
2025-07-24 08:15:00,146.078,146.113,145.955,146.04,896,0,0
2025-07-24 08:30:00,146.04,146.045,145.975,145.99,804,0,0
2025-07-24 08:45:00,145.99,146.112,145.963,146.015,1040,0,0
2025-07-24 09:00:00,146.015,146.211,145.992,146.211,1141,0,0
2025-07-24 09:15:00,146.211,146.28,146.17,146.223,1053,0,0
2025-07-24 09:30:00,146.222,146.297,146.171,146.275,1252,0,0
2025-07-24 09:45:00,146.276,146.304,146.245,146.275,1211,0,0
2025-07-24 10:00:00,146.275,146.331,146.146,146.148,1541,0,0
2025-07-24 10:15:00,146.149,146.238,146.144,146.175,1174,0,0
2025-07-24 10:30:00,146.177,146.411,146.173,146.354,1357,0,0
2025-07-24 10:45:00,146.354,146.459,146.344,146.421,1089,0,0
2025-07-24 11:00:00,146.416,146.468,146.38,146.384,1222,0,0
2025-07-24 11:15:00,146.384,146.44,146.347,146.434,1002,0,0
2025-07-24 11:30:00,146.434,146.499,146.311,146.364,1191,0,0
2025-07-24 11:45:00,146.364,146.566,146.332,146.545,1005,0,0
2025-07-24 12:00:00,146.545,146.631,146.522,146.563,1220,0,0
2025-07-24 12:15:00,146.563,146.617,146.546,146.603,1099,0,0
2025-07-24 12:30:00,146.603,146.65,146.555,146.596,964,0,0
2025-07-24 12:45:00,146.596,146.618,146.551,146.553,1160,0,0
2025-07-24 13:00:00,146.551,146.636,146.526,146.631,913,0,0
2025-07-24 13:15:00,146.632,146.659,146.581,146.583,896,0,0
2025-07-24 13:30:00,146.583,146.648,146.551,146.582,875,0,0
2025-07-24 13:45:00,146.582,146.631,146.569,146.572,891,0,0
2025-07-24 14:00:00,146.572,146.587,146.527,146.558,834,0,0
2025-07-24 14:15:00,146.558,146.579,146.517,146.561,880,0,0
2025-07-24 14:30:00,146.561,146.624,146.539,146.592,971,0,0
2025-07-24 14:45:00,146.592,146.592,146.465,146.482,1173,0,0
2025-07-24 15:00:00,146.482,146.525,146.449,146.48,1236,0,0
2025-07-24 15:15:00,146.481,146.553,146.449,146.531,1143,0,0
2025-07-24 15:30:00,146.517,146.821,146.51,146.768,2099,0,0
2025-07-24 15:45:00,146.768,146.831,146.696,146.794,1886,0,0
2025-07-24 16:00:00,146.794,146.836,146.702,146.795,2263,0,0
2025-07-24 16:15:00,146.797,146.876,146.724,146.739,1920,0,0
2025-07-24 16:30:00,146.741,146.791,146.637,146.68,2185,0,0
2025-07-24 16:45:00,146.68,146.767,146.481,146.547,2306,0,0
2025-07-24 17:00:00,146.548,146.551,146.359,146.374,2232,0,0
2025-07-24 17:15:00,146.374,146.626,146.357,146.591,2069,0,0
2025-07-24 17:30:00,146.59,146.671,146.571,146.593,1580,0,0
2025-07-24 17:45:00,146.593,146.817,146.568,146.781,1880,0,0
2025-07-24 18:00:00,146.781,146.945,146.774,146.921,1841,0,0
2025-07-24 18:15:00,146.921,146.943,146.739,146.77,1527,0,0
2025-07-24 18:30:00,146.77,146.881,146.749,146.846,1411,0,0
2025-07-24 18:45:00,146.845,146.927,146.815,146.924,1342,0,0
2025-07-24 19:00:00,146.924,146.951,146.849,146.935,977,0,0
2025-07-24 19:15:00,146.934,146.952,146.896,146.907,817,0,0
2025-07-24 19:30:00,146.907,146.918,146.785,146.802,772,0,0
2025-07-24 19:45:00,146.802,146.914,146.786,146.9,1021,0,0
2025-07-24 20:00:00,146.9,146.901,146.774,146.787,739,0,0
2025-07-24 20:15:00,146.787,146.842,146.757,146.779,768,0,0
2025-07-24 20:30:00,146.779,146.807,146.778,146.799,529,0,0
2025-07-24 20:45:00,146.799,146.819,146.754,146.814,749,0,0
2025-07-24 21:00:00,146.814,146.889,146.797,146.889,706,0,0
2025-07-24 21:15:00,146.889,146.9,146.845,146.884,502,0,0
2025-07-24 21:30:00,146.884,146.901,146.871,146.885,444,0,0
2025-07-24 21:45:00,146.88,146.931,146.859,146.922,765,1,0
2025-07-24 22:00:00,146.922,146.97,146.905,146.948,441,0,0
2025-07-24 22:15:00,146.948,146.948,146.85,146.889,516,0,0
2025-07-24 22:30:00,146.889,146.917,146.882,146.885,385,0,0
2025-07-24 22:45:00,146.885,146.952,146.861,146.939,622,0,0
2025-07-24 23:00:00,146.939,146.946,146.886,146.926,590,0,0
2025-07-24 23:15:00,146.926,146.955,146.907,146.918,419,0,0
2025-07-24 23:30:00,146.92,146.984,146.915,146.962,758,0,0
2025-07-24 23:45:00,146.962,147.019,146.96,146.998,786,10,0
2025-07-25 00:00:00,146.992,146.992,146.93,146.956,57,42,0
2025-07-25 00:15:00,146.956,147.022,146.936,147.022,47,85,0
2025-07-25 00:30:00,147.022,147.058,147.0,147.055,125,66,0
2025-07-25 00:45:00,147.055,147.073,147.027,147.07,198,66,0
2025-07-25 01:00:00,147.07,147.238,147.07,147.173,433,0,0
2025-07-25 01:15:00,147.173,147.179,147.07,147.103,286,0,0
2025-07-25 01:30:00,147.103,147.117,147.08,147.116,155,0,0
2025-07-25 01:45:00,147.116,147.116,147.034,147.059,209,0,0
2025-07-25 02:00:00,147.059,147.074,146.993,146.998,438,0,0
2025-07-25 02:15:00,146.998,147.069,146.968,147.068,232,0,0
2025-07-25 02:30:00,147.068,147.118,146.989,147.014,604,0,0
2025-07-25 02:45:00,147.014,147.058,146.966,147.007,728,0,0
2025-07-25 03:00:00,147.009,147.266,146.989,147.238,1433,1,0
2025-07-25 03:15:00,147.237,147.24,147.118,147.126,773,0,0
2025-07-25 03:30:00,147.126,147.148,147.067,147.103,713,0,0
2025-07-25 03:45:00,147.103,147.339,147.093,147.211,1365,0,0
2025-07-25 04:00:00,147.211,147.376,147.163,147.364,1098,0,0
2025-07-25 04:15:00,147.364,147.45,147.333,147.395,1096,0,0
2025-07-25 04:30:00,147.395,147.463,147.336,147.417,1073,0,0
2025-07-25 04:45:00,147.417,147.448,147.332,147.363,1065,0,0
2025-07-25 05:00:00,147.363,147.448,147.351,147.377,837,0,0
2025-07-25 05:15:00,147.377,147.446,147.364,147.396,560,0,0
2025-07-25 05:30:00,147.396,147.496,147.388,147.447,587,0,0
2025-07-25 05:45:00,147.448,147.481,147.397,147.418,718,0,0
2025-07-25 06:00:00,147.418,147.439,147.373,147.384,682,0,0
2025-07-25 06:15:00,147.384,147.418,147.36,147.387,508,0,0
2025-07-25 06:30:00,147.387,147.395,147.273,147.286,637,0,0
2025-07-25 06:45:00,147.286,147.288,147.192,147.22,506,0,0
2025-07-25 07:00:00,147.215,147.225,147.15,147.192,664,0,0
2025-07-25 07:15:00,147.19,147.276,147.19,147.244,579,0,0
2025-07-25 07:30:00,147.244,147.252,147.189,147.217,745,0,0
2025-07-25 07:45:00,147.217,147.217,147.101,147.14,683,0,0
2025-07-25 08:00:00,147.14,147.161,147.086,147.113,678,0,0
2025-07-25 08:15:00,147.113,147.157,147.089,147.133,637,0,0
2025-07-25 08:30:00,147.132,147.156,147.082,147.114,803,0,0
2025-07-25 08:45:00,147.114,147.126,146.813,146.935,1021,0,0
2025-07-25 09:00:00,146.936,147.001,146.85,146.944,1203,0,0
2025-07-25 09:15:00,146.944,147.063,146.936,146.967,868,0,0
2025-07-25 09:30:00,146.967,147.053,146.908,146.951,1162,0,0
2025-07-25 09:45:00,146.951,147.096,146.951,147.058,1323,0,0
2025-07-25 10:00:00,147.058,147.217,147.041,147.097,1476,0,0
2025-07-25 10:15:00,147.097,147.214,147.081,147.194,1281,0,0
2025-07-25 10:30:00,147.194,147.364,147.192,147.354,1600,0,0
2025-07-25 10:45:00,147.354,147.414,147.321,147.383,1390,0,0
2025-07-25 11:00:00,147.382,147.763,147.36,147.753,1661,0,0
2025-07-25 11:15:00,147.756,147.833,147.716,147.736,1648,0,0
2025-07-25 11:30:00,147.736,147.768,147.676,147.713,1354,0,0
2025-07-25 11:45:00,147.71,147.782,147.667,147.755,1294,0,0
2025-07-25 12:00:00,147.754,147.896,147.728,147.854,1186,0,0
2025-07-25 12:15:00,147.852,147.884,147.82,147.85,831,0,0
2025-07-25 12:30:00,147.85,147.882,147.807,147.839,785,0,0
2025-07-25 12:45:00,147.839,147.886,147.777,147.87,966,0,0
2025-07-25 13:00:00,147.87,147.903,147.785,147.839,919,0,0
2025-07-25 13:15:00,147.839,147.863,147.756,147.785,920,0,0
2025-07-25 13:30:00,147.786,147.808,147.753,147.797,709,0,0
2025-07-25 13:45:00,147.796,147.823,147.752,147.776,995,0,0
2025-07-25 14:00:00,147.776,147.806,147.72,147.775,1073,0,0
2025-07-25 14:15:00,147.776,147.94,147.776,147.873,1103,0,0
2025-07-25 14:30:00,147.873,147.884,147.748,147.751,896,0,0
2025-07-25 14:45:00,147.75,147.767,147.645,147.677,1073,0,0
2025-07-25 15:00:00,147.677,147.704,147.624,147.657,987,0,0
2025-07-25 15:15:00,147.657,147.72,147.604,147.714,1060,0,0
2025-07-25 15:30:00,147.714,147.914,147.699,147.853,1292,1,0
2025-07-25 15:45:00,147.853,147.936,147.82,147.854,1276,0,0
2025-07-25 16:00:00,147.854,147.921,147.673,147.908,2433,1,0
2025-07-25 16:15:00,147.905,147.911,147.606,147.771,2193,0,0
2025-07-25 16:30:00,147.775,147.844,147.606,147.79,2274,0,0
2025-07-25 16:45:00,147.79,147.83,147.65,147.672,2492,0,0
2025-07-25 17:00:00,147.67,147.67,147.567,147.57,1932,0,0
2025-07-25 17:15:00,147.57,147.653,147.53,147.641,1586,0,0
2025-07-25 17:30:00,147.641,147.68,147.574,147.598,1558,0,0
2025-07-25 17:45:00,147.598,147.764,147.583,147.73,1673,0,0
2025-07-25 18:00:00,147.731,147.787,147.689,147.727,1396,0,0
2025-07-25 18:15:00,147.727,147.733,147.662,147.706,1069,0,0
2025-07-25 18:30:00,147.706,147.803,147.706,147.751,1178,0,0
2025-07-25 18:45:00,147.751,147.807,147.725,147.784,1009,0,0
2025-07-25 19:00:00,147.784,147.826,147.748,147.791,855,0,0
2025-07-25 19:15:00,147.791,147.836,147.735,147.756,990,1,0
2025-07-25 19:30:00,147.756,147.796,147.743,147.766,576,0,0
2025-07-25 19:45:00,147.766,147.77,147.731,147.759,711,0,0
2025-07-25 20:00:00,147.761,147.782,147.725,147.757,814,0,0
2025-07-25 20:15:00,147.757,147.765,147.705,147.711,694,0,0
2025-07-25 20:30:00,147.711,147.714,147.658,147.674,728,0,0
2025-07-25 20:45:00,147.674,147.716,147.66,147.677,818,0,0
2025-07-25 21:00:00,147.677,147.681,147.605,147.621,553,0,0
2025-07-25 21:15:00,147.621,147.656,147.601,147.604,678,0,0
2025-07-25 21:30:00,147.604,147.649,147.587,147.629,437,0,0
2025-07-25 21:45:00,147.629,147.633,147.548,147.564,595,0,0
2025-07-25 22:00:00,147.564,147.598,147.548,147.56,281,0,0
2025-07-25 22:15:00,147.56,147.572,147.533,147.564,370,0,0
2025-07-25 22:30:00,147.564,147.588,147.563,147.579,387,0,0
2025-07-25 22:45:00,147.579,147.621,147.571,147.621,513,0,0
2025-07-25 23:00:00,147.621,147.667,147.62,147.655,353,0,0
2025-07-25 23:15:00,147.655,147.683,147.654,147.66,320,0,0
2025-07-25 23:30:00,147.66,147.687,147.648,147.65,394,0,0
2025-07-25 23:45:00,147.651,147.685,147.641,147.653,516,10,0
2025-07-28 00:00:00,147.71,147.737,147.653,147.662,127,66,0
2025-07-28 00:15:00,147.662,147.67,147.655,147.664,154,71,0
2025-07-28 00:30:00,147.664,147.68,147.645,147.65,203,66,0
2025-07-28 00:45:00,147.65,147.657,147.647,147.652,36,66,0
2025-07-28 01:00:00,147.652,147.797,147.623,147.77,348,0,0
2025-07-28 01:15:00,147.77,147.771,147.676,147.678,313,0,0
2025-07-28 01:30:00,147.678,147.786,147.667,147.772,402,0,0
2025-07-28 01:45:00,147.772,147.83,147.771,147.816,403,0,0
2025-07-28 02:00:00,147.816,147.816,147.748,147.812,472,0,0
2025-07-28 02:15:00,147.812,147.828,147.769,147.813,280,0,0
2025-07-28 02:30:00,147.813,147.875,147.797,147.85,426,0,0
2025-07-28 02:45:00,147.85,147.878,147.782,147.784,547,0,0
2025-07-28 03:00:00,147.784,147.799,147.665,147.736,1351,0,0
2025-07-28 03:15:00,147.737,147.765,147.665,147.75,942,0,0
2025-07-28 03:30:00,147.75,147.789,147.676,147.735,1013,0,0
2025-07-28 03:45:00,147.735,147.816,147.601,147.617,1444,0,0
2025-07-28 04:00:00,147.617,147.63,147.519,147.628,1095,0,0
2025-07-28 04:15:00,147.628,147.793,147.614,147.759,981,0,0
2025-07-28 04:30:00,147.759,147.828,147.735,147.772,1175,0,0
2025-07-28 04:45:00,147.772,147.88,147.768,147.864,1023,0,0
2025-07-28 05:00:00,147.864,148.022,147.85,147.954,1247,0,0
2025-07-28 05:15:00,147.954,147.954,147.871,147.905,718,0,0
2025-07-28 05:30:00,147.905,147.943,147.887,147.895,755,0,0
2025-07-28 05:45:00,147.895,147.908,147.828,147.838,669,0,0
2025-07-28 06:00:00,147.838,147.87,147.784,147.806,729,0,0
2025-07-28 06:15:00,147.806,147.83,147.763,147.805,344,0,0
2025-07-28 06:30:00,147.805,147.823,147.69,147.72,600,0,0
2025-07-28 06:45:00,147.72,147.768,147.706,147.716,574,0,0
2025-07-28 07:00:00,147.716,147.718,147.626,147.667,690,0,0
2025-07-28 07:15:00,147.667,147.727,147.632,147.721,619,0,0
2025-07-28 07:30:00,147.722,147.794,147.703,147.777,706,0,0
2025-07-28 07:45:00,147.777,147.789,147.715,147.747,630,0,0
2025-07-28 08:00:00,147.747,147.819,147.747,147.801,706,0,0
2025-07-28 08:15:00,147.801,147.85,147.771,147.775,706,0,0
2025-07-28 08:30:00,147.775,147.805,147.733,147.798,674,0,0
2025-07-28 08:45:00,147.798,147.877,147.769,147.855,615,0,0
2025-07-28 09:00:00,147.855,147.992,147.839,147.973,1021,0,0
2025-07-28 09:15:00,147.973,148.171,147.97,148.134,1574,1,0
2025-07-28 09:30:00,148.132,148.216,148.091,148.144,1486,1,0
2025-07-28 09:45:00,148.144,148.169,148.016,148.019,1397,0,0
2025-07-28 10:00:00,148.019,148.03,147.856,147.869,1853,1,0
2025-07-28 10:15:00,147.869,147.935,147.791,147.933,1635,0,0
2025-07-28 10:30:00,147.933,148.153,147.932,148.145,1769,1,0
2025-07-28 10:45:00,148.145,148.339,148.135,148.291,1662,0,0
2025-07-28 11:00:00,148.291,148.343,148.22,148.257,1604,0,0
2025-07-28 11:15:00,148.255,148.278,148.198,148.232,1214,0,0
2025-07-28 11:30:00,148.233,148.288,148.159,148.28,1152,0,0
2025-07-28 11:45:00,148.281,148.373,148.261,148.276,1333,0,0
2025-07-28 12:00:00,148.276,148.341,148.236,148.328,1132,0,0
2025-07-28 12:15:00,148.328,148.368,148.227,148.339,1181,0,0
2025-07-28 12:30:00,148.339,148.416,148.331,148.344,1224,0,0
2025-07-28 12:45:00,148.344,148.395,148.341,148.39,1142,0,0
2025-07-28 13:00:00,148.39,148.393,148.314,148.317,1131,0,0
2025-07-28 13:15:00,148.317,148.435,148.314,148.395,1130,0,0
2025-07-28 13:30:00,148.395,148.398,148.294,148.328,965,0,0
2025-07-28 13:45:00,148.328,148.425,148.328,148.412,1142,0,0
2025-07-28 14:00:00,148.412,148.445,148.323,148.349,1177,0,0
2025-07-28 14:15:00,148.349,148.433,148.328,148.394,1376,0,0
2025-07-28 14:30:00,148.394,148.431,148.331,148.344,1018,0,0
2025-07-28 14:45:00,148.344,148.356,148.076,148.144,1592,0,0
2025-07-28 15:00:00,148.144,148.158,148.03,148.142,1912,0,0
2025-07-28 15:15:00,148.142,148.157,148.054,148.123,1344,0,0
2025-07-28 15:30:00,148.123,148.155,148.053,148.116,1597,0,0
2025-07-28 15:45:00,148.116,148.18,148.052,148.058,1460,0,0
2025-07-28 16:00:00,148.05,148.06,147.937,147.982,1688,0,0
2025-07-28 16:15:00,147.981,148.143,147.981,148.105,1800,0,0
2025-07-28 16:30:00,148.105,148.2,148.083,148.2,1853,0,0
2025-07-28 16:45:00,148.202,148.33,148.161,148.295,1955,0,0
2025-07-28 17:00:00,148.295,148.321,148.174,148.179,1715,0,0
2025-07-28 17:15:00,148.179,148.265,148.111,148.127,1507,0,0
2025-07-28 17:30:00,148.127,148.217,148.109,148.119,1685,0,0
2025-07-28 17:45:00,148.12,148.292,148.096,148.278,1591,0,0
2025-07-28 18:00:00,148.277,148.389,148.257,148.387,1372,0,0
2025-07-28 18:15:00,148.387,148.462,148.364,148.455,1335,0,0
2025-07-28 18:30:00,148.454,148.492,148.397,148.458,1349,0,0
2025-07-28 18:45:00,148.46,148.496,148.439,148.461,1118,0,0
2025-07-28 19:00:00,148.461,148.51,148.444,148.492,817,0,0
2025-07-28 19:15:00,148.492,148.52,148.471,148.491,667,0,0
2025-07-28 19:30:00,148.491,148.512,148.459,148.489,778,0,0
2025-07-28 19:45:00,148.489,148.516,148.445,148.488,866,0,0
2025-07-28 20:00:00,148.488,148.508,148.431,148.465,742,0,0
2025-07-28 20:15:00,148.465,148.475,148.392,148.459,720,0,0
2025-07-28 20:30:00,148.456,148.508,148.452,148.508,883,0,0
2025-07-28 20:45:00,148.508,148.547,148.495,148.528,735,0,0
2025-07-28 21:00:00,148.528,148.554,148.517,148.541,514,0,0
2025-07-28 21:15:00,148.541,148.548,148.479,148.526,629,0,0
2025-07-28 21:30:00,148.526,148.557,148.525,148.547,325,0,0
2025-07-28 21:45:00,148.547,148.577,148.546,148.555,504,0,0
2025-07-28 22:00:00,148.556,148.558,148.523,148.537,462,0,0
2025-07-28 22:15:00,148.537,148.56,148.529,148.538,312,0,0
2025-07-28 22:30:00,148.538,148.549,148.533,148.548,239,0,0
2025-07-28 22:45:00,148.548,148.56,148.524,148.549,368,0,0
2025-07-28 23:00:00,148.549,148.577,148.546,148.566,319,0,0
2025-07-28 23:15:00,148.566,148.569,148.496,148.507,254,0,0
2025-07-28 23:30:00,148.507,148.534,148.506,148.534,244,0,0
2025-07-28 23:45:00,148.534,148.563,148.529,148.54,348,10,0
2025-07-29 00:00:00,148.51,148.51,148.395,148.46,27,70,0
2025-07-29 00:15:00,148.46,148.542,148.414,148.519,89,66,0
2025-07-29 00:30:00,148.519,148.547,148.475,148.517,130,66,0
2025-07-29 00:45:00,148.517,148.544,148.51,148.536,133,66,0
2025-07-29 01:00:00,148.536,148.583,148.515,148.57,263,0,0
2025-07-29 01:15:00,148.57,148.584,148.523,148.544,231,0,0
2025-07-29 01:30:00,148.544,148.554,148.5,148.527,141,0,0
2025-07-29 01:45:00,148.527,148.53,148.494,148.505,131,0,0
2025-07-29 02:00:00,148.505,148.535,148.495,148.527,207,0,0
2025-07-29 02:15:00,148.527,148.598,148.497,148.595,406,0,0
2025-07-29 02:30:00,148.595,148.636,148.526,148.542,346,0,0
2025-07-29 02:45:00,148.542,148.543,148.455,148.456,509,0,0
2025-07-29 03:00:00,148.457,148.542,148.442,148.506,889,0,0
2025-07-29 03:15:00,148.506,148.632,148.452,148.603,1044,0,0
2025-07-29 03:30:00,148.601,148.646,148.555,148.555,811,0,0
2025-07-29 03:45:00,148.555,148.71,148.463,148.684,1172,0,0
2025-07-29 04:00:00,148.684,148.704,148.485,148.565,1058,0,0
2025-07-29 04:15:00,148.565,148.615,148.47,148.579,721,0,0
2025-07-29 04:30:00,148.579,148.627,148.505,148.511,864,0,0
2025-07-29 04:45:00,148.511,148.646,148.476,148.588,982,0,0
2025-07-29 05:00:00,148.588,148.589,148.413,148.428,797,0,0
2025-07-29 05:15:00,148.427,148.468,148.312,148.318,825,0,0
2025-07-29 05:30:00,148.318,148.387,148.294,148.364,532,0,0
2025-07-29 05:45:00,148.364,148.371,148.289,148.346,540,0,0
2025-07-29 06:00:00,148.346,148.389,148.314,148.384,534,0,0
2025-07-29 06:15:00,148.383,148.451,148.372,148.415,352,0,0
2025-07-29 06:30:00,148.415,148.445,148.34,148.354,637,0,0
2025-07-29 06:45:00,148.354,148.365,148.309,148.358,557,0,0
2025-07-29 07:00:00,148.358,148.419,148.344,148.405,592,0,0
2025-07-29 07:15:00,148.405,148.461,148.383,148.418,589,0,0
2025-07-29 07:30:00,148.418,148.499,148.414,148.435,761,0,0
2025-07-29 07:45:00,148.434,148.441,148.328,148.349,619,0,0
2025-07-29 08:00:00,148.349,148.411,148.283,148.327,595,0,0
2025-07-29 08:15:00,148.327,148.33,148.174,148.217,698,0,0
2025-07-29 08:30:00,148.217,148.255,148.195,148.228,658,0,0
2025-07-29 08:45:00,148.228,148.297,148.186,148.242,637,0,0
2025-07-29 09:00:00,148.242,148.285,148.157,148.176,1046,1,0
2025-07-29 09:15:00,148.176,148.263,148.176,148.248,887,0,0
2025-07-29 09:30:00,148.248,148.4,148.245,148.358,1506,0,0
2025-07-29 09:45:00,148.359,148.543,148.353,148.517,1662,0,0
2025-07-29 10:00:00,148.519,148.679,148.486,148.654,1761,1,0
2025-07-29 10:15:00,148.658,148.681,148.561,148.674,1347,0,0
2025-07-29 10:30:00,148.674,148.746,148.621,148.671,1544,0,0
2025-07-29 10:45:00,148.671,148.702,148.552,148.578,1400,0,0
2025-07-29 11:00:00,148.578,148.607,148.4,148.412,1520,0,0
2025-07-29 11:15:00,148.412,148.47,148.356,148.454,1106,0,0
2025-07-29 11:30:00,148.454,148.505,148.421,148.464,908,0,0
2025-07-29 11:45:00,148.464,148.568,148.457,148.555,1042,0,0
2025-07-29 12:00:00,148.554,148.555,148.451,148.521,1261,0,0
2025-07-29 12:15:00,148.518,148.573,148.502,148.539,886,0,0
2025-07-29 12:30:00,148.537,148.57,148.47,148.487,945,0,0
2025-07-29 12:45:00,148.487,148.574,148.487,148.553,1151,0,0
2025-07-29 13:00:00,148.553,148.614,148.546,148.553,1077,0,0
2025-07-29 13:15:00,148.553,148.571,148.395,148.402,979,0,0
2025-07-29 13:30:00,148.402,148.513,148.386,148.5,789,0,0
2025-07-29 13:45:00,148.5,148.556,148.497,148.545,855,0,0
2025-07-29 14:00:00,148.545,148.595,148.531,148.581,1180,0,0
2025-07-29 14:15:00,148.581,148.599,148.517,148.596,871,0,0
2025-07-29 14:30:00,148.596,148.732,148.583,148.708,975,0,0
2025-07-29 14:45:00,148.708,148.757,148.674,148.715,1108,0,0
2025-07-29 15:00:00,148.715,148.772,148.678,148.745,968,0,0
2025-07-29 15:15:00,148.744,148.744,148.604,148.719,1230,0,0
2025-07-29 15:30:00,148.719,148.745,148.612,148.636,1159,0,0
2025-07-29 15:45:00,148.636,148.725,148.616,148.705,1052,0,0
2025-07-29 16:00:00,148.705,148.727,148.63,148.718,1102,0,0
2025-07-29 16:15:00,148.719,148.745,148.655,148.677,1066,0,0
2025-07-29 16:30:00,148.677,148.81,148.598,148.631,1242,0,0
2025-07-29 16:45:00,148.627,148.64,148.527,148.567,1308,0,0
2025-07-29 17:00:00,148.557,148.749,148.487,148.684,1937,0,0
2025-07-29 17:15:00,148.683,148.725,148.566,148.589,1680,0,0
2025-07-29 17:30:00,148.59,148.629,148.437,148.544,1872,0,0
2025-07-29 17:45:00,148.544,148.591,148.47,148.475,2240,0,0
2025-07-29 18:00:00,148.475,148.528,148.353,148.414,1596,0,0
2025-07-29 18:15:00,148.412,148.465,148.372,148.393,1210,0,0
2025-07-29 18:30:00,148.393,148.556,148.359,148.55,1533,0,0
2025-07-29 18:45:00,148.552,148.622,148.515,148.577,1571,0,0
2025-07-29 19:00:00,148.577,148.6,148.532,148.553,883,0,0
2025-07-29 19:15:00,148.554,148.57,148.512,148.567,1303,0,0
2025-07-29 19:30:00,148.567,148.602,148.482,148.498,968,0,0
2025-07-29 19:45:00,148.496,148.565,148.454,148.563,1165,0,0
2025-07-29 20:00:00,148.563,148.585,148.454,148.462,1160,0,0
2025-07-29 20:15:00,148.459,148.46,148.337,148.426,994,0,0
2025-07-29 20:30:00,148.427,148.47,148.399,148.439,759,0,0
2025-07-29 20:45:00,148.439,148.511,148.427,148.489,701,0,0
2025-07-29 21:00:00,148.489,148.558,148.477,148.522,640,0,0
2025-07-29 21:15:00,148.522,148.522,148.483,148.493,401,0,0
2025-07-29 21:30:00,148.493,148.546,148.482,148.532,590,0,0
2025-07-29 21:45:00,148.532,148.537,148.431,148.431,544,0,0
2025-07-29 22:00:00,148.431,148.466,148.408,148.418,616,0,0
2025-07-29 22:15:00,148.418,148.429,148.344,148.367,486,0,0
2025-07-29 22:30:00,148.367,148.426,148.367,148.418,588,0,0
2025-07-29 22:45:00,148.421,148.506,148.413,148.504,637,0,0
2025-07-29 23:00:00,148.504,148.515,148.468,148.489,389,0,0
2025-07-29 23:15:00,148.489,148.5,148.464,148.48,181,0,0
2025-07-29 23:30:00,148.48,148.509,148.451,148.452,256,0,0
2025-07-29 23:45:00,148.452,148.482,148.441,148.459,213,10,0
2025-07-30 00:00:00,148.419,148.446,148.419,148.445,23,70,0
2025-07-30 00:15:00,148.445,148.445,148.398,148.412,86,82,0
2025-07-30 00:30:00,148.412,148.434,148.386,148.401,227,100,0
2025-07-30 00:45:00,148.401,148.405,148.384,148.396,161,107,0
2025-07-30 01:00:00,148.396,148.482,148.396,148.451,135,0,0
2025-07-30 01:15:00,148.451,148.493,148.449,148.474,129,0,0
2025-07-30 01:30:00,148.474,148.496,148.47,148.482,145,0,0
2025-07-30 01:45:00,148.482,148.488,148.442,148.474,178,0,0
2025-07-30 02:00:00,148.474,148.517,148.47,148.508,230,0,0
2025-07-30 02:15:00,148.508,148.526,148.48,148.481,123,0,0
2025-07-30 02:30:00,148.481,148.515,148.481,148.498,164,0,0
2025-07-30 02:45:00,148.498,148.51,148.418,148.423,312,0,0
2025-07-30 03:00:00,148.424,148.45,148.364,148.415,987,1,0
2025-07-30 03:15:00,148.415,148.434,148.316,148.337,789,0,0
2025-07-30 03:30:00,148.337,148.341,148.216,148.239,1043,0,0
2025-07-30 03:45:00,148.239,148.307,148.035,148.057,1329,0,0
2025-07-30 04:00:00,148.057,148.097,147.959,148.006,1206,0,0
2025-07-30 04:15:00,148.007,148.165,147.94,148.115,1120,0,0
2025-07-30 04:30:00,148.115,148.133,148.046,148.095,867,0,0
2025-07-30 04:45:00,148.095,148.147,148.068,148.146,699,0,0
2025-07-30 05:00:00,148.144,148.153,148.032,148.061,689,0,0
2025-07-30 05:15:00,148.061,148.093,148.031,148.07,623,0,0
2025-07-30 05:30:00,148.07,148.136,148.07,148.114,477,0,0
2025-07-30 05:45:00,148.114,148.114,148.046,148.047,458,0,0
2025-07-30 06:00:00,148.047,148.047,147.859,147.925,796,0,0
2025-07-30 06:15:00,147.925,147.925,147.846,147.89,661,0,0
2025-07-30 06:30:00,147.89,148.02,147.89,148.005,612,0,0
2025-07-30 06:45:00,148.005,148.022,147.963,147.975,408,0,0
2025-07-30 07:00:00,147.975,148.146,147.969,148.131,733,0,0
2025-07-30 07:15:00,148.131,148.149,148.083,148.11,472,0,0
2025-07-30 07:30:00,148.112,148.125,148.056,148.077,549,0,0
2025-07-30 07:45:00,148.077,148.173,148.077,148.157,538,0,0
2025-07-30 08:00:00,148.157,148.172,148.027,148.054,437,0,0
2025-07-30 08:15:00,148.054,148.075,147.903,147.925,747,0,0
2025-07-30 08:30:00,147.925,147.946,147.855,147.887,891,0,0
2025-07-30 08:45:00,147.887,148.033,147.887,148.032,981,0,0
2025-07-30 09:00:00,148.032,148.133,148.025,148.081,1189,0,0
2025-07-30 09:15:00,148.081,148.105,147.942,147.991,1108,0,0
2025-07-30 09:30:00,147.991,148.029,147.89,147.949,1385,0,0
2025-07-30 09:45:00,147.949,148.003,147.859,147.899,1146,0,0
2025-07-30 10:00:00,147.899,147.971,147.803,147.913,1785,1,0
2025-07-30 10:15:00,147.913,148.071,147.881,147.993,1478,0,0
2025-07-30 10:30:00,147.993,148.082,147.946,148.037,1372,0,0
2025-07-30 10:45:00,148.037,148.084,148.003,148.083,1119,0,0
2025-07-30 11:00:00,148.083,148.111,148.022,148.098,1142,0,0
2025-07-30 11:15:00,148.098,148.118,147.978,148.006,1180,0,0
2025-07-30 11:30:00,148.007,148.03,147.951,147.99,1113,0,0
2025-07-30 11:45:00,147.99,147.998,147.923,147.962,913,0,0
2025-07-30 12:00:00,147.962,148.001,147.854,147.889,1172,0,0
2025-07-30 12:15:00,147.889,148.003,147.887,148.001,954,0,0
2025-07-30 12:30:00,148.001,148.07,147.999,148.019,887,0,0
2025-07-30 12:45:00,148.019,148.046,147.968,148.036,920,0,0
2025-07-30 13:00:00,148.036,148.122,147.982,148.094,934,0,0
2025-07-30 13:15:00,148.094,148.233,148.093,148.223,1027,0,0
2025-07-30 13:30:00,148.223,148.294,148.199,148.205,1016,0,0
2025-07-30 13:45:00,148.205,148.234,148.146,148.172,892,0,0
2025-07-30 14:00:00,148.172,148.184,148.113,148.177,778,0,0
2025-07-30 14:15:00,148.177,148.247,148.144,148.219,957,0,0
2025-07-30 14:30:00,148.219,148.325,148.214,148.311,1131,0,0
2025-07-30 14:45:00,148.311,148.359,148.299,148.31,1246,0,0
2025-07-30 15:00:00,148.31,148.343,148.265,148.318,1397,0,0
2025-07-30 15:15:00,148.318,148.461,148.292,148.353,1580,0,0
2025-07-30 15:30:00,148.353,148.746,148.317,148.703,2744,1,0
2025-07-30 15:45:00,148.703,148.888,148.646,148.852,2496,0,0
2025-07-30 16:00:00,148.852,148.976,148.83,148.966,1995,0,0
2025-07-30 16:15:00,148.966,149.005,148.942,148.994,1576,0,0
2025-07-30 16:30:00,148.994,149.093,148.945,149.083,2053,0,0
2025-07-30 16:45:00,149.083,149.103,149.0,149.054,1694,0,0
2025-07-30 17:00:00,149.054,149.059,148.959,148.981,1816,0,0
2025-07-30 17:15:00,148.981,149.005,148.936,148.958,1342,0,0
2025-07-30 17:30:00,148.958,148.961,148.873,148.927,1242,0,0
2025-07-30 17:45:00,148.927,148.948,148.873,148.93,1260,0,0
2025-07-30 18:00:00,148.93,149.042,148.846,148.878,1419,0,0
2025-07-30 18:15:00,148.876,148.972,148.863,148.951,1356,0,0
2025-07-30 18:30:00,148.951,149.072,148.942,149.043,1381,0,0
2025-07-30 18:45:00,149.043,149.115,149.018,149.077,1100,0,0
2025-07-30 19:00:00,149.077,149.133,149.047,149.05,734,0,0
2025-07-30 19:15:00,149.048,149.071,149.009,149.041,660,0,0
2025-07-30 19:30:00,149.041,149.058,149.003,149.008,669,0,0
2025-07-30 19:45:00,149.008,149.008,148.928,148.934,691,0,0
2025-07-30 20:00:00,148.934,148.934,148.848,148.862,787,0,0
2025-07-30 20:15:00,148.862,148.928,148.86,148.909,795,0,0
2025-07-30 20:30:00,148.909,148.933,148.881,148.923,907,0,0
2025-07-30 20:45:00,148.923,148.923,148.776,148.776,800,0,0
2025-07-30 21:00:00,148.76,148.874,148.586,148.749,2407,1,0
2025-07-30 21:15:00,148.748,148.875,148.722,148.722,1608,0,0
2025-07-30 21:30:00,148.722,149.102,148.522,149.093,3467,1,0
2025-07-30 21:45:00,149.09,149.353,149.046,149.351,2936,0,0
2025-07-30 22:00:00,149.351,149.389,149.228,149.266,2284,0,0
2025-07-30 22:15:00,149.267,149.436,149.226,149.419,1589,0,0
2025-07-30 22:30:00,149.419,149.427,149.284,149.351,1154,0,0
2025-07-30 22:45:00,149.351,149.438,149.342,149.409,1073,0,0
2025-07-30 23:00:00,149.416,149.44,149.361,149.428,992,0,0
2025-07-30 23:15:00,149.428,149.492,149.424,149.482,676,0,0
2025-07-30 23:30:00,149.482,149.491,149.468,149.484,467,0,0
2025-07-30 23:45:00,149.484,149.526,149.482,149.526,480,10,0
2025-07-31 00:00:00,149.48,149.48,149.424,149.44,84,49,0
2025-07-31 00:15:00,149.44,149.441,149.428,149.438,70,66,0
2025-07-31 00:30:00,149.438,149.44,149.411,149.431,43,66,0
2025-07-31 00:45:00,149.431,149.435,149.41,149.416,231,66,0
2025-07-31 01:00:00,149.416,149.458,149.387,149.387,279,0,0
2025-07-31 01:15:00,149.387,149.441,149.339,149.403,324,0,0
2025-07-31 01:30:00,149.403,149.421,149.354,149.386,364,0,0
2025-07-31 01:45:00,149.386,149.39,149.295,149.316,359,0,0
2025-07-31 02:00:00,149.316,149.389,149.303,149.376,420,0,0
2025-07-31 02:15:00,149.376,149.393,149.335,149.387,441,0,0
2025-07-31 02:30:00,149.387,149.387,149.303,149.336,507,0,0
2025-07-31 02:45:00,149.333,149.35,149.211,149.224,634,0,0
2025-07-31 03:00:00,149.223,149.302,149.179,149.26,975,0,0
2025-07-31 03:15:00,149.265,149.355,149.216,149.319,801,0,0
2025-07-31 03:30:00,149.319,149.389,149.28,149.368,793,0,0
2025-07-31 03:45:00,149.368,149.392,149.244,149.307,980,0,0
2025-07-31 04:00:00,149.307,149.341,149.21,149.22,933,0,0
2025-07-31 04:15:00,149.22,149.277,149.177,149.275,1000,0,0
2025-07-31 04:30:00,149.275,149.299,149.143,149.151,854,0,0
2025-07-31 04:45:00,149.151,149.213,148.967,148.979,996,0,0
2025-07-31 05:00:00,148.979,149.004,148.859,148.901,1029,0,0
2025-07-31 05:15:00,148.901,148.955,148.867,148.892,838,0,0
2025-07-31 05:30:00,148.896,148.969,148.892,148.956,612,0,0
2025-07-31 05:45:00,148.956,148.988,148.645,148.834,866,0,0
2025-07-31 06:00:00,148.835,148.863,148.591,148.863,1195,0,0
2025-07-31 06:15:00,148.863,148.92,148.797,148.858,952,0,0
2025-07-31 06:30:00,148.857,148.858,148.724,148.736,1030,0,0
2025-07-31 06:45:00,148.736,148.803,148.71,148.745,655,0,0
2025-07-31 07:00:00,148.745,148.839,148.734,148.825,763,0,0
2025-07-31 07:15:00,148.825,148.91,148.811,148.862,767,0,0
2025-07-31 07:30:00,148.862,148.937,148.828,148.917,849,0,0
2025-07-31 07:45:00,148.914,148.96,148.868,148.887,711,0,0
2025-07-31 08:00:00,148.887,148.914,148.819,148.835,875,0,0
2025-07-31 08:15:00,148.835,148.903,148.781,148.894,809,0,0
2025-07-31 08:30:00,148.894,148.926,148.783,148.805,773,0,0
2025-07-31 08:45:00,148.803,148.844,148.744,148.788,841,0,0
2025-07-31 09:00:00,148.787,148.812,148.728,148.806,1097,0,0
2025-07-31 09:15:00,148.806,148.827,148.702,148.756,1120,0,0
2025-07-31 09:30:00,148.756,148.961,148.683,148.924,1834,0,0
2025-07-31 09:45:00,148.92,149.089,148.759,148.879,2044,1,0
2025-07-31 10:00:00,148.878,149.033,148.854,148.998,1992,0,0
2025-07-31 10:15:00,148.996,149.291,148.99,149.284,1925,0,0
2025-07-31 10:30:00,149.284,149.663,149.253,149.656,1723,0,0
2025-07-31 10:45:00,149.655,149.722,149.345,149.397,1583,0,0
2025-07-31 11:00:00,149.397,149.433,149.298,149.404,1792,0,0
2025-07-31 11:15:00,149.404,149.543,149.398,149.523,1487,0,0
2025-07-31 11:30:00,149.522,149.658,149.487,149.654,1394,0,0
2025-07-31 11:45:00,149.654,149.7,149.632,149.633,1262,0,0
2025-07-31 12:00:00,149.633,149.796,149.623,149.735,1360,0,0
2025-07-31 12:15:00,149.736,149.772,149.69,149.768,1137,0,0
2025-07-31 12:30:00,149.768,149.865,149.74,149.855,1266,0,0
2025-07-31 12:45:00,149.855,149.959,149.846,149.953,957,0,0
2025-07-31 13:00:00,149.953,149.958,149.873,149.936,1004,0,0
2025-07-31 13:15:00,149.935,149.967,149.933,149.962,953,0,0
2025-07-31 13:30:00,149.962,149.997,149.923,149.943,948,0,0
2025-07-31 13:45:00,149.943,150.046,149.919,149.944,1166,1,0
2025-07-31 14:00:00,149.944,150.064,149.83,149.879,1504,0,0
2025-07-31 14:15:00,149.879,150.103,149.842,149.984,1222,0,0
2025-07-31 14:30:00,149.989,149.989,149.814,149.877,1324,0,0
2025-07-31 14:45:00,149.879,149.929,149.841,149.877,1448,0,0
2025-07-31 15:00:00,149.877,149.903,149.814,149.851,1499,0,0
2025-07-31 15:15:00,149.851,149.989,149.812,149.969,1475,0,0
2025-07-31 15:30:00,149.969,150.174,149.969,150.131,2295,0,0
2025-07-31 15:45:00,150.131,150.258,150.125,150.189,1795,0,0
2025-07-31 16:00:00,150.189,150.357,150.177,150.325,1882,0,0
2025-07-31 16:15:00,150.325,150.374,150.294,150.342,1401,0,0
2025-07-31 16:30:00,150.341,150.476,150.322,150.456,1539,0,0
2025-07-31 16:45:00,150.451,150.585,150.385,150.567,1766,0,0
2025-07-31 17:00:00,150.566,150.638,150.435,150.44,1915,0,0
2025-07-31 17:15:00,150.447,150.598,150.436,150.561,1803,0,0
2025-07-31 17:30:00,150.56,150.582,150.442,150.451,1988,0,0
2025-07-31 17:45:00,150.455,150.531,150.378,150.479,2059,0,0
2025-07-31 18:00:00,150.479,150.567,150.378,150.393,2304,0,0
2025-07-31 18:15:00,150.393,150.527,150.348,150.527,1676,0,0
2025-07-31 18:30:00,150.526,150.559,150.441,150.532,1716,0,0
2025-07-31 18:45:00,150.531,150.603,150.527,150.6,1566,0,0
2025-07-31 19:00:00,150.604,150.778,150.587,150.767,1438,0,0
2025-07-31 19:15:00,150.767,150.788,150.706,150.718,1203,0,0
2025-07-31 19:30:00,150.718,150.741,150.639,150.698,1060,0,0
2025-07-31 19:45:00,150.698,150.732,150.652,150.685,829,0,0
2025-07-31 20:00:00,150.685,150.692,150.586,150.661,1157,0,0
2025-07-31 20:15:00,150.661,150.724,150.584,150.613,1012,0,0
2025-07-31 20:30:00,150.613,150.692,150.597,150.654,1033,0,0
2025-07-31 20:45:00,150.658,150.696,150.558,150.663,1041,0,0
2025-07-31 21:00:00,150.664,150.745,150.664,150.72,1057,0,0
2025-07-31 21:15:00,150.72,150.745,150.694,150.745,1282,0,0
2025-07-31 21:30:00,150.744,150.765,150.695,150.756,766,0,0
2025-07-31 21:45:00,150.756,150.789,150.734,150.757,1018,0,0
2025-07-31 22:00:00,150.756,150.79,150.745,150.765,585,0,0
2025-07-31 22:15:00,150.765,150.775,150.743,150.755,491,0,0
2025-07-31 22:30:00,150.755,150.766,150.721,150.744,651,0,0
2025-07-31 22:45:00,150.745,150.802,150.692,150.795,1274,0,0
2025-07-31 23:00:00,150.798,150.84,150.739,150.756,977,0,0
2025-07-31 23:15:00,150.756,150.799,150.748,150.795,484,0,0
2025-07-31 23:30:00,150.795,150.839,150.793,150.819,473,0,0
2025-07-31 23:45:00,150.819,150.833,150.747,150.759,617,10,0
2025-08-01 00:00:00,150.723,150.723,150.675,150.701,33,59,0
2025-08-01 00:15:00,150.701,150.719,150.682,150.71,73,71,0
2025-08-01 00:30:00,150.71,150.713,150.668,150.676,40,66,0
2025-08-01 00:45:00,150.676,150.676,150.647,150.668,70,66,0
2025-08-01 01:00:00,150.669,150.798,150.667,150.759,424,0,0
2025-08-01 01:15:00,150.759,150.801,150.691,150.748,558,0,0
2025-08-01 01:30:00,150.748,150.762,150.69,150.693,393,0,0
2025-08-01 01:45:00,150.693,150.749,150.691,150.745,372,0,0
2025-08-01 02:00:00,150.745,150.78,150.643,150.707,895,1,0
2025-08-01 02:15:00,150.707,150.881,150.707,150.732,627,0,0
2025-08-01 02:30:00,150.736,150.819,150.723,150.731,436,0,0
2025-08-01 02:45:00,150.731,150.815,150.702,150.813,783,0,0
2025-08-01 03:00:00,150.81,150.894,150.789,150.803,1191,0,0
2025-08-01 03:15:00,150.803,150.828,150.623,150.641,1329,0,0
2025-08-01 03:30:00,150.641,150.697,150.61,150.63,841,0,0
2025-08-01 03:45:00,150.63,150.744,150.594,150.737,1288,0,0
2025-08-01 04:00:00,150.737,150.894,150.706,150.724,1249,0,0
2025-08-01 04:15:00,150.724,150.769,150.653,150.654,906,0,0
2025-08-01 04:30:00,150.654,150.916,150.632,150.882,1154,0,0
2025-08-01 04:45:00,150.882,150.917,150.836,150.903,1229,0,0
2025-08-01 05:00:00,150.904,150.914,150.754,150.781,915,0,0
2025-08-01 05:15:00,150.781,150.855,150.759,150.762,718,0,0
2025-08-01 05:30:00,150.762,150.772,150.705,150.741,973,0,0
2025-08-01 05:45:00,150.741,150.788,150.741,150.762,528,0,0
2025-08-01 06:00:00,150.765,150.779,150.644,150.647,780,0,0
2025-08-01 06:15:00,150.647,150.692,150.642,150.667,606,0,0
2025-08-01 06:30:00,150.667,150.681,150.608,150.632,660,0,0
2025-08-01 06:45:00,150.625,150.635,150.553,150.589,750,0,0
2025-08-01 07:00:00,150.589,150.626,150.551,150.625,704,0,0
2025-08-01 07:15:00,150.625,150.659,150.62,150.646,429,0,0
2025-08-01 07:30:00,150.646,150.654,150.582,150.604,368,0,0
2025-08-01 07:45:00,150.604,150.652,150.592,150.608,447,0,0
2025-08-01 08:00:00,150.608,150.658,150.553,150.564,668,0,0
2025-08-01 08:15:00,150.564,150.599,150.534,150.559,584,0,0
2025-08-01 08:30:00,150.559,150.563,150.459,150.461,643,0,0
2025-08-01 08:45:00,150.462,150.49,150.415,150.475,810,0,0
2025-08-01 09:00:00,150.475,150.544,150.468,150.488,1033,0,0
2025-08-01 09:15:00,150.487,150.548,150.449,150.539,873,0,0
2025-08-01 09:30:00,150.539,150.626,150.519,150.618,1073,0,0
2025-08-01 09:45:00,150.62,150.65,150.557,150.606,917,0,0
2025-08-01 10:00:00,150.605,150.624,150.496,150.557,1174,1,0
2025-08-01 10:15:00,150.557,150.588,150.494,150.509,1259,1,0
2025-08-01 10:30:00,150.509,150.602,150.456,150.512,1204,1,0
2025-08-01 10:45:00,150.511,150.601,150.486,150.538,1343,0,0
2025-08-01 11:00:00,150.538,150.608,150.511,150.555,1247,0,0
2025-08-01 11:15:00,150.555,150.605,150.531,150.548,1000,0,0
2025-08-01 11:30:00,150.548,150.58,150.507,150.554,1176,0,0
2025-08-01 11:45:00,150.552,150.629,150.531,150.612,1179,0,0
2025-08-01 12:00:00,150.611,150.629,150.516,150.524,1001,0,0
2025-08-01 12:15:00,150.524,150.544,150.47,150.488,1091,0,0
2025-08-01 12:30:00,150.488,150.526,150.417,150.519,1061,0,0
2025-08-01 12:45:00,150.519,150.572,150.453,150.51,1109,0,0
2025-08-01 13:00:00,150.502,150.515,150.42,150.435,1089,0,0
2025-08-01 13:15:00,150.435,150.49,150.422,150.461,977,0,0
2025-08-01 13:30:00,150.461,150.461,150.322,150.355,1381,0,0
2025-08-01 13:45:00,150.355,150.379,150.322,150.359,1292,0,0
2025-08-01 14:00:00,150.359,150.387,150.283,150.306,1237,0,0
2025-08-01 14:15:00,150.306,150.345,150.28,150.34,1284,0,0
2025-08-01 14:30:00,150.34,150.421,150.335,150.396,1113,0,0
2025-08-01 14:45:00,150.396,150.53,150.367,150.519,1464,0,0
2025-08-01 15:00:00,150.519,150.549,150.449,150.469,1540,0,0
2025-08-01 15:15:00,150.469,150.6,150.447,150.544,1487,0,0
2025-08-01 15:30:00,150.544,150.547,148.972,149.021,4606,1,0
2025-08-01 15:45:00,149.019,149.023,148.565,148.634,3876,0,0
2025-08-01 16:00:00,148.636,148.661,148.151,148.243,3740,0,0
2025-08-01 16:15:00,148.243,148.528,148.155,148.171,3547,0,0
2025-08-01 16:30:00,148.172,148.345,147.985,148.27,3556,0,0
2025-08-01 16:45:00,148.27,148.325,148.061,148.138,3082,0,0
2025-08-01 17:00:00,148.136,148.136,147.485,148.082,4152,0,0
2025-08-01 17:15:00,148.085,148.205,147.897,148.099,3590,0,0
2025-08-01 17:30:00,148.109,148.227,148.009,148.054,3130,0,0
2025-08-01 17:45:00,148.053,148.196,147.965,148.089,3396,0,0
2025-08-01 18:00:00,148.089,148.188,147.989,148.06,2924,0,0
2025-08-01 18:15:00,148.06,148.154,147.931,148.144,2575,0,0
2025-08-01 18:30:00,148.141,148.169,147.966,148.052,2448,0,0
2025-08-01 18:45:00,148.052,148.066,147.961,148.058,2166,0,0
2025-08-01 19:00:00,148.058,148.109,147.962,147.99,1805,0,0
2025-08-01 19:15:00,147.99,148.018,147.862,147.999,1631,0,0
2025-08-01 19:30:00,147.999,148.0,147.907,147.925,1572,0,0
2025-08-01 19:45:00,147.925,148.002,147.779,147.826,1591,0,0
2025-08-01 20:00:00,147.827,147.88,147.777,147.804,1822,0,0
2025-08-01 20:15:00,147.803,147.893,147.725,147.883,1721,0,0
2025-08-01 20:30:00,147.882,147.95,147.864,147.927,1515,0,0
2025-08-01 20:45:00,147.926,147.944,147.846,147.88,1342,0,0
2025-08-01 21:00:00,147.88,147.901,147.781,147.812,1311,0,0
2025-08-01 21:15:00,147.812,147.846,147.742,147.743,1418,0,0
2025-08-01 21:30:00,147.743,147.762,147.692,147.733,1234,0,0
2025-08-01 21:45:00,147.733,147.854,147.681,147.851,1319,0,0
2025-08-01 22:00:00,147.851,147.862,147.689,147.689,1092,0,0
2025-08-01 22:15:00,147.689,147.749,147.689,147.706,881,0,0
2025-08-01 22:30:00,147.706,147.708,147.327,147.337,2275,1,0
2025-08-01 22:45:00,147.337,147.479,147.324,147.437,1753,1,0
2025-08-01 23:00:00,147.437,147.439,147.32,147.382,979,0,0
2025-08-01 23:15:00,147.382,147.383,147.317,147.32,576,0,0
2025-08-01 23:30:00,147.321,147.417,147.292,147.411,833,0,0
2025-08-01 23:45:00,147.411,147.449,147.328,147.405,961,10,0
2025-08-04 00:00:00,147.204,147.24,147.204,147.24,58,66,0
2025-08-04 00:15:00,147.24,147.244,147.186,147.201,109,66,0
2025-08-04 00:30:00,147.201,147.225,147.188,147.201,124,66,0
2025-08-04 00:45:00,147.201,147.202,147.17,147.182,111,66,0
2025-08-04 01:00:00,147.182,147.233,147.059,147.227,817,0,0
2025-08-04 01:15:00,147.228,147.278,147.21,147.235,644,0,0
2025-08-04 01:30:00,147.235,147.299,147.172,147.212,674,0,0
2025-08-04 01:45:00,147.212,147.278,147.204,147.248,532,0,0
2025-08-04 02:00:00,147.248,147.3,147.201,147.206,835,0,0
2025-08-04 02:15:00,147.206,147.386,147.197,147.346,637,0,0
2025-08-04 02:30:00,147.346,147.357,147.215,147.246,685,0,0
2025-08-04 02:45:00,147.246,147.364,147.116,147.345,1280,0,0
2025-08-04 03:00:00,147.347,147.524,147.269,147.516,1715,0,0
2025-08-04 03:15:00,147.516,147.622,147.477,147.62,1519,0,0
2025-08-04 03:30:00,147.619,147.653,147.52,147.641,1459,0,0
2025-08-04 03:45:00,147.641,147.693,147.519,147.653,1779,0,0
2025-08-04 04:00:00,147.653,147.79,147.621,147.771,1537,0,0
2025-08-04 04:15:00,147.771,147.825,147.728,147.809,1409,0,0
2025-08-04 04:30:00,147.809,147.911,147.772,147.877,1373,0,0
2025-08-04 04:45:00,147.877,147.879,147.758,147.767,1336,0,0
2025-08-04 05:00:00,147.767,147.767,147.628,147.685,1211,0,0
2025-08-04 05:15:00,147.685,147.734,147.626,147.716,977,0,0
2025-08-04 05:30:00,147.715,147.819,147.698,147.766,934,0,0
2025-08-04 05:45:00,147.766,147.867,147.754,147.797,858,0,0
2025-08-04 06:00:00,147.797,147.797,147.588,147.603,858,0,0
2025-08-04 06:15:00,147.603,147.685,147.603,147.631,809,0,0
2025-08-04 06:30:00,147.626,147.718,147.625,147.687,781,0,0
2025-08-04 06:45:00,147.687,147.714,147.648,147.693,807,0,0
2025-08-04 07:00:00,147.693,147.708,147.6,147.609,739,0,0
2025-08-04 07:15:00,147.609,147.617,147.567,147.568,749,0,0
2025-08-04 07:30:00,147.567,147.685,147.556,147.661,877,0,0
2025-08-04 07:45:00,147.661,147.71,147.642,147.689,730,0,0
2025-08-04 08:00:00,147.689,147.737,147.656,147.689,857,0,0
2025-08-04 08:15:00,147.689,147.783,147.689,147.731,902,0,0
2025-08-04 08:30:00,147.731,147.844,147.723,147.821,957,0,0
2025-08-04 08:45:00,147.821,147.873,147.773,147.783,1052,0,0
2025-08-04 09:00:00,147.782,147.847,147.697,147.715,1392,0,0
2025-08-04 09:15:00,147.715,147.823,147.672,147.797,1218,0,0
2025-08-04 09:30:00,147.797,147.806,147.591,147.604,1533,0,0
2025-08-04 09:45:00,147.604,147.653,147.534,147.646,1256,0,0
2025-08-04 10:00:00,147.64,147.916,147.597,147.854,2012,1,0
2025-08-04 10:15:00,147.856,147.905,147.791,147.892,1668,0,0
2025-08-04 10:30:00,147.892,148.046,147.892,147.992,1605,0,0
2025-08-04 10:45:00,147.992,148.006,147.847,147.885,1518,0,0
2025-08-04 11:00:00,147.883,147.994,147.864,147.957,1714,0,0
2025-08-04 11:15:00,147.957,148.068,147.951,148.033,1505,0,0
2025-08-04 11:30:00,148.033,148.091,148.013,148.03,1627,0,0
2025-08-04 11:45:00,148.029,148.05,147.868,147.894,1521,0,0
2025-08-04 12:00:00,147.894,147.945,147.82,147.851,1410,0,0
2025-08-04 12:15:00,147.851,147.859,147.752,147.764,1352,0,0
2025-08-04 12:30:00,147.764,147.78,147.68,147.704,1130,0,0
2025-08-04 12:45:00,147.704,147.83,147.694,147.812,1367,0,0
2025-08-04 13:00:00,147.811,147.837,147.761,147.766,1091,0,0
2025-08-04 13:15:00,147.766,147.852,147.75,147.766,1202,0,0
2025-08-04 13:30:00,147.766,147.829,147.738,147.774,1160,0,0
2025-08-04 13:45:00,147.775,147.793,147.562,147.578,1342,0,0
2025-08-04 14:00:00,147.576,147.6,147.495,147.495,1665,0,0
2025-08-04 14:15:00,147.495,147.526,147.395,147.487,1616,0,0
2025-08-04 14:30:00,147.487,147.578,147.472,147.527,1533,0,0
2025-08-04 14:45:00,147.527,147.57,147.344,147.346,1648,0,0
2025-08-04 15:00:00,147.346,147.439,147.315,147.418,1661,0,0
2025-08-04 15:15:00,147.418,147.427,147.163,147.167,1570,0,0
2025-08-04 15:30:00,147.167,147.199,147.093,147.115,1642,0,0
2025-08-04 15:45:00,147.115,147.222,147.009,147.194,1723,0,0
2025-08-04 16:00:00,147.194,147.224,146.958,146.986,1918,0,0
2025-08-04 16:15:00,146.986,147.166,146.975,147.103,1759,0,0
2025-08-04 16:30:00,147.103,147.319,147.05,147.095,2417,0,0
2025-08-04 16:45:00,147.093,147.168,147.013,147.092,2136,0,0
2025-08-04 17:00:00,147.091,147.163,146.905,147.077,2521,0,0
2025-08-04 17:15:00,147.077,147.196,146.863,146.996,1984,0,0
2025-08-04 17:30:00,146.996,147.149,146.932,147.148,1896,0,0
2025-08-04 17:45:00,147.147,147.261,147.047,147.232,2244,0,0
2025-08-04 18:00:00,147.232,147.344,147.222,147.297,2065,0,0
2025-08-04 18:15:00,147.3,147.354,147.264,147.299,1725,0,0
2025-08-04 18:30:00,147.297,147.346,147.116,147.116,1586,0,0
2025-08-04 18:45:00,147.116,147.171,147.047,147.099,1509,0,0
2025-08-04 19:00:00,147.099,147.141,147.041,147.128,1158,0,0
2025-08-04 19:15:00,147.128,147.217,147.127,147.146,1137,0,0
2025-08-04 19:30:00,147.146,147.204,147.047,147.061,1083,0,0
2025-08-04 19:45:00,147.062,147.079,147.005,147.039,979,0,0
2025-08-04 20:00:00,147.039,147.098,147.022,147.072,1116,0,0
2025-08-04 20:15:00,147.072,147.084,147.024,147.061,927,0,0
2025-08-04 20:30:00,147.061,147.078,147.015,147.07,732,0,0
2025-08-04 20:45:00,147.07,147.077,146.958,146.968,1084,0,0
2025-08-04 21:00:00,146.968,146.986,146.944,146.972,834,0,0
2025-08-04 21:15:00,146.972,146.995,146.918,146.984,936,0,0
2025-08-04 21:30:00,146.984,147.009,146.924,146.951,1092,0,0
2025-08-04 21:45:00,146.951,146.97,146.909,146.945,993,0,0
2025-08-04 22:00:00,146.945,146.978,146.91,146.957,944,0,0
2025-08-04 22:15:00,146.957,146.979,146.942,146.953,731,0,0
2025-08-04 22:30:00,146.953,146.992,146.939,146.981,735,0,0
2025-08-04 22:45:00,146.981,147.061,146.981,147.029,851,0,0
2025-08-04 23:00:00,147.029,147.086,147.014,147.015,573,0,0
2025-08-04 23:15:00,147.015,147.018,146.954,146.977,610,0,0
2025-08-04 23:30:00,146.977,147.095,146.973,147.09,549,0,0
2025-08-04 23:45:00,147.09,147.106,147.048,147.084,610,10,0
2025-08-05 00:00:00,147.072,147.072,146.992,147.019,29,19,0
2025-08-05 00:15:00,147.019,147.048,147.017,147.033,72,99,0
2025-08-05 00:30:00,147.033,147.058,147.013,147.046,197,66,0
2025-08-05 00:45:00,147.046,147.065,147.036,147.052,258,66,0
2025-08-05 01:00:00,147.052,147.07,146.931,146.976,438,0,0
2025-08-05 01:15:00,146.976,146.98,146.911,146.932,366,0,0
2025-08-05 01:30:00,146.932,147.003,146.882,146.983,390,0,0
2025-08-05 01:45:00,146.983,146.983,146.904,146.911,271,0,0
2025-08-05 02:00:00,146.912,146.934,146.719,146.737,638,0,0
2025-08-05 02:15:00,146.737,146.763,146.694,146.745,423,0,0
2025-08-05 02:30:00,146.745,146.898,146.722,146.897,500,0,0
2025-08-05 02:45:00,146.897,146.899,146.766,146.796,661,0,0
2025-08-05 03:00:00,146.796,146.796,146.62,146.758,1387,0,0
2025-08-05 03:15:00,146.758,146.904,146.755,146.902,1136,0,0
2025-08-05 03:30:00,146.902,147.023,146.854,147.01,980,0,0
2025-08-05 03:45:00,147.01,147.036,146.904,146.929,1658,0,0
2025-08-05 04:00:00,146.928,147.113,146.883,147.078,1267,0,0
2025-08-05 04:15:00,147.078,147.087,146.923,147.004,1214,0,0
2025-08-05 04:30:00,147.004,147.02,146.956,146.971,964,0,0
2025-08-05 04:45:00,146.971,147.056,146.918,147.053,1046,0,0
2025-08-05 05:00:00,147.053,147.149,147.039,147.09,1073,0,0
2025-08-05 05:15:00,147.09,147.158,147.088,147.158,857,0,0
2025-08-05 05:30:00,147.158,147.231,147.155,147.192,826,0,0
2025-08-05 05:45:00,147.192,147.193,147.129,147.188,772,0,0
2025-08-05 06:00:00,147.188,147.208,147.144,147.188,636,0,0
2025-08-05 06:15:00,147.188,147.263,147.174,147.228,684,0,0
2025-08-05 06:30:00,147.228,147.24,147.14,147.146,598,0,0
2025-08-05 06:45:00,147.146,147.231,147.13,147.215,631,0,0
2025-08-05 07:00:00,147.215,147.259,147.17,147.175,714,0,0
2025-08-05 07:15:00,147.175,147.218,147.152,147.182,598,0,0
2025-08-05 07:30:00,147.182,147.185,147.074,147.086,714,0,0
2025-08-05 07:45:00,147.086,147.09,147.005,147.084,605,0,0
2025-08-05 08:00:00,147.084,147.159,147.084,147.086,813,0,0
2025-08-05 08:15:00,147.085,147.147,147.06,147.11,789,0,0
2025-08-05 08:30:00,147.11,147.243,147.103,147.195,1019,0,0
2025-08-05 08:45:00,147.194,147.228,147.143,147.174,870,0,0
2025-08-05 09:00:00,147.175,147.175,147.064,147.118,1193,0,0
2025-08-05 09:15:00,147.118,147.142,147.03,147.089,1005,0,0
2025-08-05 09:30:00,147.089,147.315,147.089,147.305,1192,0,0
2025-08-05 09:45:00,147.305,147.344,147.282,147.326,1037,0,0
2025-08-05 10:00:00,147.327,147.358,147.184,147.191,1483,0,0
2025-08-05 10:15:00,147.191,147.263,147.158,147.244,1512,0,0
2025-08-05 10:30:00,147.244,147.33,147.242,147.315,1327,0,0
2025-08-05 10:45:00,147.315,147.488,147.315,147.388,1369,0,0
2025-08-05 11:00:00,147.388,147.447,147.334,147.446,1637,0,0
2025-08-05 11:15:00,147.446,147.491,147.413,147.449,1325,0,0
2025-08-05 11:30:00,147.453,147.59,147.447,147.585,1281,0,0
2025-08-05 11:45:00,147.585,147.637,147.565,147.584,1368,0,0
2025-08-05 12:00:00,147.584,147.603,147.494,147.51,1184,0,0
2025-08-05 12:15:00,147.51,147.536,147.453,147.467,848,0,0
2025-08-05 12:30:00,147.467,147.619,147.467,147.618,926,0,0
2025-08-05 12:45:00,147.618,147.639,147.538,147.628,1045,0,0
2025-08-05 13:00:00,147.628,147.763,147.611,147.73,1129,0,0
2025-08-05 13:15:00,147.73,147.778,147.696,147.709,1040,0,0
2025-08-05 13:30:00,147.709,147.726,147.605,147.615,857,0,0
2025-08-05 13:45:00,147.615,147.635,147.582,147.62,717,0,0
2025-08-05 14:00:00,147.62,147.696,147.62,147.667,962,0,0
2025-08-05 14:15:00,147.667,147.693,147.547,147.611,897,0,0
2025-08-05 14:30:00,147.611,147.693,147.588,147.632,1173,0,0
2025-08-05 14:45:00,147.632,147.66,147.583,147.632,1215,0,0
2025-08-05 15:00:00,147.632,147.684,147.585,147.67,1682,0,0
2025-08-05 15:15:00,147.669,147.698,147.54,147.641,1980,0,0
2025-08-05 15:30:00,147.641,147.736,147.619,147.667,1711,0,0
2025-08-05 15:45:00,147.667,147.756,147.623,147.664,1587,0,0
2025-08-05 16:00:00,147.664,147.707,147.566,147.566,1646,0,0
2025-08-05 16:15:00,147.567,147.613,147.518,147.573,1431,0,0
2025-08-05 16:30:00,147.573,147.63,147.506,147.583,1847,0,0
2025-08-05 16:45:00,147.584,147.835,147.56,147.7,1968,0,0
2025-08-05 17:00:00,147.7,147.7,147.389,147.623,3286,0,0
2025-08-05 17:15:00,147.623,147.734,147.514,147.585,2574,0,0
2025-08-05 17:30:00,147.585,147.64,147.355,147.375,2335,0,0
2025-08-05 17:45:00,147.376,147.485,147.354,147.45,2574,0,0
2025-08-05 18:00:00,147.45,147.497,147.317,147.319,2174,0,0
2025-08-05 18:15:00,147.318,147.418,147.303,147.415,1569,0,0
2025-08-05 18:30:00,147.413,147.532,147.4,147.473,2185,0,0
2025-08-05 18:45:00,147.476,147.571,147.46,147.496,1651,0,0
2025-08-05 19:00:00,147.496,147.549,147.473,147.492,1398,0,0
2025-08-05 19:15:00,147.492,147.594,147.468,147.482,1074,0,0
2025-08-05 19:30:00,147.482,147.513,147.43,147.503,1145,0,0
2025-08-05 19:45:00,147.503,147.571,147.488,147.547,1039,0,0
2025-08-05 20:00:00,147.547,147.593,147.528,147.55,1032,0,0
2025-08-05 20:15:00,147.55,147.556,147.485,147.546,820,0,0
2025-08-05 20:30:00,147.546,147.602,147.515,147.57,748,0,0
2025-08-05 20:45:00,147.57,147.654,147.57,147.623,858,0,0
2025-08-05 21:00:00,147.623,147.673,147.619,147.639,913,0,0
2025-08-05 21:15:00,147.64,147.677,147.625,147.649,911,0,0
2025-08-05 21:30:00,147.649,147.663,147.593,147.609,747,0,0
2025-08-05 21:45:00,147.609,147.682,147.602,147.608,911,0,0
2025-08-05 22:00:00,147.608,147.684,147.606,147.666,746,0,0
2025-08-05 22:15:00,147.666,147.7,147.661,147.698,527,0,0
2025-08-05 22:30:00,147.694,147.707,147.646,147.647,497,0,0
2025-08-05 22:45:00,147.648,147.656,147.581,147.609,794,1,0
2025-08-05 23:00:00,147.609,147.621,147.578,147.615,472,0,0
2025-08-05 23:15:00,147.615,147.622,147.557,147.568,515,0,0
2025-08-05 23:30:00,147.568,147.593,147.533,147.533,518,0,0
2025-08-05 23:45:00,147.528,147.573,147.497,147.556,544,10,0
2025-08-06 00:00:00,147.584,147.584,147.515,147.518,43,41,0
2025-08-06 00:15:00,147.518,147.544,147.487,147.543,102,66,0
2025-08-06 00:30:00,147.543,147.558,147.51,147.551,157,66,0
2025-08-06 00:45:00,147.551,147.565,147.517,147.546,733,66,0
2025-08-06 01:00:00,147.546,147.613,147.546,147.598,257,0,0
2025-08-06 01:15:00,147.598,147.602,147.559,147.584,296,0,0
2025-08-06 01:30:00,147.584,147.642,147.584,147.627,317,0,0
2025-08-06 01:45:00,147.627,147.631,147.546,147.565,381,0,0
2025-08-06 02:00:00,147.565,147.616,147.552,147.608,420,0,0
2025-08-06 02:15:00,147.608,147.611,147.566,147.567,431,0,0
2025-08-06 02:30:00,147.567,147.647,147.566,147.614,442,0,0
2025-08-06 02:45:00,147.614,147.622,147.517,147.525,606,0,0
2025-08-06 03:00:00,147.525,147.565,147.447,147.562,1183,1,0
2025-08-06 03:15:00,147.562,147.593,147.49,147.588,804,0,0
2025-08-06 03:30:00,147.588,147.591,147.468,147.522,812,0,0
2025-08-06 03:45:00,147.522,147.622,147.486,147.584,1063,0,0
2025-08-06 04:00:00,147.584,147.713,147.584,147.613,970,0,0
2025-08-06 04:15:00,147.613,147.73,147.611,147.671,886,0,0
2025-08-06 04:30:00,147.671,147.671,147.594,147.607,780,0,0
2025-08-06 04:45:00,147.607,147.713,147.601,147.695,866,0,0
2025-08-06 05:00:00,147.695,147.749,147.673,147.739,749,0,0
2025-08-06 05:15:00,147.739,147.751,147.527,147.624,1011,0,0
2025-08-06 05:30:00,147.625,147.679,147.591,147.628,809,0,0
2025-08-06 05:45:00,147.628,147.643,147.556,147.556,706,0,0
2025-08-06 06:00:00,147.556,147.557,147.465,147.478,704,0,0
2025-08-06 06:15:00,147.478,147.481,147.371,147.395,677,0,0
2025-08-06 06:30:00,147.395,147.427,147.378,147.406,732,0,0
2025-08-06 06:45:00,147.406,147.425,147.334,147.399,686,0,0
2025-08-06 07:00:00,147.4,147.447,147.371,147.416,796,0,0
2025-08-06 07:15:00,147.416,147.431,147.317,147.355,684,0,0
2025-08-06 07:30:00,147.355,147.374,147.304,147.373,617,0,0
2025-08-06 07:45:00,147.373,147.408,147.329,147.346,672,0,0
2025-08-06 08:00:00,147.346,147.431,147.335,147.417,716,0,0
2025-08-06 08:15:00,147.417,147.455,147.407,147.418,634,0,0
2025-08-06 08:30:00,147.418,147.514,147.418,147.494,805,0,0
2025-08-06 08:45:00,147.49,147.545,147.444,147.452,745,0,0
2025-08-06 09:00:00,147.456,147.464,147.364,147.413,961,0,0
2025-08-06 09:15:00,147.413,147.485,147.383,147.482,854,0,0
2025-08-06 09:30:00,147.482,147.521,147.445,147.49,1306,0,0
2025-08-06 09:45:00,147.49,147.551,147.477,147.55,1225,0,0
2025-08-06 10:00:00,147.55,147.652,147.55,147.639,1405,0,0
2025-08-06 10:15:00,147.639,147.693,147.619,147.665,1327,0,0
2025-08-06 10:30:00,147.665,147.677,147.583,147.625,994,0,0
2025-08-06 10:45:00,147.625,147.639,147.535,147.563,1198,0,0
2025-08-06 11:00:00,147.561,147.627,147.556,147.621,1376,0,0
2025-08-06 11:15:00,147.621,147.794,147.598,147.773,1390,0,0
2025-08-06 11:30:00,147.773,147.845,147.735,147.739,1275,0,0
2025-08-06 11:45:00,147.739,147.83,147.738,147.808,1056,0,0
2025-08-06 12:00:00,147.808,147.886,147.803,147.805,1182,0,0
2025-08-06 12:15:00,147.805,147.807,147.742,147.779,966,0,0
2025-08-06 12:30:00,147.779,147.808,147.713,147.728,1028,0,0
2025-08-06 12:45:00,147.729,147.825,147.727,147.824,962,0,0
2025-08-06 13:00:00,147.823,147.841,147.718,147.718,1341,0,0
2025-08-06 13:15:00,147.718,147.74,147.63,147.738,1274,0,0
2025-08-06 13:30:00,147.738,147.756,147.644,147.644,1264,0,0
2025-08-06 13:45:00,147.643,147.651,147.56,147.584,1386,0,0
2025-08-06 14:00:00,147.584,147.654,147.556,147.566,1111,0,0
2025-08-06 14:15:00,147.566,147.573,147.476,147.495,1010,0,0
2025-08-06 14:30:00,147.495,147.502,147.439,147.459,1065,0,0
2025-08-06 14:45:00,147.459,147.555,147.444,147.541,958,0,0
2025-08-06 15:00:00,147.541,147.577,147.524,147.557,956,0,0
2025-08-06 15:15:00,147.557,147.597,147.484,147.527,1274,0,0
2025-08-06 15:30:00,147.528,147.575,147.476,147.54,1251,0,0
2025-08-06 15:45:00,147.54,147.552,147.406,147.441,1514,0,0
2025-08-06 16:00:00,147.441,147.446,147.338,147.343,1183,0,0
2025-08-06 16:15:00,147.343,147.397,147.301,147.387,1217,0,0
2025-08-06 16:30:00,147.387,147.456,147.319,147.332,1624,0,0
2025-08-06 16:45:00,147.332,147.365,147.241,147.245,1874,0,0
2025-08-06 17:00:00,147.247,147.406,147.247,147.374,1775,0,0
2025-08-06 17:15:00,147.373,147.418,147.263,147.286,1601,0,0
2025-08-06 17:30:00,147.285,147.39,147.274,147.381,1493,0,0
2025-08-06 17:45:00,147.381,147.436,147.344,147.39,1540,0,0
2025-08-06 18:00:00,147.39,147.398,147.234,147.259,1489,0,0
2025-08-06 18:15:00,147.259,147.362,147.242,147.344,1284,0,0
2025-08-06 18:30:00,147.344,147.658,147.336,147.436,2158,0,0
2025-08-06 18:45:00,147.436,147.436,147.211,147.258,1922,0,0
2025-08-06 19:00:00,147.259,147.312,147.215,147.286,1383,0,0
2025-08-06 19:15:00,147.286,147.357,147.266,147.314,1092,0,0
2025-08-06 19:30:00,147.313,147.362,147.309,147.328,887,0,0
2025-08-06 19:45:00,147.329,147.418,147.328,147.348,1454,1,0
2025-08-06 20:00:00,147.348,147.405,147.332,147.356,1270,0,0
2025-08-06 20:15:00,147.356,147.382,147.274,147.295,1000,0,0
2025-08-06 20:30:00,147.295,147.304,147.223,147.23,895,0,0
2025-08-06 20:45:00,147.23,147.253,147.221,147.241,753,0,0
2025-08-06 21:00:00,147.24,147.276,147.139,147.152,920,0,0
2025-08-06 21:15:00,147.152,147.186,147.086,147.089,905,0,0
2025-08-06 21:30:00,147.089,147.1,146.981,146.994,945,0,0
2025-08-06 21:45:00,146.995,147.073,146.979,147.068,946,0,0
2025-08-06 22:00:00,147.068,147.125,147.068,147.091,777,0,0
2025-08-06 22:15:00,147.091,147.104,147.069,147.1,696,0,0
2025-08-06 22:30:00,147.1,147.141,147.094,147.135,463,0,0
2025-08-06 22:45:00,147.135,147.188,147.134,147.184,639,0,0
2025-08-06 23:00:00,147.184,147.263,147.164,147.257,511,0,0
2025-08-06 23:15:00,147.257,147.282,147.227,147.246,518,0,0
2025-08-06 23:30:00,147.246,147.634,147.226,147.495,1038,0,0
2025-08-06 23:45:00,147.495,147.501,147.317,147.354,633,10,0
2025-08-07 00:00:00,147.327,147.38,147.28,147.374,39,66,0
2025-08-07 00:15:00,147.374,147.393,147.348,147.393,56,66,0
2025-08-07 00:30:00,147.393,147.43,147.372,147.419,128,66,0
2025-08-07 00:45:00,147.419,147.43,147.283,147.306,215,66,0
2025-08-07 01:00:00,147.306,147.318,147.208,147.253,293,0,0
2025-08-07 01:15:00,147.253,147.316,147.253,147.308,560,0,0
2025-08-07 01:30:00,147.308,147.317,147.216,147.234,416,0,0
2025-08-07 01:45:00,147.234,147.249,147.205,147.216,319,0,0
2025-08-07 02:00:00,147.216,147.239,147.19,147.234,326,0,0
2025-08-07 02:15:00,147.234,147.234,147.152,147.188,356,0,0
2025-08-07 02:30:00,147.188,147.249,147.173,147.192,483,0,0
2025-08-07 02:45:00,147.192,147.255,147.174,147.194,752,0,0
2025-08-07 03:00:00,147.199,147.364,147.171,147.31,1334,0,0
2025-08-07 03:15:00,147.313,147.396,147.291,147.378,1049,0,0
2025-08-07 03:30:00,147.378,147.479,147.377,147.477,945,0,0
2025-08-07 03:45:00,147.477,147.6,147.444,147.584,1380,0,0
2025-08-07 04:00:00,147.584,147.645,147.544,147.572,1139,0,0
2025-08-07 04:15:00,147.573,147.666,147.492,147.63,1078,0,0
2025-08-07 04:30:00,147.63,147.686,147.563,147.588,1047,0,0
2025-08-07 04:45:00,147.588,147.593,147.481,147.494,1082,0,0
2025-08-07 05:00:00,147.494,147.575,147.444,147.471,940,0,0
2025-08-07 05:15:00,147.473,147.557,147.461,147.542,694,0,0
2025-08-07 05:30:00,147.542,147.545,147.455,147.523,644,0,0
2025-08-07 05:45:00,147.523,147.58,147.507,147.566,552,0,0
2025-08-07 06:00:00,147.566,147.638,147.566,147.63,654,0,0
2025-08-07 06:15:00,147.63,147.712,147.588,147.589,830,0,0
2025-08-07 06:30:00,147.589,147.602,147.529,147.577,823,0,0
2025-08-07 06:45:00,147.577,147.581,147.48,147.515,833,0,0
2025-08-07 07:00:00,147.515,147.532,147.444,147.475,749,0,0
2025-08-07 07:15:00,147.475,147.485,147.388,147.415,810,0,0
2025-08-07 07:30:00,147.415,147.434,147.341,147.351,841,0,0
2025-08-07 07:45:00,147.351,147.363,147.27,147.305,821,0,0
2025-08-07 08:00:00,147.305,147.32,147.214,147.273,867,0,0
2025-08-07 08:15:00,147.273,147.336,147.268,147.274,895,0,0
2025-08-07 08:30:00,147.274,147.348,147.258,147.329,859,0,0
2025-08-07 08:45:00,147.329,147.335,147.262,147.275,904,0,0
2025-08-07 09:00:00,147.275,147.304,147.22,147.235,1166,0,0
2025-08-07 09:15:00,147.235,147.238,147.101,147.108,1205,0,0
2025-08-07 09:30:00,147.108,147.117,146.964,146.978,1186,0,0
2025-08-07 09:45:00,146.978,146.978,146.803,146.858,1623,0,0
2025-08-07 10:00:00,146.857,146.928,146.809,146.927,1759,0,0
2025-08-07 10:15:00,146.927,146.963,146.83,146.84,1747,0,0
2025-08-07 10:30:00,146.841,146.848,146.736,146.79,1455,0,0
2025-08-07 10:45:00,146.79,146.839,146.693,146.807,1436,0,0
2025-08-07 11:00:00,146.807,147.117,146.78,146.993,2147,0,0
2025-08-07 11:15:00,146.993,147.183,146.992,147.096,1690,0,0
2025-08-07 11:30:00,147.095,147.125,147.0,147.063,1760,0,0
2025-08-07 11:45:00,147.063,147.183,147.058,147.133,1625,0,0
2025-08-07 12:00:00,147.133,147.267,147.115,147.223,1295,0,0
2025-08-07 12:15:00,147.222,147.275,147.209,147.219,1093,0,0
2025-08-07 12:30:00,147.219,147.324,147.216,147.275,1222,0,0
2025-08-07 12:45:00,147.277,147.354,147.234,147.346,1043,0,0
2025-08-07 13:00:00,147.346,147.4,147.346,147.381,1168,0,0
2025-08-07 13:15:00,147.381,147.405,147.336,147.394,1088,0,0
2025-08-07 13:30:00,147.394,147.398,147.283,147.343,1142,0,0
2025-08-07 13:45:00,147.343,147.386,147.284,147.328,1250,0,0
2025-08-07 14:00:00,147.328,147.418,147.255,147.368,2076,0,0
2025-08-07 14:15:00,147.368,147.457,147.334,147.433,1436,0,0
2025-08-07 14:30:00,147.432,147.496,147.368,147.413,1364,0,0
2025-08-07 14:45:00,147.413,147.424,147.292,147.311,1145,0,0
2025-08-07 15:00:00,147.311,147.395,147.267,147.356,1609,0,0
2025-08-07 15:15:00,147.357,147.362,147.16,147.199,1489,0,0
2025-08-07 15:30:00,147.2,147.246,147.02,147.228,2025,0,0
2025-08-07 15:45:00,147.228,147.296,147.143,147.287,1531,0,0
2025-08-07 16:00:00,147.287,147.32,147.175,147.213,1552,0,0
2025-08-07 16:15:00,147.213,147.304,147.166,147.179,1574,0,0
2025-08-07 16:30:00,147.178,147.303,147.111,147.15,2189,0,0
2025-08-07 16:45:00,147.151,147.294,147.147,147.277,1965,0,0
2025-08-07 17:00:00,147.277,147.498,147.195,147.253,2571,0,0
2025-08-07 17:15:00,147.254,147.543,147.253,147.474,2186,0,0
2025-08-07 17:30:00,147.474,147.535,147.394,147.481,2007,0,0
2025-08-07 17:45:00,147.484,147.53,147.457,147.491,2042,0,0
2025-08-07 18:00:00,147.491,147.588,147.438,147.45,2016,0,0
2025-08-07 18:15:00,147.451,147.488,147.393,147.416,1541,0,0
2025-08-07 18:30:00,147.417,147.424,147.346,147.381,1436,0,0
2025-08-07 18:45:00,147.381,147.396,147.324,147.365,1350,0,0
2025-08-07 19:00:00,147.366,147.437,147.332,147.422,1270,1,0
2025-08-07 19:15:00,147.421,147.427,147.305,147.321,1016,0,0
2025-08-07 19:30:00,147.321,147.415,147.313,147.367,948,0,0
2025-08-07 19:45:00,147.367,147.394,147.348,147.364,859,0,0
2025-08-07 20:00:00,147.364,147.456,147.361,147.439,1370,0,0
2025-08-07 20:15:00,147.44,147.471,147.406,147.427,1133,0,0
2025-08-07 20:30:00,147.427,147.446,147.361,147.376,1091,0,0
2025-08-07 20:45:00,147.376,147.439,147.359,147.422,932,0,0
2025-08-07 21:00:00,147.422,147.432,147.39,147.404,923,0,0
2025-08-07 21:15:00,147.404,147.49,147.401,147.47,937,0,0
2025-08-07 21:30:00,147.47,147.534,147.453,147.53,802,0,0
2025-08-07 21:45:00,147.53,147.567,147.499,147.566,854,0,0
2025-08-07 22:00:00,147.566,147.567,147.498,147.502,689,0,0
2025-08-07 22:15:00,147.503,147.513,147.443,147.443,824,0,0
2025-08-07 22:30:00,147.437,147.437,147.052,147.057,1812,1,0
2025-08-07 22:45:00,147.057,147.169,146.944,147.084,1544,1,0
2025-08-07 23:00:00,147.084,147.095,146.957,147.069,952,0,0
2025-08-07 23:15:00,147.069,147.07,146.968,146.987,686,0,0
2025-08-07 23:30:00,146.987,147.099,146.986,147.081,680,0,0
2025-08-07 23:45:00,147.081,147.152,147.053,147.144,710,10,0
2025-08-08 00:00:00,147.106,147.106,147.01,147.052,24,70,0
2025-08-08 00:15:00,147.052,147.052,147.029,147.052,34,109,0
2025-08-08 00:30:00,147.052,147.095,147.039,147.093,149,95,0
2025-08-08 00:45:00,147.093,147.093,146.984,147.0,273,66,0
2025-08-08 01:00:00,147.0,147.052,146.979,147.035,429,0,0
2025-08-08 01:15:00,147.035,147.059,147.012,147.046,359,0,0
2025-08-08 01:30:00,147.046,147.046,146.811,146.865,756,0,0
2025-08-08 01:45:00,146.865,146.957,146.846,146.95,537,0,0
2025-08-08 02:00:00,146.95,146.961,146.789,146.862,586,0,0
2025-08-08 02:15:00,146.862,146.863,146.762,146.801,632,0,0
2025-08-08 02:30:00,146.802,146.876,146.795,146.848,606,0,0
2025-08-08 02:45:00,146.849,146.87,146.763,146.805,952,0,0
2025-08-08 03:00:00,146.795,147.057,146.721,147.033,1553,0,0
2025-08-08 03:15:00,147.032,147.134,147.032,147.107,1181,0,0
2025-08-08 03:30:00,147.106,147.121,147.053,147.067,999,0,0
2025-08-08 03:45:00,147.067,147.195,147.042,147.146,1491,0,0
2025-08-08 04:00:00,147.146,147.267,147.131,147.248,1115,0,0
2025-08-08 04:15:00,147.248,147.357,147.244,147.292,1022,0,0
2025-08-08 04:30:00,147.292,147.372,147.254,147.326,949,0,0
2025-08-08 04:45:00,147.326,147.326,147.235,147.287,1010,0,0
2025-08-08 05:00:00,147.286,147.315,147.211,147.295,749,0,0
2025-08-08 05:15:00,147.295,147.295,147.218,147.24,618,0,0
2025-08-08 05:30:00,147.24,147.293,147.18,147.207,644,0,0
2025-08-08 05:45:00,147.207,147.215,147.157,147.202,633,0,0
2025-08-08 06:00:00,147.202,147.263,147.169,147.254,664,0,0
2025-08-08 06:15:00,147.254,147.308,147.245,147.263,649,0,0
2025-08-08 06:30:00,147.263,147.287,147.183,147.203,719,0,0
2025-08-08 06:45:00,147.203,147.252,147.19,147.193,575,0,0
2025-08-08 07:00:00,147.193,147.21,147.14,147.152,758,0,0
2025-08-08 07:15:00,147.152,147.172,147.117,147.16,672,0,0
2025-08-08 07:30:00,147.16,147.215,147.146,147.182,706,0,0
2025-08-08 07:45:00,147.182,147.186,147.137,147.16,497,0,0
2025-08-08 08:00:00,147.164,147.234,147.15,147.223,689,0,0
2025-08-08 08:15:00,147.223,147.297,147.197,147.285,1073,0,0
2025-08-08 08:30:00,147.284,147.383,147.277,147.367,1003,0,0
2025-08-08 08:45:00,147.367,147.421,147.319,147.413,1047,0,0
2025-08-08 09:00:00,147.413,147.431,147.309,147.324,1020,0,0
2025-08-08 09:15:00,147.324,147.373,147.249,147.352,1051,0,0
2025-08-08 09:30:00,147.351,147.454,147.351,147.418,1338,0,0
2025-08-08 09:45:00,147.418,147.431,147.301,147.328,983,0,0
2025-08-08 10:00:00,147.328,147.328,147.135,147.216,1546,0,0
2025-08-08 10:15:00,147.215,147.322,147.198,147.303,1174,0,0
2025-08-08 10:30:00,147.303,147.388,147.211,147.376,1385,0,0
2025-08-08 10:45:00,147.377,147.396,147.277,147.323,1360,0,0
2025-08-08 11:00:00,147.322,147.332,147.202,147.214,1361,0,0
2025-08-08 11:15:00,147.214,147.307,147.159,147.291,1361,0,0
2025-08-08 11:30:00,147.292,147.486,147.282,147.474,1641,0,0
2025-08-08 11:45:00,147.474,147.694,147.472,147.647,1622,0,0
2025-08-08 12:00:00,147.647,147.661,147.547,147.586,1301,0,0
2025-08-08 12:15:00,147.586,147.699,147.585,147.69,1264,0,0
2025-08-08 12:30:00,147.689,147.719,147.61,147.672,1422,0,0
2025-08-08 12:45:00,147.672,147.726,147.59,147.711,1459,0,0
2025-08-08 13:00:00,147.711,147.73,147.642,147.691,1259,0,0
2025-08-08 13:15:00,147.691,147.772,147.68,147.758,963,0,0
2025-08-08 13:30:00,147.758,147.837,147.744,147.822,1011,0,0
2025-08-08 13:45:00,147.822,147.837,147.783,147.797,1033,0,0
2025-08-08 14:00:00,147.797,147.831,147.752,147.812,1287,0,0
2025-08-08 14:15:00,147.812,147.852,147.779,147.789,1151,0,0
2025-08-08 14:30:00,147.789,147.796,147.708,147.744,1091,0,0
2025-08-08 14:45:00,147.744,147.841,147.72,147.815,1122,0,0
2025-08-08 15:00:00,147.815,147.843,147.783,147.832,1595,0,0
2025-08-08 15:15:00,147.832,147.895,147.775,147.776,1470,0,0
2025-08-08 15:30:00,147.777,147.787,147.639,147.712,1458,0,0
2025-08-08 15:45:00,147.71,147.866,147.689,147.844,1574,0,0
2025-08-08 16:00:00,147.844,147.846,147.721,147.726,1426,0,0
2025-08-08 16:15:00,147.729,147.79,147.703,147.725,1194,0,0
2025-08-08 16:30:00,147.724,147.787,147.646,147.78,1540,0,0
2025-08-08 16:45:00,147.781,147.903,147.779,147.879,1628,0,0
2025-08-08 17:00:00,147.88,147.903,147.705,147.746,1948,0,0
2025-08-08 17:15:00,147.746,147.804,147.691,147.785,1657,0,0
2025-08-08 17:30:00,147.785,147.836,147.71,147.809,1336,0,0
2025-08-08 17:45:00,147.809,147.848,147.731,147.817,1416,0,0
2025-08-08 18:00:00,147.817,147.832,147.709,147.736,1275,0,0
2025-08-08 18:15:00,147.737,147.752,147.672,147.734,1315,0,0
2025-08-08 18:30:00,147.734,147.742,147.633,147.705,1529,0,0
2025-08-08 18:45:00,147.705,147.732,147.68,147.708,1242,0,0
2025-08-08 19:00:00,147.708,147.798,147.675,147.791,983,0,0
2025-08-08 19:15:00,147.792,147.835,147.733,147.738,1105,0,0
2025-08-08 19:30:00,147.738,147.741,147.698,147.725,993,0,0
2025-08-08 19:45:00,147.725,147.767,147.699,147.739,851,0,0
2025-08-08 20:00:00,147.739,147.743,147.699,147.703,983,0,0
2025-08-08 20:15:00,147.703,147.712,147.665,147.704,669,0,0
2025-08-08 20:30:00,147.704,147.719,147.659,147.679,854,0,0
2025-08-08 20:45:00,147.679,147.756,147.66,147.746,848,0,0
2025-08-08 21:00:00,147.739,147.768,147.654,147.677,1690,0,0
2025-08-08 21:15:00,147.677,147.679,147.633,147.652,1082,0,0
2025-08-08 21:30:00,147.652,147.74,147.631,147.712,1012,0,0
2025-08-08 21:45:00,147.712,147.778,147.666,147.666,956,0,0
2025-08-08 22:00:00,147.666,147.728,147.647,147.708,715,0,0
2025-08-08 22:15:00,147.708,147.814,147.696,147.78,864,0,0
2025-08-08 22:30:00,147.78,147.819,147.736,147.746,856,0,0
2025-08-08 22:45:00,147.746,147.764,147.702,147.755,761,0,0
2025-08-08 23:00:00,147.755,147.78,147.732,147.78,400,0,0
2025-08-08 23:15:00,147.78,147.799,147.736,147.767,536,0,0
2025-08-08 23:30:00,147.767,147.804,147.749,147.749,677,0,0
2025-08-08 23:45:00,147.749,147.784,147.697,147.7,1049,10,0
2025-08-11 00:00:00,147.413,147.597,147.413,147.596,184,94,0
2025-08-11 00:15:00,147.596,147.61,147.587,147.59,76,84,0
2025-08-11 00:30:00,147.59,147.607,147.474,147.566,312,66,0
2025-08-11 00:45:00,147.566,147.676,147.516,147.554,281,75,0
2025-08-11 01:00:00,147.554,147.713,147.554,147.672,401,0,0
2025-08-11 01:15:00,147.672,147.748,147.647,147.737,307,0,0
2025-08-11 01:30:00,147.741,147.793,147.737,147.785,365,0,0
2025-08-11 01:45:00,147.785,147.785,147.728,147.731,251,0,0
2025-08-11 02:00:00,147.731,147.772,147.706,147.726,376,0,0
2025-08-11 02:15:00,147.726,147.726,147.641,147.674,385,0,0
2025-08-11 02:30:00,147.674,147.684,147.625,147.657,373,0,0
2025-08-11 02:45:00,147.657,147.689,147.623,147.658,598,0,0
2025-08-11 03:00:00,147.658,147.698,147.603,147.62,872,0,0
2025-08-11 03:15:00,147.62,147.67,147.571,147.64,588,0,0
2025-08-11 03:30:00,147.639,147.734,147.635,147.715,632,0,0
2025-08-11 03:45:00,147.715,147.741,147.66,147.662,921,0,0
2025-08-11 04:00:00,147.662,147.7,147.63,147.662,1051,0,0
2025-08-11 04:15:00,147.662,147.716,147.652,147.673,658,0,0
2025-08-11 04:30:00,147.673,147.694,147.591,147.652,690,0,0
2025-08-11 04:45:00,147.652,147.663,147.598,147.616,686,0,0
2025-08-11 05:00:00,147.616,147.618,147.548,147.576,793,0,0
2025-08-11 05:15:00,147.576,147.612,147.546,147.566,561,0,0
2025-08-11 05:30:00,147.566,147.579,147.522,147.546,455,0,0
2025-08-11 05:45:00,147.546,147.574,147.53,147.559,489,0,0
2025-08-11 06:00:00,147.559,147.605,147.529,147.543,566,0,0
2025-08-11 06:15:00,147.542,147.548,147.459,147.478,735,0,0
2025-08-11 06:30:00,147.478,147.505,147.447,147.458,471,0,0
2025-08-11 06:45:00,147.458,147.49,147.429,147.48,467,0,0
2025-08-11 07:00:00,147.48,147.488,147.438,147.442,503,0,0
2025-08-11 07:15:00,147.442,147.475,147.426,147.469,765,0,0
2025-08-11 07:30:00,147.469,147.492,147.446,147.461,733,0,0
2025-08-11 07:45:00,147.461,147.494,147.449,147.482,750,0,0
2025-08-11 08:00:00,147.482,147.521,147.482,147.503,617,0,0
2025-08-11 08:15:00,147.503,147.52,147.474,147.51,544,0,0
2025-08-11 08:30:00,147.51,147.534,147.491,147.518,629,0,0
2025-08-11 08:45:00,147.518,147.533,147.479,147.521,639,0,0
2025-08-11 09:00:00,147.521,147.531,147.472,147.506,857,0,0
2025-08-11 09:15:00,147.506,147.562,147.501,147.555,763,0,0
2025-08-11 09:30:00,147.555,147.587,147.534,147.586,1005,0,0
2025-08-11 09:45:00,147.586,147.608,147.569,147.593,1212,0,0
2025-08-11 10:00:00,147.593,147.663,147.582,147.584,1224,0,0
2025-08-11 10:15:00,147.585,147.602,147.549,147.575,906,0,0
2025-08-11 10:30:00,147.575,147.593,147.385,147.414,1239,0,0
2025-08-11 10:45:00,147.414,147.469,147.356,147.388,1240,0,0
2025-08-11 11:00:00,147.388,147.439,147.349,147.388,1370,0,0
2025-08-11 11:15:00,147.388,147.45,147.375,147.412,1286,0,0
2025-08-11 11:30:00,147.412,147.488,147.388,147.485,1320,0,0
2025-08-11 11:45:00,147.485,147.549,147.485,147.506,1200,0,0
2025-08-11 12:00:00,147.507,147.547,147.486,147.541,1130,0,0
2025-08-11 12:15:00,147.541,147.613,147.541,147.585,1259,0,0
2025-08-11 12:30:00,147.585,147.652,147.584,147.63,977,0,0
2025-08-11 12:45:00,147.63,147.708,147.615,147.687,892,0,0
2025-08-11 13:00:00,147.685,147.734,147.672,147.717,950,0,0
2025-08-11 13:15:00,147.717,147.726,147.665,147.68,812,0,0
2025-08-11 13:30:00,147.68,147.715,147.675,147.689,821,0,0
2025-08-11 13:45:00,147.689,147.744,147.682,147.737,785,0,0
2025-08-11 14:00:00,147.737,147.795,147.721,147.776,922,0,0
2025-08-11 14:15:00,147.776,147.901,147.769,147.87,1159,0,0
2025-08-11 14:30:00,147.87,147.902,147.855,147.865,1232,0,0
2025-08-11 14:45:00,147.865,147.948,147.803,147.865,1160,0,0
2025-08-11 15:00:00,147.866,147.943,147.847,147.934,1369,0,0
2025-08-11 15:15:00,147.934,147.945,147.83,147.892,1542,0,0
2025-08-11 15:30:00,147.892,147.95,147.864,147.878,1511,0,0
2025-08-11 15:45:00,147.878,147.888,147.81,147.811,1165,0,0
2025-08-11 16:00:00,147.811,147.891,147.788,147.863,1397,0,0
2025-08-11 16:15:00,147.863,147.927,147.828,147.885,1353,0,0
2025-08-11 16:30:00,147.885,147.943,147.865,147.886,1910,0,0
2025-08-11 16:45:00,147.886,147.934,147.836,147.887,1604,0,0
2025-08-11 17:00:00,147.887,148.044,147.873,147.974,1762,0,0
2025-08-11 17:15:00,147.974,148.014,147.952,148.012,1535,0,0
2025-08-11 17:30:00,148.014,148.038,147.967,147.987,1398,0,0
2025-08-11 17:45:00,147.987,148.072,147.984,148.047,1575,0,0
2025-08-11 18:00:00,148.047,148.091,147.995,148.05,1584,0,0
2025-08-11 18:15:00,148.049,148.113,147.966,147.975,1247,0,0
2025-08-11 18:30:00,147.977,148.01,147.946,147.964,1255,0,0
2025-08-11 18:45:00,147.964,148.025,147.942,148.01,1085,0,0
2025-08-11 19:00:00,148.01,148.014,147.94,147.953,912,0,0
2025-08-11 19:15:00,147.953,147.955,147.912,147.942,627,0,0
2025-08-11 19:30:00,147.942,148.015,147.941,148.01,814,0,0
2025-08-11 19:45:00,148.007,148.033,147.988,147.992,713,0,0
2025-08-11 20:00:00,147.992,148.056,147.976,148.051,691,0,0
2025-08-11 20:15:00,148.052,148.068,148.032,148.041,815,0,0
2025-08-11 20:30:00,148.041,148.061,147.991,147.994,1231,0,0
2025-08-11 20:45:00,147.994,148.021,147.97,147.995,743,0,0
2025-08-11 21:00:00,147.995,148.019,147.981,148.017,686,0,0
2025-08-11 21:15:00,148.017,148.042,148.007,148.008,930,0,0
2025-08-11 21:30:00,148.008,148.1,148.004,148.082,854,0,0
2025-08-11 21:45:00,148.082,148.167,148.079,148.137,830,0,0
2025-08-11 22:00:00,148.137,148.162,148.119,148.146,486,0,0
2025-08-11 22:15:00,148.146,148.193,148.134,148.177,582,0,0
2025-08-11 22:30:00,148.179,148.205,148.171,148.192,524,0,0
2025-08-11 22:45:00,148.192,148.239,148.192,148.228,588,0,0
2025-08-11 23:00:00,148.23,148.253,148.18,148.184,448,0,0
2025-08-11 23:15:00,148.184,148.192,148.111,148.116,385,0,0
2025-08-11 23:30:00,148.116,148.13,148.092,148.098,449,0,0
2025-08-11 23:45:00,148.098,148.147,148.092,148.137,396,10,0
2025-08-12 00:00:00,148.139,148.139,148.074,148.112,32,25,0
2025-08-12 00:15:00,148.112,148.119,148.082,148.09,80,66,0
2025-08-12 00:30:00,148.09,148.108,148.064,148.088,173,66,0
2025-08-12 00:45:00,148.088,148.115,148.072,148.073,171,66,0
2025-08-12 01:00:00,148.073,148.213,148.073,148.191,272,0,0
2025-08-12 01:15:00,148.191,148.193,148.14,148.159,310,0,0
2025-08-12 01:30:00,148.159,148.231,148.156,148.224,315,0,0
2025-08-12 01:45:00,148.224,148.239,148.191,148.196,222,0,0
2025-08-12 02:00:00,148.196,148.223,148.19,148.203,280,0,0
2025-08-12 02:15:00,148.203,148.213,148.163,148.172,238,0,0
2025-08-12 02:30:00,148.172,148.206,148.172,148.188,292,0,0
2025-08-12 02:45:00,148.188,148.189,148.118,148.152,508,0,0
2025-08-12 03:00:00,148.15,148.273,148.131,148.256,1160,0,0
2025-08-12 03:15:00,148.256,148.369,148.239,148.308,1155,0,0
2025-08-12 03:30:00,148.308,148.366,148.282,148.342,873,0,0
2025-08-12 03:45:00,148.342,148.432,148.307,148.407,1036,0,0
2025-08-12 04:00:00,148.407,148.407,148.256,148.308,914,0,0
2025-08-12 04:15:00,148.308,148.388,148.299,148.35,754,0,0
2025-08-12 04:30:00,148.35,148.35,148.21,148.232,966,0,0
2025-08-12 04:45:00,148.234,148.307,148.232,148.306,710,0,0
2025-08-12 05:00:00,148.306,148.334,148.257,148.319,693,0,0
2025-08-12 05:15:00,148.319,148.342,148.283,148.294,604,0,0
2025-08-12 05:30:00,148.294,148.329,148.264,148.316,524,0,0
2025-08-12 05:45:00,148.316,148.344,148.288,148.295,514,0,0
2025-08-12 06:00:00,148.295,148.328,148.269,148.302,532,0,0
2025-08-12 06:15:00,148.302,148.391,148.301,148.376,468,0,0
2025-08-12 06:30:00,148.376,148.428,148.373,148.404,572,0,0
2025-08-12 06:45:00,148.404,148.446,148.376,148.418,616,0,0
2025-08-12 07:00:00,148.419,148.443,148.392,148.427,720,0,0
2025-08-12 07:15:00,148.427,148.446,148.412,148.426,467,0,0
2025-08-12 07:30:00,148.426,148.444,148.389,148.406,863,0,0
2025-08-12 07:45:00,148.407,148.408,148.345,148.353,810,0,0
2025-08-12 08:00:00,148.354,148.402,148.287,148.33,1478,0,0
2025-08-12 08:15:00,148.33,148.345,148.279,148.293,1020,0,0
2025-08-12 08:30:00,148.293,148.299,148.249,148.258,1076,0,0
2025-08-12 08:45:00,148.258,148.361,148.234,148.34,996,0,0
2025-08-12 09:00:00,148.34,148.405,148.295,148.32,1378,0,0
2025-08-12 09:15:00,148.32,148.328,148.239,148.291,1233,0,0
2025-08-12 09:30:00,148.291,148.321,148.149,148.199,1466,0,0
2025-08-12 09:45:00,148.199,148.285,148.195,148.269,1217,0,0
2025-08-12 10:00:00,148.27,148.33,148.269,148.311,1435,0,0
2025-08-12 10:15:00,148.31,148.371,148.27,148.27,1418,0,0
2025-08-12 10:30:00,148.27,148.288,148.229,148.238,1325,0,0
2025-08-12 10:45:00,148.238,148.274,148.205,148.265,1198,0,0
2025-08-12 11:00:00,148.265,148.34,148.262,148.275,1331,0,0
2025-08-12 11:15:00,148.275,148.336,148.274,148.327,1186,0,0
2025-08-12 11:30:00,148.327,148.462,148.327,148.447,1170,0,0
2025-08-12 11:45:00,148.447,148.467,148.411,148.422,892,0,0
2025-08-12 12:00:00,148.423,148.465,148.384,148.425,1167,0,0
2025-08-12 12:15:00,148.425,148.436,148.378,148.404,1055,0,0
2025-08-12 12:30:00,148.406,148.446,148.349,148.438,1082,0,0
2025-08-12 12:45:00,148.438,148.485,148.415,148.471,1073,0,0
2025-08-12 13:00:00,148.474,148.483,148.401,148.407,1056,0,0
2025-08-12 13:15:00,148.407,148.44,148.368,148.437,903,0,0
2025-08-12 13:30:00,148.436,148.468,148.429,148.45,766,0,0
2025-08-12 13:45:00,148.45,148.477,148.426,148.465,715,0,0
2025-08-12 14:00:00,148.466,148.484,148.449,148.479,883,0,0
2025-08-12 14:15:00,148.479,148.491,148.458,148.473,966,0,0
2025-08-12 14:30:00,148.473,148.496,148.445,148.46,788,0,0
2025-08-12 14:45:00,148.459,148.492,148.442,148.442,1210,0,0
2025-08-12 15:00:00,148.441,148.484,148.409,148.482,1490,0,0
2025-08-12 15:15:00,148.482,148.519,148.393,148.393,1394,0,0
2025-08-12 15:30:00,148.384,148.409,147.83,148.085,3874,0,0
2025-08-12 15:45:00,148.086,148.127,147.913,148.031,3029,0,0
2025-08-12 16:00:00,148.035,148.194,147.949,148.157,2894,0,0
2025-08-12 16:15:00,148.157,148.409,148.092,148.397,2470,0,0
2025-08-12 16:30:00,148.396,148.448,147.986,148.006,2674,0,0
2025-08-12 16:45:00,148.034,148.262,147.903,148.205,3363,0,0
2025-08-12 17:00:00,148.203,148.346,148.074,148.335,2660,0,0
2025-08-12 17:15:00,148.334,148.401,148.239,148.314,2333,0,0
2025-08-12 17:30:00,148.314,148.355,148.145,148.163,2249,0,0
2025-08-12 17:45:00,148.165,148.221,148.088,148.163,2188,0,0
2025-08-12 18:00:00,148.162,148.179,148.023,148.103,1829,0,0
2025-08-12 18:15:00,148.103,148.133,147.755,147.807,1795,0,0
2025-08-12 18:30:00,147.808,147.911,147.581,147.586,2261,0,0
2025-08-12 18:45:00,147.587,147.821,147.579,147.806,1767,0,0
2025-08-12 19:00:00,147.806,147.852,147.787,147.826,1712,0,0
2025-08-12 19:15:00,147.826,147.862,147.724,147.74,1315,0,0
2025-08-12 19:30:00,147.74,147.766,147.66,147.744,1331,0,0
2025-08-12 19:45:00,147.744,147.781,147.682,147.716,1378,0,0
2025-08-12 20:00:00,147.714,147.792,147.697,147.697,1329,0,0
2025-08-12 20:15:00,147.697,147.77,147.696,147.726,1234,0,0
2025-08-12 20:30:00,147.726,147.796,147.703,147.705,1004,0,0
2025-08-12 20:45:00,147.705,147.773,147.689,147.766,992,0,0
2025-08-12 21:00:00,147.766,147.8,147.717,147.754,859,0,0
2025-08-12 21:15:00,147.754,147.804,147.725,147.78,847,0,0
2025-08-12 21:30:00,147.78,147.783,147.694,147.739,869,0,0
2025-08-12 21:45:00,147.739,147.755,147.723,147.735,759,0,0
2025-08-12 22:00:00,147.736,147.783,147.713,147.759,680,0,0
2025-08-12 22:15:00,147.759,147.784,147.716,147.718,586,0,0
2025-08-12 22:30:00,147.718,147.741,147.698,147.732,600,0,0
2025-08-12 22:45:00,147.732,147.766,147.723,147.76,646,0,0
2025-08-12 23:00:00,147.759,147.775,147.747,147.757,479,0,0
2025-08-12 23:15:00,147.757,147.81,147.753,147.808,400,0,0
2025-08-12 23:30:00,147.808,147.874,147.806,147.815,344,0,0
2025-08-12 23:45:00,147.815,147.859,147.784,147.852,355,10,0
2025-08-13 00:00:00,147.836,147.836,147.706,147.772,27,16,0
2025-08-13 00:15:00,147.772,147.797,147.748,147.752,29,66,0
2025-08-13 00:30:00,147.752,147.842,147.752,147.824,259,66,0
2025-08-13 00:45:00,147.824,147.844,147.796,147.82,190,66,0
2025-08-13 01:00:00,147.82,147.852,147.778,147.818,235,0,0
2025-08-13 01:15:00,147.818,147.819,147.768,147.794,276,0,0
2025-08-13 01:30:00,147.794,147.822,147.775,147.793,224,0,0
2025-08-13 01:45:00,147.793,147.813,147.768,147.794,205,0,0
2025-08-13 02:00:00,147.794,147.815,147.747,147.8,290,0,0
2025-08-13 02:15:00,147.8,147.819,147.772,147.803,281,0,0
2025-08-13 02:30:00,147.803,147.822,147.735,147.744,291,0,0
2025-08-13 02:45:00,147.744,147.784,147.742,147.775,539,0,0
2025-08-13 03:00:00,147.775,147.893,147.701,147.832,1306,0,0
2025-08-13 03:15:00,147.832,147.857,147.759,147.768,1025,0,0
2025-08-13 03:30:00,147.768,147.78,147.729,147.743,804,0,0
2025-08-13 03:45:00,147.743,147.816,147.732,147.803,1182,0,0
2025-08-13 04:00:00,147.801,147.863,147.73,147.853,876,0,0
2025-08-13 04:15:00,147.853,147.953,147.84,147.946,952,0,0
2025-08-13 04:30:00,147.946,148.002,147.917,147.978,959,0,0
2025-08-13 04:45:00,147.977,148.087,147.957,148.055,903,0,0
2025-08-13 05:00:00,148.055,148.16,148.045,148.136,749,0,0
2025-08-13 05:15:00,148.136,148.168,148.093,148.117,614,0,0
2025-08-13 05:30:00,148.117,148.119,148.03,148.078,803,0,0
2025-08-13 05:45:00,148.07,148.082,148.028,148.046,765,0,0
2025-08-13 06:00:00,148.05,148.107,148.016,148.037,720,0,0
2025-08-13 06:15:00,148.037,148.109,148.025,148.074,566,0,0
2025-08-13 06:30:00,148.074,148.075,147.961,147.974,823,0,0
2025-08-13 06:45:00,147.975,148.033,147.971,148.002,665,0,0
2025-08-13 07:00:00,148.004,148.075,147.981,148.029,861,0,0
2025-08-13 07:15:00,148.03,148.082,147.997,148.069,656,0,0
2025-08-13 07:30:00,148.069,148.101,148.002,148.01,800,0,0
2025-08-13 07:45:00,148.01,148.025,147.931,147.932,789,0,0
2025-08-13 08:00:00,147.932,147.974,147.92,147.96,756,0,0
2025-08-13 08:15:00,147.96,148.008,147.952,147.973,698,0,0
2025-08-13 08:30:00,147.973,148.01,147.964,147.981,778,0,0
2025-08-13 08:45:00,147.981,147.993,147.894,147.931,798,0,0
2025-08-13 09:00:00,147.932,147.949,147.853,147.892,1158,0,0
2025-08-13 09:15:00,147.892,147.9,147.798,147.845,1172,0,0
2025-08-13 09:30:00,147.845,147.855,147.745,147.768,1261,0,0
2025-08-13 09:45:00,147.768,147.797,147.72,147.785,1067,0,0
2025-08-13 10:00:00,147.785,147.794,147.547,147.554,1337,0,0
2025-08-13 10:15:00,147.554,147.596,147.482,147.508,1293,0,0
2025-08-13 10:30:00,147.508,147.519,147.402,147.511,1323,0,0
2025-08-13 10:45:00,147.511,147.536,147.44,147.532,1307,0,0
2025-08-13 11:00:00,147.531,147.537,147.441,147.443,1484,0,0
2025-08-13 11:15:00,147.443,147.446,147.323,147.347,1454,0,0
2025-08-13 11:30:00,147.347,147.376,147.287,147.343,1338,0,0
2025-08-13 11:45:00,147.343,147.344,147.2,147.271,1311,0,0
2025-08-13 12:00:00,147.271,147.271,147.184,147.202,1099,0,0
2025-08-13 12:15:00,147.202,147.24,147.178,147.227,1254,0,0
2025-08-13 12:30:00,147.227,147.272,147.2,147.218,1070,0,0
2025-08-13 12:45:00,147.218,147.238,147.206,147.217,989,0,0
2025-08-13 13:00:00,147.217,147.298,147.191,147.255,1145,0,0
2025-08-13 13:15:00,147.255,147.318,147.228,147.301,1089,0,0
2025-08-13 13:30:00,147.301,147.352,147.28,147.348,1024,0,0
2025-08-13 13:45:00,147.348,147.417,147.337,147.408,913,0,0
2025-08-13 14:00:00,147.409,147.496,147.402,147.491,982,0,0
2025-08-13 14:15:00,147.491,147.544,147.482,147.516,1174,0,0
2025-08-13 14:30:00,147.516,147.567,147.477,147.501,1213,0,0
2025-08-13 14:45:00,147.501,147.504,147.274,147.281,1565,1,0
2025-08-13 15:00:00,147.281,147.305,147.157,147.241,1686,0,0
2025-08-13 15:15:00,147.241,147.289,147.175,147.257,1416,0,0
2025-08-13 15:30:00,147.256,147.425,147.25,147.4,1367,0,0
2025-08-13 15:45:00,147.4,147.493,147.367,147.407,1475,0,0
2025-08-13 16:00:00,147.407,147.434,147.33,147.375,1551,0,0
2025-08-13 16:15:00,147.375,147.424,147.333,147.356,1237,0,0
2025-08-13 16:30:00,147.356,147.386,147.302,147.344,1845,0,0
2025-08-13 16:45:00,147.342,147.392,147.19,147.206,1929,0,0
2025-08-13 17:00:00,147.207,147.241,147.133,147.206,1848,0,0
2025-08-13 17:15:00,147.206,147.251,147.128,147.153,1537,0,0
2025-08-13 17:30:00,147.152,147.197,147.127,147.186,1546,0,0
2025-08-13 17:45:00,147.186,147.233,147.1,147.147,1851,0,0
2025-08-13 18:00:00,147.147,147.203,147.091,147.199,1758,0,0
2025-08-13 18:15:00,147.2,147.263,147.169,147.247,1558,0,0
2025-08-13 18:30:00,147.247,147.255,147.185,147.203,1323,0,0
2025-08-13 18:45:00,147.203,147.314,147.202,147.249,1232,0,0
2025-08-13 19:00:00,147.25,147.287,147.216,147.227,837,0,0
2025-08-13 19:15:00,147.227,147.309,147.215,147.264,939,0,0
2025-08-13 19:30:00,147.263,147.315,147.255,147.292,876,0,0
2025-08-13 19:45:00,147.292,147.35,147.283,147.347,844,0,0
2025-08-13 20:00:00,147.346,147.388,147.34,147.381,873,0,0
2025-08-13 20:15:00,147.381,147.392,147.319,147.338,845,0,0
2025-08-13 20:30:00,147.338,147.376,147.329,147.367,650,0,0
2025-08-13 20:45:00,147.367,147.426,147.351,147.389,799,0,0
2025-08-13 21:00:00,147.39,147.505,147.388,147.486,784,0,0
2025-08-13 21:15:00,147.478,147.513,147.469,147.477,657,0,0
2025-08-13 21:30:00,147.477,147.492,147.438,147.477,708,0,0
2025-08-13 21:45:00,147.478,147.485,147.416,147.434,806,0,0
2025-08-13 22:00:00,147.434,147.476,147.433,147.467,549,0,0
2025-08-13 22:15:00,147.467,147.475,147.386,147.413,581,0,0
2025-08-13 22:30:00,147.413,147.454,147.41,147.443,556,0,0
2025-08-13 22:45:00,147.443,147.458,147.426,147.446,648,0,0
2025-08-13 23:00:00,147.446,147.457,147.429,147.433,365,0,0
2025-08-13 23:15:00,147.433,147.436,147.35,147.35,407,0,0
2025-08-13 23:30:00,147.35,147.393,147.334,147.337,448,0,0
2025-08-13 23:45:00,147.339,147.407,147.314,147.376,575,10,0
2025-08-14 00:00:00,147.365,147.365,147.325,147.346,28,18,0
2025-08-14 00:15:00,147.346,147.346,147.323,147.336,42,66,0
2025-08-14 00:30:00,147.336,147.343,147.316,147.316,110,66,0
2025-08-14 00:45:00,147.316,147.332,147.216,147.245,185,66,0
2025-08-14 01:00:00,147.245,147.318,147.245,147.294,181,0,0
2025-08-14 01:15:00,147.294,147.309,147.277,147.306,420,0,0
2025-08-14 01:30:00,147.306,147.308,147.251,147.275,234,0,0
2025-08-14 01:45:00,147.275,147.28,147.258,147.26,183,0,0
2025-08-14 02:00:00,147.26,147.26,147.198,147.219,263,0,0
2025-08-14 02:15:00,147.219,147.258,147.178,147.182,395,0,0
2025-08-14 02:30:00,147.182,147.19,147.149,147.184,341,0,0
2025-08-14 02:45:00,147.185,147.186,147.109,147.12,398,0,0
2025-08-14 03:00:00,147.12,147.123,146.847,146.889,1177,0,0
2025-08-14 03:15:00,146.889,146.889,146.766,146.808,1105,0,0
2025-08-14 03:30:00,146.808,146.837,146.719,146.729,1181,0,0
2025-08-14 03:45:00,146.729,146.759,146.62,146.693,1310,0,0
2025-08-14 04:00:00,146.693,146.694,146.428,146.463,1569,0,0
2025-08-14 04:15:00,146.463,146.496,146.389,146.472,1362,0,0
2025-08-14 04:30:00,146.472,146.611,146.454,146.545,1283,0,0
2025-08-14 04:45:00,146.545,146.545,146.373,146.497,1291,0,0
2025-08-14 05:00:00,146.498,146.601,146.498,146.511,1046,0,0
2025-08-14 05:15:00,146.515,146.7,146.51,146.699,1044,0,0
2025-08-14 05:30:00,146.699,146.735,146.609,146.61,761,0,0
2025-08-14 05:45:00,146.609,146.707,146.609,146.7,811,0,0
2025-08-14 06:00:00,146.7,146.752,146.66,146.707,658,0,0
2025-08-14 06:15:00,146.707,146.728,146.671,146.686,681,0,0
2025-08-14 06:30:00,146.686,146.692,146.543,146.576,885,0,0
2025-08-14 06:45:00,146.576,146.625,146.545,146.551,703,0,0
2025-08-14 07:00:00,146.551,146.567,146.443,146.444,618,0,0
2025-08-14 07:15:00,146.444,146.45,146.361,146.435,876,0,0
2025-08-14 07:30:00,146.435,146.471,146.376,146.417,652,0,0
2025-08-14 07:45:00,146.417,146.455,146.34,146.385,705,0,0
2025-08-14 08:00:00,146.386,146.481,146.386,146.469,950,0,0
2025-08-14 08:15:00,146.467,146.542,146.449,146.527,1016,0,0
2025-08-14 08:30:00,146.527,146.571,146.436,146.438,882,0,0
2025-08-14 08:45:00,146.439,146.495,146.391,146.47,945,0,0
2025-08-14 09:00:00,146.47,146.514,146.229,146.305,1393,0,0
2025-08-14 09:15:00,146.305,146.377,146.214,146.234,1305,0,0
2025-08-14 09:30:00,146.234,146.417,146.22,146.374,1610,0,0
2025-08-14 09:45:00,146.373,146.526,146.373,146.482,1481,0,0
2025-08-14 10:00:00,146.481,146.488,146.325,146.364,2117,0,0
2025-08-14 10:15:00,146.364,146.477,146.326,146.391,1830,0,0
2025-08-14 10:30:00,146.391,146.467,146.312,146.45,1377,0,0
2025-08-14 10:45:00,146.449,146.586,146.448,146.552,1669,0,0
2025-08-14 11:00:00,146.552,146.631,146.505,146.544,1464,0,0
2025-08-14 11:15:00,146.546,146.555,146.473,146.478,1338,0,0
2025-08-14 11:30:00,146.478,146.537,146.424,146.535,1292,0,0
2025-08-14 11:45:00,146.535,146.633,146.52,146.553,1275,0,0
2025-08-14 12:00:00,146.554,146.615,146.437,146.493,1326,0,0
2025-08-14 12:15:00,146.493,146.545,146.46,146.525,1183,0,0
2025-08-14 12:30:00,146.525,146.555,146.469,146.545,1127,0,0
2025-08-14 12:45:00,146.545,146.652,146.545,146.631,1267,0,0
2025-08-14 13:00:00,146.631,146.668,146.602,146.61,1173,0,0
2025-08-14 13:15:00,146.612,146.616,146.497,146.509,1183,0,0
2025-08-14 13:30:00,146.501,146.579,146.433,146.567,1157,0,0
2025-08-14 13:45:00,146.567,146.592,146.503,146.527,1157,0,0
2025-08-14 14:00:00,146.526,146.561,146.435,146.448,1125,0,0
2025-08-14 14:15:00,146.448,146.568,146.443,146.547,1091,0,0
2025-08-14 14:30:00,146.547,146.632,146.521,146.576,974,0,0
2025-08-14 14:45:00,146.576,146.608,146.497,146.497,1430,0,0
2025-08-14 15:00:00,146.495,146.548,146.477,146.531,1376,0,0
2025-08-14 15:15:00,146.528,146.566,146.426,146.494,1545,0,0
2025-08-14 15:30:00,146.477,147.104,146.456,146.793,3491,0,0
2025-08-14 15:45:00,146.792,147.039,146.716,146.952,2552,0,0
2025-08-14 16:00:00,146.951,147.097,146.948,147.068,2756,0,0
2025-08-14 16:15:00,147.068,147.291,146.992,147.279,2306,0,0
2025-08-14 16:30:00,147.279,147.382,147.224,147.366,2344,0,0
2025-08-14 16:45:00,147.366,147.419,147.316,147.413,1932,0,0
2025-08-14 17:00:00,147.418,147.56,147.396,147.454,2178,0,0
2025-08-14 17:15:00,147.454,147.476,147.397,147.403,2067,0,0
2025-08-14 17:30:00,147.404,147.479,147.364,147.479,1692,0,0
2025-08-14 17:45:00,147.478,147.5,147.392,147.483,1827,0,0
2025-08-14 18:00:00,147.483,147.755,147.475,147.73,1938,0,0
2025-08-14 18:15:00,147.731,147.779,147.678,147.717,1648,0,0
2025-08-14 18:30:00,147.717,147.805,147.703,147.767,1715,0,0
2025-08-14 18:45:00,147.767,147.801,147.685,147.692,1592,0,0
2025-08-14 19:00:00,147.692,147.847,147.687,147.837,1453,0,0
2025-08-14 19:15:00,147.837,147.893,147.833,147.838,1226,0,0
2025-08-14 19:30:00,147.838,147.857,147.772,147.839,1097,0,0
2025-08-14 19:45:00,147.837,147.882,147.823,147.848,901,0,0
2025-08-14 20:00:00,147.848,147.848,147.762,147.777,837,0,0
2025-08-14 20:15:00,147.778,147.823,147.75,147.813,893,0,0
2025-08-14 20:30:00,147.813,147.91,147.812,147.887,865,0,0
2025-08-14 20:45:00,147.887,147.891,147.818,147.871,906,0,0
2025-08-14 21:00:00,147.871,147.962,147.856,147.933,1030,0,0
2025-08-14 21:15:00,147.933,147.935,147.874,147.875,815,0,0
2025-08-14 21:30:00,147.875,147.904,147.865,147.899,653,0,0
2025-08-14 21:45:00,147.899,147.902,147.853,147.876,716,0,0
2025-08-14 22:00:00,147.876,147.879,147.814,147.826,643,0,0
2025-08-14 22:15:00,147.826,147.835,147.814,147.814,623,0,0
2025-08-14 22:30:00,147.814,147.825,147.769,147.787,602,0,0
2025-08-14 22:45:00,147.787,147.835,147.766,147.779,668,0,0
2025-08-14 23:00:00,147.779,147.781,147.731,147.757,531,0,0
2025-08-14 23:15:00,147.757,147.783,147.745,147.763,387,0,0
2025-08-14 23:30:00,147.763,147.786,147.752,147.768,454,0,0
2025-08-14 23:45:00,147.768,147.769,147.723,147.745,623,10,0
2025-08-15 00:00:00,147.746,147.805,147.719,147.759,29,22,0
2025-08-15 00:15:00,147.759,147.806,147.702,147.719,103,66,0
2025-08-15 00:30:00,147.719,147.763,147.719,147.739,177,66,0
2025-08-15 00:45:00,147.739,147.747,147.727,147.744,128,66,0
2025-08-15 01:00:00,147.744,147.775,147.741,147.771,240,0,0
2025-08-15 01:15:00,147.771,147.802,147.771,147.798,190,0,0
2025-08-15 01:30:00,147.798,147.8,147.78,147.797,175,0,0
2025-08-15 01:45:00,147.797,147.812,147.771,147.778,155,0,0
2025-08-15 02:00:00,147.778,147.865,147.773,147.865,265,0,0
2025-08-15 02:15:00,147.865,147.869,147.788,147.799,243,0,0
2025-08-15 02:30:00,147.799,147.824,147.733,147.745,399,0,0
2025-08-15 02:45:00,147.745,147.793,147.661,147.683,707,0,0
2025-08-15 03:00:00,147.685,147.729,147.631,147.651,1142,0,0
2025-08-15 03:15:00,147.651,147.666,147.604,147.665,660,0,0
2025-08-15 03:30:00,147.665,147.67,147.593,147.632,591,0,0
2025-08-15 03:45:00,147.632,147.658,147.467,147.484,1162,0,0
2025-08-15 04:00:00,147.484,147.516,147.434,147.437,862,0,0
2025-08-15 04:15:00,147.437,147.46,147.367,147.407,913,0,0
2025-08-15 04:30:00,147.407,147.493,147.262,147.298,972,0,0
2025-08-15 04:45:00,147.302,147.306,147.203,147.287,818,0,0
2025-08-15 05:00:00,147.286,147.324,147.251,147.309,717,0,0
2025-08-15 05:15:00,147.309,147.395,147.309,147.344,816,0,0
2025-08-15 05:30:00,147.344,147.349,147.265,147.327,662,0,0
2025-08-15 05:45:00,147.327,147.341,147.276,147.285,661,0,0
2025-08-15 06:00:00,147.286,147.297,147.204,147.259,719,0,0
2025-08-15 06:15:00,147.259,147.298,147.255,147.287,557,0,0
2025-08-15 06:30:00,147.287,147.292,147.216,147.237,522,0,0
2025-08-15 06:45:00,147.237,147.237,147.18,147.227,740,0,0
2025-08-15 07:00:00,147.227,147.235,147.156,147.17,692,0,0
2025-08-15 07:15:00,147.17,147.193,147.113,147.138,558,0,0
2025-08-15 07:30:00,147.138,147.174,147.133,147.169,412,0,0
2025-08-15 07:45:00,147.169,147.176,147.124,147.14,416,0,0
2025-08-15 08:00:00,147.141,147.157,147.046,147.093,592,0,0
2025-08-15 08:15:00,147.093,147.138,147.056,147.097,461,0,0
2025-08-15 08:30:00,147.097,147.144,147.092,147.139,688,0,0
2025-08-15 08:45:00,147.139,147.173,147.102,147.152,793,0,0
2025-08-15 09:00:00,147.152,147.177,147.054,147.095,1173,0,0
2025-08-15 09:15:00,147.095,147.224,147.095,147.169,1079,0,0
2025-08-15 09:30:00,147.169,147.169,147.096,147.138,1216,0,0
2025-08-15 09:45:00,147.137,147.159,147.05,147.098,1178,0,0
2025-08-15 10:00:00,147.098,147.16,146.995,147.074,1474,0,0
2025-08-15 10:15:00,147.074,147.18,147.051,147.177,1202,0,0
2025-08-15 10:30:00,147.176,147.224,147.108,147.116,1083,0,0
2025-08-15 10:45:00,147.116,147.149,146.978,147.005,1203,0,0
2025-08-15 11:00:00,147.005,147.012,146.904,146.941,1399,0,0
2025-08-15 11:15:00,146.938,146.969,146.901,146.942,1155,0,0
2025-08-15 11:30:00,146.942,146.986,146.881,146.923,1045,0,0
2025-08-15 11:45:00,146.926,146.937,146.853,146.858,1098,0,0
2025-08-15 12:00:00,146.858,146.889,146.789,146.809,1017,0,0
2025-08-15 12:15:00,146.809,146.827,146.758,146.783,856,0,0
2025-08-15 12:30:00,146.783,146.875,146.772,146.84,924,0,0
2025-08-15 12:45:00,146.84,146.912,146.828,146.893,866,0,0
2025-08-15 13:00:00,146.893,146.902,146.802,146.893,972,0,0
2025-08-15 13:15:00,146.893,146.9,146.86,146.898,797,0,0
2025-08-15 13:30:00,146.898,146.931,146.836,146.93,792,0,0
2025-08-15 13:45:00,146.93,146.969,146.898,146.955,1037,0,0
2025-08-15 14:00:00,146.955,146.988,146.909,146.956,929,0,0
2025-08-15 14:15:00,146.956,146.986,146.923,146.982,764,0,0
2025-08-15 14:30:00,146.984,147.017,146.96,146.998,931,0,0
2025-08-15 14:45:00,146.998,147.055,146.974,146.986,1165,0,0
2025-08-15 15:00:00,146.987,147.007,146.943,146.953,1177,0,0
2025-08-15 15:15:00,146.954,147.089,146.948,147.059,1439,0,0
2025-08-15 15:30:00,147.035,147.276,146.738,146.867,2717,0,0
2025-08-15 15:45:00,146.868,147.024,146.816,146.89,1897,0,0
2025-08-15 16:00:00,146.89,146.958,146.771,146.94,1960,0,0
2025-08-15 16:15:00,146.938,147.085,146.91,147.03,2015,0,0
2025-08-15 16:30:00,147.03,147.097,146.944,146.982,2304,0,0
2025-08-15 16:45:00,146.982,146.991,146.835,146.968,2095,0,0
2025-08-15 17:00:00,146.978,147.049,146.888,146.922,2267,0,0
2025-08-15 17:15:00,146.922,146.975,146.842,146.886,1783,0,0
2025-08-15 17:30:00,146.886,146.945,146.816,146.837,1684,0,0
2025-08-15 17:45:00,146.828,146.871,146.802,146.85,1878,0,0
2025-08-15 18:00:00,146.852,146.998,146.813,146.989,1723,0,0
2025-08-15 18:15:00,146.989,146.991,146.878,146.901,1500,0,0
2025-08-15 18:30:00,146.901,146.978,146.856,146.943,1388,0,0
2025-08-15 18:45:00,146.943,147.043,146.941,147.006,1284,0,0
2025-08-15 19:00:00,147.006,147.087,147.003,147.061,1103,0,0
2025-08-15 19:15:00,147.061,147.118,147.056,147.111,954,0,0
2025-08-15 19:30:00,147.107,147.183,147.107,147.145,810,0,0
2025-08-15 19:45:00,147.145,147.263,147.145,147.202,810,0,0
2025-08-15 20:00:00,147.202,147.24,147.198,147.224,694,0,0
2025-08-15 20:15:00,147.224,147.29,147.21,147.289,765,0,0
2025-08-15 20:30:00,147.289,147.332,147.252,147.255,755,0,0
2025-08-15 20:45:00,147.255,147.292,147.222,147.239,797,0,0
2025-08-15 21:00:00,147.238,147.309,147.215,147.228,865,0,0
2025-08-15 21:15:00,147.227,147.25,147.203,147.236,759,0,0
2025-08-15 21:30:00,147.236,147.257,147.212,147.245,645,0,0
2025-08-15 21:45:00,147.245,147.26,147.203,147.212,756,0,0
2025-08-15 22:00:00,147.212,147.236,147.199,147.225,673,0,0
2025-08-15 22:15:00,147.225,147.248,147.208,147.211,518,0,0
2025-08-15 22:30:00,147.211,147.244,147.193,147.239,505,0,0
2025-08-15 22:45:00,147.239,147.254,147.211,147.239,647,0,0
2025-08-15 23:00:00,147.238,147.24,147.182,147.202,360,0,0
2025-08-15 23:15:00,147.202,147.237,147.192,147.227,468,0,0
2025-08-15 23:30:00,147.229,147.262,147.211,147.213,476,0,0
2025-08-15 23:45:00,147.213,147.214,147.155,147.161,571,10,0
2025-08-18 00:00:00,147.115,147.14,147.077,147.132,87,71,0
2025-08-18 00:15:00,147.132,147.142,147.127,147.134,55,66,0
2025-08-18 00:30:00,147.133,147.143,147.126,147.139,78,66,0
2025-08-18 00:45:00,147.139,147.155,147.136,147.146,91,67,0
2025-08-18 01:00:00,147.146,147.205,147.107,147.127,352,0,0
2025-08-18 01:15:00,147.127,147.153,147.083,147.135,354,0,0
2025-08-18 01:30:00,147.134,147.179,147.134,147.17,282,0,0
2025-08-18 01:45:00,147.17,147.205,147.166,147.176,264,0,0
2025-08-18 02:00:00,147.172,147.293,147.17,147.289,490,0,0
2025-08-18 02:15:00,147.289,147.358,147.277,147.305,526,0,0
2025-08-18 02:30:00,147.305,147.336,147.285,147.336,400,0,0
2025-08-18 02:45:00,147.336,147.388,147.231,147.231,593,0,0
2025-08-18 03:00:00,147.231,147.458,147.226,147.413,1339,0,0
2025-08-18 03:15:00,147.413,147.434,147.303,147.317,1014,0,0
2025-08-18 03:30:00,147.311,147.426,147.291,147.408,722,0,0
2025-08-18 03:45:00,147.408,147.459,147.364,147.428,1194,0,0
2025-08-18 04:00:00,147.429,147.537,147.428,147.47,990,0,0
2025-08-18 04:15:00,147.472,147.584,147.444,147.542,813,0,0
2025-08-18 04:30:00,147.543,147.558,147.423,147.476,764,0,0
2025-08-18 04:45:00,147.476,147.483,147.333,147.336,807,0,0
2025-08-18 05:00:00,147.335,147.407,147.301,147.396,608,0,0
2025-08-18 05:15:00,147.396,147.508,147.395,147.487,633,0,0
2025-08-18 05:30:00,147.487,147.527,147.438,147.519,601,0,0
2025-08-18 05:45:00,147.519,147.527,147.466,147.467,598,0,0
2025-08-18 06:00:00,147.467,147.483,147.409,147.48,580,0,0
2025-08-18 06:15:00,147.48,147.48,147.399,147.401,615,0,0
2025-08-18 06:30:00,147.401,147.423,147.359,147.368,557,0,0
2025-08-18 06:45:00,147.368,147.397,147.336,147.387,586,0,0
2025-08-18 07:00:00,147.387,147.506,147.354,147.48,715,0,0
2025-08-18 07:15:00,147.48,147.486,147.405,147.406,828,0,0
2025-08-18 07:30:00,147.406,147.439,147.359,147.439,686,0,0
2025-08-18 07:45:00,147.437,147.45,147.365,147.38,775,0,0
2025-08-18 08:00:00,147.379,147.395,147.337,147.395,630,0,0
2025-08-18 08:15:00,147.394,147.409,147.374,147.391,641,0,0
2025-08-18 08:30:00,147.391,147.449,147.39,147.436,806,0,0
2025-08-18 08:45:00,147.436,147.459,147.349,147.386,709,0,0
2025-08-18 09:00:00,147.385,147.441,147.32,147.429,1054,0,0
2025-08-18 09:15:00,147.431,147.468,147.37,147.452,1140,0,0
2025-08-18 09:30:00,147.455,147.5,147.405,147.471,1292,0,0
2025-08-18 09:45:00,147.471,147.478,147.361,147.379,1389,0,0
2025-08-18 10:00:00,147.377,147.421,147.118,147.15,1681,0,0
2025-08-18 10:15:00,147.144,147.277,147.141,147.23,1402,0,0
2025-08-18 10:30:00,147.23,147.255,147.162,147.228,1358,0,0
2025-08-18 10:45:00,147.228,147.468,147.224,147.454,1427,0,0
2025-08-18 11:00:00,147.453,147.52,147.42,147.442,1560,0,0
2025-08-18 11:15:00,147.44,147.494,147.348,147.361,1363,0,0
2025-08-18 11:30:00,147.363,147.377,147.264,147.322,1264,0,0
2025-08-18 11:45:00,147.321,147.373,147.253,147.343,1380,0,0
2025-08-18 12:00:00,147.343,147.391,147.278,147.365,1192,0,0
2025-08-18 12:15:00,147.361,147.433,147.344,147.391,1193,0,0
2025-08-18 12:30:00,147.391,147.449,147.381,147.432,1146,0,0
2025-08-18 12:45:00,147.432,147.475,147.402,147.414,1114,0,0
2025-08-18 13:00:00,147.417,147.455,147.382,147.42,1057,0,0
2025-08-18 13:15:00,147.42,147.463,147.366,147.436,918,0,0
2025-08-18 13:30:00,147.436,147.469,147.42,147.421,897,0,0
2025-08-18 13:45:00,147.421,147.439,147.392,147.426,819,0,0
2025-08-18 14:00:00,147.426,147.458,147.371,147.403,1051,0,0
2025-08-18 14:15:00,147.402,147.451,147.387,147.431,917,0,0
2025-08-18 14:30:00,147.431,147.513,147.428,147.48,1060,0,0
2025-08-18 14:45:00,147.477,147.572,147.462,147.552,1320,0,0
2025-08-18 15:00:00,147.551,147.604,147.518,147.589,1336,0,0
2025-08-18 15:15:00,147.589,147.679,147.573,147.677,1265,0,0
2025-08-18 15:30:00,147.677,147.777,147.674,147.775,1423,0,0
2025-08-18 15:45:00,147.775,147.794,147.725,147.725,1182,0,0
2025-08-18 16:00:00,147.725,147.846,147.715,147.843,1435,0,0
2025-08-18 16:15:00,147.842,147.897,147.822,147.84,1181,0,0
2025-08-18 16:30:00,147.84,147.889,147.794,147.827,1509,0,0
2025-08-18 16:45:00,147.826,147.921,147.817,147.82,1519,0,0
2025-08-18 17:00:00,147.82,147.865,147.712,147.783,1662,0,0
2025-08-18 17:15:00,147.782,147.806,147.69,147.732,1476,0,0
2025-08-18 17:30:00,147.736,147.904,147.715,147.881,1333,0,0
2025-08-18 17:45:00,147.882,147.982,147.873,147.942,1626,0,0
2025-08-18 18:00:00,147.942,147.986,147.935,147.935,1381,0,0
2025-08-18 18:15:00,147.933,147.972,147.874,147.88,1307,0,0
2025-08-18 18:30:00,147.88,147.922,147.776,147.785,1190,0,0
2025-08-18 18:45:00,147.785,147.794,147.736,147.758,1255,0,0
2025-08-18 19:00:00,147.76,147.809,147.734,147.736,1019,0,0
2025-08-18 19:15:00,147.736,147.77,147.729,147.739,822,0,0
2025-08-18 19:30:00,147.739,147.753,147.679,147.749,712,0,0
2025-08-18 19:45:00,147.749,147.799,147.728,147.789,876,0,0
2025-08-18 20:00:00,147.79,147.793,147.657,147.672,820,0,0
2025-08-18 20:15:00,147.672,147.778,147.672,147.758,847,0,0
2025-08-18 20:30:00,147.758,147.806,147.749,147.792,671,0,0
2025-08-18 20:45:00,147.792,147.826,147.755,147.802,676,0,0
2025-08-18 21:00:00,147.804,147.812,147.742,147.788,640,0,0
2025-08-18 21:15:00,147.788,147.839,147.778,147.792,766,0,0
2025-08-18 21:30:00,147.792,147.854,147.783,147.845,606,0,0
2025-08-18 21:45:00,147.845,147.868,147.818,147.859,682,0,0
2025-08-18 22:00:00,147.859,147.887,147.848,147.869,576,0,0
2025-08-18 22:15:00,147.869,147.877,147.846,147.846,533,0,0
2025-08-18 22:30:00,147.846,147.874,147.828,147.858,454,0,0
2025-08-18 22:45:00,147.858,147.887,147.825,147.825,506,0,0
2025-08-18 23:00:00,147.824,147.881,147.809,147.874,445,0,0
2025-08-18 23:15:00,147.877,147.925,147.855,147.859,381,0,0
2025-08-18 23:30:00,147.862,147.881,147.819,147.821,344,0,0
2025-08-18 23:45:00,147.82,147.877,147.817,147.846,433,10,0
2025-08-19 00:00:00,147.868,147.868,147.656,147.763,55,37,0
2025-08-19 00:15:00,147.764,147.774,147.739,147.742,103,120,0
2025-08-19 00:30:00,147.742,147.818,147.733,147.79,281,66,0
2025-08-19 00:45:00,147.79,147.812,147.79,147.796,214,66,0
2025-08-19 01:00:00,147.799,147.87,147.765,147.855,366,0,0
2025-08-19 01:15:00,147.855,147.885,147.832,147.874,331,0,0
2025-08-19 01:30:00,147.876,147.889,147.855,147.87,243,0,0
2025-08-19 01:45:00,147.87,147.886,147.84,147.88,214,0,0
2025-08-19 02:00:00,147.879,147.964,147.879,147.96,326,0,0
2025-08-19 02:15:00,147.96,147.982,147.946,147.948,396,0,0
2025-08-19 02:30:00,147.948,147.973,147.935,147.944,505,0,0
2025-08-19 02:45:00,147.944,147.946,147.912,147.923,396,0,0
2025-08-19 03:00:00,147.923,147.982,147.811,147.827,924,0,0
2025-08-19 03:15:00,147.827,147.861,147.793,147.823,846,0,0
2025-08-19 03:30:00,147.821,147.855,147.805,147.849,891,0,0
2025-08-19 03:45:00,147.85,147.888,147.774,147.777,1121,0,0
2025-08-19 04:00:00,147.777,147.777,147.699,147.729,1124,0,0
2025-08-19 04:15:00,147.729,147.93,147.715,147.925,1091,0,0
2025-08-19 04:30:00,147.926,148.111,147.742,147.75,1697,0,0
2025-08-19 04:45:00,147.751,147.795,147.622,147.751,1293,0,0
2025-08-19 05:00:00,147.751,147.782,147.666,147.671,1037,0,0
2025-08-19 05:15:00,147.672,147.769,147.672,147.762,798,0,0
2025-08-19 05:30:00,147.762,147.805,147.735,147.786,729,0,0
2025-08-19 05:45:00,147.786,147.829,147.755,147.809,757,0,0
2025-08-19 06:00:00,147.808,147.839,147.732,147.732,634,0,0
2025-08-19 06:15:00,147.732,147.786,147.724,147.786,664,0,0
2025-08-19 06:30:00,147.786,147.832,147.741,147.818,782,0,0
2025-08-19 06:45:00,147.818,147.878,147.779,147.831,981,0,0
2025-08-19 07:00:00,147.831,147.875,147.79,147.82,840,0,0
2025-08-19 07:15:00,147.82,147.843,147.752,147.798,767,0,0
2025-08-19 07:30:00,147.793,147.851,147.757,147.806,722,0,0
2025-08-19 07:45:00,147.806,147.842,147.742,147.761,686,0,0
2025-08-19 08:00:00,147.76,147.766,147.696,147.744,683,0,0
2025-08-19 08:15:00,147.744,147.776,147.711,147.718,663,0,0
2025-08-19 08:30:00,147.718,147.739,147.636,147.639,742,0,0
2025-08-19 08:45:00,147.642,147.728,147.613,147.648,1010,0,0
2025-08-19 09:00:00,147.642,147.709,147.594,147.652,1216,0,0
2025-08-19 09:15:00,147.652,147.67,147.591,147.619,948,0,0
2025-08-19 09:30:00,147.618,147.659,147.592,147.633,1017,0,0
2025-08-19 09:45:00,147.633,147.644,147.572,147.6,1096,0,0
2025-08-19 10:00:00,147.6,147.646,147.532,147.645,1470,1,0
2025-08-19 10:15:00,147.643,147.671,147.611,147.624,1188,0,0
2025-08-19 10:30:00,147.624,147.677,147.614,147.673,1047,0,0
2025-08-19 10:45:00,147.673,147.71,147.636,147.705,1316,0,0
2025-08-19 11:00:00,147.706,147.751,147.703,147.718,1347,0,0
2025-08-19 11:15:00,147.718,147.724,147.631,147.643,1062,0,0
2025-08-19 11:30:00,147.638,147.729,147.637,147.674,1056,0,0
2025-08-19 11:45:00,147.674,147.695,147.621,147.665,1114,0,0
2025-08-19 12:00:00,147.665,147.712,147.622,147.691,1159,0,0
2025-08-19 12:15:00,147.691,147.814,147.691,147.789,981,0,0
2025-08-19 12:30:00,147.789,147.795,147.73,147.741,1018,0,0
2025-08-19 12:45:00,147.741,147.777,147.73,147.764,1036,0,0
2025-08-19 13:00:00,147.765,147.771,147.65,147.662,991,0,0
2025-08-19 13:15:00,147.662,147.667,147.6,147.624,1047,0,0
2025-08-19 13:30:00,147.624,147.719,147.611,147.704,897,0,0
2025-08-19 13:45:00,147.705,147.723,147.668,147.713,834,0,0
2025-08-19 14:00:00,147.713,147.749,147.654,147.671,978,0,0
2025-08-19 14:15:00,147.668,147.78,147.649,147.776,950,0,0
2025-08-19 14:30:00,147.776,147.807,147.756,147.78,1018,0,0
2025-08-19 14:45:00,147.777,147.821,147.685,147.712,1185,0,0
2025-08-19 15:00:00,147.711,147.811,147.705,147.737,1296,0,0
2025-08-19 15:15:00,147.737,147.784,147.697,147.748,1281,0,0
2025-08-19 15:30:00,147.748,147.853,147.727,147.743,1650,0,0
2025-08-19 15:45:00,147.743,147.795,147.731,147.783,1437,0,0
2025-08-19 16:00:00,147.785,147.902,147.753,147.876,1574,0,0
2025-08-19 16:15:00,147.875,147.894,147.839,147.861,1266,0,0
2025-08-19 16:30:00,147.877,147.89,147.713,147.732,1797,0,0
2025-08-19 16:45:00,147.733,147.733,147.635,147.654,1776,0,0
2025-08-19 17:00:00,147.655,147.655,147.553,147.651,1539,0,0
2025-08-19 17:15:00,147.651,147.688,147.6,147.682,1393,0,0
2025-08-19 17:30:00,147.683,147.803,147.679,147.747,1449,0,0
2025-08-19 17:45:00,147.747,147.805,147.72,147.732,1567,0,0
2025-08-19 18:00:00,147.729,147.788,147.628,147.652,1771,0,0
2025-08-19 18:15:00,147.652,147.746,147.651,147.744,1249,0,0
2025-08-19 18:30:00,147.744,147.782,147.728,147.762,1241,0,0
2025-08-19 18:45:00,147.763,147.792,147.709,147.724,1198,0,0
2025-08-19 19:00:00,147.723,147.723,147.603,147.628,1068,0,0
2025-08-19 19:15:00,147.628,147.635,147.554,147.633,877,0,0
2025-08-19 19:30:00,147.633,147.661,147.588,147.622,1013,0,0
2025-08-19 19:45:00,147.622,147.639,147.593,147.627,964,0,0
2025-08-19 20:00:00,147.627,147.647,147.442,147.484,1014,0,0
2025-08-19 20:15:00,147.484,147.574,147.478,147.567,839,0,0
2025-08-19 20:30:00,147.567,147.571,147.497,147.516,841,0,0
2025-08-19 20:45:00,147.516,147.554,147.475,147.476,823,0,0
2025-08-19 21:00:00,147.476,147.517,147.452,147.501,826,0,0
2025-08-19 21:15:00,147.501,147.533,147.475,147.505,710,0,0
2025-08-19 21:30:00,147.505,147.58,147.504,147.544,797,0,0
2025-08-19 21:45:00,147.544,147.558,147.468,147.512,1040,0,0
2025-08-19 22:00:00,147.512,147.538,147.469,147.474,862,0,0
2025-08-19 22:15:00,147.474,147.489,147.46,147.481,600,0,0
2025-08-19 22:30:00,147.483,147.523,147.483,147.517,469,0,0
2025-08-19 22:45:00,147.517,147.587,147.517,147.584,738,0,0
2025-08-19 23:00:00,147.585,147.641,147.585,147.64,456,0,0
2025-08-19 23:15:00,147.64,147.663,147.615,147.655,392,0,0
2025-08-19 23:30:00,147.655,147.664,147.613,147.624,336,0,0
2025-08-19 23:45:00,147.623,147.689,147.616,147.665,560,10,0
2025-08-20 00:00:00,147.647,147.647,147.532,147.6,26,50,0
2025-08-20 00:15:00,147.6,147.6,147.558,147.576,205,98,0
2025-08-20 00:30:00,147.574,147.63,147.568,147.588,403,72,0
2025-08-20 00:45:00,147.588,147.593,147.525,147.525,288,71,0
2025-08-20 01:00:00,147.529,147.634,147.529,147.604,269,0,0
2025-08-20 01:15:00,147.598,147.619,147.597,147.614,187,0,0
2025-08-20 01:30:00,147.614,147.65,147.602,147.609,322,0,0
2025-08-20 01:45:00,147.609,147.62,147.6,147.607,247,0,0
2025-08-20 02:00:00,147.603,147.677,147.603,147.667,378,0,0
2025-08-20 02:15:00,147.667,147.732,147.667,147.723,365,0,0
2025-08-20 02:30:00,147.722,147.756,147.705,147.729,350,0,0
2025-08-20 02:45:00,147.729,147.755,147.703,147.74,465,0,0
2025-08-20 03:00:00,147.742,147.807,147.659,147.797,1120,0,0
2025-08-20 03:15:00,147.797,147.809,147.726,147.794,822,0,0
2025-08-20 03:30:00,147.794,147.818,147.766,147.797,650,0,0
2025-08-20 03:45:00,147.799,147.803,147.504,147.572,1340,0,0
2025-08-20 04:00:00,147.572,147.646,147.513,147.573,1160,0,0
2025-08-20 04:15:00,147.573,147.665,147.533,147.575,1152,0,0
2025-08-20 04:30:00,147.572,147.602,147.433,147.465,1237,0,0
2025-08-20 04:45:00,147.466,147.537,147.425,147.5,850,0,0
2025-08-20 05:00:00,147.499,147.624,147.474,147.566,1267,0,0
2025-08-20 05:15:00,147.566,147.612,147.492,147.611,854,0,0
2025-08-20 05:30:00,147.611,147.615,147.551,147.575,851,0,0
2025-08-20 05:45:00,147.57,147.61,147.564,147.582,846,0,0
2025-08-20 06:00:00,147.581,147.592,147.483,147.537,846,0,0
2025-08-20 06:15:00,147.537,147.563,147.498,147.554,630,0,0
2025-08-20 06:30:00,147.554,147.555,147.49,147.518,830,0,0
2025-08-20 06:45:00,147.518,147.532,147.453,147.532,604,0,0
2025-08-20 07:00:00,147.533,147.546,147.457,147.496,648,0,0
2025-08-20 07:15:00,147.494,147.544,147.478,147.538,592,0,0
2025-08-20 07:30:00,147.538,147.575,147.511,147.558,493,0,0
2025-08-20 07:45:00,147.558,147.609,147.552,147.582,556,0,0
2025-08-20 08:00:00,147.582,147.582,147.503,147.522,535,0,0
2025-08-20 08:15:00,147.522,147.532,147.492,147.514,482,0,0
2025-08-20 08:30:00,147.514,147.516,147.442,147.459,694,0,0
2025-08-20 08:45:00,147.459,147.497,147.404,147.464,812,0,0
2025-08-20 09:00:00,147.466,147.477,147.283,147.285,1307,1,0
2025-08-20 09:15:00,147.285,147.285,147.14,147.237,1368,0,0
2025-08-20 09:30:00,147.237,147.332,147.218,147.263,1302,0,0
2025-08-20 09:45:00,147.263,147.38,147.263,147.38,1178,0,0
2025-08-20 10:00:00,147.381,147.454,147.33,147.361,1546,0,0
2025-08-20 10:15:00,147.363,147.449,147.346,147.445,1335,0,0
2025-08-20 10:30:00,147.445,147.597,147.445,147.584,1428,0,0
2025-08-20 10:45:00,147.585,147.696,147.582,147.628,1379,0,0
2025-08-20 11:00:00,147.628,147.648,147.529,147.582,1368,0,0
2025-08-20 11:15:00,147.582,147.608,147.54,147.587,995,0,0
2025-08-20 11:30:00,147.582,147.618,147.525,147.565,1162,0,0
2025-08-20 11:45:00,147.565,147.622,147.528,147.588,943,0,0
2025-08-20 12:00:00,147.588,147.593,147.469,147.485,928,0,0
2025-08-20 12:15:00,147.485,147.521,147.472,147.5,709,0,0
2025-08-20 12:30:00,147.501,147.506,147.424,147.46,820,0,0
2025-08-20 12:45:00,147.46,147.487,147.447,147.48,634,0,0
2025-08-20 13:00:00,147.48,147.491,147.414,147.417,780,0,0
2025-08-20 13:15:00,147.417,147.452,147.396,147.419,819,0,0
2025-08-20 13:30:00,147.417,147.444,147.368,147.416,772,0,0
2025-08-20 13:45:00,147.416,147.494,147.405,147.45,709,0,0
2025-08-20 14:00:00,147.449,147.481,147.416,147.46,803,0,0
2025-08-20 14:15:00,147.46,147.505,147.434,147.504,647,0,0
2025-08-20 14:30:00,147.504,147.539,147.478,147.533,784,0,0
2025-08-20 14:45:00,147.533,147.547,147.486,147.541,924,0,0
2025-08-20 15:00:00,147.538,147.539,147.406,147.427,1177,0,0
2025-08-20 15:15:00,147.427,147.473,147.382,147.457,1194,0,0
2025-08-20 15:30:00,147.458,147.466,147.259,147.333,1818,0,0
2025-08-20 15:45:00,147.333,147.37,147.239,147.276,1363,0,0
2025-08-20 16:00:00,147.276,147.416,147.254,147.37,1326,0,0
2025-08-20 16:15:00,147.369,147.439,147.341,147.414,1327,0,0
2025-08-20 16:30:00,147.412,147.424,147.282,147.298,1743,0,0
2025-08-20 16:45:00,147.298,147.342,147.084,147.158,2354,0,0
2025-08-20 17:00:00,147.158,147.235,147.122,147.192,2338,0,0
2025-08-20 17:15:00,147.192,147.256,147.143,147.166,2024,0,0
2025-08-20 17:30:00,147.168,147.187,147.102,147.121,1965,0,0
2025-08-20 17:45:00,147.121,147.146,146.871,146.997,2265,0,0
2025-08-20 18:00:00,146.998,147.036,146.949,147.031,1676,0,0
2025-08-20 18:15:00,147.03,147.175,147.014,147.147,1592,0,0
2025-08-20 18:30:00,147.145,147.181,147.124,147.151,1256,0,0
2025-08-20 18:45:00,147.152,147.21,147.145,147.195,1221,0,0
2025-08-20 19:00:00,147.193,147.233,147.169,147.213,915,0,0
2025-08-20 19:15:00,147.213,147.214,147.153,147.186,1007,0,0
2025-08-20 19:30:00,147.186,147.188,147.151,147.165,794,0,0
2025-08-20 19:45:00,147.165,147.188,147.096,147.119,832,0,0
2025-08-20 20:00:00,147.116,147.143,147.079,147.109,784,0,0
2025-08-20 20:15:00,147.109,147.118,147.055,147.062,724,0,0
2025-08-20 20:30:00,147.059,147.129,147.056,147.121,667,0,0
2025-08-20 20:45:00,147.12,147.12,147.011,147.026,777,0,0
2025-08-20 21:00:00,147.015,147.194,147.012,147.189,1220,0,0
2025-08-20 21:15:00,147.188,147.235,147.185,147.204,936,0,0
2025-08-20 21:30:00,147.204,147.279,147.196,147.266,733,0,0
2025-08-20 21:45:00,147.266,147.287,147.242,147.271,910,0,0
2025-08-20 22:00:00,147.272,147.306,147.24,147.245,770,0,0
2025-08-20 22:15:00,147.245,147.288,147.245,147.262,523,0,0
2025-08-20 22:30:00,147.261,147.276,147.241,147.272,426,0,0
2025-08-20 22:45:00,147.272,147.356,147.26,147.341,832,0,0
2025-08-20 23:00:00,147.345,147.49,147.345,147.443,467,0,0
2025-08-20 23:15:00,147.443,147.446,147.412,147.423,354,0,0
2025-08-20 23:30:00,147.423,147.436,147.372,147.375,378,0,0
2025-08-20 23:45:00,147.374,147.391,147.289,147.301,393,10,0
2025-08-21 00:00:00,147.313,147.313,147.273,147.297,26,33,0
2025-08-21 00:15:00,147.297,147.297,147.268,147.282,19,71,0
2025-08-21 00:30:00,147.282,147.291,147.26,147.272,72,66,0
2025-08-21 00:45:00,147.272,147.297,147.261,147.265,138,66,0
2025-08-21 01:00:00,147.275,147.294,147.25,147.276,303,0,0
2025-08-21 01:15:00,147.276,147.372,147.269,147.328,354,0,0
2025-08-21 01:30:00,147.332,147.342,147.308,147.32,155,0,0
2025-08-21 01:45:00,147.32,147.365,147.316,147.347,230,0,0
2025-08-21 02:00:00,147.346,147.413,147.346,147.371,474,0,0
2025-08-21 02:15:00,147.371,147.385,147.318,147.35,512,0,0
2025-08-21 02:30:00,147.356,147.407,147.345,147.396,508,0,0
2025-08-21 02:45:00,147.396,147.416,147.299,147.305,589,0,0
2025-08-21 03:00:00,147.305,147.456,147.255,147.367,1385,0,0
2025-08-21 03:15:00,147.367,147.431,147.317,147.397,1000,0,0
2025-08-21 03:30:00,147.397,147.461,147.387,147.405,1004,0,0
2025-08-21 03:45:00,147.405,147.462,147.353,147.389,1403,0,0
2025-08-21 04:00:00,147.385,147.422,147.314,147.414,1146,0,0
2025-08-21 04:15:00,147.414,147.502,147.388,147.451,1115,0,0
2025-08-21 04:30:00,147.451,147.511,147.345,147.384,970,0,0
2025-08-21 04:45:00,147.384,147.438,147.356,147.429,912,0,0
2025-08-21 05:00:00,147.426,147.457,147.268,147.285,883,0,0
2025-08-21 05:15:00,147.285,147.34,147.256,147.319,781,0,0
2025-08-21 05:30:00,147.32,147.419,147.313,147.392,743,0,0
2025-08-21 05:45:00,147.392,147.392,147.33,147.344,605,0,0
2025-08-21 06:00:00,147.344,147.4,147.344,147.39,497,0,0
2025-08-21 06:15:00,147.39,147.437,147.288,147.426,656,0,0
2025-08-21 06:30:00,147.426,147.449,147.402,147.418,570,0,0
2025-08-21 06:45:00,147.418,147.434,147.391,147.42,502,0,0
2025-08-21 07:00:00,147.42,147.43,147.374,147.377,514,0,0
2025-08-21 07:15:00,147.377,147.394,147.345,147.374,600,0,0
2025-08-21 07:30:00,147.374,147.393,147.356,147.364,444,0,0
2025-08-21 07:45:00,147.364,147.398,147.348,147.385,348,0,0
2025-08-21 08:00:00,147.385,147.447,147.372,147.438,498,0,0
2025-08-21 08:15:00,147.438,147.441,147.374,147.407,610,0,0
2025-08-21 08:30:00,147.407,147.497,147.4,147.485,682,0,0
2025-08-21 08:45:00,147.485,147.5,147.398,147.428,843,0,0
2025-08-21 09:00:00,147.428,147.447,147.342,147.387,906,0,0
2025-08-21 09:15:00,147.388,147.531,147.387,147.514,1255,0,0
2025-08-21 09:30:00,147.515,147.574,147.442,147.571,1357,0,0
2025-08-21 09:45:00,147.57,147.58,147.51,147.565,1216,0,0
2025-08-21 10:00:00,147.565,147.64,147.54,147.543,1456,0,0
2025-08-21 10:15:00,147.545,147.63,147.523,147.558,1339,0,0
2025-08-21 10:30:00,147.554,147.574,147.511,147.549,1372,0,0
2025-08-21 10:45:00,147.549,147.599,147.536,147.597,1055,0,0
2025-08-21 11:00:00,147.598,147.626,147.567,147.574,1099,0,0
2025-08-21 11:15:00,147.573,147.623,147.555,147.596,954,0,0
2025-08-21 11:30:00,147.597,147.624,147.557,147.587,1256,0,0
2025-08-21 11:45:00,147.587,147.607,147.574,147.59,1004,0,0
2025-08-21 12:00:00,147.587,147.602,147.481,147.488,951,0,0
2025-08-21 12:15:00,147.488,147.594,147.481,147.585,910,0,0
2025-08-21 12:30:00,147.586,147.692,147.586,147.692,1184,0,0
2025-08-21 12:45:00,147.692,147.696,147.639,147.669,998,0,0
2025-08-21 13:00:00,147.67,147.765,147.658,147.752,942,0,0
2025-08-21 13:15:00,147.752,147.795,147.75,147.774,925,0,0
2025-08-21 13:30:00,147.774,147.892,147.774,147.875,1011,0,0
2025-08-21 13:45:00,147.876,147.89,147.819,147.848,950,0,0
2025-08-21 14:00:00,147.844,147.895,147.819,147.875,1227,0,0
2025-08-21 14:15:00,147.875,147.876,147.822,147.864,1032,0,0
2025-08-21 14:30:00,147.866,147.917,147.844,147.885,1019,0,0
2025-08-21 14:45:00,147.885,147.936,147.883,147.925,1200,0,0
2025-08-21 15:00:00,147.923,147.931,147.82,147.831,1167,0,0
2025-08-21 15:15:00,147.831,147.858,147.795,147.835,1227,0,0
2025-08-21 15:30:00,147.813,147.813,147.581,147.761,2154,0,0
2025-08-21 15:45:00,147.761,147.806,147.704,147.755,1649,0,0
2025-08-21 16:00:00,147.756,147.841,147.709,147.791,1730,0,0
2025-08-21 16:15:00,147.79,147.806,147.665,147.67,1437,0,0
2025-08-21 16:30:00,147.667,147.668,147.585,147.654,2038,0,0
2025-08-21 16:45:00,147.734,147.94,147.704,147.798,2579,0,0
2025-08-21 17:00:00,147.804,147.991,147.776,147.943,2123,0,0
2025-08-21 17:15:00,147.953,148.123,147.952,148.119,1874,0,0
2025-08-21 17:30:00,148.121,148.126,148.043,148.123,1797,0,0
2025-08-21 17:45:00,148.122,148.169,148.105,148.158,1896,0,0
2025-08-21 18:00:00,148.159,148.403,148.142,148.276,2041,0,0
2025-08-21 18:15:00,148.277,148.333,148.082,148.171,1893,0,0
2025-08-21 18:30:00,148.157,148.315,148.152,148.3,1943,0,0
2025-08-21 18:45:00,148.3,148.366,148.285,148.357,1608,0,0
2025-08-21 19:00:00,148.358,148.396,148.353,148.37,1117,0,0
2025-08-21 19:15:00,148.372,148.392,148.299,148.311,1054,0,0
2025-08-21 19:30:00,148.311,148.349,148.286,148.324,740,0,0
2025-08-21 19:45:00,148.324,148.347,148.276,148.286,750,0,0
2025-08-21 20:00:00,148.285,148.289,148.169,148.213,975,0,0
2025-08-21 20:15:00,148.213,148.239,148.2,148.235,842,0,0
2025-08-21 20:30:00,148.234,148.309,148.234,148.283,651,0,0
2025-08-21 20:45:00,148.283,148.295,148.23,148.274,622,0,0
2025-08-21 21:00:00,148.273,148.302,148.241,148.283,568,0,0
2025-08-21 21:15:00,148.283,148.297,148.229,148.281,622,0,0
2025-08-21 21:30:00,148.281,148.316,148.235,148.307,584,0,0
2025-08-21 21:45:00,148.307,148.35,148.29,148.349,644,0,0
2025-08-21 22:00:00,148.349,148.381,148.344,148.377,603,0,0
2025-08-21 22:15:00,148.377,148.405,148.354,148.401,538,0,0
2025-08-21 22:30:00,148.401,148.407,148.383,148.393,407,0,0
2025-08-21 22:45:00,148.393,148.407,148.363,148.379,471,0,0
2025-08-21 23:00:00,148.379,148.383,148.362,148.371,394,0,0
2025-08-21 23:15:00,148.372,148.373,148.35,148.353,295,0,0
2025-08-21 23:30:00,148.353,148.358,148.316,148.319,394,0,0
2025-08-21 23:45:00,148.317,148.383,148.316,148.378,428,10,0
2025-08-22 00:00:00,148.37,148.37,148.233,148.291,31,14,0
2025-08-22 00:15:00,148.291,148.322,148.252,148.3,71,66,0
2025-08-22 00:30:00,148.299,148.348,148.297,148.347,127,66,0
2025-08-22 00:45:00,148.347,148.364,148.339,148.339,206,66,0
2025-08-22 01:00:00,148.339,148.384,148.322,148.355,229,0,0
2025-08-22 01:15:00,148.36,148.361,148.319,148.332,241,0,0
2025-08-22 01:30:00,148.332,148.358,148.324,148.354,197,0,0
2025-08-22 01:45:00,148.354,148.369,148.333,148.337,290,0,0
2025-08-22 02:00:00,148.337,148.408,148.322,148.375,396,0,0
2025-08-22 02:15:00,148.375,148.453,148.366,148.414,534,0,0
2025-08-22 02:30:00,148.41,148.413,148.295,148.338,539,0,0
2025-08-22 02:45:00,148.338,148.399,148.304,148.388,579,0,0
2025-08-22 03:00:00,148.388,148.473,148.292,148.304,1299,0,0
2025-08-22 03:15:00,148.304,148.392,148.282,148.374,983,0,0
2025-08-22 03:30:00,148.374,148.46,148.368,148.448,820,0,0
2025-08-22 03:45:00,148.448,148.505,148.388,148.476,1119,0,0
2025-08-22 04:00:00,148.477,148.487,148.412,148.438,887,0,0
2025-08-22 04:15:00,148.438,148.529,148.436,148.469,874,0,0
2025-08-22 04:30:00,148.469,148.47,148.427,148.438,708,0,0
2025-08-22 04:45:00,148.438,148.685,148.434,148.551,973,0,0
2025-08-22 05:00:00,148.552,148.561,148.458,148.502,785,0,0
2025-08-22 05:15:00,148.5,148.522,148.479,148.506,629,0,0
2025-08-22 05:30:00,148.506,148.531,148.491,148.514,508,0,0
2025-08-22 05:45:00,148.514,148.551,148.483,148.487,574,0,0
2025-08-22 06:00:00,148.487,148.546,148.484,148.544,592,0,0
2025-08-22 06:15:00,148.544,148.566,148.504,148.559,539,0,0
2025-08-22 06:30:00,148.561,148.634,148.547,148.603,668,0,0
2025-08-22 06:45:00,148.604,148.718,148.604,148.677,707,0,0
2025-08-22 07:00:00,148.677,148.714,148.644,148.688,675,0,0
2025-08-22 07:15:00,148.688,148.719,148.669,148.719,684,0,0
2025-08-22 07:30:00,148.719,148.731,148.677,148.683,552,0,0
2025-08-22 07:45:00,148.684,148.764,148.673,148.746,618,0,0
2025-08-22 08:00:00,148.746,148.779,148.713,148.716,592,0,0
2025-08-22 08:15:00,148.716,148.743,148.663,148.692,786,0,0
2025-08-22 08:30:00,148.692,148.693,148.612,148.612,802,0,0
2025-08-22 08:45:00,148.612,148.68,148.6,148.665,703,0,0
2025-08-22 09:00:00,148.673,148.707,148.544,148.544,1118,1,0
2025-08-22 09:15:00,148.543,148.57,148.507,148.516,939,0,0
2025-08-22 09:30:00,148.516,148.562,148.423,148.444,1049,0,0
2025-08-22 09:45:00,148.444,148.531,148.442,148.518,951,0,0
2025-08-22 10:00:00,148.517,148.557,148.46,148.474,1203,0,0
2025-08-22 10:15:00,148.474,148.484,148.412,148.464,1153,0,0
2025-08-22 10:30:00,148.464,148.607,148.455,148.595,729,0,0
2025-08-22 10:45:00,148.595,148.623,148.546,148.605,890,0,0
2025-08-22 11:00:00,148.606,148.624,148.571,148.581,1132,0,0
2025-08-22 11:15:00,148.581,148.61,148.557,148.58,937,0,0
2025-08-22 11:30:00,148.58,148.593,148.554,148.574,930,0,0
2025-08-22 11:45:00,148.574,148.675,148.544,148.638,1027,0,0
2025-08-22 12:00:00,148.64,148.665,148.603,148.63,956,0,0
2025-08-22 12:15:00,148.631,148.695,148.611,148.67,925,0,0
2025-08-22 12:30:00,148.67,148.683,148.643,148.673,736,0,0
2025-08-22 12:45:00,148.678,148.712,148.632,148.708,735,0,0
2025-08-22 13:00:00,148.71,148.727,148.7,148.705,677,0,0
2025-08-22 13:15:00,148.705,148.717,148.677,148.7,657,0,0
2025-08-22 13:30:00,148.7,148.735,148.692,148.701,680,0,0
2025-08-22 13:45:00,148.701,148.709,148.62,148.634,780,0,0
2025-08-22 14:00:00,148.632,148.657,148.598,148.627,753,0,0
2025-08-22 14:15:00,148.627,148.712,148.627,148.706,937,0,0
2025-08-22 14:30:00,148.709,148.714,148.633,148.676,970,0,0
2025-08-22 14:45:00,148.676,148.741,148.669,148.71,1140,0,0
2025-08-22 15:00:00,148.71,148.724,148.646,148.658,1176,0,0
2025-08-22 15:15:00,148.657,148.674,148.603,148.643,1203,0,0
2025-08-22 15:30:00,148.639,148.691,148.606,148.689,1276,0,0
2025-08-22 15:45:00,148.689,148.712,148.644,148.706,1126,0,0
2025-08-22 16:00:00,148.709,148.72,148.54,148.549,1163,0,0
2025-08-22 16:15:00,148.549,148.62,148.537,148.615,1032,0,0
2025-08-22 16:30:00,148.615,148.617,148.493,148.545,1540,0,0
2025-08-22 16:45:00,148.547,148.628,148.541,148.61,1530,0,0
2025-08-22 17:00:00,148.602,148.602,147.236,147.291,4359,0,0
2025-08-22 17:15:00,147.292,147.314,146.831,147.068,3702,0,0
2025-08-22 17:30:00,147.066,147.066,146.877,146.925,3082,0,0
2025-08-22 17:45:00,146.922,146.989,146.808,146.855,2865,0,0
2025-08-22 18:00:00,146.855,146.895,146.61,146.682,2552,0,0
2025-08-22 18:15:00,146.682,146.787,146.573,146.674,2118,0,0
2025-08-22 18:30:00,146.674,146.781,146.597,146.741,2005,0,0
2025-08-22 18:45:00,146.741,146.835,146.735,146.828,1831,0,0
2025-08-22 19:00:00,146.831,146.853,146.691,146.761,1481,0,0
2025-08-22 19:15:00,146.761,146.772,146.693,146.741,1397,0,0
2025-08-22 19:30:00,146.74,146.774,146.671,146.712,1405,0,0
2025-08-22 19:45:00,146.712,146.748,146.651,146.705,1270,0,0
2025-08-22 20:00:00,146.706,146.736,146.641,146.641,1196,0,0
2025-08-22 20:15:00,146.641,146.664,146.603,146.642,1072,0,0
2025-08-22 20:30:00,146.645,146.654,146.578,146.587,914,0,0
2025-08-22 20:45:00,146.588,146.658,146.578,146.643,918,0,0
2025-08-22 21:00:00,146.644,146.692,146.601,146.666,838,0,0
2025-08-22 21:15:00,146.664,146.812,146.654,146.758,870,0,0
2025-08-22 21:30:00,146.758,146.858,146.743,146.851,812,0,0
2025-08-22 21:45:00,146.847,146.878,146.842,146.865,713,0,0
2025-08-22 22:00:00,146.865,146.943,146.864,146.897,635,0,0
2025-08-22 22:15:00,146.897,146.909,146.845,146.854,610,0,0
2025-08-22 22:30:00,146.854,146.922,146.853,146.908,519,0,0
2025-08-22 22:45:00,146.908,147.0,146.878,146.96,587,0,0
2025-08-22 23:00:00,146.957,146.987,146.924,146.932,385,0,0
2025-08-22 23:15:00,146.932,146.96,146.916,146.932,294,0,0
2025-08-22 23:30:00,146.932,146.962,146.879,146.902,227,0,0
2025-08-22 23:45:00,146.9,146.947,146.89,146.907,436,10,0
2025-08-25 00:00:00,146.858,146.858,146.797,146.834,96,112,0
2025-08-25 00:15:00,146.834,146.854,146.767,146.774,112,78,0
2025-08-25 00:30:00,146.778,146.852,146.737,146.846,296,82,0
2025-08-25 00:45:00,146.846,146.856,146.752,146.829,218,80,0
2025-08-25 01:00:00,146.852,146.96,146.815,146.951,517,0,0
2025-08-25 01:15:00,146.949,146.957,146.913,146.923,378,0,0
2025-08-25 01:30:00,146.923,147.067,146.923,147.061,502,0,0
2025-08-25 01:45:00,147.061,147.069,147.025,147.063,410,0,0
2025-08-25 02:00:00,147.063,147.147,147.047,147.1,467,0,0
2025-08-25 02:15:00,147.1,147.251,147.098,147.228,510,0,0
2025-08-25 02:30:00,147.228,147.304,147.224,147.299,430,0,0
2025-08-25 02:45:00,147.299,147.3,147.22,147.27,796,0,0
2025-08-25 03:00:00,147.27,147.496,147.249,147.422,1410,0,0
2025-08-25 03:15:00,147.422,147.494,147.374,147.494,1205,0,0
2025-08-25 03:30:00,147.495,147.528,147.413,147.435,1059,0,0
2025-08-25 03:45:00,147.435,147.442,147.332,147.39,1203,0,0
2025-08-25 04:00:00,147.39,147.39,147.282,147.343,965,0,0
2025-08-25 04:15:00,147.343,147.4,147.256,147.398,1011,0,0
2025-08-25 04:30:00,147.398,147.46,147.361,147.422,833,0,0
2025-08-25 04:45:00,147.422,147.463,147.381,147.398,832,0,0
2025-08-25 05:00:00,147.398,147.462,147.393,147.462,756,0,0
2025-08-25 05:15:00,147.462,147.52,147.45,147.497,602,0,0
2025-08-25 05:30:00,147.497,147.517,147.411,147.411,586,0,0
2025-08-25 05:45:00,147.411,147.45,147.409,147.44,586,0,0
2025-08-25 06:00:00,147.44,147.443,147.332,147.345,688,0,0
2025-08-25 06:15:00,147.345,147.392,147.341,147.356,464,0,0
2025-08-25 06:30:00,147.356,147.361,147.312,147.328,548,0,0
2025-08-25 06:45:00,147.328,147.354,147.306,147.343,550,0,0
2025-08-25 07:00:00,147.343,147.357,147.313,147.322,528,0,0
2025-08-25 07:15:00,147.322,147.342,147.269,147.296,603,0,0
2025-08-25 07:30:00,147.298,147.3,147.223,147.224,542,0,0
2025-08-25 07:45:00,147.224,147.244,147.206,147.235,575,0,0
2025-08-25 08:00:00,147.235,147.372,147.231,147.372,514,0,0
2025-08-25 08:15:00,147.372,147.372,147.293,147.346,592,0,0
2025-08-25 08:30:00,147.346,147.359,147.278,147.293,547,0,0
2025-08-25 08:45:00,147.293,147.378,147.289,147.298,653,0,0
2025-08-25 09:00:00,147.298,147.32,147.173,147.176,945,0,0
2025-08-25 09:15:00,147.176,147.187,147.124,147.173,886,0,0
2025-08-25 09:30:00,147.173,147.246,147.105,147.108,1008,0,0
2025-08-25 09:45:00,147.108,147.186,147.097,147.166,1042,0,0
2025-08-25 10:00:00,147.166,147.249,147.159,147.215,1086,0,0
2025-08-25 10:15:00,147.215,147.275,147.138,147.195,927,0,0
2025-08-25 10:30:00,147.195,147.296,147.173,147.254,815,0,0
2025-08-25 10:45:00,147.254,147.368,147.237,147.337,1057,0,0
2025-08-25 11:00:00,147.337,147.372,147.273,147.282,771,0,0
2025-08-25 11:15:00,147.282,147.327,147.256,147.307,857,0,0
2025-08-25 11:30:00,147.305,147.325,147.271,147.301,729,0,0
2025-08-25 11:45:00,147.301,147.329,147.264,147.287,752,0,0
2025-08-25 12:00:00,147.287,147.304,147.226,147.295,636,0,0
2025-08-25 12:15:00,147.295,147.317,147.251,147.275,594,0,0
2025-08-25 12:30:00,147.275,147.336,147.266,147.313,628,0,0
2025-08-25 12:45:00,147.313,147.384,147.297,147.349,713,0,0
2025-08-25 13:00:00,147.349,147.413,147.322,147.39,769,0,0
2025-08-25 13:15:00,147.39,147.442,147.372,147.427,957,0,0
2025-08-25 13:30:00,147.427,147.441,147.386,147.428,760,0,0
2025-08-25 13:45:00,147.428,147.449,147.413,147.44,731,0,0
2025-08-25 14:00:00,147.44,147.445,147.381,147.382,714,0,0
2025-08-25 14:15:00,147.382,147.391,147.328,147.346,736,0,0
2025-08-25 14:30:00,147.346,147.361,147.316,147.336,760,0,0
2025-08-25 14:45:00,147.336,147.338,147.283,147.321,906,0,0
2025-08-25 15:00:00,147.317,147.373,147.31,147.368,937,0,0
2025-08-25 15:15:00,147.368,147.379,147.321,147.368,896,0,0
2025-08-25 15:30:00,147.37,147.451,147.368,147.395,1034,0,0
2025-08-25 15:45:00,147.395,147.435,147.361,147.381,968,0,0
2025-08-25 16:00:00,147.382,147.504,147.375,147.475,1207,0,0
2025-08-25 16:15:00,147.475,147.546,147.473,147.504,1204,0,0
2025-08-25 16:30:00,147.503,147.537,147.406,147.415,1428,0,0
2025-08-25 16:45:00,147.415,147.419,147.31,147.312,1378,0,0
2025-08-25 17:00:00,147.31,147.422,147.291,147.376,1477,0,0
2025-08-25 17:15:00,147.378,147.446,147.36,147.417,1259,0,0
2025-08-25 17:30:00,147.416,147.458,147.397,147.439,1334,0,0
2025-08-25 17:45:00,147.44,147.498,147.421,147.488,1435,0,0
2025-08-25 18:00:00,147.488,147.509,147.409,147.453,1581,0,0
2025-08-25 18:15:00,147.449,147.52,147.4,147.442,1191,0,0
2025-08-25 18:30:00,147.443,147.646,147.443,147.639,1362,0,0
2025-08-25 18:45:00,147.639,147.672,147.61,147.614,1296,0,0
2025-08-25 19:00:00,147.615,147.633,147.558,147.569,1029,0,0
2025-08-25 19:15:00,147.569,147.602,147.533,147.549,1042,0,0
2025-08-25 19:30:00,147.55,147.571,147.534,147.548,810,0,0
2025-08-25 19:45:00,147.548,147.584,147.515,147.537,1016,0,0
2025-08-25 20:00:00,147.537,147.544,147.501,147.535,964,0,0
2025-08-25 20:15:00,147.536,147.569,147.506,147.542,812,0,0
2025-08-25 20:30:00,147.537,147.576,147.518,147.542,861,0,0
2025-08-25 20:45:00,147.542,147.597,147.517,147.564,909,0,0
2025-08-25 21:00:00,147.562,147.64,147.537,147.634,937,0,0
2025-08-25 21:15:00,147.634,147.693,147.62,147.692,778,0,0
2025-08-25 21:30:00,147.691,147.802,147.687,147.786,987,0,0
2025-08-25 21:45:00,147.786,147.827,147.742,147.808,1194,0,0
2025-08-25 22:00:00,147.803,147.94,147.789,147.894,1169,0,0
2025-08-25 22:15:00,147.894,147.896,147.831,147.833,959,0,0
2025-08-25 22:30:00,147.834,147.872,147.807,147.815,871,0,0
2025-08-25 22:45:00,147.814,147.842,147.806,147.824,690,0,0
2025-08-25 23:00:00,147.824,147.828,147.78,147.791,744,0,0
2025-08-25 23:15:00,147.791,147.8,147.715,147.743,663,0,0
2025-08-25 23:30:00,147.744,147.744,147.664,147.666,495,0,0
2025-08-25 23:45:00,147.664,147.769,147.658,147.743,509,10,0
2025-08-26 00:00:00,147.731,147.832,147.722,147.728,36,63,0
2025-08-26 00:15:00,147.728,147.728,147.672,147.716,77,120,0
2025-08-26 00:30:00,147.722,147.752,147.672,147.696,376,79,0
2025-08-26 00:45:00,147.696,147.726,147.654,147.664,590,85,0
2025-08-26 01:00:00,147.664,147.762,147.65,147.762,357,0,0
2025-08-26 01:15:00,147.762,147.797,147.749,147.761,256,0,0
2025-08-26 01:30:00,147.761,147.77,147.719,147.732,299,0,0
2025-08-26 01:45:00,147.732,147.751,147.718,147.734,193,0,0
2025-08-26 02:00:00,147.731,147.819,147.696,147.804,459,0,0
2025-08-26 02:15:00,147.804,147.826,147.786,147.822,365,0,0
2025-08-26 02:30:00,147.822,147.841,147.811,147.817,382,0,0
2025-08-26 02:45:00,147.817,147.857,147.806,147.817,385,0,0
2025-08-26 03:00:00,147.814,147.878,147.207,147.22,2820,0,0
2025-08-26 03:15:00,147.22,147.36,147.189,147.268,2251,0,0
2025-08-26 03:30:00,147.269,147.344,146.998,147.039,2539,0,0
2025-08-26 03:45:00,147.04,147.165,146.988,147.112,2039,0,0
2025-08-26 04:00:00,147.112,147.33,147.111,147.313,1435,0,0
2025-08-26 04:15:00,147.313,147.368,147.274,147.288,1010,0,0
2025-08-26 04:30:00,147.287,147.379,147.268,147.354,1044,0,0
2025-08-26 04:45:00,147.353,147.359,147.271,147.32,996,0,0
2025-08-26 05:00:00,147.32,147.439,147.257,147.418,1268,0,0
2025-08-26 05:15:00,147.418,147.447,147.368,147.441,845,0,0
2025-08-26 05:30:00,147.442,147.585,147.435,147.567,978,0,0
2025-08-26 05:45:00,147.567,147.609,147.508,147.524,982,0,0
2025-08-26 06:00:00,147.521,147.693,147.521,147.64,1126,0,0
2025-08-26 06:15:00,147.64,147.722,147.638,147.692,947,0,0
2025-08-26 06:30:00,147.692,147.726,147.65,147.708,781,0,0
2025-08-26 06:45:00,147.708,147.808,147.691,147.796,611,0,0
2025-08-26 07:00:00,147.795,147.813,147.735,147.802,805,0,0
2025-08-26 07:15:00,147.803,147.808,147.747,147.775,659,0,0
2025-08-26 07:30:00,147.775,147.794,147.72,147.758,674,0,0
2025-08-26 07:45:00,147.759,147.802,147.759,147.77,726,0,0
2025-08-26 08:00:00,147.77,147.846,147.748,147.841,775,0,0
2025-08-26 08:15:00,147.84,147.889,147.814,147.817,790,0,0
2025-08-26 08:30:00,147.816,147.824,147.692,147.698,908,0,0
2025-08-26 08:45:00,147.698,147.77,147.67,147.711,1123,0,0
2025-08-26 09:00:00,147.712,147.833,147.695,147.75,1274,0,0
2025-08-26 09:15:00,147.75,147.811,147.725,147.765,1288,0,0
2025-08-26 09:30:00,147.766,147.767,147.637,147.675,1411,0,0
2025-08-26 09:45:00,147.677,147.813,147.664,147.776,1339,0,0
2025-08-26 10:00:00,147.776,147.91,147.712,147.815,2124,0,0
2025-08-26 10:15:00,147.815,147.871,147.656,147.661,1801,0,0
2025-08-26 10:30:00,147.662,147.753,147.639,147.753,1645,0,0
2025-08-26 10:45:00,147.753,147.796,147.687,147.697,1637,0,0
2025-08-26 11:00:00,147.698,147.699,147.6,147.613,1582,0,0
2025-08-26 11:15:00,147.613,147.691,147.562,147.564,1623,0,0
2025-08-26 11:30:00,147.563,147.564,147.493,147.555,1327,0,0
2025-08-26 11:45:00,147.555,147.588,147.503,147.572,1277,0,0
2025-08-26 12:00:00,147.572,147.624,147.536,147.602,1265,0,0
2025-08-26 12:15:00,147.602,147.604,147.539,147.559,1103,0,0
2025-08-26 12:30:00,147.561,147.615,147.546,147.552,1090,0,0
2025-08-26 12:45:00,147.552,147.565,147.487,147.549,1157,0,0
2025-08-26 13:00:00,147.548,147.554,147.47,147.533,1045,0,0
2025-08-26 13:15:00,147.534,147.614,147.531,147.608,1050,0,0
2025-08-26 13:30:00,147.608,147.669,147.597,147.625,1134,0,0
2025-08-26 13:45:00,147.625,147.655,147.573,147.586,1102,0,0
2025-08-26 14:00:00,147.585,147.623,147.506,147.542,998,0,0
2025-08-26 14:15:00,147.543,147.578,147.519,147.574,1059,0,0
2025-08-26 14:30:00,147.574,147.578,147.402,147.431,1208,0,0
2025-08-26 14:45:00,147.431,147.467,147.401,147.465,1133,0,0
2025-08-26 15:00:00,147.467,147.467,147.327,147.348,1381,0,0
2025-08-26 15:15:00,147.344,147.462,147.333,147.427,1292,0,0
2025-08-26 15:30:00,147.428,147.511,147.396,147.48,1479,0,0
2025-08-26 15:45:00,147.481,147.551,147.474,147.541,1390,0,0
2025-08-26 16:00:00,147.541,147.686,147.541,147.63,1640,0,0
2025-08-26 16:15:00,147.63,147.683,147.581,147.597,1277,0,0
2025-08-26 16:30:00,147.599,147.623,147.535,147.623,1845,0,0
2025-08-26 16:45:00,147.625,147.633,147.541,147.55,1636,0,0
2025-08-26 17:00:00,147.565,147.716,147.523,147.69,1916,0,0
2025-08-26 17:15:00,147.69,147.721,147.518,147.544,1702,0,0
2025-08-26 17:30:00,147.543,147.61,147.506,147.587,1558,0,0
2025-08-26 17:45:00,147.588,147.597,147.487,147.502,1780,0,0
2025-08-26 18:00:00,147.503,147.503,147.355,147.377,1695,0,0
2025-08-26 18:15:00,147.377,147.447,147.348,147.365,1429,0,0
2025-08-26 18:30:00,147.365,147.398,147.326,147.348,1254,0,0
2025-08-26 18:45:00,147.34,147.349,147.291,147.318,1018,0,0
2025-08-26 19:00:00,147.317,147.317,147.251,147.265,919,0,0
2025-08-26 19:15:00,147.266,147.266,147.1,147.173,1199,0,0
2025-08-26 19:30:00,147.173,147.241,147.133,147.231,881,0,0
2025-08-26 19:45:00,147.234,147.312,147.224,147.308,835,0,0
2025-08-26 20:00:00,147.305,147.342,147.27,147.318,853,0,0
2025-08-26 20:15:00,147.318,147.326,147.272,147.312,601,0,0
2025-08-26 20:30:00,147.312,147.343,147.305,147.327,618,0,0
2025-08-26 20:45:00,147.326,147.39,147.307,147.39,878,0,0
2025-08-26 21:00:00,147.388,147.513,147.379,147.508,890,0,0
2025-08-26 21:15:00,147.508,147.544,147.472,147.48,778,0,0
2025-08-26 21:30:00,147.48,147.484,147.419,147.421,655,0,0
2025-08-26 21:45:00,147.42,147.42,147.335,147.378,742,0,0
2025-08-26 22:00:00,147.377,147.379,147.305,147.345,688,0,0
2025-08-26 22:15:00,147.345,147.371,147.335,147.353,612,0,0
2025-08-26 22:30:00,147.353,147.396,147.341,147.379,621,0,0
2025-08-26 22:45:00,147.379,147.441,147.353,147.432,614,0,0
2025-08-26 23:00:00,147.432,147.488,147.427,147.43,534,0,0
2025-08-26 23:15:00,147.43,147.49,147.427,147.481,330,0,0
2025-08-26 23:30:00,147.48,147.489,147.422,147.427,371,0,0
2025-08-26 23:45:00,147.426,147.448,147.395,147.423,376,10,0
2025-08-27 00:00:00,147.338,147.37,147.241,147.361,174,46,0
2025-08-27 00:15:00,147.361,147.37,147.326,147.35,206,66,0
2025-08-27 00:30:00,147.352,147.372,147.324,147.335,231,66,0
2025-08-27 00:45:00,147.335,147.379,147.335,147.37,209,67,0
2025-08-27 01:00:00,147.37,147.433,147.33,147.43,210,0,0
2025-08-27 01:15:00,147.43,147.435,147.409,147.431,200,0,0
2025-08-27 01:30:00,147.431,147.437,147.359,147.417,342,0,0
2025-08-27 01:45:00,147.417,147.483,147.41,147.435,272,0,0
2025-08-27 02:00:00,147.435,147.494,147.435,147.464,315,0,0
2025-08-27 02:15:00,147.463,147.463,147.361,147.422,415,0,0
2025-08-27 02:30:00,147.422,147.489,147.407,147.464,353,0,0
2025-08-27 02:45:00,147.464,147.509,147.451,147.475,448,0,0
2025-08-27 03:00:00,147.482,147.537,147.403,147.494,987,0,0
2025-08-27 03:15:00,147.495,147.576,147.451,147.48,886,0,0
2025-08-27 03:30:00,147.48,147.504,147.436,147.484,829,0,0
2025-08-27 03:45:00,147.484,147.582,147.45,147.582,1145,0,0
2025-08-27 04:00:00,147.583,147.623,147.514,147.573,1026,0,0
2025-08-27 04:15:00,147.573,147.642,147.519,147.603,983,0,0
2025-08-27 04:30:00,147.603,147.644,147.569,147.611,1099,0,0
2025-08-27 04:45:00,147.609,147.648,147.588,147.603,822,0,0
2025-08-27 05:00:00,147.603,147.695,147.601,147.695,661,0,0
2025-08-27 05:15:00,147.695,147.73,147.662,147.691,752,0,0
2025-08-27 05:30:00,147.692,147.735,147.688,147.727,623,0,0
2025-08-27 05:45:00,147.726,147.738,147.695,147.722,619,0,0
2025-08-27 06:00:00,147.722,147.789,147.712,147.775,578,0,0
2025-08-27 06:15:00,147.776,147.818,147.756,147.807,695,0,0
2025-08-27 06:30:00,147.807,147.841,147.807,147.833,655,0,0
2025-08-27 06:45:00,147.833,147.853,147.817,147.832,505,0,0
2025-08-27 07:00:00,147.832,147.896,147.829,147.862,740,0,0
2025-08-27 07:15:00,147.862,147.948,147.852,147.909,899,0,0
2025-08-27 07:30:00,147.909,147.951,147.901,147.939,620,0,0
2025-08-27 07:45:00,147.939,147.959,147.921,147.945,450,0,0
2025-08-27 08:00:00,147.946,147.97,147.926,147.927,659,0,0
2025-08-27 08:15:00,147.927,147.944,147.858,147.896,977,0,0
2025-08-27 08:30:00,147.896,147.936,147.865,147.871,875,0,0
2025-08-27 08:45:00,147.871,147.89,147.805,147.816,698,0,0
2025-08-27 09:00:00,147.817,147.84,147.749,147.781,810,0,0
2025-08-27 09:15:00,147.781,147.781,147.726,147.758,744,0,0
2025-08-27 09:30:00,147.758,147.76,147.687,147.692,1001,0,0
2025-08-27 09:45:00,147.692,147.74,147.655,147.712,1023,0,0
2025-08-27 10:00:00,147.711,147.802,147.711,147.802,1053,0,0
2025-08-27 10:15:00,147.802,147.842,147.761,147.842,980,0,0
2025-08-27 10:30:00,147.841,147.895,147.802,147.814,1141,0,0
2025-08-27 10:45:00,147.814,147.847,147.756,147.758,1321,0,0
2025-08-27 11:00:00,147.76,147.928,147.742,147.909,1256,0,0
2025-08-27 11:15:00,147.909,147.96,147.906,147.947,1251,0,0
2025-08-27 11:30:00,147.946,148.003,147.896,147.918,1229,0,0
2025-08-27 11:45:00,147.918,147.931,147.847,147.915,1101,0,0
2025-08-27 12:00:00,147.916,147.973,147.906,147.94,1079,0,0
2025-08-27 12:15:00,147.941,147.942,147.876,147.899,948,0,0
2025-08-27 12:30:00,147.899,147.905,147.864,147.893,806,0,0
2025-08-27 12:45:00,147.893,148.035,147.881,148.034,1058,0,0
2025-08-27 13:00:00,148.033,148.081,147.964,147.993,1101,0,0
2025-08-27 13:15:00,147.993,148.086,147.984,148.078,764,0,0
2025-08-27 13:30:00,148.078,148.128,148.053,148.103,1035,0,0
2025-08-27 13:45:00,148.103,148.144,148.07,148.12,940,0,0
2025-08-27 14:00:00,148.121,148.184,148.031,148.035,1123,0,0
2025-08-27 14:15:00,148.035,148.154,148.032,148.149,781,0,0
2025-08-27 14:30:00,148.148,148.163,148.079,148.13,868,0,0
2025-08-27 14:45:00,148.132,148.146,148.068,148.142,1139,0,0
2025-08-27 15:00:00,148.142,148.147,148.033,148.042,1253,0,0
2025-08-27 15:15:00,148.042,148.089,147.998,148.084,1364,0,0
2025-08-27 15:30:00,148.084,148.112,148.042,148.073,1455,0,0
2025-08-27 15:45:00,148.073,148.091,147.982,148.071,1315,0,0
2025-08-27 16:00:00,148.071,148.085,147.939,147.989,1451,0,0
2025-08-27 16:15:00,147.988,148.052,147.914,148.033,1341,0,0
2025-08-27 16:30:00,148.024,148.129,148.014,148.115,1661,0,0
2025-08-27 16:45:00,148.114,148.123,148.004,148.083,1722,0,0
2025-08-27 17:00:00,148.087,148.096,147.955,147.987,1532,0,0
2025-08-27 17:15:00,147.986,148.022,147.927,147.95,1309,0,0
2025-08-27 17:30:00,147.951,148.01,147.917,147.942,1350,0,0
2025-08-27 17:45:00,147.942,147.963,147.821,147.865,1829,0,0
2025-08-27 18:00:00,147.867,147.867,147.708,147.724,1881,0,0
2025-08-27 18:15:00,147.724,147.76,147.692,147.725,1245,0,0
2025-08-27 18:30:00,147.725,147.769,147.692,147.703,1164,0,0
2025-08-27 18:45:00,147.703,147.778,147.694,147.749,1011,0,0
2025-08-27 19:00:00,147.749,147.755,147.693,147.701,817,0,0
2025-08-27 19:15:00,147.701,147.723,147.632,147.633,755,0,0
2025-08-27 19:30:00,147.633,147.633,147.451,147.487,1106,0,0
2025-08-27 19:45:00,147.488,147.488,147.341,147.361,1437,0,0
2025-08-27 20:00:00,147.361,147.379,147.294,147.353,1211,0,0
2025-08-27 20:15:00,147.353,147.402,147.301,147.396,900,0,0
2025-08-27 20:30:00,147.396,147.429,147.377,147.38,956,0,0
2025-08-27 20:45:00,147.379,147.401,147.342,147.356,759,0,0
2025-08-27 21:00:00,147.356,147.491,147.355,147.464,906,0,0
2025-08-27 21:15:00,147.464,147.47,147.401,147.415,679,0,0
2025-08-27 21:30:00,147.414,147.47,147.373,147.376,665,0,0
2025-08-27 21:45:00,147.377,147.412,147.374,147.408,811,0,0
2025-08-27 22:00:00,147.408,147.468,147.408,147.458,634,0,0
2025-08-27 22:15:00,147.457,147.492,147.444,147.467,602,0,0
2025-08-27 22:30:00,147.467,147.516,147.45,147.484,643,0,0
2025-08-27 22:45:00,147.484,147.497,147.454,147.476,519,0,0
2025-08-27 23:00:00,147.47,147.505,147.454,147.495,502,0,0
2025-08-27 23:15:00,147.495,147.518,147.399,147.476,773,0,0
2025-08-27 23:30:00,147.476,147.485,147.416,147.433,570,0,0
2025-08-27 23:45:00,147.433,147.456,147.404,147.41,550,10,0
2025-08-28 00:00:00,147.45,147.45,147.348,147.368,29,78,0
2025-08-28 00:15:00,147.368,147.414,147.275,147.293,219,66,0
2025-08-28 00:30:00,147.293,147.293,147.247,147.257,240,66,0
2025-08-28 00:45:00,147.256,147.405,147.25,147.352,466,66,0
2025-08-28 01:00:00,147.353,147.389,147.328,147.361,481,0,0
2025-08-28 01:15:00,147.361,147.385,147.326,147.339,362,0,0
2025-08-28 01:30:00,147.339,147.349,147.205,147.207,510,0,0
2025-08-28 01:45:00,147.206,147.306,147.203,147.288,388,0,0
2025-08-28 02:00:00,147.285,147.31,147.253,147.274,502,0,0
2025-08-28 02:15:00,147.274,147.298,147.237,147.277,503,0,0
2025-08-28 02:30:00,147.277,147.301,147.223,147.28,657,0,0
2025-08-28 02:45:00,147.28,147.342,147.274,147.338,681,0,0
2025-08-28 03:00:00,147.339,147.488,147.301,147.461,1313,0,0
2025-08-28 03:15:00,147.462,147.469,147.411,147.431,816,0,0
2025-08-28 03:30:00,147.436,147.479,147.431,147.446,807,0,0
2025-08-28 03:45:00,147.443,147.443,147.277,147.296,1026,0,0
2025-08-28 04:00:00,147.296,147.329,147.223,147.247,1012,0,0
2025-08-28 04:15:00,147.247,147.344,147.225,147.302,630,0,0
2025-08-28 04:30:00,147.302,147.447,147.193,147.413,1257,0,0
2025-08-28 04:45:00,147.413,147.426,147.342,147.342,774,0,0
2025-08-28 05:00:00,147.355,147.368,147.232,147.259,977,0,0
2025-08-28 05:15:00,147.26,147.365,147.249,147.319,836,0,0
2025-08-28 05:30:00,147.319,147.337,147.278,147.302,644,0,0
2025-08-28 05:45:00,147.302,147.311,147.236,147.243,569,0,0
2025-08-28 06:00:00,147.243,147.292,147.227,147.247,665,0,0
2025-08-28 06:15:00,147.247,147.25,147.166,147.215,689,0,0
2025-08-28 06:30:00,147.215,147.239,147.139,147.148,641,0,0
2025-08-28 06:45:00,147.148,147.156,147.081,147.095,549,0,0
2025-08-28 07:00:00,147.096,147.196,147.083,147.18,764,0,0
2025-08-28 07:15:00,147.18,147.202,147.126,147.134,530,0,0
2025-08-28 07:30:00,147.133,147.183,147.111,147.18,482,0,0
2025-08-28 07:45:00,147.18,147.208,147.158,147.163,590,0,0
2025-08-28 08:00:00,147.162,147.21,147.125,147.127,606,0,0
2025-08-28 08:15:00,147.128,147.152,147.091,147.104,668,0,0
2025-08-28 08:30:00,147.103,147.182,147.079,147.172,623,0,0
2025-08-28 08:45:00,147.172,147.201,147.12,147.125,736,0,0
2025-08-28 09:00:00,147.129,147.139,147.0,147.136,1108,0,0
2025-08-28 09:15:00,147.139,147.186,147.078,147.174,947,0,0
2025-08-28 09:30:00,147.174,147.291,147.174,147.266,1261,0,0
2025-08-28 09:45:00,147.266,147.343,147.266,147.308,1353,0,0
2025-08-28 10:00:00,147.309,147.359,147.254,147.306,1524,0,0
2025-08-28 10:15:00,147.306,147.402,147.294,147.328,1399,0,0
2025-08-28 10:30:00,147.328,147.361,147.241,147.243,1299,0,0
2025-08-28 10:45:00,147.241,147.29,147.155,147.165,1139,0,0
2025-08-28 11:00:00,147.166,147.342,147.129,147.322,1483,0,0
2025-08-28 11:15:00,147.322,147.361,147.296,147.358,1242,0,0
2025-08-28 11:30:00,147.357,147.37,147.219,147.249,1159,0,0
2025-08-28 11:45:00,147.248,147.248,147.171,147.19,1022,0,0
2025-08-28 12:00:00,147.187,147.187,147.089,147.112,1162,0,0
2025-08-28 12:15:00,147.113,147.143,147.09,147.101,961,0,0
2025-08-28 12:30:00,147.099,147.126,147.067,147.117,889,0,0
2025-08-28 12:45:00,147.117,147.163,147.1,147.14,932,0,0
2025-08-28 13:00:00,147.143,147.168,147.083,147.109,980,0,0
2025-08-28 13:15:00,147.108,147.126,146.993,147.04,1260,0,0
2025-08-28 13:30:00,147.04,147.057,146.931,146.943,1346,0,0
2025-08-28 13:45:00,146.943,146.96,146.908,146.932,1117,1,0
2025-08-28 14:00:00,146.935,146.968,146.811,146.899,1311,0,0
2025-08-28 14:15:00,146.897,146.939,146.826,146.83,865,0,0
2025-08-28 14:30:00,146.828,146.921,146.806,146.92,1044,0,0
2025-08-28 14:45:00,146.92,146.966,146.9,146.927,1162,0,0
2025-08-28 15:00:00,146.923,146.943,146.856,146.891,1403,0,0
2025-08-28 15:15:00,146.891,146.972,146.876,146.909,1334,0,0
2025-08-28 15:30:00,146.91,147.171,146.875,146.907,2402,0,0
2025-08-28 15:45:00,146.907,147.144,146.872,147.102,2241,0,0
2025-08-28 16:00:00,147.101,147.223,147.075,147.189,2071,0,0
2025-08-28 16:15:00,147.189,147.205,147.1,147.171,1589,0,0
2025-08-28 16:30:00,147.172,147.231,147.104,147.184,2128,0,0
2025-08-28 16:45:00,147.182,147.205,147.028,147.092,1909,0,0
2025-08-28 17:00:00,147.092,147.117,146.993,147.016,2070,0,0
2025-08-28 17:15:00,147.016,147.038,146.875,146.927,1636,0,0
2025-08-28 17:30:00,146.93,146.993,146.879,146.966,1465,0,0
2025-08-28 17:45:00,146.966,147.042,146.951,146.977,1702,0,0
2025-08-28 18:00:00,146.977,147.071,146.975,147.056,1472,0,0
2025-08-28 18:15:00,147.057,147.065,146.986,147.021,1441,0,0
2025-08-28 18:30:00,147.021,147.046,146.949,147.029,1292,0,0
2025-08-28 18:45:00,147.029,147.048,146.984,146.993,1208,0,0
2025-08-28 19:00:00,146.992,146.998,146.916,146.917,883,0,0
2025-08-28 19:15:00,146.919,146.962,146.891,146.937,985,0,0
2025-08-28 19:30:00,146.935,146.935,146.864,146.911,894,0,0
2025-08-28 19:45:00,146.911,146.912,146.831,146.85,796,0,0
2025-08-28 20:00:00,146.849,146.854,146.667,146.677,1080,0,0
2025-08-28 20:15:00,146.677,146.761,146.662,146.733,991,0,0
2025-08-28 20:30:00,146.734,146.823,146.724,146.77,793,0,0
2025-08-28 20:45:00,146.77,146.815,146.745,146.808,851,0,0
2025-08-28 21:00:00,146.809,146.871,146.806,146.863,772,0,0
2025-08-28 21:15:00,146.863,146.869,146.814,146.86,609,0,0
2025-08-28 21:30:00,146.862,146.889,146.833,146.838,497,0,0
2025-08-28 21:45:00,146.838,146.855,146.8,146.821,592,0,0
2025-08-28 22:00:00,146.82,146.879,146.809,146.875,496,0,0
2025-08-28 22:15:00,146.875,146.897,146.859,146.897,377,0,0
2025-08-28 22:30:00,146.898,146.924,146.898,146.909,548,0,0
2025-08-28 22:45:00,146.91,146.935,146.904,146.92,854,0,0
2025-08-28 23:00:00,146.921,146.974,146.92,146.97,409,0,0
2025-08-28 23:15:00,146.969,146.996,146.96,146.963,305,0,0
2025-08-28 23:30:00,146.963,146.981,146.954,146.969,401,0,0
2025-08-28 23:45:00,146.969,146.983,146.918,146.927,370,10,0
2025-08-29 00:00:00,146.917,146.917,146.858,146.861,21,25,0
2025-08-29 00:15:00,146.861,146.865,146.81,146.822,140,82,0
2025-08-29 00:30:00,146.822,146.894,146.82,146.878,285,66,0
2025-08-29 00:45:00,146.878,146.927,146.822,146.901,413,66,0
2025-08-29 01:00:00,146.901,146.979,146.901,146.948,842,0,0
2025-08-29 01:15:00,146.948,146.994,146.927,146.993,250,0,0
2025-08-29 01:30:00,146.993,147.084,146.978,147.029,577,0,0
2025-08-29 01:45:00,147.033,147.044,146.988,147.032,375,0,0
2025-08-29 02:00:00,147.032,147.035,146.923,146.964,462,0,0
2025-08-29 02:15:00,146.964,146.972,146.856,146.874,541,0,0
2025-08-29 02:30:00,146.874,146.935,146.827,146.83,448,0,0
2025-08-29 02:45:00,146.83,146.869,146.796,146.83,602,0,0
2025-08-29 03:00:00,146.832,146.89,146.762,146.819,1157,0,0
2025-08-29 03:15:00,146.819,146.969,146.819,146.917,940,0,0
2025-08-29 03:30:00,146.912,146.979,146.901,146.928,872,0,0
2025-08-29 03:45:00,146.928,146.933,146.805,146.825,1300,0,0
2025-08-29 04:00:00,146.822,146.956,146.792,146.881,1031,0,0
2025-08-29 04:15:00,146.881,147.113,146.87,147.06,1279,0,0
2025-08-29 04:30:00,147.06,147.096,146.996,147.006,1152,0,0
2025-08-29 04:45:00,147.006,147.082,146.997,147.005,1000,0,0
2025-08-29 05:00:00,147.005,147.005,146.917,146.967,806,0,0
2025-08-29 05:15:00,146.967,146.982,146.874,146.897,711,0,0
2025-08-29 05:30:00,146.897,146.944,146.863,146.878,659,0,0
2025-08-29 05:45:00,146.878,146.912,146.825,146.894,669,0,0
2025-08-29 06:00:00,146.895,146.961,146.892,146.957,602,0,0
2025-08-29 06:15:00,146.956,146.99,146.934,146.976,549,0,0
2025-08-29 06:30:00,146.977,146.993,146.944,146.945,488,0,0
2025-08-29 06:45:00,146.944,146.995,146.94,146.989,517,0,0
2025-08-29 07:00:00,146.989,147.04,146.964,146.985,766,0,0
2025-08-29 07:15:00,146.985,147.029,146.967,146.996,706,0,0
2025-08-29 07:30:00,146.996,147.014,146.917,146.937,589,0,0
2025-08-29 07:45:00,146.937,146.966,146.903,146.906,557,0,0
2025-08-29 08:00:00,146.905,146.964,146.903,146.954,610,0,0
2025-08-29 08:15:00,146.955,147.001,146.922,146.972,545,0,0
2025-08-29 08:30:00,146.973,147.026,146.968,147.004,568,0,0
2025-08-29 08:45:00,147.004,147.026,146.971,147.015,625,0,0
2025-08-29 09:00:00,147.015,147.049,146.962,147.016,837,0,0
2025-08-29 09:15:00,147.016,147.042,146.961,147.024,818,0,0
2025-08-29 09:30:00,147.023,147.102,147.014,147.093,985,0,0
2025-08-29 09:45:00,147.092,147.172,147.082,147.159,1107,0,0
2025-08-29 10:00:00,147.161,147.182,147.122,147.133,1061,0,0
2025-08-29 10:15:00,147.132,147.201,147.108,147.13,1052,0,0
2025-08-29 10:30:00,147.127,147.127,147.023,147.028,1179,0,0
2025-08-29 10:45:00,147.028,147.102,146.958,147.002,1134,0,0
2025-08-29 11:00:00,147.005,147.031,146.949,146.994,1326,0,0
2025-08-29 11:15:00,146.994,147.017,146.95,146.956,1037,0,0
2025-08-29 11:30:00,146.956,146.956,146.868,146.892,1035,0,0
2025-08-29 11:45:00,146.892,146.955,146.867,146.953,1058,0,0
2025-08-29 12:00:00,146.953,147.034,146.94,146.989,1020,0,0
2025-08-29 12:15:00,146.989,147.036,146.967,146.99,894,0,0
2025-08-29 12:30:00,146.99,147.115,146.978,147.082,952,0,0
2025-08-29 12:45:00,147.082,147.097,147.034,147.094,1027,0,0
2025-08-29 13:00:00,147.094,147.178,147.075,147.163,1001,0,0
2025-08-29 13:15:00,147.164,147.186,147.126,147.132,807,0,0
2025-08-29 13:30:00,147.132,147.172,147.13,147.157,755,0,0
2025-08-29 13:45:00,147.155,147.247,147.146,147.198,892,0,0
2025-08-29 14:00:00,147.197,147.264,147.192,147.237,907,0,0
2025-08-29 14:15:00,147.237,147.24,147.171,147.201,1055,0,0
2025-08-29 14:30:00,147.202,147.233,147.198,147.22,766,0,0
2025-08-29 14:45:00,147.22,147.261,147.211,147.252,943,0,0
2025-08-29 15:00:00,147.252,147.315,147.247,147.269,1065,0,0
2025-08-29 15:15:00,147.264,147.3,147.243,147.261,1208,0,0
2025-08-29 15:30:00,147.232,147.41,147.133,147.331,2128,0,0
2025-08-29 15:45:00,147.333,147.355,147.275,147.322,1654,0,0
2025-08-29 16:00:00,147.322,147.392,147.256,147.3,1596,0,0
2025-08-29 16:15:00,147.301,147.325,147.233,147.241,1449,0,0
2025-08-29 16:30:00,147.24,147.282,147.132,147.16,1625,0,0
2025-08-29 16:45:00,147.161,147.226,147.083,147.104,1691,0,0
2025-08-29 17:00:00,147.083,147.087,146.961,147.011,2162,0,0
2025-08-29 17:15:00,147.011,147.041,146.9,146.993,1965,0,0
2025-08-29 17:30:00,146.994,147.015,146.839,146.898,2105,0,0
2025-08-29 17:45:00,146.891,146.979,146.806,146.826,2282,0,0
2025-08-29 18:00:00,146.827,146.912,146.767,146.908,2236,0,0
2025-08-29 18:15:00,146.907,146.973,146.877,146.944,1453,0,0
2025-08-29 18:30:00,146.941,146.945,146.872,146.876,1349,0,0
2025-08-29 18:45:00,146.876,146.908,146.83,146.907,1422,0,0
2025-08-29 19:00:00,146.905,146.923,146.855,146.885,1163,0,0
2025-08-29 19:15:00,146.885,146.966,146.878,146.909,1030,0,0
2025-08-29 19:30:00,146.91,146.948,146.893,146.912,845,0,0
2025-08-29 19:45:00,146.912,146.944,146.897,146.914,688,0,0
2025-08-29 20:00:00,146.914,146.93,146.882,146.909,705,0,0
2025-08-29 20:15:00,146.911,146.939,146.887,146.918,564,0,0
2025-08-29 20:30:00,146.919,146.931,146.896,146.917,552,0,0
2025-08-29 20:45:00,146.917,147.006,146.911,146.983,645,0,0
2025-08-29 21:00:00,146.983,147.001,146.959,146.998,527,0,0
2025-08-29 21:15:00,146.998,147.018,146.985,147.015,582,0,0
2025-08-29 21:30:00,147.015,147.027,146.982,147.004,462,0,0
2025-08-29 21:45:00,147.004,147.025,146.981,147.016,567,0,0
2025-08-29 22:00:00,147.016,147.046,147.014,147.022,489,0,0
2025-08-29 22:15:00,147.022,147.041,147.005,147.011,324,0,0
2025-08-29 22:30:00,147.011,147.013,146.968,146.981,432,0,0
2025-08-29 22:45:00,146.981,146.992,146.921,146.962,957,0,0
2025-08-29 23:00:00,146.961,146.998,146.926,146.98,614,0,0
2025-08-29 23:15:00,146.98,147.013,146.966,146.978,280,0,0
2025-08-29 23:30:00,146.981,147.031,146.981,147.024,370,0,0
2025-08-29 23:45:00,147.024,147.11,147.006,147.027,478,10,0
2025-09-01 00:00:00,147.034,147.034,146.922,146.933,80,109,0
2025-09-01 00:15:00,146.933,146.94,146.926,146.927,32,141,0
2025-09-01 00:30:00,146.932,146.951,146.93,146.945,94,105,0
2025-09-01 00:45:00,146.945,146.986,146.945,146.985,118,74,0
2025-09-01 01:00:00,146.985,147.123,146.973,147.066,394,0,0
2025-09-01 01:15:00,147.066,147.088,147.053,147.081,256,0,0
2025-09-01 01:30:00,147.081,147.109,147.079,147.094,225,0,0
2025-09-01 01:45:00,147.094,147.16,147.093,147.131,274,0,0
2025-09-01 02:00:00,147.125,147.178,147.084,147.148,364,0,0
2025-09-01 02:15:00,147.148,147.187,147.13,147.179,438,0,0
2025-09-01 02:30:00,147.179,147.189,147.145,147.159,355,0,0
2025-09-01 02:45:00,147.158,147.189,147.084,147.122,603,0,0
2025-09-01 03:00:00,147.122,147.257,147.119,147.207,1063,0,0
2025-09-01 03:15:00,147.207,147.241,147.188,147.196,737,0,0
2025-09-01 03:30:00,147.196,147.238,147.159,147.198,670,0,0
2025-09-01 03:45:00,147.198,147.256,147.195,147.233,798,0,0
2025-09-01 04:00:00,147.234,147.291,147.183,147.263,870,0,0
2025-09-01 04:15:00,147.263,147.366,147.263,147.355,769,0,0
2025-09-01 04:30:00,147.357,147.382,147.318,147.354,986,0,0
2025-09-01 04:45:00,147.355,147.36,147.255,147.289,942,0,0
2025-09-01 05:00:00,147.29,147.296,147.142,147.17,1035,0,0
2025-09-01 05:15:00,147.17,147.17,147.033,147.045,932,0,0
2025-09-01 05:30:00,147.046,147.062,147.027,147.048,884,0,0
2025-09-01 05:45:00,147.047,147.064,146.854,146.895,896,0,0
2025-09-01 06:00:00,146.894,146.968,146.841,146.938,881,0,0
2025-09-01 06:15:00,146.938,146.96,146.914,146.933,639,0,0
2025-09-01 06:30:00,146.933,147.003,146.882,146.892,817,0,0
2025-09-01 06:45:00,146.892,146.945,146.874,146.892,553,0,0
2025-09-01 07:00:00,146.895,146.943,146.881,146.927,521,0,0
2025-09-01 07:15:00,146.927,146.987,146.909,146.969,672,0,0
2025-09-01 07:30:00,146.969,147.035,146.959,146.98,719,0,0
2025-09-01 07:45:00,146.98,147.062,146.975,147.046,544,0,0
2025-09-01 08:00:00,147.046,147.063,146.983,147.016,576,0,0
2025-09-01 08:15:00,147.016,147.017,146.981,146.992,543,0,0
2025-09-01 08:30:00,146.992,147.008,146.921,146.963,572,0,0
2025-09-01 08:45:00,146.962,146.968,146.898,146.915,661,0,0
2025-09-01 09:00:00,146.917,146.923,146.841,146.902,960,0,0
2025-09-01 09:15:00,146.9,146.948,146.85,146.867,882,0,0
2025-09-01 09:30:00,146.867,146.873,146.785,146.821,1193,0,0
2025-09-01 09:45:00,146.821,146.939,146.807,146.936,1182,0,0
2025-09-01 10:00:00,146.937,147.096,146.897,147.079,1466,0,0
2025-09-01 10:15:00,147.078,147.141,147.042,147.138,1247,0,0
2025-09-01 10:30:00,147.14,147.204,147.125,147.154,1148,0,0
2025-09-01 10:45:00,147.155,147.165,147.061,147.073,884,0,0
2025-09-01 11:00:00,147.074,147.202,147.025,147.159,1162,0,0
2025-09-01 11:15:00,147.158,147.179,147.103,147.125,1188,0,0
2025-09-01 11:30:00,147.126,147.142,147.027,147.043,889,0,0
2025-09-01 11:45:00,147.043,147.044,146.962,146.99,1064,0,0
2025-09-01 12:00:00,146.989,147.073,146.939,147.062,1122,0,0
2025-09-01 12:15:00,147.062,147.08,146.995,147.011,1031,0,0
2025-09-01 12:30:00,147.01,147.067,146.998,147.022,922,0,0
2025-09-01 12:45:00,147.022,147.12,147.001,147.104,1015,0,0
2025-09-01 13:00:00,147.106,147.144,147.073,147.086,942,0,0
2025-09-01 13:15:00,147.085,147.108,147.052,147.066,783,0,0
2025-09-01 13:30:00,147.066,147.101,147.051,147.099,677,0,0
2025-09-01 13:45:00,147.099,147.144,147.083,147.131,853,0,0
2025-09-01 14:00:00,147.131,147.149,147.063,147.106,939,0,0
2025-09-01 14:15:00,147.105,147.145,147.102,147.141,957,0,0
2025-09-01 14:30:00,147.141,147.162,147.11,147.144,830,0,0
2025-09-01 14:45:00,147.145,147.167,147.135,147.16,886,0,0
2025-09-01 15:00:00,147.16,147.205,147.15,147.199,907,0,0
2025-09-01 15:15:00,147.198,147.2,147.153,147.173,810,0,0
2025-09-01 15:30:00,147.174,147.233,147.163,147.222,995,0,0
2025-09-01 15:45:00,147.222,147.233,147.183,147.198,976,0,0
2025-09-01 16:00:00,147.197,147.252,147.168,147.181,1053,0,0
2025-09-01 16:15:00,147.18,147.228,147.177,147.216,1098,0,0
2025-09-01 16:30:00,147.216,147.235,147.18,147.217,1045,0,0
2025-09-01 16:45:00,147.218,147.275,147.217,147.256,887,0,0
2025-09-01 17:00:00,147.256,147.287,147.223,147.248,853,0,0
2025-09-01 17:15:00,147.248,147.267,147.229,147.244,902,0,0
2025-09-01 17:30:00,147.245,147.28,147.222,147.28,994,0,0
2025-09-01 17:45:00,147.28,147.296,147.256,147.292,1237,0,0
2025-09-01 18:00:00,147.294,147.3,147.274,147.279,981,0,0
2025-09-01 18:15:00,147.279,147.308,147.258,147.268,791,0,0
2025-09-01 18:30:00,147.27,147.286,147.255,147.278,724,0,0
2025-09-01 18:45:00,147.278,147.303,147.266,147.27,716,0,0
2025-09-01 19:00:00,147.271,147.286,147.252,147.266,440,0,0
2025-09-01 19:15:00,147.264,147.266,147.2,147.212,540,0,0
2025-09-01 19:30:00,147.213,147.244,147.206,147.226,525,0,0
2025-09-01 19:45:00,147.226,147.243,147.222,147.236,305,0,0
2025-09-01 20:00:00,147.237,147.243,147.223,147.236,332,0,0
2025-09-01 20:15:00,147.236,147.244,147.218,147.231,498,0,0
2025-09-01 20:30:00,147.232,147.239,147.216,147.234,316,0,0
2025-09-01 20:45:00,147.234,147.241,147.211,147.22,228,0,0
2025-09-01 21:00:00,147.22,147.229,147.212,147.224,315,0,0
2025-09-01 21:15:00,147.224,147.236,147.215,147.223,282,0,0
2025-09-01 21:30:00,147.223,147.233,147.219,147.224,217,0,0
2025-09-01 21:45:00,147.224,147.229,147.214,147.223,238,0,0
2025-09-01 22:00:00,147.221,147.222,147.18,147.183,349,0,0
2025-09-01 22:15:00,147.183,147.194,147.175,147.177,254,0,0
2025-09-01 22:30:00,147.177,147.19,147.168,147.176,360,0,0
2025-09-01 22:45:00,147.176,147.186,147.158,147.184,412,0,0
2025-09-01 23:00:00,147.185,147.191,147.148,147.173,251,0,0
2025-09-01 23:15:00,147.173,147.18,147.151,147.159,249,0,0
2025-09-01 23:30:00,147.16,147.166,147.144,147.154,235,0,0
2025-09-01 23:45:00,147.152,147.172,147.142,147.169,424,10,0
2025-09-02 00:00:00,147.168,147.168,147.116,147.144,46,25,0
2025-09-02 00:15:00,147.144,147.145,147.1,147.11,172,66,0
2025-09-02 00:30:00,147.111,147.173,147.104,147.172,568,67,0
2025-09-02 00:45:00,147.17,147.174,147.141,147.141,328,66,0
2025-09-02 01:00:00,147.141,147.206,147.129,147.177,238,0,0
2025-09-02 01:15:00,147.177,147.181,147.14,147.15,270,0,0
2025-09-02 01:30:00,147.15,147.159,147.133,147.153,220,0,0
2025-09-02 01:45:00,147.153,147.176,147.12,147.173,342,0,0
2025-09-02 02:00:00,147.172,147.177,147.14,147.155,398,0,0
2025-09-02 02:15:00,147.155,147.161,147.061,147.08,438,0,0
2025-09-02 02:30:00,147.08,147.094,147.069,147.074,364,0,0
2025-09-02 02:45:00,147.074,147.104,147.045,147.094,476,0,0
2025-09-02 03:00:00,147.095,147.307,147.089,147.305,1196,0,0
2025-09-02 03:15:00,147.305,147.338,147.279,147.334,870,0,0
2025-09-02 03:30:00,147.334,147.354,147.29,147.339,806,0,0
2025-09-02 03:45:00,147.338,147.356,147.21,147.305,1195,0,0
2025-09-02 04:00:00,147.305,147.401,147.296,147.315,949,0,0
2025-09-02 04:15:00,147.315,147.365,147.252,147.267,846,0,0
2025-09-02 04:30:00,147.267,147.546,147.192,147.441,1611,0,0
2025-09-02 04:45:00,147.442,147.586,147.438,147.546,1365,0,0
2025-09-02 05:00:00,147.546,147.694,147.528,147.692,1297,0,0
2025-09-02 05:15:00,147.692,147.718,147.655,147.655,942,0,0
2025-09-02 05:30:00,147.654,147.683,147.604,147.647,915,0,0
2025-09-02 05:45:00,147.647,147.679,147.638,147.666,613,0,0
2025-09-02 06:00:00,147.666,147.674,147.574,147.593,638,0,0
2025-09-02 06:15:00,147.593,147.641,147.583,147.606,482,0,0
2025-09-02 06:30:00,147.605,147.727,147.599,147.715,690,0,0
2025-09-02 06:45:00,147.715,147.752,147.701,147.706,542,0,0
2025-09-02 07:00:00,147.705,147.785,147.691,147.784,489,0,0
2025-09-02 07:15:00,147.784,147.825,147.773,147.811,626,0,0
2025-09-02 07:30:00,147.811,147.863,147.725,147.774,832,0,0
2025-09-02 07:45:00,147.774,147.777,147.687,147.725,861,0,0
2025-09-02 08:00:00,147.726,147.798,147.7,147.788,854,0,0
2025-09-02 08:15:00,147.788,147.872,147.734,147.861,765,0,0
2025-09-02 08:30:00,147.862,147.899,147.822,147.835,784,0,0
2025-09-02 08:45:00,147.836,147.926,147.834,147.917,910,0,0
2025-09-02 09:00:00,147.915,147.988,147.909,147.988,879,0,0
2025-09-02 09:15:00,147.986,148.051,147.945,147.988,1003,0,0
2025-09-02 09:30:00,147.988,148.03,147.938,148.022,1269,0,0
2025-09-02 09:45:00,148.021,148.031,147.956,147.962,1048,0,0
2025-09-02 10:00:00,147.961,148.275,147.951,148.259,1549,1,0
2025-09-02 10:15:00,148.262,148.459,148.163,148.432,2146,1,0
2025-09-02 10:30:00,148.433,148.673,148.409,148.462,2684,0,0
2025-09-02 10:45:00,148.462,148.742,148.444,148.652,2281,0,0
2025-09-02 11:00:00,148.646,148.792,148.565,148.575,2513,0,0
2025-09-02 11:15:00,148.575,148.581,148.322,148.348,1883,0,0
2025-09-02 11:30:00,148.35,148.439,148.225,148.334,1743,0,0
2025-09-02 11:45:00,148.334,148.506,148.313,148.44,1427,0,0
2025-09-02 12:00:00,148.441,148.566,148.372,148.541,1653,0,0
2025-09-02 12:15:00,148.541,148.646,148.54,148.611,1540,0,0
2025-09-02 12:30:00,148.611,148.636,148.512,148.518,1423,0,0
2025-09-02 12:45:00,148.517,148.598,148.483,148.561,1478,0,0
2025-09-02 13:00:00,148.563,148.672,148.538,148.582,1451,0,0
2025-09-02 13:15:00,148.583,148.71,148.575,148.663,1375,0,0
2025-09-02 13:30:00,148.662,148.668,148.537,148.615,1497,0,0
2025-09-02 13:45:00,148.615,148.671,148.563,148.604,1477,0,0
2025-09-02 14:00:00,148.604,148.683,148.513,148.588,1544,0,0
2025-09-02 14:15:00,148.588,148.685,148.557,148.666,1207,0,0
2025-09-02 14:30:00,148.666,148.741,148.6,148.626,1422,0,0
2025-09-02 14:45:00,148.627,148.658,148.591,148.619,1484,0,0
2025-09-02 15:00:00,148.618,148.722,148.532,148.704,2022,0,0
2025-09-02 15:15:00,148.704,148.867,148.695,148.813,2153,0,0
2025-09-02 15:30:00,148.814,148.924,148.751,148.881,2037,0,0
2025-09-02 15:45:00,148.879,148.944,148.791,148.823,2097,0,0
2025-09-02 16:00:00,148.822,148.848,148.581,148.586,2170,0,0
2025-09-02 16:15:00,148.586,148.61,148.519,148.557,1647,0,0
2025-09-02 16:30:00,148.558,148.569,148.36,148.391,2217,0,0
2025-09-02 16:45:00,148.39,148.491,148.349,148.416,2083,0,0
2025-09-02 17:00:00,148.395,148.395,148.054,148.057,2657,0,0
2025-09-02 17:15:00,148.058,148.08,147.939,148.063,2278,0,0
2025-09-02 17:30:00,148.052,148.127,147.95,148.005,2030,0,0
2025-09-02 17:45:00,148.005,148.126,147.949,148.084,2397,0,0
2025-09-02 18:00:00,148.086,148.245,148.073,148.219,2029,0,0
2025-09-02 18:15:00,148.222,148.255,148.155,148.227,1805,0,0
2025-09-02 18:30:00,148.227,148.337,148.21,148.286,1726,0,0
2025-09-02 18:45:00,148.285,148.285,148.204,148.232,1548,0,0
2025-09-02 19:00:00,148.234,148.29,148.199,148.23,1181,0,0
2025-09-02 19:15:00,148.232,148.332,148.231,148.302,1098,0,0
2025-09-02 19:30:00,148.302,148.336,148.268,148.304,828,0,0
2025-09-02 19:45:00,148.304,148.319,148.275,148.298,938,0,0
2025-09-02 20:00:00,148.299,148.348,148.258,148.269,854,0,0
2025-09-02 20:15:00,148.269,148.305,148.244,148.281,907,0,0
2025-09-02 20:30:00,148.28,148.397,148.272,148.369,689,0,0
2025-09-02 20:45:00,148.369,148.421,148.367,148.38,703,0,0
2025-09-02 21:00:00,148.381,148.448,148.368,148.403,843,0,0
2025-09-02 21:15:00,148.403,148.434,148.382,148.383,808,0,0
2025-09-02 21:30:00,148.384,148.452,148.382,148.452,754,0,0
2025-09-02 21:45:00,148.453,148.536,148.448,148.475,934,0,0
2025-09-02 22:00:00,148.476,148.48,148.406,148.418,808,0,0
2025-09-02 22:15:00,148.418,148.421,148.354,148.379,695,0,0
2025-09-02 22:30:00,148.379,148.38,148.318,148.336,544,0,0
2025-09-02 22:45:00,148.336,148.381,148.332,148.358,671,0,0
2025-09-02 23:00:00,148.349,148.366,148.334,148.36,321,0,0
2025-09-02 23:15:00,148.36,148.404,148.355,148.379,517,0,0
2025-09-02 23:30:00,148.378,148.41,148.357,148.361,397,0,0
2025-09-02 23:45:00,148.361,148.361,148.309,148.331,495,10,0
2025-09-03 00:00:00,148.354,148.354,148.245,148.285,75,22,0
2025-09-03 00:15:00,148.285,148.316,148.264,148.316,134,77,0
2025-09-03 00:30:00,148.318,148.34,148.283,148.34,155,66,0
2025-09-03 00:45:00,148.34,148.342,148.319,148.331,194,66,0
2025-09-03 01:00:00,148.359,148.386,148.318,148.355,258,0,0
2025-09-03 01:15:00,148.353,148.359,148.336,148.35,244,0,0
2025-09-03 01:30:00,148.35,148.378,148.344,148.363,284,0,0
2025-09-03 01:45:00,148.363,148.562,148.363,148.503,668,0,0
2025-09-03 02:00:00,148.497,148.528,148.448,148.523,428,0,0
2025-09-03 02:15:00,148.523,148.54,148.477,148.517,389,0,0
2025-09-03 02:30:00,148.517,148.579,148.513,148.57,355,0,0
2025-09-03 02:45:00,148.57,148.592,148.495,148.587,803,0,0
2025-09-03 03:00:00,148.581,148.627,148.513,148.583,1004,1,0
2025-09-03 03:15:00,148.583,148.667,148.575,148.634,975,0,0
2025-09-03 03:30:00,148.634,148.699,148.615,148.688,906,0,0
2025-09-03 03:45:00,148.688,148.768,148.651,148.758,1123,0,0
2025-09-03 04:00:00,148.757,148.805,148.723,148.745,959,0,0
2025-09-03 04:15:00,148.745,148.839,148.739,148.805,652,0,0
2025-09-03 04:30:00,148.805,148.833,148.766,148.8,844,0,0
2025-09-03 04:45:00,148.801,148.903,148.792,148.867,836,0,0
2025-09-03 05:00:00,148.868,148.872,148.746,148.798,787,0,0
2025-09-03 05:15:00,148.798,148.837,148.71,148.829,782,0,0
2025-09-03 05:30:00,148.829,148.905,148.795,148.835,826,0,0
2025-09-03 05:45:00,148.835,148.848,148.779,148.845,653,0,0
2025-09-03 06:00:00,148.844,148.869,148.812,148.865,686,0,0
2025-09-03 06:15:00,148.865,148.901,148.845,148.891,569,0,0
2025-09-03 06:30:00,148.891,148.919,148.875,148.891,586,0,0
2025-09-03 06:45:00,148.891,148.92,148.884,148.912,432,0,0
2025-09-03 07:00:00,148.914,148.924,148.764,148.803,737,0,0
2025-09-03 07:15:00,148.803,148.891,148.738,148.748,746,0,0
2025-09-03 07:30:00,148.748,148.748,148.633,148.636,830,0,0
2025-09-03 07:45:00,148.635,148.659,148.555,148.589,673,0,0
2025-09-03 08:00:00,148.589,148.658,148.564,148.644,715,0,0
2025-09-03 08:15:00,148.644,148.649,148.487,148.551,653,0,0
2025-09-03 08:30:00,148.551,148.653,148.543,148.632,732,0,0
2025-09-03 08:45:00,148.632,148.66,148.547,148.601,761,0,0
2025-09-03 09:00:00,148.604,148.683,148.567,148.661,1004,1,0
2025-09-03 09:15:00,148.66,148.663,148.55,148.566,1136,0,0
2025-09-03 09:30:00,148.57,148.612,148.511,148.57,1307,0,0
2025-09-03 09:45:00,148.576,148.626,148.56,148.613,1150,0,0
2025-09-03 10:00:00,148.615,148.781,148.615,148.762,1353,0,0
2025-09-03 10:15:00,148.762,149.135,148.755,148.967,2121,0,0
2025-09-03 10:30:00,148.967,148.987,148.768,148.857,1564,0,0
2025-09-03 10:45:00,148.857,148.86,148.684,148.737,1620,0,0
2025-09-03 11:00:00,148.737,148.747,148.623,148.7,1745,0,0
2025-09-03 11:15:00,148.701,148.714,148.597,148.692,1307,0,0
2025-09-03 11:30:00,148.691,148.772,148.685,148.757,1352,0,0
2025-09-03 11:45:00,148.759,148.76,148.564,148.587,1179,0,0
2025-09-03 12:00:00,148.587,148.668,148.56,148.644,1118,0,0
2025-09-03 12:15:00,148.644,148.709,148.628,148.662,998,0,0
2025-09-03 12:30:00,148.662,148.662,148.484,148.491,1490,0,0
2025-09-03 12:45:00,148.495,148.564,148.434,148.558,1364,0,0
2025-09-03 13:00:00,148.557,148.563,148.477,148.554,1077,0,0
2025-09-03 13:15:00,148.554,148.61,148.542,148.599,1029,0,0
2025-09-03 13:30:00,148.598,148.702,148.598,148.699,1064,0,0
2025-09-03 13:45:00,148.697,148.734,148.656,148.694,995,0,0
2025-09-03 14:00:00,148.693,148.727,148.646,148.677,1338,0,0
2025-09-03 14:15:00,148.677,148.707,148.637,148.681,1024,0,0
2025-09-03 14:30:00,148.684,148.689,148.6,148.625,1314,0,0
2025-09-03 14:45:00,148.626,148.653,148.599,148.618,1118,0,0
2025-09-03 15:00:00,148.618,148.644,148.547,148.575,1332,0,0
2025-09-03 15:15:00,148.575,148.71,148.573,148.629,1272,0,0
2025-09-03 15:30:00,148.629,148.75,148.598,148.743,1432,0,0
2025-09-03 15:45:00,148.743,148.801,148.656,148.728,1744,0,0
2025-09-03 16:00:00,148.726,148.796,148.693,148.719,1859,0,0
2025-09-03 16:15:00,148.716,148.793,148.688,148.688,1624,0,0
2025-09-03 16:30:00,148.694,148.758,148.622,148.726,2103,0,0
2025-09-03 16:45:00,148.727,148.766,148.575,148.643,1830,0,0
2025-09-03 17:00:00,148.641,148.641,148.156,148.189,2829,0,0
2025-09-03 17:15:00,148.19,148.224,148.076,148.115,2224,0,0
2025-09-03 17:30:00,148.115,148.246,148.095,148.143,2091,0,0
2025-09-03 17:45:00,148.143,148.274,148.104,148.171,2054,0,0
2025-09-03 18:00:00,148.171,148.198,148.022,148.099,1733,0,0
2025-09-03 18:15:00,148.099,148.201,147.982,147.998,1575,0,0
2025-09-03 18:30:00,147.998,148.055,147.932,148.02,1517,0,0
2025-09-03 18:45:00,148.021,148.057,147.95,147.97,1466,0,0
2025-09-03 19:00:00,147.969,148.033,147.931,147.983,1240,0,0
2025-09-03 19:15:00,147.983,147.991,147.908,147.957,840,0,0
2025-09-03 19:30:00,147.956,148.008,147.928,148.004,792,0,0
2025-09-03 19:45:00,148.003,148.006,147.91,147.939,767,0,0
2025-09-03 20:00:00,147.937,147.948,147.906,147.931,768,0,0
2025-09-03 20:15:00,147.931,147.948,147.88,147.909,783,0,0
2025-09-03 20:30:00,147.91,148.001,147.901,147.957,812,0,0
2025-09-03 20:45:00,147.957,148.056,147.952,148.04,693,0,0
2025-09-03 21:00:00,148.041,148.068,147.964,147.967,854,0,0
2025-09-03 21:15:00,147.967,147.979,147.938,147.942,669,0,0
2025-09-03 21:30:00,147.943,148.009,147.919,147.978,1078,0,0
2025-09-03 21:45:00,147.978,147.981,147.928,147.972,893,0,0
2025-09-03 22:00:00,147.97,148.043,147.964,148.028,766,0,0
2025-09-03 22:15:00,148.031,148.096,148.026,148.066,572,0,0
2025-09-03 22:30:00,148.066,148.107,148.065,148.068,573,0,0
2025-09-03 22:45:00,148.067,148.134,148.067,148.133,652,0,0
2025-09-03 23:00:00,148.135,148.161,148.11,148.135,372,0,0
2025-09-03 23:15:00,148.135,148.161,148.118,148.131,504,0,0
2025-09-03 23:30:00,148.131,148.132,148.089,148.091,547,0,0
2025-09-03 23:45:00,148.091,148.111,148.079,148.105,434,10,0
2025-09-04 00:00:00,148.02,148.052,148.02,148.031,72,66,0
2025-09-04 00:15:00,148.031,148.074,148.029,148.07,68,66,0
2025-09-04 00:30:00,148.074,148.074,148.025,148.026,149,66,0
2025-09-04 00:45:00,148.026,148.041,148.023,148.025,207,66,0
2025-09-04 01:00:00,148.025,148.148,148.025,148.139,247,0,0
2025-09-04 01:15:00,148.139,148.139,148.061,148.101,273,0,0
2025-09-04 01:30:00,148.101,148.101,148.053,148.054,281,0,0
2025-09-04 01:45:00,148.054,148.075,148.036,148.059,333,0,0
2025-09-04 02:00:00,148.063,148.065,147.967,147.975,398,0,0
2025-09-04 02:15:00,147.975,148.027,147.95,148.016,484,0,0
2025-09-04 02:30:00,148.015,148.064,147.953,147.958,503,0,0
2025-09-04 02:45:00,147.957,148.016,147.957,147.977,562,0,0
2025-09-04 03:00:00,147.971,148.127,147.926,147.948,1584,0,0
2025-09-04 03:15:00,147.948,148.078,147.905,148.055,1098,0,0
2025-09-04 03:30:00,148.056,148.172,148.036,148.14,1070,0,0
2025-09-04 03:45:00,148.14,148.172,147.95,148.029,1409,0,0
2025-09-04 04:00:00,148.03,148.112,147.984,148.024,1135,0,0
2025-09-04 04:15:00,148.024,148.095,147.985,147.993,1015,0,0
2025-09-04 04:30:00,147.994,148.009,147.79,147.971,1461,0,0
2025-09-04 04:45:00,147.971,148.053,147.954,148.014,1014,0,0
2025-09-04 05:00:00,148.016,148.131,148.016,148.108,1064,0,0
2025-09-04 05:15:00,148.108,148.13,148.059,148.064,1009,0,0
2025-09-04 05:30:00,148.064,148.16,148.032,148.137,973,0,0
2025-09-04 05:45:00,148.136,148.192,148.113,148.137,973,0,0
2025-09-04 06:00:00,148.137,148.196,148.121,148.185,864,0,0
2025-09-04 06:15:00,148.186,148.19,148.142,148.158,745,0,0
2025-09-04 06:30:00,148.16,148.258,148.155,148.226,740,0,0
2025-09-04 06:45:00,148.226,148.266,148.219,148.245,557,0,0
2025-09-04 07:00:00,148.245,148.274,148.227,148.264,545,0,0
2025-09-04 07:15:00,148.264,148.282,148.201,148.222,564,0,0
2025-09-04 07:30:00,148.222,148.246,148.128,148.167,581,0,0
2025-09-04 07:45:00,148.167,148.269,148.165,148.243,670,0,0
2025-09-04 08:00:00,148.243,148.276,148.234,148.257,588,0,0
2025-09-04 08:15:00,148.258,148.282,148.199,148.217,681,0,0
2025-09-04 08:30:00,148.22,148.222,148.16,148.178,696,0,0
2025-09-04 08:45:00,148.18,148.259,148.171,148.225,801,0,0
2025-09-04 09:00:00,148.232,148.248,148.133,148.167,1010,1,0
2025-09-04 09:15:00,148.169,148.217,148.162,148.179,811,0,0
2025-09-04 09:30:00,148.181,148.248,148.167,148.212,1087,0,0
2025-09-04 09:45:00,148.213,148.248,148.163,148.197,1106,0,0
2025-09-04 10:00:00,148.198,148.311,148.112,148.21,1653,0,0
2025-09-04 10:15:00,148.222,148.369,148.206,148.271,1426,0,0
2025-09-04 10:30:00,148.271,148.344,148.255,148.325,1229,0,0
2025-09-04 10:45:00,148.326,148.415,148.311,148.366,1279,0,0
2025-09-04 11:00:00,148.369,148.399,148.285,148.334,1355,0,0
2025-09-04 11:15:00,148.334,148.401,148.31,148.378,1098,0,0
2025-09-04 11:30:00,148.374,148.406,148.137,148.279,1361,0,0
2025-09-04 11:45:00,148.279,148.302,148.196,148.218,989,0,0
2025-09-04 12:00:00,148.216,148.25,148.169,148.226,1026,0,0
2025-09-04 12:15:00,148.225,148.361,148.205,148.36,1104,0,0
2025-09-04 12:30:00,148.361,148.374,148.302,148.315,958,0,0
2025-09-04 12:45:00,148.319,148.366,148.298,148.321,1046,0,0
2025-09-04 13:00:00,148.321,148.337,148.227,148.229,896,0,0
2025-09-04 13:15:00,148.229,148.275,148.229,148.245,1079,0,0
2025-09-04 13:30:00,148.247,148.281,148.206,148.281,924,0,0
2025-09-04 13:45:00,148.281,148.302,148.243,148.262,903,0,0
2025-09-04 14:00:00,148.262,148.368,148.253,148.33,1168,0,0
2025-09-04 14:15:00,148.33,148.351,148.311,148.34,820,0,0
2025-09-04 14:30:00,148.341,148.354,148.301,148.328,1056,0,0
2025-09-04 14:45:00,148.329,148.393,148.296,148.345,1085,0,0
2025-09-04 15:00:00,148.345,148.356,148.254,148.254,1247,0,0
2025-09-04 15:15:00,148.236,148.362,148.008,148.338,2003,0,0
2025-09-04 15:30:00,148.345,148.531,148.137,148.444,2429,0,0
2025-09-04 15:45:00,148.443,148.513,148.405,148.43,1823,0,0
2025-09-04 16:00:00,148.43,148.529,148.349,148.51,1956,0,0
2025-09-04 16:15:00,148.509,148.522,148.392,148.444,1549,0,0
2025-09-04 16:30:00,148.448,148.469,148.395,148.457,1727,0,0
2025-09-04 16:45:00,148.443,148.495,148.39,148.422,1845,0,0
2025-09-04 17:00:00,148.547,148.625,148.386,148.411,2666,0,0
2025-09-04 17:15:00,148.411,148.518,148.406,148.496,2020,0,0
2025-09-04 17:30:00,148.495,148.711,148.486,148.671,1845,0,0
2025-09-04 17:45:00,148.671,148.752,148.649,148.739,1716,0,0
2025-09-04 18:00:00,148.738,148.774,148.695,148.761,1491,0,0
2025-09-04 18:15:00,148.761,148.779,148.666,148.667,1091,0,0
2025-09-04 18:30:00,148.666,148.71,148.647,148.687,1243,0,0
2025-09-04 18:45:00,148.687,148.709,148.626,148.63,1215,0,0
2025-09-04 19:00:00,148.628,148.743,148.611,148.73,1128,0,0
2025-09-04 19:15:00,148.728,148.735,148.648,148.664,988,0,0
2025-09-04 19:30:00,148.664,148.674,148.596,148.63,761,0,0
2025-09-04 19:45:00,148.63,148.655,148.606,148.62,671,0,0
2025-09-04 20:00:00,148.62,148.673,148.607,148.643,822,0,0
2025-09-04 20:15:00,148.644,148.655,148.624,148.652,655,0,0
2025-09-04 20:30:00,148.652,148.667,148.633,148.65,548,0,0
2025-09-04 20:45:00,148.65,148.673,148.644,148.645,690,0,0
2025-09-04 21:00:00,148.646,148.653,148.584,148.59,737,0,0
2025-09-04 21:15:00,148.589,148.607,148.566,148.585,636,0,0
2025-09-04 21:30:00,148.586,148.59,148.56,148.581,498,0,0
2025-09-04 21:45:00,148.581,148.6,148.538,148.564,566,0,0
2025-09-04 22:00:00,148.565,148.565,148.505,148.511,463,0,0
2025-09-04 22:15:00,148.511,148.524,148.488,148.512,497,0,0
2025-09-04 22:30:00,148.512,148.514,148.461,148.466,519,0,0
2025-09-04 22:45:00,148.466,148.508,148.454,148.484,513,0,0
2025-09-04 23:00:00,148.484,148.552,148.467,148.521,424,0,0
2025-09-04 23:15:00,148.521,148.536,148.474,148.507,463,0,0
2025-09-04 23:30:00,148.507,148.513,148.449,148.45,494,0,0
2025-09-04 23:45:00,148.45,148.466,148.437,148.463,539,10,0
2025-09-05 00:00:00,148.479,148.485,148.456,148.469,30,17,0
2025-09-05 00:15:00,148.469,148.469,148.334,148.378,205,66,0
2025-09-05 00:30:00,148.379,148.42,148.375,148.396,180,66,0
2025-09-05 00:45:00,148.395,148.403,148.381,148.395,103,66,0
2025-09-05 01:00:00,148.395,148.505,148.395,148.504,327,0,0
2025-09-05 01:15:00,148.504,148.51,148.471,148.482,220,0,0
2025-09-05 01:30:00,148.482,148.499,148.426,148.483,342,0,0
2025-09-05 01:45:00,148.483,148.517,148.44,148.481,317,0,0
2025-09-05 02:00:00,148.481,148.512,148.462,148.47,324,0,0
2025-09-05 02:15:00,148.47,148.483,148.409,148.425,508,0,0
2025-09-05 02:30:00,148.425,148.426,148.344,148.364,673,0,0
2025-09-05 02:45:00,148.364,148.426,148.33,148.423,729,0,0
2025-09-05 03:00:00,148.421,148.44,148.31,148.329,1217,0,0
2025-09-05 03:15:00,148.328,148.38,148.305,148.354,1053,0,0
2025-09-05 03:30:00,148.354,148.354,148.263,148.288,881,0,0
2025-09-05 03:45:00,148.285,148.309,148.129,148.173,1361,0,0
2025-09-05 04:00:00,148.173,148.2,148.132,148.188,1044,0,0
2025-09-05 04:15:00,148.188,148.266,148.172,148.205,870,0,0
2025-09-05 04:30:00,148.207,148.247,148.173,148.241,631,0,0
2025-09-05 04:45:00,148.241,148.245,148.091,148.144,984,0,0
2025-09-05 05:00:00,148.142,148.181,148.083,148.126,723,0,0
2025-09-05 05:15:00,148.126,148.166,148.107,148.134,551,0,0
2025-09-05 05:30:00,148.143,148.163,148.117,148.132,462,0,0
2025-09-05 05:45:00,148.131,148.182,148.13,148.181,453,0,0
2025-09-05 06:00:00,148.181,148.21,148.143,148.166,526,0,0
2025-09-05 06:15:00,148.166,148.184,148.117,148.121,483,0,0
2025-09-05 06:30:00,148.121,148.179,148.11,148.178,548,0,0
2025-09-05 06:45:00,148.177,148.182,148.134,148.177,345,0,0
2025-09-05 07:00:00,148.176,148.205,148.167,148.191,428,0,0
2025-09-05 07:15:00,148.191,148.228,148.185,148.219,439,0,0
2025-09-05 07:30:00,148.219,148.229,148.193,148.227,454,0,0
2025-09-05 07:45:00,148.227,148.238,148.213,148.22,476,0,0
2025-09-05 08:00:00,148.22,148.223,148.177,148.188,459,0,0
2025-09-05 08:15:00,148.188,148.204,148.169,148.189,484,0,0
2025-09-05 08:30:00,148.19,148.211,148.185,148.194,565,0,0
2025-09-05 08:45:00,148.194,148.204,148.171,148.172,579,0,0
2025-09-05 09:00:00,148.173,148.251,148.149,148.247,754,1,0
2025-09-05 09:15:00,148.247,148.274,148.181,148.21,1004,1,0
2025-09-05 09:30:00,148.21,148.27,148.194,148.231,1322,0,0
2025-09-05 09:45:00,148.234,148.262,148.198,148.237,897,0,0
2025-09-05 10:00:00,148.237,148.253,148.192,148.23,1285,0,0
2025-09-05 10:15:00,148.23,148.25,148.205,148.23,1154,0,0
2025-09-05 10:30:00,148.23,148.258,148.191,148.211,1013,0,0
2025-09-05 10:45:00,148.212,148.247,148.194,148.213,915,0,0
2025-09-05 11:00:00,148.214,148.225,148.159,148.182,1016,0,0
2025-09-05 11:15:00,148.183,148.183,148.115,148.134,983,0,0
2025-09-05 11:30:00,148.133,148.193,148.124,148.168,857,0,0
2025-09-05 11:45:00,148.168,148.184,148.15,148.163,732,0,0
2025-09-05 12:00:00,148.164,148.174,148.131,148.143,791,0,0
2025-09-05 12:15:00,148.143,148.157,148.086,148.125,837,0,0
2025-09-05 12:30:00,148.124,148.188,148.089,148.161,793,0,0
2025-09-05 12:45:00,148.161,148.189,148.154,148.174,690,0,0
2025-09-05 13:00:00,148.174,148.186,148.155,148.173,749,0,0
2025-09-05 13:15:00,148.173,148.173,148.081,148.095,786,0,0
2025-09-05 13:30:00,148.095,148.139,148.095,148.104,825,0,0
2025-09-05 13:45:00,148.104,148.156,148.101,148.146,836,0,0
2025-09-05 14:00:00,148.146,148.186,148.134,148.157,809,0,0
2025-09-05 14:15:00,148.158,148.232,148.144,148.22,937,0,0
2025-09-05 14:30:00,148.22,148.254,148.202,148.214,746,0,0
2025-09-05 14:45:00,148.214,148.244,148.187,148.198,1153,0,0
2025-09-05 15:00:00,148.198,148.2,147.916,148.044,2008,0,0
2025-09-05 15:15:00,148.044,148.085,147.911,147.937,2052,0,0
2025-09-05 15:30:00,147.93,147.932,147.183,147.395,4223,0,0
2025-09-05 15:45:00,147.395,147.52,147.262,147.298,3188,0,0
2025-09-05 16:00:00,147.296,147.34,147.08,147.111,2837,0,0
2025-09-05 16:15:00,147.11,147.466,147.11,147.312,2958,0,0
2025-09-05 16:30:00,147.31,147.393,147.165,147.226,2625,0,0
2025-09-05 16:45:00,147.227,147.227,147.042,147.059,2449,0,0
2025-09-05 17:00:00,147.057,147.144,146.993,147.093,2422,0,0
2025-09-05 17:15:00,147.092,147.208,147.065,147.179,2460,0,0
2025-09-05 17:30:00,147.179,147.19,147.033,147.081,2371,0,0
2025-09-05 17:45:00,147.08,147.207,147.024,147.079,2204,0,0
2025-09-05 18:00:00,147.079,147.085,146.899,146.906,2193,0,0
2025-09-05 18:15:00,146.906,147.008,146.894,146.978,1916,0,0
2025-09-05 18:30:00,146.978,146.997,146.898,146.903,1595,0,0
2025-09-05 18:45:00,146.904,146.927,146.818,146.839,1701,0,0
2025-09-05 19:00:00,146.843,146.917,146.825,146.837,1418,0,0
2025-09-05 19:15:00,146.838,146.919,146.824,146.895,1165,0,0
2025-09-05 19:30:00,146.895,147.04,146.889,147.024,1285,0,0
2025-09-05 19:45:00,147.024,147.153,147.009,147.14,1194,0,0
2025-09-05 20:00:00,147.14,147.29,147.132,147.23,1458,0,0
2025-09-05 20:15:00,147.231,147.241,147.179,147.204,1168,0,0
2025-09-05 20:30:00,147.203,147.259,147.164,147.224,1011,0,0
2025-09-05 20:45:00,147.224,147.306,147.186,147.275,1061,0,0
2025-09-05 21:00:00,147.277,147.328,147.267,147.313,1031,0,0
2025-09-05 21:15:00,147.31,147.385,147.298,147.373,898,0,0
2025-09-05 21:30:00,147.373,147.46,147.359,147.457,986,0,0
2025-09-05 21:45:00,147.457,147.486,147.434,147.465,901,0,0
2025-09-05 22:00:00,147.467,147.467,147.373,147.412,876,0,0
2025-09-05 22:15:00,147.412,147.437,147.406,147.431,728,0,0
2025-09-05 22:30:00,147.431,147.485,147.411,147.459,693,0,0
2025-09-05 22:45:00,147.459,147.503,147.432,147.465,822,0,0
2025-09-05 23:00:00,147.464,147.507,147.444,147.48,684,0,0
2025-09-05 23:15:00,147.478,147.49,147.456,147.476,437,0,0
2025-09-05 23:30:00,147.475,147.479,147.332,147.343,531,0,0
2025-09-05 23:45:00,147.343,147.409,147.328,147.393,707,10,0
2025-09-08 00:00:00,148.072,148.217,148.042,148.143,656,66,0
2025-09-08 00:15:00,148.143,148.146,148.05,148.087,216,66,0
2025-09-08 00:30:00,148.087,148.129,148.05,148.051,174,82,0
2025-09-08 00:45:00,148.051,148.075,147.892,147.909,524,75,0
2025-09-08 01:00:00,147.934,148.235,147.889,148.23,1074,0,0
2025-09-08 01:15:00,148.23,148.23,148.139,148.168,851,0,0
2025-09-08 01:30:00,148.168,148.447,148.167,148.416,1078,0,0
2025-09-08 01:45:00,148.416,148.474,148.368,148.432,711,0,0
2025-09-08 02:00:00,148.436,148.45,148.212,148.313,968,0,0
2025-09-08 02:15:00,148.313,148.433,148.266,148.409,823,0,0
2025-09-08 02:30:00,148.409,148.453,148.358,148.37,831,0,0
2025-09-08 02:45:00,148.37,148.407,148.288,148.319,1287,0,0
2025-09-08 03:00:00,148.31,148.544,148.298,148.466,1924,0,0
2025-09-08 03:15:00,148.466,148.579,148.452,148.481,1564,0,0
2025-09-08 03:30:00,148.48,148.483,148.375,148.428,1053,0,0
2025-09-08 03:45:00,148.428,148.459,148.298,148.34,1506,0,0
2025-09-08 04:00:00,148.336,148.358,148.211,148.302,1361,0,0
2025-09-08 04:15:00,148.302,148.389,148.266,148.355,1258,0,0
2025-09-08 04:30:00,148.354,148.384,148.243,148.247,1177,0,0
2025-09-08 04:45:00,148.247,148.259,148.125,148.142,1246,0,0
2025-09-08 05:00:00,148.137,148.137,148.003,148.061,1179,0,0
2025-09-08 05:15:00,148.061,148.156,148.047,148.115,739,0,0
2025-09-08 05:30:00,148.114,148.148,148.018,148.073,859,0,0
2025-09-08 05:45:00,148.073,148.104,148.037,148.082,862,0,0
2025-09-08 06:00:00,148.082,148.132,148.02,148.116,891,0,0
2025-09-08 06:15:00,148.117,148.151,148.067,148.134,753,0,0
2025-09-08 06:30:00,148.134,148.193,148.134,148.19,670,0,0
2025-09-08 06:45:00,148.19,148.226,148.162,148.202,625,0,0
2025-09-08 07:00:00,148.202,148.255,148.157,148.241,798,0,0
2025-09-08 07:15:00,148.241,148.244,148.147,148.19,602,0,0
2025-09-08 07:30:00,148.19,148.193,148.113,148.135,669,0,0
2025-09-08 07:45:00,148.135,148.171,148.118,148.169,617,0,0
2025-09-08 08:00:00,148.169,148.179,148.113,148.117,686,0,0
2025-09-08 08:15:00,148.116,148.121,148.048,148.068,592,0,0
2025-09-08 08:30:00,148.068,148.071,148.006,148.068,706,0,0
2025-09-08 08:45:00,148.067,148.162,148.067,148.14,691,0,0
2025-09-08 09:00:00,148.135,148.161,148.007,148.02,1163,0,0
2025-09-08 09:15:00,148.02,148.138,147.977,148.039,1222,0,0
2025-09-08 09:30:00,148.04,148.048,147.948,147.95,1373,0,0
2025-09-08 09:45:00,147.95,147.982,147.804,147.831,1388,0,0
2025-09-08 10:00:00,147.833,147.835,147.719,147.721,1572,0,0
2025-09-08 10:15:00,147.721,147.745,147.599,147.636,1376,0,0
2025-09-08 10:30:00,147.636,147.665,147.538,147.54,1408,0,0
2025-09-08 10:45:00,147.54,147.596,147.516,147.532,1314,0,0
2025-09-08 11:00:00,147.532,147.566,147.464,147.496,1372,0,0
2025-09-08 11:15:00,147.495,147.643,147.493,147.643,1171,0,0
2025-09-08 11:30:00,147.642,147.657,147.598,147.655,1099,0,0
2025-09-08 11:45:00,147.655,147.738,147.62,147.687,1173,0,0
2025-09-08 12:00:00,147.686,147.746,147.665,147.724,1202,0,0
2025-09-08 12:15:00,147.724,147.769,147.671,147.746,976,0,0
2025-09-08 12:30:00,147.747,147.755,147.689,147.701,948,0,0
2025-09-08 12:45:00,147.701,147.774,147.684,147.753,880,0,0
2025-09-08 13:00:00,147.753,147.873,147.744,147.861,1139,0,0
2025-09-08 13:15:00,147.862,147.879,147.837,147.844,929,0,0
2025-09-08 13:30:00,147.844,147.859,147.816,147.839,982,0,0
2025-09-08 13:45:00,147.839,147.864,147.791,147.804,939,0,0
2025-09-08 14:00:00,147.805,147.815,147.73,147.787,1066,0,0
2025-09-08 14:15:00,147.787,147.804,147.756,147.775,812,0,0
2025-09-08 14:30:00,147.775,147.775,147.679,147.691,1194,0,0
2025-09-08 14:45:00,147.692,147.82,147.676,147.78,1328,0,0
2025-09-08 15:00:00,147.781,147.846,147.76,147.786,1225,0,0
2025-09-08 15:15:00,147.785,147.878,147.761,147.819,1283,0,0
2025-09-08 15:30:00,147.819,147.825,147.699,147.736,1352,0,0
2025-09-08 15:45:00,147.736,147.759,147.651,147.698,1268,0,0
2025-09-08 16:00:00,147.696,147.743,147.573,147.606,1555,0,0
2025-09-08 16:15:00,147.607,147.689,147.593,147.603,1433,0,0
2025-09-08 16:30:00,147.601,147.703,147.538,147.673,1640,0,0
2025-09-08 16:45:00,147.673,147.738,147.631,147.679,1745,0,0
2025-09-08 17:00:00,147.678,147.737,147.625,147.72,1706,0,0
2025-09-08 17:15:00,147.72,147.798,147.701,147.707,1465,0,0
2025-09-08 17:30:00,147.707,147.874,147.674,147.855,1621,0,0
2025-09-08 17:45:00,147.853,147.871,147.749,147.75,1545,0,0
2025-09-08 18:00:00,147.75,147.766,147.599,147.623,1530,0,0
2025-09-08 18:15:00,147.623,147.633,147.569,147.624,1069,0,0
2025-09-08 18:30:00,147.624,147.642,147.586,147.612,1076,0,0
2025-09-08 18:45:00,147.612,147.637,147.544,147.59,991,0,0
2025-09-08 19:00:00,147.591,147.628,147.567,147.611,782,0,0
2025-09-08 19:15:00,147.611,147.624,147.553,147.614,806,0,0
2025-09-08 19:30:00,147.615,147.777,147.615,147.711,993,0,0
2025-09-08 19:45:00,147.71,147.742,147.673,147.687,911,0,0
2025-09-08 20:00:00,147.687,147.746,147.677,147.743,781,0,0
2025-09-08 20:15:00,147.743,147.768,147.674,147.696,876,0,0
2025-09-08 20:30:00,147.696,147.756,147.695,147.736,635,0,0
2025-09-08 20:45:00,147.736,147.75,147.69,147.732,662,0,0
2025-09-08 21:00:00,147.733,147.733,147.673,147.674,758,0,0
2025-09-08 21:15:00,147.674,147.674,147.571,147.572,690,0,0
2025-09-08 21:30:00,147.572,147.584,147.544,147.55,697,0,0
2025-09-08 21:45:00,147.55,147.564,147.447,147.46,762,0,0
2025-09-08 22:00:00,147.46,147.476,147.348,147.372,710,0,0
2025-09-08 22:15:00,147.373,147.427,147.372,147.384,677,0,0
2025-09-08 22:30:00,147.384,147.396,147.362,147.364,561,0,0
2025-09-08 22:45:00,147.364,147.42,147.339,147.42,599,0,0
2025-09-08 23:00:00,147.42,147.455,147.377,147.435,510,0,0
2025-09-08 23:15:00,147.437,147.476,147.428,147.464,358,0,0
2025-09-08 23:30:00,147.465,147.535,147.459,147.529,373,0,0
2025-09-08 23:45:00,147.531,147.534,147.488,147.516,466,10,0
2025-09-09 00:00:00,147.45,147.575,147.374,147.448,56,66,0
2025-09-09 00:15:00,147.448,147.482,147.437,147.48,224,90,0
2025-09-09 00:30:00,147.45,147.496,147.441,147.496,346,66,0
2025-09-09 00:45:00,147.496,147.511,147.445,147.47,352,66,0
2025-09-09 01:00:00,147.47,147.522,147.445,147.474,558,0,0
2025-09-09 01:15:00,147.474,147.486,147.453,147.473,275,0,0
2025-09-09 01:30:00,147.473,147.476,147.426,147.442,281,0,0
2025-09-09 01:45:00,147.442,147.452,147.39,147.413,338,0,0
2025-09-09 02:00:00,147.403,147.423,147.35,147.382,436,0,0
2025-09-09 02:15:00,147.382,147.384,147.222,147.229,649,0,0
2025-09-09 02:30:00,147.226,147.327,147.214,147.296,510,0,0
2025-09-09 02:45:00,147.296,147.389,147.286,147.377,621,0,0
2025-09-09 03:00:00,147.376,147.433,147.345,147.371,1169,0,0
2025-09-09 03:15:00,147.371,147.394,147.193,147.217,977,0,0
2025-09-09 03:30:00,147.217,147.291,147.181,147.285,981,0,0
2025-09-09 03:45:00,147.285,147.362,147.156,147.346,1391,0,0
2025-09-09 04:00:00,147.347,147.375,147.304,147.318,1002,0,0
2025-09-09 04:15:00,147.318,147.401,147.312,147.377,843,0,0
2025-09-09 04:30:00,147.377,147.402,147.312,147.337,870,0,0
2025-09-09 04:45:00,147.337,147.346,147.199,147.239,918,0,0
2025-09-09 05:00:00,147.239,147.277,147.213,147.241,749,0,0
2025-09-09 05:15:00,147.24,147.305,147.235,147.302,735,0,0
2025-09-09 05:30:00,147.302,147.315,147.275,147.285,533,0,0
2025-09-09 05:45:00,147.284,147.34,147.278,147.335,640,0,0
2025-09-09 06:00:00,147.335,147.372,147.322,147.342,612,0,0
2025-09-09 06:15:00,147.342,147.404,147.342,147.381,594,0,0
2025-09-09 06:30:00,147.381,147.393,147.353,147.363,480,0,0
2025-09-09 06:45:00,147.363,147.385,147.341,147.367,507,0,0
2025-09-09 07:00:00,147.367,147.378,147.284,147.285,516,0,0
2025-09-09 07:15:00,147.284,147.304,147.177,147.177,767,0,0
2025-09-09 07:30:00,147.175,147.218,147.139,147.185,716,0,0
2025-09-09 07:45:00,147.185,147.187,147.096,147.129,600,0,0
2025-09-09 08:00:00,147.13,147.133,147.035,147.056,768,0,0
2025-09-09 08:15:00,147.056,147.079,147.005,147.009,711,0,0
2025-09-09 08:30:00,147.009,147.022,146.896,146.929,820,0,0
2025-09-09 08:45:00,146.93,146.956,146.847,146.859,822,0,0
2025-09-09 09:00:00,146.855,147.035,146.818,146.998,1281,0,0
2025-09-09 09:15:00,146.997,147.054,146.966,147.012,1101,0,0
2025-09-09 09:30:00,147.01,147.09,146.957,147.066,1265,0,0
2025-09-09 09:45:00,147.063,147.134,147.045,147.052,1159,0,0
2025-09-09 10:00:00,147.051,147.058,147.002,147.01,1042,0,0
2025-09-09 10:15:00,147.01,147.177,147.004,147.162,1207,0,0
2025-09-09 10:30:00,147.163,147.244,147.128,147.242,1087,0,0
2025-09-09 10:45:00,147.24,147.316,147.194,147.206,1322,0,0
2025-09-09 11:00:00,147.206,147.312,147.206,147.287,1153,0,0
2025-09-09 11:15:00,147.288,147.335,146.671,146.676,2679,0,0
2025-09-09 11:30:00,146.673,146.743,146.563,146.697,1820,0,0
2025-09-09 11:45:00,146.697,146.77,146.605,146.627,1259,0,0
2025-09-09 12:00:00,146.621,146.621,146.363,146.46,1578,0,0
2025-09-09 12:15:00,146.46,146.554,146.408,146.414,1229,0,0
2025-09-09 12:30:00,146.415,146.476,146.327,146.457,1105,0,0
2025-09-09 12:45:00,146.457,146.471,146.307,146.348,919,0,0
2025-09-09 13:00:00,146.341,146.435,146.327,146.4,1011,0,0
2025-09-09 13:15:00,146.4,146.467,146.367,146.408,922,0,0
2025-09-09 13:30:00,146.408,146.52,146.402,146.505,868,0,0
2025-09-09 13:45:00,146.505,146.513,146.448,146.47,861,0,0
2025-09-09 14:00:00,146.471,146.564,146.463,146.561,934,0,0
2025-09-09 14:15:00,146.561,146.621,146.527,146.579,879,0,0
2025-09-09 14:30:00,146.579,146.624,146.568,146.612,839,0,0
2025-09-09 14:45:00,146.612,146.767,146.602,146.729,1320,0,0
2025-09-09 15:00:00,146.728,146.823,146.726,146.796,1606,0,0
2025-09-09 15:15:00,146.796,146.906,146.792,146.871,1647,0,0
2025-09-09 15:30:00,146.872,147.005,146.871,146.947,1549,0,0
2025-09-09 15:45:00,146.947,146.954,146.855,146.924,1550,0,0
2025-09-09 16:00:00,146.924,146.969,146.836,146.84,1863,0,0
2025-09-09 16:15:00,146.84,146.84,146.776,146.795,1547,0,0
2025-09-09 16:30:00,146.791,146.869,146.78,146.857,1935,0,0
2025-09-09 16:45:00,146.853,146.893,146.786,146.87,1767,0,0
2025-09-09 17:00:00,146.86,147.105,146.527,146.939,3339,0,0
2025-09-09 17:15:00,146.939,147.049,146.852,146.934,2519,0,0
2025-09-09 17:30:00,146.936,147.119,146.931,146.985,2455,0,0
2025-09-09 17:45:00,146.986,147.132,146.946,147.098,1982,0,0
2025-09-09 18:00:00,147.097,147.295,147.097,147.294,2141,0,0
2025-09-09 18:15:00,147.294,147.352,147.187,147.194,1746,0,0
2025-09-09 18:30:00,147.194,147.219,147.154,147.168,1265,0,0
2025-09-09 18:45:00,147.168,147.271,147.162,147.236,1098,0,0
2025-09-09 19:00:00,147.236,147.259,147.182,147.2,984,0,0
2025-09-09 19:15:00,147.201,147.337,147.181,147.269,957,0,0
2025-09-09 19:30:00,147.269,147.283,147.184,147.281,823,0,0
2025-09-09 19:45:00,147.281,147.311,147.256,147.272,899,0,0
2025-09-09 20:00:00,147.273,147.358,147.236,147.306,971,0,0
2025-09-09 20:15:00,147.306,147.354,147.277,147.348,812,0,0
2025-09-09 20:30:00,147.344,147.351,147.309,147.33,831,0,0
2025-09-09 20:45:00,147.33,147.362,147.313,147.356,980,0,0
2025-09-09 21:00:00,147.357,147.398,147.316,147.349,875,0,0
2025-09-09 21:15:00,147.349,147.401,147.342,147.385,777,0,0
2025-09-09 21:30:00,147.386,147.428,147.375,147.427,734,0,0
2025-09-09 21:45:00,147.427,147.432,147.397,147.402,713,0,0
2025-09-09 22:00:00,147.398,147.454,147.392,147.443,728,0,0
2025-09-09 22:15:00,147.443,147.46,147.425,147.43,663,0,0
2025-09-09 22:30:00,147.43,147.46,147.4,147.454,658,0,0
2025-09-09 22:45:00,147.454,147.464,147.44,147.444,652,0,0
2025-09-09 23:00:00,147.445,147.469,147.442,147.463,575,0,0
2025-09-09 23:15:00,147.463,147.464,147.426,147.452,372,0,0
2025-09-09 23:30:00,147.454,147.469,147.404,147.404,496,0,0
2025-09-09 23:45:00,147.404,147.449,147.398,147.401,592,10,0
2025-09-10 00:00:00,147.406,147.406,147.304,147.31,95,18,0
2025-09-10 00:15:00,147.31,147.365,147.294,147.355,158,66,0
2025-09-10 00:30:00,147.354,147.372,147.348,147.359,146,66,0
2025-09-10 00:45:00,147.359,147.37,147.354,147.357,80,66,0
2025-09-10 01:00:00,147.357,147.41,147.357,147.409,194,0,0
2025-09-10 01:15:00,147.409,147.419,147.403,147.41,158,0,0
2025-09-10 01:30:00,147.41,147.416,147.349,147.352,339,0,0
2025-09-10 01:45:00,147.349,147.364,147.342,147.357,268,0,0
2025-09-10 02:00:00,147.354,147.374,147.336,147.369,387,0,0
2025-09-10 02:15:00,147.369,147.43,147.365,147.429,679,0,0
2025-09-10 02:30:00,147.426,147.456,147.418,147.439,346,0,0
2025-09-10 02:45:00,147.439,147.445,147.393,147.396,390,0,0
2025-09-10 03:00:00,147.396,147.476,147.369,147.423,839,0,0
2025-09-10 03:15:00,147.423,147.455,147.405,147.446,732,0,0
2025-09-10 03:30:00,147.446,147.447,147.387,147.438,687,0,0
2025-09-10 03:45:00,147.438,147.479,147.384,147.428,1031,0,0
2025-09-10 04:00:00,147.428,147.504,147.378,147.481,1032,0,0
2025-09-10 04:15:00,147.481,147.573,147.434,147.548,863,0,0
2025-09-10 04:30:00,147.55,147.561,147.35,147.4,1002,0,0
2025-09-10 04:45:00,147.4,147.452,147.334,147.396,815,0,0
2025-09-10 05:00:00,147.391,147.413,147.311,147.338,1023,0,0
2025-09-10 05:15:00,147.337,147.372,147.306,147.338,678,0,0
2025-09-10 05:30:00,147.338,147.364,147.306,147.321,637,0,0
2025-09-10 05:45:00,147.322,147.345,147.296,147.302,487,0,0
2025-09-10 06:00:00,147.302,147.354,147.301,147.348,494,0,0
2025-09-10 06:15:00,147.348,147.352,147.311,147.315,296,0,0
2025-09-10 06:30:00,147.315,147.35,147.303,147.32,459,0,0
2025-09-10 06:45:00,147.319,147.401,147.269,147.397,560,0,0
2025-09-10 07:00:00,147.397,147.461,147.394,147.419,701,0,0
2025-09-10 07:15:00,147.419,147.454,147.369,147.387,539,0,0
2025-09-10 07:30:00,147.387,147.417,147.381,147.394,553,0,0
2025-09-10 07:45:00,147.394,147.405,147.324,147.326,599,0,0
2025-09-10 08:00:00,147.328,147.343,147.282,147.31,635,0,0
2025-09-10 08:15:00,147.311,147.336,147.303,147.317,496,0,0
2025-09-10 08:30:00,147.319,147.406,147.318,147.385,559,0,0
2025-09-10 08:45:00,147.384,147.487,147.384,147.427,799,0,0
2025-09-10 09:00:00,147.427,147.451,147.37,147.408,899,1,0
2025-09-10 09:15:00,147.406,147.458,147.334,147.453,1091,0,0
2025-09-10 09:30:00,147.45,147.535,147.432,147.441,1282,0,0
2025-09-10 09:45:00,147.441,147.587,147.39,147.568,1364,0,0
2025-09-10 10:00:00,147.567,147.572,147.413,147.451,1863,0,0
2025-09-10 10:15:00,147.452,147.52,147.416,147.423,1079,0,0
2025-09-10 10:30:00,147.423,147.462,147.393,147.416,1120,0,0
2025-09-10 10:45:00,147.417,147.501,147.409,147.499,1052,0,0
2025-09-10 11:00:00,147.499,147.553,147.395,147.44,1232,0,0
2025-09-10 11:15:00,147.441,147.547,147.423,147.535,1223,0,0
2025-09-10 11:30:00,147.534,147.56,147.463,147.516,1132,0,0
2025-09-10 11:45:00,147.516,147.521,147.473,147.518,1083,0,0
2025-09-10 12:00:00,147.518,147.543,147.479,147.492,1115,0,0
2025-09-10 12:15:00,147.492,147.504,147.447,147.468,976,0,0
2025-09-10 12:30:00,147.468,147.485,147.411,147.441,1114,0,0
2025-09-10 12:45:00,147.435,147.447,147.397,147.425,1102,0,0
2025-09-10 13:00:00,147.426,147.449,147.399,147.405,982,0,0
2025-09-10 13:15:00,147.406,147.475,147.401,147.457,842,0,0
2025-09-10 13:30:00,147.457,147.473,147.43,147.471,783,0,0
2025-09-10 13:45:00,147.472,147.484,147.408,147.478,874,0,0
2025-09-10 14:00:00,147.478,147.531,147.474,147.484,766,0,0
2025-09-10 14:15:00,147.484,147.496,147.445,147.462,850,0,0
2025-09-10 14:30:00,147.462,147.545,147.456,147.527,927,0,0
2025-09-10 14:45:00,147.526,147.544,147.467,147.516,1138,0,0
2025-09-10 15:00:00,147.515,147.551,147.46,147.538,1352,0,0
2025-09-10 15:15:00,147.531,147.593,147.526,147.551,1269,0,0
2025-09-10 15:30:00,147.552,147.552,147.098,147.395,3109,0,0
2025-09-10 15:45:00,147.393,147.646,147.337,147.532,2233,0,0
2025-09-10 16:00:00,147.532,147.604,147.392,147.449,2136,0,0
2025-09-10 16:15:00,147.45,147.459,147.303,147.349,1990,0,0
2025-09-10 16:30:00,147.351,147.366,147.275,147.319,2164,0,0
2025-09-10 16:45:00,147.319,147.415,147.31,147.341,1769,0,0
2025-09-10 17:00:00,147.342,147.363,147.267,147.275,1729,0,0
2025-09-10 17:15:00,147.277,147.395,147.264,147.335,1653,0,0
2025-09-10 17:30:00,147.333,147.349,147.28,147.345,1511,0,0
2025-09-10 17:45:00,147.345,147.431,147.325,147.403,1657,0,0
2025-09-10 18:00:00,147.402,147.428,147.345,147.345,1266,0,0
2025-09-10 18:15:00,147.343,147.443,147.338,147.395,1319,0,0
2025-09-10 18:30:00,147.395,147.396,147.316,147.348,1103,0,0
2025-09-10 18:45:00,147.348,147.377,147.317,147.37,1135,0,0
2025-09-10 19:00:00,147.369,147.414,147.351,147.411,856,0,0
2025-09-10 19:15:00,147.412,147.413,147.278,147.325,800,0,0
2025-09-10 19:30:00,147.325,147.355,147.291,147.307,742,0,0
2025-09-10 19:45:00,147.306,147.4,147.298,147.376,747,0,0
2025-09-10 20:00:00,147.374,147.392,147.247,147.289,1104,0,0
2025-09-10 20:15:00,147.289,147.338,147.282,147.335,735,0,0
2025-09-10 20:30:00,147.335,147.362,147.318,147.327,598,0,0
2025-09-10 20:45:00,147.327,147.355,147.315,147.334,591,0,0
2025-09-10 21:00:00,147.333,147.354,147.297,147.309,594,0,0
2025-09-10 21:15:00,147.309,147.309,147.246,147.278,583,0,0
2025-09-10 21:30:00,147.286,147.331,147.285,147.322,589,0,0
2025-09-10 21:45:00,147.322,147.343,147.312,147.324,751,0,0
2025-09-10 22:00:00,147.32,147.352,147.313,147.352,597,0,0
2025-09-10 22:15:00,147.353,147.411,147.353,147.404,574,0,0
2025-09-10 22:30:00,147.404,147.469,147.404,147.439,663,0,0
2025-09-10 22:45:00,147.439,147.446,147.396,147.413,588,0,0
2025-09-10 23:00:00,147.413,147.428,147.393,147.425,384,0,0
2025-09-10 23:15:00,147.425,147.425,147.381,147.406,426,0,0
2025-09-10 23:30:00,147.406,147.452,147.397,147.427,382,0,0
2025-09-10 23:45:00,147.427,147.461,147.414,147.457,428,10,0
2025-09-11 00:00:00,147.44,147.452,147.27,147.372,49,21,0
2025-09-11 00:15:00,147.372,147.378,147.318,147.358,62,66,0
2025-09-11 00:30:00,147.363,147.384,147.337,147.348,335,66,0
2025-09-11 00:45:00,147.348,147.352,147.332,147.344,363,66,0
2025-09-11 01:00:00,147.343,147.425,147.343,147.424,223,0,0
2025-09-11 01:15:00,147.424,147.425,147.384,147.396,140,0,0
2025-09-11 01:30:00,147.396,147.396,147.348,147.352,176,0,0
2025-09-11 01:45:00,147.352,147.373,147.343,147.347,136,0,0
2025-09-11 02:00:00,147.346,147.381,147.342,147.355,215,0,0
2025-09-11 02:15:00,147.355,147.367,147.286,147.294,389,0,0
2025-09-11 02:30:00,147.293,147.343,147.279,147.331,410,0,0
2025-09-11 02:45:00,147.331,147.359,147.297,147.352,470,0,0
2025-09-11 03:00:00,147.353,147.399,147.351,147.355,867,0,0
2025-09-11 03:15:00,147.355,147.455,147.345,147.418,804,0,0
2025-09-11 03:30:00,147.417,147.446,147.402,147.436,637,0,0
2025-09-11 03:45:00,147.436,147.47,147.383,147.461,1046,0,0
2025-09-11 04:00:00,147.461,147.479,147.418,147.423,763,0,0
2025-09-11 04:15:00,147.423,147.481,147.321,147.364,825,0,0
2025-09-11 04:30:00,147.363,147.398,147.341,147.351,525,0,0
2025-09-11 04:45:00,147.354,147.407,147.349,147.39,508,0,0
2025-09-11 05:00:00,147.39,147.447,147.377,147.44,402,0,0
2025-09-11 05:15:00,147.44,147.472,147.438,147.445,577,0,0
2025-09-11 05:30:00,147.445,147.48,147.445,147.465,455,0,0
2025-09-11 05:45:00,147.464,147.481,147.45,147.465,466,0,0
2025-09-11 06:00:00,147.465,147.481,147.434,147.441,571,0,0
2025-09-11 06:15:00,147.441,147.461,147.436,147.446,302,0,0
2025-09-11 06:30:00,147.446,147.463,147.436,147.447,474,0,0
2025-09-11 06:45:00,147.447,147.464,147.437,147.445,474,0,0
2025-09-11 07:00:00,147.445,147.457,147.434,147.437,324,0,0
2025-09-11 07:15:00,147.437,147.449,147.418,147.425,501,0,0
2025-09-11 07:30:00,147.425,147.448,147.411,147.43,598,0,0
2025-09-11 07:45:00,147.43,147.444,147.423,147.435,311,0,0
2025-09-11 08:00:00,147.435,147.459,147.426,147.446,428,0,0
2025-09-11 08:15:00,147.447,147.467,147.439,147.456,430,0,0
2025-09-11 08:30:00,147.456,147.489,147.446,147.488,413,0,0
2025-09-11 08:45:00,147.489,147.589,147.471,147.581,726,0,0
2025-09-11 09:00:00,147.58,147.701,147.562,147.698,1402,0,0
2025-09-11 09:15:00,147.697,147.744,147.677,147.709,1014,0,0
2025-09-11 09:30:00,147.714,147.79,147.706,147.72,1014,0,0
2025-09-11 09:45:00,147.723,147.743,147.673,147.723,985,0,0
2025-09-11 10:00:00,147.726,147.753,147.656,147.692,1433,0,0
2025-09-11 10:15:00,147.693,147.778,147.671,147.773,1200,0,0
2025-09-11 10:30:00,147.773,147.833,147.77,147.785,950,0,0
2025-09-11 10:45:00,147.785,147.813,147.77,147.778,910,0,0
2025-09-11 11:00:00,147.779,147.834,147.771,147.831,1035,0,0
2025-09-11 11:15:00,147.831,147.832,147.785,147.829,868,0,0
2025-09-11 11:30:00,147.83,147.839,147.779,147.822,966,0,0
2025-09-11 11:45:00,147.825,147.865,147.805,147.85,1109,0,0
2025-09-11 12:00:00,147.849,147.899,147.841,147.897,1004,0,0
2025-09-11 12:15:00,147.897,147.962,147.873,147.94,1024,0,0
2025-09-11 12:30:00,147.941,147.982,147.911,147.977,905,0,0
2025-09-11 12:45:00,147.977,147.991,147.916,147.961,937,0,0
2025-09-11 13:00:00,147.961,147.966,147.899,147.903,850,0,0
2025-09-11 13:15:00,147.905,147.972,147.904,147.971,744,0,0
2025-09-11 13:30:00,147.97,147.991,147.959,147.977,869,0,0
2025-09-11 13:45:00,147.977,147.99,147.956,147.969,739,0,0
2025-09-11 14:00:00,147.969,147.973,147.926,147.944,851,0,0
2025-09-11 14:15:00,147.944,147.952,147.903,147.936,725,0,0
2025-09-11 14:30:00,147.936,147.988,147.92,147.982,846,0,0
2025-09-11 14:45:00,147.981,147.983,147.929,147.966,1069,0,0
2025-09-11 15:00:00,147.966,147.967,147.909,147.932,1221,0,0
2025-09-11 15:15:00,147.926,147.936,147.828,147.854,1802,0,0
2025-09-11 15:30:00,147.867,148.194,147.362,147.607,3980,0,0
2025-09-11 15:45:00,147.607,147.728,147.502,147.529,2946,0,0
2025-09-11 16:00:00,147.523,147.523,147.381,147.423,2946,0,0
2025-09-11 16:15:00,147.424,147.619,147.412,147.506,2503,0,0
2025-09-11 16:30:00,147.493,147.552,147.389,147.425,2489,0,0
2025-09-11 16:45:00,147.425,147.496,147.331,147.358,2290,0,0
2025-09-11 17:00:00,147.359,147.379,147.172,147.205,2072,0,0
2025-09-11 17:15:00,147.205,147.205,147.043,147.162,2077,0,0
2025-09-11 17:30:00,147.162,147.164,146.994,147.061,1850,0,0
2025-09-11 17:45:00,147.062,147.248,147.047,147.188,1678,0,0
2025-09-11 18:00:00,147.189,147.311,147.155,147.157,1542,0,0
2025-09-11 18:15:00,147.16,147.187,147.058,147.179,1459,0,0
2025-09-11 18:30:00,147.179,147.219,147.112,147.166,1329,0,0
2025-09-11 18:45:00,147.163,147.201,147.134,147.169,918,0,0
2025-09-11 19:00:00,147.168,147.171,146.986,147.033,1055,0,0
2025-09-11 19:15:00,147.032,147.06,147.007,147.04,1012,0,0
2025-09-11 19:30:00,147.039,147.088,147.016,147.087,927,0,0
2025-09-11 19:45:00,147.088,147.107,147.039,147.056,981,0,0
2025-09-11 20:00:00,147.056,147.146,147.051,147.1,1063,0,0
2025-09-11 20:15:00,147.1,147.161,147.059,147.145,933,0,0
2025-09-11 20:30:00,147.145,147.229,147.098,147.224,910,0,0
2025-09-11 20:45:00,147.224,147.306,147.213,147.29,817,0,0
2025-09-11 21:00:00,147.289,147.303,147.238,147.266,657,0,0
2025-09-11 21:15:00,147.266,147.307,147.262,147.284,715,0,0
2025-09-11 21:30:00,147.283,147.296,147.247,147.265,617,0,0
2025-09-11 21:45:00,147.262,147.266,147.15,147.177,840,0,0
2025-09-11 22:00:00,147.177,147.184,147.087,147.114,852,0,0
2025-09-11 22:15:00,147.116,147.15,147.09,147.143,696,0,0
2025-09-11 22:30:00,147.143,147.19,147.143,147.177,698,0,0
2025-09-11 22:45:00,147.176,147.194,147.138,147.165,809,0,0
2025-09-11 23:00:00,147.166,147.189,147.151,147.168,563,0,0
2025-09-11 23:15:00,147.168,147.179,147.15,147.174,517,0,0
2025-09-11 23:30:00,147.175,147.185,147.12,147.165,477,0,0
2025-09-11 23:45:00,147.165,147.239,147.161,147.216,574,10,0
2025-09-12 00:00:00,147.199,147.199,147.163,147.175,29,21,0
2025-09-12 00:15:00,147.175,147.189,147.134,147.174,76,66,0
2025-09-12 00:30:00,147.179,147.183,147.135,147.153,116,74,0
2025-09-12 00:45:00,147.153,147.161,147.132,147.15,196,66,0
2025-09-12 01:00:00,147.15,147.191,147.121,147.165,338,0,0
2025-09-12 01:15:00,147.165,147.194,147.156,147.183,269,0,0
2025-09-12 01:30:00,147.183,147.197,147.131,147.194,305,0,0
2025-09-12 01:45:00,147.194,147.229,147.184,147.189,257,0,0
2025-09-12 02:00:00,147.186,147.215,147.185,147.207,328,0,0
2025-09-12 02:15:00,147.207,147.214,147.15,147.181,391,0,0
2025-09-12 02:30:00,147.181,147.236,147.178,147.229,292,0,0
2025-09-12 02:45:00,147.229,147.239,147.192,147.229,575,0,0
2025-09-12 03:00:00,147.227,147.266,147.167,147.219,979,1,0
2025-09-12 03:15:00,147.219,147.25,147.167,147.227,849,0,0
2025-09-12 03:30:00,147.227,147.315,147.225,147.288,683,0,0
2025-09-12 03:45:00,147.288,147.337,147.213,147.23,1052,0,0
2025-09-12 04:00:00,147.23,147.307,147.214,147.272,945,0,0
2025-09-12 04:15:00,147.27,147.322,147.26,147.279,614,0,0
2025-09-12 04:30:00,147.279,147.394,147.279,147.381,757,0,0
2025-09-12 04:45:00,147.381,147.452,147.372,147.416,751,0,0
2025-09-12 05:00:00,147.416,147.446,147.4,147.416,654,0,0
2025-09-12 05:15:00,147.416,147.466,147.403,147.454,628,0,0
2025-09-12 05:30:00,147.454,147.483,147.438,147.471,512,0,0
2025-09-12 05:45:00,147.471,147.475,147.4,147.422,568,0,0
2025-09-12 06:00:00,147.423,147.477,147.423,147.441,554,0,0
2025-09-12 06:15:00,147.44,147.483,147.44,147.46,520,0,0
2025-09-12 06:30:00,147.461,147.475,147.424,147.449,356,0,0
2025-09-12 06:45:00,147.449,147.461,147.437,147.449,367,0,0
2025-09-12 07:00:00,147.449,147.535,147.449,147.524,612,0,0
2025-09-12 07:15:00,147.524,147.531,147.491,147.494,563,0,0
2025-09-12 07:30:00,147.494,147.538,147.492,147.535,398,0,0
2025-09-12 07:45:00,147.535,147.548,147.49,147.502,393,0,0
2025-09-12 08:00:00,147.503,147.557,147.503,147.505,583,0,0
2025-09-12 08:15:00,147.506,147.508,147.457,147.472,447,0,0
2025-09-12 08:30:00,147.472,147.474,147.368,147.391,575,0,0
2025-09-12 08:45:00,147.391,147.398,147.329,147.349,520,0,0
2025-09-12 09:00:00,147.345,147.429,147.326,147.372,853,0,0
2025-09-12 09:15:00,147.373,147.476,147.37,147.469,884,0,0
2025-09-12 09:30:00,147.468,147.507,147.441,147.469,999,0,0
2025-09-12 09:45:00,147.469,147.484,147.406,147.409,991,0,0
2025-09-12 10:00:00,147.409,147.411,147.309,147.343,1268,0,0
2025-09-12 10:15:00,147.343,147.375,147.243,147.358,1306,0,0
2025-09-12 10:30:00,147.358,147.485,147.358,147.457,1292,0,0
2025-09-12 10:45:00,147.458,147.466,147.382,147.456,1232,0,0
2025-09-12 11:00:00,147.456,147.692,147.452,147.677,1705,0,0
2025-09-12 11:15:00,147.675,147.808,147.675,147.737,1863,0,0
2025-09-12 11:30:00,147.739,147.881,147.733,147.879,1374,0,0
2025-09-12 11:45:00,147.879,147.928,147.855,147.897,1200,0,0
2025-09-12 12:00:00,147.897,147.949,147.893,147.905,1192,0,0
2025-09-12 12:15:00,147.905,147.931,147.859,147.907,1156,0,0
2025-09-12 12:30:00,147.908,147.982,147.876,147.973,1102,0,0
2025-09-12 12:45:00,147.973,147.977,147.903,147.93,893,0,0
2025-09-12 13:00:00,147.93,147.941,147.846,147.897,982,0,0
2025-09-12 13:15:00,147.898,147.901,147.827,147.83,883,0,0
2025-09-12 13:30:00,147.83,147.854,147.768,147.784,937,0,0
2025-09-12 13:45:00,147.784,147.817,147.742,147.751,838,0,0
2025-09-12 14:00:00,147.751,147.781,147.685,147.688,1208,0,0
2025-09-12 14:15:00,147.691,147.749,147.687,147.724,940,0,0
2025-09-12 14:30:00,147.724,147.761,147.7,147.748,867,0,0
2025-09-12 14:45:00,147.748,147.856,147.739,147.839,1040,0,0
2025-09-12 15:00:00,147.838,147.941,147.808,147.915,1239,0,0
2025-09-12 15:15:00,147.915,147.946,147.865,147.92,1231,0,0
2025-09-12 15:30:00,147.92,148.073,147.92,147.996,1763,0,0
2025-09-12 15:45:00,147.996,147.997,147.843,147.848,1372,0,0
2025-09-12 16:00:00,147.848,147.887,147.781,147.847,1480,0,0
2025-09-12 16:15:00,147.847,147.882,147.759,147.791,1172,0,0
2025-09-12 16:30:00,147.791,147.869,147.767,147.803,1898,0,0
2025-09-12 16:45:00,147.802,147.811,147.699,147.725,1467,0,0
2025-09-12 17:00:00,147.748,147.752,147.621,147.676,1827,0,0
2025-09-12 17:15:00,147.677,147.693,147.588,147.667,1692,0,0
2025-09-12 17:30:00,147.664,147.729,147.64,147.715,1280,0,0
2025-09-12 17:45:00,147.715,147.75,147.651,147.668,1366,0,0
2025-09-12 18:00:00,147.667,147.772,147.65,147.757,1282,0,0
2025-09-12 18:15:00,147.758,147.843,147.727,147.824,1225,0,0
2025-09-12 18:30:00,147.824,147.864,147.782,147.797,953,0,0
2025-09-12 18:45:00,147.797,147.863,147.787,147.857,966,0,0
2025-09-12 19:00:00,147.858,147.868,147.831,147.857,626,0,0
2025-09-12 19:15:00,147.857,147.874,147.769,147.769,704,0,0
2025-09-12 19:30:00,147.771,147.787,147.66,147.661,669,0,0
2025-09-12 19:45:00,147.661,147.701,147.629,147.685,703,0,0
2025-09-12 20:00:00,147.682,147.682,147.619,147.627,635,0,0
2025-09-12 20:15:00,147.627,147.627,147.549,147.552,753,0,0
2025-09-12 20:30:00,147.546,147.573,147.522,147.551,576,0,0
2025-09-12 20:45:00,147.551,147.561,147.516,147.561,688,0,0
2025-09-12 21:00:00,147.561,147.562,147.514,147.517,650,0,0
2025-09-12 21:15:00,147.52,147.532,147.49,147.506,613,0,0
2025-09-12 21:30:00,147.505,147.535,147.479,147.493,576,0,0
2025-09-12 21:45:00,147.494,147.502,147.473,147.488,549,0,0
2025-09-12 22:00:00,147.488,147.509,147.463,147.502,481,0,0
2025-09-12 22:15:00,147.502,147.539,147.501,147.512,454,0,0
2025-09-12 22:30:00,147.512,147.609,147.511,147.589,644,0,0
2025-09-12 22:45:00,147.589,147.599,147.569,147.586,549,0,0
2025-09-12 23:00:00,147.585,147.691,147.578,147.686,440,0,0
2025-09-12 23:15:00,147.686,147.689,147.645,147.66,485,0,0
2025-09-12 23:30:00,147.66,147.723,147.66,147.679,386,0,0
2025-09-12 23:45:00,147.673,147.681,147.651,147.663,444,10,0
2025-09-15 00:00:00,147.53,147.661,147.526,147.544,64,170,0
2025-09-15 00:15:00,147.544,147.582,147.532,147.572,60,170,0
2025-09-15 00:30:00,147.569,147.614,147.519,147.526,403,170,0
2025-09-15 00:45:00,147.527,147.558,147.512,147.552,180,170,0
2025-09-15 01:00:00,147.576,147.761,147.576,147.669,317,0,0
2025-09-15 01:15:00,147.669,147.712,147.663,147.697,306,0,0
2025-09-15 01:30:00,147.697,147.715,147.677,147.71,380,0,0
2025-09-15 01:45:00,147.71,147.738,147.703,147.715,365,0,0
2025-09-15 02:00:00,147.711,147.729,147.666,147.714,351,0,0
2025-09-15 02:15:00,147.714,147.716,147.631,147.664,469,0,0
2025-09-15 02:30:00,147.664,147.729,147.659,147.696,308,0,0
2025-09-15 02:45:00,147.696,147.715,147.666,147.676,426,0,0
2025-09-15 03:00:00,147.677,147.679,147.607,147.633,784,0,0
2025-09-15 03:15:00,147.633,147.694,147.625,147.674,587,0,0
2025-09-15 03:30:00,147.674,147.689,147.581,147.582,597,0,0
2025-09-15 03:45:00,147.581,147.609,147.547,147.549,572,0,0
2025-09-15 04:00:00,147.549,147.584,147.541,147.563,1043,0,0
2025-09-15 04:15:00,147.563,147.575,147.547,147.557,823,0,0
2025-09-15 04:30:00,147.555,147.576,147.538,147.571,773,0,0
2025-09-15 04:45:00,147.57,147.589,147.55,147.577,764,0,0
2025-09-15 05:00:00,147.58,147.615,147.563,147.567,595,0,0
2025-09-15 05:15:00,147.567,147.589,147.551,147.572,836,0,0
2025-09-15 05:30:00,147.572,147.574,147.53,147.557,704,0,0
2025-09-15 05:45:00,147.557,147.567,147.506,147.516,640,0,0
2025-09-15 06:00:00,147.516,147.518,147.471,147.478,665,0,0
2025-09-15 06:15:00,147.478,147.496,147.463,147.48,613,0,0
2025-09-15 06:30:00,147.48,147.485,147.437,147.45,673,0,0
2025-09-15 06:45:00,147.45,147.455,147.408,147.43,560,0,0
2025-09-15 07:00:00,147.428,147.428,147.373,147.398,502,0,0
2025-09-15 07:15:00,147.398,147.402,147.339,147.356,540,0,0
2025-09-15 07:30:00,147.356,147.437,147.356,147.432,541,0,0
2025-09-15 07:45:00,147.432,147.456,147.398,147.403,452,0,0
2025-09-15 08:00:00,147.404,147.464,147.392,147.405,608,0,0
2025-09-15 08:15:00,147.405,147.447,147.404,147.441,574,0,0
2025-09-15 08:30:00,147.441,147.462,147.424,147.461,587,0,0
2025-09-15 08:45:00,147.462,147.52,147.46,147.511,689,0,0
2025-09-15 09:00:00,147.513,147.556,147.497,147.535,980,0,0
2025-09-15 09:15:00,147.536,147.608,147.536,147.595,1023,0,0
2025-09-15 09:30:00,147.597,147.604,147.552,147.568,874,0,0
2025-09-15 09:45:00,147.568,147.581,147.512,147.529,824,0,0
2025-09-15 10:00:00,147.53,147.597,147.465,147.481,1470,0,0
2025-09-15 10:15:00,147.48,147.502,147.431,147.456,1038,0,0
2025-09-15 10:30:00,147.456,147.458,147.373,147.426,1129,0,0
2025-09-15 10:45:00,147.425,147.493,147.424,147.47,1136,0,0
2025-09-15 11:00:00,147.471,147.484,147.421,147.433,1073,0,0
2025-09-15 11:15:00,147.433,147.439,147.375,147.426,1031,0,0
2025-09-15 11:30:00,147.426,147.467,147.376,147.447,1119,0,0
2025-09-15 11:45:00,147.447,147.466,147.4,147.41,882,0,0
2025-09-15 12:00:00,147.412,147.43,147.377,147.38,835,0,0
2025-09-15 12:15:00,147.38,147.4,147.339,147.342,880,0,0
2025-09-15 12:30:00,147.342,147.389,147.308,147.378,970,0,0
2025-09-15 12:45:00,147.378,147.416,147.355,147.368,780,0,0
2025-09-15 13:00:00,147.37,147.373,147.305,147.326,749,0,0
2025-09-15 13:15:00,147.326,147.334,147.248,147.278,917,0,0
2025-09-15 13:30:00,147.276,147.338,147.27,147.336,740,0,0
2025-09-15 13:45:00,147.336,147.407,147.336,147.395,824,0,0
2025-09-15 14:00:00,147.393,147.4,147.339,147.344,803,0,0
2025-09-15 14:15:00,147.344,147.394,147.325,147.379,868,0,0
2025-09-15 14:30:00,147.379,147.479,147.368,147.464,1042,0,0
2025-09-15 14:45:00,147.464,147.467,147.399,147.416,965,0,0
2025-09-15 15:00:00,147.417,147.418,147.343,147.374,1224,0,0
2025-09-15 15:15:00,147.376,147.383,147.306,147.361,1309,0,0
2025-09-15 15:30:00,147.359,147.361,147.25,147.282,1411,0,0
2025-09-15 15:45:00,147.282,147.3,147.256,147.269,1192,0,0
2025-09-15 16:00:00,147.267,147.35,147.232,147.292,1440,0,0
2025-09-15 16:15:00,147.292,147.332,147.252,147.279,1306,0,0
2025-09-15 16:30:00,147.276,147.317,147.248,147.268,1295,0,0
2025-09-15 16:45:00,147.269,147.353,147.255,147.351,1322,0,0
2025-09-15 17:00:00,147.348,147.442,147.348,147.398,1485,0,0
2025-09-15 17:15:00,147.398,147.455,147.396,147.445,1122,0,0
2025-09-15 17:30:00,147.445,147.471,147.365,147.431,1231,0,0
2025-09-15 17:45:00,147.431,147.459,147.402,147.418,1278,0,0
2025-09-15 18:00:00,147.419,147.435,147.358,147.38,1282,0,0
2025-09-15 18:15:00,147.38,147.382,147.321,147.326,983,0,0
2025-09-15 18:30:00,147.325,147.365,147.311,147.364,849,0,0
2025-09-15 18:45:00,147.364,147.372,147.269,147.273,1201,0,0
2025-09-15 19:00:00,147.273,147.357,147.242,147.357,962,0,0
2025-09-15 19:15:00,147.355,147.398,147.33,147.397,923,0,0
2025-09-15 19:30:00,147.398,147.42,147.329,147.334,983,0,0
2025-09-15 19:45:00,147.334,147.377,147.328,147.338,931,0,0
2025-09-15 20:00:00,147.339,147.367,147.324,147.344,768,0,0
2025-09-15 20:15:00,147.345,147.373,147.333,147.335,727,0,0
2025-09-15 20:30:00,147.335,147.339,147.28,147.296,832,0,0
2025-09-15 20:45:00,147.296,147.3,147.243,147.254,754,0,0
2025-09-15 21:00:00,147.254,147.268,147.242,147.267,842,0,0
2025-09-15 21:15:00,147.267,147.29,147.253,147.253,567,0,0
2025-09-15 21:30:00,147.253,147.298,147.253,147.267,694,0,0
2025-09-15 21:45:00,147.267,147.329,147.267,147.325,811,0,0
2025-09-15 22:00:00,147.326,147.34,147.316,147.318,601,0,0
2025-09-15 22:15:00,147.318,147.346,147.313,147.34,507,0,0
2025-09-15 22:30:00,147.341,147.392,147.332,147.375,651,0,0
2025-09-15 22:45:00,147.374,147.412,147.373,147.39,760,0,0
2025-09-15 23:00:00,147.392,147.397,147.37,147.382,478,0,0
2025-09-15 23:15:00,147.382,147.419,147.372,147.413,437,0,0
2025-09-15 23:30:00,147.413,147.431,147.405,147.415,346,0,0
2025-09-15 23:45:00,147.414,147.419,147.392,147.409,668,10,0
2025-09-16 00:00:00,147.319,147.349,147.288,147.336,51,66,0
2025-09-16 00:15:00,147.336,147.342,147.296,147.336,143,66,0
2025-09-16 00:30:00,147.335,147.34,147.311,147.312,300,66,0
2025-09-16 00:45:00,147.312,147.345,147.309,147.333,177,66,0
2025-09-16 01:00:00,147.334,147.402,147.329,147.374,359,0,0
2025-09-16 01:15:00,147.374,147.389,147.355,147.365,257,0,0
2025-09-16 01:30:00,147.364,147.381,147.348,147.364,175,0,0
2025-09-16 01:45:00,147.364,147.403,147.362,147.396,181,0,0
2025-09-16 02:00:00,147.397,147.41,147.372,147.401,235,0,0
2025-09-16 02:15:00,147.401,147.406,147.361,147.378,253,0,0
2025-09-16 02:30:00,147.375,147.425,147.365,147.385,295,0,0
2025-09-16 02:45:00,147.389,147.413,147.333,147.401,573,0,0
2025-09-16 03:00:00,147.401,147.439,147.351,147.4,1235,0,0
2025-09-16 03:15:00,147.4,147.431,147.378,147.428,929,0,0
2025-09-16 03:30:00,147.426,147.471,147.425,147.452,675,0,0
2025-09-16 03:45:00,147.452,147.502,147.426,147.443,947,0,0
2025-09-16 04:00:00,147.444,147.468,147.431,147.455,1087,0,0
2025-09-16 04:15:00,147.455,147.54,147.452,147.528,932,0,0
2025-09-16 04:30:00,147.527,147.535,147.335,147.346,1033,0,0
2025-09-16 04:45:00,147.346,147.369,147.264,147.354,968,0,0
2025-09-16 05:00:00,147.355,147.357,147.2,147.257,1048,0,0
2025-09-16 05:15:00,147.257,147.269,147.114,147.216,1167,0,0
2025-09-16 05:30:00,147.219,147.241,147.179,147.211,670,0,0
2025-09-16 05:45:00,147.21,147.211,147.122,147.154,877,0,0
2025-09-16 06:00:00,147.154,147.201,147.127,147.179,842,0,0
2025-09-16 06:15:00,147.179,147.189,147.108,147.135,781,0,0
2025-09-16 06:30:00,147.134,147.134,147.02,147.025,1043,0,0
2025-09-16 06:45:00,147.025,147.118,147.018,147.103,823,0,0
2025-09-16 07:00:00,147.103,147.13,147.033,147.042,789,0,0
2025-09-16 07:15:00,147.042,147.055,146.988,147.035,746,0,0
2025-09-16 07:30:00,147.035,147.081,146.971,147.013,847,0,0
2025-09-16 07:45:00,147.013,147.049,146.991,147.015,876,0,0
2025-09-16 08:00:00,147.015,147.039,146.961,146.975,843,0,0
2025-09-16 08:15:00,146.976,147.019,146.962,146.966,686,0,0
2025-09-16 08:30:00,146.963,147.028,146.918,147.018,946,0,0
2025-09-16 08:45:00,147.017,147.073,146.987,146.993,1011,0,0
2025-09-16 09:00:00,146.994,147.029,146.894,146.921,1551,0,0
2025-09-16 09:15:00,146.921,146.921,146.837,146.866,1279,0,0
2025-09-16 09:30:00,146.867,146.888,146.782,146.844,1365,0,0
2025-09-16 09:45:00,146.844,146.957,146.839,146.902,1312,0,0
2025-09-16 10:00:00,146.897,146.9,146.709,146.728,1595,0,0
2025-09-16 10:15:00,146.728,146.759,146.693,146.729,1375,0,0
2025-09-16 10:30:00,146.728,146.843,146.693,146.809,1320,0,0
2025-09-16 10:45:00,146.813,146.901,146.802,146.89,1182,0,0
2025-09-16 11:00:00,146.892,146.96,146.878,146.908,1138,0,0
2025-09-16 11:15:00,146.908,146.992,146.877,146.958,1254,0,0
2025-09-16 11:30:00,146.964,147.093,146.962,146.986,1307,0,0
2025-09-16 11:45:00,146.986,147.022,146.945,146.997,996,0,0
2025-09-16 12:00:00,146.998,147.007,146.867,146.907,1256,0,0
2025-09-16 12:15:00,146.907,146.953,146.871,146.923,1140,0,0
2025-09-16 12:30:00,146.923,146.96,146.9,146.906,1136,0,0
2025-09-16 12:45:00,146.906,146.986,146.868,146.964,1261,0,0
2025-09-16 13:00:00,146.96,147.082,146.946,147.056,1031,0,0
2025-09-16 13:15:00,147.056,147.068,147.001,147.007,964,0,0
2025-09-16 13:30:00,147.008,147.084,146.998,147.051,618,0,0
2025-09-16 13:45:00,147.051,147.091,147.02,147.056,641,0,0
2025-09-16 14:00:00,147.056,147.099,147.009,147.095,857,0,0
2025-09-16 14:15:00,147.095,147.115,147.061,147.107,682,0,0
2025-09-16 14:30:00,147.107,147.115,146.944,146.981,809,0,0
2025-09-16 14:45:00,146.982,147.006,146.877,146.955,1036,0,0
2025-09-16 15:00:00,146.955,147.043,146.908,147.021,1087,0,0
2025-09-16 15:15:00,147.022,147.075,146.978,147.055,1094,0,0
2025-09-16 15:30:00,147.055,147.259,147.014,147.151,2201,0,0
2025-09-16 15:45:00,147.151,147.176,147.044,147.1,1491,0,0
2025-09-16 16:00:00,147.1,147.137,146.992,147.016,1431,0,0
2025-09-16 16:15:00,147.016,147.056,146.885,146.906,1330,0,0
2025-09-16 16:30:00,146.906,146.906,146.803,146.858,1329,0,0
2025-09-16 16:45:00,146.858,146.913,146.738,146.761,1311,0,0
2025-09-16 17:00:00,146.761,146.804,146.593,146.6,1458,0,0
2025-09-16 17:15:00,146.597,146.651,146.547,146.592,1534,0,0
2025-09-16 17:30:00,146.592,146.656,146.551,146.58,1354,0,0
2025-09-16 17:45:00,146.578,146.594,146.522,146.525,1259,0,0
2025-09-16 18:00:00,146.525,146.596,146.502,146.581,1250,0,0
2025-09-16 18:15:00,146.581,146.636,146.546,146.591,943,0,0
2025-09-16 18:30:00,146.591,146.684,146.587,146.651,799,0,0
2025-09-16 18:45:00,146.651,146.655,146.544,146.56,793,0,0
2025-09-16 19:00:00,146.559,146.563,146.474,146.478,664,0,0
2025-09-16 19:15:00,146.478,146.497,146.416,146.469,696,0,0
2025-09-16 19:30:00,146.469,146.469,146.393,146.409,615,0,0
2025-09-16 19:45:00,146.409,146.425,146.347,146.356,618,0,0
2025-09-16 20:00:00,146.356,146.372,146.279,146.281,663,0,0
2025-09-16 20:15:00,146.281,146.377,146.279,146.368,709,0,0
2025-09-16 20:30:00,146.367,146.388,146.294,146.384,665,0,0
2025-09-16 20:45:00,146.385,146.399,146.338,146.376,696,0,0
2025-09-16 21:00:00,146.376,146.397,146.336,146.339,584,0,0
2025-09-16 21:15:00,146.339,146.37,146.327,146.341,529,0,0
2025-09-16 21:30:00,146.34,146.375,146.336,146.344,566,0,0
2025-09-16 21:45:00,146.344,146.385,146.333,146.343,620,0,0
2025-09-16 22:00:00,146.344,146.41,146.344,146.369,617,0,0
2025-09-16 22:15:00,146.369,146.39,146.365,146.369,446,0,0
2025-09-16 22:30:00,146.369,146.476,146.367,146.455,566,0,0
2025-09-16 22:45:00,146.455,146.5,146.435,146.496,602,0,0
2025-09-16 23:00:00,146.496,146.506,146.457,146.475,369,0,0
2025-09-16 23:15:00,146.475,146.479,146.445,146.462,421,0,0
2025-09-16 23:30:00,146.461,146.505,146.457,146.477,639,0,0
2025-09-16 23:45:00,146.477,146.488,146.429,146.448,544,10,0
2025-09-17 00:00:00,146.445,146.471,146.427,146.445,28,49,0
2025-09-17 00:15:00,146.445,146.452,146.42,146.42,51,75,0
2025-09-17 00:30:00,146.424,146.428,146.384,146.412,61,76,0
2025-09-17 00:45:00,146.412,146.435,146.388,146.428,85,85,0
2025-09-17 01:00:00,146.428,146.48,146.386,146.463,158,0,0
2025-09-17 01:15:00,146.463,146.495,146.454,146.483,200,0,0
2025-09-17 01:30:00,146.483,146.489,146.461,146.487,145,0,0
2025-09-17 01:45:00,146.487,146.52,146.477,146.496,286,0,0
2025-09-17 02:00:00,146.495,146.495,146.436,146.443,275,0,0
2025-09-17 02:15:00,146.443,146.45,146.325,146.359,389,0,0
2025-09-17 02:30:00,146.359,146.371,146.311,146.362,214,0,0
2025-09-17 02:45:00,146.362,146.431,146.343,146.414,406,0,0
2025-09-17 03:00:00,146.413,146.446,146.231,146.245,1086,0,0
2025-09-17 03:15:00,146.245,146.301,146.214,146.27,695,0,0
2025-09-17 03:30:00,146.269,146.497,146.269,146.496,876,0,0
2025-09-17 03:45:00,146.496,146.569,146.446,146.534,1140,0,0
2025-09-17 04:00:00,146.536,146.546,146.465,146.479,766,0,0
2025-09-17 04:15:00,146.479,146.548,146.434,146.547,747,0,0
2025-09-17 04:30:00,146.546,146.606,146.522,146.559,827,0,0
2025-09-17 04:45:00,146.56,146.58,146.477,146.499,571,0,0
2025-09-17 05:00:00,146.5,146.556,146.497,146.532,472,0,0
2025-09-17 05:15:00,146.532,146.554,146.511,146.542,362,0,0
2025-09-17 05:30:00,146.542,146.59,146.521,146.53,423,0,0
2025-09-17 05:45:00,146.533,146.547,146.495,146.539,395,0,0
2025-09-17 06:00:00,146.539,146.566,146.504,146.514,287,0,0
2025-09-17 06:15:00,146.514,146.535,146.496,146.523,257,0,0
2025-09-17 06:30:00,146.523,146.525,146.478,146.5,297,0,0
2025-09-17 06:45:00,146.5,146.547,146.489,146.535,282,0,0
2025-09-17 07:00:00,146.535,146.546,146.513,146.514,265,0,0
2025-09-17 07:15:00,146.514,146.526,146.476,146.477,266,0,0
2025-09-17 07:30:00,146.485,146.511,146.481,146.5,220,0,0
2025-09-17 07:45:00,146.5,146.512,146.435,146.456,235,0,0
2025-09-17 08:00:00,146.456,146.461,146.371,146.45,510,0,0
2025-09-17 08:15:00,146.45,146.491,146.421,146.48,401,0,0
2025-09-17 08:30:00,146.48,146.497,146.448,146.49,280,0,0
2025-09-17 08:45:00,146.49,146.553,146.47,146.514,487,0,0
2025-09-17 09:00:00,146.511,146.536,146.465,146.53,660,0,0
2025-09-17 09:15:00,146.53,146.544,146.479,146.492,618,0,0
2025-09-17 09:30:00,146.492,146.545,146.471,146.525,624,0,0
2025-09-17 09:45:00,146.525,146.535,146.483,146.5,723,0,0
2025-09-17 10:00:00,146.5,146.607,146.48,146.607,798,0,0
2025-09-17 10:15:00,146.607,146.68,146.605,146.626,651,0,0
2025-09-17 10:30:00,146.626,146.659,146.608,146.615,605,0,0
2025-09-17 10:45:00,146.616,146.671,146.571,146.668,718,0,0
2025-09-17 11:00:00,146.669,146.683,146.63,146.658,763,0,0
2025-09-17 11:15:00,146.657,146.669,146.56,146.56,569,0,0
2025-09-17 11:30:00,146.56,146.561,146.455,146.47,679,0,0
2025-09-17 11:45:00,146.47,146.471,146.375,146.454,747,0,0
2025-09-17 12:00:00,146.455,146.455,146.348,146.393,631,0,0
2025-09-17 12:15:00,146.393,146.413,146.362,146.38,511,0,0
2025-09-17 12:30:00,146.381,146.43,146.32,146.32,682,0,0
2025-09-17 12:45:00,146.319,146.323,146.278,146.32,669,0,0
2025-09-17 13:00:00,146.32,146.389,146.204,146.369,759,0,0
2025-09-17 13:15:00,146.371,146.382,146.293,146.293,613,0,0
2025-09-17 13:30:00,146.293,146.297,146.22,146.235,669,0,0
2025-09-17 13:45:00,146.235,146.302,146.215,146.274,656,0,0
2025-09-17 14:00:00,146.274,146.275,146.226,146.246,758,0,0
2025-09-17 14:15:00,146.246,146.311,146.245,146.275,689,0,0
2025-09-17 14:30:00,146.275,146.318,146.263,146.274,615,0,0
2025-09-17 14:45:00,146.274,146.343,146.255,146.338,639,0,0
2025-09-17 15:00:00,146.338,146.425,146.321,146.422,730,0,0
2025-09-17 15:15:00,146.423,146.472,146.397,146.472,615,0,0
2025-09-17 15:30:00,146.47,146.477,146.386,146.427,844,0,0
2025-09-17 15:45:00,146.427,146.468,146.375,146.38,653,0,0
2025-09-17 16:00:00,146.379,146.4,146.34,146.36,841,0,0
2025-09-17 16:15:00,146.359,146.375,146.288,146.323,723,0,0
2025-09-17 16:30:00,146.325,146.348,146.274,146.275,613,0,0
2025-09-17 16:45:00,146.274,146.339,146.244,146.339,1009,0,0
2025-09-17 17:00:00,146.339,146.392,146.254,146.261,892,0,0
2025-09-17 17:15:00,146.261,146.274,146.212,146.255,791,0,0
2025-09-17 17:30:00,146.256,146.27,146.235,146.244,647,0,0
2025-09-17 17:45:00,146.244,146.346,146.234,146.343,823,0,0
2025-09-17 18:00:00,146.343,146.38,146.308,146.312,796,0,0
2025-09-17 18:15:00,146.312,146.376,146.305,146.332,567,0,0
2025-09-17 18:30:00,146.332,146.384,146.322,146.376,505,0,0
2025-09-17 18:45:00,146.376,146.386,146.33,146.362,548,0,0
2025-09-17 19:00:00,146.362,146.375,146.337,146.353,583,0,0
2025-09-17 19:15:00,146.353,146.354,146.258,146.275,500,0,0
2025-09-17 19:30:00,146.275,146.292,146.254,146.292,456,0,0
2025-09-17 19:45:00,146.292,146.332,146.264,146.288,655,0,0
2025-09-17 20:00:00,146.288,146.366,146.285,146.33,642,0,0
2025-09-17 20:15:00,146.33,146.371,146.32,146.335,783,0,0
2025-09-17 20:30:00,146.335,146.339,146.297,146.323,459,0,0
2025-09-17 20:45:00,146.322,146.328,146.23,146.23,566,0,0
2025-09-17 21:00:00,146.205,146.205,145.485,145.771,3749,1,0
2025-09-17 21:15:00,145.771,145.983,145.589,145.935,2879,1,0
2025-09-17 21:30:00,145.935,146.624,145.875,146.477,4267,1,0
2025-09-17 21:45:00,146.477,146.857,146.435,146.717,3500,0,0
2025-09-17 22:00:00,146.708,146.847,146.505,146.739,2932,0,0
2025-09-17 22:15:00,146.739,146.747,146.443,146.555,2565,0,0
2025-09-17 22:30:00,146.559,146.726,146.559,146.695,1797,0,0
2025-09-17 22:45:00,146.695,146.838,146.691,146.783,1473,0,0
2025-09-17 23:00:00,146.78,146.876,146.756,146.85,902,0,0
2025-09-17 23:15:00,146.849,147.047,146.846,147.026,851,0,0
2025-09-17 23:30:00,147.026,147.05,146.941,146.951,639,0,0
2025-09-17 23:45:00,146.951,147.03,146.895,146.978,512,10,0
2025-09-18 00:00:00,146.948,146.948,146.89,146.929,38,71,0
2025-09-18 00:15:00,146.929,146.934,146.882,146.886,77,79,0
2025-09-18 00:30:00,146.886,146.909,146.838,146.856,239,66,0
2025-09-18 00:45:00,146.856,146.918,146.825,146.9,303,66,0
2025-09-18 01:00:00,146.901,146.989,146.901,146.944,365,0,0
2025-09-18 01:15:00,146.944,146.964,146.877,146.888,371,0,0
2025-09-18 01:30:00,146.888,146.898,146.803,146.804,389,0,0
2025-09-18 01:45:00,146.804,146.869,146.8,146.843,558,0,0
2025-09-18 02:00:00,146.841,146.866,146.77,146.784,358,0,0
2025-09-18 02:15:00,146.786,146.888,146.778,146.857,445,0,0
2025-09-18 02:30:00,146.857,146.909,146.777,146.804,551,0,0
2025-09-18 02:45:00,146.803,146.908,146.8,146.884,609,0,0
2025-09-18 03:00:00,146.884,147.006,146.871,146.978,1200,0,0
2025-09-18 03:15:00,146.98,147.03,146.869,146.952,897,0,0
2025-09-18 03:30:00,146.953,146.988,146.902,146.934,744,0,0
2025-09-18 03:45:00,146.934,146.957,146.855,146.917,995,0,0
2025-09-18 04:00:00,146.917,147.08,146.845,147.08,1143,0,0
2025-09-18 04:15:00,147.08,147.148,147.024,147.055,904,0,0
2025-09-18 04:30:00,147.056,147.107,147.027,147.077,1108,0,0
2025-09-18 04:45:00,147.076,147.139,147.024,147.025,717,0,0
2025-09-18 05:00:00,147.025,147.071,146.996,147.051,606,0,0
2025-09-18 05:15:00,147.051,147.052,146.951,146.982,468,0,0
2025-09-18 05:30:00,146.982,147.025,146.976,147.005,460,0,0
2025-09-18 05:45:00,147.005,147.006,146.898,146.906,385,0,0
2025-09-18 06:00:00,146.906,146.947,146.855,146.928,485,0,0
2025-09-18 06:15:00,146.927,146.985,146.921,146.975,362,0,0
2025-09-18 06:30:00,146.975,147.003,146.96,146.998,313,0,0
2025-09-18 06:45:00,146.998,147.052,146.985,147.051,465,0,0
2025-09-18 07:00:00,147.051,147.109,147.046,147.067,458,0,0
2025-09-18 07:15:00,147.067,147.137,147.042,147.128,444,0,0
2025-09-18 07:30:00,147.128,147.174,147.112,147.157,415,0,0
2025-09-18 07:45:00,147.157,147.22,147.157,147.208,502,0,0
2025-09-18 08:00:00,147.209,147.25,147.174,147.25,510,0,0
2025-09-18 08:15:00,147.25,147.258,147.182,147.201,432,0,0
2025-09-18 08:30:00,147.201,147.285,147.185,147.263,518,0,0
2025-09-18 08:45:00,147.263,147.406,147.263,147.353,832,0,0
2025-09-18 09:00:00,147.349,147.532,147.334,147.521,1162,0,0
2025-09-18 09:15:00,147.524,147.53,147.425,147.492,1050,0,0
2025-09-18 09:30:00,147.492,147.493,147.386,147.388,1238,0,0
2025-09-18 09:45:00,147.388,147.435,147.361,147.41,942,0,0
2025-09-18 10:00:00,147.411,147.428,147.206,147.215,1276,0,0
2025-09-18 10:15:00,147.215,147.239,147.132,147.145,1039,0,0
2025-09-18 10:30:00,147.144,147.199,147.059,147.07,946,0,0
2025-09-18 10:45:00,147.07,147.149,147.028,147.117,1166,0,0
2025-09-18 11:00:00,147.117,147.281,147.101,147.279,1225,0,0
2025-09-18 11:15:00,147.279,147.392,147.253,147.36,1001,0,0
2025-09-18 11:30:00,147.36,147.426,147.333,147.379,1182,0,0
2025-09-18 11:45:00,147.378,147.488,147.368,147.434,1051,0,0
2025-09-18 12:00:00,147.433,147.454,147.247,147.248,974,0,0
2025-09-18 12:15:00,147.248,147.331,147.225,147.265,932,0,0
2025-09-18 12:30:00,147.268,147.284,147.161,147.231,953,0,0
2025-09-18 12:45:00,147.233,147.319,147.23,147.275,1137,0,0
2025-09-18 13:00:00,147.274,147.343,147.249,147.341,1005,0,0
2025-09-18 13:15:00,147.341,147.373,147.252,147.274,1044,0,0
2025-09-18 13:30:00,147.274,147.285,147.226,147.26,822,0,0
2025-09-18 13:45:00,147.259,147.282,147.226,147.262,870,0,0
2025-09-18 14:00:00,147.262,147.396,147.216,147.323,1472,0,0
2025-09-18 14:15:00,147.323,147.365,147.28,147.284,1274,0,0
2025-09-18 14:30:00,147.283,147.406,147.238,147.376,1464,0,0
2025-09-18 14:45:00,147.376,147.427,147.346,147.385,1227,0,0
2025-09-18 15:00:00,147.386,147.447,147.369,147.425,1520,0,0
2025-09-18 15:15:00,147.425,147.441,147.369,147.382,1230,0,0
2025-09-18 15:30:00,147.385,147.654,147.385,147.634,2278,0,0
2025-09-18 15:45:00,147.633,147.804,147.633,147.789,1875,0,0
2025-09-18 16:00:00,147.793,147.955,147.793,147.906,2114,0,0
2025-09-18 16:15:00,147.906,147.986,147.852,147.962,1638,0,0
2025-09-18 16:30:00,147.957,148.266,147.947,148.263,2258,0,0
2025-09-18 16:45:00,148.263,148.265,148.037,148.059,2462,1,0
2025-09-18 17:00:00,148.059,148.114,147.948,148.084,2549,1,0
2025-09-18 17:15:00,148.085,148.129,148.013,148.026,1973,0,0
2025-09-18 17:30:00,148.026,148.083,147.96,148.05,2022,0,0
2025-09-18 17:45:00,148.05,148.057,147.9,148.013,2178,0,0
2025-09-18 18:00:00,148.012,148.044,147.908,147.993,1759,0,0
2025-09-18 18:15:00,147.994,148.023,147.905,147.929,1568,0,0
2025-09-18 18:30:00,147.93,148.045,147.912,148.041,1284,0,0
2025-09-18 18:45:00,148.041,148.081,148.021,148.023,1202,0,0
2025-09-18 19:00:00,148.023,148.045,147.92,147.995,1693,0,0
2025-09-18 19:15:00,147.995,148.031,147.924,147.924,1172,0,0
2025-09-18 19:30:00,147.924,148.004,147.921,147.952,932,0,0
2025-09-18 19:45:00,147.952,147.964,147.857,147.867,809,0,0
2025-09-18 20:00:00,147.867,147.879,147.82,147.841,1039,0,0
2025-09-18 20:15:00,147.841,147.869,147.818,147.836,720,0,0
2025-09-18 20:30:00,147.832,147.848,147.804,147.824,761,0,0
2025-09-18 20:45:00,147.824,147.895,147.808,147.876,774,0,0
2025-09-18 21:00:00,147.876,147.93,147.827,147.834,761,0,0
2025-09-18 21:15:00,147.834,147.885,147.83,147.859,596,0,0
2025-09-18 21:30:00,147.859,147.903,147.854,147.895,719,0,0
2025-09-18 21:45:00,147.895,147.908,147.864,147.883,626,0,0
2025-09-18 22:00:00,147.883,147.897,147.849,147.85,580,0,0
2025-09-18 22:15:00,147.85,147.885,147.846,147.885,649,0,0
2025-09-18 22:30:00,147.883,147.933,147.877,147.919,665,0,0
2025-09-18 22:45:00,147.919,147.963,147.898,147.954,622,0,0
2025-09-18 23:00:00,147.956,148.01,147.951,147.974,628,0,0
2025-09-18 23:15:00,147.974,147.982,147.962,147.973,340,0,0
2025-09-18 23:30:00,147.972,148.01,147.957,147.978,591,0,0
2025-09-18 23:45:00,147.979,148.011,147.973,147.988,362,10,0
2025-09-19 00:00:00,147.965,147.965,147.834,147.901,87,62,0
2025-09-19 00:15:00,147.901,147.953,147.859,147.874,413,70,0
2025-09-19 00:30:00,147.87,147.915,147.866,147.91,350,66,0
2025-09-19 00:45:00,147.91,147.936,147.874,147.929,317,66,0
2025-09-19 01:00:00,147.929,147.983,147.929,147.942,424,0,0
2025-09-19 01:15:00,147.945,147.963,147.918,147.934,813,0,0
2025-09-19 01:30:00,147.934,147.98,147.915,147.954,324,0,0
2025-09-19 01:45:00,147.954,147.961,147.932,147.943,291,0,0
2025-09-19 02:00:00,147.947,147.97,147.938,147.961,298,0,0
2025-09-19 02:15:00,147.961,147.978,147.946,147.952,291,0,0
2025-09-19 02:30:00,147.953,147.99,147.951,147.977,379,0,0
2025-09-19 02:45:00,147.977,148.009,147.939,147.962,460,0,0
2025-09-19 03:00:00,147.962,148.086,147.893,148.081,1162,1,0
2025-09-19 03:15:00,148.081,148.116,148.046,148.098,806,0,0
2025-09-19 03:30:00,148.1,148.108,148.071,148.082,816,0,0
2025-09-19 03:45:00,148.084,148.109,147.918,148.011,1322,0,0
2025-09-19 04:00:00,148.011,148.086,147.978,148.076,916,0,0
2025-09-19 04:15:00,148.076,148.096,148.024,148.036,863,0,0
2025-09-19 04:30:00,148.035,148.044,147.931,147.995,1210,0,0
2025-09-19 04:45:00,147.995,148.089,147.98,148.063,1286,0,0
2025-09-19 05:00:00,148.062,148.108,147.99,148.037,976,0,0
2025-09-19 05:15:00,148.037,148.05,147.982,148.006,757,0,0
2025-09-19 05:30:00,148.006,148.026,147.971,147.993,945,0,0
2025-09-19 05:45:00,147.993,148.023,147.954,147.992,667,0,0
2025-09-19 06:00:00,147.99,147.997,147.927,147.94,797,0,0
2025-09-19 06:15:00,147.94,147.948,147.817,147.829,1085,0,0
2025-09-19 06:30:00,147.828,147.828,147.686,147.747,1185,0,0
2025-09-19 06:45:00,147.747,147.913,147.373,147.627,2636,0,0
2025-09-19 07:00:00,147.625,147.63,147.215,147.231,2346,0,0
2025-09-19 07:15:00,147.231,147.384,147.195,147.31,2213,0,0
2025-09-19 07:30:00,147.306,147.473,147.289,147.446,1753,0,0
2025-09-19 07:45:00,147.446,147.552,147.412,147.524,1634,0,0
2025-09-19 08:00:00,147.524,147.542,147.43,147.467,1419,0,0
2025-09-19 08:15:00,147.469,147.536,147.419,147.473,1169,0,0
2025-09-19 08:30:00,147.474,147.585,147.42,147.506,1578,0,0
2025-09-19 08:45:00,147.506,147.558,147.46,147.511,1502,0,0
2025-09-19 09:00:00,147.517,147.588,147.471,147.568,1657,0,0
2025-09-19 09:15:00,147.569,147.748,147.567,147.697,1601,0,0
2025-09-19 09:30:00,147.697,147.928,147.545,147.69,2286,0,0
2025-09-19 09:45:00,147.69,147.99,147.637,147.852,2367,0,0
2025-09-19 10:00:00,147.846,147.958,147.776,147.89,2082,0,0
2025-09-19 10:15:00,147.891,147.916,147.754,147.819,1609,0,0
2025-09-19 10:30:00,147.823,147.85,147.664,147.848,1482,0,0
2025-09-19 10:45:00,147.849,147.952,147.81,147.932,1565,0,0
2025-09-19 11:00:00,147.933,147.971,147.884,147.942,1463,0,0
2025-09-19 11:15:00,147.942,148.025,147.937,147.959,1151,0,0
2025-09-19 11:30:00,147.957,148.037,147.81,147.989,1590,0,0
2025-09-19 11:45:00,147.987,147.989,147.844,147.856,1261,0,0
2025-09-19 12:00:00,147.854,147.889,147.792,147.809,1319,0,0
2025-09-19 12:15:00,147.806,147.852,147.754,147.85,1003,0,0
2025-09-19 12:30:00,147.85,147.882,147.792,147.805,956,0,0
2025-09-19 12:45:00,147.806,147.984,147.805,147.958,1103,0,0
2025-09-19 13:00:00,147.958,147.961,147.857,147.884,915,0,0
2025-09-19 13:15:00,147.883,147.914,147.864,147.913,882,0,0
2025-09-19 13:30:00,147.913,147.974,147.882,147.969,783,0,0
2025-09-19 13:45:00,147.969,147.971,147.921,147.942,780,0,0
2025-09-19 14:00:00,147.941,148.036,147.934,148.009,1140,0,0
2025-09-19 14:15:00,148.009,148.021,147.974,147.998,910,0,0
2025-09-19 14:30:00,147.996,148.046,147.933,148.038,1157,0,0
2025-09-19 14:45:00,148.04,148.2,148.033,148.166,1412,0,0
2025-09-19 15:00:00,148.165,148.165,148.022,148.024,1557,1,0
2025-09-19 15:15:00,148.023,148.167,148.015,148.102,1472,0,0
2025-09-19 15:30:00,148.103,148.195,148.094,148.171,1549,0,0
2025-09-19 15:45:00,148.174,148.287,148.141,148.159,1574,0,0
2025-09-19 16:00:00,148.157,148.157,148.005,148.021,1735,0,0
2025-09-19 16:15:00,148.023,148.057,147.9,148.001,1840,1,0
2025-09-19 16:30:00,147.999,148.038,147.858,147.87,1867,0,0
2025-09-19 16:45:00,147.861,147.891,147.805,147.837,1722,0,0
2025-09-19 17:00:00,147.839,147.905,147.808,147.89,1820,0,0
2025-09-19 17:15:00,147.891,147.904,147.807,147.843,1685,0,0
2025-09-19 17:30:00,147.843,147.895,147.792,147.806,1299,0,0
2025-09-19 17:45:00,147.806,147.922,147.794,147.886,2020,0,0
2025-09-19 18:00:00,147.89,147.95,147.85,147.889,1949,0,0
2025-09-19 18:15:00,147.89,147.936,147.873,147.909,1442,0,0
2025-09-19 18:30:00,147.908,147.951,147.867,147.888,1281,0,0
2025-09-19 18:45:00,147.889,147.912,147.828,147.836,1110,0,0
2025-09-19 19:00:00,147.836,147.891,147.797,147.888,939,0,0
2025-09-19 19:15:00,147.889,147.927,147.874,147.901,861,0,0
2025-09-19 19:30:00,147.901,147.915,147.872,147.882,840,0,0
2025-09-19 19:45:00,147.882,147.924,147.846,147.85,859,0,0
2025-09-19 20:00:00,147.849,147.952,147.843,147.944,738,1,0
2025-09-19 20:15:00,147.944,147.947,147.886,147.901,620,0,0
2025-09-19 20:30:00,147.901,147.955,147.895,147.954,547,0,0
2025-09-19 20:45:00,147.954,147.954,147.896,147.945,671,0,0
2025-09-19 21:00:00,147.945,147.948,147.925,147.935,606,0,0
2025-09-19 21:15:00,147.935,147.947,147.921,147.937,632,0,0
2025-09-19 21:30:00,147.937,147.95,147.919,147.936,526,0,0
2025-09-19 21:45:00,147.936,147.974,147.931,147.965,517,0,0
2025-09-19 22:00:00,147.966,147.983,147.933,147.945,558,0,0
2025-09-19 22:15:00,147.944,147.987,147.942,147.976,509,0,0
2025-09-19 22:30:00,147.976,147.995,147.929,147.934,482,0,0
2025-09-19 22:45:00,147.934,147.96,147.92,147.94,658,1,0
2025-09-19 23:00:00,147.939,147.989,147.937,147.988,394,0,0
2025-09-19 23:15:00,147.988,147.997,147.959,147.969,421,0,0
2025-09-19 23:30:00,147.969,147.994,147.95,147.967,843,2,0
2025-09-19 23:45:00,147.963,147.986,147.931,147.975,879,10,0
2025-09-22 00:00:00,147.86,147.872,147.823,147.872,46,69,0
2025-09-22 00:15:00,147.872,147.88,147.87,147.88,26,70,0
2025-09-22 00:30:00,147.877,147.884,147.869,147.875,86,66,0
2025-09-22 00:45:00,147.875,147.879,147.866,147.879,89,66,0
2025-09-22 01:00:00,147.879,147.974,147.857,147.933,462,0,0
2025-09-22 01:15:00,147.936,147.975,147.927,147.968,393,0,0
2025-09-22 01:30:00,147.968,147.98,147.941,147.953,271,0,0
2025-09-22 01:45:00,147.953,148.016,147.953,147.994,312,0,0
2025-09-22 02:00:00,147.993,148.029,147.977,148.022,352,0,0
2025-09-22 02:15:00,148.022,148.038,147.997,148.037,313,0,0
2025-09-22 02:30:00,148.037,148.071,148.011,148.06,480,0,0
2025-09-22 02:45:00,148.06,148.112,148.059,148.102,654,0,0
2025-09-22 03:00:00,148.108,148.189,148.106,148.122,1046,0,0
2025-09-22 03:15:00,148.122,148.167,148.115,148.163,730,0,0
2025-09-22 03:30:00,148.161,148.193,148.14,148.175,866,0,0
2025-09-22 03:45:00,148.175,148.261,148.151,148.161,1317,0,0
2025-09-22 04:00:00,148.161,148.218,148.088,148.165,1463,0,0
2025-09-22 04:15:00,148.165,148.174,148.121,148.168,1104,0,0
2025-09-22 04:30:00,148.168,148.201,148.136,148.161,1225,0,0
2025-09-22 04:45:00,148.161,148.2,148.135,148.195,994,0,0
2025-09-22 05:00:00,148.196,148.334,148.181,148.312,1054,0,0
2025-09-22 05:15:00,148.31,148.354,148.308,148.313,883,0,0
2025-09-22 05:30:00,148.315,148.342,148.304,148.314,730,0,0
2025-09-22 05:45:00,148.312,148.349,148.311,148.347,819,0,0
2025-09-22 06:00:00,148.347,148.377,148.311,148.315,758,0,0
2025-09-22 06:15:00,148.315,148.343,148.303,148.333,747,0,0
2025-09-22 06:30:00,148.333,148.375,148.315,148.329,631,0,0
2025-09-22 06:45:00,148.329,148.355,148.323,148.337,646,0,0
2025-09-22 07:00:00,148.336,148.351,148.31,148.316,737,0,0
2025-09-22 07:15:00,148.317,148.36,148.317,148.359,570,0,0
2025-09-22 07:30:00,148.359,148.37,148.317,148.342,677,0,0
2025-09-22 07:45:00,148.342,148.345,148.274,148.287,734,0,0
2025-09-22 08:00:00,148.287,148.306,148.247,148.295,758,0,0
2025-09-22 08:15:00,148.293,148.306,148.26,148.265,555,0,0
2025-09-22 08:30:00,148.264,148.28,148.222,148.253,670,0,0
2025-09-22 08:45:00,148.253,148.268,148.239,148.253,650,0,0
2025-09-22 09:00:00,148.257,148.258,148.19,148.205,834,0,0
2025-09-22 09:15:00,148.205,148.224,148.049,148.067,1000,0,0
2025-09-22 09:30:00,148.071,148.115,148.033,148.035,972,0,0
2025-09-22 09:45:00,148.036,148.11,147.997,148.076,1197,0,0
2025-09-22 10:00:00,148.078,148.132,148.021,148.099,1306,0,0
2025-09-22 10:15:00,148.1,148.132,147.891,147.943,1561,0,0
2025-09-22 10:30:00,147.943,148.082,147.94,148.07,1418,0,0
2025-09-22 10:45:00,148.07,148.128,148.024,148.116,1117,0,0
2025-09-22 11:00:00,148.116,148.129,147.893,147.953,1521,0,0
2025-09-22 11:15:00,147.953,147.961,147.86,147.899,1319,0,0
2025-09-22 11:30:00,147.898,147.902,147.827,147.832,1178,0,0
2025-09-22 11:45:00,147.832,147.895,147.818,147.855,1033,0,0
2025-09-22 12:00:00,147.854,147.858,147.797,147.836,836,0,0
2025-09-22 12:15:00,147.836,147.927,147.836,147.923,969,0,0
2025-09-22 12:30:00,147.925,147.947,147.885,147.921,792,0,0
2025-09-22 12:45:00,147.917,147.925,147.845,147.878,891,0,0
2025-09-22 13:00:00,147.879,147.891,147.83,147.875,1058,0,0
2025-09-22 13:15:00,147.875,147.918,147.832,147.882,955,0,0
2025-09-22 13:30:00,147.881,147.933,147.881,147.912,850,0,0
2025-09-22 13:45:00,147.911,147.92,147.821,147.856,954,0,0
2025-09-22 14:00:00,147.86,147.905,147.829,147.894,965,0,0
2025-09-22 14:15:00,147.894,147.908,147.837,147.857,946,0,0
2025-09-22 14:30:00,147.849,147.856,147.816,147.852,773,0,0
2025-09-22 14:45:00,147.852,147.882,147.742,147.843,1191,0,0
2025-09-22 15:00:00,147.842,147.86,147.763,147.847,1398,1,0
2025-09-22 15:15:00,147.847,147.932,147.827,147.896,1163,0,0
2025-09-22 15:30:00,147.894,147.929,147.828,147.844,1371,0,0
2025-09-22 15:45:00,147.844,147.853,147.77,147.844,1544,0,0
2025-09-22 16:00:00,147.841,147.958,147.774,147.79,1897,0,0
2025-09-22 16:15:00,147.79,147.808,147.732,147.792,1268,0,0
2025-09-22 16:30:00,147.789,147.906,147.757,147.894,1597,0,0
2025-09-22 16:45:00,147.894,147.96,147.818,147.822,1216,0,0
2025-09-22 17:00:00,147.822,147.908,147.818,147.894,1234,0,0
2025-09-22 17:15:00,147.895,147.962,147.884,147.913,1161,0,0
2025-09-22 17:30:00,147.913,147.987,147.885,147.891,1222,0,0
2025-09-22 17:45:00,147.891,147.945,147.871,147.878,1439,0,0
2025-09-22 18:00:00,147.88,147.893,147.828,147.893,1229,0,0
2025-09-22 18:15:00,147.893,147.903,147.824,147.832,1124,0,0
2025-09-22 18:30:00,147.833,147.853,147.827,147.833,972,0,0
2025-09-22 18:45:00,147.837,147.856,147.82,147.841,1049,0,0
2025-09-22 19:00:00,147.842,147.889,147.807,147.811,903,0,0
2025-09-22 19:15:00,147.812,147.813,147.735,147.772,1082,0,0
2025-09-22 19:30:00,147.773,147.793,147.75,147.774,853,0,0
2025-09-22 19:45:00,147.774,147.798,147.738,147.742,745,0,0
2025-09-22 20:00:00,147.742,147.78,147.72,147.769,675,0,0
2025-09-22 20:15:00,147.769,147.773,147.723,147.732,513,0,0
2025-09-22 20:30:00,147.732,147.733,147.684,147.685,696,0,0
2025-09-22 20:45:00,147.685,147.703,147.657,147.687,620,0,0
2025-09-22 21:00:00,147.687,147.717,147.658,147.714,719,0,0
2025-09-22 21:15:00,147.714,147.737,147.711,147.734,589,0,0
2025-09-22 21:30:00,147.734,147.763,147.696,147.761,806,0,0
2025-09-22 21:45:00,147.761,147.773,147.727,147.729,528,0,0
2025-09-22 22:00:00,147.729,147.731,147.707,147.722,669,0,0
2025-09-22 22:15:00,147.722,147.735,147.7,147.718,464,0,0
2025-09-22 22:30:00,147.718,147.729,147.698,147.724,535,0,0
2025-09-22 22:45:00,147.725,147.741,147.689,147.739,491,0,0
2025-09-22 23:00:00,147.737,147.772,147.713,147.762,366,0,0
2025-09-22 23:15:00,147.762,147.781,147.756,147.756,280,0,0
2025-09-22 23:30:00,147.756,147.771,147.734,147.738,347,0,0
2025-09-22 23:45:00,147.735,147.744,147.703,147.726,505,10,0
2025-09-23 00:00:00,147.694,147.825,147.674,147.674,59,34,0
2025-09-23 00:15:00,147.674,147.72,147.652,147.719,150,66,0
2025-09-23 00:30:00,147.719,147.732,147.717,147.718,179,66,0
2025-09-23 00:45:00,147.718,147.722,147.699,147.7,209,66,0
2025-09-23 01:00:00,147.7,147.727,147.665,147.721,326,0,0
2025-09-23 01:15:00,147.721,147.727,147.69,147.725,278,0,0
2025-09-23 01:30:00,147.725,147.744,147.718,147.736,245,0,0
2025-09-23 01:45:00,147.736,147.741,147.7,147.703,240,0,0
2025-09-23 02:00:00,147.695,147.735,147.691,147.731,339,0,0
2025-09-23 02:15:00,147.731,147.742,147.681,147.704,378,0,0
2025-09-23 02:30:00,147.704,147.725,147.704,147.724,278,0,0
2025-09-23 02:45:00,147.724,147.77,147.709,147.733,623,0,0
2025-09-23 03:00:00,147.734,147.758,147.718,147.755,797,0,0
2025-09-23 03:15:00,147.755,147.768,147.72,147.733,681,0,0
2025-09-23 03:30:00,147.734,147.737,147.687,147.707,693,0,0
2025-09-23 03:45:00,147.707,147.708,147.652,147.669,925,0,0
2025-09-23 04:00:00,147.667,147.683,147.634,147.661,1042,0,0
2025-09-23 04:15:00,147.66,147.685,147.647,147.68,917,0,0
2025-09-23 04:30:00,147.679,147.702,147.606,147.615,906,0,0
2025-09-23 04:45:00,147.615,147.623,147.6,147.619,844,0,0
2025-09-23 05:00:00,147.619,147.737,147.608,147.723,950,0,0
2025-09-23 05:15:00,147.724,147.745,147.703,147.731,1051,0,0
2025-09-23 05:30:00,147.731,147.764,147.718,147.745,812,0,0
2025-09-23 05:45:00,147.745,147.815,147.732,147.798,741,0,0
2025-09-23 06:00:00,147.798,147.868,147.798,147.838,816,0,0
2025-09-23 06:15:00,147.838,147.848,147.776,147.783,753,0,0
2025-09-23 06:30:00,147.783,147.829,147.773,147.785,663,0,0
2025-09-23 06:45:00,147.784,147.794,147.748,147.762,709,0,0
2025-09-23 07:00:00,147.763,147.805,147.733,147.787,605,0,0
2025-09-23 07:15:00,147.787,147.817,147.78,147.788,699,0,0
2025-09-23 07:30:00,147.789,147.79,147.75,147.76,638,0,0
2025-09-23 07:45:00,147.76,147.8,147.753,147.8,582,0,0
2025-09-23 08:00:00,147.807,147.841,147.776,147.798,572,0,0
2025-09-23 08:15:00,147.8,147.801,147.774,147.776,622,0,0
2025-09-23 08:30:00,147.776,147.781,147.74,147.754,698,0,0
2025-09-23 08:45:00,147.754,147.804,147.737,147.802,863,0,0
2025-09-23 09:00:00,147.806,147.833,147.792,147.796,1004,0,0
2025-09-23 09:15:00,147.797,147.807,147.752,147.765,903,0,0
2025-09-23 09:30:00,147.766,147.799,147.711,147.713,770,0,0
2025-09-23 09:45:00,147.713,147.728,147.638,147.72,970,0,0
2025-09-23 10:00:00,147.719,147.799,147.646,147.775,1481,0,0
2025-09-23 10:15:00,147.801,147.82,147.723,147.744,1230,0,0
2025-09-23 10:30:00,147.741,147.811,147.711,147.781,1397,0,0
2025-09-23 10:45:00,147.781,147.788,147.71,147.731,1360,0,0
2025-09-23 11:00:00,147.73,147.778,147.705,147.767,1117,0,0
2025-09-23 11:15:00,147.767,147.773,147.695,147.714,1086,0,0
2025-09-23 11:30:00,147.707,147.743,147.606,147.621,1465,0,0
2025-09-23 11:45:00,147.621,147.642,147.537,147.566,1285,0,0
2025-09-23 12:00:00,147.566,147.577,147.51,147.543,1323,0,0
2025-09-23 12:15:00,147.542,147.564,147.507,147.538,962,0,0
2025-09-23 12:30:00,147.537,147.599,147.53,147.598,839,0,0
2025-09-23 12:45:00,147.598,147.626,147.582,147.61,713,0,0
2025-09-23 13:00:00,147.611,147.652,147.581,147.586,728,0,0
2025-09-23 13:15:00,147.587,147.701,147.582,147.692,761,0,0
2025-09-23 13:30:00,147.692,147.767,147.69,147.766,840,0,0
2025-09-23 13:45:00,147.763,147.767,147.709,147.717,665,0,0
2025-09-23 14:00:00,147.717,147.768,147.691,147.751,1004,0,0
2025-09-23 14:15:00,147.751,147.778,147.73,147.764,879,0,0
2025-09-23 14:30:00,147.765,147.795,147.747,147.752,724,0,0
2025-09-23 14:45:00,147.752,147.773,147.735,147.765,825,0,0
2025-09-23 15:00:00,147.765,147.827,147.757,147.795,1170,1,0
2025-09-23 15:15:00,147.794,147.834,147.765,147.798,1146,0,0
2025-09-23 15:30:00,147.797,147.885,147.797,147.85,1190,0,0
2025-09-23 15:45:00,147.85,147.858,147.758,147.775,1146,0,0
2025-09-23 16:00:00,147.774,147.779,147.683,147.719,1584,0,0
2025-09-23 16:15:00,147.714,147.771,147.706,147.74,1420,0,0
2025-09-23 16:30:00,147.739,147.802,147.713,147.774,1573,0,0
2025-09-23 16:45:00,147.756,147.887,147.668,147.677,2094,0,0
2025-09-23 17:00:00,147.678,147.774,147.618,147.69,1816,0,0
2025-09-23 17:15:00,147.69,147.799,147.665,147.745,1585,0,0
2025-09-23 17:30:00,147.742,147.798,147.705,147.714,1448,0,0
2025-09-23 17:45:00,147.718,147.801,147.708,147.764,1556,0,0
2025-09-23 18:00:00,147.764,147.852,147.75,147.818,1547,0,0
2025-09-23 18:15:00,147.818,147.885,147.796,147.884,1111,0,0
2025-09-23 18:30:00,147.883,147.921,147.849,147.871,1068,0,0
2025-09-23 18:45:00,147.871,147.926,147.839,147.841,1146,0,0
2025-09-23 19:00:00,147.841,147.869,147.79,147.806,1015,1,0
2025-09-23 19:15:00,147.807,147.815,147.721,147.722,989,0,0
2025-09-23 19:30:00,147.723,147.927,147.686,147.777,1677,0,0
2025-09-23 19:45:00,147.777,147.793,147.724,147.773,1517,0,0
2025-09-23 20:00:00,147.772,147.777,147.686,147.716,1146,0,0
2025-09-23 20:15:00,147.715,147.759,147.632,147.679,1092,0,0
2025-09-23 20:30:00,147.679,147.692,147.514,147.536,1398,1,0
2025-09-23 20:45:00,147.536,147.599,147.492,147.582,1348,0,0
2025-09-23 21:00:00,147.587,147.619,147.53,147.538,980,0,0
2025-09-23 21:15:00,147.538,147.563,147.461,147.529,1017,0,0
2025-09-23 21:30:00,147.538,147.588,147.484,147.5,901,0,0
2025-09-23 21:45:00,147.502,147.623,147.489,147.583,1263,0,0
2025-09-23 22:00:00,147.584,147.614,147.558,147.568,997,0,0
2025-09-23 22:15:00,147.568,147.625,147.565,147.581,812,0,0
2025-09-23 22:30:00,147.581,147.596,147.553,147.562,738,0,0
2025-09-23 22:45:00,147.562,147.634,147.559,147.634,840,0,0
2025-09-23 23:00:00,147.634,147.641,147.587,147.617,463,0,0
2025-09-23 23:15:00,147.617,147.642,147.614,147.628,493,0,0
2025-09-23 23:30:00,147.628,147.674,147.625,147.657,568,1,0
2025-09-23 23:45:00,147.658,147.67,147.644,147.65,625,10,0
2025-09-24 00:00:00,147.564,147.619,147.54,147.583,43,66,0
2025-09-24 00:15:00,147.583,147.583,147.534,147.55,220,82,0
2025-09-24 00:30:00,147.556,147.576,147.553,147.565,435,79,0
2025-09-24 00:45:00,147.565,147.573,147.532,147.536,215,66,0
2025-09-24 01:00:00,147.535,147.6,147.535,147.6,461,0,0
2025-09-24 01:15:00,147.6,147.634,147.583,147.622,268,0,0
2025-09-24 01:30:00,147.622,147.628,147.597,147.612,210,0,0
2025-09-24 01:45:00,147.612,147.625,147.596,147.615,213,0,0
2025-09-24 02:00:00,147.612,147.647,147.597,147.622,332,0,0
2025-09-24 02:15:00,147.622,147.628,147.575,147.59,366,0,0
2025-09-24 02:30:00,147.589,147.653,147.581,147.635,414,0,0
2025-09-24 02:45:00,147.634,147.664,147.602,147.603,541,0,0
2025-09-24 03:00:00,147.602,147.602,147.514,147.587,1341,1,0
2025-09-24 03:15:00,147.587,147.73,147.563,147.715,1088,0,0
2025-09-24 03:30:00,147.716,147.798,147.712,147.759,932,0,0
2025-09-24 03:45:00,147.76,147.83,147.736,147.774,1038,0,0
2025-09-24 04:00:00,147.774,147.814,147.735,147.76,992,0,0
2025-09-24 04:15:00,147.76,147.808,147.747,147.774,1004,0,0
2025-09-24 04:30:00,147.774,147.791,147.715,147.738,1179,0,0
2025-09-24 04:45:00,147.737,147.801,147.727,147.758,1127,0,0
2025-09-24 05:00:00,147.759,147.786,147.736,147.751,811,0,0
2025-09-24 05:15:00,147.751,147.773,147.722,147.761,810,0,0
2025-09-24 05:30:00,147.763,147.775,147.745,147.754,696,0,0
2025-09-24 05:45:00,147.754,147.791,147.748,147.771,674,0,0
2025-09-24 06:00:00,147.771,147.802,147.759,147.779,471,0,0
2025-09-24 06:15:00,147.779,147.83,147.767,147.825,551,0,0
2025-09-24 06:30:00,147.825,147.86,147.811,147.846,659,0,0
2025-09-24 06:45:00,147.846,147.877,147.84,147.873,545,0,0
2025-09-24 07:00:00,147.873,147.919,147.873,147.896,559,0,0
2025-09-24 07:15:00,147.896,147.957,147.885,147.93,621,0,0
2025-09-24 07:30:00,147.93,147.963,147.925,147.952,562,0,0
2025-09-24 07:45:00,147.952,147.955,147.894,147.903,623,0,0
2025-09-24 08:00:00,147.903,147.935,147.891,147.914,617,0,0
2025-09-24 08:15:00,147.914,147.921,147.816,147.857,789,0,0
2025-09-24 08:30:00,147.857,147.904,147.853,147.902,757,0,0
2025-09-24 08:45:00,147.902,147.943,147.877,147.878,833,0,0
2025-09-24 09:00:00,147.879,148.01,147.872,147.998,1240,1,0
2025-09-24 09:15:00,147.998,148.085,147.982,148.041,1064,0,0
2025-09-24 09:30:00,148.041,148.108,148.027,148.038,939,0,0
2025-09-24 09:45:00,148.038,148.098,148.038,148.059,855,0,0
2025-09-24 10:00:00,148.057,148.094,148.007,148.085,1141,0,0
2025-09-24 10:15:00,148.084,148.097,148.045,148.049,1026,0,0
2025-09-24 10:30:00,148.05,148.099,148.044,148.077,1048,0,0
2025-09-24 10:45:00,148.076,148.09,148.04,148.044,1047,0,0
2025-09-24 11:00:00,148.045,148.102,148.015,148.086,1230,0,0
2025-09-24 11:15:00,148.085,148.162,148.057,148.161,1111,0,0
2025-09-24 11:30:00,148.162,148.265,148.162,148.263,1023,0,0
2025-09-24 11:45:00,148.265,148.292,148.243,148.265,872,0,0
2025-09-24 12:00:00,148.265,148.307,148.239,148.275,1002,1,0
2025-09-24 12:15:00,148.275,148.338,148.267,148.322,799,0,0
2025-09-24 12:30:00,148.322,148.345,148.297,148.324,831,0,0
2025-09-24 12:45:00,148.324,148.345,148.212,148.282,884,0,0
2025-09-24 13:00:00,148.282,148.388,148.282,148.376,722,0,0
2025-09-24 13:15:00,148.376,148.401,148.351,148.37,790,0,0
2025-09-24 13:30:00,148.37,148.399,148.337,148.392,747,0,0
2025-09-24 13:45:00,148.392,148.417,148.375,148.397,665,0,0
2025-09-24 14:00:00,148.397,148.44,148.393,148.408,809,0,0
2025-09-24 14:15:00,148.408,148.486,148.379,148.476,799,0,0
2025-09-24 14:30:00,148.473,148.487,148.403,148.443,997,0,0
2025-09-24 14:45:00,148.444,148.519,148.443,148.503,1066,0,0
2025-09-24 15:00:00,148.503,148.533,148.429,148.501,1248,0,0
2025-09-24 15:15:00,148.499,148.541,148.454,148.521,1158,0,0
2025-09-24 15:30:00,148.521,148.623,148.517,148.618,1076,0,0
2025-09-24 15:45:00,148.618,148.717,148.602,148.669,1464,1,0
2025-09-24 16:00:00,148.67,148.736,148.646,148.726,1085,0,0
2025-09-24 16:15:00,148.725,148.751,148.66,148.684,1297,0,0
2025-09-24 16:30:00,148.684,148.776,148.684,148.767,1512,0,0
2025-09-24 16:45:00,148.766,148.769,148.615,148.708,1598,0,0
2025-09-24 17:00:00,148.705,148.781,148.676,148.727,1639,0,0
2025-09-24 17:15:00,148.731,148.774,148.627,148.644,1472,0,0
2025-09-24 17:30:00,148.645,148.676,148.595,148.595,1426,0,0
2025-09-24 17:45:00,148.595,148.736,148.593,148.712,1591,0,0
2025-09-24 18:00:00,148.712,148.775,148.702,148.76,1313,0,0
2025-09-24 18:15:00,148.76,148.763,148.706,148.751,920,0,0
2025-09-24 18:30:00,148.751,148.778,148.705,148.751,1019,0,0
2025-09-24 18:45:00,148.751,148.751,148.695,148.711,1219,0,0
2025-09-24 19:00:00,148.71,148.753,148.686,148.741,876,0,0
2025-09-24 19:15:00,148.746,148.772,148.738,148.751,858,0,0
2025-09-24 19:30:00,148.751,148.795,148.741,148.749,694,0,0
2025-09-24 19:45:00,148.749,148.791,148.736,148.765,807,0,0
2025-09-24 20:00:00,148.765,148.769,148.719,148.72,720,0,0
2025-09-24 20:15:00,148.719,148.746,148.706,148.73,724,0,0
2025-09-24 20:30:00,148.73,148.755,148.724,148.744,507,0,0
2025-09-24 20:45:00,148.745,148.766,148.718,148.742,508,0,0
2025-09-24 21:00:00,148.741,148.792,148.738,148.775,496,0,0
2025-09-24 21:15:00,148.775,148.793,148.763,148.775,515,0,0
2025-09-24 21:30:00,148.775,148.841,148.772,148.826,739,0,0
2025-09-24 21:45:00,148.826,148.873,148.819,148.842,948,1,0
2025-09-24 22:00:00,148.842,148.885,148.836,148.858,701,0,0
2025-09-24 22:15:00,148.858,148.888,148.847,148.87,406,0,0
2025-09-24 22:30:00,148.87,148.874,148.842,148.851,579,0,0
2025-09-24 22:45:00,148.851,148.878,148.839,148.862,576,0,0
2025-09-24 23:00:00,148.86,148.879,148.856,148.868,440,0,0
2025-09-24 23:15:00,148.868,148.904,148.855,148.901,335,0,0
2025-09-24 23:30:00,148.902,148.91,148.865,148.887,323,0,0
2025-09-24 23:45:00,148.887,148.912,148.88,148.903,329,10,0
2025-09-25 00:00:00,148.887,148.887,148.801,148.82,60,19,0
2025-09-25 00:15:00,148.82,148.82,148.72,148.784,174,66,0
2025-09-25 00:30:00,148.784,148.801,148.764,148.789,131,66,0
2025-09-25 00:45:00,148.789,148.79,148.761,148.774,151,66,0
2025-09-25 01:00:00,148.774,148.853,148.774,148.85,329,0,0
2025-09-25 01:15:00,148.85,148.852,148.82,148.838,323,0,0
2025-09-25 01:30:00,148.84,148.842,148.791,148.808,370,0,0
2025-09-25 01:45:00,148.808,148.81,148.778,148.807,348,0,0
2025-09-25 02:00:00,148.807,148.835,148.791,148.794,430,0,0
2025-09-25 02:15:00,148.794,148.806,148.759,148.779,615,0,0
2025-09-25 02:30:00,148.779,148.818,148.779,148.8,322,0,0
2025-09-25 02:45:00,148.8,148.82,148.726,148.786,660,0,0
2025-09-25 03:00:00,148.786,148.795,148.668,148.716,1372,0,0
2025-09-25 03:15:00,148.716,148.717,148.652,148.658,1120,0,0
2025-09-25 03:30:00,148.658,148.684,148.634,148.636,781,0,0
2025-09-25 03:45:00,148.637,148.679,148.559,148.57,1221,0,0
2025-09-25 04:00:00,148.573,148.645,148.559,148.624,1047,0,0
2025-09-25 04:15:00,148.623,148.747,148.623,148.734,1047,0,0
2025-09-25 04:30:00,148.734,148.822,148.712,148.818,854,0,0
2025-09-25 04:45:00,148.818,148.86,148.747,148.755,936,0,0
2025-09-25 05:00:00,148.755,148.755,148.614,148.648,993,0,0
2025-09-25 05:15:00,148.648,148.729,148.634,148.716,913,0,0
2025-09-25 05:30:00,148.717,148.726,148.671,148.681,687,0,0
2025-09-25 05:45:00,148.682,148.761,148.667,148.752,727,1,0
2025-09-25 06:00:00,148.754,148.775,148.713,148.728,560,0,0
2025-09-25 06:15:00,148.731,148.746,148.661,148.677,550,0,0
2025-09-25 06:30:00,148.677,148.696,148.659,148.669,354,0,0
2025-09-25 06:45:00,148.674,148.697,148.665,148.673,596,0,0
2025-09-25 07:00:00,148.673,148.702,148.633,148.692,742,0,0
2025-09-25 07:15:00,148.694,148.695,148.648,148.657,431,0,0
2025-09-25 07:30:00,148.657,148.681,148.646,148.646,461,0,0
2025-09-25 07:45:00,148.646,148.657,148.6,148.605,575,0,0
2025-09-25 08:00:00,148.605,148.685,148.598,148.68,629,0,0
2025-09-25 08:15:00,148.68,148.756,148.68,148.756,547,0,0
2025-09-25 08:30:00,148.756,148.77,148.714,148.759,721,0,0
2025-09-25 08:45:00,148.761,148.814,148.761,148.81,830,0,0
2025-09-25 09:00:00,148.812,148.864,148.788,148.848,903,0,0
2025-09-25 09:15:00,148.847,148.848,148.767,148.837,996,0,0
2025-09-25 09:30:00,148.837,148.839,148.763,148.764,1071,0,0
2025-09-25 09:45:00,148.764,148.806,148.731,148.784,1066,0,0
2025-09-25 10:00:00,148.781,148.803,148.696,148.7,1150,0,0
2025-09-25 10:15:00,148.7,148.727,148.632,148.726,1074,0,0
2025-09-25 10:30:00,148.726,148.757,148.654,148.71,1252,0,0
2025-09-25 10:45:00,148.712,148.828,148.71,148.821,1395,0,0
2025-09-25 11:00:00,148.824,148.827,148.723,148.726,1185,0,0
2025-09-25 11:15:00,148.726,148.737,148.664,148.711,1072,0,0
2025-09-25 11:30:00,148.712,148.786,148.685,148.769,957,0,0
2025-09-25 11:45:00,148.769,148.801,148.71,148.742,979,0,0
2025-09-25 12:00:00,148.742,148.779,148.684,148.732,902,0,0
2025-09-25 12:15:00,148.733,148.801,148.723,148.792,745,0,0
2025-09-25 12:30:00,148.791,148.813,148.769,148.798,769,0,0
2025-09-25 12:45:00,148.798,148.805,148.741,148.794,838,0,0
2025-09-25 13:00:00,148.793,148.799,148.733,148.736,742,0,0
2025-09-25 13:15:00,148.736,148.754,148.726,148.751,643,0,0
2025-09-25 13:30:00,148.751,148.771,148.735,148.759,732,0,0
2025-09-25 13:45:00,148.759,148.802,148.734,148.8,868,0,0
2025-09-25 14:00:00,148.799,148.895,148.799,148.888,1096,0,0
2025-09-25 14:15:00,148.888,148.895,148.853,148.858,862,0,0
2025-09-25 14:30:00,148.858,148.866,148.819,148.844,913,0,0
2025-09-25 14:45:00,148.845,148.853,148.798,148.838,979,0,0
2025-09-25 15:00:00,148.839,148.862,148.802,148.827,1219,0,0
2025-09-25 15:15:00,148.826,148.861,148.802,148.83,1247,0,0
2025-09-25 15:30:00,148.894,149.25,148.874,149.197,3039,1,0
2025-09-25 15:45:00,149.201,149.356,149.162,149.245,2558,0,0
2025-09-25 16:00:00,149.244,149.304,149.165,149.217,2265,0,0
2025-09-25 16:15:00,149.214,149.246,149.152,149.18,1802,0,0
2025-09-25 16:30:00,149.168,149.279,149.146,149.275,2143,0,0
2025-09-25 16:45:00,149.276,149.477,149.265,149.429,1941,0,0
2025-09-25 17:00:00,149.432,149.475,149.34,149.458,2031,0,0
2025-09-25 17:15:00,149.458,149.482,149.373,149.45,1831,0,0
2025-09-25 17:30:00,149.446,149.612,149.446,149.535,1652,0,0
2025-09-25 17:45:00,149.535,149.637,149.527,149.637,1785,0,0
2025-09-25 18:00:00,149.637,149.686,149.628,149.667,1557,0,0
2025-09-25 18:15:00,149.667,149.756,149.651,149.753,1353,0,0
2025-09-25 18:30:00,149.752,149.842,149.751,149.797,1591,0,0
2025-09-25 18:45:00,149.796,149.827,149.76,149.787,1185,0,0
2025-09-25 19:00:00,149.787,149.816,149.708,149.748,1305,0,0
2025-09-25 19:15:00,149.748,149.865,149.73,149.746,1215,0,0
2025-09-25 19:30:00,149.746,149.798,149.73,149.786,955,0,0
2025-09-25 19:45:00,149.786,149.827,149.769,149.817,917,0,0
2025-09-25 20:00:00,149.817,149.851,149.783,149.79,1010,0,0
2025-09-25 20:15:00,149.793,149.892,149.777,149.885,1268,0,0
2025-09-25 20:30:00,149.885,149.923,149.859,149.861,1048,0,0
2025-09-25 20:45:00,149.861,149.886,149.758,149.805,859,0,0
2025-09-25 21:00:00,149.801,149.925,149.73,149.912,1364,2,0
2025-09-25 21:15:00,149.912,149.921,149.864,149.881,996,0,0
2025-09-25 21:30:00,149.881,149.902,149.83,149.866,753,0,0
2025-09-25 21:45:00,149.866,149.907,149.823,149.889,994,0,0
2025-09-25 22:00:00,149.889,149.898,149.792,149.794,864,0,0
2025-09-25 22:15:00,149.793,149.793,149.729,149.783,805,0,0
2025-09-25 22:30:00,149.783,149.826,149.774,149.811,721,0,0
2025-09-25 22:45:00,149.811,149.812,149.764,149.773,634,0,0
2025-09-25 23:00:00,149.778,149.804,149.747,149.789,371,0,0
2025-09-25 23:15:00,149.789,149.789,149.754,149.778,368,0,0
2025-09-25 23:30:00,149.777,149.813,149.776,149.779,328,0,0
2025-09-25 23:45:00,149.78,149.795,149.76,149.793,588,10,0
2025-09-26 00:00:00,149.785,149.791,149.762,149.769,45,17,0
2025-09-26 00:15:00,149.769,149.78,149.743,149.764,76,91,0
2025-09-26 00:30:00,149.763,149.815,149.724,149.764,455,66,0
2025-09-26 00:45:00,149.763,149.767,149.735,149.74,254,66,0
2025-09-26 01:00:00,149.739,149.807,149.737,149.777,229,0,0
2025-09-26 01:15:00,149.776,149.779,149.732,149.751,252,0,0
2025-09-26 01:30:00,149.751,149.807,149.75,149.772,313,0,0
2025-09-26 01:45:00,149.772,149.785,149.728,149.739,371,0,0
2025-09-26 02:00:00,149.737,149.817,149.734,149.81,443,0,0
2025-09-26 02:15:00,149.81,149.9,149.802,149.888,742,1,0
2025-09-26 02:30:00,149.881,149.957,149.834,149.895,1043,0,0
2025-09-26 02:45:00,149.894,149.934,149.851,149.876,773,0,0
2025-09-26 03:00:00,149.873,149.944,149.813,149.857,1490,0,0
2025-09-26 03:15:00,149.857,149.89,149.798,149.8,1143,0,0
2025-09-26 03:30:00,149.8,149.844,149.762,149.776,787,0,0
2025-09-26 03:45:00,149.776,149.797,149.638,149.683,1376,0,0
2025-09-26 04:00:00,149.683,149.745,149.63,149.733,1174,0,0
2025-09-26 04:15:00,149.733,149.783,149.714,149.766,933,0,0
2025-09-26 04:30:00,149.765,149.826,149.741,149.802,695,0,0
2025-09-26 04:45:00,149.802,149.849,149.779,149.83,816,0,0
2025-09-26 05:00:00,149.83,149.834,149.776,149.822,685,0,0
2025-09-26 05:15:00,149.822,149.826,149.706,149.717,700,0,0
2025-09-26 05:30:00,149.717,149.732,149.694,149.718,685,0,0
2025-09-26 05:45:00,149.721,149.744,149.694,149.723,582,0,0
2025-09-26 06:00:00,149.723,149.746,149.697,149.739,578,0,0
2025-09-26 06:15:00,149.739,149.743,149.694,149.698,457,0,0
2025-09-26 06:30:00,149.698,149.723,149.671,149.674,484,0,0
2025-09-26 06:45:00,149.674,149.709,149.672,149.704,477,0,0
2025-09-26 07:00:00,149.704,149.722,149.673,149.681,682,0,0
2025-09-26 07:15:00,149.681,149.729,149.666,149.724,571,0,0
2025-09-26 07:30:00,149.725,149.73,149.671,149.691,559,0,0
2025-09-26 07:45:00,149.692,149.705,149.643,149.644,515,0,0
2025-09-26 08:00:00,149.645,149.675,149.615,149.654,667,0,0
2025-09-26 08:15:00,149.654,149.679,149.623,149.635,539,0,0
2025-09-26 08:30:00,149.636,149.692,149.628,149.69,705,0,0
2025-09-26 08:45:00,149.692,149.725,149.682,149.715,538,0,0
2025-09-26 09:00:00,149.719,149.748,149.695,149.747,1118,0,0
2025-09-26 09:15:00,149.747,149.779,149.724,149.762,1083,0,0
2025-09-26 09:30:00,149.767,149.783,149.736,149.773,945,0,0
2025-09-26 09:45:00,149.774,149.798,149.715,149.722,880,0,0
2025-09-26 10:00:00,149.724,149.84,149.724,149.838,1502,0,0
2025-09-26 10:15:00,149.841,149.888,149.829,149.85,925,0,0
2025-09-26 10:30:00,149.85,149.865,149.818,149.845,931,0,0
2025-09-26 10:45:00,149.845,149.885,149.824,149.848,888,0,0
2025-09-26 11:00:00,149.848,149.848,149.772,149.787,872,0,0
2025-09-26 11:15:00,149.787,149.787,149.712,149.713,938,0,0
2025-09-26 11:30:00,149.713,149.722,149.651,149.693,836,0,0
2025-09-26 11:45:00,149.693,149.763,149.691,149.751,859,0,0
2025-09-26 12:00:00,149.752,149.781,149.733,149.757,1044,0,0
2025-09-26 12:15:00,149.76,149.771,149.725,149.748,934,0,0
2025-09-26 12:30:00,149.751,149.761,149.712,149.726,690,0,0
2025-09-26 12:45:00,149.724,149.797,149.713,149.789,761,0,0
2025-09-26 13:00:00,149.791,149.824,149.783,149.816,753,0,0
2025-09-26 13:15:00,149.816,149.883,149.809,149.871,757,0,0
2025-09-26 13:30:00,149.872,149.9,149.861,149.896,779,0,0
2025-09-26 13:45:00,149.895,149.954,149.877,149.891,824,0,0
2025-09-26 14:00:00,149.89,149.899,149.812,149.844,799,0,0
2025-09-26 14:15:00,149.844,149.852,149.795,149.805,772,0,0
2025-09-26 14:30:00,149.805,149.828,149.767,149.779,989,1,0
2025-09-26 14:45:00,149.782,149.808,149.757,149.787,1005,1,0
2025-09-26 15:00:00,149.788,149.806,149.725,149.729,922,0,0
2025-09-26 15:15:00,149.728,149.735,149.677,149.698,1162,0,0
2025-09-26 15:30:00,149.7,149.842,149.601,149.639,2651,1,0
2025-09-26 15:45:00,149.641,149.711,149.588,149.625,2005,0,0
2025-09-26 16:00:00,149.624,149.644,149.514,149.579,1962,0,0
2025-09-26 16:15:00,149.579,149.725,149.544,149.704,1706,0,0
2025-09-26 16:30:00,149.705,149.752,149.648,149.738,1795,0,0
2025-09-26 16:45:00,149.739,149.784,149.714,149.74,1364,0,0
2025-09-26 17:00:00,149.736,149.736,149.619,149.675,1916,0,0
2025-09-26 17:15:00,149.675,149.692,149.585,149.621,1681,0,0
2025-09-26 17:30:00,149.621,149.632,149.494,149.499,1424,0,0
2025-09-26 17:45:00,149.498,149.555,149.465,149.504,1656,0,0
2025-09-26 18:00:00,149.505,149.576,149.466,149.553,1704,0,0
2025-09-26 18:15:00,149.552,149.562,149.439,149.439,975,0,0
2025-09-26 18:30:00,149.439,149.524,149.425,149.516,1135,0,0
2025-09-26 18:45:00,149.515,149.538,149.488,149.521,1102,0,0
2025-09-26 19:00:00,149.52,149.592,149.518,149.592,1032,0,0
2025-09-26 19:15:00,149.593,149.598,149.521,149.526,875,0,0
2025-09-26 19:30:00,149.527,149.555,149.491,149.523,662,0,0
2025-09-26 19:45:00,149.523,149.557,149.497,149.553,842,0,0
2025-09-26 20:00:00,149.553,149.561,149.521,149.533,861,0,0
2025-09-26 20:15:00,149.533,149.544,149.517,149.519,622,0,0
2025-09-26 20:30:00,149.516,149.518,149.478,149.505,627,0,0
2025-09-26 20:45:00,149.505,149.544,149.492,149.521,682,0,0
2025-09-26 21:00:00,149.522,149.553,149.508,149.538,688,0,0
2025-09-26 21:15:00,149.538,149.552,149.515,149.537,623,0,0
2025-09-26 21:30:00,149.537,149.544,149.504,149.531,567,0,0
2025-09-26 21:45:00,149.531,149.548,149.406,149.44,816,0,0
2025-09-26 22:00:00,149.437,149.475,149.436,149.466,590,0,0
2025-09-26 22:15:00,149.475,149.543,149.474,149.535,585,0,0
2025-09-26 22:30:00,149.535,149.56,149.49,149.496,581,0,0
2025-09-26 22:45:00,149.496,149.523,149.469,149.507,586,0,0
2025-09-26 23:00:00,149.508,149.516,149.478,149.505,273,0,0
2025-09-26 23:15:00,149.505,149.528,149.481,149.512,336,0,0
2025-09-26 23:30:00,149.512,149.551,149.508,149.523,346,0,0
2025-09-26 23:45:00,149.522,149.523,149.489,149.503,362,10,0
2025-09-29 00:00:00,149.415,149.464,149.41,149.445,115,170,0
2025-09-29 00:15:00,149.445,149.465,149.406,149.424,110,116,0
2025-09-29 00:30:00,149.423,149.438,149.39,149.409,153,66,0
2025-09-29 00:45:00,149.409,149.474,149.407,149.472,237,66,0
2025-09-29 01:00:00,149.472,149.517,149.383,149.475,324,0,0
2025-09-29 01:15:00,149.475,149.519,149.46,149.51,357,0,0
2025-09-29 01:30:00,149.51,149.51,149.456,149.473,407,0,0
2025-09-29 01:45:00,149.473,149.496,149.463,149.471,252,0,0
2025-09-29 02:00:00,149.47,149.476,149.444,149.459,260,0,0
2025-09-29 02:15:00,149.459,149.461,149.336,149.352,652,0,0
2025-09-29 02:30:00,149.353,149.386,149.347,149.371,359,0,0
2025-09-29 02:45:00,149.372,149.419,149.357,149.414,495,0,0
2025-09-29 03:00:00,149.416,149.418,149.253,149.276,1263,0,0
2025-09-29 03:15:00,149.276,149.278,149.206,149.245,817,0,0
2025-09-29 03:30:00,149.245,149.254,149.195,149.227,809,0,0
2025-09-29 03:45:00,149.227,149.229,149.117,149.18,1108,0,0
2025-09-29 04:00:00,149.18,149.282,149.178,149.277,1046,0,0
2025-09-29 04:15:00,149.277,149.279,149.101,149.104,1181,0,0
2025-09-29 04:30:00,149.103,149.103,149.021,149.079,1068,0,0
2025-09-29 04:45:00,149.079,149.143,149.046,149.09,1069,0,0
2025-09-29 05:00:00,149.09,149.098,149.03,149.05,1034,0,0
2025-09-29 05:15:00,149.05,149.057,148.926,148.964,1169,0,0
2025-09-29 05:30:00,148.964,148.969,148.902,148.944,923,0,0
2025-09-29 05:45:00,148.944,148.952,148.9,148.94,834,0,0
2025-09-29 06:00:00,148.94,148.96,148.884,148.903,886,0,0
2025-09-29 06:15:00,148.903,148.915,148.882,148.891,568,0,0
2025-09-29 06:30:00,148.89,148.95,148.89,148.904,656,0,0
2025-09-29 06:45:00,148.904,148.941,148.889,148.937,535,0,0
2025-09-29 07:00:00,148.937,148.982,148.901,148.902,797,0,0
2025-09-29 07:15:00,148.906,148.957,148.9,148.949,587,0,0
2025-09-29 07:30:00,148.949,148.961,148.889,148.914,483,0,0
2025-09-29 07:45:00,148.914,148.96,148.895,148.952,696,0,0
2025-09-29 08:00:00,148.951,148.981,148.918,148.925,897,0,0
2025-09-29 08:15:00,148.925,148.959,148.921,148.957,712,0,0
2025-09-29 08:30:00,148.952,148.973,148.744,148.824,1648,0,0
2025-09-29 08:45:00,148.824,148.875,148.753,148.783,1268,0,0
2025-09-29 09:00:00,148.784,148.808,148.708,148.733,1284,0,0
2025-09-29 09:15:00,148.735,148.821,148.714,148.813,1052,0,0
2025-09-29 09:30:00,148.813,148.845,148.791,148.791,815,0,0
2025-09-29 09:45:00,148.792,148.85,148.788,148.827,875,0,0
2025-09-29 10:00:00,148.828,148.84,148.673,148.705,1254,1,0
2025-09-29 10:15:00,148.706,148.71,148.649,148.674,1000,0,0
2025-09-29 10:30:00,148.674,148.706,148.615,148.619,1033,0,0
2025-09-29 10:45:00,148.619,148.623,148.521,148.577,1043,0,0
2025-09-29 11:00:00,148.574,148.609,148.483,148.499,1162,0,0
2025-09-29 11:15:00,148.498,148.622,148.471,148.582,1225,0,0
2025-09-29 11:30:00,148.583,148.588,148.539,148.578,901,0,0
2025-09-29 11:45:00,148.578,148.596,148.504,148.531,956,0,0
2025-09-29 12:00:00,148.531,148.562,148.473,148.55,915,0,0
2025-09-29 12:15:00,148.55,148.598,148.513,148.557,973,0,0
2025-09-29 12:30:00,148.555,148.619,148.548,148.591,929,0,0
2025-09-29 12:45:00,148.588,148.639,148.585,148.603,899,0,0
2025-09-29 13:00:00,148.603,148.623,148.572,148.595,743,0,0
2025-09-29 13:15:00,148.594,148.654,148.582,148.63,833,0,0
2025-09-29 13:30:00,148.627,148.684,148.625,148.658,801,0,0
2025-09-29 13:45:00,148.653,148.676,148.648,148.669,766,0,0
2025-09-29 14:00:00,148.67,148.734,148.668,148.723,849,0,0
2025-09-29 14:15:00,148.724,148.797,148.703,148.795,855,0,0
2025-09-29 14:30:00,148.795,148.8,148.685,148.687,791,0,0
2025-09-29 14:45:00,148.687,148.73,148.62,148.629,1062,0,0
2025-09-29 15:00:00,148.629,148.772,148.609,148.739,1350,1,0
2025-09-29 15:15:00,148.737,148.799,148.686,148.767,1188,0,0
2025-09-29 15:30:00,148.767,148.815,148.689,148.693,1352,0,0
2025-09-29 15:45:00,148.693,148.712,148.576,148.608,1658,0,0
2025-09-29 16:00:00,148.607,148.733,148.595,148.727,1532,0,0
2025-09-29 16:15:00,148.728,148.741,148.665,148.675,1342,0,0
2025-09-29 16:30:00,148.675,148.691,148.534,148.573,1613,0,0
2025-09-29 16:45:00,148.573,148.593,148.48,148.583,1503,0,0
2025-09-29 17:00:00,148.587,148.626,148.544,148.58,1634,0,0
2025-09-29 17:15:00,148.578,148.622,148.558,148.561,1283,0,0
2025-09-29 17:30:00,148.561,148.583,148.531,148.565,1171,0,0
2025-09-29 17:45:00,148.565,148.653,148.53,148.649,1375,0,0
2025-09-29 18:00:00,148.647,148.653,148.579,148.615,1557,0,0
2025-09-29 18:15:00,148.616,148.636,148.534,148.549,1091,0,0
2025-09-29 18:30:00,148.549,148.595,148.504,148.553,1161,0,0
2025-09-29 18:45:00,148.553,148.576,148.515,148.569,904,0,0
2025-09-29 19:00:00,148.572,148.614,148.566,148.582,724,0,0
2025-09-29 19:15:00,148.582,148.619,148.558,148.591,620,0,0
2025-09-29 19:30:00,148.591,148.601,148.563,148.591,596,0,0
2025-09-29 19:45:00,148.591,148.604,148.572,148.583,652,0,0
2025-09-29 20:00:00,148.583,148.647,148.569,148.637,617,0,0
2025-09-29 20:15:00,148.637,148.649,148.597,148.599,657,0,0
2025-09-29 20:30:00,148.597,148.624,148.574,148.581,688,0,0
2025-09-29 20:45:00,148.581,148.595,148.553,148.585,770,0,0
2025-09-29 21:00:00,148.583,148.594,148.546,148.56,550,0,0
2025-09-29 21:15:00,148.56,148.59,148.547,148.589,505,0,0
2025-09-29 21:30:00,148.588,148.625,148.583,148.595,578,0,0
2025-09-29 21:45:00,148.595,148.641,148.593,148.635,564,0,0
2025-09-29 22:00:00,148.635,148.675,148.582,148.585,646,0,0
2025-09-29 22:15:00,148.586,148.61,148.556,148.589,577,0,0
2025-09-29 22:30:00,148.589,148.61,148.571,148.6,411,0,0
2025-09-29 22:45:00,148.6,148.66,148.597,148.628,496,0,0
2025-09-29 23:00:00,148.631,148.694,148.629,148.671,421,0,0
2025-09-29 23:15:00,148.671,148.676,148.641,148.647,293,0,0
2025-09-29 23:30:00,148.647,148.674,148.64,148.641,257,0,0
2025-09-29 23:45:00,148.643,148.649,148.581,148.585,592,10,0
2025-09-30 00:00:00,148.572,148.626,148.553,148.572,40,50,0
2025-09-30 00:15:00,148.572,148.596,148.556,148.586,117,102,0
2025-09-30 00:30:00,148.596,148.596,148.549,148.555,367,66,0
2025-09-30 00:45:00,148.555,148.584,148.548,148.578,241,66,0
2025-09-30 01:00:00,148.579,148.635,148.579,148.605,271,0,0
2025-09-30 01:15:00,148.605,148.606,148.591,148.6,287,0,0
2025-09-30 01:30:00,148.602,148.655,148.601,148.626,290,0,0
2025-09-30 01:45:00,148.626,148.647,148.593,148.597,268,0,0
2025-09-30 02:00:00,148.598,148.604,148.558,148.562,257,0,0
2025-09-30 02:15:00,148.562,148.575,148.504,148.544,457,0,0
2025-09-30 02:30:00,148.544,148.573,148.527,148.564,336,0,0
2025-09-30 02:45:00,148.564,148.632,148.503,148.619,839,0,0
2025-09-30 03:00:00,148.621,148.669,148.552,148.574,1422,0,0
2025-09-30 03:15:00,148.574,148.643,148.562,148.618,1275,0,0
2025-09-30 03:30:00,148.617,148.656,148.606,148.632,953,0,0
2025-09-30 03:45:00,148.632,148.846,148.628,148.795,1866,0,0
2025-09-30 04:00:00,148.791,148.792,148.657,148.683,1616,0,0
2025-09-30 04:15:00,148.683,148.701,148.631,148.633,917,0,0
2025-09-30 04:30:00,148.631,148.694,148.6,148.677,1171,0,0
2025-09-30 04:45:00,148.676,148.77,148.66,148.752,1155,0,0
2025-09-30 05:00:00,148.752,148.803,148.686,148.695,992,0,0
2025-09-30 05:15:00,148.695,148.697,148.648,148.65,624,0,0
2025-09-30 05:30:00,148.649,148.702,148.627,148.701,744,0,0
2025-09-30 05:45:00,148.701,148.737,148.647,148.717,779,0,0
2025-09-30 06:00:00,148.717,148.722,148.65,148.65,783,0,0
2025-09-30 06:15:00,148.65,148.675,148.629,148.633,571,0,0
2025-09-30 06:30:00,148.633,148.646,148.582,148.595,705,0,0
2025-09-30 06:45:00,148.595,148.599,148.513,148.516,648,0,0
2025-09-30 07:00:00,148.514,148.549,148.505,148.53,554,0,0
2025-09-30 07:15:00,148.53,148.559,148.421,148.545,777,0,0
2025-09-30 07:30:00,148.553,148.593,148.518,148.538,1108,0,0
2025-09-30 07:45:00,148.538,148.545,148.387,148.405,927,0,0
2025-09-30 08:00:00,148.407,148.447,148.341,148.388,1376,0,0
2025-09-30 08:15:00,148.387,148.395,148.259,148.282,945,0,0
2025-09-30 08:30:00,148.281,148.337,148.242,148.255,865,0,0
2025-09-30 08:45:00,148.255,148.3,148.229,148.29,963,0,0
2025-09-30 09:00:00,148.286,148.353,148.233,148.256,1215,0,0
2025-09-30 09:15:00,148.256,148.27,148.192,148.195,1013,0,0
2025-09-30 09:30:00,148.196,148.196,148.095,148.11,1023,0,0
2025-09-30 09:45:00,148.116,148.12,148.052,148.074,1106,0,0
2025-09-30 10:00:00,148.076,148.108,148.042,148.061,1317,0,0
2025-09-30 10:15:00,148.061,148.073,148.015,148.039,942,0,0
2025-09-30 10:30:00,148.045,148.181,147.988,148.002,1397,0,0
2025-09-30 10:45:00,148.002,148.107,147.942,148.051,1354,0,0
2025-09-30 11:00:00,148.066,148.093,147.889,147.889,1525,0,0
2025-09-30 11:15:00,147.889,147.953,147.854,147.931,1222,0,0
2025-09-30 11:30:00,147.931,147.949,147.844,147.886,1262,0,0
2025-09-30 11:45:00,147.886,147.897,147.837,147.854,1064,0,0
2025-09-30 12:00:00,147.852,147.906,147.833,147.885,1233,0,0
2025-09-30 12:15:00,147.885,147.929,147.847,147.886,1057,0,0
2025-09-30 12:30:00,147.886,147.965,147.872,147.925,1022,0,0
2025-09-30 12:45:00,147.925,147.986,147.905,147.971,985,0,0
2025-09-30 13:00:00,147.966,147.996,147.902,147.982,787,0,0
2025-09-30 13:15:00,147.982,147.995,147.935,147.94,966,0,0
2025-09-30 13:30:00,147.94,148.002,147.934,147.986,619,0,0
2025-09-30 13:45:00,147.986,148.039,147.982,148.027,762,0,0
2025-09-30 14:00:00,148.026,148.093,148.022,148.076,864,0,0
2025-09-30 14:15:00,148.076,148.082,148.019,148.04,828,0,0
2025-09-30 14:30:00,148.04,148.042,147.998,148.003,568,0,0
2025-09-30 14:45:00,148.003,148.07,147.966,147.97,791,0,0
2025-09-30 15:00:00,147.97,148.005,147.91,147.994,1175,1,0
2025-09-30 15:15:00,147.995,148.013,147.955,147.994,1122,1,0
2025-09-30 15:30:00,147.994,148.029,147.958,147.967,1166,0,0
2025-09-30 15:45:00,147.967,147.97,147.897,147.959,1208,0,0
2025-09-30 16:00:00,147.959,148.038,147.935,147.98,1292,0,0
2025-09-30 16:15:00,147.979,148.065,147.972,148.002,1259,0,0
2025-09-30 16:30:00,147.998,148.003,147.913,147.923,1244,0,0
2025-09-30 16:45:00,147.925,147.926,147.811,147.907,1474,0,0
2025-09-30 17:00:00,147.89,148.003,147.718,147.734,2449,0,0
2025-09-30 17:15:00,147.734,147.916,147.733,147.816,2014,0,0
2025-09-30 17:30:00,147.814,147.854,147.749,147.822,1812,0,0
2025-09-30 17:45:00,147.821,147.851,147.653,147.686,2095,0,0
2025-09-30 18:00:00,147.69,147.905,147.661,147.898,1918,0,0
2025-09-30 18:15:00,147.899,147.994,147.865,147.99,1729,0,0
2025-09-30 18:30:00,147.991,148.017,147.946,147.995,1534,0,0
2025-09-30 18:45:00,147.987,148.02,147.954,147.966,1094,0,0
2025-09-30 19:00:00,147.969,147.969,147.867,147.911,1026,0,0
2025-09-30 19:15:00,147.91,147.926,147.868,147.874,860,0,0
2025-09-30 19:30:00,147.875,147.878,147.752,147.756,952,0,0
2025-09-30 19:45:00,147.756,147.788,147.703,147.746,955,0,0
2025-09-30 20:00:00,147.745,147.752,147.714,147.738,875,0,0
2025-09-30 20:15:00,147.738,147.738,147.653,147.725,803,0,0
2025-09-30 20:30:00,147.726,147.784,147.705,147.776,801,0,0
2025-09-30 20:45:00,147.776,147.849,147.767,147.783,940,0,0
2025-09-30 21:00:00,147.784,147.84,147.771,147.79,778,0,0
2025-09-30 21:15:00,147.792,147.852,147.789,147.825,691,0,0
2025-09-30 21:30:00,147.826,147.882,147.813,147.85,851,0,0
2025-09-30 21:45:00,147.85,147.875,147.806,147.874,697,0,0
2025-09-30 22:00:00,147.873,147.925,147.838,147.876,1095,0,0
2025-09-30 22:15:00,147.876,147.876,147.828,147.858,808,0,0
2025-09-30 22:30:00,147.859,147.875,147.841,147.871,724,0,0
2025-09-30 22:45:00,147.872,147.888,147.859,147.864,839,0,0
2025-09-30 23:00:00,147.865,147.974,147.863,147.961,656,0,0
2025-09-30 23:15:00,147.961,147.97,147.91,147.915,503,0,0
2025-09-30 23:30:00,147.917,147.939,147.912,147.938,289,0,0
2025-09-30 23:45:00,147.936,147.956,147.92,147.925,550,10,0
2025-10-01 00:00:00,147.864,147.864,147.808,147.819,25,62,0
2025-10-01 00:15:00,147.819,147.819,147.789,147.789,97,105,0
2025-10-01 00:30:00,147.792,147.856,147.788,147.845,333,66,0
2025-10-01 00:45:00,147.845,147.856,147.821,147.823,154,66,0
2025-10-01 01:00:00,147.823,147.895,147.822,147.879,303,0,0
2025-10-01 01:15:00,147.879,147.91,147.874,147.908,306,0,0
2025-10-01 01:30:00,147.908,147.925,147.896,147.913,273,0,0
2025-10-01 01:45:00,147.913,147.924,147.897,147.911,253,0,0
2025-10-01 02:00:00,147.908,147.932,147.814,147.85,432,0,0
2025-10-01 02:15:00,147.85,147.905,147.828,147.902,348,0,0
2025-10-01 02:30:00,147.902,147.937,147.887,147.922,320,0,0
2025-10-01 02:45:00,147.923,148.03,147.91,148.028,763,0,0
2025-10-01 03:00:00,148.027,148.153,148.027,148.073,1252,0,0
2025-10-01 03:15:00,148.075,148.095,148.028,148.066,925,0,0
2025-10-01 03:30:00,148.066,148.199,148.066,148.189,958,0,0
2025-10-01 03:45:00,148.192,148.226,148.095,148.109,1099,0,0
2025-10-01 04:00:00,148.109,148.169,148.064,148.094,774,0,0
2025-10-01 04:15:00,148.092,148.099,148.005,148.037,781,0,0
2025-10-01 04:30:00,148.037,148.047,147.957,147.964,685,0,0
2025-10-01 04:45:00,147.964,148.003,147.94,147.954,712,0,0
2025-10-01 05:00:00,147.955,147.977,147.906,147.957,792,0,0
2025-10-01 05:15:00,147.955,147.96,147.886,147.957,657,0,0
2025-10-01 05:30:00,147.958,148.01,147.952,148.004,639,0,0
2025-10-01 05:45:00,148.004,148.012,147.912,147.916,696,0,0
2025-10-01 06:00:00,147.916,147.928,147.869,147.905,649,0,0
2025-10-01 06:15:00,147.905,147.964,147.889,147.946,637,0,0
2025-10-01 06:30:00,147.947,148.001,147.946,147.962,682,0,0
2025-10-01 06:45:00,147.962,147.965,147.899,147.928,542,0,0
2025-10-01 07:00:00,147.928,147.959,147.92,147.957,692,0,0
2025-10-01 07:15:00,147.957,147.96,147.858,147.879,748,0,0
2025-10-01 07:30:00,147.879,147.88,147.75,147.752,865,0,0
2025-10-01 07:45:00,147.752,147.754,147.549,147.553,1000,0,0
2025-10-01 08:00:00,147.552,147.644,147.463,147.6,1526,0,0
2025-10-01 08:15:00,147.601,147.601,147.472,147.495,1000,0,0
2025-10-01 08:30:00,147.495,147.56,147.483,147.539,779,0,0
2025-10-01 08:45:00,147.539,147.58,147.498,147.527,852,0,0
2025-10-01 09:00:00,147.517,147.517,147.343,147.37,1295,0,0
2025-10-01 09:15:00,147.37,147.418,147.329,147.345,1103,0,0
2025-10-01 09:30:00,147.345,147.365,147.191,147.191,1227,0,0
2025-10-01 09:45:00,147.192,147.273,147.167,147.232,1522,0,0
2025-10-01 10:00:00,147.232,147.233,147.02,147.065,1602,0,0
2025-10-01 10:15:00,147.051,147.215,147.037,147.184,1572,0,0
2025-10-01 10:30:00,147.189,147.322,147.138,147.2,1746,1,0
2025-10-01 10:45:00,147.2,147.212,147.1,147.125,1484,0,0
2025-10-01 11:00:00,147.123,147.126,147.052,147.071,1681,0,0
2025-10-01 11:15:00,147.071,147.076,146.995,147.045,1264,0,0
2025-10-01 11:30:00,147.046,147.096,146.901,147.077,1420,0,0
2025-10-01 11:45:00,147.075,147.155,147.039,147.153,1200,0,0
2025-10-01 12:00:00,147.153,147.161,147.098,147.105,1133,0,0
2025-10-01 12:15:00,147.105,147.178,147.082,147.14,1142,0,0
2025-10-01 12:30:00,147.14,147.172,147.069,147.105,1216,0,0
2025-10-01 12:45:00,147.105,147.228,147.081,147.208,1434,0,0
2025-10-01 13:00:00,147.208,147.246,147.122,147.125,1176,0,0
2025-10-01 13:15:00,147.125,147.246,147.125,147.236,1188,0,0
2025-10-01 13:30:00,147.238,147.266,147.06,147.093,1151,0,0
2025-10-01 13:45:00,147.091,147.143,147.064,147.079,1083,0,0
2025-10-01 14:00:00,147.079,147.109,147.053,147.084,1011,0,0
2025-10-01 14:15:00,147.084,147.093,147.023,147.047,890,0,0
2025-10-01 14:30:00,147.047,147.104,147.023,147.031,937,0,0
2025-10-01 14:45:00,147.031,147.057,146.995,147.004,916,0,0
2025-10-01 15:00:00,146.993,147.117,146.979,147.102,1387,1,0
2025-10-01 15:15:00,147.105,147.115,146.589,146.901,3531,1,0
2025-10-01 15:30:00,146.903,146.916,146.705,146.76,2741,0,0
2025-10-01 15:45:00,146.76,146.91,146.738,146.798,2466,0,0
2025-10-01 16:00:00,146.794,146.829,146.706,146.815,2150,0,0
2025-10-01 16:15:00,146.816,146.875,146.699,146.708,2028,0,0
2025-10-01 16:30:00,146.709,146.765,146.626,146.653,1993,0,0
2025-10-01 16:45:00,146.655,146.746,146.621,146.725,1967,0,0
2025-10-01 17:00:00,146.725,147.011,146.702,146.997,2499,0,0
2025-10-01 17:15:00,147.002,147.051,146.89,146.899,2112,0,0
2025-10-01 17:30:00,146.898,146.913,146.759,146.763,1660,0,0
2025-10-01 17:45:00,146.763,147.036,146.716,146.86,3337,0,0
2025-10-01 18:00:00,146.865,147.083,146.843,147.072,2262,0,0
2025-10-01 18:15:00,147.075,147.213,147.068,147.177,1913,0,0
2025-10-01 18:30:00,147.176,147.19,147.105,147.131,1610,0,0
2025-10-01 18:45:00,147.129,147.156,147.085,147.151,1338,0,0
2025-10-01 19:00:00,147.155,147.225,147.095,147.162,1230,0,0
2025-10-01 19:15:00,147.163,147.222,147.152,147.172,963,0,0
2025-10-01 19:30:00,147.17,147.253,147.165,147.232,1071,0,0
2025-10-01 19:45:00,147.232,147.242,147.15,147.162,941,0,0
2025-10-01 20:00:00,147.162,147.191,147.133,147.134,756,0,0
2025-10-01 20:15:00,147.133,147.156,147.114,147.156,646,0,0
2025-10-01 20:30:00,147.155,147.167,147.122,147.154,743,0,0
2025-10-01 20:45:00,147.154,147.177,147.12,147.168,780,0,0
2025-10-01 21:00:00,147.167,147.23,147.094,147.096,895,0,0
2025-10-01 21:15:00,147.096,147.107,147.041,147.042,771,0,0
2025-10-01 21:30:00,147.042,147.087,147.022,147.08,934,0,0
2025-10-01 21:45:00,147.08,147.091,147.055,147.089,905,0,0
2025-10-01 22:00:00,147.087,147.097,147.056,147.088,583,0,0
2025-10-01 22:15:00,147.088,147.158,147.08,147.135,682,0,0
2025-10-01 22:30:00,147.134,147.148,147.102,147.124,641,0,0
2025-10-01 22:45:00,147.124,147.131,147.077,147.098,681,0,0
2025-10-01 23:00:00,147.099,147.147,147.075,147.138,609,0,0
2025-10-01 23:15:00,147.139,147.167,147.114,147.157,349,0,0
2025-10-01 23:30:00,147.158,147.167,147.075,147.086,394,0,0
2025-10-01 23:45:00,147.086,147.121,147.059,147.059,520,10,0
2025-10-02 00:00:00,147.037,147.037,147.011,147.032,43,66,0
2025-10-02 00:15:00,147.032,147.035,147.023,147.03,41,66,0
2025-10-02 00:30:00,147.031,147.031,147.01,147.022,63,66,0
2025-10-02 00:45:00,147.023,147.023,147.006,147.008,248,66,0
2025-10-02 01:00:00,147.008,147.066,147.008,147.059,247,0,0
2025-10-02 01:15:00,147.059,147.067,147.032,147.038,204,0,0
2025-10-02 01:30:00,147.038,147.05,147.0,147.007,253,0,0
2025-10-02 01:45:00,147.007,147.022,146.998,147.01,279,0,0
2025-10-02 02:00:00,147.007,147.027,147.0,147.021,236,0,0
2025-10-02 02:15:00,147.021,147.069,147.02,147.058,359,0,0
2025-10-02 02:30:00,147.057,147.082,147.034,147.067,400,0,0
2025-10-02 02:45:00,147.067,147.116,147.044,147.111,522,0,0
2025-10-02 03:00:00,147.112,147.315,147.108,147.294,1014,0,0
2025-10-02 03:15:00,147.294,147.318,147.202,147.269,942,0,0
2025-10-02 03:30:00,147.267,147.324,147.237,147.259,848,0,0
2025-10-02 03:45:00,147.259,147.282,147.123,147.194,1306,0,0
2025-10-02 04:00:00,147.194,147.228,147.096,147.129,1099,0,0
2025-10-02 04:15:00,147.129,147.145,147.046,147.124,1031,0,0
2025-10-02 04:30:00,147.125,147.125,146.957,147.038,945,0,0
2025-10-02 04:45:00,147.038,147.077,146.976,146.987,782,0,0
2025-10-02 05:00:00,146.986,147.039,146.942,146.974,761,0,0
2025-10-02 05:15:00,146.974,147.06,146.973,147.052,486,0,0
2025-10-02 05:30:00,147.052,147.151,147.042,147.124,402,0,0
2025-10-02 05:45:00,147.125,147.188,147.123,147.165,569,0,0
2025-10-02 06:00:00,147.165,147.197,147.135,147.154,552,0,0
2025-10-02 06:15:00,147.154,147.169,147.105,147.132,449,0,0
2025-10-02 06:30:00,147.133,147.167,147.102,147.132,511,0,0
2025-10-02 06:45:00,147.132,147.143,147.05,147.086,513,0,0
2025-10-02 07:00:00,147.086,147.164,147.075,147.155,588,0,0
2025-10-02 07:15:00,147.155,147.18,147.134,147.175,506,0,0
2025-10-02 07:30:00,147.175,147.2,147.137,147.166,533,0,0
2025-10-02 07:45:00,147.166,147.202,147.152,147.177,443,0,0
2025-10-02 08:00:00,147.177,147.27,147.119,147.22,955,0,0
2025-10-02 08:15:00,147.22,147.224,147.153,147.185,543,0,0
2025-10-02 08:30:00,147.184,147.222,147.173,147.178,548,0,0
2025-10-02 08:45:00,147.178,147.199,147.132,147.164,554,0,0
2025-10-02 09:00:00,147.159,147.163,147.076,147.101,986,0,0
2025-10-02 09:15:00,147.101,147.167,147.08,147.164,640,0,0
2025-10-02 09:30:00,147.165,147.299,146.893,147.297,1887,1,0
2025-10-02 09:45:00,147.301,147.379,147.141,147.157,1369,0,0
2025-10-02 10:00:00,147.154,147.196,147.053,147.092,1626,0,0
2025-10-02 10:15:00,147.091,147.214,147.075,147.205,1219,0,0
2025-10-02 10:30:00,147.206,147.218,147.101,147.11,1147,0,0
2025-10-02 10:45:00,147.11,147.122,147.011,147.082,1214,0,0
2025-10-02 11:00:00,147.082,147.085,146.953,146.982,1359,0,0
2025-10-02 11:15:00,146.981,146.995,146.908,146.933,1171,0,0
2025-10-02 11:30:00,146.935,146.969,146.893,146.922,1313,0,0
2025-10-02 11:45:00,146.922,146.931,146.724,146.799,1216,0,0
2025-10-02 12:00:00,146.803,146.81,146.698,146.716,1273,0,0
2025-10-02 12:15:00,146.715,146.752,146.653,146.672,1251,0,0
2025-10-02 12:30:00,146.672,146.683,146.613,146.634,1086,0,0
2025-10-02 12:45:00,146.634,146.667,146.599,146.622,1039,0,0
2025-10-02 13:00:00,146.623,146.718,146.616,146.704,1130,0,0
2025-10-02 13:15:00,146.704,146.718,146.658,146.679,840,0,0
2025-10-02 13:30:00,146.679,146.768,146.656,146.734,789,0,0
2025-10-02 13:45:00,146.733,146.735,146.621,146.642,936,0,0
2025-10-02 14:00:00,146.642,146.713,146.625,146.689,1010,1,0
2025-10-02 14:15:00,146.689,146.705,146.645,146.68,773,0,0
2025-10-02 14:30:00,146.68,146.8,146.677,146.768,929,0,0
2025-10-02 14:45:00,146.768,146.86,146.766,146.795,1221,0,0
2025-10-02 15:00:00,146.795,146.852,146.744,146.829,1264,0,0
2025-10-02 15:15:00,146.829,146.958,146.816,146.949,1249,0,0
2025-10-02 15:30:00,146.95,147.11,146.942,147.068,1210,0,0
2025-10-02 15:45:00,147.068,147.2,147.064,147.162,1552,1,0
2025-10-02 16:00:00,147.158,147.16,147.069,147.105,1665,1,0
2025-10-02 16:15:00,147.103,147.175,147.082,147.082,1418,0,0
2025-10-02 16:30:00,147.088,147.224,147.059,147.217,1906,0,0
2025-10-02 16:45:00,147.217,147.272,147.165,147.227,1741,0,0
2025-10-02 17:00:00,147.228,147.33,147.204,147.242,1834,0,0
2025-10-02 17:15:00,147.243,147.284,147.153,147.161,1633,0,0
2025-10-02 17:30:00,147.162,147.272,147.158,147.254,1753,0,0
2025-10-02 17:45:00,147.252,147.344,147.219,147.33,1903,0,0
2025-10-02 18:00:00,147.33,147.421,147.33,147.395,1409,0,0
2025-10-02 18:15:00,147.399,147.463,147.341,147.384,1331,0,0
2025-10-02 18:30:00,147.384,147.515,147.384,147.421,1308,0,0
2025-10-02 18:45:00,147.421,147.45,147.339,147.351,1177,0,0
2025-10-02 19:00:00,147.351,147.367,147.26,147.265,1038,0,0
2025-10-02 19:15:00,147.267,147.283,147.208,147.244,950,0,0
2025-10-02 19:30:00,147.243,147.261,147.216,147.254,903,0,0
2025-10-02 19:45:00,147.254,147.266,147.164,147.167,771,0,0
2025-10-02 20:00:00,147.168,147.196,147.144,147.195,742,0,0
2025-10-02 20:15:00,147.194,147.194,147.152,147.182,585,0,0
2025-10-02 20:30:00,147.182,147.238,147.174,147.204,622,0,0
2025-10-02 20:45:00,147.204,147.207,147.162,147.184,459,0,0
2025-10-02 21:00:00,147.185,147.204,147.164,147.195,548,0,0
2025-10-02 21:15:00,147.195,147.208,147.17,147.174,544,0,0
2025-10-02 21:30:00,147.174,147.194,147.169,147.182,456,0,0
2025-10-02 21:45:00,147.182,147.219,147.172,147.212,516,0,0
2025-10-02 22:00:00,147.211,147.216,147.128,147.162,482,0,0
2025-10-02 22:15:00,147.162,147.171,147.133,147.162,449,0,0
2025-10-02 22:30:00,147.162,147.198,147.152,147.195,425,0,0
2025-10-02 22:45:00,147.195,147.253,147.17,147.238,462,0,0
2025-10-02 23:00:00,147.242,147.262,147.19,147.216,445,1,0
2025-10-02 23:15:00,147.216,147.251,147.211,147.235,335,0,0
2025-10-02 23:30:00,147.236,147.256,147.211,147.254,321,0,0
2025-10-02 23:45:00,147.255,147.288,147.247,147.252,393,10,0
2025-10-03 00:00:00,147.218,147.219,147.196,147.217,21,66,0
2025-10-03 00:15:00,147.217,147.218,147.193,147.193,193,66,0
2025-10-03 00:30:00,147.191,147.207,147.186,147.199,218,66,0
2025-10-03 00:45:00,147.199,147.202,147.168,147.195,224,66,0
2025-10-03 01:00:00,147.195,147.232,147.18,147.2,220,0,0
2025-10-03 01:15:00,147.2,147.212,147.171,147.201,173,0,0
2025-10-03 01:30:00,147.2,147.2,147.173,147.183,171,0,0
2025-10-03 01:45:00,147.183,147.211,147.166,147.197,267,0,0
2025-10-03 02:00:00,147.195,147.206,147.167,147.169,313,0,0
2025-10-03 02:15:00,147.169,147.192,147.082,147.114,435,0,0
2025-10-03 02:30:00,147.113,147.147,147.1,147.132,400,0,0
2025-10-03 02:45:00,147.132,147.17,147.106,147.158,357,0,0
2025-10-03 03:00:00,147.158,147.328,147.155,147.28,737,0,0
2025-10-03 03:15:00,147.28,147.382,147.269,147.346,627,0,0
2025-10-03 03:30:00,147.347,147.375,147.317,147.324,704,0,0
2025-10-03 03:45:00,147.324,147.357,147.248,147.353,1078,0,0
2025-10-03 04:00:00,147.353,147.612,147.18,147.487,1648,0,0
2025-10-03 04:15:00,147.487,147.64,147.466,147.62,1136,0,0
2025-10-03 04:30:00,147.618,147.685,147.6,147.606,928,0,0
2025-10-03 04:45:00,147.607,147.612,147.488,147.513,927,0,0
2025-10-03 05:00:00,147.515,147.649,147.5,147.638,692,0,0
2025-10-03 05:15:00,147.638,147.656,147.58,147.626,600,0,0
2025-10-03 05:30:00,147.627,147.687,147.603,147.603,757,0,0
2025-10-03 05:45:00,147.605,147.667,147.603,147.652,564,0,0
2025-10-03 06:00:00,147.652,147.768,147.639,147.74,649,0,0
2025-10-03 06:15:00,147.74,147.758,147.714,147.742,514,0,0
2025-10-03 06:30:00,147.743,147.755,147.68,147.693,505,0,0
2025-10-03 06:45:00,147.693,147.705,147.614,147.63,509,0,0
2025-10-03 07:00:00,147.63,147.674,147.593,147.641,527,0,0
2025-10-03 07:15:00,147.641,147.685,147.637,147.66,384,0,0
2025-10-03 07:30:00,147.66,147.738,147.66,147.716,354,0,0
2025-10-03 07:45:00,147.716,147.744,147.7,147.726,339,0,0
2025-10-03 08:00:00,147.726,147.775,147.644,147.67,808,0,0
2025-10-03 08:15:00,147.672,147.69,147.575,147.638,901,0,0
2025-10-03 08:30:00,147.638,147.707,147.614,147.675,643,0,0
2025-10-03 08:45:00,147.675,147.818,147.617,147.784,793,0,0
2025-10-03 09:00:00,147.784,147.805,147.612,147.631,1108,1,0
2025-10-03 09:15:00,147.631,147.631,147.532,147.591,874,0,0
2025-10-03 09:30:00,147.591,147.603,147.501,147.564,1085,0,0
2025-10-03 09:45:00,147.558,147.66,147.553,147.604,1061,0,0
2025-10-03 10:00:00,147.603,147.685,147.552,147.641,1111,0,0
2025-10-03 10:15:00,147.641,147.67,147.489,147.53,1007,0,0
2025-10-03 10:30:00,147.53,147.532,147.426,147.47,1164,0,0
2025-10-03 10:45:00,147.47,147.514,147.408,147.414,998,0,0
2025-10-03 11:00:00,147.413,147.429,147.358,147.393,1100,0,0
2025-10-03 11:15:00,147.392,147.427,147.358,147.409,971,0,0
2025-10-03 11:30:00,147.413,147.441,147.353,147.353,959,0,0
2025-10-03 11:45:00,147.354,147.39,147.277,147.331,1019,0,0
2025-10-03 12:00:00,147.331,147.433,147.312,147.405,925,0,0
2025-10-03 12:15:00,147.405,147.427,147.371,147.4,686,0,0
2025-10-03 12:30:00,147.398,147.409,147.316,147.352,688,0,0
2025-10-03 12:45:00,147.352,147.407,147.337,147.37,762,0,0
2025-10-03 13:00:00,147.371,147.371,147.326,147.358,731,0,0
2025-10-03 13:15:00,147.358,147.384,147.35,147.37,638,0,0
2025-10-03 13:30:00,147.37,147.392,147.312,147.331,683,0,0
2025-10-03 13:45:00,147.331,147.343,147.317,147.325,688,0,0
2025-10-03 14:00:00,147.324,147.393,147.309,147.372,628,0,0
2025-10-03 14:15:00,147.372,147.422,147.317,147.343,862,0,0
2025-10-03 14:30:00,147.345,147.347,147.223,147.224,868,0,0
2025-10-03 14:45:00,147.224,147.289,147.219,147.278,848,0,0
2025-10-03 15:00:00,147.274,147.367,147.249,147.33,1086,0,0
2025-10-03 15:15:00,147.33,147.351,147.266,147.316,994,0,0
2025-10-03 15:30:00,147.308,147.412,147.274,147.32,1401,0,0
2025-10-03 15:45:00,147.32,147.375,147.23,147.266,1324,0,0
2025-10-03 16:00:00,147.264,147.355,147.247,147.306,1237,0,0
2025-10-03 16:15:00,147.306,147.308,147.22,147.225,1203,0,0
2025-10-03 16:30:00,147.225,147.287,147.218,147.246,1335,0,0
2025-10-03 16:45:00,147.246,147.382,147.217,147.356,1636,0,0
2025-10-03 17:00:00,147.203,147.497,147.094,147.491,2864,0,0
2025-10-03 17:15:00,147.492,147.518,147.352,147.437,2381,0,0
2025-10-03 17:30:00,147.437,147.489,147.38,147.477,1841,0,0
2025-10-03 17:45:00,147.477,147.507,147.424,147.446,1634,0,0
2025-10-03 18:00:00,147.445,147.492,147.408,147.441,1579,0,0
2025-10-03 18:15:00,147.442,147.464,147.365,147.407,1463,0,0
2025-10-03 18:30:00,147.406,147.42,147.328,147.34,1233,0,0
2025-10-03 18:45:00,147.34,147.378,147.308,147.339,1038,0,0
2025-10-03 19:00:00,147.34,147.445,147.328,147.424,1045,0,0
2025-10-03 19:15:00,147.422,147.504,147.422,147.482,777,0,0
2025-10-03 19:30:00,147.483,147.526,147.466,147.525,735,0,0
2025-10-03 19:45:00,147.525,147.536,147.48,147.506,854,0,0
2025-10-03 20:00:00,147.505,147.515,147.431,147.445,855,0,0
2025-10-03 20:15:00,147.445,147.451,147.409,147.439,650,0,0
2025-10-03 20:30:00,147.438,147.463,147.422,147.422,594,0,0
2025-10-03 20:45:00,147.422,147.515,147.413,147.506,1098,0,0
2025-10-03 21:00:00,147.506,147.545,147.49,147.512,901,0,0
2025-10-03 21:15:00,147.511,147.545,147.507,147.531,611,0,0
2025-10-03 21:30:00,147.531,147.531,147.475,147.479,585,0,0
2025-10-03 21:45:00,147.479,147.51,147.47,147.499,699,0,0
2025-10-03 22:00:00,147.498,147.524,147.477,147.489,1024,0,0
2025-10-03 22:15:00,147.489,147.493,147.469,147.48,338,0,0
2025-10-03 22:30:00,147.48,147.503,147.469,147.469,311,0,0
2025-10-03 22:45:00,147.468,147.493,147.456,147.46,507,0,0
2025-10-03 23:00:00,147.46,147.461,147.387,147.437,423,0,0
2025-10-03 23:15:00,147.436,147.473,147.422,147.433,340,0,0
2025-10-03 23:30:00,147.433,147.493,147.431,147.462,395,1,0
2025-10-03 23:45:00,147.463,147.507,147.43,147.463,579,10,0
2025-10-06 00:00:00,149.448,149.448,149.271,149.331,868,66,0
2025-10-06 00:15:00,149.331,149.352,149.247,149.286,459,66,0
2025-10-06 00:30:00,149.286,149.306,149.223,149.237,271,66,0
2025-10-06 00:45:00,149.236,149.237,149.097,149.106,460,66,0
2025-10-06 01:00:00,149.106,149.334,149.04,149.238,1668,0,0
2025-10-06 01:15:00,149.238,149.33,149.149,149.21,1274,0,0
2025-10-06 01:30:00,149.21,149.344,149.195,149.268,1120,0,0
2025-10-06 01:45:00,149.27,149.397,149.268,149.327,695,0,0
2025-10-06 02:00:00,149.324,149.346,149.253,149.302,1177,0,0
2025-10-06 02:15:00,149.3,149.416,149.235,149.399,1225,0,0
2025-10-06 02:30:00,149.399,149.59,149.399,149.569,1398,0,0
2025-10-06 02:45:00,149.57,149.659,149.556,149.586,1613,0,0
2025-10-06 03:00:00,149.569,149.712,149.451,149.598,2602,0,0
2025-10-06 03:15:00,149.597,149.774,149.596,149.733,1894,0,0
2025-10-06 03:30:00,149.733,149.868,149.703,149.851,1582,0,0
2025-10-06 03:45:00,149.851,149.853,149.59,149.707,2018,0,0
2025-10-06 04:00:00,149.706,149.776,149.627,149.666,1523,0,0
2025-10-06 04:15:00,149.666,149.803,149.586,149.776,1416,0,0
2025-10-06 04:30:00,149.776,149.829,149.619,149.82,1580,0,0
2025-10-06 04:45:00,149.819,149.832,149.742,149.774,1200,0,0
2025-10-06 05:00:00,149.774,149.863,149.715,149.836,1249,0,0
2025-10-06 05:15:00,149.837,149.861,149.781,149.843,927,0,0
2025-10-06 05:30:00,149.843,149.916,149.84,149.908,781,0,0
2025-10-06 05:45:00,149.905,149.918,149.84,149.872,715,0,0
2025-10-06 06:00:00,149.873,149.953,149.818,149.941,824,0,0
2025-10-06 06:15:00,149.941,149.973,149.915,149.963,747,0,0
2025-10-06 06:30:00,149.963,150.003,149.912,149.974,947,0,0
2025-10-06 06:45:00,149.976,150.101,149.961,150.064,1192,1,0
2025-10-06 07:00:00,150.063,150.121,149.854,150.096,1400,0,0
2025-10-06 07:15:00,150.096,150.176,150.038,150.141,1298,0,0
2025-10-06 07:30:00,150.142,150.347,150.139,150.286,1199,0,0
2025-10-06 07:45:00,150.286,150.331,150.218,150.315,1252,0,0
2025-10-06 08:00:00,150.315,150.352,150.265,150.343,1168,0,0
2025-10-06 08:15:00,150.343,150.365,150.253,150.349,959,0,0
2025-10-06 08:30:00,150.344,150.439,150.286,150.298,1193,0,0
2025-10-06 08:45:00,150.298,150.337,150.226,150.26,894,0,0
2025-10-06 09:00:00,150.252,150.353,150.105,150.31,1711,0,0
2025-10-06 09:15:00,150.308,150.325,150.108,150.134,1352,0,0
2025-10-06 09:30:00,150.134,150.277,150.072,150.145,1674,0,0
2025-10-06 09:45:00,150.145,150.193,150.011,150.031,1716,0,0
2025-10-06 10:00:00,150.035,150.125,149.951,150.087,1776,0,0
2025-10-06 10:15:00,150.087,150.136,149.99,150.022,1560,0,0
2025-10-06 10:30:00,150.024,150.166,149.982,150.153,2251,0,0
2025-10-06 10:45:00,150.143,150.218,150.017,150.028,2348,0,0
2025-10-06 11:00:00,150.027,150.226,149.996,150.173,1973,0,0
2025-10-06 11:15:00,150.173,150.311,150.168,150.239,1435,0,0
2025-10-06 11:30:00,150.239,150.368,150.237,150.327,1377,0,0
2025-10-06 11:45:00,150.327,150.397,150.304,150.367,1085,0,0
2025-10-06 12:00:00,150.374,150.434,150.331,150.36,1095,0,0
2025-10-06 12:15:00,150.36,150.372,150.302,150.372,1083,0,0
2025-10-06 12:30:00,150.377,150.476,150.355,150.471,1090,0,0
2025-10-06 12:45:00,150.471,150.475,150.352,150.378,985,0,0
2025-10-06 13:00:00,150.379,150.435,150.339,150.355,1150,0,0
2025-10-06 13:15:00,150.355,150.394,150.318,150.392,1073,0,0
2025-10-06 13:30:00,150.394,150.429,150.344,150.351,904,0,0
2025-10-06 13:45:00,150.352,150.379,150.277,150.283,1095,0,0
2025-10-06 14:00:00,150.283,150.385,150.276,150.37,1289,0,0
2025-10-06 14:15:00,150.37,150.406,150.298,150.299,1204,0,0
2025-10-06 14:30:00,150.303,150.316,150.22,150.257,1337,0,0
2025-10-06 14:45:00,150.257,150.389,150.254,150.371,1273,0,0
2025-10-06 15:00:00,150.374,150.386,149.849,149.98,3110,0,0
2025-10-06 15:15:00,149.981,149.992,149.831,149.95,2190,0,0
2025-10-06 15:30:00,149.949,149.983,149.865,149.906,2010,0,0
2025-10-06 15:45:00,149.907,149.941,149.752,149.783,1901,0,0
2025-10-06 16:00:00,149.782,149.886,149.755,149.885,1740,0,0
2025-10-06 16:15:00,149.885,149.985,149.844,149.972,1368,0,0
2025-10-06 16:30:00,149.967,150.085,149.837,149.872,2070,0,0
2025-10-06 16:45:00,149.871,149.942,149.841,149.934,1962,0,0
2025-10-06 17:00:00,149.937,149.949,149.801,149.946,2094,0,0
2025-10-06 17:15:00,149.947,150.059,149.936,150.015,1580,0,0
2025-10-06 17:30:00,150.01,150.115,149.965,149.965,1456,0,0
2025-10-06 17:45:00,149.968,150.017,149.91,149.96,1894,0,0
2025-10-06 18:00:00,149.963,150.007,149.922,149.977,1624,0,0
2025-10-06 18:15:00,149.978,150.093,149.945,150.072,1320,0,0
2025-10-06 18:30:00,150.071,150.109,150.021,150.044,1192,0,0
2025-10-06 18:45:00,150.044,150.089,150.025,150.026,1118,0,0
2025-10-06 19:00:00,150.024,150.064,149.957,150.063,1246,0,0
2025-10-06 19:15:00,150.064,150.138,150.055,150.132,806,0,0
2025-10-06 19:30:00,150.135,150.161,150.119,150.125,643,0,0
2025-10-06 19:45:00,150.125,150.174,150.123,150.163,701,0,0
2025-10-06 20:00:00,150.162,150.17,150.081,150.116,690,0,0
2025-10-06 20:15:00,150.115,150.158,150.106,150.156,694,0,0
2025-10-06 20:30:00,150.162,150.189,150.146,150.176,514,0,0
2025-10-06 20:45:00,150.176,150.241,150.175,150.207,679,0,0
2025-10-06 21:00:00,150.207,150.24,150.184,150.21,559,0,0
2025-10-06 21:15:00,150.21,150.219,150.161,150.178,597,0,0
2025-10-06 21:30:00,150.179,150.244,150.176,150.231,700,0,0
2025-10-06 21:45:00,150.232,150.321,150.227,150.3,789,0,0
2025-10-06 22:00:00,150.299,150.319,150.246,150.266,599,0,0
2025-10-06 22:15:00,150.266,150.268,150.231,150.242,476,0,0
2025-10-06 22:30:00,150.242,150.255,150.227,150.244,532,0,0
2025-10-06 22:45:00,150.244,150.337,150.243,150.323,686,0,0
2025-10-06 23:00:00,150.325,150.335,150.286,150.321,460,0,0
2025-10-06 23:15:00,150.321,150.345,150.303,150.313,373,0,0
2025-10-06 23:30:00,150.316,150.393,150.316,150.392,290,0,0
2025-10-06 23:45:00,150.392,150.395,150.353,150.362,371,10,0
2025-10-07 00:00:00,150.344,150.344,150.237,150.31,36,14,0
2025-10-07 00:15:00,150.31,150.31,150.19,150.202,153,66,0
2025-10-07 00:30:00,150.202,150.225,150.202,150.218,97,66,0
2025-10-07 00:45:00,150.22,150.238,150.216,150.231,166,66,0
2025-10-07 01:00:00,150.23,150.33,150.228,150.301,701,0,0
2025-10-07 01:15:00,150.302,150.331,150.282,150.321,803,0,0
2025-10-07 01:30:00,150.324,150.389,150.31,150.367,510,0,0
2025-10-07 01:45:00,150.367,150.373,150.321,150.321,310,0,0
2025-10-07 02:00:00,150.317,150.373,150.264,150.373,497,0,0
2025-10-07 02:15:00,150.373,150.395,150.353,150.379,412,0,0
2025-10-07 02:30:00,150.379,150.397,150.284,150.317,483,0,0
2025-10-07 02:45:00,150.32,150.372,150.296,150.366,869,0,0
2025-10-07 03:00:00,150.362,150.583,150.36,150.573,1326,0,0
2025-10-07 03:15:00,150.573,150.618,150.487,150.522,1161,0,0
2025-10-07 03:30:00,150.516,150.599,150.499,150.535,776,0,0
2025-10-07 03:45:00,150.535,150.535,150.422,150.492,1183,0,0
2025-10-07 04:00:00,150.492,150.616,150.488,150.493,1018,0,0
2025-10-07 04:15:00,150.496,150.524,150.37,150.415,880,0,0
2025-10-07 04:30:00,150.414,150.481,150.398,150.48,624,0,0
2025-10-07 04:45:00,150.48,150.525,150.448,150.508,655,0,0
2025-10-07 05:00:00,150.508,150.515,150.338,150.424,682,0,0
2025-10-07 05:15:00,150.424,150.478,150.422,150.439,545,0,0
2025-10-07 05:30:00,150.439,150.478,150.416,150.466,390,0,0
2025-10-07 05:45:00,150.466,150.536,150.464,150.532,509,0,0
2025-10-07 06:00:00,150.532,150.534,150.413,150.414,540,0,0
2025-10-07 06:15:00,150.414,150.415,150.363,150.386,549,0,0
2025-10-07 06:30:00,150.386,150.456,150.381,150.387,583,0,0
2025-10-07 06:45:00,150.387,150.427,150.361,150.363,471,0,0
2025-10-07 07:00:00,150.363,150.374,150.311,150.319,507,0,0
2025-10-07 07:15:00,150.319,150.346,150.285,150.307,409,0,0
2025-10-07 07:30:00,150.307,150.392,150.253,150.378,803,0,0
2025-10-07 07:45:00,150.379,150.445,150.376,150.414,579,0,0
2025-10-07 08:00:00,150.417,150.51,150.402,150.474,724,0,0
2025-10-07 08:15:00,150.474,150.526,150.463,150.488,628,0,0
2025-10-07 08:30:00,150.488,150.523,150.438,150.507,780,0,0
2025-10-07 08:45:00,150.507,150.543,150.451,150.499,791,0,0
2025-10-07 09:00:00,150.5,150.68,150.497,150.628,1440,0,0
2025-10-07 09:15:00,150.629,150.699,150.582,150.684,1250,0,0
2025-10-07 09:30:00,150.688,150.692,150.63,150.632,927,0,0
2025-10-07 09:45:00,150.633,150.658,150.581,150.623,1122,0,0
2025-10-07 10:00:00,150.626,150.709,150.607,150.632,1410,1,0
2025-10-07 10:15:00,150.632,150.635,150.537,150.561,1304,0,0
2025-10-07 10:30:00,150.563,150.624,150.556,150.623,1210,0,0
2025-10-07 10:45:00,150.623,150.652,150.596,150.623,1188,0,0
2025-10-07 11:00:00,150.624,150.633,150.526,150.584,1148,0,0
2025-10-07 11:15:00,150.584,150.673,150.576,150.668,1093,0,0
2025-10-07 11:30:00,150.669,150.761,150.651,150.748,1011,0,0
2025-10-07 11:45:00,150.748,150.83,150.748,150.791,940,0,0
2025-10-07 12:00:00,150.791,150.831,150.749,150.799,889,0,0
2025-10-07 12:15:00,150.798,150.828,150.758,150.781,757,0,0
2025-10-07 12:30:00,150.782,150.815,150.733,150.744,750,0,0
2025-10-07 12:45:00,150.744,150.77,150.728,150.756,829,0,0
2025-10-07 13:00:00,150.757,150.788,150.719,150.778,726,0,0
2025-10-07 13:15:00,150.778,150.779,150.737,150.758,523,0,0
2025-10-07 13:30:00,150.758,150.759,150.716,150.729,720,0,0
2025-10-07 13:45:00,150.729,150.797,150.706,150.773,766,0,0
2025-10-07 14:00:00,150.773,150.847,150.762,150.844,823,0,0
2025-10-07 14:15:00,150.844,150.878,150.83,150.875,825,0,0
2025-10-07 14:30:00,150.876,150.883,150.842,150.872,795,0,0
2025-10-07 14:45:00,150.872,150.95,150.866,150.898,1111,0,0
2025-10-07 15:00:00,150.899,150.949,150.856,150.946,1114,0,0
2025-10-07 15:15:00,150.946,151.031,150.837,150.918,1348,0,0
2025-10-07 15:30:00,150.915,150.957,150.862,150.875,1475,0,0
2025-10-07 15:45:00,150.877,150.891,150.802,150.834,1536,0,0
2025-10-07 16:00:00,150.837,150.885,150.732,150.867,1710,0,0
2025-10-07 16:15:00,150.867,150.872,150.753,150.793,1595,0,0
2025-10-07 16:30:00,150.793,150.873,150.78,150.835,1686,0,0
2025-10-07 16:45:00,150.833,150.944,150.816,150.938,1485,0,0
2025-10-07 17:00:00,150.939,151.115,150.939,150.982,2075,0,0
2025-10-07 17:15:00,150.981,151.054,150.911,151.048,1615,0,0
2025-10-07 17:30:00,151.054,151.176,151.039,151.174,1751,0,0
2025-10-07 17:45:00,151.174,151.206,151.127,151.176,1576,0,0
2025-10-07 18:00:00,151.176,151.205,151.0,151.051,1968,0,0
2025-10-07 18:15:00,151.051,151.156,150.981,151.131,1745,0,0
2025-10-07 18:30:00,151.131,151.188,151.116,151.119,1628,0,0
2025-10-07 18:45:00,151.119,151.178,151.052,151.175,1730,0,0
2025-10-07 19:00:00,151.175,151.191,151.099,151.155,1536,0,0
2025-10-07 19:15:00,151.155,151.235,151.149,151.192,1279,0,0
2025-10-07 19:30:00,151.191,151.411,151.191,151.308,1389,0,0
2025-10-07 19:45:00,151.307,151.363,151.286,151.327,1278,0,0
2025-10-07 20:00:00,151.326,151.368,151.25,151.366,1283,0,0
2025-10-07 20:15:00,151.367,151.446,151.362,151.442,1126,0,0
2025-10-07 20:30:00,151.439,151.536,151.439,151.476,1140,0,0
2025-10-07 20:45:00,151.475,151.526,151.459,151.517,960,0,0
2025-10-07 21:00:00,151.518,151.623,151.492,151.596,1169,0,0
2025-10-07 21:15:00,151.596,151.781,151.561,151.749,1251,0,0
2025-10-07 21:30:00,151.75,151.936,151.748,151.872,1378,0,0
2025-10-07 21:45:00,151.872,151.921,151.799,151.826,1043,0,0
2025-10-07 22:00:00,151.825,151.836,151.743,151.798,1016,0,0
2025-10-07 22:15:00,151.798,151.884,151.787,151.85,871,0,0
2025-10-07 22:30:00,151.85,151.951,151.849,151.948,779,0,0
2025-10-07 22:45:00,151.948,151.957,151.895,151.907,766,0,0
2025-10-07 23:00:00,151.907,152.043,151.905,151.983,802,0,0
2025-10-07 23:15:00,151.982,152.034,151.952,151.957,538,0,0
2025-10-07 23:30:00,151.957,151.978,151.943,151.944,419,0,0
2025-10-07 23:45:00,151.944,151.946,151.884,151.888,433,10,0
2025-10-08 00:00:00,151.894,151.915,151.832,151.897,92,14,0
2025-10-08 00:15:00,151.897,151.902,151.858,151.862,156,66,0
2025-10-08 00:30:00,151.864,151.877,151.849,151.849,226,66,0
2025-10-08 00:45:00,151.849,151.856,151.81,151.842,198,66,0
2025-10-08 01:00:00,151.847,151.861,151.741,151.795,384,0,0
2025-10-08 01:15:00,151.795,151.866,151.775,151.835,366,0,0
2025-10-08 01:30:00,151.845,151.895,151.816,151.846,425,0,0
2025-10-08 01:45:00,151.846,151.855,151.814,151.814,271,0,0
2025-10-08 02:00:00,151.814,151.965,151.794,151.957,728,0,0
2025-10-08 02:15:00,151.958,152.097,151.923,151.957,973,0,0
2025-10-08 02:30:00,151.955,152.033,151.931,151.979,829,0,0
2025-10-08 02:45:00,151.979,152.074,151.958,152.059,1333,0,0
2025-10-08 03:00:00,152.058,152.328,152.058,152.263,1916,0,0
2025-10-08 03:15:00,152.263,152.339,152.263,152.307,1407,0,0
2025-10-08 03:30:00,152.309,152.376,152.201,152.266,1453,0,0
2025-10-08 03:45:00,152.266,152.371,152.137,152.307,1650,0,0
2025-10-08 04:00:00,152.312,152.453,152.272,152.32,2146,0,0
2025-10-08 04:15:00,152.32,152.521,152.275,152.466,1632,0,0
2025-10-08 04:30:00,152.459,152.532,152.391,152.422,1554,0,0
2025-10-08 04:45:00,152.422,152.604,152.401,152.603,1260,0,0
2025-10-08 05:00:00,152.603,152.647,152.541,152.572,1271,0,0
2025-10-08 05:15:00,152.572,152.599,152.503,152.522,1290,0,0
2025-10-08 05:30:00,152.521,152.525,152.389,152.403,874,0,0
2025-10-08 05:45:00,152.403,152.49,152.305,152.488,982,0,0
2025-10-08 06:00:00,152.488,152.546,152.486,152.534,583,0,0
2025-10-08 06:15:00,152.535,152.567,152.48,152.506,578,0,0
2025-10-08 06:30:00,152.509,152.543,152.449,152.46,570,0,0
2025-10-08 06:45:00,152.46,152.486,152.403,152.413,715,0,0
2025-10-08 07:00:00,152.414,152.492,152.377,152.463,681,0,0
2025-10-08 07:15:00,152.463,152.491,152.429,152.464,479,0,0
2025-10-08 07:30:00,152.464,152.489,152.347,152.378,649,0,0
2025-10-08 07:45:00,152.378,152.413,152.306,152.365,733,0,0
2025-10-08 08:00:00,152.365,152.413,152.353,152.379,852,0,0
2025-10-08 08:15:00,152.378,152.379,152.301,152.327,622,0,0
2025-10-08 08:30:00,152.327,152.407,152.287,152.372,816,0,0
2025-10-08 08:45:00,152.372,152.441,152.329,152.404,986,0,0
2025-10-08 09:00:00,152.402,152.523,152.255,152.488,1860,0,0
2025-10-08 09:15:00,152.488,152.493,152.354,152.469,1835,0,0
2025-10-08 09:30:00,152.462,152.512,152.375,152.437,1738,0,0
2025-10-08 09:45:00,152.437,152.439,152.329,152.344,1362,0,0
2025-10-08 10:00:00,152.343,152.456,152.329,152.45,1875,0,0
2025-10-08 10:15:00,152.45,152.527,152.436,152.475,1564,0,0
2025-10-08 10:30:00,152.475,152.492,152.395,152.434,1697,0,0
2025-10-08 10:45:00,152.436,152.552,152.35,152.542,1610,0,0
2025-10-08 11:00:00,152.545,152.567,152.377,152.436,1470,0,0
2025-10-08 11:15:00,152.436,152.459,152.377,152.407,1455,0,0
2025-10-08 11:30:00,152.407,152.566,152.394,152.558,1276,0,0
2025-10-08 11:45:00,152.558,152.786,152.538,152.744,1418,0,0
2025-10-08 12:00:00,152.744,152.889,152.73,152.733,1466,0,0
2025-10-08 12:15:00,152.732,152.899,152.718,152.875,1047,0,0
2025-10-08 12:30:00,152.876,152.963,152.876,152.963,1271,0,0
2025-10-08 12:45:00,152.963,153.0,152.855,152.972,1339,0,0
2025-10-08 13:00:00,152.974,153.0,152.839,152.865,1090,0,0
2025-10-08 13:15:00,152.865,152.921,152.764,152.793,973,0,0
2025-10-08 13:30:00,152.794,152.931,152.789,152.868,863,0,0
2025-10-08 13:45:00,152.87,152.937,152.648,152.73,1160,0,0
2025-10-08 14:00:00,152.729,152.848,152.674,152.751,1547,0,0
2025-10-08 14:15:00,152.751,152.773,152.656,152.68,1135,0,0
2025-10-08 14:30:00,152.679,152.759,152.644,152.722,1013,0,0
2025-10-08 14:45:00,152.719,152.731,152.658,152.693,898,0,0
2025-10-08 15:00:00,152.691,152.749,152.634,152.643,1547,0,0
2025-10-08 15:15:00,152.643,152.665,152.606,152.622,1305,0,0
2025-10-08 15:30:00,152.622,152.7,152.547,152.62,1418,0,0
2025-10-08 15:45:00,152.62,152.631,152.439,152.507,1551,1,0
2025-10-08 16:00:00,152.507,152.531,152.422,152.468,1596,0,0
2025-10-08 16:15:00,152.467,152.574,152.375,152.551,1670,0,0
2025-10-08 16:30:00,152.55,152.593,152.478,152.517,2019,0,0
2025-10-08 16:45:00,152.517,152.664,152.517,152.593,2225,0,0
2025-10-08 17:00:00,152.594,152.674,152.524,152.63,1969,0,0
2025-10-08 17:15:00,152.63,152.65,152.526,152.567,1554,0,0
2025-10-08 17:30:00,152.57,152.584,152.449,152.511,1632,0,0
2025-10-08 17:45:00,152.511,152.517,152.434,152.517,1688,0,0
2025-10-08 18:00:00,152.517,152.668,152.514,152.639,1422,0,0
2025-10-08 18:15:00,152.641,152.71,152.625,152.64,1150,0,0
2025-10-08 18:30:00,152.64,152.723,152.636,152.692,1266,0,0
2025-10-08 18:45:00,152.692,152.789,152.692,152.724,1384,0,0
2025-10-08 19:00:00,152.722,152.791,152.691,152.758,1192,0,0
2025-10-08 19:15:00,152.758,152.765,152.72,152.745,882,0,0
2025-10-08 19:30:00,152.739,152.801,152.739,152.756,878,0,0
2025-10-08 19:45:00,152.756,152.78,152.751,152.756,716,0,0
2025-10-08 20:00:00,152.754,152.816,152.747,152.796,853,0,0
2025-10-08 20:15:00,152.797,152.804,152.764,152.797,703,0,0
2025-10-08 20:30:00,152.797,152.815,152.777,152.792,688,0,0
2025-10-08 20:45:00,152.792,152.884,152.78,152.871,734,0,0
2025-10-08 21:00:00,152.873,152.947,152.841,152.895,1421,0,0
2025-10-08 21:15:00,152.895,152.924,152.792,152.8,1741,0,0
2025-10-08 21:30:00,152.8,152.805,152.645,152.688,1086,0,0
2025-10-08 21:45:00,152.69,152.728,152.675,152.721,995,0,0
2025-10-08 22:00:00,152.711,152.74,152.64,152.728,1136,0,0
2025-10-08 22:15:00,152.734,152.752,152.704,152.709,693,0,0
2025-10-08 22:30:00,152.712,152.746,152.669,152.743,735,0,0
2025-10-08 22:45:00,152.74,152.743,152.694,152.71,812,0,0
2025-10-08 23:00:00,152.709,152.738,152.691,152.722,483,0,0
2025-10-08 23:15:00,152.722,152.728,152.677,152.707,517,0,0
2025-10-08 23:30:00,152.707,152.724,152.652,152.652,426,0,0
2025-10-08 23:45:00,152.653,152.703,152.644,152.694,475,10,0
2025-10-09 00:00:00,152.653,152.677,152.636,152.65,31,18,0
2025-10-09 00:15:00,152.65,152.652,152.604,152.621,88,72,0
2025-10-09 00:30:00,152.621,152.636,152.528,152.533,242,66,0
2025-10-09 00:45:00,152.528,152.621,152.524,152.61,202,66,0
2025-10-09 01:00:00,152.61,152.668,152.61,152.619,455,0,0
2025-10-09 01:15:00,152.609,152.635,152.584,152.614,465,0,0
2025-10-09 01:30:00,152.613,152.624,152.565,152.565,463,0,0
2025-10-09 01:45:00,152.565,152.575,152.494,152.529,558,0,0
2025-10-09 02:00:00,152.527,152.556,152.463,152.483,580,0,0
2025-10-09 02:15:00,152.483,152.72,152.474,152.676,1042,0,0
2025-10-09 02:30:00,152.674,152.676,152.601,152.641,810,0,0
2025-10-09 02:45:00,152.641,152.713,152.545,152.712,1376,0,0
2025-10-09 03:00:00,152.713,152.742,152.496,152.61,1720,0,0
2025-10-09 03:15:00,152.61,152.632,152.478,152.554,1319,0,0
2025-10-09 03:30:00,152.547,152.559,152.455,152.539,1173,0,0
2025-10-09 03:45:00,152.54,152.709,152.515,152.706,1590,0,0
2025-10-09 04:00:00,152.708,152.766,152.579,152.642,1999,0,0
2025-10-09 04:15:00,152.642,152.643,152.464,152.464,1663,0,0
2025-10-09 04:30:00,152.464,152.533,152.414,152.431,1417,0,0
2025-10-09 04:45:00,152.43,152.608,152.406,152.519,1205,0,0
2025-10-09 05:00:00,152.521,152.58,152.509,152.536,874,0,0
2025-10-09 05:15:00,152.536,152.609,152.522,152.559,726,0,0
2025-10-09 05:30:00,152.559,152.598,152.487,152.49,694,0,0
2025-10-09 05:45:00,152.49,152.492,152.409,152.464,855,0,0
2025-10-09 06:00:00,152.464,152.57,152.454,152.568,628,0,0
2025-10-09 06:15:00,152.568,152.582,152.49,152.523,671,0,0
2025-10-09 06:30:00,152.524,152.539,152.486,152.498,582,0,0
2025-10-09 06:45:00,152.498,152.534,152.489,152.513,495,0,0
2025-10-09 07:00:00,152.513,152.598,152.51,152.566,525,0,0
2025-10-09 07:15:00,152.566,152.593,152.548,152.591,473,0,0
2025-10-09 07:30:00,152.591,152.596,152.552,152.554,513,0,0
2025-10-09 07:45:00,152.554,152.557,152.449,152.47,629,0,0
2025-10-09 08:00:00,152.471,152.53,152.466,152.502,625,0,0
2025-10-09 08:15:00,152.502,152.544,152.502,152.541,452,0,0
2025-10-09 08:30:00,152.542,152.57,152.529,152.54,620,0,0
2025-10-09 08:45:00,152.542,152.657,152.51,152.635,837,0,0
2025-10-09 09:00:00,152.635,152.919,152.635,152.9,1351,1,0
2025-10-09 09:15:00,152.899,153.029,152.847,152.995,1914,1,0
2025-10-09 09:30:00,152.995,153.138,152.944,153.122,2013,0,0
2025-10-09 09:45:00,153.122,153.134,152.967,152.979,1917,0,0
2025-10-09 10:00:00,152.975,153.057,152.855,152.886,2088,0,0
2025-10-09 10:15:00,152.881,153.041,152.87,153.026,1522,0,0
2025-10-09 10:30:00,153.025,153.221,152.969,153.113,1587,0,0
2025-10-09 10:45:00,153.113,153.119,153.028,153.069,1694,0,0
2025-10-09 11:00:00,153.066,153.139,153.015,153.086,1469,0,0
2025-10-09 11:15:00,153.084,153.104,153.017,153.024,1303,0,0
2025-10-09 11:30:00,153.025,153.103,152.882,152.892,1517,0,0
2025-10-09 11:45:00,152.896,152.927,152.758,152.801,1456,0,0
2025-10-09 12:00:00,152.804,152.812,152.474,152.8,2346,0,0
2025-10-09 12:15:00,152.8,152.858,152.674,152.71,1733,0,0
2025-10-09 12:30:00,152.715,152.74,152.593,152.593,1274,0,0
2025-10-09 12:45:00,152.593,152.662,152.518,152.556,1313,0,0
2025-10-09 13:00:00,152.55,152.593,152.497,152.573,1022,0,0
2025-10-09 13:15:00,152.573,152.662,152.568,152.635,1012,0,0
2025-10-09 13:30:00,152.637,152.704,152.635,152.682,898,0,0
2025-10-09 13:45:00,152.682,152.751,152.651,152.662,1004,0,0
2025-10-09 14:00:00,152.659,152.826,152.653,152.787,1237,0,0
2025-10-09 14:15:00,152.788,152.794,152.695,152.725,907,0,0
2025-10-09 14:30:00,152.724,152.761,152.662,152.692,900,0,0
2025-10-09 14:45:00,152.692,152.842,152.672,152.795,1203,0,0
2025-10-09 15:00:00,152.792,152.83,152.723,152.819,1454,1,0
2025-10-09 15:15:00,152.816,152.825,152.722,152.742,1294,0,0
2025-10-09 15:30:00,152.742,152.846,152.655,152.756,1674,0,0
2025-10-09 15:45:00,152.756,152.844,152.728,152.748,1673,0,0
2025-10-09 16:00:00,152.742,152.871,152.115,152.44,3225,0,0
2025-10-09 16:15:00,152.441,152.723,152.364,152.636,2613,0,0
2025-10-09 16:30:00,152.636,152.932,152.628,152.926,2503,0,0
2025-10-09 16:45:00,152.924,152.957,152.809,152.868,2245,0,0
2025-10-09 17:00:00,152.863,152.991,152.863,152.977,2046,0,0
2025-10-09 17:15:00,152.976,153.186,152.901,153.153,2248,0,0
2025-10-09 17:30:00,153.152,153.177,152.957,152.997,1998,1,0
2025-10-09 17:45:00,152.995,153.053,152.921,153.043,1744,0,0
2025-10-09 18:00:00,153.048,153.152,153.023,153.068,1666,0,0
2025-10-09 18:15:00,153.071,153.179,153.04,153.16,1600,0,0
2025-10-09 18:30:00,153.162,153.237,153.107,153.143,2206,1,0
2025-10-09 18:45:00,153.144,153.147,152.947,153.05,1839,0,0
2025-10-09 19:00:00,153.05,153.1,152.993,153.098,1430,0,0
2025-10-09 19:15:00,153.098,153.103,153.028,153.039,1274,0,0
2025-10-09 19:30:00,153.042,153.147,153.035,153.088,1486,0,0
2025-10-09 19:45:00,153.088,153.123,152.992,153.003,1767,0,0
2025-10-09 20:00:00,153.004,153.072,152.909,153.042,1852,0,0
2025-10-09 20:15:00,153.041,153.08,152.912,152.915,1752,0,0
2025-10-09 20:30:00,152.91,153.072,152.91,153.067,1379,0,0
2025-10-09 20:45:00,153.067,153.097,153.021,153.053,1252,0,0
2025-10-09 21:00:00,153.053,153.08,153.021,153.057,1124,0,0
2025-10-09 21:15:00,153.056,153.079,153.001,153.078,926,0,0
2025-10-09 21:30:00,153.078,153.143,153.061,153.111,979,0,0
2025-10-09 21:45:00,153.112,153.212,153.099,153.179,1183,0,0
2025-10-09 22:00:00,153.177,153.179,153.096,153.158,995,0,0
2025-10-09 22:15:00,153.158,153.175,153.125,153.142,800,0,0
2025-10-09 22:30:00,153.142,153.164,153.111,153.135,904,0,0
2025-10-09 22:45:00,153.137,153.143,153.049,153.066,1025,0,0
2025-10-09 23:00:00,153.075,153.097,153.048,153.063,599,0,0
2025-10-09 23:15:00,153.064,153.089,153.022,153.042,482,0,0
2025-10-09 23:30:00,153.041,153.079,153.008,153.075,440,0,0
2025-10-09 23:45:00,153.078,153.093,153.058,153.08,524,10,0
2025-10-10 00:00:00,153.016,153.032,152.912,152.996,46,82,0
2025-10-10 00:15:00,152.993,153.049,152.948,153.049,117,66,0
2025-10-10 00:30:00,153.049,153.062,153.037,153.038,120,66,0
2025-10-10 00:45:00,153.038,153.04,153.024,153.025,146,66,0
2025-10-10 01:00:00,153.025,153.082,152.963,153.054,382,0,0
2025-10-10 01:15:00,153.054,153.067,153.023,153.065,276,0,0
2025-10-10 01:30:00,153.065,153.077,153.041,153.069,286,0,0
2025-10-10 01:45:00,153.069,153.07,153.028,153.03,315,0,0
2025-10-10 02:00:00,153.031,153.276,153.031,153.228,1033,0,0
2025-10-10 02:15:00,153.228,153.242,153.055,153.078,887,0,0
2025-10-10 02:30:00,153.078,153.126,153.042,153.052,947,0,0
2025-10-10 02:45:00,153.052,153.093,152.964,153.029,1215,0,0
2025-10-10 03:00:00,153.027,153.162,152.963,153.156,1909,0,0
2025-10-10 03:15:00,153.156,153.166,153.029,153.084,1160,0,0
2025-10-10 03:30:00,153.085,153.14,153.06,153.097,1111,0,0
2025-10-10 03:45:00,153.097,153.136,152.947,152.958,1657,0,0
2025-10-10 04:00:00,152.957,153.005,152.861,152.905,1390,0,0
2025-10-10 04:15:00,152.904,152.932,152.842,152.924,1272,0,0
2025-10-10 04:30:00,152.921,152.985,152.919,152.941,1072,0,0
2025-10-10 04:45:00,152.941,153.05,152.932,153.023,934,0,0
2025-10-10 05:00:00,153.022,153.036,152.869,152.956,1031,0,0
2025-10-10 05:15:00,152.956,152.966,152.87,152.888,828,0,0
2025-10-10 05:30:00,152.887,152.96,152.867,152.946,648,0,0
2025-10-10 05:45:00,152.946,152.962,152.899,152.914,646,0,0
2025-10-10 06:00:00,152.915,152.938,152.83,152.89,841,0,0
2025-10-10 06:15:00,152.89,152.893,152.796,152.832,746,0,0
2025-10-10 06:30:00,152.832,152.841,152.715,152.732,947,0,0
2025-10-10 06:45:00,152.728,152.751,152.645,152.667,930,0,0
2025-10-10 07:00:00,152.667,152.737,152.636,152.73,946,0,0
2025-10-10 07:15:00,152.73,152.767,152.672,152.738,742,0,0
2025-10-10 07:30:00,152.738,152.8,152.738,152.786,585,0,0
2025-10-10 07:45:00,152.786,152.833,152.748,152.752,686,0,0
2025-10-10 08:00:00,152.751,152.78,152.686,152.773,998,0,0
2025-10-10 08:15:00,152.773,152.781,152.719,152.76,680,0,0
2025-10-10 08:30:00,152.761,152.831,152.752,152.761,884,0,0
2025-10-10 08:45:00,152.761,152.851,152.751,152.834,1015,0,0
2025-10-10 09:00:00,152.831,152.899,152.822,152.879,1263,0,0
2025-10-10 09:15:00,152.878,152.918,152.831,152.857,1164,0,0
2025-10-10 09:30:00,152.857,152.899,152.379,152.71,2527,1,0
2025-10-10 09:45:00,152.708,152.748,152.498,152.535,2471,0,0
2025-10-10 10:00:00,152.534,152.75,152.491,152.705,2745,0,0
2025-10-10 10:15:00,152.703,152.95,152.681,152.889,2096,0,0
2025-10-10 10:30:00,152.889,152.918,152.821,152.84,1485,0,0
2025-10-10 10:45:00,152.84,152.908,152.805,152.849,1481,0,0
2025-10-10 11:00:00,152.85,152.94,152.667,152.715,1905,1,0
2025-10-10 11:15:00,152.716,152.724,152.595,152.644,1606,0,0
2025-10-10 11:30:00,152.644,152.755,152.644,152.733,1517,0,0
2025-10-10 11:45:00,152.733,152.76,152.642,152.644,1219,0,0
2025-10-10 12:00:00,152.644,152.708,152.61,152.683,1246,0,0
2025-10-10 12:15:00,152.682,152.791,152.659,152.773,1329,0,0
2025-10-10 12:30:00,152.774,152.849,152.769,152.828,1057,0,0
2025-10-10 12:45:00,152.828,152.829,152.755,152.793,1200,0,0
2025-10-10 13:00:00,152.79,152.814,152.724,152.728,1031,0,0
2025-10-10 13:15:00,152.727,152.728,152.632,152.681,999,0,0
2025-10-10 13:30:00,152.681,152.751,152.675,152.736,861,0,0
2025-10-10 13:45:00,152.736,152.741,152.671,152.721,1126,0,0
2025-10-10 14:00:00,152.722,152.76,152.68,152.698,993,0,0
2025-10-10 14:15:00,152.697,152.741,152.674,152.706,926,0,0
2025-10-10 14:30:00,152.705,152.744,152.55,152.57,1493,0,0
2025-10-10 14:45:00,152.57,152.645,152.545,152.633,1457,0,0
2025-10-10 15:00:00,152.635,152.654,152.519,152.548,1437,0,0
2025-10-10 15:15:00,152.548,152.589,152.518,152.573,1148,0,0
2025-10-10 15:30:00,152.574,152.615,152.531,152.536,1426,0,0
2025-10-10 15:45:00,152.534,152.592,152.517,152.558,1371,0,0
2025-10-10 16:00:00,152.558,152.693,152.551,152.644,1509,0,0
2025-10-10 16:15:00,152.643,152.664,152.531,152.647,1502,0,0
2025-10-10 16:30:00,152.645,152.692,152.59,152.634,1961,0,0
2025-10-10 16:45:00,152.637,152.675,152.595,152.657,1853,0,0
2025-10-10 17:00:00,152.646,152.708,152.568,152.589,2192,0,0
2025-10-10 17:15:00,152.589,152.662,152.553,152.626,1954,0,0
2025-10-10 17:30:00,152.627,152.649,152.595,152.63,1724,0,0
2025-10-10 17:45:00,152.63,152.646,152.421,152.461,2125,0,0
2025-10-10 18:00:00,152.454,152.454,151.834,152.03,4108,0,0
2025-10-10 18:15:00,152.027,152.051,151.611,151.612,3903,0,0
2025-10-10 18:30:00,151.609,151.883,151.505,151.878,3954,0,0
2025-10-10 18:45:00,151.871,151.968,151.825,151.944,3469,0,0
2025-10-10 19:00:00,151.945,151.983,151.842,151.931,2914,0,0
2025-10-10 19:15:00,151.932,152.187,151.931,152.085,2638,0,0
2025-10-10 19:30:00,152.083,152.136,151.986,152.006,2515,0,0
2025-10-10 19:45:00,152.006,152.027,151.87,151.89,2229,0,0
2025-10-10 20:00:00,151.889,151.947,151.778,151.852,2336,0,0
2025-10-10 20:15:00,151.854,151.864,151.723,151.841,1924,0,0
2025-10-10 20:30:00,151.841,151.944,151.838,151.881,1721,0,0
2025-10-10 20:45:00,151.881,151.944,151.836,151.87,1487,0,0
2025-10-10 21:00:00,151.868,151.901,151.762,151.823,1452,0,0
2025-10-10 21:15:00,151.823,151.865,151.752,151.765,1356,0,0
2025-10-10 21:30:00,151.764,151.787,151.708,151.731,1266,0,0
2025-10-10 21:45:00,151.73,151.764,151.634,151.718,1422,0,0
2025-10-10 22:00:00,151.716,151.807,151.704,151.71,1395,0,0
2025-10-10 22:15:00,151.708,151.744,151.642,151.648,1156,0,0
2025-10-10 22:30:00,151.637,151.674,151.529,151.62,1371,0,0
2025-10-10 22:45:00,151.62,151.692,151.553,151.597,1537,0,0
2025-10-10 23:00:00,151.594,151.685,151.576,151.651,807,0,0
2025-10-10 23:15:00,151.651,151.664,151.593,151.644,565,0,0
2025-10-10 23:30:00,151.644,151.707,151.628,151.68,535,0,0
2025-10-10 23:45:00,151.684,151.726,151.156,151.197,1530,10,0
2025-10-13 00:00:00,151.805,151.856,151.757,151.817,603,82,0
2025-10-13 00:15:00,151.817,151.887,151.817,151.863,278,66,0
2025-10-13 00:30:00,151.866,151.877,151.791,151.877,170,66,0
2025-10-13 00:45:00,151.877,151.915,151.775,151.777,271,66,0
2025-10-13 01:00:00,151.777,152.117,151.777,152.104,1192,0,0
2025-10-13 01:15:00,152.104,152.283,152.053,152.056,1342,0,0
2025-10-13 01:30:00,152.056,152.082,151.872,151.89,1391,0,0
2025-10-13 01:45:00,151.891,151.999,151.891,151.938,981,0,0
2025-10-13 02:00:00,151.933,151.956,151.74,151.918,1586,0,0
2025-10-13 02:15:00,151.916,151.944,151.832,151.896,1155,0,0
2025-10-13 02:30:00,151.895,152.038,151.824,152.016,1312,0,0
2025-10-13 02:45:00,152.016,152.088,151.916,152.07,1832,0,0
2025-10-13 03:00:00,152.069,152.077,151.939,151.995,2224,0,0
2025-10-13 03:15:00,151.995,152.018,151.911,151.972,1598,0,0
2025-10-13 03:30:00,151.972,152.008,151.869,151.883,1557,0,0
2025-10-13 03:45:00,151.884,151.907,151.801,151.848,1748,0,0
2025-10-13 04:00:00,151.845,151.981,151.807,151.937,1964,0,0
2025-10-13 04:15:00,151.937,151.977,151.879,151.959,1667,0,0
2025-10-13 04:30:00,151.96,151.976,151.895,151.926,1509,0,0
2025-10-13 04:45:00,151.926,151.979,151.913,151.959,1236,0,0
2025-10-13 05:00:00,151.957,151.976,151.85,151.857,1228,0,0
2025-10-13 05:15:00,151.857,151.967,151.855,151.963,839,0,0
2025-10-13 05:30:00,151.963,151.986,151.936,151.953,794,0,0
2025-10-13 05:45:00,151.953,151.985,151.931,151.937,707,0,0
2025-10-13 06:00:00,151.935,151.967,151.901,151.963,750,0,0
2025-10-13 06:15:00,151.963,151.989,151.951,151.982,564,0,0
2025-10-13 06:30:00,151.982,152.015,151.915,151.959,780,0,0
2025-10-13 06:45:00,151.959,151.983,151.915,151.93,758,0,0
2025-10-13 07:00:00,151.93,151.969,151.889,151.897,652,0,0
2025-10-13 07:15:00,151.897,151.9,151.811,151.877,668,0,0
2025-10-13 07:30:00,151.877,151.926,151.854,151.91,758,0,0
2025-10-13 07:45:00,151.91,151.955,151.904,151.913,585,0,0
2025-10-13 08:00:00,151.911,151.913,151.857,151.876,979,0,0
2025-10-13 08:15:00,151.876,151.878,151.767,151.834,917,0,0
2025-10-13 08:30:00,151.834,151.846,151.79,151.799,847,0,0
2025-10-13 08:45:00,151.799,151.904,151.799,151.878,1149,0,0
2025-10-13 09:00:00,151.876,151.929,151.753,151.766,1542,1,0
2025-10-13 09:15:00,151.77,151.836,151.722,151.829,1513,0,0
2025-10-13 09:30:00,151.829,151.868,151.795,151.805,1509,0,0
2025-10-13 09:45:00,151.813,152.022,151.804,151.942,1775,1,0
2025-10-13 10:00:00,151.941,152.27,151.912,152.264,2298,0,0
2025-10-13 10:15:00,152.264,152.314,152.174,152.28,1837,0,0
2025-10-13 10:30:00,152.28,152.376,152.235,152.264,1734,0,0
2025-10-13 10:45:00,152.264,152.34,152.224,152.301,1570,0,0
2025-10-13 11:00:00,152.305,152.332,152.256,152.286,1586,0,0
2025-10-13 11:15:00,152.286,152.374,152.252,152.364,1359,0,0
2025-10-13 11:30:00,152.364,152.448,152.292,152.313,1517,0,0
2025-10-13 11:45:00,152.316,152.347,152.277,152.342,1420,0,0
2025-10-13 12:00:00,152.342,152.369,152.217,152.245,1282,0,0
2025-10-13 12:15:00,152.245,152.268,152.208,152.234,908,0,0
2025-10-13 12:30:00,152.233,152.238,152.161,152.213,955,0,0
2025-10-13 12:45:00,152.213,152.25,152.163,152.171,1062,0,0
2025-10-13 13:00:00,152.171,152.203,152.157,152.197,873,0,0
2025-10-13 13:15:00,152.197,152.233,152.134,152.197,1104,0,0
2025-10-13 13:30:00,152.196,152.199,152.147,152.169,903,0,0
2025-10-13 13:45:00,152.168,152.184,152.127,152.171,977,0,0
2025-10-13 14:00:00,152.172,152.174,151.977,152.056,2256,0,0
2025-10-13 14:15:00,152.056,152.074,152.004,152.026,1400,0,0
2025-10-13 14:30:00,152.026,152.134,151.988,152.111,1513,0,0
2025-10-13 14:45:00,152.109,152.139,152.034,152.106,1665,0,0
2025-10-13 15:00:00,152.105,152.144,152.053,152.109,1619,0,0
2025-10-13 15:15:00,152.107,152.143,152.081,152.128,1406,0,0
2025-10-13 15:30:00,152.13,152.227,152.106,152.191,1510,0,0
2025-10-13 15:45:00,152.19,152.265,152.163,152.215,1427,0,0
2025-10-13 16:00:00,152.214,152.266,152.178,152.197,1734,0,0
2025-10-13 16:15:00,152.197,152.256,152.162,152.167,1382,0,0
2025-10-13 16:30:00,152.166,152.222,152.105,152.184,2028,0,0
2025-10-13 16:45:00,152.184,152.195,152.116,152.188,1971,0,0
2025-10-13 17:00:00,152.19,152.354,152.181,152.351,1814,0,0
2025-10-13 17:15:00,152.352,152.411,152.347,152.385,1928,0,0
2025-10-13 17:30:00,152.384,152.449,152.368,152.431,1697,0,0
2025-10-13 17:45:00,152.431,152.444,152.313,152.376,1776,0,0
2025-10-13 18:00:00,152.378,152.394,152.301,152.304,1514,0,0
2025-10-13 18:15:00,152.303,152.321,152.261,152.305,1213,0,0
2025-10-13 18:30:00,152.306,152.322,152.264,152.294,974,0,0
2025-10-13 18:45:00,152.294,152.308,152.244,152.26,988,0,0
2025-10-13 19:00:00,152.261,152.261,152.196,152.236,958,0,0
2025-10-13 19:15:00,152.236,152.269,152.22,152.248,1042,0,0
2025-10-13 19:30:00,152.248,152.296,152.245,152.278,791,0,0
2025-10-13 19:45:00,152.278,152.304,152.254,152.281,768,0,0
2025-10-13 20:00:00,152.282,152.351,152.265,152.299,754,0,0
2025-10-13 20:15:00,152.299,152.306,152.25,152.268,759,0,0
2025-10-13 20:30:00,152.265,152.288,152.242,152.278,712,0,0
2025-10-13 20:45:00,152.278,152.282,152.233,152.265,901,0,0
2025-10-13 21:00:00,152.265,152.269,152.227,152.243,621,0,0
2025-10-13 21:15:00,152.242,152.257,152.228,152.252,642,0,0
2025-10-13 21:30:00,152.253,152.292,152.219,152.287,698,0,0
2025-10-13 21:45:00,152.287,152.336,152.284,152.284,797,0,0
2025-10-13 22:00:00,152.284,152.29,152.259,152.275,782,0,0
2025-10-13 22:15:00,152.275,152.282,152.255,152.277,438,0,0
2025-10-13 22:30:00,152.276,152.301,152.263,152.292,560,0,0
2025-10-13 22:45:00,152.292,152.329,152.288,152.328,569,0,0
2025-10-13 23:00:00,152.328,152.336,152.304,152.327,391,0,0
2025-10-13 23:15:00,152.327,152.353,152.309,152.346,380,0,0
2025-10-13 23:30:00,152.347,152.351,152.307,152.308,270,0,0
2025-10-13 23:45:00,152.308,152.335,152.295,152.295,477,10,0
2025-10-14 00:00:00,152.24,152.24,152.084,152.194,26,68,0
2025-10-14 00:15:00,152.194,152.194,152.164,152.168,45,107,0
2025-10-14 00:30:00,152.168,152.187,152.153,152.164,256,113,0
2025-10-14 00:45:00,152.164,152.216,152.14,152.178,311,72,0
2025-10-14 01:00:00,152.174,152.262,152.168,152.201,237,0,0
2025-10-14 01:15:00,152.201,152.276,152.188,152.273,256,0,0
2025-10-14 01:30:00,152.273,152.323,152.267,152.321,259,0,0
2025-10-14 01:45:00,152.321,152.35,152.275,152.349,345,0,0
2025-10-14 02:00:00,152.347,152.384,152.329,152.35,529,0,0
2025-10-14 02:15:00,152.35,152.356,152.31,152.348,350,0,0
2025-10-14 02:30:00,152.351,152.356,152.287,152.342,511,0,0
2025-10-14 02:45:00,152.342,152.467,152.296,152.46,1251,0,0
2025-10-14 03:00:00,152.462,152.539,152.433,152.453,2148,0,0
2025-10-14 03:15:00,152.453,152.579,152.451,152.571,1275,0,0
2025-10-14 03:30:00,152.575,152.613,152.535,152.541,1302,0,0
2025-10-14 03:45:00,152.542,152.563,152.436,152.468,1505,0,0
2025-10-14 04:00:00,152.464,152.472,152.356,152.394,1534,0,0
2025-10-14 04:15:00,152.391,152.501,152.384,152.473,1199,0,0
2025-10-14 04:30:00,152.471,152.499,152.417,152.446,1279,0,0
2025-10-14 04:45:00,152.445,152.475,152.38,152.456,1117,0,0
2025-10-14 05:00:00,152.457,152.467,152.397,152.459,985,0,0
2025-10-14 05:15:00,152.459,152.479,152.441,152.446,814,0,0
2025-10-14 05:30:00,152.446,152.487,152.442,152.459,871,0,0
2025-10-14 05:45:00,152.459,152.479,152.363,152.381,820,0,0
2025-10-14 06:00:00,152.381,152.396,152.298,152.318,992,0,0
2025-10-14 06:15:00,152.318,152.339,152.301,152.314,645,0,0
2025-10-14 06:30:00,152.315,152.316,152.108,152.108,1137,0,0
2025-10-14 06:45:00,152.108,152.156,152.049,152.151,1194,0,0
2025-10-14 07:00:00,152.151,152.152,151.865,151.875,1844,0,0
2025-10-14 07:15:00,151.878,151.902,151.783,151.853,2209,0,0
2025-10-14 07:30:00,151.853,151.929,151.822,151.888,1646,0,0
2025-10-14 07:45:00,151.888,151.914,151.782,151.859,1398,0,0
2025-10-14 08:00:00,151.859,151.926,151.812,151.876,1424,0,0
2025-10-14 08:15:00,151.877,151.948,151.871,151.893,1384,0,0
2025-10-14 08:30:00,151.896,151.909,151.67,151.753,2049,0,0
2025-10-14 08:45:00,151.753,151.798,151.696,151.715,1913,0,0
2025-10-14 09:00:00,151.71,151.867,151.619,151.855,2325,0,0
2025-10-14 09:15:00,151.856,151.898,151.703,151.762,2151,0,0
2025-10-14 09:30:00,151.765,151.903,151.765,151.893,2081,0,0
2025-10-14 09:45:00,151.895,151.976,151.883,151.895,1691,0,0
2025-10-14 10:00:00,151.896,151.896,151.676,151.834,2244,0,0
2025-10-14 10:15:00,151.835,151.967,151.815,151.956,2029,0,0
2025-10-14 10:30:00,151.955,152.076,151.842,151.93,2580,0,0
2025-10-14 10:45:00,151.93,152.003,151.898,151.958,2038,0,0
2025-10-14 11:00:00,151.959,152.13,151.938,152.071,2333,0,0
2025-10-14 11:15:00,152.071,152.098,152.023,152.071,1456,0,0
2025-10-14 11:30:00,152.071,152.078,151.965,152.012,1546,0,0
2025-10-14 11:45:00,152.016,152.019,151.932,151.977,1388,0,0
2025-10-14 12:00:00,151.978,152.155,151.977,152.143,1323,0,0
2025-10-14 12:15:00,152.143,152.148,152.037,152.064,1101,0,0
2025-10-14 12:30:00,152.063,152.081,151.977,152.024,1213,0,0
2025-10-14 12:45:00,152.024,152.119,151.976,152.112,1439,0,0
2025-10-14 13:00:00,152.114,152.127,151.966,151.984,1512,0,0
2025-10-14 13:15:00,151.984,152.084,151.978,152.021,1180,0,0
2025-10-14 13:30:00,152.021,152.033,151.952,151.96,1557,0,0
2025-10-14 13:45:00,151.959,152.011,151.914,151.949,1640,0,0
2025-10-14 14:00:00,151.952,152.081,151.94,152.044,1460,0,0
2025-10-14 14:15:00,152.041,152.087,152.012,152.041,1336,0,0
2025-10-14 14:30:00,152.041,152.13,152.014,152.099,1268,0,0
2025-10-14 14:45:00,152.099,152.108,152.055,152.097,1528,0,0
2025-10-14 15:00:00,152.097,152.131,152.038,152.052,1642,0,0
2025-10-14 15:15:00,152.052,152.054,151.86,151.93,1899,0,0
2025-10-14 15:30:00,151.932,152.017,151.868,151.974,1877,0,0
2025-10-14 15:45:00,151.974,152.097,151.972,152.047,1945,0,0
2025-10-14 16:00:00,152.046,152.167,151.989,151.992,2107,0,0
2025-10-14 16:15:00,151.991,152.049,151.944,151.979,2265,0,0
2025-10-14 16:30:00,151.986,152.057,151.83,151.869,3110,0,0
2025-10-14 16:45:00,151.866,152.004,151.825,151.999,2866,0,0
2025-10-14 17:00:00,152.004,152.089,151.934,151.966,2593,0,0
2025-10-14 17:15:00,151.965,152.086,151.924,152.082,2310,0,0
2025-10-14 17:30:00,152.081,152.106,151.952,151.994,2132,0,0
2025-10-14 17:45:00,151.994,152.039,151.829,151.829,2117,0,0
2025-10-14 18:00:00,151.829,151.941,151.817,151.857,1968,0,0
2025-10-14 18:15:00,151.859,151.892,151.797,151.844,1834,0,0
2025-10-14 18:30:00,151.845,151.892,151.736,151.841,2428,0,0
2025-10-14 18:45:00,151.843,151.882,151.775,151.781,2277,0,0
2025-10-14 19:00:00,151.78,151.835,151.751,151.821,1880,0,0
2025-10-14 19:15:00,151.822,151.92,151.683,151.822,2286,0,0
2025-10-14 19:30:00,151.821,151.874,151.682,151.687,1645,0,0
2025-10-14 19:45:00,151.687,151.755,151.669,151.737,1589,0,0
2025-10-14 20:00:00,151.741,151.827,151.675,151.824,1581,0,0
2025-10-14 20:15:00,151.824,151.869,151.809,151.846,1182,0,0
2025-10-14 20:30:00,151.847,151.853,151.775,151.795,1148,0,0
2025-10-14 20:45:00,151.795,151.808,151.708,151.73,1242,0,0
2025-10-14 21:00:00,151.731,151.755,151.7,151.74,1045,0,0
2025-10-14 21:15:00,151.74,151.791,151.739,151.768,973,0,0
2025-10-14 21:30:00,151.768,151.792,151.737,151.779,960,0,0
2025-10-14 21:45:00,151.779,151.802,151.739,151.763,990,0,0
2025-10-14 22:00:00,151.764,151.776,151.71,151.749,813,0,0
2025-10-14 22:15:00,151.746,151.768,151.721,151.74,719,0,0
2025-10-14 22:30:00,151.74,151.742,151.604,151.623,2111,0,0
2025-10-14 22:45:00,151.625,151.724,151.618,151.687,1932,0,0
2025-10-14 23:00:00,151.688,151.764,151.688,151.734,952,0,0
2025-10-14 23:15:00,151.734,151.801,151.733,151.789,551,0,0
2025-10-14 23:30:00,151.788,151.823,151.787,151.791,339,0,0
2025-10-14 23:45:00,151.793,151.809,151.788,151.804,385,10,0
2025-10-15 00:00:00,151.82,151.82,151.697,151.74,28,40,0
2025-10-15 00:15:00,151.74,151.74,151.698,151.714,67,120,0
2025-10-15 00:30:00,151.71,151.734,151.685,151.717,160,107,0
2025-10-15 00:45:00,151.717,151.722,151.665,151.67,180,103,0
2025-10-15 01:00:00,151.67,151.875,151.67,151.79,401,0,0
2025-10-15 01:15:00,151.79,151.802,151.746,151.802,683,0,0
2025-10-15 01:30:00,151.801,151.807,151.746,151.79,557,0,0
2025-10-15 01:45:00,151.79,151.832,151.764,151.809,372,0,0
2025-10-15 02:00:00,151.81,151.852,151.79,151.81,558,0,0
2025-10-15 02:15:00,151.81,151.834,151.743,151.78,730,0,0
2025-10-15 02:30:00,151.781,151.804,151.744,151.744,627,0,0
2025-10-15 02:45:00,151.744,151.778,151.697,151.703,918,0,0
2025-10-15 03:00:00,151.713,151.824,151.628,151.814,1779,0,0
2025-10-15 03:15:00,151.814,151.831,151.669,151.722,1394,0,0
2025-10-15 03:30:00,151.722,151.756,151.545,151.563,1434,0,0
2025-10-15 03:45:00,151.559,151.641,151.498,151.565,1864,0,0
2025-10-15 04:00:00,151.554,151.607,151.414,151.445,1609,0,0
2025-10-15 04:15:00,151.445,151.458,151.322,151.397,1536,0,0
2025-10-15 04:30:00,151.399,151.457,151.338,151.423,1246,0,0
2025-10-15 04:45:00,151.423,151.425,151.301,151.305,1140,0,0
2025-10-15 05:00:00,151.304,151.317,151.136,151.159,1214,0,0
2025-10-15 05:15:00,151.159,151.241,151.105,151.165,1117,0,0
2025-10-15 05:30:00,151.165,151.18,151.049,151.081,1113,0,0
2025-10-15 05:45:00,151.081,151.094,151.033,151.059,1015,0,0
2025-10-15 06:00:00,151.058,151.06,151.003,151.043,897,0,0
2025-10-15 06:15:00,151.043,151.114,151.038,151.089,875,0,0
2025-10-15 06:30:00,151.089,151.152,151.082,151.115,817,0,0
2025-10-15 06:45:00,151.114,151.169,151.096,151.139,697,0,0
2025-10-15 07:00:00,151.138,151.141,151.091,151.118,610,0,0
2025-10-15 07:15:00,151.118,151.219,151.112,151.192,781,0,0
2025-10-15 07:30:00,151.192,151.248,151.185,151.201,709,0,0
2025-10-15 07:45:00,151.201,151.25,151.192,151.249,627,0,0
2025-10-15 08:00:00,151.256,151.274,151.232,151.254,964,0,0
2025-10-15 08:15:00,151.254,151.259,151.144,151.144,650,0,0
2025-10-15 08:30:00,151.145,151.207,151.113,151.165,932,0,0
2025-10-15 08:45:00,151.165,151.251,151.153,151.205,866,0,0
2025-10-15 09:00:00,151.203,151.204,150.909,150.933,1732,0,0
2025-10-15 09:15:00,150.932,151.04,150.9,151.034,1408,0,0
2025-10-15 09:30:00,151.034,151.103,151.021,151.036,1160,0,0
2025-10-15 09:45:00,151.036,151.053,150.972,151.036,1175,0,0
2025-10-15 10:00:00,151.031,151.153,150.986,151.139,1636,0,0
2025-10-15 10:15:00,151.139,151.268,151.137,151.259,1417,0,0
2025-10-15 10:30:00,151.259,151.299,151.147,151.148,1377,0,0
2025-10-15 10:45:00,151.147,151.253,151.09,151.248,1440,0,0
2025-10-15 11:00:00,151.249,151.33,151.185,151.307,1728,0,0
2025-10-15 11:15:00,151.308,151.4,151.228,151.241,1690,0,0
2025-10-15 11:30:00,151.24,151.255,151.154,151.197,1164,0,0
2025-10-15 11:45:00,151.196,151.246,151.126,151.22,1438,0,0
2025-10-15 12:00:00,151.22,151.356,151.22,151.325,1318,0,0
2025-10-15 12:15:00,151.324,151.406,151.313,151.394,1502,0,0
2025-10-15 12:30:00,151.394,151.408,151.354,151.388,1231,0,0
2025-10-15 12:45:00,151.389,151.435,151.327,151.344,1005,0,0
2025-10-15 13:00:00,151.344,151.494,151.339,151.438,1072,0,0
2025-10-15 13:15:00,151.438,151.486,151.408,151.441,1046,0,0
2025-10-15 13:30:00,151.438,151.469,151.391,151.405,915,0,0
2025-10-15 13:45:00,151.405,151.423,151.345,151.367,859,0,0
2025-10-15 14:00:00,151.367,151.406,151.32,151.352,1003,0,0
2025-10-15 14:15:00,151.352,151.384,151.337,151.361,940,0,0
2025-10-15 14:30:00,151.359,151.431,151.351,151.397,1029,0,0
2025-10-15 14:45:00,151.397,151.512,151.396,151.501,1103,0,0
2025-10-15 15:00:00,151.498,151.626,151.457,151.586,1539,0,0
2025-10-15 15:15:00,151.586,151.687,151.531,151.537,2065,0,0
2025-10-15 15:30:00,151.541,151.638,151.523,151.61,2070,1,0
2025-10-15 15:45:00,151.609,151.669,151.525,151.637,1931,0,0
2025-10-15 16:00:00,151.639,151.738,151.614,151.678,1785,0,0
2025-10-15 16:15:00,151.679,151.708,151.626,151.638,1541,0,0
2025-10-15 16:30:00,151.636,151.703,151.509,151.528,2582,0,0
2025-10-15 16:45:00,151.527,151.553,151.399,151.402,2389,0,0
2025-10-15 17:00:00,151.402,151.513,151.351,151.428,1880,0,0
2025-10-15 17:15:00,151.429,151.438,151.318,151.356,1522,0,0
2025-10-15 17:30:00,151.354,151.455,151.343,151.446,1460,0,0
2025-10-15 17:45:00,151.446,151.447,151.322,151.402,1592,0,0
2025-10-15 18:00:00,151.401,151.462,151.265,151.282,1742,0,0
2025-10-15 18:15:00,151.282,151.321,151.18,151.231,1607,0,0
2025-10-15 18:30:00,151.231,151.238,151.049,151.068,1719,0,0
2025-10-15 18:45:00,151.068,151.271,151.04,151.222,2057,0,0
2025-10-15 19:00:00,151.222,151.324,151.208,151.281,1722,0,0
2025-10-15 19:15:00,151.281,151.282,151.191,151.224,1504,0,0
2025-10-15 19:30:00,151.229,151.278,151.192,151.225,1164,0,0
2025-10-15 19:45:00,151.225,151.239,151.178,151.192,1149,0,0
2025-10-15 20:00:00,151.192,151.238,151.066,151.14,1959,0,0
2025-10-15 20:15:00,151.14,151.275,151.127,151.262,2102,0,0
2025-10-15 20:30:00,151.262,151.332,151.247,151.297,1499,0,0
2025-10-15 20:45:00,151.297,151.344,151.272,151.334,1255,0,0
2025-10-15 21:00:00,151.334,151.391,151.284,151.329,1269,0,0
2025-10-15 21:15:00,151.331,151.359,151.217,151.266,1186,0,0
2025-10-15 21:30:00,151.265,151.327,151.254,151.317,804,0,0
2025-10-15 21:45:00,151.316,151.363,151.31,151.336,749,0,0
2025-10-15 22:00:00,151.337,151.345,151.245,151.265,859,0,0
2025-10-15 22:15:00,151.265,151.288,151.247,151.268,756,0,0
2025-10-15 22:30:00,151.267,151.281,151.24,151.272,731,0,0
2025-10-15 22:45:00,151.272,151.28,151.234,151.257,852,0,0
2025-10-15 23:00:00,151.256,151.273,151.188,151.255,697,0,0
2025-10-15 23:15:00,151.255,151.265,151.193,151.22,562,0,0
2025-10-15 23:30:00,151.22,151.223,151.108,151.141,692,0,0
2025-10-15 23:45:00,151.14,151.142,151.051,151.053,782,10,0
2025-10-16 00:00:00,151.039,151.067,150.984,151.047,54,30,0
2025-10-16 00:15:00,151.047,151.15,151.007,151.099,87,66,0
2025-10-16 00:30:00,151.107,151.107,151.015,151.023,119,66,0
2025-10-16 00:45:00,151.023,151.05,150.997,151.006,108,66,0
2025-10-16 01:00:00,151.006,151.082,150.973,151.065,248,0,0
2025-10-16 01:15:00,151.065,151.089,151.054,151.064,411,0,0
2025-10-16 01:30:00,151.064,151.073,150.823,150.828,710,0,0
2025-10-16 01:45:00,150.828,150.923,150.756,150.92,874,0,0
2025-10-16 02:00:00,150.922,150.99,150.887,150.974,648,0,0
2025-10-16 02:15:00,150.974,151.041,150.947,151.01,564,0,0
2025-10-16 02:30:00,151.01,151.027,150.931,150.977,628,0,0
2025-10-16 02:45:00,150.977,151.005,150.911,150.99,943,0,0
2025-10-16 03:00:00,150.995,151.092,150.786,150.795,1934,0,0
2025-10-16 03:15:00,150.796,150.834,150.585,150.595,1652,0,0
2025-10-16 03:30:00,150.591,150.629,150.512,150.574,2152,0,0
2025-10-16 03:45:00,150.574,150.717,150.568,150.71,1831,0,0
2025-10-16 04:00:00,150.709,150.762,150.669,150.717,1577,0,0
2025-10-16 04:15:00,150.716,150.771,150.645,150.674,1542,0,0
2025-10-16 04:30:00,150.673,150.728,150.555,150.559,1547,0,0
2025-10-16 04:45:00,150.559,150.669,150.514,150.6,1333,0,0
2025-10-16 05:00:00,150.597,150.68,150.568,150.676,1156,0,0
2025-10-16 05:15:00,150.676,150.737,150.656,150.733,831,0,0
2025-10-16 05:30:00,150.733,150.75,150.696,150.731,932,0,0
2025-10-16 05:45:00,150.728,150.782,150.711,150.778,777,0,0
2025-10-16 06:00:00,150.783,150.846,150.76,150.787,897,0,0
2025-10-16 06:15:00,150.786,150.882,150.731,150.83,787,0,0
2025-10-16 06:30:00,150.829,150.888,150.825,150.864,865,0,0
2025-10-16 06:45:00,150.868,150.876,150.83,150.872,557,0,0
2025-10-16 07:00:00,150.872,150.925,150.864,150.916,490,0,0
2025-10-16 07:15:00,150.916,150.949,150.901,150.947,579,0,0
2025-10-16 07:30:00,150.947,150.98,150.94,150.971,475,0,0
2025-10-16 07:45:00,150.971,151.113,150.967,151.039,873,0,0
2025-10-16 08:00:00,151.044,151.157,151.018,151.13,1020,0,0
2025-10-16 08:15:00,151.131,151.193,151.06,151.092,1001,0,0
2025-10-16 08:30:00,151.091,151.171,151.089,151.129,1398,0,0
2025-10-16 08:45:00,151.129,151.143,151.041,151.06,1001,0,0
2025-10-16 09:00:00,151.06,151.122,151.019,151.026,1615,0,0
2025-10-16 09:15:00,151.026,151.092,150.961,151.074,1546,0,0
2025-10-16 09:30:00,151.077,151.274,151.075,151.265,1386,0,0
2025-10-16 09:45:00,151.265,151.27,151.174,151.204,1343,0,0
2025-10-16 10:00:00,151.203,151.236,151.052,151.067,1632,0,0
2025-10-16 10:15:00,151.068,151.104,151.027,151.082,1595,0,0
2025-10-16 10:30:00,151.086,151.128,150.974,150.996,1371,0,0
2025-10-16 10:45:00,150.995,151.389,150.941,151.245,2046,0,0
2025-10-16 11:00:00,151.243,151.29,151.09,151.154,1885,0,0
2025-10-16 11:15:00,151.154,151.204,151.058,151.138,1665,0,0
2025-10-16 11:30:00,151.139,151.182,151.115,151.176,1108,0,0
2025-10-16 11:45:00,151.176,151.257,151.167,151.243,1181,0,0
2025-10-16 12:00:00,151.245,151.33,151.243,151.296,1256,0,0
2025-10-16 12:15:00,151.297,151.403,151.284,151.394,1110,0,0
2025-10-16 12:30:00,151.393,151.393,151.257,151.269,984,0,0
2025-10-16 12:45:00,151.269,151.313,151.244,151.29,850,0,0
2025-10-16 13:00:00,151.291,151.302,151.235,151.26,910,0,0
2025-10-16 13:15:00,151.26,151.275,151.195,151.2,741,0,0
2025-10-16 13:30:00,151.2,151.247,151.18,151.213,794,0,0
2025-10-16 13:45:00,151.213,151.229,151.163,151.177,816,0,0
2025-10-16 14:00:00,151.176,151.263,151.163,151.236,862,0,0
2025-10-16 14:15:00,151.236,151.363,151.236,151.36,828,0,0
2025-10-16 14:30:00,151.36,151.378,151.234,151.264,1158,0,0
2025-10-16 14:45:00,151.265,151.28,151.212,151.243,1189,0,0
2025-10-16 15:00:00,151.243,151.287,151.128,151.166,1542,0,0
2025-10-16 15:15:00,151.164,151.225,151.131,151.155,1250,0,0
2025-10-16 15:30:00,151.139,151.208,151.032,151.197,1907,0,0
2025-10-16 15:45:00,151.197,151.222,151.068,151.097,1535,0,0
2025-10-16 16:00:00,151.098,151.288,151.065,151.126,2287,0,0
2025-10-16 16:15:00,151.126,151.21,151.095,151.146,2093,0,0
2025-10-16 16:30:00,151.146,151.243,151.057,151.1,2488,0,0
2025-10-16 16:45:00,151.095,151.146,151.02,151.104,2316,0,0
2025-10-16 17:00:00,151.106,151.122,150.874,150.904,2524,0,0
2025-10-16 17:15:00,150.904,150.969,150.867,150.903,2237,0,0
2025-10-16 17:30:00,150.904,150.921,150.831,150.889,1916,0,0
2025-10-16 17:45:00,150.889,150.889,150.753,150.776,1975,0,0
2025-10-16 18:00:00,150.777,150.869,150.768,150.83,1721,0,0
2025-10-16 18:15:00,150.83,150.869,150.744,150.768,1608,0,0
2025-10-16 18:30:00,150.77,150.831,150.724,150.759,2027,0,0
2025-10-16 18:45:00,150.758,150.813,150.722,150.757,1960,0,0
2025-10-16 19:00:00,150.755,150.795,150.684,150.748,1512,0,0
2025-10-16 19:15:00,150.748,150.763,150.551,150.577,1467,0,0
2025-10-16 19:30:00,150.577,150.577,150.325,150.445,3000,0,0
2025-10-16 19:45:00,150.445,150.445,150.234,150.4,2624,0,0
2025-10-16 20:00:00,150.401,150.434,150.289,150.302,2641,1,0
2025-10-16 20:15:00,150.302,150.476,150.278,150.388,2150,0,0
2025-10-16 20:30:00,150.387,150.435,150.318,150.343,1866,0,0
2025-10-16 20:45:00,150.344,150.357,150.256,150.334,1599,0,0
2025-10-16 21:00:00,150.334,150.377,150.224,150.274,1733,0,0
2025-10-16 21:15:00,150.274,150.37,150.252,150.362,1933,0,0
2025-10-16 21:30:00,150.362,150.423,150.323,150.4,1547,0,0
2025-10-16 21:45:00,150.4,150.422,150.292,150.337,1123,0,0
2025-10-16 22:00:00,150.331,150.403,150.322,150.333,1204,0,0
2025-10-16 22:15:00,150.333,150.335,150.276,150.33,1094,0,0
2025-10-16 22:30:00,150.332,150.375,150.213,150.358,1431,0,0
2025-10-16 22:45:00,150.361,150.429,150.343,150.397,1352,0,0
2025-10-16 23:00:00,150.399,150.436,150.344,150.365,699,0,0
2025-10-16 23:15:00,150.365,150.388,150.351,150.374,438,0,0
2025-10-16 23:30:00,150.375,150.431,150.375,150.402,446,0,0
2025-10-16 23:45:00,150.402,150.454,150.394,150.436,682,0,0
2025-10-17 00:00:00,150.428,150.428,150.306,150.352,85,0,0
2025-10-17 00:15:00,150.352,150.399,150.345,150.393,101,66,0
2025-10-17 00:30:00,150.392,150.401,150.381,150.401,178,66,0
2025-10-17 00:45:00,150.401,150.415,150.371,150.394,153,66,0
2025-10-17 01:00:00,150.392,150.439,150.361,150.374,540,0,0
2025-10-17 01:15:00,150.374,150.378,150.26,150.329,645,0,0
2025-10-17 01:30:00,150.329,150.35,150.272,150.281,573,0,0
2025-10-17 01:45:00,150.281,150.294,150.246,150.26,755,0,0
2025-10-17 02:00:00,150.256,150.294,150.198,150.227,716,0,0
2025-10-17 02:15:00,150.227,150.237,150.122,150.137,628,0,0
2025-10-17 02:30:00,150.137,150.148,150.054,150.068,629,0,0
2025-10-17 02:45:00,150.068,150.156,150.057,150.149,1125,0,0
2025-10-17 03:00:00,150.147,150.229,150.06,150.127,1538,0,0
2025-10-17 03:15:00,150.127,150.213,150.046,150.154,1371,0,0
2025-10-17 03:30:00,150.154,150.201,150.11,150.192,1100,0,0
2025-10-17 03:45:00,150.194,150.232,150.049,150.23,1281,0,0
2025-10-17 04:00:00,150.23,150.286,150.174,150.245,1305,0,0
2025-10-17 04:15:00,150.247,150.336,150.233,150.328,1075,0,0
2025-10-17 04:30:00,150.328,150.362,150.242,150.347,1313,0,0
2025-10-17 04:45:00,150.348,150.364,150.287,150.317,1408,0,0
2025-10-17 05:00:00,150.316,150.39,150.233,150.287,1265,0,0
2025-10-17 05:15:00,150.287,150.288,150.124,150.14,825,0,0
2025-10-17 05:30:00,150.141,150.146,150.062,150.11,777,0,0
2025-10-17 05:45:00,150.111,150.231,150.101,150.182,680,0,0
2025-10-17 06:00:00,150.182,150.182,150.078,150.087,625,0,0
2025-10-17 06:15:00,150.087,150.13,150.068,150.112,447,0,0
2025-10-17 06:30:00,150.112,150.136,149.932,149.979,1042,0,0
2025-10-17 06:45:00,149.978,150.034,149.895,150.015,973,0,0
2025-10-17 07:00:00,150.016,150.115,149.981,150.11,837,0,0
2025-10-17 07:15:00,150.11,150.139,150.073,150.113,828,0,0
2025-10-17 07:30:00,150.113,150.113,150.065,150.103,621,0,0
2025-10-17 07:45:00,150.103,150.103,149.942,149.965,690,0,0
2025-10-17 08:00:00,149.965,149.976,149.911,149.921,902,0,0
2025-10-17 08:15:00,149.92,149.945,149.861,149.929,860,0,0
2025-10-17 08:30:00,149.929,149.933,149.814,149.822,995,0,0
2025-10-17 08:45:00,149.822,149.854,149.738,149.75,1077,0,0
2025-10-17 09:00:00,149.75,149.909,149.715,149.845,1560,0,0
2025-10-17 09:15:00,149.842,149.878,149.757,149.797,1639,0,0
2025-10-17 09:30:00,149.795,149.977,149.789,149.805,2365,0,0
2025-10-17 09:45:00,149.805,149.836,149.628,149.633,2040,0,0
2025-10-17 10:00:00,149.633,149.696,149.477,149.507,2630,0,0
2025-10-17 10:15:00,149.508,149.737,149.379,149.623,2974,0,0
2025-10-17 10:30:00,149.622,149.727,149.57,149.681,2730,0,0
2025-10-17 10:45:00,149.683,149.786,149.666,149.704,2273,0,0
2025-10-17 11:00:00,149.705,149.739,149.587,149.708,2548,0,0
2025-10-17 11:15:00,149.708,149.861,149.642,149.781,2021,0,0
2025-10-17 11:30:00,149.781,149.911,149.723,149.731,1811,0,0
2025-10-17 11:45:00,149.733,149.855,149.672,149.782,1544,0,0
2025-10-17 12:00:00,149.781,149.838,149.759,149.819,1358,0,0
2025-10-17 12:15:00,149.819,149.866,149.718,149.828,1371,0,0
2025-10-17 12:30:00,149.828,149.902,149.689,149.694,1327,0,0
2025-10-17 12:45:00,149.694,149.711,149.605,149.674,1396,0,0
2025-10-17 13:00:00,149.677,149.824,149.672,149.778,1585,0,0
2025-10-17 13:15:00,149.779,149.818,149.672,149.704,1419,0,0
2025-10-17 13:30:00,149.704,149.844,149.699,149.793,1569,0,0
2025-10-17 13:45:00,149.793,149.964,149.774,149.931,1853,0,0
2025-10-17 14:00:00,149.931,150.29,149.873,150.249,2448,0,0
2025-10-17 14:15:00,150.251,150.3,150.142,150.284,2459,0,0
2025-10-17 14:30:00,150.278,150.333,150.172,150.24,1785,0,0
2025-10-17 14:45:00,150.24,150.267,150.126,150.237,1977,0,0
2025-10-17 15:00:00,150.234,150.444,150.233,150.37,2234,0,0
2025-10-17 15:15:00,150.366,150.519,150.361,150.455,2201,0,0
2025-10-17 15:30:00,150.458,150.542,150.397,150.479,2251,0,0
2025-10-17 15:45:00,150.479,150.496,150.373,150.387,1833,0,0
2025-10-17 16:00:00,150.387,150.446,150.353,150.355,2043,0,0
2025-10-17 16:15:00,150.355,150.358,150.214,150.235,1829,0,0
2025-10-17 16:30:00,150.239,150.408,150.193,150.21,3137,0,0
2025-10-17 16:45:00,150.209,150.443,150.162,150.362,2452,0,0
2025-10-17 17:00:00,150.36,150.59,150.349,150.576,2894,0,0
2025-10-17 17:15:00,150.575,150.587,150.483,150.565,2396,0,0
2025-10-17 17:30:00,150.564,150.593,150.46,150.501,2274,0,0
2025-10-17 17:45:00,150.497,150.557,150.4,150.427,2278,0,0
2025-10-17 18:00:00,150.427,150.455,150.329,150.332,1857,0,0
2025-10-17 18:15:00,150.332,150.365,150.252,150.32,1589,0,0
2025-10-17 18:30:00,150.32,150.346,150.206,150.289,1807,0,0
2025-10-17 18:45:00,150.289,150.376,150.277,150.339,1532,0,0
2025-10-17 19:00:00,150.339,150.503,150.339,150.41,1367,0,0
2025-10-17 19:15:00,150.41,150.433,150.351,150.42,1242,0,0
2025-10-17 19:30:00,150.42,150.45,150.362,150.437,1302,0,0
2025-10-17 19:45:00,150.437,150.437,150.338,150.409,1577,0,0
2025-10-17 20:00:00,150.408,150.455,150.368,150.413,1151,0,0
2025-10-17 20:15:00,150.413,150.417,150.366,150.391,831,0,0
2025-10-17 20:30:00,150.389,150.426,150.377,150.38,857,0,0
2025-10-17 20:45:00,150.381,150.491,150.368,150.485,1202,0,0
2025-10-17 21:00:00,150.484,150.523,150.45,150.497,1109,0,0
2025-10-17 21:15:00,150.497,150.517,150.41,150.433,868,0,0
2025-10-17 21:30:00,150.433,150.493,150.432,150.482,627,0,0
2025-10-17 21:45:00,150.482,150.535,150.465,150.501,837,0,0
2025-10-17 22:00:00,150.5,150.503,150.455,150.485,597,0,0
2025-10-17 22:15:00,150.484,150.502,150.474,150.489,577,0,0
2025-10-17 22:30:00,150.489,150.5,150.468,150.487,533,0,0
2025-10-17 22:45:00,150.488,150.52,150.475,150.483,626,0,0
2025-10-17 23:00:00,150.482,150.561,150.476,150.532,545,0,0
2025-10-17 23:15:00,150.532,150.582,150.521,150.58,454,0,0
2025-10-17 23:30:00,150.58,150.601,150.543,150.566,459,0,0
2025-10-17 23:45:00,150.57,150.639,150.532,150.616,486,0,0
2025-10-20 00:00:00,150.388,150.388,150.344,150.35,71,170,0
2025-10-20 00:15:00,150.35,150.39,150.35,150.378,54,158,0
2025-10-20 00:30:00,150.389,150.419,150.346,150.417,585,135,0
2025-10-20 00:45:00,150.417,150.427,150.327,150.388,354,80,0
2025-10-20 01:00:00,150.401,150.835,150.401,150.827,805,0,0
2025-10-20 01:15:00,150.826,150.91,150.803,150.841,699,0,0
2025-10-20 01:30:00,150.841,150.875,150.737,150.804,688,0,0
2025-10-20 01:45:00,150.804,150.846,150.763,150.826,382,0,0
2025-10-20 02:00:00,150.841,150.942,150.823,150.936,626,0,0
2025-10-20 02:15:00,150.936,150.967,150.829,150.838,618,0,0
2025-10-20 02:30:00,150.838,150.914,150.832,150.853,594,0,0
2025-10-20 02:45:00,150.854,150.939,150.816,150.92,722,0,0
2025-10-20 03:00:00,150.921,150.977,150.818,150.887,1428,0,0
2025-10-20 03:15:00,150.887,150.914,150.766,150.852,1250,0,0
2025-10-20 03:30:00,150.852,150.904,150.792,150.852,1010,0,0
2025-10-20 03:45:00,150.851,150.985,150.773,150.911,1278,0,0
2025-10-20 04:00:00,150.91,151.087,150.866,151.083,1318,0,0
2025-10-20 04:15:00,151.081,151.204,151.075,151.146,1054,0,0
2025-10-20 04:30:00,151.147,151.147,151.008,151.008,768,0,0
2025-10-20 04:45:00,151.008,151.021,150.898,150.967,771,0,0
2025-10-20 05:00:00,150.961,150.998,150.835,150.871,687,0,0
2025-10-20 05:15:00,150.871,150.888,150.813,150.816,534,0,0
2025-10-20 05:30:00,150.815,150.869,150.812,150.847,500,0,0
2025-10-20 05:45:00,150.847,150.898,150.837,150.868,601,0,0
2025-10-20 06:00:00,150.867,150.888,150.855,150.867,464,0,0
2025-10-20 06:15:00,150.867,150.873,150.804,150.827,353,0,0
2025-10-20 06:30:00,150.827,150.834,150.77,150.806,377,0,0
2025-10-20 06:45:00,150.807,150.849,150.656,150.728,818,0,0
2025-10-20 07:00:00,150.727,150.772,150.678,150.702,760,0,0
2025-10-20 07:15:00,150.7,150.702,150.617,150.621,542,0,0
2025-10-20 07:30:00,150.621,150.623,150.517,150.554,863,0,0
2025-10-20 07:45:00,150.554,150.65,150.52,150.6,866,0,0
2025-10-20 08:00:00,150.602,150.63,150.558,150.581,772,0,0
2025-10-20 08:15:00,150.581,150.621,150.526,150.543,801,0,0
2025-10-20 08:30:00,150.544,150.615,150.5,150.597,880,0,0
2025-10-20 08:45:00,150.597,150.692,150.593,150.65,956,0,0
2025-10-20 09:00:00,150.651,150.679,150.59,150.654,1307,0,0
2025-10-20 09:15:00,150.654,150.745,150.618,150.66,1215,0,0
2025-10-20 09:30:00,150.661,150.668,150.553,150.591,1469,0,0
2025-10-20 09:45:00,150.594,150.742,150.549,150.688,1540,0,0
2025-10-20 10:00:00,150.689,150.799,150.654,150.771,1841,0,0
2025-10-20 10:15:00,150.771,150.833,150.765,150.788,1282,0,0
2025-10-20 10:30:00,150.788,150.821,150.72,150.743,1187,0,0
2025-10-20 10:45:00,150.743,150.82,150.731,150.746,1292,0,0
2025-10-20 11:00:00,150.745,150.791,150.672,150.727,1417,0,0
2025-10-20 11:15:00,150.727,150.797,150.726,150.774,1155,0,0
2025-10-20 11:30:00,150.774,150.794,150.676,150.731,1298,0,0
2025-10-20 11:45:00,150.736,150.768,150.576,150.585,1601,0,0
2025-10-20 12:00:00,150.583,150.583,150.274,150.435,2046,0,0
2025-10-20 12:15:00,150.434,150.534,150.427,150.498,1347,0,0
2025-10-20 12:30:00,150.501,150.611,150.48,150.604,1154,0,0
2025-10-20 12:45:00,150.604,150.772,150.604,150.733,1192,0,0
2025-10-20 13:00:00,150.736,150.837,150.731,150.793,1343,0,0
2025-10-20 13:15:00,150.793,150.794,150.74,150.761,1093,0,0
2025-10-20 13:30:00,150.76,150.804,150.731,150.731,981,0,0
2025-10-20 13:45:00,150.731,150.739,150.676,150.717,987,0,0
2025-10-20 14:00:00,150.715,150.788,150.675,150.752,944,0,0
2025-10-20 14:15:00,150.753,150.763,150.726,150.761,830,0,0
2025-10-20 14:30:00,150.761,150.857,150.744,150.841,1286,0,0
2025-10-20 14:45:00,150.841,150.849,150.701,150.704,792,0,0
2025-10-20 15:00:00,150.705,150.779,150.648,150.737,1276,0,0
2025-10-20 15:15:00,150.737,150.74,150.654,150.678,1572,0,0
2025-10-20 15:30:00,150.677,150.692,150.608,150.646,1772,0,0
2025-10-20 15:45:00,150.647,150.693,150.621,150.674,1590,0,0
2025-10-20 16:00:00,150.678,150.694,150.615,150.645,1541,0,0
2025-10-20 16:15:00,150.645,150.727,150.638,150.663,1293,0,0
2025-10-20 16:30:00,150.668,150.853,150.667,150.79,1884,0,0
2025-10-20 16:45:00,150.79,150.826,150.754,150.769,1629,0,0
2025-10-20 17:00:00,150.768,150.811,150.636,150.657,1438,0,0
2025-10-20 17:15:00,150.657,150.663,150.528,150.539,1344,0,0
2025-10-20 17:30:00,150.539,150.559,150.409,150.515,1495,0,0
2025-10-20 17:45:00,150.515,150.626,150.466,150.595,1647,0,0
2025-10-20 18:00:00,150.592,150.623,150.54,150.559,1409,0,0
2025-10-20 18:15:00,150.558,150.562,150.484,150.527,1222,0,0
2025-10-20 18:30:00,150.527,150.584,150.501,150.568,1180,0,0
2025-10-20 18:45:00,150.568,150.606,150.512,150.593,1406,0,0
2025-10-20 19:00:00,150.592,150.604,150.531,150.572,809,0,0
2025-10-20 19:15:00,150.571,150.65,150.563,150.63,944,0,0
2025-10-20 19:30:00,150.63,150.65,150.593,150.645,602,0,0
2025-10-20 19:45:00,150.645,150.695,150.645,150.677,611,0,0
2025-10-20 20:00:00,150.682,150.731,150.67,150.728,739,0,0
2025-10-20 20:15:00,150.728,150.765,150.724,150.765,476,0,0
2025-10-20 20:30:00,150.768,150.799,150.762,150.772,491,0,0
2025-10-20 20:45:00,150.772,150.793,150.764,150.781,469,0,0
2025-10-20 21:00:00,150.78,150.822,150.755,150.803,569,0,0
2025-10-20 21:15:00,150.803,150.832,150.762,150.766,498,0,0
2025-10-20 21:30:00,150.766,150.784,150.731,150.751,507,0,0
2025-10-20 21:45:00,150.751,150.751,150.664,150.692,635,0,0
2025-10-20 22:00:00,150.692,150.695,150.627,150.668,571,0,0
2025-10-20 22:15:00,150.667,150.704,150.658,150.692,384,0,0
2025-10-20 22:30:00,150.692,150.727,150.688,150.725,460,0,0
2025-10-20 22:45:00,150.725,150.732,150.693,150.697,470,0,0
2025-10-20 23:00:00,150.697,150.749,150.683,150.744,470,0,0
2025-10-20 23:15:00,150.744,150.765,150.702,150.708,343,0,0
2025-10-20 23:30:00,150.707,150.724,150.691,150.722,226,0,0
2025-10-20 23:45:00,150.719,150.754,150.717,150.751,429,10,0
2025-10-21 00:00:00,150.728,150.728,150.624,150.654,24,26,0
2025-10-21 00:15:00,150.654,150.66,150.63,150.659,217,89,0
2025-10-21 00:30:00,150.659,150.671,150.654,150.668,84,66,0
2025-10-21 00:45:00,150.668,150.676,150.65,150.655,96,66,0
2025-10-21 01:00:00,150.655,150.729,150.655,150.728,342,0,0
2025-10-21 01:15:00,150.727,150.762,150.703,150.733,361,0,0
2025-10-21 01:30:00,150.734,150.766,150.706,150.743,204,0,0
2025-10-21 01:45:00,150.743,150.758,150.712,150.732,229,0,0
2025-10-21 02:00:00,150.732,150.797,150.721,150.791,392,0,0
2025-10-21 02:15:00,150.791,150.791,150.72,150.77,407,0,0
2025-10-21 02:30:00,150.771,150.799,150.767,150.794,369,0,0
2025-10-21 02:45:00,150.794,150.825,150.735,150.824,529,0,0
2025-10-21 03:00:00,150.825,150.852,150.507,150.61,1655,0,0
2025-10-21 03:15:00,150.61,150.718,150.585,150.687,964,0,0
2025-10-21 03:30:00,150.68,150.699,150.558,150.561,792,0,0
2025-10-21 03:45:00,150.562,150.663,150.469,150.659,1253,0,0
2025-10-21 04:00:00,150.657,150.701,150.529,150.643,1148,0,0
2025-10-21 04:15:00,150.642,150.74,150.573,150.739,867,0,0
2025-10-21 04:30:00,150.739,150.898,150.683,150.882,965,0,0
2025-10-21 04:45:00,150.882,150.996,150.86,150.983,1141,0,0
2025-10-21 05:00:00,150.983,151.115,150.964,150.998,815,0,0
2025-10-21 05:15:00,150.992,151.057,150.976,151.021,698,0,0
2025-10-21 05:30:00,151.021,151.108,150.982,151.079,842,0,0
2025-10-21 05:45:00,151.079,151.149,151.076,151.126,755,0,0
2025-10-21 06:00:00,151.126,151.133,151.081,151.101,548,0,0
2025-10-21 06:15:00,151.101,151.151,151.089,151.113,611,0,0
2025-10-21 06:30:00,151.113,151.126,151.041,151.079,691,0,0
2025-10-21 06:45:00,151.079,151.098,151.004,151.049,818,0,0
2025-10-21 07:00:00,151.048,151.08,151.032,151.056,604,0,0
2025-10-21 07:15:00,151.056,151.137,151.04,151.126,583,0,0
2025-10-21 07:30:00,151.126,151.241,151.102,151.172,963,0,0
2025-10-21 07:45:00,151.172,151.243,150.888,151.079,2143,0,0
2025-10-21 08:00:00,151.078,151.274,150.864,151.239,2026,0,0
2025-10-21 08:15:00,151.242,151.444,151.242,151.376,1769,0,0
2025-10-21 08:30:00,151.375,151.5,151.354,151.475,1378,0,0
2025-10-21 08:45:00,151.475,151.521,151.423,151.518,1683,0,0
2025-10-21 09:00:00,151.521,151.58,151.492,151.538,1419,0,0
2025-10-21 09:15:00,151.538,151.608,151.535,151.572,989,0,0
2025-10-21 09:30:00,151.573,151.583,151.296,151.306,1691,0,0
2025-10-21 09:45:00,151.31,151.36,151.225,151.262,1640,0,0
2025-10-21 10:00:00,151.266,151.266,151.126,151.154,1716,0,0
2025-10-21 10:15:00,151.153,151.204,151.071,151.119,1541,0,0
2025-10-21 10:30:00,151.12,151.197,151.098,151.167,1802,0,0
2025-10-21 10:45:00,151.167,151.17,151.066,151.155,1686,0,0
2025-10-21 11:00:00,151.161,151.255,151.071,151.174,2144,0,0
2025-10-21 11:15:00,151.174,151.385,151.132,151.384,2074,0,0
2025-10-21 11:30:00,151.384,151.567,151.365,151.537,1525,0,0
2025-10-21 11:45:00,151.537,151.679,151.521,151.612,1432,0,0
2025-10-21 12:00:00,151.611,151.766,151.596,151.739,1236,0,0
2025-10-21 12:15:00,151.739,151.752,151.624,151.693,978,0,0
2025-10-21 12:30:00,151.694,151.781,151.694,151.742,1115,0,0
2025-10-21 12:45:00,151.742,151.803,151.727,151.797,1189,0,0
2025-10-21 13:00:00,151.799,151.887,151.74,151.87,1154,0,0
2025-10-21 13:15:00,151.87,151.949,151.855,151.92,1333,0,0
2025-10-21 13:30:00,151.921,152.023,151.908,151.969,1239,0,0
2025-10-21 13:45:00,151.971,152.05,151.884,151.927,1658,0,0
2025-10-21 14:00:00,151.928,151.928,151.814,151.87,1371,0,0
2025-10-21 14:15:00,151.87,151.949,151.808,151.918,1341,0,0
2025-10-21 14:30:00,151.918,151.927,151.87,151.894,1405,0,0
2025-10-21 14:45:00,151.894,152.011,151.89,151.951,1439,0,0
2025-10-21 15:00:00,151.951,152.063,151.893,152.022,2042,0,0
2025-10-21 15:15:00,152.024,152.089,151.998,152.041,1622,0,0
2025-10-21 15:30:00,152.043,152.167,152.035,152.165,1829,0,0
2025-10-21 15:45:00,152.165,152.176,152.024,152.029,1899,0,0
2025-10-21 16:00:00,152.03,152.092,151.831,151.887,2504,0,0
2025-10-21 16:15:00,151.889,151.899,151.668,151.852,2478,0,0
2025-10-21 16:30:00,151.85,151.861,151.687,151.803,2221,0,0
2025-10-21 16:45:00,151.801,151.855,151.595,151.6,2253,0,0
2025-10-21 17:00:00,151.601,151.633,151.46,151.533,2146,0,0
2025-10-21 17:15:00,151.532,151.679,151.516,151.632,1953,0,0
2025-10-21 17:30:00,151.632,151.803,151.604,151.799,2131,0,0
2025-10-21 17:45:00,151.795,151.884,151.776,151.869,1902,0,0
2025-10-21 18:00:00,151.87,151.877,151.762,151.808,1486,0,0
2025-10-21 18:15:00,151.813,151.813,151.684,151.705,1373,0,0
2025-10-21 18:30:00,151.705,151.825,151.705,151.798,1363,0,0
2025-10-21 18:45:00,151.799,151.83,151.726,151.729,1093,0,0
2025-10-21 19:00:00,151.725,151.834,151.656,151.796,1456,0,0
2025-10-21 19:15:00,151.796,151.859,151.794,151.842,852,0,0
2025-10-21 19:30:00,151.843,151.934,151.837,151.92,1025,0,0
2025-10-21 19:45:00,151.92,151.954,151.836,151.857,1286,0,0
2025-10-21 20:00:00,151.857,151.942,151.817,151.929,1296,0,0
2025-10-21 20:15:00,151.93,151.955,151.892,151.952,842,0,0
2025-10-21 20:30:00,151.952,151.973,151.925,151.928,697,0,0
2025-10-21 20:45:00,151.928,151.949,151.908,151.925,492,0,0
2025-10-21 21:00:00,151.925,151.926,151.877,151.897,596,0,0
2025-10-21 21:15:00,151.897,151.928,151.882,151.915,429,0,0
2025-10-21 21:30:00,151.915,151.916,151.882,151.904,478,0,0
2025-10-21 21:45:00,151.904,151.928,151.885,151.915,571,0,0
2025-10-21 22:00:00,151.915,151.939,151.893,151.919,409,0,0
2025-10-21 22:15:00,151.919,151.966,151.917,151.961,455,0,0
2025-10-21 22:30:00,151.961,151.973,151.916,151.917,433,0,0
2025-10-21 22:45:00,151.917,151.929,151.905,151.919,499,0,0
2025-10-21 23:00:00,151.919,151.949,151.878,151.892,453,0,0
2025-10-21 23:15:00,151.892,151.914,151.891,151.903,198,0,0
2025-10-21 23:30:00,151.903,151.927,151.871,151.892,295,0,0
2025-10-21 23:45:00,151.892,151.927,151.878,151.926,434,10,0
2025-10-22 00:00:00,151.922,151.922,151.842,151.864,32,18,0
2025-10-22 00:15:00,151.864,151.871,151.853,151.869,48,67,0
2025-10-22 00:30:00,151.869,151.881,151.851,151.852,102,66,0
2025-10-22 00:45:00,151.852,151.869,151.849,151.849,49,66,0
2025-10-22 01:00:00,151.849,151.901,151.849,151.892,364,0,0
2025-10-22 01:15:00,151.892,151.893,151.869,151.869,254,0,0
2025-10-22 01:30:00,151.869,151.899,151.869,151.886,259,0,0
2025-10-22 01:45:00,151.886,151.946,151.884,151.936,204,0,0
2025-10-22 02:00:00,151.931,151.954,151.91,151.936,333,0,0
2025-10-22 02:15:00,151.936,151.957,151.935,151.948,205,0,0
2025-10-22 02:30:00,151.949,151.961,151.901,151.91,237,0,0
2025-10-22 02:45:00,151.91,151.947,151.858,151.879,694,0,0
2025-10-22 03:00:00,151.879,151.879,151.716,151.719,1845,0,0
2025-10-22 03:15:00,151.718,151.731,151.621,151.639,1430,0,0
2025-10-22 03:30:00,151.639,151.701,151.606,151.674,1080,0,0
2025-10-22 03:45:00,151.674,151.707,151.63,151.63,1094,0,0
2025-10-22 04:00:00,151.629,151.646,151.49,151.62,1401,0,0
2025-10-22 04:15:00,151.62,151.726,151.605,151.71,1016,0,0
2025-10-22 04:30:00,151.711,151.722,151.661,151.703,1106,0,0
2025-10-22 04:45:00,151.702,151.753,151.689,151.747,781,0,0
2025-10-22 05:00:00,151.746,151.761,151.698,151.725,658,0,0
2025-10-22 05:15:00,151.726,151.735,151.631,151.667,823,0,0
2025-10-22 05:30:00,151.667,151.682,151.593,151.622,524,0,0
2025-10-22 05:45:00,151.622,151.659,151.622,151.632,366,0,0
2025-10-22 06:00:00,151.632,151.711,151.629,151.702,461,0,0
2025-10-22 06:15:00,151.702,151.76,151.702,151.738,540,0,0
2025-10-22 06:30:00,151.738,151.752,151.707,151.713,387,0,0
2025-10-22 06:45:00,151.713,151.821,151.701,151.797,593,0,0
2025-10-22 07:00:00,151.797,151.878,151.78,151.844,637,0,0
2025-10-22 07:15:00,151.844,151.864,151.806,151.806,514,0,0
2025-10-22 07:30:00,151.806,151.82,151.77,151.802,519,0,0
2025-10-22 07:45:00,151.802,151.826,151.758,151.76,439,0,0
2025-10-22 08:00:00,151.76,151.789,151.73,151.738,549,0,0
2025-10-22 08:15:00,151.738,151.76,151.729,151.749,483,0,0
2025-10-22 08:30:00,151.749,151.806,151.742,151.795,484,0,0
2025-10-22 08:45:00,151.795,151.873,151.794,151.862,605,0,0
2025-10-22 09:00:00,151.862,151.951,151.852,151.91,1176,0,0
2025-10-22 09:15:00,151.911,151.924,151.796,151.807,1298,0,0
2025-10-22 09:30:00,151.807,151.807,151.705,151.751,1708,0,0
2025-10-22 09:45:00,151.751,151.777,151.697,151.739,1549,0,0
2025-10-22 10:00:00,151.74,151.845,151.621,151.793,2010,0,0
2025-10-22 10:15:00,151.793,151.852,151.759,151.816,1637,0,0
2025-10-22 10:30:00,151.816,151.818,151.739,151.759,1470,0,0
2025-10-22 10:45:00,151.764,151.833,151.72,151.828,1272,0,0
2025-10-22 11:00:00,151.829,151.91,151.746,151.767,1892,0,0
2025-10-22 11:15:00,151.765,151.8,151.664,151.712,2009,0,0
2025-10-22 11:30:00,151.712,151.762,151.703,151.742,1513,0,0
2025-10-22 11:45:00,151.742,151.747,151.631,151.688,1556,0,0
2025-10-22 12:00:00,151.69,151.733,151.654,151.715,1453,0,0
2025-10-22 12:15:00,151.715,151.782,151.696,151.746,1336,0,0
2025-10-22 12:30:00,151.746,151.773,151.725,151.768,1158,0,0
2025-10-22 12:45:00,151.769,151.827,151.767,151.817,906,0,0
2025-10-22 13:00:00,151.821,151.823,151.72,151.752,1123,0,0
2025-10-22 13:15:00,151.752,151.838,151.743,151.748,982,0,0
2025-10-22 13:30:00,151.75,151.813,151.75,151.794,1245,0,0
2025-10-22 13:45:00,151.794,151.826,151.773,151.822,1296,0,0
2025-10-22 14:00:00,151.825,151.85,151.746,151.788,1515,0,0
2025-10-22 14:15:00,151.788,151.857,151.745,151.847,1331,0,0
2025-10-22 14:30:00,151.847,151.896,151.739,151.741,1894,0,0
2025-10-22 14:45:00,151.743,151.794,151.725,151.789,1587,0,0
2025-10-22 15:00:00,151.791,151.845,151.762,151.777,1851,0,0
2025-10-22 15:15:00,151.777,151.84,151.756,151.787,1547,0,0
2025-10-22 15:30:00,151.785,151.918,151.776,151.916,1564,0,0
2025-10-22 15:45:00,151.916,151.97,151.877,151.929,1774,0,0
2025-10-22 16:00:00,151.929,152.008,151.878,151.972,1734,0,0
2025-10-22 16:15:00,151.971,152.048,151.932,152.004,1662,0,0
2025-10-22 16:30:00,152.007,152.017,151.872,151.956,2229,0,0
2025-10-22 16:45:00,151.955,152.0,151.923,151.97,1841,0,0
2025-10-22 17:00:00,151.971,151.983,151.865,151.893,1846,0,0
2025-10-22 17:15:00,151.893,151.95,151.862,151.874,1449,0,0
2025-10-22 17:30:00,151.874,152.005,151.874,151.954,1823,0,0
2025-10-22 17:45:00,151.953,152.011,151.868,151.886,1783,0,0
2025-10-22 18:00:00,151.887,151.912,151.788,151.825,1665,0,0
2025-10-22 18:15:00,151.825,151.832,151.763,151.778,1659,0,0
2025-10-22 18:30:00,151.779,151.807,151.752,151.801,1588,0,0
2025-10-22 18:45:00,151.801,151.873,151.78,151.796,1236,0,0
2025-10-22 19:00:00,151.794,151.846,151.756,151.802,1037,0,0
2025-10-22 19:15:00,151.804,151.823,151.781,151.788,852,0,0
2025-10-22 19:30:00,151.788,151.801,151.506,151.719,2506,0,0
2025-10-22 19:45:00,151.719,151.787,151.685,151.765,1584,0,0
2025-10-22 20:00:00,151.767,151.812,151.701,151.705,1485,0,0
2025-10-22 20:15:00,151.704,151.724,151.611,151.686,1351,0,0
2025-10-22 20:30:00,151.686,151.7,151.606,151.617,1073,0,0
2025-10-22 20:45:00,151.617,151.695,151.613,151.647,1117,0,0
2025-10-22 21:00:00,151.646,151.732,151.645,151.698,936,0,0
2025-10-22 21:15:00,151.698,151.797,151.689,151.781,905,0,0
2025-10-22 21:30:00,151.781,151.888,151.774,151.887,914,0,0
2025-10-22 21:45:00,151.886,151.893,151.835,151.881,997,0,0
2025-10-22 22:00:00,151.881,151.917,151.855,151.895,875,0,0
2025-10-22 22:15:00,151.895,151.957,151.88,151.952,604,0,0
2025-10-22 22:30:00,151.952,151.995,151.948,151.974,622,0,0
2025-10-22 22:45:00,151.974,152.009,151.961,151.981,815,0,0
2025-10-22 23:00:00,151.982,152.011,151.938,151.954,517,0,0
2025-10-22 23:15:00,151.954,151.978,151.933,151.934,336,0,0
2025-10-22 23:30:00,151.934,151.954,151.911,151.931,279,0,0
2025-10-22 23:45:00,151.931,151.969,151.907,151.966,526,10,0
2025-10-23 00:00:00,151.957,151.957,151.884,151.891,49,64,0
2025-10-23 00:15:00,151.891,151.897,151.884,151.891,60,80,0
2025-10-23 00:30:00,151.891,151.893,151.879,151.887,71,72,0
2025-10-23 00:45:00,151.887,151.892,151.868,151.879,61,66,0
2025-10-23 01:00:00,151.879,151.903,151.825,151.841,370,0,0
2025-10-23 01:15:00,151.841,151.886,151.821,151.883,391,0,0
2025-10-23 01:30:00,151.883,151.894,151.863,151.892,289,0,0
2025-10-23 01:45:00,151.892,151.929,151.892,151.905,458,0,0
2025-10-23 02:00:00,151.905,151.961,151.902,151.958,440,0,0
2025-10-23 02:15:00,151.958,151.962,151.919,151.961,447,0,0
2025-10-23 02:30:00,151.961,151.971,151.922,151.96,543,0,0
2025-10-23 02:45:00,151.96,151.999,151.934,151.988,799,0,0
2025-10-23 03:00:00,151.992,152.167,151.974,152.136,1311,0,0
2025-10-23 03:15:00,152.136,152.263,152.136,152.238,1165,0,0
2025-10-23 03:30:00,152.238,152.258,152.193,152.224,685,0,0
2025-10-23 03:45:00,152.224,152.235,152.152,152.153,1100,0,0
2025-10-23 04:00:00,152.153,152.285,152.121,152.273,991,0,0
2025-10-23 04:15:00,152.274,152.453,152.274,152.429,1040,0,0
2025-10-23 04:30:00,152.429,152.455,152.37,152.37,823,0,0
2025-10-23 04:45:00,152.37,152.421,152.34,152.419,640,0,0
2025-10-23 05:00:00,152.419,152.452,152.391,152.402,560,0,0
2025-10-23 05:15:00,152.402,152.438,152.384,152.431,560,0,0
2025-10-23 05:30:00,152.431,152.487,152.429,152.476,331,0,0
2025-10-23 05:45:00,152.476,152.504,152.447,152.463,421,0,0
2025-10-23 06:00:00,152.463,152.478,152.444,152.45,345,0,0
2025-10-23 06:15:00,152.45,152.461,152.435,152.451,305,0,0
2025-10-23 06:30:00,152.451,152.461,152.395,152.403,517,0,0
2025-10-23 06:45:00,152.403,152.485,152.401,152.472,400,0,0
2025-10-23 07:00:00,152.472,152.577,152.472,152.513,596,0,0
2025-10-23 07:15:00,152.513,152.52,152.447,152.453,447,0,0
2025-10-23 07:30:00,152.453,152.478,152.437,152.465,396,0,0
2025-10-23 07:45:00,152.463,152.476,152.404,152.413,351,0,0
2025-10-23 08:00:00,152.415,152.427,152.371,152.382,460,0,0
2025-10-23 08:15:00,152.382,152.404,152.356,152.356,406,0,0
2025-10-23 08:30:00,152.356,152.384,152.324,152.324,488,0,0
2025-10-23 08:45:00,152.324,152.385,152.321,152.376,718,0,0
2025-10-23 09:00:00,152.378,152.405,152.33,152.369,967,0,0
2025-10-23 09:15:00,152.37,152.443,152.337,152.436,908,0,0
2025-10-23 09:30:00,152.436,152.584,152.421,152.534,1134,0,0
2025-10-23 09:45:00,152.534,152.65,152.51,152.644,1159,0,0
2025-10-23 10:00:00,152.643,152.648,152.54,152.556,1556,0,0
2025-10-23 10:15:00,152.556,152.557,152.379,152.454,1360,0,0
2025-10-23 10:30:00,152.454,152.542,152.44,152.444,1017,0,0
2025-10-23 10:45:00,152.444,152.499,152.394,152.498,1096,0,0
2025-10-23 11:00:00,152.497,152.512,152.456,152.5,1070,0,0
2025-10-23 11:15:00,152.5,152.548,152.497,152.506,1070,0,0
2025-10-23 11:30:00,152.506,152.611,152.474,152.595,823,0,0
2025-10-23 11:45:00,152.596,152.651,152.592,152.61,909,0,0
2025-10-23 12:00:00,152.611,152.663,152.572,152.613,1066,0,0
2025-10-23 12:15:00,152.613,152.618,152.513,152.527,929,0,0
2025-10-23 12:30:00,152.527,152.626,152.527,152.594,648,0,0
2025-10-23 12:45:00,152.595,152.611,152.568,152.571,817,0,0
2025-10-23 13:00:00,152.573,152.628,152.57,152.588,758,0,0
2025-10-23 13:15:00,152.592,152.642,152.576,152.631,932,0,0
2025-10-23 13:30:00,152.63,152.686,152.608,152.682,911,0,0
2025-10-23 13:45:00,152.682,152.776,152.675,152.77,1176,0,0
2025-10-23 14:00:00,152.772,152.782,152.721,152.751,1135,0,0
2025-10-23 14:15:00,152.751,152.794,152.744,152.76,872,0,0
2025-10-23 14:30:00,152.761,152.771,152.709,152.709,1031,0,0
2025-10-23 14:45:00,152.71,152.743,152.664,152.673,967,0,0
2025-10-23 15:00:00,152.67,152.686,152.612,152.654,1256,0,0
2025-10-23 15:15:00,152.65,152.721,152.623,152.627,1188,0,0
2025-10-23 15:30:00,152.634,152.647,152.523,152.549,1479,0,0
2025-10-23 15:45:00,152.549,152.549,152.459,152.537,1507,0,0
2025-10-23 16:00:00,152.537,152.576,152.477,152.563,1609,0,0
2025-10-23 16:15:00,152.562,152.63,152.537,152.544,1448,0,0
2025-10-23 16:30:00,152.544,152.676,152.503,152.674,1883,0,0
2025-10-23 16:45:00,152.674,152.733,152.66,152.685,1650,0,0
2025-10-23 17:00:00,152.687,152.708,152.579,152.666,1674,0,0
2025-10-23 17:15:00,152.666,152.71,152.641,152.675,1599,0,0
2025-10-23 17:30:00,152.675,152.684,152.617,152.632,1591,0,0
2025-10-23 17:45:00,152.632,152.655,152.587,152.615,1531,0,0
2025-10-23 18:00:00,152.617,152.677,152.584,152.676,1182,0,0
2025-10-23 18:15:00,152.676,152.732,152.674,152.717,1080,0,0
2025-10-23 18:30:00,152.717,152.765,152.683,152.717,1143,0,0
2025-10-23 18:45:00,152.716,152.764,152.708,152.728,977,0,0
2025-10-23 19:00:00,152.725,152.773,152.695,152.754,853,0,0
2025-10-23 19:15:00,152.754,152.8,152.692,152.703,847,0,0
2025-10-23 19:30:00,152.701,152.724,152.675,152.72,639,0,0
2025-10-23 19:45:00,152.72,152.744,152.708,152.72,681,0,0
2025-10-23 20:00:00,152.72,152.736,152.649,152.733,736,0,0
2025-10-23 20:15:00,152.732,152.749,152.693,152.739,637,0,0
2025-10-23 20:30:00,152.738,152.768,152.669,152.677,691,0,0
2025-10-23 20:45:00,152.677,152.685,152.613,152.615,447,0,0
2025-10-23 21:00:00,152.615,152.651,152.606,152.634,572,0,0
2025-10-23 21:15:00,152.634,152.647,152.591,152.608,473,0,0
2025-10-23 21:30:00,152.608,152.617,152.55,152.556,518,0,0
2025-10-23 21:45:00,152.555,152.561,152.52,152.534,558,0,0
2025-10-23 22:00:00,152.535,152.537,152.496,152.524,557,0,0
2025-10-23 22:15:00,152.525,152.562,152.524,152.553,410,0,0
2025-10-23 22:30:00,152.553,152.569,152.539,152.548,392,0,0
2025-10-23 22:45:00,152.548,152.566,152.513,152.564,484,0,0
2025-10-23 23:00:00,152.561,152.61,152.559,152.595,392,0,0
2025-10-23 23:15:00,152.595,152.599,152.56,152.572,313,0,0
2025-10-23 23:30:00,152.571,152.6,152.57,152.6,264,0,0
2025-10-23 23:45:00,152.6,152.603,152.565,152.595,273,0,0
2025-10-24 00:00:00,152.533,152.533,152.497,152.516,75,57,0
2025-10-24 00:15:00,152.516,152.573,152.513,152.557,175,77,0
2025-10-24 00:30:00,152.558,152.572,152.554,152.566,175,66,0
2025-10-24 00:45:00,152.566,152.578,152.515,152.522,208,66,0
2025-10-24 01:00:00,152.522,152.56,152.508,152.529,290,0,0
2025-10-24 01:15:00,152.529,152.569,152.529,152.532,236,0,0
2025-10-24 01:30:00,152.531,152.583,152.509,152.581,250,0,0
2025-10-24 01:45:00,152.581,152.596,152.552,152.586,313,0,0
2025-10-24 02:00:00,152.584,152.63,152.568,152.617,401,0,0
2025-10-24 02:15:00,152.617,152.63,152.603,152.63,147,0,0
2025-10-24 02:30:00,152.631,152.674,152.574,152.578,430,0,0
2025-10-24 02:45:00,152.578,152.64,152.577,152.61,561,0,0
2025-10-24 03:00:00,152.612,152.614,152.507,152.55,1055,0,0
2025-10-24 03:15:00,152.55,152.601,152.53,152.543,646,0,0
2025-10-24 03:30:00,152.543,152.561,152.473,152.542,591,0,0
2025-10-24 03:45:00,152.544,152.665,152.526,152.648,1055,0,0
2025-10-24 04:00:00,152.648,152.747,152.639,152.721,1003,0,0
2025-10-24 04:15:00,152.721,152.875,152.706,152.835,833,0,0
2025-10-24 04:30:00,152.835,152.896,152.829,152.856,840,0,0
2025-10-24 04:45:00,152.856,152.904,152.83,152.899,682,0,0
2025-10-24 05:00:00,152.899,152.917,152.837,152.844,613,0,0
2025-10-24 05:15:00,152.844,152.904,152.844,152.899,584,0,0
2025-10-24 05:30:00,152.899,152.913,152.771,152.822,740,0,0
2025-10-24 05:45:00,152.822,152.9,152.819,152.89,652,0,0
2025-10-24 06:00:00,152.89,152.902,152.865,152.901,327,0,0
2025-10-24 06:15:00,152.901,152.914,152.852,152.852,549,0,0
2025-10-24 06:30:00,152.852,152.855,152.775,152.795,620,0,0
2025-10-24 06:45:00,152.795,152.797,152.713,152.774,491,0,0
2025-10-24 07:00:00,152.774,152.882,152.772,152.856,577,0,0
2025-10-24 07:15:00,152.856,152.892,152.856,152.87,509,0,0
2025-10-24 07:30:00,152.87,152.89,152.865,152.889,364,0,0
2025-10-24 07:45:00,152.889,152.913,152.868,152.892,480,0,0
2025-10-24 08:00:00,152.892,153.009,152.892,152.939,655,0,0
2025-10-24 08:15:00,152.938,153.036,152.916,153.027,694,0,0
2025-10-24 08:30:00,153.027,153.038,152.885,152.933,824,0,0
2025-10-24 08:45:00,152.933,152.962,152.893,152.959,630,0,0
2025-10-24 09:00:00,152.959,153.061,152.923,153.06,1161,0,0
2025-10-24 09:15:00,153.061,153.065,152.954,152.965,1008,0,0
2025-10-24 09:30:00,152.965,152.997,152.931,152.956,1105,0,0
2025-10-24 09:45:00,152.958,153.004,152.921,152.921,1071,0,0
2025-10-24 10:00:00,152.924,152.953,152.815,152.836,1474,0,0
2025-10-24 10:15:00,152.848,152.884,152.764,152.776,1228,0,0
2025-10-24 10:30:00,152.763,152.865,152.755,152.853,1660,0,0
2025-10-24 10:45:00,152.854,152.89,152.823,152.834,1290,0,0
2025-10-24 11:00:00,152.833,152.886,152.813,152.867,1319,0,0
2025-10-24 11:15:00,152.867,153.021,152.866,152.985,1316,0,0
2025-10-24 11:30:00,152.98,153.007,152.914,152.943,1051,0,0
2025-10-24 11:45:00,152.944,152.994,152.934,152.949,975,0,0
2025-10-24 12:00:00,152.949,152.995,152.921,152.927,1038,0,0
2025-10-24 12:15:00,152.928,152.988,152.91,152.957,885,0,0
2025-10-24 12:30:00,152.958,152.961,152.902,152.918,838,0,0
2025-10-24 12:45:00,152.918,152.962,152.904,152.959,953,0,0
2025-10-24 13:00:00,152.958,152.982,152.905,152.939,934,0,0
2025-10-24 13:15:00,152.939,152.966,152.933,152.947,496,0,0
2025-10-24 13:30:00,152.947,152.97,152.92,152.935,579,0,0
2025-10-24 13:45:00,152.935,152.986,152.933,152.98,690,0,0
2025-10-24 14:00:00,152.98,152.995,152.936,152.958,983,0,0
2025-10-24 14:15:00,152.958,152.97,152.909,152.947,891,0,0
2025-10-24 14:30:00,152.948,152.963,152.929,152.959,811,0,0
2025-10-24 14:45:00,152.959,152.983,152.936,152.937,872,0,0
2025-10-24 15:00:00,152.934,152.942,152.842,152.887,1340,0,0
2025-10-24 15:15:00,152.887,152.963,152.846,152.846,1215,0,0
2025-10-24 15:30:00,152.834,152.837,152.204,152.425,3576,0,0
2025-10-24 15:45:00,152.425,152.694,152.407,152.674,2176,0,0
2025-10-24 16:00:00,152.674,152.759,152.599,152.742,2404,0,0
2025-10-24 16:15:00,152.74,152.825,152.729,152.775,2057,0,0
2025-10-24 16:30:00,152.772,152.866,152.7,152.704,2086,0,0
2025-10-24 16:45:00,152.804,153.02,152.798,152.823,2337,0,0
2025-10-24 17:00:00,152.814,152.904,152.702,152.741,2214,0,0
2025-10-24 17:15:00,152.743,152.788,152.701,152.764,1579,0,0
2025-10-24 17:30:00,152.768,152.847,152.751,152.784,1571,0,0
2025-10-24 17:45:00,152.784,152.873,152.75,152.769,1657,0,0
2025-10-24 18:00:00,152.771,152.801,152.707,152.765,1440,0,0
2025-10-24 18:15:00,152.765,152.799,152.75,152.768,1023,0,0
2025-10-24 18:30:00,152.77,152.876,152.761,152.825,1132,0,0
2025-10-24 18:45:00,152.823,152.882,152.802,152.823,1226,0,0
2025-10-24 19:00:00,152.823,152.84,152.788,152.802,642,0,0
2025-10-24 19:15:00,152.802,152.843,152.798,152.824,518,0,0
2025-10-24 19:30:00,152.823,152.877,152.815,152.85,545,0,0
2025-10-24 19:45:00,152.848,152.856,152.812,152.841,644,0,0
2025-10-24 20:00:00,152.84,152.84,152.749,152.777,575,0,0
2025-10-24 20:15:00,152.777,152.824,152.774,152.804,497,0,0
2025-10-24 20:30:00,152.805,152.823,152.777,152.799,421,0,0
2025-10-24 20:45:00,152.799,152.822,152.784,152.81,614,0,0
2025-10-24 21:00:00,152.811,152.847,152.799,152.846,475,0,0
2025-10-24 21:15:00,152.846,152.872,152.834,152.867,369,0,0
2025-10-24 21:30:00,152.867,152.876,152.847,152.875,367,0,0
2025-10-24 21:45:00,152.875,152.893,152.849,152.866,464,0,0
2025-10-24 22:00:00,152.865,152.865,152.819,152.821,387,0,0
2025-10-24 22:15:00,152.821,152.86,152.818,152.857,318,0,0
2025-10-24 22:30:00,152.858,152.897,152.855,152.856,405,0,0
2025-10-24 22:45:00,152.856,152.867,152.802,152.83,638,0,0
2025-10-24 23:00:00,152.83,152.834,152.774,152.775,392,0,0
2025-10-24 23:15:00,152.775,152.794,152.755,152.793,250,0,0
2025-10-24 23:30:00,152.793,152.88,152.793,152.87,274,0,0
2025-10-24 23:45:00,152.868,152.891,152.833,152.866,391,0,0
2025-10-27 00:00:00,152.761,152.84,152.753,152.839,82,66,0
2025-10-27 00:15:00,152.839,152.84,152.795,152.806,159,66,0
2025-10-27 00:30:00,152.799,152.904,152.781,152.804,324,66,0
2025-10-27 00:45:00,152.805,153.024,152.803,153.017,357,66,0
2025-10-27 01:00:00,153.017,153.145,152.95,153.069,848,0,0
2025-10-27 01:15:00,153.061,153.116,153.023,153.075,830,0,0
2025-10-27 01:30:00,153.076,153.125,152.998,153.055,685,0,0
2025-10-27 01:45:00,153.055,153.105,153.051,153.076,599,0,0
2025-10-27 02:00:00,153.072,153.163,153.056,153.151,532,0,0
2025-10-27 02:15:00,153.151,153.179,153.118,153.132,384,0,0
2025-10-27 02:30:00,153.132,153.141,153.019,153.063,660,0,0
2025-10-27 02:45:00,153.063,153.099,153.018,153.072,730,0,0
2025-10-27 03:00:00,153.072,153.155,152.925,153.143,1231,0,0
2025-10-27 03:15:00,153.139,153.141,153.026,153.037,677,0,0
2025-10-27 03:30:00,153.037,153.052,152.926,152.932,653,0,0
2025-10-27 03:45:00,152.932,152.951,152.832,152.892,1318,0,0
2025-10-27 04:00:00,152.891,152.993,152.733,152.738,1105,0,0
2025-10-27 04:15:00,152.738,152.796,152.655,152.73,1124,0,0
2025-10-27 04:30:00,152.727,152.799,152.712,152.782,782,0,0
2025-10-27 04:45:00,152.781,152.838,152.758,152.836,684,0,0
2025-10-27 05:00:00,152.836,152.959,152.825,152.943,639,0,0
2025-10-27 05:15:00,152.945,153.015,152.931,152.979,518,0,0
2025-10-27 05:30:00,152.979,153.003,152.951,152.964,529,0,0
2025-10-27 05:45:00,152.964,152.998,152.963,152.981,542,0,0
2025-10-27 06:00:00,152.982,153.005,152.962,152.977,487,0,0
2025-10-27 06:15:00,152.977,153.002,152.953,152.968,403,0,0
2025-10-27 06:30:00,152.968,153.006,152.965,153.003,359,0,0
2025-10-27 06:45:00,153.003,153.05,152.989,153.046,285,0,0
2025-10-27 07:00:00,153.046,153.128,153.046,153.087,693,0,0
2025-10-27 07:15:00,153.087,153.094,153.037,153.063,575,0,0
2025-10-27 07:30:00,153.063,153.165,153.057,153.108,561,0,0
2025-10-27 07:45:00,153.108,153.163,153.106,153.138,607,0,0
2025-10-27 08:00:00,153.138,153.244,153.131,153.234,629,0,0
2025-10-27 08:15:00,153.232,153.256,153.217,153.234,481,0,0
2025-10-27 08:30:00,153.234,153.245,153.152,153.174,630,0,0
2025-10-27 08:45:00,153.174,153.187,153.113,153.133,570,0,0
2025-10-27 09:00:00,153.128,153.139,153.035,153.058,957,0,0
2025-10-27 09:15:00,153.057,153.089,152.974,153.006,820,0,0
2025-10-27 09:30:00,153.007,153.039,152.834,152.922,847,0,0
2025-10-27 09:45:00,152.922,153.048,152.908,152.981,755,0,0
2025-10-27 10:00:00,152.984,152.998,152.87,152.915,1216,0,0
2025-10-27 10:15:00,152.911,153.032,152.886,153.011,1079,0,0
2025-10-27 10:30:00,153.011,153.027,152.861,152.937,1119,0,0
2025-10-27 10:45:00,152.938,153.029,152.919,153.017,1005,0,0
2025-10-27 11:00:00,153.019,153.077,152.902,152.923,1646,0,0
2025-10-27 11:15:00,152.923,152.955,152.888,152.922,1235,0,0
2025-10-27 11:30:00,152.919,152.926,152.746,152.783,1717,0,0
2025-10-27 11:45:00,152.783,152.846,152.745,152.819,1323,0,0
2025-10-27 12:00:00,152.821,152.822,152.758,152.785,1466,0,0
2025-10-27 12:15:00,152.783,152.812,152.762,152.781,1128,0,0
2025-10-27 12:30:00,152.781,152.798,152.715,152.715,1025,0,0
2025-10-27 12:45:00,152.715,152.752,152.702,152.752,1123,0,0
2025-10-27 13:00:00,152.752,152.788,152.735,152.762,1053,0,0
2025-10-27 13:15:00,152.762,152.816,152.723,152.814,885,0,0
2025-10-27 13:30:00,152.815,152.849,152.771,152.792,1102,0,0
2025-10-27 13:45:00,152.79,152.807,152.737,152.772,889,0,0
2025-10-27 14:00:00,152.772,152.773,152.707,152.739,1058,0,0
2025-10-27 14:15:00,152.739,152.761,152.598,152.727,1208,0,0
2025-10-27 14:30:00,152.728,152.81,152.695,152.763,1219,0,0
2025-10-27 14:45:00,152.767,152.799,152.608,152.639,1322,0,0
2025-10-27 15:00:00,152.64,152.675,152.567,152.658,1466,0,0
2025-10-27 15:15:00,152.658,152.747,152.641,152.743,1080,0,0
2025-10-27 15:30:00,152.742,152.844,152.724,152.823,1080,0,0
2025-10-27 15:45:00,152.822,152.897,152.794,152.84,1175,0,0
2025-10-27 16:00:00,152.841,152.896,152.808,152.843,1176,0,0
2025-10-27 16:15:00,152.842,152.971,152.841,152.958,1134,0,0
2025-10-27 16:30:00,152.958,153.061,152.944,153.049,1058,0,0
